{
    "info": {
        "caseField": "2",
        "detailField": "6",
        "trailField": "2",
        "caseNm": "특정경제범죄가중처벌등에관한법률위반(사기), 특정경제범죄가중처벌등에관한법률위반(횡령), 범죄수익은닉의규제및처벌등에관한법률위반, 뇌물수수, 제3자뇌물취득, 뇌물공여, 제3자뇌물교부",
        "courtNm": "대전고등법원",
        "judmnAdjuDe": "2011. 05. 19.",
        "caseNo": "(청주)2010노221",
        "relateLaword": [
            "구 임대주택법 제12조",
            "주택법 제60조",
            "주택법 제39조",
            "주택법 제40조",
            "주택법 제42조",
            "형법 제30조",
            "형법 제37조",
            "형사소송법 제364조",
            "형사소송법 제369조",
            "특정경제범죄 가중처벌 등에 관한 법률 제3조",
            "형법 제356조",
            "형법 제355조",
            "형법 제1조",
            "구 형법(2010. 4. 15. 법률 제10259호로 개정되기 전의 것) 제42조",
            "범죄수익은닉의 규제 및 처벌 등에 관한 법률 제3조",
            "형법 제50조",
            "형법 제53조",
            "형법 제55조",
            "형법 제62조",
            "형사소송법 제325조"
        ],
        "qotatPrcdnt": [
            "대법원 2004. 6. 24. 선고 2002도995 판결"
        ]
    },
    "concerned": {
        "acusr": "4",
        "dedat": "1"
    },
    "org": {
        "orgJdgmnCourtNm": "청주지방법원",
        "orgJdgmnAdjuDe": "2010. 11. 24.",
        "orgJdgmnCaseNo": "2010고합53, 2010고합61(병합)"
    },
    "disposal": {
        "disposalform": "6",
        "disposalcontent": [
            "원심판결 중 피고인 1, 3, 4, 5에 대한 부분을 파기한다.",
            "피고인 1을 징역 2년에, 피고인 3, 4, 5를 각 징역 1년에 각 처한다.",
            "다만, 이 판결확정일로부터 피고인 1에 대하여는 4년간, 피고인 3, 4, 5에 대하여는 각 2년간 위 각형의 집행을 유예한다.",
            "피고인 6, 2에 대한 검사의 항소를 기각한다.",
            "이 사건 공소사실 중 피고인 1, 3, 4, 5에 대한 특정경제범죄가중처벌등에관한법률위반(사기)의 점은 무죄로 판결한다.",
            "피고인 1, 3, 4, 5에 대한 제5항 기재의 공소사실에 관한 판결의 요지를 공시한다."
        ]
    },
    "mentionedItems": {
        "rqestObjet": [
            "원심의 형(3년)은 너무 무거워 부당하다."
        ]
    },
    "assrs": {
        "acusrAssrs": [
            "2008. 2. 25.자 보증보험가입 부분은 원심 스스로도 공소외 000에 대하여는 적어도 공소외4와의 허위임대차계약을 체결한 2008. 2. 20.경부터는 피고인 00이 향후에 부도낼 의사를 가지고 있었다거나 적어도 부도처리 될 것을 미리 예견하고 있었다는 점과 피고인 00, 4, 5도 이와 같은 사정을 알면서도 000에게는 이를 묵비한 채 임대보증금 보증보험에 가입한 사실을 인정한 점에서 사실을 오인하였다.",
            "피고인 00이 적어도 2007. 9.경에는 (건물명 1 생략) 아파트 관련 고의 부도를 의도한 일련의 작업에 착수한 점, 관련자들의 진술에 의하더라도, 피고인 00의 직원들은 공소외 000가 유령회사이고 공소외 000로의 상가명의이전이 피고인 00의 고의부도과정에서 그 재산을 보전하고자 기도한 가장행위임을 잘 알고 있었다.",
            "피고인 00의 경우 공소외 000(이하 '공소외 000'라고만 한다)와의 임대차계약이 허위라는 것도 인지하고 있었던 점, 원심은 (건물명 2 생략) 등 아파트 관련하여 2009. 7. 9.경 공소외 000 앞으로 공소외 000의 재산을 허위로 양도하기 시작하였으므로 그 무렵을 범행 시점으로 판단하였다.",
            "피고인들이 공소외 000의 재산을 허위양도한 시점은2009. 6.경이므로 이 부분 사실관계 확정에 명백한 오류가 있음은 물론, (건물명 1 생략)아파트 고의부도준비행위와 (건물명 2 생략) 등 아파트 고의부도준비행위 간에 시간적 간격이 있다는 사정만으로 피고인 00이 고의 부도계획을 포기하였다고 보기 어렵다.",
            "오히려 피고인 00은 공소외 00를 설득하여 계속 고의부도계획을 실행하려 하였으며, 피고인 00, 00, 00도 2008. 3.경에는 피고인 00의 계획을 알고 있었고 유령회사인 공소외 000를 공소외 00가 기소된 이후에도 유지했던 점 등에 비추어 적어도 2007. 12. 28.경 피고인 00이 피고인 00와 공소외 000를 설립한 시점에서는 구체적 범의에 기한 범행이 시작되었다고 보아야 마땅하다.",
            "그 이후의 보증보험가입은 명백한 사기 범행임에도 원심은 피고인 00 등의 범행의실행의 착수시점을 늦추어 판단하였으니 원심은 채증법칙 위배에 의한 사실오인 내지 사기죄의 실행의 착수 시점에 관한 법리오해에 기하여 판결결과에 영향을 미친 위법이 있다.",
            "원심은 주계약이라고 할 수 있는 임대차계약이 허위인 이상 보증채무의 부종성 법리에 따라 000에 보증채무가 발생한다고 할 수 없다는 등의 이유를 들어 본 건 각 임대보증금보증보험 중 허위임대차계약을 기초로 한 세대에 대한 부분을 피고인 00 등의 사기범행 이득액 산정에 있어 제외하였다.",
            "그러나, 사기죄의 처분행위는 사실상의 개념으로 민사상 유효 여부와는 무관한 것으로서 그로 인한 재산상 이익 또한 외형상 취득하면 족하므로 본 건 허위임대차계약 세대에 대한 보증보험 계약의 무효 여부와 무관하게 외형상 임대차계약이 체결되어 있고 이를 토대로 보증가입이 되었다면 제3채무자인 000의 보증계약관계가 외형상 존재하며 그 재산상 이익 취득 인정에 아무런 장애가 되지 않는다고 할 것이다.",
            "허위임대차계약에 있어서도 피고인 00 등이 보증이익을 편취하였다고 볼 수 있음에도 불구하고 이를 편취 이득액에서 제외한 원심의 판단은 채증법칙 위배에 의한 사실오인 내지 사기죄의처분행위에 관한 법리오해에 기인하여 판결결과에 영향을 미친 위법이 있다.",
            "피고인 00는 2005년경부터 피고인 00의 사업과 자금운용의 주요 부분에 관해 수시로 협의를 하고, 피고인 00이 그 주거지인 서울 주택을 구입할 때 자금세탁을 도와주기도 하는 등 긴밀한 관계였고, 피고인 00이 000의 보증수수료가 과다하여 문제가 있다는 취지의 자료를 건교부에 제출할 당시 피고인 00의 자문을 구한 바가 있다.",
            "피고인 00이 (건물명 1 생략)의 고의부도를 준비하면서 보증금을 인상하여 000으로부터 더 많은 돈을 받아내려다 피고인 00가 만류하기도 하였으며 피고인 00는 본 건 보증가입전 피고인 00이 고의부도를 내기로 작정하고 재산을 은닉한다는 사실 및 고의부도 후 000이 임대보증금을 대위변제한다는 사실을 인지하고 있었다.",
            "피고인 00는 피고인 00과 이 사건 범행을 사전에 협의,공모하였음이 명백함에도 원심은 공소외 00의 진술을 만연히 추측성 진술로 배제하는 등 사실을 오인하고 공모에 관한 법리를 오해하여 피고인 00에게 무죄를 선고한 위법이 있다.",
            "피고인 00과 피고인 00에 대한 원심의 양형은 피고인들의 전과, 범행수법, 범행 후의 정황 등을 고려할 때지나치게 가벼워 부당하다."
        ],
        "dedatAssrs": [
            "특정경제범죄가중처벌등에관한법률위반(사기){이하 특경법(사기)라 한다}의 점에 대한 사실오인피고인은 임대보증금 보증보험가입이 강제되기 이전에 정상적으로 임대주택에서 수익을 내고 있었으나 보증보험가입이 강제됨으로써 막대한 보증보험료의 추가적 부담으로 수익성이 악화되어 공소외 000(이하 '공소외 000'라고만 한다)의 부도에 이르게 된 것으로서 고의로 부도를 낸 것이 아니다.",
            "신용평가를 위한 기업실태자료에 실경영주를 기재하지 않고 제출한 것은 공소외 000(이하 '공소외 000'라고만 한다)의 아파트 전부, 공소외 000의 아파트 대부분이 보증보험에 가입한이후의 일이고, 신용평가의 기초자료로서 일종의 설문지에 불과한 기업실태자료에 실경영주를 기재하지 않은 사실만으로 편취의 범의를 인정할 수 없다.",
            "보증보험가입은 법령으로 강제된 것이었고, 원심판결이 유죄로 인정한 부분은 임대차계약을 정상적으로 체결한 후 000(이하 'OOO'이라고만 한다)의 심사와 평가를 거쳐 보증보험에 가입한 임대차부분으로 피고인이 어떠한 기망행위를 한 일이 없다.",
            "피해액과 관련하여, 피고인은 임대주택에 대한 감정을 통해 000의 심사에서 185억 원의 보증한도액을 인정받고 그 범위 내인 166억 원 상당의 보험에 가입한 것이고, 보험가입시 담보로서 임대주택의 양도증서까지 제출하였다.",
            "000은 보험금을 지급하면 임차인의 권리를 승계받는 한편, 임대주택에 대한 경매를 통하여 보험금을 회수할 수 있으므로 실질적인 피해가 없고 이 사건 보증보험 가입으로 인하여 피고인이 얻는 경제적 이득 이른바 보증이익의 실체도 없다.",
            "이 사건 임대보증금 보증보험은 일반적인 보증과 달리 채무자인 임대사업자의 임대보증금반환채무불이행을 보험사고로 하는 보험계약인 점에서, 실행의 착수시기는 보험회사에 대한 보험금청구시라고할 것인바, 실행의 착수가 없어 예비단계에 불과하다.",
            "원심의 형(3년)은 너무 무거워 부당하다."
        ]
    },
    "facts": {
        "bsisFacts": [
            "공소외 000는 2002년경 충남 (주소 3 생략) 외 2필지 상에 (건물명 1 생략) 아파트 총 377세대를건립하고 그 무렵부터 임대주택법 상 민간건설공공임대주택의 임대사업자로서 (건물명 1 생략) 아파트의 임대사업을 영위하였는데, 피고인 00은 공소외 000의 주식을 사실상 전부 소유하고 있는 자로서위 회사를 실제 경영을 하여 왔다.",
            "공소외 00은 맞는 매수인이 나타나지 않아 이를 처분하지 못하던 중 2005. 7. 13. 법률 제7598호(시행일 2005. 12. 14.)로 임대주택법이 개정되면서 민간건설공공임대주택의 임대사업자에 대하여 임대보증금 보증보험에의 가입이 의무화됨에 따라 예상치 못했던 보험료를 추가로 지출하게 되었고, 그로 인하여 공소외 000의 재정상태가 악화되었다.",
            "피고인 00은 2007. 12. 28. 피고인 00를 대표이사로 하여 공소외 000를 설립하고 2008. 2. 26. 판시공소사실 요지의 기재와 같이 공소외 000 소유의 상가와 토지를 공소외 000에 양도하였다.",
            "피고인 00은 공소외 00에게 수표를지급하여 공소외 00로 하여금 이른바 자금세탁을 거쳐 공소외 000로 위 임대차계약상 임대보증금의계약금, 중도금, 잔금을 납입하도록 하였다 공소외 00는 그중 잔금 명목으로 지급된 15억 원 상당의 수표 등을 임의로 사용하는 바람에 2009. 8. 13. 특경법위반(사기)죄 등으로 징역 2년을 선고받았다.",
            "공소외 000는 2007경부터 000에 임대주택법에서 요구하는 임대보증금 보증보험에 가입하여 왔다.",
            "공소외 000가 위 보증보험의 가입으로 인하여 000에게 납부한 총 보증보험료는 합계132,242,000원이고, 위 보증기간이 만료되어 보증계약이 해지된 이후에는 임대보증금 보증보험에 가입하지 않은 채 임대사업을 운영하여 오고 있으며, 이 사건 변론종결 당시까지도 부도나지 않은 상태이다.",
            "공소외 000는 1999년경 0000 (주소 4 생략)에 (건물명 2 생략)아파트 499세대를, 2003년경 같은 동에 (건물명 4 생략)아파트 49세대를, 2004년경 0000 (주소 5 생략)에 (건물명 3 생략)아파트198세대를 각 건립하고, 그 무렵부터 임대주택법 상 민간건설공공임대주택의 임대사업자이다.",
            "공소외 000는 위 각 아파트의 임대사업을 영위하였는데, 피고인 00은 공소외 000의 주식을 사실상 전부 소유하고 있는 자로서 위 회사를 실제 경영을 하여 왔다.",
            "피고인 00은 판시 공소사실의 요지 기재와 같이 공소외 000, 공소외 000, 공소외 000 등의 회사를 설립한 후, 공소외 000 소유의 상가 및 토지 등의 재산을 위 회사들에 양도하였다.",
            "피고인 00은 2009. 7. 14.부터 2009. 9. 9.까지 사이에 별지(7) 기재와 같이 (건물명 3 생략)아파트 10세대, (건물명 2 생략)아파트 20세대 총 34세대에 관하여 허위임대차계약을 체결하였다.",
            "피고인 00은 000에 1. 2009. 9. 9. (건물명 3 생략)아파트 32세대에 관하여 보증기간2009. 9. 9.부터 2009. 10. 26.까지, 보증금액 712,200,000원으로 한 임대보증금 보증보험에, 2009. 9.25. 위 아파트 3세대에 관하여 보증기간 2009. 9. 25.부터 2009. 10. 26.까지, 보증금액 75,000,000원으로 한 임대보증금 보증보험에 가입하였다.",
            "공소외 000가 2009. 10. 19. 부도처리됨에 따라 000은 임대보증금 보증보험에 가입한세대 중 임대보증금 환급청구를 한 세대에 대하여 보증금 상당액을 대위변제하여 주고 있는데, 000이 대위변제한 보증금의 액수는 2011. 1. 31. 현재 약 109여 원에 이르고, 그 중 2009. 7. 9. 이후에 보험가입한 세대와 관련하여서는 약 25억여 원에 이른다.",
            "000이 대위변제한 금액 중 2011. 1. 31. 현재 회수된 금액은 (건물명 2 생략)아파트에서 약37억 원, (건물명 3 생략)아파트에서 약 22억 원, (건물명 4 생략)아파트에서 약 15억 원을 회수하였다.",
            "이와 같은 사규상의 보증금지사유는 보험가입신청인에게 고지되거나 설명된 바가 없으며, 보험약관에도 기재되어 있지 않다.",
            "피고인 00은 공소외 000를 경영하면서 000에 앞서 본 임대보증금 보증보험에 가입신청하면서 기업실태표의 경영실권자란에 아무런 기재를 하지 않고 제출하였다.",
            "000에서 취급하는 임대보증금 보증보험에는 전부보증과 일부보증이 있는데, 공소외 000와 공소외 000에서 가입한 보증보험은 임대보증금 전액이 보증한도로 되는 전부보증이었다.",
            "부채비율은 해당 임대주택의 임대보증금과 국민주택기금의 대출금을 합산한 금액을해당 임대주택의 가격으로 나누는 방식으로 계산되고, 만일 부채비율이 120%를 초과하는 경우에는 보증하지 아니하나, 이 경우에도 120% 초과분에 해당하는 담보물을 제공하면 보증하도록 규정하고 있다. ",
            "신용평가를 받지 않아 제일 낮은 E등급을 받더라도 보증료만 높아질 뿐, 보증서의 발급에는아무런 지장이 없다.",
            "000이 대위변제를 한 후 보험가입자에 대한 구상권을 확보하는 방법으로는 종전에는 임대아파트에 관한 신탁등기를 해두는 방법이 사용되었지만, 현재에는 보증보험 가입 당시 임대주택에관하여 임대주택법 제18조 제2항에 의한 부기등기를 해둔 다음 대위변제하면서 임차인으로부터 임차권이전등기를 받는 방법이 이용되고 있다."
        ]
    },
    "dcss": {
        "courtDcss": [
            "임대주택법상 임대보증금 보증보험제도란 민간건설공공임대주택의 임차인을 보호하기 위한 제도로서 임대사업자가 부도 등의 사유로 임차인에게 임대보증금을 반환하지 못할 경우 보험회사가 임대사업자를 대신하여 임차인에게 임대보증금을 반환하여 주는 보증보험제도이다.",
            "구 임대주택법(2005.7. 13. 법률 제7598호로 개정되기 전의 것)에서는 임대주택의 임대사업자로 하여금 임대보증금 보증보험의 가입 여부를 선택하도록 하였으나, 위 개정 임대주택법에서는 임대주택의 임대사업자로 하여금 필수적으로 임대보증금 보증보험에 가입하도록 강제하였다(제12조의2 제1항).",
            "임대주택의 임대사업자가 임대보증금 보증보험에 가입하지 않을 경우 국토해양부장관은 가입의무를 위반한 임대사업자에 대하여 주택법 제60조에 따른 국민주택기금 융자금에 대하여 연 1%의범위 내에서 가산금리를 부과할 수 있다(제39조).",
            "시장·군수·구청장은 가산금리의 부과에도 불구하고최초로 가산금리를 부과한 시점부터 6개월 이상 임대보증금 보증보험의 가입의무를 위반한 임대주택사업자에 대하여는 그 위반한 임대보증금 보증수수료의 100분의 50에 상당하는 금액의 과징금을 부과할 수 있다(제40조).",
            "임대보증금 보증보험의 가입의무를 위반한 임대사업자에 대하여는 1년 이하의징역 또는 1천만 원 이하의 벌금이라는 형사적 처벌을 가할 수 있다(제42조).",
            "임대보증금 보증보험은 그 가입이 법률에 의하여 강제된다는 점에서 가입이 임의적인신용보증보험이나 선이행보증보험 등과는 차이가 있다.",
            "임차인이 가지는 임대보증금 반환채권의 이행확보라는 행정목적을 위하여 임대사업자가 임대보증금 보증보험에 가입하는 것은 법률이 요구하는 바이므로, 가사 임대사업자가 이를 이용하여 부당한 이득을 취하는 내심의 의사를 가지고 있다 하더라도가입사실 자체만으로는 가벌적 위법성이 있는 행위라고 평가할 수는 없다.",
            "이 사건의 경우와 같이 피고인 00 등이 공소외 000 및 공소외 000의 부도를 방치하거나 의도적으로 위 회사들을 부도낼 계획을 가지고 있었다 하더라도 임대주택법이 임대사업자로 하여금 임차인의보호를 위하여 임대보증금 보증보험을 가입하도록 강제하고 있는 이상 피고인 00 등이 이와 같은 내부적인 계획을 숨기고 보증보험에 가입하였다 하더라도 이는 특경법위반(사기)죄에 있어서 실행행위라기보다는 실행행위 이전의 예비단계로 보는 것이 타당하다.",
            "임대보증금 보증보험의 성격상 매년 보험이 갱신체결될 수밖에 없는데, 이 부분 공소사실대로라면 갱신되는 동안 피고인 00 등이 고의부도계획을 철회하거나 또는 다시 세우는 것과 같은 내심의사의 변화에 따라 보증보험 가입행위의 범죄 성부가 달라질 수도 있다는 것인바, 이러한 결론은 부당하다고 판단된다.",
            "피고인 00 등이 이 사건 보증보험 가입 전에 유령회사에 공소외 000와 공소외 00회사의 자산을 양도하였다거나 가입 당시 경영실권자임을 고지하지 않았다 하더라도 이러한 행위 역시 실행행위 이전의 예비행위에 불과한 것으로 평가된다.",
            "첨언컨대 임대사업자가 임대주택이 아닌 다른 자산을 타에 양도하였다 하더라도 대한주택보증은 임대보증금 보증보험의 대상이 되는 임대주택의담보력을 토대로 부채비율을 산정하여 그 가입 가부를 결정하므로 이는 임대보증금 보증보험의 가입과는 아무런 인과관계가 없다.",
            "피고인 00이 공소외 000와 공소외 000의 경영실권자임을 밝히지 아니하고 대한주택보증의 임대보증금 보증보험에 가입하였으나 경영실권자가 종전에 채무를 변제하지않은지 여부는 대한주택보증의 사규만에 근거를 두고 있을 뿐아니라 가입 당시 경영실권자를 밝히도록 설명된 적도 없어 피고인 00에게 경영실권자의 고지의무가 있다고 보기 어려워 이를 부작위에 의한 기망행위라 할 수도 없다.",
            "피고인 00 등이 공소외 000와 공소외 000가 보유하고 있는 임대주택중 임차되지 않은 공실에관하여 허위의 임대차계약을 체결하고 이에 관한 임대보증금 보증보험에 가입한 다음 위 회사들을 고의로 부도처리시켜서 임대보증금 상당액을 편취하려던 사정이 있었긴 하다.",
            "이 부분 공소사실에서는보증이익 자체를 재산상 이득으로 보고 공소외 000 및 공소외 000가 보증이익을 취득하게 된 계기가 된 이 사건 보증보험에 가입함으로써 특경법위반(사기)죄의 기수에 이르른 것으로 구성하고 있으므로, 위 사정이 특경법위반(사기)죄에 해당하는지 여부를 따질 필요가 없다.",
            "나아가 임대보증금 보증보험 가입으로 인하여 피고인 00이 재산상 이득으로 평가할 만한 보증이익을 취득하였는지도 의문이다.",
            "신용보증보험이나 선이행보증보험에서의 보증이익은 보험사업자가 부담한 보증채무를 자신의 사업에 담보로 이용할 수 있는 이익인 반면, 임대보증금 보증보험은 가입 당시이미 체결된 임대차계약을 대상으로 가입하는 것으로서 그로 인하여 임대사업자의 사업이라 할 수 있는 임대차계약의 체결이 비로소 가능하게 되거나 한결 용이하게 되는 것도 아니다.",
            "임대보증금 보증보험에 가입할 경우 앞서 본 법률상의 제재, 즉 국민주택기금 융자금에 대한 가산금리의 적용 및 과징금·형벌의 부과를 회피할 수 있는 이익이 있긴 하나, 임대보증금 보증보험의 가입으로 인하여 임대사업자가 부담하게 되는 보증보험료를 고려하여 보면 이와 같은 이익을 신용보증보험이나 선이행보증보험에서 보는 바와 같은 경제적 이익과 동등하게 평가하기는 어렵다.",
            "피고인 00은 임대주택법의개정에 따라 임대보증금 보증보험에 의무적으로 가입하게 됨으로써 예상치 못한 보증보험료의 지출을부담하게 되었고, 이로 인하여 공소외 000와 공소외 000의 재정상태가 악화되었다는 점에 비추어 보면 피고인 00이 이 사건 보증보험의 가입으로 어떠한 재산상 이득을 취득하였다고 평가하는 것은 지나치게 의제적이라 할 것이다.",
            "특히 특경법위반(사기)죄는 편취금액을 구성요건으로 하여 가중처벌하고 있는데, 임대보증금 보증보험 가입과 동시에 보증한도액 상당을 편취한 것으로 보게 된다면 임대사업을 하는 이상 매년 갱신하 가입할 수밖에 없는 임대보증금 보증보험의 성격상 해를 거듭함에 따라 그 편취금액이 갱신된 햇수의 배수만큼 증가하게 된다.",
            "이 부분 공소사실대로라면 보증사고 없이 보증기간이 만료됨으로써 보증회사에 실제로 아무런 손해가 발생하지 않아도 동일한 결론에 이르게 된다.",
            "따라서 피고인 00 등이 이 사건 보증보험 가입만으로 임대보증금 상당의 보증이익을 얻었다고는 보기어렵고, 이 부분 공소사실 중 유죄부분에 대한 피고인 00의 주장은 이유 있고, 무죄부분에 대한 검사의 주장은 받아들이기 어렵다.",
            "형법 제30조의 공동정범이 성립하기 위하여는 주관적 요건인 공동가공의 의사와 객관적 요건으로서 그 공동의사에 기한 기능적 행위지배를 통하여 범죄를 실행하였을 것이 필요하다.",
            "여기서 공동가공의 의사란 타인의 범행을 인식하면서도 이를 제지함이 없이 용인하는 것만으로는 부족하고 공동의 의사로 특정한 범죄행위를 하기 위하여 일체가 되어 서로 다른 사람의 행위를 이용하여 자기의 의사를 실행에 옮기는 것을 내용으로 하는 것이어야 한다(대법원 2004. 6. 24. 선고 2002도995 판결).",
            "원심이 적법하게 채택·조사한 증거들에 의하면, 공소외 00도 피고인 00와 직접 통화하거나그로부터 직접 이와 관련한 내용을 듣거나 한 적은 없고 피고인 00을 통하여서만 피고인 00의 관여 여부를 알게 되었다.",
            "공소외 00의 진술만으로는 피고인 00의 관여여부를 확정하기에는 부족한 점, 피고인 00 자신도 이 사건 회사들이 부도나는 경우를 대비하여 피고인 00이 상가 등 재산을 이전하는 것을 알고 이를 도와 준 것이라고 진술하고 있다.",
            "피고인 00의 위와 같은 행위에 대하여 이를 곧바로 피고인 00의 대한주택보증에 대한 사기범행에 대한 가담한 것이라고 평가할 수는 없다.",
            "피고인 00가 피고인 00의 일부 재산이전행위에 가담하여 이를 도왔다하더라도 이를 두고 피고인 00가 피고인 00과 공모하여 이 사건 사기범행을 저질렀다고 볼 수 없을뿐더러, 앞서 본 바와 같이 피고인 00에 대하여 이 사건 사기 범행에 대하여 유죄의 죄책을 물을 수 없는 점에 있어서도 피고인 00에 대한 부분 역시 무죄라고 할 것이므로 이 부분 검사의 주장은 이유 없다.",
            "피고인 00은 □□ □□경찰서 수사과 소속 경찰관으로서 그 직무와 관련하여 피고인 00로부터 500만 원의뇌물을 수수하고, 동료 경찰관에게 전달할 명목으로 1,500만 원을 교부받았는바, 피고인 00의 이 사건범행은 경찰공무원의 직무수행의 청렴성과 공정성에 대한 일반 국민의 신뢰를 크게 훼손시켰다는 점에서 그 죄책이 결코 가볍지 않다.",
            "다만, 피고인 00이 적극적으로 피고인 00에게 뇌물을 요구하지는 않은 점, 피고인 00에게 현재까지 아무런전과가 없는 점, 피고인 00이 이 사건 범행을 모두 자백하고 있고 자신의 잘못을 뉘우치는 것으로 보인다.",
            "약 34년간 경찰 공무원으로 근무하면서 비교적 성실하게 근무하여 온 것으로 보이는 점 등의 제반정상을 참작하여 보면, 원심의 형이 너무 가벼워 부당한 것으로는 보이지 않는바, 이 부분 검사의 주장은 이유 없다."
        ]
    },
    "close": {
        "cnclsns": [
            "특경법위반(사기)의 점에 대하여는 이 부분 공소사실 전체를 유죄로 인정하기 어려워 피고인 00의 이 부분에 대한 사실오인 내지 법리오해 주장은 이유 있고 이유무죄부분에 대한 검사의 항소는이유 없다(피고인 00의 이유무죄부분에 대한 검사의 항소는 이유 없으나, 위 판결 중 피고인 00에 대한 부분 전부를 파기하는 이상 따로 주문에서 항소를 기각하지 않는다)",
            "피고인 00과 피고인 00에 대한검사의 각 양형부당 주장에 대한 판단을 생략하고, 피고인 00에 대한 나머지 공소사실은 형법 제37조 전단의 경합범 관계에 있어 같은 법 제38조에 의하여 하나의 형을 선고하여야 할 것이므로 이 부분에 있어 피고인 00에 대한 부분은 전부파기를 면치 못할 것이므로 형사소송법 제364조 제6항에 의하여 이를파기하고 변론을 거쳐 이를 다시 판단하기로 한다.",
            "검사의 일죄의 일부에 대한 항소로 위 특경법위반(사기)죄 전부가 항소심으로 이심되었고 위 피고인들에 대한 나머지 공소사실 또한 형법 제37조 전단의 경합범 관계에 있어 같은 법 제38조에 의하여 하나의 형을 선고하여야 할 것이므로 위 피고인들에 대한 공소사실 전부가 항소심으로 이심되어 당심의 심판대상이되었다고 할 것이다.",
            "위 피고인들에 대한 특경법위반(사기) 부분은 피고인 00과 공범관계에 있어 피고인1의 항소를 받아들여 일죄의 전부에 대하여 무죄를 선고하는 이상 공범관계에 있는 피고인 00, 4, 5에대하여도 무죄를 선고하여야 할 직권파기사유가 있으므로 피고인 00, 00, 00에 대하여도 형사소송법 제364조 제2항에 의하여 위 피고인들에 대한 원심판결 전부를 파기하고 변론을 거쳐 다시 판결하기로 한다.",
            "피고인 00, 00에 대한 검사의 항소는 이유 없으므로, 형사소송법 제364조 제4항에 의하여 이를 기각한다."
        ]
    }
}