{
    "info": {
        "caseField": "2",
        "detailField": "6",
        "trailField": "2",
        "caseNm": "특정경제범죄가중처벌등에관한법률위반(사기), 사기, 국민건강보험법위반",
        "courtNm": "서울고등법원",
        "judmnAdjuDe": "2015. 06. 03.",
        "caseNo": "(춘천)2015노16",
        "relateLaword": [
            "형사소송법 제327조",
            "형사소송법 제254조",
            "국민건강보험법 제41조",
            "형사소송법 제369조",
            "형법 제347조",
            "특정경제범죄가중처벌등에관한법률 제3조",
            "특정경제범죄가중처벌등에관한법률 제30조",
            "특정경제범죄가중처벌등에관한법률 제347조",
            "특정경제범죄가중처벌등에관한법률 제30조",
            "형법 제53조",
            "형법 제70조",
            "형법 제62조",
            "형사소송법 제334조"
        ],
        "qotatPrcdnt": [
            "대법원 2014. 4. 10. 선고 2013도1615 판결, 2010. 8. 26. 선고 2010도4671 판결",
            "대법원 2014.  6.  26. 선고 2013도13673 판결",
            "대법원 2008. 2. 28. 선고 2007도10416 판결, 2008. 3. 27. 선고 2008도443 판결",
            "대법원 2005. 5. 13. 선고 2005도278 판결, 2006. 9. 8. 선고 2006도3172 판결"
        ]
    },
    "concerned": {
        "acusr": "4",
        "dedat": "1"
    },
    "org": {
        "orgJdgmnCourtNm": "춘천지방법원",
        "orgJdgmnAdjuDe": "2014. 12. 31",
        "orgJdgmnCaseNo": "2014고합57\n\n"
    },
    "disposal": {
        "disposalform": "6",
        "disposalcontent": [
            "원심판결 중 피고인 1, 피고인 2, 피고인 3, 피고인 4, 피고인 6, 피고인 7, 피고인 16에 대한 부분을 파기한다.",
            "피고인 1, 피고인 3, 피고인 7을 각 징역 1년 6월씩, 피고인 2를 징역1년, 피고인 4, 피고인 6을 각 벌금 3천만원씩, 피고인 16을 벌금 1천만원에 각 처한다.",
            "피고인 4, 피고인 6, 피고인 16이 위 각 벌금을 납입하지 아니하는 경우 각 10만원씩을 1일로 환산한 기간 그들을 노역장에 유치한다.",
            "다만, 이 판결 확정일로부터 피고인 1에 대하여는 3년간, 피고인 3, 피고인 7, 피고인 2에 대하여는 각 2년간 위 각 형의 집행을 유예한다.",
            "피고인 4, 피고인 6, 피고인 16에 대하여 위 각 벌금 상당액의 가납을 명한다.",
            "피고인 5, 피고인 8, 피고인 9, 피고인 10, 피고인 11, 피고인 12, 피고인 13, 피고인 14, 피고인 15의 항소 및 검사의 같은 피고인들에 대한 항소를 모두 기각한다."
        ]
    },
    "mentionedItems": {
        "rqestObjet": [
            "이 사건 공소사실 중 사실오인 또는 법리오해가 있고, 또 원심의 각 선고 형량이 너무 무거워서 부당하다."
        ]
    },
    "assrs": {
        "acusrAssrs": [
            "피고인들에 대한 원심의 각 선고 형량이 너무 가벼워서 부당하다.",
            "검사는 위탁병원은 모두 영양사 등과 형식적 고용계약만 체결하였을 뿐 실제로는 0가 그 영양사 등을 지휘,감독하면서 자신의 위탁급식 업무를 보조하게 하였으므로 그들이 요양기관 소속이어야 한다는 이 사건 가산금 지급요건을 충족하지 못하였다고 보아 이 사건 공소를 제기하였다."
        ],
        "dedatAssrs": [
            "이 사건 공소사실 중 진료환자들에게서 재물을 편취한 사기의 점들은 각각의 환자마다 별개의 범죄가 성립하므로, 공소사실에 피해 환자들과 그 피해액수를 개인별로 특정하여 기재하여야 마땅함에도, 검사는 공소장에 피해 환자들의 인적사항이나 개별 피해액을 전혀 기재하지 않고 병원별,기간별로 피해 환자들의 피해액만을 일괄 기재하였다.",
            "이 사건 공소사실 중 피해 환자들에 대한 각 사기의 점은 공소사실을 제대로 특정하지 않은 것으로 공소제기의 절차가 법률의 규정에 위반하여 무효이므로, 형사소송법 제327조 제2호에 따라 이 부분 공소를 기각하여야 한다.",
            "0가 사후에 0, 0, 0, 0(이하 이들을 통틀어 '위탁병원'이라 한다)에 영양사 등에 대한 인건비 상당 금액을 관리비 명목으로 지급한 것은 사실이지만, 그러한 경제적 지원과 무관하게 위탁병원은 진정한 의사로 영양사 등과 고용계약을 체결하였을 뿐만 아니라 이들을 실질적으로 지휘,감독하면서 급식의 질이나 영양상태를 점검하게 하였으므로, 그 소속은 0가 아니라 위탁병원이다.",
            "위탁병원이 이 사건 가산금을 청구하여 수령한 것을 기망에 의한 편취로 볼 수 없다.",
            "가사 영양사 등을 위탁병원의 소속으로 볼 수 없어 이 사건 가산금의 청구가 위법하다고 하더라도, 지금까지 영양사 등의 소속을 무슨 기준에 따라 판단할지 분명한 지침이 없었던 상황에서 피고인들은 위탁병원이 고용한 영양사 등이 이 사건 가산금의 지급요건을 따질 때에도 병원 소속이 되는 것으로 생각하고 이 사건 가산금을 청구한 것이다.",
            "피고인들에게는 건강보험심사평가원을 기망하여 재물을 편취한다는 주관적 고의, 즉 사기죄의 성립에 필요한 편취의 범의가 없었다.",
            "피고인 1은 2011.5.16.부터 같은 해 10.16.까지 5개월간 000 총괄상무로 전출하여 중국 현지에서 근무하였는바, 그의 경우 가사 이 사건 가산금 편취 범행을 모두 유죄로 인정하더라도 중국 근무를 계기로 편취의 범의가 끊어져 중국 근무 전후의 범행 사이에 범의의 단일성이나 계속성을 인정할 수 없다.",
            "그 전후의 범행은 실체적 경합범 관계에 있을 뿐 포괄하여 일죄가 될 수 없다.이에 따라 중국 근무 전후 범행으로 인한 이득액을 분리 계산하면 0을 통해 편취한 금액은 5억 원 미만에 불과하여 특정경제범죄가중처벌 등에 관한 법률위반(사기)죄가 성립할 수 없다.",
            "국민건강보험법 제115조 제2항 제5호는 그 문언상 보험가입자나 피부양자 등 요양기관을 이용하는 환자가 건강보험증을 부정하게 이용하는 등 거짓이나 그밖의 부정한 방법으로 보험급여를 받거나 타인으로 하여금 보험급여를 받게 한 경우에 적용하는 조항으로, 보험급여가 아니라 보험급여 비용을 청구하는 요양기관은 그 조항의 규율 대상에 해당하지 않는다.",
            "가사 피고인 1, 피고인 2, 피고인 16이 0, 0, 0의 임·직원들과 공모하여 부당하게 보험급여 비용을 지급받았다고 하더라도 그러한 행위가 위 조항의 구성요건에 해당하지는 않는다.",
            "원심의 각 선고 형량(피고인 1 : 징역 2년, 피고인 2 : 징역 1년 6월, 피고인 3, 피고인 7 : 각 징역 2년, 집행유예 3년, 피고인 5 : 징역 1년 6월, 집행유예 2년, 피고인 4 징역 1년, 집행유예 3년)이 너무 무거워서 부당하다.",
            "원심의 각 선고 형량(피고인 6, 피고인 8 : 각 징역 1년, 집행유예 2년, 피고인 9, 피고인 10 : 각 벌금 2천만 원, 피고인 11, 피고인 12, 피고인 13, 피고인 15, 피고인 16 : 각 벌금 1천만 원, 피고인 14 : 벌금 1,200만 원)이 너무 무거워서 부당하다."
        ]
    },
    "facts": {
        "bsisFacts": [
            "0는 위탁병원 전부와 유사한 방식으로 구내식당 운영에 관한 위탁계약을 체결한 후 관리유지비 명목으로 병원 고용 영양사 등의 급여를 우회 부담하면서 이들을 자신의 급식업무에 활용하였다.",
            "위탁병원 중 하나인 0의 병원장 공소외 3는 수사기관에서 이 사건 가산금의 지급요건을 가장하여 허위 청구하고자 0의 제안을 받아들여 형식상으로만 영양사 등과 고용계약을 체결하였을 뿐 그들에 대한 실질적인 지휘,감독은 전적으로 0 소속 영양사로 병원 급식업무를 총괄하는 점장에 의해 이루어졌음을 자백한 바 있다.",
            "0는 위탁병원과 맺은 특약에 따라 영양사 등에게 지급하는 급여 상당을 관리유지비라는 명목으로 다시 해당 병원에 지급함으로써 결국 스스로 그 영양사 등에 대한 급여를 부담하였다.",
            "0는 형식상 위탁병원이 고용한 영양사와 조리사에 대한 지휘·감독 권한이 실질적으로 자사에 있음을 전제로 급식업무를 수행하였다.",
            "피고인들은 0에서 영양사 등의 인건비를 부담하기로 한 약정 내용을 위탁운영계약서에 직접 적시하지 않고, 이를 원래의 용도와 전혀 상관없는 관리유지비라는 계정을 통해 우회적으로 수수하였는데, 이는 다분히 위탁병원 및 0의 회계처리상 당해 금액이 인건비 항목으로 나타나지 않게 하는 등 대외적으로 0의 인건비 지원 사실을 감추려는 의도에서 기인한 것으로 볼 수 밖에 없다.",
            "0는 처음에는 내부적으로 환자 식대 보험급여화에 따라 위탁병원이 요구하는 영양사 등의 채용구조, 즉 이 사건 범행에서 나타난 것과 마찬가지의 채용구조를 편법으로 규정하고 이를 수용하지 않는다는 원칙을 정하였다.",
            "이후 수익성 악화 등을 우려하여 그러한 편법계약 요구에 대하여도 탄력적으로 수용하는 것으로 입장을 변경하였는데, 만약 진정으로 위와 같은 영양사 등의 채용구조에 전혀 문제가 없다고 생각하였다면 당초 위탁병원의 요구에 그와 같이 거부감을 나타낼 이유가 전혀 없다.",
            "검찰 수사 개시 후 0측은 점장들을 소집하여 대책을 논의하였을 뿐만 아니라 자료 삭제 프로그램을 배포하여 컴퓨터 내 관련 파일들을 삭제하게 하였고, 위탁병원도 고용 영양사 등에게 연락하여 수사기관에서 조사를 받게 될 경우에 대비한 대답을 알려주면서 일부 영양사 등에게는 명시적으로 허위진술을 부탁하기까지 하는 등 조직적인 증거인멸을 시도하였다.",
            "피고인 1이 2011.5.16.0 식음료 서비스 사업부 소속에서 벗어난 이상 나중에 중국에서 국내로 복귀하더라도 0 식음료 서비스 사업부장의 직책을 다시 맡을 것인지, 다른 부서로 발령날 것인지, 그것도 아니면 전혀 다른 계열사로 자리를 옮기게 될 것인지 단정할 수 없었다.",
            "국민건강보험공단이 실물 혜택인 보험급여의 가치를 금전적으로 평가하여 보험급여 제공 기관에 지급하는 대가에 관하여는 보험급여 비용(이 중 요양기관의 진료행위에 대한 금전적 대가는 요양급여 비용)이라는 용어를 사용하여 그 둘의 의미를 명백히 구별하고 있다."
        ]
    },
    "dcss": {
        "courtDcss": [
            "검사는 이 부분 공소사실에서 피해 환자들의 범주(위탁병원에서 식사를 제공받은 환자), 그들에 대한 범행시기, 방법, 편취금액의 산정 방법 등을 특정하여 기재하고 있어 피해 환자들의 인적사항 및 개인별 편취금액을 공소사실에 세분하여 개별 기재하지 않더라도 필요한 경우 위탁병원이 스스로 보관 중인 장부 등의 자료를 활용하여 용이하게 파악할 수 있다.",
            "이를 통해 위와 같이 일괄 기재한 금액의 정확성에 대한 검증도 충분히 가능하므로, 이러한 공소사실의 기재가 피고인들의 방어권 행사에 수인하기 어려울 정도의 지장을 초래한다고 볼 수는 없다.",
            "특히 이 사건에서 피해 환자들의 수가 약 40만 명에 이르러 그들의 인적사항 등을 일일이 서류에 기재하는 데 현저한 어려움이 있고, 이를 실제로 이행하기 위해서는 과다한 인력과 비용을 투입하지 않을 수 없음이 명백하다.",
            "반면에, 피고인들은 앞서 본 것처럼 이 사건 가산금 청구 요건을 기망한 적이 없다거나 편취 범의가 없다는 등 피해 환자들의 인적사항이나 편취 금액과는 무관한 내용들만 내세우며 공소사실을 다투고 있을 뿐이어서 검사로 하여금 이 부분 공소사실에 피해 환자들의 개인별 인적사항 및 편취금액을 세분하여 기재하도록 하는 것이 피고인들의 정당한 방어권 보장과 밀접한 관련이 있다고 보기도 어렵다.",
            "사정이 이러하다면 이 사건 공소사실 중 피해 환자들에 대한 편취 범행에 대하여는 인적 사항 및 편취 금액을 개괄 표시하는 것이 부득이하고, 그에 대한 피고인들의 방어권 행사에 지장이 없어, 검사가 사건을 심리하는 데 충분할 정도로 공소사실을 특정했다고 볼 수 있으므로, 이와 다른 0측 피고인들의 주장은 받아들이지 않는다.",
            "정부는 비록 요양기관이 식당을 직영하지 않더라도 직접 그 소속으로 고용한 영양사 등이 있는 경우 소속감, 책임감, 사명감이 높아질뿐만 아니라 수익을 극대화하려는 민간 위탁급식 업체의 경영 방침으로부터 자유롭게 되어 급식의 질과 서비스 향상을 가져올 것이라는 정책적 판단을 하였다.",
            "이에 기초하여, 요양기관이 영양사 등을 직접 그 소속으로 고용함에 따른 추가 투입비용(임금, 인력관리비용)을 보전하고자 이 사건 가산금 제도를 신설하였다(헌법재판소 2008.4.24.선고 2006헌마990 결정 중 보건복지부장관의 의견 참조).",
            "이 사건 가산금 제도의 도입취지에 비추어 보면, 병원 등의 요양기관이 형식적으로 영양사 등과 근로계약을 체결한 것만으로 당연히 이 사건 가산금의 지급요건을 충족하였다고 보기는 어렵고, 나아가 실제로도 해 영양사 등이 요양기관 소속으로 근무하였음을 인정할 수 있어야 이를 지급할 수 있을 것이다.",
            "영양사 등이 당해 요양기관 소속 인지는 형식적으로 근로계약을 체결하였는지가 아니라 실질적으로 요양기관이 이들을 고용하여 지휘,감독을 하고 있었는지 에 따라 판단하여야 한다(대법원 2014.6.26.선고 2013도13673 판결 참조).",
            "민사법상 유효한 고용계약을 체결하였더라도 요양기관이 영양사 등을 실질적으로 지휘,감독하고 있지 않는 경우에는 역시 지급요건을 충족하였다고 볼 수 없다.",
            "가령 파견근로자보호 등에 관한 법률은 근로자파견을 파견사업주가 근로자를 고용한 후 그 고용관계를 유지하면서 근로자파견계약의 내용에 따라 사용사업주의 지휘,명령을 받아 사용사업주를 위한 근로에 종사하게 하는 것 으로 정의한다.",
            "요양기관이 영양사 등과 고용계약을 체결한 후 위 법률에 따라 그 고용관계를 유지하면서 위탁급식 업체에 이들을 파견한 경우 이들은 요양기관과 적법하게 고용계약을 체결한 요양기관의 직원이라 하더라도 이 사건 가산금의 적용 여부에 관하여 당해 요양기관 소속 영양사 또는 조리사에 해당한다고 볼 수는 없는 것이다.",
            "요양기관이 영양사 등과 유효한 고용계약을 체결하였는지 확인하는 것만으로 가산금 지급요건 충족 여부를 판단할 수는 없고, 여기에 더하여 아래에서 보는 것처럼 당해 영양사 등이 요양기관의 급식업무에서 기능적으로 차지하는 위치도 요양기관의 지휘·감독 체계에 들어있는지, 아니면 고용계약에도 불구하고 급식업무에서의 그의 기능적 위치는 위탁급식 업체의 지휘·감독 체계에 들어있다고 보아야 하는지 따져보아야 한다.",
            "피고인들은 0에서 기본메뉴 작성, 식자재 발주 등의 업무를 담당하고, 일정한 범위에서 병원 고용 영양사 등에게 업무지시를 하는 것은 위탁운영의 본질상 불가피하다고 주장하나, 이는 앞서 본 이 사건 가산금 제도의 도입취지에 정면으로 반하는 것일 뿐만 아니라, 그 영양사 등이 실제로 병원 소속이라면 0에서 필요한 경우 그들에게 업무협조를 요청할지는 몰라도 결코 우월적인 지위에서 업무지시를 할 수는 없다고 봄이 타당하므로, 피고인들의 위 주장은 이유 없다.",
            "이 사건 가산금의 지급을 위한 영양사 등의 소속 요건을 충족하지 못하였음에도 마치 이를 충족한 것처럼 가장하여 보험급여를 청구한 것으로 볼 수 있으므로, 이와 다른 전제에서 위탁병원이 이 사건 가산금을 청구한데 아무런 잘못이 없다는 피고인 및 변호인의 주장은 받아들일 수 없다.",
            "병원 고용 영양사 등이 기능적으로도 병원에 소속하여 급식업무를 주도하였다고 보려면 영양사 등이 병원 임,직원의 지휘,감독을 받아 식단 및 조리 방법을 결정하고, 0에서 메뉴 초안을 작성하더라도 그 수용 여부에 관하여는 병원 고용 영양사 등의 결재를 받게 하는 등의 방법으로 병원 고용 영양사 등에 최종적인 결정권을 유보하여야 한다.",
            "이들로 하여금 정기적으로 위탁급식의 질 및 가격의 적절성을 평가하여 병원에 보고하게 하는 등의 방법으로 위탁급식 계약관계의 유지 여부에 도움이 되는 정보를 생산,제공하게 하였어야 함에도, 위탁병원이 고용한 영양사 등은 오히려 0 점장들의 결재를 받아 급식업무에 종사하였다는 점에서 기능상 병원에 소속한 사람들로 볼 수 없다.",
            "0에서 독립하여 급식업무에 종사하여야 하는 병원 고용 영양사 등이 오히려 0에서 교육을 받았다면 이 사건 가산금 제도의 도입취지에 따라 병원 급식업무에서 주도적인 역할을 담당하기란 사실상 곤란하다고 보지 않을 수 없다.",
            "간헐적인 지시는 영양사 등을 0 급식 부서 구성원의 하나로 취급하여 그에 대하여 0에 대한 요구사항을 개진하는 것으로 볼 수 있을 뿐이어서, 그들이 급식업무의 기능상 0에 소속하였다는 앞선 판단에 무슨 영향을 미칠 수 없다.",
            "한편 확정 아니라 미필적 고의로도 사기죄가 성립할 수 있는데 미필적 고의가 있다고 하려면 범죄사실의 발생 가능성에 대한 인식이 있음은 물론 나아가 범죄사실이 발생할 위험을 용인하는 내심의 의사가 있어야 한다(대법원 2008.2.28.선고 2007도10416 판결, 2008.3.27.선고 2008도443 판결 등 참조).",
            "원심이 적법하게 채택,조사한 증거들에 의하여 인정한 사실들 및 그에서 추단할 수 있는 다음의 여러 사정, 즉, 피고인들은 0에서 영양사 등의 인건비를 부담하기로 한 약정 내용을 위탁운영계약서에 직접 적시하지않고, 이를 원래의 용도와 전혀 상관없는 관리유지비라는 계정을 통해 우회적으로 수수하였다.",
            "이는 다분히 위탁병원 및 0의 회계처리상 당해 금액이 인건비 항목으로 나타나지 않게 하는 등 대외적으로 0의 인건비 지원 사실을 감추려는 의도에서 기인한 것으로 볼 수 밖에 없다.",
            "0는 처음에는 내부적으로 환자 식대 보험급여화에 따라 위탁병원이 요구하는 영양사 등의 채용구조, 즉 이 사건 범행에서 나타난 것과 마찬가지의 채용구조를 편법으로 규정하고 이를 수용하지 않는다는 원칙을 정하였다가 이후 수익성 악화 등을 우려하여 그러한 편법계약 요구에 대하여도 탄력적으로 수용하는 것으로 입장을 변경하였다.",
            "만약 진정으로 위와 같은 영양사 등의 채용구조에 전혀 문제가 없다고 생각하였다면 당초 위탁병원의 요구에 그와 같이 거부감을 나타낼 이유가 전혀 없다.",
            "이 사건 가산금 청구가 법적으로 문제가 될 수 있음을 인식하였기 때문으로 볼 수 있다.",
            "피고인들은 적어도 미필적으로는 위탁병원이 고용한 영양사 등이 급식업무에 관하여는 실질적으로 0 소속에 해당하여 이 사건 가산금의 지급요건을 충족하지 못할 수 있음을 인식하고 이를 용인하면서 이 사건 가산금을 청구하였다고 볼 수 있으므로, 그들에게 편취의 범의가 있었음을 인정하는 데 무리가 없다.",
            "같은 구성요건에 해당하는 여러 행위를 단일하고 지속적인 범의로 일정 기간 계속 행하고 그 피해 법익도 동일한 경우에는 이들 각 행위를 통틀어 포괄일죄로 처단하여야 하나, 수 개의 범행에서 범의의 단일성과 계속성을 인정할 수 없거나 범행방법이 동일하지 않다면 각 범행은 실체적 경합범에 해당한다(대법원 2005.5.13.선고 2005도278 판결, 2006.9.8.선고 2006도3172 판결 등 참조).",
            "피고인 1이 중국 근무 전후를 불문하고 범의의 계속성이 있었다고 보고 그에 대하여 특정경제범죄가중처벌 등에 관한 법률위반(사기)죄의 성립을 인정한 원심의 판단에는 포괄일죄 성립 요건에 관하여 사실을 오인하거나 법리를 오해하여 판결에 영향을 미친 잘못이 있으므로, 이를 지적하는 같은 피고인의 주장은 이유 있다.",
            "이 사건 공소사실 중 피고인 1, 피고인 2, 피고인 16에 대한 국민건강보험법위반의 점을 유죄를 인정한 원심의 판단에는 법리를 오해하여 판결에 영향을 미친 잘못이 있고, 이를 지적하는 같은 피고인들의 주장은 이유 있다."
        ]
    },
    "close": {
        "cnclsns": [
            "원심 판결 중 피고인 1, 피고인 2, 피고인 3, 피고인 4, 피고인 6, 피고인 7, 피고인 16에 대한 부분을 파기한다.",
            "피고인 1, 피고인 3, 피고인 7을 각 징역 1년 6월씩, 피고인 2를 징역 1년, 피고인 4, 피고인 6을 각 벌금 3천만원씩, 피고인 16을 벌금 1천만 원에 각 처한다.",
            "피고인 4, 피고인 6, 피고인 16이 위 각 벌금을 납입하지 아니하는 경우 각 10만 원씩을 1일로 환산한 기간 그들을 노역장에 유치한다.",
            "다만, 이 판결 확정일로부터 피고인 1에 대하여는 3년간, 피고인 3, 피고인 7, 피고인 2에 대하여는 각 2년간 위 각 형의 집행을 유예한다.",
            "피고인 4, 피고인 6, 피고인 16에 대하여 위 각 벌금 상당액의 가납을 명한다.",
            "피고인 5, 피고인 8, 피고인 9, 피고인 10, 피고인 11, 피고인 12, 피고인 13, 피고인 14, 피고인 15의 항소 및 검사의 같은 피고인들에 대한 항소를 모두 기각한다."
        ]
    }
}