{
    "info": {
        "caseField": "2",
        "detailField": "6",
        "trailField": "2",
        "caseNm": "성폭력범죄의처벌및피해자보호등에관한법률위반(강간등치상),부착명령",
        "courtNm": "서울고등법원",
        "judmnAdjuDe": "2010. 12. 01.",
        "caseNo": "(춘천)2010노87,(춘천)2010전노9(병합)",
        "relateLaword": [
            "아동,청소년의 성보호에 관한 법률 제38조 ",
            "특정 범죄자에 대한 위치추적 전자장치 부착 등에 관한 법률 제9조 ",
            "특정 범죄자에 대한 위치추적 전자장치 부착 등에 관한 법률 제2조",
            "형사소송법 제364조",
            "특정 범죄자에 대한 위치추적 전자장치 부착 등에 관한 법률 제35조",
            "아동,청소년의 성보호에 관한 법률 제19조"
        ],
        "qotatPrcdnt": [
            "대법원 2008. 7. 10. 선고 2006도2520 판결 ",
            "대법원 2004. 11. 11. 선고 2004도6784 판결"
        ]
    },
    "concerned": {
        "acusr": "4",
        "dedat": "1"
    },
    "org": {
        "orgJdgmnCourtNm": "춘천지방법원 속초지",
        "orgJdgmnAdjuDe": "2010. 7. 2",
        "orgJdgmnCaseNo": "2010고합11, 2010전고2(병합) "
    },
    "disposal": {
        "disposalform": "10",
        "disposalcontent": [
            "원심판결을 파기한다.",
            "피고인을 징역 9년에 처한다.",
            "피고인에 대한 공개정보를 5년간 정보통신망을 이용하여 공개한다.",
            "피부착명령청구자에게 6년간 위치추적 전자장치의 부착을 명한다."
        ]
    },
    "mentionedItems": {
        "rqestObjet": [
            "피고인 겸 피부착명령청구자(이하 피고인이라고 한다)는 2010. 4. 7. 피해자를 1회 강간하였을 뿐 그 이외에 공소사실과 같이 2010. 2. 17.부터 2010. 4. 9.까지 30회에 걸쳐 피해자를 강간한 사실이 없는데도, 원심은 사실을 오인하여 이를 유죄로 인정하였다.",
            "원심의 선고형은 지나치게 무거워서 부당하다."
        ]
    },
    "assrs": {
        "acusrAssrs": [],
        "dedatAssrs": [
            "피고인 겸 피부착명령청구자(이하 ‘피고인’이라고 한다)는 2010.4.7.피해자를 1회 강간하였을 뿐 그 이외에 공소사실과 같이2010.2.17.부터 2010.4.9.까지 30회에 걸쳐 피해자를 강간한 사실이 없는데도, 원심은 사실을 오인하여 이를 유죄로 인정하였다.",
            "원심의 선고형은 지나치게 무거워서 부당하다."
        ]
    },
    "facts": {
        "bsisFacts": [
            "공소사실에 부합하는 증거(피해자 진술)의 내용 이 사건 공소사실 전부에 부합하는 직접증거로는 피해자 공소외 00에 대한 각 경찰진술조서가 있다.",
            "피해자는 경찰 조사에서, ①피고인의 최초범행인 2010.2.17.범행에 대하여는 “2월 말일 밤 11시에 집에서 아빠가 나의 바지와 팬티를 벗긴 후 아빠의 성기를 내 성기에 삽입한 후 바로 화장실로 가셨고, 그로 인해 내 성기가 간지럽고 어떨 때는 뭔가 이물질이 들어오는 것처럼 찢어지는 것 같은 느낌이 들었다,\"",
            "\"그 다음날 아빠가 전화해서 비밀로 하라고 하고, 머리자르러 갔을 때는 차안에서 나에게 재밌냐고 그랬다.머리 자른 날이 실제로는 2월 17일이라는 사실은 그 후에 엄마로부터 들어서 알았다\" 는 취지로 진술하였다.",
            "②마지막 범행인 2010.4.9.범행에 대하여는 “밤 10시 쯤 엄마가 자고 있을 때 등이 가려워서 아빠한테 긁어달라고 했는데 갑자기 아빠가 성기를 내성기에 삽입하였다.내가 이불을 잡고 아파하면서 몸이 흔들리는 걸 동생인 공소외 00가 보고 엄마를 깨워서 엄마가 알게 되었다”는 취지로 진술하고, ③그 외의 범행에 대하여 “2월말부터 4월말까지 아빠가 거의 매일 성기를 내 성기에 삽입하였다 그 횟수는 수십번 정도이다.\"",
            "\"내가 3월 12일부터 17일까지 생리를 하였는데 그 기간 동안에는 아빠가 성기 삽입을 안했고, 그 직후 아빠가 장염에 걸려서 약 2주간 아팠을 때도 성기 삽입을 안했다”는 취지로 진술하고, ④ 구체적으로 “3월달에 엄마와 공소외 00가 비디오방에 씨디 빌리러 갔을 때 나도 따라가고 싶었으나 엄마가 집에 있으라 해서 너무나 무서웠다.\"",
            "\"그 날도 아빠가 옷을 벗기고 성기를 내 성기에 삽입하였다”, “3월 셋째주인가 넷째주인가 밤 10시쯤 숙제마치고 아빠 다리를 주물러드렸는데 아빠가 불을 끄라고 한 후 성기를 내 성기에 삽입했다가 빼기를 반복하여 너무 아팠다”, “그외에 엄마가 주방에 있는 탁자 위에서 공부하실 때 아빠가 막 일어나서 내 배 위에 올라가서 성기를 내 성기에 삽입한 후 막 흔들었다”는 취지로 진술하였다."
        ]
    },
    "dcss": {
        "courtDcss": [
            "피해자는 1998.1.17.생 여자 아동으로서 이 사건 범행 당시 초등학교 6학년에 재학 중이었으므로 자신이 과거에 겪은 일을 가감하거나 왜곡함이 없이 독립하여 진술할 수 있을 정도로 사물을 변별할 능력을 갖추고 있다고 보이는 점, 피고인은 수사과정에서는 범행을 부인하였으나 원심 법정 제1회 공판기일에서 이 사건 각 범행을 모두 인정한 점 등을 종합하여 보면, 피해자의 진술에 신빙성이 매우 높다고 판단된다.",
            "이 사건 각 범행은 피고인이 자신의 성적 욕구를 만족시키기 위하여 12세에 불과한 초등학생이자 친딸인 피해자를 그녀가 잠을 자고 있는 항거불능 상태를 이용하여 수십차례에 걸쳐 지속적으로 간음하여 상해를 입게 하였을 뿐만 아니라, 심지어 피고인의 작은 딸이 지켜보는 상황에서 피해자를 강간하기까지 한 사안으로서 그 죄질 및 범정이 매우 불량하다.",
            "피해자는 이 사건 범행으로 인하여 평생 동안 치유하기 어려운 깊은 정신적 상처를 안고 살아갈 수밖에 없는 점, 그럼에도 피고인은 피해자로부터 용서를 받지 못하고 오히려 피해자 및 피고인의 아내가 피고인에 대하여 강력한 처벌을 탄원하고 있는 점 등을 고려해 보면, 피고인을 장기간 사회로부터 격리시키는 엄중한 처벌이 불가피하다.",
            "피고인의 연령, 성행, 환경, 범행의 동기 및 수단, 결과, 범행 후의 정황 등 이 사건 변론에 나타난 모든 양형조건과 대법원 양형위원회에서 정한 양형기준의 권고형량 범위를 종합적으로 고려하면, 원심이 선고한 형은 지나치게 무거워서 부당하다.",
            "따라서 피고인의 위 주장은 받아들이기로 한다.",
            "이 사건이 아동·청소년의 성보호에관한 법률 제38조 제1항 단서의 “신상정보를 공개하여서는 아니 될 특별한 사정이 있다고 판단되는 경우”에 해당한다고는 볼수 없으므로, 같은 항 본문에 따라 공개명령을 선고하여야 한다.",
            "그럼에도 불구하고 원심은 공개명령을 선고하지 않았는바, 원심판결 중 이 부분에는 법령의 적용을 잘못하여 판결에 영향을 미친위법이 있다(피고인만이 항소한 이 사건의 당심에서 공개명령을 추가한다고 하더라도, 주형을 포함하여 제1심의 선고형과 당심의 선고형을 전체적·실질적으로 고찰하여 보면 당심의 선고형이 피고인에게 불이익한 변경에 해당한다고 볼 수는 없다.)",
            "피고인이 피고사건에 관하여 항소를 제기한 이상, 특정 범죄자에 대한 위치추적 전자장치 부착 등에 관한 법률 제9조 제8항에 의하여 부착명령사건에 관하여도 항소를 제기한 것으로 의제되나, 피고인의 항소장이나 항소이유서에 이에 대한 불복이유의 기재는 없다.",
            "직권으로 살피건대, 원심은 이 사건 부착명령 원인사실에 대하여 특정 범죄자에 대한 위치추적 전자장치 부착 등에 관한 법률 제9조 제1항, 제2조 제2호 가목을 적용하여 피고인에 대하여 5년 동안 위치추적 전자장치의 부착을 명하였다.",
            "그러나 특정 범죄자에 대한 위치추적 전자장치 부착 등에 관한 법률 제9조 제1항 단서에 의하면 13세 미만의 사람에 대하여 특정범죄를 저지른 경우로서 법정형 중 징역형의 하한이 3년 이상의 유기징역인 이 사건에 있어서는 위치추적 전자장치 부착기간이 6년 이상 20년 이하가 되어야 한다.",
            "그럼에도 불구하고 원심은 피고인에 대하여 위치추적 전자장치 부착기간을 5년으로 정하고 말았으니, 원심판결 중 부착명령사건부분에는 법령의 적용을 잘못하여 판결에 영향을 미친 위법이 있다.",
            "피고인만이 부착명령사건에 관하여 항소한 것으로 간주되는이 사건의 당심에서 위치추적 전자장치 부착기간을 확대한다고 하더라도, 제1심에서 피고사건과 부착명령사건이 이미 병합되어하나의 판결로 선고되었다.",
            "병합심판된 제1심의 선고형 전체와 당심의 선고형 전체를 비교하여 피고인에 대한 불이익변경 여부를 판단해야 할 것인바(대법원 2004.11.11.선고 2004도6784 판결의 취지 참조), 피고사건의 주형을 포함하여 제1심의선고형 전부와 당심의 선고형 전부를 전체적·실질적으로 고찰하여 보면 당심의 선고형이 피고인에게 불이익한 변경에 해당한다고 볼 수는 없다."
        ]
    },
    "close": {
        "cnclsns": [
            "원심판결을 파기한다.",
            "피고인을 징역 9년에 처한다.",
            "피고인에 대한 공개정보를 5년간 정보통신망을 이용하여 공개한다.",
            "피부착명령청구자에게 6년간 위치추적 전자장치의 부착을 명한다."
        ]
    }
}