{
    "info": {
        "caseField": "2",
        "detailField": "6",
        "trailField": "2",
        "caseNm": "보건범죄단속에관한특별조치법위반(부정식품제조등)",
        "courtNm": "부산고등법원",
        "judmnAdjuDe": "2014. 06. 18.",
        "caseNo": "(창원)2013노317",
        "relateLaword": [
            "식품위생법 제37조 ",
            "형사소송법 제364조"
        ],
        "qotatPrcdnt": []
    },
    "concerned": {
        "acusr": "4",
        "dedat": "2"
    },
    "org": {
        "orgJdgmnCourtNm": "창원지방법원 통영지원",
        "orgJdgmnAdjuDe": "2013. 8. 29",
        "orgJdgmnCaseNo": "2013고합20"
    },
    "disposal": {
        "disposalform": "10",
        "disposalcontent": [
            "피고인의 항소를 기각한다.",
            "위와 같은 각 양형요소와 피고인의 나이, 성행, 지능과 환경, 이 사건 범행에 이른 동기와 경위, 범행의 수단과 결과, 범행 후의 정황 등 변론에 나타난 여러 사정들 및 이 사건 보건범죄단속에관한특별조치법위반(부정식품제조등)죄의 법정형(무기 또는 3년이상의 유기징역과 가공한 제품의 소매가격의 2배 이상 5배 이하에 상당하는 벌금을 병과함) 등을 종합적으로 고려한다.",
            "원심이 선고한 형은 적정하다고 판단되고(벌금형의 액수, 병과 된 징역형의 기간, 피고인의 자력 등을 감안할 때 환형유치금액을 1일 당 200만 원으로 산정한 것도 무겁다고 볼 수 없다), 너무 무거워서 부당하다고 보이지 않는다. ",
            "따라서 피고인의 양형부당 주장도 이유 없다."
        ]
    },
    "mentionedItems": {
        "rqestObjet": [
            "원심이 선고한 형(징역 1년 6월·집행유예 2년, 벌금 10억 원)은 너무 무거워서 부당하다."
        ]
    },
    "assrs": {
        "acusrAssrs": [
            "피고인의 항소를 기각한다."
        ],
        "dedatAssrs": [
            "피고인이 식품위생법령에 따른 영업신고를 하지 않은 데에 관할 관청의 책임이 있다거나 이 사건 범행에 관하여 위법성의 인식이 없었다",
            "원심이 선고한 형(징역 1년 6월·집행유예 2년, 벌금 10억 원)은 너무 무거워서 부당하다."
        ]
    },
    "facts": {
        "bsisFacts": [
            "피고인은 2011.2.16.수산물품질관리법에 따른 수산물가공업 등록신청을 하면서 사업계획서에서 피고인의 업태가 오징어를 할복·세척·채육(절단)·가공하는 사업임을 밝혔고, 당시 피고인의 공장을 실사하였던 관할 사천시의 담당공무원들 역시 그와 같은 현황을 직접 파악하였다.",
            "관할 사천시로서는 그에 맞게 '수산물처리동결업'으로 등록을 받아주든지 아니면 등록신청 자체를 반려하였어야 함에도, 그 당시에는 별 말 없이 '수산물원형동결업'으로 등록을 받아 주고서 그 후에 태도를 바꾸어 올바로 등록이 되지 않았다는 이유로 피고인을 단속하여 그 결과로 피고인이 이 사건 범행으로 공소제기 되었다."
        ]
    },
    "dcss": {
        "courtDcss": [
            "원심은 피고인 및 변호인의 주장에 대한 판단 이라는 제목 아래, 관계 법령 및 원심이 적법하게 채택·조사한 증거들에 의하여 인정되는 그 판시와 같은 사정들을 종합하면, 피고인이 운영한 수산물가공업이 식품위생법령을 위반해서 영업신고를 하지 않은 상태로 이루어졌다고 판단하여 피고인에 대한 공소사실을 유죄로 인정하였다.",
            "원심과 당심이 적법하게 채택한 증거들에 의하여 인정되는 다음과 같은 사정들까지 보태어 보면, 피고인이 식품위생법령에 따른 영업신고를 하지 않은 데에 관할 관청의 책임이 있다거나 이 사건 범행에 관하여 위법성의 인식이 없었다는 피고인의 주장을 받아들일 수 없다.",
            "원심이 선고한 형은 적정하다고 판단되고(벌금형의 액수, 병과 된 징역형의 기간, 피고인의 자력 등을 감안할 때 환형유치금액을 1일 당 200만 원으로 산정한 것도 무겁다고 볼 수 없다), 너무 무거워서 부당하다고 보이지 않는다."
        ]
    },
    "close": {
        "cnclsns": [
            "피고인의 항소를 기각한다."
        ]
    }
}