{
    "info": {
        "caseField": "2",
        "detailField": "6",
        "trailField": "2",
        "caseNm": "아동, 청소년의성보호에관한법률위반(알선영업행위등), 성매매약취, 상해, 공갈, 재물손괴, 폭력행위등처벌에관한법률위반(공동폭행), 폭행, 아동, 청소년의성보호에관한법률위반(강요행위등), 배상명령신청",
        "courtNm": "부산고등법원",
        "judmnAdjuDe": "2015. 09. 23.",
        "caseNo": "(창원)2015노163,180(병합),(창원)2015초기5",
        "relateLaword": [
            "형법 제288조",
            "형법 제30조",
            "형법 제350조",
            "형법 제257조",
            "형법 제366조",
            "형법 제260조",
            "형법 제40조",
            "형법 제50조",
            "형법 제35조",
            "형법 제37조",
            "형법 제38조",
            "형법 제42조",
            "형법 제53조",
            "형법 제55조",
            "형법 제62조",
            "형법 제48조",
            "소송촉진 등에 관한 특례법 제25조"
        ],
        "qotatPrcdnt": []
    },
    "concerned": {
        "acusr": "4",
        "dedat": "1"
    },
    "org": {
        "orgJdgmnCourtNm": "창원지방법원 ",
        "orgJdgmnAdjuDe": "2015. 4. 30, 2014. 9. 23",
        "orgJdgmnCaseNo": "2014고합266,  2014고합320(병합),  2015고합10(병합),  2015고합68(병합), 2014고단960 "
    },
    "disposal": {
        "disposalform": "6",
        "disposalcontent": [
            "원심판결들을 모두 파기한다.",
            "피고인 1을 징역 5년에, 피고인 2를 징역 4년에, 피고인 4를 징역 5년에, 피고인 3을 징역 2년 6월에 각 처한다.",
            "다만, 이 판결 확정일로부터 4년간 피고인 3에 대한 위 형의 집행을 유예한다.",
            "피고인 3에게 보호관찰을 받을 것과 피고인들에게 각 80시간의 성폭력 치료프로그램 이수를 명한다.",
            "압수된 현금(일만원권) 41만원(증 제1호)을 피고인 2로부터, 셀카봉 막대기 1개(증 제2호)를 피고인 1로부터 각 몰수한다.",
            "배상신청인의 신청을 각하한다."
        ]
    },
    "mentionedItems": {
        "rqestObjet": [
            "제1 원심이 피고인들에게 선고한 각 형(피고인 1에 대하여 징역 6년 등, 피고인 2에 대하여 징역 5년 등, 피고인 3에 대하여 징역 2년, 피고인 4에 대하여 징역 7년 등)은 너무 무거워서 부당하다."
        ]
    },
    "assrs": {
        "acusrAssrs": [
            "원심들의 피고인 3에 대한 형(제1 원심판결 : 징역 2년, 제2 원심판결 : 징역 8월에 집행유예 2년 등)은 너무 가벼워서 부당하다."
        ],
        "dedatAssrs": [
            "제1 원심이 피고인들에게 선고한 각 형(피고인 1에 대하여 징역 6년 등, 피고인 2에 대하여 징역 5년 등, 피고인 3에 대하여 징역 2년, 피고인 4에 대하여 징역 7년 등)은 너무 무거워서 부당하다."
        ]
    },
    "facts": {
        "bsisFacts": [
            "위 피고인 1은 공동피고인 2, 피고인 4 등과 함께 성매수남을 가장하여 청소년들에게 접근한 후 다수의 위력을 과시하는 방법으로 이들을 약취하거나, 다른 성매매 알선업자를 협박하여 그의 지배하에 있던 청소년을 자신들의 지배하에 두어 그들로 하여금 성매매를 하게 하고 그 대금을 착취하였다.",
            "피고인 2는 공동피고인 1, 피고인 4와 함께 범한 성매매약취 및 알선 범행의 전영역에 가담하면서 그로 인한 경제적 이득을 향유하였던 점, 나아가 위 피고인은 자신과 같은 여성인 청소년들을 실질적으로 감시하는 등의 역할을 수행하면서 청소년들이 도망갈 것을 우려하여 서로 연락하지 못하게 하고 이를 어기는 경우 폭행을 하였다.",
            "피고인 4는 이 사건 이전에도 세 차례에 걸쳐 징역형의 처벌을 받은 전력이 있고, 벌금형으로도 처벌받은 전력이 잇는 점, 누범 기간 중임에도 자숙하지 아니하고 이 사건 각 범행에 나아갔다."
        ]
    },
    "dcss": {
        "courtDcss": [
            "위 피고인은 공동피고인 2, 피고인 4 등과 함께 성매수남을 가장하여 청소년들에게 접근한 후 다수의 위력을 과시하는 방법으로 이들을 약취하거나, 다른 성매매 알선업자를 협박하여 그의 지배하에 있던 청소년을 자신들의 지배하에 두어 그들로 하여금 성매매를 하게 하고 그 대금을 착취하였다.",
            "위 피고인은 위 범행을 주도하였던 점, 위 피고인 등의 이와 같은 범행은 가출하여 오갈 데 없거나 경제적 사정이 곤궁하여 조건만남 등으로 돈을 버는 처지에 있던 피해자들의 사정을 자신들의 경제적 이익 추구 및 성적 욕망 충족의 도구로 삼았을 뿐 아니라 그들의 인격과 존엄성을 심각하게 훼손한 것이라 하지 않을 수 없다.",
            "위 피고인은 그외에도 자신의 위세를 과시하여 돈을 갈취하거나, 타인을 폭행하여 상해를 가하고 재물을 손괴하는 등의 범행을 저지른 점 등은 위 피고인에게 불리한 양형요소이다.",
            "다만, 위 피고인이 이 사건 각 범행 일체를 시인하면서 깊이 반성하고 있는 점, 성매매약취의 피해자인 공소외 1, 공소외 2, 공갈죄의 피해자인 공소외 3, 공소외 4, 공소외 5이 피고인에 대한 처벌을 바라지 않고,폭력행위 등 처벌에 관한 법률 위반(공동폭행)죄의 피해자인 공소외 6도 위 죄에 대하여는 피고인의 처벌을 바라지 않고 있다.",
            "당심에 이르러서는 상해죄 및 재물손괴죄의 피해자들인 공소외 7, 공소외 8과도 합의하여 위 피해자들도 피고인에 대한 처벌을 원하지 아니하고, 피고인이 소년보호사건 외에 벌금형을 초과하여 처벌받은 전력이 없는 점 등은 유리한 양형요소 또한 인정된다.",
            "위와 같은 양형요소와 이 사건 각 범행 중 형이 가장 무거운 아동·청소년의 성보호에 관한 법률 위반(알선영업행위등)죄의 법정형(7년 이상의 유기징역)과 이 사건에서의 처단형, 양형기준상 권고형의 범위, 피고인의 나이, 성행, 지능과 환경, 범죄전력, 이 사건 각 범행에 이른 동기와 경위, 범행의 수단과 결과, 범행 후의 정황 등 변론에 나타난 여러 사정들을 종합적으로 고려하여 보면, 다음과 같다.",
            "즉, 원심이 위 피고인에게 선고한 형은 너무 무거워서 부당하다고 판단된다.",
            "위 피고인이 공동피고인 1, 피고인 4와 함께 범한 성매매약취 및 알선 범행의 전영역에 가담하면서 그로 인한 경제적 이득을 향유하였던 점, 나아가 위 피고인은 자신과 같은 여성인 청소년들을 실질적으로 감시하는 등의 역할을 수행하면서 청소년들이 도망갈 것을 우려하여 서로 연락하지 못하게 하고 이를 어기는 경우 폭행을 하기도 하였던 점 등은 위 피고인에게 불리한 양형요소이다.",
            "다만, 위 피고인이 이 사건 각 범행을 인정하면서 진지하게 반성하고 있는 점, 위 피고인이 아무런 형사처벌 전력이 없는 초범인 점 등의 유리한 양형요소도 인정된다.",
            "원심이 선고한 형은 너무 무거워서 부당하다고 인정되므로 위 피고인의 주장은 이유 있다.",
            "위 피고인은 공동피고인 1, 피고인 2와 함께 한 성매매약취 및 알선 범행 외에도 단독으로 공소외 9, 공소외10의 성매매 알선 범행도 저질러 그 죄책이 매우 무겁다 할 것인 점, 위 피고인은 이 사건 이전에도 세 차례에 걸쳐 징역형의 처벌을 받은 전력이 있고, 벌금형으로도 처벌받은 전력이 있는 점, 누범 기간 중임에도 자숙하지 아니하고 이 사건 각 범행에 나아간 점 등은 위 피고인에게 불리한 양형요소이다.",
            "위 피고인이 이 사건 각 범행을 인정하면서 반성하고 있는 점, 성매매약취 피해자인 공소외 10, 공소외 6이 피고인에 대한 처벌을 원하지 않고 있고, 당심에 이르러서는 같은 피해자 공소외 2와도 합의하여 위 피해자가 피고인에 대한 처벌을 원하지 않는 점, 공소외 1, 공소외 11, 공소외 6에 대한 성매매알선 범행에서는 나머지 피고인들보다 뒤늦게 가담한 점 등의 유리한 양형요소 또한 인정된다.",
            "피고인 3은 제1 원심판결에 대하여, 검사는 위 피고인에 대한 원심판결 모두에 대하여 항소하였고 위 판결들 기재 각 죄들은 아래에서 판시하는 바와 같이 형법 제37조 전단의 경합범 관계에 있어 형법 제38조 제1항에 의하여 경합범 가중을 한 형기 범위 내에서 단일한 선고형으로 처단하여야 할 것이므로, 위 피고인에 대한 원심판결들은 모두 그대로 유지될 수 없게 되었다.",
            "청소년성보호법(아동·청소년의 성보호에 관한 법률)은 아동·청소년의 성을 사는 행위를 절대적으로 금지하기 위해 다양한 규정들을 두고 있고, 아동·청소년의 성을 사는 행위 의 상대방이 되도록 유인·권유한 사람의 주관적 구성요건도 청소년, 성을 사는 행위의 상대방 으로 해석한 사실심 판단을 유지한 판례가 있고, 피고인들이 변경된 공소사실을 인정하고 있으며, 이에 대한 보강증거가 있으므로, 공소사실에 대한 증명은 있다.",
            "최고법원인 대법원이 최종적으로 법률 해석을 할 수 있고, 법률 해석에 대한 상소, 상고는 허가됨이 일반 법원칙이므로, 법률 해석에 필요한 기초 자료는 공판조서에 별도로 편철한다",
            "일부 피고인들이 비록 소년일 당시 한 행위라고 하더라도, 그 상대방이 된 사람은 피고인들보다 더 어린 청소년이므로, 일부 피고인들이 행위 당시 소년이었다는 사정만을 양형에 반영하기는 어렵다.",
            "아동·청소년의 성을 사는 행위, 이로부터 파생되는 다양한 행위가 절대적으로 금지되어야 한다는 청소년성보호법의 취지에 더하여, 이 사건에 제출된 다양한 양형인자를 반영하여 피고인들에 대한 형을 선택하고 정한다.",
            "피고인 1, 피고인 2, 피고인 4 위 2.항과 같다.",
            "피고인 3이 가출 청소년에게 성매매를 유인,권유하는 데서 나아가 재차 공동피고인 1 등의 성매매약취 범행에 가담하여 가출 청소년을 약취하였던 점, 또 위 피고인은 별다른 이유 없이 길에서 마주친 피해자를 때려 상해를 가하였고, 성매매약취 범행은 제2 원심판결로부터 얼마 지나지 아니하여 저질러진 것인 점 등의 불리한 양형요소가 인정된다.",
            "그러나 위 피고인이 이 사건 각 범행을 모두 인정하면서 반성하고 있는 점, 특히 위 피고인이 당심에서 성매매약취 피해자 공소외 2, 상해 피해자 공소외 12와 합의하여 위 피해자들이 피고인에 대한 처벌을 원하지 아니하고, 위 피고인이 소년보호사건 외에 형사처벌을 받은 전력이 없는 점 등의 유리한 양형요소 또한 인정된다.",
            "위와 같은 양형요소와 피고인의 나이, 성행, 지능과 환경, 건강상태, 범죄전력, 이 사건 각 범행에 이른 동기와 경위, 범행의 수단과 결과, 범행 후의 정황 등 변론에 나타난 여러 사정과 이 사건 범행 중 형이 가장 무거운 성매매약취죄의 법정형(2년 이상 15년 이하의 징역), 양형기준 등을 종합적으로 고려하여 주문과 같이 형을 선택하고 정한다."
        ]
    },
    "close": {
        "cnclsns": [
            "원심판결들을 모두 파기한다.",
            "피고인 1을 징역 5년에, 피고인 2를 징역 4년에, 피고인 4를 징역 5년에, 피고인 3을 징역 2년 6월에 각 처한다.",
            "다만, 이 판결 확정일로부터 4년간 피고인 3에 대한 위 형의 집행을 유예한다.",
            "피고인 3에게 보호관찰을 받을 것과 피고인들에게 각 80시간씩의 성폭력 치료프로그램 이수를 명한다.",
            "압수된 현금(일만 원권)41만 원(증 제1호)을 피고인 2로부터, 셀카봉 막대기 1개(증 제2호)를 피고인 1로부터 각 몰수한다.",
            "배상신청인의 신청을 각하한다."
        ]
    }
}