{
    "info": {
        "caseField": "2",
        "detailField": "6",
        "trailField": "2",
        "caseNm": "특정경제범죄가중처벌등에관한법률위반(배임)·업무상배임(일부예비적죄명업무상횡령)·은행법위반방조(예비적죄명유사수신행위의규제에관한법률위반방조)·은행법위반(예비적죄명유사수신행위의규제에관한법률위반)",
        "courtNm": "대전고등법원  ",
        "judmnAdjuDe": "2016. 06. 16.",
        "caseNo": "(청주)2015노186",
        "relateLaword": [
            "형사소송법 제369조",
            "특정경제범죄 가중처벌 등에 관한 법률 제3조",
            "형사소송법 제364조",
            "형법 제356조 ",
            "형법 제355조 ",
            "형법 제30조",
            "구 형법(2010. 4. 15. 법률 제10259호로 개정되기 전의 것, 이하 같다) 제42조 ",
            "은행법 제66조",
            " 형법 제32조 ",
            "구 형법 제42조",
            "형법 제55조",
            "형법 제37조 ",
            "형법 제38조 ",
            "형법 제50조",
            "형법 제62조"
        ],
        "qotatPrcdnt": []
    },
    "concerned": {
        "acusr": "4",
        "dedat": "피고인들"
    },
    "org": {
        "orgJdgmnCourtNm": "청주지방법원  ",
        "orgJdgmnAdjuDe": "2015. 11. 27. ",
        "orgJdgmnCaseNo": "2015고합113"
    },
    "disposal": {
        "disposalform": "6",
        "disposalcontent": [
            "원심판결 중 피고인 1, 피고인 5에 대한 유죄부분을 파기한다.\n\n",
            "피고인 1, 피고인 5를 각 징역 1년 6월에 처한다.\n\n",
            "다만, 피고인 5에 대하여 이 판결 확정일로부터 3년간 위 형의 집행을 유예한다.\n",
            "피고인 2(대판:피고인 1), 피고인 3(대판:피고인 2), 피고인 4(대판:피고인 3)의 항소를 모두 기각한다.\n"
        ]
    },
    "mentionedItems": {
        "rqestObjet": [
            "피고인들에 대한 원심의 형(피고인 1 : 징역 5년, 피고인 5 : 징역 2년)은 너무 무거워서 부당하다.",
            "피고인들에 대한 원심의 형(피고인 2(대판:피고인 1) : 징역 10월, 집행유예 2년, 피고인 3(대판:피고인 2), 피고인 4(대판:피고인 3) : 징역 1년, 집행유예 2년)은 너무 무거워서 부당하다."
        ]
    },
    "assrs": {
        "acusrAssrs": [],
        "dedatAssrs": [
            "원심 판시 별지 범죄일람표(1)제55항 범행은 이를 업무상배임으로 볼 수 없으므로 위 범행은 같은 범죄일람표 제1 내지 54항 범행과 포괄일죄의 관계에 있지 아니하고, 별지 범죄일람표(1)제1 내지 54항 기재 범행은 7년의 공소시효가 도과되었다.",
            "원심 판시 별지 범죄일람표(1)제55항 범행은 피고인들이 부당대출 받은 금원을 기존의 부당대출금의 상환에 사용하였으므로 피고인들에게 불법영득의사가 없었다.",
            "피고인은 000(이하 'OOO' 라 한다)의 은행업이 적법한 것으로 알고 있었고, 인가 여부를 결정할 지위에 있지 않았으므로 방조의 고의가 없었다.",
            "피고인들에 대한 원심의 형(피고인 1 : 징역 5년, 피고인 5 : 징역 2년)은 너무 무거워서 부당하다.",
            "피고인들은 000의 규약에 따라 불특정 다수인이 아닌 0000 직원 및 직원이었던 자들만을 대상으로 여수신 업무를 하였으므로 은행법 제2조 제1호에서 규정한 은행업의 요건인 불특정 다수인 으로부터 채무를 부담함으로써 조달한 자금을 대출하는 것을 업으로 하였다고 볼 수 없다.",
            "피고인들에 대한 원심의 형(피고인 2(대판:피고인 1): 징역 10월, 집행유예 2년, 피고인 3(대판:피고인 2), 피고인 4(대판:피고인 3): 징역 1년, 집행유예 2년)은 너무 무거워서 부당하다."
        ]
    },
    "facts": {
        "bsisFacts": []
    },
    "dcss": {
        "courtDcss": [
            "피고인들은 원심에서도 이 부분 항소이유와 동일한 취지의 주장을 하였고, 원심은 피고인 및 변호인의 주장에 대한 판단 특정경제범죄 가중처벌 등에 관한 법률 위반(배임)죄, 업무상배임죄(피고인 1, 피고인 5)이라는 제목 아래 이에 관한 판단을 자세하게 설시하여 위 주장을 받아들이지 아니하였다.",
            "원심의 위와 같은 판단을 기록과 면밀하게 대조하여 살펴보면 정당한 것으로 인정되어 수긍이 가고, 거기에 법리오해의 위법이 없다.",
            "따라서 피고인들의 이 부분 주장은 이유 없다.",
            "변호인은 2016.1.26.자 항소이유서(보충)에서 이 부분 주장을 하나, 이는 항소이유서 제출기간이 도과된 이후의 주장으로서 부적법하다.직권으로 살펴보더라도 원심이 적법하게 채택하여 조사한 증거들에 의하면, 피고인이 불법영득의사로 이 부분 범행을 저지른 사실이 넉넉히 인정된다.",
            "원심이 적법하게 채택하여 조사한 증거들에 의하여 인정되는 다음과 같은 사정들, 즉 피고인이 000(이하 'OOO'이라 한다)에 대한 해산결의 및 해산등기 과정에서 실무를 담당한 자로서 그 내용을 잘 알고 있었던 점이 인정된다.",
            "피고인은 피고인 4(대판:피고인 3), 피고인 3(대판:피고인 2), 피고인 2(대판:피고인 1)의 위법한 은행업 경영 지시에 복종할 의무가 없음에도 000를 탈퇴하고 000에서와 같은 여수신 업무를 000에서 계속하는 것을 알면서 000을 거쳐 000에 이르기까지 과장 등의 직급으로 장기간 근무하면서 사실상 실무를 전담한 점이 인정된다.",
            "000 회원들을 대상으로 여수신 업무를 하면서 자신이 스스로 구해온 000 명칭이 기재된 통장을 발급하여 주기까지 하는 등 적극적으로 은행업을 수행한 점 등을 종합하여 보면, 피고인이 000가 적법하게 인가받지 않고 은행업을 영위한다는 점을 알면서 이 사건 범행에 가담하였음이 넉넉히 인정된다.",
            "따라서 피고인의 이 부분 주장은 이유 없다.",
            "위 관련법리에 비추어, 원심 및 당심 법원이 적법하게 채택하여 조사한 증거들에 의하여 인정되는 다음과 같은 사실 내지 사정들을 종합하여 보면, 피고인들이 ㅁㅁ상조회를 통하여 은행업을 영위하였음을 인정할 수 있다.",
            "피고인들은 000 내지 000 회원들의 신뢰를 저버리고 교묘하게 회원들의 예탁금을 유용하는 방법으로 거액의 재산상 이익을 취득하였다.",
            "피고인 1의 배임액이 합계 약 14억 7,400만 원(그 중 피고인 5의 배임액 약 9억 3,800만 원)으로 다액이지만, 피고인들이 소위 돌려막기 식으로 범행을 저지른 것으로 실제 피고인들의 이득액은 피고인 1이 약 6억 7,600만 원 정도이고, 그 중 피고인 5가 가담한 부분이 5억 2,600만 원 정도이다.",
            "위와 같이 피고인들은 당심에 이르기까지 이 사건 배임 범행의 실질적인 피해자들인 000 회원들의 피해 회복을 위하여 노력한 것으로 보이고, 결국 위 회원들로 구성된 비상대책위원회와 원만히 합의하였다.",
            "그밖에 피고인들의 나이, 성행, 환경, 범행 동기, 수단 및 결과, 범행 후 정황 등 이 사건 기록 및 변론에 나타난 모든 양형 조건과 양형기준상 권고형의 범위(피고인 1 : 징역 2년 이상, 피고인 5 : 징역 2년 ~ 5년)를 모두 종합하여 보면, 피고인들에 대한 원심의 형은 너무 무거워서 부당하다고 판단된다.",
            "다만 피고인 1의 경우 이 사건 배임 범행의 주범으로 그 범행수법이나 피해자의 수와 피해금액의 규모에 비추어 위와 같은 피고인에게 유리한 사정들을 모두 감안하여 보더라도 실형의 엄벌이 불가피하다.",
            "피고인 2(대판:피고인 1), 피고인 3(대판:피고인 2), 피고인 4(대판:피고인 3)피고인들이 동종 범죄로 처벌받거나 벌금형을 넘어서는 처벌을 받은 전력이 없고, 피고인들이 사적인 이익을 취할 목적으로 이 사건 범행을 저질렀다거나 이 사건 범행으로 과도한 이익을 취한 것으로 보이지는 않는다.",
            "그러나 인가받지 않고 은행업을 영위하는 행위는 금융질서를 어지럽히고 선량한 거래자에게 불측의 손해를 가할 수 있다는 점만으로도 위험성과 비난가능성이 큰 범죄이다.",
            "피고인들은 상조회 라는 미명 아래 정관 규정에 반하여 회원자격이 없는 불특정 다수를 상대로 자금을 조달하고 대출하는 등 은행업을 영위하였고, 그 결과 000가 일정 범위 내에서의 예금자 보호를 보장받는 000이라고 믿고 돈을 맡겼던 회원들은 아무런 보호도 받지 못한 채 불측의 손해를 입게 되었다.",
            "이러한 사정들을 비롯하여 피고인들의 나이, 성행, 환경, 범행의 동기, 수단과 결과, 범행 후의 정황 등 이 사건 기록에 나타난 양형의 조건이 되는 모든 사정을 종합적으로 고려하여 보면, 피고인들에 대한 원심의 양형이 합리적인 범위를 벗어나 너무 무거워서 부당하다고 판단되지 않는다."
        ]
    },
    "close": {
        "cnclsns": [
            "원심판결 중 피고인 1, 피고인 5에 대한 유죄부분을 파기한다.",
            "피고인 1, 피고인 5를 각 징역 1년 6워에 처한다.",
            "다만, 피고인 5에 대하여 이 판결 확정일로부터 3년간 위 형의 집행을 유예한다.",
            "피고인 2(대판:피고인 1), 피고인 3(대판:피고인 2), 피고인 4(대판:피고인 3)의 항소를 모두 기각한다."
        ]
    }
}