{
    "info": {
        "caseField": "2",
        "detailField": "6",
        "trailField": "2",
        "caseNm": "공직선거법위반,특정범죄가중처벌등에관한법률위반(보복협박등),정보통신망이용촉진및정보보호등에관한법률위반",
        "courtNm": "부산고법",
        "judmnAdjuDe": "2014. 11. 05.",
        "caseNo": "(창원)2014노268",
        "relateLaword": [
            "형법 제37조",
            "공직선거법 제53조",
            "공직선거법 제60조",
            "공직선거법 제97조",
            "공직선거법 제235조",
            "공직선거법 제255조",
            "공직선거법 시행령"
        ],
        "qotatPrcdnt": [
            "대법원 2004. 2. 12. 선고 2003도6282 판결",
            "대법원 2004. 2. 12. 선고 2003도6282 판결"
        ]
    },
    "concerned": {
        "acusr": "4",
        "dedat": "1"
    },
    "org": {
        "orgJdgmnCourtNm": "창원지법",
        "orgJdgmnAdjuDe": "2014. 8. 14. ",
        "orgJdgmnCaseNo": "2014고합152"
    },
    "disposal": {
        "disposalform": "6",
        "disposalcontent": [
            "원심판결 중 판시 제2의 죄에 대한 부분을 파기한다.",
            "피고인을 파기되는 원심판결 중 판시 제2의 죄에 대하여 징역 10월에 처한다. 다만, 이 판결 확정일부터 2년간 위 형의 집행을 유예한다.",
            "다만, 이 판결 확정일부터 2년간 위 형의 집행을 유예한다.",
            "원심판결 중 판시 제1의 죄 부분에 대한 피고인과 검사의 항소를 모두 기각한다."
        ]
    },
    "mentionedItems": {
        "rqestObjet": [
            "이 사건 공소사실 중 공직선거법위반의 점과 관련하여, 1. 피고인은 당시 소속된 ㅇㅇㅇㅇ신문사에서  휴직 한 상태였는데, 휴직한기자인 경우 공직선거법에서 말하는 언론인 신분이 아니라고 할 것이고(위 법률조항의 해석문제와는 별개로 피고인은 그와 같이 생각하였으므로 위법성의 인식이 없었다),",
            "2. 사전에 관할 선거관리위원회에서  SNS에 의한 선거운동은 일반인, 언론인 구별 없이 모두 할 수 있는 것 이라고 설명해 주어서 피고인은 이를 믿고 행위하였으며, 3. 피고인이 공소외 1에게 전달한 20만원은 문제가 된 기사보도 요청과는 무관하게 공소외 1 언니의 결혼 축의금 등 명목으로 준 돈이므로, 결국 피고인에게는 공직선거법위반죄가 성립하지 않는다.",
            "그럼에도, 원심은 이 부분 공소사실을 모두 유죄로 인정하고 말았으니 원심판결에는 사실을 오인하거나 공직선거법위반죄에관한 법리를 오해하여 판결에 영향을 미친 위법이 있다.",
            "원심이 선고한 형(판시 제1의 죄: 징역 6월, 판시 제2의 죄: 징역 10월)은 너무 무거워서 부당하다.",
            "원심이 선고한 위 형은 너무 가벼워서 부당하다."
        ]
    },
    "assrs": {
        "acusrAssrs": [
            "원심이 선고한 위 형은 너무 가벼워서 부당하다."
        ],
        "dedatAssrs": [
            "이 사건 공소사실 중 공직선거법위반의 점과 관련하여, ① 피고인은 당시 소속된 ○○○○신문사에서 휴직 한 상태였는데, 휴직한 기자인 경우 공직선거법에서 말하는 언론인 신분이 아니라고 할 것이다.(위 법률조항의 해석문제와는 별개로 피고인은 그와 같이 생각하였으므로 위법성의 인식이 없었다)",
            "② 사전에 관할 선거관리위원회에서 'SNS에 의한 선거운동은 일반인, 언론인 구별 없이 모두 할 수 있는 것'이라고 설명해 주어서 피고인은 이를 믿고 행위하였다.",
            "③ 피고인이 공소외 1에게 전달한 20만원은 문제가 된 기사보도 요청과는 무관하게 공소외 1 언니의 결혼 축의금 등 명목으로 준 돈이다.",
            "결국 피고인에게는 공직선거법위반죄가 성립하지 않는다.",
            "그럼에도, 원심은 이 부분 공소사실을 모두 유죄로 인정하고 말았으니 원심판결에는 사실을 오인하거나 공직선거법위반죄에관한 법리를 오해하여 판결에 영향을 미친 위법이 있다.",
            "원심이 선고한 형(판시 제1의 죄: 징역 6월, 판시 제2의 죄: 징역 10월)은 너무 무거워서 부당하다."
        ]
    },
    "facts": {
        "bsisFacts": [
            "이 사건 범행 당시 피고인이 ○○○○신문사의 기자(취재부장)의 직위에 있었음은 피고인도 다투지 않고 있으며, 피고인이선거운동제한의 예외적인 사유(후보자의 배우자 또는 직계존·비속)에 해당하지도 아니함은 증거와 기록상 명백하다."
        ]
    },
    "dcss": {
        "courtDcss": [
            "설령 피고인 주장과 같이 당시 피고인이 위 신문사에서 휴직한 상태였다고 하더라도, 공직선거법상 위 제한규정의 입법취지와고용관계에 관한 관련 법리 등에 비추어 볼 때 휴직한 기자도 언론인의 신분을 그대로 유지한다고 봄이 타당하므로, 이와 다른전제에 선 피고인의 이 부분 주장은 받아들일 수 없다.",
            "피고인이 휴직 언론인인 자신의 행위가 법령에 의해 허용되는 특수한 경우라고 인식하였다고 보기 어려울 뿐만 아니라, 설령 피고인이 그와 같이 인식하였더라도 피고인이 이 사건 범행 이전에 법률전문가나 관할 선거관리위원회에 휴직 언론인의 신분에 관하여 자문 또는 조회를 구한 정황을 찾을 수도 없는 점 등에 비추어 보면, 피고인이 그와 같이 인식한 데에 정당한 이유가 있다고 볼 수도 없으므로, 피고인의 위 주장 역시 받아들일 수 없다.",
            "일반인의 SNS를 통한 선거운동이 허용되는 것은 공직선거법의 해석과 중앙선거관리위원회에서 정한 공직선거법규 운용자료 등에의해서 확립된 입장으로 보이나, 이 사건에서 관할 선거관리위원회가 언론인 등에게도 SNS를 통한 선거운동이 허용된다 라고확인해 주었다는 취지의 피고인 주장은 이를 인정할 자료가 없다.",
            "따라서 피고인의 이 부분 주장 역시 이유 없다.",
            "피고인이 공소외 1에게 전달한 위 20만 원은 공소외 2에 대한 기사보도 요청과 관련된 돈이라고 넉넉히 인정할 수 있다.",
            "피고인이 선거관리위원회의 자료 제출 요구에 응할 의사가 없음을분명히 하였다는 등의 사정을 종합할 때, 관할 선거관리위원회의 이 사건 자료 제출 요구는 적법하고, 그 위반을 이유로 피고인을 처벌하기 위하여 필요한 실체적·절차적 요건을 충족하였다고 판단된다.",
            "따라서 피고인의 사실오인 또는 법리오해 주장 등은 모두 이유 없다.",
            "양형요소와 이 사건 범행 중 형이 가장 무거운 언론매체 종사자에 대한 금품제공에 의한 공직선거법위반죄의 법정형(5년이하의 유기징역 또는 1,000만 원 이하의 벌금), 양형기준, 양형기준에 의하면 공직선거법위반죄의 경우 양형기준 권고형의 범위 등을 고려하여 단기형, 중기형의 실형을 선택할 수 있다.",
            "피고인의 나이, 성행, 지능과 환경, 범죄전력, 이 사건 범행에이른 동기와 경위, 범행의 수단과 결과, 범행 후의 정황 등 변론에 나타난 여러 사정들을 종합적으로 고려하여 보면, 원심이 선고한 형은 적정하다고 판단된다."
        ]
    },
    "close": {
        "cnclsns": [
            "원심판결 중 판사 제2의 죄에 대한 부분을 파기한다.",
            "피고인을 파기되는 원심판결 중 판시 제2의 죄에 대하여 징역 10월에 처한다.",
            "다만, 이 판결 확정일부터 2년간 위 형의 집행을 유예한다.",
            "원심판결 중 판시 제1의 죄 부분에 대한 피고인과 검사의 항소를 모두 기각한다."
        ]
    }
}