{
    "info": {
        "caseField": "2",
        "detailField": "6",
        "trailField": "2",
        "caseNm": "가. 준강도미수, 나. 특수절도, 다. 특수절도미수",
        "courtNm": "광주고등법원",
        "judmnAdjuDe": "2015. 12. 30.",
        "caseNo": "(제주)2015노101",
        "relateLaword": [
            "형사소송법 제364조 제4항"
        ],
        "qotatPrcdnt": []
    },
    "concerned": {
        "acusr": "4",
        "dedat": "1"
    },
    "org": {
        "orgJdgmnCourtNm": "제주지방법원",
        "orgJdgmnAdjuDe": "2015. 10. 8.",
        "orgJdgmnCaseNo": "2015고합72"
    },
    "disposal": {
        "disposalform": "10",
        "disposalcontent": [
            "피고인들의 항소를 모두 기각한다.",
            "원심판결의 이유를 기록과 대조하여 면밀히 살펴보면 정당한 것으로 수긍할 수 있다.",
            "원심판결 이후 양형의 조건에 변다른 변화가 없는 이 사건에 있어서 피고인들이 주장하는 것과 같이 원심의 선고형이 너무 무거워서 부당하다고 볼 수 없다."
        ]
    },
    "mentionedItems": {
        "rqestObjet": [
            "원심의 형(피고인 A : 징역 3년, 피고인 B : 징역 1년 6개월)이 너무 무거워 부당하다."
        ]
    },
    "assrs": {
        "acusrAssrs": [],
        "dedatAssrs": [
            "원심의 형이 너무 무거워 부당하다."
        ]
    },
    "facts": {
        "bsisFacts": [
            "원심은 그 판시와 같이 피고인들에 대한 유리한 정상과 불리한 정상을 두루 고려하였다."
        ]
    },
    "dcss": {
        "courtDcss": [
            "원심은 그 판시와 같이 포기인들에 대한 유리한 정상과 불리한 정상을 두루 고려하고, 그밖에 피고인들의 나이, 성행, 환경, 범행 후의 정황 등 이 사건 기록과 변론에 나타난 모든 양형조건들과 양형기준상 권고형의 범위 등을 참작하여 선고형을 정하였다.",
            "원심판결의 이유를 기록과 대조하여 면밀히 살펴보면 정당한 것으로 수긍할 수 있고, 원심판결 이후 양형의 조건에 별다른 변화가 없는 이 사건에 있어서 피고인들이 주장하는 것과 같이 원심의 선고형이 너무 무거워서 부당하다고 볼 수 없다.따라서 피고인들의 주장을 받아들이지 않는다."
        ]
    },
    "close": {
        "cnclsns": [
            "피고인들의 항소를 모두 기각한다."
        ]
    }
}