{
    "info": {
        "caseField": "2",
        "detailField": "6",
        "trailField": "2",
        "caseNm": "준강간",
        "courtNm": "광주고등법원",
        "judmnAdjuDe": "2015. 12. 30.",
        "caseNo": "(제주)2015노68",
        "relateLaword": [
            "형사소송법 제364조",
            "형사소송법 제369조",
            "형법 제299조",
            "형법 제297조",
            "형법 제53조",
            "형법 제55조",
            "성폭력범죄의 처벌 등에 관한 특례법 제16조",
            "성폭력범죄의 처벌 등에 관한 특례법 제47조",
            "성폭력범죄의 처벌 등에 관한 특례법 제49조",
            "아동,청소년의 성보호에 관한 법률 제49조",
            "아동,청소년의 성보호에 관한 법률 제50조",
            "성폭력범죄의 처벌 등에 관한 특례법 제42조",
            "성폭력범죄의 처벌 등에 관한 특례법 제43조"
        ],
        "qotatPrcdnt": []
    },
    "concerned": {
        "acusr": "4",
        "dedat": "1"
    },
    "org": {
        "orgJdgmnCourtNm": "제주지방법원",
        "orgJdgmnAdjuDe": "2015. 6. 11.",
        "orgJdgmnCaseNo": "2015고합10"
    },
    "disposal": {
        "disposalform": "6",
        "disposalcontent": [
            "원심판결을 파기한다.",
            "피고인을 징역 2년 6개월에 처한다.",
            "피고인에 대한 정보를 3년간 정보통신망을 이용하여 공개하고, 고지한다.",
            "피고인에게 80시간의 성폭력 치료프로그램 이수를 명한다."
        ]
    },
    "mentionedItems": {
        "rqestObjet": [
            "피고인은 피해자와 합의하에 성관계를 가진 것이고, 피해자가 심신상실 또는 항거불능의 상태도 아니었다.",
            "원심의 형(징역 4년, 정보 공개 및 고지 5년, 성폭력 치료프로그램 이수명령 80시간)이 너무 무거워서 부당하다."
        ]
    },
    "assrs": {
        "acusrAssrs": [],
        "dedatAssrs": [
            "원심의 형(징역 4년, 정보 공개 및 고지 5년, 성폭력 치료프로그램 이수명령 80시간)은 너무 무거워서 부당하다."
        ]
    },
    "facts": {
        "bsisFacts": [
            "피고인은 판시 범죄사실 기재 일시, 장소에서 피해자와 합의하에 성관계를 가진 것이고, 당시에 피해자가 술에 많이 취하거나 잠을 자고 있었던 상태가 아니었으므로 심신상실 또는 항거불능의 상태도 아니었다."
        ]
    },
    "dcss": {
        "courtDcss": [
            "피고인은 원심에서도 이 부분 항소이유와 동일한 취지의 주장을 하였고, 원심은 피고인과 변호인의 주장에 대한 판단이라는 제목 아래 이에 관한 판단을 자세하게 설시하여 위 주장을 배척하였다.원심의 판단을 기록과 면밀히 대조하여 살펴보면 충분히 정당하다고 수긍할 수 있고, 원심판결에 피고인의 주장과 같은 사실오인의 위법이 있다고 판단되지 않는다.",
            "따라서 피고인의 이 부분 주장은 이유 없다.",
            "이 사건 범행은 피고인이 여러 명이 같이 자고 있는 방에서 술에 만취하여 잠이 든 19세의 피해자를 간음한 사안으로 그 죄질이 좋지 않다.",
            "피해자가 이 사건 범행으로 인하여 상당한 성적 수치심과 정신적 고통을 겪고 있을 것임에도, 피고인은 피해자와 합의 하에 성관계를 가졌다고 주장하는 등 납득할 수 없는 변명으로 일관하고 있는 점, 피고인은 특수강간 등의 범죄사실로 소년보호처분을 받은 전력이 있는 점 등은 피고인에게 불리한 사정이다.",
            "반면, 피고인이 당심에 이르러 피해자와 합의한 점 등은 피고인에게 유리한 사정이다.",
            "그밖에 피고인의 나이, 성행, 환경, 가족관계, 범행의 동기와 경위, 범행의 방법과 결과, 범행 전후의 정황 등 여러 가지 양형의 조건들 및 양형기준의 권고형량범위를 종합하여 보면, 원심이 피고인에 대하여 선고한 형이 너무 무거워서 부당하다고 판단된다.",
            "따라서 피고인의 이 부분 주장은 이유 있다."
        ]
    },
    "close": {
        "cnclsns": [
            "원심판결을 파기한다.",
            "피고인을 징역 2년 6개월에 처한다.",
            "피고인에 대한 정보를 3년간 정보통신망을 이용하여 공개하고, 고지한다.",
            "피고인에게 80시간의 성폭력 치료프로그램 이수를 명한다."
        ]
    }
}