{
    "info": {
        "caseField": "2",
        "detailField": "6",
        "trailField": "2",
        "caseNm": "보건범죄단속에관한특별조치법위반(부정의약품제조등),사기,업무상횡령",
        "courtNm": "서울고등법원",
        "judmnAdjuDe": "2009. 05. 21.",
        "caseNo": "(서울)2008노2766",
        "relateLaword": [
            "형사소송법 제326조",
            "약사법 제2조",
            "형사소송법 제364조",
            "형사소송법 제369조",
            "보건범죄단속에관한특별조치법 제3조",
            "약사법 제31조",
            "형법 제30조",
            "형법 제356조",
            "형법 제355조",
            "형법 제37조",
            "형법 제38조",
            "형법 제50조",
            "형법 제53조",
            "형법 제55조",
            "형법 제70조",
            "형법 제69조",
            "형법 제62조"
        ],
        "qotatPrcdnt": [
            "대법원 2003. 7. 11. 선고 2002도2642 판결",
            "대법원 2007. 6. 28. 선고 2006도3468 판결"
        ]
    },
    "concerned": {
        "acusr": "4",
        "dedat": "1"
    },
    "org": {
        "orgJdgmnCourtNm": "서울중앙지방법원",
        "orgJdgmnAdjuDe": "2008.10.10.",
        "orgJdgmnCaseNo": "2008고합411, 525(병합)"
    },
    "disposal": {
        "disposalform": "10",
        "disposalcontent": [
            "원심판결 중 피고인 1에 대한 유죄부분을 파기한다.",
            "피고인 1을 징역 2년 및 벌금 180,000,000원에 처한다.",
            "피고인 1이 위 벌금을 납입하지 아니하는 경우 1,000,000원을 1일로 환산한 기간 위 피고인을 노역장에 유치한다.",
            "다만, 피고인 1에 대하여는 이 판결 확정일로부터 3년간 위 징역형의 집행을 유예한다.\n",
            "검사의 피고인 1의 무죄부분에 대한 항소 및 피고인 2의 항소와 검사의 피고인 2에 대한 항소를 모두 기각한다."
        ]
    },
    "mentionedItems": {
        "rqestObjet": [
            "기초적 사실관계가 동일하여 위 약식명령의 기판력이 이 부분 공소사실에도 미친다고 보아야 할 것임에도 불구하고 원심은 피고인 1에 대하여 면소판결을 하지 않았고, 또한 이 사건  신기한 비누 가 의약품이 아니라 기능성 화장품 내지 의약외품에 해당함에도 불구하고 원심은 의약품에 해당한다고 보아 이 부분 공소사실을 유죄로 판단한 잘못을 저질렀다.",
            "원심은 피고인 1에 대한 업무상횡령의 공소사실을 유죄로 인정한 잘못을 저질렀다.",
            "이 사건 공소사실이 유죄로 인정된다 하더라도, 시중에 유통되는 대부분의 비누가 보건범죄단속법위반으로 규제된 사례가 거의 없는 점, 고소인 공소외 1 이 피고인들의 처벌을 원하지 않는 점, 부부인 피고인들에게 각각 선고된 5억 원의 벌금은 실질적으로 10억 원을 선고한 것과 동일한 점 등에 비추어, 피고인 1에게 징역 2년 6월에 집행유예 4년 및 벌금 5억 원, 피고인 2 에게 징역 1년6월에 집행유예 2년 및 벌금 5억 원을 각 선고한 원심의 형은 너무 무겁다",
            "원심은 피고인들의 주장만을 믿고, 수사기관 이래 법정에 이르기까지 일관될 뿐 아니라 공소외 2, 3, 4 의 각 진술에 비추어 볼 때 신빙성이 있는 공소외 1 의 진술을 배척하고서는 피고인들에 대한 사기 공소사실에 대하여 무죄로 판단한 잘못을 범하였다.",
            "이 사건 범행의 죄질이 불량한 점에 비추어 볼 때, 피고인들에 대한 원심의 각 형은 너무 가볍다."
        ]
    },
    "assrs": {
        "acusrAssrs": [
            "공소외 1은 피고인들로부터 10배의 이익을 남겨주겠다는 취지의 말을 듣고 투자를 하게 되었고, 친오빠의 부탁으로 ○○○센터의 대표이사로 등재되어 있을 뿐 실제로 ○○○센터를 운영한 것은 아니고, 사업을 해본 경험이 없는 평범한 가정주부로서 피고인들이 구두로 약정한 것을 믿고 투자약정서에 수익분배에 대하여 기재하지 못한 것이며, 피고인들의 자금사정 및 이 사건 비누사업의 진행현황을 잘 알지 못하고 투자를 한 것이다.",
            "원심은 피고인들의 주장만을 믿고, 수사기관 이래 법정에 이르기까지 일관될 뿐 아니라 공소외 2, 3, 4의 각 진술에 비추어 볼 때 신빙성이 있는 공소외 1의 진술을 배척하고서는 피고인들에 대한 사기 공소사실에 대하여 무죄로 판단한 잘못을 범하였다.",
            "이 사건 범행의 죄질이 불량한 점에 비추어 볼 때, 피고인들에 대한 원심의 각 형은 너무 가볍다."
        ],
        "dedatAssrs": [
            "피고인 1에 대하여 종전에 약식명령이 확정된 약사법위반의 범죄사실과 이 사건 보건범죄단속에 관한 특별조치법 위반(부정의약품제조등, 이하 '보건범죄단속법위반'이라고만 한다)의 공소사실은 기초적 사실관계가 동일하여 위 약식명령의 기판력이 이 부분 공소사실에도 미친다고 보아야 할 것이다.",
            "원심은 피고인 1에 대하여 면소판결을 하지 않았고, 또한 이 사건 신기한 비누가 의약품이 아니라 기능성 화장품 내지 의약외품에 해당함에도 불구하고 원심은 의약품에 해당한다고 보아 이 부분 공소사실을 유죄로 판단한 잘못을 저질렀다.",
            "공소외 1이 피고인 1에게 투자한 3억 원 중 1억원은 이 사건 투자약정 이전에 발생하거나 이후에 발생할 피고인 1 개인의 미납세금, 채무, 공과금 등 제비용의 지급에 사용할 수 있도록 한 것이고, 피고인 1에게 불법영득의 의사도 없었음에도, 원심은 위 1억원도 회사를 위하여 사용되어야 한다는 전제하에 피고인 1에 대한 업무상횡령의 공소사실을 유죄로 인정한 잘못을 저질렀다.",
            "이 사건 공소사실이 유죄로 인정된다 하더라도, 시중에 유통되는 대부분의 비누가 보건범죄단속법위반으로 규제된 사례가 거의 없는 점, 고소인 공소외 1이 피고인들의 처벌을 원하지 않는다.",
            "부부인 피고인들에게 각각 선고된 5억 원의 벌금은 결국 실질적으로 10억 원을 선고한 것과 동일한 점 등에 비추어, 피고인 1에게 징역 2년 6월에 집행유예 4년 및 벌금 5억 원, 피고인 2에게 징역 1년 6월에 집행유예 2년 및 벌금 5억 원을 각 선고한 원심의 형은 너무 무겁다."
        ]
    },
    "facts": {
        "bsisFacts": [
            "피고인 1은 2007. 7. 25. 약사법위반죄로 벌금 100만 원의 약식명령을 발령받아 2007. 9. 11. 위 약식명령이 확정되었는데, 위 확정된 약식명령의 범죄사실은 피고인은 비누 도소매업체인 000 대표이사이다.",
            "의약품이 아닌 것은 그 용기·포장 또는 첨부문서에 의학적 효능·효과 등이 있는 것으로 오인될 우려가 있는 표시를 하거나 이와 같은 내용의 광고를 하여서는 아니된다.",
            "그러나 2006. 12. 중순경 0000 소재 위 회사 사무실에서 위 회사 인터넷 홈페이지(사이트주소)에 위 회사가 개발하여 판매하는 0에 대해 의약품이 아닌 것을 의학적 효능·효과 등이 있는 것으로 오인할 우려가 있는 내용의 광고를 하였다.",
            "피고인 1에 대한 보건범죄단속법위반의 공소사실과 이미 약식명령이 확정된 위 약사법위반의 범죄사실은 서로 그 범행장소와 범행일시가 중복되고 0를 의학적 효능·효과가 있는 것으로 광고하였다는 행위의 점에서도 동일하며, 모두 피고인 1이 0를 판매하기 위하여 행한 일련의 행위에 해당하므로 피해법익도 사실상 같다고 할 것이다."
        ]
    },
    "dcss": {
        "courtDcss": [
            "정보통신망을 이용하여 음란물을 공연히 전시하면 정보통신망 이용촉진 및 정보보호 등에 관한 법률 위반(음란물유포)죄에 해당하고, 여기서 공연히라 함은 불특정 또는 다수인이 인식할 수 있는 상태를 의미하는데, 피고인의 주장에 의하더라도 피고인은 정보통신망을 이용하여 음란물을 다수인이 인식할 수 있는 상태로 전시한 사실이 인정되므로 피고인의 이 부분 주장은 이유 없다.",
            "기록에 의하면 사법경찰리가 2007.10.23. 피고인의 주거지 등에 대한 압수·수색영장을 집행하는 과정에서 하드디스크(증제2 내지 4호)와 더불어 대마(증 제1호)를 발견하고 피고인을 현행범으로 체포한 상태에서 피고인의 모발을 채취하여 감정을 의뢰하여 2007.11.5. 피고인의 모발에서 엠디엠에이가 검출되었다는 국립과학수사연구소의 감정의뢰회보(수사기록 386쪽)를 받은 사실이 인정된다.",
            "다른 한편 위와 같이 피고인의 모발을 채취할 당시 피고인의 동의하에 피고인의 모발을 채취하였다.",
            "피고인이 다음날인 2007.10.24. 석방된 후 2007.11.5. 피고인의 모발에서 엠디엠에이가 검출되었다는 감정의뢰회보(수사기록 386쪽)가 오자 2007.11.27. 및 2008.1.18. 수사기관에 자진 출석한 피고인의 동의하에 다시 피고인의 모발을 채취하여 감정을 의뢰하였다.",
            "피고인의 모발에서 엠디엠에이가 검출되었다는 국립과학수사연구소의 감정의뢰회보(수사기록 421쪽)와 피고인의 모발에서 엠디엠에이가 검출되지 않았다는 대검찰청 과학수사담당관의 감정의뢰회보(수사기록545쪽)를 받은 사실이 인정된다.",
            "위와 같은 증거수집절차의 경과에 비추어 볼 때 위 각 감정의뢰회보(수사기록 386, 421,545쪽)는 적법하게 수집된 증거라 할 것이고, 위 증거들에 의하면 피고인이 원심 판시 범죄사실 기재와 같이 엑스터시를 투약한 사실이 인정된다.",
            "성인의 모발 성장률은 0.8~1.3㎝ 월인 사실, 2007. 10. 23. 채취한 피고인의 모발 3~5㎝와 2007. 11. 27. 채취한 피고인의 모발 4~6㎝에서는 엠디엠에이가 검출되었으나 2008. 1. 18. 채취한 피고인의 모발 4.5~6㎝에서는 엠디엠에이가 검출되지 아니한 사실, 엑스터시는 주로 밀제조된 정제나 캡슐 형태로 유통되는 사실 등에 비추어 볼 때 피고인의 위 변소는 그대로 믿기 어렵다.",
            "피고인이 마약류취급자가 아님에도 불구하고, 2001년 초경부터 2007. 10. 23. 15:20경까지 (주거지 주소 생략)에 있는 피고인의 주거지에서, 대전톨게이트 부근에서 신원을 알 수 없는 포크레인 기사로부터 교부받은 대마 15.904g을 소지하였다.",
            "피고인이 대마를 건네받아 자신의 주거지에 두고 있었던 점은 인정하고 있다(다만 피고인은 2002-2003년에는 소지의 범의를 상실하였다고 변소한다).",
            "형사소송법(2007. 6. 1. 공포되고 2008. 1. 1.부터 시행된 법률 제8496호 이전의 것)제216조 제1항 제2호, 제217조 제2항에 의하면 피의자를 체포하는 경우에 필요한 때에는 영장 없이 체포현장에서 압수·수색을 할 수 있고 이때 구속영장의 발부를 받지 못한 때에는 이를 즉시 환부하여야 한다.",
            "압수한 물건을 계속 압수할 필요가 있는 경우에는 사후에 압수·수색영장을 받아야 하며, 형사소송법 제216조 제3항에 의하면 범행 중 또는 범행 직후의 범죄 장소에서 긴급을 요하여 법원판사의 영장을 받을 수 없는 때에는 영장 없이 압수·수색을 할 수 있으나, 사후에 영장을 받아야 한다.",
            "기본적 인권 보장을 위하여 압수수색에 관한 적법절차와 영장주의의 근간을 선언한 헌법과 이를 이어받아 실체적 진실 규명과 개인의 권리보호 이념을 조화롭게 실현할 수 있도록 압수수색절차에 관한 구체적 기준을 마련하고 있는 형사소송법의 규범력은 확고히 유지되어야 한다.",
            "헌법과 형사소송법이 정한 절차에 따르지 아니하고 수집한 증거는 기본적 인권 보장을 위해 마련된 적법한 절차에 따르지 않은 것으로서 원칙적으로 유죄 인정의 증거로 삼을 수 없다.",
            "수사기관의 위법한 압수수색을 억제하고 재발을 방지하는 가장 효과적이고 확실한 대응책은 이를 통하여 수집한 증거는 물론 이를 기초로 하여 획득한 2차적 증거를 유죄 인정의 증거로 삼을 수 없도록 하는 것이다.",
            "실체적 진실규명을 통한 정당한 형벌권의 실현도 헌법과 형사소송법이 형사소송 절차를 통하여 달성하려는 중요한 목표이자 이념이므로, 형식적으로 보아 정해진 절차에 따르지 아니하고 수집한 증거라는 이유만을 내세워 획일적으로 그 증거의 증거능력을 부정하는 것 역시 헌법과 형사소송법이 형사소송에 관한 절차 조항을 마련한 취지에 맞는다고 볼 수 없다.",
            "수사기관의 절차 위반행위가 적법절차의 실질적인 내용을 침해하는 경우에 해당하지 아니하다.",
            "오히려 그 증거의 증거능력을 배제하는 것이 헌법과 형사소송법이 형사소송에 관한 절차 조항을 마련하여 적법절차의 원칙과 실체적 진실 규명의 조화를 도모하고 이를 통하여 형사 사법 정의를 실현하려 한 취지에 반하는 결과를 초래하는 것으로 평가되는 예외적인 경우라면, 법원은 그 증거를 유죄 인정의 증거로 사용할 수 있다고 보아야 한다.",
            "이는 적법한 절차에 따르지 아니하고 수집한 증거를 기초로 하여 획득한 2차적 증거의 경우에도 마찬가지여서, 절차에 따르지 아니한 증거 수집과 2차적 증거 수집 사이 인과관계의 희석 또는 단절 여부를 중심으로 2차적 증거 수집과 관련된 모든 사정을 전체적, 종합적으로 고려하여 예외적인 경우에는 유죄 인정의 증거로 사용할 수 있다(대법원 2007.11.15. 선고 2007도3061 전원합의체 판결 참조).",
            "기록에 의하면 사법경찰리가 2007. 10. 23. 이 사건 정보통신망 이용촉진 및 정보보호 등에 관한 법률 위반(음란물유포) 혐의에 관해, 이하 다음과 같다.",
            "즉, 발부받은 압수·수색영장{수색, 검증할 장소, 신체 또는 물건: (주거지 주소 생략)(주거지), (사업장 소재지 생략)(사업장), 압수할 물건: 범죄행위에 제공되었거나 범죄행위에 관련된 컴퓨터 및 주변기기, 하드디스크, USB메모리, 플로피 디스크,시디, 장부, 서류, 수첩, 메모지}에 의하여 피고인의 주거지를 수색하는 과정에서 대마를 발견한 사실이 인정된다.",
            "이에 피고인을 마약류관리에 관한 법률 위반(대마)죄의 현행범으로 체포하면서 대마를 압수한 사실이 인정되나, 현행범으로 체포된 피고인이 구속영장에 의하여 구속되지 않고 다음날인 2007. 10. 24. 석방되었음에도 사후에 압수수색영장을 받지 아니한 사실이 인정된다.",
            "위 대마와 압수조서(수사기록 227쪽)중 증 제1호를 피고인으로부터 압수하였다는 취지의 기재, 감정의뢰회보(수사기록369쪽)는 앞서 본 형사소송법상의 영장주의를 위반하여 수집한 위법수집증거이다.",
            "그 절차위반행위가 적법절차의 실질적인 내용을 침해하여, 그 증거능력을 배제하는 것이 형사사법 정의실현의 취지에 합치된다고 할 것이므로 증거능력이 없어 대마소지에 관한 공소사실을 인정할 증거로 사용할 수 없고, 피고인의 위 진술을 보강할 증거로도 사용할 수 없다.",
            "대마소지의 점은 범죄의 증명이 없는 경우에 해당하므로 이를 유죄로 인정한 원심판결에는 법리를 오해하여 판결에 영향을 미친 위법이 있고, 이를 다른 공소사실과 형법 제37조 전단의 경합범으로 처단하여 하나의 형을 선고한 원심판결은 전부 파기를 면할 수 없다."
        ]
    },
    "close": {
        "cnclsns": [
            "원심판결 중 피고인 1 에 대한 유죄부분을 파기한다.",
            "피고인 1 을 징역 2년 및 벌금 180,000,000원에 처한다.",
            "피고인 1 이 위 벌금을 납입하지 아니하는 경우 1,000,000원을 1일로 환산한 기간 위 피고인을 노역장에 유치한다.",
            "다만, 피고인 1 에 대하여는 이 판결 확정일로부터 3년간 위 징역형의 집행을 유예한다.",
            "검사의 피고인 1 의 무죄부분에 대한 항소 및 피고인 2의 항소와 검사의 피고인 2 에 대한 항소를 모두 기각한다."
        ]
    }
}