{
    "info": {
        "caseField": "2",
        "detailField": "6",
        "trailField": "2",
        "caseNm": "특정범죄가중처벌등에관한법률위반(조세),특정범죄가중처벌등에관한법률위반(알선수재)(예비적죄명:변호사법위반),증거위조교사,증거위조,세범처벌법위반",
        "courtNm": "서울고등법원",
        "judmnAdjuDe": "2002. 06. 11.",
        "caseNo": "2000노658",
        "relateLaword": [
            "소득세법 제78조",
            "소득세법 제24조",
            "소득세법 시행령 제48조",
            "형법 제325조",
            "개정전 변호사법(1996. 12. 12. 법률제5177호로 일부 개정되기 전의 것) 제90조 ",
            "개정전 변호사법(1996. 12. 12. 법률제5177호로 일부 개정되기 전의 것) 제94조",
            "구 변호사법 제90조",
            "특정범죄가중처벌등에관한법률 제3조",
            " 형사소송법 제364조"
        ],
        "qotatPrcdnt": [
            "대법원 2000. 3. 24. 선고 99도5275 판결",
            "대법원 1965. 12. 10. 선고 65도826 판결"
        ]
    },
    "concerned": {
        "acusr": "4",
        "dedat": "1"
    },
    "org": {
        "orgJdgmnCourtNm": "서울지방법원 동부지원",
        "orgJdgmnAdjuDe": "2000. 2. 14. ",
        "orgJdgmnCaseNo": "99고합49 "
    },
    "disposal": {
        "disposalform": "10",
        "disposalcontent": [
            "피고인  1에 대한 원심판결 중 특정범죄가중처벌등에관한법률위반(알선수재)의 점에 대한 무죄 부분을 제외한 나머지 부분을 파기한다.",
            "피고인  1을 벌금 3,000,000원에 처한다.",
            "피고인  1이 위 벌금을 납입하지 아니하는 경우 금 50,000원을 1일로 환산한 기간 위 피고인을 노역장에 유치한다.",
            "피고인  1에 대한 원심판결 선고전 구금일수 1일을 위 피고인에 대한 노역장유치기간에 산입한다.",
            "피고인  1에 대하여 위 벌금 상당액의 가납을 명한다.",
            "피고인  1에 대한 특정범죄가중처벌등에관한법률위반(조세)의 점 및 각 조세범처벌법위반의 점은 각 무죄이다.",
            "피고인  2, 피고인  3의 항소 및 검사의 피고인들에 대한 항소를 모두 기각한다.",
            " 피고인  2,  3의 항소 및 검사의 피고인들에 대한 항소는 모두 이유 없다."
        ]
    },
    "mentionedItems": {
        "rqestObjet": [
            "000 및 000(이하 000이라 한다)으로부터의 수입금액 중 718,338,000원(실제718,338,200원, 이하, 000 탈루소득금이라고 한다)은 1995년도 000 수입금 중 2,335,200원이 잘못 산입되어 있으므로 제외되어야 한다.",
            "압수된 사건진행부 기준 수입금 중 1,103,729,000원(이하 사건진행부상 탈루소득금이라고 한다)은 162,151,000원이 탈루소득금으로 잘못 산입되어 있다.",
            "사건진행부 기준 탈루소득에 대하여 검찰이 압수한 사건진행부 3권의 기재사항을 토대로 산출하였는데 사건진행부는 세법상 장부가 아니라, 사건진행부 기재사항의 진위를 확인함이 없이 그 곳에 기재된 금액과 변호사 명의로 관할 세무서에 제출된 변호사사건수입명세서 기재 금액을 각 대비한 다음 차액만을 단순히 합산하는 방법으로 탈루소득을 산출한 것으로 그 신빙성이 없다.",
            "사건진행부 기재 금액이(명칭 생략) 법률사무소에 귀속되는 수입금액임을 인정할 만한 증거가 없다.",
            "피고인 1은 원심판결 범죄사실 기재의 경리장부를 작성하거나 비치한 사실이 없다(세무사가 피고인으로부터 매월 청구서, 영수증등의 자료를 넘겨받아 그의 명의로 세무조정계산서를 작성함에 있어서 편의상 작성, 보관한 장부이다).",
            "변호사사건 수입명세서는 일종의 신고문서이고 세법상 장부가 아니므로 여기에 기재된 금액이 실제와 다르더라도  사기 기타 부정한 행위 라고할 수 없다.",
            "사건진행부상 탈루소득금에 대하여, 압수된 사건진행부 및 변호사사건수입명세서는 세법상의 장부가 아니므로 그 기재 금액의 누락이나 불일치는 단순히 세법상의 신고누락에 해당하며 사기 기타 부정한 행위 에 해당되지 않는다.",
            "조세범처벌법 제9조 제2항은 관할세무서장으로 하여금 포탈세액 등에 관하여 즉시 징수조치를 취하도록 하는 규정에 불과하고 포탈세액 등의 추징을 명하는 근거규정은 아님에도 불구하고 위 규정을 토대로 피고인  1에 대한 추징을 명하였다.",
            "피고인  2 명의의 사문서인 보관증이 사문서위조죄의 구성요건을 충족하여야 그 행위를 증거위조죄로 의율할 수 있는데 작성명의가 진정한 사문서이므로 사문서위조죄에 해당하지 않고 따라서 증거위조죄의 성립여지도 없다.",
            "증거위조죄는  타인의 형사사건 에 한정하여 성립되는 범죄로 피고인  1이 교사하였다는 부분은 범죄를 구성하지 아니한다.",
            "원심판시 제1의 나. (1)항 기재의 1996. 6.경 5,000만 원 수령 부분에 대하여, 피고인 1은 단순히 금품전달자에 머무른 것이 아니라 주도적으로 공소외 1로부터 금품을 제공받아 공소외 1을 공소외 3 뿐아니라 당시 학교법인  (이름 생략)학원의 이사선임취소나 임시이사선임의 주무장관인 교육부장관 공소외 8에게 소개시켜 준것 뿐 아니라 여러 경로로 학교법인  (이름 생략)학원의 이사선임취소 등에 관여하였으므로 적어도 교육부장관  공소외 8에 대한 알선행위자임이 명백하다.",
            "원심판시 제1의 나. (2)항의 1997. 10.경 1억 원 수령 부분에 대하여, 공소외 3을 알선행위자로 보더라도 피고인은 단순히 금품을 전달한 자에 머무는 것이 아니라 주도적으로 공소외 1로부터 금품을 제공받아 공소외 1을 공소외 3 뿐 아니라 당시 교육부장관이었던 공소외 8에게 소개시킨 다음 여러 경로로 학교법인(이름 생략)학원의 이사선임취소나 임시이사선임과 관여하였으므로 알선행위자로 보아야 한다.",
            "원심판시 제1의 나. (3)항 기재 1997. 12. 10.경 2억 원 및 1998. 1. 20.경 2억 원 수령 부분에 대하여, 공소외 3을 알선행위자로 보더라도 피고인은 단순한 알선의뢰자 정도에 머무는 것이 아니라 공소외 3과 공모하였다고 보아야 한다.",
            "원심판시 제2의 나. (3)항 0000,0000 관행어업 손해배상금 사건 관련 수임료 누락 부분에 대하여 이 사건의 경우 1심 승소판결 및 가집행선고에 따라 수령한 3,428,672,270원의 10%인 342,867,227원을 변호사 수임료로 지급받았고, 그수임료는 장부에 정식으로 기재하지 아니하고, 피고인의 직원들 명의로 여러 차례에 걸쳐 돈 세탁을 거친 다음 개인구좌에 입금한 후 개인적으로 분배한 점 등을 참작하면 본건 변호사수임료의 확정시기는 위 금액을 지급받은 1997. 4.경으로 보아야 한다.",
            "원심이 선고한 형량은 너무 무겁거나 가벼워서 부당하다."
        ]
    },
    "assrs": {
        "acusrAssrs": [
            "피고인은 공소외 1 등으로부터 당시 대통령비서실장인 공소외 3 또는 교육부장관인 공소외 8의 직무에 속한 사항인 (명칭 생략)대학교의 임시이사체제의 철회 등과 관련하여 5천만 원을 제공받은 사실이 있다.",
            "대통령비서실장은 대통령의 직무를 보좌하여 행정 각부의 업무 등 국정전반에 걸쳐 간접적으로 그 영향력을 행사할 수 있는 지위에 있으므로 교육부장관의 업무영역도 비서실장이 직접 내지 간접적인 영향력을 행사할 수 있다고 볼 수 있다.",
            "비록 공소외 3이 (명칭 생략)대학교의 재단운영권의 회복을 할 수 있는 담당공무원은 아닐지라도 본죄에 있어서 알선행위자인 동시에 사실상의 영향력을 미칠 수 있는 알선의 상대방이 될 수 있고, 따라서 피고인은 알선을 의뢰한 자에 불과한 것이 아니라 알선행위자에 해당된다.",
            "피고인은 단순히 금품전달자에 머무른 것이 아니라 주도적으로 공소외 1로부터 금품을 제공받아 공소외 1을 공소외 3 뿐아니라 당시 학교법인 (이름 생략)학원의 이사선임취소나 임시이사선임의 주무장관인 교육부장관 공소외 8에게 소개시켜 준것 뿐 아니라 여러 경로로 학교법인 (이름 생략)학원의 이사선임취소 등에 관여하였으므로 적어도 교육부장관 공소외 8에 대한 알선행위자임이 명백하다.",
            "위 금원 수령 당시 공소외 3은 대통령 정치담당특별보좌관(장관급)으로 대통령의 업무를 보좌하는 지위에 있어 간접적으로 자신의직무권한으로서 위 사무에 이익이 되거나 불이익이 되지 않도록 행사할 수 있는 권한이 있었고, 따라서 피고인은 알선을 의뢰한자에 불과한 것이 아니라 알선행위자에 해당된다고 보아야 한다.",
            "공소외 3을 알선행위자로 보더라도 피고인은 단순히 금품을 전달한 자에 머무는 것이 아니라 주도적으로 공소외 1로부터 금품을 제공받아 공소외 1을 공소외 3 뿐 아니라 당시 교육부장관이었던 공소외 8에게 소개시킨 다음 여러 경로로 학교법인(이름 생략)학원의 이사선임취소나 임시이사선임과 관여하였으므로 알선행위자로 보아야 한다.",
            "공소외 3은 대통령정치담당특별보좌관으로 대통령의 업무를 보좌하는 지위에 있었고, (명칭 생략)대의 재단운영권 회복업무는 대통령의 업무영역에 속하고, 재단운영권 회복에 실질적으로 영향을 미칠 수 있는 지위에 있는 자라면 담당공무원은 아닐지라도 본죄에 있어서 알선행위자인 동시에 알선의 상대방이 될 수 있다.",
            "피고인은 알선의뢰자에 불과한 것이 아니라 알선행위자도 될 수 있다고 보아야 한다.",
            "공소외 3을 알선행위자로 보더라도 피고인은 단순한 알선의뢰자 정도에 머무는 것이 아니라 공소외 3과 공모하였다고 보아야 한다.",
            "소득세법상 사업소득 중 인적 용역의 제공과 관련된 총수입금액의 귀속시기는 약정에 의하여 용역에 대한 대가의 지급일로 정해진날로 하고 있고, 예외적으로 지급일이 정해지지 아니한 경우에 한하여 인적 용역의 제공 완료일로 하고 있다.",
            "이 사건의 경우 1심 승소판결 및 가집행선고에 따라 수령한 3,428,672,270원의 10%인 342,867,227원을 변호사 수임료로 지급받았고, 그수임료는 장부에 정식으로 기재하지 아니하고, 피고인의 직원들 명의로 여러 차례에 걸쳐 돈 세탁을 거친 다음 개인구좌에 입금한 후 개인적으로 분배한 점 등을 참작해본다.",
            "본건 변호사수임료의 확정시기는 위 금액을 지급받은 1997.4.경으로 보아야 한다.",
            "원심이 선고한 형량은 너무 무겁거나 가벼워서 부당하다."
        ],
        "dedatAssrs": [
            "000 및 000(이하 'OOO'이라 한다)으로부터의 수입금액 중 718,338,000원(실제718,338,200원, 이하, 000 탈루소득금이라고 한다)은 1995년도 000 수입금 중 2,335,200원이 잘못 산입되어 있으므로 제외되어야 한다.",
            "압수된 사건진행부 기준 수입금 중 1,103,729,000원(이하 사건진행부상 탈루소득금이라고 한다)은 162,151,000원이 탈루소득금으로 잘못 산입되어 있다.",
            "법인합동의 구성원들의 급여액을 총 수입금액에서 공제하지 아니하였고, 또한 구성원들의 신고납부세액을 산출세액에서 공제하지 않았다.",
            "사건진행부 기준 탈루소득에 대하여 검찰이 압수한 사건진행부 3권의 기재사항을 토대로 산출하였는데 사건진행부는 세법상 장부가 아니라, 사건진행부 기재사항의 진위를 확인함이 없이 그 곳에 기재된 금액과 변호사 명의로 관할 세무서에 제출된 변호사사건수입명세서 기재 금액을 각 대비한 다음 차액만을 단순히 합산하는 방법으로 탈루소득을 산출한 것으로 그 신빙성이 없다.",
            "달리 사건진행부 기재 금액이(명칭 생략)법률사무소에 귀속되는 수입금액임을 인정할 만한 증거가 없다.",
            "피고인은 원심판결 범죄사실 기재의 경리장부를 작성하거나 비치한 사실이 없고(세무사가 피고인으로부터 매월 청구서, 영수증 등의 자료를 넘겨받아 그의 명의로 세무조정계산서를 작성함에 있어서 편의상 작성, 보관한 장부이다).",
            "변호사사건 수입명세서는 일종의 신고문서이고 세법상 장부가 아니므로 여기에 기재된 금액이 실제와 다르더라도 '사기 기타 부정한 행위'라고할 수 없다.",
            "나아가 000 탈루소득금에 대하여, 000은 1995년 사실상 파산상태로 변호사보수금을 000로부터 가수령한 임시차입금으로 지급할 수밖에 없어 변호사보수금 지급에 있어서 가지급의 형태를 취하였고, 따라서 (명칭생략)법률사무소는 위 조합의 회계처리상황을 고려하여 1995년 이후 변호사보수금에 대한 수입금 신고를 하지 않은 것이다.",
            "나아가 장부를 조작하는 등의 위계 기타 부정행위로 인정될 만한 어떤 형태의 적극적인 행위를 하지 않았고, 사건진행부상탈루소득금에 대하여, 압수된 사건진행부 및 변호사사건수입명세서는 세법상의 장부가 아니므로 그 기재 금액의 누락이나 불일치는 단순히 세법상의 신고누락에 해당하며 '사기 기타 부정한 행위'에 해당되지 않는다.",
            "피고인들은, 나리거주어민 및 한의리거주어민이 진도군을 상대로 한 손해배상청구소송에서 제1심 판결 선고 후 가수령한342,807,227원은 전 심급을 통하여 판결이 확정되어야 비로소 그 귀속이 확정된 것이므로 그 소득의 귀속시기는 위 금액을 지급받은 1997.4.15.이 아니라 인적 용역의 제공을 완료한 날 즉, 위 소송이 종료되는 때이다.",
            "그 것이 1997년 귀속소득임을 전제로 하는 조세채무의 성립여지가 없어 결국 조세범처벌법위반죄 즉 형사사건이 될 수 없는 성질의 것이므로 피고인들이 위 보관증의 작성 및 그 교사과정에서 형사사건의 증거가 된다는 인식이 없었다.",
            "종전에 소송의뢰인의 대표자들과 구두로 합의된 사항을 문서화하기 위한 목적으로 작성한 것으로서, 그 보관증의 기재내용은 피고인들과 어민 대표자들 사이에 이미 실제로 이루어졌던 합의내용과 동일한 내용이므로 실체관계에 부합하는 진정한 내용의 문서를 작성한 것으로 증거위조죄의 구성요건에 해당하지 아니하다.",
            "보관증내용 중 '10일내에 반환한다'라는 기재부분은 문서의 수령자인 공소외 7의 요구에 의해 기재된 것으로 반환시기의 특정에 불과한 것으로 형사사건과는 전혀 무관하며, 가사 허위기재라고 하더라도 피고인 1은 교사에 관여한 사실이 없고, 피고인 3 역시 그 작성에 관여한 사실이 없다.",
            "피고인 2 명의의 사문서인 보관증이 사문서위조죄의 구성요건을 충족하여야 그 행위를 증거위조죄로 의율할 수 있는데 작성명의가 진정한 사문서이므로 사문서위조죄에 해당하지 않고 따라서 증거위조죄의 성립여지도 없다.",
            "나아가 증거위조죄는 타인의 형사사건에 한정하여 성립되는 범죄로 피고인 1이 교사하였다는 부분은 범죄를 구성하지 아니한다."
        ]
    },
    "facts": {
        "bsisFacts": [
            "피고인 1은 (명칭 생략)법률사무소의 소속변호사인 공소외 2와 공모하여, 위 변호사 사무실의 동업자가 아니고 단지 월 500여만 원의 급여를 받은 변호사인 공소외 9, 10 명의로 사업자등록증을 받게 하여 사업체에 귀속될 1995～1997년도 수입금액을 분산(이하 '소득분산액 부분'이라 한다)시켜 누진세율에 따른 조세부담 가중을 회피하였다.",
            "1995～1997년도 000 탈루소득금, 1996～1997년도 사건진행부상 탈루소득금, 1995～1997년도 000 등 수임료, 1997년도 나리·한의마을 관행어업 손해배상금 사건 관련 수임료 부분을 사업장 관할 서초세무서에 신고한 변호사 사건수입금액 명세서상에 누락시키는 등 사기 기타 부정한 방법을 하였다.",
            "피고인 1은 (명칭 생략)법률사무소의 소속변호사인 공소외 2와 공모하여 1995년도 금 129,983,774원, 1996년도 금187,862,051원, 1997년도 금 280,142,808원, 합계금 597,988,633원의 소득세를 사기 기타 부정한 행위로 포탈하였다.",
            "피고인 2, 3은 그 다음날 위 공소외 7에게 \" 피고인 1변호사가 탈세혐의로 검찰에서 조사를 받고 있는데, 위 소송사건의 성공보수금이 소득신고가 되어있지 않으니 도와달라\" 고 제의하여 이를 수락한 공소외 7에게 원심판시사실과 같이 보관증을 교부하게 된 사실을 인정할 수 있다.",
            "공소외 2 변호사를 통하여 피고인 1이 공소외 3에게 부탁하여 관할청인 교육부에 압력을 넣어 학교법인 (이름 생략)학원의 임시이사체제를 철회하고, 기존 설립자측에 의한 정이사체제로 복귀시켜 달라고 청탁하면서 공소외 3에게 전달할 위 무혐의사건에 대한 성공사례금 명목으로 5,000만 원을 교부하였다.",
            "공소외 3이 그 결정을 명분으로 하여 교육부를 상대로 로비하게 할 생각으로 피고인 1에게 경비로 사용해 달라면서 1억 원을 교부하였고, 피고인 1은 일단 변호사 수임료로 잡겠다면서 위 금원을 수령하였으며, 그 중 2,000만 원을 고충처리사건의 착수금으로 충당하였다."
        ]
    },
    "dcss": {
        "courtDcss": [
            "달리 사후에 세무공무원의 조사에 대비하여 사전에 소득을 은폐하기 위하여 경리장부를 조작하거나, 사건의뢰인들과 통모하여 사건 수임료를 조작한다는 등의 적극적인 행위가 개입되지 않은 이상, 위 사건진행부상 수임료 부분을 누락하여 신고하였다는 이유만으로는 세법상의 사기 기타부정한 행위로 평가된다고 보여지지 아니한다.",
            "위 변호사수임료의 수입이 확정되는 시기는 위 금액을 지급받은 1997.4.15.이 아니라 소득세법 제24조 및 같은 법시행령 제48조 제8호에 의하여 인적 용역의 제공을 완료한 날, 즉 위 소송이 종료되는 때가 될 것이므로 1997년에 위 소득이 귀속되었음을 전제로 한 위 공소사실 부분은 이를 인정할 만한 증거가 없다.",
            "피고인 2, 3의 보관증의 작성행위는 존재하지 아니한 증거를 이전부터 존재하고 있는 것처럼 작출하는 행위로서, 문서의 작성명의, 내용의 진부의 여부에 불구하고, 증거위조죄에 해당하고, 피고인 1이 자신의 형사사건에 관하여 피고인 2 등에게 증거위조를 교사한 이상 피고인 1의 증거위조교사죄의 성립에방해가 되지 않는다.",
            "증거인멸죄는 형사사법작용을 곤란 또는 불가능하게 하는 행위를 처벌하는 것으로서 추상적 위험범이고, 현실적으로 형사사법의 작용을 방해하는 결과가 초래될 것을 요하지 아니하며, 그 고의는 타인의 형사사건에 관한 증거를 위조한다는 인식으로 족하는 것이어서, 피고인들의 증거위조에 대한 범의 또한 넉넉히 인정되므로 피고인들의 이 부분 항소논지는 이유 없다.",
            "위 관행어업사건의 탈루소득금 부분에 대한 무죄는, 위 공소사실 자체가 범죄를 구성하지 아니하는 경우가 아니라 이를 입증할 증거가 없다는 이유로 무죄를 선고하게 된 것이므로 형법 제325조 전단 무죄임을 전제로 한 피고인들의 항소논지 또한 이유 없다.",
            "이 사건의 경우 알선의뢰자인 공소외 1은 피고인 1이 공소외 3에게 알선해 달라는 명목으로 위 금원을 교부한 것이 아니라 위 금원을 공소외 3에게 전달하여 교육부장관에게 영향력을 행사해 달라는 명목으로 교부한 것이므로, 피고인 1은 알선행위자가 아니다.",
            "피고인 1이 위 금원 수령 당시 공소외 3과 공모하여 위 금원을 알선수재하였거나 피고인 1이 위 금원을 수령한 후 공소외 3이 피고인 1과 공모하여 위 금원을 알선수재하였다는 증거도 없으므로, 결국 원심의 판단은 옳고, 검사의 항소논지는 이유 없다.",
            "공소외 1 자신이 위 1억 원의 교부 명목을 명시적으로 언급한 사실이 없다고 진술하고 있는 상황에서 달리 피고인 1이 위 금원을 고충처리위원들에 대한 청탁자금으로 받았다고 볼 증거가 없다.",
            "공소외 3에 대한 알선명목이라면 당시 공소외 3은 대통령 정치담당특별보좌관으로 위 알선의 목적인 학교법인 (이름 생략)학원 문제와 관련하여 법률상, 사실상 아무런 직무관련성이 없었으며,, 당시 교육부장관이던 공소외 19(1997.8.6.-1998.3.3.)등 교육부 공무원에 대한 알선명목으로 교부되었다고 볼 증거도 없다는 원심 판단에는 아무런 잘못이 없다.",
            "공소외 3에게 교육부에 영향력을 행사해달라는 취지로 위 금원을 교부하였다는 것으로 공소외 3은 당시대통령 정치담당특별보좌관으로 위 (이름 생략)학원 문제와 관련하여 직무관련성이 없고, 공소외 3으로 하여금 교육부장관에게 청탁하라는 명목으로 제공되었더라도 피고인 1이 공소외 3과 공모하여 위 돈을 수령하였다는 점에 대한 증거가 없다는원심 판단에는 아무런 잘못이 없다.",
            "구성요건적 행위와 행위주체의 면에 있어서 규정상의 아무런 차이가 없어 동일사항을 규율대상으로 삼고 있는 법률규정으로 보여지는 이상, 위에서 본 특정범죄 가중처벌 등에 관한 법률 위반(알선수재)의 점에 대한 판단과 같이 위 변호사법위반의 점 역시 이를 인정할 만한 증거가 없다.",
            "피고인 2, 3은 각 초범이고, (명칭 생략)법률사무소의 사무원들로서 피고인 1의 지시에 따라 이 사건 증거위조 행위에 가담한 사정 등 그밖에 기록에 나타난 위 피고인들의 이 사건 양형의 요소가 될 수 있는 모든 점들을 참작하여 보면, 원심이 위 피고인들에게 선고한 형은 적절하여 너무 무겁거나 가볍지 아니하다고 보여지므로, 위 피고인들 및 검사의 양형부당의 항소논지는 모두 이유 없다."
        ]
    },
    "close": {
        "cnclsns": [
            "피고인 1에 대한 원심판결 중 특정범죄 가중처벌 등에 관한 법률 위반(알선수재)의 점에 대한 무죄 부분을 제외한 나머지 부분을 파기한다.",
            "피고인 1을 벌금 3,000,000원에 처한다.",
            "피고인 1이 위 벌금을 납입하지 아니하는 경우 금 50,000원을 1일로 환산한 기간 위 피고인을 노역장에 유치한다.",
            "피고인 1에 대한 원심판결 선고전 구금일수 1일을 위 피고인에 대한 노역장유치기간에 산입한다.",
            "피고인 1에 대하여 위 벌금 상당액의 가납을 명한다.",
            "피고인 1에 대한 특정범죄 가중처벌 등에 관한 법률 위반(조세)의 점 및 각 조세범 처벌법 위반의 점은 각 무죄.",
            "피고인 2, 피고인 3의 항소 및 검사의 피고인들에 대한 항소를 모두 기각한다."
        ]
    }
}