{
    "info": {
        "caseField": "2",
        "detailField": "6",
        "trailField": "2",
        "caseNm": "특정범죄가중처벌등에관한법률위반(도주차량)(인정된 죄명 : 교통사고처리특례법위반),도로교통법위반(음주운전),도로교통법위반",
        "courtNm": "전주지법",
        "judmnAdjuDe": "2001. 11. 08.",
        "caseNo": "2000노1145",
        "relateLaword": [
            "특정범죄가중처벌등에관한법률 제5조",
            "도로교통법 제50조"
        ],
        "qotatPrcdnt": [
            "대법원 2000. 5. 12. 선고 2000도1038 판결",
            "대법원 2001. 1.5. 선고 2000도2563 판결 ",
            "대법원 1998. 3. 24. 선고98도34 판결",
            "대법원 1999. 11. 12. 선고 99도3140 판결"
        ]
    },
    "concerned": {
        "acusr": "1",
        "dedat": "1"
    },
    "org": {
        "orgJdgmnCourtNm": "전주지법 ",
        "orgJdgmnAdjuDe": "2000. 10. 17. ",
        "orgJdgmnCaseNo": "2000고단1043"
    },
    "disposal": {
        "disposalform": "6",
        "disposalcontent": [
            "원심판결을 파기한다.",
            "피고인을 징역 10월에 처한다.",
            "원심판결 선고 전의 구금일수 150일을 위 형에 산입한다",
            "다만 이 판결 확정일로부터 2년간 위 형의 집행을 유예한다",
            "이 사건 공소사실 중 피해자 B의 승합차에 대한 손괴후미조치로 인한 도로교통법위반의 점은 무죄이다."
        ]
    },
    "mentionedItems": {
        "rqestObjet": [
            "이 사건 공소사실 중 피해자 C 소유의 화물차에 대한 손괴후미조치로 인한 도로교통법위반의 점에 관하여는 피고인은 술에만취하여 접촉사고가 발생한 사실조차 몰랐을 뿐만 아니라 사고현장의 상황 또한  도로에서 일어나는 교통상의 위험과 장애를방지, 제거하여 안전하고 원활한 교통을 확보\"하는 조치가 필요한 상황이 아니었음에도 불구하고 원심은 이 부분 공소사실을유죄로 인정한 잘못을 범하였다.",
            "피해자 B의 승합차에 대한 손괴후미조치로 인한 도로교통법위반의 점 및 각 특정범죄가중처벌등에관한법률위반(도주차량)의 점에 대하여는 피고인은 교통사고 후 교통정체를 피하기 위하여 사고차량을 다가교 우측 인도 옆으로 옮겨 정차시킨 사실이 있을 뿐이지 도주한 사실이 전혀 없음에도 불구하고 원심은 이 부분 공소사실 역시 유죄로 인정한 잘못을 범하였다.",
            "원심의 피고인에 대한 형의 양정도 너무 무거워 부당하다."
        ]
    },
    "assrs": {
        "acusrAssrs": [],
        "dedatAssrs": [
            "이 사건 공소사실 중 피해자 C 소유의 화물차에 대한 손괴후미조치로 인한 도로교통법 위반의 점에 관하여는 피고인은 술에 만취하여 접촉사고가 발생한 사실조차 몰랐을 뿐만 아니라 사고현장의 상황 또한 도로에서 일어나는 교통상의 위험과 장애를 방지·제거하여 안전하고 원활한 교통을 확보하는 조치가 필요한 상황이 아니었음에도 불구하고 원심은 이 부분 공소사실을 유죄로 인정한 잘못을 범하였다.",
            "피해자 B의 승합차에 대한 손괴후미조치로 인한 도로교통법 위반의 점 및 각 특정범죄 가중처벌 등에 관한 법률 위반(도주차량)의 점에 대하여는 피고인은 교통사고 후 교통정체를 피하기 위하여 사고차량을 다가교 우측 인도 옆으로 옮겨 정차시킨 사실이 있을 뿐이지 도주한 사실이 전혀 없음에도 불구하고 원심은 이 부분 공소사실 역시 유죄로 인정한 잘못을 범하였다.",
            "원심의 피고인에 대한 형의 양정도 너무 무거워 부당하다."
        ]
    },
    "facts": {
        "bsisFacts": [
            "피고인이 2000.5.20.00:30경 0 승용차를 운전하고 0000 소재 다가교 앞길에 이르러 완산교 방면에서 0 방면으로 시속 약 30km의 속도로 좌회전함에 있어 조향 및 제동장치를 정확히 조작하지못한 업무상 과실이 있다.",
            "피고인은 이 과실로 위 다가교 우측 교각을 충격한 후 다시 중앙선을 침범하여 마침 반대편 1차로에 정지신호에 따라 정차하고있던 피해자 B 운전의 D 0 승합차의 좌측 뒤 휀다 부분을 위 승용차의 좌측 앞 범퍼 부분으로 충격하여 피해자 B로 하여금 약 3주간의 치료를 요하는 뇌진탕 등을 입게 하였다.",
            "피고인은 위 승합차에 타고 있던 피해자 E, F로 하여금 각 약 3주간의 치료를 요하는 경추부염좌상, 뇌진탕 등을 각 입게 함과 동시에 위 승합차를 수리비 888,635원 상당이 들도록 손괴하고서도 즉시 정차하여 피해자를 구호하는 등 필요한 조치를 취하지 아니하고 그대로 도주하였다."
        ]
    },
    "dcss": {
        "courtDcss": [
            "원심이 거시한 증거들에 의하여 인정되는 가해차량 및 피해차량의 파손 정도 및 충격시의 흔들린 정도와 소리의 크기, 피고인이 이 사건 사고 당시 술에 취한 정도 및 운전한 거리 등에 비추어 보면 피고인은 미필적으로라도 자신이 피해자 C의 화물차를 들이받았다는 사실을 알았다고 보여진다.",
            "한편 도로교통법 제50조 제1항의 취지는 도로에서 일어나는 교통상의 위험과 장해를 방지·제거하여 안전하고 원활한 교통을 확보함을 그 목적으로 하는 것이지 피해자의 물적 피해를 회복시켜 주기 위한 규정이 아님은 피고인이 주장하는 바와 같다.",
            "원심이 거시한 증거들에 의하여 인정되는 이 사건 사고의 내용과 피해의 태양과 정도에 비추어 보면 피고인은 현장에 즉시 정차하고 교통사고로 인한 사상자가 있는지, 교통의 흐름에 방해가 될 만한 차체 유류물이 떨어져 있는지를 확인하는 등의 조치를 취하였어야 할 것이므로 피고인의 이 부분 주장은 이유가 없다.",
            "원심이 적법하게 조사하여 채택한 증거들에 의하면 피고인이 위 일시경 위 장소에서 위와 같은 교통사고를 일으킨 사실은 충분히 인정된다.",
            "원심은 나아가 그 내세운 증거들에 의하여 피고인이 교통사고를 일으키고서도 별다른 조치를 취하지 아니한 채 그대로 도주하였다는 사실을 인정하였다.",
            "원심이 피고인의 행위는 특정범죄 가중처벌 등에 관한 법률 제5조의3 제1항의 '사상자를 구호하는 등 도로교통법제50조 제1항의 조치를 취하지 아니하고 도주한 때' 및 도로교통법 제106조의 '도로교통법 제50조 제1항이 정하는 교통사고발생시의 조치를 취하지 아니한 때'에 해당한다고 판단하였다.",
            "특정범죄 가중처벌 등에 관한 법률 제5조의3 '제1항 소정의 피해자를 구호하는 등 도로교통법 제50조 제1항의 규정에 의한 조치를 취하지 아니하고 도주한 때'라 함은 아래 내용과 같다.",
            "사고 운전자가 사고로 인하여 피해자가 사상을 당한 사실을 인식하였음에도 불구하고 피해자를 구호하는 등 도로교통법 제50조 제1항에 규정된 의무를 이행하기 이전에 사고현장을 이탈하여 사고를 낸 자가 누구인지 확정될 수 없는 상태를 초래하는 경우를 말하는 것이다(대법원 2000.5.12.선고 2000도1038 판결, 대법원 2001.1.5.선고 2000도2563 판결 등 참조).",
            "도로교통법 제50조 제1항의 취지는 도로에서 일어나는 교통상의 위험과 장해를 방지·제거하여 안전하고 원활한 교통을 확보함을 그 목적으로 하는 것이지 피해자의 물적 피해를 회복시켜 주기 위한 규정은 아니다.",
            "이 경우 운전자가 현장에서 취하여야 할 조치는 사고의 내용, 피해의 태양과 정도 등 사고 현장의 상황에 따라 적절히 강구되어야 할 것이고, 그 정도는 건전한 양식에 비추어 통상 요구되는 정도의 조치를 말한다고 할 것이다(대법원 1998.3.24.선고98도34 판결, 대법원 1999.11.12.선고 99도3140 판결 등 참조).",
            "피고인이 사고 후 운전하여 간 거리가 술취한 운전자가 1차로에서 2차로의 가장자리에 주차시키는 데 통상 필요하리라고 생각되는 정도를 크게 넘지 않는다.",
            "만약 피고인이 도주할 의사였다면 H에게 잡히기 전에 이미 다가교를 벗어났을 것으로 보이고, 빠른 속도로 도주하는 차를 잡기 위하여 그 차 바로 앞에 막아선다는 것은 매우 위험한 일이므로 H가 피고인의 차를 막아설 때 필시 피고인의 차는 서행하고 있었을 것으로 보인다.",
            "피고인의 차가 도로 2차로의 인도 옆 가장자리에 정차한 점 등에 비추어 보면 피고인이 사고현장을 이탈하여 사고야기자로서 확정될 수 없는 상태를 초래하여 도주하고, 도로교통법 제50조 제1항이 정하는 교통사고 발생시의 조치를 취하지 아니하였다고 보기는 어렵다 할 것이다.",
            "그밖에 달리 H 및 피해자들의 수사기관 및 법정에서의 진술만으로는 이를 인정하기에 부족하다.",
            "이 부분 공소사실은 범죄의 증명이 없는 때에 해당함에도 불구하고 이를 유죄로 인정한 원심판결은 사실을 오인하여 판결의 결과에 영향을 미친 잘못을 범하였다고 할 것이므로 이 점을 지적하는 피고인의 이 부분 주장은 이유가 있다."
        ]
    },
    "close": {
        "cnclsns": [
            "원심판결을 파기한다.",
            "피고인을 징역 10월에 처한다.",
            "원심판결 선고 전의 구금일수 150일을 위 형에 산입한다.",
            "다만 이 판결 확정일로부터 2년간 위 형의 집행을 유예한다.",
            "이 사건 공소사실 중 피해자 B의 승합차에 대한 손괴후미조치로 인한 도로교통법 위반의 점은 무죄."
        ]
    }
}