{
    "info": {
        "caseField": "2",
        "detailField": "6",
        "trailField": "1",
        "caseNm": "경매방해",
        "courtNm": "인천지법 부천지원",
        "judmnAdjuDe": "2001. 05. 18.",
        "caseNo": "2001고단23",
        "relateLaword": [
            "형법 제315조",
            "주택임대차보호법 제3조"
        ],
        "qotatPrcdnt": []
    },
    "concerned": {
        "acusr": "자연인.검사",
        "dedat": "1"
    },
    "org": {
        "orgJdgmnCourtNm": "인천지법",
        "orgJdgmnAdjuDe": " 2001. 7. 11.",
        "orgJdgmnCaseNo": "2001노1079"
    },
    "disposal": {
        "disposalform": "6",
        "disposalcontent": [
            "피고인을 징역 10월에 처한다.",
            "이 판결선고 전의 구금일수 40일을 위 형에 산입한다."
        ]
    },
    "mentionedItems": {
        "rqestObjet": [
            "피고인을 징역 10월에 처한다.",
            "이 판결선고 전의 구금일수 40일을 위 형에 산입한다."
        ]
    },
    "assrs": {
        "acusrAssrs": [
            "공소외 2와 함께 그 점을 알지 못하는 위 지원 성명불상 경매 3계 직원에게 위 서류들을 제출함으로써 위계의 방법으로 위 부동산 임의경매사건의 공정한 경매를 방해하였다."
        ],
        "dedatAssrs": [
            "피고인의 변호인은 우선, 공소외 2와의 임대차계약서의 작성일자인 1999.8.11.피고인이 실제로 임대차계약서를 작성한 후 같은해 9.경 공소외 2에게 이혼위자료조로 가지고 있으라고 준 것이므로, 피고인과 공소외 2는 임대차계약 관계에 있다고 할 것이어서 이 사건 범죄는 성립하지 아니한다는 취지의 주장을 한다.",
            "피고인의 변호인은 유죄로 인정된다고 하더라도 공소외 2가 경매법원에 임대차보증금의 배당요구를 철회하였으므로 피고인에 대하여 벌금형 등의 관대한 처분을 구한다."
        ]
    },
    "facts": {
        "bsisFacts": [
            "피고인은 공소외 1 주식회사의 대표이사인바, 피고인의 전처인 공소외 2와 2000.2.14.경 협의이혼신고를 하였다(협의이혼확인은2000.1.5.).",
            "위자료 2억 원에 대한 담보조로 피고인이 실질적으로 소유하는 0000 소재 건물(소유자 명의는 피고인의 어머니인 공소외 3임)을 임대차목적물로 하고, 임차인 공소외 2 명의로 된 임대차계약서를 작성하여 공소외 2에게 건네주었을 뿐 실제 피고인은 공소외 2와 임대차계약을 체결하거나 임대차보증금을 주고 받은 사실이 없다.",
            "000에서 공소외 1 주식회사에 대한 물품대금 채권 139,755,678원을 변제받기 위하여 기히 설정해 둔 근저당권을 근거로 위 주택에 대하여 경매신청을 하여 경매절차가 진행되었다.",
            "공소외 2와 공모하여, 2000.9.19.0000 소재 인천지방법원 부천지원 경매 3계 사무실에서, 위 주택에 대한 위 법원 D, 채권자 000, 채무자 공소외 1 주식회사의 부동산 임의경매사건에 관하여, 그 곳에 비치된 권리신고 및 배당요구 신청서의 임차보증금란에 일억 오천만 원, 신청인 성명란에 \"공소외 2\" 라고 자필로 기재하였다.",
            "피고인이 임의로 임대차보증금 일억 오천만 원, 작성일자 1999.8.11.임대인 공소외 3, 임차인 공소외 2 등으로 미리 기재하여 작성해 둔 위 주택에 대한 허위 임대차계약서 사본을 첨부하여 공정한 경매를 방해하였다.",
            "위 공소외 2와 함께 그 점을 알지 못하는 위 지원 성명불상 경매 3계 직원에게 위 서류들을 제출함으로써 위계의 방법으로 위 부동산 임의경매사건의 공정한 경매를 방해한 것이다."
        ]
    },
    "dcss": {
        "courtDcss": [
            "살피건대, 다음과 같은 이유로 위 임대차계약서의 작성일자는 피고인이 이 사건 경매개시결정을 송달받은 후라고 판단되므로, 위 주장은 이유 없어 받아들이지 아니한다.",
            "임대차계약서에 작성일자 당시의 확정일자가 없다.",
            "판시 건물(이하 ‘이 사건 주택’이라고 한다)의 실질적 소유자가 남편이고 소유명의자가 시어머니이므로 통상 제3자가 그 임대차관계를 의심하리라 예상되는데도 이에 대하여는 아무런 조치를 취하지 아니하였다.",
            "결국 피고인이 경매개시결정을 송달받은 후에야 이 사건 임대차계약서를 작성하였으므로 확정일자를 받을 수 없었다고 판단된다.",
            "둘째, 피고인은 당시 처인 공소외 2에게 위자료를 보장하여 주기 위하여 임대차계약서를 작성하였다고 하나, 그와 같은 목적이었다면 아예 이 사건 주택의 소유자를 공소외 2 명의로 하는 것이 더욱 공소외 2를 보호하는 길이 되었을 것이다.",
            "이 사건 주택을 1999.6.22.공소외 F가 경락받았는데, 피고인은 위 F로부터 1999.8.11.피고인의 어머니 공소외 3 명의로 매수하였다.",
            "그 당시 피고인이 공소외 2에게 위와 같이 위자료조로 1억 5천만 원을 주려고 하였다면 아예 이 사건 주택의 소유자명의를 공소외3이 아닌 공소외 2로 하여 매수하고 타에 근저당권을 설정하는 것이 더욱 사리에 맞아 보인다.",
            "셋째, E의 진술에 의하면, 000 주식회사의 기존 담보물(서울 강북구 G 임야 1091㎡, 채권최고액 5억 원)을 이 사건 주택으로 교체할 당시 피고인은 위 주택의 실질적 소유자로서 위 주택에 살고 있다고 말하였고 당시 피고인의 처였던 공소외 2와 임대차계약관계에 있다는 말을 하지 아니하였던 사실이 인정된다.",
            "넷째, 공소외 2가 수사기관에서 처음하였던 진술에 의하면 피고인과 공소외 2가 공모하여 이 사건 주택에 대한 경매개시결정 후 임대차계약서를 허위로 작성한 사실이 명백하다.",
            "즉, 공소외 2의 진술에 의하면, 2000.2.14.협의이혼 후 2000.5.경 법원으로부터 경매개시가 되었다는 서류가 송달되어 오고계속 경매관련 서류가 송달되어 와서 피고인과 협의하였다.",
            "피고인이 \"공소외 2가 위 주택에 전세입자로서 살고 있는 것처럼 임대차계약서를 작성하여서 그것을 근거로 배당신청을 하면 임대차보증금에 상당하는 돈을 배당받을 수 있으니 보증금을 1억 5천만 원으로 하는 임대차계약서를 작성하자.\" 고 하여 이를 믿고 피고인에게 공소외 2의 도장을 건네주자 피고인이 임대차계약서를 작성하여 와서 받았다.",
            "피고인으로부터 임대차계약서를 받은 일시는 2000.7.하순경 중학교 1년생 아들이 여름방학이시작되어서 설악산으로 2박 3일 여름휴가를 다녀온 직후이고, 받은 장소는 스카이락 앞 마당 주차장에서 피고인이 운행하는 다이너스티 승용차 안이라고 한다(수사기록 224면, 231면, 262면).",
            "그 후 공소외 2는 피고인으로부터 임대차계약서를 받은일시가 잘 기억이 나지 않는다고 하다가(수사기록 320면, 338면), 건네 받은 일시는 피고인과 이혼하기 전이고 건네받은 장소는 아무튼 차안에서 받은 것 같다고 진술하다가(수사기록 340면, 341면), 다시 피고인이 임대차계약서를 위 주택에 있던 소파에 집어던지고 나가버렸다고 진술하고 있다(2001.3.9.법정진술).",
            "이는 공소외 2가 자신의 원래의 진술을 번복하여 점점 피고인의 진술내용에 일치시켜 나가는 것으로 보인다.",
            "그러나 공소외 2가 주장하는 보증금액은 주택임대차보호법상 소액보증금이 아니고 확정일자도 없으므로 경매법원의 배당절차에서는 원래부터 한 푼도 배당받지 못하고, 다만, 주택임대차의 대항력취득일자가 선순위 근저당권설정일자보다 앞서는 경우에 한하여 주택의 경락인에 대하여 임대차의 존속을 주장하여 임대차종료시 경락인으로부터 보증금을 변제받을 수 있는 지위에 있을뿐이었다.",
            "즉, 이 사건에서는 공소외 2가 경매법원의 배당절차에서 보증금액을 배당받음으로써 경매가 방해되는 것이 아니라, 공소외 2가 대항력 있는 주택임차인의 외관을 갖추고 그 사실을 권리신고 및 배당요구신청서를 통하여 입찰참가인에게 나타내어 그 보증금액만큼 입찰가를 저감시킴으로써 공정한 경매가 방해되는 것이다.",
            "따라서 공소외 2가 원래부터 받을 수 없는 배당을 포기하여 배당요구를 철회한다고 하여도 대항력 있는 임차인이라는 주장을 유지하는 한 이 사건 경매절차에 어떠한 변동도 생기지 아니한다.",
            "오히려, 공소외 2가 판시와 같이 임대차관계가 없음에도 불구하고, 이 사건 재판과정에서 나타난 바와 같이 계속하여 임차인으로서 대항력이 있다는 취지의 주장을 하는 이상, 이 사건 경매에서의 입찰참가인들로서는 경락 후 위 보증금반환채무를 인수하여야한다는 위험부담을 안고 입찰에 참가하게 되므로, 위 주택이 그 보증금액 만큼 저감된 채로 경락될 수밖에 없어서 결국 공정한경매가 방해되는 결과가 된다고 할 것이다."
        ]
    },
    "close": {
        "cnclsns": [
            "피고인을 징역 10월에 처한다.",
            "이 판결선고 전의 구금일수 40일을 위 형에 산입한다."
        ]
    }
}