{
    "info": {
        "caseField": "2",
        "detailField": "6",
        "trailField": "2",
        "caseNm": "사기,사문서위조,위조사문서행사,업무상횡령",
        "courtNm": "서울지방법원",
        "judmnAdjuDe": "2002. 03. 08.",
        "caseNo": "2001노6606",
        "relateLaword": [
            "형사소송법 제364조"
        ],
        "qotatPrcdnt": []
    },
    "concerned": {
        "acusr": "1",
        "dedat": "4"
    },
    "org": {
        "orgJdgmnCourtNm": "서울지방법원 동부지원",
        "orgJdgmnAdjuDe": "2001. 7. 11.",
        "orgJdgmnCaseNo": " 2001고단338, 2001고단776 (병합) "
    },
    "disposal": {
        "disposalform": "6",
        "disposalcontent": [
            "원심판결을 파기한다.",
            "피고인을 원심판시 제1, 2, 4, 5의 죄에 대하여 징역 4월에, 원심판시 제3의 죄에 대하여 징역 2월에 각 처한다.",
            "원심판결 선고전의 구금일수 7일을 원심판시 제1, 2, 4, 5의 죄에 대한 위 형에 산입한다."
        ]
    },
    "mentionedItems": {
        "rqestObjet": [
            "피고인은 적법한 항소이유서 제출기간 내에 항소이유서를 제출하지 아니하였으나 직권으로 살피건대, 피고인이 이 사건 범행에 이르게 된 동기와 경위, 범행 후의 정황, 기타 피고인의 연령, 성행, 환경, 범죄경력 등 기록에 나타난 여러 가지 양형의 조건들을 참작하여 보면 원심의 형량은 너무 무거워서 부당하다고 인정되므로 이 점에서 원심판결은 더 이상 유지될 수 없다."
        ]
    },
    "assrs": {
        "acusrAssrs": [],
        "dedatAssrs": []
    },
    "facts": {
        "bsisFacts": []
    },
    "dcss": {
        "courtDcss": [
            "피고인은 적법한 항소이유서 제출기간 내에 항소이유서를 제출하지 아니하였으나 직권으로 살피건대, 피고인이 이 사건 범행에 이르게 된 동기와 경위, 범행 후의 정황, 기타 피고인의 연령, 성행, 환경, 범죄경력 등 기록에 나타난 여러 가지 양형의 조건들을 참작하여 보면 원심의 형량은 너무 무거워서 부당하다고 인정되므로 이 점에서 원심판결은 더 이상 유지될 수 없다."
        ]
    },
    "close": {
        "cnclsns": [
            "원심판결을 파기한다.",
            "피고인을 원심판시 제1, 2, 4, 5의 죄에 대하여 징역 4월에, 원심판시 제3의 죄에 대하여 징역 2월에 각 처한다.",
            "원심판결 선고전의 구금일수 7일을 원심판시 제1, 2, 4, 5의 죄에 대한 위 형에 산입한다."
        ]
    }
}