{
    "info": {
        "caseField": "2",
        "detailField": "6",
        "trailField": "2",
        "caseNm": "",
        "courtNm": "서울고법",
        "judmnAdjuDe": "2002. 04. 12.",
        "caseNo": "2001노3042",
        "relateLaword": [
            "형법 제288조 ",
            "특정범죄가중처벌등에관한법률 제5조",
            "형사소송법 제369조",
            "형법 제347조",
            "형법 제57조",
            "형사소송법 제325조"
        ],
        "qotatPrcdnt": []
    },
    "concerned": {
        "acusr": "1",
        "dedat": "1"
    },
    "org": {
        "orgJdgmnCourtNm": "서울지법",
        "orgJdgmnAdjuDe": "2001. 11. 15.",
        "orgJdgmnCaseNo": "2001고합1030 "
    },
    "disposal": {
        "disposalform": "6",
        "disposalcontent": [
            "원심판결을 파기한다.",
            "피고인을 징역 1년 6월에 처한다.",
            "원심판결 선고 전의 구금일수 65일을 위 형에 산입한다.",
            "이 사건 공소사실 중 특정범죄가중처벌등에관한법률위반(영리약취,유인 등)의 점은 무죄이다."
        ]
    },
    "mentionedItems": {
        "rqestObjet": [
            "피해자는 다방 영업의 생리를 누구보다 잘 알고 있어 피고인이나  원심 공동피고인 1,  원심 공동피고인 2에게 유인 당할 정도로 분별능력이 없는 상태가 아니었음에도 피고인이  원심 공동피고인 1,  원심 공동피고인 2와 공모하여  피해자들을 유인하였다고 인정한 원심은 사실은 오인하여 판결에 영향을 미친 위법을 범하였다.",
            "피고인에게 선고한 원심의 형이 너무 무거워 부당하다."
        ]
    },
    "assrs": {
        "acusrAssrs": [],
        "dedatAssrs": [
            "피고인은 무허가 직업소개소를 운영하면서 원심 공동피고인인 원심 공동피고인 1, 원심 공동피고인 2로 하여금 피해자 1, 피해자2를 데리고 오도록 한 것은 사실이나, 피해자 1, 피해자 2를 기망하여 유인한 것이 아니라 원심 공동피고인 1, 원심 공동피고인 2가 피고인의 의사와 관계없이 피해자 1, 피해자 2에게 돈을 많이 벌 수 있다고 과장된 말을 하였을 뿐이다.",
            "피해자 1, 피해자 2는 당시 이미 1년 이상 다방 종업원 생활을 하여 다방 영업의 생리를 누구보다 잘 알고 있어 피고인이나 원심 공동피고인 1, 원심 공동피고인 2에게 유인 당할 정도로 분별능력이 없는 상태가 아니었다.",
            "그럼에도 피고인이 원심 공동피고인 1, 원심 공동피고인 2와 공모하여 피해자 1, 피해자 2를 유인하였다고 인정한 원심은 사실은 오인하여 판결에 영향을 미친 위법을 범하였다.",
            "피고인이 피해자 1, 피해자 2를 감금하거나 그들의 수입을 갈취한 것이 아니고, 사기 사건의 피해자 3과 합의하여 피해자 3이 피고인에 대한 처벌을 바라지 않고 있는 점, 피고인이 자신의 잘못을 깊이 뉘우치고 있는 점 등에 비추어 피고인에게 선고한 원심의 형이 너무 무거워 부당하다."
        ]
    },
    "facts": {
        "bsisFacts": [
            "피고인은 2001.5.초순경 원심 공동피고인 1, 원심 공동피고인 2에게 다방 등에서 일할 아가씨를 데려다 주면 취업을 시킨 후 소개비를 받아 그 중 반을 주겠다고 제의하였고, 목포에서 미성년 여자 2명을데려오겠다는 원심 공동피고인 1, 원심 공동피고인 2에게 자동차 1대를 렌트하여 주고 활동비를 지급한 사실이 있다.",
            "원심 공동피고인 1, 원심 공동피고인 2는 다방 종업원으로 일하고 있던 피해자 1, 피해자 2에게 \"광주에 함께 올라가 다방 일을 도와주면 한 명당 3개월에 최소한 8,000만 원을 벌게 하여 준다.\"는 취지의 말을 하면서 자신들과 함께 광주로 올라갈 것을 권유한 사실이 있다.",
            "피고인은 피해자 1, 피해자 2에게 0000 소재 00000에 방 하나를 얻어 원심 공동피고인 1, 원심 공동피고인 2 및 공소외 00과 함께 생활하도록 한 사실이 있다.",
            "피고인은 원심 공동피고인 1, 원심 공동피고인 2에게 피해자들과 같이 지내면서 늘 행동을 함께 할 것을 지시하였고, 원심 공동피고인 1, 원심 공동피고인 2는 10여 일간 여관에서 지내는 동안 식사도 여관으로 주문하여 해결하였다.",
            "피해자 1, 피해자 2가 외출하는 경우 동행하는 등 함께 생활하여 온사실, 피고인은 피해자 1, 피해자 2를 0000 소재 0에 소개하여 주고 소개비 이외에 선불금을 자신이 직접 지급받은 다음 7일 정도 일하게 한 후 다시 데려오는 수법으로 이른바 탕치기를 하였다.",
            "피해자 1, 피해자 2가 힘들다고 하면 다시 데려와 다른 다방에 소개하여 주고 소개비를 받는 등으로 피해자 1, 피해자 2를 사실상 관리하여 온 사실을 인정할 수 있다."
        ]
    },
    "dcss": {
        "courtDcss": [
            "형법 제288조가 규정하고 있는 '유인'은 기망 또는 유혹을 수단으로 하여 사람을 자유로운 생활관계 또는 보호관계로부터 자기또는 제3자의 사실적 지배하에 옮기는 것을 의미한다.",
            "피해자 1, 피해자 2의 각 검찰 진술과 당심 법정에 증인으로 출석한 피해자 2의 진술에 의하면, 피해자1, 피해자 2는 당시 만 18세의 미성년자이기는 하나 이미 3년 가까이 다방 종업원으로 생활하면서 8곳 정도의 다방에서 일을한 경험이 있어 누구보다 다방 영업의 생리에 대하여 잘 알고 있었다.",
            "피해자 1, 피해자 2는 피고인이나 원심 공동피고인 1, 원심 공동피고인 2로부터 3개월에 8,000만 원을 벌게 해 준다거나 혹은 단기간 내에 많은 돈을 벌게 해 준다는 말을 듣기는 하였으나 이를 그대로 믿지는 않았다.",
            "가까운 사이로 지내던 원심 공동피고인 1, 원심 공동피고인 2의 제의가 있는 데다가 당시 목포에서의 다방 종업원 생활에 싫증을 느껴 목포를 떠나고 싶은 마음에 쉽게 원심 공동피고인 1, 원심 공동피고인2를 따라 광주로 가게 된 사실을 인정할 수 있을 뿐이다.",
            "피해자 1, 피해자 2가 피고인이나 원심 공동피고인 1, 원심 공동피고인 2의 감언이설에 현혹되어 판단의 적정을 그르친 나머지 피고인의 사실적 지배 하에 옮겨졌다고보기에 부족하고, 달리 피고인이 피해자 1, 피해자 2를 유인하였다고 인정할 아무런 증거가 없다.",
            "피고인이 피해자 1, 피해자 2를 유인하였다고 인정한 원심판결에는 사실을 오인하거나 유인의 점에 대한 법리를 오해한 위법이 있다고 할 것이므로 파기를 면할 수 없고, 이와 함께 경합범으로 1개의 주문이 선고된 사기의 점도 더 이상 유지될 수없게 되었다."
        ]
    },
    "close": {
        "cnclsns": [
            "원심판결을 파기한다.",
            "피고인을 징역 1년 6월에 처한다.",
            "원심판결 선고 전의 구금일수 65일을 위 형에 산입한다.",
            "이 사건 공소사실 중 특정범죄 가중처벌 등에 관한 법률 위반(영리약취,유인 등)의 점은 무죄이다."
        ]
    }
}