{
    "info": {
        "caseField": "2",
        "detailField": "6",
        "trailField": "2",
        "caseNm": "자동차관리법위반",
        "courtNm": "서울지법",
        "judmnAdjuDe": "2001. 05. 31.",
        "caseNo": "2001노944",
        "relateLaword": [
            "자동차관리법 제26조",
            "자동차관리법 제81조 "
        ],
        "qotatPrcdnt": []
    },
    "concerned": {
        "acusr": "4",
        "dedat": "1"
    },
    "org": {
        "orgJdgmnCourtNm": "서울지법 동부지원",
        "orgJdgmnAdjuDe": "2001. 1. 10.",
        "orgJdgmnCaseNo": "2000고단1841"
    },
    "disposal": {
        "disposalform": "9",
        "disposalcontent": [
            "원심판결을 파기한다.",
            "피고인을 벌금 500,000원에 처한다",
            "피고인이 위 벌금을 납입하지 아니하는 경우 금 40,000원을 1일로 환산한 기간 피고인을 노역장에 유치한다. 다만, 단수금액은 이를 1일로 한다."
        ]
    },
    "mentionedItems": {
        "rqestObjet": [
            "심이 피고인의 이 사건 행위가 위 자동차관리법 소정 조항의 위반행위에 해당하지 않는다는 이유로 피고인에게 무죄를 선고한 것은 이 사건 공소사실의 취지 및 위 자동차관리법 소정 조항에 관한 법리를 오해한 것이다."
        ]
    },
    "assrs": {
        "acusrAssrs": [
            "송파구청이 불법주차로 견인된 피고인 점유 차량에 대하여 도로교통법상 반환에 필요한 조치를 취하였음에도 이를 찾아가지 않고 방치의사로 이 사건 견인차량보관소에 계속하여 내버려둔 피고인의 행위는 부작위에 의한 자동차방치행위에 해당한다 할 것이다.",
            "자동차관리법 제26조 제1항 제3호 소정의 \"정당한 사유 없이 자동차를 타인의 토지에 방치하는 행위\"는 작위뿐만이 아니라 부작위에 의하여서도 범하여질 수 있는 것이므로 피고인의 위와 같은 행위는 위 자동차관리법 소정조항의 위반 행위에 해당한다고 봄이 상당하다.",
            "그럼에도 원심이 피고인의 이 사건 행위가 위 자동차관리법 소정 조항의 위반행위에 해당하지 않는다는 이유로 피고인에게 무죄를 선고한 것은 이 사건 공소사실의 취지 및 위 자동차관리법 소정 조항에 관한 법리를 오해한 것이다."
        ],
        "dedatAssrs": []
    },
    "facts": {
        "bsisFacts": [
            "피고인이 1999.3.7.0000 소재 000 옆에 위 차량을 잠시 주차하였다가 그 차량이 불법주차로 단속되어 송파견인차량보관소로 견인되는 장면을 목격하여 위 차량이 위 보관소에 견인, 보관되어 있음을 알면서도 같은 날부터 같은 해 12.2.경까지 위 차량의 반환을 요구하지 않은 사실이 있다.",
            "송파구청은 위 차량의 소유자이자 피고인의 처인 공소외 1에게 도로교통법상 차량반환에 필요한 제반 조치를 취함과 아울러 자동차관리법상 자동차처리명령까지 발하였으나 공소외 1이 이에 불응함에 따라, 1999.11.11.견인보관소 장기보관차량매각 및 소유자고발예정공고를 하였다.",
            "이에 2000.2.15.공소외 1을 자동차관리법 위반자(차량장기방치자)로 고발한 사실이 있다."
        ]
    },
    "dcss": {
        "courtDcss": [
            "송파구청이 불법주차로 견인된 피고인 점유 차량에 대하여 도로교통법상 반환에 필요한 조치를 취하였음에도 이를 찾아가지 않고 방치의사로 이 사건 견인차량보관소에 계속하여 내버려둔 피고인의 행위에 대하여 이를 부작위에 의한 자동차방치행위로서 기소한 취지로 못 볼 바 아니다.",
            "위 자동차관리법 소정의 방치행위의 의미에 대하여 이를원심과 같이 해석한다 하더라도 반드시 이를 작위에 의한 자동차 관리의 사실상 포기 및 주차행위로 국한하여 해석하여야 할 아무런 근거가 없다.",
            "최초 타인의 토지에의 주차 당시에는 차량에 대한 관리의사를 가지고 주차를 하였으나 그 후 관리의사를 포기하였다고 볼 만한 객관적인 사정이 발생한 경우(이는 부작위에 의하여 이루어지는 경우가 많을 것이다), 혹은 처음에는 자신의 의사와는 무관하게 차량이 이동되어 타인의 토지에 주차되어 있어 본인의 의사에 의한 주차행위가 있다고 보기는 어려우나 그 후 그런 사실을 알게 되었다.",
            "그와 같은 주차상태를 언제든지 해소할 수 있는 상황에 이르러서도 이를 의식적으로 해소하지 아니한 경우에는 각 위 자동차관리법 소정의 방치행위에 해당한다고 해석함이 상당하다 할 것이고 이를 죄형법정주의 원칙에 위반한 유추해석이라거나 확장해석이라고 단정하기는 어렵다.",
            "원심이 판시한 바와 같이 피고인이 위 차량을 잠시 불법주차한 사실만으로 곧바로 이를 방치한 것으로 보기는 어렵다 할지라도, 그 차량이 견인되어 위 견인차량보관소에 보관되어 있는 사실을 알고 관할관청으로부터 이를 회수해 갈 것을 통고 받았다.",
            "그럼에도 피고인이 그로부터 무려 9개월이 경과하도록 이를 반환해가지 아니하고 계속 위 보관소에 내버려 둔 것은 위차량에 대한 관리를 사실상 포기한 것으로 볼 만한 객관적인 사정이 있는 경우로서 위 자동차관리법 소정의 방치행위에 해당한다고 해석함이 상당하다.",
            "견인된 차량이 도로교통법 등의 관련 규정에 따라 피고인의 비용부담으로 경찰서장 등이 선량한 관리자의 주의로써 이를 보관하여야 할 의무가 있을지라도 이로써 피고인이 위 차량에 대한 관리를 포기한 것으로 볼 만한 위와같은 객관적 사정이 소멸되었다고 보기 어렵다.",
            "불법주차되었다가 견인, 보관된 차량에 대하여 불법주차를 이유로 도로교통법 소정의 형사처벌 내지 과태료의 부과, 혹은 통고처분이 가능하다거나, 자동차의 사용자 등이 견인, 보관되어 있는 차량의 반환을 요구하지 않는 경우 경찰서장 등이 관련 규정에 따라 그 차량을 강제로 매각하는 등의 조치를 취할 수 있다 하더라도 그런 사정은 피고인의 이 사건 행위를 위 자동차관리법 소정 조항에 의하여 처벌함에 있어 아무런 장애가 될 수 없다 할 것이다.",
            "이 사건 공소사실은 유죄로 인정하기에 넉넉함에도 불구하고, 이를 무죄로 판단한 원심판결은 위 자동차관리법 해당조항에 관한 법리를 오해하여 판결에 영향을 미친 위법을 범하였다고 할 것이므로, 이 점을 지적하는 검사의 위 주장은 이유 있다."
        ]
    },
    "close": {
        "cnclsns": [
            "원심판결을 파기한다.",
            "피고인을 벌금 500,000원에 처한다.",
            "피고인이 위 벌금을 납입하지 아니하는 경우 금 40,000원을 1일로 환산한 기간 피고인을 노역장에 유치한다.다만, 단수금액은 이를 1일로 한다."
        ]
    }
}