{
    "info": {
        "caseField": "2",
        "detailField": "6",
        "trailField": "1",
        "caseNm": "성폭력범죄의처벌및피해자보호등에관한법률위반(카메라등이용촬영)",
        "courtNm": "서울지법",
        "judmnAdjuDe": "2001. 09. 06.",
        "caseNo": "2001노4585",
        "relateLaword": [
            "성폭력범죄의처벌및피해자보호등에관한법률 제12조",
            "성폭력범죄의처벌및피해자보호등에관한법률 제14조"
        ],
        "qotatPrcdnt": []
    },
    "concerned": {
        "acusr": "1",
        "dedat": "1"
    },
    "org": {
        "orgJdgmnCourtNm": "서울지법",
        "orgJdgmnAdjuDe": "2001. 5. 17.",
        "orgJdgmnCaseNo": "2001고단4262"
    },
    "disposal": {
        "disposalform": "10",
        "disposalcontent": [
            "원심판결을 파기한다.",
            "피고인을 벌금 5,000,000원에 처한다.",
            "피고인이 위 벌금을 납입하지 아니하는 경우 금 30,000원을 1일로 환산한 기간 피고인을 노역장에 유치한다.",
            "원심판결 선고 전의 구금일수 25일을 위 벌금에 관한 노역장 유치기간에 산입한다.",
            "압수된 디지털 카메라 1개(증 제1호)를 몰수한다.",
            "위 벌금에 상당한 금액의 가납을 명한다."
        ]
    },
    "mentionedItems": {
        "rqestObjet": [
            "피고인의 항소이유의 요지는, 피고인에 대한 원심의 형은 너무 무거워서 부당하다.",
            "카메라의 고장 또는 밧데리 충전 부족 등의 원인으로 카메라가 정상적으로 작동되지 아니한 결과 위 디지털 카메라의 메모리 장치에 피사체에 대한 아무런 영상 정보가 입력되지 아니한 사실을 인정할 수 있는바, 따라서 피고인을  성폭력범죄의처벌및피해자보호등에관한법률 제14조의2의 기수범으로 처벌할 수는없다 할 것임에도 원심은 위 조항의 기수범으로 처벌하였으니, 원심에는 사실을 오인한 나머지 판결에 영향을 미친 위법이 있다."
        ]
    },
    "assrs": {
        "acusrAssrs": [],
        "dedatAssrs": [
            "피고인에 대한 원심의 형은 너무 무거워서 부당하다."
        ]
    },
    "facts": {
        "bsisFacts": [
            "당시 피고인이 피해자들의 하체부분을 촬영하기 위하여 6회 정도 카메라의 셔터를 눌렀으나 카메라의 고장 또는 밧데리 충전 부족 등의 원인으로 카메라가 정상적으로 작동되지 아니한 결과 위 디지털 카메라의 메모리 장치에 피사체에 대한 아무런 영상 정보가 입력되지 아니하였다."
        ]
    },
    "dcss": {
        "courtDcss": [
            "이 사건 공소사실의 요지는, \"피고인이 2001.4.14.12:40경 서울 A 소재 B2층 화장실에서 여자의 하체 사진을 찍기 위하여 디지털 카메라를 미리 소지하고 들어가 그 곳에 용변을 보러온 피해자 1, 2의 옷을 벗는 하체 모습을 위 카메라로 찍어 성적 욕망 또는 수치심을 유발할 수 있는 피해자들의 신체를 그 의사에 반하여 촬영하였다.\" 라고 함에 있다.",
            "원심은 피고인의 원심 법정 진술, 피해자 1, 2의 경찰 진술, 압수된 디지털 카메라 1개(증 제1호)의 현존 등을 증거로 채택하여 위 공소사실을 그대로 인정한 후 피고인에게 성폭력 범죄의 처벌 및 피해자 보호 등에 관한 법률 제14조의2를 적용하여 처벌하였으나, 원심의 판단은 다음과 같은 점에서 수긍하기 어렵다.",
            "성폭력 범죄의 처벌 및 피해자 보호 등에 관한 법률 제14조의2는 성적 욕망 또는 수치심을 유발할 수 있는 피해자의 신체를 그 의사에 반하여 촬영하는 행위를 처벌하고 있고, 같은 법 제12조는 그 미수범을 처벌하고 있는바, 위 촬영죄의 기수에 달하기 위하여는 적어도 카메라 속에 들어 있는 필름 또는 메모리 장치에 피사체에 대한 영상 정보가 입력된 상태에 도달하여야 할 것이다.",
            "따라서 피고인을 성폭력 범죄의 처벌 및 피해자 보호 등에 관한 법률 제14조의2의 기수범으로 처벌할 수는없다 할 것임에도 원심은 위 조항의 기수범으로 처벌하였으니, 원심에는 사실을 오인한 나머지 판결에 영향을 미친 위법이 있다."
        ]
    },
    "close": {
        "cnclsns": [
            "원심판결을 파기한다.",
            "피고인을 벌금 5,000,000원에 처한다.",
            "피고인이 위 벌금을 납입하지 아니하는 경우 금 30,000원을 1일로 환산한 기간 피고인을 노역장에 유치한다.",
            "원심판결 선고 전의 구금일수 25일을 위 벌금에 관한 노역장 유치기간에 산입한다.",
            "압수된 디지털 카메라 1개(증 제1호)를 몰수한다.",
            "위 벌금에 상당한 금액의 가납을 명한다."
        ]
    }
}