{
    "info": {
        "caseField": "2",
        "detailField": "6",
        "trailField": "2",
        "caseNm": "강도치상,폭력행위등처벌에관한법률위반",
        "courtNm": "대전고법",
        "judmnAdjuDe": "2002. 05. 31.",
        "caseNo": "2002노114",
        "relateLaword": [
            "형법 제337조 ",
            "형사소송법 제308조",
            "형법 제319조 ",
            "폭력행위등처벌에관한법률 제2조"
        ],
        "qotatPrcdnt": [
            "대법원 1995. 9. 15. 선고 94도2561 판결"
        ]
    },
    "concerned": {
        "acusr": "4",
        "dedat": "1"
    },
    "org": {
        "orgJdgmnCourtNm": "청주지법",
        "orgJdgmnAdjuDe": "2002. 2. 5. ",
        "orgJdgmnCaseNo": "2001고합194"
    },
    "disposal": {
        "disposalform": "10",
        "disposalcontent": [
            "원심판결을 파기한다.",
            "피고인은 무죄이다.",
            "이 사건 공소사실은 모두 범죄의 증명이 없는 경우에 해당한다.",
            "피고인이 집안을 엿보기 위하여 0000의 창문을 열었던 사실이 인정된다고 하더라도, 당시 피고인이 창문에 설치되어 있던 창살을 제거하거나 훼손하기 위한 아무런 도구도 소지하고 있지 않았기 때문에 집안으로 침입하는 것이 현실적으로불가능하였고, 또 피고인이 위와 같은 창살을 제거하기 위한 아무런 시도를 한 바도 없는 이 사건에서, 피고인이 창문을 열어집안을 엿보려고 하였던 것만을 들어 당시 피고인에게 주거침입의 인식이 있었다고 하기도 어렵다."
        ]
    },
    "mentionedItems": {
        "rqestObjet": [
            "피고인은 피해자 1의 집에 간 적조차 없어 이 사건 강도치상의 범행을 저지른 적이 없다.",
            "피해자 00의 집과 피해자 00의 집 창문을 통하여 집안을 엿보려한 것은 사실이나, 그 집안에 침입하려 하거나 손과 고개를 집안으로 집어넣은 적은 없음에도 불구하고, 원심법원이 사실을오인하여 이 사건 공소사실을 전부 유죄로 인정하였다.",
            "원심판결의 선고형량이 너무 무거워서 부당하다."
        ]
    },
    "assrs": {
        "acusrAssrs": [
            "피고인은 2001.4.7.05:00경 0000에 있는 0000 피해자 1(여, 35세, 이하 '피해자 1'이라고만 한다)의 집에 이르러 그 곳 베란다 창문을 통해 집안으로 침입하여 피해자 1의 목에 식칼을 들이대고 조용히 하라면서 눈을 감고 이불을 뒤집어쓰라고 협박하여 그녀의 반항을 억압하고 항거불능케 하였다.",
            "피고인은 '돈이 어디 있느냐'며 물었으나 그녀가 돈이 없다고 하자 서랍을 열고 그 속을 뒤지는 등으로 금품을 강취하려 하였으나 이를 발견하지 못하여 미수에 그치고, 위와 같은 협박에 놀란 그녀로 하여금 임신한 태아를 유산케 하여 12일간의 입원치료를 요하는 불완전 유산의 상해를 입게 하였다."
        ],
        "dedatAssrs": [
            "피고인은 2001.4.7.05:00경 피해자 1의 집에 간 적조차 없어 이 사건 강도치상의 범행을 저지른 적이 없다.",
            "피고인이 2001.5.4.00:40경 피해자 00의 집과 피해자 00의 집 창문을 통하여 집안을 엿보려한 것은 사실이나, 그 집안에 침입하려 하거나 손과 고개를 집안으로 집어넣은 적은 없다.",
            "원심법원이 사실을 오인하여 이 사건 공소사실을 전부 유죄로 인정하였다는 것이고, 두 번째 항소이유의 요지는 원심판결의 선고형량이 너무 무거워서 부당하다."
        ]
    },
    "facts": {
        "bsisFacts": [
            "피고인은 2001.4.7.05:00경 0000에 있는0000 피해자 00(여, 35세, 이하 'OO'이라고만 한다)의 집에 이르러 그 곳 베란다 창문을 통해 집안으로 침입하여 피해자 1의 목에 식칼을 들이대고 조용히 하라면서 눈을 감고 이불을 뒤집어쓰라고 협박하여 그녀의 반항을 억압하고 항거불능케 하였다.",
            "돈이 '어디 있느냐'며 물었으나 그녀가 돈이 없다고 하자 서랍을 열고 그 속을 뒤지는 등으로 금품을 강취하려 하였으나 이를 발견하지 못하여 미수에 그치고, 위와 같은 협박에 놀란 그녀로 하여금 임신한 태아를 유산케 하여 12일간의 입원치료를 요하는 불완전 유산의 상해를 입게 하였다.",
            "피고인은 2001.5.4.00:40경 0000에 있는 0000 피해자 00(이하 'OO'라고만 한다)의 집에 이르러 담장을 밟고 올라서서 화장실 창문을 열고 고개를 창안으로 들이민 다음 손을 그 안으로 집어넣고 안을 들여다보는 방법으로 00의 주거에 침입하였다.",
            "피고인은 그 무렵 같은 동 2993에 있는 0000 피해자 00(이하 'OO'이라고만 한다)의 집에 이르러 창문을 열고 버티칼커튼을 손으로 젖히고 창문 안으로 고개를 들이밀어 방안을 살펴보는 방법으로 00의 주거에 침입하였다.",
            "피고인은 경찰 이래 당심에 이르기까지, 00000의 옆 담장 위에서 105호 00의 집 화장실의 열린 창문을 통하여 화장실 안을 들여다보았고, 옆 건물인 0000 00의 집 쪽으로 이동하여 열린 창문을 통하여 다시 집안을 엿보려다가 집밖에나와 있던 00에게 발각된 것일 뿐이라고 범행을 부인한다.",
            "피고인은 고개를 창안으로 들이밀거나 손을 집어넣은 적은 없다는 취지로 일관하여 범행을 부인하고 있다."
        ]
    },
    "dcss": {
        "courtDcss": [
            "원심이 이 사건 강도치상의 공소사실에 대하여 들고 있는 유죄의 증거로는 피해자 00의 수사기관 및 원심법정에서의 각 진술, 피해자 00의 사실상 남편인 공소외 1의 수사기관 및 원심법정에서의 각 진술, 현장부근 사진, 의사 조강일 작성의 진단서의 각 기재가 있다.",
            "당심에 이르러 당심법정에서의 피해자 00의 진술이 있은 외에 검사 작성의 피해자 00에 대한 2002.5.10.자 진술조서, 의사 조강일 작성의 소견서가 추가로 제출되었으므로, 위 각 증거들의 내용과 그 신빙성 여부에 대하여 차례대로 살펴보기로 한다.",
            "만일 피해자 00의 진술과 같이 이 사건 강도치상의 범행 당시 현관불과 텔레비전이 켜있었고, 이미 날이 환해지고 있었다면, 피해자1은 비교적 분명하게 범인의 얼굴을 볼 수 있었을 것으로 보여, 피고인을 이 사건 강도치상의 범인으로 지목하는 피해자 00의 진술은 나름대로 신빙성이 있어 보인다.",
            "이는 피해자 00의 주관적인 기억에만 의존한 것으로서, 범행의 피해자가 범행을 당하는 순간 극도의 공포로 인하여 오히려 범인의 얼굴을 제대로 보지 못하거나 그 기억이 왜곡될 가능성이 있을 수 있고, 또한 이 사건 강도치상의 범행 발생일로부터 거의 한달이 지난 후에 비로소 피고인을 대면함으로써 그 사이 기억이 혼동되었을 수도 있으므로, 피해자 00의 진술의 증명력에는 한계가 있다.",
            "피해자 00의 진술과 같이 범인이 현관문 쪽을 벗어나 피해자 00 쪽으로 다가왔다면 센서에 의하여 작동하는 현관불은 짧은 시간 내에 꺼졌을 것이고, 범인은 모자까지 쓴 채 텔레비전의 불빛을 등뒤로 하고 있었으므로, 피해자 00이 자신에게 다가오는 범인의 얼굴을 자세히 보기는 어려운 상황이었을 것이다.",
            "현관문 쪽에 서있을 때부터 범인의 얼굴을 자세히 보았다는 피해자 00의 진술부분은 그대로 믿기 어렵다.",
            "피해자 00은 범인의 얼굴로부터 자신의 얼굴이 30∼40cm 정도밖에 떨어지지 않을 정도로 가까이 있었기 때문에 범인의 얼굴을 자세히 볼 수 있었다고도 진술한다.",
            "피해자 00이 어느 정도 가까운 거리에서 범인의 얼굴을 보았는지에 대하여 그 진술이 정확하지 않고(피해자 00은 수사기관에서 그 거리에 대하여 가까웠다는 취지로만 진술하다가, 원심법정에 이르러 비로소30∼40cm 정도 또는 10cm 정도라고 구체적으로 진술하고 있다.), 방안의 구조상 범인이 피해자 00과 대면하는 때에도 범인은 계속 텔레비전을 등지게 되는바, 이하 다음과 같이 판단한다.",
            "즉, 어느 정도 가까운 거리에 있었다고 하여도 과연 피해자 00이 불빛을 등진 범인의 얼굴을 정확하게 볼 수 있었을지 의문이 든다.",
            "피해자 00은 경찰에서 진술조서를 작성할 당시 이 사건 강도치상의 범행 시각이 06:10경이라고 하면서, 날이 이미 훤하게 새고 있었던 상황이라서 범인의 얼굴을 명확하게 보았다고 진술하였다.",
            "경찰에서 제2회 진술조서를 작성할 당시부터는 이 사건 강도치상의 범행 시각이 05:00경이라고 종전의 진술을 정정하였고, 그 뒤로 검찰과 원심법정에서는 이 사건 범행 당시 날이 이미 훤하게 새고 있었던 상황이라는 취지의 진술은 더 이상 하지 않다가, 당심법정에 이르러 다시 이 사건 범행 당시 해가 뜨는 상태라서 밖이 환했다고 진술하는 등 그 진술의 내용이 일관되지 않아 위 진술부분도 그대로 믿기 어렵다.",
            "피해자 00이 청주서부경찰서에서 피고인을 이 사건 강도치상 범행의 범인으로 지목하게 된 경위를 보아도 피해자 00의 진술을 그대로 믿기 어렵다.",
            "00은 피해자 00에게 \"엉뚱한 사람이면 안되니까 잘 보고 얘기를 하고, 기억이 나지 않으면 돌아가라\"고 말하면서 피해자 00을 일단 집으로 돌려보낸 사실, 그로부터 2~3시간 후 피해자 00이 복대파출소 부소장 00에게 \"지금 그 사람이 어디있느냐\"고 물었고, 송형헌은 피해자 00에게 \"현재 피고인이 청주서부경찰서 형사계에 있다\"고 알려 준 사실이 각 인정된다.",
            "또한, 그 후 피해자 00은 청주서부경찰서 형사계에 찾아가 피고인을 이 사건 범행의 범인으로 지목한 사실이 각 인정된다.",
            "00은 피해자 00로부터 이 사건 강도치상의 범죄신고를 받고 출동하여 그 범행에 대하여 비교적 잘 알고 있었기 때문에 피해자 00을 복대파출소에까지 나오도록 연락을 하였던 것이므로, 00으로서는 피해자 00로 하여금 피고인이 이 사건 강도치상 범행의 범인인지 여부에 대하여 충분히 확인할 수 있도록 해주었을 것으로 추인된다.",
            "00이 피해자 00을 그냥 돌려보낸 것은 피해자 00이 피고인이 이 사건 강도치상 범행의 범인인지 여부에 대하여 제대로 답변을 하지 못하였기 때문임이 분명한 터이므로, 피해자 00이 복대파출소에서 피고인의 얼굴을 제대로 보지 못했기 때문에 범인으로 지목하지 못하였다는 취지의 진술은 경험칙에 반하여 믿기 어렵다.",
            "복대파출소에서 피고인을 범인으로 지목하지 못하다가, 2~3시간 후 청주서부경찰서에서 비로소 피고인이 범인임이 틀림없다고 지목한 피해자 00의 진술은 그 경위에 비추어도 그 신빙성이 박약하다.",
            "형사재판에서 유죄의 인정은 법관으로 하여금 합리적인 의심을 할 여지가 없을 정도의 확신을 생기게 하는 엄격한 증거에 의하여야 하고, 그러한 증거가 없다면 설령 피고인에게 유죄의 의심이 간다 하더라도 피고인의 이익으로 판단할 수밖에 없다.",
            "이상에서 본 바와 같이 이 사건 강도치상의 공소사실에 부합하는 증거들 중 피해자 00의 진술만이 사실상 유일한 증거라고 할 것인데, 피해자 00의 진술은 위 2.다.(1)(나)항에서 본 바와 같이 그 신빙성에 의문이 있어 이를 그대로 믿기 어렵고, 나머지 증거들만으로는 이 사건 강도치상의 공소사실을 유죄로 인정하기에 부족하다.",
            "원심이 채택한 위와 같은 증거들과 당심에서 추가로 제출된 증거들만으로는 이 사건 강도치상의 공소사실을 인정하기에 부족하고 달리 이를 인정할 증거가 없으므로, 이 사건 강도치상의 공소사실은 범죄의 증명이 없는 때에 해당되어 무죄라고 할 것이다.",
            "이 법원의 현장검증결과와 공판기록에 편철된 현장사진(제273 내지 278면)에 의하면, 00000 0000 창문에는 5cm 간격으로 쇠창살이 설치되어 있고, 00000 0000 창문에는 7cm 간격으로 쇠창살이 각 설치되어 있는데다가 그 창문유리에도 철사망이 설치되어 있는 사실이 인정된다.",
            "도구를 사용하여 창문에 설치되어 있는 창살을 제거하거나 훼손하지 않는다면, 열려진 창문 안으로 손을 집어넣는 것이라면 몰라도, 창문 안으로 얼굴을 집어넣거나 집안으로 침입하는 것은 도저히 불가능하다.",
            "00, 00는 피고인이 00000 0000 창문을 열고 방안으로 고개와 팔을 집어넣었고, 나아가 집안으로 들어오려고 하였다는 취지로 진술하고 있는바, 이와 같은 진술들은 위에서 인정되는 객관적인 사실에 반할 뿐만 아니라, 00의 수 차례에 걸친 진술은 피고인의 구체적인 행동에 대하여 일관되지도 않아, 00, 00의 각 진술은 전체적으로 그 신빙성이 박약하다고 할 것이다.",
            "00의 진술에 의하더라도 피고인이 00000 0000의 창문을 통하여 집안을 엿보았던 사실만이 인정되고, 나아가 피고인이 위 공소사실 기재와 같이 00000 0000의 창문을 열고 고개를 창안으로 들이민 다음 손을 그 안으로 집어넣은 점에 대하여는 이를 인정할 아무런 증거가 없다.",
            "피고인이 00000 0000를 둘러싸고 있는 담장 위에서 집안을 들여다본 것은 사실이나, 피고인이 집안에 사람이 없는 것을 확인한 후 바로 담장에서 내려온 것에 비추어 보면 피고인이 주거에 침입할 의사로 담장 위에 올라갔다고 보기 어렵다.",
            "00000를 둘러싼 담장은 이웃 빌라와의 경계를 표시하기 위하여 앞부분을 제외한 3면에 걸쳐서 설치된 것으로서, 앞부분으로는 00000에 아무런 제한 없이 드나들 수 있는 구조로 되어 있으므로, 피고인이 00000를 둘러싼 담장 위에 올라선 것만으로 00000의 일부인 0000에 살고 있던 00의 사실상의 주거의 평온을 깨뜨렸다고 보기도 어렵다.",
            "이상에서 본 바와 같이 이 사건 각 폭력행위 등 처벌에 관한 법률 위반의 공소사실에 부합하는 증거들인 00, 00의 각 진술은 위3.다.(3)항에서 본 바와 같이 그 신빙성에 의문이 있어 이를 그대로 믿기 어렵고, 그외에 피고인이 00000 0000와 00000 0000에 침입하기 위한 구체적인 행위를 하였다고 볼 아무런 증거가 없다.",
            "가사 피고인이 집안을 엿보기 위하여 00000 0000의 창문을 열었던 사실이 인정된다고 하더라도, 당시 피고인이 창문에 설치되어 있던 창살을 제거하거나 훼손하기 위한 아무런 도구도 소지하고 있지 않았기 때문에 집안으로 침입하는 것이 현실적으로 불가능하였다.",
            "피고인이 위와 같은 창살을 제거하기 위한 아무런 시도를 한 바도 없는 이 사건에서, 피고인이 창문을 열어 집안을 엿보려고 하였던 것만을 들어 당시 피고인에게 주거침입의 인식이 있었다고 하기도 어렵다.",
            "원심이 채택한 위와 같은 증거들만으로는 이 사건 각 폭력행위 등 처벌에 관한 법률 위반의 공소사실을 인정하기에 부족하고 달리 이를 인정할 증거가 없으므로, 이 사건 각 폭력행위 등 처벌에 관한 법률 위반의 공소사실도 범죄의 증명이 없는 때에 해당되어 무죄라고 할 것이다."
        ]
    },
    "close": {
        "cnclsns": [
            "원심판결을 파기한다.",
            "피고인은 무죄"
        ]
    }
}