{
    "info": {
        "caseField": "2",
        "detailField": "6",
        "trailField": "1",
        "caseNm": "특정경제범죄가중처벌등에관한법률위반(사기)(인정된죄명: 사기),사기,사문서위조,위조사문서행사,공문서위조,위조공문서행사,자격모용사문서작성,자격모용작성사문서행사,주민등록법위반,주택건설촉진법위반",
        "courtNm": "서울중앙지법",
        "judmnAdjuDe": "2005. 01. 14.",
        "caseNo": "2003고합931",
        "relateLaword": [
            "구 주택건설촉진법(2003.   5.   29. 법률제6916호주택법으로전문개정되기전의것) 제51조",
            "구 주택건설촉진법(2003.   5.   29. 법률제6916호주택법으로전문개정되기전의것) 제44조",
            "형법 제347조"
        ],
        "qotatPrcdnt": []
    },
    "concerned": {
        "acusr": "4",
        "dedat": "1"
    },
    "org": {
        "orgJdgmnCourtNm": "",
        "orgJdgmnAdjuDe": "",
        "orgJdgmnCaseNo": ""
    },
    "disposal": {
        "disposalform": "6",
        "disposalcontent": [
            "피고인 1을 범죄사실 제1죄에 대하여 징역 1년에, 범죄사실 제2 내지 5죄에 대하여 징역 3년에 처한다.",
            "피고인 2를 징역 1년에 처한다.",
            "피고인 3을 징역 10월에 처한다.",
            "피고인 4를 벌금 300만 원에 처한다.",
            "피고인 4가 벌금을 납입하지 아니하는 경우 5만 원을 1일로 환산한 기간 위 피고인을 노역장에 유치한다.",
            "이 판결 선고 전의 구금일수 227일을 피고인 1에 대한 범죄사실 제2 내지 5죄에 관한 위 향에, 161을 피고인 2에 대한 위 형에 각 산입한다.",
            "다만, 피고인 3에 대하여는 이 판결확정일로부터 2년간 위 형의 집행을 유예한다.",
            "피고인 1,  4에 대한 공소사실 중 2003.  5.  9.경부터 2003.  7.  11.경 까지 사이의 김기정 등 554명에 대하여 추첨을 하지 아니하고 접수 순으로 조합원 자격을 부여하여 주택건설촉진법을 위반하였다는 점은 무죄이다.",
            "피고인 1, 2에 대한 공소사실 중2 003. 12. 1.경 부터 2004. 3. 30.경 까지 사이의 각 주택건설촉진법 위반의 점은 무죄이다.",
            "피고인 2에 대한 공소사실 중 별지 범죄일람표 3 기재 피해자들에 대한 각 사기의 점은 무죄이다.",
            "피고인 5는 무죄이다."
        ]
    },
    "mentionedItems": {
        "rqestObjet": [
            "피고인 1을 범죄사실 제1죄에 대하여 징역 1년에, 범죄사실 제2 내지 5죄에 대하여 징역 3년에 처한다.",
            "피고인 2를 징역 1년에 처한다.",
            "피고인 3을 징역 10월에 처한다.",
            "피고인 4를 벌금 300만 원에 처한다.",
            "피고인 4가 벌금을 납입하지 아니하는 경우 5만 원을 1일로 환산한 기간 위 피고인을 노역장에 유치한다.",
            "이 판결 선고 전의 구금일수 227일을 피고인 1에 대한 범죄사실 제2 내지 5죄에 관한 위 향에, 161을 피고인 2에 대한 위 형에 각 산입한다.",
            "다만, 피고인 3에 대하여는 이 판결확정일로부터 2년간 위 형의 집행을 유예한다.",
            "피고인 1,  4에 대한 공소사실 중 2003.  5.  9.경부터 2003.  7.  11.경 까지 사이의 김기정 등 554명에 대하여 추첨을 하지 아니하고 접수 순으로 조합원 자격을 부여하여 주택건설촉진법을 위반하였다는 점은 무죄이다.",
            "피고인 1, 2에 대한 공소사실 중2 003. 12. 1.경 부터 2004. 3. 30.경 까지 사이의 각 주택건설촉진법 위반의 점은 무죄이다.",
            "피고인 2에 대한 공소사실 중 별지 범죄일람표 3 기재 피해자들에 대한 각 사기의 점은 무죄이다.",
            "피고인 5는 무죄이다."
        ]
    },
    "assrs": {
        "acusrAssrs": [],
        "dedatAssrs": [
            "0000에서 추진중이던 아파트 사업과 관련하여 00로부터 대여금 명목으로 5억 원을 받은 사실은 있으나, 00으로부터 위 아파트 건설부지 토목공사를 도급하여 주겠다는 명목으로 돈을 받은 사실이 없다.",
            "위 토목공사를 00에게 도급 줄 의사와 능력이 있었다.",
            "0000 아파트 신축공사 중 전기공사 도급건에 대하여 하용현의 부탁을 받고 시공사인 000 담당상무를 소개시켜 준 대가로 위 돈을 받은 것이지, 전기공사 도급을 주겠다고 한 적은 없다.",
            "00으로부터 3억 원을 받은 것은 사실이나 이는 아파트 재건축 사업 시행을 위한 투자금 명목으로 받은 것이지 철거공사 및 잔재처리 용역을 위한 보증금 명목으로 받은 것이 아니다.",
            "편취의 의사 없이 위 금전을 투자받아 재건축 업무를 추진하다가 건강이 나빠져 예정대로 추진하지 못하였다.",
            "00은 실제 투자자가 아니어서 아무런 피해를 입은 바 없다.",
            "00으로부터 받은 투자금을 변제하기 위하여 00로부터 3억 원을 차용하기로 약정한 것은 사실이다.",
            "그러나 00이 돈을 융통하기 위하여 필요하다면서 영수증 작성을 요구하여 3억 원을 수령하였다는 영수증을 작성하여 주었을 뿐 실제로 3억 원을 차용하거나 투자받은 사실이 없다.",
            "0000에 있는 000에 00000 소유주들로부터 동의서를 받아오는데 10만 원씩 주기로 하고, 당시 조합측에서 보관하고 있던 아파트 소유자 6,600명의 명단을 건네준 사실은 있으나, 2001.7.말경 지병이 악화되어 0000으로 휴양을 가면서 조합설립대행업무에 관여하지 않았으므로 000에서 위조된 인감증명서 및 동의서를 공소외 1에게 제공한 것을 알지 못하였다.",
            "공소외 2에게 조합원들의 주소를 알려달라고 하였는데 공소외 2가 나중에 주민등록등본을 떼어주겠다며 용역비로 1인당 2,600원을 요구하여 그렇게 하기로 하였을 뿐 공소외 2가 어떠한 방법으로 주민등록을 발급받았는지 전혀 몰랐다.",
            "000 측과 사전에 가격을 확정하는 의미에서 부동산 매매약정서를 작성한 것이지 제3자에게 보일 의도가 없었다.",
            "당시 000 대표이사를 맡고 있던 피고인 00에게 피고인 00가 000측의 위임을 받았는지 여부 등을 확인한 후 부동산 매매약정서를 작성하라고 하였는데 피고인00이 별다른 확인절차 없이 피고인 00의 말을 믿고 위 매매계약서를 작성하였다.",
            "송파구청 비서실장 구두회와 협의를 한 후 비서실장이 문제가 없다면 송파구청에 0000 000 000 설립인가신청을 해보라고 위 매매약정서를 구두회에게 보낸 것인데 구두회가 실무담당자에게 위 서류를 내려보내며 검토하라고 지시하여 위 매매약정서가 외부에 드러나게 되었다.",
            "000는 0000 등에 000의 대체시설을 건립할 부지를 확보하였고, 양주군청으로부터 2003.3.29.자로 국립서울병원 입지가 부적합하다는 회신을 받았으나 2003.5.7.자로 적합하다는 회신을 받았다.",
            "국립서울병원측과도 의견교환을 하면서 서류준비를 하고 있었으므로 국립서울병원 부지에 대한 아파트 신축계획은 이루어질 가능성이 컸다.",
            "주택조합 설립, 시공사 선정 등 아파트 신축을 위한 사업을 추진하면서 주로 부동산중개업자들을 통하여 000(이하 '1차 000'이라고 한다)의 구성원을 모집하였고, 그 과정에서 위 조합 구성원들로부터 업무추진비를 받았다.",
            "당초 사업이 추진되지 않을 경우 2003.8.15.까지 업무추진비를 반환하기로 하였고 이후 사업이 제대로 이루어지지 않자 위 업무추진비를 모두 반환하였다.",
            "1차 0000 조합과 관련하여 별지 일람표 1 기재와 같이 기망행위를 한 사실이 없다.",
            "만들어 놓은 광고시안을 누군가가 무단 복제하여 배포하였을 뿐, 1차 0000 조합의 조합원을 모집한다는 내용이 담긴 광고지를 배포한 사실이 없다.",
            "000는 건립예정지로 추진중이던 토지 중 임야 8만 평에 대하여 매매계약을 계약하였고, 나머지 토지에 대하여 그 소유자인 000로부터 사용승낙서를 받았으며 양주군수로부터 3개 마을 주민과 협의하여 동의서를 받아오면 협조하여 주겠다는 확인도 받아놓은 상태였다."
        ]
    },
    "facts": {
        "bsisFacts": [
            "피고인 00은 1999.10.22.서울지방법원에서 사기죄 등으로 징역 1년 6월, 집행유예 3년을 선고받았고, 이 판결은 2000.3.29.확정되었다.",
            "피고인 00은 1999.6.경부터 000(이하 'OOO'이라 한다)의 주택담당임원으로 근무하였다.",
            "피고인 00은 2000.경 건설사업 관리용역업체인 000(이하 'OOO'이라 한다)을 설립하고 그 대표이사로 근무하다가 2002.경부터는 위 회사의 명칭을 000(000, 이후 000으로 명칭을 변경하였다.이하 'OOO'라 한다)로 바꾸어 피고인3을 명의상 대표이사로 선임하고 위 회사를 실질적으로 운영하여 왔다.",
            "00이 1999.6.경부터 근무하던 OOO은 0000 일대에 아파트 건설을 추진할 계획이 있기는 하였으나, 해당 부지 30만 평은 준농림지역이자 군사보호지역으로 아파트를 건축하기 어려운 지역이었다.",
            "피고인 00은 OOO으로부터 위 아파트 건설과 관련하여 시공사나 하청업체를 선정할 아무런 권한을 부여받은 바 없었다.",
            "OOO이 0000 일대에서 진행중인 아파트 공사와 관련한 공사계약 권한은 OOO 등 시공업체가 독점하고 있어 OOO으로서는 위 아파트 공사의 전기공사를 다른 업체에 하도급 줄 권한이 없었다.",
            "00은 1999.9.경 0000에 있는 00가 경영하는 OOO 사무실에서, 00의 소개로 만난 피해자 00에게 \"2억 5,000만 원을 주면 OOO이 0000에 추진중인 아파트 건설부지 토목공사를 도급주겠다.\" 고 거짓말하였다.",
            "피고인 00은 이에 속은 위 피해자로부터 1999.9.20.경 위 사무실에서 1억 원을 교부받은 것을 비롯하여 그 때부터 1999.10.20.경까지 5회에 걸쳐 같은 명목으로 합계 2억 5,000만 원을 교부받아 편취하였다.",
            "00은 1999.10.중순경 같은 장소에서 위 피해자에게 \"1억 원을 주면 OOO이 0000에 시행하고 있는 아파트 신축공사의 전기공사 일체를 도급주겠다.\" 고 거짓말하였다.",
            "피고인 00은 이에 속은 위 피해자로부터 1999.20.경 4,000만 원, 1999.11.13.경 1,000만 원, 합계 5,000만 원을 교부받아 편취하였다.",
            "00은 OOO에서 퇴직한 이후에는 OOO에서 시행하는 0000 외 17필지 지상 00000 신축공사와 관련하여 피해자 00(37세)에게 분양대행권을 줄 의사와 능력이 없었다.",
            "그럼에도 피고인 00은 2000.5.2.경 0000 00000 신관 1층에 있는 천등의 사무실에서 위 피해자에게 \"2억 원을 주면 아파트 1,034세대의 분양대행권을 주겠다.\" 고 거짓말하여 이에 속은 피해자와 사이에 분양대행계약을 체결하고 그 무렵 1억 원을 피해자로부터 교부받아 편취하였다.",
            "00은 2000.11.24.경 천등의 사무실에서 위 가.항의 범죄사실로 고소를 제기당하자, 위 0000 신축공사의 최초 시행업체였던 000(나중에 OOO에 합병되었다)로부터 분양권을 위임받았다고 허위로 주장하면서 이를 입증하는 데 행사할 목적으로 권한 없이 아래와 같이 본문 내용을 기재하였다.",
            "OOO 직원을 시켜 분양권 위임장이라는 제목 아래 \"0000 아파트 건축사업과 관련하여 분양업체 선정권을 OOO피고인 00에게 위임합니다.\" 라는 취지로 본문 내용을 기재하였다.",
            "하단에 O'OO 00'이라고 적은 다음 그 옆에 OOO에서 보관하고 있던 OOO 대표이사 직인을 찍어 권리, 의무에 관한 사문서인 00 명의의 분양권 위임장 1장을 위조하였다.",
            "피고인 1은 2000.11.24.경 0000에 있는 강남경찰서에서, 위 경찰서 소속 경찰관 00에게 나.항 기재와 같이 위조한 분양권 위임장을 마치 진정하게 성립한 것처럼 제출하여 행사하였다.",
            "2000.경 0000에 있는 00000 6,600세대와 관련하여, 대다수의 세대주들이 참여한 재건축 000가 따로 있었고, 피고인 00과 함께 재개발 사업을 추진하기로 계획하였던 00이 만든 '열린 재건축 OOO'는 몇십 명의 세대주들이 모여 결성된 것으로 사실상 주택조합 설립인가를 받는 것이 불가능하였을 뿐 아니라, 그외에도 6, 7개의 재건축 추진위원회가 난립하여 서로 사업권을 취득하려고 경쟁을 벌이고 있는 형편이었다.",
            "그러므로 피고인 00은 위 아파트 재건축과 관련한 철거공사에 대하여 권한이 없었다.",
            "피고인 00은 2000.12.29.경 0000에 있는 00000 1차 빌라 0000에 있는 천등의 사무실에서 피해자 00에게 \"내가 2000.12.29.00000 재건축 추진위원장 00과 건설사업 관리계약을 체결하였는데 위 조합 이사들에 대한 로비자금 3억 원을 주면 위 아파트 재건축과 관련한 건물철거권을 주겠다.\" 고 거짓말하였다.",
            "00은 같은 날 이에 속은 위 피해자와 98억 원 상당의 '00000 재건축 철거 및 잔재처리계약'을 체결하고 즉석에서 그 대가로 3억 원을 교부받아 편취하였다."
        ]
    },
    "dcss": {
        "courtDcss": [
            "피고인 00이 000에 1999.6.경부터 2000.1.경까지 근무하면서 0000 토목공사를 진행하기 위하여 고양시청에 사업승인과 관련한 신청 등의 조치를 전혀 취하지 않았고, 00이 OOO에서 퇴직하면서 0000 토목공사나 풍무동 전기공사에 대하여 00을 위한 아무런 후속조치를 마련하지 않은 점 등을 본다.",
            "피고인 00은 0000 토목공사나 0000 전기공사를 도급 줄 의사나 능력이 없으면서도 00으로부터 0000토목공사를 도급준다는 명목으로 2억 5,000만 원을, 0000 전기공사를 도급준다는 명목으로 5,000만 원을 수령하였다고 판단된다.",
            "피고인 00은 00000 재건축과정에서 00에게 철거공사를 도급줄 의사나 능력이 없음에도 불구하고, 철거공사를 도급줄 것처럼 기망하여 그 대가로 00으로부터 3억 원을 수령하였다고 판단된다.",
            "00이 철거계약을 도급받기 위하여 3억 원을 지급한 이상 이를 투자금의 명목으로 지급하였다 하더라도 사기죄의 성립에 영향이 없다.",
            "00이 자신의 책임하에 타인으로부터 자금을 조달하여 투자한 이상 실제 자금을 댄 사람이 따로 있더라도 사기죄의 성립에 영향이 없다.",
            "피고인 00은 00에게 00000 철거공사의 50% 지분을 도급주는 것에 대한 대가로 00로부터 3억 원을 교부받았다고 판단된다.",
            "피고인 00은 행사할 목적으로 부동산 매매약정서를 작성하였고, 위 매매약정서를 제출받은 사람으로 하여금 그 문서의 진정에 대한 착오를 일으킬 목적으로 위 문서를 제출하였다고 판단된다.",
            "위 아파트에 대한 조합원 모집이 000의 분양사무소에서 곧 공개적인 추첨을 거쳐 이루어질 것처럼 부동산중개업자나 분양대행업자를 통하여 알리도록 하여 조합원을 모집함으로써 피해자들을 기망하였다고 판단된다.",
            "피고인 00은 1차 0000 조합의 조합원이 아님에도 직접 이 사건 모집공고문을 분양대행업자나 부동산중개업자에게 배포하였다.",
            "가사 이 사건 모집공고문을 배포하지 않았다 하더라도 0000 프로젝트 책자 등 홍보자료를 제작하고 이를 분양대행업자나 부동산중개업자에게 배포하면서 1차 000의 조합원 모집을 널리 알렸으므로 그 모집에 대한 광고를 하였다고 판단된다.",
            "피고인 1은, 0000이 OOO측에 유치가 불가능하다는 의견을 밝혔고, OOO은 OOO 명의의 조성사업자 신청서류의 접수를 거부한 후 공모절차를 종료하여 더 이상 0000 아파트 사업의 진행할 수 없게 되었다.",
            "OOO이 행정쟁송의 제기가 불가능하다는 검토결과를 알려왔음에도 형식적으로 2차 OOO을 만든 다음 마치 00000 사업이 순조롭게 진행되어 조합원으로 투자한 사람들은 1세대 당 6개월 내에 3배 내지 6배의 이익을 얻을 것처럼 중간모집책들을 통하여 알리도록 하여 조합원들을 모집함으로써 피해자들을 기망하였다고 판단된다.",
            "피고인 00가 단순히 약속을 보장하는 문서로 위 매매약정서를 만들었다고 보기 어렵다.",
            "피고인 00는 1차 000이 아님에도 피고인 00과 공모하여 그 모집에 대한 광고를 하였다고 판단된다.",
            "구 주택건설촉진법(2003.5.29.법률 제6916호 주택법으로 전문 개정되기 전의 것, 이하 같다.주택법은 부칙 제1조에 의하여 2003.11.30.부터 시행되었고 부칙 제3조는 주택법 시행 전의 행위에 대한 벌칙의 적용에 있어서는 종전의 규정에 의한다고 규정하므로 이 부분 공소사실에 대하여는 여전히 구 주택건설촉진법이 적용된다)",
            "제51조 제5의3호는 '제44조 제2항 단서의 규정에 위반하여 지역조합의 구성원을 선정한 자'를 처벌하도록 하고 있다.",
            "그런데 {피고인들 및 변호인의 주장에 대한 판단}부분에서 본 바와 같이 이 사건 1차 OOO은 피고인 1이 명의대여자에 불과한 00에게 조합장 직함을 주고, 조합 임원 20명을 임의로 지명하여 조합임원 명단을 만들었다.",
            "OOO 직원을 시켜 조합규약을 만들었으며 조합원 모집 전후에 걸쳐 조합총회를 통한 조합장 선출이나 조합규약 승인 절차는 물론, 조합임원회의조차 개최한 적이 없으므로 그 실체를 인정하기 어렵다.",
            "제3자로부터 금전을 융자받을 목적으로 타인을 기망하여 그 타인 소유의 부동산에 제3자 앞으로 근저당권을 설정케 한 자가 그로 인하여 취득하는 재산상 이익은 그 타인 소유의 부동산을 자신의 제3자와의 거래에 대한 담보로 이용할 수 있는 이익이고, 그 이득액은 원칙적으로 그 부동산의 시가 범위 내의 채권 최고액 상당이라 할 것이다.",
            "그 부동산에 이미 다른 근저당권 등 선순위채권이 설정되어 있는 경우에는 원칙적으로 그 부동산의 시가에서 다시 채권액을 공제한 잔액 상당액을 기망자가 얻는 이득액의 한도로 보아야 할 것이다.",
            "이 사건의 경우 00가 담보로 제공한 아파트의 시세가 담보제공 당시 2억 2,000만 원으로 산정되었는데 이미 설정되어 있는 전세가 1억 3,000만 원에 달하여 00의 아파트만으로는 대출이 어렵게 되자 피고인 00이 아파트를 공동담보로 제공함으로써 1억 5천만 원의 대출을 받게 되었다(2004고합1007호 수사기록 1권98쪽).",
            "그러므로 피고인00, 피고인 2가 00의 아파트에 근저당권을 설정케 함으로써 취득하는 재산상 이득의 한도액은 원칙적으로 아파트의 시가 2억 2,000만 원에서 선순위채권인 전세금 1억 3,000만 원을 공제한 9,000만 원에 불과하고, 이를 초과하여 재산상 이득을 얻었다고 인정할만한 증거가 없다.",
            "따라서 이 부분 공소사실은 증거가 없으므로 형사소송법 제325조 후단에 의하여 무죄를 선고하여야 할 것이나, 이와 일죄의 관계에 있는 범죄사실 제5의 다.(1)항의 00에 대한 사기죄를 유죄로 인정한 이상 주문에서 따로 무죄의 선고를 하지 아니한다.",
            "주택법 제32조 제5항 단서는 제41조 제1항의 규정에 의한 투기과열지구 안에서 제1항의 규정에 의하여 설립인가를 받은 지역주택조합이 구성원을 선정하는 경우에는 신청서의 접수순서에 따라 조합원의 지위를 인정하여서는 아니된다.고 규정하여 적용대상을 설립인가를 받은 지역주택조합으로 한정하고 있다."
        ]
    },
    "close": {
        "cnclsns": [
            "피고인 1을 범죄사실 제1죄에 대하여 징역 1년에, 범죄사실 제2 내지 5죄에 대하여 징역 3년에, 피고인 2를 징역 1년에, 피고인 3을 징역 10월에, 피고인 4를 벌금 300만 원에 각 처한다.",
            "피고인 4가 위 벌금을 납입하지 아니하는 경우 5만 원을 1일로 환산한 기간 위 피고인을 노역장에 유치한다.",
            "이 판결선고 전의 구금일수 227일을 피고인 1에 대한 범죄사실 제2 내지 5죄에 관한 위 형에, 161일을 피고인 2에 대한 위 형에 각 산입한다.",
            "다만, 피고인 3에 대하여는 이 판결확정일로부터 2년간 위 형의 집행을 유예한다.",
            "피고인 1, 4에 대한 공소사실 중 2003.5.9.경부터 2003.7.11.경까지 사이의 김기정 등 554명에 대하여 추첨을 하지 아니하고 접수순으로 조합원 자격을 부여하여 주택건설촉진법을 위반하였다는 점은 무죄.",
            "피고인 1, 2에 대한 공소사실 중 2003.12.1.경부터 2004.3.30.경까지 사이의 각 주택건설촉진법위반의 점은 무죄.",
            "피고인 2에 대한 공소사실 중 별지 범죄일람표 3 기재 피해자들에 대한 각 사기의 점은 무죄.",
            "피고인 5는 무죄."
        ]
    }
}