{
    "info": {
        "caseField": "2",
        "detailField": "6",
        "trailField": "2",
        "caseNm": "폭력행위등처벌에관한법률위반,명예훼손,무고",
        "courtNm": "창원지방법원",
        "judmnAdjuDe": "2004. 04. 27.",
        "caseNo": "2003노1483",
        "relateLaword": [
            "형법 제37조",
            "형사소송법 제364조"
        ],
        "qotatPrcdnt": []
    },
    "concerned": {
        "acusr": "1",
        "dedat": "4"
    },
    "org": {
        "orgJdgmnCourtNm": "창원지방법원",
        "orgJdgmnAdjuDe": " 2003. 7. 18.",
        "orgJdgmnCaseNo": "2001고단2707"
    },
    "disposal": {
        "disposalform": "10",
        "disposalcontent": [
            "원심판결을 파기한다.",
            "피고인  1을 징역 8월에, 피고인  2를 징역 6월에 각 처한다.",
            "다만, 피고인  1에 대하여 이 판결 확정일로부터 2년간 위 형의 집행을 유예한다.",
            "이 사건 공소사실 중 명예훼손의 점은 무죄이다."
        ]
    },
    "mentionedItems": {
        "rqestObjet": [
            "피고인들은 허위의 사실을 들어 그들을 무고한 사실이 없으며, 피고인  2는  피해자의 명예를 훼손한사실이 없음에도 이 부분 공소사실 전부에 대하여 유죄를 인정한 원심은 사실을 오인한 위법이 있다."
        ]
    },
    "assrs": {
        "acusrAssrs": [
            "피고인 2가 2000.8.10.08:10경 0000 소재 피해자 경영의 사찰 법당에서 사실은 피해자가 공소외 1과 성관계를 한 사실이 없음에도 불구하고, 신도 수명이 듣고 있는 가운데 \"피해자와 공소외 1이 붙어 먹었다.\" 라고 소리침으로써 공연히 허위사실을 적시하여 동녀의 명예를 훼손한 것이다."
        ],
        "dedatAssrs": [
            "피고인들은 공사대금 문제로 피해자들과 언성을 높여 다툰 사실만 있을 뿐 피해자들을 감금, 협박하거나 피해자들에게 폭행이나 상해, 손괴를 가한 사실이 없고, 따라서 허위의 사실을 들어 그들을 무고한 사실이 없으며, 피고인 2는 피해자의 명예를 훼손한사실이 없음에도 이 부분 공소사실 전부에 대하여 유죄를 인정한 원심은 사실을 오인한 위법이 있다.",
            "위 피고인은 수사기관 이래 이 법정에 이르기까지 일관하여 피해자가 \"공소외 2가 자신과 공소외 1이 붙어 먹고 산다.\" 는 소문을 퍼뜨리고 다닌다며 상의를 해 온 적이 있을 뿐 피고인이 그러한 말을 한 적이 없다며 위 공소사실을 부인하고 있다."
        ]
    },
    "facts": {
        "bsisFacts": [
            "피고인 2가 2000.8.10.08:10경 0000 소재 피해자 경영의 사찰 법당에서 사실은 피해자가 공소외 1과 성관계를 한 사실이 없음에도 불구하고, 신도 수명이 듣고 있는 가운데 \"피해자와 공소외 1이 붙어 먹었다.\" 라고 소리침으로써 공연히 허위사실을 적시하여 동녀의 명예를 훼손한 것이라는 공소사실이 있다."
        ]
    },
    "dcss": {
        "courtDcss": [
            "원심이 적법하게 채택·조사한 증거들을 종합하여 보면, 피고인들이 그 판시와 같이 공모하여 피해자들을 감금, 협박하고 피해자들에게 폭행이나 상해, 손괴를 가한 사실을 넉넉히 인정할 수 있고, 따라서 허위의 사실을 들어 그들을 무고한 사실을 인정할 수 있으므로, 피고인들의 이 부분 주장은 이유없다.",
            "위 공소사실에 부합하는 듯한 공소외 2, 공소외 1의 각 진술 중 \"피고인 2가 신도들이 있는 장소에서 피해자에게 위와 같은 말을 하는 것을 직접 들었다.\" 는 취지의 진술은 뒤에서 인정하는 사실에 비추어 믿을 수 없다.",
            "이 사건 기록에 의하면 피고인 2가 피해자의 귀에 대고 위와 같은 취지의 말을 하였다는 것이고, 이와 같은 내용을 당시 현장에 있던 사람들 중 피해자 외에는 아무도 들은 사람이 없는데, 오히려 위 피해자가 공소외 2에게 위 피고인이 이와 같은 말을 한다는 취지로 이야기하자 위 공소외 2가 이 말을 듣고 다시 위 피고인에게 이를 따져 항의한 사실이 인정될 뿐이다.",
            "위 피고인이 피해자의 귀에 대고 위와 같은 말을 한 것만으로는 불특정 또는 다수인이 이를 인식할 수 있는 상태,즉 공연성이 있다고 인정하기에 부족하고, 달리 이를 인정할 증거가 없다",
            "원심은 이 부분 공소사실에 대하여 유죄로 인정함으로써 사실을 오인한 위법이 있다 할 것이어서 피고인 2에 대한 이 부분공소사실과 원심 판시 나머지 범죄사실이 형법 제37조 전단의 경합범 관계에 있는 것으로 보아 1개의 형으로 처단한 원심 판결은 이 점에서 파기를 면할 수 없다.",
            "직권으로 보건대, 피고인 1이 이 사건 범행에 이르게 된 동기와 경위, 이 사건 범행 가담 정도, 피고인의 연령, 성행, 지능과 환경, 피고인 2와는 형제지간으로서 피고인 2에 대하여 실형이 선고되는 점, 그밖에 기록에 나타난 양형의 조건이 되는 여러 가지 사정을 자세히 검토하여 보면, 피고인에 대한 원심의 양형은 너무 무거워서 부당하다고 인정되므로 원심판결은 이 점에서 파기할 수밖에 없다."
        ]
    },
    "close": {
        "cnclsns": [
            "원심판결을 파기한다.",
            "피고인 1을 징역 8월에, 피고인 2를 징역 6월에 각 처한다.",
            "다만, 피고인 1에 대하여 이 판결 확정일로부터 2년간 위 형의 집행을 유예한다.",
            "이 사건 공소사실 중 명예훼손의 점은 무죄이다."
        ]
    }
}