{
    "info": {
        "caseField": "2",
        "detailField": "6",
        "trailField": "2",
        "caseNm": "사기, 유가증권위조, 위조유가증권행사, 사문서위조, 위조사문서행사, 공정증서, 원본불실기재, 불실기재공정증서원본행사, 여권법위반",
        "courtNm": "광주지법",
        "judmnAdjuDe": "2003. 08. 29.",
        "caseNo": "2003노1163",
        "relateLaword": [
            "여권법 제13조"
        ],
        "qotatPrcdnt": [
            "대법원 2003. 5. 30. 선고 2003도1256 판결",
            "대법원 1980. 12. 9. 선고 80도384 판결"
        ]
    },
    "concerned": {
        "acusr": "4",
        "dedat": "1"
    },
    "org": {
        "orgJdgmnCourtNm": "광주지법",
        "orgJdgmnAdjuDe": "2003. 6. 13. ",
        "orgJdgmnCaseNo": "2003고단1547"
    },
    "disposal": {
        "disposalform": "10",
        "disposalcontent": [
            "원심판결 중 아래 검사의 항소를 기각한 부분을 제외한 부분을 파기한다.\n",
            "피고인 1을 징역 1년에, 피고인 2를 징역 8월에 각 처한다.",
            "원심판결 선고 전의 구금일수 80일을 피고인 1에 대한 위 형에, 39일을 피고인 2에 대한 위 형에 각 산입한다."
        ]
    },
    "mentionedItems": {
        "rqestObjet": [
            "위 공소사실이 충분히 인정됨에도 불구하고, 원심은 채증법칙에 위배하여 사실을 잘못 인정하여 판결에 영향을 미치는 위법을 저질렀다.",
            "여권법 제13조 제3항에 해당됨에도 불구하고, 원심은 법리를 오해한 나머지 피고인들에 대하여 무죄를 선고하였다.",
            "원심이 선고한 형량이 너무 무거워 부당하다."
        ]
    },
    "assrs": {
        "acusrAssrs": [
            "피고인 1은 경찰조사에서부터 2회 검찰조사까지는 위 공소사실에 대하여 자백하였다가 부인을 하는 등 일관성이 없다가 검사가 거짓말탐지기를 사용하려 한 3회 검찰조사에서부터 제1회 원심 공판까지 자백하였다.",
            "자백경위도 남편인 공소외 1이 신용카드 사용대금을 해결하여 줄 것으로 믿었는데 해결하여 주지 아니하고 오히려 이혼소송을 제기하고 고소를 하자 배신감에 허위 진술한 것이라고 하여 그 자백에 신빙성이 있다.",
            "공소외 1의 수사기관에서의 진술을 종합하면, 위 공소사실이 충분히 인정됨에도 불구하고, 원심은 채증법칙에 위배하여 사실을 잘못 인정하여 판결에 영향을 미치는 위법을 저질렀다.",
            "여권법 제13조 제3항에 규정된 타인 명의의 여권은 정당하게 발급된 여권을 의미하는 것으로 해석하는 것은 맞으나 위 공소사실은 피고인 1이 공소외 1 명의로 여권을 신청하면서 피고인 2의 사진을 제출하여 인적사항은 공소외 1, 사진은 피고인 2의 것으로 된 여권이 발급된 것으로 그 내용이 불실하다.",
            "작성권한자에 의하여 정당하게 발급된 여권인 것은 맞으므로, 여권법 제13조 제3항에 해당됨에도 불구하고, 원심은 법리를 오해한 나머지 피고인들에 대하여 무죄를 선고하였다."
        ],
        "dedatAssrs": [
            "원심이 선고한 형량이 너무 무거워 부당하다."
        ]
    },
    "facts": {
        "bsisFacts": [
            "위 피고인은 검찰 1회 조사에서 원심 판시 무죄부분 1.공소사실에 기재된 카드신청서 작성 및 카드발급, 대출 등에 관하여 남편인 공소외 1의 동의를 받았다고 하여 위 공소사실을 부인하였다.",
            "그러면서 경찰에서 진술이 일관성이 없는 이유는 공소외 1이 아이들을 봐서라도 혼자 했다고 죄를 뒤집어 쓰라고 하였는데 그 후 공소외 1이 아이들을 보여주지 않고 이혼하겠다고 하여 사실대로 이야기를 한 것이라고 진술하였다.",
            "제3회 검찰조사에서 검사의 항소이유 주장과 같은 경위로 자백하였고, 다시 원심 제2회 공판기일에서 위 자백을 다시 번복하였다.",
            "원심에서는 여권법 제13조 제3항에서 규정하고 있는 '타인 명의의 여권을 행사한 자'에는 진정하게 성립된 타인 명의의 여권을 행사한 자를 처벌하는 규정이라고 보아야 한다 하였다.",
            "원심에서는 이 사건의 경우처럼 부정한 방법으로 발급받은 여권을 행사한 경우에 적용된다고 볼 수는 없다고 전제한 후 위 공소사실은 범죄로 되지 아니하는 경우에 해당한다고 하여 형사소송법 제325조 전단에 의하여 무죄를 선고하였다."
        ]
    },
    "dcss": {
        "courtDcss": [
            "수사기록에 첨부된 녹취록(328면 참조), 기록에 나타난 카드사용 내역, 횟수, 기간, 이혼소송경위 등을 종합하면, 위 피고인은 어린 자녀 셋을 부양해야 하는 공소외 1로 하여금 위 공소사실과 관련된 민·형사책임의 부담을 덜어주기 위하여 심경의 변화를 일으켜 허위 자백하였던 것이 아닌가 하는 강한 의문을 떨쳐 버릴 수가 없다.",
            "오히려 00, 00의 각 경찰진술, 위 녹취록, 카드사용내역, 횟수, 기간 등에 의하면, 공소외 1은 피고인 1이 위 카드들을 발급받아 사용하는 데 동의하였거나 적어도 이를 알면서 묵인한 것으로 보인다.",
            "이와 결론을 같이한 원심은 정당하고, 이와 다른 전제에 선 검사의 위 주장은 이유 없다.",
            "여권법 위반죄는 여권에 대한 거래의 안전과 신용을 보호법익으로 하고 있는데, 오늘날 진정하게 성립된 타인명의의 여권뿐만 아니라 위조되거나 부정발급 받아 유효하지 아니한 여권도 위 법익을 침해하는 수단이 될 개연성이 높다.",
            "문서 위·변조, 불실기재 등 죄와 그 행사죄(형법 제20장 문서에 관한 죄)에 관한 조문형식(행사죄가 위·변조 등 죄에 연이어서 규정되어 있음)과 법정형(동일함)을 여권법 제13조 제2항, 제13조 제3항의 규정형식(1999.9.9.법률 제6030호로 개정되기 전에는 제13조 제2항 안에 연이어 규정되어 있었음)을 비교하여 볼 때 거의 차이가 없다.",
            "법정형(동일하게 규정되어 있다가 정책적 고려에 의하여 위 법률 제6030호로 제13조 제2항에 대한 형량만을 상향조정 하였음)과 비교하여 볼 때 거의 차이가 없다.",
            "위 제13조 제3항 행사죄의 여권에는 제13조 제2항의 부정발급 받은 여권도 당연히 예정하고 있는 것으로 보인다.",
            "여권법 제13조 제3항에서 규정하고 있는 타인 명의의 여권에는 진정하게 성립된 여권뿐만 아니라 위조되거나 부정발급 받는 등 유효하지 않은 여권도 포함되는 것으로 보인다.",
            "원심은 여권법 제13조 제3항의 타인명의의 여권을 행사한 자에 대한 법리를 오해하여 피고인들에게 무죄를 선고한 위법이 있고, 한편, 피고인들에 대한 여권법 제13조 제3항 위반죄와 원심에서 유죄로 인정된 불실기재 여권행사죄는 1개의 행위가 수개의 죄에 해당하는 상상적 경합관계에 있다.",
            "검사만이 무죄부분에 대해서만 항소하였어도 유죄부분인 불실기재 여권행사죄도 항소심에 이심되어 항소심의 심판대상이 되었다.",
            "그 결과 원심이 위 불실기재 여권행사죄와 형법 제37조 전단의 경합범관계에 있다고 하여 위 죄와 함께 1개의 형을 선고한 나머지 유죄부분 또한 항소심에 이심되었다고 할 것이다(대법원 2003.5.30.선고 2003도1256 판결 참조).",
            "상상적 경합관계에 있는 수죄 중 그 일부만이 유죄로 인정된 경우와 그 전부가 유죄로 인정된 경우와는 양형의 조건을 참작함에 있어서 차이가 생기고 따라서 선고 형량을 정함에 있어서 차이가 있을 수 있으므로 결국 판결결과에 영향을 미쳤다(대법원 1980.12.9.선고 80도384 판결 참조)."
        ]
    },
    "close": {
        "cnclsns": [
            "원심판결 중 아래 검사의 항소를 기각한 부분을 제외한 부분을 파기한다.",
            "피고인 1을 징역 1년에, 피고인 2를 징역 8월에 각 처한다.",
            "원심판결 선고 전의 구금일수 80일을 피고인 1에 대한 위 형에, 39일을 피고인 2에 대한 위 형에 각 산입한다.",
            "다만, 피고인 2에 대하여 이 판결 확정일로부터 2년간 위 형의 집행을 유예한다.",
            "피고인 1에 대한 원심 판시 별지 일람표 1의 1 내지 18 기재와 같이 총 18회에 걸쳐 공소외 1 명의의 각 사문서를 위조하고, 이를 각 행사하였다는 사문서 위조 및 위조사문서행사의 점, 원심 판시 별지 일람표 1의 1, 2, 3, 6, 7, 8, 12, 13, 15, 16, 17, 18의 각 기재와 같이 총 12회에 걸쳐 공소외 1 명의의 신용카드 12장을 각 발급받아 편취하였다는 점에 대한 검사의 항소를 기각한다."
        ]
    }
}