{
    "info": {
        "caseField": "2",
        "detailField": "6",
        "trailField": "1",
        "caseNm": "특정경제범죄가중처벌등에관한법률위반(배임),회사정리법위반,증권거래법위반",
        "courtNm": "광주지법",
        "judmnAdjuDe": "2004. 07. 22.",
        "caseNo": "2003고합169",
        "relateLaword": [
            "형법 제355조",
            "형법 제356조",
            "정경제범죄가중처벌등에관한법률 제3조",
            "회사정리법 제94조",
            "회사정리법 제291조",
            "회사정리법 제292조"
        ],
        "qotatPrcdnt": [
            "대법원 1988. 10. 11. 선고 87다카1559 판결(공1988, 1403)"
        ]
    },
    "concerned": {
        "acusr": "4",
        "dedat": "1"
    },
    "org": {
        "orgJdgmnCourtNm": "",
        "orgJdgmnAdjuDe": "",
        "orgJdgmnCaseNo": ""
    },
    "disposal": {
        "disposalform": "6",
        "disposalcontent": [
            "피고인  1에 대한 형을 징역 3년으로, 피고인  2, 3에 대한 형을 각 징역 2년 6월로 각 정한다.",
            "이 판결 선고 전의 구금일수 15일을 피고인  1에 대하여, 1일을 피고인  3에 대하여 위 각 형에 산입한다.",
            "다만, 이 판결 확정일로부터 피고인  1에 대하여는 5년간, 피고인  2, 3에 대하여는 각 3년간 위 각 형의 집행을 유예한다."
        ]
    },
    "mentionedItems": {
        "rqestObjet": [
            "피고인  1에 대한 형을 징역 3년으로, 피고인  2, 3에 대한 형을 각 징역 2년 6월로 각 정한다.",
            "이 판결 선고 전의 구금일수 15일을 피고인  1에 대하여, 1일을 피고인  3에 대하여 위 각 형에 산입한다.",
            "다만, 이 판결 확정일로부터 피고인  1에 대하여는 5년간, 피고인  2, 3에 대하여는 각 3년간 위 각 형의 집행을 유예한다."
        ]
    },
    "assrs": {
        "acusrAssrs": [
            "금융실명제하에서는 예금의 명의자를 예금주로 보아야 할 것인데, 000 계좌 및 000 정기예금 계좌는 모두 정리회사의 계열사들 명의로 개설된 것일 뿐만 아니라, 000 0 및 0은 계열사들의 주거래은행이다.",
            "정리회사의 계열사들의 회계장부에는 시멘트 대금이 외상매입금 또는 매입채무로 계상되어 있고, 정리회사의 회계장부에는 외상매출금 또는 매출채권으로 계상되어 있다.",
            "000 계좌들에 입금되어 있던 돈에 대하여 발생된 이자는 계열사의 명의의 계좌로 이체되어 계열사들의자금으로 사용되었다.",
            "계열사들은 정리회사의 법정관리 종결 후인 2002.7.29.000 계좌에 입금되어 있던 돈으로 정리회사에 대한 시멘트 대금 등의 변제에 사용하였다.",
            "000 정기예금을 000가 대출받는 데 질권을 설정하여 주는 방법으로 담보로 제공함에 있어, 계열사 대표이사들이 이사회 결의 등 적법 절차를 거친 후 질권설정계약서에 서명·날인하였다.",
            "000가 대출금을 변제하지 아니하여 질권이 실행되자, 계열사들이 직접 000를 상대로 구상금청구소송을 제기하였고, 이 소송에서 계열사들이 소송비용을 부담하였으며, 정리회사는 계열사들이 시멘트 대금을 변제하지 않았다고 주장하고 있다.",
            "앞서 본 바와 같이 계열사들이 정리회사의 법정관리 종결 후 시멘트 대금 등을 모두 변제하였는데, 만약 000 0및 0에 입금된 돈을 계열사들이 시멘트 대금 변제 명목으로 지급한 것으로 본다면, 계열사들이 시멘트 대금을 이중 변제한 것이 된다.",
            "정리회사는 정리채권자와 채무 탕감 협상을 하기 위해서 현금시재를 낮추어야 했기 때문에 시멘트 대금 등의 지급을 잠시 보류하되 계열사의 운전자금과 혼동되어 복잡해 질 위험성이 있으므로 이를 구분하기 위해 별도의 통장을 개설한 것이다.",
            "000 계좌들의 통장에 관리인 인감이 날인된 것과 정리회사가 그 통장을 보관하고 있던 것은 계열사들에 의한 유용을 방지하고자 한 것에 불과하였던 점 등에 비추어 본다면 000 0 및 0에 입금된 돈 및 000정기예금 계좌들에 입금된 돈은 정리회사의 자금이 아닌 계열사들의 자금이라고 보아야 한다.",
            "000가 대출을 받음에 있어 계열사들 명의의 000 정기예금에 질권을 설정하여 담보로 제공하여 준 것은 계열사들의 대표이사가 이사회 결의 등 적법한 절차를 거쳐 질권설정계약서에 서명날인한 것이므로 피고인 1이 담보로 제공한 것이라고 볼 수없다."
        ],
        "dedatAssrs": []
    },
    "facts": {
        "bsisFacts": [
            "정리회사는 1995.3.2.채무의 지급을 보증한 000의 부도로 인해 연쇄 부도가 난 이후, 1995.10.10.광주지방법원 95파110호 사건으로 회사정리절차 개시결정을 받고, 피고인 1이 법정관리인으로 선임되었으며, 광주지방법원으로부터 1997.10.20.회사정리계획인가결정을 받았다.",
            "정리회사의 관리인인 피고인 1은 1997.10.20.자 회사정리계획(6,766억 원 상당의 확정채무를 1998.6.부터 2011.6.까지 13년에 걸쳐 정리채권자들에게 변제하였다.",
            "2005.6.부터의 변제금액이 매년 600억 원 상당을 상회하게 됨)에 따르면 정리회사가 회생하는 것이 어렵다는 회계법인의 의견 및 아래에서 보는 바와 같은 000의 정리회사에 대한 기업구조조정업무의 판단 결과에 따라, 2001.3.경부터 정리채권자들을 상대로 주채무 30% 변제, 70% 탕감, 보증채무는 5% 변제, 95% 탕감 등을 주된 내용으로 하는 채무재조정협상을 시작할 것을 마음먹었다.",
            "000 및 정리회사의 직원들로 하여금 회사정리계획변경을 위한 채무재조정협상을 시작하도록 하였으나, 대부분의 정리채권자들은 이에 대하여 정리회사의 영업이익 및 현금시재 등을 들어 변제율의 상향조정을 요구하는 등 부정적인 의견이 대부분이었다.",
            "피고인 1은 2001.8.내지 9.경 정리회사 내에 0팀을 구성하여 000와 함께 본격적인 채무재조정 협상을 진행하도록 하여, 정리채권자들의 동의를 이끌어 내기 위하여 정리채무의 변제에 대하여 주채무 30%현금변제 및 1% 출자전환된 주식지급, 나머지 채무 탕감, 보증채무는 7% 변제, 93% 탕감 등의 내용으로 변경하여 정리채권자들과 협상에 임하게 하였다.",
            "무재조정협상의 결과 일부 정리채권자들이 채무재조정에 응하여 위와 같은 내용의 채무재조정안에 동의하는 정리채권자들의 비율이 50%에 육박하게 되었으나, 여전히 관계인집회에서 회사정리계획의 변경에 필요한 정족수(채권액의 3분의 2)에 미치지 못하게 되자 아래에서 보는 바와 같이 000가 직접 정리채권자들을 상대로 정리채권의 매입에 나서게 되었다.",
            "정리회사가 위 나.의 (1)항과 같이 정리채권자들을 상대로 채무재조정 협상을 시작하였으나, 정리채권자들이 정리회사의 현금시재 등을 들어 채무재조정에 응하지 않자, 정리회사의 관리인인 피고인 1은 2001.5.경 정리회사의 대표이사 00,000의 대표이사 피고인 2, 상무이사 피고인 3, 정리회사 직원 00 등과 함께 상의한 결과 채무재조정협상 과정에서 정리회사에 현금이 많이 있으면 채무재조정협상에 불리하다고 최종적으로 판단하였다.",
            "정리회사 명의의 000 계좌로 송금받아 000, 000, 000 등 정리회사의 계열사들의 시멘트 대금을 위 계열사들 명의의 별도의 계좌를 만들어 입금처리할 것을 지시하였다.",
            "이에 위 계열사들은 2001.5.29.000 0에 계열사들 명의의 새로운 계좌를 개설하여 시멘트 대금을 입금처리하다가, 2001.9.27.000 0에 다시 계열사들 명의의 새로운 계좌를 개설하여 2002.5.31.경까지 시멘트 대금을 입금처리하였다.",
            "이와 같이 위 계열사들 명의로 신규 예금 계좌를 개설하면서, 피고인 1이 보관하고 있던 정리회사의 관리인 인감을 사용하였고, 신규 개설된 계좌의 통장들을 계열사들이 아닌 정리회사에서 보관하였으며, 인출시에는 관리인인 피고인 1의 결재를 받아 인출하였다.",
            "000는 2000.7.26.피고인 1 및 0 동창생들인 피고인 2, 3, 00 등이 주도하여 설립된 기업구조조정 전문회사로서, 사실상 정리회사인 000의 구조조정업무를 주된 목적으로 하였다.",
            "000는 설립 이후 피고인 1의 구두 요청에 따라 2000.7.경부터 2000.말경까지 정리회사에 대한 관리인보고서 검토, 채권자 현황, 계속기업가치 및 청산기업가치 등의 자료 검토 등 구조조정업무를 시작하여, 2001.1.내지 2.경 정리채무 중 주채무30% 변제, 70% 탕감, 보증채무는 5% 변제, 95% 탕감 등의 내용으로 채무재조정 협상을 할 것을 피고인 1에게 제시하였다.",
            "이에 피고인 1은 위와 같은 채무재조정안과 같이 정리채권자들을 상대로 협상을 하기로 결정하였고, 000는 2001.3.경부터정리채권자들을 상대로 채무재조정 협상을 위한 접촉을 시작하였다.",
            "정리채권자들이 정리채무 중 주채무 30% 변제, 70% 탕감, 보증채무는 5% 변제, 95% 탕감에 부정적인 의견을 보이자, 피고인 1은 위 가.의 (2)항과 같이 2001.8.내지 9.경 정리회사 내에 0팀을 구성하고 KWS와 함께 정리채무 중 주채무30% 현금변제 및 1% 출자전환된 주식지급, 나머지 채무 탕감, 보증채무는 7% 변제, 93% 탕감 등의 변경된 내용으로 채무재조정 협상에 임하도록 하였다.",
            "000는 위와 같이 정리회사에 대한 기업가치 평가 및 채무재조정 협상에 임하는 과정에서 정리회사와 명문의 용역계약을 체결한 사실이 없이 피고인 1과의 구두 계약에 따라 채무재조정업무를 담당하였다.",
            "000는 대표이사인 피고인 2와 정리회사의 관리인인 피고인 1 사이에 체결된 구두약정에 따라, 위 라.항 같이 2000.7.경부터 정리회사에 대한 기업가치 평가를 수행한 후 2001.3.경부터 정리회사의 채무재조정 협상 업무를 담당하여 오다가, 2002.3.경 정리회사와 000 사이의 용역계약서 초안을 정리회사에 송부하였다.",
            "정리회사의 직원인 00은 위 용역계약서 초안에 계약의 당사자를 정리회사의 관리인인 피고인 1로 하는 것으로 작성하여 피고인 1의 결재를 구하였으나, 피고인 1은 위 용역계약이 법원에 의하여 허가를 받기 어려울 것으로 판단한 결과 용역계약의 당사자를 정리회사의 대표이사 총괄전무 00으로 변경하라고 지시하면서 위 용역계약서에 서명날인하지 않았다.",
            "정리회사의 대표이사 총괄전무 00은 2002.7.15.경 위와 같이 000가 송부하여 온 용역계약서 초안에 당사자를 00으로 하고 용역수수료의 지급을 정리회사의 법정관리 종료 후 50일 이내로 변경하는 등 합의사항을 수정·반영하여 서명날인한후 송부하였고, 000는 그 무렵 이후 이와 같이 송부받은 용역계약서에 대표이사인 피고인 2가 서명날인한 후 정리회사에 송부하였다.",
            "위 용역계약서 제21조에는 그 효력 발생시기에 대하여 계약 양 당사자가 상호 서명날인한 날로부터 그 효력이 발생하는 것으로 기재되어 있다.",
            "위 용역계약에 의하면 정리회사가 500만 원 이상의 돈을 지출하는 것이 예정되어 있었고, 위와 같은 용역계약은 정리회사의 상무에 속하지 않는 행위로 법원의 허가가 필요함에도 이에 대하여 법원의 허가를 받지 아니하였다."
        ]
    },
    "dcss": {
        "courtDcss": [
            "계열사들 명의의 000 0 및 0 계좌에 입금된 돈 및 위 000 계좌들에서 계열사들 명의의 000 정기예금 계좌에 입금되어 담보로 제공된 돈은 모두 정리회사의 자금이라고 할 것이므로 위 주장은 받아들이지 아니한다.",
            "앞서 본 바와 같이 계열사들 명의의 000 정기예금은 정리회사의 자금이라고 할 것이고, 다만 예금주 명의만 계열사들의 명의로 되어 있을 뿐이었던 점, 계열사 대표이사들은 담보 제공에 대하여 본사인 정리회사 또는 피고인 1의 지시에 따른 것이라는 취지로 진술하고 있는 점 등에 비추어 보면 명의가 계열사들로 되어 있어 법적인 형식을 갖추기 위하여 계열사들의 대표이사들이 질권설정계약서에 서명날인한 것으로 보일 뿐이다.",
            "실질적인 행위자는 피고인 1로 보기에 충분하다고 할 것이므로 위 주장은 받아들이지 아니한다 ",
            "정리회사에게 재무적 구조조정의 필요성이 있었고, 000의 입장에서는 정리채권의 매입이 법령에 따른 본연의 임무가 될 수 있다고 하더라도, 정리회사와 000 사이에 체결된 용역계약은 500만 원 이상의 금원지출이 예상되는 계약 혹은 정리회사의 상무에 속하지 않는 행위로 법원의 허가가 필요했다.",
            "그럼에도 채권매입의 차입금 조항 등이 채권자평등의 원칙에 어긋나 법원의 허가를 받을 수없다고 예상되자 용역계약비용 등을 회사정리절차가 종결된 이후에 지급하기로 하였다는 구실로 정리회사의 법적 대표자인 관리인 피고인 1의 명의가 아닌 정리회사의 대표이사 00의 명의로 법원의 허가 없이 체결된 것이어서 계약 자체가 무효라고할 수밖에 없다.",
            "위 용역계약에 따라 정리회사에게 비용 선급 의무가 발생한다고 볼 수도 없고, 또한 계열사들 명의의 000 정기예금의 담보제공 행위는 위 용역계약에도 없는 000가 채권매입을 함에 있어서 필요한 자금을 정리회사가 제공하기로 하는 이면약정에 따른 것으로 용역계약에 따른 비용 선급이라고 볼 수도 없으므로 위 주장은 받아들이지 아니한다.",
            "정리회사의 관리인인 피고인 1이 정리회사의 갱생을 위하여는 정리채권자들과의 채무재조정협상을 통하여 정리계획을 변경하는 수밖에 없다고 판단하였다고 하더라도, 이를 수행함에 있어서 법이 허용하지 않는 방법을 비롯한 모든 방법을 동원하는 것까지 단지 경영상 판단에 해당한다는 이유만으로 허용된다고 할 수는 없을 것이다.",
            "피고인 1의 담보제공행위는 앞서 본 바와 같이 정리회사의 자금을 계열사들의 명의로 예금하여 놓은 것을 기화로 법원의 허가를 받지 아니한 채 정리회사의 재산을 타인인 000를 위하여 담보로 제공한 것이다.",
            "이는 정리회사의 갱생을 위하여 회사정리법을 비롯한 관계법이 예정하고 있는 것은 아니라고 할 것이고, 결과적으로 정리회사가 정리절차에서 벗어나게 되었다는 것만으로는 관리인으로서의 의무를 다한 것이라고 할 수 없으므로 위와 같은 주장은 받아들이지 아니한다.",
            "정리회사의 관리인은 정리회사의 기관이거나 그 대표자가 아니고, 정리회사와 그 채권자 및 주주로 구성되는 소위 이해관계인 단체의 관리자로서 일종의 공적수탁자라고 할 것이다(대법원 1988.10.11.선고 87다카1559 판결 등 참조).",
            "정리회사의 관리인은 정리회사와 그 채권자 및 주주로 구성되는 이해관계인 단체로부터 그들의 이익을 위하여 정리회사의 갱생, 채권자 평등의 원칙에 따른 공평한 채무의 변제, 정리회사의 적정한 경영을 통한 주주의 이익 보장 등을 위한 업무를 위임받아 처리하는 자로서, 이와 같은 업무는 정리회사의 관리인에 있어 자기의 사무가 아니라 타인의 사무를 위임받아 처리하는 것이라 할 것이므로 위 주장은 받아들이지 아니한다.",
            "정리회사의 관리인은 정리회사와 그 채권자 및 주주로 구성되는 이해관계인 단체의 관리자로서 일종의 공적수탁자라고 할 것이므로, 정리회사의 관리인인 피고인 1의 행위로 인한 재산상의 손해를 판단함에 있어서는 정리회사뿐만 아니라 정리회사의 채권자 및 주주에 대한 관계까지도 함께 고려되어야 할 것이다.",
            "정리채권자에 대하여 담보제공 행위는 정리회사의 책임재산을 감소시키는 것으로서 정리채권자들에게 직접적인 손해를 가하는 것이 된다.",
            "000가 대출받은 돈을 이용하여 일부 정리채권자들의 정리채권을 정리계획안보다 많은 금액을 주고 양수하고, 이로 인하여 000에 발생할지도 모르는 손실을 정리회사가 추후에 보상하여 주기로 한 것은 명백히 정리채권자 평등의 원칙에 반하는 것으로서 000가 채권을 양수하지 않는 정리채권자, 특히 변경된 회사정리계획안에 반대하는 채권자들에 대하여 손해가 발생한 것이라고 보기에 충분하다고 할 것이다.",
            "정리회사에 대하여도 정리회사의 재산을 담보로 제공함으로써 담보실행의 위험이 발생한 것이 분명하다.",
            "담보제공 당시에는 정리회사의 회사정리계획변경계획이법원에 의해 통과될 것인지 여부가 불분명한 상태였으므로 사실상 채권의 선변제를 하기 위해 위와 같이 담보로 제공한 것은 정리회사 재산에 손해발생의 위험을 야기한 것으로 보기에도 충분하다고 할 것이다.",
            "정리회사가 000에 대하여 궁극적으로 가지게 될 구상금 채권과 000가 정리회사에 대하여 가지게 되는 양수금 및 대여금 채권을 상계할 수 있는 것이라고 하더라도, 이는 정리회사에 대한 관계에 불과한 것이고 그로 인하여 정리채권자 및 정리회사의 주주에 대하여 손해가 발생하지 않는다고할 수 없다.",
            "피고인들에게 담보 제공 행위라는 임무 위배 행위로 인하여 업무상 배임의 범죄가 성립한 이상 담보 제공 행위 결과 000에 대하여 구상금 채권을 가지게 되었다거나 000가 정리회사에 대하여 가지는 위 채권들과 나중에 상계할 수 있다는 사정만으로는 이미 성립한 업무상배임죄에 어떤 영향을 주는 것을 아니라고 할 것이다.",
            "정리회사와 000 사이에 체결된 용역계약은 정리회사의 법적 대표자인 관리인 피고인 1의 명의로 체결된 것이아니라, 정리회사의 대표이사 00의 명의로 체결된 것이어서 계약 자체가 무효라고 할 수밖에 없어 과연 위 용역계약에 따라 정리회사에게 비용의 선급의무나 용역비에 대한 담보제공의무가 발생하는지에 대하여 의문이 있다.",
            "더욱이 위 용역계약에 의하더라도 정리회사가 000에게 채권매입에 필요한 자금을 마련하기 위한 담보제공의무가 있다고 할 수도 없다.",
            "위와 같은 정리채권의 매입에도 불구하고 회사정리계획변경계획안이 관계인 집회에서 통과되지 않거나 법원에 의하여 인가되지 않는다면 채권의 선변제로 인한 손해 및 담보실행의 위험을 입게 되고, 회사정리계획변경계획안이 통과되더라도 일부 채권자들이 채권자평등의 원칙에 반한 불이익을 받을 수밖에 없다는 점을 인식하고있었을 것이다.",
            "피고인 1이 정리회사의 자금을 담보제공 행위가 공적수탁자로서의 관리인의 임무에 위배된다는 인식, 000에 담보이익이라는 재산상의 이익을 제공한다는 인식 및 정리채권자평등의 원칙에 반하여 000가 정리채권을 매입하지 않은 정리채권자들에게 손해를 가한다는 인식이 있었다고 보기에 충분하다.",
            "정리회사에도 담보실행 위험이 발생하게 되는 재산상의 손해를 가한다는 인식이 있었다고 보기에 충분하다고 할 것이므로 위 주장은 받아들이지 아니한다.",
            "000의 본사 사무실에는 정리회사의 0팀 직원들이 상주하고 있으면서 채무재조정 협상 전반에 관하여 정리회사와 상호 유기적인 관계에서 업무를 처리하고 있었던 점 및 그밖에 기록에 나타난 제반 사정에 비추어 본다면 피고인 2, 3에 대하여 업무상 배임의 공모 의사를 인정하기에 충분하다고 할 것이므로 위 주장 역시 받아들이지 아니한다.",
            "피고인 1은 정리회사의 발행주식총수의 13.56%를 000들과 합유의 형태로 보유하게 되었으므로, 위 증권거래법 및 그 시행령 규정에 의하여 주식을 대량보유하게 된 경우 신고의무가 있는 자에 해당함이 법문상 명백하다고 할 것이며, 000이 내부적으로 업무집행조합원을 따로 두고 있다고 하여 피고인 1이 신고의무를 면한다고 볼수 없다.",
            "주식을 대량보유하고 있던 자가 그 보유주식비율이 당해 법인의 주식 등의 총수의 100분의 1의 비율 이상 변동된 경우에는그 변동사항에 대하여 신고의무를 지게 되는 것 역시 법문상 명백하다고 할 것이고, 피고인 1을 비롯한 000들의공동보유에서 00 단독 명의 보유로 주식의 보유상황이 변동되었으므로 역시 피고인 1에게 주식 보유상황에 대하여 신고의무가 있다고 할 것이다.",
            "000가 증자에 참가한 주주들에 대하여 손실을 보전하기 위하여 000의 재산을 담보로 제공하여야 할 아무런 이유나 의무도 없다.",
            "위와 같은 담보제공행위로 인하여 000에게 대출을 받은 주주들이 대출금을 변제하지 않을 경우 담보가 실행될 위험이 발생하게 하였다.",
            "주식회사와 주주는 별개의 인격으로서 동일인이라고 할 수 없으므로 000의 임원인 피고인 3, 2가 위 담보제공행위에 대하여주주의 양해를 얻었거나 이사회의 결의가 있었다고 하여도 본인인 000에게 손해가 없었다거나 또는 배임의 범의가 없었다고 볼 수 없다(대법원 1985.10.22.선고 85도1503 판결, 2000.11.24.선고 99도822 판결 등 참조)",
            "피고인 2, 3에게 이 부분 업무상 배임의 죄책을 묻기에 충분하다고 할 것이며, 위 주장과 같은 정황 및 대출을 받은 주주들이 대출금을 모두 변제하였다고 하여 업무상배임죄의 성립에는 아무런 지장이 없다고 할 것이므로 위 주장은 받아들이지 아니한다."
        ]
    },
    "close": {
        "cnclsns": [
            "피고인 1에 대한 형을 징역 3년으로, 피고인 2, 3에 대한 형을 각 징역 2년 6월로 각 정한다.",
            "이 판결 선고 전의 구금일수 15일을 피고인 1에 대하여, 1일을 피고인 3에 대하여 위 각 형에 산입한다.",
            "다만, 이 판결 확정일로부터 피고인 1에 대하여는 5년간, 피고인 2, 3에 대하여는 각 3년간 위 각 형의 집행을 유예한다."
        ]
    }
}