{
    "info": {
        "caseField": "2",
        "detailField": "6",
        "trailField": "1",
        "caseNm": "중감금치상,강요,사문서위조,위조사문서행사,공정증서원본불실기재,불실기재공정증서원본행사,폭력행위등처벌에관한법률위반(야간,공동폭행)",
        "courtNm": "서울중앙지법",
        "judmnAdjuDe": "2004. 06. 01.",
        "caseNo": "2003고합1177",
        "relateLaword": [
            "형법 제260조",
            "형법 제277조",
            "형법 제281조",
            "형법 제324조",
            "형사소송법 제326조 "
        ],
        "qotatPrcdnt": [
            "대법원 1994. 3. 22. 선고 93도2080 전원합의체 판결",
            "대법원 1998. 8. 21. 선고 98도749 판결"
        ]
    },
    "concerned": {
        "acusr": "4",
        "dedat": "1"
    },
    "org": {
        "orgJdgmnCourtNm": "",
        "orgJdgmnAdjuDe": "",
        "orgJdgmnCaseNo": ""
    },
    "disposal": {
        "disposalform": "6",
        "disposalcontent": [
            "피고인을 징역 1년에 처한다.",
            "이 판결 선고 전의 구금일수 2일을 위 형에 산입한다.",
            "다만, 이 판결 확정일부터 2년간 위 형의 집행을 유예한다.",
            "이 사건 공소사실 중 각 폭력행위등처벌에관한법률위반(야간,공동폭행)의 점, 각 증여계약서에 관한 사문서위조 및 위조사문서행사의 점, 각 공정증서원본불실기재 및 불실기재공정증서원본행사의 점은 각 무죄이다.",
            "이 사건 공소사실 중 중감금치상의 점, 강요의 점은 각 면소한다."
        ]
    },
    "mentionedItems": {
        "rqestObjet": [
            "피고인을 징역 1년에 처한다.",
            "이 판결 선고 전의 구금일수 2일을 위 형에 산입한다.",
            "다만, 이 판결 확정일부터 2년간 위 형의 집행을 유예한다.",
            "이 사건 공소사실 중 각 폭력행위등처벌에관한법률위반(야간,공동폭행)의 점, 각 증여계약서에 관한 사문서위조 및 위조사문서행사의 점, 각 공정증서원본불실기재 및 불실기재공정증서원본행사의 점은 각 무죄이다.",
            "이 사건 공소사실 중 중감금치상의 점, 강요의 점은 각 면소한다."
        ]
    },
    "assrs": {
        "acusrAssrs": [
            "피고인은 2002.5.3.23:30에서 23:40경 0000에 있는 피고인의 처인 피해자 피해자(여, 44세)운영의 (상호 생략)3층에서 평소 잦은 피고인의 폭행에 못 이겨 피고인을 피하여 위 장소에 피신하고 있던 피해자를 찾아가 문을 두드렸다.",
            "피고인은 문을 열어 주지 않자 사다리를 통해서 거실로 들어가 문을 열어 주지 않았다는 이유로 그 곳에 있던 태극기 봉, 목검 등으로 거실에서 TV를 시청하고 있던 피해자의 머리, 다리, 팔 등을 마구 때려 피해자를 폭행하였다.",
            "피고인이 위 (1)항의 일시에 (상호 생략)3층의 안방에서 외간 남자인 공소외 1이 술에 취하여 자고 있는 것을 발견하고 피해자가 공소외 1과 불륜을 저질렀다는 생각에 피해자 등을 간통죄로 신고하여 0000에 있는 서산경찰서 운산파출소에서 피해자와 함께 조사를 받았다.",
            "2002.5.4.04:00경 피해자를 위 파출소 앞에 주차해 놓은 피고인의 친구 공소외 2의 0차량 안으로 불러내어 공소외 1은 \"서울에서 너를 몇 번 만난 사실이 있다고 하는데, 너는 왜 만나지 않았다고 거짓말을 하느냐?\" 고 하면서 손과 발로 피해자의 온몸을 수회에 걸쳐 때려 피해자를 폭행하였다.",
            "피고인은 (가)2002.5.16.경 0000 (번지 생략)에 있는 피고인의 집에서 피해자 피해자이 0000 (번지생략), (번지 생략), (번지 생략), (번지 생략), (번지 생략), 같은 면 0000 (번지 생략)0000에 있는 피해자 명의의부동산을 피고인에게 증여한 사실이 없다.",
            "피고인의 위 집에서 피해자를 감금, 폭행하고 있음을 기화로, 행사할 목적으로, 함부로 법무사 오부호로 하여금 피해자가 피고인에게 위 부동산을 증여한다는 내용의 증여계약서를 워드프로세서로 미리 작성하게 한 후 증여인란의 피해자의 이름에 피해자로부터 미리 빼앗아 보관하고 있던 피해자의 인감도장을 날인하는 방법으로 피해자 명의의 권리의무에 관한 사문서인 증여계약서 1매를 위조하였다.",
            "피고인은 2002.5.20.경 위 (가)항의 증여계약서와 함께 피해자가 실신한 틈을 이용하여 동인의 우무인을 찍은 확인서면을 오부호를통하여 그 위조된 정을 모르는 수원지방법원 오산등기소 성명불상 직원에게 제출하여 이를 행사하였다.",
            "피고인은 같은 일시경 등기공무원으로 하여금 위 (가)항 부동산의 등기부에 위 부동산이 증여에 의해 피고인에게 소유권이 이전된 양 불실의 사실을 기재케 하고, 즉시 이를 비치케 하여 행사하였다.",
            "(가)2002.5.16.경 피해자가 0000 (번지 생략), (번지 생략), (번지 생략)에 있는 피해자 명의의 부동산과 같은 면 0000 (번지 생략), (번지 생략)에 있는 같은 명의의 부동산을 위 (1)의 (가)항과 같은 방법으로 피고인에게 증여한다는 내용의 피해자 명의의 권리의무에 관한 사문서인 증여계약서 1매를 위조하였다.",
            "2002.6.3.경 위 (가)항의 증여계약서와 함께 위 (1)의 (나)항과 같은 방법으로 확보한 확인서면을 오부호를 통하여 그 위조된 정을 모르는 대전지방법원 서산지원 등기소 직원에게 제출하여 이를 행사하였다.",
            "같은 일시경 등기공무원으로 하여금 위 (가)항의 부동산의 등기부에 위 (1)의 (다)항과 같이 불실의 사실을 기재케 하고, 즉시 이를 비치케 하여 행사하였다.",
            "피고인은 002.5.7.경부터 같은 달 24일경까지 0000 (번지 생략)에 있는 피고인의 집에서 2002.5.3.공소외 1과(상호 생략)3층에 함께 있다가 피고인에게 발각된 일로 0000 00000에 피신해 있던 피해자 피해자을 찾아내 강제로 1일동안 정신병원에 입원시켰다가 위 집으로 끌고와 도망가지 못하도록 방문, 거실문, 대문 등에 자물쇠를 별도로 설치하여 채웠다.",
            "피고인의 모, 누나 공소외 6 등으로 하여금 열쇠를 관리하게 하면서 피해자를 감시하게 하는 등의 방법으로 약17일 동안 음식물을 제대로 주지 않고 피해자를 감금하면서 공소외 1과의 간통 사실을 인정하는 자술서를 써라.고 강요하였다.",
            "피해자는 간통 사실이 없다면서 완강히 거부하자 피해자의 옷을 강제로 발가벗겨 나체로 만든 상태에서 쇠로 만든 벽난로부지깽이, 허리띠, 옷걸이, 각목 등을 이용하여 피해자의 전신을 구타하고, 항거 불능의 상태에 있는 피해자의 음부에 장식용돌과 헤어브러쉬, 파마루프 등을 집어넣다 뺐다 하고 머리카락을 가위로 자르고, 면도칼로 음모를 밀고 담뱃불로 손등을 지지는 등 구타하였다.",
            "피해자를 수회에 걸쳐 실신시키고, 물을 뿌려 깨어나게 하고 잠을 자지 못하게 하는 등 가혹행위를 하여 피해자로 하여금 약 2주간 이상의 치료를 요하는 전신다발성좌상, 좌측수부화상 등의 상해를 가하였다.",
            "위 가항의 일시, 장소에서 피해자를 감금한 상태에서 위와 같이 드라이용 빗을 피해자의 음부에 끼웠다 뺐다 하여 피해자의 음부에서 피가 흐르는데도 위 빗을 음부에 그대로 끼워놓고 완전히 일어서거나 앉지도 못하는 엉거주춤한 자세에서 \"공소외 1에게 강간을 당하였다.공소외 1과 간통을 하였다.\" 라는 등의 허위 내용의 자술서 등을 강제로 작성하도록 하였다."
        ],
        "dedatAssrs": [
            "피고인은 1978.6.13.피해자 피해자과 혼인신고를 하고 살아 오면서 피고인의 재산과 사업의 명의를 자신의 처인 피해자 앞으로 신탁해 두고 오래 전부터 평소에 자신이 피해자의 인감도장을 보관하면서 필요에 따라 직접 대리인으로피해자의 인감증명서를 발급받아 왔었다.",
            "피고인에게는 피해자의 인감증명서를 발부받기 위해 피해자 명의의 인감증명서발급위임장을 작성할 포괄적인 권한이 있었고, 판시 제1의 가.항은 피해자의 명시적인 동의하에, 판시 제1의 나., 다.항은 피해자의 묵시적인 동의하에 위 각 인감증명서발급위임장을 작성한 것이다.",
            "그러므로 판시 제1항의 행위는 사문서위조죄 및 위조사문서행사죄에 해당하지 않는다고 주장한다.",
            "피고인은, 2002.5.3.밤에 (상호 생략)3층에 올라가 피해자에게 술을 마시고 연락이 잘 안되며 집에도 잘 안 들어오는 것을 말로써 야단친 후, 그 곳에서 자려고 안방에 들어갔는데 술에 취해 팬티만 입고 자고 있던 공소외 1을 발견하고 도망가려고 하는 공소외 1을 잡으려고 공소외 1과 실갱이를 벌였을 뿐이다.",
            "피고인은, 2002.5.4.새벽에 운산파출소 앞에 주차된 0차량 안에서 공소외 1와의 관계 등에 관해 피해자와 조용히 대화를 나누었을 뿐이므로, 위 공소사실 기재와 같이 피해자를 각 폭행한 사실이없다고 주장한다.",
            "피고인은 위 공소사실 기재와 같이 위 각 부동산의 소유자 명의가 피해자에게서 피고인 앞으로 변경된 것은 사실이라고 한다.",
            "피고인이 이는 피해자와 사이에 증여계약을 체결하고 피해자의 동의를 얻어 작성한 위 각 증여계약서, 확인서면을 통하여 이루어진 것이므로, 피고인이 위 각 증여계약서 및 확인서면을 위조한 것이 아니고, 따라서 불실의 사실을 위 각 부동산등기부에 기재한 것이 아니라고 주장한다."
        ]
    },
    "facts": {
        "bsisFacts": [
            "피고인은, 1.가.2002.5.7.0000 동사무소에서, 피해자의 인감증명서를 발급받는 과정에서 피해자의 인감도장 등 피해자의 물품을 보관하고 있음을 기화로 피해자로부터 인감증명서 발급에 대한 권한을 위임받은 사실이 없다.",
            "피고인은 행사할 목적으로 함부로 마치 위임받은 것처럼 인감증명서신청서의 위임인 란에 피해자의 이름, 주민등록번호, 주소 등을 기재하고 피해자의 인감도장을 날인하는 방법으로 피해자 명의의 권리의무에 관한 사문서인 인감증명서발급위임장 1장을 위조하고, 그 자리에서 그 정을 모르는 위 동사무소 소속 성명불상 직원에게 제출하여 이를 행사하였다.",
            "피고인은 2002.5.28.위 가.항과 같은 장소에서 같은 방법으로 피해자 명의의 권리의무에 관한 사문서인 인감증명서발급위임장 1매를 위조하고, 그 자리에서 위 가.항과 같은 방법으로 이를 행사하였다.",
            "피고인은 2002.6.1.위 가.항과 같은 장소에서 같은 방법으로 피해자 명의의 권리의무에 관한 사문서인 인감증명서발급위임장 1매를 위조하고, 그 자리에서 위 가.항과 같은 방법으로 이를 행사하였다.",
            "2002.6.3.경 0000에 있는 00000 1층에서 피해자가 자신의 명의로 가입한 000의 0, 0, 0 등 총 4건의 보험에 대하여 피해자로부터 위 보험해약신청 및 해약환급금수령에 대한 권한을 위임받은 사실이 없었다.",
            "마치 위 권한을 위임받은 것처럼 행사할 목적으로 함부로 위임하는 분 성명 란에(이름생략)이라고 기재한 후 소지하고 있던 피해자의 인장을 날인하여 사실증명에 관한 사문서인 피해자 명의의 보험해약신청 및 해약환급금 수령에 관한 위임장 1매를 위조하고, 그 자리에서 그 정을 모르는 000 담당직원인 00에게 제출하여 이를 행사하였다.",
            "2002.6.28.경 피해자로부터 동인 소유의 (자동차등록번호 생략)0 승용차의 매도를 허락받은 사실이 없다.",
            "이를 타에 매도하기로 마음먹고 0000 (번지생략)에 있는 피고인의 집에서 행사할 목적으로 함부로 인쇄된 양식에 위 차량번호, 피해자의 성명, 주민등록번호, 주소 등을 기재하여 피해자 명의의 권리의무에 관한 사문서인 자동차매매계약서 1매를 위조하고, 그 자리에서 그 정을 모르는 000 성명불상 담당자에게 교부하여 이를 행사하였다.",
            "2002.9.23.0000에 있는 000 0000 사무소에서, 피해자로부터 통화내역서 열람에 대하여 권한을 위임받은 사실이 없다.",
            "마치 위 권한을 위임받은 것처럼 행사할 목적으로 함부로 피해자가 피고인에게 피해자 명의의 이동전화에 대한 통화내역열람을 위임하는 내용의 사실증명에 관한 피해자 명의의 사문서인 통화내역열람신청서 위임장 1매를 위조하고, 그 자리에서 그 정을 모르는 위 000 0000 담당직원 김정미에게 제시하여 이를 행사하였다.",
            "피고인은 2003.1.14.서울지방법원에서 폭행죄로 벌금 50만 원의 약식명령을 발령받아 2003.2.25.그 약식명령이확정되었다.",
            "그 범죄사실은 \"피고인이 2002.5.10.시간불상경 0000 (번지 생략)소재 피고인의 주거지에서 부인인 피해자(여, 43세)이 간통한 사실대로 자술서를 작성하지 않는다는 이유로 손으로 동녀의 빰을 때리고 발로 동녀의 몸을 차 동녀를 폭행하였다.\" 는 것인 사실을 인정할 수 있다."
        ]
    },
    "dcss": {
        "courtDcss": [
            "공소사실이나 범죄사실의 동일성은 형사소송법상의 개념이므로 이것이 형사소송절차에서 가지는 의의나 소송법적 기능을 고려하여야 할 것이다.",
            "따라서 두 죄의 기본적 사실관계가 동일한가의 여부는 그 규범적 요소를 전적으로 배제한 채 순수하게 사회적, 전법률적인 관점에서만 파악할 수는 없고, 그 자연적, 사회적 사실관계나 피고인의 행위가 동일한 것인가 외에 그 규범적요소도 기본적 사실관계 동일성의 실질적 내용의 일부를 이루는 것이라고 보는 것이 상당하다(대법원 1994.3.22.선고93도2080 전원합의체 판결, 1998.8.21.선고 98도749 판결 등 참조).",
            "우선, 이 사건 중 위 중감금치상의 공소사실과 약식명령이 확정된 위 폭행죄의 범죄사실의 동일성에 관하여 살피기로 한다.",
            "형법 제281조 제1항, 제277조 제1항의 중감금치상죄는 사람을 감금하여 가혹한 행위 를 가하여 상해에 이르게 한 경우 성립하는데, 위 '가혹한 행위'란 생명·신체에 위험을 줄 수 있는 육체적 또는 정신적 고통을 가하는 일체의 행위를 의미하고, 위 죄의 보호법익은 사람의 잠재적인 이전(移轉)의 자유와 신체의 건재(健在)및 건강(健康)이다.",
            "형법 제260조 제1항의 폭행죄는 사람의 신체에 대하여 '폭행'을 가한 경우 성립하는데, 위 '폭행'이란 사람의 신체에 대한 유형력 행사 등 불법한 일체의 공격을 의미하고, 위 죄의 보호법익은 신체의 완전성 내지 불가침성, 즉 신체의 건재(健在)이다.",
            "다시 이 사건으로 돌아와 살피건대, 유죄로 확정된 위 폭행죄는 그 범행일시가 이 사건 중감금치상죄의 감금기간 중에 이루어졌으며, 위 두 죄의 범행장소도 모두 위 피고인의 주거지로 동일한 점, 위 두 죄는 모두 피고인이 피해자와 공소외 1의 관계를 의심하여 피해자로 하여금 간통 사실에 관한 자술서를 쓰라고 강요하던 과정에서 이루어진 것으로 그 범행동기와 상대방이 동일하다.",
            "그리고 신체의 건재(健在)라는 폭행죄의 보호법익은 중감금치상죄에 의하여도 보호되는 법익이고, 유죄가 확정된 위 폭행죄의 폭행행위가 중감금치상죄의 가혹행위에 해당하는 것으로도 평가되는 점을 종합하여 보면, 위 유죄가 확정된 폭행죄와 이 사건 중감금치상죄는 1개의 행위가 외관상 수개의 죄의 구성요건에 해당하는 것처럼 보이나 실질적으로 1죄만을 구성하는 법조경합의 한태양인 흡수관계에 있다고 볼 것이다.",
            "따라서 비록 유죄가 확정된 위 폭행죄가 2002.5.7.경부터 2002.5.24.경까지 사이인 약 17일 동안의 이 사건 중감금치상죄 감금기간 중 단 하루의 폭행을 그 내용으로 하고 있고, 이 사건 중감금치상죄의 가혹행위의 수단과 방법이 위 폭행죄의 폭행 내용보다 가혹한 면이 있어 이를 참작한다.",
            "그리고 위 (1)항의 법리에 따라 그 자연적, 사회적 사실관계나 피고인의 행위가 동일한 것인가외에 그 규범적 요소를 고려하더라도, 실질적으로 1죄만을 구성하는 위 두 죄는 기본적 사실관계가 동일하다고 보는 것이 상당하다.",
            "다으므로, 이 사건 중 위 강요의 공소사실과 약식명령이 확정된 위 폭행죄의 범죄사실의 동일성에 관하여 살피기로 한다.",
            "형법 제324조의 강요죄는 폭행 또는 협박으로 사람의 권리행사를 방해하거나 의무 없는 일을 하게 한 경우에 성립하는 것으로, 의사결정의 자유와 그 활동의 자유를 보호법익으로 하는 바, 폭행죄의 폭행을 그 행위태양의 하나로 삼고 있고, 유죄로 확정된 위폭행죄는 그 범행일시가 이 사건 강요죄의 강요행위 기간 중에 이루어졌으며, 위 두 죄의 범행장소도 모두 위 피고인의 주거지로 동일한 점,",
            "위 두 죄는 모두 피고인이 피해자와 공소외 1의 관계를 의심하여 피해자로 하여금 간통 사실에 관한 자술서를 쓰라고 강요하던 과정에서 이루어진 것으로 그 범행동기와 상대방이 동일하고, 위 두 죄의 행위는 모두 피고인이 피해자로부터 간통 사실에 관한 자술서를 받으려는 단일한 범의하에 저지른 상호 수단과 결과의 관계에 있는 일련의 행위로서 밀접한 관계에 있는 점 등을 종합하면, 이하 다음과 같다.",
            "즉, 위 두 죄는 사실의 동일성이 갖는 법률적 기능을 염두에 두고 피고인의 행위와 그 사회적인 사실관계를기본으로 하되 그 규범적 요소도 고려하여 판단하더라도 그 기본적 사실관계가 동일한 것이라고 볼 것이다.",
            "그렇다면 약식명령이 확정된 위 폭행죄의 범죄사실과 이 사건 중 위 중감금치상 및 강요의 각 공소사실은 모두 그 기초가 되는 사회적 사실관계가 기본적인 점에서 동일하여 위 약식명령의 효력이 이 사건 공소사실 중 위 중감금치상 및 강요의 점에도 미친다고 할 것이므로, 결국 위 각 공소사실에 대하여는 확정판결이 있는 경우에 해당하여 형사소송법 제326조 제1호에 의하여 각 면소를 선고한다.",
            "피고인은 비록 피해자가 자신의 처라고 하더라도 피해자의 동의 없이 판시 피해자 명의의 각 인감증명서발급위임장, 보험해약신청 및 해약환급금 수령에 관한 위임장, 자동차매매계약서, 통화내역열람신청서 위임장을 각 위조하고 이를 행사하여서, 피해자의 재산 및 사생활에 관한 자유를 침해하고, 문서에 관한 거래의 안전과 신용을 훼손하였는바, 마땅히 그 행위에 상응하는 벌을 받아야 할 것이다.",
            "다만, 피고인의 이 사건 범행으로 인한 피해정도가 그다지 크지 않은 점, 피해자가 외간 남자와의 부정한 관계가 의심되는 상황에서 가출을 하는 등으로 피고인의 이 사건 범행을 어느 정도 유발한 측면이 있음을 참작하여 형을 정하고 집행을 유예하기로 한다.",
            "피해자의 부적절한 행동으로 인해 피고인이 이혼소송을 제기하여, 가족간의 화목이 훼손되는 등으로 피고인도 많은 정신적, 물질적 손해를 입은 점, 피고인은 3회의 벌금형외에는 형벌을 받은 전력이 없는 점, 그밖에 피고인의 연령, 직업, 가정환경, 개전의 정의 정도 등 제반 양형의 조건들을 참작하여 형을 정하고 집형을 유예하기로 한다."
        ]
    },
    "close": {
        "cnclsns": [
            "피고인을 징역 1년에 처한다.",
            "이 판결 선고 전의 구금일수 2일을 위 형에 산입한다.",
            "다만, 이 판결 확정일부터 2년간 위 형의 집행을 유예한다.",
            "이 사건 공소사실 중 각 폭력행위 등 처벌에 관한 법률 위반(야간·공동폭행)의 점, 각 증여계약서에 관한 사문서위조 및 위조사문서행사의 점, 각 공정증서원본불실기재 및 불실기재공정증서원본행사의 점은 각 무죄이다."
        ]
    }
}