{
    "info": {
        "caseField": "2",
        "detailField": "6",
        "trailField": "2",
        "caseNm": "치료감호,상해,공무집행방해",
        "courtNm": "서울고법",
        "judmnAdjuDe": "2003. 10. 28.",
        "caseNo": "2003감노122",
        "relateLaword": [
            "사회보호법 제16조",
            "사회보호법 제20조",
            "사회보호법 제23조",
            "사회보호법 제42조",
            " 형법 제57조",
            "형사소송법 제482조"
        ],
        "qotatPrcdnt": [
            "대법원 1985. 8. 26.자 85모27 결정"
        ]
    },
    "concerned": {
        "acusr": "1",
        "dedat": "4"
    },
    "org": {
        "orgJdgmnCourtNm": "인천지법 ",
        "orgJdgmnAdjuDe": "2003. 8. 14.",
        "orgJdgmnCaseNo": "선고 2003감고11, 2003고합362(병합)"
    },
    "disposal": {
        "disposalform": "10",
        "disposalcontent": [
            "피고인 겸 피감호청구인의 항소를 모두 기각한다",
            "이 판결 선고 전의 당심 구금일수 75일을 원심판결의 본형에 산입한다.",
            "이 사건 범행의 동기, 수단, 피고인의 과거행적, 가정환경, 성격, 병력 및 현재의 정신상태 등에 비추어 보면, 위 제1형 양극성 장애가 치유되기까지, 피고인이 계속하여 치료를 받으면서 감시되지 않으면, 제1형 양극성 장애로 인한 재범의 위험성이 있다고 하지 않을 수 없다."
        ]
    },
    "mentionedItems": {
        "rqestObjet": [
            "이 사건 여러 양형 조건에 비추어 원심판결의 형은 너무 무겁다.",
            "피고인 겸 피감호청구인(이하  피고인 이라고만 한다)이 정신질환자가 아닌 점, 이 사건에 이르게 된 경위 등에 비추어 보면, 피고인에게는 재범의 위험성이 있다고 볼 수 없다."
        ]
    },
    "assrs": {
        "acusrAssrs": [
            "검사가 구속영장에 의하여 구속된 피의자에 대하여 공소를 제기하지 아니하는 결정을 하고 치료감호만을 청구한다."
        ],
        "dedatAssrs": [
            "이 사건 여러 양형 조건에 비추어 원심판결의 형은 너무 무겁다.",
            "피고인 겸 피감호청구인(이하 '피고인'이라고만 한다)이 정신질환자가 아닌 점, 이 사건에 이르게 된 경위 등에 비추어 보면, 피고인에게는 재범의 위험성이 있다고 볼 수 없다."
        ]
    },
    "facts": {
        "bsisFacts": [
            "피고인은 정신병증세로 2003.2.경부터 같은 해 3.경까지 0000 소재 0에서 정신과 통원치료를 받은 전력이 있다.",
            "제1형 양극성 장애의 상태로 인한 과대망상, 종교망상 등의 증상으로 현실인식이 미약하여 사물변별능력과 의사결정능력이 미약한 상태에서 이 사건 범행을 저질렀다.",
            "검사가 구속영장에 의하여 구속된 피의자에 대하여 공소를 제기하지 아니하는 결정을 하고 치료감호만을 청구하였다.",
            "제1심이 집행유예 및 치료감호를 선고하였는데 피고인만이 항소하였다."
        ]
    },
    "dcss": {
        "courtDcss": [
            "비록 피고인이 수회에 걸친 동종의 범죄전력이 있고 역시 수회에 걸쳐 이 사건 범행을 저지른 점 등 불리한 정상이 있기는 하나, 59세의 나이로 홀로 생활해 오고 있고, 피고인이 자백하고 있고(공판기록 제73면 참조), 이 사건에 이르게 된 경위에 참작할 점이 있고, 피해정도가 비교적 중하지 아니하다.",
            "다음에서 보는 바와 같이 구금생활보다는 적절한 치료를 받도록 하는 것이 피고인에게 더 유리한 것으로 보이는 점 등을 비롯하여, 형법 제51조에 정한 여러 양형 조건에 비추어 보면, 원심판결의 형(징역 8월에 집행유예 1년)은 적절하다고 판단된다.",
            "치료감호의 요건이 되는 재범의 위험성이라 함은 피고인이 장래에 다시 심신장애의 상태에서 범행을 저지를 상당한 개연성이 있는 경우를 말한다.",
            "그 위험성 유무는 피고인에 대한 위험성의 하나의 징표가 되는 원인행위로서 당해 범행의 내용과 판결선고 당시의 피고인의 심신장애의 정도, 심신장애의 원인이 된 질환의 성격과 치료의 난이도, 향후 치료를 계속 받을 수 있는 환경의 구비 여부, 피고인 자신의 재범예방 의지의 유무 등 제반 사정을 종합적으로 평가하여 객관적으로 판단하여야 하는 것이다.",
            "피고인은 정신병증세로 2003.2.경부터 같은 해 3.경까지 0000 소재 0에서 정신과 통원치료를 받은 전력이 있는 데다가, 제1형 양극성 장애의 상태로 인한 과대망상, 종교망상 등의 증상으로 현실인식이 미약하여 사물변별능력과 의사결정능력이 미약한 상태에서 이 사건 범행을 저지른 것이다.",
            "피고인의 이와 같은 제1형 양극성 장애는 지속적인 치료를 요하는 주요 정신질환으로서, 호전되면 거의 정상적인 생활을 할 수 있는 만큼 대개의 경우 장기간 수용을 요하지 않으며, 일반적으로 2-3개월의 치료로 호전되는 경우가 많고, 또한 퇴원 후에도 지속적으로 예방약을 먹어야 하는 질환이다(위 정신감정서의 기재 참조).",
            "피고인의 경우 그 이후 위 증세가 치유되었다고 볼 만한 아무런 자료가 없는 점, 피고인의 동종의 범죄전력 및 이 사건 제반 경위 등에 비추어 피고인이 사회로 복귀할 경우 본건 범행과 유사한 범행에 이르게 될 가능성이 높다.",
            "피고인은 혼자서 생활하면서 누구로부터의 보호도 받지 못한 채 방치되어 있어 현재 치료를 계속 받을 수 있는 환경 속에 있지 않다는 점, 피고인은 위와 같은 제1형 양극성 장애가 있음에도 \"당심에 이르러 까지\" \"계속하여\" 정신적으로 건강하다고 하면서 억울하다고 주장하고 있을 뿐이어서 재범예방의지가 있는 것으로 보기도 어렵다.",
            "위 제1형 양극성 장애가 치유되기까지, 피고인이 계속하여 치료를 받으면서 감시되지 않으면, 제1형 양극성 장애로 인한 재범의 위험성이 있다고 하지 않을 수 없다."
        ]
    },
    "close": {
        "cnclsns": [
            "피고인 겸 피감호청구인의 항소를 모두 기각한다.",
            "이 판결 선고 전의 당심 구금일수 75일을 원심판결의 본형에 산입한다."
        ]
    }
}