{
    "info": {
        "caseField": "2",
        "detailField": "6",
        "trailField": "1",
        "caseNm": "강도살인, 사체유기",
        "courtNm": "서울중앙지법",
        "judmnAdjuDe": "2004. 02. 12.",
        "caseNo": "2003고합990",
        "relateLaword": [
            "형법 제161조",
            "형법 제338조",
            "형사소송법 제307조",
            "형사소송법 제308조"
        ],
        "qotatPrcdnt": []
    },
    "concerned": {
        "acusr": "4",
        "dedat": "1"
    },
    "org": {
        "orgJdgmnCourtNm": "",
        "orgJdgmnAdjuDe": "",
        "orgJdgmnCaseNo": ""
    },
    "disposal": {
        "disposalform": "10",
        "disposalcontent": [
            "피고인이 피해자에 대한 이 사건 살해 및 사체유기 범행의 범인이라고 단정하기는어렵다 할 것이고, 달리 이를 인정할 증거가 없으므로 피고인은 각 무죄이다."
        ]
    },
    "mentionedItems": {
        "rqestObjet": [
            "피고인이 피해자에 대한 이 사건 살해 및 사체유기 범행의 범인이라고 단정하기는어렵다 할 것이고, 달리 이를 인정할 증거가 없으므로 피고인은 각 무죄이다."
        ]
    },
    "assrs": {
        "acusrAssrs": [
            "피고인은, 1996.초경 처 등 가족과 별거하면서 평소 알고 지내던 여자로부터 1억 1,000만 원을 빌려 골프공 납품업을 시작하였으나 수입이 없었다.",
            "그리고 그 외 아무런 재산도 없어 채무변제를 독촉 받게 되는 등 돈이 궁하게 되자 2년 전 부동산 매매관계로 알게된 피해자가 0000 등에 많은 필지의 임야를 소유하면서 이를 처분하려고 한다는 사실을 알고 이를 빌미로 피해자를 유인하여금품을 강취하기로 하였다.",
            "피고인은 피해자가 호텔 앞에서 그 일행과 헤어져 부근에 있는 피해자의 사무실로 혼자 들어가는 것을 확인한 후 같은 날 13:20경 위 빌딩 앞에서 피해자를 만나 미리 준비한 000 승용차에 태워 피고인이 숙소로 사용하는 같은 구 0000로 유인한 다음 방심하고 있던 피해자의 머리를 불상의 둔기로 수회 내리쳤다.",
            "피해자로 하여금 그 자리에서 두정부함몰골절 등 두부손상으로 사망에 이르게 하여 피해자를 살해하고, 즉시 피해자 소유의 000 현금카드 1장을 빼앗아 그 카드를 이용하여 같은 날 15:58경 000 0000지점에서 70만 원을, 같은 날 16:18경 000 0000지점에서 2회에 걸쳐 각70만 원, 50만 원을 인출하는 등 합계 190만 원을 인출하여 가 이를 강취하였다.",
            "1996.6.13.저녁 시간 불상경 위 빌딩 0000(공소장 기재 0000는 오기로 보인다)에서, 사망한 피해자의 겉옷을 모두 벗기고 부근 철물점에서 구입한 비닐과 끈으로 사체를 묶어 검정색 대형 여행가방에 넣어 다음날 03:50경 동 빌딩 화물용 엘리베이터를 이용하여 지하 주차장으로 이동하였다.",
            "위 000 승용차에 싣고 0000 정상 해발1200m 지점까지 운전하여 가 15m 아래 풀숲으로 가방을 던져 사체를 유기하였다."
        ],
        "dedatAssrs": [
            "피고인은, 1996.6.13.경 피해자를 000 커피숍에서 만나 0000 소재 피해자 소유의 토지와 관련한 문제에 관하여 설명하였다.",
            "피고인은 피해자의 부탁에 따라 은행에서 돈을 찾아 피해자에게 가져다 준 적은 있으나, 피해자를 살해하고 사체를 유기한 사실이 없다고 변명하며 수사기관 이래 이 법정에 이르기까지 일관하여 이 사건 범행을 부인하고 있다."
        ]
    },
    "facts": {
        "bsisFacts": [
            "① 피해자는 1996.6.13.(이하 '이 사건 당일'이라 한다)08:57경 및 09:13경 000 00라는 사람으로부터 2회에 걸쳐 0000 소재 피해자 소유 토지의 매수와 관련하여 만나자는 전화를 받고 당일 12:00경 00과 함께 약속장소인 000 커피숍으로 나갔다.",
            "000 00라는사람이 약속을 연기하자는 전화를 하고는 나오지 아니하여 만나지 못하고, 그 곳에서 우연히 피고인을 만나 잠시 대화를 나눈 다음, 0000에 있는 자신의 사무실로 돌아갔다가, 같은 날 13:09경 누군가로부터 전화를 받고 0000에 다녀 온다고 나간 이후 행방불명이 되었다.",
            "이 사건 당일 08:57경, 09:13경 및 13:09경 피해자의 집과 사무실로 전화를 건 사람은 피고인 명의의 핸드폰을 이용하여 전화를 걸었다.",
            "피해자가 위와 같이 이 사건 당일 13:10경 자신의 사무실에서 나간 후 그 행적이 밝혀지지 않았는데, 같은 날 15:58:00경부터 15:59:08경까지 사이 및 16:18:47경부터 16:19:48경까지 사이에 피고인이 000 0000지점과 000 0000지점에 있는 현금인출기에서 피해자 명의의 000 예금계좌로부터 각 현금 70만 원과 120만 원, 합계 190만 원을 인출한 점,",
            "② 또한, 피고인은 이 사건 당일 000에서 피해자와 헤어진 다음 자신이 사무실 겸 숙소로 사용하고 있는 0000에서 머물다가, 같은 날 16:00경 0000에 있는 0으로 출발하여 해가 질 무렵 그 곳에 도착하였다.",
            "피고인은 다음날 02:00경 0000에 있는 처가로 출발하였다고 진술하고 있으나, 위 빌딩의 화물용 엘리베이터에 설치된 CCTV에 피고인이 같은 날 17:50:39경부터 17:52:07경까지 사이에 어떤 물건을 들고 위 화물용 엘리베이터를 타고 내리는 모습이, 그리고 다음날인 1996.6.14.03:59:38경부터 04:13:57경까지 사이에 가방과 흰색 비닐에 포장된 물건 등을 철제 손수레를 이용하여 옮기는 모습이 각각 녹화되었다.",
            "이 손수레에서 피해자의 혈액형과 같은 A형의 혈흔이 발견되었다.",
            "피고인의 처 공소외 2도 피고인과는 여러 해 전부터 사실상 별거상태에 있었다고 진술하고 있는 등 이 사건 당일의 피고인의 행적은 의문투성이일 뿐만 아니라, 그 행적에 관한 피고인의 진술 또한 일관성이 없는 점,",
            "③ 피고인은 1996.6.18.경 피해자의 처 공소외 1의 신고에 따라 경찰서에 임의동행하여 조사를 받으면서, 이 사건당일 피해자 명의의 000 계좌에서 돈을 인출한 사실을 부인하다가, 경찰관과 함께 위 000 및 000에서 피고인이 예금을 인출하는 장면이 녹화되었다는 CCTV 필름을 가지고 나와 1996.6.19.아침 무렵 경찰관과 같이 사우나를 하던 중 몰래 도망하였다.",
            "같은 날 15:00경 후배인 00에게 자신 소유의 000 승용차를 가지고 오라고 하여 0000에 있는 중고차매매상에서 위 승용차를 730만 원에 매각한 다음, 1996.6.21.경 처 공소외 2, 당시 거의 매일 만나고 있던 00, 그리고 00 등에게 아무런 연락도 하지 아니하고 돌연 일본으로 출국하였다.",
            "④ 피고인은 일본으로 출국한 이후 1996.6.말경 처공소외 2에게 전화하여 \"다른 사람이 나를 의심하더라도 너만은 나를 믿어 달라.\" 는 취지의 말을 하고, 1996.6.27.경에도 00에게 전화하여 00로부터 \"무슨 죄를 지었는지 모르지만 잘못했으면 자수하여 용서를 받으면 되지 않느냐.\" 는 취지의 말을 듣고는 '지금은 그렇게 할 수 없다'는 취지의 말을 하기도 하였다.",
            "그 후 자신이 피해자를 살해한 범인으로 지목된 사실을 알면서도 미국에 거주하면서 귀국하지 아니하다가, 수사기관의 범죄인 인도신청에 따라 2003.9.4.경 강제추방 형식으로 비로소 국내로 돌아온 점,",
            "⑤ 피해자는 1996.6.27.경 산나물을 채취하러 간 00에 의하여 0000 소재 0000 정상 이른바 0000 부근의 숲 속에서 청색 삼각팬티와 회색 러닝 차림으로 김장용 비닐봉지에 안에 담겨 붉은색 노끈으로 목이 묶인 채로 검은색 대형가방 안에 들어 있는 상태로 발견되었다.",
            "그리고 사체에 대한 부검 결과 피해자는 두부에 강한 외력이 수회 작용하여 두부 손상으로 사망한 것으로 밝혀졌는데, 피고인은 1996.1.내지 2.경 00와 함께 위 0000 부근에 있는 흑염소 집에 다녀온 적이 있고, 또한 위 사체발견장소에서 피고인이 타고 다니던 000 승용차의 타이어의 흔적과 유사한 타이어 흔적이 발견되기도 하였다.",
            "⑥ 한편, 피고인은 1996.5.경 3회에 걸쳐 00로부터 합계 1억 1,100만 원을 차용하여 골프공 납품사업을 하였으나 실적이 거의 없었고, 00로 하여금 1996.6.1.경 0000 소재 김용태 경영의 0에 3천만 원을 투자하도록 중개하였는데 이 사건이 발생할 무렵에는 00로부터 위 채무를 변제하라는 독촉을 받고 있었던 점,",
            "⑦ 또한, 00은 1995.2.내지 3.경 피고인으로부터 \"피해자의 처 공소외 1과 붙어다니면서 땅을 처분하기로 했는데 피해자가 거절하여 땅을 처분하지 못하였다고 흥분하면서 다리 하나 부러뜨려야겠다\"는 말을 들은 적이 있다고 진술하고 있다.",
            "그리고 피고인이 1995.봄경 0000 땅 400평의 매매를 중개하였다가 건축허가 문제로 계약이 취소되는 바람에 수수료로 받은 1천만 원의 반환문제로 피해자와 다툰 적도 있는 점(수사기록 2권 339쪽)등에 비추어 보면, 이하 다음과 같다."
        ]
    },
    "dcss": {
        "courtDcss": [
            "즉, 피고인이 공소장 기재와 같이 피해자를 살해하고 사체를 유기하였다거나, 피해자의 행방불명 및 사망과 관련하여 모종의 역할을 한 것이 아닌가 하는 상당한 의심이 들기는 한다.",
            "그러나 형사재판에 있어 유죄의 인정은 법관으로 하여금 합리적인 의심을 할 여지가 없을 정도로 공소사실이 진실한 것이라는 확신을 가지게 할 수 있는 증명력을 가진 증거에 의하여야 하고, 이러한 정도의 심증을 형성하는 증거가 없다면 피고인이 유죄라는 의심이 간다 하더라도 피고인의 이익으로 판단할 수밖에 없다 할 것이다.",
            "1996.6.14.04:00경 전후 위 빌딩 화물용 엘리베이터의 CCTV 화면에 나타나는 손수레 위의 가방과 피해자의 사체가 담겨있던 가방이 동일한 것이라고 볼 아무런 증거가 없다.",
            "국립과학수사연구소의 감정의뢰회보에 의하더라도 두 가방의 동일성 여부는 판단불능이라는 것이고, 위 CCTV 화면을 살펴보면, 위 손수레 위의 가방은 그 안에 피해자의 사체가 들어가있을 정도의 크기로는 보이지 아니하고,그밖에 CCTV 화면에 의하더라도 피해자의 사체가 담겨 있다고 보여지는 가방을 피고인이 옮기는 장면이 녹화되어 있지도 아니하다.",
            "이 사건 당일 무렵 0000 소재 00 운영의 0에서 대형 비닐과 노끈을 사간 사람이 피고인이라거나, 그 사람이 사간 비닐과 노끈이 사체를 감싸고 있던 비닐과 노끈이라고 단정할 만한 증거도 없다.",
            "피고인이 1996.6.14.새벽녘에 가방 등의 물건을 운반하였던 위 손수레 외에는 위 0000 사무실이나 피고인이 소유하고 있던 000 승용차 등에서 아무런 혈흔이 검출되지 않았을 뿐만 아니라, 위 손수레에서 발견된 혈흔이 피해자의 것이라고 단정하기도 어렵다.",
            "사체발견현장에서 발견된 타이어 자국도 000 등 지프의 0타이어 흔적으로 추정된다는 것 뿐이어서 피고인이 타고 다니던 000 승용차의 타이어 흔적이라고 단정하기 어렵다.",
            "나아가 피고인이 00와 함께 1996.2.내지 3.경 위 0000 부근의 흑염소 집에 한번 다녀온적이 있으나 그외에 피고인이 위 0000의 지리 등에 관하여 잘 알고 있다고 볼 만한 자료도 보이지 아니하여 이 사건 사체발견장소인 0000 정상 부근과 피고인을 연관시키는 것은 다소 논리의 비약으로 보인다.",
            "이 사건 살해의 동기에 관하여 보더라도, 위 (1)의 7.항에서 본 바와 같이 1995.경 피고인과 피해자 사이에 중개수수료의 반환 문제와 관련하여 다툼이 있었고, 또한 성사단계에 있는 매매를 피해자가 거부하는 바람에 피고인이 격분한 적도 있다는 것이나, 그와 같은 사정만으로 피고인이 피해자를 살해할 정도로 원한을 가졌다고 보기는 어렵다.",
            "피고인이 이 사건 당일 무렵 00로부터 채무변제를 독촉받는 상태에서 피고인의 골프공 납품사업도 제대로 되지 않는 등 경제적으로 어려운 상황에 처해 있었던 것으로 보이기는 하나, 피해자는 위 0000 소재 토지를 소유한 외에는 현금 등의 별다른 재산이 없었고, 위 토지도 적지 않은 채무의 담보로 제공된 상태에 있었다.",
            "피고인도 위 토지의 매매나 이를 담보로 한 대출을 알아보면서 그와 같은 피해자의 재산상태에 관하여 알고 있었던 것으로 보이는 점이나, 피고인이 이 사건 당일 피해자 명의의 예금 190만 원을 인출한 후에도 48만 원 가량의 예금 잔고가 남아 있었던 점에 비추어, 피고인이 피해자의 재산을 노리고 이 사건 범행을 저질렀다고 보기도 어색하다.",
            "기록에 편철된 변사사건 수사상황보고(수사기록 309쪽)의 기재에 의하더라도 피해자의 사망시기는 사체가 비닐에 쌓여 있고 가방에 들어 있어서 추정불능이다.",
            "다만 등에 살이 붙어 있는 것으로 보아 오래된 것은 아니라는 것이고, 그외에 피해자의 사망시기를 특정할 수 있는 아무런 자료가 없는 점에 비추어), 피해자의 사망시기가 공소장 기재와 같이 이 사건 당일인 1996.6.13.13:20경이라거나, 아니면 피고인이 일본으로 출국한 1996.6.21.이전이라고 단정하기도 어렵다.",
            "검사 제출의 각 증거에 의하여 인정되는 위 (1)항과 같은 간접적인 정황만으로는 피고인이 피해자에 대한 이 사건 살해 및 사체유기 범행의 범인이라고 단정하기는 어렵다 할 것이고, 달리 이를 인정할 증거가 없다."
        ]
    },
    "close": {
        "cnclsns": [
            "피고인은 각 무죄이다."
        ]
    }
}