{
    "info": {
        "caseField": "2",
        "detailField": "6",
        "trailField": "2",
        "caseNm": "배임증재 조세범처벌법위반, 상법위반, 공정증서원본불실기재 불실기,재공정증서원본행사",
        "courtNm": "서울중앙지방법원",
        "judmnAdjuDe": "2004. 11. 09.",
        "caseNo": "2003노11073",
        "relateLaword": [
            "형사소송법 제364조",
            "형사소송법 제369조",
            "상법 제628조",
            "상법 제622조",
            "형법 제228조",
            "형법 제229조",
            "조세범처벌법 제9조",
            "형법 제357조",
            "조세범처벌법 제3조",
            "형법 제37조",
            "형법 제38조",
            "형법 제57조",
            "형법 제62조",
            "형법 제51조"
        ],
        "qotatPrcdnt": [
            "대법원 2004. 10. 28. 선고 2004도4123 판결",
            "대법원 1997. 2. 14. 선고 96도2904 판결",
            "대법원 1982. 4. 13. 선고 80도537 판결"
        ]
    },
    "concerned": {
        "acusr": "1",
        "dedat": "4"
    },
    "org": {
        "orgJdgmnCourtNm": "서울지방법원",
        "orgJdgmnAdjuDe": "2003.  12.  2. ",
        "orgJdgmnCaseNo": "2003고단8829, 2003고정1261(병합)"
    },
    "disposal": {
        "disposalform": "6",
        "disposalcontent": [
            "원심판결을 파기한다.",
            "피고인 1을 징역 10월에, 피고인 2주식회사를 벌금 50,000,000원에 각 처한다.",
            "피고인 1에 대하여 원심판결 선고 전의 구금일수 27일을 위 형에 산입한다.",
            "다만 피고인 1에 대하여 이 판결 확정일부터 2년간 위 형의 집행을 유예한다."
        ]
    },
    "mentionedItems": {
        "rqestObjet": [
            "피고인 1은 연예계 지인들에게 정리상 관행적으로 회식비를 약간 지급한 것일 뿐 그들의 업무와 관련하여 대가로 지급한 것이 아님에도 불구하고 원심은 사실을 오인하거나, 납입가장죄, 조세법처벌법, 배임증재죄 등의 법리를 오해하여 피고인들을 유죄로 인정한 잘못이 있다.",
            "피고인 1에게 징역 10월에 집행유예 2년을, 피고인 2 주식회사에게 벌금 1억 5천만 원을 선고한 원심의 형량이 너무 무거워 부당하다."
        ]
    },
    "assrs": {
        "acusrAssrs": [
            "피고인은 2001.5.14.경 0000 소재 000 0000지점에서, 사실은 피고인 2 주식회사의 설립자본금 20억 원을 납입할 의사가 없음에도 성명불상자로부터 20억 원을 차용하여 마치 피고인 등이 인수주식의 주금으로 납입한 것처럼 합계 금 20억 원을 위 은행에 예치하여 위 은행으로부터 주금납입보관증명서를 발급받았다.",
            "그런 다음 같은 달 15.차용금 변제를 위하여 위 은행으로부터 20억 원을 전액 인출함으로써 주금납입을 가장하였다."
        ],
        "dedatAssrs": [
            "원심 판시 상법위반의 점, 공정증서원본불실기재 및 등 행사의 점에 대하여, 피고인 2 주식회사 설립 전에 이미 영화 '0'의 제작비로 6억여 원, 사무실 임대보증금 4천만 원, 연예인 전속계약금으로 1억 6,000만 원, 기타 직원 급여와 사무실 운영경비 등으로 1억여 원 합계 금 10억 원 상당이 투자되었다.",
            "회사 설립 직후 실제 투자된 금액에 부합하도록 10억 원을 감자하였을 뿐 아니라, 피고인 1의 처 공소외 1 등으로부터 금원을 차용하여 차입금 등 명목으로 회사에 투자하였으므로 상법상의 납입가장죄가 성립하지 아니하고, 따라서 공정증서원본불실기재죄 및 등 행사죄도 성립하지 아니한다.",
            "원심 판시 각 조세범 처벌 위반의 점에 대하여, 피고인 2 주식회사의 담당 직원이 세금 신고과정에서 오류를 범한 것이지 고의로 탈세를 하기 위하여 허위신고를 한 것은 아닐 뿐더러 비용 발생의 명목만 다를 뿐 실제 비용이 발생되었고, 전혀 발생하지도 아니한 비용을 허위 계상하여 세금을 포탈한 것은 아니다.",
            "원심 판시 각 배임증재의 점에 대하여, 피고인 1은 연예계 지인들에게 정리(情理)상 관행적으로 회식비를 약간 지급한 것일 뿐 그들의 업무와 관련하여 대가로 지급한 것이 아님에도 불구하고 원심은 사실을 오인하거나, 납입가장죄, 조세법처벌법, 배임증재죄 등의 법리를 오해하여 피고인들을 유죄로 인정한 잘못이 있다.",
            "원심 판시 상법위반의 점에 대하여는, 피고인 1은 공소외 2가 투자 약속을 이행하지 않아 부득이 사채업자로부터 20억 원을 차용하여 납입의 형식을 취한 것이다.",
            "그러므로 나중에 실제 투자금에 따라 자본금을 10억 원으로 감축한 점, 원심 판시 조세포탈의 점에 대하여는, 추후에 포탈세액 및 그에 대한 가산세액까지 모두 납부한 점, 원심 판시 각 배임증재의 점에 대하여는, 상대방에게 교부한 액수가 매우 작은 금액인 점등에 비추어 피고인 1에게 징역 10월에 집행유예 2년을, 피고인 2 주식회사에게 벌금 1억 5천만 원을 선고한 원심의 형량이 너무 무거워 부당하다.",
            "원심이 적법하게 증거조사를 마쳐 채택한 증거들을 종합하면, 당초 피고인은 공소외 2, 공소외 10, 공소외 11과 함께 피고인의 이름으로 회사를 설립하여 엔터테인먼트 관련 사업을 할 계획을 가지고 있었는데, 공소외 10, 공소외 11은 영화제작사업을 하겠다는 피고인의 의견에 반대하여 회사 설립에 참여하지 않기로 한 사실, 공소외 2 또한 영화제작은 전망이 밝지 않다는 이유로 탐탁해 하지 않았다.",
            "그러나 나중에 회사에 투자한 금원을 회수하기로 하고 일단 공소외 2와 피고인이 50%씩 투자하여 회사를 설립하기로 한 사실, 한편, 피고인은 아직 회사가 설립되지 않은 상태에서 가칭 (성명 생략)이라는 이름으로 000와 함께 영화 0의 제작에 착수하였고, 영화제작비가 필요하자 공소외 2가 약 6억여원을 투자하였다.",
            "그리고 가칭 (성명 생략)의 사무실 임대보증금, 가칭 (성명 생략)이름으로 연예인들과 체결한 전속료 지급, 직원 급여 등의 비용을 마련하기 위하여 피고인이 약 3억여원 정도를 투자하여 합계 금 10억 원을 투자한 사실이 있다.",
            "그리고 피고인은 2001.5.14.경 성명불상의 사채업자로부터 20억 원을 차용하여 000 0000지점에 예치하여 위 은행으로부터 주금납입금보관증명서를 발급받아 회사설립등기를 마치고, 바로 다음날 위 20억 원 전액을 인출하여 위 사채업자에게 반환한 사실을 인정할 수 있다."
        ]
    },
    "facts": {
        "bsisFacts": [
            "공소외 4는 아래에서 보는 바와 같이 검찰에서는 이 부분 각 공소사실에 부합하는 취지의 진술을 하였다가, 당심 법정에 이르러 \"자신이 공소외 5, 공소외 6 등에게 돈을 준 적은 있으나 모두 관행상 지급하던 회식비 명목으로 지급한 것이고, 그 자금은 피고인 2 주식회사에서 매달 받는 판공비(PR비)로서 자신의 판단에 따라 지급한 것이지 피고인과는 관련이 없다.” 는 취지로 진술하였다.",
            "그러면서 검찰에서의 진술을 번복하는 이유에 대하여 \"검찰에서의 진술은 검사가 미리 사실관계를 만들어 놓고 그에 맞게 진술하라고 하여 어쩔 수 없이 그렇게 진술한 것이다.\" 는 취지로 진술하고 있다.",
            "그러나 공소외 4는 검찰에서 \"공소외 7의 진술은 잘못 되었다, 내가 피고인 1의 연락을 받고 사무실로 가니 돈 3천만 원이 있어 피고인 1의 지시로 1천만 원과 2천만 원으로 나누어 검정색 쇼핑백 2개로 담아 사무실에서 들고 나간 것은 맞다.\"",
            "\"그런데 내가 먼저 0000로 가기 위해 차를 빼기 위해 나갔고 피고인 1이 돈을 나누어 담을 8절지 크기의 사무실용 노란 봉투 및 흰봉투 등을 챙겨서 나중에 나왔고, 나는 피고인 1과 같이 000 승합차를 타고 0000로 갔다.\" 라고 진술하였다.",
            "나아가 피고인도 검찰에서는 \"공소외 8이 쇼프로그램을 주로 진행하고 있고, 피고인이 곧 연예기획사를 설립할 계획을 갖고 있었기 때문에 앞으로 피고인 회사 소속 연예인들을 프로그램에 출연시켜 달라는 명목으로 공소외 4를 시켜 돈을 전달한 것 아니냐\"는 검사의 질문에 \"그것은 사실이다\" 라고 답변하였다(수사기록 1033쪽).",
            "\"공소외 4를 통해 공소외 5에게 400만 원을 건네주었는데, 그 이유는 공소외 9를 목표달성 토요일에 출연시켜 달라는 명목이었다.\" 는 취지로 진술(수사기록 1036쪽)하였으며, \"공소외 6 역시 공소외 5에게 돈을 주던 날 공소외 4를 통해 300만 원을 주었는데, 공소외 9의 뮤직비디오를 틀어달라는 취지였다.\" 는 취지로 진술(수사기록 1037쪽)하는 등 이 부분 각 범행을 모두 자백한 바 있다."
        ]
    },
    "dcss": {
        "courtDcss": [
            "피고인 1의 원심 법정 및 검찰에서의 각 진술, 공소외 3, 공소외 2의 검찰에서의 각 진술 등 원심이 적법하게 증거조사를 마쳐 채택한 증거들을 종합하면, 피고인 1이 원심 판시와 같이 부가가치세 및 법인세를 포탈한 사실은 넉넉히 인정되고, 피고인 1의 이에 대한 범의 또한 충분히 인정되므로, 이 부분 항소이유 주장은 이유가 없다.",
            "검찰이 미리 사실관계를 만들어 놓고 피고인에게 진술을 강요하였다면 공소외 4가 이미 받아놓은 공소외 7의 진술과 달리 진술하였을 이유가 없어 보인다.",
            "공소외 4는 검찰에서 \"피고인 1이 방송국에 가면서 000 관계자들에 대하여 이야기를 하였는데, 공소외 5에 대하여는 '공소외 5가 하는 0는 시청률도 잘 나오고 좋은 놈이니 4백만 원 주라, 공소외 6에 대하여는 그 새끼, 먹고도 잘 안해주는 놈이다.돈을 주면 몇 회나 내줄까.나쁜 놈이다.3백만 원만 주라'고 하였다.\" 고 진술(수사기록 414쪽)하는 등 당시 상황에 대하여 직접 경험하지 않고서는 도저히 진술하기 힘들 정도로 상세히 진술한다.",
            "공소외 6, 공소외 5도 돈을 받은 시기나 장소, 액수에 있어서는 진술시 약간 혼동을 하고 있기는 하나 공소외 4를 통하여 피고인 1로부터 받은 것이라는 취지로 진술하고 있는 점, 공소외 7도 앞서 본 바와 같이 공소외 4의 검찰진술과 다소 차이가 있기는 하나 큰 틀에서 같은 취지의 진술을 하고 있는 점 등에 비추어 볼 때 공소외 4의 검찰에서의 진술은 신빙성이 있고, 이와 달이 당심 법정에서의 진술은 신빙성이 없다.",
            "피고인의 원심 법정 및 검찰에서의 자백 진술과 공소외 4의 검찰에서의 진술 등 원심이 적법하게 증거조사를 마쳐 채택한 증거들을 종합하면, 피고인이 원심 판시와 같이 공소외 4를 통하여 공소외 8, 공소외 5, 공소외 6에게 그들의 업무와 관련한 청탁을 하면서 사례비 명목으로 금원을 공여한 사실은 넉넉히 인정되므로 이 부분 주장도 이유가 없다.",
            "피고인과 공소외 2가 피고인 2 주식회사를 설립하기 전에 영화 0의 제작비 등으로 10억 원을 투자하였다 하더라도 이를 초과하는 나머지 10억 원 부분에 대하여는 여전히 피고인 2 주식회사의 자본충실을 해하는 것으로서 납입가장의 의사가 없었다고 할 수 없다.",
            "비록 같은 해 10.21.경 피고인 2 주식회사의 자본금을 10억 원으로 하는 감자절차를 거쳤다거나, 피고인이 자신의 처 공소외 1 등으로부터 금원을 차용하여 회사에 차입금 등의 명목으로 입금하였다 하더라도 이는 회사 설립 후의 사정에 불과한 만큼 범죄의 성립에 영향을 미치지 않는다 할 것이다.",
            "그러므로 납입가장죄 및 함께 공정증서원본불실기재죄와 불실기재공정증서원본행사죄가 성립하지 아니한다고 할 수는 없다.",
            "피고인은 자신과 공소외 2가 이미 10억 원 가량을 가칭 '(성명 생략)'에 투자하여 앞으로 설립할 피고인 2 주식회사를 위하여 사용하였다고 할 것이므로, 비록 주금 납입 직후 회사에 납입한 주금 20억 원 전액을 인출하였다 하더라도 실질적으로 이미 투자된 10억 원 부분에 대하여는 피고인에게 주금을 가장납입한다는 의사가 있었다고 할 수 없다.",
            "이를 제외한 나머지 10억 원에 대하여만 납입가장죄가 성립한다 할 것이고, 달리 위와 같이 납입가장죄가 성립하는 10억 원을 초과하는 부분에 대하여까지 납입가장의 의사가 있었음을 인정할 증거가 없으므로, 이를 지적하는 항소이유 주장은 이유가 있다.",
            "원심은 이 부분 공소사실 중 20억 원 전부에 대하여 유죄로 인정한 다음 피고인에 대한 나머지 각 죄와 경합범으로 보아 하나의 형을 선고하였으므로 원심판결 중 피고인에 대한 부분은 전부 파기를 면할 수 없다.",
            "앞서 본 바와 같이, 이 사건 공소사실 중 각 배임증재의 공소사실에 관하여 검사가 당심에 이르러 공소장변경을 신청하고 당원은 이를 허가하였으므로 당초의 공소제기를 전제로 하는 원심판결 중 피고인에 대한 부분은 이 점에서도 더 이상 유지될 수 없다.",
            "피고인은 이 사건 범행 후 수사를 받던 중 2003.10.13.경 삼성세무서에 수정신고로 법인세 114,989,000원, 부가가치세 168,121,000원을 자진 납부한 점 등 기타 형법 제51조 소정의 여러 가지 사항들을 참작하여 보면, 원심의 형량은 너무 무거워 부당하다고 인정되므로, 위 주장은 이유가 있다.",
            "피고인의 이사건 각 범행은 주금납입을 가장하고, 방송국의 사무를 처리하는 프로듀서들에게 그 임무와 관련하여 부정한 청탁을 하고 금품을 교부하였으며, 재화나 용역을 공급받은 사실이 없음에도 불구하고 마치 재화나 용역을 공급받은 것처럼 허위의 세금계산서를 수취하는 방법으로 모두 2억 원에 가까운 큰 금액의 세금을 포탈한 것으로서 그 죄질이 결코 가볍다고 할 수 없다.",
            "이 사건 범행으로 인한 피해 정도, 이 사건 범행에 이르게 된 동기와 경위, 범행 전후의 정황, 기타 이 사건 기록과 변론에 나타난 피고인의 연령, 성행, 환경 등 양형의 조건이 되는 형법 제51조 소정의 여러 가지 사항들을 참작하여 보면, 원심이 선고한 형량이 너무 무거워 부당하다고 볼 수 없고 적절하다고 보이므로, 원심과 동일한 형을 선고하기로 한다.",
            "피고인 1에 대한 상법위반 공소사실의 요지는 앞서 본 바와 같은바, 공소사실중 금 10억 원을 초과하는 납입가장의 점에 대하여는 위에서 본 바와 같이 범죄사실의 증명이 없는 경우에 해당하므로 형사소송법 제325조 후단에 의하여 무죄를 선고하여야 하나, 이와 일죄의 관계에 있는 판시 상법위반죄를 유죄로 인정한 이상 따로 무죄의 선고를 하지 아니한다."
        ]
    },
    "close": {
        "cnclsns": [
            "원심판결을 파기한다.",
            "피고인 1을 징역 10월에, 피고인 주식회사를 벌금 50,000,000원에 각 처한다.",
            "피고인 1에 대하여 원심판결 선고 전의 구금일수 27일을 위 형에 산입한다.",
            "다만, 피고인 1에 대하여 이 판결 확정일로부터 2년간 위 형의 집행을 유예한다."
        ]
    }
}