{
    "info": {
        "caseField": "2",
        "detailField": "6",
        "trailField": "2",
        "caseNm": "사기,부동산등기특별조치법위반",
        "courtNm": "서울지방법원",
        "judmnAdjuDe": "2003. 12. 17.",
        "caseNo": "2003노3",
        "relateLaword": [
            "형법 제37조",
            "형사소송법 제325조",
            "형사소송법 제364조",
            "형사소송법 제369조",
            "형법 제347조",
            "형법 제30조",
            "부동산등기특별조치법 제8조",
            "부동산등기특별조치법 제2조",
            "형법 제39조",
            "형법 제70조",
            "형법 제69조",
            "형사소송법 제334조"
        ],
        "qotatPrcdnt": []
    },
    "concerned": {
        "acusr": "1",
        "dedat": "4"
    },
    "org": {
        "orgJdgmnCourtNm": "서울지방법원 ",
        "orgJdgmnAdjuDe": " 2002. 12. 17",
        "orgJdgmnCaseNo": "2001고단10674"
    },
    "disposal": {
        "disposalform": "10",
        "disposalcontent": [
            "원심판결을 파기한다.",
            "피고인 1을 판시 별지 범죄일람표 순번 16, 43, 84, 105, 111 기재 사기 및 위 범죄일람표 순번 1-17, 20 내지 31, 34, 36, 37, 39 내지 41, 44 내지 46, 56, 63 내지 65, 68 내지 70, 74, 76, 79, 80, 83 내지 87, 100 내지 105, 109, 110, 114 기재 부동산등기특별조치법위반죄에 대하여 징역 8월에, 위 범죄일람표 순번 49 기재 사기 및 위 범죄일람표 순번 50, 53, 120 기재 부동산등기특별조치법위반죄에 대하여 벌금 5,000,000원에, 피고인 2, 3, 5를 각 징역 4월에, 피고인 6을 판시 별지 범죄일람표 순번 16, 84, 105, 111 기재 사기죄에 대하여 징역 4월에, 위 범죄일람표 순번 43, 49 기재 사기죄에 대하여 징역 2월에, 피고인 7을 벌금 5,000,000원에 각 처한다",
            "피고인 1, 7이 위 벌금을 납입하지 아니하는 경우 각 금 40,000원을 1일로 환산한 기간 위 피고인들을 노역장에 유치한다.",
            "원심판결 선고 전의 구금일수 163일을 피고인 1에 대한 위 징역형에, 4일씩을 피고인 2, 3에 대한 위 형에 각 산입한다.",
            "다만, 이 판결확정일부터 피고인 1에 대하여는 2년간 위 징역형의, 피고인 2, 3, 5, 6에 대하여는 각 1년간 위 형의 집행을 유예한다.",
            "피고인 1, 7에 대하여 각 위 벌금에 상당한 금액의 가납을 명한다.",
            "피고인 4 및 나머지 피고인들에 대한 공소사실 중 별지 범죄일람표 순번 16, 43, 49, 84, 105, 111번을 제외한 나머지 사기의 점은 각 무죄이다."
        ]
    },
    "mentionedItems": {
        "rqestObjet": [
            "원심은 사실을 오인하여 피고인들에 대한 이 사건 공소사실 중 사기 부분을 모두 유죄로 인정한 위법을 범하였다."
        ]
    },
    "assrs": {
        "acusrAssrs": [
            "피고인 1, 6은 별지 범죄일람표 순번 16, 43, 49, 84, 105, 111 피해자들로부터 1억 6,920만 원, 피고인 2는 위 범죄일람표 순번 43, 49, 84 피해자들로부터 6,820만 원, 피고인 5는 위 범죄일람표 순번 105 피해자로부터 2,450만 원, 피고인 3, 7은 위 범죄일람표 순번 16, 43, 49 피해자들부터 8,230만 원을 임야 대금 명목으로 각 교부받아 이를 편취하였다.",
            "피고인 1은 부동산 양도 소득세의 부과를 면할 목적으로, 2000.6.16.0000 위 회사 본사에서, 공소외 1로부터 동인 소유의 0000 (리 이름 생략)임야 250,479㎡를 평당 12,000원, 총 900,000,000원에 매수하는 계약을 체결하였다."
        ],
        "dedatAssrs": [
            "토지에 대한 투자는 장기적으로 예상하고 매수하는 것이지 단기적으로 가격 상승을 고려하여 투자하는 것이 아니고, 투자를 위한 토지매수인은 어느 정도의 위험 부담이 있음을 예상하고 투자하는 것이다.",
            "피고인들이 매수인들에게 제공한 이 사건 토지에 대한 투자 정보는 모두 관공서에 이미 공고되었거나 신문에 기사화된 것들로서 거짓된 정보가 없었고, 다소 과장되었다 하더라도 토지 매매에 있어 흔히 있을 수 있는 관행화된 것이다.",
            "피고인들은 이 사건 토지가 장래 개발될 것이고 또 가격이 상승할 것이 예상되어 투자 유망지임을 확신하고 매수인들에게 투자를 권유한 것이지 매수인들을 기망하여 재물을 편취하려고 했던 것이 아니다.",
            "매수인들에게 신뢰감을 주기 위하여 000의 0라는 방송에 등장한 인물의 이름과 직업에 대한 자막을 변경한 것일 뿐, 매수인들을 기망하기 위하여 고의로 한 것이 아니고, 피고인들은 매수인들이 원할 시에는 현장 답사를 하도록 해주었으며, 해약을 원하는 매수인들에게는 대금 전액을 환불하였다.",
            "이 사건 토지의 분필 및 등기 비용, 영업경비, 임대료, 사무실 유지비, 법인세 등을 고려할 때, 이 사건 토지의 원 매수가격보다 판매가격이 다소 높다 하더라도 피고인들이 과다한 이윤을 남겼다고 보기 어렵다.",
            "매수인들도 피고인들로부터 기망행위를 당하였다고 생각하지 않고 있으며, 실제로 매수인들에게 손해가 발생하지 않았음은 물론 오히려 투자결정을 잘하였다고 생각하고 있다.",
            "종합하여 보면, 피고인들은 0000 (리 이름 생략)일대의 지가의 상승이 예상되어 투자 가치가 높다고 확신하여 매수인들에게 투자를 권유하였던 것이고, 기망행위를 하거나 재물을 편취한 바 없다 할 것인데도, 원심은 사실을 오인하여 피고인들에 대한 이 사건 공소사실 중 사기 부분을 모두 유죄로 인정한 위법을 범하였다."
        ]
    },
    "facts": {
        "bsisFacts": [
            "피해자 공소외 12는 수사기관 및 원심 법정에서 친구 후배인 공소외 4 주식회사(이하 '공소외 4 주식회사'라 한다)직원 공소외 13으로부터 0000에 야산을 허물고 아파트가 들어서 발전될 가능성이 있는 좋은 땅이 있다고 하여 임야 900평을 매수한 사실이 있다.",
            "그런 말을 믿고 위 임야를 구입한 것이 아니라 오래전부터 전원생활을 하고 싶었으며 전원주택을 건축하기 위하여 장기적인 안목으로 적합하다고 판단하여 구입한 것이지 위 임야의 개발 여부는 관심이 없다고 진술하였다(수사기록 330쪽 이하, 공판기록 183쪽 이하 참조).",
            "범죄일람표 순번 85 피해자 공소외 14는 수사기관에서 남편 공소외 15가 평소 친분이 있던 공소외 4 주식회사의 직원인 공소외 16으로부터 0000에 좋은 땅이 있는데 장래 개발될 가능성 등 투자가치가 있다는 권유를 받았다.",
            "공소외 16과의 친분을 생각하고 임야 300평 정도를 매수한 것이지 위 임야가 개발예정지인지 여부에 관하여는 전혀 모르고 단지 앞으로 좋아질 것 같아서 매수한 것이라고 진술하고 있다(수사기록 343쪽 이하).",
            "일부 피해자들이 기망행위 또는 착오 자체를 부인하는 취지의 진술을 하고 있을 뿐만 아니라, 이 사건 각 사기 범행의 피해자들 중에 공소외 4 주식회사의 담당직원도 있는 상황이다.",
            "피고인 1은 공소사실 기재와 같이 공소외 4 주식회사를 설립, 운영하던 중, 2000.6.16.경 공소외 1로부터 공소사실 기재와 같이 0000 (리 이름 생략)소재 임야 250,479㎡를 평당 12,000원에 매수한 사실이 있다.",
            "건설교통부, 0000이 0000 (리 이름 생략)지역(이하 '(리 이름 생략)지역'이라 한다)을 신도시 개발예정지로 확정고시하거나 그러한 계획을 확정한 바 없었다.",
            "피고인들은 건설교통부, 충청남도 및 0000에 이를 확인하지 아니한 채, 충청남도가 0000 개통을 대비하여 000 지역개발연구소에 의뢰한 0000 개통에 따른 지역개발전략 보고서(보고서일 뿐 확정된 것은 아니다)및 각종 신문, 고등학교 교과서 일부에 나와 있는 내용(0000, 0000 지역의 산업단지에 관한 일반적이고 원론적인 내용에 불과하다.",
            "위 (리 이름 생략)일대에 대하여 구체적으로 언급되어 있는 것은 아니다)을 토대로 위 (리 이름 생략)일대에 0000 신규 생활권 개발(고속터미널, 행정타운, 택지개발)이라고 표시한 0000 종합전략 구상도를 위 회사 사무실에 부착하여 두었다.",
            "공소외 4 주식회사의 지사 전무인 피고인 5는 2001.4.18.경 000 0의 촬영을 유치한 다음, 위 0 촬영팀에게 위 (리 이름 생략)지역은 현재 시세가 평당 100,000원 내지 200,000원인데, 3～5년 후에는 평당 400,000원 내지 500,000원이 될 것으로 예상되는 등 투자가치가 높은 지역이라는 취지의 자료를 제공하여 이를 방송에 소개되도록 하였다.",
            "공소외 4 주식회사의 경리 실장인 피고인 6은 위 촬영을 안내하고 도와주면서 직접 방송에 출연하여 위 (리 이름 생략)지역의 발전 전망을 선전하였다.",
            "그 이후 매수자들에게 (리 이름 생략)지역의 발전 전망에 대한 신뢰를 주기 위하여 당초 공소외 4 주식회사의 총무부장이라는 직함으로 자막처리되어 방송되었던 부분을 그 지역 부동산 정보에 정통한 부동산중개인 공소외 23으로 자막을 변경한 다음 위와 같은 내용이 담긴 비디오테이프를 회사 상담실에 비치하여 둔 사실이 있다.",
            "피고인 1을 비롯하여 상무인 피고인 2, 지사 전무인 피고인 5, 실장인 피고인 3 등은 담당 직원들에게 (리 이름 생략)지역 및 0000 일대가 곧 개발될 것이고 투자하면 큰 돈을 벌 수 있다고 말하는 방법 등 투자자를 유치하는 방법 등에 관한 교육을 실시한 사실이 있다.",
            "그러한 교육을 받은 공소외 4 주식회사의 담당 직원 피고인 7 등은 0000, 0000 일원의 전화번호부를 보고 무작위로 전화하여 (리 이름 생략)지역 및 0000 일대의 발전가능성에 관하여 말하여 투자자들로 하여금 회사에 방문하도록 하였다.",
            "피고인 2, 3, 5 등은 이와 같이 회사에 방문한 투자자들에게 0000 종합전략 구상도 등의 자료를 보여주면서 0000 일대 및 (리 이름 생략)지역이 신도시 개발지로 고시되어 지가가 급상승할 것처럼 설명한 다음, 위와 같이 제작된 비디오 테이프를 보여 주는 등의 방법으로 (리 이름 생략)지역이 투자 가치가 있고, 투자하면 돈을 벌 수 있다는 등의 말을 하였다.",
            "피고인 7 등 담당직원들도 투자자들에게 연예인이나 유명인사들이 벌써 이 부근의 땅을 구입해 놓았으니, 땅을 구입하면 큰 이득을 남길 수 있다고 말하였다.",
            "피해자 공소외 3, 18, 19, 20, 21(등기상 명의자는 00이다), 공소외 22(등기상 명의자는 00이다)은 피고인 7 등 담당직원의 전화를 받고 위 회사에 방문하여 피고인 3, 2 등으로부터 위와 같은 방법으로 (리 이름 생략)일대 임야를 매입할 것을 권유받았다(다만, 공소외 3, 00는 위 촬영 이전에 계약을 체결하였으므로 비디오 테이프를 이용한 설명 부분은 제외한다).",
            "위 담당직원들이 위 피해자들의 거주지 등에 찾아와서 위와 같은 방법으로 토지 매입을 권유하여 별지 범죄일람표 순번 16, 43, 49, 84, 105, 111번 기재와 같이 임야를 평당 77,000원 내지 90,000원에 매수하는 내용의 계약을 체결하고 편취금액란 기재와 같은 금액을 매매대금 등 명목으로 지급한 사실이 있다."
        ]
    },
    "dcss": {
        "courtDcss": [
            "사기죄는 타인을 기망하여 착오에 빠뜨리고 그 처분행위를 유발하여 재물을 교부받거나 재산상 이익을 얻음으로써 성립하는 것이다.",
            "위 피해자들 외에 범죄일람표 상의 다른 피해자들(순번 16, 43, 49, 84, 105, 111번 제외)의 진술이 기록에 전혀 나타나 있지 않는 이상 검사가 들고 있는 증거만으로는 피고인들이 이 부분 공소사실 기재와 같이 피해자들을 기망하였다는 점을 인정하기에 부족하고, 달리 이를 인정할 만한 증거가 없다.",
            "이 부분 공소사실은 범죄의 증명이 없는 경우에 해당하여 형사소송법 제325조 후단에 따라 무죄를 선고하여야 할 것이므로, 피고인들의 위 주장은 위 범위 내에서 이유 있다.",
            "피고인들은 헐값으로 매수한 (리 이름 생략)일대 임야를 매도함에 있어 매도대상 임야의 개발 확정 여부 등 거래에 있어서 중요한 사항에 관하여 제대로 확인하지 아니한 채, 마치 (리 이름 생략)일대가 곧 개발될 것이 확실하므로 투자 가치가 매우 높은 장소라고 속였다.",
            "토지 거래에 있어 거래상의 신의성실의 의무에 비추어 비난받을 정도의 방법으로 투자를 권유하여 위 피해자들을 착오에 빠뜨린 다음, 피고인들이 당초 매수한 평당 12,000원의 가격보다 7 또는 8배나 되는 가격에 임야를 매도하고 그 대금을 지급받았으므로 사기죄가 성립한다 할 것이다.",
            "따라서 피고인들의 이 부분 주장은 이유 없다.",
            "당심에서 피고인들에 대한 일부 공소사실에 대하여 무죄를 선고하는 점, 이 사건 각 사기 범행의 가담 정도, 피해 금액 등 이 사건에 나타난 양형의 조건을 고려하면, 피고인들에 대한 원심의 양형은 다소 무겁다고 판단된다.",
            "피고인 4에 대한 공소사실 및 나머지 피고인들에 대한 공소사실 중 별지 범죄일람표 순번 16, 43, 49, 84, 105, 111번을 제외한 나머지 사기 부분에 대하여는 앞에서 본 바와 같은 이유로 형사소송법 제325조 후단에 의하여 각 무죄를 선고한다."
        ]
    },
    "close": {
        "cnclsns": [
            "원심판결을 파기한다.",
            "피고인 1을 판시 별지 범죄일람표 순번 16, 43, 84, 105, 111 기재 사기 및 위 범죄일람표 순번 1-17, 20 내지 31, 34, 36, 37, 39 내지 41, 44 내지 46, 56, 63 내지 65, 68 내지 70, 74, 76, 79, 80, 83 내지 87, 100 내지 105, 109, 110, 114 기재 부동산 등기 특별조치법 위반죄에 대하여 징역 8월에 처한다.",
            "피고인 1을 위 범죄일람표 순번 49 기재 사기 및 위 범죄일람표 순번 50, 53, 120 기재 부동산 등기 특별조치법 위반죄에 대하여 벌금 5,000,000원에, 피고인 2, 3, 5를 각 징역 4월에, 피고인 6을 판시 별지 범죄일람표 순번 16, 84, 105, 111 기재 사기죄에 대하여 징역 4월에 처한다.",
            "피고인 1을 위 범죄일람표 순번 43, 49 기재 사기죄에 대하여 징역 2월에, 피고인 7을 벌금 5,000,000원에 각 처한다.",
            "피고인 1, 7이 위 벌금을 납입하지 아니하는 경우 각 금 40,000원을 1일로 환산한 기간 위 피고인들을 노역장에 유치한다.",
            "원심판결 선고 전의 구금일수 163일을 피고인 1에 대한 위 징역형에, 4일씩을 피고인 2, 3에 대한 위 형에 각 산입한다.",
            "다만, 이 판결확정일부터 피고인 1에 대하여는 2년간 위 징역형의, 피고인 2, 3, 5, 6에 대하여는 각 1년간 위 형의 집행을 유예한다.",
            "피고인 1, 7에 대하여 각 위 벌금에 상당한 금액의 가납을 명한다.",
            "피고인 4 및 나머지 피고인들에 대한 공소사실 중 별지 범죄일람표 순번 16, 43, 49, 84, 105, 111번을 제외한 나머지 사기의 점은 각 무죄이다."
        ]
    }
}