{
    "info": {
        "caseField": "2",
        "detailField": "6",
        "trailField": "2",
        "caseNm": "업무상횡령",
        "courtNm": "서울중앙지법",
        "judmnAdjuDe": "2004. 07. 28.",
        "caseNo": "2004노1309",
        "relateLaword": [
            "구 문화예술진흥법(2000. 1. 12. 법률 제6132호로 개정되기 전의 것)  제19조",
            "형법 제355조",
            "형법 제356조",
            "구 문화예술진흥법시행령(2000. 10. 23 대통령령 제16990호로 개정되기 전의 것) 제34조",
            "구 문화예술진흥법시행령(2000. 10. 23 대통령령 제16990호로 개정되기 전의 것) 제35조"
        ],
        "qotatPrcdnt": []
    },
    "concerned": {
        "acusr": "4",
        "dedat": "1"
    },
    "org": {
        "orgJdgmnCourtNm": "서울중앙지법",
        "orgJdgmnAdjuDe": "2004. 2. 5. ",
        "orgJdgmnCaseNo": "2000고단307"
    },
    "disposal": {
        "disposalform": "10",
        "disposalcontent": [
            "피고인에게 무죄를 선고한원심의 판단은 정당한 것으로 수긍할 수 있어 이에 관한 검사의 항소논지는 이유 없으므로  형사소송법 제364조 제4항에 의하여 검사의 항소를 기각한다."
        ]
    },
    "mentionedItems": {
        "rqestObjet": [
            "피고인이 000을 위한 업무상 보관자의 지위에 있음은 넉넉히인정된다 할 것임에도, 피고인에게 보관자의 지위가 없음을 이유로 무죄를 선고한 원심법원은 헌법재판소의 위헌결정의 대상과범위를 오해한 잘못이 있다"
        ]
    },
    "assrs": {
        "acusrAssrs": [
            "이 사건 문화예술진흥기금의 납입과 관련한 구 문화예술진흥법(2000.1.12.법률 제6132호로 개정되기 전의 것, 이하 '법'이라한다)제19조 제5항, 제19조의2 제3항이 헌법재판소의 위헌결정에 의하여 효력을 상실하였다.",
            "헌법재판소의 위헌결정의 내용과 범위는 문화예술진흥기금의 모금, 납입 자체가 위헌이라고 판단한 것이 아니라, 단지 법 제19조 제5항, 제19조의2 제3항이 모금금액과 방법에 관한 사항 전반에 관하여 위임의 범위를 구체적으로 정하지 아니한 채 대통령령에 위임함으로써 위임입법의 한계를 일탈하여 위헌이라는 것이다.",
            "위 헌법재판소의 위헌결정에 따라 모금방법에 관한 규정이 효력을 상실한다고하여 현실적으로 모금이 이루어진 금원의 소유관계에까지 영향을 미친다고는 할 수 없어 모금된 문화예술진흥기금에 대한 소유권은 그 기금이 귀속되어야 하는 000에 있다 할 것이다.",
            "피고인이 공연을 주관하면서 문화예술진흥기금 명목의금원을 수금하여 보관하고 있었음이 명백한 이상, 피고인이 000을 위한 업무상 보관자의 지위에 있음은 넉넉히 인정된다 할 것임에도, 피고인에게 보관자의 지위가 없음을 이유로 무죄를 선고한 원심법원은 헌법재판소의 위헌결정의 대상과범위를 오해한 잘못이 있다."
        ],
        "dedatAssrs": [
            "헌법재판소의 위헌결정에 의하여 그 효력을 상실한 구 문화예술진흥법에 근거하여 위헌결정 이전에 문화예술진흥기금 명목으로 모금한 금원을 임의로 소비한 경우, 업무상횡령죄가 성립하지 아니한다."
        ]
    },
    "facts": {
        "bsisFacts": [
            "피고인은 공연기획사를 운영하는 자로서 문화예술진흥기금 모금대상시설인 공연장 등을 빌려 공연을 주관하면서 그 입장객으로부터 위 기금의 수금 및 납부업무에 종사하는 자인바, 1998.6.2.부터 1999.5.23.까지 서울 세종문화회관 등에서 4회에 걸쳐공연을 주관하였다.",
            "이를 관람한 입장객들로부터 문화예술진흥기금 명목으로 모금한 12,305,134원을 피해자 000을 위하여 업무상 보관하던 중 그 무렵 임의로 제작비 등 사적 용도에 소비하여 이를 횡령하였다.",
            "원심은 법 제19조 제5항, 제19조의2 제3항에 관하여 헌법재판소의 위헌결정이 선고된 이상, 피고인에게 000을 위하여 문화예술진흥기금 명목의 돈을 업무상 보관하는 자로서의 지위가 없다고 보아, 이 사건 공소사실에 대하여 형사소송법제325조 전단에 의한 무죄를 선고하였다.",
            "당시 000은 1998년도와 1999년도 문화예술진흥기금 조성에 관하여 모금대상을 전국 각 시(특별시 및 광역시 포함)소재지 공연장의 국가 또는 지방자치단체 및 공공기관이나 개인이 운영하는 문화예술공연장 등에서 유료로 행하는 공연 등으로 정하였다.",
            "모금방법을 모금대상 시설물 이용자의 입장료 또는 관람료를 기준으로 일정률(일정액)을부가모금하도록 하였다.",
            "모금요율은 극장(영화관)을 제외한 기타 공연장의 3,001원 이상의 입장료의 경우 입장요금의 6%, 모금대행기관은 국가 또는 지방자치단체 및 공공기관이나 개인이 운영하는 공연장의 공연에 대한 모금의 경우 모금대상시설 운영자로 하는 등의 내용으로 1997.12.23.문화체육부장관의 승인을 받은 사실이 있다.",
            "000은 이러한 승인의 내용을 모금대상처인 공연장 등에 통보하였고, 위 공연장에는 피고인이 대관받아 공연한 00000, 00000, 00000, 00000이 포함되어 있다.",
            "피고인은 1998.8.6.부터 같은 달 9.까지 00000에서 9,736,160원, 1998.8.29.부터 같은 달 30.까지 00000에서 1,099,124원, 1998.3.27.에는 00000에서 633,910원, 1999.5.17.부터같은 달 23.까지는 000000에서 835,940원, 4차례 합계 12,305,134원의 문화예술진흥기금을 모금한 사실을 인정할 수 있다.",
            "피고인은 법제19조 제5항, 제19조의2 제3항 및 이에 따른 법시행령의 각 규정과 문화체육부장관의 승인에 의하여 문화예술진흥기금 모금대상 공연장을 대관받아 공연한 자로서 000의 모금대행기관으로 입장요금의 6%에 상당하는 이 사건 문화예술진흥기금을 모금한 것이라 할 것이다.",
            "문화체육부장관의 승인 내용 및 문화예술진흥기금의 '모금액, 모금대행기관의 지정, 모금수수료, 모금방법 및 관련자료 기타 사항'에 관한 구체적 근거규정인 법시행령의 위임법률인 법 제19조 제5항, 제19조의2 제3항이 앞서 본 바와 같이 헌법재판소의 위헌결정으로 그 효력을 상실하였다."
        ]
    },
    "dcss": {
        "courtDcss": [
            "원심은 2002.2.7.헌법재판소에 법 제19조 제5항 및 제19조의2 제3항의 위헌여부에 관한 심판을 제청하였고, 이에 대하여 헌법재판소는 2003.12.18.재판관 중 8인의 재판관의 위헌 의견에 따라 위 법조항들에 대하여 위헌결정을 하였다(헌법재판소 2003.12.18.선고 2002헌가2 전원재판부 결정).",
            "재판관 중 4인의 의견은 문화예술진흥기금의 납입금 자체가 특별부담금의 헌법적 허용한계를 벗어나 국민의 재산권을 침해하는 것이므로 납입금의 모금에 대하여 모금액, 모금대행기관의 지정, 모금수수료, 모금방법 등을 대통령령에 위임한 위 법조항들은 더 나아가 살펴볼 필요도 없이 위헌이라는 것이었다.",
            "재판관 중 4인의 의견은 문화예술진흥기금의 모금은 공연 등을 관람하려는 수많은 국민들에게 금전적 부담을 지움으로써 국민의 문화향수권 및 재산권 등을 직접적으로 제한하게 되었다.",
            "특히 모금액 및 모금방법은 기금납입의무자, 모금대상시설과 아울러 문예진흥기금의 모금에 관한 중요하고도 본질적인 입법사항이므로 이에 관한 사항을 하위법규에 위임함에 있어서는 위임의 구체성, 명확성이 보다 엄격하게 요구된다 할 것이다.",
            "위 법조항들은 구체적으로 범위를 정하지 아니한 채 입법사항을 포괄적으로 대통령령에 위임한 것으로 누구라도 그 조항 자체로부터 대통령령에 규정될 내용의 대강을 예측할 수 없으므로 위 법조항들은 헌법 제75조에 규정된 포괄위임입법금지원칙에 위배되어 위헌이라는 것이다.",
            "피고인이 이 사건 공소사실과 같은 공연을 주관할 당시 적용되던 법의 관련조문은 앞서 본 바와 같고, 법 제19조 제5항 및 제19조의2 제3항의 위임을 받은 법시행령(2000.10.23.대통령령 제16990호로 개정되기 전의 것)은 제34조 제1항에서 모금대상시설별 관람자에 대한 '모금액'에 관하여 000 원장이 시행령의 별표 1의 기준에 의하여 문화체육부장관의 승인을 얻어 정한다.",
            "같은 조 제2항에서 모금대행기관의 지정에 관하여 000 원장은 법 제19조 제4항의 규정에 의하여 모금대상시설의 운영자를 진흥원을 대행하여 기금을 모금할 수 있는 모금대행기관으로 지정할 수 있다.",
            "같은 조 제3항에서는 모금수수료에 관하여 모금액에 문화체육부장관의 승인을 얻어 정하는 모금수수료율을 곱하여 산정한 금액을 모금수수료로 모금대행기관에게 지급하며, 그밖에 모금방법 및 관련자료 기타 필요한 사항과 대관에 의한 모금대행의 경우에 관하여 같은 조 제4항 및 제35조에서 각 규정하고 있다.",
            "위 법시행령 및 승인에 근거하던 피고인의 000에 대한 문화예술진흥기금의 모금대행기관으로서의 지위 또한 소멸하였다 할 것이어서, 더 이상 피고인이 모금한 문화예술진흥기금의 소유권이 000에 귀속되었다거나 피고인이 000을 위하여 위 금원을 보관하는 자의 지위에 있다고 볼 수 없다.",
            "이 사건 공소사실은 업무상횡령죄의 구성요건을 흠결한 것으로 범죄가 되지 않는 때에 해당하여 형사소송법 제325조 전단에 의하여 무죄를 선고하여야 하고, 같은 논지로 피고인에게 무죄를 선고한원심의 판단은 정당한 것으로 수긍할 수 있어 이에 관한 검사의 항소논지는 이유 없다."
        ]
    },
    "close": {
        "cnclsns": [
            "검사의 항소를 기각한다."
        ]
    }
}