{
    "info": {
        "caseField": "2",
        "detailField": "6",
        "trailField": "2",
        "caseNm": "특정경제범죄가중처벌등에관한법률위반(횡령){변경된죄명:특정경제범죄가중처벌등에관한법률위반(사기)}",
        "courtNm": "서울고법",
        "judmnAdjuDe": "2005. 08. 26.",
        "caseNo": "2004노2404",
        "relateLaword": [
            "형법 제347조"
        ],
        "qotatPrcdnt": []
    },
    "concerned": {
        "acusr": "1",
        "dedat": "1"
    },
    "org": {
        "orgJdgmnCourtNm": "서울중앙지법",
        "orgJdgmnAdjuDe": "2004. 8. 27. ",
        "orgJdgmnCaseNo": "2003고합 1291 "
    },
    "disposal": {
        "disposalform": "10",
        "disposalcontent": [
            "원심판결을 파기한다.",
            "공소사실은 범죄의 증명이 없는 때에 해당하므로  형사소송법 제325조 후단에 의하여 피고인에 대하여 무죄를 선고한다."
        ]
    },
    "mentionedItems": {
        "rqestObjet": [
            "원심은 피고인이 대표이사로 있던 주식회사의 자금사정이 어려워 피해자 000으로부터 신용장을 발급받더라도 그 대금을 지급하기 어려운 형편이었음에도 피고인이 위 각 신용장을 발급받아 국민은행으로 하여금 그 대금채무를 부담하게 함으로써 합계 미화 374만 달러(한화 45억 8,700만 원) 상당의 재산상 이익을 취득하였다고 인정하는 위법을 범하였다.",
            "피고인이 000과의 신용장거래 중 42회까지 그 대금을 모두 결제하였는데, 43, 44회에 이르러서만 그 대금을 결제하지 못한점, 그간 모두 502억 원 상당의 경유를 수입하여 467억 원의 신용장대금을 결제한 점, 이 사건 경유매각대금을 사적으로 유용하지 아니하고 저유시설건립에 거의 전액을 투자한 점, 000에 10억 원을 변제한 점, 초범인 점, 잘못을 뉘우치고 깊이 반성하고 있는 점 등 이 사건 여러 양형조건에 비추어 보면 원심이 피고인에게 선고한 형량은 너무 무거워 부당하다."
        ]
    },
    "assrs": {
        "acusrAssrs": [
            "000은 피고인을 수입품인 이 사건 경유를 횡령한 것으로 고소하였다."
        ],
        "dedatAssrs": [
            "피고인이 000으로부터 2002.11.5.경 미화 290만 달러, 같은 달 11.경 미화 84만 달러의 각 신용장을 발급받을 당시 그 신용장대금을 지급할 의사와 능력을 갖고 있었다.",
            "원심은 사실을 오인하거나 법리를 오해하여 피고인이 대표이사로 있던 000(이하 'OOO'라고만 한다)의 자금사정이 어려워 피해자 000으로부터 신용장을 발급받더라도 그 대금을 지급하기 어려운 형편이었음에도 피고인이 위 각 신용장을 발급받아 OOO으로 하여금 그 대금채무를 부담하게 함으로써 합계 미화 374만 달러(한화 45억 8,700만 원)상당의 재산상 이익을 취득하였다고 인정하는 위법을 범하였다.",
            "피고인이 OOO과의 신용장거래 중 42회까지 그 대금을 모두 결제하였는데, 43, 44회에 이르러서만 그 대금을 결제하지 못한 점, 그간 모두 502억 원 상당의 경유를 수입하여 467억 원의 신용장대금을 결제한 점, 이 사건 경유매각대금을 사적으로 유용하지 아니하고 저유시설건립에 거의 전액을 투자한 점 등 이 사건 여러 양형조건에 비추어 보면 원심이 피고인에게 선고한 형량은 너무 무거워 부당하다.",
            "피고인이 OOO에 10억 원을 변제한 점, 초범인 점, 잘못을 뉘우치고 깊이 반성하고 있는 점 등 이 사건 여러 양형조건에 비추어 보면 원심이 피고인에게 선고한 형량은 너무 무거워 부당하다.",
            "피고인이 OOO에 이 사건 화환신용장의 개설을 의뢰할 무렵인 2002.11.1.부터 같은 달 22.까지 사이에 OOO는 신용장대금으로 OOO에 45억 9,166만 원을, 000에 34억 8,100만 원을, OOO에 26억 76만 원 등 합계 106억 7,352만원을 결제하였다고 변소한다.",
            "이 사건 수입 경유를 처분하여 그 판매대금으로 OOO에 이 사건 신용장 대금을 지급할 수도 있었고, 또 당시 OOO는 국내최고의 유류비축시설을 보유하는 등 석유수입업자로서 최상의 인프라를 구축하고 있어 OOO를 포함한 국내외 여러 회사들로부터 투자의향을 제시받았으나 결국 위 투자제안이 무산되고, 대기업간의 출혈 경쟁, 할인판매 등으로 자금사정이 악화되어 이 사건 신용장 대금을 지급하지 못하게 된 것 뿐이라고 변소한다.",
            "이 사건 경유를 부득이 저렴한 가격에 판매하여 신용장대금을 지급하지 못하였다는 것으로 위 신용장 개설 당시 피고인에게 그 신용장 대금을 지급할 의사나 능력이 없었다 할 수 없다고 변소한다."
        ]
    },
    "facts": {
        "bsisFacts": [
            "피고인은 2002.11.5.경 0000에 있는 OOO에서 OOO가 홍콩에 있는 OOO로부터 자동차용 경유를 수입함에 있어서, 사실은 당시 OOO의 자금사정이 어려워 피해자 OOO으로부터 신용장을 발급받더라도 그 수입대금을 지급하기 어려운 형편이었다.",
            "피고인은 OOO으로부터 미화 290만 달러(한화 35억 5,700만 원 상당, 공소사실에는 한화 39억 5천 700만 원 상당으로 기재되어 있으나, 계산상 한화 35억 5,700만 원을 잘못 기재한 것으로 보인다.)의 신용장을 발급받았다.",
            "피고인은 2002.11.11.경 같은 방법으로 미화 84만 달러(한화 10억 3천 만 원 상당)의 신용장을 발급받아 000으로 하여금 그 대금채무를 부담하게 함으로써 합계 미화 374만 달러(한화 45억 8,700만 원)상당의 재산상 이익을 취득하였다.",
            "피고인은 2001.6.경 OOO의 대표이사로 취임한 이후 2002.2.경부터 총 120여억 원을 들여 0000에 75,000㎘, 0000 내에 16,500㎘의 각 저유탱크를 건설하기로 하는 계약을 체결하였다.",
            "피고인은 그 저유탱크 시설공사를 시행하는데 소요되는 자금을 조달하기 위해 000(이하 'OOO'라고만 한다.)등과 투자협의를 거쳐 위 회사로부터 현금 20억 원과 0000에 소재한 토지와 시설 등을 신용장개설용의 담보로 제공하는 등으로 OOO에 투자하겠다는 제안을 받기까지 하였다.",
            "OOO는 2002.4.11.000에 000의 정기예금 13억 원을 담보로 하여 여신한도금액 미화160만 달러, 여신기간 만료일 같은 해 7.10.인 신용장개설약정을 체결하였다.",
            "당시 피고인과 OOO 사이에 작성된 외국환거래약정서 제3조(담보)는 \"OOO가 당해 거래와 관련하여 OOO에 부담하는 채무와 이에 부수된 이자, 할인료, 수수료, 지연배상금, 기타 부대비용 등의 지급을 위한 담보로서 수입거래의 신용장발행에 수반하는 물품 및 관련 서류를 OOO에 양도한다.\"는 취지로 규정하였다.",
            "OOO는 위와 같이 개설된 신용장을 이용하여 홍콩 수출상인 OOO로부터 차량용 경유 등을 수입하였고, 그 후에도 OOO는 OOO과의 사이에 신용장발행 한도금액을 미화 각 135만 달러, 255만 달러로 하는 2002.4.16.자 및 같은 달 29.자 신용장개설약정을 체결하였다.(즉 당시 여신한도금액은 위 2002.4.11.자 160만 달러, 같은 달 16.자 135만 달러, 같은 달 29.자 255만 달러 등 합계 550만달러였다.)",
            "OOO의 정기예금 48억 원을 담보로 예탁하였으며, 같은 해 7.OOO은 OOO의 은행 거래실적, 상반기 결산재무제표 등에 근거하여 위 회사의 신용등급을 BB+로 함으로써 외환거래 우수회사로 평가하였다.",
            "같은 해 8.22.미화 278만 달러로 신용장발행한도를 증액하는 여신거래 추가약정을 체결해 주었는바(따라서 2002.4.의 위 550만 달러와 같은 해 8.22.자 위278만 달러를 합하면 총 828만 달러, 즉 한화로 100억 원 가량이 신용장 발행한도가 되었다.)",
            "그 때까지 OOO가 제공한 정기예금 담보액은 합계 56억 3,000만 원(즉 위 신용장발행한도액인 100억 원의 56.3% 가량)에 이르렀다.",
            "OOO가 위와 같이 2002.4.11.000에 신용장을 개설한 후 같은 해 10.경까지 42회에 걸쳐 신용장거래를 해 오면서 발급받은 신용장은 원본 선하증권 3통 대신에 \"원본 선하증권 3통 중 2통과 원본 선하증권 1통을 수취하였다는 선장/소유주의 수취영수증도 수리가능하다.\"",
            "무역실무상 수출업자의 거래은행이 고장선하증권(Foul B/L)을 수리하지 않기 때문에 수출업자는 선박회사에 파손화물보상장(Letter of Indemnity)을 제출하고 선적화물의 손상으로 인한 손해는 수출업자가 부담하기로 하고 도착항에서 선박회사가 수입업자로부터 손해배상청구를 받아도 선박회사는 면책된다는 취지를 기재한 무고장선하증권(Clean B/L)을 교부받아 이를 거래은행에 제출하여 수출물품의 대금을 결제받고 있다.",
            "OOO는 위 42회 차까지 신용장거래를 해 오면서 원본 선하증권을 제시하지 않고도 홍콩의 수출상인 OOO에서 OOO에 텔렉스로 송부되어 온 파손화물보상장(Letter of Indemnity)사본과 송장 사본 등을 선박회사에 제출하여 보세창고에 입고되어 있는 수입경유를 반출하여 왔다.",
            "42회 차까지 수입경유를 반출함에 있어 신용장개설은행인 OOO이 이를 승인하였는지는 분명치 않으나 이러한 반출을 묵시적으로나마 승인한 것으로 보여진다.",
            "2002.10.30.OOO 직원 00 등이 OOO를 방문하여 피고인에게 위 신용장거래에 관한 여신기간을 2003.10.31.까지로 연장해 주되, 당시까지 OOO로부터 제공된 담보는 정기예금 56억 3,000만 원 뿐이었으므로 이전까지의 거래와 같은 조건으로 신용장을 개설하여 주었다.",
            "대금지급에 따른 선하증권의 교부 없이 화물이 출고되면 추후 담보부족으로 대금을 결제 받지 못할 사태가 예상되니 기한부수입신용장(USANCE; 신용장발행은행이 수입업체를 대신하여 수입대금을 결제한 후 일정한 기간 후 수입업체에 그 수입대금 및 이자를 결제하게 하는 형식의 신용장)을 개설하라고 하면서 추가담보를 요구하였다.",
            "이에 피고인이 몇 명의 부동산 소유자들을 투자자로 끌어들여 그들이 소유한 부동산을 담보로 제공하려 하였으나 OOO은 그 부동산의 담보가치를 낮게 평가하여 담보로 제공받기를 거절하였다.",
            "그러면서, 그 대신 OOO로부터 신용장 대금을 지급받을 것을 담보하기 위하여 종래와 같이 원본 선하증권 전통(FULL SET)제시 대신 상업송장과 파손화물보상장(Letter of Indemnity)의 제시만으로도 수출물품 대금지급이 이루어진다는 위 조건을 삭제하고 신용장을 개설할 것을 제안하였다.",
            "그 후 피고인은 OOO이 요구하는 위와 같은 조건대로 2002.11.5.경 43회 차로 미화 290만 달러(한화 35억 5,700만 원상당)의 취소불능 신용장 개설을 의뢰하였고, OOO은 기존 거래까지 있었던 원본 선하증권 3통 대신에 원본 선하증권 3통 중 2통과 원본 선하증권 1통을 수취하였다는 선장, 소유주의 수취영수증도 수리가능하다.",
            "피고인은 0000 저유시설을 타에 매각하여 2003.4.15.이 사건 43회 및 44회 차 신용장대금 상당액 중 10억원을 000에 변제하였다."
        ]
    },
    "dcss": {
        "courtDcss": [
            "OOO 직원인 00, 00의 경찰 및 검찰 진술은, 피고인이 홍콩 수출상 OOO에서 경유를 수입함에 있어 그 수입 경유대금을 000에 결제한 후 홍콩 수출상인 위 회사로부터 항공 송달되어 온 선하증권을 00으로부터 교부받아 이를 운송업자인 OOO 등에 제출한 것으로는 피고인이 이 사건 신용장을 개설할 당시 그 신용장대금을 지급할 의사나 능력이 없었다고 보기 어렵다.",
            "OOO 등이 OOO의 확인을 거쳐 보세창고업자인 OOO에게 출고지시서(delivery order)를 발급해 주면 피고인이 이를 받아 그 수입 경유를 출고한 것으로는 피고인이 이 사건 신용장을 개설할 당시 그 신용장대금을 지급할 의사나 능력이 없었다고 보기 어렵다.",
            "수출상으로부터 선하증권 등 선적서류가 그 수입 경유보다 늦게 도착한 경우 수출대금 상당액을 신용장개설 은행인 OOO에 예치한 후 선취화물보증서(Letter of Guarantee)를 받아서 화물을 하역·반출하거나 하는 등의 절차를 거치지 않고, 홍콩의 수출상인지엔티 오일 컴퍼니사로부터 송부된 선하증권 원본이 000에 보관되어 있는데도 피고인이 위 수입경유를 무단 반출하였다는것으로는 피고인이 그 신용장대금을 지급할 의사나 능력이 없었다고 보기 어렵다.",
            "OOO의 대표이사인 00의 원심 법정 진술이나 위 회사의 이사 00의 당심 법정 진술은, 피고인이 투자받기로 하였다고 주장하는 OOO또는 OOO(위 두 회사는 모두 00이 창업한 회사로서 전자는 유통업을, 후자는 교통법규위반자의 범칙금을 대납해주는 영업을 하고 있었다.)는 모두 2002.11.경 000와 투자의향서를 작성한 적도 없고 투자하기로 결정한 바도 없다.",
            "2002.11.경 이전에 OOO에 투자를 하지 않기로 결정하여 OOO에 알려주었다는 것이나, 앞서 인정한 사실과 같이 OOO의 투자 여부에 관계없이 피고인이 42회에 걸쳐 OOO과 신용장거래를 해 오면서 그 대금을 모두 결제한 점에 비추어 볼 때 00이나 00의 위 각 진술만으로 피고인이 이 사건 각 신용장 개설을 의뢰할 당시 그 대금을 지급할 능력이 없었다거나, 그로 인해 피고인에게 적어도 미필적인 편취의 고의가 있었다고 하기에 부족하다.",
            "수사기록에 편철되어 있는 여신거래약정서 사본, 외국환거래약정서 사본, 거래추가약정서, 상업송장 사본 등의 기재만으로 피고인의 편취 범의를 인정하기에 부족하며 달리 이를 인정할 증거가 없다.",
            "피고인이 신용장대금을 결제할 의사나 능력 없이 이 사건 각 신용장을 개설하여 달라고 요구하였다거나 OOO이 피고인의 자금사정에 관해 피고인으로부터 기망을 당하여 이 사건 신용장을 개설해 주었다고 보기 어렵다.",
            "OOO의 OOO에 대한 투자계획의 철회, 대기업간의 출혈 경쟁으로 인한 수입경유의 할인판매 등으로 자금사정이 악화되어 이 사건 신용장대금을 결제하지 못한 것일 뿐 처음부터 그 신용장대금을 결제할 의사와 능력도 없이 신용장을 개설 받은 것은 아니라는 피고인의 변소가 더 설득력이 있다고 하겠다.",
            "OOO도 피고인을 수입품인 이 사건 경유를 횡령한 것으로 고소하였을 뿐 OOO의 자금사정이 어려워 신용장을 발급받더라도 그 수입대금을 지급하기 어려운 형편이었음에도 그렇지 않은 것처럼 OOO을 기망하여 신용장대금 상당의 보증채무를 부담하게 함으로써 그 금액 상당의 재산상 이익을 편취하였다고 고소한 것은 아니다.",
            "검사도 처음에 피고인에 대해 횡령혐의로 공소를 제기하였다가 원심에서 2004.2.4.기혐의로 공소장을 변경한 바 있다.",
            "OOO와 OOO사이에 작성된 외국환거래약정서 제3조에 의해 그 수입경유에 관해 OOO이 양도담보권을 취득하였다고 볼 여지가 있다.",
            "OOO이 홍콩의 수출상인 OOO로부터 선하증권을 송부받은 2002.11.27.(제43회 차 신용장관련 수입의 경우)또는 같은 해 12.4.(제44회 차 신용장관련 수입의 경우)이전인 같은 해 11.13.부터 같은 달 19.까지 사이(위 제43회 차 신용장관련 수입의 경우)또는 같은 달 22.부터 같은 달 26.까지 사이에(위 제44회차신용장관련 수입의 경우)피고인이 수입경유를 각 처분하였다.",
            "그 당시 OOO이 위 수입경유에 소유권 내지 양도담보권을 취득하였다고 보기 어려우며, 또한 이 사건 수입경유를 운송한 선박회사인 OOO이나 OOO이 아닌 피고인이 위 수입경유를 타인을 위해 보관하는 지위에 있었던 것도 아니다.",
            "피고인이 위 선박회사들과 상호 통모하여 위 각 수입경유를 횡령하였다는 점이 밝혀지지 않은 이상 피고인에 대하여 이 사건 처분행위를 횡령으로 의율하기도 어렵다.",
            "피고인이 OOO과의 사이에 있었던 이 사건 43회 차 및 44회 차 신용장 개설에 따른 Letter of Indemnity 조건의 삭제, 즉 이제는 신용장 매입시 선하증권의 제시가 조건으로 되어서 화물의 인도와 선하증권의 제시교부가 상환으로 이루어져야 함을 위각 선박회사에 고지하지 아니하여 이로 말미암아 선박회사들이 기망당하여 위 수입경유를 OOO에 인도하였다.",
            "선박회사들이 기망당하여 위 수입경유를 OOO에 인도함으로써, 그 수입경유의 인도에 있어 위 선박회사들에 대한 사기가 되는지 여부에 관하여도 조사가 이루어진 바 없다.",
            "이 사건 공소사실은 범죄의 증명이 없는 경우에 해당하여 무죄를 선고해야 할 것임에도 불구하고, 원심은 사실을 오인하거나 법리를 오해하여 이를 유죄로 인정함으로써 판결에 영향을 미친 위법을 범하였다고 할 것이다.",
            "이 점에 관한 피고인의 주장은 이유 있다."
        ]
    },
    "close": {
        "cnclsns": [
            "원심판결을 파기한다.",
            "피고인은 무죄."
        ]
    }
}