{
    "info": {
        "caseField": "2",
        "detailField": "6",
        "trailField": "2",
        "caseNm": "공무집행방해·폭력행위등처벌에관한법률위반(야간,공동상해),집회및시위에관한법률위반",
        "courtNm": "서울중앙지법",
        "judmnAdjuDe": "2004. 12. 22.",
        "caseNo": "2004노2984",
        "relateLaword": [
            "집회및시위에관한법률 제6조",
            "집회및시위에관한법률 제18조",
            "집회및시위에관한법률 제21조",
            "집회및시위에관한법률 제9조"
        ],
        "qotatPrcdnt": [
            "대법원 1997. 10. 10. 선고 97도1720 판결",
            " 2002.4. 12. 선고 2000도3485 판결"
        ]
    },
    "concerned": {
        "acusr": "1",
        "dedat": "4"
    },
    "org": {
        "orgJdgmnCourtNm": " 서울중앙지법",
        "orgJdgmnAdjuDe": "2004. 8. 6. ",
        "orgJdgmnCaseNo": "2004고정347"
    },
    "disposal": {
        "disposalform": "9",
        "disposalcontent": [
            "원심판결을 파기한다.",
            "피고인을 벌금 1,500,000원에 처한다.",
            "피고인이 위 벌금을 납입하지 아니하는 경우 40,000원을 1일로 환산한 기간 피고인을 노역장에 유치한다. 다만, 단수금액은1일로 환산한다.",
            "원심 판결선고 전의 구금일수 2일을 위 벌금에 관한 노역장 유치기간에 산입한다.",
            "위 벌금 상당액의 가납을 명한다.",
            "이 사건 공소사실 중 집회및시위에관한법률위반의 점은 무죄이다."
        ]
    },
    "mentionedItems": {
        "rqestObjet": [
            "피고인이 당시 현장에서 구호를 외치는 등 시위를 했다거나 폭행을 하였음을 인정할 만한 아무런 증거가 없음에도, 피고인에게 유죄를 인정한 원심판결에는 결국 채증법칙을 위배하여 사실을 오인함으로써 판결 결과에 영향을 미친 잘못이 있다."
        ]
    },
    "assrs": {
        "acusrAssrs": [
            "00, 00, 00은 위 000 회원 200여 명과 공모하여, 2003.7.11.12:20경 0000 소재 서울시청 앞 인도상에서 위 000 회원 200여 명과 함께 좌판 60여 개를 펼쳐 놓고 위 회원들끼리 의류 등 잡화를 사고파는 등 소위 \"장사투쟁\"을 전개하면서 \"노점탄압 분쇄\" 등의 구호를 제창하는 등으로 신고하지 않은 집회를 개최하던 중이었다.",
            "같은 날 12:40경 0000 소속 공무원 등 120여 명이 위와 같은 불법노점행위를 단속하려 하자 이에 반발하면서 피고인들은 옆에서 위세를 보이고, 일부 성명불상 회원들은 위 단속공무원들을 향해 욕설을 하며 물건을 집어던졌다.",
            "피고인들은 다른 일부 성명불상 회원은 양손으로 중구청 건물관리과 소속 단속공무원 피해자의 멱살을 잡아 수회 흔들고, 발로 동인의 왼쪽 눈부분을 1회 걷어차는 등 폭행하여 위 단속공무원들의 불법노점상 단속에 관한 정당한 직무집행을 방해하고, 이로 인하여 피해자 (남, 38세)에게 약 1주간의 치료를 요하는 좌안각막찰과상 등을 가하였다.",
            "그 무렵 남대문경찰서장으로부터 미신고 불법집회 및 시위임을 이유로 3회 이상 자진해산의 요청과 즉시 해산하라는 해산명령을 받고도 지체없이 퇴거하지 아니함으로써 해산명령에 불응한 것이다."
        ],
        "dedatAssrs": [
            "피고인은 청계천 일대 및 서울 시내를 돌아다니며 장사를 하는 노점상인으로서, 이 사건 당시에도 오토바이를 타고 서울시청 앞을 지나다가 우연히 동료 노점상인들이 서울시청 앞에서 물건을 펼쳐 놓고 장사를 하고 있는 것을 보고 같이 장사를 하기 위하여 그 자리에 있었을 뿐이다.",
            "원심판결 기재와 같이 서울 중구청 소속 공무원들이 불법노점행위를 단속하는 것에 반발하여 옆에서 위세를 보인 적도 없고, 나아가 일부 성명불상 노점상인들이 단속공무원에 대하여 공무집행방해와 상해를 가하고 집회 및 시위행위를 한 것이지 피고인이 이에 관여한 것이 없다.",
            "이뿐만 아니라, 피고인이 당시 현장에서 구호를 외치는 등 시위를 했다거나 폭행을 하였음을 인정할 만한 아무런 증거가 없음에도, 피고인에게 유죄를 인정한 원심판결에는 결국 채증법칙을 위배하여 사실을 오인함으로써 판결 결과에 영향을 미친 잘못이 있다."
        ]
    },
    "facts": {
        "bsisFacts": [
            "000(이하'OOO'라 한다)소속 노점상인들 200여 명은 0000에서 0000 복원사업(사업기간: 2003.7.1.~ 2005.12.31.)을 시행하면서 0000 주변에서 노점상을 하고 있는 자신들에게는 아무런 보상대책도 제시하지 아니한 채 일방적으로 공사만을 강행하고 있어 생존권을 위협받고 있다고 주장하였다.",
            "2003.7.11.10:00경부터 0000 00000 주변에 모여 시위를 하기 시작하다가, 시위장소를 서울시청 앞으로 옮긴다는 OOO 집행부의 지시에 따라 같은날 12:00경 OOO 소속 회원들은 서울시청 앞으로 이동해 왔다.",
            "같은 날 12:20경 서울시청 앞 인도에 OOO 소속 200여 명의 회원들이 집결하게 되자, 그 중 일부 회원들은 집회를 하면서 \"노점상 생존권 보상하라.\", \"0000복원 중단하라.\" 등의 구호를 외치면서 시위를 하였고, 다른 일부 회원들은 그 옆 인도에서 60여 개의 좌판과 물건 등을 진열해 놓고 장사를 하기 시작하였다.",
            "이러한 장사를 하는 행위는 불특정 다수인을 상대로 실제로 장사를 하려고 했던 것이 아니라, 단순히 OOO 집행부의 지시 및 회원들 간 시위방법에 대한 대책회의 결과에 따라 0000에 항의하는 묵시적인 생존권 투쟁의 일환으로 행하여진 것이었다.",
            "OOO 집행부는 사전에 관할경철서장에게 어떠한 집회신고서 등을 제출하지 아니한 채 위와 같이 서울시청 정문 앞 인도 등지에서 집회를 개최하고 시위를 주도하였다.",
            "피고인 역시 같은 날 12:20경부터 다른 노점상인들과 마찬가지로 서울시청 정문 앞 인도에서 좌판과 물건 등을 진열해 놓고 장사를 하는 양 노점행위에 동참하였다.",
            "더 나아가 위와 같이 단순히 노점행위를 하는 데 그치지 않고 스스로 OOO 회원들의 시위대열에 합류하여 구호를 외치는 등으로 시위에 참여하였다.",
            "이에, 관할경찰서인 0000 0000경찰서 소속 정보과장(남대문경찰서장으로부터 권한을 부여받은 것으로 보인다)은 공소외 이영한 OOO 위원장에게 위 장소에서 하는 노점상 장사행위를 포함하여 동인들이 벌이는 집회 및 시위가 미신고 집회로서 불법임을 알리면서 조속히 해산할 것을 촉구하고 불응시 전원 연행하겠다는 방침을 전달하기에 이르렀다.",
            "OOO 소속 회원들이 소위 장사투쟁을 계속 전개하면서 자진해산 할 기미를 전혀 보이지 않게 되자, 같은 날 12:40경부터 서울 중구청 건설관리과 소속 공무원들 120여 명이 노점상인들의 노점행위를 단속하기 시작하였다.",
            "그러자, 일부 노점상인들은 공무원들을 향해 욕설을 하고 자신들이 진열해 놓은 물건 등을 집어 던질 뿐 아니라 공무원들과 몸싸움을 하면서 그 단속행위를 방해하였고, 그러던 와중에 성명불상의 일부 노점상인들이 양손으로 단속공무원 00의 멱살을 잡아 수회 흔들었다.",
            "또한 발로 동인의 왼쪽 눈 부분을 걷어차는 등 폭력을 행사하여 00에게 약 1주일 정도 치료를 요하는 상처(좌안각막찰과상 등)가 발생하였다.",
            "같은 날 12:46경 0000 소속 단속공무원들이 노점상 단속행위를 완료하자, 피고인을 포함한 일부 회원들은 이에 강력히 항의하면서 차도점거를 시도하는 등 대기중인 경찰관들과 몸싸움을 하기 시작하였고, 이에 곧바로 남대문경찰서장은 OOO 회원들에게 자진해산할 것을 명령하기에 이르렀다.",
            "피고인 등 OOO 회원들이 해산하지 아니한 채 경찰관들과 몸싸움을 하는 등 계속해서 차도점거를 시도하자, 경찰관들은 같은 날 12:55경 회원들 중 가담 정도가 중하다고 판단되는 9명(남자 8명, 여자 1명)을 연행하였는데, 그 연행자 중에 피고인이 포함되어 있었다.",
            "원심은 그 거시 증거에 의하여 위 공소사실에 대하여 유죄를 선고하였다."
        ]
    },
    "dcss": {
        "courtDcss": [
            "당심에 이르러 검사는 적법한 절차를 거쳐 이 사건 공소사실 제2항 전체를 \"00, 00, 00은 위 OOO 회원 200여 명과 공모공동하여, 2003.7.11.12:20경 0000 소재 서울시청 앞 인도상에서 위 OOO 회원 200여 명과 함께 좌판 60여 개를 펼쳐 놓고 위 회원들끼리 의류 등 잡화를 사고파는 등 소위 장사투쟁을 전개하면서 노점탄압 분쇄 등의 구호를 제창하는 등으로 신고하지 않은 집회를 개최하던 중이었다.\"",
            "\"같은 날 12:40경 서울 중구청 소속 공무원 등 120여 명이 위와 같은 불법노점행위를 단속하려 하자 이에 반발하면서 피고인들은 옆에서 위세를 보이고, 일부 성명불상 회원들은 위 단속공무원들을 향해 욕설을 하며 물건을 집어던졌다.\"",
            "\"피고인들은 다른 일부 성명불상 회원은 양손으로 중구청 건물관리과 소속 단속공무원 피해자의 멱살을 잡아 수회 흔들고, 발로 동인의 왼쪽 눈부분을 1회 걷어차는 등 폭행하여 위 단속공무원들의 불법노점상 단속에 관한 정당한 직무집행을 방해하고, 이로 인하여 피해자 (남, 38세)에게 약 1주간의 치료를 요하는 좌안각막찰과상 등을 가하였다.\"",
            "그 무렵 0000경찰서장으로부터 미신고 불법집회 및 시위임을 이유로 3회 이상 자진해산의 요청과 즉시 해산하라는 해산명령을 받고도 지체없이 퇴거하지 아니함으로써 해산명령에 불응한 것이다.\" 로 변경하는 것으로 공소장변경 신청을 하였다.",
            "그리고 당심이 이를 허가함으로써 이 사건에 대한 심판의 대상이 달라졌으므로, 당초의 공소제기를 전제로 하는 원심판결은 더 이상 유지될 수 없게 되었다.",
            "피고인은 단순히 서울시청 앞에서 장사를 하기 위하여 그 곳에 있었던 것이 아니라 다른 OOO회원들과 더불어 적극적으로 시위에 참가하기 위하여 그 곳에 간 것으로 보이고, 스스로 서울시청 앞에서 이루어진 OOO 회원들의 집회 및 시위에 참가한 점도 넉넉히 인정된다.",
            "어느 범죄에 2인 이상이 공동가공하는 경우 공모는 법률상 어떠한 정형을 요구하는 것이 아니고 2인 이상이 공모하여 범죄에 공동가공하여 범죄를 실현하려는 의사의 결합만 있으면 되는 것으로서, 비록 암묵적으로라도 수인 사이에 의사가 상통하여 의사의 결합이 이루어지면 공모관계가 성립한다.",
            "그리고 이러한 공모가 이루어진 이상 실행행위에 직접 관여하지 아니한 자라도 다른 공모자의 행위에 대하여 공동정범으로서 형사책임을 진다 할 것이다(대법원 1997.10.10.선고 97도1720 판결, 2002.4.12.선고 2000도3485 판결 등 참조).",
            "이 사건에 돌아와 살피건대, 위 인정 사실에서 보듯이 피고인은 OOO 집행부의 지시 또는 다른 OOO 회원들과 논의한 시위대책결과에 따라 다른 200여 명의 OOO 회원들과 함께 서울시청 앞에서 노점상 행위를 하는 등으로 집회 및 시위를 하였다.",
            "그리고 위 집회 및 시위는 적법한 집회신고 없이 이루어진 것이었으며, 이에 따라 관할 경찰서인 남대문경찰서장 및 정보과장이 OOO위원장과 시위 참가자들에게 서울시청 앞 인도에서 하는 노점행위가 불법임을 이유로 자진해산할 것을 요청하고, 해산하지 않을 경우 전원 연행하겠다는 방침을 전달하였다.",
            "다른 한편에서는 피고인 등 노점상인들이 소위장사투쟁을 전개하면서 해산할 기미를 전혀 보이지 않게 되자, 급기야 서울 중구청 소속 노점상 단속공무원 120여 명은 이를 단속하기 시작하였다.",
            "그 와중에 일부 성명불상의 회원들이 노점행위를 단속하는 공무원들에게 욕설을 하거나 물건 등을 던지고 주먹과 발로 폭행하는 등 공무원들의 정당한 직무집행을 방해하고 피해자에게 상해를 가하였음을 알 수 있다.",
            "그렇다면 비록 피고인이 OOO의 간부는 아니어서 이 사건 집회 및 시위를 주최하는 지위에 있지는 않았고, 다른 노점상인들과 더불어 노점행위를 하거나 시위대열에 합류하여 구호를 제창하는 등의 행위만을 하였을 뿐이다.",
            "그러나 한편, 위와 같은 집회 및 시위행위에 적극적으로 참가한 피고인으로서는 200여 명이나 되는 노점상인들이 30분 이상 서울시청 앞 인도를 불법점거한 채 구호를 외치고 노점행위를 하는 등으로 시위를 계속할 경우, 노점상 단속공무원들이 이를 제지하고자 단속하려 할 것이다.",
            "그리고 그 과정에서 상당수의 노점상인들과 단속공무원들 사이에 몸싸움이 벌어지고 물건을 던지며, 더 나아가 주먹과 발을 휘두르며 단속공무원에게 폭력을 행사하여 상해를 입게 할 수 있으리라는 점은 이를 충분히 예견할 수 있었다 할 것이다.",
            "그럼에도 불구하고 피고인은 남대문경찰서장 등의 해산명령에도 불구하고 자진해산하지 아니한 채 노점행위 등을 계속하고 단속행위가 이루어진 후 에는 이에 항의하면서 재차 시위진압 경찰관들과 극렬하게 몸싸움을 벌이다가 결국 시위현장에서 체포되어 연행된 것이다.",
            "그러므로 피고인과 다른 노점상인들 사이에는 순차적 또는 암묵적으로 사전에 공무원들의 단속행위에 대응하여 이 부분 공무집행방해 및 폭력행위 등 처벌에 관한 법률 위반의 범행을 저지르기로 하는 공모관계가 있었다 할 것이고, 따라서 피고인은 다른 성명불상 회원들이 저지른 위와 같은 범행에 대하여도 공모공동정범으로서 동일한 책임을 부담한다 할 것이다.",
            "집회 및 시위에 관한 법률 제6조, 제18조, 같은법시행령 제9조의2의 각 규정에 의하면, 적법한 집회신고 없이 집회 또는 시위를 하는 경우에는 관할경찰관서장 또는 관할경찰관서장으로부터 권한을 부여받은 경찰관은 참가자들에 대하여 상당한 시간 이내에 자진 해산할 것을 요청한 다음, 그 자진해산요청에도 응하지 아니할 경우 3회 이상 자진해산할 것을 명령할 수 있다 할 것이다.",
            "그리고 위와 같은 해산명령을 받고도 지체없이 퇴거하지 아니한 참가자들에 대하여는 같은 법 제21조에 따라 형사처벌의 제재를 가할 수 있다 할 것이다.",
            "피고인은 수사기관 이래 일관하여 3회 이상 해산명령을 받은 적이 없다고 부인하고 있다.",
            "같은 날 12:05경에 이루어진 첫 번째 해산명령 당시 피고인이 현장에 없었음은 분명하고, 두 번째 해산명령 또한 OOO 위원장에 대한 해산명령일 뿐 시위참가자들에게 직접 해산명령을 한 것으로 볼 수는 없다 할 것이다.",
            "피고인이 현행범인으로 체포되기 이전에 남대문경찰서장 등이 피고인을 포함한 시위참가자들에게 직접 3회 이상 해산명령을 하였음을 인정하기는 어렵다)에 비추어 선뜻 그대로 믿을 수 없고, 그 외 달리 이 부분 공소사실을 인정할 만한 증거가 없다.",
            "이 부분 공소사실은 범죄의 증명이 없는 경우에 해당하여 형사소송법 제325조 후단에 의하여 무죄를 선고하였어야 함에도 불구하고, 피고인에게 유죄를 선고한 원심판결에는 결국 사실을 오인함으로써 판결 결과에 영향을 미친 위법이 있다 할 것이다."
        ]
    },
    "close": {
        "cnclsns": [
            "원심판결을 파기한다.",
            "피고인을 벌금 1,500,000원에 처한다.",
            "피고인이 위 벌금을 납입하지 아니하는 경우 40,000원을 1일로 환산한 기간 피고인을 노역장에 유치한다.다만, 단수금액은 1일로 환산한다.",
            "원심 판결선고 전의 구금일수 2일을 위 벌금에 관한 노역장 유치기간에 산입한다.",
            "위 벌금 상당액의 가납을 명한다.",
            "이 사건 공소사실 중 집회 및 시위에 관한 법률 위반의 점은 무죄."
        ]
    }
}