{
    "info": {
        "caseField": "2",
        "detailField": "6",
        "trailField": "2",
        "caseNm": "특정경제범죄가중처벌등에관한법률위반(사기)(인정된죄명:사기)〕:확정",
        "courtNm": "서울고법",
        "judmnAdjuDe": "2005. 03. 15.",
        "caseNo": "2004노3133",
        "relateLaword": [
            "형법 제347조 ",
            "특정경제범죄가중처벌등에관한법률 제3조",
            "형사소송법 제364조",
            "형사소송법 제325조"
        ],
        "qotatPrcdnt": [
            "대법원 2000. 2. 25. 선고 99도4305 판결(공2000상, 896)"
        ]
    },
    "concerned": {
        "acusr": "1",
        "dedat": "4"
    },
    "org": {
        "orgJdgmnCourtNm": "서울북부지법",
        "orgJdgmnAdjuDe": "2004. 11. 12.",
        "orgJdgmnCaseNo": "2004고합468 "
    },
    "disposal": {
        "disposalform": "6",
        "disposalcontent": [
            "원심판결을 파기한다.",
            "피고인을 징역 2년에 처한다.",
            "원심판결 선고 전의 구금일수 56일을 위 형에 산입한다."
        ]
    },
    "mentionedItems": {
        "rqestObjet": [
            "피고인은  공소외 1,  2와 공모하여 정호영으로부터  공소외 3 주식회사의 자본가치 상당의 재산상 이익을 편취한 사실이 없으므로 사실오인 내지 법리오해가 있다.",
            "이 사건 여러 양형조건에 비추어, 징역 2년을 선고한 원심판결은 형량이 너무 무거워서 부당하다."
        ]
    },
    "assrs": {
        "acusrAssrs": [],
        "dedatAssrs": [
            "피고인은, 공소외 1, 2가 피해자 00으로부터 공소외 3 주식회사를 인수함에 있어 명의상 대표이사로 취임한 것일 뿐이다.",
            "공소외 1, 2가 피해자 00에게 한 거짓말의 내용과 공소외 3 주식회사의 주식 전부를 양수하고도 공소외 3 주식회사의 채무를 대위변제하지 않고 재고물건을 처분하는 등의 방법으로 그 자본가치 상당의 재산상 이익을 취득한 것에 관하여 전혀 알지 못한다.",
            "피고인은 공소외 1, 2와 공모하여 00으로부터 공소외 3 주식회사의 자본가치 상당의 재산상 이익을 편취한 사실이 없다.",
            "이 사건 여러 양형조건에 비추어, 징역 2년을 선고한 원심판결은 형량이 너무 무거워서 부당하다."
        ]
    },
    "facts": {
        "bsisFacts": [
            "피고인은 2004.4.경 공소외 2로부터 제의를 받아 공소외 1, 2가 피해자 00으로부터 주식회사 공소외 3 주식회사를 인수함에 있어 형식상 대표이사로 취임하기로 한 사실이 있다.",
            "피고인은 2004.6.24.0000 소재 000 사무실에서 공소외 1과 함께 00과 사이에 공소외 3 주식회사에 대한 주식양도계약을 체결한 사실이 있다.",
            "위 주식양도계약의 주된 내용은 '양수인이 양도인에게 5일 내에 공소외 3 주식회사의 주식 등 일체의 권리와 부대사업에 대한 대가로 4억 원을 지급하되 그 지급을 담보하기 위하여 액면 합계 417,010,000원의 약속어음 3장을 미리 교부한다.'",
            "이에 대하여 양도인은 계약과 동시에 양수인에게 경영권을 이전하는 데 필요한 일체의 서류를 교부한다.'",
            "양수인은 이사회가 변경됨과 동시에 공소외 3 주식회사의 부채 등 회사 경영상 모든 책임을 지고, 쌍방이 선임한 회계법인을 통하여 계약체결일 현재의 재무제표를 기초로 자산과 부채를 실사한 후 그 결과가 재무제표와 다를 경우 이를 정산한다.'는 것인 사실이 있다.",
            "위 계약에 따라 피고인은 공소외 1이 소지하고 있던 액면 합계 417,010,000원의 약속어음 3장에 배서하여 00에게 교부한 사실이 있다.",
            "공소외 1은 00으로부터 교부받은 이사 및 대표이사 사임서와 주주명의개서에 필요한 일체의 서류 및 피고인으로부터 미리 교부받은 인감증명서 등 서류를 이용하여 2004.6.26.까지 주주명의개서 및 대표이사 변경등기를 마친 사실이 있다.",
            "공소외 1, 2는 위 계약에 따른 기한인 2004.6.29.까지 00에게 주식양수대금 4억 원을 지급하지 않았고, 한편 담보로 교부된 위 약속어음 3장도 위조된 것으로 밝혀진 사실이 있다.",
            "나아가 공소외 1은 위 계약에 따른 실사절차를 거치지도 않고 피고인으로부터 교부받은 위임장을 이용하여 2004.7.2.0000 소재 000 커피숍에서 공소외 4와 사이에 공소외 3 주식회사의 0000 창고 및 0000 본사 창고에 있는 유아복 등 재고물건을 시중가격의 5% 가량인 3억 4,000만 원에 덤핑으로 처분하는 계약을 체결하였다.",
            "계약을 체결한 즉시 공소외 4로부터 위 대금을 교부받은 사실이 있다.",
            "공소외 1, 2는 같은 날 0000 소재 공소외 3 주식회사 사무실에서 00에게 위 재고물건 대금 중에서 3억 원을 주식양수대금의 일부로 지급하고, '나머지 1억 원의 지급에 갈음하여 00이 부담하여야 하는 주식양도계약 소개수수료 1억 원을 대위변제하였다.'",
            "또한, '30일 이내에 공소외 3 주식회사의 재고와 브랜드 가치, 매장 영업권 가치를 실사하여 공소외 3 주식회사의 000 대출금 채무 13억 원, 000 대출금 채무 3억 원, 외상 구매자금 채무 14억 9,000만 원과 비교하여 추가로 정산하는' 취지로 종전의 주식양도계약에 약정을 추가한 사실이 있다.",
            "게다가 '출금채무와 외상 구매자금 채무에 관련된 신용보증기금 보증채무에 대하여는 인수 주주가 담보 또는 보증 등을 통하여 채무를 승계하고 00의 보증부분을 해지한다'는 취지로 종전의 주식양도계약에 약정을 추가한 사실이 있다.",
            "공소외 1, 2는 위 계약에 따른 실사 및 채무승계를 하지 아니하고 같은 날 밤에 공소외 3 주식회사의 0000 창고에서 유아복 등 재고물건을 반출하여 공소외 4에게 인도하였다.",
            "다시 같은 날부터 2004.7.5.까지 0000 본사 창고에서 유아복 등 물건을 반출하려고 하다가 00과 회사 직원에게 이를 저지당한 사실, 이에 더하여 공소외 1, 2는 2004.7.6.0000 000지점에서 공소외 3 주식회사의 약속어음 20매를 수령한 후 어음을 발행하여 이를 사채시장 등에 유통시키기에 이른 사실이 있다.",
            "피고인은 2004.4.경 공소외 2로부터 공소외 3 주식회사에의 형식상 대표이사 취임에 관한 제의를 받을 무렵 공소외 1, 2가 공소외 3 주식회사의 주식을 양수할 능력이 없다는 것을 알고 있었다.",
            "공소외 2가 '회사를 인수하면 많은 돈을 벌 수 있고 대표이사로 등재되면 수입도 보장하겠다'는 취지로 말하는 것에 비추어 정상적으로 일을 추진하지 않으리라고 인식하고 있었다.",
            "공소외 1이 소지하고 다니는 약속어음에 대하여도 정상적인 어음이 아닌 부도가 난 약속어음 정도로 생각하고 있었던 사실이 있다.",
            "그럼에도 피고인은, 공소외 2가 1999.경 대출을 받는 데 보증한 것과 관련된 채무 6,000만 원을 갚아 주겠다고 하자, 위와 같이 공소외 1과 함께 00과의 주식양수계약을 체결하고 공소외 3 주식회사의 형식상 대표이사로 취임하였다.",
            "나아가 2004.7.5.에는 공소외 1, 2와 함께 공소외3 주식회사의 0000 본사 창고로 가서 공소외 3 주식회사의 유아복 등 물건을 반출하려고 한 사실을 인정할 수 있다."
        ]
    },
    "dcss": {
        "courtDcss": [
            "2인 이상이 범죄에 공동 가공하는 공범관계에서 공모는 법률상 어떤 정형을 요구하는 것이 아니고 2인 이상이 공모하여 어느 범죄에 공동가공하여 그 범죄를 실현하려는 의사의 결합만 있으면 되는 것이다.",
            "비록 전체의 모의과정이 없었다고 하더라도 수인 사이에 순차적으로 또는 암묵적으로 상통하여 그 의사의 결합이 이루어지면 공모관계가 성립한다.",
            "이러한 공모가 이루어진 이상 실행행위에 직접 관여하지 아니한 자라도 다른 공모자의 행위에 대하여 공동정범으로서의 형사책임을 지는 것이다.",
            "피고인이 공소외 1, 2와 순차적, 암묵적으로나마 상통하여 그 의사의 결합하에 공소외 3 주식회사의 주식양도계약을 통한 사기행위에 공동으로 가공하였다고 넉넉히 인정할 수 있으므로, 결국 원심판결에 사실오인 및 법리오해의 위법이 있다는 피고인의 위 주장은 이유가 없다.",
            "검사는, 피고인이 공소외 1, 2와 공모하여 피해자 00으로부터 공소외 3 주식회사의 주식 전부를 양수하는 방법으로 공소외 3 주식회사를 인수하더라도 공소외 3 주식회사의 채무를 대위변제하지 않는 등으로 매각대금을 지급하거나 회사를 정상적으로 경영할 의사나 능력이 없었다고 공소를 제기하였다.",
            "검사는 피고인이 거짓말하여 피해자로부터 공소외 3 주식회사의 자본가치 32억 원 상당의 재산상 이익을 편취한 것으로 보아 불법이득죄로 공소를 제기하였고, 원심 또한 위와 같이 판단하였다.",
            "위 공소사실과 같은 기망에 의한 주식양도양수를 통한 이득편취에 있어 그 이득액은 특별한 사정이 없는 한 취득한 주식의 재산적 가치라고 보아야 하고 주식의 재산적 가치란 주식 자체가 표창하는 재산의 객관적 가치를 말한다.",
            "증권거래소에 상장되지 않거나 증권협회에 등록되지 않은 법인이 발행한 주식의 경우 그에 관한 객관적 교환가치가 적정하게 반영된 정상적인 거래의 실례가 있는 경우에는 그 거래가격을 시가로 보아 주식의 가액을 평가하여야 할 것이다.",
            "그렇지 않은 경우에는 상속세 및 증여세법 시행령 제54조 소정의 비상장주식 평가방법을 보충적으로 적용하여 산정한 평가액을 그 주식의 가액으로 볼 수 있을 것이다.",
            "이 사건과 같이 거래약정 당사자 사이에 정한 양도가액이 있는 경우 그것이 주식의 객관적인 재산적 가치를 평가하였다고 볼 수 없는 특별한 사정이 있지 아니한 이상 그 양도가액을 주식의 객관적인 재산적 가치로 봄이 상당하다고 할 것이다.",
            "피고인 등이 편취한 공소외 3 주식회사 주식의 재산적 가치가 이 사건 공소사실이나 원심의 판단과 같이 32억 원 상당이 된다는 점에 부합하는 듯한 00의 수사기관에서의 진술부분은 쉽게 믿기 어렵고, 달리 이를 인정할 만한 증거가 없다.",
            "피고인, 공소외 1, 2가 이 사건 사기의 범행으로 취득한 이득액은 위 주식양도대금과 같은 4억 원 상당이라고 보아야 할 것이다.",
            "사건 공소사실을 특정경제범죄 가중처벌 등에 관한 법률 위반(사기)죄로 의율한 원심판결은 사실을 오인하여 판결에 영향을 미친 위법이 있다."
        ]
    },
    "close": {
        "cnclsns": [
            "원심판결을 파기한다.",
            "피고인을 징역 2년에 처한다.",
            "원심판결 선고 전의 구금일수 56일을 위 형에 산입한다."
        ]
    }
}