{
    "info": {
        "caseField": "2",
        "detailField": "6",
        "trailField": "2",
        "caseNm": "보건범죄단속에관한특별조치법위반(부정식품제조등),식품위생법위반·약사법위반",
        "courtNm": "서울고등법원",
        "judmnAdjuDe": "2005. 01. 07.",
        "caseNo": "2004노2619",
        "relateLaword": [
            "식품위생법 제6조\n\n",
            "보건범죄단속에관한특별조치법 제2조",
            "형법 제59조",
            "건강기능식품에관한법률(2002. 8. 26. 법률 제6727호, 공포 1년 후 시행) 제3조 \n\n",
            "건강기능식품에관한법률 제15조\n",
            "건강기능식품에관한법률 제19조",
            "건강기능식품에관한법률 제14조",
            "건강기능식품에관한법률 제17조",
            "식품위생법 제7조",
            "식품위생법 제4조",
            "건강기능식품에관한법률 제5조"
        ],
        "qotatPrcdnt": []
    },
    "concerned": {
        "acusr": "4",
        "dedat": "자연인, 법인"
    },
    "org": {
        "orgJdgmnCourtNm": "서울중앙지방법원",
        "orgJdgmnAdjuDe": "2004. 9. 10",
        "orgJdgmnCaseNo": "2003고합1222"
    },
    "disposal": {
        "disposalform": "10",
        "disposalcontent": [
            "피고인 1, 2, 4, 5, 6, 9와 검사의 항소를 모두 기각한다.",
            "피고인들의 가벌성의 정도 및 위피고인들이 천보204의 제조 및 판매과정에서 담당한 역할이 피고인  6에 비하여 가벼운 점 등을 고려하면 피고인 1, 2, 00, 4, 5에 대한 각 벌금형 및 피고인 6, 7, 8, 9, 10, 11, 12에 대한 각 형의 선고를 각 유예한 원심의 조치는 적정하다고 판단된다.",
            "위와 같은 사정에 피고인 1, 2, 00, 4, 5의 이 사건 범행의 동기 및 수단과 결과, 위 피고인들의 연령, 성행, 전과, 지능과 환경, 가족관계, 범행 후의 정황 등 이 사건 양형의 조건이 되는 여러 가지 사정을 종합하여 살펴보면, 원심의 피고인들에 대한 선고형은 너무 무겁거나 가벼워서 부당하다고는 인정되지 아니하므로 피고인 1,  2,  4,  5,  6,  9 및 검사의이 부분 항소논지는 이유 없다."
        ]
    },
    "mentionedItems": {
        "rqestObjet": [
            "피고인 1, 2, 4, 5, 6, 9에 대한 원심의 선고형은 너무 무거워서 부당하다.",
            "피고인들에 대한 원심의 선고형은 너무 가벼워서 부당하다."
        ]
    },
    "assrs": {
        "acusrAssrs": [
            "피고인들은 염화메틸렌, 흑색산화철을 사용하여 0를 제조하도록 지시한 사실이 없고, 0의 제조시 위와 같은 첨가물이 사용된다는 사실을 알지도 못하였으며, 의약품으로 오인할 정도의 허위광고를 한 적이 없다고 주장하면서 범행을 극구 부인하고 있고 이는 형법 제59조 제1항에서 규정하고 있는 개정의 정상이 현저한 경우에 해당한다고 할 수 없으므로, 피고인들은 선고유예의 요건을 갖추었다고 볼 수 없다.",
            "또한 염화메틸렌은 일부 동물에 대하여 암을 유발할 수 있는 물질이고 철(Fe)도 하루 권장량 이상을 섭취할 경우 인체에 유해한 물질인데 만약 하루 섭취량에 제한이 없는 식품에 위와 같은 첨가물의 사용을 허용한다면 염화메틸렌이나 철의 과다한 복용으로 인하여 인체에 해로운 결과를 초래할 우려가 있다.",
            "건강기능식품 제조업체에 관하여 엄격한 기준 하에 그 영업을 허가하고 있는 점, 법인에 대하여 선고유예할 경우 부정식품제조업체는 계속 부정하게 취득한 이득을 향유할 것이고, 부정식품제조업체는 추방되어야 한다는 국민의 법감정에 비추어 보더라도 피고인들에 대한 벌금형에 대한 선고유예는 부당하다.",
            "위와 같은 이 사건의 여러 정상을 참작하면 피고인들에 대한 원심의 선고형은 너무 가벼워서 부당하다."
        ],
        "dedatAssrs": [
            "위 피고인들은 흑색산화철과 염화메틸렌이 식품첨가물공전상 기준·규격이 고시되지 아니한 화학적 첨가물인 줄 몰랐고, 따라서 위법한 첨가제인 줄 알면서 이를 이용하여 0를 제조하도록 지시하거나 공모하지 않았으므로, 고의가 없다.",
            "따라서 제조공정에 적절한 첨가물을 선정할 능력도 없고, 어떤 첨가물이 식품공전이나 식품첨가물공전상 적법한지 판단할 능력도 없었다.",
            "또한 피고인 7이 품목제조보고사항변경보고서와 달리 흑색산화철을 사용하였다는 사실을 피고인 6에 알려준 적이 없다.",
            "염화메틸렌은 기준, 규격이 고시되지 아니한 식품첨가물이라고 할 수 없고, 흑색산화철은 대한약전에서 사용을 허가하는 미국약전에 일반의약용으로 사용할 수 있다고 규정하고 있어 제약회사들이 일반적으로 사용하는 것이므로 염화메틸렌과 흑색산화철을 사용하였다고 하여 보건범죄단속에 관한 특별조치법에 위반된다고 할 수 없다.",
            "원심 판시 제1의 가.항 기재 범죄사실은 피고인 7과 그 대표이사이던 공소외 1이 2002.3.16.경 흑색산화철을 사용하여 0를 생산하였다는 범죄사실로 인하여 각 벌금 300만 원의 약식명령을 받은 것과 동일한 내용이므로 동일한 사안에 대하여법률적용을 달리하여 이중으로 처벌하는 것은 부당하다.",
            "피고인 5, 9는 이 사건 0의 제조원이며 위탁자인 피고인 8(이하 0 이라고 한다)으로부터 0의 코팅을 수탁받고 피고인 8이 제공한 코팅지시서와 원료에 따라 수탁공정의 일부를 해 준 제조수탁자로서 이 사건 범행의 도구였을 뿐 정범이나 공범으로서의 범죄에 대한 인식과 의사가 없었다.",
            "제조수탁자에 불과한 피고인 5, 9에게는 식품위생법 제6조의 준수의무가 없다.특히 식품위생법 제6조가 요구하는 식품위생법상의 기준·규격에 따른 식품을 제조할 의무는 위탁자에게만 부과되는 신분범적 성격을 띤다.",
            "피고인 5, 9는 법률의 착오로 인하여 위법성의 인식이 없다.즉 피고인 5, 9는 염화메틸렌과 흑색산화철이 식품에 사용되는 것이 금지된 첨가물이라는 사실을 몰랐다.그리고 피고인 8이 제공하는 품목제조보고서가 있는 이상 이는 적법하게 행정청의 심사를 거쳐 허가가 난 것으로 보아야 하므로 이를 믿은 것에 대하여 정당한 이유가 있다고 할 것이다.",
            "보건범죄단속에 관한 특별조치법 제2조 제1항 제2호의 위반주체는 실제 식품을 제조한 후 판매하여 이익을 벌어들인 자에 국한하여야할 것이고, 내용도 모르고 식품의 제조공정의 일부분을 수탁받은 자에게 위 법률을 적용해서는 아니된다.",
            "식품제조공정의 일부분을 수행한 수탁자에게 위 법률을 적용할 경우 수탁자는 실제 범죄행위로 인해 얻은 이익(가공수수료)이 미미함에도 불구하고 식품의 제조를 위탁한 자가 이를 고가로 판매할 경우 위 법률의 적용을 받는 부당한 결과가 발생할 수 있기 때문이다.",
            "피고인 5, 9는 0가 식품인지 여부에 대하여 인식하지 못하였고 그런 이유로 식품위생법 제4조 제5호에 의한 식품제조신고를 이행하지 못한 것이므로 무신고 식품제조의 점에 대한 고의가 없다.또한 피고인 5, 9는 의약품제조시설에서 신고 없이 식품을 제조할 수 있다고 오인하고 있었고, 이렇게 오인한 것에는 정당한 사유가 있었다.",
            "위 피고인들은 식품제조에 대한 기술이나 노하우를 전혀 갖고 있지 않아 코팅하는데 어떤 공법이 있는지, 첨가물이 필요한지,필요하다면 어떤 첨가물을 사용하는지에 관한 아무런 지식이 없었다.",
            "당해 식품 또는 의약품이 관련법령에서 요구하는 기준과 규격을 갖추었는지 여부를 확인할 법적 의무는 위탁자가 부담하여야한다.",
            "제조회사는 피고인 6이 공급하는 원자재를 가공하는 과정에서 발생하는 첨가물의 선정 및 품질 등에 대해서 전적으로 책임을 져야하고 첨가물이 식품위생법상의 기준·규격이 고시된 물질인지 여부를 확인할 의무와 책임이 있다.",
            "수탁자의 주의의무는 약사법에 의하여 KGMP승인을 받은 시설에서 위탁자의 허가사항을 지키는 것으로 족하다."
        ]
    },
    "facts": {
        "bsisFacts": [
            "통상 한약의 상품화를 위하여는 그 복용의 편의성을 위하여 한약의 환제화 및코팅이 관건이 되고, 피고인 6은 피고인 7에 천보204의 환제로의 제조를 위탁하면서 한약제재임을 나타내기 위하여 검정색을내달라고 요구한 사실이 있다.",
            "피고인 6의 생산부장이었던 공소외 3은 피고인 7에 천보204의 환제로의 제조를 위탁한 후 2001.11.경 원심 판시 제1의 가.항 범죄사실 기재와 같이 염화메틸렌과 흑색산화철 등이 첨가물로 기재된 최초의 품목제조보고서를위 피고인 7의 부장인 공소외 4로부터 넘겨받아 이를 회의석상에서 피고인 1, 2에게 보고하였다.",
            "위 피고인들은 그대로 제조하도록 승낙하였으며, 이에 피고인 7은 2001.11.24.경 위 보고서를 부평구청에 제출한 사실이 있다."
        ]
    },
    "dcss": {
        "courtDcss": [
            "이 사건 보건범죄단속에 관한 특별조치법 위반의 범행이 행하여진 때로서 건강기능식품에 관한 법률이 제정되어 시행되기 전에는 건강기능식품에 대하여 식품위생법령 등이 적용되었고, 식품위생법상의 식품공전, 식품첨가물공전에는 0의 제조에 사용된 염화메틸렌 및 흑색산화철이 식품의 제조·가공 등에 사용가능한 물질로 규정하고 있지 아니하여 건강기능식품의 제조에 사용이현재 시행되고 있는 건강기능식품에 관한 위 관련규정 등에 의하면 염화메틸렌 및 흑허용되지 아니하였다.",
            "하지만 현재 시행되고 있는 건강기능식품에 관한 위 관련규정 등에 의하면 염화메틸렌 및 흑색산화철은 건강기능식품의 제조에 사용이 가능하게 되었다(염화메틸렌은 0 제조과정에서 모두 휘발되는 등으로 완제품에서 검출되지아니하였다)",
            "그러면 위와 같이 건강기능식품에관한법률 및 위 법률의 위임에 의하여 고시된 건강기능식품의 기준 및 규격 등에 의하여 건강식품의 제조에 사용이 허용된 것이 정책적인 차원에서 법규가 변경된 것으로 보아야 하는지 아니면 법률이념의 변화 또는 반성적 고려에서 법령을 폐지한 것으로 보아야 하는지 여부에 관하여 살펴본다.",
            "흑색산화철은 검정색을 내는 착색제로 사용되는 첨가물이고, 염화메틸렌은 흑색산화철을 녹여서 코팅하는 데 사용하는 용매제로서 모두 분말형태의 물질을 환제로 만들 때 필요한 코팅작업 과정에서 사용되는 첨가물이다.",
            "또한, 염화메틸렌은 고온의 건조공정을 거치면서 대부분 휘발되어 버리기는 하나 사회안전보건법상 유해물질임을 표시하여야 하는 물질로서 그 성분이 제품에 잔존할 경우 일부 동물에 대하여 암을 유발할 수 있고(인체에 대한 발암성물질인지 여부에 대하여는 아직 증거가 충분하지아니하나 여전히 발암성 추정물질로 인정하고 있다), 많은 양을 섭취하는 경우 의사의 치료를 받도록 되어 있다.",
            "또한 철(Fe)도 하루 권장량 이상을 섭취할 경우 인체에 유해한 물질인데 의약품의 경우 일정 시간간격을 두고 일정량을 의사나 약사의 처방에따라 복용하게 되지만 식품의 경우에는 그러한 제한이 없으므로, 만약 하루 섭취량에 제한이 없는 식품에 위와 같은 첨가물의사용을 허용한다면 염화메틸렌이나 철의 과다한 복용으로 인하여 인체에 해로운 결과를 초래할 우려가 있는 점이 있다.",
            "위 법률의제정 후 사회 여건의 변화로 건강기능식품이 활발히 생산·유통되는 상황에 처하게 되자, 건강기능식품은 일반식품과 달리 환제로 만들어 판매하여야 할 필요성이 있고, 통상 하루 복용량도 어느 정도 제한이 된다는 점을 고려하여 건강기능식품 제조업체에 관하여 엄격한 기준하에 그 영업을 허가한다는 점(건강기능식품에관한법률 제5조 제1항)이 있다.",
            "건강기능식품의 기준과 규격을 정하여 이를 적절히 통제할 경우 위와 같이 코팅제 및 착색제로 쓰이는 첨가물의 사용을 허용하더라도 국민건강에 위해를 초래할 가능성은 비교적 적다는 판단하에 그 사용을 허가하기에 이른 것으로 보이는 점이 있다.",
            "식품 또는 그 첨가물의 안전성 여부는 다수 국민의 건강에 중대한 영향을 미칠 수 있는 문제이므로 신중하게 다루어져야 할 것인바, 염화메틸렌 및 흑색산화철의 유해 여부및 그 정도 등 안전성이 완전히 입증되지 아니하였기 때문에 일응 문제가 될 소지가 있었던 것이었다면 그 안전성이 검증되고 확보될 때까지 이의 사용을 허용하지 아니한 종전의 태도가 부당하다고 보여지지는 아니하는 점이 있다.",
            "위 범죄행위당시 식품에 첨가물로 사용하는 것이 허용되지 아니하였던 염화메틸렌과 흑색산화철에 관하여 건강기능식품에 한하여 그 사용이 가능하도록 법률이 변경된 것은 법률이념의 변천으로 종래의 규정에 따른 처벌 자체가 부당하다는 반성적 고려에서 비롯된것이라기보다는 건강기능식품의 국내 수요 확대 등 여건의 변화에 따른 규제범위의 합리적 조정의 필요와 건강기능식품의 안전성 제고 등 그때 그때의 특수한 필요에 대처하기 위한 정책적 조치에 따른 것으로 판단된다.",
            "따라서 위와 같이 건강기능식품의 제조에 염화메틸렌과 흑색산화철의 첨가가 허용되었다 하더라도 그 법률 및 고시가 시행되기 전에 이미 범하여진 위반행위에 대한가벌성이 소멸되는 것은 아니라 할 것이다."
        ]
    },
    "close": {
        "cnclsns": [
            "피고인 1, 2, 4, 5, 6, 9와 검사의 항소를 모두 기각한다."
        ]
    }
}