{
    "info": {
        "caseField": "2",
        "detailField": "6",
        "trailField": "2",
        "caseNm": "사기,사기방조",
        "courtNm": "서울중앙지방법원",
        "judmnAdjuDe": "2004. 09. 03.",
        "caseNo": "2004노1478",
        "relateLaword": [
            "형사소송법 제364조"
        ],
        "qotatPrcdnt": []
    },
    "concerned": {
        "acusr": "1",
        "dedat": "4"
    },
    "org": {
        "orgJdgmnCourtNm": " 서울중앙지방법원",
        "orgJdgmnAdjuDe": "2004. 2. 12.",
        "orgJdgmnCaseNo": "2003고단5230, 2003고정225 (병합)"
    },
    "disposal": {
        "disposalform": "10",
        "disposalcontent": [
            "원심판결 중 피고인  3, 같은  피고인 4, 같은  피고인 5에 대한 부분을 파기한다.",
            "피고인  3을 징역 10월에, 같은  피고인 4를 벌금 5,000,000원에, 같은  피고인 5를 벌금 1,000,000원에 각 처한다.",
            "피고인  4, 같은  피고인 5가 위 각 벌금을 납입하지 아니하는 경우 각 40,000원을 1일로 환산한 기간 위 피고인들을 각 노역장에 유치한다.",
            "원심판결 선고 전의 구금일수 101일을 피고인  3에 대한 위 형에, 46일을 같은  피고인 4에 대한 위 벌금에 관한 노역장 유치기간에 각 산입한다.",
            "다만 피고인  3에 대하여는 이 판결 확정일로부터 2년간 위 형의 집행을 유예한다.",
            "피고인  4, 같은  피고인 5에 대하여 위 각 벌금 상당액의 가납을 명한다.",
            "피고인  1, 같은  피고인 2, 같은  피고인 6의 항소를 각 기각한다."
        ]
    },
    "mentionedItems": {
        "rqestObjet": [
            "피고인이허위의 확인서를 발급해 주는 방법으로 위 상피고인들 및  공소외 1로 하여금 보험금을 편취하는 것을 용이하게 하여 이를 방조하였다고 볼 수 없는데도 이를 유죄로 인정한 원심은 사실을 오인한 위법이 있다.",
            " 상피고인  4,  6은  (병원 이름 생략)에서 실제로 입원치료를 받았다고 할 것이므로, 피고인  1이 위 병원에서 위 상피고인들을 입원치료 하였다는 허위사실을 기재한 요양급여비용 청구서를 국민건강보험공단에 발송하는 등으로 위 공단측으로부터 요양급여비용 명목 등으로 금원을 편취하였다고 볼 수 없는데도 이를 유죄로 인정한 원심은사실을 오인한 위법이 있다.",
            "피고인  2와 위 피고인의 남편인 공소외 00은 실제로 내과질환 등이 있어서  (병원 이름 생략) 등에서 입원치료를 받았으므로,위 피고인이 단독으로 또는  공소외 1과 공모하여 위 병원 등에서 위 피고인과  공소외 1이 입원치료를 받은 것처럼 허위의 입원확인서를 발급받아 이를 이용하여 보험금을 편취하였다고 볼 수 없는데도 이를 유죄로 인정한 원심은 사실을 오인한 위법이 있다.",
            " 피고인과 그 처인 피고인  5가 공모하여 위 피고인이 위 병원에서 통원치료를 받았음에도 입원치료를 받은 것처럼 허위의 입원확인서를 발급받아 이를 이용하여 보험금을 편취하였다고 볼 수 없는데도 이를 유죄로 인정한 원심은 사실을 오인한 위법이 있다",
            "피고인  5는 자신을 벌금 100만원에 처하는 약식명령을 송달받고 이에 대하여 정식재판을 청구하였는데도 원심은 위 피고인에 대하여 위 약식명령의 형보다 중한 벌금 200만원을 선고하였으므로, 원심은 불이익변경의 금지에 관한 법리를 오해한 위법이 있다",
            "피고인  4는 실제로 내과질환이 있어서  (병원 이름 생략)에서 입원치료를 받았으므로, 위 피고인이 위 병원에서 통원치료를 받았음에도 입원치료를 받은 것처럼 허위의 입원확인서를 발급받아 이를 이용하여 보험금을 편취하였다고 볼 수 없는데도 이를 유죄로 인정한 원심은 사실을 오인한 위법이 있다.",
            "피고인  6은 실제로 내과질환이 있어서(병원 이름 생략)에서 입원치료를 받았으므로, 위 피고인이 위 병원에서 통원치료를 받았음에도 입원치료를 받은 것처럼 허위의 입원확인서를 발급받아 이를 이용하여 보험금을 편취하였다고 볼 수 없는데도 이를 유죄로 인정한 원심은 사실을 오인한 위법이 있다",
            "이 사건의 여러 정상을 참작하면 피고인들에 대한 원심의 각 선고형(피고인  1에 대하여 징역 1년, 집행유예 2년, 피고인  2에 대하여 징역 10월, 집행유예 2년)은 너무 무거워서 부당하다."
        ]
    },
    "assrs": {
        "acusrAssrs": [],
        "dedatAssrs": [
            "입원이란 '환자가 처지, 수술, 각성, 안정 등을 위하여 입원수속을 밟은 후 고정 배정된 병실의 병상에서 필요한 의사의 처치 및 간호를 받으면서 1일 6시간 이상 병원에 머무르는 경우'를 의미한다고 할 것이고, 환자가 입원실 내에서 밤에 취침을 했느냐의 여부는 입원치료인가를 판단하는 기준이 될 수 없음은 물론 환자에 대하여 입원치료를 시행할 것인지의 판단은 의사의 고유권한에속한다 할 것이다.",
            "상피고인 2, 공소외 00, 상피고인 3, 4, 6은 모두 실제 내과질환이 있는 환자로서 피고인 1이 의사로서 위 상피고인들과 공소외 1의 질환에는 입원치료가 필요하다고 판단하여 위 상피고인들과 공소외 1로 하여금 위 피고인이 운영하는 (병원 이름 생략)에서 입원치료를 받도록 하였다.",
            "이에 따라 위 상피고인들과 공소외 1은 입원서약서를 작성한 후 병실과 침대를 배정받고, 환자복, 침구 등을 공급받은 후 자신들에게 배정된 침대에 누워 링거액을 투여받고 주사를 맞는 등의치료를 받고 진찰 및 검사를 받으면서 매일 6시간 이상 (병원 이름 생략)에 머물렀다.",
            "그러므로 위 상피고인들과 공소외 1은 실제입원치료를 받았다고 할 것이고, 그들 중 일부가 개인사정으로 인하여 입원기간 중 일부 기간동안 병원이 아닌 자신들의 집에서잠을 잤다고 하여 그들이 입원치료가 아닌 통원치료를 받았다고 볼 수 없다.",
            "그러므로 위 상피고인들과 공소외 1이 (병원 이름 생략)에서 입원치료를 받았다는 내용으로 위 피고인이 발급하여 준 각 입원확인서는 그 기재내용이 진실한 것이라고 할 것이다.",
            "가사 위 상피고인들과 공소외 1이 (병원 이름 생략)에서 받은 치료내용의 실질이 통원치료에 해당한다 하더라도 위 피고인으로서는 위 상피고인들과 공소외 1이 입원확인서를 발급받아 이를 보험금을 청구하는데 사용하려 한다는 것을 알지 못하여서 위 피고인에게 위 상피고인들과 공소외 1의 보험금 편취행위에 대한 방조의 고의가 있었다고 볼 수도 없다.",
            "위 피고인이 허위의 확인서를 발급해 주는 방법으로 위 상피고인들 및 공소외 1로 하여금 보험금을 편취하는 것을 용이하게 하여 이를 방조하였다고 볼 수 없는데도 이를 유죄로 인정한 원심은 사실을 오인한 위법이 있다.",
            "입원의 개념에 따르면 상피고인 4, 6은 (병원 이름 생략)에서 실제로 입원치료를 받았다고 할 것이므로, 피고인 1이 위 병원에서 위 상피고인들을 입원치료 하였다는 허위사실을 기재한 요양급여비용 청구서를 국민건강보험공단에 발송하는 등으로 위 공단측으로부터 요양급여비용 명목 등으로 금원을 편취하였다고 볼 수 없는데도 이를 유죄로 인정한 원심은사실을 오인한 위법이 있다.",
            "피고인 2와 위 피고인의 남편인 공소외 00은 실제로 내과질환 등이 있어서 (병원 이름 생략)등에서 입원치료를 받았으므로, 위 피고인이 단독으로 또는 공소외 1과 공모하여 위 병원 등에서 위 피고인과 공소외 1이 입원치료를 받은 것처럼 허위의 입원확인서를 발급받아 이를 이용하여 보험금을 편취하였다고 볼 수 없는데도 이를 유죄로 인정한 원심은 사실을 오인한 위법이 있다.",
            "위 피고인과 그 처인 피고인 5가 공모하여 위 피고인이 위 병원에서 통원치료를 받았음에도 입원치료를 받은 것처럼 허위의 입원확인서를 발급받아 이를 이용하여 보험금을 편취하였다고 볼 수 없는데도 이를 유죄로 인정한 원심은 사실을 오인한 위법이 있다.",
            "피고인 5는 자신을 벌금 100만원에 처하는 약식명령을 송달받고 이에 대하여 정식재판을 청구하였는데도 원심은 위 피고인에 대하여 위 약식명령의 형보다 중한 벌금 200만원을 선고하였으므로, 원심은 불이익변경의 금지에 관한 법리를 오해한 위법이 있다.",
            "피고인 4는 실제로 내과질환이 있어서 (병원 이름 생략)에서 입원치료를 받았으므로, 위 피고인이 위 병원에서 통원치료를 받았음에도 입원치료를 받은 것처럼 허위의 입원확인서를 발급받아 이를 이용하여 보험금을 편취하였다고 볼 수 없는데도 이를 유죄로 인정한 원심은 사실을 오인한 위법이 있다.",
            "피고인 6은 실제로 내과질환이 있어서 (병원 이름 생략)에서 입원치료를 받았으므로, 위 피고인이 위 병원에서 통원치료를 받았음에도 입원치료를 받은 것처럼 허위의 입원확인서를 발급받아 이를 이용하여 보험금을 편취하였다고 볼 수 없는데도 이를 유죄로 인정한 원심은 사실을 오인한 위법이 있다.",
            "이 사건의 여러 정상을 참작하면 피고인들에 대한 원심의 각 선고형(피고인 1에 대하여 징역 1년, 집행유예 2년, 피고인 2에 대하여 징역 10월, 집행유예 2년)은 너무 무거워서 부당하다."
        ]
    },
    "facts": {
        "bsisFacts": [
            "공소외 1은 첫 번째인 2001.1.10.～2001.4.10.까지의 입원기간 중 정기적으로 자신이 원하는 시간에 위 병원에 가서 혈관 레이저 치료, 근육주사, 링겔주사 등의 치료를 받고 치료약을 수령하여 집에 들어왔고, 약 25회에 걸쳐 인터페론주사를 맞았다.",
            "어떤 날은 병원에 가서 자신이 링겔주사액의 양을 조절하는 등으로 치료시간을 단축하여 약 30분 정도의 치료만을 받고 돌아오기도 하였고, 어떤 날은 병원에 가지 않기도 하였으며, 입원당일인 2001.1.10.하루만 위 병원에서 자고 나머지는 자신의 집에서 취침하였다.",
            "위 병원에서 거의 식사도 하지 아니한 사실, 또한 공소외 1은 2001.9.4.～2001.10.5.까지의 입원기간 중 처음 입원할 당시와 마찬가지로 정기적으로 자신이 원하는 시간에 위 병원에 가서 혈관레이저치료, 근육주사, 링겔주사 등의 치료를 받고 치료약을 수령하여 집에 들어왔다.",
            "병원에 가지 않는 날도 있었으며, 위 기간 중 하루도 위 병원에서 취침하지 아니하였고, 위 병원에서 거의 식사도 하지 아니하였다.",
            "공소외 1은 위와 같이 전혀 치료를 받지 않거나 병원에서 잠을 자지 아니한 것에 대하여 병원측으로부터 병원에 와서 잠을 자거나 치료를 받으라는 독촉이나 주의를 한 번도 받지 아니하였다.",
            "대학병원에서는 통원치료를 받는 환자들에게도 인터페론 주사를 투여하기도 하며, 위 병원측에서는 공소외 1이 받은 입원치료에 관하여 국민건강보험공단에게 의료수가를 청구하지 아니한 사실이 있다."
        ]
    },
    "dcss": {
        "courtDcss": [
            "환자가 형식상으로는 입원수속을 밟은 후 고정된 병실을 배정받아 치료를 받았다 하더라도 환자가 6시간 이상 병원에 체류하지 않거나 6시간 이상 체류하였더라도 실제 치료를 받은 시간은 일부분에 불과하고 나머지 시간동안 의료진의 관찰이나 감독을 전혀 받지 아니한 채 단순히 병원에 머무르기만 하였다.",
            "환자가 받은 치료의 내용이나 목적이 통원치료로도 충분히 달성될수 있을 때에는 이를 입원치료가 아닌 통원치료로 보아야 할 것이다.",
            "위와 같은 사정에 비추어 보면 원심 판시 범죄사실 기재와 같이 피고인 2가 단독으로 또는 공소외 1과 공모하여, 그들이(병원 이름 생략)과 (의원 이름 생략)의원에서 입원치료를 받은 것처럼 보험회사를 기망하여 보험금을 편취하였다.",
            "피고인 3,5 역시 공모하여 피고인 3이 (병원 이름 생략)에서 입원치료를 받은 것처럼 보험회사를 기망하여 보험금을 편취하였으며, 또한 피고인 4, 00도 각 자신들이 (병원 이름 생략)에서 입원치료를 받은 것처럼 보험회사를 기망하여 보험금을 편취하였음을 충분히 인정할 수 있다.",
            "피고인 1의 경우 피고인 4, 6이 (병원 이름 생략)에서 입원치료를 받은 것처럼 국민건강보험공단을 기망하여 요양급여비용 등을 편취하였고, 원심 공동피고인과 공모하여 허위의 입원확인서를 발급해 주는 방법으로 피고인 2, 3, 5, 4, 6과 공소외 1로 하여금 보험금을 편취하는 것을 용이하게 하여 이를 방조하였음을 충분히 인정할 수 있다.",
            "이 사건 범행의동기 및 경위, 그 내용, 범행 후의 정황, 피고인들의 연령, 성행, 환경 등 기록에 나타난 여러 가지 양형의 조건들을 참작하여 보면, 피고인 1, 2에 대한 원심의 각 형량은 적절하다고 인정되므로, 이에 관한 위 피고인들의 항소 논지도 모두 이유 없다.",
            "서울지방법원 2003고약19775호로 피고인 5를 벌금 100만원에 처하는 약식명령이 발령되자, 이에 대하여 위 피고인이 정식재판을 청구하였데 원심은 위 피고인에 대하여 위 약식명령의 형보다 중한 벌금 200만원을 선고한 사실을 인정할 수 있는바, 원심은 위 피고인에 대하여 약식명령의 형보다 중한 형을 선고하여 형사소송법 제457조의 2를 위배한 위법이 있으므로 원심판결 중 위 피고인에 대한 부분은 이 점에서 더 이상 유지될 수 없다.",
            "원심판결 중 피고인 3, 4에 대한 부분에 관하여 직권으로 살피건대, 기록에 편철된 각 체포영장(공판기록 제320면, 제330면), 각구속영장신청서(수사기록 제4983면, 제4993면), 각 구속영장(공판기록 제449면, 제459면, 제578면, 제588면)의 각 기재에의하면, 피고인 3, 4는 2003.5.14.체포영장에 의하여 이 사건 사기죄로 각 체포되었다가 같은 달 15.각 석방된 사실이 인정된다.",
            "그후 위 피고인들은 각 같은 달 20.피의자 심문용 구인장에 의하여 각 구인되어 같은 달 21.각 구속되었다가, 피고인 3은 같은해 8.26.보석결정으로 석방되었고, 피고인 4는 같은 해 7.2.보석결정으로 석방된 사실을 인정할 수 있다.",
            "피고인 3에 대한 원심판결선고 전의 구금일수는 총 101일(2003.5.14.부터 같은 달 15.까지 2일 + 같은 달 20.부터 같은 해8.26.까지 99일)이고, 피고인 4에 대한 원심판결선고 전의 구금일수는 총 46일(2003.5.14.부터 같은 달 15.까지 2일 +같은 달 20.부터 같은 해 7.2.까지 44일)이다.",
            "원심은 피고인 3에 대하여 판결선고 전의 구금일수 99일을, 피고인 4에 대하여 판결선고 전의 구금일수 44일을 위 피고인들에 대한 원심판결의 각 형에 산입한 잘못을 범하였는바, 이 점에 있어 원심판결 중 피고인 3, 4에 대한 부분은 더 이상 유지될 수 없다."
        ]
    },
    "close": {
        "cnclsns": [
            "원심판결 중 피고인 3, 같은 피고인 4, 같은 피고인 5에 대한 부분을 파기한다.",
            "피고인 3을 징역 10월에, 같은 피고인 4를 벌금 5,000,000원에, 같은 피고인 5를 벌금 1,000,000원에 각 처한다.",
            "피고인 4, 같은 피고인 5가 위 각 벌금을 납입하지 아니하는 경우 각 40,000원을 1일로 환산한 기간 위 피고인들을 각 노역장에 유치한다.",
            "원심판결 선고 전의 구금일수 101일을 피고인 3에 대한 위 형에, 46일을 같은 피고인 4에 대한 위 벌금에 관한 노역장 유치기간에 각 산입한다.",
            "다만 피고인 3에 대하여는 이 판결 확정일로부터 2년간 위 형의 집행을 유예한다.",
            "피고인 4, 같은 피고인 5에 대하여 위 각 벌금 상당액의 가납을 명한다.",
            "피고인 1, 같은 피고인 2, 같은 피고인 6의 항소를 각 기각한다."
        ]
    }
}