{
    "info": {
        "caseField": "2",
        "detailField": "6",
        "trailField": "1",
        "caseNm": "사기",
        "courtNm": "광주지법",
        "judmnAdjuDe": "2005. 09. 30.",
        "caseNo": "2004고단4003",
        "relateLaword": [
            "형법 제347조",
            "형사소송법 제308조"
        ],
        "qotatPrcdnt": []
    },
    "concerned": {
        "acusr": "4",
        "dedat": "1"
    },
    "org": {
        "orgJdgmnCourtNm": "",
        "orgJdgmnAdjuDe": "",
        "orgJdgmnCaseNo": ""
    },
    "disposal": {
        "disposalform": "10",
        "disposalcontent": [
            "공소사실은 범죄의 증명이 없는 때에 해당한다고 할 것이므로  형사소송법 제325조 후단에 의하여 피고인에 대하여 무죄를 선고한다"
        ]
    },
    "mentionedItems": {
        "rqestObjet": [
            "공소사실은 범죄의 증명이 없는 때에 해당한다고 할 것이므로  형사소송법 제325조 후단에 의하여 피고인에 대하여 무죄를 선고한다"
        ]
    },
    "assrs": {
        "acusrAssrs": [
            "피고인은 거짓말을 하여 이에 속은 피해자로부터 피고인 명의의 000 예금계좌(계좌번호 생략)로 같은 해 4.3.금 3,000만 원을 송금받아 이를 편취하였다.",
            "피고인은 거짓말을 하여 이에 속은 피해자로부터 여 위 예금계좌로 같은 달 4.금 3,000만 원, 같은 달 8.금 7,000만 원, 같은 달 14.금 1억 원, 같은 해 6.17.금 2,000만 원을 송금받고, 같은 해 5.25.경 0000 (상세 주소 생략)소재 피고인 운영의 (상호 생략)에서 금1억 원을 교부받아 투자금 명목으로 6회에 걸쳐 합계 금 3억 5,000만 원을 편취하였다."
        ],
        "dedatAssrs": [
            "피고인은 그가 피해자로부터 합계 금 3억 5,000만 원을 송금받거나 교부받은 것은 사실이나, 위 금원은 피고인이 공원묘지조성사업을 위하여 0000 임야 약 73,000평을 매수한 후 피해자에게 위 임야의 일부인 위 산 0000 임야 약 25,000평(이하 '이 사건 임야'라 한다)을 금 5억 원에 매도하고 그 일부 대금으로 받은 것일 뿐이다.",
            "공소사실과 같이 피해자를 기망하여 000의 장례예식장 운영사업의 동업 투자금 명목으로 받은 것이 아니므로 무죄라고 주장한다."
        ]
    },
    "facts": {
        "bsisFacts": [
            "피고인은 일정한 직업이 없는 자이다.",
            "2000.3.초순 일자불상경 0000 소재 00000 공소외 1의 집에서 사실은 피해자 00으로부터 투자금을 받더라도 피해자와 장례예식장을 동업으로 운영할 의사나 능력이 없었다.",
            "피고인은 피해자에게 \"현재 국민건강보험관리공단에서 일산에 있는 000 장례예식장을 직접 운영하는데 내가 임대계약을 통해 운영권을 따오려고 한다, 약 10억 원의 비용이 드는데 당신이 5억 원을 동업자금형식으로 투자하면 50%의 영업권지분을 주겠다.\" 고 거짓말하였다.",
            "이에 속은 피해자로부터 피고인 명의의 000 예금계좌(계좌번호 생략)로 같은 해 4.3.금 3,000만 원을 송금받아 이를 편취한 것을 비롯하여 위 예금계좌로 같은 달 4.금 3,000만 원, 같은 달 8.금 7,000만 원, 같은 달 14.금 1억 원, 같은 해 6.17.금 2,000만 원을 송금받았다.",
            "같은 해 5.25.경 0000 (상세 주소 생략)소재 피고인 운영의 (상호 생략)에서 금 1억 원을 교부받아 투자금 명목으로 6회에 걸쳐 합계 금 3억 5,000만 원을 편취한 것이다.",
            "피해자와 공소외 1은 경찰, 검찰 및 법정에서, 피해자가 2000.4.하순경 피고인에게 많은 돈이 가는데 믿을 수 있도록 서류나 증서를 달라고 피고인에게 증표로 믿을 수 있는 문서를 써달라고 요구하였다.",
            "피고인이 피해자의 남편인 공소외 2에게 이 사건임야를 대금 5억원에 매도한다는 내용이 기재된 매매계약서(이하 '이 사건 매매계약서'라 한다)를 작성하여 주었다고 진술하고 있고, 공소외 2도 경찰, 검찰 및 법정에서 위 금 3억 5,000만 원은 장례예식장 영업권에 대한 투자금이라고 진술하고 있다."
        ]
    },
    "dcss": {
        "courtDcss": [
            "피고인이 피해자와 장례예식장을 동업으로 운영할 의사나 능력이 없음에도 불구하고 피해자를 기망하여 000의 장례예식장 운영사업의 동업 투자금 명목으로 위 금 3억 5,000만 원을 받았다는 점에 부합하는 증거로는 피해자 및 공소외 2,공소외 1의 경찰, 검찰, 법정에서의 각 진술, 공소외 3, 공소외 4의 경찰, 법정에서의 각 진술이 있다.",
            "위 각 증거는 아래와 같은 이유로 믿기 어렵거나 위 각 증거만으로는 위 기망의 점을 인정하기에 부족하고 달리 이를 인정할 증거가 없다.",
            "피해자가 피고인에게 2000.4.말경까지 준 돈은 공소사실 기재와 같이 모두 은행계좌를 통하여 송금한 것이므로 증표를 남길 필요성은 적었다고 할 것이고, 굳이 증서로서 받았다면 그 돈의 성격(동업투자금인지 매매대금인지 등)을 확실히 기재할 필요성이 더 컷을 것이다.",
            "피해자 및 공소외 2, 공소외 1은 다른 사람으로부터 끌어 모은 거액의 동업자금을 투자한 장례예식장이 있는 000에는 지금까지 한 번도 가보지 않았다고 진술하고 있는 반면, 이 사건 매매계약서가 작성될 무렵에 피고인과 함께 이 사건 임야를 둘러보고 왔다고 진술하고 있다.",
            "진술의 일관성이 없는 점 등에 비추어 보면, 피해자와 공소외 2, 공소외 1의 각 진술은 믿기 어렵다.",
            "공소외 1의 법정에서의 진술과 변호인이 제출한 증 제1 내지 6호증의 각 기재에 의하면 피고인은 이 사건 임야를 비롯한 위 0000 임야 73,000평에 공원묘지 사업을 1990년대 초부터 2000.말경까지 추진하고 있었고, 공소외 1도 위와 같은 사실을 잘 알고 있었던 것으로 보이는 점 등을 고려하면, 위 금 3억 5,000만 원은 피고인의 주장과 같은 경위로 피고인에게 건네졌을 가능성도 상당히 있다.",
            "공소외 4의 위 진술은 피고인으로부터 투자를 권유받은 일시, 금액에 관한 진술이 일관되지 아니하고, 또한, 피고인이 공소외 4에게 근저당권을 설정하여주겠다고 하였으면서 위 황금동 임야에 관한 부동산매매계약서(수사기록 369면)를 보냈다는 것은 납득이 되지 아니하다.",
            "공소외 4가 피해자와 피고인, 공소외 1 등과 함께 이 사건 임야를 보러간 시기에 관하여 피해자는 법정에서 2000.4.경이라고 진술하고 있고, 공소외 2는 법정에서 2000.4.말경이라고 진술하고 있으며, 공소외1은 법정에서 정확한 시기는 생각나지 않으나 위 공소외 4가 피고인의 안경점에 1번 온 후에 갔다고 진술하고 있다.",
            "공소외 4가 피해자와 피고인, 공소외 1 등과 함께 이 사건 임야를 보러간 시기는 2000.4.경이라고 할 것인데, 공소외 4가 그 무렵 피고인으로부터 투자에 대한 담보목적으로 받았다는 위 부동산매매계약서의 작성일자가 1999년으로 기재되어 있는 것 또한 납득하기 어렵다.",
            "피고인은 공소외 1에게 위 0000 임야를 공소외 1에게 팔아달라고 부탁을 하면서 매도인을 피고인으로, 보증인을 공소외 1로 한 매매계약서와 등기부등본, 임야대장 등의 서류를 공소외 1에게 교부한 적이 있는데, 공소외 1이 공소외 4에게 매수권유를 하면서 위 서류를 공소외 4에게 교부하였을 것이라고 추측한다는 것이다.",
            "공소외 1도 법정에서 피고인으로부터 위 임야와 0000 소재 답 3필지의 매도를 부탁받고, 공소외 1의 친정 동네인 위 0000의 답 3필지를 외숙에게 부탁하여 매도하고 공소외 1과 외숙이 수고비를 받기까지 하였다고 진술하고 있다.",
            "위 0000 임야에 관한 부동산매매계약서가 피고인이 주장하는 경위로 위 공소외 4가 소지하고 있을 가능성도 있다고 할 것이므로, 위 공소외 4의 경찰, 검찰, 법정에서의 각 진술은 믿기어렵다고 하지 않을 수 없다.",
            "피해자가 피고인에게 위 금 3억 5,000만 원을 건네 준 경위에 대하여 공소외 3은 피해자로부터 들어서 알고 있는 것이 되는데, 피해자의 진술을 위에서 본 바와 같이 믿지 아니하는 이상 공소외 3의 위 각 진술도 믿기 어렵다."
        ]
    },
    "close": {
        "cnclsns": [
            "이 사건 공소사실은 범죄의 증명이 없는 때에 해당한다고 할 것이므로 형사소송법 제325조 후단에 의하여 피고인에 대하여 무죄를 선고한다."
        ]
    }
}