{
    "info": {
        "caseField": "2",
        "detailField": "6",
        "trailField": "2",
        "caseNm": "입찰방해,배임수재,배임증재",
        "courtNm": "대전지방법원",
        "judmnAdjuDe": "2004. 04. 14.",
        "caseNo": "2004노213",
        "relateLaword": [
            "형사소송법 제364조",
            "형법 제315조",
            "형법 제30조",
            "형법 제357조",
            "형법 제37조",
            "형법 제38조",
            "형법 제50조",
            "형법 제57조",
            "형법 제62조",
            "형법 제357조",
            "형사소송법 제325조"
        ],
        "qotatPrcdnt": []
    },
    "concerned": {
        "acusr": "1",
        "dedat": "4"
    },
    "org": {
        "orgJdgmnCourtNm": "대전지방법원 공주지원",
        "orgJdgmnAdjuDe": "2004. 1. 9.",
        "orgJdgmnCaseNo": "2003고단555, 574(병합)"
    },
    "disposal": {
        "disposalform": "6",
        "disposalcontent": [
            "원심판결을 파기한다.",
            "피고인 1을 징역 1년에, 피고인 2를 징역 6월에 각 처한다.",
            "원심판결선고 전의 구금일수 66일을 피고인 1에 대한 위 형에 산입한다.",
            "다만 이 판결확정일부터 2년간 피고인 1,2에 대한 위 형의 집행을 각 유예한다.",
            "피고인 1로부터 금 10,000,000원을 추징한다.",
            "피고인 2에 대한 이 사건 공소사실 중 입찰방해의 점은 무죄이다.",
            "피고인 3은 무죄이다."
        ]
    },
    "mentionedItems": {
        "rqestObjet": [
            "입찰방해를 위하여 추첨 봉투에 풀칠을 하여 부정하게 공소외 3 주식회사가 낙찰받도록 한 사실이 없고  제, 1심 공동피고인 4에게 전해준 정보나 서류 등은 거의 대부분 입찰유의서에 나타나 있는 내용으로서 입찰방해죄가 성립되지 않는다.",
            "제 심 공동피고인 4가나 공소외 6에게 부정한 청탁의 대가로 재산상의 이익을 요구하거나 받은 사실이 없고 (주) 공소외 3 주식회사로부터 000점포를 받은 것도 부정한 청탁의 대가가 아니다.",
            ".피고인의 제반 정상과 이 사건의 경위 등에 비추어 원심의 형은 너무 무거워서 부당하다",
            "제1심 공동피고인 4, 피고인 1,3과 공모하여 이 사건 휴게소의 운영권을 부정하게 낙찰받은 사실이 없다",
            "이 사건 전체 진행과정을 주도한 자는 제1심 공동피고인 4인 점 등에 비추어 원심의 형은 너무 무거워서 부당하다.",
            "피고인 1과 제1심 공동피고인 4 등의 입찰부정 행위에 공모하거나 가담한 바가 없다."
        ]
    },
    "assrs": {
        "acusrAssrs": [],
        "dedatAssrs": [
            "입찰방해를 위하여 추첨 봉투에 풀칠을 하여 부정하게 공소외 3 주식회사가 낙찰받도록 한 사실이 없고, 제1심 공동피고인 4에게 전해준 정보나 서류 등은 거의 대부분 입찰유의서에 나타나 있는 내용으로서 입찰방해죄가 성립되지 아니하며, 제1심 공동피고인 4가나 공소외 6에게 부정한 청탁의 대가로 재산상의 이익을 요구하거나 받은 사실이 없고, (주)공소외 3 주식회사로부터 0 점포를 받은 것도 부정한 청탁의 대가가 아니다.",
            "피고인의 제반 정상과 이 사건의 경위 등에 비추어 원심의 형은 너무 무거워서 부당하다.",
            "피고인 2는 제1심 공동피고인 4, 피고인 1, 3과 공모하여 이 사건 휴게소의 운영권을 부정하게 낙찰받은 사실이 없다.",
            "피고인 2는 이 사건 전체 진행과정을 주도한 자는 제1심 공동피고인 4인 점 등에 비추어 원심의 형은 너무 무거워서 부당하다.",
            "피고인 3은 피고인 1과 제1심 공동피고인 4 등의 입찰부정 행위에 공모하거나 가담한 바가 없다."
        ]
    },
    "facts": {
        "bsisFacts": [
            "피고인 1이 위 회사 영업팀 차장으로서 위 입찰업무를 실무적으로 기획, 추진, 감독하고 휴게소 시설의 사후 관리업무 등을 총괄적으로 담당함을 기화로, 2002.3.18.0000 소재 000 부근 상호 불상 식당에서 제1심 공동피고인 4를 만나, 동인에게 “천안논산고속도로 내 휴게소를 틀림없이 운영할 수 있도록 해 주겠다”고 제의하였다.",
            "피고인 1이 입찰유의서를 사전에 교부하고, 그로부터 재무제표 등 응찰 소요서류를 건네받아 적부를 검토해주는 한편 다른 입찰참가업체에게는 공개하지 아니하는 기밀서류인 건축평면도, 교통영향평가서 등을 그 무렵 제1심 공동피고인 4에게 교부하였다.",
            "피고인 1은 제1심 공동피고인 4로 하여금 휴게소 운영업체의 선정 방식, 서류심사에서의 평가요령, 입찰일시와 방법, 유의사항 등의 정보를 확보하여 유리한 위치에서 미리 준비할 수 있게 하는 등의 방법으로 0000,논산고속도로 내 휴게소 운영권에 관한 입찰의 공정을 해하였다.",
            "피고인 1은 같은 해 6.초순경 0000 소재 상호불상 일식집에서, 피고인 2와 합작관계에 있는 제1심 공동피고인 4로부터 위 휴게소 운영권을 낙찰받게 해주고 낙찰 후 운영상 편의를 제공하여 달라는 취지의 부정한 청탁을 받았다.",
            "피고인 1은 그와 결별한 피고인 2로부터 2002.11.경 앞으로 휴게소의 운영과 관련하여 업무편의를 봐 달라는 취지의 부정한 청탁을 받고 이에 응하여 그 대가로 2003.1.경 위 각 휴게소 내 0라는 상호의 제과,제빵 판매점포 2개소의 영업권 시가 금 10,000,000원 상당을 교부받아 재산상 이익을 취득하였다.",
            "피고인 2는, 제1심 공동피고인 4와 공모하여 제2항 기재의 일시·장소에서 그 기재와 같이 피고인 1에게 부정한 청탁을 하고 그 대가로 그에게 2003.1.경 제과·제빵 판매점포 2개소의 영업권을 교부함으로써 재산상 이익을 공여하였다."
        ]
    },
    "dcss": {
        "courtDcss": [
            "피고인 1이 제1심 공동피고인 4로부터 그가 운영하는 공소외 1 주식회사가 이 사건 휴게소를 낙찰받을 수 있도록 도와주면 새로이 설립하는 법인의 주식 지분 10%를 주겠다는 등의 부정한 청탁을 받고, 기밀서류인 건축평면도, 교통영향평가서 등의 입찰정보를 사전에 제1심 공동피고인 4에게 전달하는 등의 방법으로 이 사건 입찰의 공정을 해한 사실을 인정할 수 있다.",
            "피고인 2로부터 휴게소의 운영과 관련하여 업무상의 편의를 봐달라는 취지의 부정한 청탁을 받고 휴게소 내의 0 판매점포의 운영권을 부여받은 사실 등을 넉넉히 인정할 수 있으므로, 피고인의 이 부분 주장은 그 이유가 없다.",
            "이 사건 입찰방해의 공소사실 중 위 피고인이 \"봉투뽑기\" 방식의 입찰과정에서 봉투에 풀칠을 하여 사전에 연습한대로 공소외 8로 하여금 풀칠한 봉투를 뽑게 함으로써 공소외 3 주식회사 명의로 낙찰받게 하였다는 부분은 위 피고인이 일관하여 이를 부인하고 있고, 그밖에 부합 증거로는 제1심 공동피고인 4, 공소외 6, 공소외 8의 진술 등이 있으나, 다음에서 살피는 바와 같이 제1심 공동피고인 4, 공소외 6의 진술은 신빙성이 없다.",
            "공소외 8의 진술 또한 그것만으로는 이 부분 공소사실을 유죄라고 단정하기에 부족하고 달리 이를 인정할 증거가 없으므로 결국 범죄의 증명이 없는 경우에 해당하여 무죄라 할 것이다.",
            "이를 제외한 위의 판시 사실만으로도 이 사건 입찰방해죄의 성립에 영향이 없고, 그 유죄의 인정이 피고인의 방어권 행사에 실질적인 불이익을 주지 아니하는 것으로 판단되므로 검사의 공소장변경 절차 없이 위 판시와 같이 인정하는 바이다(아래의 양형부당의 항소를 이유 있다고 받아들여 원심을 파기하는 기회에 위 인정과 같이 이 부분 범죄사실을 고쳐 쓰기로 한다).",
            "피고인 1은 동종 전과가 없고, 이 사건 범행으로 인하여 실제로 취득한 이익이 최다 금 10,000,000원 상당으로서 그리 크지 않은 점, 이 사건으로 인하여 직장을 잃게 된 점, 자신의 잘못을 깊이 뉘우치고 있는 점을 보면 원심이 피고인 1에 대하여 징역 1년의 실형을 선고한 것은 그 형이 너무 무거워서 부당하다고 인정되므로, 피고인의 이 부분 주장은 이유 있다.",
            "원심이 적법하게 채택 조사한 증거에 의하면, 피고인 2가 제1심 공동피고인 4와 공모하여 피고인 1에게 이 사건 휴게소의 운영과 관련하여 업무상의 편의를 봐달라는 취지의 부정한 청탁을 하고 이 사건 휴게소 내의 0 점포의 운영권을 부여한 사실을 넉넉히 인정할 수 있으므로, 위 피고인의 이 부분 주장은 그 이유가 없다.",
            "① 제1심 공동피고인 4가 2002.4.18.공소외 3 주식회사, 공소외 2 주식회사, (명칭 생략)농산, (명칭 생략)물산의 재무제표를 받아서 피고인 1에게 검토케 하였다고 진술하고 있다.",
            "그러나, 공소외 6의 위 다이어리 중 4월 23일자 기재에는 피고인 1이 재무제표를 검토한 결과 000으로서는 대안이 필요하며, 컨소시엄을 구성할 필요가 있다는 취지로 기재되어 있고, 이 사건 서류심사에서 (명칭 생략)물산은 자격미달로 탈락하였음에 비추어 당시 피고인 1은 000의 서류만을 검토한 것으로 보이는 점,",
            "② 제1심 공동피고인 4는 2002.5.28.공소외 2 주식회사의 사무실에서 4사의 대표이사인 공소외 5((명칭 생략)농산), 공소외 4((명칭 생략)물산), 피고인 2, 3과 만나 아들 공소외 6이 피고인 1과 만나고 있으며 피고인 1이 여러 입찰참가 업체 가운데 우리한테 낙찰받게 하여 주기로 했다는 취지로 말하였다고 진술하고 있다(수사기록 284면).",
            "그리고 제1심 공동피고인 4는 원심 법정에서 증인으로서 피고인 2의 변호인신문에 대하여 공소외 2 주식회사에서 만난 것은 사실이지만 날짜는 정확하게 기억이 나지 않는다고 진술하고 있다(공판기록 174면).",
            "그리고 공소외 2 주식회사의 방문객출입일지에 의하면 2002.5.28.제1심 공동피고인 4나 공소외 5, 공소외 4, 피고인 2가 공소외 2 주식회사를 방문한 바 없는 것으로 기록되어 있으며 공소외 6의 위 다이어리에도 위와 같은 중요한 사실에 대한 기록이 빠져 있는 점(수사기록 471, 472면),",
            "③ 공소외 6과 제1심 공동피고인 4는 검찰 및 원심법정에서 2002.6.3.피고인 2로부터 포기각서를 받았다고 진술하고 있으나 공소외 6의 위 다이어리 2002.6.3.자에는 위와 같은 중요한 사항에 대한 기재가 없고, 공소외 6은 나중에 인감증명서를 받았다고 진술하고 있으나 포기각서를 받으면서 인감증명서를 나중에 다시 받는다는 것 역시 선뜻 이해하기 어려운 점,",
            "④ 합의서 및 위임장을 받은 시점에 관하여 2002.6.5.이라거나(제1심 공동피고인 4, 공소외 6의 검찰 진술), 잘 기억하지 못하겠다거나(제1심 공동피고인 4, 공소외 6의 원심 법정진술), 2002.6.25.이라고(원심 법정에서 변호인의 재차의 질문에 대한 공소외 6의 답변진술)하는 등으로 진술 기회마다 내용이 달라졌다.",
            "이뿐만 아니라, 제1심 공동피고인 4가 위 합의서를 피고인 3으로부터 받을 당시 교환한 000의 합의서에 첨부된 인감증명서의 발급일자가 2002.6.19.로 되어 있으며 합의서에 \"낙찰됨에 따라\"라는 문구가 기재되어 있는 점 등에 비추어 보면, 위 합의서는 적어도 이 사건 입찰이 종료된 2002.6.18.이후에 작성된 것으로 보이는 점,",
            "⑤ 제1심 공동피고인 4와 공소외 6은 공소외 3 주식회사, 공소외 2 주식회사의 명의만 빌렸을 뿐이고 피고인 1의 도움으로 자신들의 000이 100% 낙찰을 받을 것으로 생각하였다고 진술하고 있으나, 공소외 6의 위 다이어리 2002.4.23.자에는 피고인 1의 조언에 따라 컨소시엄을 구성하는 것이 가장 합리적인 방법이라는 취지로 기재되어 있는 점, ",
            "그리고 제1심 공동피고인 4의 진술에 의하더라도 공소외 2 주식회사의 입찰보증금은 공소외 2 주식회사가 직접 지불했으며, 나머지 공소외 3 주식회사, (명칭 생략)농산의 입찰보증금도 제1심 공동피고인 4가 자신의 돈으로 지불한 것이 아니라, 피고인 3으로부터 차용하여 지불하였다.",
            "그런 마당에 단순히 명의만 빌려 준 회사에게 예상되는 지분의 10%(제1심 공동피고인 4, 공소외 6의 진술에 의하더라도 수 억 원의 가치가 있다는 것이다)를 준다거나 신설될 법인의 지분 60%를 부여한다는 것은 경우에 따라서는 위 지분회사들이 합작하여 제1심 공동피고인 4로부터 이 사건 휴게소의 운영권을 박탈할 수도 있음에 비추어 100% 낙찰을 받을 자신이 있다면 굳이 여러 업체를 컨소시엄으로 끌어들일 이유가 없다고 할 수 있는 점,",
            "⑥ 제1심 공동피고인 4와 공소외 6은 2002.6.17.피고인 1이 전화를 하여 낙찰표가 들어 있는 봉투 입구에 풀칠을 할 것이니 봉투를 뽑는 연습을 하라고 하여 이러한 사실을 피고인 2, 3에게 전하였다고 진술하고 있으나, 이 사건 입찰의 실무를 담당한 자는 피고인 1이 아니라 공소외 11 과장이었다.",
            "그리고 사용된 봉투는 공소외 11이 직접 구입하여 가지고 있다가 필요시마다 공소외 12 부장에게 직접 전해주었다는 것이고 공개된 장소에서 수회에 걸쳐 추첨을 하였으므로, 공소외 11이나 공소외 12마저 공모하지 않은 이상 특정 봉투에 풀칠이 되기가 불가능한 것으로 보이는 점,",
            "⑦ 제1심 공동피고인 4와 공소외 6은 피고인 2와 피고인 3이 입찰에 들어가기 전에 이 사건 휴게소를 낙찰받은 후 별도의 법인설립이 가능하다는 것을 자신들로부터 이미 들어서 알고 있다고 진술하고 있다.",
            "그러나, 공소외 11의 진술에 의하면 피고인 2는 2002.6.27.이후에 공소외 11의 공소외 3 주식회사 방문 당시 비로소 \"컨소시엄\"의 운영 가능성을 타진하였고, 공소외 11로부터 명의변경이나 법인전환 등 운영권의 이전이 불가능하다는 이야기를 그때 처음 들었다(공판기록 204면).",
            "그리고 바로 피고인 3에게 전화로 이러한 이야기를 하자 피고인 3이 제1심 공동피고인 4에게 휴게소를 운영하는 별도의 법인설립이 불가능한 것이 사실이냐고 따졌음에(위와 같이 따진 점에 대하여는 제1심 공동피고인 4도 이를 인정하고 있다)비추어 보면, 피고인 2, 3이 이 사건 입찰이 종료되기 전에 휴게소를 운영하는 법인의 설립이 불가능하다는 것을 몰랐다고 할 수밖에 없는 점, ",
            "⑧ 000은 입찰 참가자격이 없어 처음부터 입찰에 참가하는 것이 불가능하였으며 이러한 사실을 피고인 2, 3에게 이야기하였다고 제1심 공동피고인 4, 공소외 6은 진술하고 있으나, 공소외 2 주식회사 사무실에 대한 압수·수색 영장 집행 당시 공소외 2 주식회사의 공소외 10 이사가 제출한 서류(수사기록 846면 이하)에 의하면 2002.6.10.1차 서류심사 당시 (명칭 생략)농산과 \"000\"의 두 업체가 탈락했다고 기재되어 있다.",
            "그리고 000의 대리인으로는 공소외 13이 기재되어 있는 점 등의 여러 어긋나는 정황이나 진술상의 모순점 등에 비추어 보면, 적어도 이 부분 공소사실과 관련하여 위의 공모 여부에 관한 제1심 공동피고인 4, 공소외 6 부자의 진술은 신빙성에 의심이 간다고 하지 아니할 수 없다.",
            "(더욱이 공소외 6은 이 사건의 발단이 된 진정서에서나 검찰의 최초 조사시에 자신들의 잘못은 입찰의 공정을 해한 데에 있고, 피고인 2 등의 잘못은 동업약정을 파기한 데에 있다는 취지로 자인한 바 있기도 하다).",
            "위 각 진술은 적어도 피고인 2, 3이 제1심 공동피고인 4와 이 사건 입찰방해를 공모하였다거나 피고인 3이 피고인 2의 배임증재에 공모하였다는 점에 관하여는 제1심 공동피고인 4나 공소외 6으로부터 전해들었다는 취지에 불과하므로, 제1심 공동피고인 4와 공소외 6의 진술이 위와 같이 믿기 어려운 이상 그것만으로는 위의 공모사실을 인정하기에 부족하다.",
            "위 수사보고는 위에서 살핀 바와 같이 제1심 공동피고인 4, 공소외 6의 진술과 배치되기도 하여서 그것만으로는 적어도 피고인 2, 3이 제1심 공동피고인 4와 이 사건 입찰방해를 공모하였다거나 피고인 3이 피고인 2의 배임증재에 공모하였다는 점을 인정할 증거로는 되지 못한다.",
            "형사재판에서 유죄의 인정은 법관으로 하여금 합리적인 의심을 할 여지가 없을 정도로 공소사실이 진실한 것이라는 확신을 가지게 하는 증명력을 가진 증거에 의하여야 하고 그와 같은 증거가 없다면 설령 피고인에게 유죄의 의심이 간다 하더라도 피고인의 이익으로 판단할 수밖에 없다.",
            "피고인 2, 3의 입찰방해와 피고인 3에 대한 배임증재의 이 부분 각 공소사실에 대하여는 이를 인정할 아무런 증거가 없거나 유죄로 인정하기에 부족하다 할 것임에도, 이 부분 공소사실을 유죄로 인정한 원심판결은 사실을 오인하여 판결에 영향을 미친 위법을 범하였다고 할 것이고, 피고인 2의 나머지 항소이유에 관하여 나아가 살필 것도 없이 이 점에서 원심은 파기를 면치 못하게 되었다."
        ]
    },
    "close": {
        "cnclsns": [
            "원심판결을 파기한다.",
            "피고인 1을 징역 1년에, 피고인 2를 징역 6월에 각 처한다.",
            "원심판결선고 전의 구금일수 66일을 피고인 1에 대한 위 형에 산입한다",
            "다만, 이 판결확정일부터 2년간 피고인 1, 2에 대한 위 형의 집행을 각 유예한다.",
            "피고인 1로부터 금 10,000,000원을 추징한다.",
            "피고인 2에 대한 이 사건 공소사실 중 입찰방해의 점은 무죄.",
            "피고인 3은 무죄."
        ]
    }
}