{
    "info": {
        "caseField": "2",
        "detailField": "6",
        "trailField": "2",
        "caseNm": "특정경제범죄가중처벌등에관한법률위반(사기),특정경제범죄가중처벌등에관한법률위반(배임),특정경제범죄가중처벌등에관한법률위반(횡령),업무상배임,업무상횡령,업무방해,부동산실권리자명의등기에관한법률위반,강제집행면탈,예금자보호법위반",
        "courtNm": "서울고등법원",
        "judmnAdjuDe": "2006. 02. 14.",
        "caseNo": "2005노1858",
        "relateLaword": [
            "특정경제범죄가중처벌등에관한법률 제3조",
            "형법 제347조",
            "형법 제30조",
            "형법 제356조",
            "형법 제355조",
            "형법 제327조",
            "부동산실권리자명의등기에관한법률 제7조",
            "부동산실권리자명의등기에관한법률 제3조",
            "형법 제37조",
            "형법 제39조",
            "형법 제38조",
            "형법 제50조",
            "형법 제53조",
            "형법 제55조",
            "형법 제57조",
            "형법 제62조",
            "형법 제62조의2",
            "형법 제325조"
        ],
        "qotatPrcdnt": [
            "대법원 2005. 4. 29. 선고 2002도7262 판결",
            "대법원 2005. 4. 29. 선고 2005도856 판결",
            "대법원 2004. 3. 26. 선고 2003도7878 판결",
            "대법원 2005. 10. 28. 선고 2005도5774 판결"
        ]
    },
    "concerned": {
        "acusr": "4",
        "dedat": "1"
    },
    "org": {
        "orgJdgmnCourtNm": "서울중앙지방법원 ",
        "orgJdgmnAdjuDe": "2005. 8. 11.",
        "orgJdgmnCaseNo": "2004고합414"
    },
    "disposal": {
        "disposalform": "10",
        "disposalcontent": [
            "피고인 1, 2에 대한 원심판결 중 자료제출거부로 인한 예금자보호법위반의 점과 피해자 대한종합금융 주식회사에 대한 특정경제범죄가중처벌등에관한법률위반(사기)의 점 및 피고인 1에 대한 공소외 4 주식회사에의 대출로 인한 특정경제범죄가중처벌등에관한법률위반(배임)의 점에 관한 각 무죄부분을 제외한 나머지 부분을 모두 파기한다.",
            "피고인 1을 징역 3년에, 피고인 2를 징역 2년 6월에 각 처한다.",
            "피고인 1, 2에 대한 원심판결 선고 전의 구금일수 1일씩을 위 각 형에 산입한다.",
            "다만, 이 판결 확정일부터 피고인 1에 대하여는 4년간, 피고인 2에 대하여는 3년간 위 각 형의 집행을 유예한다.",
            "피고인 1에게 200시간의 사회봉사를, 피고인 2에게 120시간의 사회봉사를 각 명한다.",
            "피고인 1에 대한 공소사실 중 예금보험공사 조사거부로 인한 예금자보호법위반의 점은 무죄이다.",
            "피고인 1, 2에 대한 원심판결 중 자료제출거부로 인한 예금자보호법위반의 점과 피해자 대한종합금융 주식회사에 대한 특정경제범죄가중처벌등에관한법률위반(사기)의 점 및 피고인 1에 대한 공소외 4 주식회사에의 대출로 인한 특정경제범죄가중처벌등에관한법률위반(배임)의 점에 관한 각 무죄부분에 대한 검사의 항소 및 피고인 3, 4의 항소를 모두 기각한다."
        ]
    },
    "mentionedItems": {
        "rqestObjet": [
            "피고인 1, 2, 3에 대한 원심판결에 대하여 사실오인 내지 법리오해가 있다.",
            "피고인들에 대한 원심의 양형( 피고인 1 : 징역 3년 집행유예 4년, 피고인 2 : 징역 2년 6월 집행유예 3년, 피고인 3 : 징역 1년 집행유예 2년, 피고인 4 : 징역 6월 집행유예 2년)은 너무 무겁다.",
            "원심 판시 무죄부분에 대하여 사실오인 내지 법리오해가 있다.",
            "피고인 1, 2에 대한 원심의 양형은 너무 가볍다."
        ]
    },
    "assrs": {
        "acusrAssrs": [
            "예금자보호법 제21조의2 제7항에 규정된 부실관련자의 업무 및 재산상황에 대한 예금보험공사의 조사권에는 자료제출요구권이 당연히 포함되는 것이다.",
            "피고인 1, 2가 공소외 1 주식회사와 공소외 2 주식회사의 임직원들과 공모하여 예금보험공사의 자료제출요구에 불응한 행위는 같은 법 제41조 제2호 소정의 예금보험공사의 업무 및 재산상황에 관한 조사를 거부 또는 기피한 행위에 해당한다.",
            "공소외 1 주식회사와 공소외 2 주식회사에서 1995 내지 1997회계연도에 관한 분식된 재무제표를 공시하였고, 공소외 10 주식회사의 대출 및 심사담당 직원들은 위 공시된 재무제표를 검토하여 공소외 1 주식회사와 공소외 2 주식회사의 경영여건이나 신용상태를 분석하여 왔다.",
            "비록 위 분식된 재무제표가 공소외 10 주식회사에 제출되지 아니하였다 하더라도 공소외 10 주식회사가 공소외 1 주식회사와 공소외 2 주식회사의 분식회계에 의한 기망행위로 인하여 착오에 빠져 어음할인 등 대출과 회사채 지급보증을 한 것으로 보아야 한다.",
            "공소외 10 주식회사의 대출, 심사담당 직원들이 공시된 재무제표 외에는 공소외 1 주식회사와 공소외 2 주식회사의 재무상태에 대하여 알 수 없었던 점, 공소외 10 주식회사의 직원들이 1995.9.경 (그룹명 생략)그룹에 인수된 이후 (그룹명 생략)그룹의 경영간섭에 대해 격렬히 반대하여 온 점 및 공소외 10 주식회사가 금융감독기관의 엄격한 감독과 통제를 받고 있었던 점 등에 비추어 본다.",
            "공소외 10 주식회사가 공소외 1 주식회사와 공소외 2 주식회사의 분식회계를 알았다면 위 대출과 지급보증을 하지 않았을 것으로 보이므로 분식회계와 인과관계도 인정된다.",
            "공소외 1 주식회사가 1996회계연도 재무제표를 분식하고 000에 제출하여 기망하고 000으로부터 50억 원의 신탁대출을 받은 이상 사기죄는 성립한다.",
            "공소외 1 주식회사가 1996, 1997회계연도 재무제표를 분식하고 000에 제출하여 기망하고 000으로부터 제68회 공모사채 원리금 171억 2천만 원에 대한 지급보증을 받은 이상 사기죄는 성립한다.",
            "공소외 11 주식회사가 공소외 4 주식회사에 전표상으로만 대출을 실행한 것이라 하더라도, 공소외 12 주식회사의 대출금이 변제된 것으로 처리되어 공소외 12 주식회사가 채무를 면하고 공소외 12 주식회사 대표이사 공소외 17의 부동산에 대한 가압류 및 연대보증채권까지 해지되었다.",
            "주채무자가 된 공소외 4 주식회사는 자본이 전액 잠식되고 막대한 적자를 기록하는 상황으로 대출금을 변제할 자력이 전혀 없고 보증채무자인 공소외 2 주식회사의 계열사이었으므로 주채무자와 보증채무자가 사실상 동일하게 되어 손해의 가능성이 확대되었다.",
            "피고인 1이 이러한 상황에서 공소외 11 주식회사의 담당자인 공소외 18로부터 경기 양평군 사업부지에 공소외 11 주식회사 명의로 근저당권을 이전하여 달라는 요구를 받고도 이를 묵살하고 채권보전에 필요한 조치를 취하지 아니한 채 공소외 4 주식회사에 대출을 실행하도록 한 것은 공소외 11 주식회사에 대한 업무상배임에 해당한다.",
            "피고인 1, 2에 대한 원심의 양형은 너무 가볍다."
        ],
        "dedatAssrs": [
            "피고인 1은 2003.2.20.(그룹명 생략)그룹빌딩 내에 설치된 예금보험공사 특별조사단 사무실에서 조사를 받도록 부탁한 일이 있을 뿐 조사를 거부한 일이 없다.",
            "공소외 1 주식회사의 1995, 1996회계연도 재무제표와 공소외 2 주식회사의 1995회계연도 재무제표를 작성함에 있어서 금융비용을 재고자산의 취득원가로 계상한 것은 기업의 실질을 제대로 반영하는 것으로서 이를 분식회계로 볼 수 없고 따라서 사기죄의 기망행위가 있었다고 볼 수 없다.",
            "000 등 금융기관에 제출된 공소외 1 주식회사와 공소외 2 주식회사의 1994, 1995회계연도의 비교재무제표를 살펴보면, 공소외 1 주식회사와 공소외 2 주식회사의 부채가 대폭 증가하였음에도 금융비용이 대폭 감소하였다는 사실을 누구나 알 수 있었으므로, 000 등 금융기관에서 위와 같은 분식회계에 의한 기망행위로 착오에 빠졌다고 볼 수 없다.",
            "000의 1996.4.23.자 공소외 1 주식회사 회사채 52억 원 지급보증은 공소외 1 주식회사의 1994회계연도 재무제표를 판단자료로 삼아 결정된 것이지 1995회계연도 재무제표를 판단자료로 삼아 결정된 것이 아니다.",
            "000의 1996.4.23.자 공소외 1 주식회사 회사채 52억 원 지급보증, 1998.6.15.자 공소외 1 주식회사 회사채 52억 원 지급보증 및 동남은행의 1996.11.27.자 공소외 2 주식회사 회사채 66억 5천만 원에 대한 지급보증은 실질적으로 변제기의 연장에 불과한 대환으로서 000이 회사채 원리금 상당의 재산상 손해를 입었다.",
            "공소외 1 주식회사 및 공소외 2 주식회사가 변제기의 연장을 넘는 이익을 취득하였다고 볼 수 없다.",
            "000의 공소외 1 주식회사 회사채에 대한 지급보증 당시 공소외 1 주식회사가 000의 우대 에이(A)군 업체이었으므로 1995회계연도에 당기순손실을 기록한 사실을 000이 알았다고 하더라도 000의 신용평가기준과 내부규정에 의하여 지급보증을 해 주었을 것이다.",
            "000, 000, 000, 000의 공소외 1 주식회사와 공소외 2 주식회사에 대한 각 회사채 지급보증 또는 인수 당시 공소외 1 주식회사와 공소외 2 주식회사가 수도권의 양질의 토지를 보유하고 있고 매출이 증가하던 상황으로 1993, 1994회계연도에 흑자를 기록하였던 점과 공소외 10 주식회사를 계열사로 두고 있었던 점 및 충분한 담보가 있었다.",
            "공소외 1 주식회사와 공소외 2 주식회사가 1995, 1996회계연도에 당기순손실을 기록한 사실을 위 각 금융기관이 알았다 하더라도 공소외 1 주식회사와 공소외 2 주식회사의 회사채를 지급보증하거나 인수하는 것을 거부하지는 않았을 것이다.",
            "분식회계에 의한 기망행위와 회사채 지급보증 등 신용제공 사이에 인과관계가 있다고 할 수 없다.",
            "공소외 2 주식회사 주식의 주당 매도가격 4,518원은 공소외 1 주식회사의 1998.12.1.부터 1998.12.28.까지의 주가를 산술평균한 4530원에서 공소외 2 주식회사 주식이 비상장주식인 점을 감안하여 10여 원을 공제하는 방식으로 결정된 것이다.",
            "1998.12.19.당시 (그룹명 생략)그룹의 계열사인 공소외 2 주식회사와 공소외 10 주식회사, 1 주식회사의 현재 가치와 미래 수익가치 및 최대주주의 지위에 있는 피고인 1이 주식 매각으로 최대주주의 지위를 상실한다는 점 등을 객관적으로 반영한 정당한 가격이다.",
            "피고인 1은 1998.4.30.자 주거래은행인 000과의 재무구조개선약정을 이행하는 차원에서 공소외 2 주식회사의 부채비율을 낮추기 위하여 피고인 1의 공소외 2 주식회사에 대한 채무 원리금을 변제할 목적으로 주식을 매도하게 된 것으로 배임의 범의가 없었다.",
            "피고인 1은 공소외 13 등으로부터 주식매각에 대하여 보고를 받고 수동적으로 응하였을 뿐이므로 공소외 13 등의 배임행위에 편승하여 소극적으로 이익을 취득한 것에 불과하고, 공소외 13 등과 업무상배임의 공모공동정범 관계에 있다고 볼 수 없다.",
            "공소외 3이 1999.4.13.공소외 5로부터 지급받은 25억 7,500만 원 중 공소외 4 주식회사의 0000 사업부지 매매대금으로 지급받은 1억 2,970만 원과 공소외 1 주식회사의 액면 20억 원 약속어음에 대한 할 인금으로 지급받은 12억 4,530만 원을 제외한 나머지 12억 원은 어떠한 명목으로 지급받은 것인지 알 수 없다.",
            "공소외 3이 위 12억 원 중 10억 원을 피고인 1에게 주면서 자신의 사후에 자식들을 위하여 사용해달라고 부탁할 때 피고인 1이 돈의 출처에 대하여 알 수 없었으며, 따라서 그 소유자가 불명확하여 공소외 3과 사이에 위탁신임관계를 확정할 수 없다.",
            "피고인 1에 대하여 업무상횡령죄의 공동정범으로서의 죄책을 물을 수 없다.",
            "피고인 1이 이미 자금을 은닉하여 왔으므로 공소외 14 명의로 0000 부동산을 취득하여 은닉된 재산의 발견을 더욱 곤란하게 하였다 하더라도 불가벌적 사후행위에 해당한다.",
            "피고인 3이 공소외 15 주식회사 대표이사 공소외 16으로부터 1억 2천만 원을 부정하게 지급받은 것은 사실이나, 하도급 공사대금을 부풀리는 방법으로 비자금을 조성한 것은 아니고, 피고인 1이 피고인 3과 공모한 일이 없다.",
            "피고인들에 대한 원심의 양형(피고인 1 : 징역 3년 집행유예 4년, 피고인 2 : 징역 2년 6월 집행유예 3년, 피고인 3 : 징역 1년 집행유예 2년, 피고인 4 : 징역 6월 집행유예 2년)은 너무 무겁다."
        ]
    },
    "facts": {
        "bsisFacts": [
            "(2)항으로서 (2)공소외 1 주식회사의 제20기(1996.1.1.～1996.12.31.)재무제표를 작성함에 있어 결산을 마감한 결과 전년도와 마찬가지로 당기순손실 56억 5,300만 원의 적자가 발생하였다.",
            "이를 기업회계기준에 따라 사실 그대로 회계처리하여 공시할 경우 대외신인도가 크게 하락하여 금융기관으로부터 신규 여신을 받지 못하거나 기존 여신과 회사채의 회수 압박이 가중될 것을 우려한 나머지, 자산을 과대계상하여 당기순이익이 발생하게 하였다.",
            "재무무상황과 경영실적이 양호한 것처럼 허위의 재무제표를 작성, 공시하고 이를 토대로 신용대출, 회사채의 발행 등을 통해 금융기관으로부터 회사의 자금을 조달하여 만기가 도래하는 회사채의 변제와 신규 사업자금 등 회사의 운영자금으로 사용하기로 마음먹었다.",
            "1997.2.경 공소외 1 주식회사 사무실에서 금융비용 107억 9,580만 원을 재고자산으로 과대계상하여 동액 상당의 당기순이익을 증가시켜 마치 당기순이익이 56억 5,300만 원의 흑자를 기록한 것처럼 대차대조표 및 손익계산서 등 재무제표를 허위로 작성하였다.",
            "1997.3.15.경 일간지에 공시한 다음, 1997.8.30.서울 소재 000 사무실에서 피고인 등의 지시를 받은 공소외 1 주식회사 대출담당직원으로 하여금 위 000 대출당자에게 위와 같이 허위로 작성, 공시된 1996년도 회계연도 및 1995년도 회계연도 각 재무제표와 감사보고서를 제출하였다.",
            "이에 속은 000으로부터 신탁대출금 명목으로 50억을 받아 이를 편취하고,를 추가한다.",
            "범죄사실 제2의 나항 끝부분의 취득하고, 다음에 1998.12.31.경 서울 소재 000 사무실에서 같은 방법으로 피해자 000으로부터 공소외 1 주식회사가 발행하는 제68회 공모사채 원리금 171억 2천만 원에 대한 지급보증을 받아 동액 상당의 재산상 이익을 취득하고를 추가한다.",
            "범죄사실 제2항 중 원심판결문 제9쪽 제2, 5행의 각 공소외 1 주식회사를 공소외 2 주식회사로 고친다."
        ]
    },
    "dcss": {
        "courtDcss": [
            "피고인 1, 2가 공소외 1 주식회사와 공소외 2 주식회사의 임직원들과 함께 예금보험공사의 자료제출요구에 불응한 것만으로는 예금자보호법 제41조 제2호 소정의 같은 법 제21조의2 제7항의 규정에 위반하여 조사를 거부, 방해 또는 기피행위에 해당한다고 볼 수 없다.",
            "달리 이를 인정할 증거가 없다는 이유로 이 부분 공소사실에 대하여 무죄를 선고한 원심의 조치는 정당하다고 수긍이 가므로, 검사의 이 부분 주장은 이유 없다.",
            "원심은 예금자보호법이 예금보험공사의 출석요구권과 출석불응에 대한 제재규정을 두고 있지 아니한 점에 비추어 부실관련자에게 출석의무가 있다고 보기 어렵다고 하였다.",
            "피고인 1이 2003.2.20.경 10:00경 (그룹명 생략)그룹빌딩 회장실에서 공소외 1 주식회사와 공소외 2 주식회사 임직원들의 조사에 대한 비협조와 특히 2003.2.19.공소외 1 주식회사 직원들의 위력에 기한 조사업무 방해행위로 인하여 위 회사 임직원들에 대한 조사가 불가능하게 된 상황이었다.",
            "예금보험공사 부실채무기업 특별조사단 조사관 공소외 19로부터 같은 달 24.예금보험공사 내의 부실채무기업 특별조사단 사무실에 출석하여 조사받을 것을 요청받자 요즘 바쁘니 조사를 받지 않겠다 라는 취지로 말하고 정당한 사유 없이 지정된 기일에 출석하지 아니하였다고 사실을 인정하였다.",
            "공소외 1 주식회사 직원들의 위력에 기한 방해행위로 (그룹명 생략)그룹빌딩 내 특별조사단 사무실에서의 조사가 불가능한 상황에서 공소외 19가 피고인 1에 대하여 예금보험공사로의 출석을 요구한 것은 부득이한 조치였다고 보인다.",
            "이에 대하여 피고인 1이 합리적인 이유 없이 조사를 받지 않겠다는 의사를 명확히 밝힌 것은 예금자보호법 제41조 제2호 소정의 조사의 거부 내지 기피에 해당한다고 판단하여 이 부분 공소사실을 유죄로 인정하였다.",
            "원심의 이 부분 판단에는 사실을 오인하거나 법리를 오해하여 판결에 영향을 미친 위법이 있다 할 것이므로, 피고인 1의 이 부분 주장은 이유 있다.",
            "000 등 금융기관에서 공소외 1 주식회사와 공소외 2 주식회사의 회사채 지급보증 등 신용을 제공하기 위한 조사를 함에 있어서 재무제표를 중요한 자료로 사용하였다.",
            "공소 외 1 주식회사와 공소외 2 주식회사에서 당기순손실이 발생한 것을 당기순이익을 실현한 것처럼 분식함으로 인하여 000 등 금융기관의 심사가 크게 영향을 받았으며, 이러한 심사결과에 기초하여 회사채 지급보증 등 신용제공이 이루어진 점을 살펴볼 수 있다.",
            "위와 같은 분식회계는 사기죄의 기망행위에 해당한다고 판단되고, 결국 피고인 1, 2의 이 부분 주장은 이유 없다.",
            "000 등 금융기관은 위와 같은 분식회계에 의한 기망행위로 착오에 빠졌다고 판단되고, 000 등 금융기관에서 공소외 1 주식회사와 공소외 2 주식회사의 1994, 1995회계연도의 비교재무제표를 정밀히 살펴보았다면 재무제표가 분식되었다는 것을 알 수 있었다는 등의 사정은 위와 같이 인정하는데 방해가 되지 아니하므로, 피고인 1, 2의 이 부분 주장도 이유 없다.",
            "원심이 채택, 조사한 증거들에 의하면, 000이 1996.4.23.공소외 1 주식회사 회사채 52억 원 지급보증을 함에 있어서 공소외 1 주식회사로부터 1995회계연도 재무제표를 제출받아 지급보증을 할 것인지 여부를 심사, 결정하는 판단자료로 삼은 사실을 인정할 수 있으므로, 피고인 1의 이 부분 주장 역시 이유 없다.",
            "이 부분 각 회사채 지급보증은 공소외 1 주식회사와 공소외 2 주식회사가 종전의 회사채나 대출금을 상환하기 위한 지급자금의 확보를 위하여 새로이 발행하는 회사채에 대하여 보증한 것으로 보증 전후의 회사채 보유자 등이 다르고 실질적인 자금의 이동이 있어서 이를 단순히 변제기의 연장에 불과한 대환이라고 볼 수는 없다고 판단된다.",
            "피고인 1, 2의 이 부분 주장도 이유 없다.",
            "주식회사와 공소외 2 주식회사의 분식회계에 의한 기망행위와 000 등 금융기관의 회사채 지급보증 등 신용제공 사이에 인과관계가 인정되어 사기죄가 성립한다고 판단된다.",
            "공소외 1 주식회사가 대한보증보험의 우대 에이(A)군 업체이므로 1995회계연도에 당기순손실을 기록한 사실을 000이 알았다고 하더라도 000의 신용평가기준과 내부규정에 의하여 지급보증을 해 주었을 것이라거나 공소외 1 주식회사와 공소외 2 주식회사가 수도권의 양질의 토지를 보유하고 있고 매출이 증가하는 상황이었다.",
            "1993, 1994회계연도에 흑자를 기록하였던 점과 공소외 10 주식회사를 계열사로 두고 있었던 점 및 충분한 담보가 있었다는 등의 사정은 위와 같은 인과관계의 인정 및 사기죄의 성립에 아무런 방해가 되지 아니한다.",
            "피고인 1, 2의 이 부분 주장 또한 이유 없다.",
            "공소외 10 주식회사의 업무집행기관은 의사결정기관인 이사회와 대표, 집행기관인 대표이사라 할 것이고, 위와 같은 실무자들은 보조기관에 불과하다고 보아야 할 것이다.",
            "그들이 공소외 1 주식회사와 공소외 2 주식회사의 재무제표가 분식된 사실을 알지 못하였다고 하더라도 분식회계에 의한 기망행위와 공소외 10 주식회사의 대출 등 신용제공 사이에 인과관계가 인정되고 사기죄가 성립한다고는 볼 수 없다.",
            "공소외 1 주식회사의 분식회계에 의한 기망행위와 000의 신탁대출 및 000의 공모사채에 대한 지급보증 사이에 인과관계를 인정할 수 있어 사기죄가 성립한다고 판단된다.",
            "원심에서 000과 000이 공소외 1 주식회사의 분식회계를 알았더라도 대출과 지급보증을 하였을 것으로 본 근거가 된 신용제공 경위, 담보비율, 심사등급 및 그 변경가능성, 거래관계 등의 제반사정은 위 인과관계의 인정과 사기죄의 성립에 방해가 되지 아니하는 것으로 보인다.",
            "원심의 이 부분 판단에는 사실을 오인하거나 법리를 오해한 위법이 있다고 할 것이므로, 검사의 이 부분 주장은 모두 이유 있다.",
            "위 주식매매 당시 공소외 2 주식회사의 주식 1주의 가치가 4,518원에는 상당히 미치지 못하고 위 주식매매가격은 부당하게 높게 산정된 가격에 해당하는 것으로 판단된다.",
            "피고인 1이 공소외 13 등의 배임행위에 편승하여 소극적인 이익을 취득하는 것을 넘어 그들과 공모하여 이 사건 업무상배임의 범행에 공동 가공하여 범죄를 실현한 것으로 판단되므로 피고인 1의 이 부분 주장은 모두 이유 없다.",
            "피고인 1이 공소외 3 등에게 지시하거나 암묵적으로 용인하는 방법으로 공모하여 이 사건 업무상횡령의 범행에 공동 가공하여 범죄를 실현한 것으로 판단되므로 피고인 1의 이 부분 주장도 이유 없다.",
            "피고인 1의 재산의 발견을 더욱 곤란하게 하거나 소유상태를 더욱 불명하게 했다고 할 것이므로 이는 별개의 강제집행면탈죄를 구성한다고 보아야 할 것이므로, 피고인 1, 3의 이 부분 주장 또한 이유 없다.",
            "피고인 1이 피고인 3에게 지시하거나 적어도 암묵적으로 용인하는 방법으로 공모하여 이 사건 업무상횡령의 범행에 공동 가공하여 범죄를 실현한 것으로 판단되고, 피고인 1, 3의 이 부분 주장도 이유 없다.",
            "피고인 1이 공소외 33, 34 등에게 암묵적으로 지시하거나 또는 마땅히 해야 할 의무를 이행하지 아니하는 방법으로 공모하여 이 사건 업무상배임의 범행에 공동 가공하여 범죄를 실현하였다고 판단되고, 피고인 1의 이 부분 주장 역시 이유 없다."
        ]
    },
    "close": {
        "cnclsns": [
            "피고인 1, 2에 대한 원심판결 중 자료제출거부로 인한 예금자보호법위반의 점과 피해자 대한종합금융 주식회사에 대한 특정경제범죄가중처벌등에관한법률위반(사기)의 점 및 피고인 1에 대한 공소외 4 주식회사에의 대출로 인한 특정경제범죄가중처벌등에관한법률위반(배임)의 점에 관한 각 무죄부분을 제외한 나머지 부분을 모두 파기한다.",
            "피고인 1을 징역 3년에, 피고인 2를 징역 2년 6월에 각 처한다.",
            "피고인 1, 2에 대한 원심판결 선고 전의 구금일수 1일씩을 위 각 형에 산입한다.",
            "다만, 이 판결 확정일부터 피고인 1에 대하여는 4년간, 피고인 2에 대하여는 3년간 위 각 형의 집행을 유예 한다.",
            "피고인 1에게 200시간의 사회봉사를, 피고인 2에게 120시간의 사회봉사를 각 명한다.",
            "피고인 1에 대한 공소사실 중 예금보험공사 조사거부로 인한 예금자보호법위반의 점은 무죄.",
            "피고인 1, 2에 대한 원심판결 중 자료제출거부로 인한 예금자보호법위반의 점과 피해자 대한종합금융 주식 회사에 대한 특정경제범죄가중처벌등에관한법률위반(사기)의 점 및 피고인 1에 대한 공소외 4 주식회사에의 대출로 인한 특정경제범죄가중처벌등에관한법률위반(배임)의 점에 관한 각 무죄부분에 대한 검사의 항소 및 피고인 3, 4의 항소를 모두 기각한다"
        ]
    }
}