{
    "info": {
        "caseField": "2",
        "detailField": "6",
        "trailField": "2",
        "caseNm": "특정경제범죄가중처벌 등에 관한 법률 위반(사기)",
        "courtNm": "서울고법",
        "judmnAdjuDe": "2006. 03. 07.",
        "caseNo": "2005노2822",
        "relateLaword": [
            "형법 제347조 "
        ],
        "qotatPrcdnt": []
    },
    "concerned": {
        "acusr": "자연인,검사",
        "dedat": "자연인,검사"
    },
    "org": {
        "orgJdgmnCourtNm": "수원지법 여주지원",
        "orgJdgmnAdjuDe": "2005. 11. 25. ",
        "orgJdgmnCaseNo": "2005고합32"
    },
    "disposal": {
        "disposalform": "10",
        "disposalcontent": [
            "피고인 및 검사의 항소를 각 기각한다."
        ]
    },
    "mentionedItems": {
        "rqestObjet": [
            "피고인이 피해자로부터 수령한 7억3,000만 원은 피해자와 정상적으로 체결한 동업계약에 기하여 동인에게 0를 납품하여 발생한 물품대금이지 이를 기망행위에 의하여 편취하였다고 볼 수 없음에도 이 사건 공소사실을 유죄로 인정한 원심은 사실을 오인한 잘못이 있다.",
            "피고인이 0가 절전 효과가 있다고 속여 소비자들에게 판매한 행위로 인하여 구속되었다가 구속적부심으로 석방된 직후 또다시 이 사건 범행에 이른 점에 비추어 피고인에 대한 원심의 선고형(징역 2년)은 너무 가벼워서 부당하다."
        ]
    },
    "assrs": {
        "acusrAssrs": [
            "이 사건의 여러 가지 양형 조건, 특히 피고인이 슈퍼에너지수신기가 절전 효과가 있다고 속여 소비자들에게 판매한 행위로 인하여 구속되었다가 구속적부심으로 석방된 직후 또다시 이 사건 범행에 이른 점에 비추어 피고인에 대한 원심의 선고형(징역 2년)은 너무 가벼워서 부당하다."
        ],
        "dedatAssrs": [
            "피고인이 개발한 슈퍼에너지수신기(절전용 전기플러그)는 비록 절전 효과가 과학적으로 완벽하게 검증되지 않았다 하더라도 실험을통하여 절전 효과가 있음이 입증되었고, 정부로부터 기술대상을 수상한 제품이다.",
            "피고인이 피해자로부터 수령한 7억3,000만 원은 피해자와 정상적으로 체결한 동업계약에 기하여 동인에게 슈퍼에너지수신기를 납품하여 발생한 물품대금이지 이를 기망행위에 의하여 편취하였다고 볼 수 없음에도 이 사건 공소사실을 유죄로 인정한 원심은 사실을 오인한 잘못이 있다."
        ]
    },
    "facts": {
        "bsisFacts": [
            "피고인은 0000 (상세 주소 생략)소재 '(연구소 이름 생략)연구소' 소장으로서 과학적으로 절전 효과가 입증되지 않은 절전용 전기플러그인 슈퍼에너지수신기를 판매한 것을 내용으로 한 사기 혐의로 2000.1.20.서울지방경찰청에 구속되었다가 같은 해 2.2.구속적부심으로 석방되었다.",
            "그 후 피고인은 불구속상태에서 같은 혐의로 재판을 받은 결과 서울지방법원에서 2003.6.18.절전 효과가 과학적으로 증명되지 않았고, 특허출원 신청만 하였지 특허를 받은 일이 없음에도, 그 수신기를 설치하면 20% 이상 절전 효과가 생기고, 슈퍼에너지수신기에 대하여 특허를 받은 것처럼 선전하는 등 기망하여 금원을 편취하였다는 범죄사실로 징역 2년을 선고받고(2001고단4388, 5518 사건)항소하였다.",
            "서울중앙지방법원(2003노5358 사건)으로부터 2004.4.14.항소기각의 결정을 고지받아 위 1심판결이 2004.6.8.확정되었다.",
            "피고인은 2000.9.23.피해자와 사이에 피고인이 생산해 오던 슈퍼에너지수신기를 피해자가 대표이사로 있는 (회사 이름 생략)주식회사가 판매·관리하기로 하고, 코스닥등록으로 기본사업자금이 확보될 경우에는 서로 상의하여 전체 생산시설을 갖추고, 계열분리화시 피고인과위 회사의 자본비율은 50 : 50으로 한다는 것을 주요 내용으로 하는 동업계약을 체결하였다.",
            "피고인은 피해자에게 슈퍼에너지수신기의 절전 효과에 대한 근거자료로서, '전력분석 DATA 통계자료의 해석'(수사기록 547 내지552쪽)을 일부분으로서 포함하고 있는 공소외 1 주식회사 작성의 위 슈퍼에너지 전력분석요청 시험결과 보고서를 제시한 사실이 있다.",
            "그 보고서는 피고인이 공소외 1 주식회사에 수신기를 설치하였을 때와 철거하였을 때의 부하설비 전력분석을 요청함에 따라 작성되었다.",
            "공소외 1 주식회사는 1999.12.20.부터 2000.1.20.까지 자체의 시험결과와 한국전기안전공사 대구지사에 의뢰한 시험결과에 관한 데이터 자료만(위 '전력분석 DATA 통계자료의 해석' 부분은 공소외 1 주식회사나 한국전기안전공사 대구지사에서 작성한 자료로 보이지 않는다)을 피고인에게 보내주었다.",
            "피고인은 2000.8월경부터 2001.8월경까지는위 (연구소 이름 생략)연구소에서 생산한 슈퍼에너지수신기를 피해자가 설립한 공소외 2 주식회사에게 납품하는 형식으로 공급하였다.",
            "피해자가 0000 (상세 주소 생략)지상에 신축한 거창공장에서 슈퍼에너지수신기를 직접 생산하여 위 공소외 2 주식회사 본사에 출고한 사실, 공소외 2 주식회사는 수신기총판 및 대리점들로부터 슈퍼에너지수신기를 설치·사용한 결과 실제 아무런 절전 효과가 없다는 이유로 대부분의 수신기에 대하여 반품받았을 뿐만 아니라 손해배상청구소송을당해 패소판결을 받았다.",
            "슈퍼에너지수신기는 각종 신문사 등으로부터 2001년 히트상품으로 선정되었으나, 2002년부터는수신기의 실제 절전 효과가 없는 것으로 나타나자 매출이 급감하였다.",
            "000 0000지사는 2002.3.27.위부하설비 전력분석 시험결과에 대하여 측정시 전압이 일정치 않고, 시간에 따라서는 수신기 설치 후가 더 많은 전력량이 소모되는 것으로 나타난다.",
            "밀전력분석시 설치된 절전기가 현재 홍보되는 절전기와 같은 제품인지 알 수 없는 점 등에 비추어 위시험 결과만으로는 공소외 2 주식회사에서 판매하고 있는 슈퍼에너지수신기의 절전 효과를 판단하기 어렵고, 향후 위 시험 결과를 절전 효과의 근거자료로 홍보하는 일이 없도록 하여 유의하여 달라는 취지의 ‘슈퍼에너지 절약기기에 대한 우리공사 의견알림’ 공문을 공소외 2 주식회사에게 보냈다.",
            "000는 2002.5.6.공소외 2 주식회사에 대하여 슈퍼에너지수신기를 설치하면, 전기료를 30%까지 절감할 수 있는 것으로 소비자를 오인하게 할 우려가 있는 허위·과장 광고행위를 하지 말라는 취지의 의결을 한 사실, 피고인은 1998.6.12.‘생체에너지 증폭제조방법’에 관하여 발명특허원 제37641호로 특허출원을 하였는데, 그 후 심사청구를 하지 않았다."
        ]
    },
    "dcss": {
        "courtDcss": [
            "피고인이 슈퍼에너지수신의 절전 효과를 과대 선전하여 제품을 판매한 사실로 인하여 구속된 적이 있고, 그 형사재판에서 유죄의 확정판결을 받았고, 피고인이 피해자와 동업계약을 체결할 당시 피해자에게 수신기의 절전 효과에 대한 근거로 제시한 자료 중 '전력분석 DATA 통계자료의 해석' 부분은 공소외 1 주식회사에서작성한 것이 아님에도 마치 그 회사에서 작성된 위 슈퍼에너지 전력분석요청 시험결과 보고서 내용 중 일부인 것처럼 피해자에게 보여 주었다.",
            "피고인이 피해자측에 공급한 슈퍼에너지수신기가 소비자들의 실제 사용 결과 및 공정거래위원회, 한국전기안전공사 등 관계 기관의 조사 분석 결과 절전 효과가 없는 것으로 판명되었고, 피고인이 슈퍼에너지수신기의 작동 원리로 주장하는 생체에너지 증폭제조방법에 관하여 특허출원을 하였으면서도 심사청구를 하지 않은 이유에 대하여 심사청구를 하게 되면위와 같은 수신기의 과학적 원리를 공개해야 한다.",
            "그렇게 되면, 다른 사람이 복사하여 모조품을 생산할 수 있기 때문이라고 주장하나, 피고인이 이 사건에서 위 생체에너지 증폭제조방법과 슈퍼에너지수신기가 어떤 관련이 있는지 명확한 설명을 하지못할 뿐만 아니라 피고인이 독창적으로 개발한 수신기에 대하여 오히려 심사청구를 하여 특허를 받는 것이 타인의 권리침해를방지하기 위한 방법이다.",
            "피고인이 활성에너지 발광장치 및 나노활성화에너지 전기효율개선시스템에 대하여는 실용신안등록을해 두었던 것(수사기록 200, 221쪽)과 비교하여 볼 때 피고인이 심사청구를 피한 이유로 들고 있는 사유를 제3자가 납득하기어려운 점 및 이에 더하여, 피고인이 피해자와의 동업계약 후인 2000.10.6.위 생체에너지 증폭제조방법에 대한 특허출원은 그대로 둔 채 그와 별도로 활성에너지 발생장치에 대하여 특허출원 신청 및 심사청구를 동시에 하였다.",
            "2003.11.21.특허거절결정이 내려진 점(수사기록 1107쪽), 피고인이 이 사건에서 슈퍼에너지수신기의 작동 및 절전 효과의 발생 원리에 대하여 구리, 알루미늄, 납, 붕산, 소금, 규사 등 6가지 물질이 액상의 형태로 들어가 있는 절전기에 전기를 통과시키면, 이하 다음과 같다.",
            "즉, 구리는 빛을 산란, 납은 빛을 차단, 알루미늄은 빛을 반사, 붕산은 빛을 흡수, 소금과 규사는 빛을 중화시키는 역할을 하면서 원적외선을 발생시켜 전기파형을 개선시킴으로써 초전도역할을 하므로 에너지가 절감된다고 진술하고 있다.",
            "이를 쉽게 납득하기도 어려울 뿐만 아니라 피고인이 유죄판결을 받은 위 형사재판에서 주장한 수신기의작동 원리와도 전혀 일치하지 않는다(피고인은 그 사건에서도 수신기의 작동 및 절전 효과의 발생 원리에 대하여 진술을 수시로 번복하였다).",
            "위 보고서는 피고인이 동업계약을 체결한 이후 피해자로부터 수신기의 절전 효과에 관한 객관적 자료를 요청받고도 이를 제출하지 않아 피해자 스스로 위 공소외 3에게 실험을 의뢰하여 2001.6.4.작성된 것으로 보인다(원심증인 피해자 공소외 4의 진술).",
            "그 내용을 보더라도 실험결과에 나타난 데이터만을 놓고 보면 수신기에 에너지 절감 효과가 있는 것으로 보이지만, 실험 당시의 기후,전압 등 외부요인을 감안하여 볼 때 보다 완전한 결론을 얻으려면 명확한 조건하에서 여러 주기에 걸친 에너지 절감 여부를 조사하여야 한다는 것이어서 수신기의 절전 원리를 과학적으로 입증하기에 부족하다.",
            "피고인이 2000.6월경 당시 슈퍼에너지수신기의 절전 효과가 과학적으로 증명되지 않았음에도 마치 절전 효과가 탁월한 것으로 입증된 것처럼 위‘전력분석 DATA 통계자료의 해석’을 제시하는 등 슈퍼에너지수신기에 대하여 과대 선전을 하면서 동업을 권유하였다는 피해자 진술에 신빙성이 있다.",
            "그 당시 이 분야에 대하여 문외한이던 피해자가 기망당하여 동업계약을 체결한 후 피고인이 요구하는 운영자금 내지 슈퍼에너지수신기 물품대금(일부는 물품대금 선급금)명목으로 원심판시 범죄일람표 기재와 같이 2000.12.18.경부터 2001.12.31.까지 32회에 걸쳐 합계 7억 3,000만 원을 지급한 것이라는 취지의 피해자 진술에 신빙성이 있다.",
            "동인이 위 각 금원교부 당시 위에서 인정한 여러 사정, 특히 2002년 이후부터 밝혀지기 시작한 바와 같이 슈퍼에너지수신기가 절전 효과가 객관적으로입증되지 않는다.",
            "과학적으로도 설명이 불가능한 원리에 기초하고 있다는 점을 알고 있었더라면 피고인에게 위와 같이 금원을 지급하지 않았을 것임에도 불구하고, 피고인의 적극적 기망행위로 인하여 착오에 빠져 금원을 교부한 사실을 충분히 인정할 수있다.",
            "피고인의 항소이유에 관한 위 주장은 이유 없다.",
            "피고인이 피해자를 기망하여 거액의 돈을 편취하고도, 피해자와 합의하지 않는 등 피해회복이 이루어지지 않은 점은 있으나, 피해자도 좀더 세심하게 수신기의 작동 원리와 특허출원 내용 등을 확인하는 등 주의를 기울였더라면 피고인의 과대 선전에 속지않았을 것으로 보인다.",
            "피해자도 피고인과 동업자로서 슈퍼에너지수신기의 절전 효과가 없음이 판명되기 전까지는 위 수신기의 판매로 인한 이익을 피고인과 나눠 가진 것으로 볼 수 있는 점 등을 비롯한 이 사건에 나타난 여러 가지 양형 조건을 참작할 때 피고인에 대한 원심의 형은 너무 가벼워 부당하다고 볼 수 없고, 적정하다고 보이므로 검사의 위 주장은 이유 없다."
        ]
    },
    "close": {
        "cnclsns": [
            "피고인 및 검사의 항소를 각 기각한다."
        ]
    }
}