{
    "info": {
        "caseField": "2",
        "detailField": "6",
        "trailField": "1",
        "caseNm": "특정경제범죄가중처벌등에관한법률위반(사기), 유사수신행위의규제에관한법률위반, 방문판매등에관한법률위반",
        "courtNm": "서울동부지방법원",
        "judmnAdjuDe": "2006. 06. 19.",
        "caseNo": "2005고합216",
        "relateLaword": [
            "방문판매 등에 관한 법률 제53조",
            "방문판매 등에 관한 법률 제22조",
            "방문판매 등에 관한 법률 제57조",
            "유사수신행위의 규제에 관한 법률 제6조",
            "유사수신행위의 규제에 관한 법률 제3조",
            "유사수신행위의 규제에 관한 법률 제2조",
            "형법 제30조",
            "유사수신행위의 규제에 관한 법률 제7조",
            "특정경제범죄 가중처벌 등에 관한 법률 제3조 ",
            "형법 제351조",
            "형법 제347조",
            "형법 제37조",
            "형법 제38조",
            "형법 제50조",
            "형법 제57조",
            "형사소송법 제334조",
            "방문판매 등에 관한 법률 시행령 제28조"
        ],
        "qotatPrcdnt": [
            "대법원 2006. 3. 9. 선고 2003도2433 판결 ",
            "대법원 1986. 6. 10. 선고 86도778 판결",
            "대법원 1995. 7. 11. 선고 95도955 판결",
            "대법원 2000. 11. 10. 선고 2000도3483 판결",
            "대법원 2003. 1. 24. 선고 2002도6427 판결",
            "대법원 2001. 12. 24. 선고 2001도205 판결",
            "대법원 2002. 10. 11. 선고 2002도2939 판결"
        ]
    },
    "concerned": {
        "acusr": "4",
        "dedat": "1"
    },
    "org": {
        "orgJdgmnCourtNm": "",
        "orgJdgmnAdjuDe": "",
        "orgJdgmnCaseNo": ""
    },
    "disposal": {
        "disposalform": "6",
        "disposalcontent": [
            "피고인 1을 징역 10년에 처한다,",
            ".피고인 2를 징역 7년에 처한다.",
            " 피고인 3 주식회사를 벌금 30,000,000원에 처한다.",
            "이 판결 선고 전의 구금일수 57일을 피고인 1에 대한, 39일을 피고인 2에 대한 위 각 형에 산입한다",
            "피고인 3 주식회사에 대하여 위 벌금 상당액의 가납을 명한다."
        ]
    },
    "mentionedItems": {
        "rqestObjet": [
            "피고인 1을 징역 10년에 처한다,",
            ".피고인 2를 징역 7년에 처한다.",
            " 피고인 3 주식회사를 벌금 30,000,000원에 처한다.",
            "이 판결 선고 전의 구금일수 57일을 피고인 1에 대한, 39일을 피고인 2에 대한 위 각 형에 산입한다",
            "피고인 3 주식회사에 대하여 위 벌금 상당액의 가납을 명한다."
        ]
    },
    "assrs": {
        "acusrAssrs": [],
        "dedatAssrs": [
            "방판법 제22조 제1항에서 위임한 등록 또는 자격유지의 조건으로서 그 이상의 부담이 금지되는 수준에 관하여 방판법시행령 제28조에서 유리한 후원수당의 지급기준을 적용받기 위한 조건으로 재화 등을 구매하도록 본인에게 부과하는 부담으로서 연간 5만 원을 규정한 것은 법률의 위임의 범위를 일탈한 것이므로 무효이다.",
            "이처럼 법률에 근거하지 아니한 방판법시행령에 따라 처벌하는 것은 죄형법정주의에 위반된다.",
            "피고인 3 주식회사가 판매원들한테서 받은 돈은 정상적인 상품 거래의 대금으로 받은 것이므로, 출자금을 수입한 것이 아니다.",
            "피고인 3 주식회사는 판매원들에게 상품을 배송하고 판매원들 또한 상품을 직접 사용하거나 판매하는 등 실질적인 상품 거래가 있었고, 상품의 종류도 다양하였으며, 그 가격 및 품질 또한 시중에 비하여 우수하다.",
            "이 부분 공소사실의 기재는 피해자와 피해자별 피해금액을 알 수 없는 등 공소사실 불특정으로 인하여 피고인들은 방어권 행사에 불이익을 입었다.",
            "위와 같이 피고인 3 주식회사는 투자원금을 초과하는 수당을 지급하겠다고 약속한 사실이 없고, 일정 금액 이상을 또는 매출의 몇 퍼센트 이상을 계열회사에 투자한다고 설명하거나 계열회사의 수익금으로 수당을 지급할 것이라고 설명한 적 없다.",
            "일부 몇몇 사업자들이 매출을 올리기 위한 욕심으로 회사의 방침과 다른 설명을 하였다고 하더라도 이는 피고인들과는 무관한 행위이다.",
            "피해자들 전부에 대하여 피고인들의 기망행위가 있었다거나 피해자들에 대한 매출과의 인과관계가 있다고 볼 수 없으므로, 적어도 기망행위 및 인과관계에 대한 구체적인 진술이 없는 피해자들에 관하여는 그 증명이 없어 무죄이다.",
            "피고인들은 각 사기죄의 전과가 없어 일부 사기 혐의가 인정된다 하더라도 이와 같은 범행사실만으로는 그 범행이 사기의 습벽에서 비롯된 것이라고 볼 수 없다.",
            "피고인 2는 2002.11.경 피고인 3 주식회사를 설립하여 4개월간 대표이사의 지위에 있었으나 그 후 바로 피고인 1에게 양도하였다.",
            "그 기간 동안 피고인 3 주식회사는 서류상의 회사였을 뿐이며, 2003.11.경부터 SR 마케팅을 시작하였으므로, 피고인 2가 1번 사업자라고 하더라도 단순한 사업자일 뿐으로서 피고인 3 주식회사의 영업에 관하여 어떠한 발언권이나 의사결정권을 가지고 있지 않았다.",
            "다단계판매원은 회사와 법률상, 실제상 구분되는 독립사업자이므로, 이 사건 각 공소사실에 피고인 1에 대하여 유죄가 인정된다고 하더라도 피고인 2는 공모나 가담을 하지 않았다.",
            "이 사건 공소사실 중 방문판매 등에 관한 법률 위반의 점, 유사수신행위의 규제에 관한 법률 위반의 점, 특정경제범죄 가중처벌 등에 관한 법률 위반(사기)의 점은 각 상상적 경합의 관계에 있다."
        ]
    },
    "facts": {
        "bsisFacts": [
            "피고인 1은 0000 00000 국제선2청사 소재 다단계판매업체인 피고인 3 주식회사의 창립자 겸 대표이사, 같은 피고인 2는 위 업체의 창립자 겸 최상위 다단계판매원인 속칭 1번사업자, 같은 피고인 3 주식회사는 같은 피고인 1, 2가 다단계판매를 업으로 하기 위하여 화장품 및 건강식품 도·소매업 등을 그 목적으로 하여 설립한 법인이다.",
            "피고인 1, 2는 다단계판매업자는 다단계판매원의 등록 또는 자격유지의 조건으로 연간 5만 원 이상의 부담을 지우는 행위를 하여서는 아니됨에도 불구하고,단기간에 엄청난 돈을 벌 수 있다고 현혹하여 다단계판매원 등록 또는 자격유지를 하고자 하는 자로부터 물품구입비 명목으로 금원을 교부받아 부당이득을 취득하기로 결의하고, 공모하였다.",
            "피고인 1, 2는 2004.5.초순경부터 2005.2.25.경까지 위 업체 본사 및 전국 1개 지사, 36개 센터에서 공소외 8 등을 현혹시켜 위 공소외 8 등 위 업체의 다단계판매원 등록 또는 자격유지를 하려는 자들로부터 다단계판매원 등록조건부 물품구입비 명목으로 1인당 44만 원, 115만 원, 230만 원 상당을 각 교부받아 다단계판매원 등록 또는 자격유지의 조건으로 부담을 지게 하였다.",
            "피고인 3 주식회사는, 피고인 회사의 대표자인 피고인 1 등이 가.항 기재 일시 장소에서 가.항과 같은 방법으로 위 공소외 8 등 피고인 회사의 다단계판매원 등록 또는 자격유지를 하려는 자들로부터 다단계판매원 등록조건부 물품구입비 명목으로 1인당 44만 원, 115만 원, 230만 원 상당을 각 교부받아 다단계판매원 등록 또는 자격유지의 조건으로 부담을 지게 하였다.",
            "피고인 회사의 업무에 관하여 부담부과 금지의무 위반행위를 하였다.",
            "누구든지 당국의 인가·허가 등을 받지 아니하고 장래에 출자금의 전액 또는 이를 초과하는 금액을 지급할 것을 약정하고 불특정다수인으로부터 출자금을 수입하는 유사수신행위를 하여서는 아니된다.",
            "피고인 1, 2는 공모하여, 당국의 인가·허가 등을 받지 아니하고, 2004.5.1.경부터 2004.9.30.경까지 0000 00000 국제선2청사 소재 피고인 3 주식회사 본사 및 전국 1개 지사, 36개 센터에서 불특정다수인을 상대로 건강보조식품 등 회사 구입가가 판매가에서 부여되는 에스브이를 뺀 금액 보다 적은 판매가의 약 20%에 미치지 못하는 저가의 물품을 제공하면서 일정 금액 이상의 물품을 구입하고 판매원이 되었다.",
            "피고인 3 주식회사는, 피고인 회사의 대표자인 피고인 1 등이 당국의 인가·허가 등을 받지 아니하고, 위 가.항 기재 일시 장소에서 가.항 기재와 같은 방법으로 공소외 8 등으로부터 물품구입을 가장한 투자금 명목으로 총 40,165회에 걸쳐 합계금 18,881,415,592원을 수입하여 유사수신행위를 함으로써 피고인 회사의 업무에 관하여 유사수신행위 금지의무 위반행위를 하였다.",
            "피고인 1, 같은 피고인 2는 공모하여 사실은 위 업체의 판매원인 피해자들로부터 1단위(비즈)를 속칭 30만 에스브이(평균 41만 원)으로 하였다.",
            "그로 인하여 발생하는 수익금으로 피해자들에게 위와 같은 투자원금을 초과하는 고액의 수당을 돌려줄 수 있는 것처럼 피해자들을 속여 피해자들로부터 물품구입을 가장한 투자금 명목으로 금원을 편취하기로 결의하였다.",
            "상습으로, 피해자 공소외 8로부터 물품구입을 가장한 투자금 명목으로 금 9,721,500원을 교부받는 등 같은 방으로 별지 범죄일람표 기재와 같이 위 업체의 피해자 총 19,274명으로부터 합계금 225,165,649,651원을 교부받아 이를 편취하였다."
        ]
    },
    "dcss": {
        "courtDcss": [
            "변호인들 주장과 같이 '신규회원'이 판매원 활동을 수행하고, '판매실적수당'을 지급받는다고 하더라도, 판매실적수당은 결국 자신의 상품구입가격의 일부(5%)를 돌려주는데 불과하여 이는 회원가 또는 할인가로 구입할 자격이 주어지는데 불과하여, 이러한 '신규회원'을 위 법이 규정한 다단계판매원이라고 볼 수는 없다.",
            "결국 하위판매원들의 판매실적을 기준으로 한 후원수당을 지급받을 수 있는 일반회원, 우수회원, 최우수회원만이 피고인 3 주식회사의 다단계 판매원이라고 할 수 있다.",
            "(공소장변경에 관한 검사의 진술취지에 따르면 공소사실에 이와 같이 세 종류의 회원이 적시된 것은 각 회원 등급이 승급되는 데에 대한 부담행위를 기소한 것이 아니고, 단지 처음 가입하면서 납입하는 물품액의 차이에 따라 부여되는 세 가지 종류의 회원등급을 모두 적시한 것에 불과함이 명백하다.)",
            "위 시행령에서 법률의 위임을 받아 '등록 또는 자격유지의 조건'으로서의 부담의 한도를 정한 것은 이와 관계없이 여전히 유효한 규정이라고 봄이 상당하므로 위 규정에 의하여 피고인들에게 유죄를 인정하는 것이 위임입법의 한계를 일탈한 것이라거나 죄형법정주의에 위반한 것이라고 볼 수도 없다.",
            "비록 이 사건 거래는 상품의 거래가 매개되었고 일부 상품을 실제로 판매원들이 수령하였다고 하더라도, 그 거래로 인하여 실질적으로 판매원들이 취득하려고 한 것은 마치 예금을 하고 계좌를 받듯이 상품 자체가 아니라 상품 값을 빼고도 납입한 원금 이상의 수당 지급이 보장되는 SV라고 봄이 상당하다.",
            "결국 이는 상품의 거래를 가장하거나 빙자한 것이어서 실제로는 상품의 거래 없이 금원의 수입만 있는 것으로 볼 수 있는 경우에 해당한다고 판단된다.",
            "(더욱이 검사의 공소장변경을 통하여 회원판매가에 비하여 매입단가가 높고 그 부여된 SV가 상대적으로 낮아 결과적으로 당해 물품만의 매입으로 10비즈(BIZ)를 달성하더라도 원금보장이 될 수 없는 일부 물품들의 판매 내역은 공소사실에서 제외되었다.)",
            "공소범죄의 성격에 비추어 어느 정도 그 개괄적 표시가 부득이한 이 사건에서 검사가 공소장변경을 통하여 변호인들의 주장과는 달리 사기범행의 피해자 별 피해금액을 각 특정하여 적시한 이상 공소사실이 특정되지 않았다고 볼 수는 없다.",
            "후순위 매출에 대하여는 지급이 불가능하다는 것을 알면서도 판시 사실과 같이 마치 수당을 지급받는데 아무런 문제가 없는 것처럼 판매원들을 기망하여 이에 속은 피해자들로부터 납입금을 편취하였음을 넉넉히 인정할 수 있다.",
            "피고인 1, 2에게 이 사건 범행 이전에 사기의 전과가 없었다 하더라도 이 사건 범행 당시 위 피고인들에게는 반복하여 사기행위를 하는 습벽이 있었다고 봄이 상당하다.",
            "피고인 2는 단순한 1번 사업자가 아닌 피고인 1과 역할분담을 통하여 판시사실 전체를 공모하였거나 적어도 암묵적으로 상통하여 상호 공동 가공하여 그 범죄를 실현하려는 의사가 있었음을 넉넉히 인정할 수 있다.",
            "판시사실 중 방문판매 등에 관한 법률 위반죄와 유사수신행위의 규제에 관한 법률 위반죄, 특정경제범죄 가중처벌 등에 관한 법률위반(사기)죄는 각 그 구성요건과 보호법익을 달리할 뿐 아니라, 이 사건 각 죄의 판시사실 자체의 범죄 일시나 행위 태양도 서로 일치하지 않다.",
            "위 각 죄는 법률상 1개의 행위로 평가되는 경우에 해당하지 않는다 할 것이어서, 위 각 죄는 상상적 경합관계가 아닌 실체적 경합관계로 봄이 상당하여(대법원2003.1.24.선고 2002도6427 판결, 2001.12.24.선고 2001도205 판결 등 참조), 변호인들의 위 주장도 받아들이지 아니한다."
        ]
    },
    "close": {
        "cnclsns": [
            "피고인 1을 징역 10년에, 피고인 2를 징역 7년에, 피고인 3 주식회사를 벌금 30,000,000원에 각 처한다.",
            "이 판결 선고 전의 구금일수 57일을 피고인 1에 대한, 39일을 피고인 2에 대한 위 각 형에 산입한다.",
            "피고인 3 주식회사에 대하여 위 벌금 상당액의 가납을 명한다."
        ]
    }
}