{
    "info": {
        "caseField": "2",
        "detailField": "6",
        "trailField": "2",
        "caseNm": "의료법위반",
        "courtNm": "의정부지법",
        "judmnAdjuDe": "2005. 07. 14.",
        "caseNo": "2005노704",
        "relateLaword": [
            "의료법 제3조",
            "의료법시행령 제15조의4",
            "의료법 제2조, 제25조",
            "의료법 제34조",
            "의료법 제69조",
            "의료법 제25조",
            "의료법 제58조",
            "의료법 제66조",
            "의료법 제70조"
        ],
        "qotatPrcdnt": []
    },
    "concerned": {
        "acusr": "4",
        "dedat": "1"
    },
    "org": {
        "orgJdgmnCourtNm": "의정부지법",
        "orgJdgmnAdjuDe": "2005. 4. 15",
        "orgJdgmnCaseNo": "2004고정2602"
    },
    "disposal": {
        "disposalform": "10",
        "disposalcontent": [
            "원심판결을 파기한다.",
            "피고인을 벌금 1,000,000원에 처한다.",
            "피고인이 위 벌금을 납입하지 아니하는 경우 50,000원을 1일로 환산한 기간 피고인을 노역장에 유치한다.",
            "이 사건 공소사실 중 당직의료인을 두지 않은 점으로 인한 의료법위반의 점은 무죄이다."
        ]
    },
    "mentionedItems": {
        "rqestObjet": [
            "피고인에 대한 원심의 형(벌금 200만 원)이 너무 무거워 부당하다."
        ]
    },
    "assrs": {
        "acusrAssrs": [],
        "dedatAssrs": [
            "피고인이 운영하는 양주시 (이하 주소 생략)소재 (상호 생략)의원은 의료법 소정의 '의원'인 의료기관으로서 의료법상 당직의료인을 반드시 두어야 하는 것은 아니고, 피고인의 직원이던 공소외 1은 간호조무사양성학원의 학생으로서 실습교육과정으로 환자들에게 주사를 놓은 것이어서 의료법상 무면허 의료행위에 해당하지 아니한다.",
            "그럼에도 불구하고 이 사건 공소사실을 모두 유죄로 인정한 원심판결에는 사실오인 내지 법리오해로 판결 결과에 영향을 미친 위법이 있다.",
            "피고인에 대한 원심의 형(벌금 200만 원)이 너무 무거워 부당하다.",
            "피고인은, 공소외 1이 (상호 생략)의원에서 접수담당 직원으로 근무하면서 2003.3.10.경 의정부간호조무사학원에 등록하여소정의 교육과정을 이수하던 중 병원실습기간인 2003.7.부터 같은 해 10.사이에 실습교육과정으로 환자들에게 주사를 놓은 것이라고 주장한다."
        ]
    },
    "facts": {
        "bsisFacts": [
            "피고인은 (상호 생략)의원을 운영하는 자인바, 2003.9.8.23:30경 (상호 생략)의원에 복부 등 통증을 호소하며 요로 결석이의심되어 입원한 공소외 2, 교통사고로 입원한 공소외 3 외 5명이 입원해 있었으므로, 위 의원의 원장인 피고인으로서 위 입원환자의 진료에 필요한 당직의료인을 두어야 함에도 당직의료인 없이 위 의원을 운영하였다."
        ]
    },
    "dcss": {
        "courtDcss": [
            "의료법제3조 (의료기관)① 이 법에서 '의료기관'이라 함은 의료인이 공중 또는 특정다수인을 위하여 의료·조산의 업(이하 '의료업'이라 한다)을 행하는곳을 말한다.② 의료기관의 종별은 종합병원·병원·치과병원·한방병원·요양병원·의원·치과의원·한의원 및 조산원으로 나눈다.",
            "③ '종합병원'이라 함은 의사 및 치과의사가 의료를 행하는 곳으로서, 다음 각 호의 요건을 갖추고 주로 입원환자에 대하여 의료를 행할 목적으로 개설하는 의료기관을 말한다.",
            "의료법은 의료기관의 종별을 종합병원, 병원, 치과병원, 한방병원, 요양병원, 의원, 치과의원, 한의원 및 조산원으로 구분하고(제3조 제2항), 의료기관의 종별에 따라 환자수용시설의 규모, 진료과목 및 전문의 수를 달리 규정하여 의료기관 중 병원과 의원을 명확히 구분하고 있는 한편, 의료법 제34조와 동법시행령 제15조의4 규정에 의하면 당직의료인을 두어야 하는 의료기관을각종 병원으로만 규정하고 있다.",
            "의료법상 종합병원, 병원, 치과병원, 한방병원 등은 입원환자 30인 이상을 수용할 수 있는시설을 갖추고 입원환자에 대하여 의료를 행할 목적으로 개설되는 의료기관이고, 의원은 주로 외래환자에 대하여 진료를 행할목적으로 개설되는 의료기관이기 때문에 각종 병원의 경우에는 당직의료인의 근무가 법적으로 강제될 필요가 있다.",
            "그러나 의원의 경우에는 법적으로 강제될 필요성이 없다고 보이는 점 등에 비추어 보면, 의료법상 당직의료인이 필요적으로 요구되는 것은 의료법 제3조 소정의 '각종 병원'인 의료기관에 국한되고, '의원'인 의료기관은 비록 입원환자 30인 미만을 수용하는 시설을 갖추고입원환자에 대한 진료를 하는 경우라도 제외된다고 봄이 상당하다고 할 것이다.",
            "이 사건의 경우 원심이 적법한 증거조사를 거쳐 채택한 증거들에 의하면, 피고인은 1977년 의사면허를, 1982년 흉부외과 전문의 자격증을 각 취득한 전문의로서 2003.1.3.입원환자 23인을 수용하는 시설을 갖춘 (상호 생략)의원을 개설하여 의료업을 하여 온 사실을 인정할 수 있다.",
            "위 인정 사실에 의하면 피고인 운영의 (상호 생략)의원은 의료법상 '의원'인 의료기관으로서 당직의료인을 필요적으로 두어야 하는 의료기관에 해당한다고 할 수 없으므로, 피고인이 당직의료인 없이 (상호 생략)의원을운영하였다고 하더라도 의료법 제34조 규정을 위반하였다고 볼 수 없다.",
            "그렇다면 피고인이 당직의료인을 두지 아니하고 (상호 생략)의원을 운영하였다는 이유로 유죄를 선고한 원심판결은 사실을오인하거나 의료법에 관한 법리를 오해하여 판결에 영향을 미친 위법을 범하였다고 할 것이니, 이 점을 지적하는 피고인의 항소는 이유 있다.",
            "관련 의료법 규정에 비추어 보면 간호조무사양성학원에 등록하여 교육중에 있는 학생의 경우에도 전공분야와 관련되는 실습을 위하여 지도교수 등의 지도·감독을 받아 하는 의료행위는 의료법상 허용된다고 할 것이다.",
            "과연 공소외 1의 주사행위가 피고인의 변소 내용과 같이 위 경우에 해당하여 의료법상 무면허 의료행위에 해당하지 아니하는지에 관하여 살펴본다.",
            "이 사건 기록에 의하면, 공소외 1이 2003.3.10.경 의정부간호조무사학원에 등록하여 2004.3.13.위 학원을 수료하였고, 같은 해 5.12.간호조무사자격을 취득하였다.",
            "위 학원의 교육과정에 의하면 2003.7.부터 같은 해 10.까지 위 학원생들의 병원실습기간인 사실은 인정되나, 원심이 적법한 증거조사를 거쳐 채택한 증거들에 의하면, 공소외 1은 2003.1.3.부터 같은해 9.18.까지 (상호 생략)의원에 접수담당 직원으로 채용되어 근무하면서 매월 70만 원의 급여를 지급받았다.",
            "공소외1은 위 근무기간 동안 간호조무사 자격이 없으면서도 (상호 생략)의원의 간호조무사 공소외 4가 바쁠 경우 피고인의 지시 또는 묵인 아래 위 병원의 환자 공소외 3 외 4명에게 제스타 엉덩이 주사를 놓았던 사실을 인정할 수 있다.",
            "위 인정 사실에 나타난 공소외 1이 (상호 생략)의원에서 근무한 시점과 직책, 공소외 1이 위 학원을 등록하여 수료한 시점, 주사를 놓게 된 경위 등에 비추어보면 공소외 1의 주사행위는 의료법상 간호조무사양성학원에 등록하여 교육중에 있는 학생이 전공분야와 관련되는 실습을 위하여 지도교수 등의 지도·감독을 받아 하는 의료행위에 해당한다고 볼 수 없고 의료법 소정의 무면허 의료행위에 해당한다고 할 것이다.",
            "공소외 1이 피고인의 직원으로서 피고인의 업무에 관하여 무면허의료행위를 한 이상 고용주인 피고인도 의료법 제70조, 제66조 제3호, 제25조 제1항에 의해 의료법위반죄가 성립된다고 할 것이어서 피고인의 위 주장은 이유 없다.",
            "앞서 살펴본 바와 같이 이 사건 공소사실 중 당직의료인을 두지 않은 점으로 인한 의료법위반부분은 범죄로 되지 아니하거나 범죄사실의 증명이 없는 경우에 해당하여 무죄라 할 것이고, 위 부분이 무죄인 이상 이와 형법 제37조 전단의 경합범으로 처단되어 한개의 형이 선고된 무면허 의료행위로 인한 의료법ㅠ위반부분도 더 이상 유지될 수 없게 되었다."
        ]
    },
    "close": {
        "cnclsns": [
            "원심판결을 파기한다.",
            "피고인을 벌금 1,000,000원에 처한다.",
            "피고인이 위 벌금을 납입하지 아니하는 경우 50,000원을 1일로 환산한 기간 피고인을 노역장에 유치한다.",
            "이 사건 공소사실 중 당직의료인을 두지 않은 점으로 인한 의료법위반의 점은 무죄."
        ]
    }
}