{
    "info": {
        "caseField": "2",
        "detailField": "6",
        "trailField": "2",
        "caseNm": "폭행치사",
        "courtNm": "서울고법",
        "judmnAdjuDe": "2006. 05. 26.",
        "caseNo": "2005노1861",
        "relateLaword": [
            "형법 제17조",
            "형법 제262조",
            "형법 제260조",
            "형사소송법 제327조",
            "형사소송법 제366조"
        ],
        "qotatPrcdnt": []
    },
    "concerned": {
        "acusr": "4",
        "dedat": "1"
    },
    "org": {
        "orgJdgmnCourtNm": "수원지법 성남지원",
        "orgJdgmnAdjuDe": "2005. 8. 10.",
        "orgJdgmnCaseNo": "2005고합111"
    },
    "disposal": {
        "disposalform": "10",
        "disposalcontent": [
            "원심판결을 파기하고 사건을 수원지방법원 성남지원에 환송한다."
        ]
    },
    "mentionedItems": {
        "rqestObjet": [
            "원심은 신빙성이 없는 피고인의 진술에 근거하여 피고인의 폭행과 피해자의 사망 사이의 인과관계를 인정하기에 부족하고, 가사 그렇지 않다고 하더라도 피고인의 폭행 당시 피해자의 사망이라는 결과를 예견할 수도 있었다고 보기 어렵다고 판단한 데에 사실을 오인하거나 폭행치사죄의 예견가능성에 관한 법리를 오해함으로써 판결에 영향을 미친 위법이 있다.",
            "원심은, 피해자의 동생이 유족을 대표하여 피고인의 처벌을 원하지 않는다는 의사를 표시하였다는 이유로 폭행죄에 대한 공소를 기각함으로써, 반의사불벌죄에 있어서 처벌불원 의사에 관한 법리를 오해하여 판결에 영향을 미친 위법을 범하였다."
        ]
    },
    "assrs": {
        "acusrAssrs": [
            "피해자에 대한 검시결과 피해자의 우측 아랫입술 부위에 열상이 있고, 부검결과 피해자의 좌측 위팔, 아래팔 등 곳곳에 멍이 있으며 피해자의 후두부 부종과 관련하여 사망 3~4일 전에 외력에 의하여 혈종이 발생하고 그것이 커지면서 사망에 이를 가능성이 있다는 것이다.",
            "피고인이 피해자를 폭행하여 벽에 머리를 부딪치게 함으로써 피해자가 사망에 이른 것이어서 피고인의 폭행과 피해자의 사망 사이의 인과관계를 인정할 수 있다.",
            "시멘트 벽에 머리를 부딪칠 경우 그 충격으로 사람이 사망할 수 있음은 경험칙상 예견가능한 것임에도 불구하고, 원심은 신빙성이 없는 피고인의 진술에 근거하여 피고인의 폭행과 피해자의 사망 사이의 인과관계를 인정하기에 부족하다.",
            "가사 그렇지 않다고 하더라도 피고인의 폭행 당시 피해자의 사망이라는 결과를 예견할 수도 있었다고 보기 어렵다고 판단한 데에 사실을 오인하거나 폭행치사죄의 예견가능성에 관한 법리를 오해함으로써 판결에 영향을 미친 위법이 있다.",
            "가사 피고인의 폭행과 피해자의 사망 사이에 인과관계가 인정되기 어렵다고 하더라도, 폭행죄에 있어서 피해자가 아무런 의사표시를 하지 않고 사망한 경우 그 의사표시에 관한 권한이 유족에게 승계되는 것은 아니므로 피해자가 사망한 후 유족이 피고인의 처벌을 원치 않는다 하더라도 공소기각 판결을 할 수는 없는 것이다.",
            "원심은, 피해자의 동생이 유족을 대표하여 피고인의 처벌을 원하지 않는다는 의사를 표시하였다는 이유로 폭행죄에 대한 공소를 기각함으로써, 반의사불벌죄에 있어서 처벌불원 의사에 관한 법리를 오해하여 판결에 영향을 미친 위법을 범하였다."
        ],
        "dedatAssrs": []
    },
    "facts": {
        "bsisFacts": [
            "피고인은 2005.1.중순경 주점 종업원으로 일하던 피해자 공소외 1(여, 46세)를 만나 여관 등에서 동거생활을 계속하였다.",
            "2005.5.28.경부터는 0000 (상세 주소 생략)소재(상호 생략)여인숙 203호실에 장기 투숙하여 동거하던 중 2005.6.9.새벽 시간 불상경 위 여인숙 203호실에서 피해자가 장난삼아 발로 피고인을 찬다는 이유로 손바닥으로 피해자의 뺨을 1회 세게 때려 그 충격으로 피해자로 하여금 뒤로 밀리면서 벽에 머리를 부딪치게 하였다.",
            "2005.6.11.22:00경 같은 장소에서 피해자가 평소 술을 많이 마시고 일도 하지 않으려 하여 피해자의 동생에게 피해자를 데려가라고 하고 그만 헤어지자고 하였다.",
            "피해자가 술에 취하여 헤어지기 싫다고 하며 말을 듣지 않는다는 이유로 그녀의 멱살을 잡고 손바닥으로 뺨을 1회 때리고 방바닥에 앉아 있는 피해자의 머리를 밀쳐 벽에 부딪치게 하였다.피해자로 하여금 뇌경막하출혈로 현장에서 사망에 이르게 하였다는 것이다."
        ]
    },
    "dcss": {
        "courtDcss": [
            "원심이 공소사실 기재와 같이 피고인이 폭행을 가하여 피해자로 하여금 사망에 이르게 하였다고 보기 어렵고 달리 이를 인정할 증거가 없다는 이유로 이 사건 폭행치사의 공소사실에 대하여 무죄로 판단한 조치는 정당한 것으로 수긍이 간다.",
            "거기에 사실을 오인하거나 폭행치사죄에 있어서의 인과관계 및 예견가능성에 관한 법리를 오해하여 판결에 영향을 미친 위법이 있다고 할 수 없으므로, 검사의 이 부분 항소논지는 이유 없다.",
            "그러나 피해자의 동생인 공소외 3이 이 사건 공소제기 후 유족들을 대표하여 피고인과 합의를 하고 나아가 원심 법정에 출석하여 피고인의 처벌을 원하지 않는 의사를 표시하였다는 이유로 폭행죄의 공소사실에 대하여 공소를 기각한 원심의 조치는 다음과 같은 이유로 수긍하기 어렵다.",
            "폭행죄는 형법 제260조 제1항에 해당하는 죄로서 같은 조 제3항에 의하여 피해자의 명시한 의사에 반하여 논할 수 없는 반의사불벌죄이어서 피해자의 명시한 의사표시를 해제조건으로 공소를 제기하고 심판을 할 수 있는 것임은 원심판결이 설시한 바와 같다.",
            "반의사불벌죄에 있어서 피해자가 피고인의 처벌에 관한 아무런 의사표시를 하지 않고 사망한 경우에 그 의사표시에 관한 권한이 배우자 등 유족에게 승계되는 것은 아니라 할 것이다.",
            "피해자는 피고인으로부터 폭행당한 것에 대하여 피고인의 처벌을 원하는지에 관한 아무런 의사를 표시하지 못하고 사망한 사실은 기록상 분명하다.",
            "비록 앞서 본 바와 같이 이 사건 공소제기 후 피해자의 동생인 공소외 3이 유족대표로서 피고인과 합의를 하고 나아가 원심 법정에서 피고인의 처벌을 원하지 않는 의사표시를 하였다 하여 원심이 이 사건 폭행죄에 대하여 공소기각의 판결을 한 것은 폭행죄와 공소기각 판결에 관한 법리를 오해하여 판결에 영향을 미쳤다고 할 것이다.",
            "가사 피해자의 유족에게 처벌을 희망하지 아니하는 의사를 표시할 수 있는 권한이 있다 하더라도, 기록에 의하면, 사망한 피해자에게는 배우자 공소외 4와 자녀 1명이 생존해 있는바(수사기록 56쪽 및 공판기록 45쪽), 피해자의 남동생인 공소외 3이 이들을 대신하여 피고인에 대한 처벌불원의 의사표시를 할 수 있는 지위에 있다고 단정하기도 어렵다.",
            "이 점을 지적하는 검사의 항소논지는 이유 있다."
        ]
    },
    "close": {
        "cnclsns": [
            "원심판결을 파기하고 사건을 수원지방법원 성남지원에 환송한다."
        ]
    }
}