{
    "info": {
        "caseField": "2",
        "detailField": "6",
        "trailField": "2",
        "caseNm": "특정범죄가중처벌등에관한법률위반(강도상해등재범),강도상해·특수강도,특수절도,성폭력범죄의처벌및피해자보호등에관한법률위반(특수강도강간등),자동차관리법위반,공기호부정사용,부정사용공기호행사,도로교통법위반(무면허운전)",
        "courtNm": "대구고등법원",
        "judmnAdjuDe": "2006. 01. 05.",
        "caseNo": "2005노336",
        "relateLaword": [
            "형법 제38조",
            "형법 제40조",
            "형법 제37조",
            "형사소송법 제364조",
            "형법 제57조"
        ],
        "qotatPrcdnt": []
    },
    "concerned": {
        "acusr": "4",
        "dedat": "1"
    },
    "org": {
        "orgJdgmnCourtNm": "대구지방법원 김천지원",
        "orgJdgmnAdjuDe": "2005. 8. 26.",
        "orgJdgmnCaseNo": "2005고합50, 53(병합) "
    },
    "disposal": {
        "disposalform": "10",
        "disposalcontent": [
            "원심판결 중 피고인  1에 대한 부분을 파기한다.",
            "피고인  1을 징역 10년에 처한다.",
            "피고인  1에 대하여는 원심판결 선고 전의 구금일수 148일을 위 형에 산입한다.",
            "피고인  2의 항소를 기각한다.",
            "피고인  2에 대하여는 이 판결 선고전의 당심 구금일수 중 130일을 위 피고인에 대한 원심판결의 형에 산입한다."
        ]
    },
    "mentionedItems": {
        "rqestObjet": [
            "피고인이 원심판시 범죄사실 제3의 가.항 기재와 같이 피해자  (이름 생략)를 강간한 사실이 없음에도 불구하고, 원심은 피고인이그 판시와 같이 피해자  (이름 생략)를 강간하였다고 인정하였으니, 원심판결에는 사실오인으로 인하여 판결에 영향을 미친 위법이 있다.",
            "피고인들이 자신의 잘못을 깊이 뉘우치고 있는 점 등에 비추어 원심이 피고인들에게 선고한 형은 너무 무거워서 부당하다."
        ]
    },
    "assrs": {
        "acusrAssrs": [],
        "dedatAssrs": [
            "피고인이 원심판시 범죄사실 제3의 가.항 기재와 같이 피해자 (이름 생략)를 강간한 사실이 없음에도 불구하고, 원심은 피고인이 그 판시와 같이 피해자 (이름 생략)를 강간하였다고 인정하였으니, 원심판결에는 사실오인으로 인하여 판결에 영향을 미친 위법이 있다.",
            "피고인들이 자신의 잘못을 깊이 뉘우치고 있는 점 등에 비추어 원심이 피고인들에게 선고한 형은 너무 무거워서 부당하다."
        ]
    },
    "facts": {
        "bsisFacts": [
            "피고인이 2005.3.25.01:30경 0000 (상세 지번 생략)에 있는 피해자 (이름 생략)운영의 (상호 생략)호프집에서 피고인 2, 공소외 1과 함께 피해자 (이름 생략)를 상대로 강도 범행을 하는 과정에 피해자 (이름 생략)를 강간한 사실이 있다."
        ]
    },
    "dcss": {
        "courtDcss": [
            "피고인이 2005.3.25.01:30경 0000 (상세 지번 생략)에 있는 피해자 (이름 생략)운영의 '(상호 생략)' 호프집에서 피고인 2, 공소외 1과 함께 피해자 (이름 생략)를 상대로 강도 범행을 하는 과정에 피해자 (이름 생략)를 강간한 사실을 인정할 수 있다.",
            "원심판결에는 피고인이 주장하는 바와 같은 사실오인의 위법이 있다고 할 수 없다.",
            "원심판시 범죄사실 제3의 가.항 피해자 (이름 생략)에 대한 특수강도강간 범행과 특수강도강제추행 범행 은 그 범행일시와 장소 등이 달라 형법 제38조 전단의 실체적 경합범 관계에 있다고할 것이다.",
            "위 두 죄 모두 각 원심판시 범죄사실 제2의 나.(1)항의 피해자 (이름 생략)에 대한 강도상해 범행과는 1개의 행위가 수개의 죄에 해당하는 형법 제40조의 상상적 경합범 관계에 있다고 보아야 함에도 불구하고, 원심은 법령의 적용에 있어 위 3개의 죄 모두가 형법 제37조 전단의 실체적 경합범 관계에 있다고 보아 경합범 가중을 하였으니, 원심판결에는 위와 같은 법리오해로 인하여 판결에 영향을 미친 위법이 있다고 할 것이다.",
            "피고인이 자신의 잘못을 뉘우치고 있는 점 등의 정상은 있으나, 다른 한편 과거 강도강간죄 등으로 징역 장기 3년 6월 단기 3년을 선고받고 복역하다가 2004.1.22.출소한 후 누범 기간 중에 이 사건 각 범행을 저질렀고, 피고인이 1, 공소외 1과 함께 1달여 기간 동안 전국을 돌아다니면서 전문적인 방법으로 19회에 걸쳐 강도 및 절도 범행을 계속적·반복적으로 저질렀을 뿐만아니라 일부 피해자들에게는 상해까지 가하여 그 죄질이 극히 불량하다.",
            "위와 같은 범행으로 공범인 공소외 1에 대하여 징역10년의 형이 확정되었는바, 피고인은 위 범행 이외에도 피고인 1과 함께 5회에 걸쳐 강도 및 절도 범행을 더 저질렀고, 당심에 이르기까지 이 사건 각 범행으로 극심한 피해를 입은 피해자들을 위로할 만한 아무런 조치를 취하지 아니하였다.",
            "피고인에 대한 특정범죄 가중처벌 등에 관한 법률 위반(강도상해등재범)범행은 사형, 무기 또는 10년 이상의 유기징역에 해당되는 죄로서 법률상 감경사유를 찾아 볼 수 없다.",
            "원심이 그 판시의 전과에 따라 특정강력범죄의 처벌에 관한 특례법에 의한 누범 가중을 한 후 작량감경까지 하여 선고한 징역 10년의 형은 법률이 허용하는 가장 가벼운 형이다.",
            "그밖에 이 사건 각 범행의 경위, 수단과 방법, 피고인의 성행 및 전력, 가족관계 및 성장환경 등 원심 및 당심 변론과 기록에 나타난 양형의 조건이 되는 여러사정을 종합·검토하여 보면, 피고인에 대한 원심의 양형이 너무 무거워서 부당하다고는 인정되지 않는다."
        ]
    },
    "close": {
        "cnclsns": [
            "원심판결 중 피고인 1에 대한 부분을 파기한다.",
            "피고인 1을 징역 10년에 처한다.",
            "피고인 1에 대하여는 원심판결 선고 전의 구금일수 148일을 위 형에 산입한다.",
            "피고인 2의 항소를 기각한다.",
            "피고인 2에 대하여는 이 판결 선고전의 당심 구금일수 중 130일을 위 피고인에 대한 원심판결의 형에 산입한다."
        ]
    }
}