{
    "info": {
        "caseField": "2",
        "detailField": "6",
        "trailField": "2",
        "caseNm": "특정범죄가중처벌등에관한법률위반(뇌물)(인정된죄명:배임수재),뇌물공여(인정된죄명:배임증재)",
        "courtNm": "서울고등법원",
        "judmnAdjuDe": "2006. 01. 20.",
        "caseNo": "2005노2492",
        "relateLaword": [
            "구 주택건설촉진법 제44조",
            "구 주택건설촉진법 제42조",
            "도정법 제84조",
            "도정법 제63조",
            "도정법 제38조",
            "도정법 제8조",
            "도정법 제58조",
            "도정법 제61조",
            "도정법 제75조",
            "도정법 제78조",
            "도정법 제5조",
            "집합건물의 소유 및 관리에 관한 법률 제47조",
            "집합건물의 소유 및 관리에 관한 법률 제16조",
            "집합건물의 소유 및 관리에 관한 법률 제39조",
            "집합건물의 소유 및 관리에 관한 법률 제41조",
            "집합건물의 소유 및 관리에 관한 법률 제19조",
            "집합건물의 소유 및 관리에 관한 법률 제27조",
            "집합건물의 소유 및 관리에 관한 법률 제18조",
            "집합건물의 소유 및 관리에 관한 법률 제23조",
            "집합건물의 소유 및 관리에 관한 법률 제24조"
        ],
        "qotatPrcdnt": []
    },
    "concerned": {
        "acusr": "피고인들 및 검사",
        "dedat": "1"
    },
    "org": {
        "orgJdgmnCourtNm": "서울동부지방법원",
        "orgJdgmnAdjuDe": "2005. 10. 21",
        "orgJdgmnCaseNo": "2005고합179, 212(병합) "
    },
    "disposal": {
        "disposalform": "6",
        "disposalcontent": [
            "피고인  1에 대한 원심판결을 파기한다.",
            "피고인  1을 징역 1년 6월에 처한다.",
            "피고인  1에 대한 원심 판결선고 전의 구금일수 140일을 위 형에 산입한다.",
            "피고인  1로부터 5,000만 원을 추징한다.",
            "피고인  2,  피고인 3의 각 항소 및 검사의 피고인  2,  피고인 3에 대한 각 항소를 모두 기각한다."
        ]
    },
    "mentionedItems": {
        "rqestObjet": [
            "원심은 사실을 오인하거나 배임수재 및 추징에 관한 법리를 오해하여 피고인이 부정한 청탁을 받고  피고인 3으로부터 3억 원을 취득하였다고 인정하고, 위 돈 전액을 추징하는 위법을 범하였다.",
            "피고인이 견적서대로 수의계약으로 하도급 받을 수 있도록 하여 준다고 하여 이에 속아 모래 대금으로 현금 3억 원을  피고인 1에게 지급하여 사취당한 것인데도, 원심은 피고인이  피고인 2와 공모하여  피고인 1에게 부정한 청탁을 하며 그 임무에 관하여 3억 원의 재물을 공여하였다고 인정하는 위법을 범하였다.",
            "피고인  1에 대하여 특정범죄 가중처벌 등에 관한 법률위반(뇌물)죄를 적용하여야 하는데도 원심은 위 도정법에 관한 법리를 오해하여 위 조합이 실질적인 활동을 한 바 없으므로  위 도정법 제84조의 공무원 의제규정을 적용할 수 없다는 이유로 이 부분 공소사실에 관하여 피고인들에게 무죄를 선고하는 위법을 범하였다.",
            "이 사건 여러 양형조건에 비추어 보면 피고인  1에게 징역 2년 6월을, 피고인  2에게 징역 8월 및 집행유예 2년을, 피고인  3에게 징역 1년 및 집행유예 2년을 각 선고한 원심의 형량은 너무 무거워 부당하다."
        ]
    },
    "assrs": {
        "acusrAssrs": [
            "주택건설촉진법이 폐지되고 대신 제정된 도시 및 주거환경 정비법(이하 '도정법'이라고 함)부칙 제10조는 종전법률에 의하여 조합설립인가를 받은 조합은 주된 사무소의 소재지에 등기함으로써 이 법에 의한 법인으로 설립된 것으로 본다고 규정하고 있다.",
            "이 사건 조합은 2003.7.30.설립등기를 완료함으로써 위 도정법상의 법인이 된 점, 이 사건 조합이 사업계획 승인신청을 하지 않았다는 이유로 영등포구청에서 설립인가를 취소하겠다고 사전통지 하였을 뿐 조합설립인가가 취소된 것은 아니다.",
            "같은 법 제84조가 형법 제129조 내지 제132조의 적용에 있어 조합의 임원과 정비사업 전문 관리업자의 대표자, 직원은 이를 공무원으로 본다고 규정하고 있는 점 등을 종합해 보면, 도정법상 조합으로 인정되는 한 그 조합이 위 법률에 규정된 사업시행을 하지 않는다고 하더라도 조합장에 대해 위 공무원 의제규정을 적용할 수 있다고 할 것이다.",
            "그 조합장인 피고인 1에 대하여 특정범죄 가중처벌 등에 관한 법률위반(뇌물)죄를 적용하여야 한다.",
            "그 조합장인 피고인 1에 대하여 특정범죄 가중처벌 등에 관한 법률위반(뇌물)죄를 적용하여야 하는데도 원심은 위 도정법에 관한 법리를 오해하여 위 조합이 실질적인 활동을 한 바 없으므로 위 도정법 제84조의 공무원 의제규정을 적용할 수 없다는 이유로 이 부분 공소사실에 관하여 피고인들에게 무죄를 선고하는 위법을 범하였다."
        ],
        "dedatAssrs": [
            "피고인은 (아파트명 생략)아파트 재건축조합(이하 '이 사건 조합'이라고 함)의 조합장으로서 (아파트명 생략)아파트 재건축공사 중 지하터파기공사와 모래운반 등의 일을 피고인 3이 하도급 받을 수 있도록 도와주기만 하는 조건으로 피고인 3으로부터 3억 원을 수수한 것일 뿐이다.",
            "그 3억 원도 5,000만 원만 소비하였다가 그대로 전액을 반환하였는다.",
            "원심은 사실을 오인하거나 배임수재 및 추징에 관한 법리를 오해하여 피고인이 000(현 000, 이하 'OOO'이라 함)의 현장소장에게 부탁하여 지하터파기공사, 모래운반 및 처리 등을 피고인 3이 제시하는 견적서대로 수의계약으로 하도급 받을 수 있게 해달라는 부정한 청탁을 받고 피고인 3으로부터 3억 원을 취득하였다고 인정하고, 위 돈 전액을 추징하는 위법을 범하였다.",
            "피고인이 피고인 2로부터 소개받은 피고인 1이 OOO 현장소장에게 부탁하여 (아파트명 생략)아파트 재건축 공사의 지하터파기공사, 모래운반 및 처리 등을 피고인이 뽑은 견적서대로 수의계약으로 하도급 받을 수 있도록 하여 준다고 하여 이에 속아 모래 대금으로 현금 3억 원을 피고인 1에게 지급하여 사취당한 것이다.",
            "원심은 피고인이 피고인 2와 공모하여 피고인 1에게 부정한 청탁을 하며 그 임무에 관하여 3억 원의 재물을 공여하였다고 인정하는 위법을 범하였다.",
            "이 사건 여러 양형조건에 비추어 보면 피고인 1에게 징역 2년 6월을, 피고인 2에게 징역 8월 및 집행유예 2년을, 피고인 3에게 징역 1년 및 집행유예 2년을 각 선고한 원심의 형량은 너무 무거워 부당하다."
        ]
    },
    "facts": {
        "bsisFacts": [
            "이 사건 조합은 2000.8.28.영등포구청장으로부터 구 주택건설촉진법(2002.2.4.법률 제6655호로 개정되기 전의 것, 이하 '구 주택건설촉진법'이라 함)제44조, 같은 법 시행령 제42조에 따라 재건축조합 설립인가를 받았다.",
            "설립인가의 조건은 1 설립인가 이후 인가받은 내역에 변경 사항이 있을 경우 주택조합 변경인가 신청을 할 것과 2 주택조합 설립인가일로부터 2년 이내 사업계획승인 신청이 없을 경우 설립인가가 취소될 수 있다는 것이었다.",
            "2001.7.26.피고인 1이 이 사건 조합의 조합장으로 선출되어, 2001.12.29.영등포구청장에게 조합장 변경신고를 하였고, 2002년 1월경 영등포구청장으로부터 조합장 변경인가를 받았다.",
            "2001.12.15.조합원 총회의 투표를 통해 시공사로 OOO이 선정되었고, 2002.1.10.이 사건 조합과 OOO 사이에 공사가계약이 체결되었다.",
            "2002.8.30.피고인 1 외 365명의 건축주들은 서울특별시장에게 건축허가신청을 하여, 같은 해 12.17.사업명을 여의도(아파트명 생략)아파트 재건축 주거복합계획, 대지 위치를 0000 (지번 생략), 건축주를 피고인 1 외365명, 건물용도를 공동주택, 업무시설, 근린생활시설, 운동시설 등으로 하여 건축법에 의한 건축허가를 받았다.",
            "그 후 2003.12.17.피고인 1 외 371인의 건축주들은 서울특별시장에 대하여 평형별 건축주들 사이의 의견조율 관계로 착공을 지연하였다며 착공연기신청을 하였다.",
            "서울특별시장은 2004.12.7.건축주들에게 착공신고필증을 교부하였고 같은 해 5.27.건축주들의 제1회 설계변경 신청에 따라 같은 해 8.18.연면적 감소 및 평형 조정 등의 내용으로 제1회 설계변경을 허가하였다.",
            "2005.2.25.건축주들의 제2회 설계변경 신청에 따라 같은 해 3.9.연면적 감소 및 오피스텔 실 조정 등의 내용으로 제2회 설계변경을 허가하였다.",
            "2002.12.30.법률 제6852호로 도정법이 제정되어 2003.10.1.시행되었는데, 이 사건 조합은 그 이전인 같은 해 7.30.영등포구청장의 행정지도에 따라 서울남부지방법원 영등포등기소에 대표자를 조합장 피고인 1로 하여 조합등기를 마쳤다.",
            "영등포구청장은 2004.1.12.이 사건 조합에 대해 건축법령에 의해 건축허가를 받은 점과, 조합설립인가를 받은 날로부터 2년 이내에 주택건설사업계획승인 신청을 하지 않은 점을 이유로 하여 구 주택건설촉진법 시행령 제42조 제10항에 따라 이 사건 조합의 설립인가를 취소하겠다며 주택조합설립인가 취소처분 사전통지서를 발송하였다.",
            "피고인 1은 위 구청장에게 주택조합설립인가를 취소하도록 한 법률규정이 강행규정이 아니며, 조합의 설립인가가 취소될 경우 보존등기 등 앞으로 진행될 일에 문제가 생길 수 있다는 이유로 이 사건 조합의 설립인가를 현행대로 유지해 달라는 의견을 제시하였다.",
            "영등포구청장은 위 의견에 따라 취소처분 절차를 진행하지 않고 있다."
        ]
    },
    "dcss": {
        "courtDcss": [
            "피고인 1이 위 조합의 조합장으로서의 지위나 건축주들의 위임을 받은 지위에 있는 자로서 위 조합원들을 위하여 공정 성실하게 하도급업체를 검토하고 그 업체가 위 공사의 하도급업체로서 적정한 것인지 등의 여부를 검토해야 할 업무상 임무가 있다.",
            "피고인 3 등으로부터 그 임무에 관하여 부정한 청탁을 받아 재물을 취득하고, 피고인 3은 피고인 1에게 그 임무에 관하여 위와 같은 취지의 부정한 청탁을 하며 재물을 공여하였다고 판시한 원심의 판단은 정당하다.",
            "그에 사실을 오인하거나 배임수,증재에 관한 법리를 오해한 위법이 있다는 피고인 1, 피고인 3의 각 주장은 이유 없다.",
            "피고인 1로부터 3억 원 전액을 추징한 원심판결은 사실을 오인하거나 배임수재의 추징에 관한 법리를 오해한 위법을 범하였다고 할 것이므로 이를 지적하는 위 피고인의 주장은 이유 있다.",
            "이 사건 조합의 등기는 도정법에 따라 재건축을 하기 위한 목적에서 경료된 것이 아니라 이 사건 공사진행 및 공사 완공 후 등기 업무를 함에 있어 편의상 경료된 것으로 보이므로, 그 등기가 경료되어 있다는 사실만으로 이 사건 조합을 도정법상의 재건축조합으로 볼 수는 없다고 할 것이다.",
            "이 사건 건축을 시행하면서 위 조합이 활동한 내역에 관하여 살피건대, 그 건축허가, 착공연기신청, 착공신고, 제1,2차 설계변경신청 등이 모두 도정법에 따라 조합의 명의로 행해진 것이 아니라 건축법규에 따라 피고인 1을 대표로 한 공동건축주 명의로 행해진 사실은 앞서 본 바와 같다.",
            "피고인 1의 진술, 증인 공소외 6의 일부 법정 진술, 영등포구청장 작성의 사실조회 회신의 기재에 의하면, 이 사건 건축을 시행함에 있어 도정법상의 사업시행인가 및 관리처분계획인가 등의 절차를 거치지 않았다.",
            "영등포구청장도 이 사건 조합에 대해 도정법에 따른 행정감독을 하지 않았으며, 이 사건 조합은 그 조합의 명칭 중에 정비사업조합이라는 문자를 사용한 적도 없는 사실을 인정할 수 있다.",
            "이 사건 조합이 도정법에 규정된 주택재건축사업에 소요되는 비용에 대해 국가 또는 지방자치단체의 보조 및 융자를 받았다거나, 주택재건축사업에 필요한 토지 등의 수용 절차를 거쳤다거나, 조합원에 대한 부과금, 사업시행으로 인한 청산금 등에 관해 지방세 체납처분절차에 의한 강제징수나 행정기관에 징수위탁 등을 했다고 볼 만한 자료가 없다.",
            "정비구역 안에서 건축제한을 받는 등 도정법에 규정된 각종 제한을 받거나 절차를 거치거나 했다고 볼 만한 자료가 없는 점을 종합해 보면, 결국 이 사건 조합이 재건축을 시행함에 있어 도정법에 따라 실질적으로 한 활동은 없다고 보여진다.",
            "앞서 본 도정법상 공무원 의제규정의 입법 목적 및 이 사건 조합의 등기 경료 경위 및 활동 현황을, 형사법에 있어서의 엄격해석의 원칙, 죄형법정주의의 정신에 비추어 고려해 볼 때, 위 조합을 도정법상의 재건축조합으로 볼 수는 없다.",
            "이 사건 조합의 조합장인 피고인 1을 위 법에 따라 뇌물죄에 있어서 공무원으로 의제되는 지위에 있는 자로 볼 수도 없다고 할 것이다.",
            "피고인 1이 도정법상 공무원으로 의제되는 지위에 있다는 것을 전제로 한 이 사건 주위적 공소사실인 피고인 1에 대한 특정범죄 가중처벌 등에 관한 법률 위반(뇌물)의 점은 더 나아가 살펴볼 필요 없이 범죄의 증명이 없는 때에 해당한다.",
            "마찬가지로 이를 전제로 한 피고인 2, 피고인 3에 대한 이 사건 각 뇌물공여의 점에 관한 주위적 공소사실도 범죄의 증명이 없는 때에 해당한다.",
            "피고인들에 대하여 각 무죄를 선고한 원심의 판단은 정당하고 그에 도정법상의 공무원 의제규정에 대한 법리를 오해한 위법은 없다고 할 것이다.",
            "피고인이 이 사건 범행에 이르게 된 동기 및 그 수단, 그 취득한 금원이 과다한 점 등에 비추어 그 죄질이 중하고, 피고인이 (명칭생략)학회 회장직을 수행하고 대학교수 등으로서 30년 이상 윤리도덕 교육을 해 온 사람이다.",
            "이 사건 범행을 저질러 그 비난가능성이 큰 점 등 불리하게 참작할 양형사유를 고려한다고 하더라도 피고인이 1998.상해죄로 벌금 50만 원을 선고 받은 외에 별다른 전과가 없다.",
            "피고인 3으로부터 수수한 돈 3억 원을 전액 반환한 점, 70세를 넘긴 고령인데다가 협심증과 만성대장염을 앓고 있는 등 건강이 좋지 않은 점, 대통령 표창 및 대한민국 황조근정훈장을 받은 점, 잘못을 뉘우치고 깊이 반성하고 있다.",
            "유리하게 참작할 양형사유를 고려하면 원심이 피고인에게 선고한 징역 2년 6월의 형량은 너무 무거워 부당하다고 보이므로 이 점에 관한 피고인의 주장은 이유 있다.",
            "피고인이 초범이고, 실제로 이 사건 범행을 통해 얻은 이익이 없는 점 등 유리하게 참작할 양형사유와 분양권이나 소개비를 받기 위해 이 사건 범행을 저지르게 된 범행동기, 그리고 그 범행방법이나 피고인 1에게 교부한 금액 등에 비추어 그 죄질이 중하다.",
            "원심이 피고인에게 선고한 징역 8월 및 집행유예 2년의 형이 너무 무거워 부당하다고 보이지는 않으므로, 이에 관한 피고인의 주장은 이유 없다.",
            "피고인에게 별다른 실형전과가 없고, 이 사건 재물 공여로 얻은 이익이 없는 점 등 유리하게 참작할 양형사유와 사업권을 얻기 위해 이 사건 범행을 저지르게 된 범행동기, 그리고 그 범행방법이나 피고인 1에게 교부한 금액 등에 비추어 그 죄질이 중하다.",
            "원심이 피고인에게 선고한 징역 1년 및 집행유예 2년의 형이 너무 무거워 부당하다고 보이지는 않으므로, 이에 관한 피고인의 주장도 이유 없다."
        ]
    },
    "close": {
        "cnclsns": [
            "피고인 1에 대한 원심판결을 파기한다.",
            "피고인 1을 징역 1년 6월에 처한다.",
            "피고인 1에 대한 원심 판결선고 전의 구금일수 140일을 위 형에 산입한다.",
            "피고인 1로부터 5,000만 원을 추징한다.",
            "피고인 2, 피고인 3의 각 항소 및 검사의 피고인 2, 피고인 3에 대한 각 항소를 모두 기각한다."
        ]
    }
}