{
    "info": {
        "caseField": "2",
        "detailField": "6",
        "trailField": "2",
        "caseNm": "특정경제범죄가중처벌등에관한법률위반(사기),사기,자격모용사문서작성,변호사법위반,명예훼손",
        "courtNm": "서울고등법원",
        "judmnAdjuDe": "2006. 03. 31.",
        "caseNo": "2005노2528",
        "relateLaword": [
            "형법 제37조 ",
            "형사소송법 제364조"
        ],
        "qotatPrcdnt": []
    },
    "concerned": {
        "acusr": "4",
        "dedat": "1"
    },
    "org": {
        "orgJdgmnCourtNm": "서울동부지방법원",
        "orgJdgmnAdjuDe": "2005. 11. 4. ",
        "orgJdgmnCaseNo": "2005고합201"
    },
    "disposal": {
        "disposalform": "10",
        "disposalcontent": [
            "원심 판결 중 유죄부분을 파기한다.",
            "피고인  1,  2,  3을 각 징역 1년 6월에 처한다.",
            "원심 판결 선고 전의 구금일수 139일을 피고인  1에 대한, 4일을 피고인  2에 대한, 140일을 피고인  3에 대한 위 각 형에 산입한다.",
            "다만 이 판결확정일로부터 2년간 피고인  2에 대한 위 형의 집행을 유예한다.",
            "피고인  3으로부터 10,000,000원을 추징한다.",
            "이 사건 공소사실 중 피고인  1의 피해자  공소외 3에 대한 각 사기의 점, 피고인  1의 피해자  공소외 4에 대한 사기의 점, 피고인  1,  2,  3의 각 자격모용사문서작성의 점 및 피고인  4는 각 무죄이다.",
            "소송비용 중 원심 및 당심 증인  공소외 1에 관한 부분의 3분의 1씩을 피고인  1,  2,  3의 각 부담으로, 원심 증인  공소외 5,6에 관한 부분을 피고인  1의 부담으로, 당심에서의 피고인  2,  3에 대한 각 국선변호인에 관한 부분을 피고인  2,  3의 각 부담으로 한다."
        ]
    },
    "mentionedItems": {
        "rqestObjet": [
            "원심은, 피고인이 이 사건 재건축공사와 관련된 업체선정 등의 계약을 체결할 권한이 없음에도 피해자  공소외 3,  6에게는 이 사건 재건축공사의 설계권을, 피해자  공소외 1,  2에게는 이 사건 재건축공사의 시행권을주겠다고 기망하여 피해자들로부터 원심 판시와 같이 금원을 교부받아 이를 편취하였다고 인정하였으므로 사실오인 내지 법리오해가 있다.",
            "원심은, 피고인이 피해자들에게 금원을 차용하더라도 이를변제할 의사나 능력이 없음에도 원심 판시와 같이 금원을 차용하여 이를 편취하였다고 인정하였으므로 사실오인 내지 법리오해가 있다.",
            "고인이 재건축 조합장 자격을 모용하여 공동시행계약서와 재건축시행계약서를 작성하였다고 인정하였으므로 사실오인 내지 법리오해가 있다.",
            "피고인이 유인물 내용이 허위임을 알면서도 이를 00000 주민들에게 발송·배포함으로써 피해자  공소외8의 명예를 훼손하였다고 인정하였으므로 사실오인 내지 법리오해가 있다.",
            "위 피고인이  피고인 1과 공모하여 금원을 지원하여 주면 설계계약을 주겠다고 피해자를 기망하여 원심 판시와 같이 금원을 교부받아 이를 편취하였다고 인정하였으므로 사실오인 내지 법리오해가 있다.",
            "위 피고인은  피고인 1,  3과 공모하여 피해자  공소외 1,  2에게 이 사건 재건축공사의 시행권을 주겠다고 기망한 사실이 없음에도, 원심은, 위 피고인이  피고인 1,  3과 공모하여  공소외 1,  2로부터 원심 판시와 같은 금원을 편취하였다고 인정하였다.",
            "위 피고인은 공소외  1,  2와 사이에 각 공동시행계약서와 재건축시행계약서를 작성함에 관여한 사실이 없음에도, 원심은, 위 피고인이  피고인 1,  3과 공모하여 조합장 자격을 모용하여 위 각 계약서를 작성하였다고 인정하였다.",
            "여러 양형 조건에 비추어 원심 판결이 피고인들에게 선고한 형량은 너무 무거워서 부당하다."
        ]
    },
    "assrs": {
        "acusrAssrs": [],
        "dedatAssrs": [
            "원심 판결에는 다음과 같이 사실을 오인하거나 법리를 오해하여 판결에 영향을 미친 위법이 있다.",
            "피고인은, 피고인이 00000 재건축조합장의 지위에 있는지 여부 및 피고인이 위원장으로 있던 재건축 추진위원회(이하 '이 사건 추진위원회'라 한다)의 조합설립 가능성에 대하여 피해자들을 기망하지 아니하고, 피고인의 재력 여부가 피해자들이 금원을 교부하게 된 계기가 되었다고 보기 어렵다.",
            "피고인이 피해자들에게 재건축공사 관련 이권을 제공하겠다는 약속은 피고인이 추진하던 이 사건 추진위원회가 조합설립인가를 받는 것을 정지조건으로 한 것인데, 현재까지 이 사건 추진위위원회가 설립인가를 받지 못하였으므로 아직까지 객관적으로 피고인의 기망의사가 확인되었다고 볼 수 없다.",
            "피고인이 피해자들에게 00000 재건축공사(이하 '이 사건 재건축공사'라고 한다)의 철거권, 설계권 또는 시행권을 주겠다고 한 약속이 기망행위가 될 수 없다.",
            "원심은, 피고인이 이 사건 재건축공사와 관련된 업체선정 등의 계약을 체결할 권한이 없음에도 피해자 공소외 3, 6에게는 이 사건 재건축공사의 설계권을, 피해자 공소외 1, 2에게는 이 사건 재건축공사의 시행권을 주겠다고 기망하여 피해자들로부터 원심 판시와 같이 금원을 교부받아 이를 편취하였다고 인정하였다.",
            "피고인은 원심 판시 공동시행계약서와 재건축시행계약서를 조합장의 자격으로서가 아니라 이 사건 추진위원회 위원장의 자격에서 작성하였고 피고인이 재건축 조합장이 아닌 이 사건 추진위원회의 위원장에 불과하다는 사정은 공소외 1, 2 또한 잘 알고 있었으므로 피고인에게는 조합장 자격을 모용하려는 의사가 전혀 없었다.",
            "피고인이 그 자격을 사칭하거나 모용한 바가 없었음에도, 원심은, 피고인이 재건축 조합장 자격을 모용하여 공동시행계약서와 재건축시행계약서를 작성하였다고 인정하였다.",
            "피고인은 원심 판시 명예훼손 범행 당시 피고인이 적시한 사실이 허위라는 점에 대한 인식을 하지 못하였고 미필적 고의 또한 없었음에도, 원심은, 피고인이 유인물 내용이 허위임을 알면서도 이를 00000 주민들에게 발송, 배포함으로써 피해자 공소외 8의 명예를 훼손하였다고 인정하였다.",
            "위 피고인은 피고인 1, 3과 공모하여 피해자 공소외 1, 2에게 이 사건 재건축공사의 시행권을 주겠다고 기망한 사실이 없음에도, 원심은, 위 피고인이 피고인 1, 3과 공모하여 공소외 1, 2로부터 원심 판시와 같은 금원을 편취하였다고 인정하였다.",
            "위 피고인은 공소외 1, 2와 사이에 각 공동시행계약서와 재건축시행계약서를 작성함에 관여한 사실이 없음에도, 원심은, 위 피고인이 피고인 1, 3과 공모하여 조합장 자격을 모용하여 위 각 계약서를 작성하였다고 인정하였다.",
            "이 사건 여러 양형 조건에 비추어 원심 판결이 피고인들에게 선고한 형량은 너무 무거워서 부당하다."
        ]
    },
    "facts": {
        "bsisFacts": [
            "재건축과 관련된 철거업자, 시공사, 설계자의 선정 업무는 도시 및 주거환경정비법상 총회의 의결사항으로 규정되어 있고, 업체선정을 위하여는 경쟁입찰 등의 방법으로 해당업체의 시행능력과 공사금액 등을 공정하게 평가하여야 한다.",
            "조합원 총회의 의결을 거치는 등의 절차를 밟아야 할 뿐 아니라, 재건축을 추진 중인 00000 단지에는 1997년부터 5개의 재건축추진위원회가 이미 설립되어 피고인들과 상호 경쟁을 하다가 공소외 8이 2003.5.24.조합 창립총회에서 조합장으로 선출되었다.",
            "2003.6.12.송파구청으로부터 재건축조합 설립인가를 받았으며, 조합설립 이전 단계의 재건축추진위원회는 재건축 시행과 관련된 업체선정 등의 계약을 체결할 권한이 없다.",
            "당심에 이르러 위 모두사실 다음에 피해자들은 각 자신에게 재건축공사 관련 이권 전체를 주는 것으로 알고 계약을 체결한 것이고 만약 피고인들이 자신과 계약하기 이전에 이미 다른 사람들과 사이에 재건축공사 관련 이권을 주는 내용의 계약을 체결하였다는 것을 알았다면 위 계약을 체결하지 않았을 것임에도 이를 숨겼다.를 추가하는 것으로 공소사실이 변경되었다.",
            "이는 아래에서 문제되고 있는 피고인들에 대한 이 사건 재건축공사 관련 각 사기의 점에도 해당된다.",
            "피고인 1, 4는 공모하여, 2001.10.29.경 0000 소재 00000 301호 이 사건 추진위원회 사무실에서 마치 피고인 1이 조합장으로 될 것처럼 공소외 9 건축사사무소 대표이사인 피해자 공소외 3에게 재건축 설계계약을 줄 테니 설계기본계획 및 조감도를 작성해준다고 기망하였다.",
            "매월 500만 원씩 조합운영비를 지원해 달라, 조합인가를 받지 못할 경우 시중금리를 가산하여 돌려주겠다고 말하여 공소외 3을 기망하였다.",
            "이에 속은 공소외 3으로부터 2001.10.29.피고인 4 명의의 000 계좌((번호 생략))로 500만 원을 송금 받은 것을 비롯하여, 2003.4.14.경까지 원심 판시 별지 범죄일람표 기재와 같이 동일한 명목으로 20회에 걸쳐 같은 계좌로 합계 1억 2,500만 원을 교부받아 이를 편취하였다."
        ]
    },
    "dcss": {
        "courtDcss": [
            "공소외 3의 원심 및 당심 법정에서의 위 진술내용을 보태어 보면, 공소외 3은 피고인 1이 조합장도 아니고 이 사건 추진위원회는 조합설립 이전의 단계로서 업체선정 등을 할 권한도 없음을 잘 알면서도 나중에 조합이 설립된 후 설계용역을 수주받는데 편의를 제공받기 위하여 금전을 지원한 것으로 보인다.",
            "공소외 3이 피해자들 중 가장 먼저 이 사건 추진위원회에 금전적 지원을 하면서 재건축 설계 가계약을 체결한 이상 공소외 9 건축에 법적인 권리가 있다고 생각하고 계속하여 금전을 지원한 것으로서 공소외 10 건축 등이 이 사건 추진위원회에 금전적 지원을 하였음을 알았다고 하더라도 공소외 3이 이 사건 추진위원회에 계속 금전을 지원한 것에 별다른 영향을 미치지 못하였을 것으로 보인다.",
            "피고인들이 공소외 3을 기망하여 금원을 교부받아 편취하였다는 위 공소사실에 부합하는 듯한 공소외 3의 수사기관, 원심 및 당심 법정에서의 일부 진술은 믿기 어렵고 달리 공소사실을 인정할 아무런 증거가 없음에도, 원심은 신빙성 없는 공소외 3의 일부 진술에 터잡아 위 공소사실을 유죄로 인정하고 말았으니 거기에는 사실을 오인하여 판결에 영향을 미친 위법이 있다 할 것이다.",
            "위 피고인은 이미 다른 건축사사무소와 이 사건 재건축 공사의 설계계약에 관한 가계약을 체결하고 금원을 지원받고 있었음에도 이를 숨긴 채 공소외 6에게 중복하여 설계계약을 체결할 수 있도록 해주겠다고 하면서 위와 같이 금원을 교부받은 이상 공소외 6을 기망하여 금원을 교부받아 이를 편취하였음이 넉넉히 인정된다 할 것이다.",
            "피고인 1 등이 이미 타인들에게 이 사건 재건축 공사 중 설계권 또는 철거권을 주기로 약정하여 놓고서도 이를 숨긴 채 공소외 1에게 이 사건 재건축 공사의 설계와 철거에 관한 사항을 포함한 공동시행계약을 체결하고 위와 같이 금원을 교부받음으로써 피고인 1 등이 공모하여 공소외 1을 기망하고 금원을 교부받아 편취하였음이 넉넉히 인정된다 할 것이다.",
            "공소외 2의 원심 및 당심 법정에서의 진술내용을 보태어 보면, 피고인 1 등이 공소외 2에게 이미 타인에게 이 사건 재건축공사 중 철거에 관한 사항이나 시행권을 주기로 약정한 사실을 숨기고 공소외 2를 기망하여 위 5억 원을 편취하였음이 넉넉히 인정된다고 할 것이다.",
            "피고인 1에게 위 각 계약서 작성 당시 마치 자신이 재건축 조합장인 것처럼 가장하여 그 자격을 모용한다는 인식이 있었다고 보기 어렵고 달리 피고인 1이 조합장 자격을 모용하였음을 인식하였다는 점을 인정할 아무런 증거가 없으므로 이 부분 공소사실에 대하여는 무죄가 선고되어야 할 것임에도 원심은 이를 유죄로 인정하였다.",
            "원심의 판단에는 사실을 오인하여 판결에 영향을 미친 위법이 있다고 할 것이다.",
            "피해자는 위 피고인이 조합장이 될 경우를 기대하여 위 피고인과의 연결고리를 만들어 이 사건 재건축공사의 설계권을 얻고자 자발적으로 금원을 대여한 것으로 보일 뿐 위 피고인이 공소사실 기재와 같이 피해자를 기망하였거나 편취의 범의를 가지고 있었다고 보기 어렵다.",
            "위 피고인이 피해자를 기망하여 금원을 교부받아 편취하였다는 위 공소사실에 부합하는 듯한 공소외 18의 원심 법정에서의 일부 진술은 믿기 어렵다.",
            "공소외 18 작성의 진술서의 기재, 추송서(공소외 18에 대한 검찰진술조서)의 진술기재, 금전 임대차 약정서의 기재만으로는 위 공소사실을 인정하기에 부족하고 달리 위 공소사실을 인정할 만한 증거가 없으므로 이 부분 공소사실에 대하여는 무죄가 선고되었어야 할 것이다.",
            "원심은 이 부분 공소사실을 유죄로 인정하였으므로, 원심의 판단에는 사실을 오인하여 판결에 영향을 미친 위법이 있고, 결국 이 점을 지적하는 위 피고인의 항소논지는 이유 있다.",
            "공소외 3은 자신이 공소외 10 건축 등 다른 피해자들보다 먼저 이 사건 추진위원회에 금원을 대여하고 가계약까지 체결한 이상 우선적인 권리가 있다고 판단하여 위 피고인에게 금원을 지원하고 공소외 10 건축에 대한 차용금을 변제함으로써 독보적인 위치를 유지할 목적에서 자발적으로 금원을 대여하여 준 것으로 보일 뿐 이다.",
            "피고인이 공소사실 기재와 같이 피해자를 기망하였거나 편취의 범의를 가지고 있었다고는 보기 어렵다.",
            "피고인이 공소외 3을 기망하여 금원을 교부받아 편취하였다는 위 공소사실에 부합하는 듯한 공소외 3의 수사기관, 원심및 당심 법정에서의 일부 진술은 믿기 어렵고, 달리 위 공소사실을 인정할 만한 증거가 없으므로 이 부분 공소사실에 대하여는 무죄가 선고되었어야 함에도, 원심은 이 부분 공소사실을 유죄로 인정하였는바, 원심의 판단에는 사실을 오인하여 판결에 영향을 미친 위법이 있다고 할 것이다.",
            "위 피고인은 이미 타인에게 이 사건 재건축공사의 설계와 철거에 관한 사항을 포함한 시행권을 주기로 약정하여 놓고서도 공소외 5에게 동일한 내용의 계약을 체결하여 줄 것처럼 기망하여 이 사건 재건축공사의 시행권을 받을 수 있다는 착오상태에 빠진 동인으로부터 원심 판시와 같은 명목으로 계속 금원을 교부받아 이를 편취하였음을 넉넉히 인정할 수 있다.",
            "같은 취지에서 이 부분 공소사실을 모두 유죄로 인정한 원심 판결은 정당하고, 위 피고인의 주장은 이유 없다.",
            "피고인 은 위와 같은 내용이 허위임을 잘 알면서도 공연히 허위의 사실을 적시하여 공소외 8의 명예를 훼손하였다 할 것이다.",
            "위 피고인의 이 부분 공소사실을 유죄로 인정한 원심 판결은 정당하고, 피고인 1의 위 주장은 이유 없다.",
            "피고인 1, 4, 2의 항소는 일부 이유 있다.",
            "원심 판시 제3의 나., 라.항 각 자격모용사문서작성의 점에 대한 피고인1, 2를 위한 파기의 이유는 양형부당만을 이유로 항소한 공동피고인 3에게도 공통되므로 형법 제37조 전단의 경합범 관계에 있는 피고인들의 원심 판시 나머지 범죄사실을 합하여 하나의 형으로 처단한 원심 판결 중 유죄부분은 전부 그대로 유지될 수 없어 파기를 면치 못한다."
        ]
    },
    "close": {
        "cnclsns": [
            "피고인들의 양형부당 항소이유에 대하여는 판단할 필요 없이 형사소송법 제364조 제6항, 제364조의 2에 의하여 원심판결 중 유죄부분을 파기하고, 변론을 거쳐 다시 다음과 같이 판결한다."
        ]
    }
}