{
    "info": {
        "caseField": "2",
        "detailField": "6",
        "trailField": "2",
        "caseNm": "특정경제범죄가중처벌등에관한법률위반(사기),사기,유사수신행위의규제에관한법률위반,근로기준법위반",
        "courtNm": "서울고등법원",
        "judmnAdjuDe": "2006. 02. 08.",
        "caseNo": "2005노177",
        "relateLaword": [
            "형법 제37조",
            "형사소송법 제364조",
            "형법 제38조"
        ],
        "qotatPrcdnt": []
    },
    "concerned": {
        "acusr": "자연인,검사",
        "dedat": "자연인,검사"
    },
    "org": {
        "orgJdgmnCourtNm": "서울중앙지방법",
        "orgJdgmnAdjuDe": "2005. 1. 11, 2005. 11. 18",
        "orgJdgmnCaseNo": "2400고합948, 1027(병합), 1329(병합) 판결 및  2004초기1875, 1876,2134, 2272, 2899 배상신청,  \n2005고합343, 450(병합), 546(병합), 573(병합),580(병합), 603(병합), 666(병합), 674(병합), 781(병합) 판결 "
    },
    "disposal": {
        "disposalform": "10",
        "disposalcontent": [
            "원심판결들 중 피고사건 부분을 모두 파기한다.",
            "피고인  1을 징역 3년에, 피고인  2를 징역 5년에 각 처한다.",
            "피고인  1에 대하여 제1 원심판결 선고 전의 구금일수 175일 및 제2 원심판결 선고 전의 구금일수 182일을, 피고인  2에 대하여제2 원심판결 선고 전의 구금일수 235일을 위 각 형에 산입한다."
        ]
    },
    "mentionedItems": {
        "rqestObjet": [
            "피고인  1은 이 사건 사기 범행의 피해자들로부터 투자금을 모집하여 편취하기로 피고인  2와 공모한 사실이 없지만 오인한 잘못이 있다.",
            "원심이 피고인  1에 대하여 선고한 형(징역 3년 6월)이 너무 무거워서 부당하다.",
            "피고인이 유사수신행위를 한 사실을 충분히 인정할 수 있음에도, 원심이 사실을 오인하여 위 각 공소사실을 무죄로 판단하였다."
        ]
    },
    "assrs": {
        "acusrAssrs": [
            "피고인 1이 피고인 2와 공모하여 2002.1.10.부터 2002.2.27.까지 사이에 7회에 걸쳐 합계74,823,000원을 편취하여 유사수신행위를 한 사실과 2003.11.14.공소외 1로부터 250,000,000원을 편취하여 유사수신행위를 한 사실을 충분히 인정할 수 있음에도, 원심이 사실을 오인하여 위 각 공소사실을 무죄로 판단하였다.",
            "피고인들이 공모하여 공소외 2로부터 2003.7.21.과 같은 달 2.각 100,000,000원씩의 투자금을 교부받아 이를 편취하여 유사수신행위를 한 사실과 피고인 2가 피고인 1과 공모하여 2003.11.14.공소외 1로부터 250,000,000원을 편취한 사실을 충분히 인정할 수 있음에도, 원심이 사실을 오인하여 위 각 공소사실을 무죄로 판단하였다."
        ],
        "dedatAssrs": [
            "피고인 1은 이 사건 사기 범행의 피해자들로부터 투자금을 모집하여 편취하기로 피고인 2와 공모한 사실이 없다.",
            "원심이 피고인 1에 대하여 선고한 형(징역 3년 6월)이 너무 무거워서 부당하다.",
            "피고인 1은 이 사건 사기 범행의 피해자들로부터 투자금을 모집하여 편취하기로 피고인 2와 공모한 사실이 없다.",
            "원심이 피고인 1에 대하여 선고한 형(징역 2년 6월)이 너무 무거워서 부당하다.",
            "특정경제범죄 가중처벌 등에 관한 법률 제3조 제1항에서 말하는 이득액은 단순한 편취액의 합산액이 아니라 실질적인 이득액을 말하는 것이므로, 원심은 피고인 2가 이 사건 각 사기 범행으로 인하여 실제 취득한 이득액을 초과하는 금액을 이득액으로 잘못 인정하였다.",
            "유사수신행위의 규제에 관한 법률에 의하여 금지되는 유사수신행위는 인가ᆞ허가ᆞ등록 또는 신고를 하지 아니한 채 ‘불특정다수인’으로부터 자금을 조달하는 것을 업으로 하는 행위를 말하는 것인데, 피고인 2는 특정 거래를 통하여 알게 된 몇몇 지인들을 통하여 이 사건 투자금을 교부받았을 뿐이므로, 불특정다수인을 상대로 자금을 조달하였다고 할 수 없다.",
            "원심이 피고인 2에 대하여 선고한 형(징역 6년)이 너무 무거워서 부당하다."
        ]
    },
    "facts": {
        "bsisFacts": [
            "피고인 1이 피고인 2와 공모하여 2002.1.10.부터 2002.2.27.까지 사이에 7회에 걸쳐 합계74,823,000원을 편취하여 유사수신행위를 한 사실과 2003.11.14.공소외 1로부터 250,000,000원을 편취하여 유사수신행위를 한 사실을 충분히 인정할 수 있다."
        ]
    },
    "dcss": {
        "courtDcss": [
            "피고인들 및 검사의 항소이유에 관하여 판단하기에 앞서 직권으로 살피건대, 원심판결들에는 다음과 같은 직권파기사유가 있으므로, 원심판결들 중 피고사건 부분은 모두 그대로 유지될 수 없어 파기되어야 할 것이다.",
            "당심에 이르러 피고인 1에 대한 원심판결들의 항소사건이 병합되어 동시에 판결하게 되었는데, 위 원심판결들 중 피고인 1에 대한각 유죄 부분은 형법 제37조 전단의 경합범 관계에 있어 형법 제38조에 의하여 하나의 형을 선고하여야 하므로, 원심판결들중 피고인 1에 대한 각 유죄 부분은 더 이상 그대로 유지될 수 없다.",
            "검사가 당심에 이르러 제1 원심판결에 관한 공소사실 중 일부에 관하여 다음 1.내지 3.과 같이 공소장변경신청을 하고 당원이 이를허가하였으므로, 당초 제기된 공소사실을 대상으로 심리,판단한 제1 원심판결의 피고인 1에 대한 무죄 부분 전부와 유죄 부분 일부 및 그 일부 유죄 부분과 형법 제37조 전단의 경합범 관계에 있는 나머지 유죄 부분 전부는 더 이상 유지될 수 없다.",
            "피고인 1에 대한 유사수신행위의규제에관한법률위반 부분을 별지 공소장 변경내역(1)기재와 같이 변경한다.피고인 1에 대한 사기 부분 중 피해자 공소외 3에 대한 부분을 별지 공소장 변경내역 (2)기재와 같이 변경한다.피고인 1에 대한 사기 부분 중 피해자 공소외 1에 대한 부분을 별지 공소장 변경내역(3)기재와 같이 변경한다.",
            "검사가 당심에 이르러 제2 원심판결에 관한 공소사실 중 일부에 관하여 다음 1.내지 4.와 같이 공소장변경신청을 하고 당원이 이를허가하였으므로, 당초 제기된 공소사실을 대상으로 심리ᆞ판단한 제2 원심판결의 피고인들에 대한 각 무죄 부분 전부와 유죄부분 일부 및 그 일부 유죄 부분과 형법 제37조 전단의 경합범 관계에 있는 나머지 유죄 부분 전부는 더 이상 유지될 수 없다.",
            "피고인 2에 대한 사기 부분 중 피해자 배상신청인 1, 공소외 4에 대한 부분을 별지 공소장 변경내역 (4)기재와 같이 변경한다.피고인 2에 대한 사기 부분 중 피해자 공소외 1에 대한 부분을 별지 공소장 변경내역 (5)기재와 같이 변경한다.",
            "또한, 피고인들에 대한 사기 부분 중 피해자 공소외 2에 대한 부분을 별지 공소장 변경내역 (6)기재와 같이 변경한다.피고인 2에 대한 유사수신행위의규제에관한법률위반 부분을 별지 공소장 변경내역 (7)기재와 같이 변경한다."
        ]
    },
    "close": {
        "cnclsns": [
            "원심판결들 중 피고사건 전부에 관하여는 위와 같은 직권파기사유가 있으므로, 형사소송법 제364조 제2항, 제6항에 의하여 이를 모두 파기하고, 변론을 거쳐 다시 다음과 같이 판결한다."
        ]
    }
}