{
    "info": {
        "caseField": "2",
        "detailField": "6",
        "trailField": "1",
        "caseNm": "사기미수·사문서위조·컴퓨터등사용사기",
        "courtNm": "서울중앙지방법원",
        "judmnAdjuDe": "2005. 11. 17.",
        "caseNo": "2005고단4554-1",
        "relateLaword": [
            "형법 제352조",
            "형법 제347조",
            "형법 제30조",
            "형법 제231조",
            "형법 제37조",
            "형법 제38조",
            "형법 제50조",
            "형법 제57조",
            "형법 제62조",
            "형법 제48조"
        ],
        "qotatPrcdnt": []
    },
    "concerned": {
        "acusr": "4",
        "dedat": "1"
    },
    "org": {
        "orgJdgmnCourtNm": "",
        "orgJdgmnAdjuDe": "",
        "orgJdgmnCaseNo": ""
    },
    "disposal": {
        "disposalform": "6",
        "disposalcontent": [
            "피고인 1을 징역 2년 6월에, 피고인 2를 징역 2년에 각 처한다.",
            "이 판결선고 전의 구금일수 123일을 피고인 1에 대한 위 형에, 124일을 피고인 2에 대한 위 형에 각 산입한다.",
            "다만 피고인 2에 대하여는 이 판결확정일로부터 3년간 위 형의 집행을 유예한다.",
            "증 제1, 2, 3호를 피고인 2로부터 몰수한다.",
            "피고인 2에게 120시간의 사회봉사를 명한다."
        ]
    },
    "mentionedItems": {
        "rqestObjet": [
            "피고인들은 도용한 대한불교적멸종 총무원 법인 명의의 농협중앙회 예금계좌(계좌번호 : (생략))에 1억 원이 송금된 것처럼 허위의 정보를 입력하는 방법으로 그 즉시 위 계좌로 1억 원이 입금되도록 함으로써 동액 상당의 재산상 이익을 취득하였으므로 처벌받아야 한다."
        ]
    },
    "assrs": {
        "acusrAssrs": [],
        "dedatAssrs": []
    },
    "facts": {
        "bsisFacts": [
            "피고인 1은 2003.12.25.서울고등법원에서 유가증권 위조죄 등으로 징역 2년, 집행유예 3년을 선고받고 그 유예 기간 중에 있는 등 범죄전력이 4회 있는 자로서 청와대, 국정원, 재경부, 금감원, 국세청, 검찰청 등을 사칭하여 6개 사기미수, 사문서위조, 컴퓨터 등 사용사기 (판례, 2005고단4554-1)부처와 합동으로 국책 사업을 수행하는 것처럼 소위 국제금융기구 집행부 외부 책임자로 행세하는 자이다.",
            "피고인 2는 2000.8.22.대법원에서 부정수표단속법 위반죄로 징역 2년 6월을 선고받고 목포교도소에 복역하다가 2001.12.7.그 형의 집행을 종료하는 등 범죄전력이 14회 있는 자로서 공소외 5 주식회사 부사장으로 행세하는 자이다.",
            "공동피고인 4는 2001.10.25.서울중앙지방법원에서 사기죄로 징역 8월을 선고받고 영등포구치소에 복역하다가 2001.12.14.그 형의 집행을 종료하는 등 범죄전력이 5회 있는 자로서 피고인 1을 보좌하는 국제금융기구 직원으로 행세하는 자이다.",
            "공동피고인 5는 1994.11.10.춘천지방법원 원주지원에서 상습도박죄로 징역 8월, 집행유예 1년을 선고받는 등 범죄전력이 3회 있는 자로서 정부 국책사업을 수행하는 민간인 책임자로 일명 00으로 행세하는 자이다.",
            "공동 피고인 3은 2001.4.4.인천지방법원에서 공문서위조죄 등으로 징역 2년 6월을 선고받고 광주교도소에서 복역하다가 2002.8.14.가석방되어 2003.3.7.그 가석방기간이 경과하는 등 범죄전력이 3회 있는 자로서 공소외 4 주식회사 전무이사로 행세하는 자이다.",
            "공동피고인 7은 1996.4.9.서울형사지방법원에서 자동차관리법 위반죄로 벌금 30만 원의 약식명령을 받는 등 범죄전력이 5회 있는 자로서 청와대 비실명 비자금을 관리하는 민간 집행부관리자로 행세하는 자이다.",
            "사실은 정부에서 금융기관에 차명 또는 휴면계좌로 관리해 오는 수십조 원의 비자금이 없을 뿐만 아니라 이를 실명화하여 국책사업에 사용하려고 하는 사실이 전혀 없고 피고인들 및 공동피고인들은 청와대나 국정원 등과 아무런 관련이 없다.",
            "금융기관의 경우 실제 송금한 사람이 없더라도 금융기관 단말기의 전산작업을 통하여 특정계좌에 돈이 송금된 것으로 처리하는 소위 '무자원 송금'방법이 있다는 사실을 알고, 청와대 등을 사칭하여 위와 같은 방법으로 특정계좌에 입금한 후 인출하는 방법으로 금원을 편취하기로 한 다음 대상을 물색 중이었다.",
            "2005.5.3.경 0000 소재 000에서 시도하였으나 경찰에 의하여 적발되어 지명수배되자 도피생활을 하면서 또다시 위와 같은 방법으로 금원을 편취하기로 마음먹고 대상을 물색하던 중이었다.",
            "가.피고인 1, 2, 공동피고인 4, 공동피고인 5, 공동피고인 7은 000 국회의원 공소외 6의 보좌관 행세를 하는 공소외 7, 대통령 영부인 00 여사와의 인맥을 사칭하는 공소외 8, 청와대 경제분석실장으로 행세하는 전명불상(일명 00), 국정원 팀장으로 행세하는 공소외 9, 국제금융기구 집행부 이사로 행세하는 공소외 1과 공모하였다.",
            "2005.5.19.0000 00000 부근 00000 9층 객실에서, 피고인들 및 공동피고인들은 000 지점장인 공소외 2(54세)에게 \"청외대 비실명 비자금을 관리하는 민간인 집행부 소속으로 국책사업을 수행하고 있는데 000 2(54세)에게 청외대 비실명 비자금을 관리하는 민간인 집행부 소속으로 국책사업을 수행하고 있는데 000부처와 합동으로 양성화하는 업무를 담당하고 있다.\"",
            "\"000에서 설치된 컴퓨터 단말기 온라인망을 이용하여 54조 원을 지정된 계좌에 무자원으로 입금토록 해주면 사례금으로 500억 원을 지불하고 신분보장과 승진을 시켜주겠다\" 는 취지로 거짓말 하고, 2005.5.24.19:00경 0000의 6 소재 000맞은편 0000에서 위 공소외 2에게 \"기관원들이 000을 둘러싸고 있으니 걱정하지 말고 54조 원을 입금시켜라\" 고 거짓말하였다.",
            "이에 속은 위 공소외 2로 하여금 집에 귀가한 위 000 차장 00을 전화로 불러내어 피고인들이 알려준 000 예금계좌에 9조 원씩 5회에 걸쳐 무자원 입금토록 한 다음 이를 인출하는 방법으로 54조 원을 편취하려고 하였으나 공소외 10이 거절하는 바람에 그 뜻을 이루지 못하고 미수에 그쳤다.",
            "피고인 2는 2005.3.경 0000 이하 불상지에서, 컴퓨터와 칼라 프린트기를 이용하여 000의 기자 신분증의 뒷면 부분 성명란에 '공소외 24', 주민등록번호란에 '(주민등록번호 생략)', 직위란에 '이사'라고 기재한 다음 000 사장의 직인을 칼라인쇄하고, 앞면부분에 피고인의 사진을 부착함으로써 사실증명에 관한 사문서인 위 000 사장 명의의 기자 신분증 1장을 위조하였다.",
            "피고인들은 공동피고인 4, 공동피고인 5, 공동피고인 7, 공동피고인 6, 공동피고인 3, 공소외 25, 공동피고인 8, 공소외 1, 공소외 3 등과 공모하여, 2005.5.3.16:30경 0000 소재 000에서, 사실은 돈을 송금하도록 의뢰된 사실이 없었음에도 아래와 같이 재산상의 이득을 취득하였다.",
            "위 000직원인 공소외 3으로 하여금 동인이 위 000의 사무실에서 사용하는 컴퓨터 단말기를 이용하여 피고인들이 도용한 000 총무원 법인 명의의 000 예금계좌에 1억 원이 송금된 것처럼 허위의 정보를 입력하는 방법으로 그 즉시 위 계좌로 1억 원이 입금되도록 함으로써 동액 상당의 재산상 이익을 취득하였다."
        ]
    },
    "dcss": {
        "courtDcss": [
            "피고인 1을 징역 2년 6월에, 피고인 2를 징역 2년에 각 처한다.",
            "이 판결선고 전의 구금일수 123일을 피고인 1에 대한 위 형에, 124일을 피고인 2에 대한 위 형에 각 산입한다.",
            "다만 피고인 2에 대하여는 이 판결확정일로부터 3년간 위 형의 집행을 유예한다.",
            "증 제1, 2, 3,호를 피고인 2로부터 몰수한다.",
            "피고인 2에게 120시간의 사회봉사를 명한다."
        ]
    },
    "close": {
        "cnclsns": [
            "피고인 1을 징역 2년 6월에, 피고인 2를 징역 2년에 각 처한다.",
            "이 판결선고 전의 구금일수 123일을 피고인 1에 대한 위 형에, 124일을 피고인 2에 대한 위 형에 각 산입한다.",
            "다만 피고인 2에 대하여는 이 판결확정일로부터 3년간 위 형의 집행을 유예한다.",
            "증 제1, 2, 3,호를 피고인 2로부터 몰수한다.",
            "피고인 2에게 120시간의 사회봉사를 명한다."
        ]
    }
}