{
    "info": {
        "caseField": "2",
        "detailField": "6",
        "trailField": "1",
        "caseNm": "특정경제범죄가중처벌등에관한법률위반(사기),사기",
        "courtNm": "서울중앙지방법원",
        "judmnAdjuDe": "2006. 05. 26.",
        "caseNo": "2005고합1171",
        "relateLaword": [
            "특정경제범죄 가중처벌 등에 관한 법률 제3조",
            "형법 제347조",
            "형법 제30조",
            "형법 제37조",
            "형법 제38조",
            "형법 제50조",
            "형법 제53조",
            "형법 제55조",
            "형법 제57조",
            "형법 제62조",
            "보호관찰 등에 관한 법률 제59조"
        ],
        "qotatPrcdnt": []
    },
    "concerned": {
        "acusr": "4",
        "dedat": "1"
    },
    "org": {
        "orgJdgmnCourtNm": "",
        "orgJdgmnAdjuDe": "",
        "orgJdgmnCaseNo": ""
    },
    "disposal": {
        "disposalform": "6",
        "disposalcontent": [
            "피고인 1을 징역 3년에, 피고인 2를 징역 1년 6월에 각 처한다.",
            "피고인 1에 대하여는 이 판결 선고 전의 구금일수 165일을 위 형에 산입한다.",
            "다만, 이 판결 확정일로부터 피고인 1에 대하여는 5년간, 피고인 2에 대하여는 3년간 위 각 형의 집행을 유예한다.",
            "피고인 1에 대하여 120시간의 사회봉사를 명한다."
        ]
    },
    "mentionedItems": {
        "rqestObjet": [
            "피고인 1을 징역 3년에, 피고인 2를 징역 1년 6월에 각 처한다.",
            "피고인 1에 대하여는 이 판결 선고 전의 구금일수 165일을 위 형에 산입한다.",
            "다만, 이 판결 확정일로부터 피고인 1에 대하여는 5년간, 피고인 2에 대하여는 3년간 위 각 형의 집행을 유예한다.",
            "피고인 1에 대하여 120시간의 사회봉사를 명한다."
        ]
    },
    "assrs": {
        "acusrAssrs": [],
        "dedatAssrs": [
            "피고인들은, 이 부분 공소사실의 기재에 의하면 피고인들이 관광지 전체부지 중 펜션부지의 면적, 토지 분양조건, 펜션건축조건 및 전매가능성, 전매수익의 문제, 등기문제에 대하여 피고인 등이 피해자들을 기망하였다고 되어 있으나, 관광지 전체부지 중 펜션부지가 25%에 불과하다는 것은 오히려 펜션부지의 가치를 높이는 요소이다.",
            "위 관광지 전체부지가 모두 등기이전의 대상이 되는 점, 계산관광지 개발사업협약서 제5조 제2항 제2호의 내용에 의하면 토지를 분양받은 개인이 건축주가 되어야 하기 때문에 당연히 개인이 펜션을 건축할 수 있다.",
            "이 사건 분양된 펜션부지에 대한 전매금지 조항은 개발사업협약서 어디에도 존재하지 않았다.",
            "실제로 위 개발사업협약서 규정에 의하면 이 사건 토지는 대지조성공사 후 개별분할등기가 가능한 점 등에 비추어 보면 피고인들은 피해자들을 기망한 사실이 없다고 주장한다.",
            "피고인 1은, 공소외 17에게 0000 임야(이하 이 사건 'OOOO' 토지라 한다)주변 일대가 신도시로 개발되고 관공서가 들어설 예정이기 때문에 지가가 폭등한다고 교육을 하였다.",
            "위와 같은 내용으로 불특정 다수인에게 무작위로 전화하여 위 임야를 매매토록 지시한 사실이 없고, 이 사건 방계리 토지 인근에 000 등이 들어서는 등 계속적으로 발전 가능하다는 취지로 교육하였을 뿐이라고 주장한다."
        ]
    },
    "facts": {
        "bsisFacts": [
            "1998.2.11.0000 고시 98-9호로 0000(이하 'OOOO'라 한다)일원 135,806㎡(약 41,000평)에 대하여 국토이용계획변경이 이루어지고, 1998.7.24.충북도 고시 98-97호로 위 지역이 관광지(이하 '계산관광지'라 한다)로 지정되었다.",
            "OOOO는 그 후 계산관광지에 펜션, 눈썰매장, 바비큐장, 족구장 등 조성사업을 전액 민자를 유치하여 진행하려고 노력하던 중 2003.7.24.000와 계산관광지 조성사업 추진을 위한 개발약정을 체결하였다.",
            "위 개발약정서(서울중앙지방검찰청 2005형제133783호 사건의 수사기록 제189쪽)에 의하면 000의 의무로 1 계산관광지에 친환경 펜션단지를 조성한다.",
            "관광진흥법령에 따라 관광지조성계획승인(도지사)및 조성사업시행허가(제천시장)를 받은 후 사업을 추진한다.",
            "펜션 등 시설의 분양은 OOOO와 협의하여 건물과 토지의 동시분양방법으로 추진해야 하고 불이행시 OOOO가 계산관광지를 지정해제하여도 이의를 제기하지 아니하며 이로 인해 발생한 피해는 000의 책임으로 한다,",
            "OOOO의 의무로 000가 계산관광지 조성을 위한 민간사업자로서 적합하다고 판단되고 조성계획절차 이행 등에 성실사업자로서의 신뢰를 얻을 경우 000에 대하여 계산관광지 조성사업 민간개발자로 지정하고 조성사업시행을 허가한다라고 규정하고 있다.",
            "한편, OOOO는 2003.6.5.000에 계산관광지 개발관련 협조요청(위 수사기록 제383쪽)을 통해 계산지구는 관광진흥법에 의거 OOOO가 지정한 관광지이다.",
            "OOOO의 계획에 맞게 개발되어야 하는데 아직까지 구체적인 계획 수립과 사업자 지정이 되지 않았으므로 OOOO와 협의 없는 일체의 개발관련 광고를 금지해 줄 것과 OOOO와 개발협약체결 및 조성계획승인을 받은 다음 OOOO와 협의하여 일체의 개발행위를 추진하여 줄 것을 요청하였다.",
            "2003.6.16.계산관광지 토지분양 광고금지 요청(위 수사기록 제384쪽), 2003.7.8.계산관광지 개발약정서(안)검토회신 및 토지분양광고 금지요청(위 수사기록 제385쪽), 2003.7.12.계산관광지 개발관련 협조요청(위 수사기록 제386쪽)등을 통해 아래와 같은 취지의 공문을 각 000에 송부하였다.",
            "\"000에서 계산관광지 토지를 평당 37만 원 정도에 200～300평씩 분양하고 있는데, 구입해도 되겠는지를 묻는 문의가 있으니 광고금지를 하여 달라.계산관광지는 토지만을 분양하는 것은 부동산투기 및 관광지조성 지연이 예상되니 토지와 건물을 동시에 분양해야 한다.향후 토지분양을 계속할 경우 000에 대한 개발사업자 지정 배제 및 관광지지정 해제절차를 검토하겠다.\"",
            "000 전무이사 공소외 1은 2003.6.5.위와 같은 OOOO의 공문에 대하여 펜션분양광고는 000가 아닌 동업계 주변 사람들이 한 것으로 인지되고 있다며 000는 펜션분양을 하지 않는다는 허위 내용의 답신을 보냈다.",
            "충청북도지사는 2005.1.13.계산관광지 조성계획을 최종 승인하였고(2005.4.12.시행면적이 일부 변경되었다), 이에 따라 OOOO와 000는 2005.7.12.계산관광지 개발사업협약을 체결하였으며, 제천시장은 2005.7.13.000에 계산관광지 조성사업 시행허가를 해 주었다.",
            "2005.7.12.자 OOOO와 000 사이의 개발사업협약서에 의하면, 제5조 제2항에서 000는 조성사업계획에 의거 펜션 단지를 조성하여야 하고, 대지조성공사 완료 후 관광펜션 희망자에게 필지별로 토지를 분할 매각하되 펜션부지 및 건축분양과 관련한 000의 의무사항은 다음과 같다.",
            "1.관광지조성계획에 따라 펜션을 건축한 후 관광펜션업으로 등록하고 운영하겠다는 자를 대상으로 계약을 체결하고 토지및 건축물을 동일인에게 매각하여야 한다.",
            "2.000는 조성사업 민간개발자 신분으로 관광펜션 조성을 위한 대지조성 및 건축물 일괄시공의 방식으로 추진하되, 대지조성공사가 완료되면 토지는 토지매입자에게 등기이전할 수 있고, 건축물은 000가 일괄시공하며 건물이 준공되면 건축주(토지주)명의로 등기이전하여야 한다",
            "OOOO에서 2003.5.경 민간사업자들에게 배포한 계산관광지 민자유치 개발계획 자료에 의하면 숙박시설은 전체 부지 135,806㎡ 중 24,200㎡로 되어 있었고, 000가 2003.6.경 OOOO에 제출한 사업계획서에 의하면 전체 관광지구 부지 중 36.8%인 50,000㎡를 펜션부지로 개발하겠다는 것이었다.",
            "그 뒤 2004.2.경 2종 지구단위계획변경을 위해 000에서 제출한 토지이용조서에 의하면 전체부지 중 53,830㎡에 펜션을 건축하겠다는 것이었는데, 2005.1.13.OOOO에서 승인한 조성계획에 의하면 계산관광지 내 펜션부지는 전체 부지 135,806㎡ 중 24.8%에 해당하는 33,651㎡이고, 건축면적은 5%에 불과한 6,922㎡이다.",
            "피고인들을 비롯한 임원 및 부장들은 내부 교육을 통해 텔레마케터들에게 계산관광지 내의 토지는 모두 개인적으로 펜션을 건축할 수 있는 토지이고, 사 두면 몇 배의 이익을 낼 수 있으며, 대지조성공사 후 개별분할등기가 가능한 토지이다라는 취지로 교육하였고, 텔레마케터로부터 전화 상담을 받고서 000 사무실을 방문한 피해자들에게 위 범죄사실 기재와 같이 펜션부지를 매도하였다.",
            "000에서는 OOOO와의 당초 약정대로 기반조성공사를 완료한 후 일반분양을 해야 함에도 위와 같이 선분양하는 바람에 이 사건 펜션부지를 매수한 피해자들에게 개별적인 건축이 불가능하고, 토지분필 등기 후에 펜션건축물도 별도로 구입하여 반드시 관광펜션업을 해야 한다거나 전체부지에서 펜션부지가 4분의 1에 불과하다는 사실 등에 대하여 아무런 설명을 하지 않았다."
        ]
    },
    "dcss": {
        "courtDcss": [
            "이 사건 펜션부지를 매도하기 시작한 2003.5.경 당시는 0000와 사이에 계산관광지 개발과 관련하여 아무런 약정도 체결되기 이전의 단계였다.",
            "2003.7.24.OOOO와 약정이 체결된 이후에도 000는 장차 계산관광지 조성을 위한 민간사업자로서 적합하다고 판단되고 조성계획절차 이행 등에 성실사업자로서의 신뢰를 얻을 경우 민간사업자로 지정되고, 조성사업시행허가를 얻을 수 있는 지위에 있었던 것 뿐이다.",
            "피고인들이 이 사건 범죄사실 기재와 같이 OOOO 토지를 매도한 2003년경은 OOOO와의 2003.7.24.자 약정이 적용되던 때로서 위 약정서에 의하면 펜션 등 시설의 분양은 건물과 토지의 동시분양 방법으로 추진하도록 되어 있다.",
            "위 약정체결 이전에 OOOO는 OOOO와 협의 없는 일체의 개발관련 광고금지, 토지 선분양금지를 요청하였음에도 불구하고 000는 2003.6.5.000 펜션 분양을 하지 않는다는 허위 내용의 답신을 보내기까지 하면서 분양을 계속하였다.",
            "최종 승인된 계산관광지 조성계획에 의하면, OOOO 토지는 펜션부지가 아닌 운동오락시설부지로 펜션을 지을 수 없는 곳임에도 000는 피해자 공소외 21, 25, 33, 42, 43에게 위 토지 위에 개별적으로 펜션을 지을 수 있다며 이를 매도하였다.",
            "더욱이 OOOO는 2003.11.25.보전임지로 OOOO과 인접하여 있어 펜션이나 상업시설 설치가 불가하고 OOOO의 관광지 추가개발구역에 포함되어 있지 않아 향후 추가개발이 불가한 지역임을 명시하며 이를 분양하지 말라는 요청을 하기도 하였다.",
            "OOOO가 2003.5.경 배포한 계산관광지 민자유치 개발계획 자료에 의하면 숙박시설은 전체 부지 135,806㎡ 중 24,200㎡로 되어 있었고, 000가 2003.6.경 OOOO에 제출한 사업계획서에 의하면 전체 관광지구 부지 중 36.8%인 50,000㎡를 펜션부지로 개발하겠다는 것이었다.",
            "피고인들은 마치 계산관광지 내 모든 토지가 개인적으로 펜션을 건축할 수 있는 토지라고 광고하였다.",
            "피고인들이 OOOO 토지를 매도한 2003년경에는 2003.7.24.자 약정에 의하여 건물과 토지를 동시분양하여야 하므로 개별적으로 펜션을 건축하는 것이 불가능하였다.",
            "2005.7.12.자 개발사업협약서에 의하더라도 계산관광지내의 펜션은 관할관청의 지정을 받아 관광펜션업을 영위하는 용도로만 사용되어야 하므로 계산관광지내의 토지를 분양받더라도 사업용이 아닌 개인용의 펜션을 개별적으로 건축할 수 없고 시공자인 000가 일괄시공한 펜션 40동 중 일부를 토지와 함께 분양받아야 한다.",
            "000는 위와 같은 사실을 숨긴 채 피해자들에게 이 사건 OOOO 토지에 개인적으로 펜션을 건축할 수 있고, 전매할 경우에는 단기간에 3~4배의 수익이 예상된다는 등의 내용으로 거짓말하였다.",
            "피해자 공소외 14, 25, 27, 28, 29, 30, 31 등은 검찰에서, 개별적으로 개인용도의 펜션을 건축하는 것은 불가능하고 반드시 펜션업을 해야 한다거나 전체부지에서 펜션부지가 4분의 1에 불과하다는 사실 등을 알았더라면 본건 펜션부지의 매수하지 않았을 것이라고 진술하였다.",
            "피고인들은 위와 같은 내용으로 피해자들을 기망하여 이에 속은 피해자들로부터 펜션부지의 매매대금 명목으로 금원을 편취한 사실을 충분히 인정할 수 있으므로, 피고인들 및 변호인의 주장은 이유 없어 받아들이지 아니한다.",
            "피고인 1은 검찰 제1회 피의자신문시, OOOO에서 용역회사에 OOOO 배후도시건설 기본계획에 관해 용역 의뢰만 하였을 뿐 신도시 개발계획이 확정된 사실이 없음을 알고 있었지만 OOOO이 용역회사에 용역을 의뢰하여 받은 보고서에 따라 이 사건 OOOO 토지 주변에 신도시가 들어설 예정이라고 직원들에게 교육한 사실이 있다고 진술하였다.",
            "공소외 17은 수사기관에서, 피고인을 비롯한 전무이사 공소외 1, 상무이사 공소외 2 등이 매일 조회시간 및 석회 시간에 전직원을 상대로 판매할 땅에 대해 개발계획 등을 구체적으로 이야기하면서 열심히 팔라는 취지로 교육을 하는데, 이 사건 OOOO 토지에 대하여는 이 사건 OOOO 토지 주변 일대가 신도시로 개발되고 관공서가 들어선다는 교육을 받고 피해자 00에게 위와 같이 설명하였다고 진술한다.",
            "피고인 1이 공소외 17에게 이 사건 OOOO 토지 주변 일대가 신도시로 개발되고 관공서가 들어설 예정이기 때문에 지가가 폭등한다고 교육을 하고 불특정 다수인에게 무작위로 전화하여 위 임야를 매매토록 지시함으로써, 공소외 17이 위 피해자에게 위와 같은 내용으로 거짓말하여 이에 속은 위 피해자로부터 매매대금 명목으로 105,000,000원을 편취한 사실을 넉넉히 인정할 수 있다.",
            "피고인 1 및 변호인의 위 주장도 이유 없어 받아들이지 아니한다.",
            "피고인 1이 나름대로 자신을 잘못을 뉘우치고 있고, 이 사건 이전에 실형전과가 없고, 000가 공소외 14 외 94명의 피해자들에게 이 사건 OOOO 토지를 매도한 이후 000가 계산관광지 조성사업 시행허가를 얻어 현재 대지조성공사가 진행 중이어서 위 피해자들도 피고인 1의 처벌보다는 본건 사업의 원활한 진행을 희망하는 것으로 보인다.",
            "피고인 1은 피해자 공소외 18에 대하여 편취금액 105,000,00원 전부를 공탁한 점, 000는 피해자 공소외 21에게 편취금액 일부를 반환하고 위 피해자와 합의하였고, 해약을 원하는 피해자들 중 일부에게 그들로부터 편취한 매매대금 중 일부를 반환하였다.",
            "피고인 1의 연령, 성행, 범행 가담 정도, 범행의 동기, 수단과 결과, 범행 후의 정황 등 여러 사정을 참작하여 주문과 같이 형을 정한다.",
            "피고인 2가 나름대로 자신을 잘못을 뉘우치고 있고, 피고인 2가 이 사건 이전에 실형전과가 없고, 000가 위 피해자들에게 이 사건 OOOO 토지를 매도한 이후 000가 계산관광지 조성사업 시행허가를 얻어 현재 대지조성공사가 진행 중이어서 위 피해자들도 피고인 2의 처벌보다는 본건 사업의 원활한 진행을 희망하는 것으로 보인다.",
            "000는 해약을 원하는 피해자들 중 일부에게 그들로부터 편취한 매매대금 중 일부를 반환하였고, 피고인 2의 경우 이 사건 범행에 있어 주도적 역할을 하였던 피고인 1등에 비하여 가담정도가 비교적 가벼울 뿐만 아니라 자수한 점 등 피고인 2의 연령, 성행, 범행 가담 정도, 범행의 동기, 수단과 결과, 범행 후의 정황 등 여러 사정을 참작하여 주문과 같이 형을 정한다."
        ]
    },
    "close": {
        "cnclsns": [
            "피고인 1을 징역 3년에, 피고인 2를 징역 1년 6월에 각 처한다.",
            "피고인 1에 대하여는 이 판결 선고 전의 구금일수 165일을 위 형에 산입한다.",
            "다만, 이 판결 확정일로부터 피고인 1에 대하여는 5년간, 피고인 2에 대하여는 3년간 위 각 형의 집행을 유예한다.",
            "피고인 1에 대하여 120시간의 사회봉사를 명한다."
        ]
    }
}