{
    "info": {
        "caseField": "2",
        "detailField": "6",
        "trailField": "2",
        "caseNm": "사기,사기미수,사문서위조,위조사문서행사,공문서부정행사",
        "courtNm": "서울중앙지법",
        "judmnAdjuDe": "2006. 01. 05.",
        "caseNo": "2005노3145",
        "relateLaword": [
            "형법 제51조 ",
            "형사소송법 제361조"
        ],
        "qotatPrcdnt": []
    },
    "concerned": {
        "acusr": "1",
        "dedat": "4"
    },
    "org": {
        "orgJdgmnCourtNm": "서울중앙지법",
        "orgJdgmnAdjuDe": "2005. 9. 21.",
        "orgJdgmnCaseNo": "2005고단1853"
    },
    "disposal": {
        "disposalform": "10",
        "disposalcontent": [
            "원심판결을 파기한다.",
            "피고인 피고인 1을 징역 2년, 피고인 피고인 2를 징역 6월에 각 처한다.",
            "원심판결 선고 전의 구금일수 195일을 피고인 피고인 1에 대한 위 형에, 원심판결 선고 전의 구금일수 중 78일을 피고인 피고인 2에 대한 위 형에 각 산입한다."
        ]
    },
    "mentionedItems": {
        "rqestObjet": [
            "피고인 피고인 1에게는 불법영득의 의사가 없었으며 인감증명서가 사기죄의 편취 대상이 되는 재물이라고 보기도 어려운데도, 원심은 사실을 오인하거나 법리를 오해하여 이 부분 공소사실을 유죄로 인정하였다.",
            "이 사건 공소사실에는 피고인이 공소외 1의 실종에 책임이 있다는 부분이 포함되어 있지 않은데도 원심은 죄형법정주의의 원칙과 불고불리의 원칙에 위배하여 피고인 피고인 1에게 공소외 1의 실종에 대한 책임을 물어 징역 10년이라는 중형을 선고하는 위법을 저질렀다.",
            "피고인 피고인 1이 공소외 1과 결혼을 하려다 한차례 연기된 이후 공소외 1과 그의 가족들로부터 차가운 대우를 받아오다 공소외 1이 갑자기 사라지자 자신과 결혼을 하기 싫어 잠적해버린 것으로 생각한 나머지 화가 나서 이 사건 범행에 이르게 된 점, 피고인 피고인 1은 아무런 전과가 없는 초범이고 이 사건 범행으로 인한 재산적 피해를 충분히 회복해 놓은 점 등에 비추어 보면, 피고인 피고인 1에게 징역 10년을 선고한 원심의 형량은 너무 무거워서 부당하다.",
            "피고인 피고인 2는 휴대폰 사용요금을 지로로 납부하면 되는 것으로 알고 있었을 뿐 공소외 2에게 잠시 통장을 빌려주면 휴대폰 사용요금을 틀림없이 결제하겠다고 거짓말을 한 사실이 없는데도, 원심은 사실을 오인하여 이 부분 공소사실을 유죄로 인정하는 잘못을 저질렀다.",
            "피고인 피고인 2가 장기간 실직상태에 놓여 경제적 궁핍에 시달리다가 피고인 피고인 1로부터 남편인 공소외 1이 교통사고를 당하여 혼수상태에 있어서 병원비를 마련하여야 한다는 부탁을 받고 이 사건 범행에 이르게 된 점, 피고인 피고인 2가 이 사건 범행으로 인하여 얻은 실질적인 이익은 200,000원 정도에 불과하고, 아무런 동종 전과가 없는 점 등에 비추어 보면, 피고인 피고인 2에게 징역 2년을 선고한 원심의 형량은 너무 무거워서 부당하다."
        ]
    },
    "assrs": {
        "acusrAssrs": [],
        "dedatAssrs": [
            "피고인 피고인 1에게는 불법영득의 의사가 없었으며 인감증명서가 사기죄의 편취 대상이 되는 재물이라고 보기도 어려운데도, 원심은 사실을 오인하거나 법리를 오해하여 이 부분 공소사실을 유죄로 인정하였다.",
            "이 사건 공소사실에는 피고인이 공소외 1의 실종에 책임이 있다는 부분이 포함되어 있지 않은데도 원심은 죄형법정주의의 원칙과 불고불리의 원칙에 위배하여 피고인 1에게 공소외 1의 실종에 대한 책임을 물어 징역 10년이라는 중형을 선고하는 위법을 저질렀다.",
            "피고인 피고인 1이 공소외 1과 결혼을 하려다 한차례 연기된 이후 공소외 1과 그의 가족들로부터 차가운 대우를 받아오다 공소외 1이 갑자기 사라지자 자신과 결혼을 하기 싫어 잠적해버린 것으로 생각한 나머지 화가 나서 이 사건 범행에 이르게 되었다.",
            "피고인 피고인 1은 아무런 전과가 없는 초범이고 이 사건 범행으로 인한 재산적 피해를 충분히 회복해 놓은 점 등에 비추어 보면, 피고인 피고인 1에게 징역 10년을 선고한 원심의 형량은 너무 무거워서 부당하다.",
            "피고인 피고인 2는 휴대폰 사용요금을 지로로 납부하면 되는 것으로 알고 있었을 뿐 공소외 2에게 잠시 통장을 빌려주면 휴대폰 사용요금을 틀림없이 결제하겠다고 거짓말을 한 사실이 없는데도, 원심은 사실을 오인하여 이 부분 공소사실을 유죄로 인정하는 잘못을 저질렀다.",
            "피고인 피고인 2가 장기간 실직상태에 놓여 경제적 궁핍에 시달리다가 피고인 피고인 1로부터 남편인 공소외 1이 교통사고를 당하여 혼수상태에 있어서 병원비를 마련하여야 한다는 부탁을 받고 이 사건 범행에 이르게 되었으므로, 원심의 형량은 너무 무거워서 부당하다.",
            "피고인 피고인 2가 이 사건 범행으로 인하여 얻은 실질적인 이익은 200,000원 정도에 불과하고, 아무런 동종 전과가 없는 점 등에 비추어 보면, 피고인 피고인 2에게 징역 2년을 선고한 원심의 형량은 너무 무거워서 부당하다."
        ]
    },
    "facts": {
        "bsisFacts": [
            "피고인 피고인 2가 2004.10.4.13:45경 0000 소재 강남역 부근 000 휴대폰 판매점에서 공소외 1 명의로 휴대폰 가입을 하면서 요금은 지로로 납부하겠다고 하자 위 판매점 직원인 공소외 3과 공소외 2가 피고인 피고인 2에게 휴대폰 개통시에는 반드시 금융계좌로 요금이 결제되도록 신청해야 한다고 말하였다.",
            "이에 피고인 피고인 2가 망설이자 공소외 3과 공소외 2가 임시로 공소외 2의 금융계좌번호를 기재하여 휴대폰을 개통시킨 다음 곧바로 위 피고인의 결제계좌로 변경할 수도 있다고 하자 피고인 피고인 2가 휴대폰 개통 후 결제계좌를 변경하겠다는 뜻으로 이를 승낙하고 공소외 2 명의의 계좌를 결제계좌로 하여 휴대폰에 가입하였다.",
            "피고인들이 결제계좌를 변경하지 않아 휴대폰 사용요금 85,630원이 공소외 2 명의의 위 계좌에서 인출된 사실을 각 인정할 수 있다."
        ]
    },
    "dcss": {
        "courtDcss": [
            "피고인들의 각 진술 등 원심이 적법하게 채택하여 조사한 증거들을 종합하면 이 부분 공소 사실을 충분히 인정할 수 있고, 인감증명서는 재산죄의 객체인 재물에 해당하며, 피고인들이 동사무소 직원을 기망하여 인감증명서를 교부받았다면 그에 대한 불법영득의 의사도 있었다고 할 것이다.",
            "원심이 사기죄 또는 그 외의 법리를 오해하여 판단을 그르친 잘못도 없다.",
            "원심판결의 이유를 보면 피고인이 공소외 1의 실종에 관련되어 있는 것으로 보인다는 취지의 내용이 포함되어 있기는 하나, 이는 양형의 이유 부분에서 이 사건 범행의 동기에 관하여 설시한 것에 불과하고 원심의 형의 양정 또한 이 사건 공소사실에 대한 처단형의 범위 내에서 이루어졌다.",
            "그와 같은 원심의 조치가 곧바로 죄형법정주의나 불고불리의 원칙에 위배되어 위법한 것이라고 볼 수는 없다.",
            "원심이 정한 형량이 과연 적정한 것인지에 관하여 보건대, 원심은 그 양형 이유 부분에서 피고인 피고인 1의 이 사건 범행 동기에 관하여 설시하면서, 피고인 피고인 1이 공소외 1의 실종에 관련되어 있고 공소외 1이 돌아오지 못한다는 것을 알고 전체적으로 보아 공소외 1의 실종이라는 큰 틀 안에서 그 실종에 따른 뒷마무리로 계획적으로 이 사건 범행을 범하였다고 판단하였다.",
            "원심의 원심이 정한 형량이 과연 적정한 것인지에 관하여 보건대, 원심은 그 양형 이유 부분에서 피고인 피고인 1의 이 사건 범행 동기에 관하여 설시하면서, 피고인 피고인 1이 공소외 1의 실종에 관련되어 있고 공소외 1이 돌아오지 못한다는 것을 알고 전체적으로 보아 공소외 1의 실종이라는 큰 틀 안에서 그 실종에 따른 뒷마무리로 계획적으로 이 사건 범행을 범하였다고 판단하였다.",
            "그와 같은 판단은 공소외 1이 누군가에 의해 살해되었으며 피고인 피고인 1이 공소외 1의 살해에 직접, 간접으로 관여되었다는 사실을 전제로 한 것으로 보인다.",
            "범죄의 구성요소가 아닌 양형의 이유가 되는 사실이라 할지라도 위와 같이 공소제기된 사실보다 훨씬 무거운 다른 범죄행위가 되는 사실을 피고인에게 불리한 양형의 요소로 참작할 경우에는 사실상 당해 사건으로 공소제기되지 아니한 범죄행위가 양형에 결정적인 영향을 미치게 될 가능성을 배제할 수 없다.",
            "그러한 사실에 대하여도 합리적인 의심을 배제할 정도의 엄격한 증명이 요구되는 것이고, 단지 그러한 의심이 있다는 사정만으로 이를 피고인에게 불리한 양형의 요소로 참작할 수는 없다고 할 것이다.",
            "이 사건 기록에 나타난 모든 증거들을 종합하여 보더라도 공소외 1이 누군가에 의하여 살해되었고 피고인 피고인 1이 공소외 1의 살해에 직접, 간접으로 관여되었다는 사실이 합리적인 의심 없이 증명되었다고 볼 수는 없다.",
            "위와 같은 사실을 피고인 피고인 1에게 불리한 양형의 요소로 참작하여 피고인에게 징역 10년을 선고한 원심의 형의 양정은 부당하다고 하지 않을 수 없고, 이 점을 지적하는 피고인 피고인 1의 주장은 이유 있다.",
            "피고인 피고인 2가 2004.10.4.13:45경 0000 소재 강남역 부근 000 휴대폰 판매점에서 공소외 1 명의로 휴대폰 가입을 하면서 요금은 지로로 납부하겠다고 하자 위 판매점 직원인 공소외 3과 공소외 2가 피고인 피고인 2에게 휴대폰 개통시에는 반드시 금융계좌로 요금이 결제되도록 신청해야 한다고 말한 사실이 인정된다.",
            "이에 피고인 피고인 2가 망설이자 공소외 3과 공소외 2가 임시로 공소외 2의 금융계좌번호를 기재하여 휴대폰을 개통시킨 다음 곧바로 위 피고인의 결제계좌로 변경할 수도 있다고 하자 피고인 피고인 2가 휴대폰 개통 후 결제계좌를 변경하겠다는 뜻으로 이를 승낙하고 공소외 2 명의의 계좌를 결제계좌로 하여 휴대폰에 가입한 사실이 인정된다.",
            "이후 피고인들이 결제계좌를 변경하지 않아 휴대폰 사용요금 85,630원이 공소외 2 명의의 위 계좌에서 인출된 사실을 각 인정할 수 있는바, 이에 의하면 피고인 피고인 2가 피고인 피고인 1과 공모하여 공소외 2를 기망하고 그 명의의 계좌를 빌려 휴대폰 사용요금 85,630원 상당의 재산상 이익을 편취하였다고 충분히 인정할 수 있으므로, 이 부분 주장은 이유 없다.",
            "피고인 피고인 2가 이 사건 범행으로 인하여 취득한 실질적인 이득은 200,000원 정도에 불과하다고 하더라도 경제적 대가만 주어진다면 어떠한 일이라도 대신 하겠다는 피고인 피고인 2의 행태가 이 사건과 같이 범죄행위를 유발할 위험성이 매우 크고, 여러 차례에 걸쳐 자신이 공소외 1인 것처럼 행세하여 이 사건 범행을 저지르는 등 피고인 피고인 2의 이 사건 범행 수법 및 죄질이 좋지 못하다.",
            "이 사건 범행은 피고인 피고인 1이 주도한 것으로서 사기로 인한 직접적인 재산 피해에 관하여는 대부분 변제공탁된 점, 피고인 피고인 2에게 동종 범행전력이 없고 자신의 잘못을 뉘우치고 있으며 구속기간 중 태어난 아들을 비롯하여 부양해야 할 가족이 있는 점 및 기타 피고인 피고인 2의 연령, 성행, 환경 등 양형의 조건이 되는 형법 제51조 소정의 여러 가지 사항들을 참작하여 본다.",
            "피고인 피고인 2에게 징역 2년을 선고한 원심의 형량은 너무 무거워서 부당하다고 인정된다."
        ]
    },
    "close": {
        "cnclsns": [
            "원심판결을 파기한다.",
            "피고인 피고인 1을 징역 2년, 피고인 피고인 2를 징역 6월에 각 처한다.",
            "원심판결 선고 전의 구금일수 195일을 피고인 피고인 1에 대한 위 형에, 원심판결 선고 전의 구금일수 중 78일을 피고인 피고인 2에 대한 위 형에 각 산입한다."
        ]
    }
}