{
    "info": {
        "caseField": "2",
        "detailField": "6",
        "trailField": "2",
        "caseNm": "특정경제범죄가중처벌등에관한법률위반(횡령) 인정된죄명:특정경제범죄가중처벌등에관한법률위반(사기) ,사문서위조,위조사문서행사",
        "courtNm": "서울고등법원",
        "judmnAdjuDe": "2006. 03. 17.",
        "caseNo": "2005노2164",
        "relateLaword": [
            "형사소송법 제364조"
        ],
        "qotatPrcdnt": []
    },
    "concerned": {
        "acusr": "4",
        "dedat": "1"
    },
    "org": {
        "orgJdgmnCourtNm": "서울중앙지방법원",
        "orgJdgmnAdjuDe": "2005. 9. 23. ",
        "orgJdgmnCaseNo": "2004고합1260"
    },
    "disposal": {
        "disposalform": "10",
        "disposalcontent": [
            "원심판결을 파기한다. ",
            "피고인을 징역 2년에 처한다. ",
            "다만, 이 판결 확정일부터 3년간 위 형의 집행을 유예한다."
        ]
    },
    "mentionedItems": {
        "rqestObjet": [
            "피고인은 피해자 회사를 기망한 적이 없고, 피해자 회사도 피고인의 말만 믿고 투자계약을 체결한 것이 아니라 자체적인 실사를 통해 투자결정을 하였으므로 피고인의 행위와 피해자의 착오 사이에 인과관계가 없어 원심판결은 사실을 오인하였거나 법리를 오해함으로써 판결 결과에 영향을 미친 위법이 있다.",
            "공소외 1은 당시 이 사건 오피스텔 부지와 관련된 여러 건의 민,형사 분쟁이 진행 중이어서 피고인 외의 다른 매수자를 물색하는 것이 불가능한 상황이었으므로 피고인이 구속되면 오피스텔 매각대금 중 중도금과 잔금을 받지 못하게 되어 채권회수가 불가능하게 된다고 판단하고 피고인의 요청에 따라 허위의 영수증 및 세금계산서를 발행해 주었는바, 이는 채권단의 채권회수를위한 행위로서 채권단으로부터 위임받은 권한의 범위를 벗어나는 것이 아니므로 결국 작성 권한 있는 자가 허위내용의 문서를작성한 것에 불과하여 사문서위조죄가 성립하지 아니한다.",
            "000명의의 영수증 및 세금계산서도 공소외 1이 적법한 대표이사로서 종전의 대표이사 직인을 이용하여 작성한 것이므로 결국 이 경우도 작성 권한 있는 자가 허위내용의 문서를 작성한 것에 불과하여 사문서위조죄가 성립하지 아니한다.",
            "피고인에 대한 원심의 양형(징역 3년)은 너무 무거워서 부당하다."
        ]
    },
    "assrs": {
        "acusrAssrs": [],
        "dedatAssrs": [
            "피고인은 이 사건 투자계약 체결 당시 피해자 000의 임원들인 공소외 4, 5에게 0000지상 오피스텔(이하 이 사건 오피스텔이라고 한다)부지에 000(이하 000이라고 한다)명의의 가등기 및 본등기가 경료되어 있지만 원인무효의 등기이므로 곧 말소될 것이라고 말했다.",
            "피해자 회사는 유사수신행위를 전문으로 하는 000의 계열사로서 이 사건 투자계약 체결 전에 투자팀으로 하여금 당시 지하 4층, 지상 15층의 골조가 완성된 이 사건 오피스텔을 직접 둘러보게 하는 등 현장실사 등을 통해 그 사업성과 수익성에 관하여 자세히 조사하였다.",
            "이 사건 오피스텔 부지의 등기부등본을 열람해보아 위 가등기경료 사실을 잘 알고 있는 상태에서 투자결정을 하였다.",
            "이 사건 투자계약 체결 후 000(이하 'OOO'이라고 한다)의 임원들 사이에 분쟁이 발생하여 000명의의 등기말소 절차가 지연됨으로써 이 사건 오피스텔 분양사업이 지연되었는데 이는 투자계약 체결 당시에는 예상할 수 없었던 사정이다.",
            "피해자 회사의 적극적인 요청 때문에 투자금 회수기간을 3개월로 정하였지만, 피고인이 3개월이면 투자금 회수가 가능하다고 장담한 적이 없고, 피해자 회사도 3개월만에 투자금 및 배당금을 회수하는 것이 어려울 수도 있다고 생각하였다.",
            "결과적으로 피고인은 피해자 회사를 기망한 적이 없고, 피해자 회사도 피고인의 말만 믿고 투자계약을 체결한 것이 아니라 자체적인 실사를 통해 투자결정을 하였으므로 피고인의 행위와 피해자의 착오 사이에 인과관계가 없다.",
            "OOO은 원래 OOO회장 공소외 6이 운영하던 회사였는데 위 그룹이 부도가 나자 그 채권단이 OOO 소유의 이 사건 오피스텔 건물 및 부지 매각을 통해 채권을 회수하기 위하여 2001.5.24.주식인수의 방법으로 OOO 및 이 사건 오피스텔 관리업무를 수행하던 000(이하 000이라고 한다)을 인수하였다.",
            "2001.10.23.공소외 2가 화동의 대표이사로 취임하였으나 형식상 대표에 불과하였으며 실질적으로는 위 채권단의 사무국장이자 OOO의 등기이사인 공소외 1이 위 채권단 및 대표이사의 포괄적 위임을 받아 대표이사 직인을 소지하고 있으면서 대표이사의 업무를 수행하였다.",
            "공소외 1은 당시 이 사건 오피스텔 부지와 관련된 여러 건의 민·형사 분쟁이 진행 중이어서 피고인 외의 다른 매수자를 물색하는 것이 불가능한 상황이었으므로 피고인이 구속되면 오피스텔 매각대금 중 중도금과 잔금을 받지 못하게 되어 채권회수가 불가능하게 된다고 판단하였다.",
            "피고인의 요청에 따라 허위의 영수증 및 세금계산서를 발행해 주었는바, 이는 채권단의 채권회수를 위한 행위로서 채권단으로부터 위임받은 권한의 범위를 벗어나는 것이 아니므로 결국 작성 권한 있는 자가 허위내용의 문서를 작성한 것에 불과하여 사문서위조죄가 성립하지 아니한다.",
            "위 채권단은 OOO을 인수하면서 대표이사 공소외 3을 사임하게 하고 공소외 1을 대표이사로 취임시키면서 상호를 000(이하 'OOO'이라고 한다)로 변경하였다.",
            "공소외 1은 대표이사 취임 후에도 새로 대표이사 직인을 만들지 않고 기존의 대표이사 직인을 사용하였는바, OOO명의의 영수증 및 세금계산서도 공소외 1이 적법한 대표이사로서 종전의 대표이사 직인을 이용하여 작성한 것이다.",
            "결국 이 경우도 작성 권한 있는 자가 허위내용의 문서를 작성한 것에 불과하여 사문서위조죄가 성립하지 아니한다.",
            "이 사건 오피스텔에 관하여 경료된 가등기 및 본등기는 000 측 사람들이 000의 대표이사인 공소외 7을 폭행, 협박하여 경료한 무효의 등기이다.",
            "나중에 부존재하는 것으로 판결이 확정된 2003.8.12.자 주주총회결의에 의하여 OOO의 대표이사로 등기된 공소외 8이 OOO이 OOO을 상대로 제기한 말소소송을 취하하는 바람에 소송관계가 복잡하여 짐으로써 예정대로 오피스텔 분양사업이 추진되지 못하였다.",
            "피고인이 투자금 대부분을 부동산 매매대금(4억), 투자금 변제(공소외5에게 5억, 공소외 4에게 5,000만원, 공소외 9에게 400만원, 공소외 10, 11에게 각 3000만원), 소송비용 등으로 사용하였다.",
            "피고인은 공소외 4가 투자원금 및 배당금을 현금 대신 부동산으로 달라고 요구하여 투자금 변제 목적으로 공소외 12 변호피고인은 공소외 4가 투자원금 및 배당금을 현금 대신 부동산으로 달라고 요구하여 투자금 변제 목적으로 공소외 12 변호가등기를 경료해 주었다.",
            "그 후 공소외 4가 위 모텔을 처분하지 못하고 있는 사이에 임의경매가 진행되어 공소외 4가 한푼도 배당을 받지 못하게 됨으로써 투자금 변제가 불가능해 진 점 등에 비추어 볼 때 피고인에 대한 원심의 양형(징역 3년)은 너무 무거워서 부당하다."
        ]
    },
    "facts": {
        "bsisFacts": [
            "2001.5.이후 OOO은 모기업인 부산종금의 부도로 인하여 모기업의 채권단이 실질적으로 운영하고 있었는데, 채권단이 OOO을 인수할 당시 이 사건 오피스텔은 16층 중 14층까지 마무리가 되어 전체공정의 28% 정도 진행된 상태였다.",
            "2000.9.21.이 사건 오피스텔에 관한 OOO 명의의 소유권이전청구권가등기가 마쳐졌고, 2001.11.13.위 가등기에 기한 본등기가 경료되었다.",
            "공소외 5 등 피해자 회사 투자팀은 피고인과 이 사건 투자계약을 체결할 무렵 이 사건 오피스텔 부지의 등기부등본을 발급받아 열람해 보았으며, 또한 이 사건 오피스텔 현장을 찾아가 공사현황, 입지조건 및 수익성 등을 조사하기도 하였다.",
            "당시 시공업체의 부도로 1년 정도 공사가 중단된 상태였지만 충분한 투자가치가 있다고 판단했고, 서울 사무실에 올라와 피해자 회사의 투자자들에게 이 사건 오피스텔의 공사 현황 등에 대하여 설명해 주었다.",
            "피고인은 이 사건 투자계약 전에 공소외 4, 5 등 피해자 회사의 임원들에게 위 가등기와 본등기는 원인무효이므로 말소소송 등을 밟아 법적인 문제만 해결하면 바로 분양을 할 수 있고 상당한 시세차익을 얻을수 있다고 말하였다.",
            "투자계약일로부터 3개월 후에 이 사건 오피스텔과 0000 지상 아파트(이하 'OOOOO'라고 한다)를 분양하여 원금과 이자를 주되 만약 분양이 되지 않을 경우에도 피고인이 영위하는 다른 사업을 통해 원금과 이자를 확실히 주겠다고 장담하였다.",
            "피해자 회사의 임원들은 이 사건 투자계약 당시 3개월 내에 이사건 오피스텔의 분양을 통해서 투자금을 회수하는 것이 어려울 수도 있다고 생각하였으나 피고인이 다른 사업 등을 통해 투자원금과 이자를 보장한다고 장담하여 이 사건 투자계약을 체결하게 되었다.",
            "이 사건 투자계약 당시 투자금의 사용용도는 주로 이 사건 오피스텔의 분양사업이었지만 반드시 이에 한정되어 있지는 않았다.",
            "피고인은 이 사건 투자계약 체결후인 2001.12.5.부산 소재 0 커피숍에서 000으로부터 이 사건 오피스텔 매각권한을 위임받은 신탁주주 공소외 13과의 사이에, 피고인이 이 사건 오피스텔을 25억 2,000만 원에 매수하기로 하는 매매계약을 체결하였다.",
            "위 매매계약 체결 당시 이 사건 오피스텔 부지의 소유자 명의가 OOO 앞으로 되어 있었던 사실을 피고인도 알고 있었던 사실, 8.OOO은 2001.12.12.OOO을 상대로 위 가등기 및 본등기의 말소를 구하는 소송을 제기하였다.",
            "그로부터 10개월 이상이 지난 2002.10.25.OOO이 승소하는 내용의 1심판결이 선고되자 이에 OOO이 항소를 제기함으로써 2002.말까지도 피고인은 이 사건 오피스텔의 분양조차 개시하지 못하였다.",
            "피고인은 경찰에서 자신의 재산관계에 관하여 진술함에 있어 200억원 이상의 재력을 보유한 것처럼 진술하고, 또 검찰 제1회 피의자 신문시에도 마치 300억원 이상의 재력을 보유한 것처럼 진술하였다.",
            "검찰 제2회 피의자 신문시 위 진술을 번복하여 이전에 진술한 재산 내역의 상당 부분이 거짓임을 인정한 사실을 알 수 있다.",
            "이러한 사실관계 등을 종합하여 알 수 있는 다음과 같은 사정, 즉 피해자 회사는 이 사건 투자계약체결 전에 이 사건 오피스텔 부지의 등기부등본을 열람해 보고 위 가등기 및 본등기의 경료사실을 알고 있었다.",
            "또한 이 사건 오피스텔에 대한 현장실사 등을 통해 그 사업성과 수익성에 관하여 조사하였다.",
            "위 조사 후 피해자 회사가 위 등기관계 때문에 선뜻 투자결정을 내리지 못하자 피고인은 피해자 회사의 임원들에게 위 가등기와 본등기는 원인무효이므로 말소소송 등을 통해 정리하면 바로 분양이 가능하다고 말하였을 뿐만 아니라 3개월 후에 이 사건 오피스텔과 OOOOO가 분양이 되지 않을 경우에는 피고인이 영위하는 다른 사업을 통해 원금과 이자를 확실히 주겠다고 장담하였다.",
            "이에 피해자 회사가 피고인에게 투자하기로 결정을 내린 점, 그런데 이 사건 투자계약 당시 피고인은 이 사건 오피스텔 및 그 부지에 관한 아무런 권리도 확보하지 못한 상태에 있었을 뿐만 아니라 피고인에게는 이 사건 오피스텔을 분양하여 얻게 될 수입 외에 달리 약속한 투자원리금을 반환할 수 있는 자력도 없었다.",
            "또한 피고인은 투자원리금 반환기일인 2002.2.25.까지 이 사건 오피스텔 및 그 부지에 관한 권리를 취득하여 이 사건 오피스텔의 분양을 완료하고 나아가 그 분양대금을 수령하기란 현실적으로 어려웠고 피고인 역시 이러한 사정을 충분히 인식하였을 것으로 보인다."
        ]
    },
    "dcss": {
        "courtDcss": [
            "항소이유에 대한 판단에 앞서 직권으로 살피건대, 당심에 이르러 검사가 적법한 절차를 거쳐 이 사건 공소사실 중 일부를 다음과 같이 변경하는 내용의 공소장변경허가를 신청하고 이 법원이 이를 허가하였으므로, 이 부분에 관한 원심판결은 그 심판대상이 변경되어 더 이상 그대로 유지될 수 없게 되었다.",
            "위와 같이 변경되기 전의 특정경제범죄 가중처벌 등에 관한 법률 위반(사기), 각 위조사문서 행사의 점과 나머지 원심 판시 각 점을 형법 제37조 전단의 경합범으로 처리하여 하나의 형을 선고한 원심판결은 전부 파기될 수밖에 없다.",
            "피고인이 이 사건 투자계약 당시 3개월 내에 수익을 낼 만한 별다른 사업을 영위하고 있지도 않았고, 또한 이 사건 오피스텔의 부지와 건물에 대한 아무런 권리도 취득하지 못하였다.",
            "위 가등기 및 본등기에 관한 소송절차가 개시되지도 않은 상태에서 3개월 후 약정기일까지 등기관계를 법적으로 모두 해결하여 분양을 성사시키는 것은 물론 만일 분양을 하지 못하더라도 투자원리금을 반드시 지급할 것처럼 장담한 행위는 명백한 기망행위에 해당한다.",
            "이와 같은 기망행위로 인하여 피해자 회사가 착오에 빠져 투자를 결정하고 투자금 20억 원을 피고인에게 지급한 점이 넉넉히 인정되므로, 위 주장은 이유 없다.",
            "피고인이 형사 처벌되는 것을 면하게 해 줄 목적으로 OOO이나 OOO이 수령하지도 않은 금원을 수령하였다는 취지의 허위의 영수증 및 세금계산서를 작성하는 행위는 비록 그 목적이 채권단의 채권회수를 도모하는 것이라 할지라도 공소외 1에게 부여된권한을 명백히 일탈하는 것이라고 봄이 상당하다.",
            "피고인은 자신이 사기죄로 처벌받는 것을 면하기 위하여 권한 없이 OOO 명의 또는 000 명의를 모용하여 이 사건 각 영수증 및 세금계산서를 작성한 것으로 보아야 할 것이므로, 위 주장도 이유 없다."
        ]
    },
    "close": {
        "cnclsns": [
            "원심판결을 파기한다.",
            "피고인을 징역 2년에 처한다.",
            "다만, 이 판결 확정일부터 3년간 위 형의 집행을 유예한다."
        ]
    }
}