{
    "info": {
        "caseField": "2",
        "detailField": "6",
        "trailField": "2",
        "caseNm": "특정경제범죄가중처벌등에관한법률위반(횡령),특정경제범죄가중처벌등에관한법률위반(배임),업무상횡령,사문서위조,위조사문서행사,범죄수익은닉의규제및처벌등에관한법률위반",
        "courtNm": "서울고등법원",
        "judmnAdjuDe": "2006. 04. 26.",
        "caseNo": "2005노2861",
        "relateLaword": [
            "범죄수익법 제2조",
            "특정경제범죄 가중처벌 등에 관한 법률 제3조",
            "형법 제51조",
            "형사소송법 제364조"
        ],
        "qotatPrcdnt": []
    },
    "concerned": {
        "acusr": "4",
        "dedat": "1"
    },
    "org": {
        "orgJdgmnCourtNm": "서울중앙지방법원",
        "orgJdgmnAdjuDe": " 2005. 12. 8. ",
        "orgJdgmnCaseNo": "2005고합860"
    },
    "disposal": {
        "disposalform": "10",
        "disposalcontent": [
            "피고인들과 검사의 항소를 모두 기각한다."
        ]
    },
    "mentionedItems": {
        "rqestObjet": [
            "피고인들에 대한 원심의 형량이 너무 무겁다.",
            "원심이 피고인들이 차명계좌에 보관된 자금을 구체적으로 사용한 때에 비로소 횡령죄의 기수에 이르러 범죄수익이 발생한 것으로 보고, 그 이전에 허위의 지급전표를 작성하거나 차명계좌에 입금 또는 제3자 명의의 자기앞수표로 교체 발행하는 행위는 범죄수익을 가장, 은닉하는 행위라고 볼 수 없을 뿐만아니라, 그 당시에 이미 범죄수익을 은닉, 가장한다는 범의를 인정할 증거가 없어 범죄사실의 증명이 없다는 이유로 무죄를 선고한 것은, 사실을 오인하거나 횡령죄의 기수시기 및 범죄수익의 은닉에 관한 법리를 오해한 위법이 있다.",
            "피고인  1,  2에 대한 원심의 형량이 너무 가볍다."
        ]
    },
    "assrs": {
        "acusrAssrs": [
            "원심은 피고인 1, 2에 대한 범죄수익 은닉의 규제 및 처벌 등에 관한 법률(이하 '범죄수익법'이라 함)위반의 공소사실에 대하여 무죄를 선고하였다.",
            "위 피고인들이 공소외 1 주식회사(이하 '공소외 1 회사'이라 함)명의의 은행계좌에 입금되어 있는 회사자금을 자기 또는 제3자의 용도에 사용할 의사를 가지고 합법적인 회사자금의 인출인 것처럼 가장하여 인출하였을 때에 객관적으로 영득의 의사를 실현하였다고 보아야 하므로, 때에 이미 횡령죄는 기수에 이르렀고 그 범죄의 목적물도 특정되었다고 보아야 할 것이다.",
            "위와 같이 자금인출 행위를 한 후 이를 적법한 지출인 것처럼 위장하기 위하여 허위의 전표 등을 작성하여 편철하는 행위는 범죄수익법이 규정하는 범죄수익의 발생원인에 관한 사실을 가장하는 행위에 해당한다.",
            "횡령행위로 인하여 취득한 현금을 제3자 명의의 자기앞수표로 교체발행하거나 차명계좌에 입금하는 행위는 법에서 규정하는 '적법하게 취득한 재산으로 가장할 목적으로 범죄수익 등을 은닉하는 행위’에 해당함에도 불구하고, 원심이, 피고인들이 차명계좌에 보관된 자금을 구체적으로 사용한 때에 비로소 횡령죄의 기수에 이르러 범죄수익이 발생한 것으로 본다.",
            "그 이전에 허위의 지급전표를 작성하거나차명계좌에 입금 또는 제3자 명의의 자기앞수표로 교체 발행하는 행위는 범죄수익을 가장, 은닉하는 행위라고 볼 수 없을 뿐만아니라, 그 당시에 이미 범죄수익을 은닉, 가장한다는 범의를 인정할 증거가 없어 범죄사실의 증명이 없다는 이유로 무죄를 선고한 것은, 사실을 오인하거나 횡령죄의 기수시기 및 범죄수익의 은닉에 관한 법리를 오해한 위법이 있다.",
            "피고인 1, 2에 대한 원심의 형량이 너무 가볍다."
        ],
        "dedatAssrs": [
            "피고인들에 대한 원심의 형량이 너무 무겁다",
            "피고인 1, 2는, 공소외 1 회사의 업무를 위하여 지출이 필요하기는 하나 정상적인 회계처리가 불가능한 항목에 지출할 자금을 마련하기 위하여, 허위의 전표 등 회계서류를 작성하여 회사계좌에서 자금을 인출한 후 이를 차명계좌에 입금하여 보관한 것이지, 처음부터 비자금을 개인적 용도에 사용하여 횡령할 의사는 없었고, 따라서 범죄수익을 은닉, 가장한다는 고의도 없었다."
        ]
    },
    "facts": {
        "bsisFacts": [
            "피고인 1, 2가 원심판결 범죄사실 1의 다.항 기재와 같이 횡령한 범죄수익 중 그 별지 범죄일람표 4 기재 금액의 발생원인을 가장하거나 적법하게 취득한 재산으로 가장할 목적이 있었다.",
            "허위의 전표 등 회계서류를 작성하여 비치하고 타인 명의의 은행계좌로 계좌이체 하거나 현금으로 출금하여 자기앞수표로 교체 발행하는 등의 방법으로 위 범죄수익에 대한 자금의 특정, 추적 또는 발견을 현저히 곤란하게 만든 후 이를 사용하기로 공모하였다.",
            "2002.4.4.공소외 1 회사 사무실에서 원심판결 별지 범죄일람표 1 순번 29번 기재와 같이 허위 내용의 차량유류대 등 지급전표를 작성하여 두고, 공소외 1 회사의 법인계좌에서 10억 8,875만 원을 출금하면서 그 중 423,554,100원을현금으로 출금하여 이를 다시 제3자인 공소외 2, 공소외 3 명의로 각 2억 원씩 합계 4억 원의 자기앞수표로 교환 발행하였다.",
            "그 중 3억 원을 고려증권 파산재단에 입금하여 범죄수익의 발생원인을 가장하고 범죄수익 등을 은닉한 것을 비롯하여, 원심판결별지 범죄일람표 4 의 기재와 같이 5회에 걸쳐 범죄수익 합계 892,970,000원의 발생원인을 가장하고, 범죄수익을 은닉하였다라고 함에 있다.",
            "검사가 원심공판 절차에서 제출한 2005.10.12.자 공소장변경 허가신청서에 첨부된 별지 범죄일람표 4의 순번 4번은 “금액 : 2억 5,000만 원, 방법 : 공소외 4, 공소외 5 명의의 차명계좌에 송금, 비고 : 범죄일람표 1의 순번 71번에해당한다”라고 기재되어 있다.",
            "원심은 이를 순번 71번의 1억 7,000만원만 공소제기한 취지로 보고 판단하였으나, 당심 제2회 공판기일에서 검사가 위 공소장변경 허가신청서에 첨부된 별지 범죄일람표 4의 순번 4번의 방법란의 “ 공소외 4, 공소외5”를 “ 공소외 5”로, 비고란의 “순번 71번”을 “순번 70, 71번”으로 정정하였다.",
            "위 금액 2억 5,000만원, 합계892,970,000원에 관하여 공소제기한 취지로 정리하였다."
        ]
    },
    "dcss": {
        "courtDcss": [
            "원심 및 이 법원이 적법하게 채용한 증거에 의하면, 피고인 1, 2가 공소외 1 회사의 자금을 인출하여 이를 피고인 1, 2가 관리하는 차명계좌에 입금함으로써 비자금을 조성한 행위 자체로써 위 피고인들이 그 비자금에 대한 불법영득의사를 실현한 것으로보기 어렵다.",
            "그 차명계좌에 입금된 자금을 임의로 인출하여 이를 스스로 가지거나 이를 타에 지출한 때에 비로소 횡령의 의사가 실현된 것이라고 본 원심의 사실인정과 판단은 정당할 뿐 아니라, 이러한 판단은 검사가 공소제기한 취지와도 부합한다.",
            "범죄수익법이 정한 “범죄수익”이란 “중대범죄의 범죄행위에 의하여 생긴 재산 또는 그 범죄행위의 보수로서 얻은 재산”(제2조 제2호 가목)을 말하는 것이므로, 이 사건에 있어서는 위 피고인들이 ‘차명계좌에 보관 중이던 회사자금을 임의로 인출하여스스로 보유함으로써 생긴 재산 또는 그 자금의 인출 및 지출행위의 보수로서 얻은 재산’이 “범죄수익”으로 된다고 보아야 할것이다.",
            "공소외 1 회사의 ‘회사자금에서 변칙회계를 거쳐 인출한 자금이나 이를 차명계좌에 입금하여 관리중인 자금(관리자금)’은 범죄행위가 성립하기 이전 단계의 것으로서 “범죄수익”에 해당한다고 볼 수 없다.",
            "검사는 위에서 본 후자의 관리자금이 범죄수익법의 “범죄수익”에 해당한다는 전제에서, 위 피고인들이 회사자금을 인출하여 후자의 관리자금으로 조성하는 과정에서 행한 허위전표 작성·비치행위, 자기앞수표 교체발행행위, 제3자 명의 입금·송금행위등이 “범죄수익의 발생원인에 관한 사실을 가장하는 행위” 또는 “적법하게 취득한 재산으로 가장할 목적으로 범죄수익을 은닉하는 행위”에 해당한다고 하여 이 사건 공소제기 및 항소이유를 주장하고 있다.",
            "이러한 주장은 위에서 본 바와 같은 이유로 받아들일 수 없을 뿐만 아니라 이 사건 업무상횡령에 관한 공소 취지와도 스스로 모순되는 것이다.",
            "피고인 1이 개인적으로 횡령한 금액을 모두 변제하였고, 고령이고, 건강상태가 좋지 않은 점 등 그 정상에 참작할만한 사유는 있다.",
            "한편 이 사건은 횡령한 금액이 고액인 점에서 그 죄질이 무겁고 위 피고인이 화의업체인 공소외 1 회사의 대표이사로서 전반적인 책임을 져야 할 입장에 있는 점 등 이 사건 변론에 나타난 형법 제51조 소정의 제반 양형 조건들을 참작하면, 원심이 피고인 1에게 선고한 형은 적절하다고 인정되므로, 피고인 1과 검사의 양형부당 주장은 모두 이유 없다.",
            "피고인 2가 초범이고, 당심에 이르러 510,146,280원을 추가로 공탁하는 등 피해액 중 총 24억 원 가량을 변제한 점에서 그 정상에 참작할만한 사유는 있으나, 한편 기업의 부실화로 화의절차가 진행중인 공소외 1 회사의 자금에서 무려 100억여 원에 이르는 비자금을 조성하여 감독법원에 보고하지 않고 임의로 집행한 점에 비추어 그 죄질이 매우 무겁다.",
            "위 피고인이 전체적인 실무 책임을 진 경리이사로서 불법적인 회계처리와 자금관리 및 집행의 전반을 주도하고, 그 관리자금의 상당액을 임의로 처분한 점에 비추어 그 죄질이 매우 무겁다.",
            "위 피고인이 위의 금액을 변상한 현재에도 피해자 회사가 피고인 개인의 횡령액에 의구심을 가지고 별도의 형사고소를 제기하는 한편 엄벌을 탄원하고 있는 점 등 이 사건 변론에 나타난 형법 제51조 소정의 제반 양형 조건들을 참작하면, 원심이 피고인 2에게 선고한 형은 적절하다고 인정되므로, 피고인 2와 검사의 양형부당 주장은 모두 이유 없다.",
            "피고인 3이 개인적으로 횡령한 금액을 모두 변제하였고, 별다른 전과가 없는 점 등 그 정상에 참작할만한 사유는 있으나, 한편 위 피고인은 경리부 차장으로서 피고인 1, 2가 비자금을 조성하여 회사공금을 횡령한다는 정을 알면서도 위 피고인들의 횡령행위를 묵인 내지 방조한 점에서 그 죄질이 결코 가볍다고 볼 수 없는 등 이 사건 변론에 나타난 형법 제51조 소정의 제반 양형 조건들을 참작한다.",
            "원심이 피고인 3에게 선고한 형은 적절하다고 인정되므로, 피고인 3의 양형부당 주장은 이유 없다."
        ]
    },
    "close": {
        "cnclsns": [
            "피고인들과 검사의 항소를 모두 기각한다."
        ]
    }
}