{
    "info": {
        "caseField": "2",
        "detailField": "6",
        "trailField": "2",
        "caseNm": "통신비밀보호법위반,공갈미수,국가정보원직원법위반",
        "courtNm": "서울중앙지법",
        "judmnAdjuDe": "2006. 02. 07.",
        "caseNo": "2005노4045",
        "relateLaword": [
            "국가정보원직원법 제17조",
            "국가정보원직원법 제32조"
        ],
        "qotatPrcdnt": [
            "대법원 1987. 11. 24. 선고 87도1560 판결",
            "대법원 1995. 7. 11. 선고 95도955 판결",
            "대법원 2003. 11. 28. 선고 2003도5547 판결"
        ]
    },
    "concerned": {
        "acusr": "4",
        "dedat": "1"
    },
    "org": {
        "orgJdgmnCourtNm": "서울중앙지법",
        "orgJdgmnAdjuDe": "2005. 12. 1.",
        "orgJdgmnCaseNo": "2005고단4570, 4628"
    },
    "disposal": {
        "disposalform": "10",
        "disposalcontent": [
            "원심판결 중 피고인 2에 대한 부분을 파기한다.",
            "피고인 2를 징역 1년 6월에 처한다.",
            "피고인 2에 대한 원심판결 선고 전 구금일수 119일을 위 형에 산입한다.",
            "피고인 1의 항소와 검사의 피고인 1에 대한 항소를 각 기각한다.",
            "항소 후의 구금일수 68일을 피고인 1에 대한 원심판결의 형에 산입한다."
        ]
    },
    "mentionedItems": {
        "rqestObjet": [
            "피고인이 000으로부터 금원을 갈취하려 한 사실이 없음에도 불구하고 원심은 사실을 오인하여 피고인에 대한 공소사실 중공갈미수 부분을 유죄로 인정한 잘못이 있다.",
            "피고인이 000으로부터 아무런 경제적 이익을 얻지 못한 점, 피고인이 도청자료를 공개함으로써 정경유착비리와 정부기관에 의한 불법도청 등이 밝혀져 사회적으로 크게 기여한 점, 심근경색증, 협심증 등으로 피고인의 건강이 좋지 않은 점 등에 비추어볼 때 피고인에게 징역 1년 2월 및 자격정지 2년의 형을 선고한 원심의 형량은 너무 무거워 부당하다.",
            "피고인이  피고인 1과 공모하여 000으로부터 5억 원을 받아내기로 구체적으로 모의한 사실이 없다.",
            "피고인 1이 공소외 1을 처음 만난 며칠 후에 피고인이 피고인 1로부터 도청자료 일체를 돌려받았음에도 불구하고 피고인 1이 독자적으로 계속 공소외 1 등을 만나 경제적 지원을 요구하였으므로 피고인은 피고인 1의 위와 같은 행위에 대하여 책임이 없다.",
            "피고인 1의 행위가 000의 사회적 지위에 비추어 볼 때 공갈행위에 해당하지도 않는다.",
            "피고인이 보관하고 있다가 피고인 1에게 전달한 녹음테이프, 녹취문건 등 도청자료(이하  이 사건 도청자료 라 한다)의 내용은 국가정보원의 직무와는 아무런 관련이 없는 대기업 임원과 언론사 사주의 사적인 대화에 불과하여 국가정보원직원법의 보호대상이 되는 직무상 비밀에 해당하지 않음에도 불구하고, 원심은 직무상 비밀에 관한 법리를 오해하여 피고인에 대한 공소사실 중국가정보원법 위반 부분을 유죄로 인정한 잘못이 있다.",
            "피고인이 이 사건 도청자료를 누설하여 사회적으로 큰 물의를 일으키게 된 것을 깊이 반성하고 있는 점, 피고인이 오랜 기간 동안 중앙정보부, 국가안전기획부, 국가정보원의 직원으로 성실하게 근무한 점, 피고인이 000으로부터 아무런 경제적 이익을 얻지 못한 점 등에 비추어 볼 때 피고인에게 징역 1년 6월의 형을 선고한 원심의 형량은 너무 무거워 부당하다",
            "피고인 2는 국가공무원, 특히 국가정보원의 직원이라는 신분에 비추어 상상할 수조차 없는 행위를 하였고, 피고인 1은 국가기관의도청자료를 이용하여 경제적 이익을 얻으려는 파렴치한 행태를 보인 점, 피고인들의 이 사건 각 범행으로 국가의 정보기관인 국가정보원의 대내적,대외적 공신력이 급격히 저하되었으며 대화 내용을 도청당한 사람들의 인권이 침해된 점, 유사 사례의 재발을 예방하기 위해서라도 피고인들을 엄벌해야 마땅한 점 등에 비추어 볼 때 피고인  1에게 징역 1년 2월 및 자격정지 2년, 피고인  2에게 징역 1년 6월의 형을 각 선고한 원심의 형량은 너무 가벼워 부당하다."
        ]
    },
    "assrs": {
        "acusrAssrs": [
            "피고인 2는 국가공무원, 특히 국가정보원의 직원이라는 신분에 비추어 상상할 수조차 없는 행위를 하였고, 피고인 1은 국가기관의 도청자료를 이용하여 경제적 이익을 얻으려는 파렴치한 행태를 보였다.",
            "피고인들의 이 사건 각 범행으로 국가의 정보기관인 국가정보원의 대내적, 대외적 공신력이 급격히 저하되었으며 대화 내용을 도청당한 사람들의 인권이 침해된 점, 유사 사례의 재발을 예방하기 위해서라도 피고인들을 엄벌해야 마땅하다.",
            "피고인 1에게 징역 1년 2월 및 자격정지 2년, 피고인 2에게 징역 1년 6월의 형을 각 선고한 원심의 형량은 너무 가벼워 부당하다."
        ],
        "dedatAssrs": [
            "피고인이 000으로부터 금원을 갈취하려 한 사실이 없음에도 불구하고 원심은 사실을 오인하여 피고인에 대한 공소사실 중 공갈미수 부분을 유죄로 인정한 잘못이 있다.",
            "피고인이 000으로부터 아무런 경제적 이익을 얻지 못한 점, 피고인이 도청자료를 공개함으로써 정경유착비리와 정부기관에 의한 불법도청 등이 밝혀져 사회적으로 크게 기여한 점, 심근경색증, 협심증 등으로 피고인의 건강이 좋지 않은 점 등에 비추어 볼 때 피고인에게 징역 1년 2월 및 자격정지 2년의 형을 선고한 원심의 형량은 너무 무거워 부당하다.",
            "피고인 2는 피고인 1과 공모하여 000으로부터 5억 원을 받아내기로 구체적으로 모의한 사실이 없다.",
            "피고인 1이 공소외 1을 처음 만난 며칠 후에 피고인이 피고인 1로부터 도청자료 일체를 돌려받았음에도 불구하고 피고인 1이 독자적으로 계속 공소외 1 등을 만나 경제적 지원을 요구하였으므로 피고인은 피고인 1의 위와 같은 행위에 대하여 책임이 없다.",
            "뿐만 아니라 피고인 1의 행위가 000의 사회적 지위에 비추어 볼 때 공갈행위에 해당하지도 않는다.",
            "그럼에도 불구하고 원심은 사실을 오인하여 피고인에 대한 공소사실 중 공갈미수 부분을 유죄로 인정한 잘못이 있다.",
            "피고인이 보관하고 있다가 피고인 1에게 전달한 녹음테이프, 녹취문건 등 도청자료(이하 이 사건 도청자료라 한다)의 내용은 국가정보원의 직무와는 아무런 관련이 없는 대기업 임원과 언론사 사주의 사적인 대화에 불과하여 국가정보원직원법의 보호대상이 되는 직무상 비밀에 해당하지 않다.",
            "원심은 직무상 비밀에 관한 법리를 오해하여 피고인에 대한 공소사실 중 국가정보원법 위반 부분을 유죄로 인정한 잘못이 있다.",
            "피고인이 이 사건 도청자료를 누설하여 사회적으로 큰 물의를 일으키게 된 것을 깊이 반성하고 있는 점, 피고인이 오랜 기간 동안 중앙정보부, 국가안전기획부, 국가정보원의 직원으로 성실하게 근무한 점, 피고인이 000으로부터 아무런 경제적 이익을 얻지 못한 점 등에 비추어 볼 때 피고인에게 징역 1년 6월의 형을 선고한 원심의 형량은 너무 무거워 부당하다."
        ]
    },
    "facts": {
        "bsisFacts": [
            "피고인 2의 국가정보원직원법 위반 공소사실의 요지는, 피고인 2는 1991.7.경부터 1993.4.경까지, 1994.7.경부터 1998.2.경까지 국가안전기획부 내 정보수집 조직인 일명 0의 팀장으로 활동하면서 유흥업소, 식당 등지를 근거로 주 인사들의 동향을 파악하고 대화를 도청하여 그 결과를 상부에 보고하는 등의 임무를 수행하여 왔다.",
            "1997.12.중순경 제15대 대통령 선거에서 야당 후보가 당선되자 자신의 신분에 불리한 조치가 있을 것으로 생각하고 신변 보호를 위하여 2004.12.하순경 0 활동 과정에서 생산하여 폐기하지 않고 있던 도청 녹음테이프와 녹취보고서를 임의로 반출하여 자신의 집에 보관하였다.",
            "피고인 1이 공소외 3으로부터 '000의 경영진, 회장단 중 알고 있는 사람이 있느냐'는 취지의 질문을 받고 '선배들을 통해서 찾아보면 알 수 있을 것이다, 공소외 1 구조조정본부장이 힘이 있다고 하니 그 사람을 만나면 되겠다'고 말하여 자신이 000의 고위층과 접촉할 수 있는 것처럼 행세한 사실이 있다.",
            "이를 믿은 공소외 3이 000과 관련된 내용이 포함되어 있는 이 사건 도청자료를 보관하고 있던 피고인 2를 피고인 1에게 소개하여 주었고, 피고인 2가 이 사건 도청자료를 피고인 1에게 건네 준 사실이 있다.",
            "피고인 2가 이 사건 도청자료를 어떻게 사용할 것인지 묻자 피고인 1은 \"내가 000에 가서 '미국에서 이 문건을 단독 입수했는데 자료 소지한 사람들을 내가 다 커버하고 있다, 000을 위해 내가 이렇게까지 하고 있으니 000측도 사업을 도와주어야 할 것이 아니냐'고 말하겠다\"라는 취지로 답하기까지 한 사실이 있다.",
            "당시 피고인 1 미국 시민권자로 미국에서 폐기물 처리업체를 운영하고 있었으나 별다른 실적이 없었고, 피고인 2는 국가정보원에서 직권면직된 후 집을 담보로 대출받은 돈과 퇴직금을 투입하여 통신업체를 운영하고 있었는데 수입은 거의 없어 매달 3,000만 원 정도의 적자를 보고 있었던 사실이 있다.",
            "피고인 1이 이 사건 도청자료를 건네받은 바로 다음 날 000 구조조정본부장인 공소외 1을 만나 녹취문건을 보여주면서 \"도청한 친구들이 있는데 형편이 어려워 아주 거액을 요구하고 있는데 5억 원 정도를 주면 내가 중재를 하여 무마해 주겠다, 잘못되면 도청 내용이 언론 등을 통해 공개될지도 모른다\"라는 취지로 말한 사실이 있다.",
            "피고인 1은 공소외 1로부터 협상권한을 위임받은 '공소외 2 이사를 여러 차례 만나면서 어려운 사람들을 000측에서 알아서 도와줘야 하지 않느냐, 000측에서 적극적인 관심을 가지고 도울 계획을 세워라', '돈이 안 되면 000에서하는 공사라도 하청해 달라'는 취지로도 말한 사실이 있다.",
            "이 사건 도청자료에는 1997.대선을 앞두고 공소외 1 당시 000 회장 비서실장과 공소외 4 당시 000 사장이 정치권 동향 및 대권 후보들에 대한 정치자금 제공 등에 관하여 논의하는 내용이 포함되어 있어 공개될 경우 000에 나쁜 영향을 미칠 것이 자명하였던 사실이 각 인정된다."
        ]
    },
    "dcss": {
        "courtDcss": [
            "피고인들에 대한 이 부분 공소사실을 유죄로 인정한 원심의 판단은 정당하고, 피고인들의 위 주장은 이유 없다.",
            "앞에서 인정한 사실에 나타나는 이 사건 도청자료의 내용과 피고인 1의 행위 및 그에 대한 공소외 1, 공소외 2의 태도 등의 사정에 비추어 보면 피고인 1의 행위는 객관적으로 볼 때 상대로 하여금 외포심을 일으킬 수 있는 행위로서 공갈행위에 해당한다고 할 것이다.",
            "설사 상대방이 외포심을 일으키지 않았다고 하더라도 공갈미수죄가 성립하는 데 아무런 영향이 없으므로 피고인 1의 행위가 공갈행위에 해당하지 않는다는 피고인 2의 주장은 이유 없다.",
            "공모공동정범의 경우 공모는 법률상 어떤 정형을 요구하는 것은 아니고 어떠한 범죄를 실현하려는 의사의 결합만 있으면 되는 것으로서, 이러한 공모가 이루어진 이상 실행행위에 직접 관여하지 아니한 자라도 다른 공범자의 행위에 대하여 공동정범으로서형사책임을 지는 것이다(대법원 1987.11.24.선고 87도1560 판결 참조).",
            "모공동정범에 있어서 그 공모자 중의 1인이 다른 공모자가 실행행위에 이르기 전에 그 공모관계에서 이탈한 때에는 그 이후의 다른 공모자의 행위에 관하여 공동정범으로서의 책임은 지지 않는다고 할 것인다(대법원 1995.7.11.선고 95도955 판결 참조).",
            "피고인 1이 공소외 1을 만나 이 사건 공갈미수 범행의 실행행위에 착수한 이상 그 뒤에 피고인 2가 피고인 1로부터 이 사건 도청자료를 회수하였다고 하더라도피고인 2가 공갈미수죄에 대한 공동정범으로서 형사책임을 지는 데 아무런 영향이 없으므로, 피고인 1의 독자적인 행위에 대하여 책임이 없다는 피고인 2의 주장 역시 이유 없다.",
            "피고인 1의 양형부당 주장과 검사의 피고인 1에 대한 양형부당 주장에 대하여 함께 살피건대, 피고인 1이 국가정보기관의 불법도청행위로 취득한 자료를 유출하여 당사자들의 명예와 프라이버시를 침해하였을 뿐 아니라, 위 도청자료를 빌미로 거액을 갈취하려 하였다.",
            "공동피고인 2로부터 건네받은 이 사건 도청자료를 임의로 복사하여 두었다가 이를 이용하여 000과 재차 접촉을 시도하는 등 그 범행 수법에 비추어 죄질이 매우 좋지 못하고, 반면 000이 협박에 응하지 않아 이 사건 공갈범행이 미수에 그침으로써 피고인 1이 아무런 경제적 이익을 얻지 못하였다.",
            "이 사건을 계기로 국가정보기관의 공신력이 추락하게 된 근본적인 원인은 국가정보기관 스스로 정당한 이유 없이 오랜 기간 동안 불법도청행위를 계속해 온 데 있고, 피고인 1이 이 사건 도청자료를 언론사에 공개함으로써 결과적으로 국가정보기관의 불법도청 사실이 폭로되어 향후 이러한 위법행위가 재발되지 않도록 하는 계기가 마련되었다.",
            "피고인 1의 건강이 좋지 못한 점, 기타 이 사건 기록 및 변론에 나타난 피고인 1의 연령, 성행, 환경 등 양형의 조건이 되는 형법 제51조 소정의 사항들을 참작하여 보면, 원심의 형량이 너무 무겁거나 가벼워서 부당하다고 인정되지 않으므로, 피고인 1과 검사의 위 주장은 모두 이유 없다.",
            "원심은 피고인 2가 국가안전기획부의 공식적인 지휘감독체계하에서 예산 지원을 받아 주요 인사들의 대화내용을 도청하는 조직을 이끌고 정보수집활동을 하는 과정에서 이 사건 도청자료를 취득한 점은 이 사건 도청자료가 국가정보원직원법 제17조 소정의 직무상 지득한 비밀에 해당한다고 판단하여 피고인 2에 대한 위 공소사실을 유죄로 인정하였다.",
            "원심은 이 사건 도청자료의 누설이 도청대상자인 국민의 기본적 인권을 침해하는 것은 물론 국가정보기관을 비롯한 국가기능의 수행에 막대한 지장과 혼선을 초래할 위험성이 크기 때문에 이를 비밀로 유지할 중대한 필요성이 있는 점 등에 비추어 볼 때 이 사건 도청자료가 국가정보원직원법 제17조 소정의 직무상 지득한 비밀에 해당한다고 판단하여 피고인 2에 대한 위 공소사실을 유죄로 인정하였다.",
            "국가정보원직원법 제17조 제1항은 국가정보원의 직원이 재직중은 물론 퇴직 후에도 직무상 지득한 비밀을 누설하는 행위를 금지하고 있고, 동법 제32조는 이에 위반하는 자를 10년 이하의 징역 또는 1,000만 원 이하의 벌금에 처하도록 하고 있다.",
            "제17조 제1항 소정의 비밀이라 함은 그 요건 중 하나로서 그것이 외부에 알려지지 않은 사실로서 실질적으로 비밀로서 보호할 가치가 있을 것을 필요로 하고, 한편 위 죄는 비밀 그 자체를 보호하는 것이 아니라 국가정보원직원의 비밀엄수의무의 침해에 의하여 위험하게 되는 이익, 즉 비밀의 누설에 의하여 위협받는 국가의 기능을 보호하기 위한 것이라고 볼 것이다.",
            "그 비밀의 범위는 국민의 표현의 자유 내지 알 권리의 영역을 최대한 넓혀줄 수 있도록 필요한 최소한도에 한정되어야 한다(대법원 2003.11.28.선고 2003도5547 판결).",
            "피고인 2가 위 ① 사실을 피고인 1에게 말한 행위는 국가정보원의 전 직원으로서 직무상 지득한 비밀을 누설하는 행위에 해당한다고 할 것이므로, 이 부분 공소사실을 유죄로 인정한 원심의 판단은 정당하다.",
            "위 ② 사실의 경우, 비록 그 대화당사자가 재벌기업의 고위층 인사 또는 언론사의 최고경영자이고, 그 내용 역시 재벌기업의 대선자금 제공 등과 관련되어 있어 그 사실이 공개될 경우 사회적으로 큰 파장이 일어날 것은 분명해 보인다(실제로 피고인 1을 통하여 이 사건 도청자료가 언론에 공개됨으로써 사회적으로 큰 충격을 주었다).",
            "위 대화 내용은 국가정보원이 직무로서 수집, 작성 및 배포하도록 되어 있는 국가정보원법 제3조 제1호 소정의 '국외정보 및 국내보안정보(대공·대정부전복·방첩·대테러 및 국제범죄조직)'에 포함된다고 보기 어렵다.",
            "(국가안전기획부나 그 후신인 국가정보원이 위 대화 내용이 언론을 통해 공개될 때까지 위 대화 내용을 토대로 그 고유 업무와 관련된 어떠한 조치를 취하거나 범죄혐의 유무에 관하여 수사하도록 그러한 정보를 수사기관에 제공한 바도 없다.)",
            "앞서 본 바와 같이 국가정보원직원법 소정의 비밀의 범위 역시 국민의 표현의 자유 내지 알 권리의 영역을 최대한 넓혀줄 수 있도록 필요한 최소한도에 한정되어야 하고, 재벌기업의 고위층 인사와 언론사의 최고경영자 사이에 위와 같은 내용의 대화를 나누었다는 사실이 공개되더라도 이로 인하여 국가정보원의 정상적인 정보수집 활동 등의 기능에 지장을 초래할 것이라고 볼 수 없다.",
            "국가 또는 국가정보원의 기능에 위협을 초래할 것이라고 볼 수도 없는 점 등에 비추어 보면, 위 ② 사실은 국가정보원직원법 제17조 제1항 소정의 비밀에 해당하지 않는다고 할 것이므로, 이 부분에 대한 피고인 2의 법리오해 주장은 이유 있다.",
            "피고인 2에 대한 위 공소사실 중 위 ② 사실에 관한 부분은 형사소송법 제325조 전단의 범죄로 되지 아니하는 때에 해당하므로 무죄로 판단하였어야 함에도 불구하고, 원심은 법리를 오해하여 이 부분 공소사실을 유죄로 인정한 잘못이 있다.",
            "이 부분 공소사실과 일죄 또는 형법 제37조 전단의 경합범 관계에 있는 나머지 공소사실 전체에 대하여 하나의 형을 선고하였으므로, 피고인 2 및 검사의 양형부당 주장에 대하여 판단할 필요 없이 원심판결 중 피고인 2에 대한 부분은 더 이상 유지될 수 없다."
        ]
    },
    "close": {
        "cnclsns": [
            "원심판결 중 피고인 2에 대한 부분을 파기한다.",
            "피고인 2를 징역 1년 6월에 처한다.",
            "피고인 2에 대한 원심판결 선고 전 구금일수 119일을 위 형에 산입한다.",
            "피고인 1의 항소와 검사의 피고인 1에 대한 항소를 각 기각한다.",
            "항소 후의 구금일수 68일을 피고인 1에 대한 원심판결의 형에 산입한다."
        ]
    }
}