{
    "info": {
        "caseField": "2",
        "detailField": "6",
        "trailField": "2",
        "caseNm": "성폭력범죄의처벌및피해자보호등에관한법률위반(강간등치상),강간상해,강도,성폭력범죄의처벌및피해자보호등에관한법률위반(13세미만미성년자강간등)",
        "courtNm": "서울고등법원",
        "judmnAdjuDe": "2006. 10. 19.",
        "caseNo": "2006노898",
        "relateLaword": [
            "형사소송법 제364조"
        ],
        "qotatPrcdnt": []
    },
    "concerned": {
        "acusr": "4",
        "dedat": "1"
    },
    "org": {
        "orgJdgmnCourtNm": "수원지방법원 ",
        "orgJdgmnAdjuDe": "2006. 5. 3.",
        "orgJdgmnCaseNo": "2006고합50"
    },
    "disposal": {
        "disposalform": "10",
        "disposalcontent": [
            "원심판결을 파기한다.",
            "피고인을 징역 15년에 처한다.",
            "원심판결 선고 전의 구금일수 96일을 위 형에 산입한다."
        ]
    },
    "mentionedItems": {
        "rqestObjet": [
            "피고인이 원심 판시 제1항의 범행 당시 위험한 물건인 문구용 칼을 들고 피해자를 협박한 사실이 없고, 동인으로부터 현금 6,000원을 강취하거나, 원심 판시 제10항의 강도 범행을 저지른 사실이 없음에도 위 각 부분을 모두 유죄로 인정한 원심에는 사실을 오인한 잘못이 있다.",
            "피고인은 이 사건 범행 당시 청소년때부터 앓아 온 피해망상증, 정신분열증 등 정신질환으로 인하여 사물을 변별하거나 의사를 결정할 능력이 미약해진 상태에서 아동에 관한 성적욕구(아동성도착증)를 참지 못하고 이 사건 범행을 저지르게 된 것임에도원심은 피고인의 심신미약 상태를 간과한 잘못이 있다.",
            "이 사건의 여러 가지 양형 조건에 비추어 원심이 피고인에 대하여 선고한 형량(무기징역)은 너무 무거워 부당하다."
        ]
    },
    "assrs": {
        "acusrAssrs": [],
        "dedatAssrs": [
            "원심 판시 범죄사실 중 피고인이 사실오인의 위법이 있다고 주장한다.",
            "피고인에 대한 임상심리검사 결과 피고인은 초등학교 6학년 때 아버지로부터 성적 폭행을 당하였다고 주장한다."
        ]
    },
    "facts": {
        "bsisFacts": [
            "그 진술이 구체성과 일관성이 있고, 동인들이 강간당한 사실이 있다.",
            "피고인의 이전 범행에 대한 판결문(수사기록 575쪽)에 의하면, 피고인은 이전에도 여아에게 1,000원을 주면서 유인하여 아파트옥상 등 인적이 드문 곳으로 피해자를 데리고 가 강간하는 범행수법을 사용한 사실이 있다."
        ]
    },
    "dcss": {
        "courtDcss": [
            "원심 판시 범죄사실 중 피고인이 사실오인의 위법이 있다고 주장하는 부분에 부합하는 원심의 증거들, 특히 피해자 공소외 1, 2의진술은 ① 그 진술이 구체성과 일관성이 있고, 동인들이 강간당한 사실 외에 실제로 피고인으로부터 문구용 칼로 협박당하거나 을 빼앗기지 않았음에도 피고인을 모함하기 위하여 허위로 추가 진술할 만한 특별한 이유가 없는 점, ② 수사기록에 편철된피고인의 이전 범행에 대한 판결문(수사기록 575쪽)에 의하여서 보았다.",
            "피고인은 이전에도 여아에게 1,000원을 주면서 유인하여 아파트옥상 등 인적이 드문 곳으로 피해자를 데리고 가 강간하는 범행수법을 사용한 사실을 알 수 있다.",
            "따라서, 위 피해자 공소외 1은이 사건 강도 부분에 관하여, 피고인이 자신의 옷을 벗기기 전에 6,000원을 빼앗았고, 그 중 1,000원은 피고인이 그 직전에 아파트 단지 안에서 김기사를 찾아오라고 심부름을 시키면서 준 돈이라고 진술한 사실(수사기록 24, 25쪽)에 비추어 위 피해자의 진술은 피고인이 상용한 범행수법에 상응하는 것으로 보인다.",
            "실제 경험하지 않은 사실을 가공하여 진술하는 것으로는 전혀보이지 않는 점 등을 종합하여 볼 때 진술의 신빙성이 있고, 그 진술 등에 근거하여 위 범행사실을 충분히 인정할 수 있으므로이 부분을 유죄로 인정한 원심에는 아무런 잘못이 없다.",
            "당심에서의 정신감정결과에 의하면, 피고인이 중학생이던 1983.경 9세의 여아를 강간하여 학교를 더 다니지 못하게 된 점, 피고인에 대한 누범전과의 내용도 어린 나이의 여아를 강간한 것인 점, 피고인에 대한 임상심리검사 결과 피고인은 초등학교 6학년 때아버지로부터 성적 폭행을 당하였다고 주장하는데, 그 후부터 지속적으로 나이 어린 여아에 대하여만 성욕을 느끼고, 소녀와의성행위 내지 성적 공상에 탐닉하여 왔다.",
            "피고인의 자아 이미지가 매우 부정적이고 기능이 매우 손상되어 있으며 불안정, 우울,충동성 등 정서적 문제가 발견되는 점 등을 종합하여 볼 때 피고인에게 변태성욕의 일종인 소아기호증(사춘기 이전의 소아들을 상대로 한 성행위를 중심으로 성적 흥분을 강하게 일으키는 공상, 성적 충동, 성적 행동이 반복되어 나타난다. 그리고 그로 인하여 심각한 고통이나 사회적,직업적 기능의 장해를 초래하는 증상)이 존재하는 것으로 진단된다.",
            "또한, 이 사건 범행 당시에도 피고인은 소아기호증이라는 정신질환으로 인하여 심신미약의 상태에 있었던 것으로 추정하고 있다.",
            "위와 같은 정신감정결과, 피고인의 범행전력, 이 사건 범행 내용 및 횟수 등에 비추어 볼 때, 피고인은 이 사건 범행 당시 소아기호증으로 인하여 범행의 충동을 억제하지 못하고 범행에 이르게 된 것으로서 의사를 결정하거나 사물을 변별할 능력이 미약한 상태에 있었던 사실이 인정되므로 피고인의 심신미약 주장은 이유 있다."
        ]
    },
    "close": {
        "cnclsns": [
            "원심판결을 파기한다.",
            "피고인을 징역 15년에 처한다.",
            "원심판결 선고 전의 구금일수 96일을 위 형에 산입한다."
        ]
    }
}