{
    "info": {
        "caseField": "2",
        "detailField": "6",
        "trailField": "2",
        "caseNm": "사기,컴퓨터등사용사기,사문서위조,위조사문서행사",
        "courtNm": "광주지방법원",
        "judmnAdjuDe": "2006. 04. 05.",
        "caseNo": "2006노347",
        "relateLaword": [
            "형법 제347조",
            "형법 제354조",
            "형법 제328조",
            "형사소송법 제364조"
        ],
        "qotatPrcdnt": []
    },
    "concerned": {
        "acusr": "1",
        "dedat": "4"
    },
    "org": {
        "orgJdgmnCourtNm": "광주지방법원 순천지원",
        "orgJdgmnAdjuDe": "2006. 2. 16.",
        "orgJdgmnCaseNo": "2006고단13"
    },
    "disposal": {
        "disposalform": "6",
        "disposalcontent": [
            "원심판결을 파기한다.",
            "피고인을 징역 6월에 처한다.",
            "원심판결 선고 전 구금일수 51일을 위 형에 산입한다.",
            "이 사건 공소사실 중 컴퓨터등사용사기의 점에 대한 형을 면제한다."
        ]
    },
    "mentionedItems": {
        "rqestObjet": [
            "원심이 피고인에 대하여 선고한 형(징역 8월)은 너무 무거워 부당하다는 것이다."
        ]
    },
    "assrs": {
        "acusrAssrs": [],
        "dedatAssrs": [
            "원심이 피고인에 대하여 선고한 형(징역 8월)은 너무 무거워 부당하다는 것이다."
        ]
    },
    "facts": {
        "bsisFacts": [
            "기록에 의하면 위 피해자 공소외인이 피고인의 친할아버지인 사실이 인정된다."
        ]
    },
    "dcss": {
        "courtDcss": [
            "피고인의 위 양형부당 주장을 판단하기에 앞서 직권으로 살피건대, 원심 판시 범죄사실 제3항의 피해자 공소외인에 대한 컴퓨터 등 사용 사기의 점은 형법 제347조의 2에 해당하는 범죄인바, 기록에 의하면 위 피해자 공소외인이 피고인의 친할아버지인 사실이 인정되므로(수사기록 제2권 42쪽 참조), 이 부분에 대하여는 형법 제354조, 제328조 제1항에 의하여 그 형을 면제하여야할 것이다.",
            "그럼에도 불구하고 원심은 그 판시 컴퓨터등 사용 사기의 점에 대해서도 징역형을 선택한 다음 나머지 판시 제1, 2의 각 죄와 함께 형법 제37조 전단의 경합범으로 처단하였는바, 이는 친족간의 사기범행에 관한 법리를 오해함으로써 판결에 영향을 미쳤다고할 것이므로, 원심판결은 이 점에서 더 이상 유지될 수 없게 되었다."
        ]
    },
    "close": {
        "cnclsns": [
            "원심판결을 파기한다.",
            "피고인을 징역 6월에 처한다.",
            "원심판결 선고 전 구금일수 51일을 위 형에 산입한다.",
            "이 사건 공소사실 중 컴퓨터등사용사기의 점에 대한 형을 면제한다."
        ]
    }
}