{
    "info": {
        "caseField": "2",
        "detailField": "6",
        "trailField": "2",
        "caseNm": "특정경제범죄가중처벌등에관한법률위반(사기),외국환거래법위반·주식회사의외부감사에관한법률위반",
        "courtNm": "광주고등법원",
        "judmnAdjuDe": "2007. 11. 09.",
        "caseNo": "2006노66",
        "relateLaword": [
            "형법 제37조",
            "형사소송법 제364조",
            "외국환거래법"
        ],
        "qotatPrcdnt": []
    },
    "concerned": {
        "acusr": "4",
        "dedat": "1"
    },
    "org": {
        "orgJdgmnCourtNm": "전주지방법원 군산지원",
        "orgJdgmnAdjuDe": "2006. 7. 7. ",
        "orgJdgmnCaseNo": "2006고합6"
    },
    "disposal": {
        "disposalform": "10",
        "disposalcontent": [
            "원심판결의 유죄부분 및 무죄부분 중 특정경제범죄 가중처벌 등에 관한 법률 위반(사기) 부분을 파기한다.",
            "피고인 1을 징역 4년에 처한다.",
            "피고인 2를 징역 3년에 처한다.",
            "피고인 3을 징역 2년 6월에 각 처한다.\n",
            "피고인 1에 대한 원심판결 선고 전의 구금일수 17일을 위 피고인들에 대한 위 형에 산입한다.",
            "피고인 2에 대한 원심판결 선고 전의 구금일수 171일을 위 피고인들에 대한 위 형에 산입한다.",
            "이 판결 확정일로부터  피고인 2에 대하여는 4년간 형의 집행을 유예한다.",
            "이 판결 확정일로부터 피고인 3에 대하여는 3년간 형의 집행을 유예한다.",
            "이 사건 공소사실 중 피해자 한국산업은행에 대한 회계분식으로 인한 특정경제범죄 가중처벌 등에 관한 법률 위반(사기)의 점은 무죄이다.",
            "원심판결의 무죄부분 중 외국환거래법위반의 점에 대한 검사의 항소를 기각한다.",
            " 외국환거래법위반의 점에 대한 검사의 주장은 이유 없다."
        ]
    },
    "mentionedItems": {
        "rqestObjet": [
            "2002회계연도 재무제표에 터잡아 체결된 외화지급보증계약의 여신한도, 여신기간의 범위 내에서 개설된 신용장 부분은 회계분식과 인과관계가 없으므로 사실오인의 부분이 있다.",
            "검사는 당심에 이르러 3건의 신용장 부분에 관한공소사실을 철회하는 내용의 공소장변경 허가신청을 하였고 당원이 이를 허가하였으므로, 이 부분 항소이유에 대하여는 따로 판단하지 아니한다.",
            "000 0000지점의 여신담당자였던  공소외 2는 재무제표가 허위로 작성되었다는 사실을 알면서도 공소외 1 주식회사의 부도와 그로 인한 000의 손실 발생을 우려하여 기간연장 및 한도증액을 한 것이다라는 사실오인의 부분이 있다.",
            "재산상의 이득액을 산정함에 있어, 범행종료시인 2005. 1. 24.를 기준으로 하여 그 전에  공소외 1 주식회사가 결제한 대금은 편취액에서 공제되어야 한다.",
            "피고인들의 변제노력 등 제반 정상을 참작하면, 원심이 위 피고인들에 대하여 정한 형은 너무 무거워서 부당하다.",
            "허위 신용장 개설로 인한 특정경제범죄 가중처벌 등에 관한 법률 위반(사기) 부분의 공소사실에 관하여 원심은 사실을 오인하거나 법리를 오해하여 이 부분 공소사실을 무죄로 판단하였다.",
            "외국환거래법 위반 부분의 공소사실에 관하여 공소외 1 주식회사는 수출입을 가장하여 홍콩 거래은행으로부터 외화를 차입하고 그 차입한 외화를 변제한 것이므로 이는 외국환거래법이 처벌하고 있는 비거주자인 외국회사 등으로부터 외화자금을  차입 하거나 외국회사 등에게 외화자금을  지급 한 경우에 해당한다."
        ]
    },
    "assrs": {
        "acusrAssrs": [],
        "dedatAssrs": [
            "2002회계연도 재무제표에 터잡아 체결된 외화지급보증계약의 여신한도, 여신기간의 범위 내에서 개설된 신용장 부분은 회계분식과 인과관계가 없다.",
            "000(이하 'OOO'이라고만 한다)함열지점은 전액 담보를 제공하도록 하는 조건으로 2004.5.13.및 2004.7.1.자 외화지급보증계약을 체결하였으므로, 위 약정에 터잡아 개설된 신용장 부분은 회계분식과 인과관계가 없다(다만, 이법원의 OOO에 대한 사실조회결과에 의하면 위 각 외화지급보증계약에 터잡아 개설된 신용장은 (번호 1 생략, 번호 2 생략, 번호 3 생략)인 사실이 인정된다.",
            "아래에서 보는 바와 같이 검사는 당심에 이르러 위 3건의 신용장 부분에 관한공소사실을 철회하는 내용의 공소장변경 허가신청을 하였고 당원이 이를 허가하였으므로, 이 부분 항소이유에 대하여는 따로판단하지 아니한다.",
            "재산상의 이득액을 산정함에 있어, 범행종료시인 2005.1.24.를 기준으로 하여 그 전에 공소외 1 주식회사가 결제한 대금은 편취액에서 공제되어야 한다.",
            "위 피고인들의 변제노력 등 제반 정상을 참작하면, 원심이 위 피고인들에 대하여 정한 형은 너무 무거워서 부당하다."
        ]
    },
    "facts": {
        "bsisFacts": [
            "피고인들이 공소외 3과 공모하여 사실은 석유를 수입한 사실이 없음에도 석유를 수입하는 것처럼 가장하여 2003.9.29.부터 2004.4.27.까지 사이에 45회에 걸쳐 000, 000 등 금융기관으로 하여금 미화 합계115,684,434달러 상당의 신용장을 개설하도록 하여 위 금액에 대하여 보증채무를 부담하게 함으로써 동액 상당의 재산상 이득을 취득한 사실을 충분히 인정할 수 있다.",
            "이 부분 공소사실의 요지는, 피고인들은, 통상의 신용장 거래에 필요한 선하증권(B L)에 의한 거래가 아닌 수출자가 작성해 주는 LOI의 제시만으로도 신용장결제가 가능하도록 금융기관과 신용장 개설약정을 체결한 후, 이를 이용하여 사실은 물품의 수출입이 없음에도 마치 수출입 거래처와 경유 등을 무역거래하는 것처럼 가장하는 방법으로 외화자금을 차입 및 상환하기로 하였다.",
            "국내의 다른 수입사들이 국내도입하기로 계약을 완료하여 도입한 물량을 거래하는 것처럼 가장하는 방법이 있다.",
            "국내에 도입되지도 않은 허위의 물량을 거래하는 것처럼 가장하는 방법이 있다.",
            "중계무역으로 가장하는 방법이 있다.",
            "공소외 1 주식회사와 국내의 다른 수입사들이 같은 모선으로 나누어 국내도입하는 전체 물량을 거래하는 것처럼 가장하는 방법이 있다.",
            "공소외 1 주식회사가 실제로 국내에 도입하는 물량에 대하여 별도의 허위계약을 체결하여 거래하는 것처럼 위장하는 방법 등으로, 사실은 석유를 수입하거나 수입된 석유를 수출하지 아니하였음에도 마치 그러한 무역거래가 있었던 것처럼 하였다.",
            "별지 범죄일람표 (2)기재와 같이 82회에 걸쳐 합계 미화 192,727,973.53달러 상당의 단기외화자금을 차입한 후, 미화 197,312,575.484달러 상당을 지급·상환함으로써 무역거래를 가장하여 재정경제부장관의 허가 없이 1년 이하의 단기외화자금을 차입하고, 동 차입금을 상환하였다.",
            "공소외 1 주식회사는 수출입을 가장하여 홍콩 거래은행으로부터 외화를 차입하고 그 차입한 외화를 변제한 것이므로 이는 외국환거래법이 처벌하고 있는 비거주자인 외국회사 등으로부터 외화자금을 차입하거나 외국회사 등에게 외화자금을 지급한 경우에 해당한다."
        ]
    },
    "dcss": {
        "courtDcss": [
            "피고인 1, 2 및 검사의 항소이유에 관하여 판단하기에 앞서 직권으로 살피건대, 검사가 당심에 이르러 이 사건 공소사실 중 외국환거래법위반의 점을 제외한 나머지 공소사실을 다음과 같이 변경하는 내용의 공소장변경신청을 하고 당원이 이를 허가하였다.",
            "당초 제기된 공소사실을 대상으로 심리,판단한 원심판결의 유죄 부분 일부 및 그 일부 유죄 부분과 형법 제37조 전단의 경합범 관계에 있는 나머지 유죄 부분 전부와, 허위 신용장 개설로 인한 특정경제범죄 가중처벌 등에 관한 법률 위반(사기)부분의 점에 대한 무죄 부분은 더 이상 유지될 수 없다.",
            "(다만, 피고인 1, 2의 항소이유 중 사실오인 내지 법리오해 주장, 검사의 항소이유는 여전히 당원의 심판대상이 되므로, 이에 관하여는 뒤의 쟁점에 대한 판단 부분에서 함께 판단하기로 한다.)",
            "피고인들에 대한 공소사실 제1항의 가.부분 허위 신용장 개설로 인한 특정경제범죄 가중처벌 등에 관한 법률 위반(사기)의 점 말미를...43회에 걸쳐 000, 000 등 금융기관으로 하여금 미화 합계 111,464,434달러 상당(133,757,320,740원 상당)의 신용장을 개설, 위 금액에 대하여 보증채무를 부담하게 하여 동액 상당의 재산상 이득을 취득하고 로 변경한다.",
            "그에 관한 범죄일람표를 별지 (1)범죄일람표로 변경하였다 이는 이 부분 공소사실 중 000가 2004.1.14.개설한 미화 200만 달러의 신용장((번호 3 생략))부분, 2004.4.23.개설한 미화 222만 달러의 신용장((번호 4 생략))부분을 각 철회한 것이다].",
            "피고인 1, 2에 대한 공소사실 제2항의 가.부분 [재무제표 허위작성 및 공시의 점] 말미를 \"...허위로 작성한 다음, 같은 달하순경 개최될 공소외 1 주식회사의 정기총회에 즈음하여 000 소재 공소외 1 주식회사에 위와 같이 허위로 작성된 대차대조표와 손익계산서를 비치하여 공시하고\"로 변경하였다.",
            "피고인 1, 2에 대한 공소사실 제2항의 나.부분 [회계분식으로 인한 특정경제범죄 가중처벌 등에 관한 법률 위반(사기)의 점] 말미를 \"...별지 범죄일람표 (3)기재와 같이 000으로 하여금 총 42회에 걸쳐 미화 91,244,651.31달러 상당(91,244,651,310원 상당),\"",
            "\"000은행으로 하여금 총 10회에 걸쳐 미화 합계 46,998,867달러 상당(46,998,867,000원상당)등 미화 합계 138,243,518.31달러 상당(138,243,518,310원 상당)의 신용장을 개설하였다.위 금액에 대하여 지급보증을하도록 하여 동액 상당의 재산상 이득을 취득한 것이다\"로 변경하였다.",
            "또한, 그에 관한 범죄일람표를 별지 (3)범죄일람표로 변경하였다[이는 이 부분 공소사실 중 OOO가 2004.5.13.개설한 미화 6,999,840.32달러의 신용장(번호 1 생략)부분,2004.5.27.개설한 미화 2,999,882.40달러의 신용장(번호 2 생략)부분, 2004.7.1.개설한 미화 4,999,851.45달러의신용장 번호 3 생략)부분을 각 철회한 것이다.]",
            "원심은 적법하게 채택,조사한 증거들에 의하여 인정되는 그 판시와 같은 사실관계에 터잡아, 공소외 1 주식회사가 지급받은 돈은 외국회사들이나 외국은행으로부터 직접 차입한 돈이 아니라 공소외 1 주식회사가 위와 같이 무역형식을 이용하여 수입한 석유를 재차 수출하는 방식을 취하였다.",
            "그 수입대금을 결제하기 위하여 외국회사를 수익자로 하여 국내 금융기관에 개설한 수입신용장의 결제방식에 따라 그 수입대금을 당해 국내 금융기관에 지급한 것이자 수출대금을 지급받은 것이므로, 실질적으로는 공소외 1 주식회사가 신용장 결제방식을 이용하여 국내 개설은행으로부터 돈을 차용하고 신용장 대금을 결제하여 그와 같이 차용한 돈을 상환한 것으로 보아야 할 것이다.",
            "이를 들어 피고인들이 비거주자인 외국회사 등으로부터 외화자금을 차입하였다거나 외국회사 등에게 외화자금을 지급 하였다고 보기 어려우며, 달리 피고인들이 외국환거래법이 처벌하는 거주자와 비거주자간의 금전대차 행위를 하였음을 인정할 증거가 없다고 판단하였는바, 기록과 관계법령의 규정에 비추어 살펴보면 원심의 위와 같은 인정과 판단은 정당한 것으로 수긍할 수 있고, 거기에 사실을 오인하거나 법리를 오해하여 판결에 영향을 미친 위법이 있다고 보이지 아니한다.",
            "따라서 검사의 이 부분 주장은 이유 없다."
        ]
    },
    "close": {
        "cnclsns": [
            "원심판결의 유죄부분 및 무죄부분 중 특정경제범죄 가중처벌 등에 관한 법률 위반(사기)부분을 파기한다.",
            "피고인 1을 징역 4년에, 피고인 2를 징역 3년에, 피고인 3을 징역 2년 6월에 각 처한다.",
            "피고인 1에 대한 원심판결 선고 전의 구금일수 17일, 피고인 2에 대한 원심판결 선고 전의 구금일수 171일을 위 피고인들에 대한 위 각 형에 산입한다.",
            "다만, 이 판결 확정일로부터 피고인 2에 대하여는 4년간, 피고인 3에 대하여는 3년간 위 피고인들에 대한 위 각 형의 집행을유예한다.",
            "이 사건 공소사실 중 피해자 OOO에 대한 회계분식으로 인한 특정경제범죄 가중처벌 등에 관한 법률 위반(사기)의 점은 무죄.",
            "원심판결의 무죄부분 중 외국환거래법위반의 점에 대한 검사의 항소를 기각한다."
        ]
    }
}