{
    "info": {
        "caseField": "2",
        "detailField": "6",
        "trailField": "2",
        "caseNm": "성폭력범죄의처벌및피해자보호등에관한법률위반(주거침입강간등)(인정된죄명:주거침입),강간,공갈",
        "courtNm": "서울고등법원",
        "judmnAdjuDe": "2006. 08. 23.",
        "caseNo": "2006노1107",
        "relateLaword": [
            "형사소송법 제364조"
        ],
        "qotatPrcdnt": [
            "대법원 2002. 3. 12. 선고 2001도6960 판결",
            "대법원 1998. 7. 28. 선고 98도1379 판결",
            "대법원 1984. 6. 26. 선고 83도685 판결",
            "대법원 2002. 3. 12. 선고 2001도6960 판결",
            "대법원 1998. 7. 28. 선고 98도1379 판결"
        ]
    },
    "concerned": {
        "acusr": "4",
        "dedat": "1"
    },
    "org": {
        "orgJdgmnCourtNm": "의정부지방법원 고양지원",
        "orgJdgmnAdjuDe": "2006. 5. 24.",
        "orgJdgmnCaseNo": "2005고합151"
    },
    "disposal": {
        "disposalform": "10",
        "disposalcontent": [
            "원심판결을 파기한다.",
            "피고인을 징역 1년 6월에 처한다.",
            "원심판결 선고 전의 구금일수 155일을 위 형에 산입한다.",
            "이 사건 공소사실 중 각 강간의 점은 무죄이다."
        ]
    },
    "mentionedItems": {
        "rqestObjet": [
            "피고인의 피해자 공소외 2에 대한 협박은, 피해자의 명예에 일정한 해악을 가할 것을 통고하여 피해자로 하여금 외포심을 일으키게 하는 정도에 그쳤을 뿐, 피해자의 반항을 억압할 정도에 이르지 못하였으므로, 피해자에 대한 강간죄나 강제추해죄는 성립하지 않는다.",
            "피고인은 거주자인 피해자의 승낙을 얻어 피해자의 집으로 들어갔으므로 주거침입죄도 성립하지 않는다.",
            "피고인은 피해자에게 전화로  외간 남자가 집에서 나오면 이웃 사람들이 이상하게 생각할 테니 수금사원이 방문했다가 돌아가는 것처럼 돈을 줘서 보내면 나중에 다시 보내 주겠다 라고 말하여 피해자로부터 돈을 받은 것이지, 강간 범행 중단의 대가로 금원을 갈취한 것이 아니다.",
            "이 사건 공소사실 중 일부가 유죄로 인정된다 할지라도, 원심의 양형이 너무 무거워서 부당하다."
        ]
    },
    "assrs": {
        "acusrAssrs": [],
        "dedatAssrs": [
            "피고인의 피해자 공소외 2에 대한 협박은, 피해자의 명예에 일정한 해악을 가할 것을 통고하여 피해자로 하여금 외포심을 일으키게 하는 정도에 그쳤을 뿐, 피해자의 반항을 억압할 정도에 이르지 못하였으므로, 피해자에 대한 강간죄나 강제추행죄는 성립하지 않으며, 피고인은 거주자인 피해자의 승낙을 얻어 피해자의 집으로 들어갔으므로 주거침입죄도 성립하지 않는다",
            "피고인은 피해자에게 전화로 \"외간 남자가 집에서 나오면 이웃 사람들이 이상하게 생각할 테니 수금사원이 방문했다가 돌아가는 것처럼 돈을 줘서 보내면 나중에 다시 보내 주겠다\" 라고 말하여 피해자로부터 돈을 받은 것이지, 강간 범행 중단의 대가로금원을 갈취한 것이 아니다",
            "설령 이 사건 공소사실 중 일부가 유죄로 인정된다고 할지라도, 원심의 양형이 너무 무거워서 부당하다."
        ]
    },
    "facts": {
        "bsisFacts": [
            "피고인은 2005.6.경 잘못 걸린 전화를 받은 피해자 공소외 2(여, 34세)에게 거짓으로 옛날 애인으로 행세하면서 모텔 객실에서불을 끈 상태로 만나 1회 성관계를 가진 후 여전히 피해자가 피고인의 얼굴을 모르는 것을 기화로 피해자를 협박하여 계속하여 성관계를 갖기로 마음먹었다.",
            "여전히 피해자의 옛날 애인으로 행세하면서 2006.6.11.경부터 같은 달 14.경까지 사이에 피해자에게 전화로 \"네가 나를 만나기 위해 애를 업고 모텔로 들어가는 장면과 나와 만났던 모텔 방 호수를 사진으로 찍은 사람이 있는데 그 사람이 돈은 필요 없고 네 몸을 달라고 한다.",
            "그 사람 성질 건드려서 좋을 것 하나도 없으니 그 사람이 원하는 대로 해 주는 게 좋을 것 같다\" 라고 말하여 마치 사진 찍은 자의 요구에 응하지 않으면 사진을 피해자의 집으로 보내고 옛날 애인과 성관계를 가진 사실을 피해자의 남편과 가족들에게 알릴듯한 태도를 취하는 등 협박하여 피해자의 반항을 억압하였다.",
            "2005.6.15.14:30경 0000에 있는 '00000' 모텔 6층 호수불상 객실에서 사진 찍은 자로 행세하면서 위와 같이 반항이 억압된 피해자를 만나 피해자로 하여금 피고인의 성기를 입으로 빨게 한 다음 피해자를 강제로 1회 간음하여 강간하였다.",
            "그 때부터 같은 해 8.18.까지 위와 같은 방법으로 원심 판시 별지 범죄일람표 1번, 8번 내지 10번 기재와 같이 총 4회에 걸쳐 피해자를 강제로 간음하여 각 강간하였다.",
            "2005.6.24.10:30경 0000 (상세번지 및 아파트 동 호수 각 생략)에 있는 피해자의 집 앞에 이르러 위와 같이 반항이 억압된 피해자의 의사에 반하여 피해자의 주거에 침입한 후, 위 (가)항과 같은 방법으로 피해자를 강제로 1회 간음하여 강간하였다.",
            "이를 비롯하여 그때부터 같은 해 7.25.까지 위와 같은 방법으로 원심 판시 별지 범죄일람표 2번 내지 7번 기재와 같이 총 6회에 걸쳐 피해자의 주거에 침입한 후 피해자를 강제로 간음하여 각 강간하였다.",
            "2005.10.18.09:30경 위 피해자의 집에서 위 (나)항과 같이 피해자의 주거에 침입한 후, 위와 같이 반항이 억압된 피해자로 하여금 피고인의 성기를 입으로 빨게 하여 피해자를 강제추행하였다."
        ]
    },
    "dcss": {
        "courtDcss": [
            "강간죄가 성립하려면 가해자의 폭행,협박은 피해자의 항거를 불가능하게 하거나 현저히 곤란하게 할 정도의 것이어야 하고, 폭행,협박이 피해자의 항거를 불가능하게 하거나 현저히 곤란하게 할 정도의 것이었는지 여부는 그 폭행·협박의 내용과 정도는 물론, 유형력을 행사하게 된 경위, 피해자와의 관계, 성교 당시와 그 후의 정황 등 모든 사정을 종합하여 판단하여야 한다.",
            "강간당한 사실이나 그 이후 다시 성관계를 맺은 사실을 폭로하겠다는 협박의 경우 일반적으로 그것만을 들어 피해자의 항거를 불가능하게 하거나 현저히 곤란하게 할 정도의 것이라고 단정하기는 어렵다(대법원 2002.3.12.선고 2001도6960 판결, 1998.7.28.선고 98도1379 판결 참조).",
            "한편 강간죄에 있어서의 위와 같은 법리는 상대방에 대하여 폭행 또는 협박을 가하여 항거를 곤란하게 한 뒤에 추행행위를 하는 강제추행죄에 있어서도 동일하게 적용되어야 할 것이다.",
            "이 사건에서 원심이 적법하게 채택·조사한 증거들에 의하면, 피고인이 위 공소사실 기재 각 일시,장소에서 피해자를 각 간음하고 추행한 사실을 인정할 수 있지만, 피해자의 수사기관 및 원심법정에서의 각 진술에 의하더라도, 피해자는 위 공소사실 기재와 같이 2005.6.경 피해자의 옛날 애인으로 행세하였다.",
            "피고인과 그 얼굴을 정확히 보지 못한 상태에서 1회 성관계를 가진 후 여전히 옛날 애인 행세를 하는 피고인으로부터 전화로 \"네가 나를 만나기 위해 애를 업고 모텔로 들어가는 장면과 나와 만났던 모텔 방호수를 사진으로 찍은 사람이 있는데 그 사람이 돈은 필요 없고 네 몸을 달라고 한다",
            "그 사람 성질 건드려서 좋을 것 하나도 없으니 그 사람이 원하는 대로 해 주는 게 좋을 것 같다\" 라는 말을 듣는 등 마치 사진 찍은 자의 요구에 응하지 않으면 사진이 피해자의 집으로 보내지고 옛날 애인과 성관계를 가진 사실이 피해자의 남편과 가족들에게 알려질 듯한 태도에 협박받아, 사진 찍은 자로도 행세하는 피고인으로부터 간음 및 추행을 당하게 되었다.",
            "그외에는 피고인으로부터 별다른 폭행이나 협박을 받은 적이 없을 뿐만 아니라 위 각 간음 및 추행 현장에서는 피고인으로부터 어떠한 폭행이나 협박도 당하지 않았다는 것이다.",
            "위와 같이 피고인이 피해자에게 한 협박은 피해자의 의사에 반하는 정도라고 볼 수는 있을지 언정 피해자의 항거를 불가능하게 하거나 현저히 곤란하게 할 정도의 것(강간죄)이라거나 또는 피해자의 항거를 곤란하게 할정도의 것(강제추행죄)이라고 보기 어렵고, 달리 이를 인정할 증거가 없다.",
            "결국, 원심 판시 범죄사실 제1, 2, 3항 중 강간 및 강제추행의 점을 모두 유죄로 인정한 원심은, 채증법칙을 위배하여 사실을 오인하였거나 강간죄 및 강제추행죄에 있어서 협박의 정도에 관한 법리를 오해함으로써 판결에 영향을 미친 위법을 저질렀다고 할것이어서, 피고인의 위 주장은 이유 있다.",
            "원심이 적법하게 채택·조사한 증거들에 의하면, 피고인이 전항 기재와 같이 피해자의 옛날 애인 및 사진 찍은 자의 1인 2역을 수행하면서 그 정을 모르는 피해자를 협박하였고, 이에 속아 겁을 먹은 피해자로부터 승낙을 얻어 여러 차례 그녀의 집으로 들어가간음 및 추행한 사실을 인정할 수 있는바이다.",
            "설령 피고인이 피해자의 승낙을 얻어 피해자의 집으로 들어갔다고 할지라도 그러한승낙의 의사표시는 기망 및 협박에 의한 것으로서 무효에 해당한다.",
            "남편이 일시 부재중 간음 및 추행의 목적하에 그처의 승낙을 얻어 주거에 들어간 경우라도 남편의 주거에 대한 지배관리관계는 여전히 존속한다고 봄이 옳다.",
            "또한, 사회통념상 간음및 추행의 목적으로 주거에 들어오는 것은 남편의 의사에 반한다고 보여져 처의 승낙이 있었다 하더라도 남편의 주거의 사실상의 평온은 깨어졌다 할 것이므로 위와 같은 경우 주거침입죄가 성립한다 할 것이어서(대법원 1984.6.26.선고 83도685판결 참조), 피고인의 위 주장은 이유 없다.",
            "원심이 적법하게 채택,조사한 증거들에 의하면, 피고인이 원심 판시 범죄사실 4.가.나.다.기재와 같이 금원을 주지 않으면 피해자의 의사에 반하는 성관계를 계속할 듯한 태도를 보여 이에 겁을 먹은 피해자로부터 30만 원, 8만 원, 50만 원을 각 교부받아 이를 각 갈취한 사실을 충분히 인정할 수 있으므로, 피고인의 위 주장은 이유 없다"
        ]
    },
    "close": {
        "cnclsns": [
            "원심판결을 파기한다",
            "피고인을 징역 1년 6월에 처한다.",
            "원심판결 선고 전의 구금일수 155일을 위 형에 산입한다.",
            "이 사건 공소사실 중 각 강간의 점은 각 무죄"
        ]
    }
}