{
    "info": {
        "caseField": "2",
        "detailField": "6",
        "trailField": "2",
        "caseNm": "특정범죄가중처벌등에관한법률위반(뇌물), 특정경제범죄가중처벌등에관한법률위반(사기)",
        "courtNm": "서울고등법원",
        "judmnAdjuDe": "2006. 12. 29.",
        "caseNo": "2006노1833",
        "relateLaword": [
            "도시 및 주거환경정비법 제84조",
            "주택법 제102조",
            "헌법 제11조",
            "도시 및 주거환경정비법 제84조",
            "형법 제129조",
            "형법 제132조",
            "형법 제130조",
            "집합건물법 제47조",
            " 주택건설촉진법 제1조",
            " 주택건설촉진법 제2조",
            "도시재개발법 제48조",
            "도시재개발법 제27조",
            "도시재개발법 제29조",
            "도시재개발법 제28조",
            "도시재개발법 제31조",
            "도시재개발법 제32조",
            "도시재개발법 제20조",
            "특정범죄가중처벌등에관한법률 제2조",
            "도시개발법 제2조",
            "도시계획법 제2조"
        ],
        "qotatPrcdnt": [
            "헌법재판소 1997. 4. 24.자 96헌가3,96헌바70(병합) 결정",
            "대법원 2006. 5. 25. 선고 2006도1146판결",
            "대법원 2006. 2. 23. 선고 2005도8645 판결",
            "대법원 2000. 7. 7. 선고 2000도1899 판결"
        ]
    },
    "concerned": {
        "acusr": "1",
        "dedat": "4"
    },
    "org": {
        "orgJdgmnCourtNm": "서울동부지방법원",
        "orgJdgmnAdjuDe": "2006.8.11",
        "orgJdgmnCaseNo": "2005고합287,290(병합) ,315(병합) ,316(병합), 307(병합), 335(병합), 396(병합), 2006고합8(병합), 50(병합)"
    },
    "disposal": {
        "disposalform": "10",
        "disposalcontent": [
            "피고인의 항소를 기각한다.",
            "이 판결 선고 전의 당심 구금일수 중 135일을 피고인에 대한 원심판결의 형에 산입한다."
        ]
    },
    "mentionedItems": {
        "rqestObjet": [
            "원심이 위 조항이 합헌임을 전제로 위 조항을 적용하여 피고인을 뇌물죄로 처단한 것은 헌법을 위반하여 판결에 영향을 미친 위법을 저지른 것이다.",
            "피고인이 조합장의 업무를 수행하기 위한 업무추진비로 받은 것이지 원심 판시와 같이 시공사 선정에 대한 답례나 편의 제공의 대가로 받은 것이 아님에도, 원심이 이를 뇌물죄로 처단한 것은 사실을 오인하거나 뇌물죄의 성립에 관한 법리를 오해하여 판결에 영향을 미친 위법을 저지른 것이다.",
            " 피해자인 000이 자신의 독자적인 내부기준에 따라 대출을 해 준 것이지 피고인,  공소외 1의 기망행위에 속아대출을 해 준 것이 아님에도, 원심이 이 부분 공소사실을 유죄로 인정한 것은 사실을 오인하거나 사기죄의 구성요건에 관한 법리를 오해하여 판결에 영향을 미친 위법을 저지른 것이다.",
            "피해자인 000은 조합원들에게 보증서의 한도액 범위 내에서 각 개별적으로 대출한 것이므로 조합원 별로 별개의 사기죄가 성립할 뿐 그 전부를 포괄하여 하나의 사기죄가 성립한다고 볼 수 없음에도, 원심이 이를 포괄일죄로 보아 특정경제범죄 가중처벌 등에 관한 법률 위반(사기)죄로 처단한 것은 죄수에 관한 법리를 오해하여 판결에 영향을 미친 위법을 저지른 것이다."
        ]
    },
    "assrs": {
        "acusrAssrs": [],
        "dedatAssrs": [
            "도시 및 주거환경정비법(이하, '도시정비법'라고 한다)제84조는 재건축조합의 임원을 형법상 뇌물죄의 처벌에 있어서 공무원으로 간주하고 있으나, 재건축사업은 사익성이 강하여 공공성이 강한 재개발사업과는 아래 표에서 보는 바와 같이 차별되고, 재건축조합과 성격이 유사한 주택조합의 경우 주택법이 감리업무를 행하는 자만을 공무원으로 간주하는 규정을 두고 있을 뿐(주택법제102조)주택조합의 임원을 공무원으로 간주하는 규정을 두고 있지 아니한다.",
            "그러므로, 결국 위 조항은 \"같은 것은 같게, 다른 것은 다르게\" 취급하는 이른바 실질적 평등의 이념에 반하는 자의적이고 불공평한 조항으로 헌법 제11조 제1항에 위반되어 위헌이라고 할 것임에도, 원심이 위 조항이 합헌임을 전제로 위 조항을 적용하여 피고인을 뇌물죄로 처단한 것은 헌법을 위반하여 판결에 영향을 미친 위법을 저지른 것이다.",
            "구분 주택재개발사업, 의의 및 목적 정비기반시설이 열악하고 노후·불량건축물이 밀집한 지역에서 주거환경을 개선하기 위하여 시행하는 사업",
            "구분 주택재건축사업, 의의 및 목적 정비기반시설은 양호하나, 노후·불량 건축물이 밀집한 지역에서 주거환경을 개선하기 위하여 시행하는 사업",
            "구분 주택재개발사업, 조합원 가입의 강제성 여부 재개발사업에 동의하지 않는 자도 조합원으로 가입(강제가입제)",
            "구분 주택재건축사업, 재건축사업에 동의한 자만이 조합원 가입(임의가입제)",
            "구분 주택재개발사업, 토지수용권 여부 제한없음",
            "구분 주택재건축사업, 천재·지변 그밖의 불가피한 사유로 긴급히 정비사업을 시행할 필요가 있을 때",
            "구분 주택재개발사업, 국가 또는 지방자치단체의 보조 및 융자 등 임시수용시설 설치 의무화, 국가 또는 지방자치단체의 건설비용 보조 또는 융자 가능, 임대주택건설의 경우 국가 등의 시설을 임대가능",
            "피고인이 원심 판시 범죄사실 2항 기재 일시, 장소에서 공소외 1로부터 여러 차례에 걸쳐 합계 1억 원을 받은 것은 사실이나, 이는 피고인이 조합장의 업무를 수행하기 위한 업무추진비로 받은 것이지 원심 판시와 같이 시공사 선정에 대한 답례나 편의 제공의 대가로 받은 것이 아님에도, 원심이 이를 뇌물죄로 처단한 것은 사실을 오인하거나 뇌물죄의 성립에 관한 법리를 오해하여 판결에 영향을 미친 위법을 저지른 것이다.",
            "피고인은 공소외 1과 공모하여 공사도급약정서를 허위로 작성하는 기망행위를 한 사실이 없고, 피해자인 000(이하, 'OOO'이라고만 한다)역시 자신의 독자적인 내부기준에 따라 대출을 해 준 것이지 피고인, 공소외 1의 기망행위에 속아 대출을 해 준 것이 아님에도, 원심이 이 부분 공소사실을 유죄로 인정한 것은 사실을 오인하거나 사기죄의 구성요건에 관한 법리를 오해하여 판결에 영향을 미친 위법을 저지른 것이다.",
            "가사, 사기의 공소사실이 유죄로 인정된다 하더라도 피해자인 하나은행은 조합원들에게 보증서의 한도액 범위 내에서 각 개별적으로 대출한 것이므로 조합원 별로 별개의 사기죄가 성립할 뿐 그 전부를 포괄하여 하나의 사기죄가 성립한다고 볼 수 없음에도, 원심이 이를 포괄일죄로 보아 특정경제범죄 가중처벌 등에 관한 법률 위반(사기)죄로 처단한 것은 죄수에 관한 법리를 오해하여 판결에 영향을 미친 위법을 저지른 것이다."
        ]
    },
    "facts": {
        "bsisFacts": [
            "도시정비법이 제정되기 이전에는 재개발사업은 도시재개발법에 의하여, 재건축사업은 집합건물의 소유 및 관리에 관한 법률(이하, '집합건물법'이라고 한다)과 주택건설촉진법에 의하여 각 규율되었는데, 당시 재개발사업과 재건축사업은 아래에서 보는바와 같이 그 개념과 성질에 있어 본질적인 차이가 있었다.",
            "먼저, 당시의 관련법령에 의하면, 도시재개발사업은 국토공간 중 특히 도시공간의 합리적이고 효율적인 고도이용(고도이용)과 도시기능의 회복을 위하여 건축물 및 그 부지의 정비와 대지의 조성 및 공공시설의 정비를 하는 사업과 이에 부대되는 사업이다(도시재개발법 제2조 제2호 참조)",
            "이로써 인구 및 산업의 과도한 도시집중과 건축물의 불량·노후화 및 공공시설의 부족으로 인한 도시문제를 해결함과 동시에 도시의 건전한 발전과 공공복리의 증진에 기여하기 위한 도시계획사업 의 성격까지 함께 가지고 있었다(도시계획법 제2조 제1항 제1호 다목 참조).",
            "반면, 재건축사업은 건물 건축 후 상당한 기간이 경과되어 건물이 훼손 또는 일부 멸실되거나 그밖의 사정에 의하여 건물의 가격에 비하여 과다한 수선·복구비나 관리비용이 소요되는 경우 또는 부근 토지의 이용상황의 변화나 그밖의 사정에 의하여 건물을 재건축하면 그에 소요되는 비용에 비하여 현저한 효용의 증가가 있게 되는 경우에, 이하 다음 내용과 같다.",
            "즉, 그 건물을 철거하고 그 대지 위에 신건물을 설치하는 사업으로서(집합건물법 제47조 제1항 참조), 재개발사업과는 달리 토지의 합리적인 이용이나 가치의 증진, 도시의 기능이나 공공복리의 증진 등의 목적이나 도시계획과는 무관하였다(재건축조합의 근거법령인 주택건설촉진법 제1조, 제2조참조).",
            "따라서, 재개발사업의 경우 그와 같은 공공성으로 인하여 재건축사업과 달리 재개발사업에 소요되는 비용의 국가 또는 지방자치단체의 보조 및 융자(도시재개발법 제48조), 가(임시)수용시설 등을 위한 토지의 사용(같은 법 제27조), 지장물의 이전요구 및행정대집행의 인정(같은 법 제29조), 공익을 위한 개수명령 및 행정대집행의 인정(같은 법 제28조)의 특성이 인정되었다.",
            "또한, 재개발사업에 필요한 토지 등의 수용 및 토지수용법의 준용(같은 법 제31조, 제32조), 조합원에 대한 부과금 등, 사업시행으로 인한 청산금에 대한국세 또는 지방세 징수절차에 의한 강제징수와 행정기관에의 징수위탁의 인정(같은 법 제20조 제4항, 제43조 제2항)과 재개발사업에 대한 행정관청의 감독(같은 법 제49조, 제50조)등의 특성이 인정되었다.",
            "재건축조합과 재개발조합의 이러한 근본적 차이로 인하여, 도시재개발법은 재개발조합의 임원에 대하여는 형법상 뇌물죄의 벌칙 적용에 있어서 공무원으로 간주하는 규정을 두었던 반면(제69조), 주택건설촉진법은 재건축조합을 포함한 주택조합의 임원에 대하여는 그러한 규정을 두지 않았다.",
            "한편, 헌법재판소는 이러한 입법상의 차별은 재개발사업과 재건축사업이 갖는 공공성의 차이로 인한 것이어서 자의적이고 불공평한차별이라고 볼 수 없다고 판시한 바 있다{ 헌법재판소 1997.4.24.자 96헌가3,96헌바70(병합)결정 참조).",
            "그런데, 그 후 재건축사업과 관련한 각종 비리와 주민간의 분쟁이 빈번하게 발생하고, 종전의 관련 법령이 다수 당사자의 이해관계를 적절히 조절,통제해야 할 필요성이 큰 재개발,재건축사업 등 각종 공공 정비사업을 효율적으로 규율하지 못하고 있다는 비판이 제기됨에 따라 2002.12.30.법률 제6852호로 도시정비법이 제정되었다.",
            "이에 따라, 기존의 도시재개발법은 2003.7.1.폐지되었고, 주택건설촉진법 역시 2003.5.29.주택법으로 그 명칭이 변경되면서전면 개정되어 재건축사업 관련 조항이 모두 삭제되어(도시정비법 부칙 제18조 제1항)도시정비법으로 흡수,통합되었다.",
            "도시정비법은 도시기능의 회복이 필요하거나 주거환경이 불량한 지역을 계획적으로 정비하고 노후,불량건축물을 효율적으로 개량하기 위하여 필요한 사항을 규정함으로써 도시환경을 개선하고 주거생활의 질을 높이는데 이바지함을 그 목적으로 하고 있는데러한 목적에 맞추어 재건축사업과 재개발사업의 개념을 새롭게 다시 정하면서 정비기반시설이 열악하고 노후,불량건축물이 밀집한 지역에서 주거환경을 개선하기 위하여 시행하는 사업 을 주택재개발사업이다.",
            "정비기반시설은 양호하나노후·불량건축물이 밀집한 지역에서 주거환경을 개선하기 위하여 시행하는 사업을 주택재건축사업 으로 정의하였다(제2조 제2호).",
            "그리고, 위와 같이 정비된 개념에 따라 각종 정비사업에 관련된 기존의 법령을 정리,통합하여 통일적이고 체계적인 절차를 마련하는한편, 그에 대한 규제를 강화함으로써 정비사업의 공공성, 투명성을 제고,보완하였다."
        ]
    },
    "dcss": {
        "courtDcss": [
            "그러므로 도시정비법 제84조가 위헌임을 전제로 하는 피고인의 이 부분 주장은 이유 없어 이를 받아들이지 아니한다.",
            "재개발사업을 위하여 설립되는 재개발조합의 경우에도 주택조합과는 달리 설립 당시 사업 시행구역 안에 있는 모든 토지나 건축물의 소유자 또는 그에 관한 지상권자의조합원 가입이 강제되며(같은 법 제14조), 조합 이외의 자는 재개발조합 또는 이와 유사한 명칭을 사용할 수 없는 특수성이 인정되었다(같은 법 제13조 제1항, 제3항).",
            "특히, 종래 주택건설촉진법이 규율하던 주택재건축사업을 주거환경개선사업, 주택재개발사업, 도시환경정비사업과 함께 동법이 규율하는 정비사업에 포함시키고(제2조 제2호), 재건축사업과 관련된 각종 비리행위로 인한 심각한 분쟁과 피해를 방지하기 위해서는 재건축조합 임원들에 대한규제 강화가 필요하다는 인식에서, 이하 다음 내용과 같다.",
            "즉, 도시정비법상 재건축조합의 임원은 뇌물에 관한 죄의 적용에 있어서 공무원으로 본다는 공무원 간주조항을 마련함으로써(제84조)재건축조합 임원들의 책임을 한층 강화하였다(대법원 2006.5.25.선고 2006도1146판결 참조).",
            "앞서 본 도시정비법의 제정경위 및 입법목적 등에 비추어 보면, 도시정비법에 따른 재건축사업은 종전의 주택건설촉진법의 규율을 받던 재건축사업과 그 개념이나 공공성에 있어 본질적인 차이가 존재하고, 주택재개발사업과는 단지 정비기반시설의 양호정도 에 따라 구별될 뿐 그 공공성에 본질적 차이가 있는 것은 아니라고 할 것 이다.",
            "그러므로, 비록, 재건축사업과 재개발사업에 신청인이 주장하는 바와 같은 규율내용 상의 차이가 존재하더라도, 이는 공공성의 유무에 따른 차이가 아니라 정비기반시설의 차이에서 비롯되는 개별적, 상대적 차이에 불과하므로 그러한 차이를 들어 주택재건축조합과 주택재개발조합의 성격이 실질적으로 다른 것 이라고 평가할 수는 없다.",
            "반면, 주택법의 적용을 받는 주택조합의 경우에는 도시정비법의 제정 후에도 그 목적이나 기본적 성격에 변함이 없으므로 새로이 공공성을 가지게 된 재건축조합과 더 이상 동등하게 평가할 수 없다.",
            "그러므로, 입법자가 도시정비법의 제정으로 새로이 공공적 성격을 가지게 된 주택재건축사업의 업무를 처리하는 조합의 임원에 대하여 그 직무집행의 공정성을 담보하고자 공무원으로 간주하여 청렴성과 불가매수성을 요구한 것을 두고 헌법 제11조 제1항이규정하는 실질적 평등의 원칙에 반하는 위헌적인 잘못이 있다고 할 수 없다{ 헌법재판소 1997.4.24.자 96헌가3,96헌바70(병합)결정 참조}.",
            "원심이 적법하게 조사, 채택한 증거들을 기록에 비추어 검토하여 보면, 원심의 이 부분 사실인정과 그 과정에서 거친 증거의 취사선택 및 판단은 정당하다고 수긍이 가고, 거기에 채증법칙에 위배하여 사실을 오인한 위법이 있다고 할 수 없으므로 이점을 탓하는 피고인의 주장은 이유없어 이를 받아들이지 아니한다.",
            "원심이 적법하게 조사하여 채택한 증거들과 당심 증인 공소외 8의 법정진술에 아래의 판단을 더하여 보면, 원심의 이 부분 사실인정과 그 과정에서 거친 증거의 취사선택 및 판단은 정당하다고 수긍이 가고, 거기에 채증법칙에 위배하여 사실을 오인한 위법이있다고 할 수 없으므로 이 점을 탓하는 피고인의 주장은 이유 없어 이를 받아들이지 아니한다.",
            "재물편취를 내용으로 하는 사기죄에 있어서는 기망으로 인한 재물교부가 있으면 그 자체로써 피해자의 재산침해가 되어 이로써 곧 사기죄가 성립하는 것이고, 상당한 대가가 지급되었다거나 피해자의 전체 재산상에 손해가 없다 하여도 사기죄의 성립에는 영향이 없다(대법원 2000.7.7.선고 2000도1899 판결 참조).",
            "그러므로 피해자 하나은행이 피고인 등의 기망행위에 속아대출금을 지급한 이상 가사 위 대출금에 대하여 충분한 담보가 존재한다고 하더라도 그러한 사정만으로 사기죄의 성립을 부정할 수는 없다고 할 것이므로 피고인의 이 부분 주장 역시 이유 없어 이를 받아들이지 아니한다.",
            "원심이 같은 취지에서 이를 일죄로 판단한 것은 정당하고, 거기에 항소이유에서 주장하는 바와 같이 죄수에 관한 법리오해의 위법이 없다고 할 수 없으므로 이 점을 다투는 피고인의 주장 역시 이유 없어 이를 받아들이지 아니한다."
        ]
    },
    "close": {
        "cnclsns": [
            "피고인의 항소를 기각한다.",
            "이 판결 선고 전의 당심 구금일수 중 135일을 피고인에 대한 원심판결의 형에 산입한다."
        ]
    }
}