{
    "info": {
        "caseField": "2",
        "detailField": "6",
        "trailField": "2",
        "caseNm": "특정범죄가중처벌등에관한법률위반(뇌물)(인정된죄명:배임수재),업무상배임,뇌물공여(인정된죄명:배임증재)",
        "courtNm": "서울고법",
        "judmnAdjuDe": "2006. 12. 15.",
        "caseNo": "2006노1315",
        "relateLaword": [
            "석유 및 석유대체연료 사업법 제50조",
            "형법 제129조"
        ],
        "qotatPrcdnt": [
            "대법원 2001. 1. 19. 선고 99도5753 판결 ",
            " 대법원 2002. 5. 31. 선고 2001도670 판결",
            "헌법재판소 1990. 4. 2. 선고 89헌가113 전원재판부 결정",
            "대법원 1996. 5. 28. 선고 96도413 판결"
        ]
    },
    "concerned": {
        "acusr": "4",
        "dedat": "1"
    },
    "org": {
        "orgJdgmnCourtNm": "수원지법 성남지원",
        "orgJdgmnAdjuDe": "2006. 6. 22.",
        "orgJdgmnCaseNo": " 2006고합10, 18(병합)"
    },
    "disposal": {
        "disposalform": "9",
        "disposalcontent": [
            "원심판결 중 피고인들에 대한 부분을 파기한다.",
            "피고인  1을 벌금 1,000만 원에, 피고인  2를 벌금 200만 원에 각 처한다.",
            "피고인들이 위 벌금을 납입하지 아니하는 경우 각 5만 원을 1일로 환산한 기간 피고인들을 노역장에 유치한다.",
            "압수된 TV수신카드 1개(증 제3호), 헤드셋 1개(증 제4호), 리모콘 1개(증 제5호)를 피고인  1로부터 몰수한다.",
            "피고인  1로부터 1,100만 원을 추징한다.",
            "피고인들에 대하여 위 벌금에 상당한 금액의 가납을 명한다."
        ]
    },
    "mentionedItems": {
        "rqestObjet": [
            "원심은 신빙성이 없는  피고인 2,  공소외 1,  2,  3,  4의 각 증언 등을 유죄의 근거로 삼아 피고인에 대한 공소사실 전부를 유죄로 인정하였으니 이는 부당하다.",
            "피고인은 000소속 직원들로부터 부당한 요구를 받고 그들에게 컴퓨터 등 주변기기를 계속 납품하게 해 달라는 취지의 청탁을 하면서 그 대가로 위 금품 등을제공한 것은 아닌데도, 원심은 피고인에 대하여 뇌물공여죄의 유죄를 인정하였으니 이는 부당하다.",
            "피고인과 같이 위 위탁사무를 담당하지 않는 임,직원에 대하여는 적용되지 않는다고 보아야 할 것이므로, 피고인에 대하여 위 법률을 적용하여 뇌물수수죄의 유죄를 인정한 원심의 조치는 부당하다.",
            "이 사건의 여러 양형조건에 비추어 보면, 피고인들에 대한 원심의 선고형(1 피고인  1 : 징역 1년 6월, 집행유예 3년, 몰수 및 추징1,100만 원, 2 피고인  2 : 벌금 300만 원)은 너무 무거워서 부당하다."
        ]
    },
    "assrs": {
        "acusrAssrs": [
            "검사가 당심에 이르러 피고인들에 대한 이 사건 공소사실 중 뇌물수수와 뇌물공여의 각 점에 대하여 예비적으로 각각 배임수재와 배임공여의 공소사실, 죄명 및 적용법조를 추가하는 취지의 공소장변경 신청을 하였다."
        ],
        "dedatAssrs": [
            "피고인은 공소외 1로부터 공소사실 기재와 같이 컴퓨터 등 일부 전산장비를 교부받은 적은 있지만 공소외 1에 대한 업무편의 및 인사평정에 대한 대가로 위 물품을 교부받은 것은 아니고, 공소외 1로부터 공소사실 기재와 같이 현금을 수수한 적은 전혀 없는데도, 원심은 신빙성이 없는 피고인 2, 공소외 1, 2, 3, 4의 각 증언 등을 유죄의 근거로 삼아 피고인에 대한 공소사실 전부를 유죄로 인정하였으니 이는 부당하다.",
            "피고인은 한국석유품질관리원 소속 직원들로부터 부당한 요구를 받고 계약상 약자의 입장에서 어쩔 수 없이 그들에게 금품과향응을 제공한 것일 뿐 그들에게 컴퓨터 등 주변기기를 계속 납품하게 해 달라는 취지의 청탁을 하면서 그 대가로 위 금품 등을 제공한 것은 아닌데도, 원심은 피고인에 대하여 뇌물공여죄의 유죄를 인정하였으니 이는 부당하다.",
            "원심이 공무원이 아닌 피고인에 대하여 형법 제129조 제1항에 따른 뇌물수수죄를 적용함에 있어 그 적용법조로 삼은 것으로 보이는 석유 및 석유대체연료 사업법 제50조 소정 공무원 의제 조항은 한국석유품질관리원 소속 임·직원 중 위 법률에 따라 국가로부터 위탁받은 업무인 석유 및 석유대체연료에 대한 품질검사 등의 업무를 담당하는 임·직원에 대하여만 적용될 뿐이다.",
            "따라서 피고인과 같이 위 위탁사무를 담당하지 않는 임·직원에 대하여는 적용되지 않는다고 보아야 할 것이므로 피고인에 대하여 위 법률을 적용하여 뇌물수수죄의 유죄를 인정한 원심의 조치는 부당하다.",
            "이 사건의 여러 양형조건에 비추어 보면, 피고인들에 대한 원심의 선고형(피고인 1 : 징역 1년 6월, 집행유예 3년, 몰수 및 추징1,100만 원, 피고인 2 : 벌금 300만 원)은 너무 무거워서 부당하다."
        ]
    },
    "facts": {
        "bsisFacts": [
            "000은 공익법인의 설립운영에 관한 법률의 규정에 따라 석유제품의 연구개발, 시험조사와 석유제품에 대한 품질검사를 수행하여 석유산업의 건전한 발전과 제품의 품질향상을 도모함으로써 사회일반의 이익에 기여함을 목적으로 한다(한국석유품질관리원 정관 제2조).",
            "피고인 1이 이 사건 범행을 저지를 당시 000의 업무분장 내역을 살펴보면, 대표자인 이사장 아래 관리상무이사와기술상무이사를 두고, 관리상무이사 아래 기획조정처, 총무관리처를 두고, 기술상무이사 아래 검사처, 시험기술처, 성능평가처(2004.1.17.연구개발처로 명칭 변경됨)를 두고 있었다.",
            "피고인 2가 000 총무관리처 총무부 소속 공소외 5, 6, 7, 8 및 기획조정처 경영혁신팀 소속 공소외 1에게 000에 대하여컴퓨터 등 주변기기를 계속 납품하게 해 달라는 등의 청탁을 하면서 그 사례금으로 금품과 향응을 제공하였다.",
            "검사가 당심에 이르러 피고인들에 대한 이 사건 공소사실 중 뇌물수수와 뇌물공여의 각 점에 대하여 예비적으로 각각 배임수재와 배임공여의 공소사실, 죄명 및 적용법조를 추가하는 취지의 공소장변경 신청을 하였다."
        ]
    },
    "dcss": {
        "courtDcss": [
            "원심이 적법하게 조사하여 채택한 증거들에 의하면, 피고인들이 공소사실 기재와 같이 업무편의, 인사평정 및 컴퓨터 등 주변기기에 대한 납품계약의 유지 등에 관한 청탁에 대한 대가로 금품과 향응을 수수하거나 공여한 사실이 모두 인정되므로, 피고인들의 이 부분 주장은 이유 없다.",
            "위 법률 제50조는 \"제20조 및 제43조 제2항의 규정에 의하여 위탁한 업무에 종사하는 기관, 단체 또는 법인의 임·직원은 형법 제122조와 제129조 내지 제132조의 적용에 있어서는 이를 공무원으로 본다.\"고 규정하고 있다.",
            "제43조 제2항은 \"산업자원부장관은 이 법에 의한 권한의 일부를 대통령령이 정하는 바에 의하여 공사·품질검사기관 또는 석유산업의 건전한 발전을 목적으로 산업자원부장관의 허가를 받아 설립된 법인에게 위탁할 수 있다.\" 고 규정하고 있다.",
            "000은 공익법인의 설립운영에 관한 법률의 규정에 따라 석유제품의 연구개발, 시험조사와 석유제품에 대한 품질검사를 수행하여 석유산업의 건전한 발전과 제품의 품질향상을 도모함으로써 사회일반의 이익에 기여함을 목적으로 한다(한국석유품질관리원 정관 제2조).",
            "석유제품의 품질향상을 위한 연구개발, 석유제품의 시험분석 및 감정, 석유 및 석유대체연료 사업법 제25조, 제26조 및 제31조에 의한 석유 및 석유대체연료의 품질검사, 3의2.액화석유가스의 안전관리 및 사업법 제28조에 의한 액화석유가스의 품질검사, 석유제품의 연구개발, 시험조사, 품질관리 등에 관한 교육·홍보 및 도서발간, 석유제품 규격 제,개정을 위한 조사·연구, 해외유관기관과의 기술정보의 교환.",
            "업계 및 소비자에 대한 기술지도, 기타 관리원의 목적달성에 필요한 사업 및 전 각 호의 부대사업을 주요 사업내용으로 하여 설립된 재단법인으로(정관 제4조), 석유 및 석유대체연료 사업법 제43조 제2항에 따라 산업자원부장관으로부터 석유 및 석유대체연료에 대한 품질검사업무 등을 위탁받아 그 업무를 수행하고 있다.",
            "공무원의 신분이 아님에도 불구하고, 그 직무의 공공적 성격으로 인하여 청렴성과 불가매수성이 요구되는 경우에 그 직무와 관련된 수재행위를 공무원의 뇌물수수 행위와 같거나 유사하게 처벌하는 사례는 우리 형사법 체계상 흔히 찾아 볼 수 있다(대법원 2001.1.19.선고 99도5753 판결 등 참조).",
            "정기관으로부터 위탁받은 사무를 수행하는 법인 또는 단체의 임직원 및 개인 등에 대하여는 그 업무수행의 공정성 및 책임성을 확보하기 위하여 금품의 수수 등에 있어서 이들을 공무원과 같이취급하여 처벌하도록 하는 규정을 두는 것이다(별지 ㅇ 내지 ㅇ 법률 참조).",
            "①종사(從事)라는 단어는 국어사전에서 '1.어떤 일에 마음과 힘을 다함, 2.어떤 일을 일삼아서 함, 3.어떤 사람을 좇아 섬김'으로 정의되고 있는바, 위와 같은 사전적 의미를 고려하면 ‘종사하는’이라는 수식어는 자연인에 대하여는 잘 어울리지만(별지 ㅇㅇㅇㅇㅇㅇㅇㅇ 법률 참조), 단체에 대하여는 다소 어색하고, 그 대신 '위탁받은'이라는 수식어가 단체에 대하여 잘어울린다.",
            "② 실제, 수탁기관에 대한 수식어로는 '위탁받은'이라는 문구를, 자연인에 대한 수식어로는 종사하는이라는 문구를 각각구별하여 사용하는 입법례(별지 ㅇ 수도법)가 있고, 본건과 같이 확장해석과 축소해석이 모두 가능한 경우를 제외하면, '...에 종사하는 기관, 단체 또는 법인'과 같이 '종사하는'이라는 표현이 수탁기관을 수식하는 것임이 명백한 입법례는 찾아보기 어렵다.",
            "① 수탁기관을 수식하기 위하여는 '위탁받은'이라는 수식어 하나만 사용하여도 충분하고(입법례 : 위 ㅇ 법률), 굳이 '위탁받은'과 '업무에 종사하는'이라는 이중의 수식어를 사용할 필요가 없다.",
            "② 유통산업발전법(별지 ㅇ 법률)제47조는 제46조 제3항의 규정에 의하여 위탁한 업무에 종사하는 000의 임원 및직원을 뇌물수수죄의 주체로 의제하고 있는바, 대한상공회의소는 성질상 유일무이한 단체로서 위 법률에 따른 위탁사무를 독점적으로 위탁받아 처리하도록 규정되어 있으므로 000 자체를 더욱 한정할 목적으로 위탁한 업무에 종사하는이라는 수식어를 사용한 것으로 볼 수 없다.",
            "입법자가 위 법률에 대하여 확장해석을 의도하였다면 단지 000의 임원 및 직원이라고 규정하면 충분하고 굳이 위와 같은 수식어를 사용할 필요가 없는 점 등 제반 사정을 고려하면, 위 수식어는 ‘임원 및 직원’을 한정하기 위하여 사용된 것으로밖에 볼 수 없다.",
            "결국 대한상공회의소의 임원 및 직원 중 위 법률에 따른위탁사무에 종사하는 자만이 뇌물수수죄의 주체가 된다고 봄이 상당하다(이는 별지 ㅇㅇㅇㅇㅇㅇㅇㅇ 법률의 경우에도 해당된다).",
            "③ 청소년보호법(별지 ㅇ 법률)제48조 제1항은 제46조의 규정에 의하여 위탁한 사무 중 심의업무에 종사하는 한국간행물윤리위원회 또는 법인, 단체의 위원, 임원, 직원을 뇌물수수죄의 주체로 의제하고 있어 이론상 축소해석과 확장해석이 가능하다.",
            "이와 입법 취지가 유사한 출판 및 인쇄진흥법(별지 ㅇ 법률)제27조는 제17조의 규정에 의한 000의 위원 및 심의업무에 종사하는 직원, 제20조의 규정에 의한 전문심의위원회의 위원, 제24조의 규정에 의한 000의 위원 및 제26조의 규정에 의하여 위탁한 업무에 종사하는 법인 또는 단체의 임·직원을 뇌물수수죄의 주체로 규정하고 있다.",
            "위 조항 중 적어도 밑줄 친 부분에 관한 한 위탁사무에 종사하는 사람들만이 뇌물수수죄의 주체가 되는 것은 명백한바, 아마도 입법자는 ㅇ 법률과 같이 위탁사무에 종사하는 사람들만을 뇌물수수죄의 주체로 간주하려는 의도였지만, 위와 같이 많은 숫자의 공무원 의제 대상자를 하나의 조항에 배열하려는 입법기술상의 애로점 때문에 ㅇ 법률과 같이 축소해석과 확장해석이 가능한듯한 조항이 생긴 것으로 추측된다.",
            "형법상 뇌물죄는 공무원이 국가 또는 공공단체의 사무인 공무에 관하여 수재행위를 하는 경우에 성립하는 것이다.",
            "공무원의 구체적인 행위가 공무원의 직무에 속하는지 여부는 그것이 공무의 일환으로 행하여졌는가 하는 형식적인 측면과 함께 그 공무원이 수행하여야 할 직무와의 관계에서 합리적으로 필요하다고 인정되는 것이라고 할 수 있는가 하는 실질적인 측면을 아울러 고려하여 결정하여야 한다(대법원 2002.5.31.선고 2001도670 판결 등 참조).",
            "공무원의 신분이 아님에도 불구하고, 그수재행위를 공무원의 뇌물수수 행위와 같게 처벌하는 이유도 그 직무의 공공적 성격으로 인하여 청렴성과 불가매수성이 요구됨에도 불구하고 그 직무와 관련하여 금품을 수수하였기 때문이다(대법원 2001.1.19.선고 99도5753 판결 등 참조).",
            "국가로부터 특정 국가 사무를 위탁받아 처리하는 수탁기관의 임·직원은 공무인 위탁사무와 관련하여 수재행위를 한 경우에는 뇌물죄가 성립하지만, 이와 달리 공무로 볼 수 없는 사무 즉, 수탁기관 본연의 사무와 관련하여 수재행위를 한 경우에는 뇌물죄가 성립하지 않는다고 보아야 할 것이다.",
            "건과 같이 확장해석과 축소해석이 모두 가능한 입법례(별지 ㅇㅇㅇㅇㅇㅇㅇㅇㅇㅇㅇㅇㅇㅇㅇㅇㅇㅇㅇㅇㅇㅇㅇㅇㅇ 법률)에 대하여 확장해석을 취한다면 축소해석만이 가능한 다른입법례(별지 ㅇㅇㅇㅇㅇㅇㅇㅇㅇㅇ 법률)와 비교할 경우, 양자를 달리 취급할 합리적인 이유가 쉽게 설명되지 않는다.",
            "위의 경우 확장해석을 취한다면 수탁기관의 임·직원 중 국가로부터의 위탁사무와 무관한 업무를 담당하는 사람들도 뇌물수수죄의 주체가 되는바, 이는 주식회사와 같은 민간단체에 근무하면서 위 사람들과 동일한 업무를 담당하는 사람들과 비교하여보면 매우 부당하다.",
            "국가로부터 특정 사무를 위탁받는 수탁기관은 처음부터 관계 법령에 의하여 국가의 관여하에 위탁사무 등 공공적인 성격의업무를 담당할 목적으로 설립되는 경우가 종종 있으므로 이와 같은 수탁기관에 대하여는 확장해석을 취하더라도 전혀 수긍할수 없는 것은 아니다.",
            "악취방지법(별지 ⓞ 법률)제25조에 의하면, '고등교육법에 따른 대학과 환경부장관의 설립허가를 받은 환경관련 비영리법인'도 위 법률에 따른 수탁기관의 하나로 규정되어 있어, 위 법률에 대하여 확장해석을 취한다면 원래 공무와 관계없는 사립대학 및 환경관련 비영리법인이 위 법률에 따라 국가로부터 특정 사무를 위탁받기만 하면 그 임·직원은 그 위탁사무를담당하지 않더라도 모두 뇌물수수죄의 주체가 되는 결과가 초래된다.",
            "이러한 해석은 합리적으로 수긍하기 어려운 결론이다{이는 농산물품질관리법(별지 ⓖ 법률)소정의 생산자단체에도 해당된다}.",
            "대법원판결의 논리전개 과정을 보면, 대법원이 구 공중위생법 제41조 제2항에 관하여 확장해석의 입장을 취한것으로 볼 여지는 있지만, 축소해석에 의하더라도 피고인 1은 수탁기관의 회장으로서 위탁사무를 총괄하는 지위에 있었던 이상공무원으로 의제됨에는 다름이 없는 것이므로, 대법원이 위 법률 조항에 관하여 확장해석의 입장을 취하였다고 단정할 수 없다.",
            "석유대체연료 사업법 제50조의 의미는 제20조 및 제43조 제2항의 규정에 의하여 위탁받은 기관, 단체 또는 법인의 임·직원 중 그 위탁사무에 종사하는 임·직원이 그 위탁사무와 관련하여 부정한 행위를한 경우 이들을 공무원으로 보아 형법 제122조와 제129조 내지 제132조를 적용할 수 있다는 취지로 축소해석함이 상당하다.",
            "이때 위탁사무에 종사하는 자에는 본래의 위탁사무에 종사하는 자 이외에도 이와 밀접한 관계가 있는 업무에 종사하는 자 즉, 위탁사무에 종사하는 자를 지휘·감독·보좌하거나 위탁사무의 처리에 사실상 영향을 미칠 수 있는 자도 포함된다고 볼 것이다.",
            "검사가 당심에 이르러 피고인들에 대한 이 사건 공소사실 중 뇌물수수와 뇌물공여의 각 점에 대하여 예비적으로 각각 배임수재와 배임공여의 공소사실, 죄명 및 적용법조를 추가하는 취지의 공소장변경 신청을 하였고 당원이 이를 허가함으로써 심판의 대상이 변경되었으므로 변경 전 공소사실에 터잡은 원심판결은 더 이상 유지될 수 없게 되었다."
        ]
    },
    "close": {
        "cnclsns": [
            "원심판결 중 피고인들에 대한 부분을 파기한다.",
            "피고인 1을 벌금 1,000만 원에, 피고인 2를 벌금 200만 원에 각 처한다.",
            "피고인들이 위 벌금을 납입하지 아니하는 경우 각 5만 원을 1일로 환산한 기간 피고인들을 노역장에 유치한다.",
            "압수된 TV수신카드 1개(증 제3호), 헤드셋 1개(증 제4호), 리모콘 1개(증 제5호)를 피고인 1로부터 몰수한다.",
            "피고인 1로부터 1,100만 원을 추징한다.",
            "피고인들에 대하여 위 벌금에 상당한 금액의 가납을 명한다."
        ]
    }
}