{
    "info": {
        "caseField": "2",
        "detailField": "6",
        "trailField": "2",
        "caseNm": "절도,장물취득,상해",
        "courtNm": "춘천지방법원 강릉지원",
        "judmnAdjuDe": "2007. 01. 18.",
        "caseNo": "2006노368",
        "relateLaword": [
            "형사소송법 제286조",
            "형사소송법 제307조",
            "형사소송법 제364조"
        ],
        "qotatPrcdnt": []
    },
    "concerned": {
        "acusr": "4",
        "dedat": "1"
    },
    "org": {
        "orgJdgmnCourtNm": "춘천지방법원 속초지원",
        "orgJdgmnAdjuDe": "2006. 10. 19.",
        "orgJdgmnCaseNo": "2006고단283, 2006고단297(병합)"
    },
    "disposal": {
        "disposalform": "10",
        "disposalcontent": [
            "원심판결 중  피고인 2에 대한 부분을 파기한다.",
            "피고인 2를 징역 6월에 처한다.",
            "원심판결 선고 전의 구금일수 62일을 위 형에 산입한다.",
            "이 판결 확정일로부터 2년간 위 형의 집행을 유예한다.",
            "피고인 1의 항소를 기각한다."
        ]
    },
    "mentionedItems": {
        "rqestObjet": [
            "피고인 1이 자신의 잘못을 깊게 뉘우치고 있는 점 등을 고려하면 원심이 피고인에게 선고한 형은 너무 무거워서 부당하다.",
            "피고인 2이  피고인 1로부터 장뢰삼 6개를 건네받아 먹었을 때 야생 도라지인 줄 알았을 뿐 장뢰삼인 사실을 전혀 몰랐음에도 불구하고 원심이 이와 다른 전제에서 피고인에게 유죄를 인정한 것은 사실을 오인하여 판결에 영향을 미친 위법이 있다.",
            "피고인 2이 자신의 잘못을 깊게 뉘우치고 있는 점, 피고인에게는 부양하여야 할 노모가 있는 점 등을 고려하면 원심이 피고인에게 선고한 형은 너무 무거워서 부당하다."
        ]
    },
    "assrs": {
        "acusrAssrs": [],
        "dedatAssrs": [
            "피고인이 자신의 잘못을 깊게 뉘우치고 있는 점 등을 고려하면 원심이 피고인에게 선고한 형은 너무 무거워서 부당하다.",
            "피고인이 피고인 1로부터 장뢰삼 6개를 건네받아 먹었을 때 야생 도라지인 줄 알았을 뿐 장뢰삼인 사실을 전혀 몰랐음에도 불구하고 원심이 이와 다른 전제에서 피고인에게 유죄를 인정한 것은 사실을 오인하여 판결에 영향을 미친 위법이 있다.",
            "피고인이 자신의 잘못을 깊게 뉘우치고 있는 점, 피고인에게는 부양하여야 할 노모가 있는 점 등을 고려하면 원심이 피고인에게 선고한 형은 너무 무거워서 부당하다."
        ]
    },
    "facts": {
        "bsisFacts": [
            "피고인 1은 이미 동종범죄로 2회 처벌받은 전력있다.",
            "절도죄의 피해자 및 상해죄의 피해자들과 합의가 이루어지지 않았다."
        ]
    },
    "dcss": {
        "courtDcss": [
            "원심이 적법하게 조사·채택한 증거에 의하면, 원심 판시 범죄사실은 넉넉히 인정되므로 피고인의 주장은 이유 없다.",
            "피고인의 양형부당의 주장에 대한 판단에 앞서 직권으로 살피건대, 위 피고인은 원심 1회 공판기일에서 이 사건 공소사실에 대한 검사의 신문에 대하여 '공소사실은 모두 사실과 다름 없다'고 진술하였으나, 변호인의 반대신문에 대해서는 '함께 약초를 캐러간 피고인 1이 장뇌삼을 캐는데 피고인은 무엇인지도 모르고 옆에서 지켜보고만 있다가 나중에 숙소에서 피고인 1이 캔 것을주어 6뿌리 정도를 먹었다’는 취지로 진술하였다.",
            "이는 피고인이 먹은 것을 야생약초로 알았지 타인의 소유에 속하는 재물인장뢰삼인 줄 몰랐다는 취지의 주장으로 결국 이 사건 공소사실 중 장물성에 대한 범의를 부인하는 것이므로, 위 공소사실 부분은 형사소송법 제286조의2에서 규정한 \"공판정에서 공소사실에 대하여 자백한 때\"에 해당하지 아니하여 간이공판절차에 의하여 심판할 대상이 아니라고 할 것이다.",
            "따라서 원심 판시의 증거들 중 피고인의 법정에서의 진술을 제외한 나머지 증거들은 간이공판절차가 아닌 일반 절차에 의하여 증거조사를 하여 증거능력이 인정되어야만 위 공소사실 부분에 관한 유죄의 증거로 삼을 수 있다고 할 것임에도, 원심은 적법한 증거조사를 거치지 아니한 채 이를 증거로 하여 위 공소사실 부분을 유죄로 인정하였다.",
            "이러한 원심판결에는 간이공판절차에 관한 법리를 오해하거나 형사소송법 제307조에 위반하여 증거 없이 위 공소사실을 유죄로 인정하여 판결에 영향을 미친 법률위반의 잘못이 있다",
            "피고인 1은 이미 동종범죄로 2회 처벌받은 전력이 있을 뿐만 아니라 절도죄의 피해자 및 상해죄의 피해자들과 합의가 이루어지지 않은 점 등을 비롯하여 피고인의 연령, 성행, 지능과 환경, 범행의 동기, 수단과 결과, 범행 후의 정황 등 이 사건에 나타난 양형의 조건이 되는 여러 가지 사정을 참작하여 보면, 원심이 피고인에게 선고한 형량이 너무 무거워서 부당하다고 할 수 없으므로,위 양형부당의 항소논지는 이유 없다."
        ]
    },
    "close": {
        "cnclsns": [
            "원심판결 중 피고인 2에 대한 부분을 파기한다.",
            "피고인 2를 징역 6월에 처한다.",
            "원심판결 선고 전의 구금일수 62일을 위 형에 산입한다.",
            "다만, 이 판결 확정일로부터 2년간 위 형의 집행을 유예한다.",
            "피고인 1의 항소를 기각한다."
        ]
    }
}