{
    "info": {
        "caseField": "2",
        "detailField": "6",
        "trailField": "2",
        "caseNm": "특정범죄가중처벌등에관한법률위반(절도)",
        "courtNm": "전주지방법원",
        "judmnAdjuDe": "2006. 05. 25.",
        "caseNo": "2006노301",
        "relateLaword": [
            "형사소송법 제364조"
        ],
        "qotatPrcdnt": []
    },
    "concerned": {
        "acusr": "자연인, 검사",
        "dedat": "자연인, 검사"
    },
    "org": {
        "orgJdgmnCourtNm": "전주지방법원 남원지원",
        "orgJdgmnAdjuDe": "2006. 2. 7.",
        "orgJdgmnCaseNo": "2005고단356"
    },
    "disposal": {
        "disposalform": "10",
        "disposalcontent": [
            " 피고인과 검사의 항소를 모두 기각한다."
        ]
    },
    "mentionedItems": {
        "rqestObjet": [
            "피고인은 피고인에 대한 원심의 형(징역 1년 6월, 집행유예 3년, 사회봉사 240시간, 몰수)이 너무 무거워서 부당하다고 주장하고,검사는 피고인에 대한 원심의 형이 너무 가벼워서 부당하다고 주장한다."
        ]
    },
    "assrs": {
        "acusrAssrs": [
            "검사는 피고인에 대한 원심의 형이 너무 가벼워서 부당하다고 주장한다."
        ],
        "dedatAssrs": [
            "피고인은 피고인에 대한 원심의 형(징역 1년 6월, 집행유예 3년, 사회봉사 240시간, 몰수)이 너무 무거워서 부당하다고 주장한다."
        ]
    },
    "facts": {
        "bsisFacts": [
            "피고인이 전국의 대형 할인매장을 돌면서, 물건을 구입한 후 이중계산을 방지하기 위하여 계산이 끝난 물건에 부착하여 주는 계산완료스티커를 매장에서 회수하지 않는 것을 이용하여 피고인이 구입한 물건과 동종의 물건에 위 스티커를 몰래 부착한 후 그 물건을 가지고 나오는 방법으로 2005.7.1.부터 같은 해 10.23.까지 총 60회에 걸쳐 할인매장의 물건들(합계 17,327,860원)을 절취한 것이다."
        ]
    },
    "dcss": {
        "courtDcss": [
            "비록 피고인이 전과가 전혀 없고 피해자들에 대하여 1,200만 원을 공탁하였으며, 자신의 잘못을 뉘우치고 있는 등 그 정상에 참작할 만한 사정이 있다.",
            "그 죄질이 가볍지 아니한 점, 그밖에 피고인의 연령, 성행, 가정환경 등 이 사건 기록에 나타난 여러 양형조건을 종합,검토하여 보면, 원심의 형량은 적절하고 너무 무겁거나 가벼워서 부당하다고는 인정되지 않는다.",
            "원심 판결이 몰수한 증 제1호(승용차량 및 열쇠)는 피고인이 절취행위를 종료한 후에 위와 같이 절취한 상당량의 물건들을 운반하여 절취행위를 용이하게 하는데 사용한 것으로, 피고인 소유로서 실행행위와 밀접한 관계가 있는 행위에 사용하여 이 사건 범행에 제공된 것이 분명하므로 몰수의 요건이 충족된다."
        ]
    },
    "close": {
        "cnclsns": [
            "피고인과 검사의 항소를 모두 기각한다."
        ]
    }
}