{
    "info": {
        "caseField": "2",
        "detailField": "6",
        "trailField": "2",
        "caseNm": "특정경제범죄가중처벌등에관한법률위반(사기), 유사수신행위의규제에관한법률위반, 방문판매등에관한법률위반",
        "courtNm": "서울고등법원",
        "judmnAdjuDe": "2006. 10. 20.",
        "caseNo": "2006노1275",
        "relateLaword": [
            "형사소송법 제364조",
            "방문판매등에관한법률 제53조",
            "방문판매등에관한법률 제22조",
            "방문판매등에관한법률 제57조",
            "특정경제범죄가중처벌등에관한법률 제3조",
            "형법 제351조",
            "형법 제347조",
            "형법 제30조",
            "형법 제37조",
            "형법 제38조",
            "형법 제50조",
            "형법 제57조",
            "형사소송법 제334조",
            "형사소송법 제325조"
        ],
        "qotatPrcdnt": [
            "대법원 2006. 3. 9. 선고 2003도2433 판결",
            "대법원 2002. 10. 11. 선고 2002도2939 판결",
            "대법원 2000. 11. 10. 선고 2000도3483 판결",
            "대법원 2001. 7. 13. 선고 2001도1707 판결"
        ]
    },
    "concerned": {
        "acusr": "자연인,검사",
        "dedat": "자연인,검사"
    },
    "org": {
        "orgJdgmnCourtNm": "서울동부지방법원",
        "orgJdgmnAdjuDe": "2006.6.19",
        "orgJdgmnCaseNo": "2005고합216,2006고합15,106,107(병합)"
    },
    "disposal": {
        "disposalform": "10",
        "disposalcontent": [
            "원심판결을 파기한다.",
            "피고인 1을 징역 10년에, 피고인 2를 징역 5년에, 피고인 3 주식회사를 벌금 2천만 원에 각 처한다.",
            "원심판결 선고 전의 구금일수 57일을 피고인 1에 대한 위 형에, 39일을 피고인 2에 대한 위 형에 각 산입한다.",
            "피고인 3 주식회사에 대하여 위 벌금 상당액의 가납을 명한다.",
            "이 사건 공소사실 중 유사수신행위의규제에관한법률위반의 점은 무죄이다."
        ]
    },
    "mentionedItems": {
        "rqestObjet": [
            "신규회원은 재판매 활동 및 하위판매원모집 활동을 할 수 있고 그에 따라 방판법상 후원수당의 일종인  판매실적수당 을 지급받을 수 있으며 실제로 지급한 사례도 있으므로 방판법상 다단계판매원이라 할 것인바, 상위직급이 되기 위한 매출실적은 승급의 요건일 뿐 등록 요건이 아니므로 이를 두고 다단계판매원의 등록을 위하여 부담을 지운 것이라고 할 수 없다.",
            "가사 의무부과행위의 점에 관하여 유죄가 인정된다고 하더라도  일반회원 이 다단계판매원에 해당하는 것은 명백하므로 적어도  우수회원 ,  최우수회원 이 되기 위한 물품구입만큼은 승급요건이지 판매원 등록을 위한 부담이라고 볼 수 없다.",
            "피고인 3 주식회사는 다양한 종류의 물품을 판매하였고 상품선택에 별다른 제한이 없었으며 판매원은 회사에 대금을 지급하고 실제로 상품을 구입하여 수령하는 등 피고인 3 주식회사와 회원들 사이에 실제로 상품거래가 있었으므로 상품거래를 가장하거나 빙자하여 출자금을 받은 것이라고 할 수 없다.",
            "또한 회원들에 대한 수당은 피고인 3 주식회사의 마케팅보상플랜에 따라 가변적으로 결정되는 것으로 사전에 확정된 금액 또는 수당이란 있을 수 없으므로, 피고인들은 회원들을 상대로 상품구입대금을 초과하는 금원지급을 약속하지도 아니하였다.",
            "가사 일부 사기죄가 인정된다고 하더라도 이미 수당이 지급된 부분은 손해가 있다고 할 수 없으므로 사기죄에서 제외되어야 한다.",
            "피고인들에 대한 원심의 형량이 너무 무겁다.",
            "포괄일죄의 상습범에 있어서 개개의 행위에 대하여 개별적으로 보강증거가 필요하고 피고인의 기망행위 및 각 피해자들의 착오, 이로 인한 피해자들의 재산적 처분행위 사이에 인과관계가 인정되어야 하는데, 위 기망행위 및 인과관계에 관한 구체적인 진술이 없는 피해자들에 관하여는 공소사실이 특정되지도 아니하였고 범죄의 증거도 없음에도 원심이 유죄로 인정한 것은 부당하다.",
            "피고인 2가 피고인 3 주식회사를 설립한 것은 사실이나 직후에 피고인 1에게 회사를 양도하고 회사와 독립한 다단계판매원인 1번 사업자로 활동하였을 뿐 피고인 3 주식회사의 영업에 관하여 발언권이나 의사결정권을 가지고 있지 않았으므로 이 사건 공소사실에 관하여 피고인 1에 대하여 유죄가 인정된다고 하더라도 피고인 2가 이에 공모하거나 가담하였다고 할 수 없다",
            "피고인 1, 2에 대한 원심의 형량이 너무 가볍다."
        ]
    },
    "assrs": {
        "acusrAssrs": [
            "피고인 1, 2에 대한 원심의 형량이 너무 가볍다."
        ],
        "dedatAssrs": [
            "피고인 3 주식회사(이하 '피고인 3 주식회사'라 한다)이 운영하는 다단계판매업은 누구든지 피고인 3 주식 회사 소정의 가입절차만 밟으면 피고인 3 주식회사로부터 물건을 구입하지 않고서도 다단계판매원의 최초 직급인 신규회원이 될 수 있고, 신규회원은 실적에 따라 일반회원, 우수회원, 최우수회원으로 승급하게 된다.",
            "위 신규회원은 재판매 활동 및 하위판매원모집 활동을 할 수 있고 그에 따라 방판법상 후원수당의 일종인 판매실적수당을 지급받을 수 있으며 실제로 지급한 사례도 있으므로 방판법상 다단계판매원이라 할 것인 바, 상위직급이 되기 위한 매출실적은 승급의 요건일 뿐 등록 요건이 아니므로 이를 두고 다단계판매원의 등록을 위하여 부담을 지운 것이라고 할 수 없다.",
            "가사 의무부과행위의 점에 관하여 유죄가 인정된다고 하더라도 일반회원이 다단계판매원에 해당하는 것은 명백하므로 적어도 우수회원, 최우수회원이 되기 위한 물품구입만큼은 승급요건이지 판매원 등록을 위한 부담이라고 볼 수 없다.",
            "피고인 3 주식회사는 다양한 종류의 물품을 판매하였고 상품선택에 별다른 제한이 없었으며 판매원은 회사에 대금을 지급하고 실제로 상품을 구입하여 수령하는 등 피고인 3 주식회사와 회원들 사이에 실제로 상품거래가 있었으므로 상품거래를 가장하거나 빙자하여 출자금을 받은 것이라고 할 수 없다.",
            "또한 회원들에 대한 수당은 피고인 3 주식회사의 마케팅보상플랜에 따라 가변적으로 결정되는 것으로 사전에 확정된 금액 또는 수당이란 있을 수 없으므로, 피고인들은 회원들을 상대로 상품구입대금을 초과하는 금원지급을 약속하지도 아니하였다.",
            "피고인 3 주식회사는 투자원금을 초과하는 수당을 지급하겠다고 약속하지 아니하였고, 일정 금액 이상을 또는 매출의 몇 % 이상을 계열회사에 투자한다고 설명하거나 계열회사의 수익금으로 수당을 지급할 것이라고 설명한 적도 없으며, 피고인 1, 2 또한 회원들에게 이와 같은 약속을 한 적이 없다.",
            "또한 미지급 수당은 일정한 시기에 반드시 지급하여야 하는 것이 아니고 추후 매출이 발생하여야만 지급의무가 발생하는 것이므로 시재금이 일시 부족하다는 사정 또한 회원들을 기망하였다는 근거가 될 수 없다.",
            "가사 일부 사기죄가 인정된다고 하더라도 이미 수당이 지급된 부분은 손해가 있다고 할 수 없으므로 사기죄에서 제외되어야 한다.",
            "피고인 1, 2에게 이 사건 전에 사기 전과가 없는 점 등에 비추어 보면 피고인들에게 사기의 습벽이 있다고 할 수 없다.",
            "피고인들에 대한 원심의 형량이 너무 무겁다.",
            "피고인 2가 피고인 3 주식회사를 설립한 것은 사실이나 직후에 피고인 1에게 회사를 양도하고 회사와 독립한 다단계판매원인 1번 사업자로 활동하였을 뿐 피고인 3 주식회사의 영업에 관하여 발언권이나 의사결정권을 가지고 있지 않았으므로 이 사건 공소사실에 관하여 피고인 1에 대하여 유죄가 인정된다고 하더라도 피고인 2가 이에 공모하거나 가담하였다고 할 수 없다.",
            "포괄일죄의 상습범에 있어서 개개의 행위에 대하여 개별적으로 보강증거가 필요하고 피고인의 기망행위 및 각 피해자들의 착오, 이로 인한 피해자들의 재산적 처분행위 사이에 인과관계가 인정되어야 하는데, 위 기망행위 및 인과관계에 관한 구체적인 진술이 없는 피해자들에 관하여는 공소사실이 특정되지도 아니하였고 범죄의 증거도 없음에도 원심이 유죄로 인정한 것은 부당하다."
        ]
    },
    "facts": {
        "bsisFacts": [
            "피고인 3 주식회사의 다단계판매원에는 '일반회원', '우수회원', '최우수회원' 외에도 '신규회원' 이 있고, '신규회원' 은 특별한 자격 없이 가입신청서 및 첨부서류의 작성 제출만으로도 등록이 가능하다.",
            "피고인 3 주식회사의 SB 마케팅 플랜상 신규회원에게는 '후원수당' (하위 판매원의 판매액을 기준으로 지급)은 지급되지 않지만 5%의 판매실적수당 (본인 판매액을 기준으로 지급)이 지급되도록 되어 있다.",
            "실제로 신규회원 중 일부(2003.9.15.공소외 1 10,500원, 2003.9.30.공소외 2 3,650원, 2004.8.31.공소외 3 11,200원, 2003.9.15.공소외 4 2,500원, 2003.10.15.공소외 5 2,500원,",
            "2003.10.15.공소외 6 2,500원, 2005.3.31.공소외 7 2,500원)가 일반회원으로 등록할 수 있는 조건인 35만 SV를 달성하기 이전에 피고인 3 주식회사로부터 판매실적수당을 지급받았다.",
            "그러나 방판법 소정의 다단계판매원이 되기 위하여서는 소매이익(다단계판매에 있어 다단계판매원이 소비자에게 재화 등을 판매하여 얻는 이익)과 후원수당(다단계판매업자가 그 다단계판매원이 소비자의 일부를 하위판매원으로 가입하도록 하여 그 하위판매원이 당해 특정인의 활동과 같은 활동을 하게 한 데 대하여 지급하는 수당)을 모두 권유받았다.",
            "스스로 일정한 액수의 상품을 구입하지 않으면 상품을 회원가로 구입할 자격만 주어지고, 하위 다단계판매원을 모집하여 후원활동을 하더라도 후원수당을 지급받지 못한다면, 이러한 사람은 위 법 소정의 다단계판매원이라고 할 수 없다고 보아야 한다(대법원 2006.3.9.선고 2003도2433 판결 등 참조).",
            "따라서, 변호인들 주장과 같이 '신규회원'이 판매원 활동을 수행하고, '판매실적수당'을 지급받는다고 하더라도, 판매실적수당은 결국 자신의 상품구입가격의 일부(5%)를 돌려주는 것에 불과하고 이는 회원가 또는 할인가로 구입할 자격이 주어지는데 불과하여, 이러한 '신규회원' 을 위 법이 규정한 다단계판매원이라고 볼 수는 없다.",
            "결국 하위판매원들의 판매실적을 기준으로 한 '후원수당'을 지급받을 수 있는 '일반회원', '우수회원', '최우수회원'(공소장변경에 관한 검사의 진술취지에 따르면 공소사실에 이와 같이 세 종류의 회원이 적시된 것은 각 회원 등급이 승급하는 데 대한 부담행위를 기소한 것이 아니고,) ",
            "(단지 처음 가입하면서 납입하는 물품액의 차이에 따라 부여되는 세 가지 종류의 회원등급을 모두 적시한 것에 불과함이 명백하다)만이 피고인 3 주식회사의 다단계판매원이라고 할 수 있다.",
            "따라서 이러한 다단계판매원이 되기 위하여는 1인당 44만 원 상당(35만 SV, 일반회원), 115만 원 상당(75만 SV, 우수회원), 230만 원 상당(155만 SV, 최우수회원)을 납입하여야 하므로, 결국 피고인들은 다단계판매원이 되고자 하는 자에게 부담을 지게 한 것으로 보아야 한다.",
            "피고인 1, 2와 피고인 3 주식회사의 직원들 또한 수사기관에서 신규회원은 하위에 다단계판매원을 아무리 많이 모집하여 매출을 발생시켜도 후원수당을 전혀 받을 수 없다는 취지로 진술하였는바, 이러한 점을 고려하면 설령 피고인 3 주식회사에 신규회원이 존재한다고 하더라도 그것은 명목상에 지나지 않는 것으로 봄이 상당하다.",
            "2004.5.1.경부터 2004.9.30.경까지 0000 소재 피고인 3 주식회사 본사 및 전국 1개 지사, 36개 센터에서 불특정다수인을 상대로 건강보조식품 등 회사 구입가가 판매가에서 부여되는 에스브이(SV)를 뺀 금액보다 적은 판매가의 약 20%에 미치지 못하는 저가의 물품을 제공하였다.",
            "일정 금액 이상의 물품을 구입하고 판매원이 된 후 1단위(비즈)를 속칭 30만 에스브이(평균 41만 원)로 하여 투자한도 제한 없이 투자하면 그 투자금 중 25%만을 공유수당지급에 사용하고, 수당, 운영비, 물품대금 등을 제외한 자금은 수익사업에 투자하며, 그리하여 투자금 10단위(비즈)약 410만 원에 대하여 원금을 초과하는 540만 원을, 100단위(비즈)약 4,100만 원에 대하여 원금을 초과하는 7,560만 원을 틀림없이 지급해 주겠다.",
            "후순위 투자금이 영속적으로 납입되지 않더라도 수당, 운영비, 물품대금 등으로 사용하고 남은 자금을 수익사업에 투자하여 발생하는 수익금으로 투자금 10단위(비즈)약 410만 원에 대하여 원금을 초과하는 540만 원을, 100단위(비즈)약 4,100만 원에 대하여 원금을 초과하는 7,560만 원을 틀림없이 지급하겠다 라고 약정하였다.",
            "공소외 8 등으로부터 물품구입을 가장한 투자금 명목으로 총 40,165회에 걸쳐 합계금 18,881,415,592원을 수입함으로써 유사수신행위를 하였다.",
            "피고인 3 주식회사는, 피고인 3 주식회사의 대표자인 피고인 1 등이 당국의 인가·허가 등을 받지 아니하고,위 가.항 기재 일시 장소에서 가.항 기재와 같은 방법으로 공소외 8 등으로부터 물품구입을 가장한 투자금 명목으로 총 40,165회에 걸쳐 합계금 18,881,415,592원을 수입하여 유사수신행위를 함으로써 피고인 회사의 업무에 관하여 유사수신행위 금지의무 위반행위를 하였다."
        ]
    },
    "dcss": {
        "courtDcss": [
            "기록에 비추어 보면, 방판법상 다단계판매원의 자격요건이라 할 하위판매원모집으로 인한 후원수당을 지급받을 수 없다는 점을 근거로 들어 피고인 3 주식회사의 신규회원에 대하여 방판법상 다단계판매원이 아니라고 본 원심의 판단은 정당하다.",
            "한편, 일반회원, 우수회원, 최우수회원 등 세 종류의 회원이 공소사실에 적시된 것은 그 기재의 형식과 내용상 각 회원 등급이 승급되는 데에 대한 부담행위를 기소한 것이 아니고, 단지 처음 가입하면서 납입하는 물품액의 차이에 따라 부여되는 세 가지 종류의 회원등급을 모두 적시한 것에 불과하다.",
            "일반회원에서 우수회원, 최우수회원 이 되기 위한 물품구입대금을 부담행위로 보고 기소한 것으로 전제한 우수회원, 최우수회원이 되기 위한 물품구입은 판매원 등록요건이 아닌 승급요건으로 보아야 한다는 주장 또한 이유 없다.",
            "다수의 증인들이 일정한 금액의 수당지급을 보장받았다고 진술하고 있을 뿐 아니라, 변호인들이 신청한 증인들도 수당지급의 기준이 되는 N값{마케팅 플랜상 그 주 매출액의 25%를 전체 비즈(BIZ)수로 나눈 값}은 사실상 고정값(39,000원 내지 42,000원)으로 지급받았다고 진술하고 있다.",
            "원칙적으로 N값은 변동값임에도 (사업자들이 당연시 여기는)고정값 내지 일정 수준의 N값을 보장하기 위하여 마케팅 플랜과는 달리 방판법상 허용된 한도인 35%를 넘어 매출액 중 제품 원가, 비용 등을 제외하고 실질적으로 거의 전부인 69%까지 수당 지급에 사용하였다.",
            "이처럼 마케팅 플랜에 의하여 자동적으로 계산되는 N값을 임의로 조정한 이유에 대하여 피고인들은 (수당을 받아가는)비즈(BIZ)수의 부담을 줄이기 위하여 또는 피고인 3 주식회사의 이익을 사업자들에게 조금이라도 빠르게 나누어 주기 위하여 라고 진술하고 있으나 그러한 진술 자체에 의하더라도 사업자들이 보유한 잔존 비즈(BIZ)에 대한 수당지급의무가 있음을 전제하고 있는 것으로 보인다.",
            "회사에서 난수표 등을 사용하지 못하도록 규제하였다고 하면서도 반면 회사의 ‘적법’한 마케팅 플랜을 쉽게 설명하기 위한 적법’한 자료는 따로 배포하지 아니한 것에 비추어 보면 피고인들이 설령 직접 난수표 등을 이용한 설명행위를 하지 않았다고 하더라도 많은 수의 사업자들의 영업형태 및 그 문제점 등을 익히 알았다.",
            "오히려 그러한 사업자들의 행위에 순차적으로 또는 암묵적으로 상통하여 공동 가공한 것이고 단지 피고인들이 행한 단속활동 등은 탈법행위를 처벌받지 않기 위하여 명목상으로만 적법행위를 표방하거나 객관적인 증거를 은폐하기 위한 목적이었다고 볼 여지도 충분히 있는 점, 한편 변호인들이 제출한 설문조사결과(일정한 기간 안에 틀림없이 수당을 전부 지급받는다는 설명을 들은 일이 없다,)",
            "(계열회사의 수익금으로 수당을 지급해 줄 것이라는 설명을 들은 일이 없다는 취지)는 그 조사의 시기·방법·주체 등에 비추어 성립의 진정성이나 조사의 공정성을 확실히 담보할 수 있다고 볼 수만은 없을 뿐 아니라 특정기간 이나 '단기간' 내에 약정된 수당 전액을 지급받을 것이 법률상 구성요건으로 되어 있지도 않음에도 불구하고 위 설문의 취지는 오히려 지급받는 기간이 강조된 것으로 해석될 여지가 있다.",
            "또한 피고인 1과 피고인 2가 수사기관에서 특정액의 수당을 지급할 것처럼 사업설명을 하였고, N값을 사실상 고정값으로 운영하였다고 진술한 점 등을 종합적으로 고려하면, 피고인들이 판시사실과 같이 납입 원금의 전액 이상의 수당지급을 약속하였음을 넉넉히 인정할 수 있다.",
            "나아가, 다수의 증인들이 물품은 공짜개념이거나 비즈(BIZ)를 보유하기 위하여 그때그때 단가가 싼 물건을 구입하였다거나 상위사업자에게 알아서 싼 것으로 구입해달라고 부탁하였다고 진술하고 있다.",
            "2004년 3/4분기를 기준으로 피고인 3 주식회사에서는 약 700여 종에 달하는 물품을 판매하였지만 실제로 1만 개 이상 팔린 제품은 상대적으로 매입단가가 낮고 그 부여된 SV에 비하여 회원판매가(납입금)가 높지 않은 5종(5천 개 이상 매출은 13종, 1천 개 이상 매출은 36종)에 불과한 점, 피고인들도 제품의 매입단가가 판매가의 20% 가량을 넘지 않는다는 사실은 인정하고 있다.",
            "대부분의 제품들의 판매가가 일반적으로 시장 경제에서 제품 자체의 성능이나 판매원들의 수요 및 호응도 등에 의하여 가격이 결정되는 것과는 달리 그 부여되는 SV에 매입단가와 어느 정도의 마진율을 더하여 산출된 것으로 보인다.",
            "한편 피고인 3 주식회사의 주된 매출방식이었던 SR 마케팅을 하기 위해서는 판매원으로서는 매출실적이 155만 SV만 달성하면 되고 그 외 SR 마케팅을 하기 위하여 필요한 조건에 특별히 제한이 없었고, SR 마케팅에 의하여 지급받는 수당은 출근여부나 하위판매원의 모집 및 그들의 판매실적 등과는 관계없다.",
            "오로지 ‘N값’에 자신의 잔존 비즈(BIZ)수를 곱하여 산출될 뿐이어서 판매원들로서는 수당을 지급받기 위하여 대금의 납입 외에는 따로 출근이나 하위판매원의 모집 및 판매활동 등이 필요하지 않았던 점 등과 함께 앞에서 살핀 바와 같은 여러 사정들을 종합적으로 고려하면, 비록 이 사건 거래는 상품의 거래가 매개되었고 일부 상품을 실제로 판매원들이 수령하였다고 하였다.",
            "그 거래로 인하여 실질적으로 판매원들이 취득하려고 한 것은 마치 예금을 하고 계좌를 받듯이 상품 자체가 아니라 상품 값을 빼고도 납입한 원금 이상의 수당 지급이 보장되는 SV라고 봄이 상당하고, 결국 이는 상품의 거래를 가장하거나 빙자한 것이어서 실제로는 상품의 거래 없이 금원의 수입만 있는 것으로 볼 수 있는 경우에 해당한다고 판단하였다",
            "이 사건에 있어 원심이 들고 있는 위와 같은 여러 사정들(특히 기본적으로 수당을 고정값으로 지급한 점, 가격에 비하여 높은 SV값이 매겨져 있는 상품들 위주로 구매가 이루어진 점, 다수의 증인들이 물품은 공짜개념이거나 비즈(BIZ)를 보유하기 위하여 실제로 잘 사용하지 않는 물건을 구입하였다는 등의 진술을 하였다.)",
            ")수당을 수령하는 데 물품구입 외에 추가의 활동이 요구되지 아니하는 점)을 고려하여 보면 피고인들의 물품거래 행태가 위 법률이 금지하는 유사수신행위를 잠탈할 의도가 있는 것이 아닌가 의심되기는 한다.",
            "그러나 한편으로 원심에서 적법하게 조사, 채택한 증거에 의하면, ① 피고인 3 주식회사에서는 생필품, 식품, 화장품 등을 주로 하여 약 700여종의 물품을 다양한 업체로부터 구입하여 회원들에게 판매하였고 회원들의 상품선택에 별다른 제한을 두고 있지 아니한 사실,",
            "② 일부 상품들의 가격이 동일 내지 유사 상품의 일반유통경로를 통한 시중가격 또는 다른 다단계판매업체의 판매가격과 비교하여 비슷하거나 저렴하기도 한 사실{예를 들어, 이온수기인 '0' (2004년 3÷4분기부터 2005년 1월까지 121대가 판매되었다)의 판매가격이 1,270,000원인 반면, 타 다단계판매업체의 '000 이온수기' 의 판매가격이 1,299,000원, 000의 '0' 의 판매가격이 1,620,000원이다.",
            "그리고 남성용 기초 화장품인 '0' (2004년 3÷4분기부터 2005년 1월까지 10,786개가 판매되었다)의 판매가격이 68,000원인 반면, 남성용 기초 화장품인 타 다단계업체의 0 의 가격은 178,000원, 000의 0 의 가격은 182,000원이며, 0(0)(2004년 4/4분기부터 2005년 1월까지 26대가 판매되었다)의 판매가격이 239,000원으로서 000에서의 동일 상품판매가격과 동일하다.",
            "그리고 0 1000㎖ 4병(2004년 1÷4분기부터 2005년 1월까지 437,799개가 판매되었다)의 판매가격은 450,000원인 반면, 같은 양 기준으로 000에서 판매되는 0의 판매가격은 약 400,000원, 000에서 판매하는 0의 판매가격은 약 500,000원이며, 0 80㎖ 60포의 판매가격은 180,000원이다.",
            "반면, 같은 양 기준으로 000에서 판매되는 0의 판매가격은 약 220,000원으로 확인되었다}, ",
            "③ 상품매매계약이 실질적으로 체결되었고 구매된 상품은 판매원들이 본사 등을 방문하여 직접 수령하거나 택배를 통하여 배송받은 사실, ④ 판매원들이 구매한 상품에 문제가 있는 경우 자유롭게 반품이 가능하도록 절차가 마련되어 있는 사실 등이 인정되고, 반면에 상품의 질이 가격에 비하여 터무니없이 낮아서 실질적으로 구입할 가치가 전혀 없다는 등의 사정을 인정할 만한 객관적인 자료는 발견되지 아니한다.",
            "위와 같이 회사와 회원들 사이에 실제로 상품의 거래가 이루어진 것으로 인정되는 이상 상품의 거래를 가장하거나 빙자하여 실제로는 상품의 거래 없이 금원의 수입만 있는 것으로 보기는 어려우므로 판매대금을 초과하는 금원을 지급할 것을 약정하였다는 사정만으로는 피고인들의 자금조달행위가 유사수신행위의규제에관한법률 제2조 제1호에서 정한 유사수신행위에 해당한다고 단정하기 어렵다."
        ]
    },
    "close": {
        "cnclsns": [
            "원심판결을 파기한다.",
            "피고인 1을 징역 10년에, 피고인 2를 징역 5년에, 피고인 3 주식회사를 벌금 2천만 원에 각 처한다.",
            "원심판결 선고 전의 구금일수 57일을 피고인 1에 대한 위 형에, 39일을 피고인 2에 대한 위 형에 각 산입한다.",
            "피고인 3 주식회사에 대하여 위 벌금 상당액의 가납을 명한다.",
            "이 사건 공소사실 중 유사수신행위의 규제에 관한 법률 위반의 점은 무죄"
        ]
    }
}