{
    "info": {
        "caseField": "2",
        "detailField": "6",
        "trailField": "2",
        "caseNm": "사기, 절도",
        "courtNm": "수원지방법원",
        "judmnAdjuDe": "2006. 06. 15.",
        "caseNo": "2006노670",
        "relateLaword": [
            "자동차관리법 제6조",
            "형사소송법 제325조",
            "형사소송법 제364조"
        ],
        "qotatPrcdnt": [
            "대법원 1970. 9. 29.선고 70다1508 판결",
            "대법원 2005. 11. 10. 선고 2005도6604 판결"
        ]
    },
    "concerned": {
        "acusr": "자연인,검사",
        "dedat": "자연인,검사"
    },
    "org": {
        "orgJdgmnCourtNm": "수원지방법원 평택지원",
        "orgJdgmnAdjuDe": "2006.2.14",
        "orgJdgmnCaseNo": "2005고정439"
    },
    "disposal": {
        "disposalform": "10",
        "disposalcontent": [
            "원심판결을 파기한다.",
            "이 사건 공소사실의 요지는 위 2의 가.항 기재와 같은바, 이는 위 2의 다.항에서 본 바와 같이 범죄의 증명이 없는 경우에 해당하므로,  형사소송법 제325조 후단에 의하여 무죄를 선고한다"
        ]
    },
    "mentionedItems": {
        "rqestObjet": [
            "이 사건 승용차를 처분하여 위 채무의 변제에 충당하였으므로 피고인의 위와 같은 행위는 사회상규에 반하지 않는 행위로서 정당행위에 해당한다고 할 것임에도 불구하고, 원심은 이 사건 각 공소사실을 유죄로 인정하였으니 원심판결에는 사실오인 내지 법리오해의 위법이 있다.",
            "피고인이  공소외 3과 사실혼관계에 있는 동안  공소외 3으로 인하여 많은 경제적, 정신적 고통을 겪은 점 등 제반 사정을 고려하면 원심의 형은 너무 무거워서 부당하다",
            "피고인이 이 사건 범행을 부인하고 있는 점, 피해자에 대한 피해의 회복이 이루어지지 아니한 점 등 제반 사정을 고려하면 원심의 형은 너무 가벼워서 부당하다."
        ]
    },
    "assrs": {
        "acusrAssrs": [
            "피고인이 이 사건 범행을 부인하고 있는 점, 피해자에 대한 피해의 회복이 이루어지지 아니한 점 등 제반 사정을 고려하면 원심의 형은 너무 가벼워서 부당하다."
        ],
        "dedatAssrs": [
            "피고인은 (차량번호 생략)호 0 승용차(이하 '이 사건 승용차'라고 한다)를 피해자 공소외 1로부터 선물로 증여받아 피고인의 어머니인 공소외 2의 명의로 등록하였으므로 이 사건 승용차는 피고인의 소유이고, 공소외 2 명의의 위 승용차를 적법한절차에 따라 합자회사 제일자동차매매상사에 매도하였으므로 피고인에게 절도죄 및 사기죄가 성립되지 아니한다.",
            "피고인이 피해자의 아들인 공소외 3과 사실혼관계에 있는 동안 공소외 3의 카드대금 등을 신용카드 현금서비스를 통해 대위변제하면서 많은 채무를 부담하게 되었는데, 공소외 3이 피고인과의 사실혼관계가 해소된 후 위 채무를 변제하지 아니하여 부득이하게 공소사실 기재와 같이 이 사건 승용차를 처분하여 위 채무의 변제에 충당하였으므로 피고인의 위와 같은 행위는 사회상규에 반하지 않는 행위로서 정당행위에 해당한다고 할 것이다.",
            "원심은 이 사건 각 공소사실을 유죄로 인정하였으니 원심판결에는 사실오인 내지 법리오해의 위법이 있다.",
            "피고인이 공소외 3과 사실혼관계에 있는 동안 공소외 3으로 인하여 많은 경제적, 정신적 고통을 겪은 점 등 제반 사정을 고려하면 원심의 형은 너무 무거워서 부당하다"
        ]
    },
    "facts": {
        "bsisFacts": [
            "피고인에 대한 경찰 피의자신문조서의 기재 및 피고인과 공소외 2의 관계 등을 종합하여 보면, 피고인은 이 사건 당시 공소외 2로부터 위 승용차를 가져가 매도할 것을 허락받고 동인의 인감증명 등을 교부받은사실이 있다.",
            "(더욱이 피고인의 원심 법정에서의 진술 등에 의하여 인정되는 이 사건 승용차의 구입 및 등록 경위에 비추어 보면 위 공소외 2는 이 사건 승용차를 등록할 당시부터 위 승용차에 대한 처분권한을 딸인 피고인에게 일임하였던 것으로 보인다)",
            "원심이 적법하게 조사하여 채택한 증거들을 종합하면, 피고인이 위 매도 당시 공소외 2의 인감증명 등 차량이전에 필요한 서류를 모두 구비하여 합자회사 제일자동차매매상사의 직원에게 교부하였고, 그 후 위 합자회사 제일자동차매매상사는 위 서류를 이용하여 이 사건 승용차의 등록명의를 위 회사의 명의로 이전하여 유효하게 소유권을 취득한 사실을 인정할 수 있다."
        ]
    },
    "dcss": {
        "courtDcss": [
            "살피건대, 자동차관리법 제6조에 의하면, 자동차 소유권의 득실변경은 등록을 하여야 그 효력이 생기는 것이므로, 그 등록이 없는 한 대외적 관계에서는 물론 당사자의 대내적 관계에 있어서도 그 소유권을 취득할 수 없다고 할 것이다.(대법원 1970.9.29.선고 70다1508 판결, 대법원 2005.11.10.선고 2005도6604 판결 각 참조)",
            "따라서 피고인 및 증인 공소외 1, 공소외 3의 원심법정에서의 각 진술, 자동차등록원부의 기재에 의하면, 피고인이 이 사건 승용차를 운전하여 가져갈 당시인 2004.6.16.경 위승용차는 피고인의 어머니인 공소외 2의 명의로 등록된 상태였던 사실을 인정할 수 있으므로 이 사건 승용차는 위 일시경 위 공소외 2의 소유였다고 할 것이다.",
            "피고인이 이 사건 승용차를 가져간 행위는 그 소유자의 승낙에 기한 것으로서 절도죄에 해당하지 않는다고 할 것이고, 달리 이를 인정할 증거가 없다.",
            "피고인이 이 사건 승용차의 소유자로서 이를 적법하게 처분할 권한이 있는 공소외 2의 허락을 받아 위 승용차를 매도하게 되었음은 앞서 본 바와 같다.",
            "피고인이 이 사건 승용차를 매도할 당시 기망행위를 하였다고 볼 수 없고(위 매매 당시 피고인이 위 승용차를공소외 1 몰래 가져온 사실을 숨겼다고 할지라도 위 회사가 이 사건 승용차에 대한 권리를 취득하는데 아무런 법적인 장애가 없으므로, 피고인에게 거래관계에서 요구되는 신의칙에 반하는 기망행위가 있었다고 할 수 없다), 달리 이를 인정할 증거가 없다."
        ]
    },
    "close": {
        "cnclsns": [
            "원심판결을 파기한다.",
            "피고인은 무죄."
        ]
    }
}