{
    "info": {
        "caseField": "2",
        "detailField": "6",
        "trailField": "2",
        "caseNm": "사기(일부예비적죄명:컴퓨터등사용사기,절도),사문서위조,위조사문서행사",
        "courtNm": "대구지방법원",
        "judmnAdjuDe": "2006. 04. 25.",
        "caseNo": "2006노228",
        "relateLaword": [
            "형사소송법 제364조",
            "형법 제57조"
        ],
        "qotatPrcdnt": []
    },
    "concerned": {
        "acusr": "1",
        "dedat": "4"
    },
    "org": {
        "orgJdgmnCourtNm": "대구지방법원",
        "orgJdgmnAdjuDe": "2006. 1. 12. ",
        "orgJdgmnCaseNo": "2005고단6433"
    },
    "disposal": {
        "disposalform": "10",
        "disposalcontent": [
            "피고인의 항소를 기각한다.",
            "항소제기 후 이 판결 선고 전의 구금일수 103일을 원심판결의 형에 산입한다."
        ]
    },
    "mentionedItems": {
        "rqestObjet": [
            "피고인은 카드대금을 편취할 의도는 없었음에도 불구하고, 이 사건 공소사실 전부를 유죄로 인정한 원심판결에는 사실을 오인하여 판결에 영향을 미친 위법이 있다.",
            "피고인이 잘못을 뉘우치는 점 등 여러 사정에 비추어 보면 원심이 선고한 형은 너무 무거워서 부당하다."
        ]
    },
    "assrs": {
        "acusrAssrs": [],
        "dedatAssrs": [
            "피해자 000에게 변제하지 못한 금액은 10,000,000원 정도에 불과하고, 카드대금을 편취할 의도는 없었음에도 불구하고, 이 사건 공소사실 전부를 유죄로 인정한 원심판결에는 사실을 오인하여 판결에 영향을 미친 위법이 있다.",
            "피고인이 잘못을 뉘우치는 점 등 여러 사정에 비추어 보면 원심이 선고한 형은 너무 무거워서 부당하다."
        ]
    },
    "facts": {
        "bsisFacts": [
            "피고인이 피해자 000에게 변제하지 못한 금액이 17,807,501원 상당이다."
        ]
    },
    "dcss": {
        "courtDcss": [
            "원심이 적법하게 조사·채택한 증거들에 의하면, 피고인이 피해자 000에게 변제하지 못한 금액이 17,807,501원 상당이고, 또 공소사실 기재와 같이 신용카드로 물품구입, 현금대출을 받거나 할부금융을 받을 당시 피고인에게는 이를 변제할 의사나 능력이 있었다고 보기도 어려우므로, 피고인의 사실오인 주장은 이유 없다.",
            "이 사건 범행의 경위와 내용, 피해정도 등 여러 사정을 종합하여 보면, 잘못을 뉘우치고 있는 점 등을 감안하더라도 원심이 선고한징역 10월의 형이 너무 무거워서 부당하다고 인정되지도 아니한다."
        ]
    },
    "close": {
        "cnclsns": [
            "피고인의 항소를 기각한다.",
            "항소제기 후 이 판결 선고 전의 구금일수 103일을 원심판결의 형에 산입한다."
        ]
    }
}