{
    "info": {
        "caseField": "2",
        "detailField": "6",
        "trailField": "2",
        "caseNm": "폭력행위등처벌에관한법률위반(집단,흉기등상해)",
        "courtNm": "서울동부지법",
        "judmnAdjuDe": "2006. 11. 09.",
        "caseNo": "2006노892",
        "relateLaword": [
            "형법 제37조",
            "형법 제39조",
            "형법 제62조"
        ],
        "qotatPrcdnt": []
    },
    "concerned": {
        "acusr": "4",
        "dedat": "1"
    },
    "org": {
        "orgJdgmnCourtNm": "서울동부지법",
        "orgJdgmnAdjuDe": "2006. 8. 9. ",
        "orgJdgmnCaseNo": "2006고단833"
    },
    "disposal": {
        "disposalform": "10",
        "disposalcontent": [
            "원심판결을 파기한다.",
            "피고인을 징역 1년 6월에 처한다.",
            "원심판결 선고 전의 구금일수 18일을 위 형에 산입한다.",
            "다만, 이 판결 확정일부터 위 형 중 징역 1년에 한하여 3년간 그 형의 집행을 유예한다.",
            "압수된 커터칼 1개(증 제1호)를 몰수한다."
        ]
    },
    "mentionedItems": {
        "rqestObjet": [
            "원심의 형량(징역 1년 6월, 집행유예 3년)은 너무 가벼워서 부당하다."
        ]
    },
    "assrs": {
        "acusrAssrs": [
            "원심의 형량(징역 1년 6월, 집행유예 3년)은 너무 가벼워서 부당하다."
        ],
        "dedatAssrs": []
    },
    "facts": {
        "bsisFacts": [
            "폭력행위 등 처벌에 관한 법률 제3조 제1항, 제2조 제1항 제3호는 흉기 기타 위험한 물건을 휴대하여 상해죄를 범한 자를 3년 이상의 유기징역에 처하도록 규정하고 있다."
        ]
    },
    "dcss": {
        "courtDcss": [
            "피고인의 항소이유에 관하여 판단하기에 앞서 직권으로 본다.",
            "원심은 피고인에 대하여 법률상 감경이나 작량감경을 하지 않았음에도 법정형 이하인 징역 1년 6월을 선고한 잘못이 있다.",
            "이 점에서 원심판결은 더 이상 유지 될 수 없다."
        ]
    },
    "close": {
        "cnclsns": [
            "원심판결을 파기한다.",
            "피고인을 징역 1년 6월에 처한다.",
            "원심판결 선고 전의 구금일수 18일을 위 형에 산입한다.",
            "다만, 이 판결 확정일부터 위 형 중 징역 1년에 한하여 3년간 그 형의 집행을 유예한다.",
            "압수된 커터칼 1개(증 제1호)를 몰수한다."
        ]
    }
}