{
    "info": {
        "caseField": "2",
        "detailField": "6",
        "trailField": "1",
        "caseNm": "사기,횡령,부동산실권리자명의등기에관한법률위반,부동산등기특별조치법위반,배상명령신청",
        "courtNm": "광주지방법원 목포지원",
        "judmnAdjuDe": "2007. 01. 19.",
        "caseNo": "2006고단161",
        "relateLaword": [
            "형법 제347조",
            "형법 제355조",
            "부동산등기특별조치법 제8조",
            "부동산등기특별조치법 제2조",
            "부동산실권리자명의등기에관한법률 제7조",
            "부동산실권리자명의등기에관한법률 제3조",
            "형법 제30조",
            "형법 제37조",
            "형법 제38조",
            "형법 제50조",
            "형법 제57조",
            "형법 제62조",
            "소송촉진등에관한특례법 제32조 "
        ],
        "qotatPrcdnt": []
    },
    "concerned": {
        "acusr": "4",
        "dedat": "1"
    },
    "org": {
        "orgJdgmnCourtNm": "",
        "orgJdgmnAdjuDe": "",
        "orgJdgmnCaseNo": ""
    },
    "disposal": {
        "disposalform": "6",
        "disposalcontent": [
            "피고인 1을 징역 1년 6월에 처한다.",
            "피고인 2를 징역 8월에 각 처한다.",
            "피고인 3을 징역 8월에 각 처한다.",
            "이 판결 선고 전의 구금일수 1일씩을 피고인 1에 대한 위 형에 산입한다.",
            "이 판결 선고 전의 구금일수 1일씩을 피고인 2에 대한 위 형에 산입한다.",
            "이 판결 확정일로부터 각 2년간 피고인들에 대한 위 각 형의 집행을 유예한다.",
            "피고인 1에게 보호관찰을 받을 것과 160시간의 사회봉사를 명한다.",
            "배상신청인의 배상명령신청을 각하한다."
        ]
    },
    "mentionedItems": {
        "rqestObjet": [
            "피고인 1은 피해자의 약점을 이용하여 피해자 배상신청인으로부터 합계 금 800만 원과 500만 원권 자기앞수표 1매를 교부받아 편취하였다.",
            "피고인 1은 피해자가 경락받은 0000 (지번 생략) 대지 및 지상건물에 대한 매도를 위임받아 공소외 7로부터 매매대금을 수령하였으면 그 대금을 피해자에게 교부하여야 함에도 불구하고 계약금 일부를 소비하여 횡령하였다.",
            "피고인 1, 2는 공모하여 공소외 2로부터 0000  (지번 1 생략), (지번 2 생략), (지번 3 생략) 간척지 논을 매수하기로 매매계약을 체결한 다음, 다시 위 논에 대하여 제3자와 매매계약을 체결하게 되었으면 먼저 공소외 2와 체결한 계약의 잔금을 지급한 날로부터 60일 이내에 위 논에 관한 소유권이전등기를 신청하여야 함에도 불구하고 조세부과를 면하고 다른 시점간의 가격변동에 따른 이득을 얻기 위한 목적으로 이를 위반하고 전매하였다.",
            "피고인 1은 공소외 5, 8, 9와 체결한 명의신탁 약정에 따라 명의를 빌려 낙찰받은 0000 (지번 4 생략) 간척지 논에 대하여 그 정을 모르는 공소외 10 법무사로 하여금 소유권이전등기 관련서류를 제출하게 하여 소유권이전등기를 경료하게 함으로써 명의수탁자인 공소외 5, 8, 9 명의로 각 소유권이전등기를 하였다.",
            "피고인 3은 0000 (지번 5 생략) 답을 공소외 11로부터 매매대금 1억 4,500만 원에 매수하였음에도 불구하고, 조세부과를 면하고 다른 시점 간의 가격변동에 따른 이득을 얻으려는 목적으로 잔금을 지급한 날로부터 60일 이내에 소유권 이전등기를 신청하지 아니한 채 위 부동산을 매매대금 1억 9,460만 원에 공소외 12에게 전매하였다.",
            "피고인 3은 0000 (지번 6 생략) 답을 공소외 13으로부터 매매대금 1억 5,300만 원에 매수하였음에도 불구하고, 조세부과를 면하고 다른 시점 간의 가격변동에 따른 이득을 얻으려는 목적으로, 위 부동산을 매매대금 1억 8,980만 원에 공소외 12에게 전매하였다.",
            "피고인 3은 0000 (지번 7 생략) 답을 상피고인 1로부터 매매대금 1억 6,835만 원에 매수하였음에도 불구하고, 조세부과를 면하고 다른 시점 간의 가격변동에 따른 이득을 얻으려는 목적으로, 위 부동산을 매매대금 1억 9,000만 원에 공소외 14에게 전매하였다.",
            "피고인 1은 위 0000 토지를 공소외 15로부터 매매대금 1억 5,925만 원에 매수하였음에도 불구하고, 조세부과를 면하고 다른 시점 간의 가격변동에 따른 이득을 얻으려는 목적으로, 위 부동산을 매매대금 1억 6,835만 원에 피고인 3에게 전매하였다."
        ]
    },
    "assrs": {
        "acusrAssrs": [],
        "dedatAssrs": []
    },
    "facts": {
        "bsisFacts": [
            "피고인 1은 상업에 종사하는 자이고, 피고인 2는 건설업에 종사하는 자이며, 피고인 3은 부동산중개사무실 보조원으로 일했던 자이다.",
            "2001.경부터 알고 지내던 유부녀인 피해자 배상신청인으로부터 돈을 차용하더라도, 유부녀인 피해자가 남편에게 피고인과의 관계가 알려질 것을 두려워하여 쉽게 반환을 요구하지 못하는 약점을 이용하여 피해자로부터 금원을 편취하기로 마음먹었다.",
            "2002.6.15.경 0000 소재 000에서 피해자에게 \"급히 돈이 필요한데 2002.10.중순경까지는 반드시 돈을 갚겠다.이자는 월 40만 원씩 지급하겠다\" 라는 취지로 거짓말하여 피해자로부터 100만 원권 자기앞수표 7매, 현금 100만 원 합계 금 800만 원을 즉석에서 교부받아 이를 편취하였다.",
            "2002.9.4.경 위 1항 기재 장소에서 피해자에게 \"내가 급하게 돈이 필요하니 500만 원을 빌려주면 전에 빌린 800만 원의 변제일자에 800만 원과 함께 반드시 갚아 주겠다” 라는 취지로 거짓말하여 이에 속은 피해자로부터 500만 원권 자기앞수표 1매를 교부받아 이를 편취하였다.",
            "피해자로부터 피해자가 경락받은 0000 (지번 생략)대지 458㎡ 및 지상건물에 대한 매도를 위임받아 매수인으로부터 매매대금을 수령하였으면 그 대금을 피해자에게 교부하여야 한다.",
            "2003.3.8.경 0000 소재 000에서 공소외 7에게 위 부동산을 금 4,300만 원에 매도하여 공소외 7로부터 계약금 명목으로 430만 원을 교부받았음에도 불구하고, 같은 날 20:30경 0000 소재 00000 부근에서 피해자에게 금 390만 원을 교부하고 나머지 40만 원을 피해자를 위하여 보관하던 중 그 무렵 목포시내 일원에서 생활비 등으로 임의소비하여 이를 횡령하였다.",
            "2003.3.11.경 0000 소재 000 앞에서 공소외 7로부터 위 부동산의 중도금 중 일부인 금 700만 원을 교부받아 피해자를 위하여 보관하던 중 그 무렵 목포시내 일원에서 생활비 등으로 임의소비하여 이를 횡령하였다.",
            "피고인 1, 2는 공모하여, 2004.8.6.경 0000 소재 0에서 공소외 2로부터 위 0000 (지번 1 생략), (지번 2 생략), (지번 3 생략)소재 간척지 논 15필지 174,299.9제곱미터를 321,194,400원에 매수하기로 매매계약을 체결하였다.",
            "다시 위 논에 대하여 제3자와 매매계약을 체결하게 되었으면 먼저 공소외 2와 체결한 계약의 잔금을 지급한 날로부터 60일 이내에 위 논에 관한 소유권이전등기를 신청하여야 함에도 불구하고 조세부과를 면하고 다른 시점간의 가격변동에 따른 이득을 얻기 위한 목적으로 이를 위반하였다.",
            "2004.8.31.경부터 2004.9.2.경 사이에 0000 소재 0에서, 공소외 3에게 위 간척지 논 15필지 174,299.9제곱미터를 585,000,000원에 전매하였다.",
            "피고인 1은 2004.12.15.경 0000 소재 광주지방법원 영암등기소에서, 피고인이 공소외 5, 8, 9와 체결한 명의신탁 약정에 따라 공소외 5 등의 명의를 빌려 농업기반공사 영산강사업단으로부터 낙찰받은 0000(지번 4 생략)소재 간척지 논 3필지 44,886.8제곱미터에 대하여 그 정을 모르는 공소외 10 법무사로 하여금 소유권이전등기 관련서류를 제출하게 하여 소유권이전등기를 경료하게 하였다.",
            "명의수탁자인 공소외 5, 8, 9 명의로 각 소유권이전등기를 하였다.",
            "피고인 3은 2004.12.중순 0000 (지번 5 생략)에 있는 답 14,962.1제곱미터를 공소외 11로부터 매매대금 1억 4,500만 원에 매수하였다.",
            "그럼에도 불구하고 조세부과를 면하고 다른 시점 간의 가격변동 에 따른 이득을 얻으려는 목적으로, 2005.2.14.경 같은 읍 0000에 있는 0 사무실에서 잔금을 지급한 날로부터 60일 이내에 소유권이전등기를 신청하지 아니한 채 위 부동산을 매매대금 1억 9,460만 원에 공소외 12에게 전매하였다.",
            "2005.1.24.경 같은 읍 0000 (지번 6 생략)에 있는 답 14,943.6제곱미터를 공소외 13으로부터 매 매대금 1억 5,300만 원에 매수하였음에도 불구하고, 조세부과를 면하고 다른 시점 간의 가격변동에 따른 이득을 얻으려는 목적으로, 2005.2.하순 위 부동산 사무실에서 위와 같은 방법으로 위 부동산을 매매대금 1억 8,980만 원에 공소외 12에게 전매하였다.",
            "2004.10.하순 같은 읍 0000 (지번 7 생략)에 있는 답 15,018.5제곱미터를 상피고인 1로부터 매매대금 1억 6,835만 원에 매수하였음에도 불구하고, 조세부과를 면하고 다른 시점 간의 가격변동에 따른 이득을 얻으려는 목적으로, 2005.2.26.경 위 부동산 사무실에서 위와 같은 방법으로 위 부동산을 매매대금 1억 9,000만 원에 공소외 14에게 전매하였다.",
            "피고인 1은, 2004.10.초순 위 4의 다.항 토지를 공소외 15로부터 매매대금 1억 5,925만 원에 매수하였음에도 불구하고, 조세부과를 면하고 다른 시점 간의 가격변동에 따른 이득을 얻으려는 목적으로, 2004.10.하순 같은 읍 0000에 있는 0 사무실에서 위와 같은 방법으로 위 부동산을 매매대금 1억 6,835만 원에 피고인 3에게 전매하였다"
        ]
    },
    "dcss": {
        "courtDcss": [
            "피고인 1 : 형법 제347조 제1항, 제355조 제1항, 부동산등기특별조치법 제8조 제1호, 제2조 제2항, 제3항, 부동산실권리자명의등기에관한법률 제7조 제1항 제1호, 제3조 제1항, 형법 제30조 (각 징역형 선택)",
            "피고인 2 : 부동산등기특별조치법 제8조 제1호, 제2조 제3항, 형법 제30조 (징역형 선택)",
            "피고인 3 : 각 부동산등기특별조치법 제8조 제1호, 제2조 제2항 (각 징역형 선택)",
            "소송촉진등에관한특례법 제32조 제1항, 제2항 (피해자 배상신청인이 피고인 1과 합의하여 고소를 취소하였으므로 형사절차에서 배상명령을 함이 상당하지 아니하다고 인정됨)"
        ]
    },
    "close": {
        "cnclsns": [
            "피고인 1을 징역 1년 6월에, 피고인 2, 3을 각 징역 8월에 각 처한다.",
            "이 판결 선고 전의 구금일수 1일씩을 피고인 1, 2에 대한 위 각 형에 산입한다.",
            "다만, 이 판결 확정일로부터 각 2년간 피고인들에 대한 위 각 형의 집행을 유예한다.",
            "피고인 1에게 보호관찰을 받을 것과 160시간의 사회봉사를 명한다.",
            "배상신청인의 배상명령신청을 각하한다."
        ]
    }
}