{
    "info": {
        "caseField": "2",
        "detailField": "6",
        "trailField": "2",
        "caseNm": "횡령,사문서위조,위조사문서행사,공문서부정행사,도로교통법위반(무면허운전),사기,폭력행위등처벌에관한법률위반(공동상해)",
        "courtNm": "수원지방법원",
        "judmnAdjuDe": "2006. 07. 27.",
        "caseNo": "2006노1699",
        "relateLaword": [],
        "qotatPrcdnt": []
    },
    "concerned": {
        "acusr": "4",
        "dedat": "1"
    },
    "org": {
        "orgJdgmnCourtNm": "수원지방법원 성남지원",
        "orgJdgmnAdjuDe": "2006. 5. 19.",
        "orgJdgmnCaseNo": "2005고단2460, 2006고단4(병합), 2006고단367(병합), 2006고단429(병합)"
    },
    "disposal": {
        "disposalform": "10",
        "disposalcontent": [
            "피고인의 항소를 기각한다."
        ]
    },
    "mentionedItems": {
        "rqestObjet": [
            "제반사정에 비추어 피고인에 대한 원심의 양형(징역 장기 2년, 단기 1년 6월)이 너무 무거워서 부당하다."
        ]
    },
    "assrs": {
        "acusrAssrs": [],
        "dedatAssrs": [
            "피고인의 항소이유의 요지는, 제반사정에 비추어 피고인에 대한 원심의 양형(징역 장기 2년, 단기 1년 6월)이 너무 무거워서 부당하다는 것이다."
        ]
    },
    "facts": {
        "bsisFacts": [
            "피고인이 미성년자이고, 부양하여야 할 동거녀와 자식이 있다.",
            "집행유예기간 동안 원심 판시 범죄사실 기재와 같이 20여 차례 범행을 저질렀다.",
            "당심에 이르기까지 피해자들과 합의에 이르지 못하였다."
        ]
    },
    "dcss": {
        "courtDcss": [
            "이 사건 범행의 수법이 좋지 않고 범행의 동기 등에 참작할 점이 별로 없는 점, 기타 피고인의 연령, 성행, 가정환경 등 기록에 나타난 양형의 기준이 되는 모든 조건을 살펴보면, 피고인에 대한 원심의 형은 적절하다고 인정된다."
        ]
    },
    "close": {
        "cnclsns": [
            "피고인의 항소를 기각한다."
        ]
    }
}