{
    "info": {
        "caseField": "2",
        "detailField": "6",
        "trailField": "2",
        "caseNm": "특정경제범죄가중처벌등에관한법률위반(횡령),특정경제범죄가중처벌등에관한법률위반(사기)(변경된죄명:사기),횡령,절도,협박,폭력행위등처벌에관한법률위반(야간,공동주거침입)",
        "courtNm": "서울고등법원",
        "judmnAdjuDe": "2007. 03. 23.",
        "caseNo": "2006노1824",
        "relateLaword": [
            "형사소송법 제364조",
            "형법 제37조"
        ],
        "qotatPrcdnt": [
            "대법원 1999. 11. 26. 선고99도3929 판결",
            "대법원 2004. 10. 28. 선고 2004도5183 판결",
            "대법원 1997. 1. 24. 선고 96도1519 판결"
        ]
    },
    "concerned": {
        "acusr": "4",
        "dedat": "1"
    },
    "org": {
        "orgJdgmnCourtNm": "서울중앙지방법원",
        "orgJdgmnAdjuDe": "2006. 8. 17.",
        "orgJdgmnCaseNo": "2005고합451, 489(병합) "
    },
    "disposal": {
        "disposalform": "10",
        "disposalcontent": [
            "원심 판결 중 유죄부분과 2004. 3. 23. 횡령의 점에 대한 무죄부분을 파기한다.",
            "피고인을 징역 2년에 처한다.",
            "원심 판결 선고 전의 구금일수 3일을 위 형에 산입한다.",
            "다만, 이 판결 확정일로부터 3년간 위 형의 집행을 유예한다.",
            "원심 판결의 무죄 부분 중 사기의 점, 2004. 7. 27. 횡령으로 인한 특정경제범죄가중처벌등에관한법률위반의 점에 대한 검사의 항소를 기각한다."
        ]
    },
    "mentionedItems": {
        "rqestObjet": [
            "협박의 점에 대하여 공소사실은 포괄일죄에 해당되는데 검사가 1차로 그 중 일부에 대하여 공소를 제기하고 다시 나머지 부분에 대하여 공소를 제기한 것은 이중기소로서 위법하다.",
            "절도의 점에 대하여 피고인이 견본용 또는 참고용으로 가지고 있던 매매계약서 사본을 가지고 나온 것에 불과하여, 이는범행의 객체인  재물 에 해당된다고 볼 수도 없고, 설사 그 점이 인정된다 하더라도  횡령죄 라고는 할 수 있을지언정  절도죄 로 의율할 수는 없다.",
            "방실침입의 점에 대하여 (명칭 생략)빌딩 6층 사무실은 피해회사의 회장인 피고인이 개인 전용사무실로써 독점적으로 점유,사용하고 있었으므로 사실상의 주거의 평온이라는 방실침입죄의 보호법익은 피해회사가 아닌 피고인이 누리고 있었고, 따라서 피고인이 그 사무실에 들어간 행위는 방실침입죄를 구성하지 아니한다.",
            "이 사건의 여러 양형조건에 비추어 원심이 선고한 형량은 너무 무거워서 부당하다.",
            "횡령의 점에 대하여 실질적인 임차인은 피해회사였고 피고인은 피해회사에 대한 관계에서 임대차보증금을 위탁보관하고 있었으므로 이를 개인적 용도에 사용한 것은 명백한 횡령죄에 해당된다.",
            "사기의 점에 대하여 관련자들의 진술에 의하면 피고인이  공소외 5를 기망하여 피해회사의 자금을 편취한 것이 명백하다.",
            "횡령으로 인한 특정경제범죄가중처벌등에관한법률위반의 점에 대하여 당초  공소외 8 명의의 계좌에 입금되어있던 돈은 피해회사의 자금임이 명백하므로 피고인이 이를 다른 계좌로 이체한 이상 횡령죄가 성립하는 것이다. ",
            "설사 피고인의 주장대로 피고인이  공소외 2와 합의하에  공소외 2로부터 노후생활자금으로 입금받았다 하더라도, 피고인이  공소외 2와 공모하여 회사 자금을 유용한 것으로 보아야 하므로 역시 횡령죄가 성립한다."
        ]
    },
    "assrs": {
        "acusrAssrs": [
            "실질적인 임차인은 피해회사였고 피고인은 피해회사에 대한 관계에서 임대차보증금을 위탁보관하고 있었으므로 이를 개인적 용도에 사용한 것은 명백한 횡령죄에 해당된다.",
            "관련자들의 진술에 의하면 피고인이 공소외 5를 기망하여 피해회사의 자금을 편취한 것이 명백하다.",
            "당초 공소외 8 명의의 계좌에 입금되어있던 돈은 피해회사의 자금임이 명백하므로 피고인이 이를 다른 계좌로 이체한 이상 횡령죄가 성립하는 것이다.설사 피고인의 주장대로 피고인이 공소외 2와 합의하에 공소외 2로부터 노후생활자금으로 입금받았다 하더라도, 피고인이 공소외 2와 공모하여 회사 자금을 유용한 것으로 보아야 하므로 역시 횡령죄가 성립한다."
        ],
        "dedatAssrs": [
            "2004.7.25.14:00경(공소사실 3.의 가.항)및 다음날 오후 시간불상경(공소사실 3.의 다.항)공소사실과 같은 협박의 말을 한 적 없고, 같은 달 28.경(공소사실 3.의 라.항)팩스로 고발장을 송부하는 과정에 관여한 바도없다.",
            "같은 달 26.11:00경(공소사실 3.의 나.항)공소사실과 같은 말을 한 적은 있으나, 100억 원을 주기로 하고서도 그 약속을 지키지않는 공소외 2에게 그 정도의 말을 한 것을 협박 이라고 볼 수는 없을 뿐만 아니라 ‘파장 내겠다’는 말도 회사의 비리를 폭로하겠다는 뜻이 아니었다.",
            "또한 위 공소사실들은 포괄일죄에 해당되는데 검사가 1차로 그 중 일부에 대하여 공소를 제기하고 다시 나머지 부분에 대하여 공소를 제기한 것은 이중기소로서 위법하다.",
            "피고인이 견본용 또는 참고용으로 가지고 있던 매매계약서 사본을 가지고 나온 것에 불과하여, 이는 범행의 객체인 '재물'에 해당된다고 볼 수도 없고, 설사 그 점이 인정된다 하더라도 '횡령죄'라고는 할 수 있을지언정 '절도죄'로 의율할 수는 없다.",
            "(명칭 생략)빌딩 6층 사무실은 피해회사의 회장인 피고인이 개인 전용사무실로써 독점적으로 점유·사용하고 있었으므로 사실상의 주거의 평온이라는 방실침입죄의 보호법익은 피해회사가 아닌 피고인이 누리고 있었고, 따라서 피고인이 그 사무실에 들어간 행위는 방실침입죄를 구성하지 아니한다.",
            "이 사건의 여러 양형조건에 비추어 원심이 선고한 형량은 너무 무거워서 부당하다."
        ]
    },
    "facts": {
        "bsisFacts": [
            "피고인은 2000.3.경부터 2004.7.경까지 부동산개발 및 판매업체인 0000 (이하 생략)소재 피해자 공소외 1 주식회사(이하 '피해회사'라 한다)의 전무 등으로 근무하던 자이다.",
            "2004.2.일자불상경 0000 (이하 생략)소재 공소외 3 소유의 사무실에서 피해회사를 위하여 피고인 명의로 공소외 3으로부터 위 사무실을 임차하는 내용의 임대차계약을 체결하였다.",
            "그러다가 같은 해 3.11.경 위 임대차계약을 해지한 후 공소외 3으로부터 피고인의 000 예금계좌(계좌번호 생략)로 임차보증금 150,000,000원을 반환 받아 그 시경부터 피해회사를 위하여 보관하던 중, 같은 달 23.영득의 의사로서 피고인의 다른 000 예금계좌(계좌번호 생략)로 위 금액을 이체함으로써 이를 횡령하였다.",
            "2004.4.초순 일자불상경 위 피해회사 사무실에서 위 회사 상무인 공소외 4, 관리이사인 공소외 5에게 \"내가 대표이사인 공소외 2로부터 승낙을 받았으니 앞으로 부동산을 판매하여 회사에 입금되는 이익금 중 평당 1만 원을 내 개인통장으로 입금해달라\"고 거짓말하여 이에 속은 공소외 5로 하여금 2004.4.6.경 피고인의 000 예금계좌(계좌번호 생략)로 279만 원을 송금하게 하였다.",
            "이를 비롯하여 그 시경부터 같은 해 6.30.경까지 42회에 걸쳐 같은 방법으로 별지 범죄일람표 기재와 같이 피해회사 소유의 금원 합계 377,215,000원을 교부받아 이를 편취하였다.",
            "2000.3.경 피해회사에 입사한 후 대표이사인 피해자 공소외 2(여, 47세)과 동거하여 오다가, 2004.7.23.경 회사 직원의 고용 문제로 피해자와 다투고 동거관계를 청산하게 되자, 그 동안 위 회사에 근무하면서 미등기전매 등 회사의 비리를 알게된 것을 기화로 피해자를 협박하여 돈을 받아내기로 마음먹었다.",
            "2004.7.25.14:00경 피해자에게 전화를 걸어 \"나는 이제 모든 것이 필요 없다.당장 100억 원을 주지 않으면 부동산 미등기전매 및 조세포탈사실을 국세청과 수사기관에 알려 구속되도록 하겠다\" 고 말하여 피해자를 협박하였다.",
            "같은 달 26.11:00경 0000 소재 (이하 생략)피해자 경영의 (상호 생략)사무실에서 피해자에게 \"100억 원을주지 않으면 파장을 내겠다\" 라고 말하여 피해자를 협박하였다.",
            "같은 날 오후 시간 불상경 피해자가 먼저 36억 원을 피고인의 계좌로 송금해 주겠다고 말해 놓고 이를 송금하지 않는다는 이유로피해자에게 전화를 걸어 \"이 씹할 년, 너는 인간도 아니다.\"",
            "\"내가 지금까지 뼈빠지게 일만 하면서 네 따까리 노릇만 했는데 오늘 중으로 36억 원을 내 놓지 않으면 내가 가지고 있는 너의 불법, 탈법 자료를 국세청에 넘겨주고 구속되게 하며 감옥에 가서 한 5년 푹 썩고 와라\" 고 말하여 피해자를 협박하였다.",
            "공소외 6, 7과 공모하여, 같은 달 28.경 0000 소재 상호불상의 문구점에서, \"피해자가 그 동안 부동산 컨설팅회사를 운영하면서 탈세한 것을수사기관과 국세청에 고발하는 내용\"의 고발장을 피해자에게 팩스로 송부하여 피해자의 신체 또는 재산에 대하여 어떠한 해악을 가할 듯한 태도를 보여 피해자를 협박하였다.",
            "2004.7.27.15:00경 0000 소재 000에서, 2002.5.경 국세청의 세금 부과 등에 대비하여 피해회사의 비자금을 조성하기 위하여 공소외 2의 부탁을 받고 피고인의 동생인 공소외 8의 명의를 빌려 개설한 위 은행 예금계좌(계좌번호 생략)를 통하여, 공소외 2로부터 수시로 합계 1,231,582,255원을 입금받아 피해회사를 위하여 보관하였다.",
            "그러던 중 영득의 의사로써 공소외 8로 하여금 공소외 2가 보관하고 있던 위 예금통장에 대하여 분실신고를 하게 하고, 공소외 8명의로 새로운 예금계좌(계좌번호 생략)를 개설하게 한 후 위 금액을 위 새로운 예금계좌로 전액 이체시켜 이를 횡령하였다.",
            "2004.8.초순 일자불상경 0000 (지번 생략)소재 (명칭 생략)빌딩 6층에 있는 피해회사 기획실에서 공소외 2를 협박하여 돈을 받아내는 자료로 사용하기 위하여 '2003.12.9.피해회사가 공소외 9에게 0000(지번 생략)소재 부동산 160평을 매도한다'는 취지의 부동산매매계약서 1장 등 피해회사 소유의 부동산매매계약서 20장을 들고 나와 이를 절취하였다.",
            "2004.8.12.08:30경 위 피해회사 기획실에 이르러, 해고된 것에 앙심을 품고 서류 등을 가지고 나올 생각으로 5층 베란다 테라스를 통해 6층으로 올라가 미리 알고 있던 비밀번호를 이용 문을 열고 안으로 들어가 피해회사가 점유하는 방실에 침입하였다."
        ]
    },
    "dcss": {
        "courtDcss": [
            "피해자 공소외 2는 수사기관에서 조사를 받을 때부터 당심에 이르기까지 일관하여 2004.7.25.14:00경 및 다음날 오후 시간불상경 피고인으로부터 공소사실과 같은 협박의 말을 들었다고 진술하고 있는바(공소사실 3.의 가.항), 피고인이 그 직전인 같은 달 23.공소외 2와 결별을 하면서 공소외 2에게 회사 이익금의 분배 명목으로 100억 원을 요구하였고 공소외 2가 이를 거부하는 과정에서 두 사람 사이에 갈등이 극심하였다.",
            "두 사람 사이에 갈등이 극심하였던 당시의 정황에 비추어 볼 때, 위와 같은 공소외 2의 진술은 충분히 신빙성이 인정된다.",
            "또한 같은 달 28.경 팩스로 고발장을 송부하였다는 부분(공소사실 3.의 라.항)은, 피고인이 \"서류는 고발을 하겠다고 팩시밀리로몇 번 보낸 적 있다.\"",
            "\"미등기전매건, 탈세건, 다운계약서를 작성한 건에 대하여 보냈다.\" { 서울중앙지방법원 2005고합451호 증거목록(이하 451호 증거목록 등의 방식으로 표시한다)제72쪽 이하.피고인에 대한 경찰피의자신문조서}, \"약속한 돈을 주지 않고 나를 회사에 돈을 요구하는 파렴치한으로 몰고 있어 고발하려는 미등기 전매건 몇건을 팩스로 보냈다.\"",
            "(451호 증거목록 제388쪽 이하.피고인 작성의 진술서), \"2004.7.28.경 고발하는데 필요한 자료를 갖고 공소외 7, 6과 법무사 사무실에 가서 고발장을 작성하였는데 당시에는 세사람이 늘 함께 붙어 다녔다.\"",
            "\"내가 공소외 7과 공소외 6에게 고발장을 팩스로 보내 공소외 2가 겁을 먹게 하자고 했고, 그래서 팩스로 보낸 것이다.\"(489호 증거목록 제279쪽 이하.피고인에 대한 검찰 피의자신문조서)라고 하는 등, 수사기관에서 위와 같은 점을 스스로 자인하였던 점에 비추어 볼 때 역시 공소사실을 충분히 인정할 수 있다.",
            "그리고, 피고인이 같은 달 26.11:00경 ' 파장을 내겠다’라고 말한 것(공소사실 3.의 나.항)은 위와 같은 일련의 경위에 비추어 볼때, 자신의 요구를 들어주지 않으면 피해회사의 비리를 폭로하겠다는 취지였던 것이 명백하다.",
            "한편, 기록에 의하면, 검사는 먼저 2005.5.30.공소사실 3.의 가.나.다.항의 행위에 대하여 협박죄의 실체적 경합범으로 공소제기하였고, 그 다음날 공소사실 3.의 라.항의 행위에 대하여도 협박죄로 공소제기하였다.",
            "따라서, 위 각 행위는 피고인이 피해자로부터 100억 원을 받아내기 위하여 탈세 등의 비위사실을 알리겠다는 내용으로 피해자 공소외 2를 계속 협박하겠다는 단일하고도 계속된 범의 하에서 동일 죄명에 해당하는 수개의 협박행위를 일정기간 계속하여 행한 것으로서 그 피해법익도 모두 동일하므로 통틀어 협박죄 포괄일죄에 해당한다.",
            "따라서 검사로서는 원칙적으로 먼저 기소한 사건의 범죄사실에 추가기소의 공소장에 기재한 범죄사실을 추가하는 것으로 공소장변경신청을 하고 추가기소한 사건에 대하여는 공소취소를 하는 것이 바람직할 것이나, 위와 같은 추가기소는 공소사실을 추가하는 등의 공소장변경과는 절차상 차이만 있다.",
            "그 실질에 있어서는 별다른 차이가 없으므로, 위 추가기소에 의하여 공소장변경이 이루어진 것으로 보고 전후에 기소된 범죄사실 전부에 대하여 실체판단을 함이 상당하다(대법원 1999.11.26.선고99도3929 판결).그런데 원심은 위 각 행위를 각각 별개의 범죄로 보고 이를 경합범으로 처리한 위법을 범하였고, 이러한 위법은 판결에 영향을 미쳤다고 할 것이므로, 이 점에서 원심 판결 중 협박죄 유죄부분은 더 이상 유지할 수 없게 되었다.",
            "절도죄의 객체인 '재물'은 반드시 객관적인 금전적 교환가치를 가질 필요는 없고 소유자 또는 점유자가 주관적인 가치를 가지고 있음으로써 족하다고 할 것이고, 이 경우 주관적, 경제적 가치의 유무를 판별함에 있어서는 그것이 타인에 의하여 이용되지 않는다고 하는 소극적 관계에 있어서 그 가치가 성립하더라도 관계 없으므로(대법원 2004.10.28.선고 2004도5183 판결), 이사건 부동산매매계약서 사본들도 ‘재물’에 해당하는 것이다.",
            "또한 피고인이 피해회사에 재직하던 중 위 서류들을 사본이나 부본의 형태로 업무상 필요에 따라 사용할 수 있다 하여도 그 때문에 피해회사의 점유가 상실된다거나 피고인이 피해회사와는 무관하게 독자적으로 점유를 하고 있다고는 볼 수 없으므로, 피고인이 공소외 2와 결별하고 사실상 피해회사를 퇴사하면서 피해회사의 승낙 없이 위 서류들을 가지고 간 이상 절도죄가 성립하는것이다(대법원 1997.1.24.선고 96도1519 판결).",
            "피고인의 주장 자체에 의하더라도, 피고인은 회장으로서 피해회사의 업무처리를 하느라 위 사무실을 사용하였던 것이지, 피해회사와는 무관하게 개인적인 용도에 사용한 것은 아니다(위 사무실의 임대료를 피고인 개인이 아닌 피해회사의 공제금계좌 등에서 지출한 것도 바로 이 때문이다).따라서 피고인이 2004.7.23.공소외 2와 결별하고 사실상 피해회사를 퇴사한 이상 피고인은 더 이상 피해회사의 승낙 없이는 위 사무실을 출입할 수 없게 되었다.",
            "이후 위 사무실에 나타나지 않다가 약 20일이 지나서 피해회사의 명시적인 의사에 반하여 타인 점유의 5층 베란다를 통하여 비정상적인 방법으로 위 사무실에 들어간 행위는 방실침입죄에 해당한다.",
            "이 점에 대하여 공소외 2는 수사기관에서부터 이 법원에 이르기까지 대체로 일관하여 “2004.2.경 피고인의 명의를 빌려 건물주인 공소외 3과 임대차계약을 체결하였고, 그 임차보증금 150,000,000원은 피해회사의 법인계좌로 사용하던 내 명의의 계좌에서 인출하여 이를 지급한 것이니, 위 임차보증금은 피해회사 소유였다.\"",
            "\"피고인에게 반환받은 임차보증금을 사용하도록 허락한 적 없고, 피고인이 자기 명의의 다른 계좌로 이체한 다음 수차 반환을 요청하였으나 거부하였다”는 취지로 진술하고 있다.",
            "이에 반하여 피고인은 \"공소외 2로부터 위 돈을 비상금으로 사용하기로 허락을 받고 사용하였고 공소외 2로부터 반환 요청을 받은 적은 없다\" 는 취지로 주장하고 있다.",
            "살피건대, 피고인도 \"회사에서 임차보증금을 주어 내 명의로 임대차계약을 체결하였다\" (451호 증거목록 제72쪽 이하.피고인에대한 경찰 피의자신문조서), \"원래 내 개인 돈에서 나간 것은 아니고 법인 통장 또는 공소외 2의 통장에서 나갔다\" (당심 제1회공판기일에서의 피고인의 진술)고 진술하는 등 당초 공소외 3에게 지급된 임차보증금이 피해회사의 자금이었음을 부인하는 취지로는 보이지 아니하다.",
            "그러므로, 위 임차보증금은 원래 피해회사 소유의 자금이었다고 봄에는 별다른 의문이 있을 수 없다.",
            "따라서 피고인은 공소외 3으로부터 피고인의 계좌로 임차보증금을 반환받음으로써 피해회사를 위하여 이를 보관하는 지위에 있었다 할 것이다.",
            "나아가 공소외 2가 피고인에게 위 임차보증금을 피고인이 개인적으로 사용하도록 허락하였는가에 관하여 보건대, 다음과 같은 점에서 볼 때 공소외 2가 위와 같은 허락을 하여 주었다고는 보이지 아니한다.",
            "첫째, 공소외 2는 일관하여 사전 허락을 해 준 적이 없고 오히려 이후 계속하여 반환 요청을 하였다고 진술하고 있는바, 비록 문서상으로 위와 같은 주장을 뒷받침할 증거가 부족하기는 하나, 당시는 피고인과 공소외 2가 서로 동거를 하고 있던 때였으므로 피해회사 명의의 정식 공문으로 반환요청을 하거나 나아가 소송을 제기하는 등의 권리보전수단을 강구하기 쉽지 않았다는 공소외 2의 주장에 상당한 일리가 있다.",
            "둘째, 피해회사가 집주인 공소외 3과 위 임대차계약을 합의해지하고 임차보증금을 반환받은 것은 실질적으로는 종전의 계약을 계속 유지하면서 임차인의 명의만을 공소외 12 주식회사로 변경하기 위한 것이었고, 임차보증금이 피고인의 계좌로 반환된 것은종전 임차인 명의가 피고인으로 되어 있었기 때문이었다.",
            "그렇기에 피고인의 계좌로 임차보증금이 반환된 바로 그날 위 공소외 3과 공소외 12 주식회사 사이의 새로운 임대차계약서가 작성되고 같은 액수의 임차보증금 150,000,000원이 공소외 3에게 지급되었다.",
            "결국 피고인에게 반환된 위 임차보증금은 같은 날 체결된 새로운 임대차계약의 임차보증금에 충당되었어야 할 성질의 돈이라는 점을 알 수 있다(이렇게 그 조성경위, 사용목적 등이 명확하고 구체적으로 지정되어 있었다는 점에서 뒤에서 보는 공제금 명목으로 적립된 피해회사의 돈 및 공소외 8 명의의 계좌에 예치되어 있던 피해회사의 돈과는 그 성격이 전혀 다르다).",
            "그러므로, 이렇게 사용목적이 특정되어 있는 거액의 돈을 공소외 2가 아무런 대가나 조건 없이 피고인에게 임의로 사용하도록 허락하였다는 것은 믿기 어렵다.",
            "따라서 검사의 이 부분 항소는 이유 있다.",
            "살피건대, 피고인이 \"공소외 2의 허락을 받지 않고 내가 그러한 지시를 한 것은 사실이다\" (451호 증거목록 제359쪽 이하.피고인에 대한 경찰 피의자신문조서)라고 진술하였던 점에 비추어 보면, 피고인이 당시 위와 같은 자금운용에 관하여 사전에 공소외 2로부터 명시적으로 허락을 받지 아니한 사실은 인정된다.",
            "그러나 적법하게 증거조사를 마친 증거들에 의하여 인정되는 다음과 같은 점에 비추어 보면, 공소외 2가 위와 같은 공제금 적립 사실을 묵시적으로 승낙하였다는 합리적인 의심이 간다.",
            "따라서 적어도 피고인이 위 공제금을 피고인의 계좌에 입금시킨 행위 자체는 피해회사 대표이사 공소외 2의 묵시적 승낙에 의한 것이라는 강한 의심이 가므로 이를 사기죄로 의율할 수는 없다고 할 것이니, 이 부분 공소사실에 관하여 원심이 범죄의 증명이 없다는 이유로 무죄를 선고한 것은 정당하므로 이를 탓하는 검사의 항소는 이유없다.",
            "살피건대, 다음과 같은 점에 비추어 볼 때 피고인의 위와 같은 주장을 배척하고 공소외 2의 주장을 그대로 인정하기에는 적지 아니한 무리가 있다.",
            "따라서 이 부분 공소사실에 관하여 원심이 범죄의 증명이 없다는 이유로 무죄를 선고한 것은 정당하므로 이를 탓하는 검사의항소는 이유 없다."
        ]
    },
    "close": {
        "cnclsns": [
            "원심 판결 중 유죄부분과 2004.3.23.횡령의 점에 대한 무죄부분을 파기한다.",
            "피고인을 징역 2년에 처한다.",
            "원심 판결 선고 전의 구금일수 3일을 위 형에 산입한다.",
            "다만, 이 판결 확정일로부터 3년간 위 형의 집행을 유예한다.",
            "원심 판결의 무죄 부분 중 사기의 점, 2004.7.27.횡령으로 인한 특정경제범죄 가중처벌 등에 관한 법률 위반의 점에 대한 검사의 항소를 기각한다."
        ]
    }
}