{
    "info": {
        "caseField": "2",
        "detailField": "6",
        "trailField": "2",
        "caseNm": "뇌물공여, 약사법위반, 사기, 의료법위반",
        "courtNm": "서울고등법원",
        "judmnAdjuDe": "2006. 06. 23.",
        "caseNo": "2006노414",
        "relateLaword": [
            "의료법 제30조",
            "형법 제37조",
            "형법 제38조",
            "형사소송법 제364조"
        ],
        "qotatPrcdnt": [
            "대법원 2003. 10. 23. 선고 2003도256 판결"
        ]
    },
    "concerned": {
        "acusr": "1",
        "dedat": "4"
    },
    "org": {
        "orgJdgmnCourtNm": "서울북부지방법원",
        "orgJdgmnAdjuDe": "2006.2.3",
        "orgJdgmnCaseNo": "2005고합118,304(병합)"
    },
    "disposal": {
        "disposalform": "10",
        "disposalcontent": [
            "원심판결을 파기한다.",
            "피고인 1을 징역 1년 6월에,  피고인 2를 징역 6월에 각 처한다.",
            "원심판결 선고 전의 구금일수 19일을  피고인 1에 대하여, 3일을  피고인 2에 대하여 위 각 형에 산입한다.",
            "다만, 이 판결확정일로부터  피고인 1에 대하여는 3년간,  피고인 2에 대하여는 1년간 위 각 형의 집행을 유예한다."
        ]
    },
    "mentionedItems": {
        "rqestObjet": [
            "원심은 사기의 점, 뇌물공여의 점, 의료법위반의 점에 대해 사실오인 및 법리오해로 판결에 영향을 미친 위법이 있다.",
            "피고인들이 보험회사에 지급하여야 할 금액보다 받아야 할 금액이 더 많은 점, 피고인들 모두 초범인 점 등의 사정에 비추어 보면,원심이 피고인들에게 선고한 징역 2년( 피고인 1), 징역 10월에 집행유예 2년( 피고인 2)의 각 형은 너무 무거워서 부당하다."
        ]
    },
    "assrs": {
        "acusrAssrs": [],
        "dedatAssrs": [
            "피고인 1은 (이름 1 생략)의원 (이하 '이 사건 병원'이라 한다)의 원장으로, 피고인 2는 이 사건 병원의 기획실장으로 근무하면서 허위의 자동차보험 진료수가 지급청구서를 작성, 제출하여 보험회사로부터 돈을 편취하기로 공모한 사실이 없다.",
            "원심이 이 부분에 대한 증거로 든 것은 공소외 1, 2, 3, 4의 원심법정이나 수사기관에서의 진술뿐이나, 위 사람들은 이 사건 병원에 근무하다가 해고된 사람들이어서 그 진술에 객관성이 있다고 할 수 없을 뿐만 아니라 위 사람들이 피고인들의 공모에 관하여 진술한 부분은 모두 추측에 불과하므로 피고인들이 사기 범행을 공모하였다는 점을 뒷받침하는 증거가 될 수 없다.",
            "피고인들이 보험회사에 청구한 보험금 중 임의로 삭감된 금액이 피고인들이 허위 청구하였다는 금액보다 더 커서 피고인 1이 보험회사로부터 진료비를 더 지급받아야 하므로 사기죄가 성립하지 않는다.",
            "이 사건 병원에서는 입원환자의 경우 물리치료를 여러 번 하더라도 처음 물리치료를 한 날만 물리치료대장에 기재하고 그 다음부터는 간호사들이 식사전표에 물리치료 사실을 기재하고, 통원환자의 경우 진료기록부에 물리치료 사실을 기재하여 왔으므로 물리치료대장의 기재만을 근거로 하여 피고인들이 허위로 물리치료비를 청구한 것으로 본 원심의 판단은 위법하다.",
            "공소외 5가 자신의 판단 아래 독자적으로 공소외 6에게 뇌물을 공여하였을 뿐 피고인이 공소외 5와 뇌물을 공여하기로 공모한 사실이 없다.",
            "피고인들이 보험회사에 지급하여야 할 금액보다 받아야 할 금액이 더 많은 점, 피고인들 모두 초범인 점 등의 사정에 비추어 보면, 원심이 피고인들에게 선고한 징역 2년(피고인 1), 징역 10월에 집행유예 2년(피고인 2)의 각 형은 너무 무거워서 부당하다."
        ]
    },
    "facts": {
        "bsisFacts": [
            "‘1.피고인들은 공모하여, 2004.1.29.… 원심판시 별지 범죄일람표 기재와 같이 총 3,801회에 걸쳐 총 11개 보험회사로부터 합계 148,552,900원을 편취하고,’에서 ‘1.피고인들은 보험회사에 허위의 보험금을 청구하여 편취하기로 공모하여, 피고인 2가 2004.1.19.… 별지 범죄일람표 기재와 같이 총 11개 보험회사로부터 합계 143,562,057원을 편취하고,’로 변경하였다.",
            "뇌물공여죄 부분과 약사법위반죄 부분을 ‘2.피고인 1은, 가.위 병원의 관리이사인 공소외 5와 공모하여, (1)2004.6.12.…, (2)약사 또는 한의사가 아니면 약국을 개설할 수 없음에도 불구하고, 2000.8.7.…’에서 이하 다음과 같이 변경하였다.",
            "‘2.피고인 1은, 가.위 병원의 관리이사인 공소외 5와 경찰관 공소외 6의 직무에 관하여 뇌물을 공여하고, 약사 등이 아니면서 약국을 개설하기로 공모하여, (1)공소외 5가 2004.6.12.…, (2)약사 또는 한의사가 아니면 약국을 개설할 수 없음에도, 공소외 5가 2000.8.7.…’로 변경하는 내용의 공소장변경 허가신청을 하였다.",
            "그리고 이 법원이 이를 허가함으로써 그 심판대상이 변경되었으므로 원심판결중 피고인들의 사기죄 부분과 피고인 1의 뇌물공여죄, 약사법위반죄 부분은 그대로 유지될 수 없게 되었다.",
            "이 사건 병원의 보험금 청구 업무는 원장인 피고인 1의 지시에 의해서 기획실에서 그 업무를 담당하고 있는데, 피고인 2는 이 사건병원의 기획실장으로서 보험청구를 실제로 처리하는 직원 2명을 두고서 위 직원들에게 지시하는 등의 방법으로 보험금 청구업무를 전반적으로 관리하여 왔다.",
            "2002.9.2.경부터 2004.2.23.경까지 이 사건 병원에서 간호조무사로 근무하였던 공소외 2는 원심법정과 수사기관에서, 처음 이 사건 병원에 입사하였을 때 선배 간호사로부터 교통사고 환자에 대하여는 의사의 처방전에 있는 내용보다 주사액을 적게 주사하고, 비싼 약은 투약하지 말고, 실제로 입원하고 있지 않은 환자에 대하여도 입원하고 있는 것처럼 간호기록지를 작성하도록 교육받았다.",
            "또한, 환자들이 대부분 물리치료를 1회만 받았음에도 식사전표에 그 이상 받은 것처럼 기록하도록 교육받았는바, 물리치료실에서 환자에게 물리치료를 실제로 했는지 여부를 통보받지 않았으나 위 교육내용에 따라 식사전표에 환자들이 거의 매일 물리치료를 받은 것으로 기재하였다.",
            "환자들이 이 사건 병원에 왔을 때 병실에 여유가 없는 경우 원무과에서 '입·퇴원 결정서'에 입원 병실을 구체적으로 기재하지 않고 \"3W\", \"5W\" 등으로 층수만 적어 주면, 해당 층 간호사들이 알아서 병실을 배정하여 위 환자가 입원한 후 외출을 나간 것으로 처리하였다.",
            "입원처리만 되어 있고 실제로 입원하지 않은 환자의 경우에도 병원에 입원해 있으면서 의사의 처방전에 따라 치료를 받은 것처럼 간호기록지를 작성하였다.",
            "의사들도 간호기록지가 실제로 투약하거나 주사한 내용에 따라 작성되는 것이 아니라 의사의 처방전에 맞추어 작성된다는 사실을 알고 있기 때문에 교통사고 환자의 경우에는 비슷한 내용의 처방전을 작성한다.",
            "별로 다치지 않았음에도 위와 같은 권유에 의하여 입원한 환자 대부분은 치료를 받거나 약을 복용하려고 하지 않았는바, 이 사건 병원에서는 그와 같은 경우에도 주사 및 투약이 이루어진 것처럼 진료기록부를 작성하였다.물리치료는 입원환자와 외래환자 모두 처음 1회만 실시하고 나머지는 실시하지 않았으며, 물리치료사도 그와 같은 사실을 알고 있다.",
            "간호기록지는 실제 주사하거나 투약한 내용에 따라 작성하는 것이 아니라 의사의 처방전에 따라 일괄적으로 작성하였는바, 실제로 입원하지 않은 환자들에 대한 간호일지 역시 간호사들이 의사의 처방전만 보고 실제 투약이나 주사를 하지 않고도 한 것처럼 허위로 작성을 하였다.",
            "이 사건 병원의 기획실장인 피고인 2가 원장인 피고인 1의 지시를 받아 위와 같이 허위로 작성된 진료기록부에 의하여 보험금 청구를 한 것으로 알고 있는데, 피고인 2는 오랫동안 기획실장으로 일하다 보니 나중에는 피고인 1이 지시를 하지 않아도 스스로 알아서 보험금을 허위 청구하였다 는 취지로 진술하였다.",
            "2003.1.10.경부터 2003.12.5.경까지 이 사건 병원 원무과에서 근무하였던 공소외 3은 원심법정과 수사기관에서, 이 사건병원에서는 외출을 나가 며칠 동안 들어오지 않는 교통사고 환자의 경우에도 계속 입원해 있는 것으로 처리하였고, 처음 병원에왔다가 며칠 후에 입원하는 환자의 경우에도 병원에 온 첫날부터 입원한 것처럼 처리하였다.",
            "교통사고 환자가 입원해야 하는 경우에 병실이 없으면 입·퇴원 결정서 에 입원 병실을 구체적으로 기재하지 않고 \"3W\", \"5W\" 등으로 층수만 적어 주면, 해당 층 간호사들이 알아서 병실을 배정하여 입원한 후 외출을 나간 것으로 처리하였다.",
            "처음 입사하였을 때 병실이 없는 경우에도 교통사고 환자는 무조건 입원시키라고 교육을 받았는데, 병실도 없고 환자 상태도 양호하고 환자도 입원을 하지 않겠다고 하여 입원처리 하지 않고 돌려보내자 피고인 1이 전화하여 \"너 이 새끼, 병원 말아먹을려고 작정했냐, 병실이 없으면 물리치료실에라도 입원처리하면 되는 것 아니냐\" 고 말한 적이 있는 것으로 보아 위 피고인도 위와 같은 사실을 모두 알고 있었을 것이다는 취지로 진술하였다",
            "2002.3.경부터 2004.1.26.경까지 이 사건 병원 원무과에서 근무하였던 공소외 7은 수사기관에서, 이 사건 병원에는 하루에 10명 정도의 교통사고 환자가 찾아 와 절반 정도가 입원하는데, 그 중 1, 2명 정도만 실제로 입원치료를 받고 나머지는 입원처리만 하고 집으로 돌아간다."
        ]
    },
    "dcss": {
        "courtDcss": [
            "한편, 원심은 피고인 1에 대하여 위 각 죄와 의료법위반죄가 형법 제37조 전단의 경합범 관계에 있다고 보아 형법 제38조에 의하여 하나의 형을 선고하였으므로 원심판결은 전부 파기되어야 한다.",
            "이 사건 병원에서 근무하였던 공소외 2, 4, 3, 7, 8은 모두 원심법정이나 수사기관에서 이 사건 병원에서 입원치료를 받은 것으로 되어 있는 환자 중 상당수는 실제로 입원치료를 받지 않았다고 진술하고 있고, 특히 공소외 2는 입원처리만 되어 있고 실제로 입원하지 않은 환자의 경우에도 병원에 입원해 있으면서 의사의 처방전에 따라 치료를 받은 것처럼 간호기록지를 작성하였는다.",
            "위와 같은 환자에 대하여는 기획실에서 퇴원날짜를 지시하면 그 일자 이후까지 간호기록지가 작성되어 있는 경우에 수정액으로 퇴원 날짜 이후의 기록을 지웠다는 취지로 진술하였는바, 공소외10, 11, 12, 13, 14, 15 등에 대한 식사전표나 간호기록지 등에 퇴원 이후에도 식사를 하거나 물리치료를 받은 것으로 기재되었다가 삭제된 흔적이 보이는 등 공소외 2의 진술과 일치하므로 공소외 2 등의 위 진술은 신빙성이 있는 것으로 보인다.",
            "의무기록지를 허위로 기재하고 그에 근거하여 실제 치료한 내용보다 더 많은 보험금을 청구한다고 하여 간호사나 직원들에게 어떠한 이익이 있는 것이 아니므로 이 사건 병원의 원장인 피고인 1의 명시적 혹은 묵시적 지시가 없이 허위 청구가 이루어진다고 보기 어렵다.",
            "이 사건 병원 관리실장으로 근무하였던 공소외 4는, 이 사건 병원의 기획실장인 피고인 2가 원장인피고인 1의 지시를 받아 허위로 작성된 진료기록부에 의하여 보험금 청구를 한 것으로 알고 있는데, 피고인 2는 오랫동안 기획실장으로 일하다 보니 나중에는 피고인 1이 지시를 하지 않아도 스스로 알아서 보험금을 허위 청구하였다고 진술하고 있다.",
            "이 사건 병원의 보험금 허위 청구는 피고인들의 공모에 의하여 이루어졌다고 봄이 상당하므로 피고인들의 이부분 항소논지는 이유 없다.",
            "의료기관이 보험회사에 여러 환자를 치료하였다고 하여 진료비를 청구·지급받았는데 그 중 일부 환자에 대하여 실제로 치료가 행하여진 사실이 없는 경우 허위로 청구된 환자의 진료비에 관하여 사기죄가 성립한다고 할 것이다.",
            "그리고 보험회사가 그 의료기관으로부터 청구받은 다른 환자에 대한 진료비를 임의로 삭감하고 지급하지 않았다고 하더라도 허위로 청구하여 지급받은 금액에서 임의삭감되어 지급받지 못한 다른 환자의 진료비를 공제한 금액에 대해서만 사기죄가 성립한다고 볼 수는 없다.",
            "따라서 피고인들이 보험회사들에 청구한 진료비 중 일부가 임의로 삭감당하여 지급받지 못하고 있더라도, 허위로 청구하여 지급받은 환자의 진료비에 관한 사기죄의 성립에는 아무런 영향이 없으므로 피고인들의 이 부분 주장 또한 이유 없다.",
            "이 사건 병원의 물리치료사로 근무하는 공소외 9는 경찰에서 최초에는 물리치료를 하는 경우 반드시 물리치료대장에 기재하므로 물리치료를 받은 환자의 수나 회수는 물리치료대장에 의하여 확인하면 된다고 진술하였다가 두 번째로 조사받을 때는 물리치료를 하더라도 물리치료대장에 기재되지 않는 경우가 있다고 진술하였다.",
            "두 번째 조사는 이 사건 병원의 관리이사인 공소외 5로부터 이 사건 사기죄 수사와 관련하여 뇌물을 받은 공소외 6에 의하여 이루어진 것이어서 신빙성이 있다고 할 수 없고 첫 번째 진술만이 신빙성이 있다고 할 것인데, 원심이 허위의 물리치료비 청구로인정한 부분은 모두 물리치료대장에는 기재되어 있지 않다.",
            "이 사건 병원에서 근무하였던 공소외 2, 4, 7은 모두 원심법정이나 수사기관에서 이 사건 병원에서는 물리치료의 경우 대부분 1회만 이루어졌으나 간호사들이 식사전표 등에 여러 번 물리치료를 한 것으로 허위로 기재하였다고 진술하고 있다.",
            "공소외 10, 11, 12, 15에 대한 식사전표 등이 위 진술을 뒷받침하고 있는 점 등에 비추어 보면, 물리치료대장에 기재되지 않은 부분에 대해서는 실제로 물리치료가 행해졌다고 볼 수 없으므로 피고인들의 이 부분 항소논지 또한 이유 없다.",
            "① 공소외 5는 처음에 검찰에서 조사를받으면서는 계속해서 자신이 공소외 6에게 돈을 준 사실이 없다고 부인하다가 그가 공소외 6에게 500만 원과 300만 원을 송금한 것이 밝혀지고 그가 삭제한 컴퓨터 하드디스크 파일을 복원하는 과정에서 공소외 6에게 돈을 준 일시, 장소, 금액이 밝혀지자 제7회 검찰 피의자신문 때부터 공소외 6에게 돈을 준 것을 시인하였다.",
            "그때부터 원심법정에 이르기까지 일관되게 피고인의 지시를 받아 공소외 6에게 돈을 준 것이라고 진술하고 있다.",
            "② 공소외 5는, 경찰이 2004.5.31.이 사건 병원을 압수수색한 직후인 2004.6.2.중국으로 도피한 피고인이 중국에서 자신에게 전화하여 \"내가 의사회 회장 출마를 해야 하는데 구속이 되거나 체포가 되면 출마할 수 없으므로 수단과 방법을 가리지 말고 위 사건을 무마하라\"고 지시하면서 경리 등을 통하여 돈을 주어 이를 다시 공소외 6에게 주게 되었다고 진술하였다.",
            "피고인도 원심법정과 검찰에서 2004.6.2.중국으로 간 후 공소외 5에게 전화하여 위 압수수색된 사건이 무슨 사건이고, 누가 고소했는지 등을 알아보라고 하였는데 공소외 5가 사건을 원만히 풀어보기 위해서는 경비가 필요하다고 하여 경리에게 연락하여 공소외 5에게 돈을 지급하도록 하였다고 진술하였다.",
            "공소외 5가 피고인으로부터 위 압수수색 사건을 무마하라는 지시를 받은 후 그와 관련하여 피고인으로부터 돈을 받았는데 그 돈이 공소외 6에게 건네진 사실에 관하여는 공소외 5와 피고인의 진술이 일치하고 있다.",
            "③ 공소외 5는 피고인과 의형제를 맺을 정도의 관계였고, 피고인의 평소 투자 및 거래 관계나 환자 유치 등 병원 관련 업무에 깊숙이 관여하고 있어, 피고인 또는이 사건 병원에 문제가 발생하면 여러 방법을 동원하여 그 문제를 해결하는 역할을 하여 왔으며, 피고인은 그 대가로 공소외 5에게 한 달에 월급으로 900만 원 내지 1,000만 원씩이나 되는 돈을 지급해 왔다.",
            "④ 이 사건은 피고인이 운영하는 이 사건 병원의 존립 여부 및 피고인의 의사로서의 생명 유지 여부와 관련되는 사안으로서 피고인에게 그 무엇보다 중요한 사안임에도 이를 공소외 5에게만 맡겨 두고 그의 판단대로 처리하도록 하였을 리 없다.",
            "⑤ 공소외 5의 부탁을 받은 공소외 6이 피고인이운영하고 있던 레스토랑으로 보험금 사기사건의 수사기록을 가져온 후 공소외 5가 피고인을 불러 내어 함께 위 수사기록을 보기도 하였다.",
            "⑥ 공소외 5는 피고인의 보험금 사기 사건을 무마하기 위하여 피고인으로부터 돈을 받아 이를 공소외 6에 주었는바, 이는 피고인의 이익을 위한 것이지 공소외 5 자신의 이익을 위한 것이 아님에도 굳이 피고인에게 그 사실을 속일 이유가 없는 점 등에 비추어 보면 이하 다음 내용과 같다.",
            "즉, 뇌물로 준 자금을 피고인으로부터 언제, 어떻게 지급받았는지, 돈을 줄 때 피고인이 참석한 사실이 있는지 여부, 공소외 6을 알게 된 경위 등에 관한 공소외 5의 진술이 다소 일관되지 아니하고 최초로 공소외 6에게 돈을 줄 때 분석결과를 건네 받았는지 여부가 다소 불확실하다.",
            "그렇다 할지라도 공소외 5의 위 진술은 그가 피고인으로부터 지시를 받공소외 6에게 뇌물을 지급하였다는 점에 있어서는 신빙성이 있다고 할 것이다.",
            "위와 같은 신빙성이 있는 공소외 5의 진술과 그밖에 원심이 적법하게 조사·채택한 증거에 의하면, 피고인이 공소외 5와 사이에위 사기 사건과 관련하여 경찰관에게 돈을 주기로 공모한 사실을 충분히 인정할 수 있으므로 피고인의 이 부분 항소논지 또한 이유 없다.",
            "따라서 자신의 이름으로 의료기관을 개설하고 있는 의사가 다른 의사의 이름으로 또다른 의료기관을 개설하여 그 소속의 직원들을직접 채용하여 급료를 지급하고 그 영업에 따라 발생하는 이익을 취하는 등 새로 개설한 의료기관의 경영에 직접 관여한 점만으로는 다른 의사의 면허증을 대여받아 실질적으로 별도의 의료기관을 개설한 것이라고 볼 수 없다.",
            "다른 의사의 이름으로 개설된 의료기관에서 자신이 직접 의료행위를 하거나 무자격자를 고용하여 자신의 주관하에 의료행위를 하게 한 경우는 비록 그 개설명의자인 다른 의사가 새로 개설한 의료기관에서 직접 일부 의료행위를 하였다고 하더라도 이미 자신의 이름으로 의료기관을개설한 위 의사로서는 중복하여 의료기관을 개설한 경우에 해당한다고 할 것이다(대법원 2003.10.23.선고 2003도256 판결 참조)",
            "그런데 원심이 적법하게 조사·채택한 증거에 의하면, 피고인은 자신의 이름으로 이 사건 병원을 개설하여 운영하고 있다가 의사 공소외 16과 공소외 17을 고용한 다음 이 사건 병원이 있던 건물에 의사 공소외 16 이름으로(이름 2 생략)의원을, 의사 공소외 17 이름으로 (이름 3 생략)의원을 개설한 사실, 위 3개의 병원은 형식적으로는 나뉘어 있지만 3개 병원의 병실이나 층의 구분 없고, 각 병원이 의료기기, 병실과 병상을 함께 사용하고 있다.",
            "간호사나 직원들도 위 3개 병원에 따로 소속된 것이 아니라 위 3개 병원 모두를 위하여 근무하는 등 위 3개 병원은 사실상 하나의 병원으로 운영되었던 사실, 피고인 자신은 신경외과 환자들을 주로 치료하고, 공소외 16에게 내과과장의 직책을 주어 내과 환자들을 주로 치료하게 하였다.",
            "그리고 공소외 17에게 마취과장의 직책을 주어 수술이 필요한 환자들의 마취를 담당하게 하면서, 추가로 의사를 고용하여 정형외과과장의 직책을 준 후 정형외과 환자들을 치료하도록 하였다.",
            "내과과장이나 정형외과과장이 자리를 비운 경우 피고인이 자신의 진료실에서 내과나 정형외과 환자들을 치료한 사실 등을 인정할 수 있다.",
            "피고인이 단순히 다른 의사의 이름으로 개설된 의료기관의 경영에만 관여한 것으로 볼 수는 없고, 다른 의사의 이름으로 개설된 의료기관에서 직접 의료행위를 한 경우에 해당한다고 할 것이므로 피고인의 이 부분 항소논지 또한 이유 없다."
        ]
    },
    "close": {
        "cnclsns": [
            "따라서 원심판결에는 위와 같이 직권파기사유가 있으므로 형사소송법 제364조 제2항, 제6항에 의하여 원심판결을 파기하고 변론을 거쳐 다시 다음과 같이 판결한다",
            "원심판결을 파기한다.",
            "피고인 1을 징역 1년 6월에, 피고인 2를 징역 6월에 각 처한다.",
            "원심판결 선고 전의 구금일수 19일을 피고인 1에 대하여, 3일을 피고인 2에 대하여 위 각 형에 산입한다.",
            "원심판결 선고 전의 구금일수 19일을 피고인 1에 대하여, 3일을 피고인 2에 대하여 위 각 형에 산입한다."
        ]
    }
}