{
    "info": {
        "caseField": "2",
        "detailField": "6",
        "trailField": "2",
        "caseNm": "특수절도,특수강도,총포,도검,화약류등단속법위반,범죄수익은닉의규제및처벌등에관한법률위반",
        "courtNm": "부산고등법원",
        "judmnAdjuDe": "2006. 07. 20.",
        "caseNo": "2006노224",
        "relateLaword": [
            "범죄수익은닉의 규제 및 처벌에 관한 법률 제3조",
            "형법 제30조",
            "형법 제37조",
            "형법 제38조",
            "형법 제70조",
            "형법 제69조",
            "형법 제57조"
        ],
        "qotatPrcdnt": []
    },
    "concerned": {
        "acusr": "1",
        "dedat": "4"
    },
    "org": {
        "orgJdgmnCourtNm": " 울산지방법원",
        "orgJdgmnAdjuDe": " 2006. 4. 18. ",
        "orgJdgmnCaseNo": "2006고합6 "
    },
    "disposal": {
        "disposalform": "9",
        "disposalcontent": [
            "원심판결 중 피고인  1,  2에 관한 부분을 파기한다.",
            "피고인  1을 벌금 10,000,000원에, 피고인  2를 벌금 7,000,000원에 각 처한다.",
            "피고인  1,  2가 위 각 벌금을 납입하지 아니한 경우 50,000원을 1일로 환산한 기간 위 피고인들을 노역장에 각 유치한다.",
            "원심판결 선고 전의 구금일수로서 피고인  1에 대하여는 119일을, 피고인  2에 대하여는 106일을 위 각 벌금에 관한 노역장 유치기간에 각 산입한다.",
            "피고인  3,  4의 항소를 각 기각한다.",
            "피고인  3,  4에 대한 이 판결 선고 전의 당심 구금일수 93일씩을 원심판결의 형에 각 산입한다."
        ]
    },
    "mentionedItems": {
        "rqestObjet": [
            "원심이 피고인들에게 선고한 형(피고인  3 : 징역 5년, 피고인  4 : 징역 3년)이 너무 무거워 부당하다.",
            "원심은 범죄수익 등의 은닉행위의 기수죄 외에 미수 또는 예비죄의 경우에도 현실적으로 범죄수익 등이 발생할 것을 필요로 한다는 전제하에 피고인  1,  2에 대하여 무죄를 선고하였는바,이러한 원심판결에는 사실을 오인하였거나 법리를 오해하여 판결에 영향을 미친 위법이 있다."
        ]
    },
    "assrs": {
        "acusrAssrs": [
            "피고인 3, 4 등이 원심판시 특수강도 범행으로 현금 등 7,000여만 원을 실제로 강취함으로써 특수강도 범행에 따른 현실적인 범죄수익이 발생하였음에도 원심은 이를 간과한 채 은닉의 대상이 되는 범죄수익 등이 발행하지 아니하였다고 잘못 판단하였다.",
            "또 위 법률 소정의 범죄수익 등의 은닉행위의 미수죄(주위적 공소사실)또는 예비죄(예비적 공소사실)의 경우에는 현실적으로 범죄수익 등이 발생할 것을 전제로 할 필요가 없는데도 원심은 범죄수익 등의 은닉행위의 기수죄 외에 미수 또는 예비죄의 경우에도 현실적으로 범죄수익 등이 발생할 것을 필요로 한다는 전제하에 피고인 1, 2에 대하여 무죄를 선고하였는바, 이러한 원심판결에는 사실을 오인하였거나 법리를 오해하여 판결에 영향을 미친 위법이 있다."
        ],
        "dedatAssrs": [
            "원심이 피고인들에게 선고한 형(피고인 3: 징역 5년, 피고인 4: 징역 3년)이 너무 무거워 부당하다."
        ]
    },
    "facts": {
        "bsisFacts": [
            "피고인들은 은행에서 돈을 강취하는데 사용할 차량을 미리 훔치고, 범행 후 도주를 쉽게 하기 위해 각자 역할을 미리 분담한 다음 원심판시 특수강도 범행을 저질렀고, 범행 후 경찰의 추적을 피하기 위하여 범행에 사용한 절취차량을 불태웠으며, 공기총을 들고 은행에 침입하여 은행원들을 협박하여 현금 6,000만 원 등 7,000만 원 상당을 강취하고 또 사전에 개설하여 둔 다른 은행계좌로 950억 원이나 되는 돈을 송금시키는 방법으로 이를 강취하려고 하였다.",
            "피고인 3은 1996년도에 폭력행위 등 처벌에 관한 법률위반죄 등으로 징역 1년 6월을 선고받는 등 5회의 실형 선고를 받은 전력이 있다.",
            "피고인 4는 2004.6.11.대구지방법원에서 특수절도죄로 징역 1년에 집행유예 3년을 선고받아 현재 그 유예기간 중에 있는 등 수회의 범죄전력(실형 1회, 집행유예 3회)이 있다."
        ]
    },
    "dcss": {
        "courtDcss": [
            "피고인들이 원심판시 각 범행 후 그 잘못을 깊이 뉘우치고 있고, 당심에 이르러 원심판시 2005.12.19.자 특수절도 범행의 피해자와는 원만히 합의하였으나, 피고인들은 은행에서 돈을 강취하는데 사용할 차량을 미리 훔치고, 범행 후 도주를 쉽게 하기 위해 각자 역할을 미리 분담한 다음 원심판시 특수강도 범행을 저질렀다.",
            "범행 후 경찰의 추적을 피하기 위하여 범행에 사용한 절취차량을 불태웠으며, 공기총을 들고 은행에 침입하여 은행원들을 협박하여 현금 6,000만 원 등 7,000만 원 상당을 강취하고 또 사전에 개설하여 둔 다른 은행계좌로 950억 원이나 되는 돈을 송금시키는 방법으로 이를 강취하려고 하였다.",
            "그 범행수법이 매우 대담하고 치밀한 점, 피고인 3은 1996년도에 폭력행위 등 처벌에 관한 법률위반죄 등으로 징역 1년 6월을 선고받는 등 5회의 실형 선고를 받은 전력이 있고, 피고인 4는 2004.6.11.대구지방법원에서 특수절도죄로 징역 1년에 집행유예 3년을 선고받아 현재 그 유예기간 중에 있는 등 수회의 범죄전력(실형 1회, 집행유예 3회)이 있다.",
            "원심판시 특수강도죄의 법정형이 무기 또는 5년 이상의 징역이고, 원심이 피고인 4에 대하여는 그 범행 가담정도가 경미한 점을 참작하여 작량감경을 한 다음 그 처단형의 최하한(징역 2년 6월)에 가까운 형(징역 3년)을 선고한 점, 원심판시 특수강도 범행으로 인한 피해회복이 거의 이루어지지 않고 있다.",
            "그밖에 피고인들의 연령, 직업, 가족관계, 지능과 환경, 이 사건 범행의 동기와 경위, 수단과 결과, 가담정도, 범행 후의 정황 등 기록에 나타난 양형의 조건을 종합하여 보면 원심이 피고인들에게 선고한 형은 적정하다고 인정되므로피고인들의 주장은 이유 없다.",
            "원심은 검사의 항소이유에서 본 바와 같이 위 법률 소정의 범죄수익 등의 은닉행위가 성립하기 위해서는 그 전제로서 은닉의 대상이 되는 범죄수익 등이 발생할 것을 요구하고, 이는 범죄수익 등의 은닉행위의 기수뿐만 아니라 미수 또는 예비행위를 처벌하는 경우에도 마찬가지라는 전제하에 있다.",
            "피고인 1, 2에 대하여 각 무죄를 선고하였으나, 위 법률 소정의 범죄수익 등의 은닉행위의 미수 또는 예비죄의 성립에 있어 현실적으로 범죄수익 등이 발생할 것을 전제로 한다고 볼 만한 근거를 찾을 수 없다.",
            "(특히 이 사건의 경우에는, 피고인 3, 4 등이 원심판시 특수강도 범행과정에서 농협직원으로 하여금 피고인 1, 2 등이 개설한 다른 은행계좌로 950억 원을 무통장입금하게 하여 실제 입금이 되면 그때 범죄수익이 발생함과 동시에 범죄수익 은닉죄가 성립되므로 더욱이 사건 범죄수익 은닉행위의 미수 또는 예비죄의 성립에 있어 현실적으로 범죄수익이 발생할 것을 필요로 한다고 보기 어렵다.)",
            "원심이 적법하게 조사하여 채택한 증거들에 의하면 공범인 공소외 4가 2005.12.14.경 000 0000지점에서 일본인 00 명의로 계좌를 개설한 사실 및 피고인 1, 2 등이 2005.12.19.경 공소외 4의 알선으로 000 0000지점에서 일본인 00 명의로 계좌를 개설한 사실을 인정할 수 있다.",
            "피고인 1, 2는 늦어도 위 각 일시경에는 위법률 소정의 범죄수익 등의 은닉행위의 실행에 착수하였다고 할 것이므로 위 피고인들에 대한 주위적 공소사실(미수)은 유죄로 인정하여야 하는데도 원심은 앞서 본 바와 같은 이유로 위 피고인들에 대하여 무죄를 선고하였다.",
            "원심판결에는 위 법률소정의 범죄수익 등의 은닉행위나 그 실행의 착수에 관한 법리를 오해하여 판결에 영향을 미친 위법이 있다고 할 것이다."
        ]
    },
    "close": {
        "cnclsns": [
            "원심판결 중 피고인 1, 2에 관한 부분을 파기한다.",
            "피고인 1을 벌금 10,000,000원에, 피고인 2를 벌금 7,000,000원에 각 처한다.",
            "피고인 1, 2가 위 각 벌금을 납입하지 아니한 경우 50,000원을 1일로 환산한 기간 위 피고인들을 노역장에 각 유치한다.",
            "원심판결 선고 전의 구금일수로서 피고인 1에 대하여는 119일을, 피고인 2에 대하여는 106일을 위 각 벌금에 관한 노역장 유치기간에 각 산입한다.",
            "피고인 3, 4의 항소를 각 기각한다.",
            "피고인 3, 4에 대한 이 판결 선고 전의 당심 구금일수 93일씩을 원심판결의 형에 각 산입한다."
        ]
    }
}