{
    "info": {
        "caseField": "2",
        "detailField": "6",
        "trailField": "2",
        "caseNm": "사기,사기방조",
        "courtNm": "수원지방법원",
        "judmnAdjuDe": "2008. 05. 06.",
        "caseNo": "2006노3300",
        "relateLaword": [
            "형법 제347조",
            "형법 제32조",
            "형법 제39조",
            "형법 제55조",
            "형법 제37조",
            "형법 제39조",
            "형법 제38조",
            "형법 제50조",
            "형법 제57조",
            "형법 제62조",
            "형법 제62조의2",
            "보호관찰 등에 관한 법률 제59조",
            "형사소송법 제369조",
            "형사소송법 제325조"
        ],
        "qotatPrcdnt": [
            "대법원 2006.1.12. 선고 2004도6557 판결",
            "대법원 2003. 12. 26. 선고 2003도4914 판결",
            "대법원 2003. 6. 23. 선고 2002도6410 판결"
        ]
    },
    "concerned": {
        "acusr": "4",
        "dedat": "1"
    },
    "org": {
        "orgJdgmnCourtNm": "수원지방법원",
        "orgJdgmnAdjuDe": "2006. 9. 21.",
        "orgJdgmnCaseNo": "2006고단2768 "
    },
    "disposal": {
        "disposalform": "10",
        "disposalcontent": [
            "원심판결을 파기한다.",
            "피고인을 징역 1년에 처한다.",
            "원심 판결 선고 전의 구금일수 33일을 위 형에 산입한다.",
            "이 판결 확정일로부터 2년간 위 형의 집행을 유예한다.",
            "피고인에 대하여 80시간의 사회봉사를 명한다."
        ]
    },
    "mentionedItems": {
        "rqestObjet": [
            "원심 범죄사실 1항 사기죄에 부분에 대하여 이 사건 환자들에 대한 입원결정 및 치료를 모두 피고인이 한 것은 아니므로 피고인이 관여한 적이 없는 입원진료 내역에 대해서까지 피고인의 책임을 물을 수 없다.",
            "원심 범죄사실 2항 사기방조죄에 부분에 대하여 방조범의 공소사실에는 정범의 실행행위도 일시장소 방법이 특정되어야 하는데 이 부분 공소사실은 위와 같은 요건을 충족하지 못하고 있다.",
            "원심 범죄사실 3항에 대하여 직원들의 착오가 있었다는 사유가 있음에도 이 사건 공소사실을 모두 유죄로 인정한 원심판결에는 사실오인 내지 법리오해의 위법이 있다.",
            "원심의 형(징역 1년 6월, 집행유예 3년)은 너무 무거워 부당하다."
        ]
    },
    "assrs": {
        "acusrAssrs": [],
        "dedatAssrs": [
            "공소외 1(대법원 판결의 공소외인)등 이 사건 환자들은 입원의 필요성이 있었던 환자들로 입원의 필요성이 없었다는 점에 대한 증거인 심사평가원의 의료분석결과는 그 작성자가 누구인지 알 수 없는데다 피고인이 환자들에 대한 검사를 실시하고 이상을 발견한 진료기록을 반영하지 않은 등 믿기 어렵다.",
            "그리고 피고인은 이 사건 환자들에게 입원을 하더라도 통원치료와 같은 편의를 제공해 주겠다고 권유한 사실이 없고, 이 사건 환자들에 대한 입원결정 및 치료를 모두 피고인이 한 것은 아니므로 피고인이 관여한 적이 없는 입원진료 내역에 대해서까지 피고인의 책임을 물을 수 없다.",
            "또한 국민건강보험공단은 2005.4.27.재심요양급여비 중 피고인이 재심의를 청구한 63,512,610원 중 38,696,960원에 대해서만 환수통보를 한 바 있으므로 적어도 환수되지 않은 나머지 금액 24,815,650원은 정당한 진료의 대가이므로 편취로 인한 손해액에서 제외되어야 한다.",
            "방조범의 공소사실에는 정범의 실행행위도 일시장소 방법이 특정되어야 하는데 이 부분 공소사실은 위와 같은 요건을 충족하지 못하고 있다.",
            "그리고 피고인은 이 사건 범죄사실 해당 기간 동안 2만 여명의 환자를 입원시킨 바 있는데 특별히 이 사건 환자들의 보험 가입상황이나 보험금 청구 사실을 알았다고 볼 만한 아무런 증거가 없고(오히려 피고인은 보험사기에의 악용가능성을 차단하기 위해 진단서를 발급해 주면서 이 진단서는 보험금지급에 참고하지 말 것 이라고 명시하기까지 하였다), 의사는 환자가 원할 때 입원확인서를 발급해 줄 의무가 있어 그 의무에 따라 입원확인서를 발급했을 뿐이다.",
            "또한 이 사건 각 환자에 대해 며칠 동안 입원의 필요성이 있었는지에 대한 판단은 환자들을 직접 진료한 의사만이 알 수 있는 것으로 원심 판시 범죄사실과 같이 3일 또는 5일의 입원필요성이 있다는 평가는 믿기 어렵다.그리고 원심 판시 범죄사실에 따르더라도 3일 등 입원의 필요성이 인정된 부분의 입원치료비는 편취금액에서 제외되어야 함에도 치료비 전체가 편취되었다고 판단한 것은 모순이다.",
            "피고인은 진료비를 과다청구하라고 직원들에게 지시한 사실이 없고, 그 금액이나 청구경위에 비춰 봐도 과잉청구된 부분은 직원들의 착오에 불과하다.",
            "위와 같은 사유가 있음에도 이 사건 공소사실을 모두 유죄로 인정한 원심판결에는 사실오인 내지 법리오해의 위법이 있다.",
            "피고인은 보험금을 편취하려는 이 사건 가짜 환자들에게 속아 과잉진료에 이르게 된 점, 피고인이 실제 얻은 이득액은 원심판결에서 설시한 금액에 비해 미미한 점, 피고인이 자신의 잘못을 깊이 뉘우치고 있으며 피해자들의 피해가 모두 회복되어 처벌을 희망하고 있지 않다는 점 등을 고려하면, 원심의 형(징역 1년 6월, 집행유예 3년)은 너무 무거워 부당하다."
        ]
    },
    "facts": {
        "bsisFacts": [
            "○○병원은 진료과목이 내과, 외과, 정형외과 등인 300병상 이하 준종합병원으로 피고인은 위 병원의 병원장 겸 의료법인 ●●의료재단 이사장이고 그 외 각 과마다 의사가 있고 간호사 80여명 등 직원이 총 200여명이다.",
            "이사장인 피고인은 매일 입, 퇴원환자 현황과 외래환자 현황에 대해 보고를 받고 병원의 입출금내역에 대해 보고를 받는 등 병원의 수입과 지출 기타 모든 업무를 총괄해 왔다.",
            "교통사고나 내원환자의 경우 피고인이 먼저 환자의 증세를 파악한 후 각 담당 전문의에게 전과하였고 환자들의 입원 여부를 결정하는 것은 주치의가 아닌 피고인이었다.그리고 입원환자들이 퇴원할 경우 진료기록부와 영수증을 이사장에게 결재를 올려 확인을 받고 결재가 나면 퇴원조치가 이뤄졌다.",
            "입원환자들이 퇴원하려고 할 경우 공소외 10 간호부장 등이 일단 입원을 만류하고 그래도 퇴원을 한다고 할 경우 위 간호과장 등이 피고인에게 결재를 올리면 위 간호과장 등이 피고인에게 결제를 올리는데 피고인이 퇴원오더를 해 주지 않는 경우 환자와 피고인이 싸우는 일도 있었고, 환자가 의사의 오더 없이 자의로 퇴원해 버린 일도 있었다.",
            "실제 피고인은 위 공소외 1, 5, 7, 8, 9, 11, 12, 13, 14, 15, 16, 17 등에게 '입원을 하되 집에 볼일이 있으면 언제든지 나갔다 와도 된다'는 등으로 말하면서 권유한 바 있고, 퇴원을 하겠다고 하자 '링거를 맞고 통원치료를 하면 병원비를 더 많이 부담하게 되고 입원을 하면 병원비가 절감된다',' 피검사나 초음파검사를 더 해보고 가라'며 퇴원을 만류한 바 있다.",
            "피고인과 함께 내과전문의였던 공소외 18 등은 피고인이 먼저 진찰하고 진단이 확정된 입원환자 또는 진료에 큰 문제가 없는 입원환자를 상대로 회진을 돌면서 진료했다.그런데 증상이 경미함에도 장기입원한 환자들에 대해 공소외 18은 회진시마다 환자의 증상과 처방 등을 기재해야 하는 오더지에 피고인이 내린 오더의 내용을 반복하여 단지 'repeat'이라고만 기재하는 경우가 많았다.",
            "ㅇㅇ병원이 입원을 잘 시켜 주고 외박을 쉽게 할 수 있다는 소문이 인근에 공공연히 퍼져 있었고 병원 내부의 직원들이나 간호사들도 이 사건 환자들과 같이 보험에 다수 가입하고 보험금을 타기 위해 장기입원하는 환자들이 있다는 것을 잘 알고 있어 그 환자들을 '개인보험환자' 라거나 '이사장 단골환자' 등으로 부르기도 하고, 그 환자들에 대해서는 매일 체크해야 하는 활력징후체크 등을 소홀히 하였고 외출도 제대로 통제하지 않았다.",
            "한편 ○○병원에서 요양급여비를 국민보험공단에 청구하는 방식은, 피고인이 입원환자에 대해 퇴원결정을 하면 원무과 직원이 본인부담금을 제외하고 나머지를 국민건강보험공단에 요양급여비로 청구하여 왔는데 요양급여비를 청구해 왔는데 입원기간이 15일이 넘어가면 급여액이 감액되는 것을 고려하여 15일씩 끊어서 청구하거나 입원환자에게 입원 후 15일이 되면 퇴원 후 재입원을 요구하기도 하였다.",
            "또 진단서나 입원확인서 발급절차는, 환자가 입원확인서를 간호사 등에게 부탁하면 간호사나 원무과 직원이 피고인에게 입원확인서를 원한다고 전달하여 환자가 피고인을 면담한 다음 피고인이 차트나 구술로 입원확인서를 발급해 주라고 지시하였다.",
            "원무과 직원이 원무과에 있는 컴퓨터를 이용하여 타이핑을 한 후 보관하고 있던 병원 직인과 피고인의 도장을 찍어 환자에게 교부하는 방식으로 이뤄졌다.그 과정에서 환자가 보험지급이 되는 중한 병으로 진단서를 발급해 달라고 부탁하면 피고인이 직접 발급하거나 요구사항대로 발급되도록 원무과 직원에게 지시하기도 하였다.",
            "한편 공소외 1은 2003.12.9.경 000 0000지점에 대해 위 보험회사가 공소외 1의 외출외박이 잦고 병원식을 하지 않은 것 등을 이유로 보험금청구를 허위청구로 판단하자 보험금을 삭감하는데 동의한다는 확인서를 작성해 준 일도 있다.",
            "2002.5.30.부터 2002.7.9.까지 다시 소화성궤양, 간장장애, 만성위염, 과민성대장염, 만성대장염 등으로 각 입원했으나, 심사평가원과 보험회사에 제출된 진단서 병명 및 입원기간이 상이하고 차트 기록상 위 41일간, 퇴원 후 증상이 악화되어 당일 재입원하는 방식으로 3번에 나눠 입원한 것으로 되어 있다.",
            "그리고 소화성궤양, 만성위염, 대장염 진단에 대해 대장촬영이나 내시경 검사 자체를 시행하지 않은 상태에서 환자의 호소만으로 진단한 것으로 보이고 간장장애 역시 간초음파 판독이 없고 간기능검사도 정상이어서 진단근거가 없다.",
            "또한 위 각 입원기간 동안 공소외 20은 외출이 잦았고 공소외 20에 대한 활력징후측정도 제대로 이뤄지지 않았다.",
            "2004.10.15.부터 같은 해 11.2.까지 위 병원에 기관지폐렴 및 전신쇠약, 뇌순환장애 등의 이유로 19일간 입원하였다고 하나 간호기록지에는 \"2004.10.28.10:00 독감(Local에서 맞음)\"으로 기재되어 있다.",
            "위 입원시마다 활력징후체크가 제대로 되지 않은 날이 자주 있고 간호기록지에는 낮시간 동안 \"피고인이 귀원하였다\"는 내용이 반복적으로 기재되어 있는데, 외출 시각과 그 시간, 외출 사유 등에 대하여는 아무런 기재가 없으며 피고인에 대한 식사처방전에도 식사를 병원식으로 하지 아니한 것으로 기재되어 있는데 공소외 5가 어떠한 식사를 하였는지에 대하여 아무런 언급이 없다.",
            "위 입원시마다 활력징후체크가 제대로 되지 않은 날이 자주 있고 간호기록지에는 낮시간 동안 피고인이 귀원하였다 는 내용이 반복적으로 기재되어 있는데, 외출 시각과 그 시간, 외출 사유 등에 대하여는 아무런 기재가 없으며 피고인에 대한 식사처방전에도 식사를 병원식으로 하지 아니한 것으로 기재되어 있는데 공소외 5가 어떠한 식사를 하였는지에 대하여 아무런 언급이 없다.",
            "측 옆구리 통증이 있어 수원의료원에서 1차 진료 후 입원치료 위해 내원했다고 되어 있음에도 활력징후체크가 전혀 되어 있지 않고 간호기록상 환자상태 변화에 대한 기록이 없이 'rounded'라고 기재되어 있는 경우가 많다.",
            "2회째 입원의 경우 진료기록부상 퇴원하고 재입원하는 방식으로 기록상 입원기간이 2회로 나누어져 있고, 위 3회째 입원기간 동안에는 간호기록상 계속 외출해서 음주한 것이 확인되고, 입원치료에도 불구하고 식사 통제가 되지 않아 간기능검사상 혈중지질이 계속 높았다.그리고 위 4회째 입원기간 동안에는 뇌경색에 대해 □□병원에서 정밀검사를 받는 등 통원치료를 하기도 하였다.",
            "이후 2003.2.22.부터 3.21.까지 뇌경색증, 요추간판탈출증, 당뇨, 대장염, 위궤양 등으로 입원한 것으로 되어 있으나 위궤양, 뇌경색 진단의 근거가 없고 대장염의 증상이나 검사결과가 없으며 약이 투약되지 않은 날이 많고 간호기록지상 잦은 외출외박이 의심된다."
        ]
    },
    "dcss": {
        "courtDcss": [
            "환자가 입원수속을 밟은 후 고정된 병실을 배정받아 치료를 받는 형식을 취하였고 병원에 6시간 이상 체류하였다고 하더라도, 실제 치료를 받은 시간과 입원경위, 치료의 내용이나 목적, 환자들의 행동 등을 종합하여, 치료의 실질이 입원치료가 아닌 통원치료가 필요한 경우인지 또는 단기간의 입원만이 필요한 것인데도 그 범위를 초과하여 장기간 입원을 한 것인지 여부 등을 판단할 수 있다 할 것이다.",
            "즉 ○○병원의 진료체계상 일반적인 경우와 달리 병원에 온 환자들을 일단 피고인이 먼저 환자의 증세를 파악하고 각 과로 전과시키는 과정에서 피고인이 환자들에게 입원을 권유하고, 퇴원 시에는 원무과 직원으로 하여금 진단서와 영수증 등을 올려 결재맡도록 함으로써, 입원환자들에 대한 퇴원 여부를 주치의가 아닌 피고인이 결정해 왔다.",
            "입원환자들의 진단서와 입원확인서 작성권한 역시 피고인이 가지고 있으면서 때로는 환자의 요구에 따라 보험금을 청구할 수 있는 질병으로 진단서나 입원확인서를 작성해 준 것으로 보이는 점, 피고인은 증상이 심각하지 않은 환자들에게도 일단 통원치료보다는 입원을 권유하였다.",
            "입원 후 퇴원하려는 환자들의 퇴원을 제지하며 재입원을 권유하였는데 이러한 장기, 반복입원은 보험에 다수 가입하여 병원비에 부담을 느끼지 않는 환자들과 사이에 이해관계가 맞고 이러한 사정을 피고인도 인식하고 있었던 것으로 보인다.",
            "피고인이 입원환자 수를 최대한 늘리기 위해 진단을 위한 검사를 아예 시행하지 않거나 시행한 결과 정상으로 나타나거나 검사결과가 판독되지 않은 경우라도 만연히 환자의 증상호소에 따라 병명을 진단하고 입원기간을 나누어 요양급여를 신청한 탓에 요양급여 청구시 심사평가원에 제출된 병명, 입원기간과 보험사에 제출된 진단서에 기재된 병명, 입원기간 등이 다른 경우가 종종 발견된다.",
            "상대방인 각 보험회사, 편취방법으로써의 가입한 보험상품의 종류, 입원필요성 유무 등을 모두 특정하고 있고 핵심내용인 입원필요성에 대해서도 증거기록에 첨부된 진료기록부나 수사보고서 등을 통해 어렵지 않게 구체적인 판단근거를 파악할 수 있으므로 피고인이 방어권을 행사하는데 아무런 장애가 없다고 보인다.따라서 위 주장은 이유 없다.",
            "이 사건 원심 범죄사실 1, 2항과 관련하여 입원필요성을 판단한 주체 역시 전문의사들로 구성된 위 조정위원회이다(2006.6.13.자 수사보고서, 수사기록 9381쪽).따라서 설령 위 의료분석결과가 손해보험협회의 의뢰를 받은 사설기관에서 분석한 내용이라 하더라도 최종 판단주체가 의사들로 구성된 위 조정위원회이고, 또한 심의결과도 앞서 살펴본 여러 사정에 의할 때 신빙성이 있으므로 피고인의 위 주장은 이유 없다.",
            "피고인이 환자들의 건강상태에 맞게 적정한 진료행위를 하지 않고 입원의 필요성이 적은 환자들에게까지 입원을 권유하고 퇴원을 만류하는 방식으로 국민보험관리공단에 과도한 요양급여비를 청구하고, 환자들에게 입원확인서를 발급해 주어 보험금 편취행위를 방조한 행위는, 피고인의 사회적 지위와 전문 의료인에 대한 환자 및 일반인의 신뢰, 이 사건 범행의 경위와 태양, 결과 등에 비춰 사회통념상 권리행사의 수단으로서 용인할 수 없는 경우에 해당한다 할 것이다.",
            "따라서 피고인의 요양급여청구에 비록 일부 정당한 권리행사가 포함되어 있다 하더라도 위 권리행사에 속하는 행위 역시 사기죄를 구성한다 할 것이다.그러므로 피고인의 위 주장은 모두 이유 없다.",
            "피고인이 개별 구체적으로 별지 3항 범죄일람표 기재 허위청구내역을 인식하고 있지는 않았더라도 포괄적으로 자동차보험 환자들에 대한 진료비가 부풀려지거나 허위로 청구되어도 좋다는 미필적 고의를 가지고 있었다고 판단되고, 그 허위청구나 과장청구가 단지 직원들의 업무상의 착오에 기인하였다고 보기는 어렵다."
        ]
    },
    "close": {
        "cnclsns": [
            "원심판결을 파기한다.",
            "피고인을 징역 1년에 처한다.",
            "원심 판결 선고 전의 구금일수 33일을 위 형에 산입한다.",
            "다만, 이 판결 확정일로부터 2년간 위 형의 집행을 유예한다.",
            "피고인에 대하여 80시간의 사회봉사를 명한다."
        ]
    }
}