{
    "info": {
        "caseField": "2",
        "detailField": "6",
        "trailField": "2",
        "caseNm": "절도",
        "courtNm": "서울지방법원",
        "judmnAdjuDe": "2006. 06. 08.",
        "caseNo": "2006노543",
        "relateLaword": [
            " 형사소송법 제364조"
        ],
        "qotatPrcdnt": []
    },
    "concerned": {
        "acusr": "1",
        "dedat": "4"
    },
    "org": {
        "orgJdgmnCourtNm": "대구지방법원 영덕지원",
        "orgJdgmnAdjuDe": "2006. 2. 8",
        "orgJdgmnCaseNo": "2005고단180, 2005고단181(병합) "
    },
    "disposal": {
        "disposalform": "10",
        "disposalcontent": [
            "피고인들의 항소를 모두 기각한다."
        ]
    },
    "mentionedItems": {
        "rqestObjet": [
            "이 사건 공소사실을 유죄로 인정한 원심판결에는 사실을 오인하거나 절도죄에 대한 법리를 오해하여 판결결과에 영향을 미친 위법이 있다."
        ]
    },
    "assrs": {
        "acusrAssrs": [],
        "dedatAssrs": []
    },
    "facts": {
        "bsisFacts": [
            "공소외 3은 2002.2.5.000(당시 대표이사 공소외 5, 이하 000 이라 한다)으로부터 제38대운호와 위 선박의 조업에 사용되던 홍게통발어구(이하 '이 사건 어구'라 한다)20틀을 6억 원에 매수하면서, 그 매수대금의 지급방법으로 현금 1억 1,000만 원을 지급하고, 000의 000(이하 'OOO'이라 한다)에 대한 대출금채무 9,000만 원 상당과 이에 대한 근저당채무를 인수하기로 하였다.",
            "나머지 4억 원은 000에 대한 전도금채무로 인정하여 이를 담보하기 위하여 위 선박에 차순위 근저당권을 설정하기로 약정하였다.",
            "공소외 3은 2002.3.9.공소외 6의 명의로 위 선박에 관한 소유권이전등기를 경료하고, 000에 대하여 위 대출금채무를담보하기 위하여 근저당권을 새로이 설정하는 한편, 위 전도금채무의 지급을 담보하기 위하여 세웅수산에 대하여 위 선박에 관한 근저당권(채권최고액 4억 원)을 설정하여 주고, 같은 해 4.11.이 사건 어구 20틀에 관하여 피보전채권을 1억 원으로 하는양도담보부채무변제계약공정증서를 작성하였다.",
            "한편 공소외 3은 위 계약의 체결 이후 조새(어구 수색)를 한 결과 어구 1틀이 부족한 사실을 발견하여, 000에 위와 같은사실을 통보하고, 000으로부터 위 부족한 어구 1틀의 가액 상당인 500만 원을 돌려받았다.",
            "공소외 2는 2002.7.20.공소외 3으로부터 친오빠인 공소외 7의 명의로 제38대운호 및 이 사건 어구 19틀을 매수하면서, 그 매수대금의 지급방법으로 현금 1억 4,500만 원을 지급하고, 공소외 3이 000으로부터 인수하였던 000에 대한 대출금채무 9,000만 원 상당과 이에 대한 근저당채무를 재인수하기로 하였다.",
            "더불어, 나머지 4억 원은 공소외 3이 000에 대하여 부담하고 있던 전도금채무 3억 9,500만 원을 인수하는 것으로 갈음하기로 하였다.",
            "공소외 2는 2002.8.22.000과 사이에 공소외 7의 명의로 제38대운호에 관한 홍게납품계약을 체결하였는데, 위 계약제8조에서 전도금은 3억 9,500만 원으로 하며 그 전도금 반환을 담보하기 위하여 공소외 7은 000에게 2순위로 위 선박에 관한 근저당권을 설정하여야 하며 어구에 관하여 양도담보부채무변제계약공정증서를 작성하여야 한다는 취지의 약정을 하였고, 공소외 2 자신은 공소외 7의 연대보증인으로 서명날인하였다.",
            "한편 공소외 3은 공소외 2에게 이 사건 어구에 관하여 전도금채무 1억 원에 대한 양도담보부채무변제계약공정증서를 작성되어 있다는 점을 알려주었다.",
            "한편 000은 공소외 3이 공소외 2에게 위 선박 및 어구를 매도하면서 000에 대한 전도금채무 및 그 담보채무 등을 인수시키는 데 대하여 승낙의 의사표시를 하였다.",
            "공소외 2는 2002.8.2.공소외 7의 명의로 위 선박에 대한 소유권이전등기를 경료하였다가, 다시 같은 해 9.27.자신의 명의로 소유권이전등기를 경료하였으며, 2002.11.28.및 2003.10.27.000 및 000의 각 근저당권에 관한 채무자명의를 자신의 명의로 변경하였다.",
            "그러나 000과 사이에 이 사건 어구에 대하여 별도로 양도담보부채무변제계약공정증서를 작성하지는 않았다.",
            "공소외 2는 2002.9.초순경 000에 대하여 위와 같이 제38대운호 및 이 사건 어구에 대한 매매계약을 체결한 후 당시 위 선박의 선장이던 공소외 8로 하여금 조사를 하게 한 결과 이 사건 어구 13틀만을 찾았다는 취지의 이야기를 하였으나, 이후공소외 3 또는 000에 대하여 최종적으로 나머지 어구 6틀이 유실되었다고 주장하거나 위 유실된 어구에 대한 매매대금을 반환하여 달라는 등의 요청을 한 사실은 없다.",
            "한편 공소외 2는 2002.2.8.000으로부터 제7범양호 및 위 선박의 조업에 사용되던 어구 20틀을 공소외 9 명의로 매수하였는데, 위 어구에 관하여는 2002.4.11.전도금채무를 담보하기 위하여 피보전채권을 1억 원으로 하는 양도담보부채무변제계약공정증서를 작성하였다.",
            "공소외 2는 2003.9.23.경까지 제38대운호를 운영하다가 조업을 중단하고 출항하지 아니하였는데, 공소외 2가 공소외 3으로부터 인수한 000에 대한 대출금채무를 제대로 상환하지 아니하자, 000은 2003.12.1.대구지방법원 영덕지원에제38대운호에 관한 선박임의경매신청(2003타경5823호)을 하였고, 제7범양호의 선장으로 근무하던 공소외 1이 2004.1.31.공소외 10의 명의로 위 선박을 낙찰받았다.",
            "한편 위 경매절차에서 000은 170,000,000원을, 세웅수산은 323,802,854원을 각 배당받았다.",
            "그 후 피고인들은 2004.3.19.공소외 2에게 '양도담보물정산서'를 내용증명우편으로 발송한 다음, 그 무렵 공소외 1에게이 사건 어구 20틀을 매도하였는데, 당시까지도 위 어구에 대한 000의 양도담보권의 피담보채무는 전액 변제되지 아니한 상태였다.",
            "공소외 1은 그 후 000으로부터 매수한 어구 중 11틀만을 찾아 이를 점유하면서 그 조업에 사용하고 있다."
        ]
    },
    "dcss": {
        "courtDcss": [
            "공소외 2는 000의 승낙하에 공소외 3으로부터 제38대운호 및 이 사건 어구 19틀을 매수함과 동시에 공소외 3의 000에 대한 전도금채무와 위 전도금채무의 지급담보를 위한 근저당채무 및 양도담보채무를 인수함으로써 이 사건 어구 19틀에 대한 양도담보권의 부담이 있는 소유권을 취득하였다고 봄이 상당하다.",
            "한편 위에서 본 바와 같이 공소외 2는 이 사건 어구 19틀을 매수할 당시 공소외 3으로부터 이에 관하여 전도금채무 중 1억 원에 대한 양도담보부채무변제계약공정증서를 작성되어 있다는 점을 전해 들었고, 자신도 이미 000으로부터 직접 제7범양호 및 그 선박의 조업에 사용되던 어구를 매수하면서 그 어구에 관하여 전도금채무를 담보하기 위한 양도담보부채무변제계약공정증서를 작성한 적이 있다.",
            "000과 사이에 제38대운호에 관한 홍게납품계약을 체결할 당시 어구에 관하여 양도담보부채무변제계약공정증서를 작성하여야 한다는 취지의 약정까지 한 이상, 이 사건 어구 19틀이 000에게 양도담보계약에 따라 양도된 것이라는 점을 알았다고 할 것이므로, 공소외 2가 위 어구 19틀에 대한 소유권을 선의취득할 수도 없다.",
            "따라서 000은 공소외 2에 대하여도 이 사건 어구 19틀에 관한 양도담보권을 보유한다고 할 것이다.",
            "그런데 비록 피고인들이 양도담보권자인 000의 상무이사 또는 총무부장이라고 하더라도, 그 담보권 실행을 위하여 소정의 법정절차에 따라 환가처분 및 정산절차를 거치지 아니한 채 양도담보권을 실행한다는 명목하에 제3자인 공소외 1에게 이 사건 어구를 임의매각하여 이를 취거하게 함으로써 위 어구의 소유자이자 점유자인 공소외 2의 명시적 또는 묵시적 동의 없이 그 의사에 반하여 그 점유를 배제하는 행위를 하였다면 이로써 절도죄가 성립한다고 할 것이다.",
            "또한, 위와 같은 취거행위가 양도담보권의 실행의 의사로 이루어졌다는 점만으로 절취의 범의나 불법영득의사가 없었다고 할 수는 없다.",
            "나아가 위 취거행위 당시의 상황이 법정절차에 의한 권리의 보전이 불가능한 긴급한 상황이라고 볼 아무런 자료가 없으므로, 위 취거행위가 자구행위 또는 정당행위에 해당하여 그 위법성이 조각된다고 보기도 어렵다.",
            "한편 공소외 2가 제38대운호를 운영하면서 공소외 4로부터 별도로 매수한 6틀이 공소외 1이 피고인들로부터 매수한 이 사건어구 20틀 중에서 위와 같이 취거한 11틀에 포함되어 있는지 여부는 피고인들의 위 절도죄의 성립에는 아무런 영향을 미칠 수가없다.",
            "공소외 2의 주장대로 위와 같이 별도로 매수한 6틀이 포함되어 있다면 그것은 양도담보권의 대상이 되지 않고 공소외2가 완전한 소유권을 가진다고 할 것이므로 위 취거행위는 당연히 절도죄에 해당할 것이고, 반대로 위 6틀이 포함되지 않았다하더라도 앞서 본 바와 같이 법정절차에 따르지 아니한 채 소유자이자 점유자인 공소외 2의 의사에 반하여 취거행위를 한 이상 역시 절도죄가 성립하기 때문이다.",
            "따라서 이 부분에 대한 피고인들의 주장도 받아들일 수가 없다."
        ]
    },
    "close": {
        "cnclsns": [
            "피고인들의 항소를 모두 기각한다."
        ]
    }
}