{
    "info": {
        "caseField": "2",
        "detailField": "6",
        "trailField": "2",
        "caseNm": "특정범죄가중처벌등에관한법률위반(절도)",
        "courtNm": "부산고등법원",
        "judmnAdjuDe": "2006. 09. 20.",
        "caseNo": "2006노371",
        "relateLaword": [],
        "qotatPrcdnt": []
    },
    "concerned": {
        "acusr": "1",
        "dedat": "1"
    },
    "org": {
        "orgJdgmnCourtNm": " 부산지방법원",
        "orgJdgmnAdjuDe": " 2006. 6. 23. ",
        "orgJdgmnCaseNo": "2006고합174 "
    },
    "disposal": {
        "disposalform": "10",
        "disposalcontent": [
            "피고인의 항소를 기각한다.",
            "이 판결 선고 전의 당심구금일수 89일을 원심판결의 형에 산입한다."
        ]
    },
    "mentionedItems": {
        "rqestObjet": [
            "원심이 피고인에게 선고한 형(징역 3년)은 너무 무거워서 부당하다."
        ]
    },
    "assrs": {
        "acusrAssrs": [],
        "dedatAssrs": [
            "피고인에게 선고한 형(징역 3년)은 너무 무거워서 부당하다는 데에 있다."
        ]
    },
    "facts": {
        "bsisFacts": [
            "피고인은 2004.4.12.특정범죄가중처벌 등에 관한 법률 위반(절도)죄로 징역 1년 6월을 선고받고 2005.7.31.출소한것을 비롯하여 야간주거침입절도, 절도, 특정범죄가중처벌 등에 관한 법률 위반(절도)등으로 실형을 복역한 전력만도 10여회에 이른다.",
            "최종형의 집행을 종료한 후 채 1년이 지나지 않아 다시 이 사건 각 범행을 저질렀으며, 그 절도 범행 횟수도 5번이나된다.",
            "피고인이 저지른 특정범죄가중처벌 등에 관한 법률 위반(절도)죄는 무기 또는 6년 이상의 징역형에 처하도록 되어 있어 원심이 그 판시와 같이 유기징역형을 선택한 다음 작량감경을 하여 처단형의 최하한인 징역 3년을 선고하였다."
        ]
    },
    "dcss": {
        "courtDcss": [
            "그밖에 피고인의 연령, 성행, 지능과 환경, 가족관계, 이 사건 각 범행의 동기와 경위, 그 수단과 결과, 범행 후의 정황 등 양형의 조건이되는 여러 사정을 참작할 때, 비록 피고인이 범행 후 깊이 반성하고 있는 점 등을 감안하더라도, 원심이 피고인에게 선고한 형은 적정하고 너무 무거워서 부당하다고 인정되지는 아니한다."
        ]
    },
    "close": {
        "cnclsns": [
            "피고인의 항소는 이유 없으므로 이를 기각하고, 이 판결 선고 전의 당심구금일수 89일을 원심판결의 형에 산입한다."
        ]
    }
}