{
    "info": {
        "caseField": "2",
        "detailField": "6",
        "trailField": "2",
        "caseNm": "사기미수,사문서부정행사",
        "courtNm": "서울중앙지방법원",
        "judmnAdjuDe": "2007. 01. 10.",
        "caseNo": "2006노2491",
        "relateLaword": [
            "형법 제37조",
            "형사소송법 제364조"
        ],
        "qotatPrcdnt": []
    },
    "concerned": {
        "acusr": "4",
        "dedat": "1"
    },
    "org": {
        "orgJdgmnCourtNm": "서울중앙지방법원",
        "orgJdgmnAdjuDe": "2006. 8. 30. ",
        "orgJdgmnCaseNo": "2006고단3474 "
    },
    "disposal": {
        "disposalform": "10",
        "disposalcontent": [
            "원심판결을 파기한다.",
            "피고인을 징역 8월에 처한다",
            "원심판결 선고 전의 구금일수 47일을 위 형에 산입한다"
        ]
    },
    "mentionedItems": {
        "rqestObjet": [
            "원심은 피고인에 대하여 그 판시의 소송사기미수 및 사문서부정행사죄를 각 유죄로 인정하고 말았으니, 원심판결에는 사실을 오인하거나 법리를 오해하여 판결에 영향을 미친 위법이 있다.",
            "이 사건 공소사실이 모두 유죄로 인정된다 하더라도 이 사건 범행의 경위 등 제반정황에 비추어 볼 때 원심이 피고인에 대하여선고한 징역 8월의 형량은 너무 무거워 부당하다."
        ]
    },
    "assrs": {
        "acusrAssrs": [],
        "dedatAssrs": [
            "피고인은 거래하던 은행에서 융자받았던 돈과 공무원으로 퇴직한 전처 공소외 5의 퇴직금을 빌린 돈 등을 모아 현금으로 보관해 오다가, 피해자 공소외 1에게 2003.3.10.1,000만 원, 같은 해 4.21.2,000만 원 및 같은 해 12.18.1,500만 원, 합계4,500만 원을 대여하였다.",
            "공소외 1, 2로부터 이자를 포함해 5,000만 원을 차용한 것으로 기재되고 차용인 공소외 1, 연대보증인 공소외 2로 된 이 사건 차용증 및 지불각서를 작성받았고, 공소외 1 등이 위 차용금의 반환을 거절하자 위 차용증 및지불각서를 첨부하여 이 사건 소송을 제기한 것이다.",
            "원심은 피고인에 대하여 그 판시의 소송사기미수 및 사문서부정행사죄를 각 유죄로 인정하고 말았으니, 원심판결에는 사실을 오인하거나 법리를 오해하여 판결에 영향을 미친 위법이 있다.",
            "가사 이 사건 공소사실이 모두 유죄로 인정된다 하더라도 이 사건 범행의 경위 등 제반정황에 비추어 볼 때 원심이 피고인에 대하여선고한 징역 8월의 형량은 너무 무거워 부당하다."
        ]
    },
    "facts": {
        "bsisFacts": [
            "원심이 적법하게 조사하여 채택한 증거들 및 당심증인 공소외 1, 2, 6, 4의 각 법정진술에 의하면, 공소외 4가 2003.4.18.공소외 1에 대하여 가지고 있던 대여금채권을 근거로 신청한 채무자 공소외 1에 대한 (사건번호 생략)호 파산선고사건, 그 항고심인 (사건번호 생략)호 파산선고사건에 관하여 피고인이 파산선고 및 그 확정을 막고자하였다.",
            "공소외 4가 2003.4.18.공소외 1에 대하여 가지고 있던 대여금채권을 근거로 신청한 채무자 공소외 1에 대한 (사건번호 생략)호 파산 선고사건, 그 항고심인 (사건번호 생략)호 파산선고사건에 관하여 피고인이 파산선고 및 그 확정을 막고자 공소외 1을 위하여 공소외 4와의 합의를 주선하였던 사실이 인정된다.",
            "위 항고사건이 계속 중이던 2004.2.16.경 공소외 1에 대한 파산선고의 확정을 피할 수 없게 되자, 피고인이 피해자 공소외 1, 2에게 위 파산선고의 확정에 따른 재산집행절차 등의 불이익을 피하기 위하여 편의상 채권채무가 있는 것처럼 해두자고 제안하여 차용금 5,000만 원, 차용인 공소외 1, 연대보증인 공소외 2로 된 이 사건 차용증 및 지불각서를 작성한 사실이 인정된다.",
            "그 후 피고인이 위와 같이 작성된 차용증 및 지불각서를 당초의 그 작성 목적과는 달리 피해자들로부터 금원을 편취하는데 이용하기 위해 소장에 첨부하여 행사하는 방법으로 2005.9.9.위 피해자들을 상대로 이 법원에 대여금청구소송을 제기하였으나 피해자들이 적극적으로 응소하여 다투는 바람에 그 뜻을 이루지 못한 사실이 인정된다."
        ]
    },
    "dcss": {
        "courtDcss": [
            "당심에 이르러 검사는 적법한 절차를 거쳐 이 사건 공소 사실의 7행 중 \"재산명시사건(서울중앙지방법원 (사건번호 생략))\"을 \"파산선고사건(서울중앙지방법원 (각 사건번호 생략))\"로 변경하는 것으로 공소장변경 신청을 하고 당원이 이를 허가하여 이 부분에 대한 심판의 대상이 달라졌으니, 이 부분과 형법 제37조 전단의 실체적 경합범에 해당하는 다른 범죄사실을 모두 유죄로인정하여 하나의 형을 선고한 원심판결은 그대로 유지될 수 없게 되었다.",
            "다만 피고인의 항소이유 중 사실오인 및 법리오해의 주장은 위와 같이 변경된 공소사실의 범위 내에서 여전히 당원의 판단대상이 된다고 할 것이므로 아래에서 이에 관하여 살펴보기로 한다.",
            "위 인정사실에 의하면, 피고인에 대하여 이 사건 소송사기미수 및 사문서부정행사죄의 범행을 유죄로 인정하기에 충분하다.",
            "위 각 증거들을 이 사건 기록에 비추어 살펴보면, 위 현금보관증사본과 약정서 및 합의서 등은 이 사건 차용증 및 지불각서와 더불어 피고인이 직접 작성한 4차례의 진술서(수사기록 92, 93, 179, 180쪽)와 비교하여 볼 때, 특수문자가 공통적으로 사용되거나 따옴표, 마침표, 쉼표의 사용방식이 특이하고 문법에 어긋나는 부분이 많은 등 피고인이 모두 직접 작성한 것으로 보인다.",
            "위 현금보관증사본의 경우 육안으로 보기에도 그 인영이 공소외 1의 인감과는 현격히 차이가 나는 점 등에 비추어 볼 때, 피고인이 제출한 위 서류들이 사실에 부합하는 문서라고 보이지는 아니하고, 이 사건은 피고인이 공소외 5로부터 1억 2,000만 원을 차용한 때로부터 약 4년이 경과하여 발생하였고, 그 사이 피고인은 2002.12.24.까지 자격모용사문서작성·무고죄 등으로 징역 1년의 형 집행을 살기도 하였다.",
            "피고인이 공소외 5로부터 임의로 가져간 위 2,000만 원이 공소외 1에게 대여되었다고 선뜻 믿기도 어렵다.",
            "나아가 피해자 공소외 1은 공소외 4와의 위 파산선고사건의 합의금으로 사용하기 위하여 2003.12.16.자신의 통장(농협 계좌번호 생략)에서 1,200만 원을 인출하여 이에 100만 원을 더한 1,300만 원을 피고인에게 전달하였다가 2003.12.19.위 금원을 다시 돌려받아 다른 통장(000 (계좌번호 생략))에 입금한 사실(수사기록 28, 30쪽 참조)이 인정된다.",
            "피고인의 위 주장을 받아들이지 않는다.",
            "그렇다면 같은 취지로 피고인에 대하여 이 사건 사기미수 및 사문서부정행사죄를 유죄로 인정한 원심판결에는 어떠한 사실오인이나 법리오해의 위법이 없다고 할 것이므로, 피고인의 위 주장은 이유 없다."
        ]
    },
    "close": {
        "cnclsns": [
            "원심판결을 파기한다.",
            "피고인을 징역 8월에 처한다.",
            "원심판결 선고 전의 구금일수 47일을 위 형에 산입한다."
        ]
    }
}