{
    "info": {
        "caseField": "2",
        "detailField": "6",
        "trailField": "2",
        "caseNm": "사기",
        "courtNm": "창원지방법원",
        "judmnAdjuDe": "2006. 10. 19.",
        "caseNo": "2006노867",
        "relateLaword": [
            "형사소송법 제364조"
        ],
        "qotatPrcdnt": []
    },
    "concerned": {
        "acusr": "1",
        "dedat": "4"
    },
    "org": {
        "orgJdgmnCourtNm": "창원지방법원 진주지원",
        "orgJdgmnAdjuDe": "2006.5.10",
        "orgJdgmnCaseNo": "2006고단285"
    },
    "disposal": {
        "disposalform": "10",
        "disposalcontent": [
            "각 범행의 동기와 경위, 수단과결과, 범행 후의 정황 등 양형의 조건을 모두 참작하면 원심판결에 형의 양정이 부당하다고 인정할 사유가 있다고 인정할 수 없으므로  항소를 기각한다."
        ]
    },
    "mentionedItems": {
        "rqestObjet": [
            "고인은 피해자로부터 대출을 받을 당시 그 대출금을 변제할 의사와 능력이 있었으므로 피고인에게는 편취 범의가 없었는데도 그 판시 범죄사실을 인정하고 피고인에게 징역 5월, 집행유예 2년을 선고한 원심판결에는 판결에 영향을 미친 사실의 오인이 있다."
        ]
    },
    "assrs": {
        "acusrAssrs": [],
        "dedatAssrs": [
            "피고인은 피해자로부터 대출을 받을 당시 그 대출금을 변제할 의사와 능력이 있었으므로 피고인에게는 편취 범의가 없었는데도 그 판시 범죄사실을 인정하고 피고인에게 징역 5월, 집행유예 2년을 선고한 원심판결에는 판결에 영향을 미친 사실의 오인이 있다.",
            "형의 양정이 부당하다고 인정할 사유도 있다."
        ]
    },
    "facts": {
        "bsisFacts": [
            "피고인은 피해자에게 실제와 다르게 임야 매수금액을 부풀려 고지하여 이에 속은 피해자로부터 그 매수금액 상당의 임야 구입자금을 대출받은 사실이 인정된다.",
            "그렇다면 피고인에게 그 대출금을 변제할 의사와 능력이 있었는지 여부를 불문하고 피고인은 임야 구입자금의 대출과정에서 있어 중요한 임야 매수금액에 관하여 피해자를 착오에 빠뜨려 원심판결 범죄사실 기재 죄를 범한 사실이 인정된다."
        ]
    },
    "dcss": {
        "courtDcss": [
            "피고인의 연령, 성행, 지능과 환경, 이 사건 각 범행의 동기와 경위, 수단과결과, 범행 후의 정황 등 양형의 조건을 모두 참작하면 원심판결에 형의 양정이 부당하다고 인정할 사유가 있다고 인정할 수 없으므로 형사소송법 제364조 제4항에 따라 주문과 같이 판결한다."
        ]
    },
    "close": {
        "cnclsns": [
            "항소를 기각한다."
        ]
    }
}