{
    "info": {
        "caseField": "2",
        "detailField": "6",
        "trailField": "2",
        "caseNm": "성폭력범죄의처벌및피해자보호등에관한법률위반(강간등치상),성폭력범죄의처벌및피해자보호등에관한법률위반(카메라등이용촬영),총포,도검,화약류등단속법위반",
        "courtNm": "광주고등법원",
        "judmnAdjuDe": "2007. 11. 09.",
        "caseNo": "2007노162",
        "relateLaword": [
            "성폭력범죄의 처벌 및피해자보호 등에 관한 법률 제9조",
            "성폭력범죄의 처벌 및피해자보호 등에 관한 법률 제6조",
            "형법 제297조",
            "성폭력범죄의 처벌 및 피해자보호 등에 관한 법률 제12조",
            "형법 제25조 제2항",
            "형법 제55조",
            "성폭력범죄의 처벌 및 피해자보호 등에 관한 법률 제5조",
            "성폭력범죄의 처벌 및 피해자보호 등에 관한 법률 제6조",
            "성폭력범죄의 처벌 및 피해자보호 등에 관한 법률 제12조"
        ],
        "qotatPrcdnt": []
    },
    "concerned": {
        "acusr": "4",
        "dedat": "1"
    },
    "org": {
        "orgJdgmnCourtNm": "전주지방법원 군산지원",
        "orgJdgmnAdjuDe": "2007. 9. 21. ",
        "orgJdgmnCaseNo": "2007고합72"
    },
    "disposal": {
        "disposalform": "10",
        "disposalcontent": [
            "원심 판결을 파기한다.",
            "피고인을 징역 3년 6월에 처한다.",
            "원심 판결 선고 전의 구금일수 109일을 위 형에 산입한다.",
            "압수된 전자충격기 1대(전주지방검찰청 군산지청 2007년 압 제396호의 제1호), 디지털카메라 1대(같은 제2호)를 피고인으로부터 각 몰수한다.",
            "압수된 컴퓨터 본체 1대(같은 제3호) 중 피해자 공소외인의 나체사진이 수록된 파일부분을 폐기한다."
        ]
    },
    "mentionedItems": {
        "rqestObjet": [
            "원심이 피고인에 대하여 정한 형은 너무 가벼워서 부당하다."
        ]
    },
    "assrs": {
        "acusrAssrs": [
            "원심이 피고인에 대하여 정한 형은 너무 가벼워서 부당하다."
        ],
        "dedatAssrs": []
    },
    "facts": {
        "bsisFacts": [
            "위 공소사실의 내용은 피고인이 위험한 물건인 전자충격기를 사용하여 피해자를 협박한 후 강간하려다 미수에 그치고, 피해자의 안면 등을 주먹으로 폭행하여 약 2주간의 상해를 입혔다는 것이다."
        ]
    },
    "dcss": {
        "courtDcss": [
            "검사의 양형부당 주장에 관하여 살펴보기에 앞서 직권으로 살펴본다.",
            "원심 판결은 공소제기된 피고인에 대한 성폭력 범죄의 처벌 및 피해자 보호 등에 관한 법률 위반(강간등치상)의 점(성폭력 범죄의 처벌 및 피해자보호 등에 관한 법률 제9조 제1항, 제6조 제1항, 형법 제297조)에 관하여 위 부분 공소사실이 미수에 해당한다는 이유로 성폭력 범죄의 처벌 및 피해자보호 등에 관한 법률 제12조, 제9조 제1항, 제6조 제1항, 형법 제297조를 적용하였다.",
            "그런 다음, 후, 미수감경(형법 제25조 제2항, 제55조 제1항 제3호)을 하였다.",
            "그러나, 성폭력 범죄의 처벌 및 피해자보호 등에 관한 법률 제9조 제1항의 규정은 \"제5조 제1항, 제6조 또는 제12조(제5조 제1항 또는 제6조의 미수범에 한한다)의 죄를 범한 자가 사람을 상해하거나 상해에 이르게 한 때에는 무기 또는 7년 이상의 징역에 처한다\" 고 규정하고 있다.",
            "위 공소사실의 내용은 '피고인이 위험한 물건인 전자충격기를 사용하여 피해자를 협박한 후 강간하려다 미수에 그치고, 피해자의 안면 등을 주먹으로 폭행하여 약 2주간의 상해를 입혔다' 는 것이므로, 위 공소사실은 결국 '성폭력 범죄의 처벌 및 피해자보호 등에 관한 법률 제12조의 미수범 중 같은 법 제6조의 미수범이 사람을 상해한 경우에 해당한다.",
            "성폭력 범죄의 처벌 및 피해자보호 등에 관한 법률 제9조 제1항을 적용할 수 있을 뿐, 같은 법 제12조를 적용할 수는 없다고 할 것(성폭력 범죄의 처벌 및 피해자보호 등에 관한 법률 제12조는 같은 법 제9조의 미수범을 처벌하는 것으로 규정하고 있다.",
            "이 경우의 미수범은 상해가 미수에 그친 경우를 의미하는 것으로 해석하여야 할 것이다)인바, 원심판결은 위 공소사실에관한 법률의 적용을 잘못한 위법이 있다고 할 것이어서 결코 파기를 면할 수"
        ]
    },
    "close": {
        "cnclsns": [
            "원심 판결을 파기한다.",
            "피고인을 징역 3년 6월에 처한다.",
            "원심 판결 선고 전의 구금일수 109일을 위 형에 산입한다.",
            "압수된 전자충격기 1대(전주지방검찰청 군산지청 2007년 압 제396호의 제1호), 디지털카메라 1대(같은 제2호)를 피고인으로부터 각 몰수하고, 압수된 컴퓨터 본체 1대(같은 제3호)중 피해자 공소외인의 나체사진이 수록된 파일부분을 폐기한다."
        ]
    }
}