{
    "info": {
        "caseField": "2",
        "detailField": "6",
        "trailField": "2",
        "caseNm": "사기,횡령,부동산실권리자명의등기에관한법률위반,부동산등기특별조치법위반",
        "courtNm": "광주지방법원",
        "judmnAdjuDe": "2007. 08. 22.",
        "caseNo": "2007노313",
        "relateLaword": [
            "부동산등기특별조치법 제2조",
            "농지법 제8조",
            "형사소송법 제364조",
            "부동산등기특별조치법 제8조"
        ],
        "qotatPrcdnt": []
    },
    "concerned": {
        "acusr": "4",
        "dedat": "1"
    },
    "org": {
        "orgJdgmnCourtNm": "광주지방법원 목포지원",
        "orgJdgmnAdjuDe": "2007. 1. 19",
        "orgJdgmnCaseNo": "2006고단161, 2006고단427(병합), 2006고단633(병합)"
    },
    "disposal": {
        "disposalform": "10",
        "disposalcontent": [
            "원심판결 중 피고인 2에 대한 부분을 파기한다.",
            "피고인 2를 징역 6월에 처한다.",
            "원심 판결 선고전의 구금일수 1일을 위 형에 산입한다.",
            "이 판결 확정일로부터 1년간 위 형의 집행을 유예한다.",
            "피고인 1의 항소를 기각한다."
        ]
    },
    "mentionedItems": {
        "rqestObjet": [
            "피고인 2가  피고인 1에게 0000  (지번 1 생략),  (지번 2 생략),  (지번 3 생략) 소재 간척지 논 15필지 174,299.9㎡(이하,  이 사건 부동산 이라 한다)를 매도한 사실은 있으나  피고인 1과 공모하여  공소외 3에게 전매한 사실은 없다.",
            "피고인 2가 자신의 모 명의로 이 사건 부동산을 취득하기 위해 매수하였을 뿐 부동산등기특별조치법 제8조 제1호에서 규정하는  조세부과 회피 내지 서로 다른 시점간의 가격변동에 따른 이익 취득의 목적 이 없음에도 불구하고, 원심은사실을 오인하여  피고인 2가 그 판시와 같이 위와 같은 목적을 갖고  피고인 1과 공모하여 이 사건 범행을 저질렀다고 잘못 인정함으로써 판결에 영향을 미친 위법을 범하였다.",
            "피고인 2에 대한 이 사건 공소사실을 유죄로 인정할 수 없음에도 불구하고, 원심은 부동산등기특별조치법에 관한 법리를 오해하여 위 공소사실을 유죄로 인정함으로써 판결에 영향을 미친 위법을 범하였다.",
            "원심이 피고인들에 대하여 선고한 형( 피고인 1 : 징역 1년 6월에 집행유예 2년, 보호관찰, 사회봉사명령 160시간,  피고인 2 : 징역 8월에 집행유예 2년)은 너무 무거워서 부당하다."
        ]
    },
    "assrs": {
        "acusrAssrs": [],
        "dedatAssrs": [
            "피고인 2가 피고인 1에게 0000 (지번 1 생략), (지번 2 생략), (지번 3 생략)소재 간척지 논 15필지174,299.9㎡(이하, '이 사건 부동산'이라 한다)를 매도한 사실은 있으나 피고인 1과 공모하여 공소외 3에게 전매한 사실은없다.",
            "피고인 2가 자신의 모 명의로 이 사건 부동산을 취득하기 위해 매수하였을 뿐 부동산등기특별조치법 제8조 제1호에서 규정하는 '조세부과 회피 내지 서로 다른 시점간의 가격변동에 따른 이익 취득의 목적'이 없음에도 불구하고, 원심은사실을 오인하여 피고인 2가 그 판시와 같이 위와 같은 목적을 갖고 피고인 1과 공모하여 이 사건 범행을 저질렀다고 잘못 인정함으로써 판결에 영향을 미친 위법을 범하였다.",
            "아래의 사유들에 비춰보면 피고인 2에 대한 이 사건 공소사실을 유죄로 인정할 수 없음에도 불구하고, 원심은 부동산등기특별조치법에 관한 법리를 오해하여 위 공소사실을 유죄로 인정함으로써 판결에 영향을 미친 위법을 범하였다.",
            "원심이 피고인들에 대하여 선고한 형(피고인 1 : 징역 1년 6월에 집행유예 2년, 보호관찰, 사회봉사명령 160시간, 피고인 2 : 징역 8월에 집행유예 2년)은 너무 무거워서 부당하다.",
            "피고인들은 0000 일대의 부동산을 매수한 후 이를 미등기전매하여 위 전매에 따른 차익을 나누기로 한 후, 피고인 1의 중개에 따라 피고인 2가 공소외 2로부터 이 사건 부동산을 매수하였다.",
            "이 사건 계약의 계약금과 1차 중도금만 지급된 상태에서 나머지 대금은 위 부동산을 타에 전매하여 지급키로 하였으나 위 부동산에 대한 매수인을 쉽게 찾지 못하자 피고인 2가 피고인 1에게 이 사건 부동산의 매도권한을 위임하였으며, 피고인 2는 위임장 대신 평당 28,000원을 하한, 평당 29,000원을 상한으로 한 매매계약서 2매를 작성하여 주었다.",
            "피고인 1은 2004.8.말경 내지 같은 해 9.초경 공소외 3에게 이 사건 부동산을 매매대금 585,000,000원에 매도하였으며 위 계약 당일 6천만 원을 수령하여 피고인 2에게 건네주었다.",
            "피고인 1은 공소외 3으로부터 나머지 매매대금을 모두 지급받아 공소외 2에게 이 사건 계약에 따른 중도금 및 잔금을 지급한 후 공소외 2로부터 소유권이전등기에 필요한 서류를 교부받아 2004.9.20.경 공소외 3에게 소유권이전등기를 경료하여 주었다.",
            "이 과정에서 이 사건 부동산의 전매에 따른 이득 분배 문제로 피고인들간에 다툼이 생겼으며, 이후 피고인 000이 자신 등을 고소하였다.",
            "피고인 2는 공소외 1을 대리하여 피고인 1의 중개하에 이 사건 부동산을 매수하였으나 농지취득자격증명을 발급받지 못하는 관계로 공소외 1 내지 피고인 2의 명의로 등기를 경료할 수 없게 되었다.",
            "이에 피고인 1이 자신에게 평당 29,000원에 매도하면 평당 30,000원에 매도하여 이익을 남길 수 있다고 하며 여러 차례에 걸쳐 이 사건 부동산의 매도를 요구하자, 2004.8.31.경 부득이하게 피고인 1에게 매도하고 계약금으로 6천만 원을 수령한 후 이에 대한 매매계약서를 작성하였다.",
            "다만, 이 사건 부동산의 매매대금 계산방식이 복잡하여 최초 매매대금 584,824,000원으로 된 매매계약서를 작성하였다가 잘못된 것을 뒤늦게 깨닫고 매매대금 637,550,000원으로 된 매매계약서를 다시 작성하게 되었다.",
            "피고인 2는 피고인 1과의 위 매매계약이 순조롭게 이행되지 아니한 상태에서 위 피고인 1과 분쟁이 계속되자 공소외 2와의 원계약을 다시 진행시키기 위해 2004.9.21.경 공소외 1을 대리하여 공소외 2에게 이 사건 계약의 이행을 촉구하는 내용증명을 보냈다.",
            "위 피고인 1이 일방적으로 공소외 3에게 이 사건 부동산을 매도한 후 등기까지 경료해 준 사실을 2004.9.30.경 알게 되자 이미 중도금의 일부까지 지급된 상황에서 자신의 동의 없이 공소외 2가 임의로 이 사건 부동산을 공소외 3에게 매도해버렸다는 이유로 위 공소외 2 등을 고소하고 이 사건 부동산에 대한 처분금지가처분등기를 경료하였다."
        ]
    },
    "facts": {
        "bsisFacts": [
            "피고인 2는 1985.경 공인중개사 자격증을 취득한 후 부동산 중개업을 영위하며 건설회사 대표로 재직 중이고, 공소외 1(1926.2.15.생)과는 모자관계에 있다.",
            "피고인 2는 피고인 1의 중개를 통해 공소외 2로부터 2004.8.6.이 사건 부동산을 계약금 4천만 원(당일 지급함), 중도금1차 6천만 원(지급기일 2004.8.13.), 2차 일억 원(지급기일 2004.9.30.), 잔금 121,194,400원(지급기일 2004.11.30.), 총 매매대금 321,194,400원(평당 23,000원)으로 정하여 매수하였다.",
            "공소외 2는 이 사건 계약과 관련하여 공소외 1을 한번도 만난 적이 없으며, 2004.9.21.이후 공소외 1 명의의 내용증명을 받기 전까지 피고인 2가 이 사건 부동산의 매수인인 공소외 1로 알고 있었다는 취지로 진술하였다(수사기록 제40면).",
            "피고인 2는 이 사건 계약시에 매매계약서의 특약사항란 제3항에 '매도인은 잔금지급기일 이전 1차 중도금 지급시라도 매수인이 전매에 필요한 위임서류를 요구할 경우 협조한다'는 취지를 기재하였으며, 위 피고인은 농지취득자격증명을 발급받지 못하는관계로 이 사건 부동산을 자신이나 공소외 1의 명의로 이전할 수 없었다.",
            "피고인 2는 1차 중도금을 2004.8.9.경 지급하였으며, 공소외 2가 이 사건 부동산의 가치가 상승중이라는 등의 이유로 이 사건 계약을 해제하려고 하자, 2004.8.중순경 6천만 원을 추가로 지급하기로 합의한 후 지급기일이 2004.11.10.로 된 액면금 6천만 원의 약속어음을 교부하였다.",
            "피고인 2는 2004.8.31.경 피고인 1에게 '매도인 : 공소외 2 대리인 공소외 1', '매수인 : 피고인 1'으로 기재된 2장의 매매계약서를 교부하였다.",
            "그 중 한 장은 \"총 매매대금 584,824,000원(평당 28,000원), 계약금 6천만 원, 잔금524,824,000원(지급기일 2004.9.13.), 계약일 2004.\"로 기재되어 있으며, 나머지 한 장은 \"총 매매대금 637,550,000원(평당 29,000원), 계약금 6천만 원, 잔금 577,550,000원(지급기일 2004.9.13.), 계약일 2004.8.31.\"로 기재되어 있다.",
            "피고인 1은 2004.8.말경 내지 같은 해 9.초경 공소외 3에게 총 매매대금 585,000,000원(평당 28,000원으로 계산할 경우원래는 584,824,000원이 되어야 하나, 10만 원 이하 단위는 반올림하여 계약이 체결되었다), 계약금 7천만 원, 중도금 없이 잔금 515,000,000원(지급기일 2004.9.13.)으로 정하여 매도(이하, 위 매도계약을 '이 사건 전매계약'이라 한다)하였다.",
            "그리고  위 계약시에 계약금 중 6천만 원을 수령하고 며칠 후에 나머지 천만 원을 수령하였다.",
            "피고인 2는 2004.9.10.경 피고인 1에게 공소외 3의 인적사항을 적어달라고 요구하였으며(수사기록 제281면), 피고인 1은 2004.9.13.공소외 3으로부터 잔금을 모두 지급받은 후 2004.9.13.경 내지 같은 달 20.경(공소외 2는 2004.9.20.경 나머지 중도금 및 잔금을 지급받았다고 진술하나,)",
            "(피고인 1은 공소외 3으로부터 잔금을 지급받은 날 공소외 2에게 나머지중도금 및 잔금을 지급하였다는 취지로 진술한다)공소외 2에게 이 사건 계약에 따른 나머지 중도금 및 잔금 및 이에 추가하여 단기간 내에 가격이 상승한 이 사건 부동산의 매매와 관련하여 더 이상 이의를 제기하지 않는다는 명목으로 약 5,500만 원 상당(결국 이 사건 계약에 따른 총 매매대금은 평당 약 25,000원이 된다.)",
            "(다만 그 중 1,700만 원은 공소외 2가 이 사건 부동산에서 1년간 농사를 더 짓는 조건으로 지급을 갈음하기로 하였다)을 지급하였으며, 이 사건 부동산은 2004.9.20.공소외 3명의로 이전등기되었다.",
            "피고인 2는 공소외 1의 명의로 공소외 2에게 2004.9.21.경 이 사건 계약의 원만한 이행을 촉구하는 내용의, 같은 달 30.경 자신의 동의 없이 이 사건 부동산을 공소외 3에게 소유권이전등기 한 부분에 대한 책임을 추궁하는 내용의 각 내용증명을 보낸후 배임 등의 죄목으로 고소한데 이어, 공소외 3을 상대로 이 사건 부동산에 대한 처분금지가처분등기를 경료하였다.",
            "피고인 2는 위 고소사건에 대한 수사 중인 2005.말경 내지 2006.초경 피고인 1로부터 이 사건 전매계약에 따른 전매차익 약148,805,600원 중 9천만 원을 받고 동인과 합의하였다.",
            "피고인 2는 2004.8.11.경 피고인 1을 통해 전0000 (지번 5 생략)답 59,851.7㎡을 공소외 4로부터(다만, 위 부동산은 피고인 1이 공소외 5 등의 명의를 빌려 농업기반공사 000으로부터 낙찰받은 것이며, 매도명의만공소외 4로 한 것이다)‘공소외 1 외 3인’의 명의로, 2004.8.14.경 피고인 1과 함께 0000 (지번 4생략)답 53,789.3㎡을 공소외 6으로부터 '피고인 1 외 3인'의 명의로 각 매수하였다."
        ]
    },
    "dcss": {
        "courtDcss": [
            "피고인 2가 오랜 기간 부동산 중개업에 종사하였으며, 제이(J)프로젝트 대상지역의 부동산을 여러 차례 매수한 사정 등에 비춰보면, 피고인 2는 농지취득자격증명을 발급받지 못하는 관계로 이 사건 부동산에 대한 소유권이전등기를 경료할 수 없음을 충분히 인식하고도 미등기 전매를 염두에 두고 이 사건 부동산을 구입한 것으로 보이며, 이 사건 계약에 따른 매매계약서의 특약사항란 제3항의 기재는 이를 뒷받침한다.",
            "피고인 2의 주장과 같이 피고인 1이 이 사건 부동산을 피고인 2로부터 매수하였다고 가정하면, 피고인 1은 2004.8.31.경 피고인 2로부터 이 사건 부동산을 평당 29,000원에 매수하여 불과 이틀 후인 2004.9.2.경 공소외 3에게 평당 28,000원에 매도하였다는 것이나(피고인 2는 공소외 3이 평당 30,000원에 이 사건 부동산을 매입하였다고 주장한다.)",
            "(달리 이를 증명할 만한 객관적인 자료는 없고, 공소외 3은 수사기관 이래 일관하여 평당 28,000원에 매입하였다고 진술하고 있다), 이는 일반인의 경험칙에 반한 행동일 뿐 아니라 피고인 1로서는 이 사건 부동산을 굳이 피고인 2를 거쳐 매수하는 것보다직접 공소외 2로부터 매수하는 것이 훨씬 유리하였을 것이다",
            "또한, 앞서 본 것처럼 오랜 기간 부동산 중개업에 종사한 피고인 2의 경력 등에 비춰보면 이 사건 매매대금 산정방식이 약간 복잡하더라도 피고인 1에게 매매계약서를 작성하여 주며 단순히 착오로 인해 약 5천만 원 이상 차이가 나도록 작성하였다는 것은쉽게 납득하기 어렵다.",
            "특히 피고인 1과 사이에 평당 28,000원으로 계산하여 작성한 매매계약서에는 계약체결일마저 기재되어 있지 아니한 점에 비춰보면, 피고인 1에게 이 사건 부동산을 매도하고 위 계약서를 작성하였다는 피고인 2의 주장은 상당히 신빙성이 떨어진다.",
            "앞서 본 것처럼 피고인 2는 애초부터 자신이나 모(母)공소외 1 중 어느 누구도 농지취득자격증명을 발급받지 못하여 결국 자신들 명의로 소유권이전등기를 경료할 수 없음을 알고도 원소유자인 공소외 2로부터 최종 매수인에게로의 미등기 전매를 염두에 두고 이 사건 부동산을 구입한 것으로 보인다.",
            "피고인 2의 주장에 의하더라도 자신으로부터 이 사건 부동산을 평당 29,000원에 매수한 피고인 1이 이를 평당 30,000원에 타에 전매한 후 자신에 대한 매매대금을 지급하기로 하였다는 것이므로 피고인 2는 위 피고인 1을 통해 위 부동산이 전매되리라는 것을 어느 정도 예상하고 있었다고 할 것이다(만일 피고인 1의 주장처럼 위 부동산의 매도권한을 위임한 것이라면 더욱 위 부동산이 전매될 것임을 알고 있었을 것이다).",
            "또한, 실제로 2004.9.10.경 위 피고인은 피고인 1에게 위 부동산의 최종 매수인인 공소외 3의 인적사항을 알려달라고 요구하기까지 하였다(그 이유에 대해 피고인 2는 농지취득자격증명이 발급되지 않아 자신명의로 소유권이전등기를 할 수 없자 공소외 3을 통해 공소외2의 전화번호를 알아낸 다음 이 문제에 관해 공소외 2와 상의하기 위해서였다고 주장하나, 피고인 2가 피고인 1에게 요구한것은 공소외 3의 전화번호가 아니라 인적사항이였다.)",
            "(이 사건 계약에 따른 매매계약서에는 공소외 2와 연락이 가능한 집 전화번호 및 휴대폰 전화번호가 기재되어 있었으며, 농지취득자격증명이 발급되지 아니한 문제에 대해 굳이 공소외 2와 의논할 실익이 있는지 의문이므로, 피고인2의 위 주장은 이를 그대로 믿기 어렵다).",
            "그렇다면, 피고인 2는 이 사건 부동산이 피고인 1을 통해 공소외 3에게 전매되어가는 일련의 과정을 이미 알고 있었다고 봄이 상당하고 이는 오히려 위 피고인이 최초 의도하였던 상황이라 할 것이다.",
            "그럼에도 마치 피고인 1에 의해 이루어진 이 사건 전매계약에 대해서는 전혀 알지 못하는 것처럼 공소외 3에게로의 소유권이전등기가 이루어진 바로 다음날인 2004.9.21.이후부터 공소외 2에게 계약이행을 촉구하거나 계약파기에 대한 책임을 추궁하는 내용을 담은 내용증명을 보냈으며, 이후 공소외 2를 배임등의 죄목으로 고소하였다.",
            "따라서 피고인 1에게 이 사건 부동산을 매도하였으나 그 계약이 순조롭게 진행되지 아니한 상태에서 위 피고인 1과 분쟁이 계속되자 공소외 2와의 원계약을 다시 진행시키기 위해 위 피고인 1이 공소외 3에게 위 부동산을 전매하였음을 전혀 알지 못한 상태에서 공소외 2에게 내용증명을 보내 이 사건 계약의 이행을 촉구하였으며 후에 계약파기에 대한 책임을 추궁하며 고소한 것이라는 취지의 피고인 2의 변소는 신빙성이 떨어진다.",
            "오히려 전매차익의 분배 문제로 인한 갈등이 위 내용증명 및 고소의 원인이 되었다는 피고인 1의 주장이 더 설득력이 있어 보인다.",
            "앞서 본 사정들 외에 기록에 의해 인정되는 다음과 같은 사정, 즉 피고인 1이 피고인 2로부터 2004.8.31.경 건네받은 매매계약서에 기재된 잔금지급일과 동일하게 잔금지급일을 2004.9.13.로 정하여 공소외 3에게 이 사건 부동산을 매도한 점, 피고인 2가 자신의 주장대로 이 사건 부동산을 평당 29,000원에 피고인 1에게 매도하였다면 그 나머지 매매대금을 청구하는 것이 합리적일 것이다.",
            "위 피고인은 이 사건에 대한 수사도중 이 사건 전매계약에 따른 전매차익을 피고인들이 서로 나누어 가진 후 더 이상 문제삼지 않기로 합의한 점 등을 감안하면, 피고인 2로부터 이 사건 부동산의 매도권한을 위임받았다는 취지의 피고인 1의 주장은 설득력이 있다.",
            "한편, 피고인 1이 2004.9.2.이 사건 전매계약이 체결되었다고 하면서도 그 이전인 2004.8.31.경 공소외 3으로부터 계약금 6천만 원을 수령하여 피고인 2에게 전달하였다는 것은 논리적으로 모순이기는 하나, 앞서 살핀 여러 사정들 외에 이 사건전매계약이 있은 지 이미 상당한 시간이 경과하여 당사자들의 기억이 부정확할 수 있다.",
            "그리고 이 사건 전매계약에 따른 계약서까지폐기되어 정확한 전매계약체결일을 확정할 수 없는 점들을 감안하면, 이러한 사정들만으로 위 피고인의 변소의 신빙성을 부정할 바는 아니라고 할 것이다",
            "결국, 앞서 본 사정들을 종합하면, 피고인 2가 이 사건 부동산을 미등기 전매하여 이로 인한 이득을 나누기로 피고인 1과 공모한 후 동인에게 이 사건 부동산에 대한 매도권한을 위임하여 공소외 3에게 전매하였다고 봄이 상당하므로, 피고인 2의 위주장은 이유 없다.",
            "농지법 제8조는, 농지를 취득하고자 하는 자는 취득대상농지의 농업경영에 적합한 노동력 및 농업장비의 확보방안 등의 사항이 포함된 농업경영계획서를 작성하여 농지취득자격증명의 발급을 신청하여야 하며, 농지취득자격증명을 발급받아 농지를 취득하는자가 그 소유권에 관한 등기를 신청할 때에는 농지취득자격증명을 첨부하도록 규정하고 있다.",
            "피고인 2가 농지인 이 사건 부동산을 매수한 이상 앞서 본 것처럼 취득대상농지의 농업경영에 적합한 노동력 및 농업장비의 확보방안 등이 포함된 농업경영계획서를 작성하여 농지취득자격증명을 발급받은 후 부동산등기특별조치법에서 정한 기한 내에 자신명의로 소유권이전등기를 신청하여야 한다.",
            "만일 농지취득자격증명의 발급이 불가능하다면 즉시 이 사건 계약을 해제하여 소유권이전등기 신청의무를 부담하지 아니하는 상태로 원상회복시켰어야 함에도, 피고인 1을 통해 이 사건 부동산을 공소외 3에게 매도한 후 자신 명의의 등기를 생략한 채 위 공소외 3 명의의 등기를 경료한 것은 위 특별조치법의 취지를 잠탈하는 행위로서 법률상 허용될 수 없다 할 것이다.",
            "나아가, 앞서 살핀 것처럼 피고인 2는 농지취득자격증명을 발급받을 수 없음을 충분히 인식하고도 이 사건 부동산을 미등기전매하여 그 이익을 취득할 목적으로 매수한 것으로 보이므로, 피고인 2의 이 부분 주장은 어느 모로 보나 이유없다.",
            "피고인 2가 피고인 1에게 이 사건 부동산의 매도를 위임한 후 피고인 1을 통해 2004.9.13.내지 같은 달 20.경 공소외 2에게 이 사건 계약에 따른 중도금 및 잔금을 모두 지급하였으므로, 매도인 공소외 2에게 아직 잔금을 지급하지 아니하여 부동산등기특별조치법의 적용대상이 아니라는 취지의 위 주장 역시 이유 없다.",
            "부동산등기특별조치법 제2조 제1항 단서는 부동산의 소유권이전을 내용으로 하는 계약이 취소·해제되거나 무효인 경우에는 소유권이전등기 신청의무를 부담하지 아니한다고 규정하고 있다.",
            "그러나, 피고인 2가 피고인 1을 통해 이 사건 부동산을 공소외 3에게 매도한 후 소유권이전등기를 경료해 주고 공소외 2에게 잔대금을 모두 지급함으로써 계약이 모두 이행되었으며, 그 이후인 2004.9.30.경 피고인 2가 위 주장과 같은 내용증명을 발송하였다 하더라도 그것만으로 위 계약이 취소 또는 해제되었다고 볼 수 없고 달리 이를 인정할만한 증거도 없으므로, 계약이 해제되었음을 전제로 하는 피고인 2의 이 부분 주장은 이유 없다.",
            "살피건대, 이 사건 계약 당시 매매계약서에 공소외 1 대리인 피고인 2 이라고 기재되어 있으며, 이후 공소외 2에게 보낸 내용증명 및 피고인 1 등에 대한 고소장이 공소외 1의 이름으로 이루어지긴 하였다.",
            "또한, 부동산등기특별조치법 소정의 소유권이전등기 신청의무가 있는 자로서 위 법 위반의 주체가 되는 자는 매매 등 소유권이전을 내용으로 하는 계약의 당사자를 가리키는바, 어떤 사람이 타인을 통하여 부동산을 매수함에 있어 매수인 명의를 그 타인명의로 하기로 하였다면 달리 특별한 사정이 없는 한 그 타인을 매매당사자로 보아야 하며, 그 본인은 소유권이전을 내용으로하는 계약을 체결한 자라고 볼 수 없다는데 대해서는 별 이론이 없다.",
            "① 공소외 1과 피고인 2는 모자관계에 있으며, 이 사건 계약 당시 공소외 1은 약 78세로 상당한 고령이었다.",
            "② 공소외 1이 이 사건 계약에 따른 매매계약서에 매수인으로 기재되어 있으나 이 사건 계약이 체결될 때부터 공소외 3에게 전매되기까지의 일련의 과정에 일체 관여하지 아니하였을 뿐 아니라, 이 사건 수사의 전과정에서 참고인 등의 자격으로 진술한 적도전혀 없으며, 이 사건 전매로 인한 이득도 피고인 2가 피고인 1과 나누어 취득한 후 더 이상 이 사건 부동산의 전매에 대하여문제를 제기하지 않기로 합의하였다.",
            "③ 피고인 2는 이 사건 계약을 자신의 명의가 아닌 공소외 1의 명의로 하게 된 이유에 대해, 자신의 부가 사망하며 남긴 유산의 일부가 모 공소외 1의 재산이므로 위 공소외 1의 명의로 계약한 것이라고 변소하나, 공소외 1이 상속받은 유산의 일부가이 사건 부동산의 구입대금으로 사용되었다거나 위 피고인이 공소외 1로부터 위 부동산의 매수에 관한 대리권한을 수여받았음을 인정할만한 객관적인 자료도 없다.",
            "이러한 사정을 종합하면, 비록 공소외 1이 이 사건 계약의 매매계약서에 매수인으로 기재되어 있으나 피고인 2가 이 사건 계약의 실제 매수인이며 부동산등기특별조치법위반의 범죄주체가 되는 '소유권이전등기 신청의무자'로 볼만한 특별한 사정이 인정된다 할 것이므로, 피고인 2의 이 부분 주장 역시 이유 없다.",
            "살피건대, 위 피고인에게 동종 및 유사 범행전력이 여러 차례 있음에도 반복하여 이 사건 범행들에 이른 점, 위 피고인이 이 사건 범행에 이르게 된 경위 및 결과, 취득한 이득, 그밖에 위 피고인의 연령, 성행, 환경 등 기록에 나타난 양형의 기준이 되는 모든 조건들을 고려하여 볼 때, 원심이 선고한 형이 너무 무거워 부당하다고 보이지는 않는다.",
            "살피건대, 위 피고인이 이 사건 범행에 이르게 된 경위 및 결과, 취득한 이득, 위 피고인에게 벌금형 2회 외에 다른 범행전력은 없는점, 그밖에 위 피고인의 연령, 성행, 환경 등 기록에 나타난 양형의 기준이 되는 모든 조건들을 고려하여 볼 때, 원심이 선고한형은 너무 무거워 부당하다고 인정된다."
        ]
    },
    "close": {
        "cnclsns": [
            "원심판결 중 피고인 2에 대한 부분을 파기한다.",
            "피고인 2를 징역 6월에 처한다.",
            "원심 판결 선고전의 구금일수 1일을 위 형에 산입한다.",
            "다만, 이 판결 확정일로부터 1년간 위 형의 집행을 유예한다.",
            "피고인 1의 항소를 기각한다."
        ]
    }
}