{
    "info": {
        "caseField": "2",
        "detailField": "6",
        "trailField": "2",
        "caseNm": "사기,사문서위조,위조사문서행사,배임,자격모용사문서작성,자격모용작성사문서행사",
        "courtNm": "대구지방법원",
        "judmnAdjuDe": "2007. 11. 01.",
        "caseNo": "2007노2173",
        "relateLaword": [
            " 형사소송법 제364조\n"
        ],
        "qotatPrcdnt": [
            "대법원 1993. 7. 27. 선고 93도1435 판결"
        ]
    },
    "concerned": {
        "acusr": "4",
        "dedat": "1"
    },
    "org": {
        "orgJdgmnCourtNm": "대구지방법",
        "orgJdgmnAdjuDe": "2007. 6. 29.",
        "orgJdgmnCaseNo": "2006고단5378, 5609(병합), 6428(병합), 7006(병합), 7583(병합), 2007고단913(병합)"
    },
    "disposal": {
        "disposalform": "10",
        "disposalcontent": [
            "원심판결 중 유죄부분을 파기한다.",
            "피고인을 징역 1년 6월에 처한다.",
            "원심판결 선고 전의 구금일수 291일을 위 형에 산입한다.",
            "원심판결 중 무죄부분에 대한 검사의 항소를 기각한다.",
            "피고인의 자격모용사문서위조죄, 자격모용작성사문서행사죄에 대하여 무죄를 선고한 원심판결은 정당하므로 검사의 이 부분 항소는 이유 없다."
        ]
    },
    "mentionedItems": {
        "rqestObjet": [
            "피고인에 대하여 자격모용사문서작성죄, 자격모용작성사문서행사죄로 유죄가 넉넉하게 인정되지만, 피고인에게 타인의 대표권이 있음을 나타내는것은 아니라는 취지로 무죄를 선고한 원심판결에는 자격모용사문서작성죄 및 자격모용작성사문서행사죄에 대한 법리를 오해한 잘못이 있다.",
            "피고인이 받은 원심의 형량(징역 2년)은 너무 무거워서 부당하다고 판단된다.",
            "검사는 피해금액이 막대하고, 피해자들과 합의도 이루어지지 아니한 점 등을 들어 위 원심의 형량(징역 2년)이 너무 가벼워서 부당하다고 주장한다."
        ]
    },
    "assrs": {
        "acusrAssrs": [
            "0000 (지번 1 생략)소재 '0'의 대표는 피고인이 아니라 공소외 1임에도 불구하고 피고인이 이 사건 공소사실 기재와 같이 0000 (지번 2 생략)대지 364m2(110평)및 판넬구조 사무실 53m2에 대한 부동산매매계약서를 작성하면서 공인중개사란에 '0 대표 00(피고인의 이름)'으로 기재한 다음 그 이름 옆에 자신의 도장을 날인한 것이다.",
            "0'이라는 사무소 자체의 대표권 혹은 위 부동산 사무소의 실제 대표자인 공소외 1의 대표권을 모용한 것이다.",
            "따라서 피고인에 대하여 자격모용사문서작성죄, 자격모용작성사문서행사죄로 유죄가 넉넉하게 인정된다.",
            "그럼에도 불구하고 '0'은 부동산중개사사무소의 명칭에 불과할 뿐이어서, 피고인이 '0 대표 00'이라고 표시한 것은 위 부동산 사무실을 운영하는 자임을 나타내는 것에 불과하여 피고인에게 타인의 대표권이 있음을 나타내는것은 아니라는 취지로 무죄를 선고한 원심판결에는 자격모용사문서작성죄 및 자격모용작성사문서행사죄에 대한 법리를 오해한잘못이 있다.",
            "이에 반하여 검사는 피해금액이 막대하고, 피해자들과 합의도 이루어지지 아니한 점 등을 들어 위 원심의 형량이 너무 가벼워서 부당하다고 주장한다."
        ],
        "dedatAssrs": [
            "피고인은 부동산재개발 용역업체를 운영하던 중 부동산 경기 악화로 인하여 이 사건 범행에 이른 점, 자신도 부동산 사업과 관련하여 막대한 손해를 입은 점 등을 참작하면 원심의 형량(징역 2년)은 너무 무거워서 부당하다고 주장한다."
        ]
    },
    "facts": {
        "bsisFacts": [
            "원심이 적법하게 채택한 증거들에 의하여 인정되는 피고인이 공소외 1로부터 단순히 명의를 빌려 위 '0' 사무실을 단독으로 직접 운영하였고, 공소외 1은 위 부동산 사무실의 운영에 개입한 적이 없는 사실이 있다."
        ]
    },
    "dcss": {
        "courtDcss": [
            "무릇 자격모용에 의한 문서작성죄는 정당한 대표권이나 대리권이 없는 자가 마치 타인의 대표권이나 대리권이 있는 것처럼 가장하여 타인의 자격을 모용하여 문서를 작성한 때에 성립한다(대법원 1993.7.27.선고 93도1435 판결 참조)",
            "따라서 대표권을가장하여 자격모용사문서작성죄가 성립하기 위하여는 적어도 피모용자가 대표권을 가지는 법인 혹은 단체를 전제로 하고, 또한 대리권을 가장하여 위 죄가 성립하기 위하여는 피모용자인 자연인과의 대리관계를 현명하여야 한다고 봄이 상당하다.",
            "이 사건의 경우에는 피모용자인 '0' 은 민법상의 법인, 권리능력없는 사단 혹은 재단으로서의 성격을 가진다고 보기보다는 단순히 부동산중개사무소의 상호일 뿐이다",
            "따라서 피고인이 '0 대표 00'이라고 표시한 것은 피고인이 위 부동산 사무실을 직접 운영한다는 것을 나타낼뿐이고, 위 부동산 사무실에 관하여 어떠한 대표권이 있음을 나타내는 것은 아니다.",
            "따라서 피고인이 '0 대표 00'이라고 표시하였더라도 자격모용사문서위조죄가 성립하지 아니하고, 이러한 문서를 행사한 것 역시 자격모용작성사문서행사죄가 성립하지 아니한다.",
            "이러한 전제하에 피고인의 자격모용사문서위조죄, 자격모용작성사문서행사죄에 대하여 무죄를 선고한 원심판결은 정당하므로 검사의 이 부분 항소는 이유 없다."
        ]
    },
    "close": {
        "cnclsns": [
            "원심판결 중 유죄부분을 파기한다.",
            "피고인을 징역 1년 6월에 처한다.",
            "원심판결 선고 전의 구금일수 291일을 위 형에 산입한다.",
            "원심판결 중 무죄부분에 대한 검사의 항소를 기각한다."
        ]
    }
}