{
    "info": {
        "caseField": "2",
        "detailField": "6",
        "trailField": "2",
        "caseNm": "사기,공전자기록등불실기재,불실기재공전자기록등행사",
        "courtNm": "대구지방법원",
        "judmnAdjuDe": "2008. 01. 17.",
        "caseNo": "2007노3833",
        "relateLaword": [
            "형사소송법 제364조",
            "형사소송법 제369조",
            "형법 제347조",
            "형법 제30조",
            "형법 제228조",
            "형법 제229조",
            "형법 제37조",
            "형법 제39조",
            "형법 제38조",
            "형법 제50조",
            "형법 제70조",
            "형법 제69조",
            "형사소송법 제334조"
        ],
        "qotatPrcdnt": []
    },
    "concerned": {
        "acusr": "4",
        "dedat": "1"
    },
    "org": {
        "orgJdgmnCourtNm": "대구지방법원 의성지원",
        "orgJdgmnAdjuDe": "2007. 11. 2.",
        "orgJdgmnCaseNo": "2006고단246, 2007고단147(병합)"
    },
    "disposal": {
        "disposalform": "10",
        "disposalcontent": [
            "원심판결 중 유죄부분을 파기한다.",
            "피고인을 벌금 300만 원에 처한다.",
            "피고인이 위 벌금을 납입하지 아니하는 경우 5만 원을 1일로 환산한 기간 피고인을 노역장에 유치한다.",
            "위 벌금에 상당한 금액의 가납을 명한다.",
            "원심판결 중 무죄부분에 대한 검사의 항소를 기각한다."
        ]
    },
    "mentionedItems": {
        "rqestObjet": [
            "피고인이 과거에도 공소외 1 유한회사의 명의로 휴대폰을 개통한 것과 관련하여 형사처벌을 받은 전력이 있는 점, 피고인이  김사장 이라는 사람과 함께 위 회사를 설립하였다고 하면서도 그 인적사항에 대하여는 전혀 모른다는 취지로 진술하고 있는 점 등에 비추어 보면, 위  김사장 은 피고인이 내세운 가공의 인물이거나, 실존 인물이라고 하더라도 피고인이 위  김사장 과 공모하여 이 부분 사기 범행을 저질렀다고 봄이 상당하다.",
            "그럼에도 불구하고 원심은 검사가 제출한 증거들만으로 피고인이 이 부분 사기 범행을 저질렀다고 단정하기 어렵다는 이유로 이 부분 공소사실에 대하여 무죄를 선고하였으니, 원심판결에는 사실을 오인하거나 법리를 오해하여 판결 결과에 영향을 미친 위법이 있다.",
            "피고인이 2003. 7. 3. 사기죄로 징역 5월을 선고받고 2003. 9. 25. 형의 집행을 종료하여 누범기간 중임에도 불구하고 근신치 아니하고 또다시 이 사건 범행을 저지른 점, 그 밖에 여러 가지 양형 조건에 비추어 보면, 피고인에 대한 원심의 형량(징역 6월, 집행유예 1년)은 너무 가벼워서 부당하다."
        ]
    },
    "assrs": {
        "acusrAssrs": [
            "피고인이 과거에도 공소외 1 유한회사의 명의로 휴대폰을 개통한 것과 관련하여 형사처벌을 받은 전력이 있는 점, 피고인이 '김사장'이라는 사람과 함께 위 회사를 설립하였다고 하면서도 그 인적사항에 대하여는 전혀 모른다는 취지로 진술하고 있는 점 등에 비추어 보면, 위 '김사장'은 피고인이 내세운 가공의 인물이거나, 실존 인물이라고 하더라도 피고인이 위 '김사장' 과 공모하여 이 부분 사기 범행을 저질렀다고 봄이 상당하다.",
            "그럼에도 불구하고 원심은 검사가 제출한 증거들만으로 피고인이 이 부분 사기 범행을 저질렀다고 단정하기 어렵다는 이유로 이 부분 공소사실에 대하여 무죄를 선고하였으니, 원심판결에는 사실을 오인하거나 법리를 오해하여 판결 결과에 영향을 미친 위법이 있다.",
            "피고인이 2003.7.3.사기죄로 징역 5월을 선고받고 2003.9.25.형의 집행을 종료하여 누범기간 중임에도 불구하고 근신치 아니하고 또다시 이 사건 범행을 저지른 점, 그 \\밖에 여러 가지 양형 조건에 비추어 보면, 피고인에 대한 원심의 형량(징역 6월, 집행유예 1년)은 너무 가벼워서 부당하다."
        ],
        "dedatAssrs": []
    },
    "facts": {
        "bsisFacts": [
            "피고인의 주도로 설립된 공소외 1 유한회사의 명의로 가입된 휴대폰((휴대폰번호 생략))을 통해 피해자에게 위 공소사실 기재의 사기 전화가 걸려온 사실은 인정된다."
        ]
    },
    "dcss": {
        "courtDcss": [
            "기록에 의하여 인정되는 다음과 같은 사정, 즉 피고인이 위 회사와 같이 실체가 없는 법인들을 다수 설립하고, 그러한 법인의 명의로 가입된 속칭 '대포폰'을 개통하여 시중에 유통시켜 온 점, 피해자도 원심법정에서 피고인의 목소리가 공소사실 기재의 일시경 자신에게 전화를 건 자칭 '공소외 3'이라는 사람의 목소리와는 구별된다는 취지로 진술하고 있는 점 등에 비추어 보았다.",
            "위 회사의 명의로 가입된 휴대폰을 통해 위와 같은 사기 전화가 걸려 왔다는 사실만으로는 피고인이 이 부분 공소사실의 기재와 같은 사기 범행을 하였다고 인정하기에 부족하고, 달리 이를 인정할 만한 증거가 없다.",
            "결국 이 부분 공소사실에 대하여 무죄를 선고한 원심의 판단은 정당하고, 원심판결에는 검사가 주장하는 바와 같은 사실오인 내지 법리오해의 위법이 없다.",
            "검사의 양형부당 주장에 관하여 판단하기에 앞서 직권으로 보건대, 피고인이 자신의 잘못을 깊이 뉘우치는 점, 피해자가 입은 피해의 정도가 그다지 중하지 아니한 점, 피고인이 2006.8.30.이 사건 범행과 비슷한 시기에 저질러진 동종 범행으로 징역 1년 9월을 선고받고 2006.9.7.위 판결이 확정되어 복역한 점이 있다.",
            "이 사건 범행과 유사한 다른 범행에 대한 형사처벌과의 형평을 비롯하여 피고인의 연령, 성행, 직업 및 환경, 이 사건 범행에 이르게 된 동기와 경위, 범행의 방법 및 결과, 범행 전후의 정황, 그밖에 이 사건 기록과 변론에 나타난 양형의 조건이 되는 여러 가지 사정들을 종합하여 보면, 원심의 형량은 너무 무거워서 부당하다고 판단된다."
        ]
    },
    "close": {
        "cnclsns": [
            "원심판결 중 유죄부분을 파기한다.",
            "피고인을 벌금 300만 원에 처한다.",
            "피고인이 위 벌금을 납입하지 아니하는 경우 5만 원을 1일로 환산한 기간 피고인을 노역장에 유치한다.",
            "위 벌금에 상당한 금액의 가납을 명한다.",
            "원심판결 중 무죄부분에 대한 검사의 항소를 기각한다."
        ]
    }
}