{
    "info": {
        "caseField": "2",
        "detailField": "6",
        "trailField": "1",
        "caseNm": "성폭력범죄의처벌및피해자보호등에관한법률위반(강간등치상),성폭력범죄의처벌및피해자보호등에관한법률위반(카메라등이용촬영)총포,도검,화약류등단속법위반",
        "courtNm": "전주지방법원 군산지원",
        "judmnAdjuDe": "2007. 09. 21.",
        "caseNo": "2007고합72",
        "relateLaword": [
            "폭력범죄의 처벌 및 피해자보호 등에 관한 법률 제12조",
            "폭력범죄의 처벌 및 피해자보호 등에 관한 법률 제9조",
            "폭력범죄의 처벌 및 피해자보호 등에 관한 법률 제6조",
            "형법 제297조",
            "성폭력범죄의 처벌 및 피해자보호 등에 관한 법률 제14조의2",
            "총포,도검,화약류 등 단속법 제71조",
            "총포,도검,화약류 등 단속법 제12조",
            "형법 제25조",
            "형법 제55조",
            "형법 제37조",
            "형법 제38조",
            "형법 제50조",
            "형법 제53조",
            "형법 제57조",
            "형법 제62조의2",
            "보호관찰 등에 관한 법률 제59조",
            "형법 제48조 제1항"
        ],
        "qotatPrcdnt": []
    },
    "concerned": {
        "acusr": "4",
        "dedat": "1"
    },
    "org": {
        "orgJdgmnCourtNm": "",
        "orgJdgmnAdjuDe": "",
        "orgJdgmnCaseNo": ""
    },
    "disposal": {
        "disposalform": "6",
        "disposalcontent": [
            "피고인을 징역 2년 6월에 처한다.",
            "이 판결 선고 전의 구금일수 109일을 위 형에 산입한다.",
            "이 판결 확정일로부터 3년간 위 형의 집행을 유예한다.",
            "피고인에게 160시간의 사회봉사 및 성폭력 치료강의 40시간의 수강을 명한다.",
            "압수된 전자충격기 1대, 디지털카메라 1대를 피고인으로부터 각 몰수하고, 압수된 컴퓨터 본체 1대 중 피해자 공소외 1(항소심 판결의 공소외인)의 나체사진이 수록된 파일부분을 폐기한다."
        ]
    },
    "mentionedItems": {
        "rqestObjet": [
            "피고인은 피해자를 간음하려 하였으나 미수에 그치고, 이로 인하여 피해자로 하여금 약 2주간의 치료를 요하는 안면부 좌상 등을 입게 하고, 카메라를 이용하여 성적 수치심을 유발할 수 있는 타인의 신체를 그 의사에 반하여 촬영하였다."
        ]
    },
    "assrs": {
        "acusrAssrs": [],
        "dedatAssrs": [
            "피고인 및 변호인은 피고인이 이 사건 범행 당시 술에 취하여 심신상실 또는 심신미약 상태에 있었다는 취지의 주장한다."
        ]
    },
    "facts": {
        "bsisFacts": [
            "피고인은 000 3학년에 재학중인 대학생인바 전자충격기를 소지하고자 하는 자는 관할 경찰서장의 허가를 받아야 함에도 불구하고, 2006.5월경 0000 (호수 생략)피고인의 기숙사 방에서, 소지 허가를 받지 아니한 채 상호불상의 전자충격기 전문 인터넷 사이트를 통해 금 50,000원을 주고 전자충격기 1대를 구입한 후 아래 일시까지 위 기숙사 방에 보관하여 이를 소지하였다.",
            "피고인의 배낭 안에 위 전자충격기와 삼성디지털카메라를 넣어 가지고 위 대학교 교정을 배회하다 적당한 부녀자가 있으면 위 전자충격기로 위협하여 알몸 사진을 찍고 강간할 것을 마음먹고, 2007.5.26.17:00경 위 대학교 제4강의동 앞 도로에서 혼자 걸어가는 같은 대학교 3학년에 재학중인 피해자 공소외 1(여, 20세)을 발견했다.",
            "\"리포트를 작성해야 하는데 필요하니 모델이 되어달라\" 며 위 강의동 4층 호실미상의 강의실로 유인한 뒤, 공부하는 모습 등을 피고인 소유의 위 디지털카메라로 촬영하다 순간 욕정을 일으켜, 오른팔로 피해자의 목을 조르고 위험한 물건인 전자충격기를 피해자의 허리에 대면서 \"소리치면 죽여버리겠다.옷을 벗어라\" 고 말하고 피해자가 도망가려 하자 왼쪽 주먹으로 피해자의 안면, 옆구리 등을 수차 폭행하는 등 반항을 억압하였다.",
            "위 카메라로 피해자가 옷을 모두 벗고 알몸으로 다리를 벌려 누워있는 사진 등 7매를 촬영한 뒤, 피해자의 입술과 귓볼 및 음부를 혀로 핥은 다음 피해자를 간음하려 하였으나 미수에 그치고, 이로 인하여 피해자로 하여금 약 2주간의 치료를 요하는 안면부 좌상 등을 입게 하고, 카메라를 이용하여 성적 수치심을 유발할 수 있는 타인의 신체를 그 의사에 반하여 촬영하였다."
        ]
    },
    "dcss": {
        "courtDcss": [
            "피고인은 수사기관에서 조사를 받을 당시 술을 마신 상태에 있었다고 진술한 바 없고, 오히려 경찰에서는 술을 마시지 않았다고 진술하였다.",
            "피해자도 이 사건 범행 당시 피고인이 술을 마신 것 같지는 않다고 진술하고 있는 점, 만일 피고인의 주장과 같이 피고인이 술에 만취한 상태에 있었다면 피해자가 순순히 피고인을 따라가지는 않았을 것으로 보이는 점 등을 종합해 보면, 이 사건 범행 당시 피고인이 술에 취하여 사물을 변별할 능력 또는 의사를 결정할 능력이 흠결되었다거나 미약한 상태에 있었다고는 보이지 아니하므로 피고인 및 변호인의 위 주장은 받아들이지 아니한다."
        ]
    },
    "close": {
        "cnclsns": [
            "피고인을 징역 2년 6월에 처한다.",
            "이 판결 선고 전의 구금일수 109일을 위 형에 산입한다.",
            "다만, 이 판결 확정일로부터 3년간 위 형의 집행을 유예한다.",
            "피고인에게 160시간의 사회봉사 및 성폭력 치료강의 40시간의 수강을 명한다.",
            "압수된 전자충격기 1대, 디지털카메라 1대를 피고인으로부터 각 몰수하고, 압수된 컴퓨터 본체 1대 중 피해자 공소외 1(항소심 판결의 공소외인)의 나체사진이 수록된 파일부분을 폐기한다."
        ]
    }
}