{
    "info": {
        "caseField": "2",
        "detailField": "6",
        "trailField": "1",
        "caseNm": "반공법위반",
        "courtNm": "대구지법",
        "judmnAdjuDe": "2007. 05. 31.",
        "caseNo": "2007재고합5",
        "relateLaword": [
            "형사소송법 제420조",
            "형사소송법 제422조"
        ],
        "qotatPrcdnt": []
    },
    "concerned": {
        "acusr": "4",
        "dedat": "1"
    },
    "org": {
        "orgJdgmnCourtNm": "대구지방법원",
        "orgJdgmnAdjuDe": "1970. 6. 9. ",
        "orgJdgmnCaseNo": "70고247"
    },
    "disposal": {
        "disposalform": "10",
        "disposalcontent": [
            "대구지방법원이 1970. 6. 9. 선고한 70고247 반공법 위반 등 사건의  피고인(1932. 5. 20.생, 위 사건 판결문의  피고인의 생년  1931. 은  1932. 의 오기로 보인다)에 관한 판결 중 유죄를 선고한 부분에 대한 재심을 개시한다."
        ]
    },
    "mentionedItems": {
        "rqestObjet": [
            "재심대상판결이 피고인의 반공법 위반의 점을 유죄로 인정한 직접 증거로는 검사 작성의 피고인  청구외 1,  청구외 2,  피고인에 대한 각 피의자신문조서밖에 없는바, 제3심판결과 환송 후 제3심판결에 의하면, 위 피의자신문조서의 각 진술은 사법경찰관 등의 불법 구금, 고문 등에 의하여 이루어져 임의성이 없다고 인정할 수 있으므로 재심사유에 해당한다."
        ]
    },
    "assrs": {
        "acusrAssrs": [],
        "dedatAssrs": [
            "재심대상판결 중 피고인에 관하여 유죄를 선고한 부분에 대한 청구인의 이 사건 재심청구하였다."
        ]
    },
    "facts": {
        "bsisFacts": [
            "피고인 청구외 1에 대하여, \"피고인 청구외 1이 1969.7.하순 일자불상 15:00경 0000에서 공동피고인 청구외 2로부터 '월남에서 미군이 철수하고 있는데, 그 이유는 정신무장이 잘 되어 있고, 전술이 우수한 월맹군이나 베트콩을 당해내지 못하기때문이다.'",
            "미군이 철수하면 월맹군의 승리는 확실하다'라는 말을 듣고 이에 동의하여, 국외 공산계열인 월맹 및 베트콩을 이롭게 하였고, 공동피고인 청구외 2, 피고인으로부터 공산주의 서적을 매수하였다.\" 는 등의 반공법 위반의 공소사실과 사문서위조, 위조사문서행사의 공소사실을 유죄로 인정하여 징역 5년과 자격정지 5년을 선고하였고, 피고인 청구외 1에 대한 나머지 반공법 위반, 국가보안법 위반, 간첩 등의 공소사실에 대해서는 무죄를 선고하였다.",
            "피고인 청구외 2에 대하여, \"피고인 청구외 2가 1969.7.하순 일자불상 15:00경 000에서 공동피고인 청구외 1, 피고인에게 위 (가)항과 같이 말하여 국외 공산계열인 월맹 및 베트콩을 이롭게 하였고, 공동피고인 청구외 1에게 공산주의 서적을 판매하였다.\" 는 등의 반공법 위반의 공소사실을 유죄로 인정하여 징역 2년과 자격정지 2년을 선고하였고, 피고인 청구외 2에 대한 나머지 반공법 위반의 공소사실에 대해서는 무죄를 선고하였다.",
            "피고인에 대하여, \"피고인이 1969.7.하순 일자불상 15:00경 000에서 공동피고인 청구외 2의 위 (가)항과 같은 말에 동조하여 국외 공산계열인 월맹 및 베트콩을 이롭게 하였다.",
            "그리고 반국가 단체를 이롭게 할 목적으로 1967.10.일자불상경부터1969.10.일자불상경까지 피고인이 경영하는 (상호 생략)서점에서 공동피고인 청구외 1에게 '맑스엥겔스전집', '자본론', '조선인민에게 드림', ' 당조직 활동의 에이·비·씨’,', '우리 인민의 오늘과 내일' 등의 공산주의 서적을 판매하였다.",
            "반공법 위반의 공소사실을 유죄로 인정하여, 징역 1년 6월과 자격정지 1년 6월에 집행유예 3년을 선고하였고, 피고인에 대한나머지 반공법 위반의 공소사실에 대해서는 무죄를 선고하였다.",
            "위 판결에서는 피고인에 대한 범죄사실의 증거로, 피고인 청구외 1, 청구외 2, 피고인의 각 일부 법정진술, 검사가 작성한피고인 청구외 1, 청구외 2, 피고인에 대한 각 피의자신문조서 중 각 범죄사실에 부합하고 서로 조응하는 각 진술기재, 압수된 '맑스엥겔스전집', '자본론', '조선인민에게 드림', ' 당조직 활동의 에이·비·씨’, '우리 인민의 오늘과 내일' 의 각 현존을각 설시하였다."
        ]
    },
    "dcss": {
        "courtDcss": [
            "재심대상판결이 피고인의 반공법 위반의 점을 유죄로 인정한 직접 증거로는 검사 작성의 피고인 청구외 1, 청구외 2, 피고인에 대한 각 피의자신문조서밖에 없는바, 제3심판결과 환송 후 제3심판결에 의하면, 위 피의자 신문조서의 각 진술은 사법경찰관 등의 불법 구금, 고문 등에 의하여 이루어져 임의성이 없다고 인정할 수 있으므로, 이와 같은 사유는 형사소송법 제420조 제5호또는 제7호의 재심사유에 해당한다.",
            "위 증거 중 검사 작성의 피고인 청구외 1, 청구외 2, 피고인에 대한 피의자신문조서에 기재된 각 진술은 각 그 수사에 관여한 사법경찰관의 불법 구금, 고문 등의 영향 아래 이루어져 임의성이 없다는 점이 환송 후 제2심판결과 제3심판결에 의하여 명백해졌다.",
            "그러므로, 이는 형사소송법 제420조 제5호의 '유죄의 선고를 받은 자에 대하여 무죄를 인정할 명백한 증거가 새로이 발견된 때', 또는 같은 조 제7호와 제422조의 '원판결 등의 기초된 수사에 관여한 사법경찰관이 그 직무에 관한 죄를 범한 것이 증명된 때'에 해당한다.",
            "재심청구인은 사망한 재심대상판결의 피고인의 직계친족으로서 형사소송법 제424조 제4호에 의하여 재심대상판결 중 피고인에게 유죄를 선고한 부분에 대하여 피고인의 이익을 위하여 재심청구권이 있다."
        ]
    },
    "close": {
        "cnclsns": [
            "대구지방법원이 1970.6.9.선고한 70고247 반공법 위반 등 사건의 피고인(0000, 1932.5.20.생, 위 사건 판결문의 피고인의 생년 1931.은 1932.의 오기로 보인다)에 관한 판결 중 유죄를 선고한 부분에 대한 재심을 개시한다."
        ]
    }
}