{
    "info": {
        "caseField": "2",
        "detailField": "6",
        "trailField": "2",
        "caseNm": "사기,절도,혼인빙자간음",
        "courtNm": "서울중앙지방법원",
        "judmnAdjuDe": "2008. 03. 06.",
        "caseNo": "2007노4045",
        "relateLaword": [
            "형사소송법 제328조",
            "형법 제347조",
            "형법 제329조",
            "형법 제304조",
            "형법 제35조",
            "형법 제37조",
            "형법 제38조",
            "형법 제50조",
            "형법 제57조",
            "형사소송법 제369조"
        ],
        "qotatPrcdnt": []
    },
    "concerned": {
        "acusr": "4",
        "dedat": "1"
    },
    "org": {
        "orgJdgmnCourtNm": "서울중앙지방법원",
        "orgJdgmnAdjuDe": "2007. 11. 15.",
        "orgJdgmnCaseNo": "2007고단3067"
    },
    "disposal": {
        "disposalform": "10",
        "disposalcontent": [
            "원심판결을 파기한다.",
            "피고인을 징역 2년 6월에 처한다.",
            "원심판결 선고 전의 구금일수 173일을 위 형에 산입한다.",
            "이 사건 공소사실 중 별지 범죄일람표 (2)의 제1, 3, 4, 5, 7, 8, 9항, 별지 범죄일람표(3)의 제1, 2, 3, 4, 6, 8, 9, 10, 13항의 사기의 점 및 별지 범죄일람표 (1)의 제1항, 별지 범죄일람표 (4)의 제1, 2, 3항의 혼인빙자간음의 점에 대한 공소를 모두 기각한다."
        ]
    },
    "mentionedItems": {
        "rqestObjet": [
            "이 사건 공소사실 중 혼인빙자간음 부분은 피고인은 2005. 8.경 피해자 공소외 2가 임신한 사실을 알고 결혼을 전제로 합의하에 동거하였고, 판시 제1의 가항은 모두 이러한 동거기간 중이었다. ",
            "또 이 사건 공소사실 중 혼인빙자간음 부분은 피해자 공소외 1과는 간음한 사실 자체가 없다.",
            "이 사건 공소사실 중 피해자 공소외 2에 대한 사기 부분은 카드사용금액 중 일부는 피해자와의 동거기간 중 공동생활비로 사용한 것이고, 또 카드사용대금 중 일부에 대하여는 피해자에게 변제하였다.",
            "이 사건 공소사실 중 피해자 공소외 2에 대한 절도 부분은 500만 원은 절취한 것이 아니라 동거를 위하여 방을 마련하기 위하여 이체받은 것이고, 또 이중 일부는 피해자의 삼촌에게 반환하였다",
            "이 사건 공소사실 중 피해자 공소외 1에 대한 사기 부분은 신용카드 무단사용 부분 중 일부에 대하여는 아예 카드를 사용한 사실이 없고, 사용한 부분에 대하여도 그 중 일부는 나중에 변제하였다. 000 무단사용 부분에 대하여는 피고인이 직접 사용한 것이 아니라 피해자가 직접 현금서비스를 받아 피고인에게 현금을 건네 준 것이고, 이 금원은 000와 000의 사용액을 결제하기 위하여 사용한 것이다.",
            "피고인에 대한 형을 징역 2년 6월로 정한 원심의 선고형량은 너무 무거워서 부당하다."
        ]
    },
    "assrs": {
        "acusrAssrs": [],
        "dedatAssrs": [
            "피고인은 2005.8.경 피해자 공소외 2가 임신한 사실을 알고 결혼을 전제로 합의하에 동거하였고, 판시 제1의 가항은 모두 이러한 동거기간 중이었다.또 피해자 공소외 1과는 간음한 사실 자체가 없다.",
            "카드사용금액 중 일부는 피해자와의 동거기간 중 공동생활비로 사용한 것이고, 또 카드사용대금 중 일부에 대하여는 피해자에게 변제하였다.",
            "500만 원은 절취한 것이 아니라 동거를 위하여 방을 마련하기 위하여 이체받은 것이다.또 이중 일부는 피해자의 삼촌에게 반환하였다.",
            "신용카드 무단사용 부분 중 일부에 대하여는 아예 카드를 사용한 사실이 없고, 사용한 부분에 대하여도 그 중 일부는 나중에 변제하였다.000 무단사용 부분에 대하여는 피고인이 직접 사용한 것이 아니라 피해자가 직접 현금서비스를 받아 피고인에게 현금을 건네 준 것이고, 이 금원은 000와 000의 사용액을 결제하기 위하여 사용한 것이다.",
            "피고인에 대한 형을 징역 2년 6월로 정한 원심의 선고형량은 너무 무거워서 부당하다."
        ]
    },
    "facts": {
        "bsisFacts": [
            "원심이 적법하게 채택하여 조사한 증거들에 의하여 인정되는 사정들, 즉 피고인과 피해자들이 교제를 시작하게 된 경위, 피고인의 자신의 학력, 직업, 집안 등에 대한 거짓된 언동, 피고인과 피해자들 사이의 관계가 진전되게 된 정황, 뒤에서 인정된다.",
            "원심이 적법하게 채택하여 조사한 증거들에 의하면, 피고인이 편취의 범의와 불법영득의사를 가지고 피해자 공소외 2에 대한 편취의 범행을 저지른 사실을 충분히 인정할 수 있다.",
            "원심이 적법하게 채택하여 조사한 증거들에 의하면, 피고인이 피해자 공소외 2의 000를 몰래 가져가 현금지급기를 통하여 500만 원을 인출한 사실을 충분히 인정할 수 있다.",
            "원심이 적법하게 채택하여 조사한 증거들에 의하면, 이 부분 공소사실을 충분히 인정할 수 있다."
        ]
    },
    "dcss": {
        "courtDcss": [
            "이 사건 공소사실은 원래 별지 범죄일람표 (1)내지 (4)와 같이 범죄일람표 (1)이 제5항, 범죄일람표 (2)가 제9항, 범죄일람표 (3)이 13항, 범죄일람표 (4)가 제7항으로 이루어져 있었다.",
            "검사가 2007.8.14.원심 제3회 공판기일에서 공소사실 중 범죄일람표(2)의 제1, 3, 4, 5, 7, 8, 9항 및 범죄일람표(3)의 제1, 2, 3, 4, 6, 8, 9, 10, 13항 부분을, 2007.10.23.원심 제6회 공판기일에서 공소사실 중 범죄일람표(1)의 제1항, 별지 범죄일람표 (4)의 제1, 2, 3항을 각 철회하는 공소장변경신청을 하여 원심이 이를 각 허가하였다.",
            "그러므로 피고인에 대한 이 부분 공소사실은 모두 공소가 취소된 것으로 보아야 할 것이다.",
            "이러한 경우 원심은 공소 취소된 일부 공소사실에 대하여 형사소송법 제328조 제1항 제1호에 따라 공소기각의 결정을 하여야 할 것임에도 위 각 해당 공판기일에 공소장변경을 허가한다는 결정만을 고지하고 그에 대하여 공소기각 결정을 하지 아니한 채 변론을 종결하고 말았다.",
            "따라서 원심판결에는 이 부분에 관한 판단을 누락한 위법이 있으므로 파기를 면할 수 없다.",
            "피고인의 피해자들에 대한 계속된 편취행위 등을 종합하면, 위 피해자들은 적어도 판시 각 성교행위시 혼인을 빙자한 피고인의 기망에 속아 공소사실과 같은 성교에 이르게 된 사실이 인정된다.피고인의 이 부분 주장은 이유 없다.",
            "피고인의 주장과 같이 편취한 금원을 공동 생활비의 용도로서 소비하였다든가 또 편취의 범행 이후에 편취액 중 일부를 변제하였다는 등의 사정은 이미 기수에 이른 사기죄의 성립에 아무런 영향을 미칠 수 없다.따라서 이러한 사유를 들어 사기죄의 성립을 부인하는 피고인의 주장은 이유 없다.",
            "피고인의 주장과 같이 절취한 금원 중 일부를 사후적으로 피해자의 삼촌에게 반환하였다는 등의 사정은 이미 기수에 이른 위 절도죄의 성립에 영향을 줄 수 없다.피고인의 주장은 이유 없다.",
            "신용카드 무단사용 부분 중 일부를 나중에 변제하였다거나, 000를 사용하여 편취한 금원을 000와 000의 결제 용도로 사용하였으므로 별도로 사기죄가 성립되지 않는다는 피고인의 주장 또한 위에서 본 바와 같은 이유로 받아들이지 않는다."
        ]
    },
    "close": {
        "cnclsns": [
            "원심판결을 파기한다.",
            "피고인을 징역 2년 6월에 처한다.",
            "원심판결 선고 전의 구금일수 173일을 위 형에 산입한다.",
            "이 사건 공소사실 중 별지 범죄일람표 (2)의 제1, 3, 4, 5, 7, 8, 9항, 별지 범죄일람표(3)의 제1, 2, 3, 4, 6, 8, 9, 10, 13항의 사기의 점 및 별지 범죄일람표 (1)의 제1항, 별지 범죄일람표 (4)의 제1, 2, 3항의 혼인빙자간음의 점에 대한 공소를 모두 기각한다."
        ]
    }
}