{
    "info": {
        "caseField": "2",
        "detailField": "6",
        "trailField": "2",
        "caseNm": "정보통신망이용촉진및정보보호등에관한법률위반(정보통신망침해등)·업무방해·컴퓨터등장애업무방해",
        "courtNm": "서울중앙지방법원",
        "judmnAdjuDe": "2007. 10. 16.",
        "caseNo": "2007노1327",
        "relateLaword": [
            "정보통신망 이용촉진 및 정보보호 등에 관한 법률 제48조",
            "형사소송법 제325조 ",
            "형법 제314조"
        ],
        "qotatPrcdnt": [
            "2005.3. 25. 선고 2003도5004 판결"
        ]
    },
    "concerned": {
        "acusr": "4",
        "dedat": "1"
    },
    "org": {
        "orgJdgmnCourtNm": " 서울중앙지방법원",
        "orgJdgmnAdjuDe": " 2007. 5. 8. ",
        "orgJdgmnCaseNo": "2006고단5426 "
    },
    "disposal": {
        "disposalform": "6",
        "disposalcontent": [
            "원심판결 중 위계에 의한 업무방해의 점에 관한 부분을 파기한다.",
            "피고인들을 각 징역 1년에 처한다\n",
            "다만, 이 판결 확정일부터 각 3년간 피고인들에 대한 위 각 형의 집행을 유예한다",
            "검사의 나머지 항소를 기각한다"
        ]
    },
    "mentionedItems": {
        "rqestObjet": [
            "피고인들이 유포한 한도우미 프로그램은 엔에이치엔에서 설치한 보안프로그램을 회피하여 작동함으로써 환전을 수월하게 하고 이로 인하여 엔에이치엔의 포커게임이 사행성게임으로 변질되도록 하여 그 정상적인 운영을 방해하였으므로, 한도우미 프로그램은 악성프로그램에 해당한다고 할 것임에도, 원심이 법리오해로 인하여 이와 달리 판단하였다",
            "한도우미 프로그램으로 인하여다른 이용자의 접속 및 게임의 원활한 진행을 곤란하게 하여 엔에이치엔 포커게임의 서버의 정보처리에 장애를 발생하게 하였다고 할 것이다. 그럼에도 원심이 이와 달리 판단한 것은 법리오해로 인한 것이다.",
            "엔에이치엔은 한도우미 프로그램의 이용자들이 정상적인 이용자인 것으로 속아 포커게임의 이용을 허락함으로써 위포커게임이 사행성을 갖게 되어 이에 대한 법적제재 위험이 발생하는 등 엔에이치엔의 공정한 게임제공업무를 방해하였으므로이 부분 공사사실은 유죄로 인정됨에도 불구하고, 이 부분 공소사실에 대하여 무죄를 선고한 원심판결은 법리를 오인하여 판결에 영향을 미친 위법이 있다"
        ]
    },
    "assrs": {
        "acusrAssrs": [
            "악성프로그램이란 게임의 정상적인 운용을 방해하는 프로그램을 말하는 것으로서 피고인들이 유포한 0은 000에서 설치한 보안프로그램을 회피하여 작동함으로써 환전을 수월하게 하고 이로 인하여 000의 포커게임이 사행성게임으로 변질되도록 하여 그 정상적인 운영을 방해하였다.",
            "0 은 악성프로그램에 해당한다고 할 것임에도, 원심이 법리오해로 인하여 이와 달리 판단하였다.",
            "이 사건 000포커게임에서 허용되는 명령은 정상 이용자가 직접 게임에 참여하여 도구에 의존하지 않고 스스로 게임 판세에 따라 수회에 걸쳐 마우스를 클릭하거나 키보드를 두드리는 것인데, 피고인들이 유포한 0은 마우스를 클릭하거나 키보드를 누르는 것을 자동화하여 일부러 게임을 지도록 만든 프로그램으로서 이는 포커머니를 판매하기 위한 것이다.",
            "000에서는 이용자의 포커머니 판매행위를 금지하고 위와 같은 프로그램을 차단하기 위한 보안프로그램을 작동하였으므로, 위 0이 작동하면서 입력하는 명령은 부정한 명령이라고 할 것이다.",
            "위 0으로 인하여 다른 이용자의 접속 및 게임의 원활한 진행을 곤란하게 하여 000 포커게임의 서버의 정보처리에 장애를 발생하게 하였다고 할 것이다.그럼에도 원심이 이와 달리 판단한 것은 법리오해로 인한 것이다.",
            "000에서는 포커게임을 제공함에 있어 약관으로 이용자의 포커머니 판매행위를 금지하고 있음에도, 피고인들은 포커머니를 판매하기 위하여 0을 개발하여 유포함으로써 마치 정상적인 게임을 하는 것처럼 가장하여 포커게임에 접속하였다.",
            "000은 0의 이용자들이 정상적인 이용자인 것으로 속아 포커게임의 이용을 허락함으로써 위 포커게임이 사행성을 갖게 되어 이에 대한 법적제재 위험이 발생하는 등 000의 공정한 게임제공업무를 방해하였으므로 이 부분 공사사실은 유죄로 인정됨에도 불구하고, 이 부분 공소사실에 대하여 무죄를 선고한 원심판결은 법리를 오인하여 판결에 영향을 미친 위법이 있다."
        ],
        "dedatAssrs": []
    },
    "facts": {
        "bsisFacts": [
            "이 부분 공소사실의 요지는 별지 공소사실 제1항 기재와 같다.",
            "원심은 정보통신망 이용촉진 및 정보보호 등에 관한 법률 제48조 제2항 이 악성프로그램을 '정보통신시스템, 데이터 또는 프로그램 등을 훼손·멸실·변경·위조 또는 그 운용을 방해할 수 있는 프로그램'이라고 규정하고 있다고 전제하고 있다.",
            "피고인들이 유포한 0(이 프로그램과 같은 기능을 하면서 파일명칭이 다른 프로그램도 있으나 통틀어 'O'이라 한다.이하 같다)은 000(000)주식회사(이하 'OOO'이라 한다)가 제공하는 포커게임에서 마우스를 클릭하거나 키보드를 누르는 것을 자동화하여 일부러 게임을 지도록 만든 프로그램이다.",
            "이 프로그램에 서버를 점거함으로써 정상이용자들의 서버 접속 시간을 지연시키거나 서버 접속을 어렵게 만들고, 서버에 대량의 네트워크 트래픽을 발생시키는 기능이 있다고 할 수 없어 이 프로그램을 정보통신망 이용촉진 및 정보보호 등에 관한 법률 소정의 악성프로그램으로 볼 수는 없다는 이유로 이 부분 공소사실에 대하여 형사소송법 제325조 후단에 의하여 무죄를 선고하였다.",
            "이 부분 공소사실의 요지는 별지 공소사실 제2항 기재와 같은바, 원심은 컴퓨터 등 장애업무 방해죄가 성립하기 위하여는 정보처리장치에 허위의 정보 또는 부정한 명령을 입력하거나 기타 방법으로 정보처리에 장애를 발생하게 하여 사람의 업무를 방해하여야 한다는 전제하에, 이 사건에서 피고인들은 포커게임에서 허용된 명령을 사용하였다.",
            "OOO 게임서버도 그 명령에 따라 미리 짜진 프로그램대로 실행되었을 뿐이므로 피고인들이 부정한 명령을 입력하였다고 할 수 없고, OOO 서버의 정보처리에 장애가 발생하였다고 보이지도 않는다는 이유로, 이 부분 공소사실에 대하여 형사소송법 제325조 후단에 의하여 무죄를 선고하였다.",
            "이 부분 공소사실의 요지는 별지 공소사실 제2항 기재와 같은바, 원심은 업무방해죄에서의 위계란 상대방의 착오, 또는 부지를 이용하거나 기망, 유혹의 방법으로 상대방을 착오에 빠뜨리는 일체의 행위라는 전제하에, OOO의 게임서버는 미리 짜진 대로 프로그램에 의하여 진행될 뿐이고 피고인들이 서버가 예정한 명령을 입력한 이상 OOO을 착오에 빠뜨렸거나 착오, 또는 부지를 이용하였다고 할 수는 없다.",
            "피고인들의 목적이 게임을 일부로 져 줌으로써 포커머니를 이용자에게 이전하는 데 있었지만 그렇다고 하더라도 포커머니를 이전하려는 목적이 OOO 회사의 약관 위반이 될지언정 그 자체가 불법이라고 할 수는 없으므로 이러한 목적을 가지고 게임을 하였다고 하여 위계에 해당한다고 할 수 없다는 이유로, 이 부분 공소사실에 대하여 형사소송법 제325조 후단에 의하여 무죄를 선고하였다."
        ]
    },
    "dcss": {
        "courtDcss": [
            "원심에서 적법하게 채택되어 조사된 증거에 의하면 원심이 인정한 사실 및 그에 대한 판단은 정당하다.",
            "또한 OOO에서 O을 적발하기 위하여 보안프로그램을 작동하였는데 O이 위 보안프로그램에 적발되지 않았다고 하여 위 O이 직접적으로 OOO의 보안프로그램 및 포커게임 프로그램을 훼손·멸실·변경·위조 또는 그 운용을 방해하는 프로그램이라고는 할 수 없다.",
            "따라서 원심이 O 이 악성프로그램에 해당하지 않는다고 하여 이 부분 공소사실에 대하여 무죄를 선고한 것은 정당하고, 원심판결에 검사 주장과 같은 법리오해의 위법을 찾아 볼 수 없으므로, 검사의 위 주장은 받아들이지 않는다.",
            "형법 제314조 제2항 은 컴퓨터 등 정보처리장치 또는 전자기록 등 특수매체기록을 손괴하거나 정보처리장치에 허위의 정보 또는 부정한 명령을 입력하거나 기타 방법으로 정보처리에 장애를 발생하게 하여 사람의 업무를 방해한 자 를 처벌하도록 규정하고 있다.",
            "위 죄가 성립하기 위해서는 위와 같은 가해행위의 결과 정보처리장치가 그 사용목적에 부합하는 기능을 하지 못하거나 사용목적과 다른 기능을 하는 등 정보처리의 장애가 현실적으로 발생하였을 것을 요한다.",
            "그런데 검사가 제출한 증거들만으로는 피고인들이 유포한 OOO으로 인하여 정상이용자들의 OOO 포커게임의 서버 접속 시간을 지연시키거나 서버 접속을 어렵게 만들고, 서버에 대량의 네트워크 트래픽을 발생시키는 등 장애가 발생하였다는 점을 인정하기 어렵고 달리 이를 인정할 증거가 없다.",
            "따라서 원심이 이 부분 공소사실에 대하여 무죄를 선고한 것은 정당하고, 원심판결에 검사 주장과 같은 법리오해의 위법을 찾아 볼 수 없으므로, 검사의 위 주장도 받아들이지 않는다.",
            "이 부분 공소사실 인정 여부에 관하여 판단하기 위하여, 먼저 이 사건 포커게임에 관한 OOO의 업무 내용을 특정하고, 다음에 피고인들이 O을 개발·유포하여 위 프로그램을 이용하여 포커게임을 한 것이 OOO에 대한 위계가 되는 것인지 여부에 관하여 본다.",
            "원심이 적법하게 채택하여 조사한 증거에 의하면 다음과 같은 사실, 즉 ① 엔에이치엔이 운영하는 온라인 게임사이트인 000(0)에서 세븐포커, 하이로우, 훌라, 맞포커, 포커팝, 로우바둑이, 섯다 등 오락용 포커게임을 제공하고 있는데 이 포커게임을 하기 위해서는 포커머니가 필요한 사실,",
            "② 000은, 이용자가 회원으로 가입하면 포커머니 5,000만 원을 지급하여 주고, 위 포커머니를 다 잃게 되면 하루 최대 10회에 걸쳐 5억 원의 포커머니를 무료로 충전시켜 주어 게임에 참여하도록 하였다.",
            "무료 충전된 포커머니까지 모두 잃었을 때에는 아바타 구입, 유료회원 가입, 제휴사이트 가입, 물품 구입 등의 경우에 포커머니로 교환할 수 있는 엔돌핀 을 지급하고, 이용자는 위 엔돌핀을 포커머니로 교환하여 게임을 할 수 있게 하는 내용의 부분 유료화 정책을 시행한 사실,",
            "③ 000은 위 부분 유료화 정책을 유지하고 포커게임의 사행화를 막기 위하여 포커머니의 현금거래를 금지하는 약관의 규정(제12조, 제22조의 1)을 두고 있고, 위 약관의 규정에 위반하여 포커머니를 현금으로 거래할 경우 해당 이용자에 대하여 7일 내지 30일 간의 이용 정지 조치를 거쳐 최종적으로 영구 정지 조치를 취하였다.",
            "④ 000은 이러한 정책의 실효성을 담보하기 위한 방안으로 게임을 하는 것처럼 가장하여 포커머니를 거래하는 자동프로그램인 속칭 '수혈프로그램'의 사용을 허용하지 않고 이를 적발하기 위한 보안프로그램인 헥쉴드, 게임가드 등을 가동하여 지속적인 모니터링을 하여 온 사실을 인정할 수 있다.",
            "위 인정사실에 의하면 OOO은 이 사건 포커게임을 제공하면서 부분 유료화 정책을 시행하여 위 포커게임의 사행화를 막고 유료 아이템 판매 등으로 인한 수익도 올리고자 한 것이다.",
            "이 사건 포커게임에 관한 OOO의 업무 내용에는 단순히 위 포커게임 프로그램이 온라인 상에서 정상적으로 실행되도록 하는 것만이 아니라, 그 포커게임에서 사용되는 포커머니가 현금으로 거래되는 것을 금지함으로써 위 포커게임의 사행성을 방지하는 것과 포커게임 이용자에게 유료 아아템을 판매하여 수익을 얻는 것도 포함된다고 보아야 한다.",
            "원심에서 적법하게 채택하여 조사한 증거에 의하면 다음과 같은 사실, 즉 피고인들은 OOO이 제공하는 포커게임에서 필요한 포커머니를 이용자들에게 판매하기 위하여 게임을 하는 것처럼 가장하여 포커머니를 이전시키는 자동화된 프로그램인 한도우미 프로그램을 개발하여 포커머니 판매업자에게 판매하였다.",
            "피고인들은 포커머니를 판매하기 위하여 이용자들로부터 포커머니를 구입하는 방법으로 포커머니를 확보하고 피고인들이 운영하는 웹사이트에 광고를 하거나 OOO에서 제공한 쪽지서비스를 이용하였다.",
            "그리하여 \"OOO의 유료 아이템 구매를 통해 포커머니를 충전하는 것보다 훨씬 싼 가격으로 포커머니를 판매한다\"는 내용의 광고를 하였다(실제로 이용자가 10,000원을 가지고 엔에이치엔의 유료 아이템 구입을 통해 포커머니를 충전하는 것보다 피고인들로부터 포커머니를 구입할 경우 7,000억 원 내지 1조 7,000억 원의 포커머니를 더 얻을 수 있다).",
            "그리하여 포커머니의 구매를 희망하는 이용자가 접속하면 0을 이용하여 자신들의 컴퓨터 3대와 위 이용자의 컴퓨터 1대가 포커게임을 하는 것처럼 가장하여 포커머니를 판매하였다.",
            "또한, 피고인들은 OOO 이 모니터링을 통하여 0을 적발하여 위 프로그램을 사용한 판매상들의 계정에 대하여 이용정지 등 제재조치를 취하자 O의 파일 이름을 변경하는 방법으로(처음에 handoumi.exe, hanguest.exe를 사용하다가 memo.exe, calc.exe로 다시 ires.exe로 변경하였다)계속하여 OOO의 모니터링 및 제재 조치를 회피하였다.",
            "그 결과 OOO에서는 한도우미 프로그램을 사용하는 사람들이 정상적인 게임을 하는 것으로 속아 포커게임을 하도록 허용하게 된 사실을 인정할 수 있다.",
            "형법 제314조 제1항 의 업무방해죄는 위계 또는 위력으로써 사람의 업무를 방해한 경우에 성립하는 것이고, 여기서의 '위계'라 함은 행위자의 행위 목적을 달성하기 위하여 상대방에게 오인·착각 또는 부지를 일으키게 하여 이를 이용하는 것을 말한다(2005.3.25.선고 2003도5004 판결 등 참조).",
            "이 사건에서 피고인들은 OOO이 이 사건 포커게임을 운영하면서 부분 유료화 정책으로 위 포커게임의 사행화를 막고 유료 아이템 판매를 통하여 수익을 얻기 위하여 포커머니의 현금거래를 금지하고 이를 위해 수혈프로그램의 사용을 차단하고 있다는 것을 잘 알면서도, \"OOO의 유료 아이템 구매를 통해 포커머니를 충전하는 것보다 훨씬 싼 가격으로 포커머니를 판매한다\"는 내용의 광고를 하였다.",
            "그리고 자신들이 개발한 수혈프로그램인 한도우미 프로그램의 파일명칭을 바꾸어가면서 포커머니를 판매하였다.",
            "또한, OOO은 자사가 금지하고 있는 행위를 하는 O 이용자들이 마치 정상적인 게임을 하는 것으로 속아 그들의 포커게임을 이용하도록 허락하게 되어 결국 위 포커게임의 사행화 방지에 장애를 받았다.",
            "그뿐만 아니라 이 사건 포커게임을 제공하면서 얻고자 한 유료 아이템 판매수익의 손실도 입은 것이므로, 위와 같은 피고인들의 행위는 자신들의 포커머니 판매 목적을 달성하기 위하여 OOO의 포커게임 담당자에게 오인·착각 또는 부지를 일으킨 것으로서 업무방해죄의 구성요건인 위계에 해당한다고 봄이 상당하다.",
            "따라서 피고인들이 위계로 OOO의 게임제공업무를 방해하였다는 이 부분 공소사실은 충분히 유죄로 인정됨에도 불구하고, 앞서 본 바와 같은 이유로 이 사건 공소사실을 인정하기에 부족하다고 판단한 원심판결에는 사실오인 및 법리오해로 인하여 판결에 영향을 미친 위법이 있다."
        ]
    },
    "close": {
        "cnclsns": [
            "원심판결 중 위계에 의한 업무방해의 점에 관한 부분을 파기한다.",
            "피고인들을 각 징역 1년에 처한다.",
            "다만, 이 판결 확정일부터 각 3년간 피고인들에 대한 위 각 형의 집행을 유예한다.",
            "검사의 나머지 항소를 기각한다."
        ]
    }
}