{
    "info": {
        "caseField": "2",
        "detailField": "6",
        "trailField": "2",
        "caseNm": "학교보건법위반",
        "courtNm": "청주지방법원",
        "judmnAdjuDe": "2008. 02. 15.",
        "caseNo": "2007노1008",
        "relateLaword": [
            "구 학교보건법 시행령(2006. 10. 26. 대통령령 제19714호로 개정되기 전의 것) 제3조",
            "학교보건법 제6조",
            "형사소송법 제325조",
            "구 학교보건법 시행령(2006. 10. 26. 대통령령 제19714호로 개정되기 전의 것) 제4조"
        ],
        "qotatPrcdnt": []
    },
    "concerned": {
        "acusr": "4",
        "dedat": "1"
    },
    "org": {
        "orgJdgmnCourtNm": "청주지방법원",
        "orgJdgmnAdjuDe": "2007. 8. 30",
        "orgJdgmnCaseNo": "2006고정1457"
    },
    "disposal": {
        "disposalform": "10",
        "disposalcontent": [
            "검사의 항소를 기각한다.",
            "피고인이 학교환경위생정화구역 안에서 금지되는 행위 및 시설을 하였다고 보기 어렵고, 달리 이를 인정할 만한 증거가 없다는 이유로 형사소송법 제325조 후단에 의하여 무죄를 선고하였는바, 원심의 위와 같은 판단은 충분히 수긍이 가고 거기에 검사가 주장하는 바와 같은 법리오해의 잘못이 있다고 할 수 없으므로, 검사의 위 주장은 이유 없다."
        ]
    },
    "mentionedItems": {
        "rqestObjet": [
            "구 학교보건법 시행령(2006. 10. 26. 대통령령 제19714호로 개정되기 전의 것, 이하 같다) 제3조에서 상대정화구역의 범위를 설정하는 기준으로 삼고 있는 학교경계선의 의미가 공부상 명백히 확인할 수 있는 학교용지의 경계를 의미하는 것이고, 집합건물의 공동사용 공간인 주차장도 당해 건물의 일부를 사용하는 영업을 위한 시설임이 분명함에도 불구하고, 이와 다른 전제에서 이 사건 공소사실을 무죄로 선고한 원심판결에는 법리오해의 잘못이 있다."
        ]
    },
    "assrs": {
        "acusrAssrs": [
            "구 학교보건법 시행령(2006.10.26.대통령령 제19714호로 개정되기 전의 것, 이하 같다)제3조에서 상대정화구역의 범위를 설정하는 기준으로 삼고 있는 학교경계선 의 의미가 공부상 명백히 확인할 수 있는 학교용지의 경계를 의미하는 것이다.",
            "집합건물의 공동사용 공간인 주차장도 당해 건물의 일부를 사용하는 영업을 위한 시설임이 분명함에도 불구하고, 이와 다른 전제에서 이 사건 공소사실을 무죄로 선고한 원심판결에는 법리오해의 잘못이 있다."
        ],
        "dedatAssrs": []
    },
    "facts": {
        "bsisFacts": [
            "누구든지 학교환경위생정화구역 안에서 피시(PC)방 등의 시설을 하여서는 아니된다.",
            "다만 교육감 또는 교육감이 위임한 자가 학교환경위생정화위원회의 심의를 거쳐 학습과 학교보건위생에 나쁜 영향을 주지 않는다고 인정하는 시설을 할 수 있는 것이다.",
            "피고인은 2006.2.27.경부터 2006.6.1.15:58경까지 사이에 무단으로 000와의 거리가 194.1m로서 학교환경위생정화구역에 해당하는 0000 소재 상가건물 7층에서 ' 이스테이션'이라는 상호로 피시(PC)방을 설치,운영하였다."
        ]
    },
    "dcss": {
        "courtDcss": [
            "이에 대하여 원심은, ① 초,중등교육법, 고등교육법 및 학교보건법의 입법 취지를 고려하면, 구 학교보건법 시행령 제3조에서 상대정화구역의 범위를 설정하는 기준으로 삼고 있는 '학교경계선' 은 학교보건법 제6조 제1항 각 호 의 행위 및 시설로부터 보호하고자 하는 '학교교육이 실질적으로 이루어지는 공간의 경계선' 으로 보아야 하고, 학교용지의 경계선이라고 하여 곧바로 이를 위 학교경계선으로 볼 수는 없을 뿐 아니다.",
            "② 학교보건법 제6조 제1항 제15호 및 구 학교보건법 시행령 제4조의2 제1호가 학교환경위생정화구역 내에서 금지하고 있는 '멀티미디어문화컨텐츠 설비제공업 시설에서 영업행위를 하는 것’에 해당하는지 여부는 그 영업행위의 종류나 규모, 학교에서의 거리와 위치, 학교의 종류와 학생 수, 전체 건물의 이용 현황 등을 종합적으로 비교함으로써 영업행위와의 실질적인 관련성에 대한 검토 아래 판단하여야 한다.",
            "기록에 의하면 000의 학교용지 최남단과 이 사건 피시방이 있는 상가건물의 대지의 최북단과의 거리가 194.1m에 불과한 사실이 인정된다.",
            "한편 000의 학교용지 안쪽으로 학교 담장과 학교경계표지석이 설치되어 있고, 담장 바깥쪽 부분 학교용지에 학교의 교육과정과는 무관한 제3자가 주택을 지어 살고 있는 사실, 위 학교담장과 이 사건 피시방까지의 거리가 200ｍ를 초과하는 사실(이는 검사가 주장하는 바와 같이 주차장의 경계를 기준으로 하여 측정하더라도 동일하다)이 인정된다.",
            "결국 피고인이 학교환경위생정화구역 안에서 금지되는 행위 및 시설을 하였다고 보기 어렵고, 달리 이를 인정할 만한 증거가 없다는 이유로 형사소송법 제325조 후단에 의하여 무죄를 선고하였는바, 원심의 위와 같은 판단은 충분히 수긍이 가고 거기에 검사가 주장하는 바와 같은 법리오해의 잘못이 있다고 할 수 없으므로, 검사의 위 주장은 이유 없다."
        ]
    },
    "close": {
        "cnclsns": [
            "검사의 항소를 기각한다."
        ]
    }
}