{
    "info": {
        "caseField": "2",
        "detailField": "6",
        "trailField": "1",
        "caseNm": "사기,사기미수,여신전문금융업법위반",
        "courtNm": "서울중앙지방법원",
        "judmnAdjuDe": "2009. 06. 09.",
        "caseNo": "2008고단7686",
        "relateLaword": [
            "형법 제347조",
            "형법 제352조",
            "형법 제30조",
            "여신전문금융업법 제70조",
            "형법 제37조\n",
            "형법 제38조",
            "형법 제50조",
            "형법 제57조",
            "형법 제48조"
        ],
        "qotatPrcdnt": []
    },
    "concerned": {
        "acusr": "4",
        "dedat": "1"
    },
    "org": {
        "orgJdgmnCourtNm": "",
        "orgJdgmnAdjuDe": "",
        "orgJdgmnCaseNo": ""
    },
    "disposal": {
        "disposalform": "6",
        "disposalcontent": [
            "피고인을 징역 2년에 처한다.",
            "이 판결 선고 전 구금일수 190일을 위 형에 산입한다.",
            "압수된 증 제1 내지 6, 9 내지 16호를 각 몰수한다."
        ]
    },
    "mentionedItems": {
        "rqestObjet": [
            "피고인을 징역 2년에 처한다.",
            "이 판결 선고 전 구금일수 190일을 위 형에 산입한다.",
            "압수된 증 제1 내지 6, 9 내지 16호를 각 몰수한다."
        ]
    },
    "assrs": {
        "acusrAssrs": [],
        "dedatAssrs": []
    },
    "facts": {
        "bsisFacts": [
            "피고인은 2008.9.경 평소 알고 지내는 공소외 2 로부터 위조된 신용카드를 교부받아 마치 자신의 정상적인 카드인 것처럼 제시하고 물품을 구입하여 편취하기로 위 공소외 2 와 공모하였고, 위 공소외 2 는 그 무렵 성명불상자들에게 위조된 신용카드를 제공하여 마치 정상적인 카드인 것처럼 제시하고 물품을 구입하여 편취하기로 위 성명불상자들과 공모하여, 피고인은 위 공소외 2 및 위 성명불상자들과 위조 신용카드를 이용한 물품편취를 순차 공모하였다."
        ]
    },
    "dcss": {
        "courtDcss": [
            "피고인은 위 공소외 2 및 위 성명불상자들과 순차 공모하여 2008.11.26.16:28경 0000(지번 1 생략)에 있는 ㅇㅇ점에서, 담배 등 109,900원 상당의 물품을 구입하면서 성명을 알 수 없는 담당직원에게 위 공소외 2 로부터 교부받은 위조된 신용카드(카드번호 1 생략)를 마치 진정하게 성립된 자신의 정상적인 카드인 것처럼 제시하여 결제함으로써 위조된 신용카드를 사용하였다.",
            "이에 속은 위 직원으로부터 즉석에서 담배 등 109,900원 상당의 물품을 교부받아 이를 편취한 것을 비롯하여 피고인은 위 공소외 2 및 위 성명불상자들과 순차 공모하여 2008.10.1.경부터 2008.11.30.경까지 별지 범죄일람표 1 기재와 같이 총 532회에 걸쳐 위와 같은 방법으로 위조된 신용카드를 사용하고, 합계 41,041,780원 상당의 물건을 편취하였다.",
            "피고인은 위 공소외 2 및 위 성명불상자들과 순차 공모하여 2008.11.29.19:17경 0000 (지번 2 생략)에 있는 ㅇㅇ마트에서, 110,000원 상당의 물품을 구입하면서 성명을 알 수 없는 담당직원에게 위 공소외 2 로부터 교부받은 위조된 신용카드(카드번호 1 생)를 마치 진정하게 성립된 자신의 정상적인 카드인 것처럼 제시하여 이에 속은 위 직원으로부터 110,000원 상당의 물품을 교부받아 이를 편취하려고 하였다.",
            "위 신용카드의 결제가 승인되지 않아 미수에 그친 것을 비롯하여 피고인은 위 공소외 2 및 위 성명불상자들과 순차 공모하여 2008.10.1.경부터 2008.11.30.경까지 별지 범죄일람표 2 기재와 같이 총 76회에 걸쳐 위와 같은 방법으로 합계 7,966,780원 상당의 물품을 편취하려고 하였으나 신용카드의 결제가 승인되지 않아 미수에 그쳤다."
        ]
    },
    "close": {
        "cnclsns": [
            "피고인을 징역 2년에 처한다.",
            "이 판결 선고 위 구괈일수 190일을 위 형에 산입한다.",
            "압수된 중 제1 내지 6,9 내지 16호를 각 몰수한다."
        ]
    }
}