{
    "info": {
        "caseField": "2",
        "detailField": "6",
        "trailField": "2",
        "caseNm": "특정경제범죄가중처벌등에관한법률위반(사기),사기",
        "courtNm": "서울고등법원",
        "judmnAdjuDe": "2008. 06. 12.",
        "caseNo": "2008노146",
        "relateLaword": [
            "형사소송법 제364조",
            "형사소송법 제369조",
            "특정경제범죄 가중처벌 등에 관한 법률 제3조",
            "형법 제347조",
            "형법 제38조",
            "형법 제50조",
            "형법 제57조",
            "형법 제37조"
        ],
        "qotatPrcdnt": [
            "대법원 2005. 4. 29. 선고 2005도741 판결",
            "대법원 2005. 10. 28. 선고 2005도5774 판결"
        ]
    },
    "concerned": {
        "acusr": "4",
        "dedat": "1"
    },
    "org": {
        "orgJdgmnCourtNm": "서울중앙지방법원",
        "orgJdgmnAdjuDe": "2008. 1. 4.",
        "orgJdgmnCaseNo": "2007고합858"
    },
    "disposal": {
        "disposalform": "6",
        "disposalcontent": [
            "원심판결을 파기한다.",
            "피고인을 징역 3년에 처한다.",
            "원심판결 선고 전의 구금일수 167일을 위 형에 산입한다."
        ]
    },
    "mentionedItems": {
        "rqestObjet": [
            "피고인에게는 편취의 범의가 없었을 뿐만 아니라, 가사 일부 피해자에 대한 편취사실이 인정된다고 하더라도 모든 분양계약이 편취의 범의하에 이루어진 것은 아니었음에도 원심은 사실을 오인하여 판결에 영향을 미친 위법이 있다.",
            "이 사건은 허위광고 등의 수단이 개재되지 않았고, 피고인이 거액의 분양대금을 챙겨 도주한 경우도 아니며, 상당부분의 분양대금이 납입되어 있는 상태인 점, 피고인이 그 잘못을 깊이 반성하고 있는 점 등 이 사건의 여러 가지 양형 조건에 비추어 피고인에 대한 원심의 선고형(징역 4년)은 너무 무거워 부당하다."
        ]
    },
    "assrs": {
        "acusrAssrs": [],
        "dedatAssrs": [
            "분양사업을 시행하여 12억 원 정도의 수수료 채권을 가지고 있었고, 한남동 00000 분양건과 관련하여 5,000만 원의 채권이 있었으며, 동대문 00000 상가건으로 3억 원의 채권이 있었고, 암사동 00000상가 분양대행수수료로 1억 6,000만 원 정도의 채권을 가지고 있는 등 이 사건 분양대금 외에 다른 분양수수료 수입금과 채권을 가지고 있었다.",
            "다른 사업장에서 분양수입이 발생하고 있었으며, 2006.6.경에는 000(이하 'OOO'이라 한다)의 계좌에 13억 8,000만 원 상당의 잔고를 유지하고 있는 등 자력이 있었고 0000 등 지상 신촌민자역사 쇼핑몰 건물 중 지상 4층 점포들(이하 '이 사건 점포들'이라 한다)은 당초 분양가대로 분양이 순조롭게 이루어질 경우 분양대금 합계 110억 원 정도에 아무런 문제없이 임대분양이 완료될 수 있었다.",
            "예상보다 분양률이 떨어져 분양대금에서 광고비, 수당 등의 비용을 지급하면서 문제가 발생하였고, 이 사건 점포들의 분양실적이 저조했던 이유는 그 무렵 아파트 가격의 급상승으로 상가의 분양경기가 위축되었고, 등기분양이 아닌 임대분양인 점과 000(이하 'OOO'라고 한다)가 요구하는 개발비가 24억 원에 이르는 과도한 수준이었기 때문이다.",
            "투자자인 000(이하 'OOO'이라 한다)의 요청에 따라 계약명의를 변경하고 분양실적을 제고하기 위하여 추가 비용을 투입하는 등 최선의 노력을 다하였으나 분양시장이 침체되면서 지출에 상응하는 수입이 들어오지 않게 되었고, 여기에 피고인이나 공소외 2 등이 분양대금의 일부를 유용하면서 이 사건에 이르게 되었으며, 000로부터 해지통보를 받은 2006.7.경까지 전체 임대물량의 97%가 분양되었다.",
            "그중 미납된 분양대금은 1,270,000,000원 정도로서 공소외 2와 공소외 3이 000의 계좌에서 인출해 간 금액 1,526,000,000원(= 공소외 2가 유용한 1,000,000,000원 + 공소외 3이 횡령한 526,000,000원)과 피고인이 유용한 금 3억 8천만 원 등을 충당할 경우 2006.10.말로 예정된 입점시기까지는 분양대금을 지급하고 입점하는 것이 가능했던 사정 등에 비추어 보았다.",
            "피고인에게는 편취의 범의가 없었을 뿐만 아니라, 가사 일부 피해자에 대한 편취사실이 인정된다고 하더라도 모든 분양계약이 편취의 범의하에 이루어진 것은 아니었음에도 원심은 사실을 오인하여 판결에 영향을 미친 위법이 있다.다.",
            "이 사건은 허위광고 등의 수단이 개재되지 않았고, 피고인이 거액의 분양대금을 챙겨 도주한 경우도 아니며, 상당부분의 분양대금이 납입되어 있는 상태인 점, 피고인이 그 잘못을 깊이 반성하고 있는 점 등 이 사건의 여러 가지 양형 조건에 비추어 피고인에 대한 원심의 선고형(징역 4년)은 너무 무거워 부당하다.",
            "피고인 및 변호인은 이 사건 피해자 중 공소외 7, 8의 경우는 000 미국 판매지사인 000(이하 'OOO'라고 한다)가 분양한 것인데, 5% 할인된 금원과 000의 분양수수료 214,073,726원을 제외한 금원이 입금되었으므로 위 금원은 이 사건 편취금원에서 제외되어야 한다는 취지로 주장한다."
        ]
    },
    "facts": {
        "bsisFacts": [
            "① 피고인은 2004.2.18.경부터 000 대표이사로, 2006.1.24.경부터 000의 대표이사로 각 재직하던 자로서, 2004.7.16.경 000가 000로부터 임차한 0000 등 지상에 지어질 지하 2층, 지상 6층의 00000 상가건물 중 이 사건 점포들을 000로부터 2004.8.경 전대보증금 및 선납차임, 개발비 등 합계 80억 원에 전차하여 전전대분양사업을 시행하기로 계획하였다.",
            "그 계약금 20억 원의 마련을 위해 타인으로부터 4억 원을 차용하는 한편, 000의 대표이사이던 공소외 1로부터 2004.8.13.및 같은 달 16.전전대분양대금으로 투자원금을 우선 회수해 주고 투자수익을 반분하는 조건으로 16억 원을 투자받은 사실이 있다.",
            "② 피고인은 공소외 1에 대한 위 투자원금 및 수익금 보장을 위해 2004.8.20.경 사업의 시행은 000가 주관하여 분양 및 자금관리를 하되, 000와의 전대차계약상 전차인은 000 명의로 하기로 약정한 사실이 있다.",
            "③ 위 약정에 따라 000은 2004.8.23.000이 사건 점포들을, 전대보증금과 선납차임을 합한 56억 원 중, 계약금 20억 원을 계약 당일, 1차 중도금 8억 원을 2004.10.15., 2차 중도금 8억 원을 2005.1.15., 3차 중도금 7억 원을 2005.7.15., 4차 중도금 7억 원을 2005.11.15., 잔금 6억 원을 준공일로부터 3개월 전에 각 지급했다.",
            "위 전대보증금 및 선납차임과 별도로 개발비 명목으로 24억 원을 2005.4.15.까지 지급하기로 하되, 약정된 납입기일에 대금을 납부하지 아니하는 경우 000가 해제권을 갖는 것으로 하여 전차한 사실이 있다.",
            "④ 한편, 피고인과 공소외 1은 임대분양사업의 활성화를 위하여 신규법인으로 000을 설립하며 그 대표자 및 이사는 000와 000 측 사람으로 각 1명씩 선임하기로 약정하고, 2004.8.25.000을 설립하여 공소외 1을 이사로, 000 이사인 공소외 2를 감사로 각 선임하였고, 000에게 이 사건 점포들에 대한 전전대차분양대행권을 준 사실이 있다.",
            "⑤ 이후 000이 투자금 16억 원을 모두 회수함에 따라 2005.9.23.경 공소외 1이 이사직에서 사임하고 000 직원 공소외 4가 새로이 이사로 선임되었다가, 다시 2006.1.24.경 공소외 4가 이사직에서 사임하고 감사로 선임되는 한편 피고인이 스스로 이사로 취임한 사실이 있다.",
            "⑥ 피고인은 000을 통해 종합일간지 광고 등을 믿고 찾아온 피해자들로부터 2004.8.24.경부터 2006.6.27.경까지 합계 8,144,942,674원을 별지 범죄일람표 기재와 같이 전전대분양대금으로 교부받았으나, 피해자들로부터 입금되는 전전대분양대금 외에는 달리 조달되는 자금이 없었음에도 공소외 1과의 위 ①항 기재 약정에 따라 투자원금 명목으로 공소외 1에게 16억 1,300만 원을 우선 지급하였다.",
            "000로 10억 원 상당을 인출하여 사용하는 등 분양경비 명목으로 20억 원 상당을 지출하였으며, 피고인의 개인적인 용도로 수억 원을 임의 사용한 사실, ⑦ 한편, 2005.말경 000은 공소외 5가 운영하는 000(이하 'OOO'라고 한다)에 수분양자모집을 위탁하고, 000는 미국에서 000(000, 이하 'OOO'라고 한다)를 운영하는 공소외 6에게 수분양자를 모집하도록 하였다.",
            "공소외 6은 이 사건 피해자들 중 미국에 거주하는 피해자 공소외 7, 8, 9에게 별지 범죄일람표 기재 각 해당 분양호수를 분양하였고 이에 따라 000는 000과 위 피해자들을 연결하여 000과 위 피해자들 사이에 각 해당 분양호수에 대한 분양계약이 이루어지도록 하였다.",
            "분양대금은 공소외 6이 위 피해자들로부터 받아 이를 직접 000 계좌로 송금한 사실, ⑧ 피고인은 000에 1차 중도금 지급기일을 넘겨 2005.1.26.에야 비로소 그때까지 6회에 걸쳐 8억 원을 완납하고, 2차 중도금 역시 그 지급기일을 넘겨 2005.6.3.까지 4회에 걸쳐 6억 원을 지급하였을 뿐 나머지 중도금은 물론 개발비의 지급조차 지체하였다.",
            "이에 000는 2006.7.하순경 위 지급지체를 이유로 전대차계약을 해제한 사실, ⑨ 그 후 피고인은 사건의 수습을 외면한 채 1년여 가까이 이 사건 피해자들을 피해 다니다 2007.7.21.경 경찰에 체포된 사실이 인정된다."
        ]
    },
    "dcss": {
        "courtDcss": [
            "사기죄의 주관적 구성요건인 편취의 범의는 피고인이 자백하지 않는 이상 범행 전후의 피고인의 재력, 환경, 범행의 경위와 내용, 거래의 이행과정 등과 같은 객관적인 사정 등을 종합하여 판단하여야 할 것이다(대법원 2005.4.29.선고 2005도741 판결 등 참조).",
            "위 인정사실에다가 위 각 증거에 의하여 인정되는 다음의 사정들, 즉 피고인은 반포 000 리모델링 분양사업을 시행하여 12억 원 정도의 수수료 채권을 가지고 있었고, 한남동 00000 분양건과 관련하여 5,000만 원의 채권이 있었으며, 동대문 00000건으로 3억 원의 채권이 있었고, 암사동 00000가 분양대행수수료로 1억 6,000만 원 정도의 채권을 가지고 있는 등 이 사건 분양대금 외에 다른 분양수수료 수입금과 채권을 가지고 있었다.",
            "다른 사업장에서 분양수입이 발생하고 있었다고 주장하면서도 이에 관한 자료를 제출하지 않고 있어 그 채권의 존재 및 회수가능성을 인정하기 어려운 점, 2006.6.경 000 계좌에 13억 8,000만 원 상당의 잔고가 있었다면 이는 수분양자들의 분양대금이 납입된 것이라 할 것인바, 이를 가지고 피고인에게 자력이 있었다고 보기는 어렵다고 할 것이다.",
            "피고인은 앞서 본 바와 같이 000로부터 이 사건 점포들을 전차할 당시 그 전대차계약을 위한 계약금 20억 원 중 16억 원은 공소외 1로부터 최우선 변제를 조건으로 차용하고, 나머지 4억 원도 타인으로부터 급전으로 차용하여 조달할 정도로 별다른 자력이 없었으며, 이로 인하여 위 4억 원은 입금된 분양대금으로 공소외 1에 대한 위 차용금보다도 우선하여 제일 먼저 변제하여야 하였다.",
            "그 다음으로 공소외 1에 대한 위 채무액을 우선적으로 변제하여야 했던 점, 이 사건 점포들에 대한 000과 000 사이의 전대차계약에는 24억 원 개발비약정 및 그 계이 임대분양이라는 사실이 포함되어 있었으므로 피고인도 피해자들에 대한 이 사건 점포들의 분양 당시 그러한 사정을 알고 있었고, 일반적으로 상가 분양실적은 경제상황에 따라 저조할 수도 있으므로 상가분양을 하는 자로서는 그러한 가능성까지 염두에 두고 이를 감안한 분양계획을 세워야 한다.",
            "광고비지출도 그에 따라 변동될 수 있다는 사정이 그 계획에 포함되어 있어야 할 것으로 보이는 점(만약 예측가능한 범위를 벗어나는 급격한 경제상황의 변동이 발생하였다면 이는 달리 보아야 할 것이나 이 사건 당시 아파트 가격의 상승 등으로 위와 같은 사정이 발생하였음을 인정할 아무런 자료가 없다), 그럼에도 불구하고 피고인은 분양이 순조롭게 이루어질 경우 그 분양대금으로 000에 대한 잔금 60억 원을 지급할 막연한 생각을 하였을 뿐이다.",
            "분양실적이 저조하거나 전전대분양대금이 계획대로 수금되지 않을 경우 잔금 60억 원을 조달할 별도의 자금동원 방법을 전혀 마련해 놓지 아니한 채 이 사건 점포들을 무리하게 전차한 것으로 보이는 점, 피고인은 분양실적이 저조하였음에도 전전대분양대금을 보증금 등에 우선 사용하지 않고 타인으로부터 조달한 자금의 상환 또는 경비 명목으로 지출하여 자금부족을 초래하고 그중 일부를 개인적 용도에 임의 사용하기까지 하여 전대차계약이 해제되는 지경에 이르렀다.",
            "피고인이 000로부터 해제통보를 받은 2006.7.경까지 미납된 분양대금은 개발비 24억 원을 포함하여 약 46억 원(= 80억 원 - 34억 원)인바, 피고인 주장에 의한 공소외 2와 공소외 3의 000 계좌에서의 인출 금액 1,526,000,000원과 피고인이 유용한 금 3억 8천만 원 등을 위 미납된 분양대금에 충당하더라도 위 미납된 분양대금에 턱 없이 부족하다.",
            "위 전대차계약 해제 후 피고인은 사건의 수습은 커녕 그대로 방치한 채 도피한 점 등을 종합하여 보면, 피고인은 2004.8.경 그 계획대로 이 사건 점포들에 대한 000와의 전대계약을 유지함으로써 피해자들에게 전전대분양해 줄 능력이 없었거나, 적어도 미필적으로나마 그 계획대로 피해자들에게 전전대분양해 주는 것이 불가능하다는 점을 인식하였음을 인정할 수 있다고 할 것이어서 피고인의 위 주장은 이유 없다.",
            "검사가 당심에서 공소사실 중 '별지 범죄일람표 기재와 같이 합계 7,994,225,740원을 송금 또는 교부받아 이를 편취하였다'를 '별지 범죄일람표 기재와 같이 합계 8,144,942,674원을 송금 또는 교부받아 이를 편취하였다'로, 별지 범죄일람표 제21번 피해자 공소외 8에 대한 편취금액을 '420,000,000원'에서 '570,716,934원'으로 각 변경하는 내용의 공소장변경허가신청을 하였다.",
            "그리고 이 법원이 이를 허가함으로써 그 심판대상이 변경되었다.",
            "그러므로 원심판결은 더 이상 유지될 수 없게 되었다.",
            "살피건대, 위 각 증거에 의하면, 2005.말경 000은 공소외 5가 운영하는 000에 수분양자모집을 위탁하고, 000는 000를 운영하는 공소외 6에게 수분양자를 모집하도록 하였는데, 공소외 6은 이 사건 피해자들 중 미국에 거주하는 피해자 공소외 7, 8에게 별지 범죄일람표 기재 각 해당 분양호수를 분양하였고, 분양대금은 위 피해자들이 공소외 6에게 지급했다.",
            "공소외 6이 이를 직접 000 계좌로 송금하였으며, 이에 대하여 000과 공소외 6 사이에는 000이 공소외 6에게 분양수수료를 지급한 사실이 인정되는바, 재물편취를 내용으로 하는 사기죄에 있어서는 기망으로 인한 재물교부가 있으면 그 자체로써 피해자의 재산침해가 되어 이로써 곧 사기죄가 성립하는 것이다(대법원 2005.10.28.선고 2005도5774 판결 등 참조)",
            "위 인정사실에 의하면, 위 분양수수료는 위 피해자들로부터 기망으로 인한 재물교부가 있어 피고인의 사기죄가 성립한 후 000과 공소외 6이 그 사이에서 내부적으로 수수료를 지급하여야 하는 문제에 불과하므로, 피고인이 위 피해자들로부터 편취한 액수는 공소외 6을 통하여 위 피해자들로부터 받은 액수 전부라 할 것이어서 피고인 및 변호인의 위 주장은 받아들이지 아니한다.",
            "피고인의 이 사건 범행은 전전대분양사업의 성공을 위해 필수적인 000와의 전대차계약을 제대로 이행할 능력이 없었으면서도 형식적인 외관만 조성해놓고 이를 피해자들에게 과장, 기망하여 대규모 분양사기를 저지른 것으로서 그 피해액수가 매우 크고, 피해자 공소외 7, 8, 9와 사이에는 아직도 합의가 이루어지지 아니하였으며, 이 사건 발생 후 피고인은 사건의 수습을 외면한 채 장기간 도피하였던 점 등에 비추어 그 죄질이 결코 가볍지 아니하다.",
            "다만, 피고인이 당심에서 피해자 공소외 7, 8, 9를 제외한 다른 대다수의 피해자들과 합의한 점, 그밖에 피고인의 연령, 성행, 지능과 환경, 범행의 경위, 수단과 결과, 범행 후의 정황 등 이 사건에 나타난 양형의 조건이 되는 여러 가지 사정을 참작하여 주문과 같이 형을 정한다."
        ]
    },
    "close": {
        "cnclsns": [
            "원심판결을 파기한다.",
            "피고인을 징역 3년에 처한다.",
            "원심판결 선고 전의 구금일수 167일을 위 형에 산입한다."
        ]
    }
}