{
    "info": {
        "caseField": "2",
        "detailField": "6",
        "trailField": "2",
        "caseNm": "국회에서의 증언,감정등에 관한법률위반,무고,정보통신망이용촉진및정보보호등에관한법률위반(명예훼손),라디오에 의한 명예훼손,상해",
        "courtNm": "서울고등법원",
        "judmnAdjuDe": "2009. 11. 05.",
        "caseNo": "2008노2790",
        "relateLaword": [
            "국회에서의 증언,감정 등에 관한 법률 제14조",
            "형법 제156조",
            "형법 제307조\n",
            "구 정보통신망 이용촉진 및 정보보호 등에 관한 법률(2007. 12. 21. 법률 제8778호로 개정되기 전의 것)  제61조\n",
            "형법 제309조\n",
            "형법 제307조",
            "형법 제257조",
            "형법 제37조",
            "형법 제38조",
            "형법 제50조",
            "형법 제62조",
            "국회에서의 증언,감정 등에 관한 법률 제3조",
            "형사소송법 제148조",
            "헌법 제12조",
            "국회에서의 증언,감정 등에 관한 법률 제5조",
            "형사소송법 제149조",
            "형법 제133조",
            "형법 제113조",
            "형사소송법 제160조",
            "정보통신망 이용촉진 및 정보보호 등에 관한 법률(2007. 12. 21. 법률 제8778호로 개정되기 전의 것) 제61조"
        ],
        "qotatPrcdnt": [
            "대법원 2001. 12. 27. 선고 2001도5531 판결",
            "대법원 2008. 10. 23. 선고 2005도10101 판결",
            "대법운 2004. 2. 26. 선고 99도5190 판결",
            "대법원 2008. 11. 13. 선고 2006도7915 판결"
        ]
    },
    "concerned": {
        "acusr": "4",
        "dedat": "1"
    },
    "org": {
        "orgJdgmnCourtNm": "서울남부지방법원",
        "orgJdgmnAdjuDe": "2008.10.2.",
        "orgJdgmnCaseNo": "2007고합127, 449(병합)"
    },
    "disposal": {
        "disposalform": "8",
        "disposalcontent": [
            "원심판결을 파기한다.",
            "피고인 1, 같은 피고인 2를 각 징역 1년에 처한다.",
            "다만, 피고인들에 대하여 이 판결확정일로부터 2년간 위 각 형의 집행을 유예한다."
        ]
    },
    "mentionedItems": {
        "rqestObjet": [
            "피고인 1 이 위증죄를 범하였다고 인정한 원심판결은 국회에서의 증언,감정 등에 관한 법률 제5조 제3, 4항 및 위증죄 성립에 관한 법리를 오해한 것이다.",
            "설사 피고인 1 이 객관적 사실과 어긋나는 증언을 하였다고 하더라고, 피고인 1 에게 달리 증언할 기대가능성이 없었으므로, 피고인 1 은 무죄라 할 것인데도 피고인 1 을 유죄로 인정한 원심은 기대가능성에 관한 법리를 오해한 것이다.",
            "피고인 1 이 피고인 2 가 자신을 미국스파이라고 음해하는 것에 대응하여 적극적으로 해명하는 과정에서 일부 지엽적인 사실을 객관적 사실과 달리 진술하였을 뿐이어서 가벌성이 크다고 할 수 없는 점 등에 비추어 피고인 1에게 징역 1년에 집행유예 2년을 선고한 원심의 형은 너무 무거워서 부당하다.",
            "피고인 2 에 대하여 무죄가 선고되어야 함에도, 원심은 이를 유죄로 판단하였으니 원심판결에는 사실을 오인하였거나 해당 범죄의 성립 등에 관한 법리를 오해한 잘못이 있다.",
            "피고인 2 가 ㅇㅇㅇㅇㅇㅇ대학교 교수로 재직하고 있고, 형사처벌을 받은 전력이 없는 점, 피고인 2가 온갖 위험을 무릎쓰고 국익을 저해하는 피고인 1 의 행적을 공개하는 증언을 하였다가 피고인 1 측으로부터 여러 측면의 고통을 당하고 있는 점, 피고인 2 가 공소외 3 의 촬영을 제지한 이유 및 폭행의 정도 등에 비추어 피고인 2 에게 징역 8월에 집행유예 2년을 선고한 원심의 형이 너무 무거워서 부당하다.",
            "원심은 이 사건 공소사실 중 피고인 2 에 대한 명예훼손, 국회에서의 증언,감정 등에 관한 법률 위반, 정보통신망이용촉진 및 정보보호 등에 관한 법률 위반(명예훼손)의 점을 무죄로 판단하였으나, 피고인 1 이 공소사실 기재와 같은 내용으로 피고인 2 를 직접 협박한 사실은 없고, 피고인 2 가 사실과 다르게 적시하거나 증언한 부분은 중요한 부분에 관한 것이며, 피고인 2 는 미필적으로나마 자신이 적시 또는 증언한 내용이 허위임을 인식하였다고 할 것이므로, 위 공소사실은 전부 유죄로 인정되어야 한다.",
            "그러므로 원심판결에서 사실을 오인하였거나 명예훼손 및 위증죄 등에 있어서의 허위사실에 관한 법리를 오해한 잘못이 있다."
        ]
    },
    "assrs": {
        "acusrAssrs": [
            "원심은 이 사건 공소사실 중 피고인 2에 대한 명예훼손, 국회에서의 증언, 감정 등에 관한 법률 위반, 정보통신망이용촉진 및 정보보호 등에 관한 법률 위반(명예훼손)의 점을 무죄로 판단하였으나, 피고인 1이 공소사실 기재와 같은 내용으로 피고인 2를 직접 협박한 사실이 없고, 피고인 2가 사실과 다르게 적시하거나 증언한 부분은 중요한 부분에 관한 것이다.",
            "피고인 2는 미필적으로나마 자신이 적시 또는 증언한 내용이 허위임을 인식하였다고 할 것이므로, 위 공소사실은 전부 유죄로 인정되어야 한다.",
            "그러므로, 원심판결에는 사실을 오인하였거나 명예훼손 및 위증죄 등에 있어서의 허위사실에 관한 법리를 오해한 잘못이 있다.",
            "아래에서 보는 바와 같이 당심에서 피고인들에 대한 일부 공소사실에 대한 공소장 변경이 있었으나, 공소장변경과 무관한 공소사실과 공소장 변경으로 변경된 공소사실에 대하여 적용되는 사실오인 내지 법리오해 주장에 대하여는 판단하기로 한다."
        ],
        "dedatAssrs": [
            "국회에서의 증언, 감정 등에 관한 법률 위반의 점 및 무고의 점에 있어서 객관적 구성요건에 대한 사실오인피고인 1은 피고인 2에게 국내외 정세와 관련된 문건을 작성하도록 지시한 사실이 없고, 문건을 영어로 번역하여 미국으로 보내 미국 부통령 책상에까지 올라간다고 말한 사실이 없다.",
            "피고인 1은 단지 피고인 2에게 세상 돌아가는 것 좀 알려 달라고 말했을 뿐이고, 주제와 내용을 직접 제시하며 문건을 만들어 오라고 지시한 것이 아니며, 피고인 2가 자발적으로 문건을 작성하여 와 이를 가지고 대화를 나눈 것이다.",
            "피고인 1이 미국에 서류 등을 보낼 수는 있으나 미국 정부기관에 서류를 보낸 적은 없으며, 따라서 피고인 2에게 현직 미국 부통령 책상에까지 피고인 1이 보낸 문건이 올라간다라고 이야기한 사실이 없다.그럼에도 불구하고 원심은 피고인 1이 피고인 2에게 국내외 정세와 관련된 문건을 작성하도록 지시하였다.",
            "동 문건을 영어로 번역하여 미국으로 보내 미국 부통령 책상에까지 올라간다고 말하였다고 인정하고, 이 사건 공소사실을 유죄로 인정하였는바, 이는 중요한 반대증거에 대한 판단을 생략하고 전체적인 관점에서 증거를 보지 아니한 채부분만을 본 것일 뿐만 아니라 D-47 영문번역본에 대한 압수조서의 기재 등 증거능력이 없는 증거들을 동원하여 사실인정을 한 잘못을 저지른 것이다.",
            "나아가 국회에서의 증언, 감정 등에 관한 법률 위반의 공소사실은 국회의원들의 질문 내용과 피고인 1의 답변을 변형해서 기재한 것으로, 국회 속기록의 기재에 의하면 피고인 1이 국회의원들의 질문에 대하여 객관적으로 사실과 다른 진술을 한 사실이 없으므로 이 점에서도 원심판결은 사실을 오인한 것이다.",
            "국정감사장에서 국회의원들이 행한 질문의 취지가 객관적으로 명백한 것이 아니었고, 피고인 1은 그의 입장에서 기억나는 대로 사실대로 답변하였는바, 설사 객관적 사실에 어긋나는 진술이 일부 있다고 하더라도 위피고인에게 허위진술의 범의가 없었다.",
            "그런데도 원심은 위 피고인에게 허위 진술의 고의가 있었다고 사실을 그릇 인정하였다.",
            "국회에서의 증언, 감정 등에 관한 법률 제3조 및 형사소송법 제148조 에 의하면, 피고인 1의 경우 국정감사장에서 이 사건 증언을 함에 있어 선서거부권 및 증언거부권이 있다.",
            "그리고, 증언거부권 고지 규정을 두고있는 형사소송법과는 달리 국회에서의 증언, 감정 등에 관한 법률은 증언거부권 고지 규정이 없기는 하나, 증언거부권을 고지받을 권리는 진술거부권의 일종으로 헌법 제12조 제2항 에 의하여 국민의 기본권으로 보장받아야 하므로, 위 형사소송법 조항은 국회에서의 증언, 감정 등에 관한 법률에 유추 적용되어야 한다.",
            "그럼에도 불구하고 피고인 1은 이를 고지받지 못한 채 증언을 하였는바, 선서 및 증언 자체가 적법절차에 위배되어 유효하다고 볼 수 없으므로 위증죄로 처벌할 수 없다.",
            "따라서 이와 달리 인정한 원심판결은 국회에서의 증언, 감정 등에 관한 법률에서의 선서 및 증언거부권과 위증죄 성립에 관한 법리를 오해한 것이다.",
            "국회에서의 증언, 감정 등에 관한 법률 제5조 제3, 4항 은 신문요지 등에 관한 사항을 미리 송달하도록 되어있으며 이와 같은 규정은 증인보호를 위한 적법절차를 규정한 것으로서 이에 어긋나는 증언은 적법절차에 위배되어 유효하다고 볼 수 없다.",
            "피고인 1은 공소외 2 주식회사허가절차에 관한 신문요지 등을 송달받았을뿐 국가기밀 유출 여부에 관한 신문요지를 송달받은 사실이 없고, 피고인 1에게 송달된 출석요구서도 송달기간을 지키지 않았으므로, 피고인 1의 증언이 유효하다고 볼 수 없고 결국 위증죄가 성립할 수 없다.",
            "따라서 이와 달리 보아 피고인 1이 위증죄를 범하였다고 인정한 원심판결은 국회에서의 증언, 감정 등에 관한 법률제5조 제3, 4항 및 위증죄 성립에 관한 법리를 오해한 것이다.",
            "설사 피고인 1이 객관적 사실과 어긋나는 증언을 하였다고 하더라도, 피고인 1에게 달리 증언할 기대가능성이 없었으므로, 피고인 1은 무죄라 할 것인데도 피고인 1을 유죄로 인정한 원심은 기대가능성에 관한 법리를 오해한 것이다.",
            "피고인 1이 피고인 2가 자신을 미국스파이라고 음해하는 것에 대응하여 적극적으로 해명하는 과정에서 일부 지엽적인 사실을 객관적 사실과 달리 진술하였을 뿐이어서 가벌성이 크다고 할 수 없는 점 등에 비추어 피고인 1에게 징역 1년에 집행유예 2년을 선고한 원심의 형이 너무 무거워서 부당하다.",
            "피고인 2는 000과의 인터뷰 당시 피고인 1을 비방할 목적 또는 명예훼손의 고의가 없었고, 다만 당시 극도로 흥분하고 위축된 상태이어서 입법조사관실에 들어가게 된 과정에 대한 상황의 극히 일부를 착각하였을 뿐이며 입법조사관실에서 피고인 1의 행동으로 느낀 공포감을 사실 그대로 인터뷰하였다.",
            "피고인 2는 공소외 3의 촬영을 제지하는 과정에서 공소외 3의 복부를 오른쪽 손바닥 아랫부분으로 1회 세게 밀었을 뿐 오른쪽 주먹으로 때린 사실이 없고, 상해의 고의도 없었으며, 이로 인하여 공소외 3이 3주간의 치료를 요하는 상해를 입은 사실도 전혀 없다.",
            "그리고, 위 피고인의 행위는 자신의 초상권 침해를 방지하기 위한 사회상규상 정당한 행위이거나 정당방위로서 상당한 이유가 있는 것이다.",
            "피고인 2가 000 교수로 재직하고 있고, 형사처벌을 받은 전력이 없는 점, 피고인 2가 온갖 위험을 무릅쓰고 국익을 저해하는 피고인 1의 행적을 공개하는 증언을 하였다가 피고인 1 측으로부터 여러 측면의 고통을 당하고 있는 점, 피고인 2가 공소외 3의 촬영을 제지한 이유 및 폭행의 정도 등에 비추어 피고인 2에게 징역 8월에 집행유예 2년을 선고한 원심의 형이 너무 무거워서 부당하다."
        ]
    },
    "facts": {
        "bsisFacts": [
            "피고인 1은 2006.10.31.0000 국회의사당 내 문화관광위원회 국정감사장에서 증인으로 선서하고 증언함에 있어, ①사실은 함께 공소외 2 주식회사(이하 '공소외 2 회사'라고 한다)공동대표이사를 맡고 있던 피고인 2에게 국내외 정세와 관련된 문건을 작성하도록 지시하여 이에 따라 피고인 2가 8건의 소위 'S'문건 시리즈를 작성하여 보고한 사실이 있다.",
            "특히 피고인 2의 최초 작성 문건인 'S-1'의 경우피고인 2가 작성한 초안으로 보고받으면서 세세하게 보완을 지시하여 그 지시내용을 피고인 2가 그 초안에 메모하여 이를 토대로 완성한 것임에도 불구하고, 국회의원 공소외 4 가 피고인 2로부터 피고인의 지시에따라 문건을 작성하였다는 취지의 답변을 들었다.",
            "그런 후에, 피고인을 상대로 '피고인 2에게 문건 작성을 시킨 사실이 있느냐'는 취지로 질문하자 \"시킨 것은 아니다.일일이 무슨 지시를\"이라고 답변하였다.",
            "국회의원 공소외 5가 피고인 2작성의 S-1 문건을 제시하면서 '피고인 2에게 문건을 작성하라고 한 사실이 있느냐'는 취지로 질문하자 \"그런 작성이 아니고 세상 돌아가는 것을 좀 알려 달라고 얘기를 했습니다\" 라고 답변하고, 국회의원공소외 6 이 피고인의 지시내용이 메모되어 있는 S-1 문건의 초안을 제시하면서 '누구의 생각으로 메모된 것이냐'는 취지로 질문했다.",
            "\"그 메모에 들어가 있는 것은 100% 피고인 2대표가 가져온 것이지 저는 하나도모릅니다\" 라고 답변하였다.",
            "그리고 국회의원 공소외 4 가 피고인 2를 상대로 '사전에 어떤 내용을 어떻게 어떤 보고서를 만들어 달라고 하는 기본적인 방향에 대해서 지시받고 만듭니까 아니면 자발적으로 만들어서 갖다 주었습니까'라고 질문하여 피고인 2로부터 '전화를 먼저 꼭 주십니다.뭐에 대해서 만들어 오라고, 언제까지 몇 페이지로 만들어 오라고 그렇게 말씀을 하십니다'라는 답변을 들었다.",
            "피고인을 상대로 '피고인 1증인은 인정하지 않습니까'라고 질문하자 \"안 합니다\" 라고 답변함으로써, 마치 피고인 2에게 국내외 정세와 관련된 문건작성을 지시한 사실이 없는 것처럼 기억에 반하는 허위의 진술을 하였다.",
            "②사실은 피고인 2에게 '국내외 정세와 관련한 문건을 영어로 번역하여 미국에 보낸다'는 취지의 말을 한 사실이 있음에도 불구하고, 국회의원공소외 7 이 S-1 문건을 제시하면서 '이 문건이 영문으로 번역되어 미국으로 보내지고 있다'는 등의 말을 피고인 2에게 한 이유를 묻자 \"위원님은 그런 얘기를 믿으십니까\" 라고 답변하였다.",
            "마치 피고인 2에게 국내외 정세분석 문건을 영어로 번역하여 미국으로 보낸다는 말을 한 사실이 없는 것처럼 기억에 반하는 허위의 진술을 하였다.",
            "공소외 8 주식회사(대표이사 피고인 1, 이하 '공소외8 회사'라고 한다)는 2006.3.경 ㅁㅁ지역 민영방송 사업자 선정과 관련하여 000 등과 함께 000 컨소시엄을 구성하여 2006.3.27.방송위원회에 가칭 공소외 9 주식회사(대표이사 피고인 2, 이하 '공소외 9 회사'라고 한다)명의의 허가추천신청서를 제출하여 2006.4.28.방송위원회로부터 ㅁㅁ지역 지상파 방송사업허가추천 대상 법인으로 선정되었다.",
            "소외 9 회사는 공소외 2 회사를 설립한 사실, 공소외 8 회사와000는 위 컨소시엄 연합 방안 및 설립예정이었던 공소외 2 회사의 대표이사와 편성책임자의 임기 등을 둘러싸고 이견이 발생하여 000는 2006.4.13.공소외 8 회사에게 공소외 9 회사의 대표이사이던 피고인 2의 임기를 공소외 2 회사설립 후 3년으로 정하였다.",
            "그 이전에 해임할 경우에는 위약금을 지급해 줄 것을 요청하였으나, 공소외 8 회사는 2006.4.19.000에게 피고인 2의 고용계약 기간의 범위를 사업법인 설립 전까지로 국한되어야 한다고 주장하여 갈등이 계속되다가 2006.8.29.공소외 2 회사의 이사회를 통해 공모로 대표이사가 새로 선임될 때까지 피고인 1과 피고인 2를 임시 공동대표이사로 선임하기로 결정한 사실이 있다.",
            "공소외 8 회사의 공모 준비작업에 참여하였던 공소외 1(대법원판결의 공소외인)은 2006.7.1.경 공소외 8회사의 방송자문역으로 입사하였으나 기존에 제출한 이력서가 허위로 판명되고 대외적으로 회사의 고위직을 사칭하고 다닌다는 등의 문제가 생기자 2006.9.21.경 퇴사하였다.",
            "후 2006.9.24.경 공소외 10 주식회사(이하 '공소외 10 회사'라 한다)에 근무하는 공소외 11에게 공소외 2 회사의 주금납입과 관련해서 공소외 10 회사와 합의한 합의서 파일 등을 이메일로 보내달라고 하여 공소외 11로부터 합의서 등을 이메일로 교부받고 구 000 직원세부분류표를 입수하여 둔 것을 기화로 하였다.",
            "공소외 2 회사에 대한 사업계획 승인 및 지상파 방송사업 허가추천여부 결정을 위한 방송위원회 전체회의를 앞두고 있던 2006.10.초순경 000의 공소외 12 기자에게 공소외 2 회사선정 당시 공소외 8 회사가 청와대와 방송위원회에 금품로비를 하였다는 제보를 하였고, 공소외 12 는 2006.10.11.자 기자협회보에 위와 같은 내용의 기사를 게재한 사실이 있다.",
            "공소외 1은 2006.10.초순경 당시 국회 문화관광위원회 소속 국회의원 공소외 13의 보좌관 공소외 14에게 공소외 8 회사가 공소외 10 회사로부터 공소외 2 회사의 지분을 매입하기로 하는 이면합의를 하여 방송법 소정의 최대주주 규정을 위반하였고, 구 000 직원들의 성향을 분석하여 고용승계를 제한하였다.",
            "피고인 1이 청와대 홍보수석실 행정관 등에게 금품을 제공하는 등 문제가 많다고 제보하면서 공소외 11로부터 받은 위 합의서 및 자신이 공소외 8 회사에 근무할 때 작성하였던 위 합의서의 기안 용지, 구 000 직원세부분류표 등을 공소외 14에게 이메일로 제공하였다.",
            "공소외 14를 통하여 위 각 자료들을 입수한 국회의원 공소외 13은 2006.10.16.국회기자실에서 기자회견을 열어 제2의 000 사태를 막아야 한다는 제목아래 위 공소외 1의 제보 내용과 같은 취지의 성명을 발표하고 위 내용이 기재된 보도자료를 기자들에게 배포한 사실이 있다.",
            "국회 문화관광위원회 상임위원회는 2006.10.23.000 컨소시엄  측이 민영방송 사업자로 선정되는 과정에서 금품로비를 벌였다는 등의 의혹을 규명하기 위하여 피고인 1과 피고인 2를 방송위원회에 대한 국정감사의 증인으로 채택하였고, 증인으로 신문할 요지에 대하여 공소외 2 회사추천과정에서의 하자의 존부라고 기재하여 출석요구서를 보낸 사실이 있다.",
            "피고인 2는 2006.10.31.위 국정감사장에서 증언에 앞서 피고인 1의 정보 해외유출 의혹을 폭로하는 내용이 담긴 공소외 8 회사피고인 1회장의 이해 못할 활동에 대하여라는 제목의 문건을 배포한 후 증인으로 출석하였고, 피고인 1도 증인으로 출석하여 선서한 다음 국회의원들의 질의에 대하여 아래 증언 내용(공소사실과 관련된 부분에 한하여 기재함)과 같이 진술한 사실이 있다.",
            "한편 피고인 1은 위 선서에 앞서 국회 문화관광위원회 위원장 국회의원 공소외 15로부터 증언거부권을 고지받지 아니한 사실을 인정할 수 있다."
        ]
    },
    "dcss": {
        "courtDcss": [
            "수차례 주한미군에 들어가거나 방한한 미정부 관계자를 만나서 주기도 한다, 중요한 문서는 바로 다음날 미국 부통령 책상 앞에 올라간다 등의 말을 하는 것을 들은 사실이 있다고 진술하고 있는 반면, 피고인 1은 단지 피고인 2에게 세상 돌아가는 것 좀 알려 달라고 말했을 뿐이라면서 정세분석 문건의 작성을 지시한 사실 및 위 문건이 영어로 번역되어 미국으로 보내진다는 말을 한 사실을 극구 부인하고 있다.",
            "앞서 언급한 4건의 영문본 외에 나머지 S문건 영문본은 증거로 제출되지 아니하여 S문건 영문본이 더 존재하는지 여부는 알 수가 없으나, 모든 S문건의 영문본이 존재하여야만 피고인 1이 정세분석 문건이 영어로 번역되어 미국으로 보내진다는 말을 한 사실을 뒷받침할 수 있는 것은 아니라고 할 것인 점 등에 비추어보면, 위 주장은 받아들일 수 없다.",
            "따라서, 수정 전 S-1 문건의 기재 내용을 근거로 피고인 1이 S-1 문건의 세부적인 내용 작성에 상당 부분관여한 것으로 본 원심의 판단은 수긍할 수 없다.",
            "문건 작성을 지시받은 사실은 없다고 진술하고 있는 이상 피고인 1이 공소외 21 등에게 각 문건의 작성을 지시하였다고까지 인정할 수는 없을 뿐만 아니라, 나아가 피고인 1이 피고인 2에게 구체적인 내용에 관한 문건을 작성하도록 지시하였다고 인정할 수는 더더욱 없는 것이므로, 이부분 원심의 판단은 수긍할 수 없다.",
            "위와 같이 위법한 압수를 통하여 수집된 압수물인 D-47 영문 번역본(증거목록 순번 80), 문건 A 내지 Z-1(증거목록 순번 243 내지 268)과 2007.1.12.자 압수조서(증거목록 순번 57), D-47 발견 수사보고(증거목록 순번 79)의 각 기재는 이를 유죄 인정의 증거로 삼을 수 없다.",
            "이를 기초로 하여 획득한 2차적 증거인 각 수사보고(증거목록 순번 83, 94, 95, 97, 98, 99)의 각 기재와 각 컴퓨터 하드 내 문서파일 출력물(증거목록 순번 84 내지 88)역시 유죄 인정의 증거로 삼을 수 없다.",
            "원심은, 피고인 2 측이 2006.10.16.공소외 8 회사사무실에서 피고인과의 대화를 녹음한 내용을 들어보면 피고인 2가 피고인에게 북한 핵실험 발표 이후 상황이라는 제목의 S-7 문건을 보고하는 상황이 나오는데 이에 관하여 피고인과 피고인 2사이에 이루어지는 대화의 분위기를 살펴보았다.",
            "피고인은 자연스럽게 보고를받으면서 때때로 추가로 필요한 부분에 관한 설명을 요구하거나 자신이 제대로 이해하고 있는지 반문하기도 하여 도저히 전혀 지시하지 않은 사항을 보고받고 있는 상황으로는 들리지 않았다.",
            "같은 달 23.대화의 발언취지를 살펴볼 때 피고인 2에게 정리해서 보고해달라고 한 자료는 피고인 2가 반복적으로 작성하던 정세분석 문건을 의미하는 것으로 보이고, 피고인 1의 주장과 달리 공소외 2 회사와는 별다른 관계가 없는 문건임을 알 수 있다고 판시하고 있다.",
            "살피건대, 국립과학수사연구소에서 작성한 감정서의 기재에 의하면, 피고인 2 측이 제출한 위 대화 녹음자료 자체에는 조작이나 편집의 흔적이 없는 사실을 인정할 수 있으나, 기록에 의하면 위 녹음자료는 피고인 2 측이 피고인 1몰래 보이스펜 등으로 녹음한 것으로 S-7 문건을 보고하는 대화의 녹음자료는 제출되었다.",
            "그뒤에 이루어졌다는 S-8 문건의 보고 장면을 녹음한 자료는 제출되지 아니한 사실 및 위와 같은 대화 내용들은 그 앞뒤 사정을 전혀 알 수가 없고, 그날 대화의 전부인지도 분명하지 아니한 사실을 알 수 있는바, 이러한 사정에 비추어 보면 피고인 2 측은 피고인 1과 대화 내용 중 피고인 2 측에 유리한 부분이 포함된 내용만을 제출하였을 가능성을 배제할 수 없다.",
            "그러므로, 위 2006.10.16.대화를 녹음한 내용에 피고인 1이 피고인 2로부터 북한 핵실험 발표 이후 상황이라는 제목의 S-7 문건을 보고받으면서 때때로 추가로 필요한 부분에 관한 설명을 요구하거나 자신이 제대로 이해하고 있는지 반문하기도 하는 상황이 있다.",
            "같은 달 23.의 대화를 녹음한 내용에 피고인 1이 피고인 2에게 자료정리해서 주면 되고 있다 보고를 해줘요.보고해 주고라고 한 발언이 있는 사정은 원심이 판시하고 있는 바와 같다고 하더라도, 위 대화의 전반적인 내용에 비추어 볼 때, 이하 다음과 같다.",
            "즉,  2006.10.16.대화에서 피고인 1이 피고인 2로부터 문건을 보고받으면서 설명을 요구하거나 제대로 이해하고 있는지 반문한 사정이나 그 대화의 분위기를 근거로 피고인 1이 정세분석 문건의 작성을 지시하였다고 단정할수 없다.",
            "같은 달 23.대화에서 언급한 자료가 원심이 판시한 바와 같이정세분석 문건을 의미하는 것으로 공소외 2 회사와는 관계가 없는 문건이라고 인정할 수도 없으므로, 위와같은 녹음 음성파일 내용을 유죄의 증거로 삼은 원심의 판단은 수긍할 수 없다.",
            "또한, 원심은 위 녹음 음성파일 중 피고인 1이 자료를 수집하여 영어로 번역해 외국으로 보낸다는 취지 및 미국 정부 유력인사와의 친분관계와 그들에 대한 영향력을 과시하는 취지의 발언이 존재한다는 점이 피고인 1이 정세분석 문건을 번역하여 미국으로 보낸다는 말을 한 사실을 뒷받침한다는 취지로 판시하였으나, 위와 같은 이유로 이 부분 판단역시 수긍할 수 없다.",
            "원심은, 피고인 2가 당시 피고인 1과의 대화내용을 기록한 수첩에 북한 핵실험의 배경에 관한 피고인 1의설명 및 핵에 연관된 국내 반응 등을 문건으로 작성하라고 지시하는 내용이 기재되어 있어 피고인 2의 진술에 부합하고, 수첩의 형태, 기재 내용 및 피고인 2가 스스로 수첩을 제출한 것이 아니다.",
            "검찰의 피고인 2자택에 대한 압수수색결과 압수된 점에 비추어 피고인 2가 미리 수첩에 허위의 내용을 기재한 것으로 보이지 않는다는 이유로 피고인 2가 작성한 수첩의 기재를 유죄의 증거로 적시하고 있다.",
            "그러나, 기록상 위 수첩의기재는 피고인 2가 혼자서 일방적으로 작성한 것인 점, 위 수첩에 회장이라는 제목 아래...핵 불가, 00 지원액이 핵을 지원, BDA...주말에 보고 등의 내용이 기재되어 있으나, 피고인 1로부터 지시받은 내용을 기재한 것인지 아니면 보고할 내용을 피고인 2스스로 정리하고 계획을 세운 것인지 명확하지 않은 점이 있다.",
            "위 수첩의 기재가 그 기재된 날짜에 작성된 것인지 분명하지 않고, 사후에 S문건의 보고 내용에 맞추어 작성되었을 가능성을 완전히 배제할 수는 없는 점 등에 비추어 볼 때, 위 수첩이 검찰에 의하여 압수된 사정 등을 고려하더라도 위 수첩의 기재 내용을 유죄의 증거로 삼은 원심의 판단은 수긍할 수 없다.",
            "또한, 원심은, 피고인 1과 피고인 2의 통화내역을 분석한 결과에 의하면 피고인 1이 실제로 피고인 2가주장하는 일시에 피고인 2의 자택, 사무실, 휴대전화로 전화한 사실이 인정되어 피고인 2의 진술에 부합한다는 이유로 통화내역 조회결과를 유죄의 증거로 적시하고 있다.",
            "그러나, 위 통화내역 조회결과를 살펴보면, 피고인 2가 주장하는 일시에 피고인 1과의 통화가 이루어진 사실을 인정할 수는 있으나, 문건의 주제와 작성기한을 지시하기에는 너무 짧은 시간인 20초 또는 28초(피고인 2는 이때 피고인 1이 S-5, S-6 문건의 작성을 지시하였다고 주장한다)동안 통화한 경우도 있는 점에 비추어 보았다.",
            "이를 근거로 피고인 1이 피고인 2에게 전화를 걸어 개별 문건마다 구체적으로 주제와 작성기한을 정하여 지시하였다고 인정할 수는 없으므로, 이 부분 원심의 판단도 수긍할 수 없다.",
            "이 부분 항소이유 주장은 위 인정 범위내에서만 이유가 있다.",
            "나아가 위 공소사실이 피고인 1에 대한 질문과 답변 내용을 변형한 결과 국회의원들의 질문에 대하여 객관적으로 사실과 다른 진술을 하지 않은 것을 사실과 다르게 진술한 것으로 왜곡한 것이라고 할 수는 없으므로, 이 부분 항소이유 주장은 이유가 없다.",
            "따라서 위 형사소송법 제160조 규정이 국회에서의 증언, 감정 등에 관한 법률에도 유추적용되어야 한다고 인정할 근거는 없다.",
            "항소이유 주장과 같이 그 질문 취지가 객관적으로 명백한 것이 아니었다고 할 수 없을 뿐 아니라 피고인 1이 억울함을 항변하는 의미에서 답변하였다고 하더라도 그로 인하여 허위진술의 범의가 없다고 할 수도 없다.따라서, 이 부분 항소이유 주장도이유가 없다.",
            "송달기간을 준수하지 못한 증인출석요구에 대하여 증인이 출석요구일에 불출석한것을 처벌할 수는 없는 것은 별론으로 하고, 위 규정이 강행규정임을 근거로 출석요구일에 출석한 증인이 허위의 진술을 하는 것까지 처벌할 수 없다고 해석할 수는 없으므로, 이 부분 항소이유 주장도 이유가 없다.",
            "사실대로 증언할 경우 형사처벌을 받을 염려가 있다는 이유로 피고인에게 사실대로 진술할 것을 기대할 가능성이 없다고 볼 수는 없으니, 이 부분 항소 이유 주장도 이유가 없다.",
            "피고인 1이 이 부분에 대하여 피고인 2를 명예훼손 혐의로 고소한 것은 허위내용을 고소한 것이 명백하고, 그것이 신고한 사실의 일부라고 하더라도 단지 신고한 사실을 과장한 것에 불과한 경우라고 볼 수는 없다.따라서, 이 부분 항소이유 주장은 이유가 없다.",
            "그와 같이 작성된 문건이 영어로 번역되어 미국에 보내진다는 말을 들었다는 취지의 허위사실을 적시하여 명예를 훼손하였으니 처벌해 달라는 허위내용의 고소장을 작성한 후 2006.11.22.서울남부지방검찰청 민원실에 접수하여 피고인 2를 무고하고,로 변경하는 것으로 공소장변경 신청을 하였고 당원이 이를 허가하여 이 부분에 대한 심판의 대상이 달라졌으므로, 이 점에서도 원심판결은 유지될 수가 없다."
        ]
    },
    "close": {
        "cnclsns": [
            "이상에서 본 바와 같이 원심은 국회에서의 증언, 감정 등에 관한 법률 위반 공소사실 중 일부를 유죄로 잘못 인정한 후 나머지 위 법률 위반죄 및 무고죄에 대하여 하나의 형을 선고하였으므로 원심판결은 전부 파기를 면할 수 없다.",
            "따라서, 이 부분 공소사실에 대하여 무죄로 판단한 원심판결에는 사실을 오인하였거나 명예훼손죄에 있어서의 허위사실의 공표 등에 관한 법리를 오해하여 판결에 영향을 미친 위법이 있다고 할 것이므로, 이를 지적하는 검사의 항소이유 주장은 이유가 있다.",
            "이 부분 공소사실과 원심이 유죄로 인정한 나머지 죄들은 형법제37조 전단의 경합범 관계에 있어 하나의 형이 선고되어야 할 것이므로 원심판결의 무죄부분과 유죄부분은 모두 유지될 수 없다.",
            "한편, 당심에 이르러 검사는 피고인 2에 대한 공소사실 중 상해 부분을피고인은 2007.4.30.국회에서의 증언감정 등에 관한 법률 위반 등으로 기소되어 서울남부지방법원에 재판계속 중에 있었다.",
            "피고인은2007.9.18.13:50경 0000에 있는 서울남부지방법원 1층 현관에서 피해자인 공소외 2 회사기자 공소외 3(38세)이 법원의 촬영허가를 받고 위 사건으로 형사재판을 받기 위해 법정으로 향하는 자신을 촬영하고 있는 것을 보고 피해자에게 촬영하지 말라고 요청하였음에도 계속 촬영한다는 이유로 화가 나 갑자기 오른쪽 주먹으로 피해자의 복부를 1회 때려 피해자에게 치료일수 불상의 장마비 및 대장타박상을 가하였다.",
            "변경하는 것으로 공소장변경 신청을 하였고 당원이 이를 허가하여 이 부분에 대한 심판의 대상이 달라졌으므로, 이 부분과 형법 제37조 전단의 실체적 경합범에 해당하는 다른 범죄사실을 유죄로 인정하여 위피고인에 대하여 하나의 형을 선고한 원심판결의 유죄부분은 이 점에서도 그대로 유지될 수 없다.",
            "그렇다면, 피고인 1의 항소와 검사의 피고인 2에 대한 항소는 이유 있으므로, 형사소송법 제364조 제6항에 의하여 피고인들에 대한 원심판결을 모두 파기하고 변론을 거쳐 다시 다음과 같이 판결한다.",
            "따라서, 피고인 2에 대하여는 무죄가 선고되어야 함에도, 원심은 이를 유죄로 판단하였으니 원심판결에는 사실을 오인하였거나 해당 범죄의 성립 등에 관한 법리를 오해한 잘못이 있다."
        ]
    }
}