{
    "info": {
        "caseField": "2",
        "detailField": "6",
        "trailField": "2",
        "caseNm": "특정경제범죄가중처벌등에관한법률위반(사기),통신비밀보호법위반,방문판매등에관한법률위반,유사수신행위의규제에관한법률위반,배상명령신청",
        "courtNm": "서울고등법원",
        "judmnAdjuDe": "2009. 05. 13.",
        "caseNo": "2008노3261,2009초기27,92,93,99,101∼115,118∼127,129∼149,152∼166,169∼197,199∼273,275∼329,335",
        "relateLaword": [
            "특정경제범죄 가중처벌 등에 관한 법률 제3조",
            "형법 제351조",
            "형법 제347조",
            "형법 제30조",
            "유사수신행위의 규제에 관한 법률 제6조\n",
            "유사수신행위의 규제에 관한 법률 제3조",
            "방문판매 등에 관한 법률 제52조",
            "방문판매 등에 관한 법률 제23조",
            "형법 제37조",
            "형법 제38조",
            "형법 제50조",
            "형법 제53조",
            "형법 제55조",
            "형법 제57조",
            "형법 제62조",
            "보호관찰 등에 관한 법률 제59조",
            "형법 제48조",
            "방문판매 등에 관한 법률 제23조",
            "형법 제62조의1",
            "형법 제48조"
        ],
        "qotatPrcdnt": [
            "대법원 2006. 2. 23. 선고 2005도8645 판결",
            "대법원 2004. 5. 14. 선고 2004도74 판결",
            "대법원 2005. 7. 22. 선고 2005도3352 판결",
            "대법원 2007. 10. 26. 선고 2007도4702 판결",
            "대법원 2006. 9. 8. 선고 2006도2860 판결 ",
            "대법원 2007. 1. 25. 선고 2006도7470 판결",
            "대법원 2007. 10. 26. 선고 2006도7968 판결",
            "대법원 1990. 10. 16. 선고 90도1604 판결",
            "대법원 2007. 6. 1. 선고 2007도2144 판결",
            "대법원 2008. 4. 10. 선고 2008도1274 판결",
            "대법원 2006. 10. 12. 선고 2006도4981 판결",
            "대법원 2005. 10. 14. 선고 2005도12 판결"
        ]
    },
    "concerned": {
        "acusr": "4",
        "dedat": "1"
    },
    "org": {
        "orgJdgmnCourtNm": "서울중앙지방법원",
        "orgJdgmnAdjuDe": "2008. 11. 20.",
        "orgJdgmnCaseNo": "2007고합1233"
    },
    "disposal": {
        "disposalform": "6",
        "disposalcontent": [
            "원심판결의 유죄 부분 중 피고인 28 을 제외한 나머지 피고인들에 대한 부분, 원심판결의 무죄 부분 중 위 피고인들에 대한 방문판매 등에 관한 법률위반 부분을 모두 파기한다.",
            "피고인 1 을 징역 10년에, 피고인 2 를 징역 5년에, 피고인 6 을 징역 3년에, 피고인 3 , 5 를 각 징역 2년 6월에, 피고인 4 , 14 , 16 , 20 을 각 징역 2년에, 피고인 7 , 10 , 12 , 24 를 각 징역 1년 6월에, 피고인 11 , 15 , 17 , 18 , 21 , 22 , 25 , 26 을 각 징역 1년에, 피고인 8 , 9 , 13 , 19 , 23 , 27 을 각 징역 10월에 각 처한다.",
            "원심판결 선고 전의 구금일수 179일을 피고인 1 에 대한 위 형에, 172일을 피고인 2 에 대한 위 형에, 1일을 피고인 4 에 대한 위 형에 각 산입한다.",
            "다만, 이 판결 확정일로부터 피고인 4 , 14 , 16 , 20 에 대하여는 각 4년간, 피고인 7 , 10 , 12 , 24 에 대하여는 각 3년간, 피고인 8 , 9 , 11 , 13 , 15 , 17 , 18 , 19 , 21 , 22 , 23 , 25 , 26 , 27 에 대하여는 각 2년간 위 각 형의 집행을 유예한다.",
            "피고인 4 , 14 , 16 , 20 에 대하여는 각 400시간의, 피고인 7 , 10 , 12 , 24 에 대하여는 각 320시간의, 피고인 11 , 15 , 17 , 18 , 21 , 22 , 25 , 26 에 대하여는 각 200시간의, 피고인 8 , 9 , 13 , 19 , 23 , 27 에 대하여는 각 120시간의 사회봉사를 명한다.",
            "압수된 컴퓨터 본체 3대(서울중앙지방검찰청 2007압제4916호의 증 제1호), USB 메모리 1개(같은 증 제2호)를 피고인 5 로부터, 컴퓨터 본체 3대(같은 증 제15호)를 피고인 1 로부터 각 몰수한다.",
            "피고인 28 에 대한 검사의 항소, 원심판결의 무죄부분 중 피고인 14 , 16 , 20 에 대한 특정경제범죄 가중처벌 등에 관한 법률위반(사기) 부분 및 피고인 5 , 8 , 9 , 13 에 대한 통신비밀보호법위반 부분에 대한 검사의 항소를 모두 기각한다.",
            "배상신청인들의 신청을 모두 각하한다."
        ]
    },
    "mentionedItems": {
        "rqestObjet": [
            "원심은 그 판시와 같은 이유만으로 이 부분 공소사실을 유죄로 인정함으로써 사실오인 내지 법리오해의 위법을 저질렀다.",
            "피고인에 대한 제반 양형조건들을 고려할 때, 원심의 형량은 지나치게 무거워 부당하다.",
            "원심은 그 판시와 같은 이유만으로 이 부분 공소사실에 대하여 무죄를 선고함으로써 사실오인의 내지 법리오해의 위법을 저질렀다.",
            "피고인들에 대한 제반 양형조건들을 고려할 때, 원심의 각 형량은 지나지체 가벼워 부당하다."
        ]
    },
    "assrs": {
        "acusrAssrs": [
            "피고인 14, 16, 20 에 대한 특정경제범죄 가중처벌 등에 관한 법률위반(사기)부분에 관한 사실오인피고인들은 각 최상위직급자인 본부장들로서 매월 본사에서 개최하는 회의에 참석하여 매월 또는 매주의 매출현황 및 수당지급 현황을 보고받았던 점이 있다.",
            "그에 따라 하위투자자의 계속적인 모집 외에는 선순위투자자에 대한원리금 및 수당지급은 불가능하게 될 것이라는 사실을 인식하였음에도 지속적으로 하위투자자들에게 상품권매입을 권유하였던 점 등에 비추어보면, 피고인들도 상피고인 1 등의 사기 범행에 가담하였다고 보아야 한다.",
            "피고인들에 대한 이 부분 공소사실에 대하여 유죄가 인정됨에도, 원심은 그 판시와 같은 이유만으로 이 부분 공소사실에 대하여 무죄를 선고함으로써 사실오인의 위법을 저질렀다.",
            "피고인들은 녹음을 하기 전에 조사를 받는 장소인 경찰청 형사과 사무실이 경찰관과 조사대상자 2인만이 있는 독립된 공간이 아니라 다른 경찰관들이 각자의 일을 하면서 상시적으로 대화를 하는 공개된 공간이라는 사실을 모두 알고 있음에도 사무실에서 이루어진 대화를 모두 녹음하였다.",
            "피고인들에 대한 이 부분 공소사실에 대하여 유죄가 인정됨에도, 원심은 그 판시와 같은 이유만으로 이 부분 공소사실에 대하여 무죄를 선고함으로써 사실오인 내지 법리오해의 위법을 저질렀다.",
            "피고인들에 대한 제반 양형조건들을 고려할 때, 원심의 각 형량은 지나치게 가벼워 부당하다."
        ],
        "dedatAssrs": [
            "피고인은 1단계로 0 상품권을 통하여 충성고객 및 가맹점을 확보하고, 2단계로 000의 자사 브랜드인 '000' 정수기, '000' 화장품 및 액세서리를 개발하여 출시하는 등 수익사업을 하고, 3단계로 온라인머니로 영역을 확대하는 등의 계획을 세웠고, 실제로 0 상품권은 9,000여개의 가맹점에서 유통되어 정상적으로 상환이 이루어졌다.",
            "000, 000 등의 수익사업을 시작하는 등으로 그 상환에 전혀문제가 없었음에도 서울지방경찰청 광역수사대의 장기간에 걸친 수사로 인하여 영업 및 수익사업을 제대로 하지 못하게 되어 상환이 이루어지지 못한 것이어서 피고인이 0 상품권을 판매하여 피해자들로부터 금원을 편취하려고 하는 범의가 없었음에도, 원심은 그 판시와 같은 이유만으로 이 부분 공소사실을 유죄로 인정함으로써 사실오인 내지 법리오해의 위법을 저질렀다.",
            "이 사건 0 상품권은 가맹점에서 유통되고 정상적으로 상환이 이루어졌으므로 피고인이 유사수신행위를 하였다고 볼 수 없고, 설사 그렇지 않다고 하더라도 변호사에게 자문을 하여 법에 위반되지 않는다는 의견을 듣고 위와 같은 행위를 한 것이므로 죄가 되지 아니함에도, 원심은 그 판시와 같은 이유만으로 이 부분 공소사실을 유죄로 인정함으로써 사실오인 내지 법리오해의 위법을 저질렀다.",
            "피고인에 대한 제반 양형조건들을 고려할 때, 원심의 형량(징역 10년)은 지나치게 무거워 부당하다.",
            "피고인은 상피고인 1 이 000의 고문이 되어 달라고 요청하여, 이에 응하여 고문이라는 직함을 가지고 기본 급여와 인센티브를 받기 위해 상품권 판매를 담당하였을 뿐, 상피고인 1 과 이 사건 특정경제범죄 가중처벌 등에 관한 법률위반(사기)범행을 공모한 사실이 없다.",
            "또한 상품권 구매자들인 피해자들로부터 상품권 구입비 명목으로 금원을 지급받더라도 약정대로 원금을 초과하는 고액의 수익을 지급할 의사나 능력이 없었다는 사실을 전혀 인식하지 못하였으므로 편취의 범의가 없음에도, 원심은 그 판시와 같은 이유만으로 이부분 공소사실을 유죄로 인정함으로써 사실오인 내지 법리오해의 위법을 저질렀다.",
            "또한, 피고인은 이 사건 특정경제범죄 가중처벌 등에 관한 법률위반(사기)범행과 동일하거나 유사한 전과가 없음은 물론 이 사건 범행에 가담하게 된 경위와 가담 정도에 비추어 피고인에게 사기의 상습성을 인정할 수없음에도, 원심은 그 판시와 같은 이유만으로 피고인을 상습사기로 인한 특정경제범죄 가중처벌 등에 관한 법 률위반(사기)죄로 처단하였으니, 이로써 상습성에 관한 법리를 오해한 위법을 저질렀다.",
            "이 사건 0 상품권은 가맹점에서 유통되고 정상적으로 상환이 이루어졌으므로 피고인이 유사수신행위를 하였다고 볼 수 없고, 설사 그렇지 않다고 하더라도 변호사에게 자문을 하여 법에 위반되지 않는다는 의견을 듣고 위와 같은 행위를 한 것이므로 죄가 되지 아니함에도, 원심은 그 판시와 같은 이유만으로 이 부분 공소사실을 유죄로 인정함으로써 사실오인 내지 법리오해의 위법을 저질렀다.",
            "피고인에 대한 제반 양형조건들을 고려할 때, 원심의 형량(징역 5년)은 지나치게 무거워 부당하다.",
            "피고인은 000의 차장으로서 근무하였을 뿐이고, 0 상품권은 9,000여개의 가맹점에서 유통되어 정상적으로 상환이 이루어졌고 000, 000 등의 수익사업을 시작하는 등으로 그 상환에 전혀 문제가 없었음에도 서울지방경찰청 광역수사대의 장기간에 걸친 수사로 인하여 수익사업을 제대로 하지 못하게되어 상환이 이루어지지 못한 것이어서 피고인이 0 상품권을 판매하여 피해자들로부터 금원을 편취하려고 하는 범의가 없었다.",
            "원심은 그 판시와 같은 이유만으로 이 부분 공소사실을 유죄로 인정함으로써 사실오인 내지 법리오해의 위법을 저질렀다.",
            "이 사건 0 상품권은 가맹점에서 유통되고 정상적으로 상환이 이루어졌으므로 피고인이 유사수신행위를 하였다고 볼 수 없고, 설사 그렇지 않다고 하더라도 변호사에게 자문을 하여 법에 위반되지 않는다는 의견을 듣고 위와 같은 행위를 한 것이므로 죄가 되지 아니함에도, 원심은 그 판시와 같은 이유만으로 이 부분 공소사실을 유죄로 인정함으로써 사실오인 내지 법리오해의 위법을 저질렀다.",
            "피고인에 대한 제반 양형조건들을 고려할 때, 원심의 형량(징역 4년)은 지나치게 무거워 부당하다.",
            "피고인은 입출금 담당 책임자가 자금 지급의 결재를 요구하면 이를 검토하여 결재하고 000의 대표이사인 상피고인 4 의 최종결재를 얻는 등 형식적인 업무만을 취급하여 이 사건 상품권을 판매하여 피해자 들로부터 금원을 편취하려고 하는 범의가 없었다.",
            "또한 피고인은 000의 상품권 판매 및 조직 관리를 전체적으로 관리하거나, 입출금을 관장하는 등으로 특정경제범죄 가중처벌 등에 관한 법률위반(사기)및 유사수신행위의규제에관한법률위반 범행에 공모한 사실이 없음에도, 원심은 그 판시와 같은 이유만으로 이 부분 공소사실을 유죄로 인정함으로써 사실오인의 위법을 저질렀다.",
            "피고인에 대한 제반 양형조건들을 고려할 때, 원심의 형량(징역 3년)은 지나치게 무거워 부당하다.",
            "피고인은 회사 설립 단계시에 법인 설립에 일체 관여하지 않았고, 회사 경영에도 전혀 참여하지 않았으며, 영업팀을 구성하지도 않았고, 영업팀의 본부장, 직원들을 교육한 것이 아니라 여타 본부장들과 함께 교육을 받는 피교육자의 입장에 있었던 점이 있다.",
            "다른 본부장들과 비교하여도 그 지위나 역할에 특별히 달리 취급할 이유가없는 점 등에 비추어 상피고인 1 등과 공모한 사실이 없고, 또한 상품권 구매자들인 피해자들로부터 상품권 구입비 명목으로 금원을 지급받더라도 약정대로 원금을 초과하는 고액의 수익을 지급할 의사나 능력이 없었다는 사실을 전혀 인식하지 못하였으므로 편취의 범의가 없다.",
            "원심은 그 판시와 같은 이유만으로 이 부분 공소사실을 유죄로 인정함으로써 사실오인 내지 법리오해의 위법을 저질렀다.",
            "이 사건 0 상품권은 가맹점에서 유통되고 정상적으로 상환이 이루어졌으므로 피고인이 유사수신행위를 하였다고 볼 수 없고, 설사 그렇지 않다고 하더라도 변호사에게 자문을 하여 법에 위반되지 않는다는 의견을 듣고 위와 같은 행위를 한 것이므로 죄가 되지 아니함에도, 원심은 그 판시와 같은 이유만으로 이 부분 공소사실을 유죄로 인정함으로써 사실오인 내지 법리오해의 위법을 저질렀다."
        ]
    },
    "facts": {
        "bsisFacts": [
            "0 상품권 발행사인 000는 상품권 판매사인 000에 상품권을 액면가의 88%에 해당하는 금액으로 판매하고, 000은 딜러, 상근딜러 등의 영업조직을 통하여 구매자들에게 상품권 구입금액에 따라 원금 대비 125∼140%의 상품권(5천 원권, 만 원권, 5만 원권, 10만 원권, 50만 원권,100만 원권의 6종류)을 할증하여 교부한다.",
            "상품권을 소지한 구매자들은 4∼5개월 내에 상품권 환전사인 000에서 6∼10%의 수수료를 공제하고 현금으로 상환받거나, 000와 사이에 가맹점계약을 체결한 가맹점에서 물품이나 용역을 구입하면서 현금과 동일하게 사용한다.",
            "이 과정에서 구매자들은 상품권 구매 당시의 할증율 25∼40%와 상품권 상환 당시의 수수료율 6∼10%와의차액 상당의 이득을 취하고, 000, 000은 구매자들이 얻는 이득에 상응하는 적자를 볼수 밖에 없다.",
            "000는 000로부터 차입한 금원으로 구매자에게 상품권을 상환하여 주고, 매입한 상품권은 다시5% 할인된 금액으로 가맹점인 주유대리점, 프랜차이즈업체, 농산물취급업체, 쇼핑몰에 재판매해서 그 판매대금으로 000에 대한 대여금을 변제하고, 가맹점은 구매자들로부터 물품이나 용역의 구입대금으로 받은 상품권을 1.5∼6%의 수수료를 공제하고 000로부터 현금으로 상환받는다.",
            "이 과정에서 가맹점은 위와 같이 000로부터 5% 할인된 금액으로 구입하거나, 000의 판매원으로 등록하여 125∼140%로 할증하여 구입한 상품권을 마치 소비자들이 실제로 가맹점에서 물품이나 용역을 구입한 것처럼 가장하여 000로부터 현금을 상환받아 상품권 구입가와 상환가액과의 차액 및 판매원으로서의 판매수당의 이득을 보는 경우도 있는데, 000, 000은 그 이득에 상응하는 적자를 볼 수 밖에 없다.",
            "00은 등록된 판매원(딜러)이 상품권을 판매하는 경우 딜러는 판매금액의 5%(2006.10.이후에는 3∼4%)의 판매지원비를, 상근딜러는 판매금액의 2%(2006.10.이후에는 0.5∼2%), 부장은 판매금액의 2%(2006.10.이후에는 0.88%), 본부장은 판매금액의 1%(2006.10.이후에는 0.44%)의 판매장려금을 지급하였다.",
            "부장과 본부장들에게는 판매금액의 각 1%(2006.10.이후에는 0.44%)의 판매촉진비를, 지점장들에게는 판매금액의 2%(2006.10.이후에는 1,000만 원에서 5,000만 원의 정액제)의 지점운영비를, 딜러와 상근딜러들에게는 20일 이상 출근하며 영업활동을 하였을 경우 월 80만 원의 영업지원비를 각 지급하였다.",
            "위와 같은 각종 수당들의 지급으로 인하여 000, 000은 그에 해당하는 적자를 볼 수 밖에 없다.",
            "000는 위와 같은 적자를 가맹점수수료 수익(B2B사업 수익 포함), 000(화장품, 액세서리), 000(정수기), 풀빌라(해외부동산)등의 수익사업, 구매자들이 상품권을 훼손하거나 분실하는 바람에 상환되지않음으로써 발생하는 낙전수익(발행 상품권의 약 20%)으로 충당하려는 계획을 가지고 있었다.",
            "위 가맹점수수료 수익은 사실상 수수료를 공제한 금액만을 가맹점에 상환하는 방식으로 이루어지는 것으로 매출액의 100%가 카드사용자의 결제로 이루어지는 신용카드사의 카드수수료와는 전혀 다른 개념이어서 실제로 수수료 수익이 회사에 입금되는 것은 아니다.",
            "000, 000 사업은 2007.4.경 이후에 비로소 시작되어 그 사업으로 인한 수익도 10억 원 정도에 불과하였으며, 풀빌라 사업은 2007.8.경에야 부동산 개발업자에게 의뢰하였는데 2007.9.말경 부지도 매입하지 못한 채 중단되었고, 온라인 쇼핑몰이라는 000은 25억 원에 인수하였는데 전혀 수익을 얻지 못하고 있으며, 낙전수익이라고 하는 상품권 훼손, 분실의 경우도 실제로 회사에 수익이 발생하는 것이 아니다.",
            "피고인들은 000 및 000의 직원, 본부장으로서 소속 판매원들에 대한 교육, 상담 등을 통하여 피해자들에게 000, 000의 위와 같은 재정상태나 구체적인 사업계획, 상품권 판매에 따라 지급될 각종 수당의 실질적 재원 등 이 사건 상품권 구매에 따른 구조적 위험성을 정확하게 고지하지 아니한 채, 0 상품권을 구입하면 구입금액에 따라 원금 대비 125%~140%의 상품권을 지급하겠다.",
            "그 상품권은 회사에서 정한 사용시점에 이르렀을 때 우리 회사 가맹점에서 현금처럼 사용하거나 000에서 6%~10%의 수수료를 공제하고 상환받을 수 있다.",
            "현재 대기업에서도 우리 회사와 가맹계약을 체결할 예정이기 때문에 앞으로 시간이 지날수록 상품권을 사용할 수 있는 가맹점이 엄청나게 늘어날 것이다.빨리 상환받는 경우를 가정하면 4~5개월 내에도 상환받을 수 있다.",
            "아울러 상품권을 다른 사람에게 많이 판매하여 매출액 및 하위판매원 수가 증가하면 회사에서 정한 기준에 따라 딜러 ⇒ 상근딜러(컨설턴트)⇒ 부장(수석컨설턴트)⇒ 본부장으로 승진하게 되고, 직급에 따라 영업지원비, 판매지원비, 판매장려금, 판매촉진비를 지급하며, 지점을 개설해 운영하게 되면 지점 운영비와 지점 추천비를 지급하겠다.",
            "원금을 초과하여 지급하는 25%~40%의 상품권 및 수당은 1.5%~20%의 가맹점 수수료 수익(B2B 사업 수익 포함)과 000, 000, 풀 빌라 사업, 구매자들이 실수로 상품권을 훼손하거나 분실하는 바람에 지급제시되지 않는 상품권을 통한 낙전수입 등으로 해결되므로 걱정할 필요가 없다.",
            "지금 안 사면 회사가 성장할수록 할인율도 낮아지는데다가 서로 사려고 할 것이므로 판매할 수량이 턱없이 부족하게 되어 사고 싶어도 사지 못하는 때가 곧 올 것이다.고 말하는 등 상품권의 구매를 통한 이득을 얻을 수 있다는 점 및 각종 후원수당을 지급받을 수 있다는 점만을 부각하여 이를 믿은 피해자들로 하여금 상품권을 구입하게 하였다."
        ]
    },
    "dcss": {
        "courtDcss": [
            "피고인들의 항소이유와 검사의 피고인 28 을 제외한 나머지 피고인들에 대한 양형부당 주장에 관하여 판단하기에 앞서 직권으로 살피건대, 검사는 당심에 이르러 피고인 1 에 대한 특정범죄가중처벌 등에 관한 법률위반(사기)죄에 관한 공소사실에 아래 무죄 부분의 제1의 가.항 및 제2의 가.항 기재의 공소사실을 추가한다.",
            "피고인 28 을 제외한 나머지 피고인들에 대하여 적용법조로 \"방문판매 등에 관한 법률 제51조 제1항 제1호, 제13조 제1항을 철회하고, \"방문판매 등에 관한 법률 제52조 제1항 제3호, 제23조 제2항\" 을 추가하며, 공소사실 중 방문판매 등에 관한 법률위반에 관한 부분을 아래 범죄사실 및 증거의 요지 부분의 추가 범죄사실 기재와 같이 변경하는 내용의 각 공소장변경신청을 하였다.",
            "당원은 이를 각 허가함으로써 그 심판대상이변경되었으므로, 원심판결 중 피고인 1 에 대한 특정범죄가중처벌 등에 관한 법률위반(사기)부분, 피고인 28을 제외한 나머지 피고인들에 대한 방문판매 등에 관한 법률위반 부분은 더 이상 유지될 수 없게 되었다.",
            "또한, 피고인 1 에 대한 특정범죄가중처벌 등에 관한 법률위반(사기)부분과 나머지 유죄부분, 아래와 같이 유죄로 인정하는 피고인 28 을 제외한 나머지 피고인들에 대한 방문판매 등에 관한 법률위반 부분과 위 피고인들의 유죄부분은 각 형법 제37조 전단의 경합범 관계에 있어 1개의 형을 선고하여야 한다.",
            "결국 원심판결의 유죄 부분 중 피고인 28 을 제외한 나머지 피고인들에 대한 부분, 원심판결의 무죄 부분 중 위 피고인들에 대한 방문판매 등에 관한 법률위반 부분은 파기를 면할 수 없다.",
            "한편 이와 같이 원심판결에 직권파기사유가 있기는 하나, 피고인들의 항소이유 중 사실오인 내지 법리오해 주장은 여전히 이 법원의 판단대상이 되는 것이므로, 아래에서 이에 관하여도 판단한다.",
            "피고인이 편취의 범의를 부인하는 경우, 이러한 범죄의 주관적 요소로 되는 사실은 사물의 성질상 범의와 상당한 관련성이 있는 간접사실 또는 정황사실을 증명하는 방법에 의하여 이를 입증할 수밖에 없고, 이 때 무엇이 상당한 관련성이 있는 간접사실 또는 정황사실에 해당하는가는 정상적인 경험칙에 바탕을 두고 치밀한 관찰력이나 분석력에 의하여 사실의 연결상태를 합리적으로 판단하는 방법에 의하여 판단하여야 한다.",
            "한편, 범죄구성요건의 주관적 요소로서 미필적 고의란 범죄사실의 발생 가능성을 불확실한 것으로 표상하면서 이를 용인하고 있는 경우를 말하고, 미필적 고의가 있었다고 하려면 범죄사실의 발생 가능성에 대한 인식이 있음은 물론 나아가 범죄사실이 발생할 위험을 용인하는 내심의 의사가 있어야 한다.",
            "그 행위자가 범죄사실이 발생할 가능성을 용인하고 있었는지의 여부는 행위자의 진술에 의존하지 아니하고 외부에 나타난 행위의 형태와 행위의 상황 등 구체적인 사정을 기초로 하여 일반인이라면 당해 범죄사실이 발생할 가능성을 어떻게 평가할 것인가를 고려하면서 행위자의 입장에서 그 심리상태를 추인하여야 한다(대법원 2004.5.14.선고 2004도74 판결 등 참조).",
            "위 인정사실 및 위 각 증거들에 의하여 인정되는 다음과 같은 피고인들의 경력, 직책, 가담경위 등의 사정들, 즉 1 피고인 1 은 다단계판매 창업컨설팅회사, 000에 근무한 경험이 있고, 000의 대표이사로서 000, 000, 000를 설립하였으며, 위 회사들을 실질적으로 운영하면서 위에서 본 바와 같은 상품권의 판매 및 상환구조, 000의 판매수당 등의 영업형태를 결정하는 주도적 역할을 하였다.",
            "영업 및 관리 등 회사 업무 전반에 관하여 중요한 결정을 하였으며, 수익사업의 현실도 모두 알고 있었던 점 2 피고인 2 는 피고인 1 과 함께 000, 000, 000를 설립하면서 상품권의 판매 및 상환구조, 000의 판매수당 등의 영업형태의 기본적 아이디어를 제공하였고, 본부장회의 등을 통하여 000의 상품권 판매 및 판매조직 관리 업무 전반을 관장하였다.",
            "가맹점에 대하여도 관리업무를 담당하였고, 24억 원에 상당하는 인센티브를 받은 점 3 피고인 3 은 다단계 회사인 000, 공제조합에 근무한 경험이 있고, 피고인 1 이 위 회사들을 설립할 때부터 참여하여 사업계획을 수립하였으며, 000 차장으로서 본부장회의에서 보상플랜을 설명하는 등 상품권 영업을 담당하였다.",
            "가맹점과 관련된 상환, 상품권 폐기 등 업무를 담당한 점 4 피고인 5 는 피고인 1 과 친구 사이로 2006.7.경 000의 이사로 취임하여 피고인 1, 2 의 지시를 받아 상품권 판매 및 판매조직 관리 업무를 중간에서 전체적으로 관리하였고, 000의 은행계좌에 입금된 상품권 판매대금의 입출금을 관장하였다.",
            "이 사건 수사가 개시되자 피의자들에 대하여 답변요령을 교육한 점 5 피고인 6 은 2000년경부터 2002년경까지 다른 다단계회사인 000에서 최상위직급의 바로 아래 직급인 다이아몬드 직급까지 승진하여 근무한 경험이 있고, 피고인 1 이 이 사건 상품권 판매회사인 000을 설립할 당시부터 본부장으로 영입되어 1본부장으로, 2006.11.경부터는 수석본부장으로서 상품권 판매 및 산하 판매조직 관리업무를 담당하였다.",
            "본부장회의의 교육내용을 다른 본부장, 부장들에게 전달하기도 하였고,이 사건 상품권 판매로 인하여 총 29억 원 상당의 수당을 받은 점 등을 종합하여 보면, 피고인들은 위와 같은 구매자들에 대한 상품권 할증판매, 허위가맹점 매출, 각종 판매수당의 지급을 통하여 적자가 계속적으로 증가할 수 밖에 없고, 000, 000, 풀빌라 등의 수익사업으로는 이러한 적자를 충당할 수 없다.",
            "지속적인 신규 상품권 구매자들로부터의 상품권 구매대금의 유입이 있어야만 기존에 판매된 상품권의 상환 및 판매원들에 대한 각종 수당을 지급할 수 있고, 그러한 경우 계속 적자가 누적되어 일정한 단계가 지나면 상품권 상환이 불가능하게 되리라는 것을 내심 용인하였다고 봄이 상당하여, 피고인들에게는 편취의 범의가 있다고 충분히 인정할 수 있으므로 이 부분 주장은 이유 없다.",
            "피고인들이 한 이 사건 상품권 거래행위는 형식상으로는 상품권 매매계약의 외관을 취하고 있으나 그 실질은 상품권의 거래를 가장하거나 빙자한 것이어서 실제로는 상품의 거래 없이 금원의 수입만 있는 것으로 볼 수 있어 유사수신행위의 규제에 관한 법률에서 금하는 유사수신행위에 해당한다고 할 것이므로 이 부분 주장은 이유 없다.",
            "그 이외에 달리 피고인들이 자신들의 행위가 일반적으로는 범죄가 되는 경우이지만 자기의 특수한 경우에는 법령에 의하여 허용된 행위로서 죄가 되지 아니한다고 그릇 인식하였고 그와 같이 그릇 인식함에 정당한 이유가 있음을 인정할 자료가 없으므로, 이 부분 주장도 이유 없다.",
            "따라서 피고인들에 대한 이 부분 공소사실은 범죄의 증명이 없는 경우에 해당하므로, 이 점에 관한 원심의 사실인정 및 판단은 정당한 것으로 수긍이 되며, 거기에 사실을 오인하여 판결에 영향을 미친 위법이 있다고 할 수 없다.",
            "이 사건 증거들을 위와 같은 법리에 비추어 면밀히 살피건대, 원심이 적절하게 설시하고 있는 앞서 본 사정들을 종합하여 볼 때 검사가 제출한 증거들만으로는 이 부분 각 공소사실을 인정하기에 부족하고, 달리 이를 인정할 증거가 없으므로, 이 점에 관한 원심의 사실인정 및 판단은 정당한 것으로 수긍이 되며, 거기에 사실을 오인하여 판결에 영향을 미친 위법이 있다고 할 수 없다.",
            "앞서 본 바와 같이, 이 사건 000, 000, 000는 법률상으로는 별개의 회사들이지만 실질적으로는 피고인 1 등에 의하여 동일한 목적 하에 운영되는 하나의 회사로서, 0 상품권의 발행,판매, 상환 등의 일련의 과정을 함께 수행하는 회사들인 점, 피고인들은 본부장, 부장, 상근딜러, 딜러로 유사하게 단계적으로 가입된 000을 통하여 이 사건 상품권을 판매하여 4∼5개월 안에 상품권을 000를 통하여 상품권을 매입하도록 하였다.",
            "또한 이 사건 상품권의 가맹점이 취급하는 물품이나 용역이 제한되어 있고, 상품권 발행의 액수도 무려 2007.6.29.까지의 상품권 총 발권금액 1조 3,107억 원에 이른다.",
            "상품권 구매자들이 많게는 10억 원이 넘는 상품권을 소지하고 있는 점 등에 비추어 그 실질이 재화등의 거래를 위한 것으로 볼 수 없는 상품권임에도 그 판매실적에 대하여 판매원들에게 판매지원비, 판매장려금, 판매촉진비, 지점운영비, 영업지원비 등의 각종 후원수당을 지급하였으므로 피고인들의 행위는 방문판매 등에 관한 법률 제23조 제2항 의 금지행위에 해당한다."
        ]
    },
    "close": {
        "cnclsns": [
            "원심판결의 유죄 부분 중 피고인 28 을 제외한 나머지 피고인들에 대한 부분, 원심판결의 무죄 부분 중 위 피고인들에 대한 방문판매 등에 관한 법률위반 부분을 모두 파기한다.",
            "피고인 1 을 징역 10년에, 피고인 2 를 징역 5년에, 피고인 6 을 징역 3년에, 피고인 3, 5 를 각 징역 2년 6월에, 피고인 4, 14, 16, 20 을 각 징역 2년에, 피고인 7, 10, 12, 24 를 각 징역 1년 6월에, 피고인 11, 15, 17, 18, 21, 22, 25, 26 을 각 징역 1년에, 피고인 8, 9, 13, 19, 23, 27 을 각 징역10월에 각 처한다.",
            "원심판결 선고 전의 구금일수 179일을 피고인 1 에 대한 위 형에, 172일을 피고인 2 에 대한 위 형에, 1일을 피고인 4 에 대한 위 형에 각 산입한다.",
            "다만, 이 판결 확정일로부터 피고인 4, 14, 16, 20 에 대하여는 각 4년간, 피고인 7, 10, 12, 24 에 대하여는 각 3년간, 피고인 8, 9, 11, 13, 15, 17, 18, 19, 21, 22, 23, 25, 26, 27 에 대하여는 각 2년간 위 각 형의 집행을 유예한다.",
            "피고인 4, 14, 16, 20 에 대하여는 각 400시간의, 피고인 7, 10, 12, 24 에 대하여는 각 320시간의, 피고인 11, 15, 17, 18, 21, 22, 25, 26 에 대하여는 각 200시간의, 피고인 8, 9, 13, 19, 23, 27 에 대하여는 각 120시간의 사회봉사를 명한다.",
            "압수된 컴퓨터 본체 3대(서울중앙지방검찰청 2007압제4916호의 증 제1호), USB 메모리 1개(같은 증 제2호)를 피고인 5 로부터, 컴퓨터 본체 3대(같은 증 제15호)를 피고인 1 로부터 각 몰수한다.",
            "피고인 28 에 대한 검사의 항소, 원심판결의 무죄부분 중 피고인 14, 16, 20 에 대한 특정경제범죄 가중처벌 등에 관한 법률위반(사기)부분 및 피고인 5, 8, 9, 13 에 대한 통신비밀보호법위반 부분에 대한 검사의 항소를 모두 기각한다.",
            "배상신청인들의 신청을 모두 각하한다."
        ]
    }
}