{
    "info": {
        "caseField": "2",
        "detailField": "6",
        "trailField": "2",
        "caseNm": "특정경제범죄가중처벌등에관한법률위반(사기),사기,특정범죄가중처벌등에관한법률위반(알선수재), 공직선거법위반",
        "courtNm": "서울고등법원",
        "judmnAdjuDe": "2009. 01. 09.",
        "caseNo": "2008노2864",
        "relateLaword": [
            "형사소송법 제364조"
        ],
        "qotatPrcdnt": [
            "대법원 2002. 2. 21. 선고 2001도2819 전원합의체 판결"
        ]
    },
    "concerned": {
        "acusr": "4",
        "dedat": "1"
    },
    "org": {
        "orgJdgmnCourtNm": "서울중앙지방법원",
        "orgJdgmnAdjuDe": "2008. 10. 29.",
        "orgJdgmnCaseNo": "2008고합877, 899(병합), 1077(병합)"
    },
    "disposal": {
        "disposalform": "10",
        "disposalcontent": [
            "피고인들 및 검사의 항소를 모두 기각한다.",
            "피고인들 및 검사의 항소는 이유 없으므로, 형사소송법 제364조 제4항에 의하여 이를 모두 기각하기로 한다."
        ]
    },
    "mentionedItems": {
        "rqestObjet": [
            "공소사실에 대하여 유죄로 인정하였으니, 원심판결에는 사실을 오인하여 판결에 영향을 미친 위법이 있다.",
            "이 사건 여러 양형 요소에 비추어 원심판결의 선고 형량은 너무 무거워서 부당하다.",
            "공소사실에 대하여 무죄를 선고하였으니, 원심판결에는 사실을 오인하여 판결에 영향을 미친 위법이 있다.",
            "이 사건 여러 양형요소에 비추어 피고인들에 대한 원심판결의 선고형량은 지나치게 가벼워서 부당하다."
        ]
    },
    "assrs": {
        "acusrAssrs": [
            "피고인 1, 2가 정당의 후보자 추천과 관련하여 2008.2.13., 2.25.및 3.7.총 3회에 걸쳐 합계 금 30억3,000만 원을 수수한 행위는 단순일죄에 해당하므로 위 30억 3,000만 원의 금품수수행위 전체를 2008.2.29.부터 시행되는 공직선거법 제47조의2 위반으로 처벌하여야 함에도, 원심은 2008.2.13.및 2.25.의 금품수수행위에 대하여는 범행 당시에 이를 금지하는 규정이 없었다.",
            "위 각 행위는 범죄구성요건을 충족하지않아 2008.3.7.자 금품수수행위와 함께 포괄일죄로 평가할 수 없다는 이유로 이 부분 공소사실에 대하여 무죄를 선고하였으니, 원심판결에는 법리를 오해하여 판결에 영향을 미친 위법이 있다.",
            "피고인 2는 피고인 1이 피고인 3을 000 의 비례대표 국회의원 후보자로 추천받게 하거나 피해자 공소외 3, 4를 공기업의 감사로 임명하도록 알선해 줄 의사나 능력이 없다는 사실을 잘 알면서도 피고인 1과 공모하여 피고인 3, 피해자 공소외 3, 4를 기망하여 금원을 편취한 것임에도, 원심은 피고인 2의 각편취 범의를 인정할 증거가 없다는 이유로 이 부분 각 공소사실에 대하여 무죄를 선고하였다.",
            "따라서 원심판결에는사실을 오인하여 판결에 영향을 미친 위법이 있다.",
            "이 사건 여러 양형요소에 비추어 피고인들에 대한 원심판결의 선고형량은 지나치게 가벼워서 부당하다."
        ],
        "dedatAssrs": [
            "피고인 1은 공소외 1 로부터 공소외 2의 출마에 대하여 도와달라는 부탁을 받은 사실은 있으나 그와 관련하여 공소외 1에게 금품을 요구한 사실이 없음에도, 원심은 이 부분 공소사실을 유죄로 인정하였으니, 원심판결에는 사실을 오인하여 판결에 영향을 미친 위법이 있다.",
            "피고인 1이 2008.3.7.받은 10억 3,000만 원은 정당의 후보자 추천과 관련하여 수수된 것이 아니라 000에 대한 기부금 등의 명목으로 수수된 것이므로 이를 공직선거법 제47조의2 위반죄로 의율할 수 없음에도, 원심은 이 부분 공소사실을 유죄로 인정하였으니, 원심판결에는 사실을 오인하거나 법리를 오해하여 판결에 영향을 미친 위법이 있다.",
            "피고인 1은 공소외 3으로부터 1억 원을 빌린 것일 뿐 공무원인 대통령의 직무에 속하는 사항인 공기업 감사 임명을 알선해 주겠다는 명목으로 공소외 3을 기망하여 금원을 편취한 사실이 없음에도, 원심은 이 부분공소사실을 유죄로 인정하였으니, 원심판결에는 사실을 오인하거나 법리를 오해하여 판결에 영향을 미친 위법이 있다.",
            "피고인 1은 공소외 4 로부터 후원금으로 5,000만 원을 받았을 뿐 공무원인 대통령의 직무에 속하는 사항인 공기업 감사 임명을 알선해 주겠다는 명목으로 공소외 4 를 기망하여 금원을 편취한 사실이 없음에도, 원심은 이 부분 공소사실을 유죄로 인정하였으니, 원심판결에는 사실을 오인하거나 법리를 오해하여 판결에 영향을미친 위법이 있다.",
            "이 사건 여러 양형 요소에 비추어 원심판결의 선고 형량은 너무 무거워서 부당하다.",
            "피고인 2가 피해자 공소외 5등에게 대통령의 인척인 피고인 1과의 친분을 과시하고 골프장, 실버타운 등건설계획이 있다거나 선거운동에 투자한 돈을 곧 돌려받기로 하였다는 취지의 말을 한 사실이 없으며, 가사 그와 같은 말을 하였다고 하더라도 이는 피해자 공소외 5로부터 금원을 차용하는 행위와 무관하게 이루어진 것이어서 이를 기망행위라고 볼 수 없다.",
            "피고인 2는 단지 나이트클럽 공사비를 조달하고자 피해자 공소외 5로부터 금원을 차용할 당시 공소외 6 으로부터 나이트클럽 공사대금을 받아 돈을 갚기로 하였다가 공소외 6이 약속과 달리 공사대금을 주지 아니하여 갚지 못한 것으로서 이는 단순한 채무불이행에 불과함에도, 원심은 이 부분 공소사실을 유죄로 인정하였으니, 원심판결에는 사실을 오인하거나 사기죄에 관한 법리를 오해하여 판결에 영향을 미친 위법이 있다.",
            "피고인 2는 공소외 3이 좋은 자리를 원한다고 하여 이를 피고인 1에게 전하였을 뿐 공소외 3이 건설교통부 산하 기관의 감사 자리를 원하고 있다는 사실을 몰랐고, 가사 피고인 2가 그러한 사실을 알았다고 하더라도 이를 공공기관의 운영에 관한 법률 제5조 소정의 공기업 또는 준정부기관 감사 자리를 원하고 있다는 사실을 알았다고 단정할 수 없다.",
            "그것만으로 알선수재죄로 의율할 수는 없다 할 것임에도, 원심은 이 부분 공소사실을 유죄로 인정하였으니, 원심판결에는 사실을 오인하거나 알선수재죄에 관한 법리를 오해하여 판결에 영향을 미친 위법이 있다.",
            "피고인 2는 공소외 4가 에너지 관련 공기업 감사 자리를 원하고 있다는 사실을 알았을 뿐 구체적으로 어느기관의 감사 자리를 원하고 있는지는 알지 못하였으므로, 막연히 에너지 관련 기관의 감사 자리를 원하고 있다는 사실을 알았다고 하여 이를 공공기관의 운영에 관한 법률 제5조 소정의 공기업 또는 준정부기관 감사자리를 원하고 있다는 사실을 알았다고 단정할 수 없는 이상 이것만으로 알선수재죄로 의율할 수는 없다 할것이다.",
            "원심은 이 부분 공소사실을 유죄로 인정하였으니, 원심판결에는 사실을 오인하거나 알선수재죄에 관한 법리를 오해하여 판결에 영향을 미친 위법이 있다.",
            "이 사건 여러 양형 요소에 비추어 원심판결의 선고 형량은 너무 무거워서 부당하다.",
            "피고인 3이 피고인 1, 2에게 금원을 기부한 사실이 없고, 단지 피고인 1, 2에게 속아서 특별당비 명목으로 20억 원을, 000 추천서 비용으로 10억 원을 각 교부하였으나, 실제로는 피고인 3의 의사와는 달리 피고인 1이 위 30억 원을 개인용도로 사용한 것으로서 사실의 착오가 있는 경우에 해당되어 고의와 결과가 서로 부합한다고 할 수 없다.",
            "원심은 이 부분 공소사실을 유죄로 인정하였으니, 원심판결에는 사실을 오인하거나 법리를 오해하여 판결에 영향을 미친 위법이 있다.",
            "후보자는 위 조항에서 말하는 후보자에 포함된다고 볼 수 없고, 이와 달리 해석하는 것은 헌법이 정하고 있는 평등의 원칙, 과잉금지의 원칙, 선거운동자유의 원칙, 죄형법정주의를 위반하고, 비례대표 국회의원 선거 후보자의 일반적 행동자유권, 행복추구권을 침해하는 것임에도, 원심은 이 부분 공소사실을 유죄로 인정하였으니, 원심판결에는 위 조항에 관한 법리를 오해하여 판결에 영향을 미친 위법이 있다.",
            "피고인 3은 정당의 후보자 추천과는 관계없이 000의 추천을 받기 위하여 10억 원을 교부하였으나, 실제로는 피고인 1이 피고인 3을 000 비례대표 국회의원 후보자로 추천받도록 할 의사나 능력이 없이 피고인 3으로부터 금원을 편취하기 위한 수단으로 비례대표 국회의원 후보자 추천 건을 이용하였던 것이다.",
            "피고인 3은 사기범행의 피해자에 불과한데도, 원심은 이 부분 공소사실을 유죄로 인정하였으니, 원심판결에는 법리를 오해하여 판결에 영향을 미친 위법이 있다.",
            "이 사건 여러 양형요소에 비추어 원심판결의 선고 형량은 너무 무거워서 부당하다."
        ]
    },
    "facts": {
        "bsisFacts": [
            "공소외 1은 전 국회의원 공소외 2의 배우자로서 2007년 봄 무렵 피고인 1을 □□성당에서 만나 서로 인사를 나누는 사이로 지내던 중, 피고인 1이 영부인의 사촌이지만 실제로는 한집에 산 적이 있어서 친언니나 다름없다는 소문을 듣게 되자, 2007.12.말경 피고인 1에게 전화하여 제 남편도 000 소속으로 정치를 하고 있으니 혹시 도움이 될까 해서 전화를 드렸다고 하였다.",
            "제18대 국회의원선거에 출마하려는 배우자가 비례대표나 지역구중 어느 쪽으로 출마할 것인지는 아직 결정하지 못하였지만 도와달라고 부탁한 사실, 이에 피고인 1이 이력서를 가지고 와보라고 하여 공소외 1이 피고인 1의 집에 찾아가 배우자의 이력서를 건네주자 큰 기대는 하지 말라고 말한 사실이 있다.",
            "그런데 피고인 1은 약 1주일 후 공소외 1에게 전화하여 다시 자신의 집으로 찾아오게 한 다음, 00 대통령이 대통령선거기간 무렵 000 간부들이 부탁을 하니까 나중에 000  측에게 직능대표로 국회의원 1석을 주기로 약속한 적이 있다는 취지로 말하면서, 공소외 2의 나이가 맞으니 000의 추천서를 받으면 000 비례대표 국회의원 후보자로 추천받을 수 있는데, 000 의 추천서를 받는 등의 일을 진행하는 데에 돈이 필요하다고 말한 사실이 있다.",
            "그러자 공소외 1 은 피고인 1에게 얼마나 드는지 물어보았고, 피고인 1은 손가락을 3개 펴면서 이 정도는 필요하다고 말한 사실이 있다.",
            "공소외 1 이 3억을 의미하는 것이냐고 물어보자 피고인 1은 아니라고 하였고, 30억 원을 의미하는 것이냐는 질문에 그 정도는 돈을 준비해야한다고 대답한 사실이 있다.",
            "액수에 놀란 공소외 1 이 어디에 그렇게 돈이 드느냐? 그 돈 주고 할 사람이 있겠느냐?라고 말하자, 피고인 1은 돈을 이미 준비해서 000 의 추천서를 받으려는 사람들도 많으니 빨리 결정해서 연락을 달라고 말한 사실이 있다.",
            "그 자리에서 피고인 1은 무덤에 비석세울 때 국회의원 한 것과 안 한 것은다르다.돈 많은 사람들이 비례대표 국회의원이 되려고 얼마나 노력하는지 모른다.30억 원은 아무것도 아니다라고 말하면서 공소외 1 을 설득한 사실, 이에 공소외 1 은 며칠 생각할 말미를 달라고 말하고 돌아갔는데, 며칠 후 피고인 1은 공소외 1에게 다시 전화하여 연락을 준다더니 왜 전화도 하지 않느냐고 하면서 빨리 결정하지 않으면 기회를 놓친다고 독촉한 사실이 있다.",
            "원심이 적법하게 채택하여 조사한 증거들에 의하면, 피고인 1은 2007.10.경 피고인 2의 친구인 공소외 8을 피고인 2와 함께 만나 000 몫의 비례대표 국회의원으로 나갈 수 있도록 도와 줄 수 있으니 해보라고 권유하였으나 공소외 8 은 자기 대신 피고인 3을 피고인 1, 2에게 소개해 준 사실이 있다.",
            "피고인 1은 피고인 2와 함께 피고인 3을 만나 대통령이 000 에 비례대표 국회의원 1석을 준다고 약속하였고, 영부인의 언니인 자신이 000 몫의 비례대표 국회의원 1석의 추천권을 위임받았기 때문에 자신을 통하여 000 의 추천만 받으면 된다는 취지로 말하면서 000 의 추천서를 받아 000 비례대표 국회의원 후보자 추천을 신청하라고 피고인 3에게 권유한 사실이있다.",
            "피고인 1, 2는 2008.2.5.경부터 2.25.경까지 사이에 피고인 3에게 000 의 비례대표 국회의원 후보자로 추천을 받으려면 특별 당비를 납부하여야 한다면서 피고인 3으로부터 2회에 걸쳐 합계 20억 원을 교부받은 사실이 있다.",
            "피고인 1은 2008.3.초순경 피고인 3에게 000 추천을 받기 위해 10억 원이 필요하니 이를 준비하라고 요구하였고, 이에 피고인 3은 2008.3.7.경 피고인 1,2에게 000 의 추천을 받기 위한 명목으로 10억 원 및 피고인 1의 개인적인 경비 명목으로 3,000만 원,합계 10억 3,000만 원을 교부한 사실이있다.",
            "그 무렵 피고인 1은 피고인 2를 통하여 피고인 3에게 000 추천서를 교부하였고, 피고인 3은 이를 첨부하여 000 비례대표 국회의원 후보자 추천을 신청한 사실, 그러나 2008.3.24.경 피고인 3이 000 의 비례대표 국회의원 후보자 명단에 포함되지 않은 것으로 발표되자 그 다음날 피고인 1이 000 로 하여금 청와대에 진정서를 제출하도록 한 사실이 있다.",
            "고인 1 은 피고인 3으로부터 받은 돈을 보관하다가 개인적인 용도로 약 6억 7,000만 원을 사용하였고, 그 후 여러 차례에 걸쳐 피고인 2를 통하여 피고인 3에게 25억 4,000만 원을 반환한 사실이 있다.",
            "000 의 추천을 받는 것만으로는 000비례대표 국회의원 후보자로 추천된다는 보장이 없었고, 실제로 000 는 피고인 3외에도 2명에게 추천서를 더 작성하여 주었으나 누구도 000 비례대표 국회의원 후보자로 추천받지 못하였으며, 00 대통령이 000 에 비례대표 국회의원 1석을 주겠다고 약속한 적은 없었던 사실을 인정할 수 있다.",
            "공소외 3 은 000 기획조정본부장으로 근무하다가2006.7.경 퇴임한 후, 제17대 대통령선거 당시 000 중앙선거대책위원회에서 활동한 사실, 2008.6.경000 이사장 공모에 신청하였다가 탈락한 공소외 3 은 그전부터 알고 지내던 공소외 12에게 자신이 건설교통부 소속 고위공무원으로 재직하는 등 경력과 전문성을 갖추고 있으니 건설교통부 산하 기관의 감사가 되었으면 좋겠다고 말한 사실이 있다.",
            "피고인 2는 2008.7.초순경 공소외 13 을 통하여 공소외 4에게 후원금 명목으로 돈을 달라고 요구하였고, 공소외 4 는 2008.7.14.경 위 00000에서피고인 2에게 가입해 있던 펀드를 해지하거나 배우자로부터 받은 돈으로 마련한 5,000만 원을 교부한 사실이 있다.",
            "그 자리에 늦게 합류한 피고인 1은 피고인 2로부터 공소외 4 가 돈을 가져왔다는 이야기를 듣고는 그러냐고 하면서 공소외 4에게 인상이 참 좋다.이력서는 가져왔느냐고 말하였고, 공소외 4 는 가져온 이력서와 자기소개서 및 희망사 : 한국수자원공사(감사), 석유공사(감사), 한국가스공사(감사)라고 기재된 메모를 피고인 1에게 건넨 사실을 인정할 수 있다.",
            "피고인 2가 공소외 6으로부터 0000소재 나이트클럽 시설공사를 하도급 받아 공사를 진행하던 중 2007.12.경에 이르러 공소외 6이 나이트클럽의 공사자금을 조달하고자 공소외 14에게 사업자등록증, 인감증명서 등의 서류를 교부하여 대출받게 해달라고 부탁하였으나 대출 조건이 맞지 않아 무산된 사실이 있다.",
            "무렵 피고인 2는 공소외 14를 통하여 피해자공소외 5에게 3,000만 원을 급히 차용해 달라고 부탁하였고, 그 후 2007.12.21.경 공소외 14 와 피해자 공소외 5를 만난 자리에서 피해자 공소외 5에게, 이하 다음과 같이 약속하였다.",
            "즉, \"공소외 6으로부터 공사대금을 곧 받을 수 있고, 선거운동 자금으로 투자한 수억 원도 곧 반환받을 수 있으니 1주일이면 위 3,000만 원을 충분히 변제할 수 있지만, 혹시라도 실수하기 싫으니 변제기를 넉넉하게 2008.1.15.로 정해주면 그날까지는 위 차용금을 틀림없이 변제하겠다\"고 약속한 사실이 있다.",
            "그러나 당시 피고인 2는 공소외 6으로부터 공사대금을 언제 받을 수 있을지가 불분명한 상황이었고, 선거운동 자금으로 돈을 투자하거나 그와 관련하여 반환받을 자금도 전혀 없었던 사실, 피해자 공소외 5는 피고인 2의 말을 믿고 종업원들의 월급을 지급하기 위해 대출받아 놓았던 3,000만 원을 이자의 약정도 없이 피고인 2에게 대여한 사실을 인정할 수 있다."
        ]
    },
    "dcss": {
        "courtDcss": [
            "원심이 증거로 채택한 공소외 2의 원심 법정진술과 공소외 2에 대한 검찰 진술조서의 진술기재 중 '피고인1 이 비례대표 공천을 위해서 30억 원가량이 필요하다는 취지로 이야기했다는 것을 처인 공소외 1 로부터 들었다'는 부분은 공소외 1 의 진술을 내용으로 하는 전문진술로서 형사소송법 제310조의2의 규정에 따라 원칙적으로 증거능력이 없다고 할 것이다.",
            "공소외 2의 원심 법정진술과 공소외 2에 대한 검찰 진술조서의 진술기재 중, 이하 다음 내용과 같다.",
            "즉, 위 전문진술 부분을 제외한 나머지 부분과 피고인 1, 증인 공소외 1의 각 일부 원심 법정진술(증인 공소외 1의 원심 법정진술 중 피고인 1의 변소내용에 부합하는 듯한 부분은 공소외 1의 검찰 진술내용과 상반될 뿐만 아니라 증인 공소외 7의 원심 법정진술내용과도 모순되므로 그대로 믿기는 어렵다), 공소외 1에 대한 검찰 진술조서 등 원심이 적법하게 채택한 나머지 증거들을 종합하였다.",
            "이에 공소외 1은 없던 일로 해달라며 피고인 1의 제안을거절한 사실, 한편, 공소외 2는 그 후 제18대 국회의원선거의 000 비례대표 후보자 추천을 신청하였으나 추천받지 못한 사실을 인정할 수 있는바, 위 인정사실에 나타난 피고인 1의 일련의 행위는 국회의원선거의 후보자가 되고자 하는 공소외 2의 배우자인 공소외 1에게 30억 원의 기부행위를 요구한 것으로 봄이 상당하므로, 피고인 1의 이 부분 주장은 이유 없다.",
            "위 인정사실에 의하면, 피고인들 사이에 2008.3.7.수수된 10억 3,000만 원은 000 비례대표 국회의원후보자로 추천받는 데에 반드시 필요하다는 000 의 추천을 받기 위한 명목과 이를 알선하는 피고인 1의경비 명목으로 수수된 것이다.",
            "따라서 이는 후보자 추천의 대가 또는 사례에 해당하거나 후보자 추천에 있어서 그러한 금품의 제공이 어떠한 형태로든 영향을 미칠 수 있는 경우에 해당하므로, 피고인 1, 3 은 공직선거법제47조의2제1항 소정의 정당이 특정인을 후보자로 추천하는 일과 관련하여 위 10억 3,000만 원을 수수하였다고 봄이 상당하다.",
            "앞서 본 사실관계에 의하면, 이하 다음과 같다.",
            "즉, 피고인 1이 피고인 3을 000 비례대표 국회의원 후보자로 추천받게 해 줄능력이 없었음에도, 마치 대통령이 000 에 비례대표 국회의원 1석을 준다고 약속하였다.",
            "그리고 영부인의 언니인 자신이 000 몫의 비례대표 국회의원 1석의 추천권을 위임받았기 때문에 자신을 통하여 000 의 추천만 받으면 비례대표 국회의원 후보자로 추천받을 수 있는 것처럼 피고인 3을 속이고 정당의 후보자 추천과 관련하여 위 10억 3,000만 원을 교부받아 이를 편취하였음은 분명하다.",
            "한편 앞서 든 증거들을 종합하면, 00이 서울시장이 되기 전 무렵 피고인 1의 소개로 0000 000에서 강연을 한 이래 000 000 회장이던 공소외 9 를 비롯한 간부진을 알게 되었고, 00이서울시장으로 재직하던 시절 000 000 부회장의 직함을 가진 피고인 1의 연락을 통해 000 소속 단체들의 행사에 참석하기도 하였으며, 제17대 대통령선거를 앞두고 00 당시 대통령후보자가 2008.12.10.경 000 사무실을 방문하기도 하였다.",
            "대통령선거 과정에서 000 회원들이 00 당시 대통령후보자에게 많은 지지를 보냈으므로, 피고인 1이 내심 00 대통령이 제18대 국회의원 선거에서 000에서 추천하는 자를 000 의 비례대표 국회의원 후보자로 추천해 줄 것이라는 기대를 하게 된 사실이 있다.",
            "이에 피고인 1은 공소외 2의 배우자인 공소외 1이나 공소외 8 등에게 대통령의 인척이라는 신분을 내세워 000의 비례대표 국회의원 후보자로 추천받게 해 주겠다고 제의하기도 하였고, 결국에는 피고인 3에게 같은제의를 하면서 돈을 요구하여 합계 30억 3,000만 원을 받은 사실, 피고인 1은 2008.2.11.경 000 사무실을 찾아가 회장 공소외 10 을 만나 피고인 3의 이력서를 건네 주면서 000 추천을 부탁하였다.",
            "며칠 후 0000 소재 00000에서 000 사무총장인 공소외 11 을 만나 00 대통령의 의중을 거론하며 000의 추천을 부탁하였으며, 그 후 피고인 1이 2008.2.28.경 위 000 사무실을 방문하여 공소외 10으로부터 000 의 직인이 찍힌 추천서와 자문위원 위촉장을 받았고, 그 자리에서 공소외 10에게 비례대표 국회의원 후보자 추천 건과 관련해서 복지부장관에게 부탁해 달라는 요청을 하기도 한 사실이다.",
            "그 후 피고인 1은 000 로부터 제공받은 의정활동계획서, 자문위원 위촉장 및 추천서를 피고인 3에게 전해 주어 000비례대표 국회의원 후보자 추천 신청을 하도록 한 사실, 그러나 피고인 3이 000 의 비례대표 국회의원후보자 추천에서 탈락하자 2008.3.25.000 로 하여금 청와대에 진정서를 제출하도록 한 사실을 인정할수 있다.",
            "위 인정사실에 의하면 피고인 1은 000에서 000 의 추천을 받은 자를 비례대표 국회의원 후보자로 추천해 주리라는 기대하에 000 의 추천서를 받아 피고인 3에게 교부하여 000 에 비례대표 국회의원 후보자 추천 신청을 하도록 하는 등 피고인 3을 후보자로 추천받게 하려는 그 나름대로의 의사가 있었던 것으로 보인다.",
            "피고인 1이 그러한 의사로 000 의 비례대표 국회의원 후보자 추천과 관련하여 금원을 수수한 이상 그 과정에서 금원의 제공을 유도하기 위하여 후보자 추천이 확실히 보장된 것처럼 자신의 영향력을 과장하는 등의 기망 수단을 사용하였더라도 피고인 1의 이러한 행위는 사기죄와는 별도로 공직선거법 제47조의2제1항 위반죄에 해당되고 이러한 공직선거법위반죄와 앞에서 본 사기죄는 상상적 경합의 관계에 있다 할 것이다.",
            "또한, 앞서 본 사실관계에 의하면, 피고인 3으로서도 피고인 1로부터 기망당하여 후보자 추천에 영향력을 행사할 수 있는지에 관하여 피고인 1의 능력 등을 잘못 판단하였으나, 피고인 1의 말을 믿고 000 몫의비례대표 국회의원 자리가 있다고 생각하고 피고인 1에게 금품을 제공하고서라도 000 의 추천을 받아 000의 비례대표 국회의원 후보자로 추천받겠다는 생각으로 위와 같이 피고인 1에게 10억 3,000만 원을 제공한 것으로 보인다.",
            "결국 피고인 3이 위 금원을 제공하는 과정에서 의사결정상 어느 정도의 하자가 있었다고 하더라도 후보자 추천과의 관련성이 인정되는 이상 이러한 피고인 3의 행위 역시 공직선거법 제47조의2제1항 위반죄에 해당한다고 봄이 상당하다.",
            "위 인정사실에 의하면, 공소외 6이 나이트클럽 공사비를 조달하기 위하여 대출을 시도하였다가 무산되었고, 달리 공소외 6이 공사대금을 지급할 여력이 없어서 부득이 피고인 2가 다른 사람으로부터 돈을 빌려다가 공사비로 사용하여야 하는 상황이었으므로, 피고인 2가 피해자 공소외 5로부터 3,000만 원을 빌리더라도 공소외 6이 약정한 기한 내에 공사대금을 지급한다는 보장이 없었다.",
            "달리 변제자금을 마련할 방도가 없었음에도, 피해자 공소외 5 측이 피고인 2의 능력을 과신하고 있는 점을 이용하여 가까운 시일 내에 틀림없이 변제할 수 있는 것처럼 피해자 공소외 5를 기망하고 그로부터 3,000만 원을 차용금 명목으로 편취하였다고 봄이 상당하므로, 피고인 2의 이 부분 주장은 이유 없다.",
            "공직선거법 제113조 제1항 은 국회의원, 지방의회의원, 지방자치단체의 장, 정당의 대표자, 후보자(후보자가 되고자 하는 자를 포함한다)와 그 배우자는 당해 선거구 안에 있는 자나 기관, 단체, 시설 또는 당해 선거구의 밖에 있더라도 그 선거구민과 연고가 있는 자나 기관, 단체, 시설에 기부행위를 할 수 없다고 규정하고 있다.",
            "이는 그러한 기부행위가 후보자 등의 지지기반을 조성하는 데에 기여하거나 매수행위와 결부될 가능성이 높아 이를 허용할 경우 선거 자체가 후보자의 인물, 식견 및 정책 등을 평가받는 기회가 되기보다는 후보자의 자금력을 겨루는 과정으로 타락할 위험성이 있어 이를 방지하기 위하여 마련된 것이다.",
            "한편, 공직선거법 제47조의2제1항 은 누구든지 정당이 특정인을 후보자로 추천하는 일과 관련하여 금품이나 그밖의 재산상의 이익또는 공사의 직을 제공하거나 그 제공의 의사를 표시하거나 그 제공을 약속하는 행위를 하거나, 그 제공을 받거나 그 제공의 의사표시를 승낙할 수 없다고 규정하고 있다.",
            "이는 정당의 후보자 추천의 공정성과 정당운영의 투명성, 도덕성을 제고하고 나아가 공직선거에 있어서 후보자 추천 단계에서부터 금권의 영향력을 원천적으로 봉쇄함으로써 궁극적으로 공명정대한 선거를 보장하기 위하여 마련된 것이다.",
            "와 같이 공직선거법 제47조의2제1항 과 공직선거법 제113조 제1항 은 각기 범죄구성요건이나 입법취지를 달리하고 있으므로, 정당의 후보자추천 관련 금품수수금지위반죄가 성립한다고 하여 후보자 등의 기부행위금지위반죄의 성립이 배제되는 것은 아니며, 이들은 각기 독립된 별개의 구성요건으로서 1개의 행위가 각 구성요건을 충족하는 경우에는 상상적 경합의 관계에 있다고 보아야 한다.",
            "공직선거법상 기부행위의 정의규정인 공직선거법 제112조 제1항 의 제공의 의미에 대하여 반드시 금품을 상대방에게 귀속시키는 것만을 뜻하는 것으로 한정 해석할 것은 아니고, 중간자에게 금품을 주는 경우라 하더라도 그 중간자가 단순한 보관자이거나 특정인에게 특정금품을 전달하기 위하여 심부름을 하는 사자에 불과한 자가 아니다.",
            "그에게 금품배분의 대상이나 방법, 배분액수 등에 대한 어느 정도의 판단과 재량의 여지가 있는 한 비록 그에게 귀속될 부분이 지정되어 있지 않은 경우라 하더라도 위 규정에서 말하는 제공에 포함된다고 해석함이 상당하다(대법원 2002.2.21.선고 2001도2819 전원합의체 판결 참조).",
            "이 사건의 경우 원심이 적법하게 채택하여 조사한 증거에 의하여 알 수 있는 다음과 같은 사정, 즉, ① 피고인 1, 2는 2008.2.5.경 피고인 3에게 비례대표 추천을 받으려면 특별당비 10억 원이 필요하다고 하면서 돈을 요구하여 피고인 3이 2008.2.13.경 피고인 1, 2에게 10억 원을 교부하였다.",
            "그리고 피고인 1, 2는 며칠 후 피고인 3에게 10억 원으로는 부족하니 특별당비 10억 원을 더 준비하라고 하여 피고인 3이 2008.2.25.경 피고인 1, 2에게 추가로 10억 원을 교부하였다.",
            "그 후로 다시 피고인 1, 2가 피고인 3에게 000 몫으로 000 국회의원 비례대표 후보자로 추천받기 위해서는 000 의 추천서가 반드시 필요한데, 000 의 추천서를 받기 위한 비용으로 10억 원이 필요하니 이를 더 준비하라고 하였고, 이에 피고인 3이 2008.3.7.경 피고인 1, 2에게 위와 같은 명목으로 10억 원과 피고인 1의 경비 명목으로 3,000만 원 등 합계 10억 3,000만 원을 교부한 점이 있다.",
            "2비록 피고인 3이 위와 같이 피고인 1, 2의 요구에 따라 특별당비나 000 추천 관련 비용 등의 명목으로 금원을 교부하였다고는 하나, 그러한 거액의 금원을 교부한 주된 동기는 피고인 1의 도움을 받아 비례대표 국회의원 후보자로 추천받는 데 있었고, 그러한 목적만 이룰 수 있다면 피고인 1, 2에게 교부한 금원이 당초 언급된 명목과는 다른 용도로 사용되더라도 이의를 제기하지는 않았을 것으로 보이는 점이다.",
            "당초 피고인 1, 2가 내세운 명목 자체도 막연히 특별당비가 필요하다거나 000 의 추천을 받는데 돈이 든다는 정도에 불과하고 자금을 언제, 어떤 방식으로 집행할 것인지에 관한 구체적인 계획은 밝힌 적이 없고, 실제로도 피고인 1, 2가 피고인 3으로부터 3회에 걸쳐 받은 합계 30억 3,000만 원 중에서 특별당비로 납부하거나 000 에 제공한 금원은 없는 것으로 보이다.",
            "피고인 3도 금원을 교부한 시점을 전후하여 그 자금의 사용처를 확인하기 위한 별다른 노력을 하지 않은 점 등에 비추어 보면, 결국 피고인 3이 피고인 1, 2에게 특별당비를 내거나 000 에 제공한다는 명목 등으로 합계 30억 원을 주었다고는 한다.",
            "이는 비례대표 국회의원 후보예정자가 선거에 관하여 기부행위를 한 경우에 해당하므로 공직선거법 제113조 제1항 에 위배된다고 보아야 할 것이어서, 피고인 3의 이 부분 주장은 이유 없다.",
            "따라서 피고인들이 후보자 추천과 관련하여 3회에 걸쳐 금원을 수수하는 행위가 당초 합의된 내용을 실행하는 행위에 불과하여 그 전체가 단순일죄에 해당된다는 검사의 주장은 받아들일 수 없으며, 오히려 피고인들의 위와 같은 각 금품수수행위는 수개의 행위가 시간적, 장소적으로 접속하여 행하여지고, 범의가 단일하고 계속되며, 침해법익이 동일한 경우에 해당되어 포괄일죄로서의 처벌가능성만이 문제된다고 할 것이다.",
            "그밖에 피고인 3의 연령, 성행, 환경, 경력, 범행경위, 범행 후의 정황 등 기록에 나타난 양형의 요소가 되는 여러 사정을 종합하여 보면, 원심이 피고인 3에 대하여 선고한 형량(징역 1년)은 적정하다고 판단된다."
        ]
    },
    "close": {
        "cnclsns": [
            "피고인들 및 검사의 항소를 모두 기각한다."
        ]
    }
}