{
    "info": {
        "caseField": "2",
        "detailField": "6",
        "trailField": "2",
        "caseNm": "의료법위반",
        "courtNm": "대전지방법원",
        "judmnAdjuDe": "2009. 01. 15.",
        "caseNo": "2008노659",
        "relateLaword": [
            "의료기사 등에 관한 법률 제2조",
            "의료기사 등에 관한 법률 시행령 제2조",
            "형사소송법 제364조",
            "약사법",
            "의료기사 등에 관한 법률 제9조"
        ],
        "qotatPrcdnt": []
    },
    "concerned": {
        "acusr": "4",
        "dedat": "1"
    },
    "org": {
        "orgJdgmnCourtNm": "대전지방법원",
        "orgJdgmnAdjuDe": "2008. 2. 18",
        "orgJdgmnCaseNo": "2006고정917"
    },
    "disposal": {
        "disposalform": "10",
        "disposalcontent": [
            "피고인들의 항소를 모두 기각한다.",
            "피고인 1은 당심에 이르기까지 자신의 잘못을 부인하기에만 급급한 태도를 보이고 있는 점, 편취한 보험금이 많고 그 기간 또한 장기인 점 등 이 사건 변론에 나타난 여러 양형조건들을 고려하여 보면, 피고인들에 대한 원심판결의 형이 너무 무거워서 부당하다고 판단되지 않는다."
        ]
    },
    "mentionedItems": {
        "rqestObjet": [
            "피고인들에 대한 원심판결의 각 형( 피고인 1 : 벌금 15,000,000원, 피고인 2 의료법인 : 벌금 5,000,000원)이 너무 무거워서 부당하다."
        ]
    },
    "assrs": {
        "acusrAssrs": [],
        "dedatAssrs": [
            "피고인 1은 환자들에 대한 소변검사료, 투약료, 방사선 판독료, 심전도 검사료, 주사료, 입원료, 식대, 공소외 2에 대한 치료비 등을 정당하게 보험회사에 청구하였고 원심 판시 제1의 가항과 같이 과다지급 받은 사실이 없음에도, 이에 대하여 유죄를 선고한 원심판결에는 사실을 오인하여 판결에 영향을 미친 위법이 있다.",
            "가사 보험금 부당청구 사실이 인정된다고 하더라도 이는 ○○병원의 직원들이 한 일이고 이사장인 피고인 1은 이러한 사실을 알지 못하였으므로 편취의 범의가 없음에도, 이에 대하여 유죄를 선고한 원심판결에는 사실을 오인하여 판결에 영향을 미친 위법이 있다.",
            "피고인 1은 간호사들과 공모하여 이 부분 범행을 저지른 사실이 없고, 피고인 1이 이 부분 범행을 저지른 사실이 없는 이상 피고인2 의료법인 또한 양벌규정을 적용하여 처벌할 수 없음에도, 이에 대하여 모두 유죄를 선고한 원심판결에는 사실을 오인하여 판결에 영향을 미친 위법이 있다.",
            "피고인들에 대한 원심판결의 각 형(피고인 1 : 벌금 15,000,000원, 피고인 2 의료법인 : 벌금 5,000,000원)이 너무 무거워서 부당하다.",
            "피고인 1은 원심에서 당심에 이르기까지 ○○병원에서 사용한 소변검사스틱은 스틱 자체에 10종의 검사를 할 수 있게 되어 있어 이 스틱으로 5종의 검사만 할 수 있는 것은 아니고, 비록 결과지에는 5종의 검사결과가 표시되어 있다고 하더라도 10종 검사스틱으로 소변검사를 실시하고 보험금을 청구한 것이어서 기망행위가 없었다는 취지로 변소하고 있다.",
            "피고인 1은 기존에 사용하던 5종 검사결과를 기재할 수 있는 결과지가 남아 있어 10종의 검사스틱을 사용한 이후에도 5종의 결과지를 사용한 것이라는 취지로 주장한다.",
            "피고인 1은 원심에서 당심에 이르기까지 ○○병원은 병상 79개가 설치된 병원으로서 약사법에 의할 때 약사가 없더라도 입원해 있는 환자들에게 약을 조제, 처방할 수 있으므로 투약료를 편취한 사실은 없다는 취지로 변소하고 있다.",
            "피고인 1은 원심에서부터 당심에 이르기까지 방사선의 경우 방사선과 전문의의 판독결과지가 따로 없다고 하더라도 의사의 진료기록부에 판독결과가 기재되어 있는 경우에는 방사선 판독료를 편취한 것으로 볼 수 없다고 봄이 타당하다고 주장한다.",
            "또한 피고인 1은 당심에 이르러 비록 진료기록부에 판독결과가 기재되지 않았다고 하더라도 이것이 곧바로 방사선 검사의 판독을 하지 않았다는 점에 대한 입증이 되는 것은 아니므로, 형사상 사기죄로 처벌할 수 없다는 취지로 주장하고 있다.",
            "피고인 1은 원심에서부터 당심에 이르기까지 심전도 검사는 의료행위의 일환으로 의사도 할 수 있는 행위이므로, ○○병원에서는 당직의사의 입회하에 환자에 대한 심전도 검사를 실시하였으므로 검사료를 받은 것은 적법하다는 취지로 변소하고 있다.",
            "피고인 1은 당심에 이르러 보험회사를 상대로 진료비를 청구하는 것은 ○○병원의 직원들이 하는 업무이고 ○○병원의 이사장으로서 ○○병원을 대표하고 직원들을 관리하는 업무를 담당하는 피고인 1이 관여하는 업무가 아니므로, 이 부분 공소사실에 대하여는 편취의 범의가 없었다는 취지의 주장을 한다."
        ]
    },
    "facts": {
        "bsisFacts": [
            "공소외 4의 증언 등에 의하면 진료기록부에 기재된 의사의 처방 내용과 다른 약재를 청구하거나 의사의 처방일수보다 투약 일수를 부풀려 청구하거나 실제로 약이 투약되지 않은 환자에 대하여 투약한것으로 청구한 사실이 있다.",
            "피고인 1은 검찰에서 “간호사 파동이 일어나 간호사가 부족해지자 간호사들이 피고인 1에게 간호기록부를 작성하지 못하겠다고 말을 하였다.”고 진술하였다."
        ]
    },
    "dcss": {
        "courtDcss": [
            "그런데 소변검사스틱에는 3종, 5종, 10종의 검사를 할 수 있는 것이 있는데, 검사결과지에 5종의 검사만을 시행한 것으로 되어 있다면 5종의 검사만 행해진 것이라고 믿는 것이 경험칙상 일반적인 점, 검사결과지를 바꾸는 것이 복잡하고 어려운 작업이 아닌 점을 고려할 때 여분의 검사결과지를 모두 다 사용하기 위해 굳이 5종의 검사결과만을 시행한 것으로 기재하였다는 주장은 쉽사리 납득이 가지 않는다.",
            "환자들에게 10종의 소변검사를 실시하였다는 점을 뒷받침하는 자료로는 10종 검사스틱의 거래명세서와 병원관계자들의 주장 밖에 없는데 거래명세서만으로 10종 검사가 이루어졌다고 인정하기에는 어려움이 있고 병원관계자들의 주장 또한 별다른 근거의 제시 없이 무조건 10종의 검사를 실시하였다는 취지여서 쉽게 믿기 어렵다.",
            "(병원직원인 공소외 3은 원심법정에서 “무조건 10종 검사를 했다고 하는데 그것을 믿을만한 자료가 있느냐?”는 판사의 질문에 별다른 근거 없이 “우리들은 10종을 썼다.”라고만 답변하고 있다.)",
            "○○병원에서는 5종의 소변검사를 실시하고서도 10종의 검사를 하였음을 전제로 보험금을 받았다고 넉넉히 판단되므로, 이에 대한 피고인 1의 사실오인 주장은 이유 없다.",
            "그러나 원심이 투약료 편취 부분을 유죄로 인정한 것은 공소외 4의 증언 등에 의하면 진료기록부에 기재된 의사의 처방 내용과 다른 약재를 청구하거나 의사의 처방일수보다 투약 일수를 부풀려 청구하거나 실제로 약이 투약되지 않은 환자에 대하여 투약한 것으로 청구한 사실이 인정되기 때문이지 위 피고인의 주장처럼 단지 약사가 약을 조제, 처방하지 아니하였기 때문에 투약료를 편취하였다고 판단한 것이 아니므로, 피고인 1의 이 부분 사실오인 주장은 이유 없다.",
            "원심이 적절하게 설시하고 있는 바와 같이 원심은 “진료기록부에 판독지나 판독결과가 기재되어 있지 않은 경우에 판독료 30%를 편취한 것으로 산정하였다.”는 공소외 4의 진술을 토대로 사기 범행을 인정한 것이고, 피고인 1의 주장과 같이 진료기록부에 판독결과가 기재되어 있음에도 방사선 판독료를 편취한 것으로 판단하였다고 보이지는 않으므로, 피고인 1의 이 부분 사실오인 주장은 이유 없다.",
            "그러나 ○○병원의 진료기록부 중 일부에는 판독결과가 기재되어 있으나 일부에는 기재되어 있지 않은 점에 비추어 진료기록부에 판독결과가 기재되지 않은 경우를 진료기록부에 판독결과가 기재된 경우와 똑같이 의사가 판독을 한 것이라고 쉽게 믿기는 어려운 점 등의 사정에 비추어 보면, 진료기록부에 판독결과가 기재되지 않은 경우를 의사가 판독하지 않은 것으로 보아 사기죄로 의율한 원심판결은 옳고 여기에 피고인 1이 주장하는 사실오인의 위법은 없다.",
            "그러나 의료기사 등에 관한 법률 제2조는 임상병리사를 의료기사의 일종으로 규정하고 있다.",
            "의료기사 등에 관한 법률 시행령 제2조 제1항 제1호는 이러한 임상병리사의 업무 범위에 관하여, 이하 다음과 같이 규정하고 있다.",
            "“임상병리사는 병리학, 미생물학, 생화학, 기생충학, 혈액학, 혈청학, 법의학, 요화학, 세포병리학, 방사성동위원소를 사용한 가검물 등의 검사 및 생리학적 검사(심전도, 뇌파, 심폐기능, 기초대사 기타 생리기능에 관한 검사를 말한다)의 분야에서 임상병리검사업무에 필요한 기계, 기구, 시약 등의 보관, 관리, 사용, 가검물 등의 채취, 검사, 검사용 시약의 조제, 혈액의 채혈, 제제, 제조, 조작, 보존, 공급 기타 임상병리검사업무에 종사한다.”",
            "위 법 제9조 제1항은 “의료기사 등이 아니면 의료기사 등의 업무를 행하지 못한다.”고 규정하고 있으므로, 이러한 임상병리사의 업무에 관한 제반규정을 종합하면, 임상병리사는 심전도검사 업무에 종사하는 의료기사이고 이러한 임상병리사의 업무는 임상병리사가 아니면 행할 수 없다고 봄이 타당하다.(만일 피고인의 주장대로 의사는 의료행위를 할 수 있다.)",
            "(그런데, 의료행위가 무엇인지 명확히 규정해 놓은 조항이 없다는 이유로 심전도 검사 등 의료기사 등이 할 수 있는 행위를 의료행위로 포섭하여 해석한다면, 결국 의사는 의료와 관련한 검사업무 전반을 의료행위로서 할 수 있다는 결론에 도달하게 되어 법이 일정한 기준을 정한 전문인력을 의료기사로 규정하여 이들의 업무는 의료기사가 아니면 할 수 없도록 규정한 위 법의 입법취직를 몰각시키는 결과가 되는 것이 된다.)",
            "이러한 점과 아울러 무자격자의 검사행위는 적법한 요양급여로 볼 수 없다는 사정(원심법원의 건강보험평가원에 대한 사실조회결과)을 감안할 때 피고인 1에 대한 이 부분 공소사실을 유죄로 인정한 원심판결은 타당하고 여기에 피고인 1이 주장하는 바와 같은 사실오인의 위법은 없다.",
            "원심이 적절하게 설시하고 있는 바와 같이 공소외 4의 주사료, 식대, 입원료에 관한 편취액 산정은 적정한 것으로 판단되는 점 등의 사정을 종합하면, 이 부분 공소사실에 대하여 유죄로 인정한 원심판결은 옳고 여기에 피고인 1이 주장하는 바와 같은 사실오인의 위법은 없다.",
            "원심이 적절하게 설시하고 있는 바와 같이 공소외 4 및 공소외 2의 진술의 신빙성이 인정되는 점 등의 사정에 비추어 이 부분 공소사실에 대하여 유죄를 선고한 원심판결은 타당하고 여기에 피고인이 주장하는 바와 같은 사실오인의 위법은 없다.",
            "그러나 원심이 유죄로 인정한 바와 같이 피고인 1은 공소외 6 등 6명에게 영리를 목적으로 ○○병원에 환자를 알선하도록 사주하고 이들에게 보험금 수령액에 따라 대가를 지급하기로 하는 등 부정한 방법으로 ○○병원에 환자들을 유치하여 영리를 취하려는 행위를 하여왔던 것으로 보이는바, 이러한 점에 비추어 ○○병원의 수입 증대를 위해 이러한 보험금 과다 청구 범행을 지시했을 가능성이 매우 크다.",
            "○○병원의 직원들은 보험금을 과다청구한다고 하더라도 지급받은 보험금을 횡령하지 않는 이상 이를 개인적으로 취득하는 것은 아니므로, 병원의 이사장인 피고인 1의 지시가 없었다면 굳이 시키지도 않은 범법행위를 하여 병원의 수익을 증대시킬 이유가 없다.",
            "당시 ○○병원의 보험금 지급청구업무를 담당하였던 공소외 3은 당심법정에 증인으로 출석하여 “피고인 1은 보험금 과다청구에 개입한 사실이 없으며 자신이 모든 보험금 지급청구업무를 하였다.”는 취지의 진술을 하기는 하였다.",
            "그러나 공소외 3은 당원이 그녀를 증인으로 채택하여 소환하자 당원에 “먹고 살아야 하는 형편 때문에 시키면 시키는 대로 해야 했다.그분들(피고인 1 등 병원관계자를 의미하는 것으로 보인다.)이 지켜보는 가운데서는 할 말을 다 못할 것 같다.그분들이 너무 무섭다.” 는 취지의 서면을 제출하며 증인으로 출석하지 아니할 의사를 표시하였다.",
            "당원에 증인으로 출석하여 진술하면서 위와 같이 출석을 거부한 사유, 즉 피고인 1을 무섭다고 한 이유 등에 관하여 납득할만한 진술을 하지 못하고 있으므로, 이러한 공소외 3의 진술만으로 피고인 1이 이 사건 사기 범행과 아무런 연관이 없다고 판단하기에는 어려움이 있다.",
            "피고인 1은 이 사건 보험금 과다청구 사기 범행을 지시하였거나, 적어도 직원들이 보험금을 과다청구한다는 사실을 미필적으로나마 인식한 상태에서 이러한 범행을 저질렀다고 넉넉히 판단되므로 피고인 1의 이 부분 사실오인 주장 또한 이유 없다.",
            "피고인 1은 검찰에서 “간호사 파동이 일어나 간호사가 부족해지자 간호사들이 피고인 1에게 간호기록부를 작성하지 못하겠다고 말을 하였다.”고 진술하고 있는바 의료법이 간호사에게 간호기록부의 작성의무를 부과하고 있는 이상 병원의 이사장으로서 병원운영 전반에 관하여 책임이 있는 피고인 1로서는 다른 간호사들을 추가로 고용하거나 간호사들을 독려하여 간호기록부를 작성하도록 하였어야 할 것이다.",
            "그럼에도 간호기록부가 작성되지 않는다는 사실을 알면서도 이를 방치하여 결국 간호기록부가 작성되지 않도록 하였던바, 이러한 정황에 비추어 보면 피고인 1이 간호사들과 공모하여 이 사건 범행을 저질렀다고 넉넉히 판단되고, 피고인 1의 이 부분 범죄사실이 유죄로 인정되는 이상 피고인 2 의료법인 또한 양벌규정의 적용을 피할 수 없는 것이다.",
            "동일한 판단 하에 이 부분 공소사실에 대하여 유죄를 선고한 원심판결은 타당하고 여기에 피고인 1이 주장하는 바와 같은 사실오인의 위법은 없다.",
            "피고인 1은 당심에 이르기까지 자신의 잘못을 부인하기에만 급급한 태도를 보이고 있는 점, 편취한 보험금이 많고 그 기간 또한 장기인 점 등 이 사건 변론에 나타난 여러 양형조건들을 고려하여 보면, 피고인들에 대한 원심판결의 형이 너무 무거워서 부당하다고 판단되지 않는다."
        ]
    },
    "close": {
        "cnclsns": [
            "피고인들의 항소를 모두 기각한다."
        ]
    }
}