{
    "info": {
        "caseField": "2",
        "detailField": "6",
        "trailField": "2",
        "caseNm": "병역법위반",
        "courtNm": "서울동부지방법원",
        "judmnAdjuDe": "2008. 10. 16.",
        "caseNo": "2008노652",
        "relateLaword": [
            "병역법 제92조",
            "병역법 제36조 ",
            "병역법 제38조 ",
            "병역법 시행령 제78",
            "형법 제51조",
            "형사소송법 제364조"
        ],
        "qotatPrcdnt": []
    },
    "concerned": {
        "acusr": "4",
        "dedat": "1"
    },
    "org": {
        "orgJdgmnCourtNm": "서울동부지방법원",
        "orgJdgmnAdjuDe": "2008. 5. 14.",
        "orgJdgmnCaseNo": "2007고단1562"
    },
    "disposal": {
        "disposalform": "10",
        "disposalcontent": [
            "피고인들의 항소를 모두 기각한다.",
            "고용주인 피고인 1은 공소외 1의 전문연구요원의 편입과 관련하여 편입신청서를 작성할 당시 공소외 1이 피고인 회사에 재직하면서 업무수행을 하고 있지 아니한 사실을 잘 알고 있음에도 불구하고 공소외 1을 서울지방병무청장에게 전문연구요원으로 추천하여 전문연구요원으로 편입되도록 하였으므로, 병역법 제92조 제2항 에서 정한 편입과 관련한 부정한 행위 를 범하였다고 할 것이고, 따라서 이와 결론이 같은 원심판결에 피고인들이 주장하는 사실오인이나 법리오해로 인한 위법이 있다고 할 수 없다.",
            "이 사건 범행의 내용과 그 경위, 전문기능요원과의 관계, 범행 후의 정황 등 형법 제51조 에 정해진 양형의 조건을 살펴보면, 원심이 피고인들에 대하여 선고한 형은 적절하다고 보인다."
        ]
    },
    "mentionedItems": {
        "rqestObjet": [
            "공소외 1은 피고인 회사 부설 기술연구소에 편입될 충분한 자격을 갖춘 상태고, 실제로도 편입 이후 토목구조 분야 관련 업무를 하였다.",
            "따라서 피고인 1이 공소외 1을 피고인 회사의 전문연구요원으로 편입신청한 행위는 병역법 제92조 제2항 에서 정한 편입과 관련한 부정한 행위 에 해당한다고 할 수 없다. ",
            "그럼에도 불구하고 피고인들에 대하여 유죄로 인정한 원심판결에는 사실을 오인하거나 법리를 오해하여 판결에 영향을 미친 위법이 있다.",
            "원심이 피고인들에 대하여 선고한 형(피고인 1 : 징역 6월에 집행유예 2년, 벌금 500만 원, 피고인 회사 : 벌금 500만 원)은 너무 무거워서 부당하다."
        ]
    },
    "assrs": {
        "acusrAssrs": [],
        "dedatAssrs": [
            "공소외 1은 피고인 회사 부설 기술연구소에 편입될 충분한 자격을 갖춘 상태고, 실제로도 편입 이후 토목구조 분야 관련 업무를 하였다.",
            "따라서 피고인 1이 공소외 1을 피고인 회사의 전문연구요원으로 편입신청한 행위는 병역법 제92조 제2항에서 정한 '편입과 관련한 부정한 행위'에 해당한다고 할 수 없다.",
            "그럼에도 불구하고 피고인들에 대하여 유죄로 인정한 원심판결에는 사실을 오인하거나 법리를 오해하여 판결에 영향을 미친 위법이 있다.",
            "원심이 피고인들에 대하여 선고한 형(피고인 1: 징역 6월에 집행유예 2년, 벌금 500만 원, 피고인 회사: 벌금 500만 원)은 너무 무거워서 부당하다."
        ]
    },
    "facts": {
        "bsisFacts": [
            "행정고시를 준비하던 공소외 1이 재학생입영연기가 더 이상 불가능해지자, 2006.2.경 평소에 알고 있던 피고인 1에게 피고인 회사의 기술연구소에 전문연구요원으로 편입되도록 부탁하면서 행정고시 1차를 보았고, 2차 시험이 8월에 있는데 2차 시험공부를 할 수 있도록 배려하여 줄 것을 요청하였고, 피고인 1은 이를 승낙하였다.",
            "피고인 1은 2006.3.6.경 사실은 공소외 1이 피고인 회사의 기술연구소에서 토목구조 분야 연구를 하지 않고 있으며, 적어도 8월까지 행정고시 시험을 준비를 위하여 피고인 회사에서 정상적으로 연구업무에 종사할 수 없다는 점을 잘 알고 있었다.",
            "그러면서도 공소외 1이 피고인 회사의 부설 기술연구소에서 토목구조 분야 연구를 하고 있고, 앞으로도 위 업무를 담당할 것처럼 작성된 허위의 전문연구요원 편입신청서를 서울지방병무청장에게 제출하여 2006.3.24.공소외 1로 하여금 피고인 회사의 부설 기술연구소에 전문연구요원으로 편입되도록 하였다.",
            "피고인 1은 편입 이후에도 2007.7.23.경까지 피고인 회사에서 정상적으로 근무하지 않고, 간간이 피고인 회사의 업무를 도와주며 용돈을 받은 정도에 불과하다."
        ]
    },
    "dcss": {
        "courtDcss": [
            "관할지방병무청장은 현역병입영대상자 또는 공익근무요원소집대상자 중 '석사 이상의 학위를 취득한 사람' 중 '지정업체로 선정된 연구기관에 종사하고 있는 사람'으로서 의무종사기간을 35세까지 마칠 수 있는 사람에 대하여 전문연구요원으로 편입할 수 있다(병역법 제36조 제5항, 제38조 제1호).",
            "전문연구요원에 편입을 원하는 사람은 전문연구요원편입원서에 국방부령이 정하는 구비서류를 첨부하여 지정업체의 장에게 제출하고, 이러한 지정업체의 장은 배정인원의 범위 안에서 추천대상자를 결정하여 접수일로부터 7일 이내에 관할지방병무청장에게 제출하여야 한다(병역법 시행령 제78조 제3, 4항).",
            "따라서 지정업체의 장인 고용주가 전문연구요원의 편입과 관련하여 담당하는 직무는 그 대상자가 법이 정한 학위 등을 가지고 자신이 경영하는 업체에 재직하면서 업무수행을 하고 있는지 여부를 확인하여 관할지방병무청장에게 추천하는 것이므로, 그 사실에 반하여 대상자를 추천하여 전문연구요원으로 편입되도록 하였다면 고용주는 전문연구요원편입과 관련하여 부정행위를 범하였다고 할 것이다.",
            "위 인정사실에 의하면, 고용주인 피고인 1은 공소외 1의 전문연구요원의 편입과 관련하여 편입신청서를 작성할 당시 공소외 1이 피고인 회사에 재직하면서 업무수행을 하고 있지 아니한 사실을 잘 알고 있음에도 불구하고 공소외 1을 서울지방병무청장에게 전문연구요원으로 추천하여 전문연구요원으로 편입되도록 하였으므로, 병역법 제92조 제2항에서 정한 편입과 관련한 부정한 행위를 범하였다고 할 것이다.",
            "따라서 이와 결론이 같은 원심판결에 피고인들이 주장하는 사실오인이나 법리오해로 인한 위법이 있다고 할 수 없다.",
            "이 사건 범행의 내용과 그 경위, 전문기능요원과의 관계, 범행 후의 정황 등 형법 제51조에 정해진 양형의 조건을 살펴보면, 원심이 피고인들에 대하여 선고한 형은 적절하다고 보인다."
        ]
    },
    "close": {
        "cnclsns": [
            "피고인들의 항소를 모두 기각한다."
        ]
    }
}