{
    "info": {
        "caseField": "2",
        "detailField": "6",
        "trailField": "2",
        "caseNm": "특정경제범죄가중처벌등에관한법률 위반(배임),특정범죄가중처벌등에관한법률 위반(횡령)",
        "courtNm": "서울고등법원 ",
        "judmnAdjuDe": "2009. 01. 15.",
        "caseNo": "2008노1753",
        "relateLaword": [
            "특정경제범죄 가중처벌 등에 관한 법률 제3조",
            "형법 제355조",
            "형법 제30조",
            "형법 제53조",
            "형법 제55조",
            "형법 제 62조",
            "형사소송법 제325조"
        ],
        "qotatPrcdnt": [
            "대법원 1999. 6. 25. 선고 99도1141 판결",
            "대법원는 2004. 7. 9 선고 2004도810 판결",
            "대법원 2004. 7. 22 선고 2002도4229 판결"
        ]
    },
    "concerned": {
        "acusr": "4",
        "dedat": "1"
    },
    "org": {
        "orgJdgmnCourtNm": "서울서부지방법원",
        "orgJdgmnAdjuDe": "2008. 7. 3",
        "orgJdgmnCaseNo": "2007고합335"
    },
    "disposal": {
        "disposalform": "10",
        "disposalcontent": [
            "원심판결을 전부 파기한다.",
            "피고인1를 징역 1년 6월에 처한다. ",
            "다만, 이 판결을 확정일로부터 2년간 위 형의 집행을 유예한다. ",
            "피고인1, 2, 3에 대한 특정경제범죄가중처벌 등에 관한 법률 위반(배임)의 점은 각 무죄를 선고한다."
        ]
    },
    "mentionedItems": {
        "rqestObjet": [
            "특정경제범죄 가중처벌 등에 관한 법률위반(배임)의 점에 대하여 면소를 선고한 것은 위법하고, 위 면소 부분도 유죄로 인정되어야 한다.",
            "특정경제범죄 가중처벌 등에 관한 법률위반(배임)의 점에 대하여 면소 부분을 포함하여 위 공소사실 가. 및 나. 전부에 관하여 위 피고인들에게 면소를 선고하여야 한다.",
            "배임의 유죄 여부에 관하여 무죄 부분은 유죄로 인정되어야 한다.",
            "배임의 유죄 여부에 관하여 유죄 부분은 모두 무죄이다.",
            "특정경제범죄 가중처벌 등에 관한 법률 위반(횡령)의 점에 대하여 피고인 1 은 위 공소의 1 로부터 전달받은 금원이 위 피해자 회사의 이익금인 것으로 알았을 뿐이므로, 공소외 1 과 공모하여 피해자 회사의 재산을 횡령한다는 불법영득의 의사가 없었고, 따라서 위 공소사실에 관해서는 무죄가 선고되어야 한다.",
            "특정경제범죄 가중처벌 등에 관한 법률 위반(횡령)의 점에 대하여 위 공소사실이 유죄로 인정된다고 하더라도, 원심의 형(징역 1년 6월)은 너무 무거워서 부당하다. "
        ]
    },
    "assrs": {
        "acusrAssrs": [
            "위와 같이 면소를 선고한 것은 위법하고, 위 면소 부분도 유죄로 인정되어야 한다.",
            "위 무죄 부분은 유죄로 인정되어야 한다."
        ],
        "dedatAssrs": [
            "위 면소 부분을 포함하여 위 공소사실 가.및 나.전부에 관하여 위 피고인들에게 면소를 선고하여야 한다.",
            "위 유죄 부분은 모두 무죄이다."
        ]
    },
    "facts": {
        "bsisFacts": [
            "피고인 00은 1998.3.경부터 2004.3.28.까지 000(이하 'OOO'라 한다)의 대표이사회장 등으로 재직하면서 000의 경영에 관한 주요 정책을 최종 결정,집행하는 업무를 담당하였다.",
            "피고인 00는 1998.10.경부터 2005.2.경까지 000의 대표이사 부회장 등으로 재직하면서 000의 경영에 관한 주요 정책을 결정·집행하는 업무를 담당하였다.",
            "피고인 00은 1998.10.경부터 현재까지 000의 부사장, 대표이사 사장 등으로 재직하면서 000의 자금집행에 관한 업무를 총괄담당하였다.",
            "피고인 00은 2005.3.16.서울중앙지방법원 2004고합1338 사건에서 징역 3년에 집행유예 4년을 선고받고, 그 판결이 2005.3.24.확정되었다.",
            "피고인 00는 2005.11.11.서울중앙지방법원 2004고합1475 사건에서 징역 2년 6월에 집행유예 3년을선고받고, 그 판결이 2005.11.19.확정되었다.",
            "위 각 확정판결에서 피해자가 000인 배임행위로 유죄가 인정된 범죄사실의 요지는 다음과 같다.",
            "피고인 00은 1998.9.21.및 같은 해 9.23.그의 누나인 00 등에게 000 소유 토지를 저가로 매각하였다.",
            "피고인 00, 00는 공모하여 1999.1.5.피고인 00이 차명으로 보유하던 000 주식 및 000 주식을 000로 하여금 고가로 매입하게 하였다.",
            "피고인 00, 00는 공모하여, 000의 자금을 빼돌려 피고인 00의 차입금 채무를 변제하기 위하여, 000의 위장계열사로서 과도한 채무로 인해 채권회수 가능성이 없는 000에게 충분한 담보 없이 2000.5.20.경에 50억 원, 같은 해 5.24.에 58억 원, 같은 해 12.29.에 70억 원 합계 178억 원을 각 대여하고, 000 역시 아무런 채권확보 대책 없이 피고인 00에게 위 178억 원을 대여하였다.",
            "000는 1962.5.경 설립되었고, 000은 000를 중심으로 계열사의 설립이나 인수를 통하여 1998.4.기준으로 22개의 계열사를 거느린 기업집단으로 성장하였다.",
            "000은 1997.초부터 계열사인 000의 막대한 채무를 감당하지 못하여 그룹 전체가 부도위기에 처하자, 1997.말경 000를 000에 매각한 것을 필두로 여러 계열사와 자산을 매각하고, 위 매각과정에서 1조 8,000억 원 정도에 이르는 000의 채무를 000와 기타 계열사들이 인수하였다.",
            "위와 같이 인수한 채무는 할부금융회사 등에 대한 단기채무 등으로서 채무조정이 어려웠고, 1997.경의 외환위기로 금융시장이 경색되자, 000와 기타 계열사들은 고율의 이자를 상당기간 부담하다가 결국은 그 이자도 감당하지 못할 정도로 심각한 경영위기에 처하여 1998.경부터 기업개선작업(work-out)에 들어갔다.",
            "000는 위와 같은 경영위기를 타개하기 위하여 2000.10.30.일본의 000로부터 3,500억 원의 유상증자를 유치하였고, 기업개선작업의 일환으로 2001.11.경 000과 자금관리단 관리계약을 맺고 그 관리단으로부터 자금관리, 경영정상화 및 자구계획 등에 대한 점검 등을 받게 되었다.",
            "000은 1988.5.경 설립된 레미콘 생산 및 판매 업체로서, 000(이하 'OOO'이라 한다)의 발행주식 30%를 보유하였다.",
            "사업다각화 차원에서 보험업 진출을 모색하던 000은 관련법령의 제한을 피하기 위하여 1996.3.경 공소외 00(000 현 대표이사), 공소외 00, 00, 00의 명의를 빌려 000의 유상증자에 참여하여 그 주식을 인수하였다.",
            "000은 1999년도 매출액 47억 원에 당기순손실 (-)301억 원이었고, 자본금 34억 원에 순자산 (-)698억 원이었다.",
            "1990.경 정부가 법인의 비업무용 부동산에 대한 중과세 방침을 정하자, 000 회장인 피고인 00이 공소외 00, 00, 00 등의 명의를 빌려 자본금 7억 원으로 000을 설립하였다.",
            "000은 1990.12.경부터 1992.7.경까지 사이에 92억 3,000만 원 정도를 000 등으로 부터 차입하여 그 차입금으로 000 소유의 0000 대지 및 지상 건물 등을 매입하였다.",
            "000은 1946.경 설립된 건설업체로서, 000의 계열사였다.",
            "000는 000의 계열사인 000과 공동으로 0000에서 주택개발사업을 하던 중 000이 부도에 직면하게 되자, 당시 회장이던 00의 요청을 받아들여 000의 부도를 막아 위 주택개발사업을 계속할 목적으로 000과 상호 지급보증 관계에 있던 000을 1995.경 공소외 00, 00등의 명의를 빌려 인수하였다."
        ]
    },
    "dcss": {
        "courtDcss": [
            "수개의 배임행위가 있더라도 피해법익이 단일하고 범죄의 태양이 동일할 뿐만 아니라, 그 수개의 배임행위가 단일한 범의에 기한 일련의 행위라고 볼 수 있는 경우에는 그 수개의 배임행위는 포괄하여 1죄를 구성한다.",
            "위 확정판결에서 유죄로 인정된 배임행위 중 000에게 자금을 대여한 부분은, 000의 자금을 빼돌려 피고인 00의 차입금 채무를 변제하기 위하여 2000.5.경부터 2000.12.경까지 사이에 000의 위장계열사인 000에게 3회에 걸쳐 자금을 대여한 것이다.",
            "이로써 이는 자금을 제공하여 000에게 이익을 준다는 것에 수반하여 피고인 00의 차입금 채무를 변제한다는 별도의 특정된 목적이 있고, 이러한 별도의 특정된목적에 따라 비교적 단기간 내에 이루어진 행위이다.",
            "이에 대비하여 위 공소사실 가.및 나.중 000에게 자금을 대여한 부분은, 000을 포함하여 000의 위장계열사인 000, 000, 000이 대규모 자본잠식 상태에 있었음에도 채권회수 조치나 이사회 결의도 없이 1999.1.경부터 2005.3.경까지 사이에 000 및 위 000 등에게 지속적으로자금을 대여하였다는 것이다.",
            "이로써 이는 자금을 제공하여 000에게 이익을 준다는 것 외에 별도의 특정된 목적이 없고, 이와 같이 별도의 특정된 목적을 수반하지 않은 상태에서 장기간에 걸쳐 지속적으로 이루어진 행위이다.",
            "그렇다면, 위 확정판결에서 유죄로 인정된 배임행위 중 000에게 자금을 대여한 부분은, 위 공소사실 가.및 나.중 000에게 자금을 대여한 부분과의 관계에 있어서, 단일한 범의에 기한 일련의 행위라고 볼 수없어, 위 각 부분이 포괄 1죄를 구성한다고 할 수 없고, 따라서 위 확정판결의 위 부분에 관한 기판력이 위공소사실의 위 부분에 미친다고 할 수 없다.",
            "또한 위 확정판결에서 유죄로 인정된 배임행위 중 000에게 자금을 대여한 부분을 제외한 나머지 부분은, 000가 1998.9.경과 1999.1.경 피고인 00의 누나 등에게 토지를 저가로 매각하고 피고인 00이 보유하던 주식을 고가로 매입한 것으로서, 이는 범죄의 태양이 토지매도와 주식매입이다.",
            "그리고, 그러한 토지매도와 주식매입에 관한 별개의 범의를 가지고 상호 독립적 및 1회적으로 이루어진 행위이며, 배임행위로 인하여 이익을 취득한 자는 피고인 00 개인이다.",
            "이에 대비하여 위 공소사실 가.및 나.는 앞서 본 바와 같이, 000가 000을 포함하여 000의 위장계열사들에게 1999.1.경부터 2005.3.경까지 사이에 지속적으로 자금을 대여하였다는 것으로서, 이는 범죄의 태양이 모두 자금대여이고, 그러한 자금대여에 관한 동일한 범의를 가지고 장기간에 걸쳐 지속적으로 이루어진 행위이며, 배임행위로 인하여 이익을 취득하는 자는 위장계열사들이다.",
            "그렇다면, 위 확정판결에서 유죄로 인정된 배임행위 중 000에게 자금을 대여한 부분을 제외한 나머지 부분은, 위 공소사실 가.및 나.와의 관계에 있어서, 단일한 범의에 기한 일련의 행위라고 볼 수 없어, 위 각 부분이 포괄 1죄를 구성한다고 할 수 없고, 따라서 위 확정판결의 위 나머지 부분에 관한 기판력이 위 공소사실가.및 나.에 미친다고 할 수 없다.",
            "위 공소사실 나.의 배임행위 중 000에게 자금을 대여하였다는 부분은 피고인 00에 대하여 위 피고인이 이에 공모하였음을 인정할 만한 증거가 없어 무죄이고, 위 공소사실 가., 나., 다.의 배임행위 중 위 무죄 부분을 제외한 나머지 부분은 모두 유죄로 인정된다.",
            "앞서 본 바와 같이 원심판결의 면소 부분이 위법하고, 검사 및 피고인 00, 00, 00 이 위와 같이 유죄 및 무죄 주장을 하고 있으므로, 당심에서는 위 공소사실 가., 나., 다.의 배임행위 전부에 관하여 유죄 여부를 판단하기로 한다.",
            "한편으로 앞서 본 바에 의하면, 위 공소사실 가., 나., 다.의 배임행위는, 피해자가 000로서 단일하고, 범죄의 태양이 모두 자금대여이며, 그러한 자금대여에 관한 동일한 범의를 가지고 장기간에 걸쳐 지속적으로 이루어진 행위이고, 배임행위로 이익을 얻은 자가 모두 위장계열사들로서 같은 성격을 지닌 점 등에 비추어 볼때, 이하 다음 내용과 같다.",
            "즉, 그러한 위장계열사들이 000, 000, 000, 000 등 4개 회사라고 할지라도, 그러한위장계열사 별로 배임죄가 각기 성립하는 것이 아니라, 위 공소사실의 배임행위 전부가 포괄 1죄를 구성한다고 할 것이므로, 이하에서는 이러한 포괄 1죄를 전제로 하여 판단하기로 한다.",
            "그렇다면, 000가 000 및 000에게 자금을 제공하여 위 차입금 채무를 변제하도록 한 것은, 000가 실질적인 채무자로서 그 채무를 변제하는 것으로서, 위와 같은 자금제공은 000에게 손해를 가하는 배임행위라고 할 수 없다.",
            "이 사건 증거들에 의하면, 위 피해자 회사는 피고인 00이 자신의 비서실장 공소외 00 및 공소외 00등의 명의를 빌려 피고인 00자신의 자금으로 설립한 사실상 1인 주주 회사로서, 000 계열사들의 기업보험을 모집하여 이익을 얻는 사업을 영위한 사실, 피고인 00은 2003.2.경 위 공소외 00에게 피해자 회사의 운영을 맡겼고, 그 무렵 공소외 00은 피해자 회사의 예측 수익금을 피고인 00에게 구두로 보고한 사실이 있다.",
            "공소외 00은 피해자 회사의 연간 수익금을 추산한 후 이를 적당히 나누어 거의 매월 적게는 1,000만 원에서 많게는 8,000만 원을 전액 현금으로 바꾸어 0을 운영하는 피고인 00의 처 공소외 00에게 전달한 사실이 있다.",
            "공소외 00은 피고인 00과 공소외 00의 지시를 받아 위와 같이 돈을 전달한 사실, 공소외 00은 위와 같이 전달한 돈을 피해자 회사가 보험모집 수수료로 지급한 것으로 회계처리한 사실, 피해자 회사의 연간 수익금은 7~8억 원 정도였는데, 공소외 00이 공소외 00에게 전달한 돈은 2003.에는 합계 1억 1,000만 원, 2004.에는 합계 3억 2,000만 원, 2005.에는 합계 2억 2,000만 원에 이르는 사실이 인정된다.",
            "또한, 피해자 회사는 정상적인 방법으로도 000, 000 등에게 기부금을 제공하였던 사실이 인정된다.",
            "위 인정사실과 그밖의 증거들에 의하면, 피고인 00은 공소외 00로부터 전달받은 금원이 피해자 회사 소유의 재산임을 알면서도 공소외 00과 공모하여 이를 횡령하였음을 인정할 수 있으므로, 이에 관한 피고인 00의 주장은 이유 없다.",
            "피고인 00이 피해자 회사에게 피해금액을 모두 반환한 점, 피해자 회사는 피고인 00이 자신의 자금으로 설립한 사실상 1인 주주 회사인 점, 피고인 00이 이 000의 회생을 위하여 상당한 노력과 기여를 하였고, 000가 회생에 성공한 점, 그밖에 피고인 00의 연령, 성행, 환경, 범행의 동기, 수단과 결과, 범행 후의 정황등을 고려하여 보면, 원심의 형은 너무 무겁다고 인정되므로, 이에 관한 피고인 00의 주장은 이유 있다."
        ]
    },
    "close": {
        "cnclsns": [
            "원심판결을 전부 파기한다.",
            "피고인 00을 징역 1년 6월에 처한다.",
            "다만, 이 판결 확정일로부터 2년간 위 형의 집행을 유예한다.",
            "피고인 00, 00, 00에 대한 「특정경제범죄 가중처벌 등에 관한 법률」위반(배임)의 점은 각 무죄."
        ]
    }
}