{
    "info": {
        "caseField": "2",
        "detailField": "6",
        "trailField": "2",
        "caseNm": "특정경제범죄가중처벌등에관한법률위반(배임) 인정된죄명:업무상배임 ,특정범죄가중처벌등에관한법률위반(뇌물),업무상배임,업무상횡령,뇌물수수,뇌물공여",
        "courtNm": "서울고등법원 ",
        "judmnAdjuDe": "2009. 05. 27.",
        "caseNo": "2008노3296",
        "relateLaword": [
            "형사소송법 제 364조 ",
            "형사소송법 제369조",
            "헹법 제356조",
            "형법 제355조",
            "형법 제30조",
            "특정범죄 가중처벌 등에 관한 법률 제4조",
            "특정범죄 가중처벌 등에 관한 법률 제2조",
            "형법 제129조",
            "형법 제133조 ",
            "형법 제37조",
            "형법 제38조",
            "형법 제50조",
            "형법 제53조",
            "형법 제 57조",
            "형법 제134조"
        ],
        "qotatPrcdnt": [
            "대법원 2001. 10. 12. 선고 2001도3579 판결",
            "대법원 2004. 5. 28. 선고 2004도1442판결"
        ]
    },
    "concerned": {
        "acusr": "자연인,법인",
        "dedat": "1"
    },
    "org": {
        "orgJdgmnCourtNm": "서울중앙지방법원",
        "orgJdgmnAdjuDe": "2008.12.5",
        "orgJdgmnCaseNo": "2008고합766, 1075(병합)"
    },
    "disposal": {
        "disposalform": "10",
        "disposalcontent": [
            "원심판결 중 피고인1에 대한 부분을 파기한다. ",
            "피고인1를 징역 3년 6월에 처한다. ",
            "피고인1로부터 5,100만 원을 추징한다. ",
            "피고인2와 검사의 항소를 모두 기각한다. ",
            "원심판결 선고 위의 구금일수 150일을 위 형에 산입한다. "
        ]
    },
    "mentionedItems": {
        "rqestObjet": [
            "원심이 피고인1에게 선고한 짐역 4년, 추징금 5,100만원의 형은 너무 무거워 부당하다. ",
            "원심이 피고인2에게 선고한 징억 1년에 집행유예 2년의 형은 너무 무거워 부당하다. ",
            "원심이 피고인들에게 선고한 각 형은 너무 가벼워 부당하다. "
        ]
    },
    "assrs": {
        "acusrAssrs": [
            "000는 가격협상을 통해 피고인 00 또는 공소외 00가 취득한 이득금 전액을 공제한 가격으로이 사건 사료첨가제를 납품받을 수 있었던 점에서 피해 회사인 000의 손해액은 피고인 00가 피고인 00및 공소외 00에게 송금한 12억 원 상당으로 특정됨에도, 원심은 손해액이 특정되지 않는다는 이유로 피고인들에 대한 특정경제범죄 가중처벌 등에 관한 법률위반(배임)의 공소사실을 무죄로 판단하였다.",
            "원심이 피고인들에게 선고한 각 형은 너무 가벼워 부당하다."
        ],
        "dedatAssrs": [
            "000와 000의 납품마진은 다른 납품업체도 당연히 취득하는 정상적인 영업이익의 범위 내이므로 000에 어떠한 재산상 손해가 발생하였다고 볼 수 없다.",
            "000가 000와 000으로부터 납품받은 사료첨가제(이하 '이 사건 사료첨가제'라한다.)의 납품단가는 배합사료 완제품 생산 및 제조원가 산정, 최종 판매가격 산정 단계에서 전액 반영되었으므로, 배임적 행위로 인한 급부와 그 반대급부인 사료첨가제의 경제적 가치는 그 납품-제조-판매의 과정에서 서로 상응한 것으로 평가되었다고 보아야 한다.",
            "그 반면 실제로 계약이 체결된 납품단가보다 더 낮은 수준의 가격만이 원가 및 최종 판매가격 산정에 반영되었다는 점은 아무런 입증이 없다.",
            "피고인 00은 피고인 00에게 다른 납품업체가 통상 취득하는 영업이익을 자신 또는 공소외 00에게 교부하여줄 것만을 요구하였을 뿐, 수입완제품 사료첨가제에 값싼 국내산 사료첨가제를 혼합하는 부정한 방법으로 영업수익률을 올리도록 지시하지 않았으므로, 000에 재산상 손해를 가할 의사가 없었다.",
            "업무상횡령의 점에 관한 법리오해 내지 채증법칙 위배 주장피고인 00은 000의 집행기관인 대표이사로서 000의 업무상 편의를 위하여 000(이하 'OOO'라 한다.)임원들에게 공진단을 교부하였고, 개인적인 이익을 위하여 교부한 것이 아니므로, 피고인 00이 공진단을 임의로 횡령하였다고 할 수 없다.",
            "피고인 00은 000고문 공소외 00으로부터 수표 1,100만 원을 교부받을 당시 공소외 00이나 000의 당밀 보관 및 운송 관련 청탁을 받은 사실이 전혀 없고, 이는 피고인 00이 공소외 00으로부터 받은 수표를 포함한 돈으로 피고인 00의 공소외 00에 대한 채무를 변제한 점으로 입증되므로, 직무관련성이 없다.",
            "피고인 00은 공소외 00에게 빌려준 돈에 대한 이자 조로 1,000만 원을 지급받았으므로 직무관련성이 없다.",
            "원심이 피고인 00에게 선고한 징역 4년, 추징금 5,100만 원의 형은 너무 무거워 부당하다.",
            "000가 이 사건 사료첨가제를 통상 마진율만이 반영된 가격으로 납품받아 사료 배합에 사용하였고, 그 사료첨가제가 불필요하지 않았으며, 품질도 떨어지지 않은 점에서 이 사건 사료첨가제 납품은 그 판매이익이 피고인 00 또는 공소외 00에게 귀속된 것 외에는 보통의 사료첨가제 업체가 납품하는 것과 전혀 다르지 않다.",
            "원심은 배임죄에 있어서 재산상 손해에 관한 법리를 오해하고 사실을 오인하여 000와 000이 이 사건 사료첨가제를 000에 더 낮은 가격으로 납품할 수 있을 것이라는 추상적이고도 가정적인 판단으로 재산상 손해 발생의 위험을 인정하였고, 더 나아가 000에 현실적인손해가 발생하였다고 인정하였다.",
            "원심이 피고인 00에게 선고한 징역 1년에 집행유예 2년의 형은 너무 무거워 부당하다.",
            "피고인 00은, 공소외 00으로부터 용돈으로 2회에 걸쳐 합계 1,100만 원을 교부받았고 그 금원 교부 당시 000 관련 업무청탁이 전혀 없었다고 변소하고 있다."
        ]
    },
    "facts": {
        "bsisFacts": [
            "피고인 00이 000의 이익을 위한 가격협상을 포기한 채 피해자 000에 귀속되어야 할 이익을 자신이 직접 취득하거나 공소외 00로 하여금 취득하게 하기 위하여 피고인 00에 지시하여 별도의 회사를 설립하여 000에 신규 사료첨가제를 납품하게 하고 그 이득금을 피고인 00또는공소외 00가 취득한 이상 피고인 00에게 배임의 범의가 있었음은 명백히 인정된다.",
            "피고인 00은 2005.12.20.경 간부회의를 주재하는 자리에서 2005년도 매출신장에 따른 임·직원 격려 포상품으로 1세트당 400만 원 하는 공진단 14세트 총 5,600만 원 상당의 공진단으로 지급하도록 지시하면서 우수양축농가 고객사은품 명목으로 3,000만 원 상당의 공진단을 추가로 구입하여 000 임원들에 대한연말선물을 준비하도록 지시하였다.",
            "000 기획본부장 공소외 00은 2006.1.12.000임원들에게 3,000만 원 상당의 선물을 주는 데 공금을 사용할 수 없어 우수양축농가 고객사은품으로 1개당 4만 원인 건강보조제 750환 총3,000만 원어치를 구입하는 것처럼 허위기안문을 작성하여 피고인 00의 결재를 받았으나, 실제로는 2006.1.18.공진단 100환들이 6세트, 150환들이 1세트 합계 7세트를 구입하였다.",
            "공소외 00은 2006.1.20.피고인 00로부터 그의 집무실 내 책상 서랍에 보관된 위 공진단을 건네받아 000 축산경제대표이사 공소외 00, 축산경제상무 공소외 00, 상무 공소외 00, 000 전무 공소외 00, 000 회장 비서실장 공소외 00에게 \"평소 많이 도와 주셔서 피고인 00 사장님이 감사의 뜻으로 선물을 보냈다.\" 라는 취지의 인사말을 하면서 전달하였다.",
            "000 축산경제대표이사는 000 이사 추천권, 000 파견 임·직원에 대한 승진·전보권이 있고, 나머지 임원들은 000 임·직원에 대한 조정권이 있다.",
            "000 대표이사 공소외 00은 2007.3.경 새로 취임한 000 대표이사 공소외 8로부터 부산항 수입당밀 보관 및 운송을 포기하라는 압력을 받자, 2007.3.10.경 피고인 00의 요청으로 000 고문으로 재직 중이던 공소외 00에게 자기앞수표 10만 원권 100장 합계 1,000만 원을 지급하여 피고인 00에게 인천항, 부산항 및 군산항 수입당밀의 독점적인 보관 및 운송을 계속할 수 있도록 이야기해달라고 하였다.",
            "공소외 00은 공소외 00으로 위 1,000만 원을 받은 후 하루 이틀 지나 피고인 00을 000 축산경제대표이사 사무실로 찾아가 피고인 00에게 위 자기앞수표 중 50장 합계 500만 원을 교부하였다.",
            "피고인 00은 2007.3.이전에 공소외 00으로부터 용돈을 지급받은 적이 한 번도 없었고, 오히려 공소외 00에게 매번 명절 때마다 용돈을 지급하였으며, 공소외 00으로부터 위 500만 원을 교부받을 당시에도 공소외 3이 000고문으로 재직하면서 고문료로 법인카드를 교부받아 사용한다는 사정을 알고 있었고, 2007.3.16.위 500만 원을 피고인 00의 차명계좌인 공소외 00 명의 000 계좌에 입금하였다.",
            "000 대표이사 공소외 00은 2007.9.이전 공직자윤리법상 주무 부서인 농림부의 취임 승인없이 000 대표이사로 내정된 절차적 문제로 더 이상 그 직을 유지하기 어려운 상황에 처하게되었다.",
            "공소외 00은 2007.9.4.경 000 축산경제대표이사로 000의 당연직 이사인 피고인 00과 관계를 돈독히 하여 이후로도 당밀사업을 지속하기 위하여 000 명의 계좌에서 10만 원권자기앞수표 100장을 인출하여, 공소외 00에게 위 1,000만 원을 교부하면서 피고인 00에게 이와 같은 취지로 '말 좀 잘해달라'고 하였다.",
            "피고인 00은 2007.9.7.경 공소외 00으로부터 위 1,000만 원 중 자기앞수표 60장 합계 600만 원을 교부받아 이 돈을 차명계좌인 위 공소외 00 명의 000계좌에 입금하였다."
        ]
    },
    "dcss": {
        "courtDcss": [
            "나아가, 이 사건 사료첨가제를 더 낮은 가격으로 납품받을 수 있었음에도 그 가격에 납품받지 못함으로써 이미 피해자 000에 재산상 손해가 발생하였음은 앞서 본 바와 같고, 설사 이 사건 사료첨가제의실제 납품가격이 배합사료 완제품 가격에 그대로 반영되었음에도 피해자 000의 시장 점유율이 변화가 없다.",
            "이는 배합사료 시장 점유율이 20% 정도인 피해자 000가 배합사료 완제품의 시장경쟁력 강화방안을 강구하는 등의 별도 조치를 취함으로써 그 손해가 만회되었다고 보는 것이 상당하므로, 이 사건 사료첨가제의 가격이 배합사료 완제품 가격에 그대로 반영됨으로써 재산상 손해가 발생하지 아니하였다는 피고인들의 주장은 받아들이지 아니한다.",
            "그러므로 원심판결에는 피고인들과 검사가 항소이유에서 지적하는 바와 같은 사실오인 내지 법리오해의 위법이 없다",
            "이는 피고인 00이 피고인 00에게 다른 납품업체도 통상 취득하는 정상적인 영업이익만을 자신에게 교부하도록 요구하였을 뿐 수입완제품 사료첨가제에 값싼 국내산 사료첨가제를 혼합해서 부정한 방법으로 영업수익률을 올리도록 지시한 바가 없었다 하더라도 마찬가지이므로, 같은 취지에서 원심이 피고인 00에 대하여 배임의 범의를 인정한 것은 정당하다.",
            "위 인정사실에 터잡아 보건대, 피고인 00은 000 임·직원에게 000 소유의 공진단을 개인적인 용도로 사용함으로써 영득의 의사로 이를 횡령하였다 할 것이고, 또한 대표이사는 기업활동을 법률 등법질서의 범위 내에서 행하여야 하므로 이를 벗어나서 행한 것이 결과적으로 회사에 이익이 발생할 가능성이있다 할지라도 뇌물공여와 같은 범죄행위를 기업활동의 수단으로 하는 것은 허용될 수 없다",
            "원심이 피고인 00에 대한 업무상횡령의 공소사실을 유죄로 판단한 것은 정당하다.",
            "뇌물죄는 공무원의 직무집행의 공정과 이에 대한 사회의 신뢰 및 직무행위의 불가매수성을 그 보호법익으로 하고 있고, 직무에 관한 청탁이나 부정한 행위를 필요로 하는 것은 아니기 때문에 수수된 금품의 뇌물성을 인정하는 데 특별한 청탁이 있어야만 하는 것은 아니다.",
            "또한 금품이 직무에 관하여 수수된 것으로 족하고 개개의 직무행위와 대가적 관계에 있을 필요는 없고, 공무원이 그 직무의 대상이 되는 사람으로부터 금품 기타 이익을 받은 때에는 사회상규에 비추어 볼 때에 의례상의 대가에 불과한 것이라고 여겨지거나, 개인적인 친분관계가 있어서 교분상의 필요에 의한 것이라고 명백하게 인정할 수 있는 경우 등 특별한 사정이 없는 한 직무와의 관련성이 없는 것으로 볼 수 없다.",
            "공무원이 직무와 관련하여 금품을 수수하였다면 비록 사교적 의례의형식을 빌어 금품을 주고받았다 하더라도 그 수수한 금품은 뇌물이 된다(대법원 2001.10.12.선고 2001도3579 판결, 대법원 2004.5.28.선고 2004도1442 판결 등 참조).",
            "앞서 본 뇌물죄에 있어 직무관련성 및 뇌물성에 관한 법리에 위 인정사실을 비추어 보면, 피고인 00이 공소외 00으로부터 그의 직무와 관련하여 2회에 걸쳐 합계 1,100만 원의 뇌물을 수수하였다고 할 것이므로, 같은 취지에서 원심이 위 뇌물수수의 공소사실을 유죄로 판단한 것은 정당하다.",
            "피고인 00이 직원으로부터 승진과 관련하여 3,000만 원의 뇌물을 받은 것을 비롯하여 총 4회에 걸쳐 합계 5,100만 원의 뇌물을 받았고, 별개의 형식적인 회사를 설립하여 12억 원 상당의 부당한 이득을 취득하고도 그 잘못을 깊이 반성하지 않고 있는 점에서 죄질과 범정이 나쁘다.",
            "피고인 00이 공소외 00로부터 교부받은 3,000만 원을 반환하였고, 형사처벌을 받은 전력이 없으며, 000대표이사로 재직하는 기간에 000의 시장점유율이 크게 증가하는 등 46년의 세월 동안 000에 재직하면서 봉사하다.",
            "000와 합의하였으며, 척추간 협착증, 전립선 비대증, 발작성 현기증 등으로 약물치료를 받고있는 점, 친인척 및 지인들이 선처를 탄원하고 있는 점, 그밖에 피고인 00의 연령, 성행, 가정환경, 범행의동기, 수단, 회수, 결과 및 범행 후의 정황 등 변론에 나타난 양형조건을 참작하면, 원심이 피고인 00에게 선고한 형은 다소 무거워 부당하다고 보인다.",
            "피고인 00가 상피고인 00의 업무상배임 행위에 적극적으로 관여하였으나, 벌금형으로 1회 처벌받은 외에 달리 형사처벌을 받은 전력이 없는 점, 그밖에 피고인 00의 연령, 성행, 가정환경, 범행의 동기, 수단, 회수, 결과 및 범행 후의 정황 등 변론에 나타난 양형조건을 참작하면, 원심이 피고인 00에게 선고한 형은 적정하다고보인다."
        ]
    },
    "close": {
        "cnclsns": [
            "원심판결 중 피고인 00에 대한 부분을 파기한다.",
            "피고인 00을 징역 3년 6월에 처한다.",
            "원심판결 선고 전의 구금일수 150일을 위 형에 산입한다.",
            "피고인 00로부터 5,100만 원을 추징한다.",
            "피고인 00와 검사의 항소를 모두 기각한다."
        ]
    }
}