{
    "info": {
        "caseField": "2",
        "detailField": "6",
        "trailField": "1",
        "caseNm": "사기,부동산실권리자명의등기에 관한 법률 위반,국가보안법 위반(찬양,고무 등),남북교류협력에 관한 법률 위반,강제집행면탈",
        "courtNm": "의정부지방법원 고양지원 ",
        "judmnAdjuDe": "2011. 04. 27.",
        "caseNo": "2009고단2130,2009고단3183(병합),2010고단1021(병합),2010고단1497(병합)",
        "relateLaword": [
            "형사소송법 제325조",
            "형법 제347조",
            "부동산실권리자명의등기에 관한 법률 제7조",
            "부동산실권리자명의등기에 관한 법률 제3조",
            "남북교류협력에 관한법률 제27조",
            "형법 제30조",
            "구남북교류협력에 관한 법률(2009. 1. 30. 법률 제9357호로 개정되기 전의 것) 제27조 ",
            "구남북교류협력에 관한 법률(2009. 1. 30. 법률 제9357호로 개정되기 전의 것) 제13조",
            "국가보안법 제7조 ",
            "형법 제37조 전단",
            "형법 제38조",
            "형법 제50조"
        ],
        "qotatPrcdnt": []
    },
    "concerned": {
        "acusr": "4",
        "dedat": "1"
    },
    "org": {
        "orgJdgmnCourtNm": "",
        "orgJdgmnAdjuDe": "",
        "orgJdgmnCaseNo": ""
    },
    "disposal": {
        "disposalform": "6",
        "disposalcontent": [
            "피고인을 징역 2년에 처한다.",
            "이 사건 공소사실 중 강제집행면탈의 점은 무죄이다."
        ]
    },
    "mentionedItems": {
        "rqestObjet": [
            "피고인은 수익을 얻게 해줄 의사나 능력이 없음에도 수익이 2배 이상 나게 해주겠다며 실제 매매대금보다 더 높은 금액을 불러 거짓말을 했으며 이밖에 피고인은 부정한 방법으로 북한 방문승인을 하고, 통일부에서 미승인한 노트북을 반출고 또한 피고인은 북한 공산주의체제의 00우상화 및 체제선전활동에 동조하였다."
        ]
    },
    "assrs": {
        "acusrAssrs": [],
        "dedatAssrs": [
            "피고인 및 변호인은 0은 피고인의 동생인 공소외 00의 것이므로 강제집행면탈에 해당하지 않는다고 주장한다."
        ]
    },
    "facts": {
        "bsisFacts": [
            "피고인은 2004.11.경 0000에 있는 ‘ 0’ 사무실에서 부동산중개인인 공소외 00으로부터 0000 소재 부동산을 매입하고자 했던 피해자 공소외 00을 소개받게 되었다.",
            "되었다.당시 피고인은 피해자에게 법무부 범죄예방 파주시 위원, 새천년민주당 파주지구당 부위원장, 파주시 봉사회장, 000 대표 등 10여개의 직함이 기재된 명함을 교부하였고, 이로 인하여 피해자는 피고인을전적으로 신뢰하게 되었다.",
            "피고인은 2004.12.24.경 0000에 있는 상호를 알 수 없는 식당에서, 피해자에게 “0000 (지번 1 생략), (지번 2 생략)답(이하 ‘위 땅’)을 매입한 후 6개월만에 군 동의를 받아서 지목을 변경한 후 제3자에게 팔아주겠다.그러면 2배 이상의 수익을 얻을 수 있다.매매대금이 총 4억 3,410만원이니 우선 20%에 해당하는 돈을 보내 달라” 라고 거짓말을 하였다.",
            "그러나 사실은 위 땅의 실제 매매대금은 3억 4,700만원이었고, 피해자로부터 부동산 매수대금을 지급받아 토지를 구입하더라도 군 동의를 받아 지목을 변경한 후 전매하여 피해자에게 수익을 얻게 해 줄의사나 능력이 없었다.",
            "그럼에도 불구하고 피고인은 위와 같이 피해자를 기망하여 이에 속은 피해자로부터 같은 날 8,680만원을 교부받은 것을 비롯하여 그 때부터 2005.6.9.경까지 별지 범죄일람표 기재와 같이 총 9회피해자로부터 합계 4억 3,200만원을 교부받았다.",
            "피고인은 00로부터 00 소유의 0000 (지번 1 생략)답 1,150㎡, 같은 리(지번 2 생략)답 3,633㎡를 매수함에 있어, 피고인은 모 공소외 16과 사이에 위 각 토지를 공소외 16명의로 소유권이전등기를 경료하기로 하는 명의신탁약정을 체결하였다.",
            "피고인은 2005.4.20.의정부지방법원 고양지원 파주등기소에서 위 토지를 명의수탁자인 공소외 00명의로 2005.4.11.매매를 원인으로 한 소유권이전등기를 마쳤다.",
            "피고인은 동생인 0가 대표로 있는 조경공사 업체 ‘ 0’의 부장으로 재직하면서 위 0이 2007.4.경 000로부터 개성공단 내 변전소 부지 조경공사 및 사후관리를 하청받고, 이후 여러 개성공단 입주업체들로부터 공단 내 조경공사를 하청 받은 것을 기화로 위 시경부터 2009.10.경까지 총 56회 개성공단을 출입하였다.",
            "대한민국 국민의 개성 방문과 관련하여 ◇◇◇◇을 통한 개성시내 관광은 원칙적으로 당일 관광(요금약 19만원)으로 북한 내 숙박이 불가능하며, 특히 2008.12.이후에는 북한의 이른바 ‘12·1’ 조치로2010.3.현재까지 개성시내 관광 자체가 차단되고 있다.",
            "다.한편, 개성공단 방문은 투자시찰 목적의 방문으로 제한되고 있으며, 사실상 단체 방문 중심으로 운영 중이고, 그 승인을 위해서는 개인 사업계획서를 제출하고, 일종의 비자인 북한 측 초청장까지 요구되는 등 복잡한 절차를 거쳐야 한다.",
            "피고인은 위와 같이 2007.4.이후 0이 개성공단 입주업체들로부터 조경공사를 하청받아 자유로이 개성공단을 출입할 수 있는 것을 이용하여, 파주시 지역을 중심으로 피고인이 0 직원 신분으로 방북할 경우 간편하게 방북승인을 얻을 수 있다는 점을 들어 평소 알고 지내던 지인들에게 개성방문을 제안하였다.",
            "개성방문의 가능성을 타진해 오는 사람들에게 이를 승낙함으로써 그들의 신분위장 방북을 주선해 왔다.",
            "2009.9.경 피고인은 자신의 고등학교 동창으로서 파주시의회 전문위원으로 근무하고 있는 공소외 00에게 “북한을 방문하는 것은 문제가 없으니 갈 생각이 있으면 말하라”고 말하였다.",
            "하였고, 이에 같은달 10.경 공소외 00로부터 “시의원들하고 개성에 갔으면 하는데 가능하냐”는 방북 주선 제의를 받고 이를 승낙한 후 그 무렵 동생인 0에게 파주시의원 공소외 19, 20, 21, 22에 대한 방북승인 신청절차를 진행할 것을 지시하였다.",
            "이에 0는 그 시경 통일부에서 운영하고 있는 인터넷 남북교류협력시스템(인터넷 주소 1 생략)에 접속하여 사실은 위 파주시의원들이 0 직원이 아님에도 불구하고 동인들의 직장명에 0이라고 기재하였다.",
            "그 외 인적사항을 기재하여 방북신청을 하였으며, 방북승인신청을 받은 통일부는2009.10.15.경 위 공소외 00, 00, 00, 00의 방북을 승인하였다.",
            "이를 비롯하여 피고인과 0는 위와 같은 방법으로 별지 범죄일람표 기재와 같이 총 24회에 걸쳐59명에 대해 그 직업을 0 직원으로 허위 신고하여 통일부로부터 그들에 대한 방북승인을 받았다.",
            "이로써 피고인은 0와 공모하여, 거짓이나 그밖의 부정한 방법으로 방북승인을 받아서는 아니됨에도 불구하고, 방북자들의 직업을 ‘ 0 직원’으로 신고함으로써 거짓으로 위와 같이 총 24회에 걸쳐 59명에 대한 방북승인을 받았다.",
            "피고인은 2008.10.20.경 03 등 방북자들을 이끌고 개성시내 방문을 하던 중 개성시내 소재 봉동관 식당에서 성명불상의 북한 측 관계자에게 미리 준비하여 간 노트북PC 1대를 건네주었다.",
            "피고인은 위와 같이 24회에 걸쳐 59명의 대한민국 국민들로 하여금 반국가단체인 북한의 우두머리이자 공산주의체제 선전의 상징물인 김일성 동상에 참배하거나 참배하도록 주선하는 행위가 곧북한 공산주의체제에 대한 공감의 표시로 인식됨과 동시에 대한민국의 자유민주적 기본질서를 위태롭게 할 가능성이 있다는 정을 충분히 인식하면서도 반국가단체인 북한의 김일성 우상화 및 체제선전활동에 동조하였다."
        ]
    },
    "dcss": {
        "courtDcss": [
            "살피건대, 0은 공소외 00이 피고인에 대하여 채권을 갖기 이전인 2004.3.24.0를 대표자로 하여 개업한 점(수사기록 81쪽 사업자등록증 및 변호인 제출 사업자등록증명 참조), 납세사실증명에도 0의 대표자는 0로 되어 있는 점(수사기록 103-107쪽), 공소외 00, 00, 00 등이 0이 피고인의 소유라고 진술하고 있기는 하다.",
            "이에 반하여 공소외 00, 00, 00, 00, 00 등은 0은 0가 운영하는 것이라고 증언하고 있는 점, 피고인이 육군 수탁보상사업소에 0의 지장물조사를 요청하고 조사시 입회하였다는 사정만으로 이를 피고인 소유라 단정하기 어려운점이 있다.",
            "운 점, 피고인과 달리 0는 국가기술자격인 조경산업기사 자격을 가지고 있는 점 등을 종합해볼 때 검찰측 증인들의 증언과 검찰이 제출한 증거만으로 0이 피고인의 소유라 단정하기 어렵고, 달리 이를 인정할 만한 증거가 없다.",
            "따라서, 위 공소사실은 범죄의 증명이 없는 경우에 해당하여 형사소송법 제325조 후단에 의하여 무죄를 선고한다."
        ]
    },
    "close": {
        "cnclsns": [
            "피고인을 징역 2년에 처한다.",
            "이 사건 공소사실 중 강제집행면탈의 점은 무죄."
        ]
    }
}