{
    "info": {
        "caseField": "2",
        "detailField": "6",
        "trailField": "1",
        "caseNm": "폭력행위등처벌에관한법률위반(집단,흉기등공갈)",
        "courtNm": "대전지방법원",
        "judmnAdjuDe": "2010. 02. 18.",
        "caseNo": "2009고단1026",
        "relateLaword": [
            "폭력행위 등 처벌에 관한 법률 제3조",
            "형법 제354조",
            "형법 제328조",
            "형사소송법 제327조"
        ],
        "qotatPrcdnt": []
    },
    "concerned": {
        "acusr": "4",
        "dedat": "1"
    },
    "org": {
        "orgJdgmnCourtNm": "",
        "orgJdgmnAdjuDe": "",
        "orgJdgmnCaseNo": ""
    },
    "disposal": {
        "disposalform": "10",
        "disposalcontent": [
            "이 사건 공소를 기각한다."
        ]
    },
    "mentionedItems": {
        "rqestObjet": [
            "피고인은 위험한 물건인 깨진 소주병으로 피해자 공소외 1을 협박하여 이에 겁을 먹은 공소외 1로부터 15만원을 교부받았다."
        ]
    },
    "assrs": {
        "acusrAssrs": [],
        "dedatAssrs": []
    },
    "facts": {
        "bsisFacts": [
            "피고인은 피해자 공소외 00 의 처 공소외 00 의 숙부이다.",
            "피고인은 장애인들인 피해자 공소외 00 부부가 매달20.경 장애인 생계비를 지급받기 때문에 2009. 7. 20. 공소외 00 이 생계비를 인출한다는 사실을 알고 공소외1 이 장애로 인하여 반항할 능력이 현저히 떨어지는 점을 이용하여 공소외 00 로부터 금원을 갈취하기로 마음먹었다.",
            "피고인은 2009. 7. 20. 11:00경 0000에 있는 시외버스터미널 부근 상호불상의 슈퍼마켓에서 공소외 00 에게 15만 원을 빌려달라고 요구하였으나 거절당하자, 그곳 탁자 위에 있던 소주병을 깨뜨려 위험한 물건인 깨진 소주병을 공소외 00 에게 들이대며, '야이, 씨발 이 사람아 돈 좀 빌려줘, 내가 갚아 줄테니까 돈 좀 내놔'라고 큰 소리로 말하여 공소외 00 이 이에 응하지 않을 경우 그의 신체상에 어떠한 위해를 가할 것처럼 위협하였다.",
            "그리하여 피고인은 위험한 물건인 깨진 소주병으로 피해자 공소외 00 을 협박하여 이에 겁을 먹은 공소외 00로부터 15만 원을 교부받았다."
        ]
    },
    "dcss": {
        "courtDcss": [
            "위험한 물건을 휴대하고 공갈죄를 범하여 폭력행위 등 처벌에 관한 법률 제3조 제1항에 의해 가중처벌되는 경우에도 이는 공갈의 방법이나 수단을 이유로 가중처벌되는 것일 뿐 형법상 공갈죄의 성질은 그대로 유지되는 것이고 특별법인 위 법률에 친족상도례에 관한 형법 제354조, 제328조의 적용을 배제한다는 명시적인 규정이 없다.",
            "형법 제354조는 위 특별법 제3조 제1항 위반죄에도 그대로 적용된다고 보아야 할 것이다. "
        ]
    },
    "close": {
        "cnclsns": [
            "그런데, 기록에 의하면 피고인은 피해자 공소외 00과 3촌간의 인척인 친족관계에 있는 사실을 인정할 수 있으므로, 위 죄는 형법 제354조 , 제328조 제2항에 의하여 피해자의 고소가 있어야 논할 수 있는 친고죄에 해당하고, 이 사건 공소제기 후 고소인 공소외 00이 피고인의 처벌을 바라지 아니하는 의사를 표시한 합의서가 이 법원에 제출되었으므로, 형사소송법 제327조 제5호에 의하여 이 사건 공소를 기각한다."
        ]
    }
}