{
    "info": {
        "caseField": "2",
        "detailField": "6",
        "trailField": "1",
        "caseNm": "사기,청소년의성보호에관한법률위반(강요행위등),청소년의성보호에관한법률위반(청소년이용음란물제작,배포등),미성년자유인,절도,공문서부정행사",
        "courtNm": "광주지방법원 목포지원",
        "judmnAdjuDe": "2010. 02. 04.",
        "caseNo": "2009고합169",
        "relateLaword": [
            "형법 287조",
            "형법 30조",
            "구 청소년의 성보호에 관한 법률 제8조",
            "구 청소년의 성보호에 관한 법률 제11조",
            "형법 제329조",
            "형법 제230조",
            "형법 제347조",
            "형법 제37조",
            "형법 제39조",
            "형법 제38조",
            "형법 제50조",
            "형법 제53조",
            "형법 제55조",
            "형법 제57조",
            "형법 제70조",
            "형법 제69조",
            "형법 제334조"
        ],
        "qotatPrcdnt": [
            "대법원 2009. 7. 9. 선고 2009도2920 판결"
        ]
    },
    "concerned": {
        "acusr": "4",
        "dedat": "1"
    },
    "org": {
        "orgJdgmnCourtNm": "",
        "orgJdgmnAdjuDe": "",
        "orgJdgmnCaseNo": ""
    },
    "disposal": {
        "disposalform": "6",
        "disposalcontent": [
            "피고인 2를 판시 제1의 가, 나, 다.죄, 판시 제2, 3, 5, 5, 6죄에 대하여 징역 3년 3월에, 판시 제1의 라, 마.죄에 대하여 징역 3월에, 피고인 3을 벌금 60만원에, 피고인 4, 5, 6을 각 벌금 30만원에, 피고인 1, 7, 8, 9를 각 50만원에 각 유치한다.",
            "피고인 1, 3, 4, 5, 6, 7, 8, 9가 위 각 벌금을 납입하지 아니하는 경우 50,000원을 1일로 환산한 기간 위 피고인들을 노역장에 각 유치한다.",
            "피고인 1, 3, 4, 5, 6, 7, 8, 9에게 위 벌금에 상당한 금액의 가납을 각 명한다."
        ]
    },
    "mentionedItems": {
        "rqestObjet": [
            "피고인 2를 판시 제1의 가, 나, 다.죄, 판시 제2, 3, 5, 5, 6죄에 대하여 징역 3년 3월에, 판시 제1의 라, 마.죄에 대하여 징역 3월에, 피고인 3을 벌금 60만원에, 피고인 4, 5, 6을 각 벌금 30만원에, 피고인 1, 7, 8, 9를 각 50만원에 각 유치한다.",
            "피고인 1, 3, 4, 5, 6, 7, 8, 9가 위 각 벌금을 납입하지 아니하는 경우 50,000원을 1일로 환산한 기간 위 피고인들을 노역장에 각 유치한다.",
            "피고인 1, 3, 4, 5, 6, 7, 8, 9에게 위 벌금에 상당한 금액의 가납을 각 명한다."
        ]
    },
    "assrs": {
        "acusrAssrs": [],
        "dedatAssrs": []
    },
    "facts": {
        "bsisFacts": [
            "피고인 00은 2009. 11. 19. 광주지방법원 목포지원에서 청소년의 성보호에 관한 법률 위반(강요행위 등)죄 등으로 징역 2년 6월을 선고받아 2009. 11. 27. 위 판결이 확정되었고, 피고인 00는 2009. 5. 28. 수원지방법원 안산지원에서 절도죄로 징역 4월에 집행유예 2년을 선고받고 2009. 6. 5. 위 판결이 확정되었다.",
            "피고인은 2009. 1.말경부터 공소외 00(여, 17세), 공소외 00(여, 18세) 등 주로 가출한 어린 여성들을 고용하여 불특정 다수의 남성들과 성매매를 하도록 한 후 성매매대금을 관리하는 등 불법 성매매 영업을 하던 중 2009. 4. 말경 위 공소외 00등이 더 이상의 성매매를 거부하자, 후배인 피고인 00과 함께 새로운 여성을 물색하기로 하였다.",
            "피고인 00는 피고인 00과 공모하여 인터넷 채팅 사이트 '000'에 접속하여, 이를 통해 알게 된 가출한 청소년인 피해자 공소외 00(여, 16세)을 유인하여 성매매를 권유하기로 마음먹고, 2009. 5. 12. 07:00경 0000에 있는 ㅇㅇㅇ 101호에서 당시 위 피해자가 임신하여 궁박한 상태라는 점을 악용하여, 피해자에게 \"출장마사지를 하면 돈을 많이 벌 수 있다. 돈을 벌면 아이를 지워주겠다\"고 말했다.",
            "그리고 피해자로 하여금 2009.5. 12.경부터 같은 달 20.경까지 0000상동에 있는 ㅁㅁㅁ 모텔 506호에 머물게 하면서 피고인 00의 감시하에 둠으로써 미성년자인 피해자를 유인하였다.",
            "피고인 00는 피고인 00과 공모하여 위 피해자의 나체사진을 찍어 홍보용 명함을 제작하기로 하고, 2009. 5. 12. 07:00경 위 ㅇㅇㅇ 101호에서, 피고인 00는 피해자에게 영업을 위해 필요하다며 나체사진을 찍을 것을요구하고, 피해자로부터 승낙을 얻은 후, 피고인 00이 디지털카메라로 공소외 00의 가슴과 음부 등이 드러난 나체사진 약 20장 정도를 촬영함으로써 청소년이용 음란물을 제작하였다.",
            "피고인 00는 피고인 00과 공모하여, 피고인 00는 위 피해자에게 출장마사지 명목으로 불특정 다수의 남성들과 성매매를 할 것을 요구하고, 피고인 00은 피해자의 행적을 쫓아 감시하며 정해진 시간에 돌아오지 않을 때에는 빨리 돌아오라고 강요하고, 피해자가 그만 두고 싶다는 의사를 표시하면 \"도망가면 잡아다 섬에 팔아버린다\"는 말을 수시로 하는 등의 방법으로 피해자를 협박하였다.",
            "그리하여 피해자로 하여금 2009. 5. 14.경부터 같은 달20.경까지 0000일원에 있는 모텔 등에서 불특정 다수의 남성들과 12회 정도 성매매를 하도록 한 후, 피해자가 위 남성들로부터 받은 10만 원씩의 성매매대금을 피해자로부터 지급받음으로써, 협박으로 청소년으로 하여금 청소년의 성을 사는 행위의 상대방이 되게 하고, 그 대가를 지급받았다.",
            "피고인 00는 2009. 11. 20. 05:30경 0000소재 000맞은편에 있는 ㅇㅇㅇ 에서 카운터에 올려져 있던 피해자 공소외 00소유인 미화 20달러 1장, 000카드 1장, 현금영수증카드 1장, 가족사진 1장 등이 들어 있는 시가 미상의 검정색 지갑 1개를 들고 가 이를 절취하였다.",
            "피고인은 2009. 11. 23. 15:56경 0000상동에 있는 000앞 도로에서 17허 (이하 생략) 호 0 승용차를 운전하던 중 좌석안전띠 미착용으로 적발되어 영암경찰서 소속 경사 공소외 00로부터 운전면허증의 제시를 요구받게 되자, 전남지방경찰청장 명의의 공문서인 공소외 000의 운전면허증을 마치 피고인의 운전면허증인 것처럼 제시함으로써 공문서인 위 운전면허증을 부정행사하였다.",
            "피고인 00는 2008. 3. 30. 07:00경 0000상동에 있는 000부근 도로에서 ㅇㅇ렌트카 에서 빌린 17허(이하 생략) 호 0 승용차에 공소외 00, 공소외 00를 태우고 운전하다가 불법유턴을 한 과실로 뒤따라오던 공소외 00이 운전하는 38거 (이하 생략) 호 0 승용차와 추돌하는 교통사고를 일으켰다.",
            "목포경찰서 상동지구대에서 교통사고 조사를 받던 도중, 사고소식을 듣고 출석한 위 ㅇㅇ렌트카 의 운영자 공소외 00의 손자인 공소외 00에게 사고차량 승차인원을 늘려 보험금을 더 많이 받아내자고 제의하여 공소외 00의 동의를 받고, 이어 자신의 후배인 피고인 8 , 9 에게 당시 사고 차량에 승차하지 않았음에도 승차한 것처럼 가장할 것을 지시하였다.",
            "사실은 사고 당시 승용차에 위와 같이 피고인 8 , 9 가 승차한 사실이 없음에도, 공소외 00는 위 공소외 00로 하여금 위 ㅇㅇ렌트카 가 가입한 보험회사인 피해자 000에, 피고인 8 ,9 를 교통사고 피해자에 포함시켜 보험금 지급청구를 하도록 함으로써 위 피고인들과 공소외 00는 공모하여 이에 속은 위 보험회사로부터 합의금 및 치료비 명목으로 합계 1,556,890원을 교부받아 이를 편취하였다.",
            "피고인 00, 4 , 6 , 5 는 고의로 교통사고를 내고 보험회사로부터 보험금을 편취하기로 공모하고, 피고인 00는 2008. 6. 18.경 ㅁㅁ렌트카에서 17허 (이하 생략) 호 0 승용차를 빌리고, 피고인 00, 6 , 5 를 탑승하게 한 다음 0000일원을 돌아다니며 사고 상대방을 물색하였다.",
            "같은 날 23:23경 0000소재 000뒤에 있는 신호등 없는 사거리 교차로에 이르러, 때마침 그 곳에서 피고인들의 진행방향 왼쪽에서 오른쪽으로 직진하는 공소외 00운전의 78버 (이하 생략) 호 0 승용차의 오른쪽 앞 부분을, 위 0 승용차의 앞 범퍼 부분으로 고의로 들이받고도 마치 쌍방 과실에 의하여 사고가 발생한 것처럼 위장했다.",
            "사실은 위 사고가 고의에 의한 사고이고 위 사고로 인하여 피고인들이 별다른 상해를 입은 사실이 없음에도, 위 피고인들은 그 정을 모르는 위 공소외 00으로 하여금 그녀가 가입한 보험회사인 피해자 000에, 쌍방 과실에 의하여 사고가 나서 피고인들이 상해를 입은 것처럼 신고하게 하여, 이에 속은 위 보험회사로부터 합의금 및 치료비 명목으로 1,633,240원, 차량수리비 명목으로 438,000원, 합계 2,071,240원을 지급받아 이를 편취하였다.",
            "피고인 00, 3 은 공소외 00, 공소외 00와 위와 같은 방법으로 보험회사를 기망하여 보험금을 편취하기로 공모하고, 피고인 00는 2008. 11. 20.경 ㅁㅁ렌트카에서 31허 (이하 생략) 호 0 승용차를 빌리고, 피고인 00등을 탑승하게 했다.",
            "같은 날 14:20경 0000에 있는 00000부근에 있는 신호등이 없는 사거리 교차로에 이르러, 때마침 피고인들의 진행방향 왼쪽에서 오른쪽으로 직진하던 공소외 00운전의 전남 12바 (이하 생략) 호 택시의 앞 범퍼 부분을, 위 0 승용차의 앞 범퍼 부분으로 고의로 들이받았다.",
            "마치 쌍방 과실에 의하여 사고가 발생한 것처럼 위장한 후, 사실은 위 사고가 고의에 의한 사고이고 위 사고로 인하여 피고인들 및 위 공소외 00, 공소외 00가 별다른 상해를 입은 사실이 없음에도, 피고인들은 그 정을 모르는 ㅁㅁ렌트카의 업주로 하여금 ㅁㅁ렌트카가 가입한 피해자 000에, 쌍방 과실에 의하여 사고가 나서 피고인들 및 위 공소외 00, 공소외 00가 상해를 입은 것처럼 신고하게 했다.",
            "이에 속은 위 보험회사로부터 합의금 및 치료비 명목으로 2,047,410원, 차량수리비 명목으로 1,188,900원, 합계 3,236,310원을 지급받아 이를 편취하였다.",
            "피고인 00, 3 은 위 공소외 00과 위와 같은 방법으로 보험회사로부터 보험금을 편취하기로 공모하고, 위 피고인들은 2008. 12. 17.경 ㅁㅁ렌트카에서 광주60허 (이하 생략)호 0 승용차를 빌리고, 다음 날 05:10경 0000상동에 있는 0000 뒤에 있는 어린이공원 부근 도로에서, 도로 위에 못을 고정시켜 놓고 못 위로 위 승용차의 우측 앞 바퀴가 지나가게 하는 방법으로 타이어에 구멍을 낸 후, 그 옆 논두렁으로위 승용차를 빠뜨렸다.",
            "사실은 위 사고가 고의에 의한 사고이고 위 사고로 인하여 피고인들 및 위 공소외 00이 아무런 상해를 입은 사실이 없음에도, 피고인들은 그 정을 모르는 ㅁㅁ렌트카의 업주로 하여금 ㅁㅁ렌트카가 가입한 피해자 000에, 운전상의 과실로 추락사고가 나서 피고인들 및 위 공소외 00이 상해를 입은 것처럼 신고하게 하였다.",
            "이에 속은 위 보험회사로부터 합의금 및 치료비 명목으로 1,429,980원, 차량수리비 명목으로 183,290원, 합계 1,613,270원을 지급받아 이를 편취하였다.",
            "피고인 00, 3 은 위 공소외 00, 공소외 00와 위와 같은 방법으로 보험회사로부터 보험금을 편취하기로 공모하고, 위 피고인들은 2008. 12. 30.경 ㅁㅁ렌트카에서 충북31허 (이하 생략) 호 0 승용차를 빌리고, 그 다음 날 04:55경 0000상동 (이하 생략) 에 있는 피고인 00의 집 부근으로 이동하여, 피고인 00가 위 쏘나카 승용차를 운전하였다.",
            "그곳에 주차되어 있던 피고인 00의 아버지 공소외 00소유인 전남70무 (이하 생략)호 0 승용차를 고의로 들이받고도, 과실에 의하여 사고가 발생한 것처럼 위장한 후, 사실은 위 사고가 고의에 의한 사고이고 위 사고로 인하여 피고인들 및 위 공소외 00, 공소외 00가 아무런 상해를 입은 사실이 없었다.",
            "그럼에도 불구하고 피고인들은 그 정을 모르는 ㅁㅁ렌트카의 업주로 하여금 ㅁㅁ렌트카가 가입한 피해자 000에, 운전상의 과실로 사고가 나서 피고인들 및 위 공소외 00, 공소외 00가 상해를 입은 것처럼 신고하게 하여 이에 속은 위 보험회사로부터 합의금 및 치료비 명목으로 1,920,000원, 차량수리비 명목으로2,004,100원, 합계 3,924,100원을 지급받음으로써 이를 편취하였다.",
            "피고인 00, 7 은 공소외 00, 공소외 00와 함께 위와 같은 방법으로 보험회사로부터 보험금을 편취하기로 공모하고, 위 피고인들은 2009. 1. 2.경 ㅁㅁ렌트카에서 38허 (이하 생략) 호 0 승용차를 빌리고, 그 다음날 03:10경 0000소재 000부근에 있는 도로에 이르러, 피고인 00와 위 공소외 00은 차에서 내리고, 피고인 7 이 위 차량을 운전하여 도로 옆 산 쪽을 고의로 들이받았다.",
            "사실은 위 사고가 고의에 의한 사고이고 피고인 00와 위 공소외 00은 차량에 승차하지 않아 전혀 상해를 입은 바 없고, 피고인 7 과 위 공소외 00도 별다른 상해를 입은 바 없음에도, 피고인들은 그 정을 모르는 ㅁㅁ렌트카의 업주로 하여금 ㅁㅁ렌트카가 가입한 피해자 000에, 마치 과실에 의하여 교통사고가 발생하여 위 피고인들과 공소외 00, 공소외 00가 모두 상해를 입은 것처럼 신고하게 하였다.",
            "이에 속은 위 보험회사로부터 합의금및 치료비 명목으로 합계 2,347,280원을 지급받음으로써 이를 편취하였다.",
            "피고인 00, 1 과 공소외 00, 공소외 00, 공소외 00는, 같은 방법으로 보험회사로부터 보험금을 편취하기로 공모했다. ",
            "위 피고인들과 공소외 00, 공소외 00, 공소외 00는 2009. 5. 11.경 ㅁㅁ렌트카에서 41허 (이하 생략) 호 0 승용차를 빌리고, 피고인 00과 공소외 00, 공소외 00는 다음 날 01:20경 0000소재 000앞에 있는 도로에 이르러, 공소외 00이 차에서 내린 후 피고인 00이 피고인 공소외 00와 위 공소외 00를 태운 채 위 차량을 운전하여 도로 우측 배수로에 고의로 차량을 빠뜨렸다.",
            "사실은 위 사고가 고의에 의한 사고이고 위 공소외 00은 사고 당시 차량에 승차하지 않아 전혀 상해를 입은 바 없고, 피고인 00과 공소 외 19 , 공소외 00도 별다른 상해를 입은 바 없다.",
            "그럼에도, 위 피고인들은 그 정을 모르는 ㅁㅁ렌트카의 업주로 하여금 ㅁㅁ렌트카가 가입한 피해자 000에, 마치 과실에 의하여 교통사고가 발생하여 상해를 입은 것처럼 신고하게 하여, 이에 속은 위 보험회사로부터 합의금 및 치료비 명목으로 합계2,249,520원을 지급받아 이를 편취하였다."
        ]
    },
    "dcss": {
        "courtDcss": [
            "피고인은 불과 16세의 여자 청소년인 피해자를 유인하고, 출장마사지용 명함을 만들어 배포할 목적으로 나체사진 약 20장을 찍어 음란물을 제작하였으며, 피해자가 임신상태에 있다는 사실을 잘 알면서도 오히려 이 점을 이용하여 성매매를 하도록 강요했다는 점이 인정된다.",
            "성매매의 대가를 받기까지 하였으며, 사전에 치밀한 범행계획을 수립하고 고의로 자동차사고를 일으키거나 사고차량 승차인원을 부풀리는 수법으로 7회에 걸쳐 1,700만원 상당의 보험금을 편취하는 등 그 죄질이 매우 불량한 점, 절도 및 공문서부정사용죄는 집행유예기간 중에 저지른 점 등 피고인에게 불리한 정상이 있다.",
            "아울러 피고인이 이 사건 각 범행을 자백하며 깊이 반성하고 있는 점, 위 절도죄 및 사기죄의 피해자들과 원만히 합의된 점 등 피고인에게 유리한 정상, 기타 이 사건 각 범행의 경위 및 결과, 피고인의 나이, 성행, 가족관계 등 이 사건 공판과정에 나타난 제반사정을 참작하여 주문과 같이 형을정한다."
        ]
    },
    "close": {
        "cnclsns": [
            "피고인 00를 판시 제1의 가, 나, 다.죄, 판시 제2, 3, 4, 5, 6죄에 대하여 징역 3년 3월에, 판시 제1의 라, 마.죄에 대하여 징역 3월에, 피고인 00을 벌금 60만 원에, 피고인 00, 5, 6을 각 벌금 30만 원에, 피고인 00, 7, 8, 9를 각 벌금 50만 원에 각 처한다.",
            "피고인 00, 3, 4, 5, 6, 7, 8, 9가 위 각 벌금을 납입하지 아니하는 경우 50,000원을 1일로 환산한 기간 위 피고인들을 노역장에 각 유치한다.",
            "피고인 00, 3, 4, 5, 6, 7, 8, 9에게 위 벌금에 상당한 금액의 가납을 각 명한다."
        ]
    }
}