{
    "info": {
        "caseField": "2",
        "detailField": "6",
        "trailField": "2",
        "caseNm": "사기,모욕",
        "courtNm": "서울중앙지방법원",
        "judmnAdjuDe": "2010. 01. 21.",
        "caseNo": "2009노3734",
        "relateLaword": [
            "국민건강보험법 제48조",
            "국민건강보험법 제53조",
            "형법 제20조",
            "구 국민의료보험법 제41조",
            "형사소송법 제364조",
            "형법 제70조",
            "형법 제69조",
            "형사소송법 제334조"
        ],
        "qotatPrcdnt": [
            "대법원 2003. 2. 28. 선고 2002두12175 판결 ",
            "대법원 2002. 12. 26. 선고 2002도5077 판결",
            "대법원 2006. 4. 27. 선고 2003도4151 판결 "
        ]
    },
    "concerned": {
        "acusr": "4",
        "dedat": "1"
    },
    "org": {
        "orgJdgmnCourtNm": "서울중앙지방법원",
        "orgJdgmnAdjuDe": "2009.10.30.",
        "orgJdgmnCaseNo": "2009고단3132"
    },
    "disposal": {
        "disposalform": "9",
        "disposalcontent": [
            "원심판결 중 모욕의 점에 대한 부분을 파기한다.",
            "피고인을 벌금 300,000원에 처한다.",
            "피고인이 위 벌금을 납입하지 아니하는 경우 50,000원을 1일로 환산한 기간 피고인을 노역장에 유치한다.",
            "위 벌금에 상당한 금액의 가납을 명한다.",
            "검사의 나머지 항소를 기각한다."
        ]
    },
    "mentionedItems": {
        "rqestObjet": [
            "피고인의 이 사건 상해는 보험급여가 제한되는 경우여서 이 사건 사기의 점에 관한 공소사실은 충분히 유죄로 인정됨에도 불구하고, 원심이 이 부분 공소사실에 대하여 무죄로 선고하였으니, 원심판결에는 이 사건 법률조항에 관한 법리를 오해함으로써 판결에 영향을 미친 위법이 있다.",
            "피고인의 이 사건 모욕행위를 사회상규에 반하지 않는 행위로 볼 수 없음에도 불구하고, 원심이 이 점에 대한 공소사실을 무죄로 판단하였으니, 원심판결에는 정당행위에 관한 법리를 오해하였거나, 그에 관한 사실을 오인함으로써 판결에 영향을 미친 위법이 있다."
        ]
    },
    "assrs": {
        "acusrAssrs": [
            "주위적으로, ① 국민건강보험법 제48조 제1항 제1호(이하 '이 사건 법률조항'이라 한다)는 보험급여 제한 사유의 하나로, “고의 또는 중대한 과실로 인한 범죄행위에 기인하거나 고의로 사고를 발생시킨 때”를 규정하고 있다.",
            "그 중 '고의로 사고를 발생시킨 때'는 근로자 자신의 고의적인 행위를 의미하는 것임에 비추어 볼 때, '고의 또는 중대한 과실로 인한 범죄행위에 기인하는 때'는 타인의 범죄행위로 인한 경우로 달리 해석하여야 하는 것이지 이 또한 원심과 같이 오로지 또는 주로 근로자 자신의 범죄행위로 인한 경우라고 한정하여 해석하는 것은 합리적이지 못하다.",
            "② 국민건강보험법상의 급여 역시 우연성이라는 보험의 원리가 적용되는 점을 고려할 때, 이 사건 법률조항의 해석과 관련하여, 타인의 고의 또는 중대한 과실로 인한 범죄행위에 기인한 사고 역시 우연한 사고로 볼 수 없으므로 급여제한 사유로 해석하는 것이 보다 타당하다.",
            "③ 국민건강보험법 제53조 제1항의 구상권 규정은 민사상 형평의 원칙을 고려하여 둔 것이므로, 위 규정의 존재사실이 타인의 고의 또는 중대한 과실로 인한 범죄행위로 인한 사고를 보험사고로 인정하는 취지라고 해석할 수 있는 근거가 될 수 없는 점 등을 종합하면, 이 사건 법률조항은 자기의 범죄행위뿐만 아니라 타인의 범죄행위로 인하여 보험사고가 발생한 경우까지 보험급여 제한사유로 삼고 있다고 해석함이 상당하다.",
            "예비적으로, 가사 이 사건 법률조항을 원심과 같이 해석하여야 한다고 하더라도, 피고인이 먼저 도발하여 공소외 1(대법원 판결의 공소외인)과 서로 몸싸움을 하는 중에 이 사건 상해를 입게 되었으므로, 이는 '피고인의 주된 범죄행위로 인하여 보험사고가 발생한 경우'이거나 '고의로 사고를 발생시킨 경우'에 해당한다.",
            "따라서 어느 모로 보나 피고인의 이 사건 상해는 보험급여가 제한되는 경우여서 이 사건 사기의 점에 관한 공소사실은 충분히 유죄로 인정됨에도 불구하고, 원심이 이 부분 공소사실에 대하여 무죄로 선고하였으니, 원심판결에는 이 사건 법률조항에 관한 법리를 오해함으로써 판결에 영향을 미친 위법이 있다.",
            "피고인이 공소외 00, 피해자 공소외 00 등과 사이에 쌍방 고소, 고발 등을 하여 여러 건의 민,형사소송이 계속 중인 상태에서, 위 공소외 00와 우연히 만나 서로 욕설을 주고받게 된 이 사건 모욕의 경위, 그 표현의 내용과 정도, 피해자의 관계 등을 종합하면, 피고인의 이 사건 모욕행위를 사회상규에 반하지 않는 행위로 볼 수 없다.",
            "그럼에도 불구하고 원심이 이 점에 대한 공소사실을 무죄로 판단하였으니, 원심판결에는 정당행위에 관한 법리를 오해하였거나, 그에 관한 사실을 오인함으로써 판결에 영향을 미친 위법이 있다."
        ],
        "dedatAssrs": []
    },
    "facts": {
        "bsisFacts": [
            "피고인은 2007. 3. 23. 09:30경 0000 부근 도로에서 공소외 00과 시비가 되어, 공소외 00이 피고인의 멱살을 잡아 밀쳐 넘어뜨려 피고인에게 약 8주간의 치료를 요하는 좌측쇄골원위부분쇄골절 등의 상해를 가하였다.",
            "이에 피고인은 2007. 3. 23.경 0000 (이하 1 생략) 000에 입원하여 그 날부터 2007. 3. 27.경까지 치료를 받으면서, 본인에 의한 과실상해 치료는 의료보험 적용대상이나 타인에 의한 상해 치료는 의료보험 적용대상이 되지 아니하고, 피고인은 의료보험 적용대상이 되지 아니하는 환자로 분류되어 있다는 것을 알게 되었다.",
            "그러자 피고인은 마치 의료보험 적용대상 환자인양 행세를 하여 국민건강보험공단으로 하여금 진료비를 대신 지급하게 할 생각을 하게 되었고, 2007. 3. 27.경 위 000에서 퇴원을 한 후 바로 0000 (이하 2 생략) 000으로 가 진료를 받으면서, 사실은 공소외 00로부터 상해를 입은 것임에도 불구하고 그 곳 담당의사에게 \"2007. 3. 23.경 아침에 산에서 내려오다가 넘어져서 상해를 입었다\"고 거짓말을 하였다.",
            "그 진료내용에 따라 그 정을 알지 못하는 000 진료비청구담당 직원이 국민건강보험공단에 건강보험요양급여 공단부담금 명목으로 14,900원을 청구하였고, 그 무렵 국민건강보험공단 직원으로 하여금 동액 상당의 진료비를 지급하게 함으로써 동액 상당의 재산상 이익을 취하였다.",
            "피고인은 이와 같이 국민건강보험공단 직원으로 하여금 진료비 14,900원을 대신 지급하게 하여 동액 상당의 재산상 이익을 취한 것을 비롯하여 그 때부터 2008. 9. 26.경까지 위와 같은 방법으로 총 17회에 걸쳐 합계 261,590원 상당의 재산상 이익을 취하였다.",
            "피고인은 2007. 11. 13.경 피해자 공소외 00가 서울중앙지방법원에 증인으로 출석하여 피고인에 대한 상해 사건( 서울중앙지방법원 2007고단4739호)에서 허위로 증언한 것에 대하여 불만이 있었다.",
            "피고인은 2008. 6. 13. 16:30경 서울중앙지방법원에서 공소외 00, 00 등 여러 사람이 있는 가운데 위 피해자에게 \"그딴 식으로 살지 말어! 어? 보험금 가져갔으면 먹고 떨어지라고 내가 말 안 했어! 보험사기 했잖아! 너! 보험사기 안 했어. 너가? 뭘 다쳤어. 니가?\"",
            "\"야. 인간아, 인간아! 보험금 타 먹었으면 됐지. 증언을 그따위로 해! 내가 남 때렸다고 그래, 그런 식으로 하고 있어! 고소도 했어. 한번 두고 봐. 누가 사기꾼인데, 누구보고 사기꾼 하는 거야? 니가 사기꾼이라 그랬지. 내가 사기꾼이라 그랬어? 보험사기 쳤잖아!\"라고 말하여 공연히 피해자를 모욕하였다."
        ]
    },
    "dcss": {
        "courtDcss": [
            "또한 원심이 적법하게 채택하여 조사한 증거들을 종합하면, 피고인은 2007. 3. 23.경 도로에서 운전을 하다가 상대방 운전자인 공소외 00과 시비가 되어 서로 폭행을 하던 중에 이 사건 상해를 입게 된 사실을 인정할 수 있는바, 그렇다면, 피고인이 공소외 00의 폭행으로 입은 이 사건 상해를 오로지 또는 주로 피고인의 범죄행위로 입은 상해라고 할 수는 없다고 할 것이다.",
            "피고인이 병원에서 이 사건 상해의 치료를 받음에 있어서, 상해를 입은 경위에 관하여 '아침에 산에 내려오다가 넘어져서 다쳤다'라고 거짓말을 한 것은 사실이지만, 그러한 거짓말과 그 후 국민건강보험공단으로부터 이 사건 보험급여처리를 받은 결과 사이에는 어떠한 상당인과관계가 있다고 볼 수 없으므로, 이 사건 사기의 공소사실에 대하여 무죄를 선고한 원심판결은 정당하고, 달리 검사가 주장하는 바와 같은 법리오해의 위법이 없다.",
            "원심이 적법하게 채택하여 조사한 증거들을 종합하면, 피고인은 2007. 3. 23. 도로에서 차량을 운전하던 중 다른 차량 운전자인 공소외 00과 시비가 되어 싸움을 하다가 각자 상대방에게 상해를 가하였을 뿐만 아니라, 그 이전에 피고인이 공소외 00의 차량을 급히 가로막는 바람에 그 차량에 동승하고 있던 피해자 공소외 00가 치아가 파손되는 상해를 입었다.",
            " 그 후 피해자 공소외 00가 피고인의 차량이 가입한 보험회사로부터 보험금 450만 원을 지급받음으로써 이 부분에 대하여는 불기소되었으나, 공소외 00과 사이의 위 상해의 점에 대하여는 피고인과 공소외 00이 서로 맞고소를 하고 손해배상청구 소송을 제기함으로써 본격적인 민,형사상의 분쟁으로 번지기 시작한 사실이 인정된다.",
            "피해자 공소외 00가 2007. 11. 13.경 피고인 및 공소외 00에 대한 상해사건의 형사재판에 증인으로 출석하여 피고인에게 불리한 증언을 하였고, 그 이후에도 계속하여 공소외 00의 피고인에 대한 모욕 및 명예훼손의 고소, 피고인의 공소외 00에 대한 보험사기, 무고, 위증 및 명예훼손의 고소 등이 이어짐으로써 피고인과 위 피해자 및 공소외 00의 감정은 서로 극한 상태로까지 악화된 사실이 인정된다.",
            "그러한 상황에서 피고인은 2008. 6. 13. 서울법원종합청사 1층 엘리베이터 앞에서 우연히 피해자 공소외 00를 마주치게 되자, 먼저 공소외 00에게 \"그딴 식으로 살지 말어, 그딴 식으로 살지 말어\"라고 말하여 시비를 걸어 공소외 00와 서로 말다툼을 하던 중, 공소외 00에게 \"보험사기 했잖아, 사기꾼\"등의 모욕적인 발언을 주고받은 사실을 각 인정할 수 있다.",
            "사실관계가 이와 같다면, 피고인이 피해자 공소외 00에게 위와 같은 모욕적인 발언을 하게 된 것이 그 당시 공소외 00 측과 사이의 민,형사상의 제반 분쟁으로 인하여 극하게 감정이 대립된 상태에서 순간적으로 이를 절제하지 못하고 서로 말싸움을 하던 중에 나온 것이라고 하더라도, 그러한 사정만으로는 앞서 본 바와 같은 정당행위의 요건을 모두 갖춘 것으로 형법 제20조 소정의 사회상규에 위배되지 아니하는 행위에 해당한다고 할 수는 없다.",
            "따라서 피고인의 위 모욕행위가 정당행위에 해당한다고 하여 무죄를 선고한 원심판결은 정당행위에 관한 법리를 오해하거나 그에 관한 사실을 오인한 잘못이 있다고 할 것이므로, 이 점을 지적하는 검사의 위 항소논지는 이유 있다."
        ]
    },
    "close": {
        "cnclsns": [
            "원심판결 중 모욕의 점에 대한 부분을 파기한다.",
            "피고인을 벌금 300,000원에 처한다.",
            "피고인이 위 벌금을 납입하지 아니하는 경우 50,000원을 1일로 환산한 기간 피고인을 노역장에 유치한다.",
            "위 벌금에 상당한 금액의 가납을 명한다.",
            "검사의 나머지 항소를 기각한다."
        ]
    }
}