{
    "info": {
        "caseField": "2",
        "detailField": "6",
        "trailField": "2",
        "caseNm": "성폭력범죄의처벌및피해자보호등에관한법률위반(특수강도강간등),(인정된죄명:성폭력범죄의처벌및피해자보호등에관한법률위반(특수강제추행)및특수강도),강도,강도예비,절도,부착명령",
        "courtNm": "부산고등법원",
        "judmnAdjuDe": "2009. 07. 09.",
        "caseNo": "2009노343,2009전노8(병합)",
        "relateLaword": [
            "형사소송법 제 364조",
            "형사소송법 제 369조",
            "형법 제333조",
            "형법 제 329조",
            "성폭력범죄의 처벌 및 피해자보호 등에 관한 법률 제6조",
            "형법 제298조",
            "형법 제 334조",
            "형법 제 343조",
            "형법 제 37조",
            "형법 제 38조",
            "형법 제 53조",
            "형법 제 55조",
            "형법 제 57조",
            "형법 제 62조 ",
            "형법 제 48조",
            "청소년의 성보호에 관한 법률 제 37조",
            "위치추적전자장치 부착에 관한 법률 제 35조",
            "형법 제50조",
            "성폭력범죄의 처벌 및 피해자보호 등에 관한 법률 제 16조 ",
            "보호관찰등에 관한 법률 제59조"
        ],
        "qotatPrcdnt": []
    },
    "concerned": {
        "acusr": "4",
        "dedat": "1"
    },
    "org": {
        "orgJdgmnCourtNm": "부산지방법원 ",
        "orgJdgmnAdjuDe": "2009.4.17",
        "orgJdgmnCaseNo": "2009고합17,2009전고6(병합)"
    },
    "disposal": {
        "disposalform": "10",
        "disposalcontent": [
            "원심판결 중 피고사건 부분을 파기한다.",
            "피고인을 징역 3년에 처한다.",
            "원심판결 선고 위의 구금일수 112일을 위 형에 산입한다.",
            "다만, 이 판결 확정일로부터 4년간 위 형의 집행을 유예한다.",
            "압수댜 과도 1개(증 제1호)를 몰수한다.",
            "피고인에게 성폭력치료강의 40시간 수강을 명한다.",
            "피고인에 대한 열람정보를  5년간 열람에 제공한다.",
            "검사의 부착명령사건 부분에 대한 항소를 기각한다."
        ]
    },
    "mentionedItems": {
        "rqestObjet": [
            "원심의 형(징역3년)이 너무 무겁다.",
            "원심의 형이 너무 가볍다."
        ]
    },
    "assrs": {
        "acusrAssrs": [
            "원심의 형이 너무 가볍다.",
            "피부착명령청구자가 피해자 공소외 00, 00를 강제추행 하였다는 공소사실로 기소된 후 피해자 공소외 00과 그 법정대리인이 고소를 취소하였다는 이유로 피해자 공소외 00에 대한 청소년의 성보호에 관한 법률 위반(청소년강간등)의 점에 대한 공소가 기각되었다.",
            "허나, 성폭력 범죄를 저지른 범죄자에 대하여 전자발찌를 부착하여 장래의 성폭력범행을 방지하겠다는 특정 성폭력 범죄자에 대한 위치추적 전자장치 부착에 관한 법률의 입법취지에 비추어 위 법률 제9조 제2항 제2호의 해석은 엄격하게 하여야 한다.",
            "일부 성폭력 범죄의 공소사실에 대하여 공소가 기각되는 경우라도 그 공소사실 전부에 대하여 공소기각판결이 선고되지 않는 이상 위 법률 제5조 제1항 제3호에서 규정하고 있는 성폭력 범죄를 2회 이상 범하여 그 습벽이 인정되는 때에 해당한다.",
            "원심은 이 사건 부착명령청구를 기각하였으므로 전자장치 부착명령에 관한 법리를 오해한 위법이 있다."
        ],
        "dedatAssrs": [
            "원심의 형(징역 3년)이 너무 무겁다."
        ]
    },
    "facts": {
        "bsisFacts": [
            "이 사건 각 범행은 피고인이 불과 2개월 사이에 걸쳐 강도, 강도예비, 절도의 각 범행을 범하였을 뿐만 아니라 흉기인 과도로 청소년인 피해자 공소외 00를 위협하여 추행하였다."
        ]
    },
    "dcss": {
        "courtDcss": [
            "이 사건 각 범행은 피고인이 불과 2개월에 사이에 걸쳐 강도, 강도예비, 절도의 각 범행을 범하였을 뿐만 아니라 흉기인 과도로 청소년인 피해자 공소외 00를 위협하여 추행한 것으로서 그 죄질과 범정이 매우 무겁다.",
            "피고인이 아직 19세의 미성년자로서 사리분별력이 부족한 상태에서 '0'이라는 티브이(TV)프로를 보고 충동적으로 이 사건 성폭력범행을 저지른 점, 피해자 공소외 00, 00, 00와 합의하여 피해자들도 선처를 탄원하고 있는 점, 피고인이 초범이며 그 잘못을 깊이 뉘우치고 반성하고 있는 점이 인정된다.",
            "그밖에 이 사건 각 범행의 동기와 경위, 수단과 결과, 범행 후의 정황 등 기록에 나타난 양형의 조건이 되는 여러 사정을 종합하면, 원심의 형이 너무 가벼워서 부당하다기 보다는 오히려 무거워서 부당하다고 인정되므로, 검사의 이 부분 주장은 이유 없고, 피고인의 이 부분 주장은 이유 있다.",
            "피부착명령청구자가 '0'이라는 티브이(TV)프로를 보고 충동적으로 이 사건 성폭력범행을 저지른 점, 초범인 점, 피부착명령청구자에게 성적 범죄의 재범 위험성이 중간정도로 평가(청구전조사서의 기재)되어 특별히 높게 보이지 않는 점 등을 종합하면, 피부착명령청구자에게 성폭력 범죄의 습벽이 있다고 인정할 수 없다."
        ]
    },
    "close": {
        "cnclsns": [
            "원심판결 중 피고사건 부분을 파기한다.",
            "피고인을 징역 3년에 처한다.",
            "원심판결 선고 전의 구금일수 112일을 위 형에 산입한다.",
            "다만, 이 판결 확정일로부터 4년간 위 형의 집행을 유예한다.",
            "압수된 과도 1개(증 제1호)를 몰수한다.",
            "피고인에게 성폭력치료강의 40시간의 수강을 명한다.",
            "피고인에 대한 열람정보를 5년간 열람에 제공한다.",
            "검사의 부착명령사건 부분에 대한 항소를 기각한다."
        ]
    }
}