{
    "info": {
        "caseField": "2",
        "detailField": "6",
        "trailField": "1",
        "caseNm": "폭력행위등 처벌에 관한 법률위반(공동공갈)(인정된죄명:공갈), 폭력행위등 처벌에 관한 법률위반(공동강요)(인정된죄명:강요)",
        "courtNm": "서울중앙지법",
        "judmnAdjuDe": "2009. 10. 29.",
        "caseNo": "2009고단4470",
        "relateLaword": [
            "형법 제324조",
            "형법 제350조",
            "형법 제20조"
        ],
        "qotatPrcdnt": [
            "대법원 2001. 7. 13. 선고 98다51091 판결 (공2001하, 1835)"
        ]
    },
    "concerned": {
        "acusr": "4",
        "dedat": "1"
    },
    "org": {
        "orgJdgmnCourtNm": "",
        "orgJdgmnAdjuDe": "",
        "orgJdgmnCaseNo": ""
    },
    "disposal": {
        "disposalform": "8",
        "disposalcontent": [
            "피고인 1을 징역 10월에 처한다.",
            "다만, 이 판결 확정일부터 2년간 위 형의 집행을 유예한다.",
            "피고인 1에 대한 이 사건 공소사실 중 강요미수에 관한 폭력행위 등 처벌에 관한 법률 위반의 점 및 피고인 2는 각 무죄로 판결한다."
        ]
    },
    "mentionedItems": {
        "rqestObjet": [
            "피고인 1을 징역 10월에 처한다.",
            "다만, 이 판결 확정일부터 2년간 위 형의 집행을 유예한다. "
        ]
    },
    "assrs": {
        "acusrAssrs": [],
        "dedatAssrs": [
            "피고인 1은 법률전문가들의 의견 및 법원 판결을 토대로 이 사건에 이르게 된 것이므로 위법성의 인식이 없었고, 그에 대한 정당한 이유가 있다고 주장한다."
        ]
    },
    "facts": {
        "bsisFacts": [
            "피고인 1은 000(이하 'OOO'라 함)의 대표이다.",
            "피고인 1은 경향좋아라는 닉네임으로 000의 대외협력팀장으로 일하던 중 2008.12.27.개최된 000 총회에서 대표로 선출되었다.",
            "피고인 1은 2008.12.29.000 카페에 \"대표 당선인사 드립니다\"라는 제목으로 \"이번 총회에서 새로 선출된 대표 피고인 1(경향좋아)입니다, 제가 공약과 정책에서 주장한 것 중에서 중요한 것만 다시 강조하겠습니다, 첫째 우리가 받고 있는 재판에서 반드시 무죄선고를 받게 하겠습니다, ",
            "둘째 숙제를 활성화시키겠습니다, 우리가 카페에서 만난 것은 숙제를 하기 위함이었습니다, 검찰의 탄압으로 숙제가 많이 위축되었습니다, 아직까지 숙제보다 효과가 큰 방법을 찾지 못했습니다, 다양한 방법을 통해 숙제를 활성화하겠습니다, 셋째 회원간의 화합을 이끌어 000 심판에 모든 힘을 쏟겠습니다\"라는 내용의 글을 게시하였다.",
            " 2009.5.21.000 카페에 \"필독, 000 회원의 결정을 바랍니다-대표 피고인 1\"이라는 제목으로 \"이제는 000에 끌려 다니지 말고 반격을 해야 한다, 그 실천방향으로 먼저 불매운동을 시작하려 한다, 불매운동은 000에만 광고하고 000와 000에는 광고를 하지 않는 기업을 대상으로 펼칠 것이다,\"",
            "\"우선 한 개 기업만 선정하여 힘을 집중할 것이다, 광범위한 촛불들, 누리꾼, 그리고 시민단체들의 연대는 이미 이뤄졌다, 000 회원들의 결단만 남았다, 여러분의 결정이 필요하다, 역사는 여러분들의 결정과 실천을 요구하고 있다\"는 내용의 글을 게시하여 000, 000, 000에 광고를 게재하는 기업을 상대로 불매운동을 시작하겠다는 내용을 알리고 이에 적극적으로 동참할 것을 선동하였다.",
            "피고인 1은 2009.6.8.13:00경 0000에 있는 000 앞에서 피해자 000가 000, 000, 000에 광고를 편중했다는 이유로 000가 000, 000, 000에 광고를 중단하거나 000, 000에 동등하게 광고를 게재할 때까지 000의 제품에 대한 불매운동을 하겠다는 내용의 기자회견을 열었다.",
            "불매운동의 대상기업으로 선정되었다는 사실을 알게 된 000 홍보실 업무총괄자인 상무이사 공소외 1을 비롯한 위 회사 임직원들은 불매운동이 벌어질 경우 예상되는 매출 감소나 회사 이미지 실추 등으로 인한 경제적 손실로 회사 운영에 치명적인 손실을 입게 될 것이라고 우려하게 되었다.",
            "그리고 위 회사의 전체 신문광고 중 70~80%의 비중을 차지하고 있는 000, 000, 000에 대한 광고를 중단하라는 것은 회사의 영업에 엄청난 지장을 초래하게 되므로, 공소외 1은 홍보실 부장 공소외 2에게 불매운동을 선언한 000측 사람을 만나 000가 선정된 이유와 요구조건이 무엇인지를 직접 들어볼 것을 지시하였다.",
            "피고인 1은 2009.6.8.17:00경 공소외 2로부터 만나자는 연락을 받고 0000에 있는 000사무실 부근에서 공소외 2를 만난 다음 0000에 있는 00000 인근 상호불상의 커피숍으로 이동하여 공소외 2에게 000가 000·000·000에 광고를 편중했기 때문에 불매운동기업으로 선정하였다면서 000·000·000에 대한 광고를 중단할 것을 요구하였다.",
            "허자, 공소외 2로부터 회사 입장에서 그 요구를 수용하기 어려울 것이라는 말을 듣게 되자 피고인 1이 지정하는 다른 신문에 000·000·000와 동등하게 광고를 집행할 것, 특히 빠른 시일 내에 000과 000에 광고를 게재할 것과 000의 인터넷 홈페이지에 향후 광고를 편중되게 하지 않겠다는 내용의 팝업창을 띄울 것을 요구하였다.",
            "그리고 공소외2 로부터 피고인 1의 요구조건을 전해들은 공소외 1은 회사를 위해서 이를 들어줄 수밖에 없다고 판단하고 피고인 1의 요구대로 000, 000에 광고를 게재하고 인터넷 홈페이지에 위 내용의 팝업창을 띄우기로 하였다.",
            "피고인 1은 위와 같이 요구조건을 들어주지 않으면 불매운동을 하겠다고 협박하여 불매운동으로 인한 영업상 커다란 손실의 우려로 겁을 먹은 공소외 1로 하여금 2009.6.9.경 000의 인터넷 홈페이지에 \"000은 앞으로 특정 언론사에 편중하지 않고 동등하게 광고 집행을 해나갈 것을 약속합니다.또한, 앞으로도 더욱 소비자들과 함께 하는 기업이 되도록 노력하겠습니다\" 라는 내용의 팝업창을 띄우게 하였다.",
            "그럼으로써 법률상 의무 없는 일을 하게 하고, 2009.6.10.경 광고 집행 예정이 전혀 없었던 000과 000에 각각 가로 21cm, 세로 9단 크기로 378만 원씩 합계 756만 원 상당의 광고를 게재하고 위 광고비를 2009.6.24.000에, 2009.6.30.000에 지급하도록 하였다."
        ]
    },
    "dcss": {
        "courtDcss": [
            "2008년 5월경부터 2009년도 초반까지 000 폐간 국민캠페인 및 000의 활동의 영향으로 000에도 000, 000, 000에 게재한 광고로 인한 항의전화가 꾸준히 이어졌지만, 000, 000, 000에 대한 제품광고는 회사영업에 결정적인 역할을 하고 있었으므로 위와 같은 항의전화에도 불구하고 위 3개 신문에 제품광고를 계속 내고 있는 사실이 인정된다.",
            "피고인 1은 별지 기자회견문을 토대로 기자회견을 할 당시 불매운동의 첫 대상기업으로 오로지 000 한 개 기업을 지목하면서 000가 000일보에 광고를 중단하거나, 000, 000에 동등한 광고집행을 할 때까지 불매운동에 들어갈 것이라고 밝힌 사실이 인정된다.",
            "이러한 사실을 접한 000는 회사의 실질적인 정책결정을 하고 있는 공소외 1 상무이사의 주도로 같은 날 홍보실 간부들과 대책회의를 가지고 000, 000, 000에 대한 광고중단은 회사영업을 하지 말라는 것과 마찬가지이니 절대로 받아들일 수 없다고 의견을 모은 후 홍보실 공소외 2 부장에게 000측 사람을 만나 이야기를 들어보라고 지시한 사실이 인정된다.",
            "피고인 1은 같은 날 공소외 2와 만난 자리에서 000가 000일보에 다른 신문보다 11배나 광고를 많이 실어 첫 불매운동대상이 되었다고 말해 주었고, 공소외 2는 유독 000를 불매운동대상으로 삼은데 대하여 억울함을 호소하면서 000, 000, 000에 대한 광고중단은 어렵다는 것을 밝히고, 000, 000에 광고를 내면 불매운동을 철회하는 것인지, 광고는 어떤 내용을 말하는 것인지 등을 문의한 사실이 인정된다.",
            "이에 피고인 1은 000 등 다른 신문들도 있지 않느냐고 하면서 불매운동을 막기 위하여는 빠른 시일 내에 000, 000에 제품광고를 내라고 하면서 광고문구에 '소비자의 의견에 귀를 기울이겠습니다'라는 문구를 넣고, 회사 홈페이지에도 공정하게 광고를 집행하겠다는 취지의 팝업창을 띄우라고 요구하였고, 이러한 내용에 관한 공문이 필요하냐는 공소외 2의 질문에 피고인 1은 공문은 당연히 필요하니 회사 직인이 찍힌 공문을 보내달라고 말한 사실이 인정된다.",
            "그날부터 다음날까지 사이에 피고인 1이 보내 온 합의사항 중 몇 개의 문구를 바꾸어 달라는 000의 의사가 반영된 \"1.000과 정론매체에 광고하는 것을 동등하게 집행한다.2.내일자(6월 10일)에 000과 000에 광고를 게재한다.그 광고에는 '000은 항상 소비자들의 의견에 귀를 기울입니다'라는 취지의 글이 들어갈 것이다.",
            "3.홈페이지에 팝업을 통해 향후 광고집행에 있어서 편중하지 않게 해 나갈 것을 밝히겠다.\" 는 내용의 합의사항이 작성된 사실, 그 내용 중 000의 의사가 반영된 부분은 2항의 '항상'이라는 문구와 3항의 '편중하지 않게'라는 문구인 사실이 인정된다.",
            "공소외 2는 당시 합의사항 중 000과 000에 6월 10일에 광고를 게재하는 것이 가능한지를 묻자 피고인 1은 서두르면 가능하다고 하였고, 실제로 6월 10일자로 광고가 게재된 사실, 피고인 1은 2009.6.9.11:38경 000카페 공지사항에 불매운동의 철회를 요청한다는 글을 올린 사실이 인정된다.",
            "피고인 1이 기자회견을 한 후부터 000에 많은 항의전화가 걸려 오다가 피고인 1이 불매운동의 철회를 요청한 시각 이후인 같은 날 18:00경 무렵이 되자 항의전화가 잦아졌고, 그 후로는 왜 000 활동에 굴복했느냐는 항의전화가 걸려 온 사실을 인정할 수 있다.",
            "피고인 1이 발표한 기자회견의 요지는 000, 000, 000의 광고후원기업들의 제품에 관한 불매운동을 할 예정이니 이를 막기 위하여는 000, 000에도 광고를 하라는 것이고, 000는 주로 소비재를 판매하고 있는 기업으로서 광고가 영업에 미치는 영향력이 매우 크다.",
            "그리고  2008.5.경의 000 폐간 국민캠페인의 000, 000, 000에 광고를 게재한 기업들에 대한 전화걸기를 통한 업무방해 행위를 경험한 바 있어 여러 기업을 대상으로 한 것이 아닌 오로지 000라는 하나의 기업만을 대상으로 불매운동을 벌이게 될 경우 000의 영업에 막대한 지장을 초래할 상황에 있었다.",
            "기자회견의 내용도 000가 만든 제품에 실제로 하자가 있는지에 대하여는 전혀 언급함이 없이 000가 정론매체가 아닌 신문에 광고를 게재하였다는 이유만으로 불매운동을 하겠다는 것임을 알 수 있다.",
            "따라서, 피고인 1로서는 000가 기자회견을 통하여 첫 불매운동의 대상으로 지목되면 실제로 판매량에 큰 영향을 줄 것이라는 사정을 예상하고 000에서 이를 막기 위하여 기존에 000, 000, 000에 하던 광고를 중단하는 대신, 000, 000에 광고를 싣지 않을 수 없으리라는 판단하에 이 사건에 이른 것으로 보인다.",
            "위와 같이 피고인 1이 기자회견을 하고, 000 직원인 공소외 2를 만나 000, 000에 게재할 광고의 구체적인 문구, 시기 및 방법까지 정해주면서 이 사건 광고를 게재하여 광고료를 지급하게 하고, 회사 인터넷 홈페이지에 대한 팝업창까지 띄우게 한 행위는 그 의사결정 및 의사실행의 자유를 침해한 것으로 대한민국 형법상 강요죄에서의 협박 및 공갈죄에서의 협박에 해당한다고 할 것이다.",
            "이 사건에 나타난 피고인 1의 기자회견에서부터 000로 하여금 000, 000에 광고를 게재하여 광고료를 지급하게 하고, 000 홈페이지에 팝업창을 띄우게 한 일련의 행위에 비추어 보면, 기자회견 문의 내용도 000가 만든 제품에 실제로 하자가 있는지에 대하여는 전혀 언급함이 없이 000가 정론매체가 아닌 신문에 광고를 게재하였다는 이유만으로 불매운동을 하겠다는 것임을 알 수 있다.",
            "기자회견을 하기 전 90개 기업을 상대로 000 명의로 보낸 제안서(변호인 제출 증 제8호증의 1)의 내용도 여론조사 결과 000, 000, 000의 기사 신뢰도가 가장 떨어지는 것으로 나타났음을 전제로 위 3개 신문사에 광고를 발주하는 기업에 대하여 국민들의 알권리를 무시하는 기업이라는 인식을 소비자들이 가지게 되었다는 것으로서 일방적으로 자신의 주장을 펼치고 있음을 알 수 있다.",
            "그리하여 피고인 1의 이러한 행위를 가리켜 피고인 1이 자신의 목적을 관철하기 위하여 일반 시민들을 상대로 그들의 주장을 홍보하고 각종 방법에 의한 호소로 설득활동을 벌이는 과정에서 일어난 일이라고는 보기 어렵다."
        ]
    },
    "close": {
        "cnclsns": [
            "피고인 1을 징역 10월에 처한다.",
            "이 판결 확정일로부터 2년간 위 형의 집행을 유예한다.",
            "피고인 1에 대한 이 사건 공소사실 중 강요미수에 관한 폭력행위 등 처벌에 관한 법률 위반의 점 및 피고인 2는 각 무죄이다."
        ]
    }
}