{
    "info": {
        "caseField": "2",
        "detailField": "6",
        "trailField": "2",
        "caseNm": "사기, 사기미수, 여신전문금융업법위반",
        "courtNm": "서울중앙지방법원",
        "judmnAdjuDe": "2009. 10. 08.",
        "caseNo": "2009노1841",
        "relateLaword": [
            "형사소송법 제200조의3",
            "헌법 제12조",
            "형사소송법 제200조의5",
            "형사소송법 제216조",
            "형사소송법 제200조의2",
            "형사소송법 제201조",
            "형사소송법 제202조",
            "형사소송법 제364조",
            "형사소송법 제325조"
        ],
        "qotatPrcdnt": [
            "대법원 2002. 6. 11. 선고 2000도5701 판결",
            "대법원 2007. 5. 10. 선고 2007도1950 판결"
        ]
    },
    "concerned": {
        "acusr": "4",
        "dedat": "1"
    },
    "org": {
        "orgJdgmnCourtNm": "서울중앙지방법원",
        "orgJdgmnAdjuDe": "2009. 6. 9.",
        "orgJdgmnCaseNo": "2008고단7686"
    },
    "disposal": {
        "disposalform": "10",
        "disposalcontent": [
            "원심판결을 파기한다.",
            "피고인은 무죄로 판결한다.",
            "이 사건 공소사실은 범죄의 증명이 없는 경우에 해당하므로, 형사소송법 제325조 후단에 따라 피고인에게 무죄를 선고한다."
        ]
    },
    "mentionedItems": {
        "rqestObjet": [
            "원심이 피고인을 유죄로 인정하는데 사용한 증거들은 위법하게 수집한 증거들이어서 증거능력이 없음에도, 원심은 피고인에 대한 공소사실 모두를 유죄로 처단하였으니, 이러한 원심판결에는 채증법칙을 위배하여 사실을 오인함으로써 판결에 영향을 미친 위법이 있다.",
            "원심의 형(징역 2년)은 너무 무거워서 부당하다."
        ]
    },
    "assrs": {
        "acusrAssrs": [],
        "dedatAssrs": [
            "피고인은 위조된 신용카드라는 점을 모르고 공소외 2로부터 신용카드를 받아 몇 번 사용하였을 뿐 공소외 2 및 성명불상자들과 위조된 신용카드를 사용하기로 순차 공모한 사실이 없고, 피고인이 신용카드를 사용한 금액도 원심이 인정한 금액보다 훨씬 적으며, 원심이 피고인을 유죄로 인정하는데 사용한 증거들은 위법하게 수집한 증거들이어서 증거능력이 없다.",
            "원심은 피고인에 대한 공소사실 모두를 유죄로 처단하였으니, 이러한 원심판결에는 채증법칙을 위배하여 사실을 오인함으로써 판결에 영향을 미친 위법이 있다.",
            "원심의 형(징역 2년)은 너무 무거워서 부당하다."
        ]
    },
    "facts": {
        "bsisFacts": [
            "피고인은 2008.9.경 평소 알고 지내는 공소외 2로부터 위조된 신용카드를 교부받아 마치 자신의 정상적인 카드인 것처럼 제시하고 물품을 구입하여 편취하기로 위 공소외 2와 공모하였고, 위 공소외 2는 그 무렵 성명불상자들에게 위조된 신용카드를 제공하여 마치 정상적인 카드인 것처럼 제시하고 물품을 구입하여 편취하기로 위 성명불상자들과 공모했다.",
            "피고인은 위 공소외 2 및 위 성명불상자들과 위조 신용카드를 이용한 물품 편취를 순차 공모하였다.",
            "피고인은 위 공소외 2 및 위 성명불상자들과 순차 공모하여 2008.11.26.16:28경 0000 (지번 1 생략)ㅇㅇ점에서, 담배 등 109,900원 상당의 물품을 구입하면서 성명을 알 수 없는 담당직원에게위 공소외 2 로부터 교부받은 위조된 신용카드(카드번호 1 생략)를 마치 진정하게 성립된 자신의 정상적인 카드인 것처럼 제시하여 결제하였다.",
            "그렇게 함으로써 위조된 신용카드를 사용하고, 이에 속은 위 직원으로부터 즉석에서 담배 등 109,900원 상당의 물품을 교부받아 이를 편취한 것을 비롯하여 피고인은 위 공소외 2 및 위 성명불상 자들과 순차 공모하여 2008.10.1.경부터 2008.11.30.경까지 별지 범죄일람표1 기재와 같이 총 532회에 걸쳐 위와 같은 방법으로 위조된 신용카드를 사용하고, 합계 41,041,780원 상당의 물건을 편취하였다.",
            "피고인은 위 공소외 2 및 위 성명불상자들과 순차 공모하여 2008.11.29.19:17경 0000 (지번 2 생략)에 있는 ㅇㅇ마트에서, 110,000원 상당의 물품을 구입하면서 성명을 알 수 없는 담당직원에게위 공소외 2 로부터 교부받은 위조된 신용카드(카드번호 2 생략)를 마치 진정하게 성립된 자신의 정상적인 카드인 것처럼 제시하여 이에 속은 위 직원으로부터 110,000원 상당의 물품을 교부받아 이를 편취하려고 하였다.",
            "그러나 위 신용카드의 결제가 승인되지 않아 미수에 그친 것을 비롯하여 피고인은 위 공소외 2 및 위 성명불 상자들과 순차 공모하여 2008.10.1.경부터 2008.11.30.경까지 별지 범죄일람표2 기재와 같이 총 76회에 걸쳐 위와 같은 방법으로 합계 7,966,780원 상당의 물품을 편취하려고 하였으나 신용카드의 결제가 승인되지 않아 미수에 그쳤다."
        ]
    },
    "dcss": {
        "courtDcss": [
            "공소외 1의 위 진술 중 (3)의 (가)의 진술은 아래에서 보는 바와 같은 이유로 선뜻 믿기 어렵고, (3)의 (나)의 진술에 의하면 공소외 1이 피고인을 긴급체포하기 전에는 이 사건 공소사실에 해당하는 범죄사실이 아직 전혀 특정되어 있지 아니한 상태이었으므로, 위 긴급체포 당시에 피고인에게 ‘구체적인 범죄사실의 요지’를 고지할 형편이 아니었다고 인정된다.",
            "(3)의 (다)의 진술처럼 공소외 1이 피고인의 주거지에서 압수한 신용카드 중 사후에 위조된 것으로 확인된 신용카드는 이 사건 공소사실에 기재된 신용카드 중 카드번호 (2 생략)로서 단 한 장에 불과하고, 나머지 이 사건 공소사실에 기재된 신용카드는 모두 위 압수된 신용카드와는 무관한 점에 비추어서도, 이 사건 긴급체포 당시 이 사건 공소사실 기재와 같은 범죄를 저지른 범인이 피고인이라고 의심할 만한 상당한 이유가 있었다고 보이지 아니한다.",
            "공소외 1은 피고인을 긴급체포하기 이전에 다른 나이지리아인을 위조 신용카드를 사용한 혐의로 체포한 적이 있었는데, 당시에는 영어에 능통한 통역인을 체포현장에 대동한 바 있다.",
            "그러므로 피고인을 긴급체포함에 있어서도 정식의 통역인을 대동하여 피고인이 통상 사용하고 이해할 수 있는 언어인 영어로써 피고인에게 구체적인 범죄사실의 요지, 변호인을 선임할 수 있는 권리 및 진술거부권 등에 대하여 고지할 수 있었음에도, 공소외 1은 (3)의 (라)의 진술처럼 영어 구사능력이 의심스러운 동료 경찰관을 대동하였을 뿐 전문 통역인을 대동하지 아니했다.",
            "피고인이 이 사건 공판과정에서 보여주고 있는 바와 같이 우리말을 약간 이해하는 듯하지만 매우 제한적인 점에 비추어, 이 사건 긴급체포 당시 피고인에게 위 법규정에서 요구하는 절차를 제대로 준수하였다고 보이지 아니한다.",
            "당심 증인 공소외 7의 진술에 의하면 공소외 1이 공소외 7로부터 수시로 위조 의심카드의 내역을 구두로 전달받았거나 위조카드 사용현황을 실시간으로 통보받았다는 등의 공소외 1의 당심 진술은 믿기 어려우나, 가사 공소외 1의 위 (3)의 (가)의 진술이 사실이라 한다면, 위 긴급체포 전에 공소외 1은 미리 판사로부터 체포영장을 받을 시간적 여유가 충분하였다 할 것이다.",
            "그리고 그외에 위 체포 당시 체포영장을 받을 수 없을 정도로 긴급한 사정이 있었다고 볼 만한 아무런 자료가 없다.",
            "피고인에 대한 검찰 피의자신문조서(피고인이 “ 공소외 2가 위조하여 준 신용카드를 609회에 걸쳐 사용하여 물건을 구입한 것이 맞지만, 신용카드를 사용하고 이를 다시 공소외 2에게 주었기 때문에 공소외 2가 직접 쓴 것도 있을 수 있고 공소외 2의 친구들이 사용한 것도 있을 수 있다.",
            "위조된 신용카드를 76회에 걸쳐 사용하여 물건을 구입하려고 하였으나 승인이 되지 않아 미수에 그친 것이 맞는 것 같다”는 취지의 진술기재)를 보건대, 위 피의자신문은 피고인이 2008.12.1.경찰에서 위와 같이 위법하게 긴급체포된 후 검찰로 송치되어 2008.12.10.이루어졌다.",
            "시간적으로 위법한 긴급체포와 근접한 때이어서 그 위법상태가 해소되지 아니한 상태에서 이루어진 것이라 할 것이고 또한 당시 피고인이 변호인의 조력을 받은 바도 없으므로, 위 피의자신문조서는 위법한 체포에 의한 유치 중에 작성된 것으로 그 위법의 정도가 중하여, 비록 피고인의 증거동의가 있음에도, 이를 유죄의 증거로 할 수 없다.",
            "피고인은 원심 제1회 공판기일((2008.12.30.구금 30일째)에서 변호인과 함께 출석하여 인정신문에 앞서 재판장으로부터 “진술을 하지 아니하거나 각개의 물음에 대하여 진술을 거부할 수 있고 이익되는 사실을 진술할 수 있음”을 고지받은 사실, 그 기일에 검사가 공소장에 의하여 공소사실, 죄명, 적용법조를 낭독한 것이 인정된다.",
            "제2회 공판기일(2009.1.15.구금 46일째)에서 피고인은 “이 사건 공소사실 중 기본적인 사실관계는 인정하지만, 범죄일람표 중에서 평택, 인천, 성남, 광주광역시에서의 카드사용 사실은 부인한다”고 진술한 것이 인정된다.",
            "제3회 공판기일(2009.2.5.)에서 “피고인이 공소외 2로부터 몇 장의 신용카드를 받아 그 중 2장의 신용카드를 사용하였는데, 그 사용한 금액은 1,000만 원 정도이고, 압수된 신용카드 25장은 피고인의 것이 아니라 공소외 2의 방에서 발견된 것이며, 검찰에서 피의자신문을 받을 당시 범죄일람표대로 일일이 확인을 받지는 않았다”고 진술한 사실이 인정된다.",
            "피고인이 원심 법정에서 한 위 진술은, 피고인의 독립된(자발적)행위가 개입되어 앞서 본 위법한 긴급체포와 사이의 인과관계가 단절되었거나 적어도 희석된 상태에서 행하여진 것으로 인정되므로, 이를 이 사건 공소사실에 대한 증거로 사용할 수 있다.",
            "기본적 인권 보장을 위하여 압수수색에 관한 적법절차와 영장주의의 근간을 선언한 헌법과 이를 이어받아 실체적 진실 규명과 개인의 권리보호 이념을 조화롭게 실현할 수 있도록 압수수색절차에 관한 구체적 기준을 마련하고 있는 형사소송법의 규범력은 확고히 유지되어야 한다.",
            "헌법과 형사소송법이 정한 절차에 따르지 아니하고 수집한 증거는 기본적 인권 보장을 위해 마련된 적법한 절차에 따르지 않은 것으로서 원칙적으로 유죄 인정의 증거로 삼을 수 없다.",
            "헌법과 형사소송법이 정한 절차에 따르지 아니하고 수집한 증거는 기본적 인권 보장을 위해 마련된 적법한 절차에 따르지 않은 것으로서 원칙적으로 유죄 인정의 증거로 삼을 수 없다.",
            "법이 정한 절차에 따르지 아니하고 수집한 압수물의 증거능력 인정 여부를 최종적으로 판단함에 있어서는, 실체적 진실 규명을 통한 정당한 형벌권의 실현도 헌법과 형사소송법이 형사소송 절차를 통하여 달성하려는 중요한 목표이자 이념이다.",
            "형식적으로 보아 정해진 절차에 따르지 아니하고 수집한 증거라는 이유만을 내세워 획일적으로 그 증거의 증거능력을 부정하는 것 역시 헌법과 형사소송법이 형사소송에 관한 절차 조항을 마련한 취지에 맞는다고 볼 수 없다.",
            "수사기관의 절차 위반행위가 적법절차의 실질적인 내용을 침해하는 경우에 해당하지 아니하고, 오히려 그 증거의 증거능력을 배제하는 것이 헌법과 형사소송법이 형사소송에 관한 절차 조항을 마련하여 적법절차의 원칙과 실체적 진실 규명의 조화를 도모하고 이를 통하여 형사 사법 정의를 실현하려 한 취지에 반하는 결과를 초래하는 것으로 평가되는 예외적인 경우라면, 법원은 그 증거를 유죄 인정의 증거로 사용할 수 있다고 보아야 한다.",
            "적법한 절차에 따르지 아니하고 수집한 증거를 기초로 하여 획득한 2차적 증거의 경우에도 마찬가지여서, 절차에 따르지 아니한 증거 수집과 2차적 증거 수집 사이 인과관계의 희석 또는 단절 여부를 중심으로 2차적 증거 수집과 관련된 모든 사정을 전체적·종합적으로 고려하여 예외적인 경우에는 유죄 인정의 증거로 사용할 수 있다(대법원 2007.11.15.선고 2007도3061 전원합의체 판결 등 참조).",
            "2008.12.1.자 경찰 압수조서(증거기록 35쪽)의 기재에 의하면, ‘피고인이 노트북과 카드리더기를 이용하여 해외신용카드 12매를 위조하여 사용한 자로서, 2008.12.1.11:00경 여신전문금융업법위반 혐의로 긴급체포하면서 피고인이 해외신용카드를 이용하여 물품을 구매하여 보관 중인 물건이라고 하면서 담배, 술, 향수, 현찰 등에 대하여 「임의제출」하므로 증 제1호 내지 11호를 압수하다’는 취지로 기재되어 있다.",
            "각 압수조서는 증인 공소외 1의 당심 법정에서의 진술에 의하면 “검사의 지적을 받고 당초의 압수조서에 ‘영장 없이 압수하였다’는 기재 부분을 위와 같이 고쳐서 위 가.(10)항에서 본 바와 같은 경위로 사후에 소급하여 작성한 것이다”는 것이다.",
            "각 압수조서는 당초 작성해 둔 압수조서의 중요 내용인 ‘피고인으로부터 “영장 없이” 압수한 사실’을 ‘피고인이 “임의제출”한 사실’로 고쳐 그 내용을 허위로 작성한 것이다.",
            "앞서 본 바와 같이 기 압수된 신용카드 25장에 대하여 2008.12.3.외환은행 특수조사팀에서 그 진위여부를 확인한 이후에야 비로소 그 25장 중 12장이 위조된 것임이 밝혀졌으므로, 이에 의하면 위 신용카드 25장이 압수될 당시에는 그 중 신용카드 12장이 위조된 것이라는 점이 아직 밝혀지지 아니하였음에도 그와 같은 취지가 2008.12.1.자 압수조서에 기재되어 있다.",
            "위 각 압수조서는 압수할 당시의 압수 경위와 상황이 사실대로 작성된 것이 아니고, 또한 그 조서에 피고인의 서명 날인을 받은 방식에서 보인 위법의 정도가 매우 중하여, 비록 피고인의 증거동의가 있음에도, 이를 이 사건 공소사실에 대한 증거로 쓸 수 없다.",
            "가사 위 긴급체포가 적법하여 그에 수반된 압수절차가 허용되는 경우라 하더라도, 이후 공소외 1 등은 그 영장을 발부받아야 함에도, 그러한 조치가 이루어지지 아니하였고, 오히려 앞서 본 바와 같이 각 압수조서의 기재를 변작하기에까지 나아간 이상, 위 각 압수절차는 그 위법성이 제거될 여지가 없게 되었다."
        ]
    },
    "close": {
        "cnclsns": [
            "피고인의 항소는 이유 있으므로 형사소송법 제364조 제6항에 의하여 원심판결을 파기하고 변론을 거쳐 다시 다음과 같이 판결한다.",
            "이 사건 공소사실의 요지는 위 2.항에서 본 바와 같은바, 앞서 본 바와 같이 위 공소사실은 범죄의 증명이 없는 경우에 해당하므로, 형사소송법 제325조 후단에 따라 피고인에게 무죄를 선고한다."
        ]
    }
}