{
    "info": {
        "caseField": "2",
        "detailField": "6",
        "trailField": "1",
        "caseNm": "가.폭력행위등처벌에관한법률위반(공동공갈)(일부예비적죄명,강요),나.공갈,다.골재채취법위반,라.농지법위반,마.건설산업기본법위반",
        "courtNm": "청주지방법원 제천지원",
        "judmnAdjuDe": "2010. 04. 27.",
        "caseNo": "2009고단290",
        "relateLaword": [
            "골재채취법 제49조",
            "골재채취법 제26조",
            "농지법 제58조",
            "농지법 제36조",
            "산업기본법 제96조",
            "산업기본법 제9조",
            "형법 제37조",
            "형법 제38조",
            "형법 제50조",
            "형법 제70조",
            "형법 제69조",
            "형사소송법 제334조",
            "형사소송법 제325조",
            "형법 제58조"
        ],
        "qotatPrcdnt": [
            "대법원 2002.12.10. 선고 2001도7095 판결"
        ]
    },
    "concerned": {
        "acusr": "4",
        "dedat": "1"
    },
    "org": {
        "orgJdgmnCourtNm": "",
        "orgJdgmnAdjuDe": "",
        "orgJdgmnCaseNo": ""
    },
    "disposal": {
        "disposalform": "9",
        "disposalcontent": [
            "피고인 00을 벌금 10,000,000원에 처한다.",
            "피고인 00이 위 벌금을 납입하지 아니하는 경우 50,000원을 1일로 환산한 기간 피고인 00을 노역장에 유치한다.",
            "피고인 00에 대하여 위 벌금에 상당한 금액의 가납을 명한다.",
            "피고인 00, 00은 각 무죄이다.",
            "피고인 00에 대한 공소사실 중 공동공갈의 점은 무죄이다.",
            "피고인들에 대한 각 무죄판결의 요지를 공시한다."
        ]
    },
    "mentionedItems": {
        "rqestObjet": [
            "피고인 00을 벌금 10,000,000원에 처한다.",
            "피고인 00이 위 벌금을 납입하지 아니하는 경우 50,000원을 1일로 환산한 기간 피고인 00을 노역장에 유치한다."
        ]
    },
    "assrs": {
        "acusrAssrs": [],
        "dedatAssrs": []
    },
    "facts": {
        "bsisFacts": [
            "골재채취허가를 받은 자는 허가받은 채취구역,채취기간 등 허가받은 내용에 따라 골재를 채취하여야 함에도 불구하고, 피고인00 은 2009. 4. 9.경부터 2009.6. 13. 경까지 사이에 0000, 0000 일대 'ㅇㅇ천 하도준설사업' 관련 공사현장에서 0000로부터 허가받은 골재채취량 101,421㎡에 55,835m를 초과한 157,256㎡의 골재를 채취하였다.",
            "농지를 다른 용도로 일시 사용하려는 자는 관할관청의 허가를 받아야 함에도 불구하고, 피고인 00은 2009. 4. 13.경부터 2009. 7. 30. 경까지 사이에 농지인 0000 0000, 0000, 0000, 0000 등 4필지 약 8,964m에 위 'ㅁㅁ천 하도준설사업' 관련 공사 현장에서 나온 골재를 무단 적재함으로써 불법으로 농지를 전용하였다.",
            "하도준설사업을 하기 위해서는 관할관청에 등록을 하여야 함에도 불구하고 피고인 00 은 0000에 등록하지 아니하고, 2009. 4. 초순경 0000로부터 ㅁㅁ천 하도준설 공사업체로 낙찰받은 000 대표이사인 00에게 총 공사비 63,104,280 원의 약 35% 에 해당하는 약 16,000,000원 상당을 교부하기로 하고 일괄하도급을 받았다.",
            "그런 다음, 2009. 4. 9.경부터 2009. 6. 13.경까지 사이에 0000, 0000 일대 'ㅁㅁ천 하도준설사업' 관련 공사현장에서 제1항과 기재와 같이 하도준설공사 를 하였다.",
            "주위적 사실: ㅇㅇㅇㅇㅇ에서는 ㅇㅇㅇ 행사를 주관하고 있는데 그 행사 중 풍물시장 행사와 관련하여 ㅇㅇㅇㅇㅇ이 풍물시장 계약체결권을 00에게 위임하면서 일정한 금원을 받고 있는 이권사업이 있었다. ",
            "주위적 사실: 그런데 2009년초경 ○○○○○선거과정의 비리의혹이있어 2009.2경 문화원장 및 문화원 이사 전원이 사퇴하는 상황이 벌어지고 이에 따라 피고인00은2009.2.12자로'○○○○○장 2달 만에 사퇴 2009.2.15자 '○○○○○장선거후폭풍'이라는 제목하에 ○○○○○선거비리 의혹 등을 보도하였다.",
            "주위적 사실: 피고인 00,00 은 2009. 4. 23.경 새로이 ㅇㅇㅇㅇㅇ 원장으로 선임된 피해자 00가 ㅇㅇ 풍물시장 운영권과 관련된 ㅇㅇㅇㅇㅇ 간부들의 끊임없는 비리 의혹 등에서 벗어나기 위해 풍물시장 운영권을 다른 기관으로 이양하려는 생각을 가지 고 있다는 사실을 알았다.",
            "그리하여 위와 같은 ㅇㅇㅇㅇㅇ 비리 의혹 기사로 인한 이미지 훼손으로 부담을 가지고 있는 피해자 00 및 ㅇㅇㅇㅇㅇ의 사무국장인 피해자 00등 ㅇㅇㅇㅇㅇ 관계자들에게 기자로서의 위세를 이용하여 압력을 행사함으로써 풍물시장 운영권을 갈취하여 함께 운영하기로 공모하였다.",
            "주위적 사실: 이에 따라 피고인은 00은 2009. 4. 말경부터 5. 초순경 사이에 0000에 있는 ㅇㅇㅇㅇㅇ 사무실 앞 및 같은 0000 00000에 있는 피해자 00의 사무실에서 피해자 00, 00를 만나 2 풍물시장 계약체결권을 피고인 00이 회장으로 있는 ㅇㅇㅇㅇ청년연합회(이하 '청년연합회'라고만 한다)에 위임해 달라고 요청하였다.",
            "주위적 사실: 2009. 5. 중순경 피해자 00로부터 풍물시장 운영권을 위탁할 지역단체 선정업무를 위임받은 피해자 이소가 청년연합회 외에 ㅇㅇㅇㅇㅇ, ㅇㅇㅇㅇㅇ협의회 등 다른 단체도 포함시켜서 위와 같은 위탁방안에 대해 협의를 하려고 하자, 피해자 이에게 전화를 걸어 \"뭣 하러 세 개 단체 중에 하나 를 고르려고 하느냐, 00이 회장으로 있는 청년연합회에 넘겨줘라\" 고 요구하는 등 으로 기자로서의 위세를 이용하여 압력을 행사하였다.",
            "이를 거절할 경우 마치와 ㅇㅇㅇㅇㅇ과 관련된 불리한 언론보도가 나갈 것 같은 생각에 겁을 먹은 피해자 00, 00로하여금 2009. 5. 중순경 ㅇㅇㅇㅇㅇ사무실에서 ㅇㅇㅇㅇㅇ이 청년연합 회로 ㅁㅁㅁㅁㅁ 풍물시장 계약체결권을 넘겨주게 하였다.",
            "그렇게 함으로써 피고인00이 2009. 5. 18.경부터 같은 해 5. 29.경까지 사이에 풍물시장 업자인 00과 사이에 풍물시장 계약체결권 위임계약을 체결하고 00으로부터 계약금 명목으로 800만 원을 교부받아 그 금액 상당의 철쭉제 풍물시장 운영권을 갈취하였다.",
            "예비적 사실 : 위 주위적 공소사실의 위에서 제13행 \"압력을 행사함으로써\" 다음을 \"풍물시장 운영권을 넘겨받아 함께 운영하기로 하고,\" 라고 변경하고, 아래에서 제5행 이하 \"이로 하여금\" 다음을 \"2009. 5. 중순경 ㅇㅇㅇㅇㅇ 사무실에서 ㅇㅇㅇㅇㅇ이 청년연 합회로 ㅁㅁㅁㅁㅁ 풍물시장 계약체결권을 넘겨주게 함으로써 피해자 00로 하여금 법률상 의무 없는 일을 하게 하였다.\" 로 변경하는 외에는 위 주위적 공소사실과 같다. "
        ]
    },
    "dcss": {
        "courtDcss": [
            "피고인 00은 0000 지역의 일간지인 ㅇㅇㅇㅇ의 기자로서 ㅇㅇㅇㅇ의 기자로 활동한 기간을 포함하여 약 10 여 년간 ㅇㅇㅇㅇ 주재기자로 활동해오면서 0000 지역에서 영향력을 행사해 왔고. 피고인00은 ㅇㅇㅇㅇ기술원 ㅇㅇ 연구소 기능직 7급 공무원으로 근무하면서 0000 청년연합회 회장을 맡아 온 사실이 인정된다.",
            "ㅇㅇㅇㅇㅇ은 매년 5월에 개최하는 행사를 주관해 왔는데 2001년경부터 00이라는 개인사업자와 사이에, 00이 풍 물시장에 입점할 상인들을 모집하여 그 상인들로부터 임대료 등을 지급받고, 그 대가로 ㅇㅇㅇㅇㅇ이 ㅇㅇ 기간 중 군청 등에 나누어 주는 기념품 대금 800만 원을 대납해주는 내용의 풍물시장 운영에 관한 대행계약 을 체결해 온 사실이 인정된다.",
            "ㅁㅁㅁㅁ 와 관련된 행사의 대부분이 지역 사회단체에 위탁하는 형식으로 진행되어 왔음에도, 풍물시장 운영권에 관하여만은 ㅇㅇㅇㅇㅇ이 직접 계약을 체결해오면서 그 운영과 재 정 문제에 관하여 ㅇㅇㅇㅇㅇ 내, 외부적으로 의혹이 제기되어 왔던 사실이 인정된다.",
            "2009. 2. 경 문화원장 및 문화원 이사 전원이 사퇴하는 상황이 벌어지자 ㅇㅇㅇㅇㅇ 비상대책 위원회 의 추대 하에 0000의 인준을 받은 00가 2009. 4. 26.경 ㅇㅇㅇㅇㅇ장으로 취임하였고, 00는 취임 직후 위와 같이 의혹이 제기되고 있던 소아 풍물시 장 계약체결권 자체를 다른 기관 또는 단체에 이양하려는 생각을 갖게 된 사실이 인정된다.",
            "피고인00 은 2009. 4. 말경 피고인 00을 만난 자리에서 올해 ㅇㅇ제 행사에 \"청년연합회가 참가할 어떤 프로그램이 있느냐\" 라는 취지의 말을 하였던 사실이 인정된다.",
            "피고인 00은 2009. 5. 초순경 00를 취재하기 위하여 그의 사무실에 찾아간 자리에서, 00와의 대화 도중 \"풍물시장 계약체결권을 다른 단체에 이양하는 것이 좋겠다.\"는 의견을 제시하였고, 00 역시 피고인 00의 의견에 동의하는 태도를 보였으며, 이에 피고인 00은 00에게 피고인 00이회장으로 있는 청년연합회에 계약 체결권을 위탁하는 것이 어떻겠느냐는 취지의 제안을 한 사실이 인정된다.",
            "이후 피고인 00은 00에게 전화를 걸어 \"원장님이 풍물시장과 관련하여 아무 말씀 안 하시냐\"는 취지로 물었고, 이에 00는 풍물시장 계약체결권과 관련하여 피고인 00과 원장 00와 사이에 이미 어떤 얘기가 오고간 것이 아니냐는 추측을 하게 된 사실이 인정된다.",
            "그 무렵 00는 00에게 \"풍물시장 계약체결권을 적당한 단체가 있으면 넘겨주라\"고 지시했고, 이에 따라 00는 청년연합회 외에 ㅇㅇㅇㅇㅇ협의회, ㅇㅇㅇ연맹 등 총 3 개의 단체 중 적당한 단체를 선택하기로 하고, 3개 단체의 대표자를 불러 논의하고자 피고인00에게 연락을 하였으나, 피고인00은 \"우리 단체가 단독으로 계약을 체결하는 것이 아니라면, 우리는 참여하지 않겠다.\"는 입장을 밝힌 사실이 인정된다.",
            "그 직후 피고인 00이 00에게 전화를 걸어 \"뭣 하러 세 개 단체 중에 하나를 고르려고 하느냐, 00이 회장으로 있는 청년연합회에 넘겨주는 것이 좋겠다.\"라는 취지의 말을 하였고, 이에 00는 풍물시장 계약체결에 관한 대행권한을 청년연합회에 위탁하기로 결정하고 최종적인 승낙을 얻기 위해 00에게 전화로 보고를 하자, 00가 이를 승낙한 사실이 인정된다.",
            "00는 2009. 5. 14.경 피고인 00에게 풍물시장 계약체결 권을청년연합회에 위탁하기로 결정하였다고 통보하였고, 피고인00 은 2009. 5. 20.경 00과 사이에 ㅇㅇㅇ 풍물시장 운영과 관련된 계약을 체결한 사실, 1. 2009. 5.23.부터 같은 달 31.까지 ㅁㅁㅁㅁㅁ 행사가 열렸고, 피고인 00은 00으부터 계약금 명목으로 합계 800만 원을 지급받은 사실 등이 인정된다.",
            "피고인 00의 위와 같은 행위는 공갈죄 및 강요죄의 협박 의 정도에 까지는 이르지 못한다고 판단되고, 달리 피고인들이 피해자들에게 기자라는 신분에 기하여 불법한 위세를 이용하여 그의 요구에 응하지 아니할 경우 기사화나 신고를 통해 부당한 불이익을 초래할 위험이 있다는 위구심을 야기하는 명시적 또는 묵시적 언동을 하였다고 인정할 만한 증거가 없다.",
            "그러므로, 이 부분 공동공갈의 점은 범죄의 증명이 없는 경우에 해당하여 형사소송법 제325조 후단에 의하여 무죄를 선고한다.",
            "제4회 공판조서 중 증인 00의 진술기재 및 수사기관 작성의 00에 대한 각 진술조서의 기재 주1) 만으로는 피고인조 이 00에게 기자라는 신분을 이용하여 해악을 가할 것을 고지하는 등의 언동을 하였다고 인정하기에 부족하고, 달리 이를 인정할 만한 증거도 없다. 따라서 이 부분 공동공갈의 점 역시 범죄의 증명이 없는 경우에 해당하여 형사소송법 제325조 후단에 의하여 무죄 를 선고한다.",
            "피고인이 피해자들에게 돈을 요구한 행위는 공갈죄의 협박에 이르지 못한다고 판단되고, 달리 피고인이 피해자들에게 기사화나 신고를 통해 해악을 가할 것을 고지하는 언동을 하였다고 인정할 증거가 없다. 따라서 이 부분 공 갈의 점 역시 범죄의 증명이 없는 경우에 해당하여 형사소송법 제325조 후단에 의하여 무죄를 선고한다."
        ]
    },
    "close": {
        "cnclsns": [
            "피고인 00을 벌금 10,000,000원에 처한다.",
            "피고인 00이 위 벌금을 납입하지 아니하는 경우 50,000원을 1일로 환산한 기간 피고인 00을 노역장에 유치한다.",
            "피고인 00에 대하여 위 벌금에 상당한 금액의 가납을 명한다.",
            "피고인 00, 00은 각 무죄이다.",
            "피고인 00에 대한 공소사실 중 공동공갈의 점은 무죄이다.",
            "피고인들에 대한 각 무죄판결의 요지를 공시한다."
        ]
    }
}