{
    "info": {
        "caseField": "2",
        "detailField": "6",
        "trailField": "2",
        "caseNm": "사기, 자동차손해배상보장법위반",
        "courtNm": "서울중앙지방법원",
        "judmnAdjuDe": "2009. 09. 10.",
        "caseNo": "2009노232",
        "relateLaword": [
            "형법 제347조",
            "형법 제30조",
            "형법 제37조",
            "형법 제38조",
            "형법 제50조",
            "형법 제70조",
            "형법 제69조",
            "형사소송법 제334조",
            "형사소송법 제325조"
        ],
        "qotatPrcdnt": [
            "대법원 2002. 8. 23. 선고 2002도2014 판결",
            "대법원 2006. 9. 8. 선고 2006도413 판결"
        ]
    },
    "concerned": {
        "acusr": "4",
        "dedat": "1"
    },
    "org": {
        "orgJdgmnCourtNm": "서울중앙지방법원",
        "orgJdgmnAdjuDe": "2009. 1. 6.",
        "orgJdgmnCaseNo": "2006고정1834, 2006고단2783(병합)"
    },
    "disposal": {
        "disposalform": "10",
        "disposalcontent": [
            "원심판결 중 피고인들에 대한 부분을 파기한다.",
            "피고인 1을 벌금 3,000,000원에, 피고인 2를 벌금 1,000,000원에 각 처한다.",
            "피고인들이 위 각 벌금을 납입하지 아니하는 경우 각 50,000원을 1일로 환산한 기간 피고인들을 노역장에 유치한다.",
            "피고인들에 대하여 위 벌금에 상당한 금액의 가납을 명한다.",
            "이 사건 공소사실중 피고인들에 대한 각 자동차손해배상보장법위반의 점과 피고인 1에 대한 피해자 근로복지공단에 대한 각 사기의 점은 각 무죄로 판결한다.",
            "무죄로 되는 피고인들에 대한 각 심전도 검사료 편취 및 각 복약지도료 편취로 인한 사기의 점, 피고인들에 대한 각 자동차손해배상보장법위반의 점, 피고인 1 에 대한 피해자 근로복지공단에 관한 각 사기의 점과 피고인들에 대한 나머지 원심 판시의 각 죄를 각 형법 제37조 전단의 경합범으로 처리하여 하나의 형을 선고한 피고인들에 대한 원심판결은 전부 파기될 수밖에 없으므로, 형사소송법 제364조 제6항 에 따라 피고인들의 양형부당의 항소 이유에 나아가 판단할 것 없이 원심판결 중 피고인들에 대한 부분을 전부 파기한다."
        ]
    },
    "mentionedItems": {
        "rqestObjet": [
            "원심판결에는 사실을 오인하거나 법리를 오해하여 판결에 영향을 미친 위법이 있다.",
            "피고인들에 대한 원심의 형(피고인 1벌금 9,000,000원, 피고인 2 벌금 1,500,000원)이 모두 너무 무거워서 부당하다. "
        ]
    },
    "assrs": {
        "acusrAssrs": [],
        "dedatAssrs": [
            "'의료기사 등에 관한 법률' 및 '같은 법 시행령'이 의료기사의 일종인 임상병리사가 의사의 지도하에 심전도 검사를 할 수 있는 것으로 규정하고 있다 하더라도, 위 규정들이, 의사가 의료행위의 일환으로 심전도 검사를 행하는 것 자체를 배제하는 취지는 아니므로, 의사인 피고인 1이 간호사를 지휘·감독하여 심전도 검사를 시행하였다면 이는 적법한 검사행위로서 그 심전도 검사료를 자동차보험진료수가로 청구할 수 있다.",
            "원심은 임상병리사만이 의사의 지도로 심전도 검사를 할 수 있다는 전제에서 피고인들에 대한 이 부분 사기의 공소사실까지 유죄로 인정하였으니, 원심판결에는 심전도 검사의 적법성에 관한 사실을 오인하거나 법리를 오해하여 판결에 영향을 미친 위법이 있다.",
            "약사법 제23조 제4항 제4호에 의하면, 입원환자에 대하여는 의사에게도 의약품의 조제권이 인정되는바, 따라서 의사인 피고인 1이 직접 또는 그의 지휘·감독하에 간호사들이 환자에게 복약지도를 한 경우에는 그 복약지도료도 자동차보험진료수가로 청구할 수 있다고 할 것이다.",
            "그럼에도 불구하고, 원심은, 약사만이 복약지도료를 받을 수 있다는 전제하에 피고인들에 대한 이 부분 사기의 공소사실까지 유죄로 인정하였으니, 원심판결에는 복약지도에 관한 사실을 오인하거나 법리를 오해하여 판결에 영향을 미친 위법이 있다.",
            "나머지 자동차보험진료수가 청구 부분에 관하여도 실제로 간호사 등이 의사인 피고인 1의 처방사항이나 지시사항대로 환자에 대한 처치행위를 하였으나 다만 그 처치행위를 의사지시기록, 간호기록, 방사선대장, 물리치료대장 등의 근거서류에 제대로 기재하지 못하였을 뿐이어서 허위청구라고 볼 수 없다.",
            "가사 허위청구를 하였다고 하더라도 이는 'ㅇㅇ의원'의 원무과장인 공소외 1이 피고인들 모르게 그와 같이 한 것일 뿐 피고인들이 이에 가담하거나 사전에 공모한 사실이 없음에도 불구하고 원심이 피고인들에 대한 이 부분 공소사실까지 유죄로 인정하였으니, 원심판결에는 사실을 오인하여 판결에 영향을 미친 위법이 있다.",
            "의사인 피고인 1이 작성한 진료기록부에 따라 진료비청구명세서를 작성하여 자동차보험진료수가를 청구한 이상 비록 그 진료기록부에 기재된 처방 등을 시행하였음을 증명하는 간호기록부 등 다른 진료에 관한 기록에 그 처방 등이 시행되었다는 기재가 없어 그 시행 여부가 의심되는 사정이 있다고 하더라도 이를 자동차손해배상보장법 제38조 제3항에서 규정하는 '진료기록부에 의한 진료기록과 다르게 자동차보험 진료수가를 청구한' 경우에 해당한다고 볼 수 없다.",
            "그럼에도 불구하고 원심은 피고인들에 대한 이 부분 공소사실을 유죄로 인정하였으니, 원심판결에는 사실을 오인하거나, 법리를 오해하여 판결에 영향을 미친 위법이 있다.",
            "피고인 1은 공소외 2와 'ㅁㅁ의원'을 동업으로 경영하다가 'ㅇㅇ의원'을 인수한 이후부터는 단지 공소외 2의 부탁으로 'ㅁㅁ의원'의 산재보험 의료기관지정  명의만을 피고인의 이름으로 남겨두었을 뿐 위 병원의 운영에 전혀 관여한 바가 없다.",
            "그러므로, 공소외 2가 진료한 위 병원 환자들인 공소외 3, 4 및 원무과장 공소외 5가공모한 피해자 근로복지공단에 대한 이 사건 각 사기범행에 가담하거나 공모한 사실이 없음에도 불구하고, 원심이 피고인 1에 대한 이 부분 각 사기의 공소사실을 모두 유죄로 인정하였으니, 원심판결에는 사실을 오인 하여 판결에 영향을 미친 위법이 있다."
        ]
    },
    "facts": {
        "bsisFacts": [
            "피고인 1은 2005.5.1.부터 0000에서 'ㅇㅇ의원'을 운영하는 병원장이고, 피고인 2는 위병원의 부원장인바, 교통사고로 위 병원에서 치료를 받은 환자들에 대한 진료비를 손해보험회사에 청구함에 있어 입원치료 여부나 방사선 촬영횟수, 물리치료 횟수 등은 사실확인이 어렵다는 점을 이용하여 이를 부풀린 허위 진료비청구명세서를 자동차손해보험회사에 제출하는 방법으로 보험금을 편취하기로 마음먹고 공모했다.",
            "2005.4.26.경 교통사고로 인해 위 병원에서 치료를 받은 공소외 7 에 대한 자동차보험 진료비 청구를 하면서 사실은 공소외 7에게 사용한 에페리손정, 탈린정, 하이스탈정의 투약회수보다 4회 과다 기재하고, 시행하지 않은 단하지 부목 및 탄력붕대를 사용한 것처럼 기재하고 처치료 명목 등으로 9,389원을 허위로 청구하여 이를 진실로 믿은 피해자 000로부터 위 금액을 송금받았다.",
            "별지 1 범죄 일람표에서 별지 2, 3의 각 범죄일람표 부분을 제외한 나머지 부분의 기재와 같이 2005.5.12.경부터 2005.11.25.경까지 사이에 위 000 등 10개의 피해 회사에 공소외 7 등 241 명의 교통사고 환자들에 대한 진료비를 청구하면서 위와 같은 방법으로 별지 보험사별 편취금액의 기재와 같이 합계 6,640,072원 상당을 허위로 과다 청구하였다.",
            "그리하여 이를 진실로 믿은 각 피해 회사들로부터 위 각 금원을 교부받아 이를 편취하였다."
        ]
    },
    "dcss": {
        "courtDcss": [
            "또한, 피고인 1은 입금된 위 요양급여비를 며칠 내에 바로 공소외 2 명의의 은행계좌로 송금하여 준 사실을 각 인정할 수 있다.",
            "피고인들에 대한 이 부분 위 공소사실이 유죄로 인정되기 위해서는, 위 'ㅇㅇ의원'에 약사가 없어 약사가 복약지도를 한 적이 없었다는 사실만으로는 부족하고, 위 병원의 입원환자에 대하여 의사인 피고인 1이실제로 복약지도를 전혀 한 적이 없었다거나 또는 입원환자가 아닌 외래환자에 대하여까지 복약지도료를 청구 하였다는 점까지 입증되어야 할 것이다.",
            "ㅇㅇ의원'에서의 심전도 검사는 의사인 피고인 1이 진료실에서 구체적으로 지시를 내리면 그 지시를 받은 간호사가 진료실과 바로 붙어 있는 주사실에서 이를 시행하는데, 이때 피고인 1은 옆에서 이를 지켜보면서, 기기에서 출력되는 검사결과를 직접 판독하는 등으로 간호사의 검사행위를 구체적으로 지휘·감독하였던 사실을 인정할수 있으므로, 결국 이 부분 공소사실은 범죄의 증명이 없는 때에 해당하여 무죄라고 할 것이다.",
            "원심이 피고인들에 대한 이 부분 사기의 공소사실까지 유죄로 인정하였으니, 원심판결에는 사실을 오인하여 판결에 영향을 미친 위법이 있다고 할 것이므로, 이 점을 지적하는 피고인들의 위 항소논지는 이유 있다.",
            "위 ○○의원에 약사가 없어 약사가 복약지도를 한 적이 없었다는 사실만으로는 부족하고, 위 병원의 입원환자에 대하여 의사인 피고인 1이 실제로 복약지도를 전혀 한 적이 없었다거나 또는 입원환자가 아닌 외래환자에 대하여까지 복약지도료를 청구하였다는 점까지 입증되어야 할 것인데, 이 점을 인정할 만한 아무런 증거가 없다.",
            "피고인들에 대한 이 부분 사기의 공소사실 역시 범죄의 증명이 없는 때에 해당하므로 무죄라고 할 것임에도 불구하고, 원심이 이를 유죄로 인정하였으니, 이 점을 지적하는 피고인들의 위 항소논지는 이유 있다.",
            "위 'ㅇㅇ의원'은 피고인 1만이 의사로 근무하고 있고, 그 허가 병상수가 불과 26개 정도인 중소규모 병원인 사실, 위 병원의 자동차보험진료수가 청구를 담당하였던 원무 과장 공소외 1 은 자동차보험 입원 환자들이 조기에 임의로 퇴원하거나 무단으로 외박, 외출을 함으로 인하여 주사, 투약, 물리치료 등의 치료를 의사의 처방대로 제대로 받지 않는 일이 종종 있다는 사정을 잘 알면서도, 보험금을 많이 받아내기 위하여, 이하 다음과 같이 한 사실이 인정된다.",
            "즉, 간호기록지, 물리치료대장, 방사선대장 등의 진료기록을 확인하지 아니한 채의사인 피고인 1이 작성한 진료기록부에 기재된 대로 자동차보험진료수가를 산정한 다음 이를 기재한 진료 비청구명세서를 작성하여 피고인들에게 결재를 올린 사실이 인정된다.",
            "원장인 피고인 1과 부원장인 피고인 2도 위와 같은 사정을 잘 알면서도 병원의 수익에 보탬이 될 것으로 생각한 나머지 이를 용인하여 위 진료비청구명세서 내역에 대한 별다른 확인 없이 이를 결재하고 각 자동차손해보험회사에 이를 제출하는 방법으로 약 6개월 이상 허위 청구된 자동차보험진료수가를 계속하여 수령해 온 사실을 각 인정할 수 있다.",
            "그러므로, 'ㅇㅇ의원'에서의 위와 같은 자동차보험진료수가의 허위청구 부분은 편취행위에 해당할 뿐만 아니라, 피고인들도 위 병원의 경영자들로서 원무과장인 공소외 1 과 공모하여 위 편취행위에 적극적으로 가담하였다고 보아야 할 것이다.따라서 피고인들의 이 부분 사실오인 주장은 이유 없다.",
            "이 사건의 경우에 있어서도 피고인들이 자동차보험진료수가를 청구함에 있어서 의사인 피고인 1이작성한 진료기록부의 기재 내용과 다르게 청구한 경우에만 구 자동차손해배상보장법 제38조 제3항 전단에 해당하여 처벌할 수 있다고 할 것이다.",
            "그런데 이 사건 기록을 살펴보아도, 피고인들이 그와 같이 진료기록부의 기재 내용과 달리 자동차보험진료수가를 청구하였거나 혹은 처음부터 허위청구를 하기로 공모하여 피고인 1이 진료기록부를 허위로 작성하였다고 인정할 만한 아무런 증거가 없다.그러므로, 피고인들에 대한 이 부분 공소사실은 범죄의 증명이 없는 때에 해당하여 무죄라고 할 것이다.",
            "원심이 이 부분 공소사실을 유죄로 인정하였으니, 원심판결에는 사실을 오인하거나 법리를 오해하여 판결에 영향을 미친 위법이 있으므로, 이 점을 지적하는 피고인들의 위 항소논지는 이유 있다.",
            "피고인 1은 0000 (지번 1 생략)소재 이 사건 'ㅁㅁ의원'을 경영하다가 이를 타에 양도하고 다른 병원을 운영하기로 마음먹고 적당한 인수자를 구하던 중 의사인 공소외 2를 알게 되어 일단 한 달간 동업으로 'ㅁㅁ의원'을 운영하기로 합의한 후 2005.4.20.경부터 2005.5.20.까지 위 병원의 이익금을 반분하기로 하는 내용의 동업약정을 체결한 사실이 인정된다.",
            "또한, 그 후피고인 1은 2005.5.1.경 0000동 소재 'ㅇㅇ의원'을 인수하게 되어, 2005.5.6.부터 위 'ㅇㅇ의원'에서만 근무하였고, 이 사건 'ㅁㅁ의원'에서는 오로지 공소외 2만 의사로 근무하였던 사실이 인정된다.",
            "공소외 2는 'ㅁㅁ의원'의 사업자등록  명의를 피고인 및 공소외 2의 공동사업자  명의에서 공소외 2단독사업자  명의로 변경하고, 'ㅁㅁ의원'이 국민건강보험공단이나 각종의 손해보험사 등으로부터 받는 보험급여 내지 자동차보험진료수가의 지급계좌 역시 공소외 2 명의의 은행계좌로 변경하였다.",
            "다만 위 병원의 산재보험 의료기관장의 명의는 공소외 2의 체납세금 등의 문제로 당장 승계가 어려워서 피고인 1의 승낙을 얻어 당분간 피고인 1의  명의로 그대로 남겨 둔 사실이 인정된다.",
            "공소외 2는 위 'ㅁㅁ의원'에서 2005.8.4.환자인 공소외 3을, 2005.10.19.환자인 공소외 4를 각 진료한 후 입원을 시켰는데, 그 당시 위 병원의 원무과장인 공소외 5는 평소 알고 지내던 위 공소외 3, 4 와 사이에 실제의 치료내용을 과장하여 산재보험으로 더 많은 보험급여를 받아 내기로 공모하여 피고인 1 명의의 허위의 소견서를 작성하여 근로복지공단에게 허위로 산재보험요양급여 등각종의 급여를 신청한 사실이 인정된다.",
            "위 소견서 및 신청서 등의 기재내용을 그대로 믿은 근로복지공단은 2005.9.15.부터 2005.11.11.까지 3차례에 걸쳐 공소외 3에 대한 요양급여비로 합계 2,318,820원을, 2005.10.19.경 공소외 4에 대한 요양급여비로 859,920원을 각 위 병원의 산재보험의료기관장으로 남아 있는 피고인 1의 000계좌로 송금한 사실을 인정할 수 있다."
        ]
    },
    "close": {
        "cnclsns": [
            "원심판결 중 피고인들에 대한 부분을 파기한다.",
            "피고인 1을 벌금 3,000,000원에, 피고인 2를 벌금 1,000,000원에 각 처한다.",
            "피고인들이 위 각 벌금을 납입하지 아니하는 경우 각 50,000원을 1일로 환산한 기간 피고인들을 노역장에 유치한다.",
            "피고인들에 대하여 위 벌금에 상당한 금액의 가납을 명한다.",
            "이 사건 공소사실 중 피고인들에 대한 각 자동차손해배상보장법위반의 점과 피고인 1에 대한 피해자 근로복지공단에 대한 각 사기의 점은 각 무죄."
        ]
    }
}