{
    "info": {
        "caseField": "2",
        "detailField": "6",
        "trailField": "2",
        "caseNm": "강간,강제추행",
        "courtNm": "서울고법",
        "judmnAdjuDe": "2010. 04. 22.",
        "caseNo": "2009노2853,3244",
        "relateLaword": [
            "형법 제297조 ",
            "형법 제298조",
            "형사소송법 제254조 ",
            "형사소송법 제327조 "
        ],
        "qotatPrcdnt": [
            "대법원 1985. 3. 12. 선고 83도2197 판결(공1985, 569)",
            "대법원 1997. 8. 22. 선고 97도1211 판결(공1997하, 2970)",
            "대법원 2002. 10. 11. 선고 2002도2939 판결(공2002하, 2778)",
            "대법원 2006. 6. 2. 선고 2006도48 판결(공2006하,1296) ",
            "대법원 2005. 7. 28. 선고 2005도3071 판결(공2005하, 1469)",
            "대법원 2007. 1. 25. 선고 2006도5979 판결(공2007,392)"
        ]
    },
    "concerned": {
        "acusr": "4",
        "dedat": "1"
    },
    "org": {
        "orgJdgmnCourtNm": "서울중앙지법 ",
        "orgJdgmnAdjuDe": "2009. 6. 12.,  2009. 10. 16.",
        "orgJdgmnCaseNo": "2008고단4536, 2009고합790 "
    },
    "disposal": {
        "disposalform": "10",
        "disposalcontent": [
            "원심판결들을 모두 파기한다.",
            "피고인을 징역 3년 6월에 처한다.",
            "제1 원심판결의 판시 각 죄와 제2 원심판결의 판시 각 죄는  형법 제37조 전단의 경합범 관계에 있어  형법 제38조 제1항에 의하여 경합범가중을 한 형기의 범위내에서 단일한 선고형으로 처단하여야 할 것이므로, 이 점에서 제1 원심판결 및 제2 원심판결은 모두 파기를 면할 수 없게 되었다."
        ]
    },
    "mentionedItems": {
        "rqestObjet": [
            "원심이 피고인에게 선고한 징역 10월의 형은 너무 무거워 부당하다.",
            "피고인에 대한 강제추행의 공소사실에 대하여는 무죄가 선고되어야 한다.",
            "피고인에 대한 강간의 공소사실에 대하여는 무죄가 선고되어야 한다."
        ]
    },
    "assrs": {
        "acusrAssrs": [],
        "dedatAssrs": [
            "강제추행사건의 피해자들과 목격자들이 수사기관 이래 원심에 이르기까지 각 강제추행의 장소, 추행 전후의 정황 및 추행의 구체적인 내용에 관하여 계속 진술을 수정, 번복하거나 논리적으로 모순되는 진술을 해서 그 진술의 신빙성이 의심된다는 점이 인정된다.",
            "피해자 공소외 00은 자신이 관리하던 대학원생 연구실이 피고인의 지시로 폐쇄된 것과 그 무렵 4학기 졸업시험을 통과하지 못한 것을 피고인의 의도적인 조치로 보고 피고인이 교수로 있는 한 대학원 졸업이나 박사학위 취득이 곤란할 것이라는 위기감에 사로잡혔다.",
            "또한, 같은 대학 시간강사인 공소외 00와의 부적절한 관계를 알고 있는 피고인이 이를 발설하게 될 경우 교수로 임용될 것이 어려워질 수 있음을 우려하여 피고인을 교직에서 내쫓기 위한 수단으로 이 사건 고소에 이른 것으로 허위고소의 정황이 있다는 점 등을 근거로 피고인에 대한 강제추행의 공소사실에 대하여는 무죄가 선고되어야 한다.",
            "이 사건 공소사실 제1항은 범죄일시를 2006.12.15.부터 같은 달 24.까지의 10일 중 어느 날로, 제2항은 범죄일시를 2007.1.11.부터 같은 달 24.까지의 14일 중 어느 날로 특정하고 있는바, 이는 피고인의 방어권 행사를 위하여 최소한의 공소사실 특정을 요구하고 있는 형사소송법 제254조 제4항의 취지를 몰각한 것으로 피고인의 방어권의 행사를 지나치게 어렵게 하는 불특정한 공소사실이다.",
            "그러므로 공소사실 제1항 및 제2항에 관한 공소는 모두 기각되어야 한다.",
            "피해자 공소외 00이 이 사건 고소에 이른 동기나 경위에 비추어 허위고소의 정황이 강력하다는 점, 피고인이 위 범죄일시에 현장에 없었다는 사실에 관해서는 주차장 입·출차 시간 및 보안카드기록 외에 많은 간접증거들이 있는 점이 인정된다.",
            "피해자 공소외 00의 진술은 수사과정에서부터 제1심 변론과정을 거치면서 강간일시, 피해 당시의 복장상태, 강간 직전 하고 있던 일, 강간 후 상황 및 피고인의 사정 여부와 속옷의 처리 등 본질적이고 핵심적인 부분에서 진술이 계속적으로 번복되는 점, 피해자 공소외 00이 강간을 당했다고 주장하는 자세에서 강간행위가 물리적, 객관적으로 불가능한 점, 피해자 공소외 00의 주장에 의하더라도 강간죄에 있어서의 폭행이 있었다고 보기 힘든 점 등에 비추어본다.",
            "따라서 위와 같이 비추어 볼때, 피고인에 대한 강간의 공소사실에 대하여는 무죄가 선고되어야 한다.",
            "피고인은 피해자의 고소 동기에 관하여, 피해자가 연구실이 폐쇄되고 졸업시험에 낙방하자 피고인이 지도교수로 있는 한 박사학위 취득이나 교수임용이 불가능할 것이라는 위기감을 느끼고, 공소외 00와의 부적절한 관계를 알고 있는 피고인이 이를 누설할 것을 우려하여 고소를 한 것이고, 초기 수사과정에서도 이 사건 조사가 여성청소년계가 아닌 경제범죄 수사팀에서 이루어지고 수사절차가 이례적으로 신속히 이루어진 점 등을 들어 허위고소라고 주장한다."
        ]
    },
    "facts": {
        "bsisFacts": [
            "피고인의 2007.3.16.자 피해자 공소외 00에 대한 강제추행의 점에 대하여 보건대, 당시 목격자인 공소외 00는 경찰에서부터 원심에 이르기까지 피해자 공소외 00이 2007.3.16.피고인과 술자리에 함께 가야 할 상황이 발생하자 자신에게 문자메시지를 수회 보내어 피해자를 좀 데리고 가줄 것을 요청하였다.",
            "자신이 수업을 마친 후 피해자가 있는 노래방으로 가게 되었는데, 그곳에서 피고인이 노래방 안의 모니터 앞에서 양손으로 피해자 공소외 00의 머리를 감싸고 키스를 한 장면을 목격하게 되었고, 당시 문을 열고 들어서자 피고인이 화를 내면서 가버렸다고 진술하고 있다.",
            "피해자 공소외 00의 진술내용도 이와 동일한 점, 그리고 피해자 공소외 00이 피고인으로부터 강제추행을 당하기 이전에 공소외 00에게 보냈다는 핸드폰의 문자메시지의 내용도 공소외 00 및 피해자 공소외 00의 각 진술내용에 부합한다.",
            "피해자 공소외 00은 당초 고소장과 2007.11.12.및 같은 해 11.29.경찰진술에서 피고인으로부터 강간을 당한 일시를 2006.12.20.23:00, 2007.1.19.08:00, 2007.6.18.08:00로 각 특정하여 기재 또는 진술하였다.",
            "피고인이 제출한 주차장 입·출차 기록과 보안카드기록 등에 의해 피고인에 대한 구속영장이 기각되자, 2008.1.3.경찰진술에서는강간당한 일시를 2006.12.15.부터 같은 달 24.사이의 일자를 알 수 없는 날의 20:00경부터 23:00경까지 사이, 2007.1.11.부터 같은 달 24.사이의 일자를 알 수 없는 날의 오전 중, 2007.6.18.오전 중으로 변경하여 진술하였다.",
            "범행일시를 2006.12.15.(금)부터 같은 달24.(일)사이 18:00 ~ 23:00경, 2007.1.11.(목)부터 같은 달 24.(수)사이 08:00 ~ 12:00경, 2007.6.18.(월)08:00~ 12:00경으로 개괄적으로나마 특정하여 공소를 제기한 점, 공소장에 각 강간범행이 이루어진 범행장소와 방법 등이 구체적으로 기재되어 있다.",
            "공소외 00은 강간을 당할 당시에 착용한 옷에 관해서 경찰에서부터 2008.6.24.검찰에서의 피고인과 대질신문까지는 청바지를 착용하였다고 진술하였다가 그 후 평소 바지(청바지, 면바지)를 주로 입지만 복장상태에 대한 정확한 기억은 없다고 진술하고 있다.",
            "피고인의 변호인이 지적하고 있는 것처럼 피해자는 2008.6.24.자 대질신문에서 검사가 통상 청바지는 다른바지에 비교하여 벗기기가 쉽지 않다는 언급을 하였다.",
            "공소외 00은 2007.1.경 강간을 당하기 직전에 하고 있었던 일에 관하여 당초 고소장에서 피고인의 연구논문을 대신워드프로세서로 작업을 하고 있었다고 하였다가 최초 경찰진술에서는 교수의 논문대필을 워드프로세서로 하다가 출력할 것이있어서 피고인의 연구실로 가서 출력을 해서 올려놓고 나가려다 오타가 보여 수정작업을 하고 있었다고 하였다.",
            "피고인은 피해자가 피고인의 사정 여부에 관한 질문에 대하여 수사기관에서는 “허벅지에 액체가 흘러 있었다.”고 진술하였다가 당심에서는 “축축했다.”로 진술을 바꾸었다."
        ]
    },
    "dcss": {
        "courtDcss": [
            "피고인의 2007.1.24.자 피해자 공소외 00에 대한 강제추행의 점에 대하여 보건대, 피해자 공소외 00은 당시 술을 마시러 가게 된 경위와 술자리에 참석한 사람들이 누구인지, 피고인이 추행하기 전의 상황이나 추행행위의 태양 등에 관하여 경찰에서부터 원심에 이르기까지 일관되게 진술하고 있는 점이 인정된다.",
            "목격자인 공소외 00도 경찰에서부터 원심에 이르기까지 피고인이 피해자 공소외 00을 추행할 당시의 상황에 대하여 비교적 자세히 진술하였고, 그 진술내용도 피해자 공소외 00의 진술과 대체로 동일한 점, 공소외 00의 경우 자신이 박사과정을 밟고 있는 체육학과의 교수인 피고인에 대하여 특별히 불이익한 진술을 할 만한 사정을 찾아보기 힘든 점 등에 비추어 보면, 피고인의 위 주장은 이유 없다.",
            "피고인의 2007.2.15.자 0에서의 피해자들에 대한 각 강제추행의 점에 대하여 보건대, 피해자들이 당시 노래방에 가게 된 경위나 노래방에서 추행을 당할 때의 상황, 피고인의 구체적인 추행행위에 관하여 비교적 상세하게 묘사하고, 경찰에서부터 원심에 이르기까지 비교적 일관되게 진술하고 있는 점이 인정된다.",
            "또한, 목격자인 공소외 00는 피고인이 이전에도 노래방에 가면 다른 사람들이 노래를 부를 때 뒤쪽에 앉아서 여학생들을 돌아가면서 한 명씩 불러 옆에 앉히고 이야기 중에 노래기기 앞에서 모니터를 보고 노래를 하는 사람들이 보지 않는 틈을 타서 습관적으로 키스를 하는 등 추행하여 신경을 쓰고 있던 상황에서 피고인이 몸을 돌린 상태에서 팔로 피해자 공소외 00의 머리를 잡고 있는 모습을 보았다면서 당시의 상황을 비교적 상세히 묘사하고 있는 점이 인정된다.",
            "당시 노래방에 함께 있었던 공소외 00는 추행장면을 보지 못하였다고 진술하고 있으나 여학생들에 대한 피고인의 추행에 대하여 별다른 관심이 없는 상태에서 노래방에서 노래에 열중하다 보면 순간적으로 또는 옆방에서 이루어지는 추행을 보지 못할 수도 있는 점이 인정된다.",
            "피해자들이 당초 경찰에서 추행발생장소를 0이라고 진술하였다가 검찰에서의 현장검증 이후 0으로 변경하여 진술한 사실은 있으나, 피해자 공소외 00은 위와 같이 번복한 이유에 대하여 당시 노래방에서 피해자 공소외 00이 보조의자에 올라가 공중에 달려 있는 조명을 돌리다가 그 조명등이 떨어진 사실이 있는데 0에는 그와 같은 조명이 없었고 0에 그와 같은 조명이 있어서 추행장소를 변경하여 진술하게 되었다고 진술을 번복하게 된 경위를 자세히 설명하고 있다.",
            "또한, 두 노래방 사이의 거리도 10 내지 20m 정도에 불과한 점 등에 비추어 보면, 피해자들이 당초 착오로 추행장소를 0으로 진술한 것으로 보여 범죄장소를 잘못 진술하였다는 사정만으로 피해자들의 진술 전체를 허위로 볼 수는 없다고 판단되는 점 등을 종합하면, 피고인의 이 부분 주장은 이유 없다.",
            "피고인의 2007.3.16.자 피해자 공소외 00에 대한 강제추행의 점에 대하여 보건대, 당시 목격자인 공소외 00는 경찰에서부터 원심에 이르기까지 피해자 공소외 00이 2007.3.16.피고인과 술자리에 함께 가야 할 상황이 발생하자 자신에게 문자메시지를 수회 보내어 피해자를 좀 데리고 가줄 것을 요청하였다.",
            "그에 따라 자신이 수업을 마친 후 피해자가 있는 노래방으로 가게 되었는데, 그곳에서 피고인이 노래방 안의 모니터 앞에서 양손으로 피해자 공소외 00의 머리를 감싸고 키스를 한 장면을 목격하게 되었고, 당시 문을 열고 들어서자 피고인이 화를 내면서 가버렸다고 진술하고 있는바, 피해자 공소외 00의 진술내용도 이와 동일한 점이 인정된다.",
            "피해자 공소외 00이 피고인으로부터 강제추행을 당하기 이전에 공소외 00에게 보냈다는 핸드폰의 문자메시지의 내용도 공소외 00 및 피해자 공소외 00의 각 진술내용에 부합하는 점 등에 비추어 보면, 피고인의 이 부분 주장도 이유 없다.",
            "피고인의 2007.5.2.자 피해자 공소외 00에 대한 강제추행의 점에 대하여 보건대, 비록 수사 초기 피해자 공소외 00과 목격자인 공소외 00의 진술내용에 다소 차이가 있고, 당시 노래방에 함께 있었던 공소외 00, 6, 7은 이를 목격하지 못하였다고 진술하고 있으나, 공소외 00은 당시 술을 마시지 않은 상태로 목격한 내용을 경찰에서부터 원심에 이르기까지 비교적 소상하고 일관되게 진술하고 있는 점이 인정된다.",
            "피해자 공소외 00은 수사 초기 목격자인 공소외 00의 진술내용과 차이가 있는 부분, 즉 소파에 앉은 상태에서 추행을 당한 것인지 아니면 선 자세에서 추행을 당한 것인지에 관하여 검찰에서부터 원심에 이르기까지 소파에 앉아있을 때도 당했고, 서서도 당했다고 일관되게 진술하고 있어 수사 초기 진술내용은 피해자 공소외 00이 진술한 피해상황 중 일부만 조서에 기재되어 있는 것으로 보이는 점이 인정된다.",
            "당시 노래방에는 많은 사람들이 있었으나 들락거리는 사람들도 있었고 평소 피고인으로부터 추행을 당해본 경험이 없는 남자들의 경우 노래에 열중하다 보면 순간적으로 이루어지는 피고인의 추행을 목격하지 못할 수도 있는 점 등에 비추어 보면, 피고인의 이 부분 주장도 이유 없다.",
            "피고인의 2007.5.18.자 피해자 공소외 00에 대한 강제추행의 점에 대하여 보건대, 당시 목격자인 공소외 8은 경찰에서부터 원심에 이르기까지 일관되게 피고인과 피해자 공소외 00과 술자리를 함께 하게 된 경위, 술자리가 2차, 3차로 이어지게 된 과정이나 자신이 호프집을 찾으러 가게 된 이유, 피고인이 피해자 공소외 00을 추행하는 장면을 목격하게 된 상황이나 목격한 내용을 자세히 진술하고 있는 점이 인정된다.",
            "공소외 8의 위와 같은 진술내용은 피해자 공소외 00의 진술내용과 전체적인 면에서 대체로 일치하는 점, 공소외 8의 경우 피고인이 교수로 있는 체육학과의 박사과정 학생으로 피고인에게 특별히 불리하게 진술할 아무런 이유가 없는 것으로 보이는 점 등을 종합해 보면, 피고인의 이 부분 주장도 이유 없다.",
            "피해자 공소외 00은 당초 고소장과 2007.11.12.및 같은 해 11.29.경찰진술에서 피고인으로부터 강간을 당한 일시를 2006.12.20.23:00, 2007.1.19.08:00, 2007.6.18.08:00로 각 특정하여 기재 또는 진술하였다가 그 후 피고인이 제출한 주차장 입·출차 기록과 보안카드기록 등에 의해 피고인에 대한 구속영장이 기각되었다.",
            "그러자 2008.1.3.경찰진술에서는 강간당한 일시를 2006.12.15.부터 같은 달 24.사이의 일자를 알 수 없는 날의 20:00경부터 23:00경까지 사이, 2007.1.11.부터 같은 달 24.사이의 일자를 알 수 없는 날의 오전 중, 2007.6.18.오전 중으로 변경하여 진술하였다.",
            "위 피해자에게 고소장을 제출할 당시를 기준으로 이미 약 6개월 내지 11개월 가량 전에 발생한 강간사건에 관하여 강간당한 일시를 정확하게 기억하여 진술하도록 기대하는 것은 극히 어려운 점, 피해자는 고소장에 강간당한 일시를 정확하게 기재한 이유에 관해서 고소장을 작성할 당시 변호사 사무실에서 강간사건의 일시를 특정해 줄 것을 요구하여 기억을 더듬어 이를 특정한 것이다.",
            "따라서 위와 같이 변경된 일시를 강간일시로 보는 이유에 관해서는 2008.1.3.자 경찰진술에서 나름대로 합리적인 근거를 들어 자세히 진술하고 있는 점이 인정된다.",
            "검사도 피해자의 위와 같은 진술내용과 다른 증거들을 기초로 범행일시를 2006.12.15.(금)부터 같은 달 24.(일)사이 18:00 ~ 23:00경, 2007.1.11.(목)부터 같은 달 24.(수)사이 08:00 ~ 12:00경, 2007.6.18.(월)08:00 ~ 12:00경으로 개괄적으로나마 특정하여 공소를 제기한 점, 공소장에 각 강간범행이 이루어진 범행장소와 방법 등이 구체적으로 기재되어 있는 점이 인정된다.",
            "범죄의 일시에 관한 피해자 진술의 변화와 그에 따른 개괄적인 범죄일시의 기재가 피고인의 현장부재증명을 어렵게 만드는 측면이 있음은 부정할 수 없으나, 본래 범죄의 일시는 죄가 되는 사실 그 자체는 아니고(대법원 1985.3.12.선고 83도2197 판결)단지 공소사실을 특정하는 하나의 수단에 불과한 것으로서 일시가 범죄의 구성요건으로 되어 있는 경우를 제외하고는 일시의 여하에 따라 형벌권에 변동이 생기는 것은 아니다.",
            "그리고 공소사실의 불특정을 이유로 공소기각의 판결을 하여도 검사는 다시 공소사실을 특정하여 공소를 제기할 수 있기 때문에 피고인의 입장에서는 불필요한 절차적 부담만 지게 되는 점, 위에서 본 바와 같은 피해자의 기억력의 한계, 목격자의 진술 내지 증거물의 부존재, 피고인이 피해자와 성관계를 가진 사실 자체를 부인하는 사정이 인정된다.",
            "피고인에 대한 각 강간의 점에 대한 공소사실의 각 범죄일시는 이중기소나 시효에 저촉되지 않는 정도의 기재로서 다른 범죄사실과 구별이 가능하여 공소사실은 특정된 것으로 판단된다.",
            "그리고 당초 고소장의 범죄일시에 비하여 범죄일시가 다소 개괄적으로 기재됨으로써 피고인의 현장부재증명에 다소 애로가 있다고 하더라도(다만, 공소장의 범죄일시 중 토요일이나 공휴일은 피고인이나 피해자가 특별한 일이 없는 한 출근하지 않았을 것이므로 이 날들에 대해서는 현장부재증명 등 피고인의 방어권 행사가 보다 수월하였을 것이다)그러한 사유만으로 공소를 기각해야 할 정도로 공소사실이 불특정되었다고 볼 수 없다.",
            "그러므로, 피고인의 이 부분 주장은 이유 없다.",
            "피해자 공소외 00로서는 이 사건 고소 제기 당시 피고인에 대한 고소로 인하여 자신이 희망하는 박사학위 취득이나 교수임용은 사실상 힘들 것이라는 점, 여성으로서도 피해사실이 알려지게 되면 향후 우리사회에서 혼인을 하거나 사회생활을 함에 있어서 상당한 장애로 작용될 수 있다는 점 등을 충분히 예견할 수 있었을 것으로 보인다.",
            "단순히 피고인을 처벌받게 할 목적으로 허위고소에 이른 것이라고 보기는 힘들고, 피해자 공소외 00과 공소외 00 사이의 부적절한 관계에 관해서는 같은 대학원에 다녔던 학생들 누구도 들은 바가 없다고 진술하고 있다.",
            "그 뿐 아니라 공소외 00의 경우 2007.6.12.경 그의 처인 공소외 00와 이미 협의이혼을 하였다는 점에 비추어 보면 가사 공소외 00가 피해자 공소외 00과 연인관계였고 피고인이 이를 발설한다고 해서 동인들의 진로에 큰 영향을 미칠 것으로 보이지도 않으므로, 그러한 사유로 허위고소에 이른 것이라고 보이지 않는다."
        ]
    },
    "close": {
        "cnclsns": [
            "원심판결들을 모두 파기한다.",
            "피고인을 징역 3년 6월에 처한다."
        ]
    }
}