{
    "info": {
        "caseField": "2",
        "detailField": "6",
        "trailField": "1",
        "caseNm": "사기방조, 장물취득, 전자금융거래법위반",
        "courtNm": "서울남부지방법원",
        "judmnAdjuDe": "2010. 02. 11.",
        "caseNo": "2009고단4641",
        "relateLaword": [
            "전자금융거래법 제49조\n",
            "형법 제347조",
            "형사소송법 제325조",
            "전자금융거래법 제6조",
            "형법 제30조",
            "형법 제32조",
            "형법 제40조",
            "형법 제50조",
            "형법 제35조",
            "형법 제55조",
            "형법 제37조",
            "형법 제38조"
        ],
        "qotatPrcdnt": [
            "대법원 2004. 12. 9. 선고 2004도5904 판결"
        ]
    },
    "concerned": {
        "acusr": "4",
        "dedat": "1"
    },
    "org": {
        "orgJdgmnCourtNm": "",
        "orgJdgmnAdjuDe": "",
        "orgJdgmnCaseNo": ""
    },
    "disposal": {
        "disposalform": "6",
        "disposalcontent": [
            "피고인을 징역 5월에 처한다.",
            "이 사건 공소사실 중 장물취득의 점은 무죄로 판결한다."
        ]
    },
    "mentionedItems": {
        "rqestObjet": [
            "피고인을 징역 5월에 처한다.",
            "이 사건 공소사실 중 장물취득의 점은 무죄로 판결한다."
        ]
    },
    "assrs": {
        "acusrAssrs": [],
        "dedatAssrs": []
    },
    "facts": {
        "bsisFacts": [
            "피고인은 2006. 7. 20. 서울중앙지방법원에서 특정범죄가중처벌등에관한법률위반(절도)죄로 징역 1년 6월을 선고받고 2007. 10. 12. 영등포교도소에서 그 형의 집행을 종료한 사람이다.",
            "피고인은 공소외 00 로부터 금융기관 계좌의 통장, 현금카드, 비밀번호를 판매할 것을 제의받게 되자, 그 통장 등이 성명불상자에 의하여 일명 보이스피싱 등의 범행에 이용되어 그 계좌로 범행으로 취득한 금원이 입금되면 이중으로 발급받은 직불카드를 이용하여 성명불상자보다 먼저 송금받은 금원을 인출하기로 마음먹었다.",
            "2009. 6. 4.경 000 000 0000지점에서 자신의 명의로 000 계좌(계좌번호 생략)를 개설하면서 현금카드 1개, 직불카드 1개를 발급받고 계좌 입출금 사실을 알려주는 SMS 문자서비스를 신청하고, 같은 날 000 0000 지점에서 기히 자신의 명의로 개설해 놓은 000 계좌(계좌번호 생략)의 통장을 재발급받으면서 현금카드 1개, 직불카드 1개를 발급받고 SMS 문자서비스를 신청하였다.",
            "위 ㅇㅇ에 중고자동차매매 광고를 낸 공소외 00에게 전화를 하여 \"2006년식 0 승용차를 1,000만원에 매도하겠다. 0000 (지번 생략) 00000 앞으로 와라. 나는 일이 있어 못가고 대신 동생이 갈 것이다\"는 취지로 거짓말을 한 뒤, 같은 날 0000 (지번 생략) 00000 지하주차장에서 피해자 공소외 00와 위 공소외 00의 동업자인 공소외 00가 위 0 승용차 매매계약을 체결했다.",
            "전화로 공소외 00 에게 \"차량대금 1,000만원을 피고인 명의의 000 계좌( 계좌번호 생략 )로 송금해달라\"고 거짓말을 하고, 이에 속은 피해자 공소외 00로 하여금 자신의 소유인 1,200만원 상당의 (차량 등록번호 생략) 0 승용차를 공소외 00에게 교부하게 하고, 공소외 00 로부터 위 0 승용차 매매대금 명목으로 1,000만원을 위 000 계좌로 송금받았다.",
            "피고인은 공소외 00 등과 공모하여, 성명불상자들이 이와 같이 1,000만원을 송금받아 편취함에 있어서, 이를 돕기 위하여 범행에 사용할 위 000 계좌의 통장, 현금카드, 비밀번호를 위 1항과 같이 공소외 00 에게 양도하고 그는 성명불상자에게 순차 양도함으로써 그 범행을 용이하게 하여 이를 방조하였다."
        ]
    },
    "dcss": {
        "courtDcss": [
            "그럼에도 불구하고 피고인은 2009. 6. 4.경 0000 000 뒤편에 있는 경마장에서, 공소외 00에게 위 000 계좌와 000 계좌의 통장, 현금카드, 해당 비밀번호를 12만원을 받고 판매함으로써 금융기관 접근매체를 양도하였다.",
            "성명불상자는 2009. 6. 8.경 인터넷 중고자동차매매 사이트인 ㅇㅇ에 게시된 '(차량 등록번호 생략) 0 승용차를 1,200만원에 판매하겠다'는 취지의 피해자 공소외 00 의 글을 보았다.",
            "그리고 전화로 피해자에게 \"나는 현재 0000에서 식품을 운반하는 일을 한다. 승용차가 필요해서 구입을 하려고 하는데 나는 0000에 있기 때문에 갈 수가 없어 직원과 자동차 딜러를 보내겠다. 그 사람들에게는 내가 너의 동생이라고 말해라. 계약서에는 차량대금을 1,000만원으로 써주어라. 내가 돈을 너에게 입금시켜줄테니 그 외에는 그 사람들과는 이야기를 하지 말아라\"라는 취지로 거짓말을 하였다.",
            "그런데, 피고인이 사기방조에 의하여 취득한 예금채권은 재물이 아니라 재산상 이익이라 할 것이어서 장물이 될 수 없다 할 것이므로, 피고인이 자신의 예금계좌에서 돈을 인출하였더라도 장물취득죄가 성립하지 않는다.",
            "또한, 인출한 돈도 그 자체가 사기에 의하여 취득한 재물이 아니므로 장물이라 할 수 없다."
        ]
    },
    "close": {
        "cnclsns": [
            "피고인을 징역 5월에 처한다.",
            "이 사건 공소사실 중 장물취득의 점은 무죄이다."
        ]
    }
}