{
    "info": {
        "caseField": "2",
        "detailField": "6",
        "trailField": "2",
        "caseNm": "성폭력범죄의처벌및피해자보호등에관한법률위반(특수강간)(인정된죄명:성폭력범죄의처벌및피해자보호등에관한법률위반(13세미만미성년자강간등)),성폭력범죄의처벌및피해자보호등에관한법률위반(13세미만미성년자강간등),청소년의성보호에관한법률위반(청소년강간등)",
        "courtNm": "서울고등법원",
        "judmnAdjuDe": "2009. 06. 19.",
        "caseNo": "2009노861",
        "relateLaword": [
            "형사소송법 제 327조 ",
            "구 성폭력범죄의 처벌 및 피해자보호 등에 관한 법률(2008.6.13 법률 제 9110호로 개정되기 이전의 것)제 8조",
            "개정후의 성폭력범죄의 처벌 및 피해자보호등에 관한 법률 제 8조",
            "형법 제 297조",
            "형법 제37조",
            "형법 제 38조",
            "형법 제50조",
            "형법 제 53조",
            "형법 제 55조",
            "형법 제 57조",
            "청소년의 성보호에 관한 법률 제 37조",
            "청소년성보호법 제7조",
            "청소년성보호법 제16조",
            "형사소송법 제350조",
            "형사소송법 제232조",
            "형사소송법 제233조",
            "형사소송법 제225조",
            "청소년성보호법 제10조",
            "청소년보호법 제3조",
            "청소년보호법 제12조"
        ],
        "qotatPrcdnt": [
            "대법원 1997. 3. 20. 선고 96도1167 전원합의체 판결 ",
            "대법원 1994. 4. 26. 선고 93도1689 판결 ",
            "대법원 2001. 5. 15. 선고 2000도1391 판결",
            " 대법원 2004. 6. 25. 선고 2003도4934 판결"
        ]
    },
    "concerned": {
        "acusr": "자연인,검사",
        "dedat": "1"
    },
    "org": {
        "orgJdgmnCourtNm": "서울중앙지방법원",
        "orgJdgmnAdjuDe": " 2009. 4. 3.",
        "orgJdgmnCaseNo": "2009고합50 "
    },
    "disposal": {
        "disposalform": "10",
        "disposalcontent": [
            "원심판결 중 피고인 1 , 3 에 대한 부분을 각 파기한다.",
            "피고인1을 징역4년에 처한다.",
            "피고인3을 징역 3년 6월에 처한다.",
            "피고인1에 대한 열람정보를 5년간 열람에 제공한다.",
            "피고인 1에 대한 공소사실 중 각 청소년의성보호에관한법률위반(청소년강간등)의 점에 대한 공소를 모두 기각한다.",
            "피고인 3에 대한 공소사실 중 각 청소년의성보호에관한법률위반(청소년강간등)의 점에 대한 공소를 모두 기각한다.",
            "피고인2에 대한 항소를 기각한다.",
            "피고인3에 대한 열람정보를 5년간 열람에 제공한다.",
            "원심판결 선고 위의 구금일수 102일씩을 피고인 1 , 3 에 대한 위 각 형에 산입한다."
        ]
    },
    "mentionedItems": {
        "rqestObjet": [
            "피고인들은 피해자 공소외 2 와 동의하에 자연스럽게 성관계를 가진 것일 뿐이지, 위력에 의하여 간음하거나  강간한 것이 아님에도 불구하고, 원심은 피고인들이 위력으로 간음하거나 강간하였다고 사실을 오인하거나 법리를 오해함으로써 판결에영향을 미친 위법을 범하였다.\n",
            "이 사건 여러 양형요소에 비추어 피고인 2 에 대한 원심판결의 선고형량(징역 2년 6월 집행유예 3년)은 너무 가벼워서 부당하다",
            "이 사건 여러 양형요소에 비추어 원심판결의 선고형량( 피고인 1 : 징역 4년, 피고인 3 : 징역 3년 6월)은 너무 무거워서 부당하다. "
        ]
    },
    "assrs": {
        "acusrAssrs": [
            "이 사건 여러 양형요소에 비추어 피고인 00에 대한 원심판결의 선고형량(징역 2년 6월 집행유예 3년)은 너무 가벼워서 부당하다."
        ],
        "dedatAssrs": [
            "피고인들은 피해자 공소외 00와 동의하에 자연스럽게 성관계를 가진 것일 뿐이지, 위력에 의하여 간음하거나 강간한 것이 아님에도 불구하고, 원심은 피고인들이 위력으로 간음하거나 강간하였다고 사실을 오인하거나 법리를 오해함으로써 판결에 영향을 미친 위법을 범하였다.",
            "이 사건 여러 양형요소에 비추어 원심판결의 선고형량(피고인 00: 징역 4년, 피고인 00: 징역 3년 6월)은 너무 무거워서 부당하다."
        ]
    },
    "facts": {
        "bsisFacts": [
            "2008.6.초순 01:00경 0000 (상세 주소 생략)자신의 자취방에서, 술에 취한 피해자 공소외 00(여, 12세)를 들고 침대로 데려가 옷을 강제로 벗기고 몸으로 누르는 등의 위력을 사용하여 피해자를 1회 간음함으로써, 13세 미만의 여자인 피해자를 위력으로 간음하였다.",
            "2008.7.하순 일자 불상 18:00경 위 자신의 자취방에서, 할 말이 있으니 오라는 피고인의 요구에 따라 그곳에 온 피해자를 갑자기 침대 위로 끌어당긴 후 반항하는 피해자의 입을 틀어막고 피해자의 옷을 벗긴 후 강제로 1회 간음함으로써, 13세 미만의 여자인 피해자를 강간하였다.",
            "피고인 00은 2008.6.하순 일자 불상 20:00경 위 자취방에서, 텔레비전을 보고 있는 피해자 공소외 00를 침대로 끌고 간 후 이불을 뒤집어씌워 반항을 억압한 다음 피해자의 옷을 벗기고 1회 간음함으로써, 13세 미만의 여자인 피해자를 강간하였다."
        ]
    },
    "dcss": {
        "courtDcss": [
            "피해자 공소외 00은 1994.4.25.생으로 14세 4개월 정도가 된 2008.8.경 피고인들에게 강간과 강제추행을 당하였다가, 자신이 일하고 있는 애견센타 사장의 조언을 듣고 경찰에 신고하게 된 사실이 인정된다.",
            "피해자의 부모는 이혼하였는데, 어머니는 연락이 되지 않고 아버지는 재혼하였기 때문에 피해자가 새엄마와 살기를 원치 않아 할머니와 생활하고 있는 사실, 피해자는 2009.2.13.경(만 14세 10개월)원심 법정에서 피고인들의 처벌을 원치 않는다고 진술하였고, 처벌을 원하지 않는 이유에 대하여 \"일이 이렇게 크게 문제될 줄 몰랐고, 피고인들이 구속되어 있는 사실이 부담스럽습니다\" 라고 대답한 사실이 인정된다.",
            "피해자가 자필로 작성하여 원심 법원에 제출한 합의서에서도 \"처벌하려는 것이 피해자의 뜻이 아니다.피고인들과 친하게 지내며 악감정없이 잘 지내왔다.피고인들의 처벌을 원치 않음을 다시 한번 확실히 한다\" 는 취지로 기재한 사실이 인정된다.",
            "피해자의 아버지는 이 사건 범행을 전혀 알지 못하다가 당심에 이르러 피고인들에 대한 처벌을 원하지 않는 의사를 표시한 사실 등을 인정할 수 있는바, 사실관계가 이와 같다면 피해자는 이 사건 각 범행의 의미, 처벌불원 의사표시의 의미와 효과, 그로 인한 영향 등에 대하여 충분히 알고 있었다고 보이므로, 피해자가 명시한 의사표시를 할 수 있는 소송행위능력을 가진 것으로 인정할 수 있다.",
            "피해자가 위와 같이 의사를 표현하는 과정에서 피고인이나 그 가족에 의한 회유나 협박, 사술이 개입되었다고 볼 정황도 없다.",
            "피고인들과 원심 변호인이 원심에서 이 사건 항소이유와 동일한 주장을 하여, 원심은 판결문에 피고인들 및 변호인의 주장에 대한 판단 이라는 제목 아래 그 주장과 이에 대한 판단을 자세하게 설시하여 위 주장을 배척하였는바, 원심의 위와 같은 판단을 기록과 대조하여 면밀히 살펴보면 원심의 판단은 정당한 것으로 수긍이 되고 거기에 채증법칙을 위반하여 사실을 오인하거나 위력간음죄와 강간죄의 법리를 오해하여 판결에 영향을 미친 위법이 있다고 할 수 없다.",
            "피고인 00의 이 사건 범행은 겨우 12세에 불과한 어린 청소년이 가출하여 방황하고 있음에도, 이를 타이르거나 옳은 길로 선도하지는 못할망정 피해자를 협박하고 술을 마시게 한 뒤 강간한 것으로서 그 죄질이 상당히 나쁜 점, 피해자는 중학교 1학년으로 아직 올바른 이성관 내지 가치관을 정립하지 못한 것으로 보인다.",
            "그러므로 이 사건 성폭행으로 인하여 왜곡된 가치관을 가질 우려가 크고, 적지않은 정신적 고통을 입게 된 점 등에 비추어 피고인을 엄하게 처벌하여야 할 필요성이 있다.",
            "피고인은 무면허운전으로 벌금형의 처벌을 받은 외에는 별다른 형사처벌을 받은 전력이 없는 점, 피고인은 자신의 잘못을 깊이 뉘우치고 있으며, 이미 피해자 공소외 00 및 그 법정대리인과 원만히 합의하여 그들이 피고인들의 처벌을 바라지 않고 있는 점, ",
            "그밖에 피고인의 연령, 성행, 가정환경, 범행의 수단과 결과, 범행 후의 정황 등 기록에 나타난 모든 양형 조건에 비추어 보면, 원심이 피고인에게 선고한 형량은 적절하다고 판단되고 너무 가벼워서 부당하다고는 인정되지 아니하므로 검사의 피고인 00에 대한 위 주장은 이유 없다."
        ]
    },
    "close": {
        "cnclsns": [
            "원심판결 중 피고인 00, 00에 대한 부분을 각 파기한다.",
            "피고인 00을 징역 4년에, 피고인 00을 징역 3년 6월에 각 처한다.",
            "원심판결 선고 전의 구금일수 102일씩을 피고인 00, 00에 대한 위 각 형에 산입한다.",
            "피고인 00, 00에 대한 열람정보를 각 5년간 열람에 제공한다.",
            "피고인 00, 00에 대한 공소사실 중 각 청소년의 성보호에 관한 법률 위반(청소년 강간 등)의 점에 대한 공소를 모두 기각한다.",
            "검사의 피고인 00에 대한 항소를 기각한다."
        ]
    }
}