{
    "info": {
        "caseField": "2",
        "detailField": "6",
        "trailField": "1",
        "caseNm": "사기",
        "courtNm": "부산지방법원",
        "judmnAdjuDe": "2010. 04. 12.",
        "caseNo": "2009고단5817",
        "relateLaword": [
            "형법 제347조",
            "형법 제30조",
            "형법 제62조"
        ],
        "qotatPrcdnt": []
    },
    "concerned": {
        "acusr": "4",
        "dedat": "1"
    },
    "org": {
        "orgJdgmnCourtNm": "",
        "orgJdgmnAdjuDe": "",
        "orgJdgmnCaseNo": ""
    },
    "disposal": {
        "disposalform": "8",
        "disposalcontent": [
            "피고인들을 각 징역 10월에 처한다.",
            "다만, 이 판결 확정일로부터 각 2년간 피고인들에 대한 위 각 형의 집행을 유예한다."
        ]
    },
    "mentionedItems": {
        "rqestObjet": [
            "피고인들을 각 징역 10월에 처한다."
        ]
    },
    "assrs": {
        "acusrAssrs": [],
        "dedatAssrs": []
    },
    "facts": {
        "bsisFacts": [
            "피고인 00은 대부업에 종사하는 사람이고, 피고인 00은 0000 이에 있는 000 지점에서 지점장으로 근무하던 사람이다.",
            "피고인 00은 2006. 4. 중순경 000 건설을 운영하면서 0000 1. 지상에 시행하는 지상 10층 83세대 규모의 아파트 신축공사를 하던 00으로부터 \"아파트 준공을 앞두고 있는데, 준공예정인 아파트를 담보로 29억원을 대출하여 달라\" 라는 부탁을 받았으나, 위 00에게 준공이 안 된 아파트를 담보로 대출을 해줄 수 없다고 하였다.",
            "그러자, 위 00으로부터 \"00이 은행에서 지급보증을 하면 돈을 빌려주겠다고 하는데, 아파트가 준공되면 000 ㅁ지점에 이를 담보로 제공하고 29억원을 대출받을 테니, 내가 00으로부터 차용할 때 은행에서 지급보증을 해달라\" 라는 말을 듣고 승낙하였다.",
            "피고인 00은 위 00으로부터 \"내가 운영하는 ㅁ건설에서 시행 중인 아파트 잔여 공사에 필요한 자금을 빌려주면, 2개월 후 아파트 준공과 동시에 000 지점에서 준공된 아파트를 담보로 29억원을 대출받기로 약정되어 있으므로 그 대출금으로 빌린 돈을 갚겠다. 그리고 ㅁ지점장으로부터 그 내용에 대해 지급보증을 받아주겠다 \"라는 말을 들었다.",
            "그러고는 피고인 00로부터 2006. 4. 17.경 지급보증을 받아 같은 달 18.경까지 위 00에게 18억원을 빌려주었으나, 2006. 9.경 위 00은 아파트가 준공된 후, 약정에 위배하여 시행자를 000에서 000로 변경하고, 준공된 아파트를 담보로 00 0000지점에서 28억원을 대출받아 다른 곳에 사용하고 피고인 00에 대한 차용금을 갚지 아니하였다.",
            "00은 2006.20.경 000을 운영하면서 0000 1.일원에 연립주택 48세대를 신축하던 00로부터 위 사업부지 및 건설사업권을 양도받고, 일부 양수금을 지급한 후 2006. 6. 7.경 위 사업부지에 대하여 000 앞으로 소유권이전등기를 경료하였다.",
            "피고인 00은 2007. 1.경 위 00으로부터 \"0000에 연립주택 신축공사를 인수하여 새로 진행하고 있는데, 6억 9,000만원을 추가로 빌려주면 사업을 진행하여 이익을 남길 수 있으니 돈을 빌려달라\" 말을 들었다.",
            "그리고 고, 피고인 00은 위와 같이 위 00이 피고인 00으로부터 차용한 돈 18억원에 대해 ㅁ지점 명의로 지급보증을 하였음에도 이를 이행하지 못하여 부담을 가지고 있던 중, 위 00이 피고인 00으로부터 6억 9,000만원을 차용하는데 중재하면서 사업부지에 개인명의로 근저당권설정이 되어 있으면 지장이 있다.",
            "그러므로 으므로 우선 2007.2.28.경 000 ㅁ지점을 근저당권자로 하여 위 0000 사업부지에 대해 채권최고액 7억 1,500만원, 채무자 000로 근저당권설정등기를 경료하되 약 5억원의 대출이 실행되면 그 대출금을 피고인 00에게 지급하기로 약정하였다.",
            "피고인 00이 위 00에게 2007. 1. 31,경 1억 4,000만원을, 2007. 2. 28.경 5억 5,000만원을 빌려주는 등 합계 6억 9,000만원을 빌려주었다.",
            "그러나,  담보가치와 대출금액 문제 및 2007. 3. 17.경 위 00에게 위 0000 사업권을 양도한 위 00이 미지급 양수금을 근거로 000을 제3채무자로 하여 채무자 000(2007. 3. 15. 000은 000으로 상호 변경됨)에 지급될 근저당권을 담보로 한 대출금에 대해 채권가압류결정을 받는 등 사정으로 인해 위 0000 사업부지에 근저당권은 설정되어 있었으나 실제로 대출이 이루어지지 아니하였다.",
            "2007. 3. 30.경 위 0000 사업부지에 대해 채권 4,000만원으로 가압류한 00의 경매신청으로 대구지방법원 경주지원 2007타경1704호로 경매절차가 개시되고 1억 4,100만원에 낙찰되어 배당절차가 진행되었다.",
            "그러자, 2007. 11.경 피고인 00은 피고인 00에게 \"00가 배당을 받아도 1억원이 남고, 후순위 근저당권자가 있으나 00의 말로는 명목상 설정만 해놓은 것이라고 하므로 어차피 1억원은 나한테 올 돈이니, 000 ㅁ지점 명의로 1억원을 배당받아 조금이라도 채무변제를 받을 수 있게 해달라\" 라고 하였다.",
            "허자, 피고인 00로부터 000 ㅁ지점에서 경매물건에 설정한 근저당권으로 실제 대출된 돈이 없기 때문에 배당받을 방법이 없다 라는 말을 듣고 피고인 00에게 위 돈을 배당받아 달라고 요구하였다.",
            "피고인들은 향후 피고인 00이 위ㅁ(구 ㅁ종합건설)에 1억 1,000만원을 빌려주고, 위 ㅁ으로 하여금 피고인 00이 지점장으로 있는 000 ㅁ지점에 예금하게하여 그 예금을 담보로 9,900만원을 대출받도록 한 후, 피고인 00은 위 ㅁ으로부터 예금담보부 대출금 9,900만원을 회수하기로 하였다.",
            "그러고는  위와 같이 향후에 발생할 예금담보부 대출금을 근거로 위 0000 사업부지 경매법원에 000의 근저당권부 채권이 존재하는 것처럼 배당신청을 하여 배당금을 지급받기로 모의하였다.",
            "피고인 00은 위와 같이 피고인 00의 부탁을 받고, 2007. 12. 3.경 0000에 있는 대구지방법원 경주지원 경매2계 사무실에 000 ㅁ지점에서 위 0000 사업부지에 대하여 근저당권부 채권 9,500만원 및 미수이자 104,109원 합계 95,104,109원이 있다는 허위내용의 채권계산서를 작성, 제출하고, 그 무렵 위와 같은 내용이 배당신청을 하였다.",
            "피고인들은 공모하여 위와 같이 피해자인 경매법원을 기망하여 이에 속은 피해자로부터 2007. 12. 21.경 피고인 00은 000 앞으로 95,104,109원을 배당받고, 피고인 00은 피고인 00로부터 위 돈을 교부받아 편취하였다."
        ]
    },
    "dcss": {
        "courtDcss": [
            "피고인들이 후순위권리자들에게 배당금을 지급한 점 등을 참작한다."
        ]
    },
    "close": {
        "cnclsns": [
            "피고인들을 각 징역 10월에 처한다.",
            "다만, 이 판결 확정일부터 각 2년간 피고인들에 대한 위 각 형의 집행을 유예한다."
        ]
    }
}