{
    "info": {
        "caseField": "2",
        "detailField": "6",
        "trailField": "2",
        "caseNm": "상해,공무집행방해,모욕 ",
        "courtNm": "인천지방법원",
        "judmnAdjuDe": "2010. 04. 30.",
        "caseNo": "2009노4018",
        "relateLaword": [
            "형법 제136조",
            "경찰관직무집행법 제3조",
            "형사소송법 제364조",
            "형사소송법 제325조"
        ],
        "qotatPrcdnt": [
            "대법원 2006. 9. 8. 선고 2006도148 판결",
            "대법원 2006. 11. 23. 선고 2006도2732 판결",
            "대법원 2006. 7. 6. 선고 2005도6810 판결",
            "대법원 1999. 5. 14. 선고 99다13874 판결"
        ]
    },
    "concerned": {
        "acusr": "4",
        "dedat": "1"
    },
    "org": {
        "orgJdgmnCourtNm": "인천지방법원",
        "orgJdgmnAdjuDe": "2009. 11. 19.",
        "orgJdgmnCaseNo": "2009고정2880"
    },
    "disposal": {
        "disposalform": "10",
        "disposalcontent": [
            "원심판결을 파기한다.",
            "피고인은 무죄이다.",
            "공소외 3의 불심검문을 적법한 경찰관의 직무집행으로 볼 수 없고, 피고인이 이를 거부하는 과정에서 폭행을 가하였다고 하여도 공무집행방해죄는 성립하지 않는다.",
            "따라서 이 부분 공소사실에 대하여 유죄를 선고한 원심판결에는 사실오인 또는 공무집행방해죄에 대한 법리오해의 위법이 있으므로, 이를 지적하는 피고인의 주장은 이유 있다.",
            "공소외 3의 행위는 앞서 본 바와 같이 적법한 공무집행을 벗어나 불심검문의 방법적 한계를 일탈한 것이고, 피고인이 이와 같이 위법한 불심검문으로 인한 신체에 대한 현재의 부당한 침해에서 벗어나기 위하여 저항하는 과정에서 공소외 3에게 위와 같이 상해를 입히고, 공소외 3 등에게 모욕을 가한 것은 정당방위에 해당하여 위법성이 조각된다고 봄이 상당하다.",
            "그럼에도 불구하고 이 부분 공소사실에 대하여 유죄를 선고한 원심판결에는 사실오인 또는 정당방위에 관한 법리오해의 위법이 있으므로, 이를 지적하는 피고인의 주장은 이유 있다."
        ]
    },
    "mentionedItems": {
        "rqestObjet": [
            "피고인은 경찰관들에게 공소사실과 같은 상해와 욕설을 가한 사실이 없다.",
            "설령 피고인이 이러한 행위를 하였다고 하더라도, 이는 부적법한 공무집행에 대한 정당방위 내지 정당행위에 해당하여 위법성이 없다.",
            "그럼에도 불구하고 공소사실에 대해 유죄를 선고한 원심판결에는 사실을 오인하거나 법리를 오해하여 판결에 영향을 미친 위법이 있다.",
            "가사 피고인의 행위가 처벌되어야 하는 것이라도, 원심의 양형(벌금 300만 원)은 너무 무거워서 부당한다."
        ]
    },
    "assrs": {
        "acusrAssrs": [],
        "dedatAssrs": [
            "피고인은 경찰관들에게 공소사실과 같은 상해와 욕설을 가한 사실이 없다. ",
            "피고인이 이러한 행위를 하였다고 하더라도, 이는 부적법한 공무집행에 대한 정당방위 내지 정당행위에 해당하여 위법성이 없다. ",
            "피고인의 행위가 처벌되어야 하는 것이라도, 원심의 양형(벌금 300만 원)은 너무 무거워서 부당하다.",
            "공소사실에 대해 유죄를 선고한 원심판결에는 사실을 오인하거나 법리를 오해하여 판결에 영향을 미친 위법이 있다."
        ]
    },
    "facts": {
        "bsisFacts": [
            "피고인은 2009. 2. 15. 01:20경 0000 (지번 1 생략)에 있는 ㅇㅇㅇ 앞 도로에서 술을 마신 후 자전거를 타고 집으로 가던 중 위 장소에서 검문을 하고 있던 인천부평경찰서 역전지구대 소속 순경 공소외 3으로부터 \"인근 경찰서에서 자전거를 이용한 날치기 범행이 있었으니 검문에 협조해 달라\"는 말과 함께 신분증 제시를 요구받았다.",
            "피고인은 그 과정에서 평소 검문을 하지 않다가 공소외 3이 피고인을 상대로 검문한 것에 화가 나 \"이 씨팔놈아, 나이도 어린놈이 육군대위 출신을 몰라보고 검문이냐\"고 욕설을 하며 공소외 3의 멱살을 잡아 흔들어 바닥에 넘어뜨리는 등 폭행하여 경찰관의 범죄의 예방진압 및 수사에 관한 정당한 직무집행을 방해함과 동시에 피해자 공소외 3(26세)에게 약 3주간의 치료를 요하는 경추염좌 등의 상해를 가하였다.",
            "피고인은 위 일시, 장소에서 위와 같이 공소외 3과 실랑이를 하고 있을 때 같은 소속 경위 공소외 1, 경사 공소외 2가 피고인을 제지하며 경찰관에게 \"이러시면 안 됩니다. 경찰관이 검문하는 거니까 이해하고 협조해주세요.\" 라고 말한 것에 화가 나 함께 검문을 하고 있는 경찰관 3명이 있는 자리에서, 이하 다음과 같이 하였다.",
            "즉, 피해자 공소외 1에게 \"넌 또 뭐야. 힘없는 놈들이. 니가 짱이냐. 내가 누군지 알아? 씨팔놈들이 짜증나네. \" 라고 욕설하고, 피해자 공소외 2에게 \"이 씨팔놈아, 개새끼야. \" 라고 욕설을 하는 등 공연히 피해자들을 각각 모욕하였다.",
            "부평경찰서 역전지구대 소속 경위 공소외 1, 경사 공소외 2, 순경 공소외 3은 2009. 2. 15. 01:00경 0000 (지번 1 생략)에 있는 ㅇㅇㅇ 앞 도로상에서 검문을 알리는 입간판, 라바콘 등을 설치해 놓고 경찰관 정복 차림으로 목검문을 하고 있었다.",
            "같은 날 01:00경 그곳에서 6.6km 떨어진 0000 (지번 2 생략)노상에서 자전거를 이용한 핸드백 날치기 사건이 발생하였고, 용의자는 0000 방면(0000 방향과 동일)으로 도주하였으며, 위 날치기 사건발생 및 자전거에 대한 검문검색 지령이 01:14경 무전으로 0000 관내 순찰차에게 전파되면서, 범인의 인상착의는 \"30대 남자, 찢어진 눈, 짧은 머리, 회색바지, 검정잠바 착용\" 이라고 알려졌다.",
            "위 공소외 1, 2, 3은 위 무전을 청취한 뒤 01:20경 자전거를 타고 0000 방면에서 0000 방면으로 진행하면서 사거리를 건너 검문 장소로 다가오는 피고인(검은 잠바, 검은 바지를 착용하고, 자전거 앞 바구니에 검정색 가방을 싣고 있었음)을 발견하였다.",
            "공소외 2가 인도로 올라가는 턱 바로 밑 부분의 차도 가장자리에서 진행하고 있던 피고인에게 다가가 정지를 요구하였으나, 피고인은 멈추지 않은 채 자전거를 몰고 공소외 2를 지나쳤다.",
            "공소외 2 뒤쪽에 서 있던 공소외 3이 피고인의 왼편에서 다가가 경찰봉으로 피고인의 앞을 가로막고 자전거를 세워 줄 것을 요구하면서 소속과 성명을 고지하고 \"인근 경찰서에서 자전거를 이용한 날치기가 있었으니 검문에 협조해 달라\" 는 취지로 말하였다.",
            "피고인이 평상시 지나다니면서 한 번도 검문을 받지 않았던 곳에서 검문을 받는 것에 항의하면서 계속 검문에 불응하고 그대로 1~2m 전진하자, 공소외 3은 피고인을 따라가서 피고인의 앞을 가로막고, 이어서 피고인 오른쪽의 인도에 올라서서 피고인이 가지 못하게 계속 경찰봉으로 앞을 막고 검문에 응할 것을 요구하였다.",
            "공소외 3의 제지로 더 이상 자전거를 진행할 수 없게 되자, 피고인이 범인 취급을 당한다고 느껴 거칠게 항의하면서 두 사람 간에 실랑이가 벌어졌고, 피고인이 자전거에서 내려 공소외 3의 멱살을 잡아 밀치면서 두 사람이 함께 넘어졌다.",
            "공소외 1, 2가 달려와 피고인을 제지하였고, 피고인이 욕설을 하는 등 계속 거칠게 항의하자, 공소외 1, 2, 3은 피고인을 공무집행방해죄와 모욕죄의 현행범인으로 체포하였다."
        ]
    },
    "dcss": {
        "courtDcss": [
            "이 사건 당시 피고인이 목검문이 행해지는 장소에 다다를 때까지 별달리 수상한 거동을 보이지 않은 점은 인정된다.",
            "피고인의 인상착의가 날치기 사건 용의자와 흡사하였던 점, 기타 이 사건 발생시점, 검문 장소, 검문검색 지령의 내용 등으로 미루어 당시 공소외 1 등에게는 주위의 사정으로 미루어보아 피고인이 위 날치기의 범인일 수도 있다는 합리적인 가능성을 제기할 만한 사정이 있었다고 인정된다.",
            "피고인은 이 사건 당시 불심검문의 대상이 된다고 봄이 상당하다.",
            "피고인은 사건 당시 새벽 01:20경으로 시간도 늦었고 자전거를 타고 있었으며 평상시 늘 다니던 길에서 행하여지는 검문을 받기가 싫어서 검문에 불응하고자 하는 확고한 의사를 가지고 있었고, 경찰관 공소외 3도 당심 법정에서 피고인의 이러한 의사를 알 수 있었다고 진술하고 있는 점이 인정된다.",
            "피고인은 경찰관 공소외 2의 제지에도 불구하고 자전거를 멈추지 않고 그대로 지나쳤고, 공소외 3의 1차 제지에도 검문에 불응할 뜻을 밝히면서 그대로 1~2m 전진하였는데, 공소외 3은 피고인을 따라가서 피고인의 앞을 가로막고, 이어서 피고인 오른쪽의 인도에 올라서서 피고인이 가지 못하게 계속 경찰봉으로 앞을 막고 검문에 응할 것을 요구한 점이 인정된다.",
            "검문에 불응할 의사를 거듭 나타낸 피고인으로서는 공소외 3이 뒤쫓아오면서 자전거를 잡거나 앞에서 가로막는 등의 물리적인 힘을 가하지 않았다면 자전거를 멈추지 않은 채 그대로 진행하여 갔을 것으로 보이는 점이 인정된다.",
            "공소외 3은 당심 법정에서 자신은 평소 불심검문에 불응하는 사람들을 쫓아가면서 끈질기게 설득하는 편이라고 진술하였고, 특히 이 사건 당시에는 자전거에 대한 검문검색 지령이 있었기 때문에 피고인이 불응하더라도 불심검문을 해야 할 필요성을 느끼고 있었으며, 피고인이 웬만큼 허술하게 제지했으면 그냥 자전거를 몰고 갈 태세였다고 진술한 점 등을 종합하여 보면, 이하 다음과 같다.",
            "즉,  이 사건 당시 공소외 3은 직무질문에 협조하여 줄 것을 설득하는 정도를 넘어서, 자전거를 탄 채 그냥 가려고 하는 피고인에게 자전거를 잡거나 가로막는 등의 강제력을 행사하여 자전거의 진행을 막은 것으로 판단되고, 이와 같은 제지에 항의하는 과정에서 피고인이 공소외 3과 실랑이를 하다 함께 넘어진 것으로 보인다.",
            "피고인이 불심검문에 응하지 않으려는 의사를 분명히 하였음에도, 공소외 3이 그 앞을 가로막는 등의 행위를 하여 피고인이 가지 못하게 하면서 계속 검문에 응할 것을 요구한 행위는 언어적 설득을 넘어선 유형력의 행사로 답변을 강요하는 것이 되어, 경찰관직무집행법상 불심검문의 방법적 한계를 일탈한 것이라고 볼 수밖에 없다.",
            "이와 같은 방법으로 행해진 공소외 3의 불심검문을 적법한 경찰관의 직무집행으로 볼 수 없고, 피고인이 이를 거부하는 과정에서 폭행을 가하였다고 하여도 공무집행방해죄는 성립하지 않는다.",
            "이 부분 공소사실에 대하여 유죄를 선고한 원심판결에는 사실오인 또는 공무집행방해죄에 대한 법리오해의 위법이 있으므로, 이를 지적하는 피고인의 주장은 이유 있다.",
            "피고인이 공소외 3의 멱살을 잡아 밀치면서 두 사람이 함께 넘어져 공소외 3이 약 3주간의 치료를 요하는 요추염좌 및 경추염좌의 상해를 입은 사실, 피고인이 공소외 3의 불심검문에 거칠게 항의하면서 어느 정도 욕설을 한 사실은 인정된다.",
            "위 상해 및 모욕의 공소사실에 따르면 피고인이 이 사건 불심검문과 무관하게 공소외 3 등에게 상해를 가하거나 모욕을 한 것으로 기재되어 있다.",
            "① 위 공소사실을 뒷받침하는 증거들은 피고인과 이해관계가 대립되는 경찰관들의 진술뿐이고 목격자나 객관적인 증거(경찰관은 불심검문 현장에 녹음시설을 소지하고 있었음에도 녹음을 한 바는 없다고 밝히고 있다)가 없는 점, ",
            "② 원심 및 당심 법정에서의 심리 결과에 따르면 피고인이 처음부터 공소외 3 등에게 폭행을 가하거나 욕설을 가하려고 한 것이 아니라 단순히 불심검문에 불응하고 지나가려고 하였는데 공소외 3이 강제력을 사용하여 진행을 막았고 그 과정에서 실랑이가 발생한 것으로 보이는 점이 인정된다.",
            "③ 피고인이 전혀 범죄 전력이 없고 당시 술에 과도하게 취한 상태도 아니었으며 수사과정이나 법정 진술에서 보여준 태도 등에 비추어 보면 피고인의 욕설 행위는 피고인에게 수갑이 채워지는 등 현행범 체포가 이루어질 때 이에 격렬하게 항의하면서 주로 발생한 것으로 보이는 점 등을 종합하여 보면, 위 상해 및 모욕 행위는 불심검문에 저항하는 과정에서 발생한 것으로 보인다.",
            "공소외 3의 행위는 앞서 본 바와 같이 적법한 공무집행을 벗어나 불심검문의 방법적 한계를 일탈한 것이고, 피고인이 이와 같이 위법한 불심검문으로 인한 신체에 대한 현재의 부당한 침해에서 벗어나기 위하여 저항하는 과정에서 공소외 3에게 위와 같이 상해를 입히고, 공소외 3 등에게 모욕을 가한 것은 정당방위에 해당하여 위법성이 조각된다고 봄이 상당하다.",
            "이 부분 공소사실에 대하여 유죄를 선고한 원심판결에는 사실오인 또는 정당방위에 관한 법리오해의 위법이 있으므로, 이를 지적하는 피고인의 주장은 이유 있다.",
            "당시 인근 지역에서 자전거를 이용한 날치기 사건이 발생하여 위 공소외 1 등에게도 검문검색 지령이 내려진 상태였다.",
            "형법 제 136조가 규정하는 공무집행방해죄는 공무원의 직무집행이 적법한 경우에 한하여 성립하는 것이고 여기서 적법한 공무집행이란 그 행위가 공무원의 추상적 권한에 속할 뿐 아니라 구체적 직무집행에 관한 법률상 요건과 방식을 갖춘 경우를 가리키는 것이다(대법원 2006.9.8. 선고2006도148 판결 등 참조).",
            "이 사건에서 경찰관들의 피고인에 대한 불심검문이 적법한 것이었는지가 문제된다."
        ]
    },
    "close": {
        "cnclsns": [
            "원심판결을 파기한다.",
            "피고인은 무죄."
        ]
    }
}