{
    "info": {
        "caseField": "2",
        "detailField": "6",
        "trailField": "2",
        "caseNm": "사기, 횡령, 상해",
        "courtNm": "의정부지방법원",
        "judmnAdjuDe": "2010. 04. 02.",
        "caseNo": "2009노2899",
        "relateLaword": [
            "형법 제37조",
            "형사소송법 제364조",
            "형사소송법 제364조",
            "형사소송법 제369조",
            "형법 제347조",
            "형법 제30조",
            "형법 제257조",
            "형법 제37조",
            "형법 제38조",
            "형법 제50조",
            "형법 제62조",
            "형사소송법 제325조"
        ],
        "qotatPrcdnt": [
            "대법원 2007. 6. 14. 선고 2005다5140 판결"
        ]
    },
    "concerned": {
        "acusr": "4",
        "dedat": "1"
    },
    "org": {
        "orgJdgmnCourtNm": "의정부지방법원",
        "orgJdgmnAdjuDe": "2009. 12. 17.",
        "orgJdgmnCaseNo": "2008고단3079"
    },
    "disposal": {
        "disposalform": "6",
        "disposalcontent": [
            "원심판결을 파기한다.",
            "피고인을 징역 6월에 처한다.",
            "다만, 이 판결 확정일부터 2년간 위 형의 집행을 유예한다.",
            "이 사건 공소사실 중 횡령의 점은 무죄로 판결한다."
        ]
    },
    "mentionedItems": {
        "rqestObjet": [
            "횡령의 고의가 없음에도 피고인에게 횡령죄를 인정한 원심판결에는 사실오인 및 법리오해의 위법이 있고, 또 가사 피고인에게 횡령죄가 인정된다 하더라도 원심의 양형(징역 10월)은 너무 무거워서 부당하다."
        ]
    },
    "assrs": {
        "acusrAssrs": [],
        "dedatAssrs": [
            "0000 소재 3필지 부동산(이하 '이 사건 부동산'이라 한다)은 피고인의 고유재산이므로 위 부동산을 매도하고 받은 매매대금 역시 피고인의 소유이고, 피고인과 피해자 공소외 00 사이에 위 매매대금 중 일부 금원에 대한 소유권이 즉시 위 피해자에게 귀속한다고 약정한 바 없다.",
            "피고인이 피해자 공소외 00로부터 이 사건 부동산 중 일부 지분을 명의신탁받은 것이라고 하더라도, 이는 매도인이 선의인 계약명의신탁에 해당하는바 위 지분에 관하여 피고인은 완전한 소유권을 취득하여서 이를 매도하고 받은 매매대금 역시 피고인의 소유이므로, 피고인이 타인의 재물을 보관하는 자라 할 수 없다.",
            "피고인은 피해자 공소외 00의 반환요구에 따라 2002. 12. 10.경 2,000만 원을 반환하였고 나머지 금원에 대해서 위 피해자가 피고인으로부터 임차하고 있던 컨테이너의 차임을 2003. 1.경부터 받지 않는 것으로 이자에 갈음하여 지급하여 왔는바, 피고인은 피해자 공소외 00의 투자금이 대여금으로 전환되었다고 믿었으므로 횡령의 고의가 없음에도 피고인에게 횡령죄를 인정한 원심판결에는 사실오인 및 법리오해의 위법이 있다.",
            "가사 피고인에게 횡령죄가 인정된다 하더라도 원심의 양형(징역 10월)은 너무 무거워서 부당하다."
        ]
    },
    "facts": {
        "bsisFacts": [
            "당사자 사이에 약정서나 계약서 등의 서면을 전혀 작성하지 않았으며, 피해자 공소외 00이 계약 내용에 관하여 '피고인 등과 함께 부동산에 투자한 후 나중에 팔면 투자한 금액 비율대로 매매이익에 대해서 배분하기로 하였다'고 진술하였다.",
            "부동산을 사고 파는 것은 투자전문가인 피고인이 마음대로 결정하도록 모든 권한을 위임한 상태에서 투자금을 지급하였다'라고 진술하였다.",
            "이 사건 부동산을 매수할 당시 매매계약서에 피고인만 매수인으로 기재되어 있고, 이 사건 부동산에 관하여 위 매매를 원인으로 하여 피고인, 제1심공동피고인 00(대법원판결의 공소외 00), 공소외 00 명의로 소유권이전등기가 경료되었다.",
            "이 사건 부동산의 매수자금을 투자한 다른 투자자인 공소외 00은 위 부동산 중 투자비율에 따른 지분에 관하여 소유권이전등기를 경료한 반면, 피해자 공소외1은 그 지분에 관하여 소유권이전등기를 경료하지 않았다.",
            "이 사건 부동산의 실제 구입비용(약 10억 2,000만 원)에 비하여 피해자 공소외 00의 투자금(약 5,000만 원)은 소액이다."
        ]
    },
    "dcss": {
        "courtDcss": [
            "당사자 사이에 약정서나 계약서 등의 서면을 전혀 작성하지 않았으며, 피해자 공소외 00이 계약 내용에 관하여 피고인 등과 함께 부동산에 투자한 후 나중에 팔면 투자한 금액 비율대로 매매이익에 대해서 배분하기로 하였다.",
            "이 사건 부동산을 매수할 당시 매매계약서에 피고인만 매수인으로 기재되어 있고, 이 사건 부동산에 관하여 위 매매를 원인으로 하여 피고인, 제1심 공동피고인 00(대법원판결의 공소외 00), 공소외 00 명의로 소유권이전등기가 경료된 점이 인정된다.",
            "이 사건 부동산의 매수자금을 투자한 다른 투자자인 공소외 00은 위 부동산 중 투자비율에 따른 지분에 관하여 소유권이전등기를 경료한 반면, 피해자 공소외 00은 그 지분에 관하여 소유권이전등기를 경료하지 않은 점이 인정된다.",
            "이 사건 부동산의 실제 구입비용(약 10억 2,000만 원)에 비하여 피해자 공소외 00의 투자금(약 5,000만 원)은 소액인 점이 인정된다.",
            "달리 당사자 간에 이 사건 부동산 투자에 관한 동업약정을 하였다거나 이 사건 부동산의 매매대금 중 일부 금원의 소유권이 즉시 피해자 공소외 00에게 귀속한다는 약정을 하였다고 볼 만한 증거가 없는 점 등을 종합하여 볼 때, 피고인과 피해자 공소외 00이 이 사건 부동산을 공동으로 매수하였다거나 그들 사이에 공동사업을 경영할 목적이 있었던 것으로 보기 어렵다.",
            "따라서 피고인과 위 피해자 사이의 계약은 동업으로 이 사건 부동산 투자를 하여 위 부동산을 동업재산으로 합유하려는 민법상의 조합계약이 아니라, 위 피해자가 부동산 매수자금의 일부를 투자하여 피고인이 위 부동산을 매수하고 이후에 위 부동산을 전매하면 일정 비율에 따른 전매이익금을 정산하기로 하는 계약이라고 봄이 상당하다.",
            "피고인이 이 사건 부동산을 제3자에게 매도하고서 받은 매매대금 전액은 일단 피고인에게 귀속되는 것이고 피고인이 위 매매대금 중 피해자 공소외 00의 투자비율만큼을 위 피해자를 위하여 보관하는 자의 지위에 있다고 볼 수 없다.",
            "따라서 피고인이 위 매매대금을 임의 소비하거나 이익금 상당액을 지급하지 않고 있다고 하더라도 이는 민사상의 채무불이행에 해당할 뿐 횡령죄를 구성한다고 보기 어려워 이 부분 공소사실은 범죄의 증명이 없는 경우에 해당하므로, 피고인의 위 사실오인 및 법리오해 주장은 더 나아가 살필 필요 없이 이유 있다.",
            "부동산을 사고 파는 것은 투자전문가인 피고인이 마음대로 결정하도록 모든 권한을 위임한 상태에서 투자금을 지급하였다라고 진술하는 점이 인정된다."
        ]
    },
    "close": {
        "cnclsns": [
            "원심판결에는 위와 같은 직권파기 사유가 있고 또한 피고인의 주장과 같이 횡령의 점에 대하여 사실오인 및 법리오해로 인하여 판결에 영향을 미친 위법이 있다.",
            "횡령의 점과 원심 판시 나머지 범죄사실은 형법 제37조 전단 경합범 관계에 있어 하나의 형이 선고되었으므로, 피고인의 양형부당 주장에 대한 판단을 생략한 채, 형사소송법 제364조 제2항, 제6항에 의하여 원심판결을 모두 파기하고, 변론을 거쳐 다시 다음과 같이 판결한다."
        ]
    }
}