{
    "info": {
        "caseField": "2",
        "detailField": "6",
        "trailField": "2",
        "caseNm": "특정경제법죄가중처벌등에관한법률위반(사기){일부예비적죄명:특정경제범죄가중처벌등에관한법률위반(횡령)},업무상횡령,사문서위조,위조사문서행사",
        "courtNm": "서울고등법원",
        "judmnAdjuDe": "2009. 07. 09.",
        "caseNo": "2009노308",
        "relateLaword": [
            "특정경제범죄가중처벌등에 관한 법률 제3조\n\n",
            "형법 제347조",
            "형법 제30조",
            "형법 제356조",
            "형법 제355조",
            "형법 제231조",
            "형법 제234조",
            "형법 제35조",
            "형법 제42조",
            "형법 제37조",
            "형법 제38조",
            "형법 제50조",
            "형법 제53조",
            "형법 제55조",
            "형법 제57조",
            "형법 제325조",
            "형사소송법 제364조"
        ],
        "qotatPrcdnt": [
            "대법원 2008. 2. 28. 선고 2007도10416 판결",
            "대법원 2005. 10. 28. 선고 2005도5774 판결",
            "대법원 1983. 8. 23. 선고 83도1447 판결",
            "대법원 2006. 2. 23. 선고 2005도8645 판결"
        ]
    },
    "concerned": {
        "acusr": "4",
        "dedat": "1"
    },
    "org": {
        "orgJdgmnCourtNm": "서울서부지방법원",
        "orgJdgmnAdjuDe": "2008. 12. 30.",
        "orgJdgmnCaseNo": "2008고합102, 145(병합)"
    },
    "disposal": {
        "disposalform": "6",
        "disposalcontent": [
            "원심판결을 파기한다.",
            "피고인 1을 징역 5년에, 피고인 2를 징역 2년 6월에, 피고인 3을 징역 4년에 각 처한다.",
            "원심판결 선고 전의 구금일수 88일씩을 피고인들에 대한 위 각 형에 각 산입한다.",
            "이 사건 공소사실 중 피고인들의 4,700,774,970원 상당의 게임기 공급에 대한 특정경제범죄가중처벌등에 관한 법률위반(횡령)의 점의 예비적 공소사실은 각 무죄이다."
        ]
    },
    "mentionedItems": {
        "rqestObjet": [
            "제반 양형조건들에 비추어 원심의 선고형은 너무 무거워서 부당하다.",
            "제반 양형조건들에 비추어 피고인들에 대한 원심의 선고형은 너무 가벼워서 부당하다."
        ]
    },
    "assrs": {
        "acusrAssrs": [
            "피고인 1 이 운영한 000은 게임기의 허위특판 내지 덤핑판매로 인하여 000에 대한 게임기 등의 매입채무가 000에 의하여 부여된 부동산 담보한도 38억 원이 꽉 찬 상태에서 무담보 특별여신 40억 원을 추가로 받았다.",
            "허위특판을 5건이나 진행하였기 때문에 허위특판의 방법으로 게임기를 빼돌린 후 그 게임기를 덤핑판매한 대금으로 000에 대한 게임기 매입채무의 변제를 반복하는 방식의 이른바 돌려막기가 한계에 이르러 더 이상 000로부터 게임기를 공급받을 수 없게 되었고, 그에 따라 000 매출의 90% 이상을 차지하는 제1거래처인 000을 통한 000의 게임기 유통사업 또한 이익은커녕 위와 같은 회수불능의 매출채권에 의하여 손실만 누적되었다.",
            "2007년 4월까지 당장 변제기일이 닥친 000의 000에 대한 약 146억 원에 이르는 거액의 결제자금을 마련할 방법이 없어 000의 게임기 유통사업이 존폐의 기로에 서게 되자, 피고인들은 공모하여 2007년 1월경 유상증자를 통하여 마련한 풍부한 자금을 가지고 신규사업으로의 진출을 모색 중인 000을 끌어들여 사업전망이 밝은 것처럼 피해자 000의 경영진을 속였다.",
            "(000의 경영진들은 피고인들에게 속아 게임기 유통사업에 성공적으로 진출하기 위해서는 000의 인수가 필요불가결한 절차이자 방법이라고 믿었다).",
            "그런 다음,  000의 영업권을 000으로 하여금 인수하게 함으로써 게임기 유통사업에 참여시킨 후 000의 대표이사인 피고인 1 을 000의 게임사업본부장으로 취임시켜 게임기 등 물품을 빼돌리고 빼돌린 물품을 덤핑판 매하는 방법으로 단기간에 000으로부터 약 146억 원에 이르는 000의 000에 대한 결제자 금을 편취하고자 하였다.",
            "000의 자금을 편취하는 수단은 부실덩어리인 000을 000으로 하여금 인수시키는 것이었는데, 000의 인수를 통한 편취금액은 이 사건 인수대금 10억 원뿐이었으므로, 146억 원 상당의 000에 대한 결제자금의 마련이 시급한 피고인들로서는 000을 000에게 인수시키는 것은 수단에 불과하였다.그리고 000의 인수라는 수단의 성취에 의하여 피고인들이 노린 직접적인 목적은 000와 000 사이에 물품공급계약을 체결하게 하였다.",
            "(000과 000 사이에 체결된 영업권인수계약과 000과 000 사이에 체결된 물품공급계약은 별개가 아니다).그런 다음 000이 000로부터 공급받은 64억 원 상당의 게임기 등의 물품 중 47억 원 상당을 000을 매개로 하여 빼돌린 다음 빼돌린 게임기 등을 덤핑판매하여 회수한 자금을 000의 000에 대한 기존의 매입채무의 변제에 충당하게 하였다.",
            "그렇게 함으로써 000이 000에 대하여 부담하는 기존의 매입채무를 000에 전가시키는 방법으로 000으로 하여금 위 47억 원 상당의 물품채무를 고스란히 남긴 채 000이 000로부터 공급받은 게임기 자체를 편취하는 것이었다.",
            "피고인들에 의한 기본적인 직접 지급 사기 범행의 완성을 의미하고, 이와 같이 사기에 의하여 000과 000 사이에 체결된 물품공급계약을 사기계약으로볼 수 있는 이상(000의 경영진이 000의 재정적 부실 현황 및 덤핑이 아니면 게임기를 판매할 수 없다는 부실이 누적될 수밖에 없었던 경영 상황을 제대로 파악하였다면 게임기 유통시장에 진출하였을 리가 없다.",
            "그러므로, 000과 사이의 영업권 인수계약 뿐만 아니라, 000이 게임기 유통시장에 진출하는 것을 전제로한 000와 사이의 물품공급계약 역시 피고인들의 기망에 의하여 체결된 것으로 보아야 한다), 이에 파생된 000의 000에 대한 선급금 지급 부분도 당연히 부수적인 사기의 실행행위가 된다.",
            "000에 대한 근저당권 설정 사기 또한 000가 취득한 물품대금 지급을 확실하게 하기 위한 부수적인 사기행위로서 이 역시 물품공급계약을 사기계약으로 볼 수 있는 이상 당연히 이에 부수적인 사기행위가 된다.",
            "물품공급계약으로 인하여 000이 000에게 선급금을 지급하고, 담보를 설정하였으며, 물품 대금 지급채무를 부담하였던 것은 전부 기망에 의한 물품공급계약 체결의 결과로서 그 피해금액 전액을 편취 금액으로 보아야 한다.",
            "위 계약에 의한 게임기 공급도 사기일 뿐만 아니라, 위 계약에 부수하거나 파생된 이 사건 근저당권 설정, 이 사건 선급금 지급 등도 각 사기로서 모두 일체로 파악되어야 할 것임에도, 이를 분리하여 따로 판단한 원심은 전체적인 범죄상황과 구조를 고려하지 못한 잘못이 있다.",
            "000가 000으로부터 이 사건 선급금을 지급받은 것도 당연히 부수적인 사기행위에 해당된다.",
            "이 사건 선급금은 피고인 2, 3 이 000 경영진에게 직접 요청함으로써 지급된 점, 2007년 2월경 000의 000에 대한 채무가 123억 원 상당에 이르렀다.",
            "그리고 000의 000에 대한 결제자금의 규모가 146억 원 상당에 이르렀으며, 2006년 12월을 기준으로 하더라도 000의 000에 대한 채무 약 92억 원 중 특판으로 인한 채무 29억 원과 000의 부동산 담보 38억 원을 제외하더라도 결제자금의 부족분은 25억 원(= 92억 원－29억 원－38억 원)에 이르러 피고인들의 편취 범의가 000의 신주인수대금 10억 원을 훨씬 초과하는 점이 인정된다.",
            "000가 000에게 공급한 물품 중 5억 원 상당은 불량 재고품으로서 시장에서 판매할 수 없는 등 원심 판시와 같이 물품대금에 상응하는 게임기가 실제로 000에게 공급되었다고 보기 어려운 점, ",
            "이 사건 선급금의 지급을 원심 판시와 같이 물품 공급의 대가로 보기 위하여는 000을 통한 물품판매와 그에 대한 대금이 000에게 정상적으로 입금되는 것을 전제로 하는데, 000로부터 000에게로 공급된 물품의 판매대금이 대부분 정상적으로 000에게 입금되지 아니한 이상, 이 사건 선급금의 지급을 물품 공급의 대가로 보기 어려운 점, ",
            "기망수단에 의하여 물품공급 등 상당한 대가가 지급되었다고 하더라도 편취액은 편취물 전부이지 그 대가 상당액을 공제할 것이 아닌 점 등에 비추어 이 사건 선급금 지급 부분에 관하여 특경법위반(사기)죄가 성립함에도 이를 무죄로 판단한 원심은 사실을 오인하였거나 사기죄의 성립에 관한 법리를 오해하여 판결에 영향을 미친 위법이 있다.",
            "000가 000으로부터 채권최고액 52억 원의 근저당권을 설정받은 것도 당연히 부수적인 사기행위에 해당된다.",
            "결제자금의 부족분이 상당하여 피고인들의 편취 범의가 이 사건 인수대금을 훨씬 초과하는 점, 피고인들이 000로부터 000 명의로 공급받은 64억 원 상당의 게임기 등을 덤핑판매한 후 그 중 28억 5천만 원 상당을 000의 000에 대한 기존 매입채무의 변제에 충당함으로써 000으로서는 000에 대한 위 물품대금채무가 그대로 남게 되었다.",
            "그리고  실제로 000가 64억 원 중 이 사건 선급금을 제외한 나머지 41억 원 상당의 채권을 000으로부터 변제받기 위하여 이 사건 근저당권에 기하여 임의경매를 신청하게 한 점이 인정된다.",
            "원심 증인 공소외 11, 10의 원심법정에서의 각 진술내용, 피고인 2의 사건경위서의 기재내용 등에 비추어 피고인들이 공모하여 이 사건 근저당권의 담보가치를 편취한 사기의 범행을 저지른 사실을 충분히 인정할 수 있음에도 이 부분 공소사실에 대하여 무죄를 선고한 원심은 사실을 오인하였거나 사기죄에 있어서의 공모에 관한 법리를 오해함으로써 판결에 영향을 미친 위법이 있다.",
            "000의 000에 대한 결제대금의 규모가 약 146억 원에 이르러 이 사건 인수대금 및 이 사건 선급금의 합계 33억 원은 위 결제대금을 전부 결제하기에 절대적으로 부족하였다.",
            "그러므로 위 (가)항의 기재와 같이위 물품공급계약을 사기계약으로 볼 수 있는 이상, 000이 000로부터 이 사건 게임기 등 물품을 공급받는 것 자체가 000을 통한 덤핑판매 및 그 판매대금으로 000의 000에 대한 기존 매입채무의 변제 등이 이미 예정되어 있는 점에 비추어 이 사건 게임기에 대한 사기로 볼 수 있다.",
            "피고인 3 이 2007.1.3.부터 같은 해 4.24.까지 000으로부터 물품대금을 지급받아 000(이하 000 라고 한다)명의로 000에 입금하여 온 점에 관하여 보면, 000는 피고인 3 내세운 000의 위장 거래업체에 불과하여 실제는 000과 동일하다고 볼 수 있다.",
            "그리하여 2007년 3월경 이후 피고인 1에게 000 허위특판의 결제대금의 지급을 요청한 것은 곧 000에게 귀속되어야 할 자금을 000가 직접 지급받아 000의 기존 채무의 변제에 충당한 것과 같은 결과가 된다.",
            "피고인 2 가 000의 덤핑판매 사실을 알고, 피고인 1, 3에게 덤핑판매를 지시하였는지 여부에 관하여, 피고인 1, 3 은 수사기관 이래 원심 법정에 이르기까지 일관되게 경쟁사인 000와 경쟁하여 게임기의 시장점유율과 000의 매출실적을 높이고 000에 대한 000의 결제대금을 맞추기 위하여 피고인 2 가 덤핑판매를 지시하였다.",
            "그리고 그로 인한 손실은 피고인 2 가 피고인 1에게 000에서 지급받는 판매장려금을 000에 지급하고 게임기, 게임타이틀, 주변기기 등에 대한 독점판매권을 000에게 보장하며, 덤핑판매로 인한 손실 부분을 대손충당금으로 처리하거나 000의 증자대금으로 이를 보전하여 주기로 약속하였다고 진술하여 왔다.",
            "피고인 1의 입장에서도 피고인 2가 덤핑판매로 인한 손실보상을 약속하지 않았음에도 덤핑판매를 계속하였던 동기를 설명할 수 없는데, 이에 대하여 원심은 덤핑판매로 게임기 시장을 장악한 후 게임타이틀 등을 판매하여 덤핑판매로 인한 손해를 충당할 계획이었다고 판시한다.",
            "허나, 불과 몇 달 사이에 100억 원을 초과할 정도로 불어나는 채무를 위와 같은 방식으로 손해를 충당하고 더 나아가 이익을 창출할 수 있는지 의문인 점에서 위와 같은 원심의 판시는 납득하기 어려운 점 등을 종합하면, 피고인 2가 링크업의 덤핑판매 사실을 알았고, 피고인 1, 3에게 덤핑판매를 지시하였음을 충분히 인정할 수 있다.",
            "피고인 2가 피고인 1, 3에게 허위특판을 지시하였는지 여부에 관하여, 피고인 1, 3은 수사기관 이래 원심법정에 이르기까지 일관되게 피고인 2가 허위특판을 지시하였다고 진술하여 온 점, 피고인 2가 계약담당자의 이름도, 연락처도 없으며, 도장도 날인되지 아니한 발주서 등 누가 보아도 엉성한 서류 1장만으로 몇십억 원에 이르는 물품의 공급에 관한 품의서를 결재한 점이 인정된다.",
            "2006년 가을경 000의 000에서 예정물량 1만 대 중 1,300대 가량만을 판매한 것에 불과하였음에도 000에 특판으로 1만 대를 판매하였다고 허위보고를 하여 000로부터 판매장려금 4 억여 원 상당을 받아내었고, 특판으로 판매하지 못한 물량 약 8,700대 가량을 000를 이용하거나 중소 000에 대한 허위특판을 일으켜 또다시 덤핑판매를 한 점 등을 종합하면, 피고인 2 가 피고인 1, 3에게 허위특판을 지시하였음을 충분히 인정할 수 있다."
        ],
        "dedatAssrs": [
            "제반 양형조건들에 비추어 원심의 선고형(징역 4년)은 너무 무거워서 부당하다.",
            "000(이하 'OOO'라고 한다)가 2007년 3월경 000에 대하여 결제한 자금이 실제로는 8,335,361.47달러에 이르고 있음에도 5,361,871달러라고 잘못 기재되어 있는바, 원심이 잘못된 위 회신서의 기재내용을 그대로 취신한 결과 000가 그 당시 000에 대한 거래대금을 연체하여 자금압박이 심하였다고 판단한 잘못이 있다.",
            "000는 000(철만물제조판매업 등을 목적으로 설립되어 1989.7.25.한국증권선물거래소에 상장된 법인, 이하 'OOO'이라고 한다)이 000(이하 'OOO'이라고 한다)를 인수하기 이전까지 000에 대한 외상결제 자금을 마련하는 데에 아무런 문제가 없었으며, 000에 대한 외상결제 자금이 부족하면, 은행으로부터 자금을 차입하여 해결하였으므로, 000에 대한 외상결제 자금을 마련하기 위하여 000을 끌어들일 필요가 없었던 점이 인정된다.",
            "피고인 2는 처음에는 000의 공소외 5 상무의 도움을 받아 000이 000과 별도로 000와 거래를 하면서 영업망을 조직하는 것을 도와주려고 하였는데, 공소외 5 상무의 부인이 갑자기 사망하여 000이 000과 별도로 거래를 하는 방안이 좌절되면서 그 이후 000이 000을 인수하는 방향으로 000과 000 사이에 협상이 진행되었다.",
            "그러므로, 처음부터 000에게 000을 인수하게 하거나 피고인 1을 000의 게임사업본부장으로 일하도록 계획한 바 없는 점이 인정된다.",
            "피고인 2 는 000의 000 인수와 관련하여 피고인 1, 3 과 공모를 한 사실이 없고, 000의 매출액과 영업이익, 000의 담보물과 관련하여 피고인 3 이 피고인 2에게 000의 연간 매출액이 250억 원 정도이다.",
            "그리고 000이 0{0: 세계 최대의 소프트웨어 개발회사인 000가 개발한 가정용 비디오 게임기의 명칭이다.Console(콘솔)은 시스템의 상태를 알아보거나, 각종 업무를 처리하기 위하여 사용하는 단말 장치로서 게임기 본체를 의미한다.이하 '게임기'라고 한다} 외에도 000의 0와 0도 같이 취급한다.",
            "또한, 시장에 나온 덤핑(경쟁업체의 제품을 시장에서 몰아내고 시장을 장악하기 위하여 제품의 원가보다 싸게 시장에서 물건을 판매하는 행위)물건을 싸게 잡아서 연간 000의 순이익이 20억 원 정도가 된다고 한 말을 그대로 믿고, 000의 실사주 공소외 6, 감사 공소외 7에게 그 말을 그대로 전달하였을 뿐이다.",
            "실제 공소외 8 공인회계사 등 000이 작성한 자산실사보고서에도 000의 2006년도 매출총이익이 판매장려금 7억 원을 포함할 경우 약 17억 원에 이르는 것으로 평가하고 있어 회계전문가도 아닌 피고인 2가 피고인 3의 거짓말을 알 수 없었다.",
            "그리고 피고인 3이 000의 담보물과 관련하여 2007년 1월경 000 PB팀에 의뢰하여 000의 0000 소재 담보물을 55억 원 가량에 매각하는 것이 가능하다고 하는 말을 들었으며, 이에 대하여 000의 경영지원실장 공소외 10도 위 담보물의 주변시세에 비추어 55억 원 가량에 매각할 수 있다고 말한 점이 인정된다.",
            "000의 자금난 해소를 위하여 000 특판을 추진한 것이 아니고, 000 특판은 피고인 1이 주도하였으며, 000 특판은 피고인 2가 게임사업본부장으로 취임하기 이전에 피고인 3에 의하여 추진되었을 뿐, 000의 자금난 해소를 위한 위기탈출용이 아닌 점, 피고인 2도 피고인 1, 3의 거짓말에 속아 피고인 1의 영업력이 뛰어난 것으로 알고 피고인 1을 공소외 6에게 소개시켜 준 점이 인정된다.",
            "000이 000을 인수한 후 피고인 2가 피고인 1로부터 소개수수료 명목으로 받은 5천만 원은 피고인 1, 3의 적극적인 요구에 의한 것인 점, 피고인 2는 000의 수금액이 2006년 10월경부터 크게 늘어나기 시작하였다.",
            "그리고 피고인 2는 부동산 담보와 특판을 제외하면, 2006년 12월을 기준으로 약 20억 원 정도 모자라지만, 000이 매월 입금하는 금액이 10억 원을 넘어 위와 같은 부동산 담보의 실행 또는 매각, 특판대금의 회수, 000의 거래처 채권의 회수로써 000의 000에 대한 채권을 충분히 회수할 수 있다고 판단하여 000이 000 인수 후 정상적인 영업을 할 것으로 본 점, 피고인 2가 000의 덤핑판매나 허위특판을 몰랐던 점이 인정된다.",
            "000은 피고인 2의 말을 전적으로 신뢰하고 000을 인수한 것이 아니라 피고인 2의 말이 사실인지 여부를 확인하기 위하여 000을 통하여 자산실사를 거쳤으므로, 피고인 2가 000 경영진에게 한 말을 기망행위로 보더라도 그로 인하여 000이 000의 인수라는 처분행위를 한 것이 아니어서 기망행위와 처분행위 사이의 인과관계가 단절되었다고 볼 수 있는 점, ",
            "피고인 2가 작성한 인증서(사건경위서)는 공소외 6의 집요한 요구에 의하여 민사사건에서만 이용하고 형사사건에서는 사용하지 않겠다는 약속을 전제로 작성하여 준 점 등에 비추어 볼 때, 피고인 2는 피고인 1, 3과 공모하여 000의 000 인수에 따른 1,000,012,000원 상당의 신주인수대금(이하 '이 사건 인수대금'이라 한다)을 편취한 사실이 없다.",
            "피고인 3은 000의 영업팀장으로서 직장 상사인 000의 게임사업본부장 피고인 2의 지시에 따라 000의 000에 대한 실사과정에서 허위의 사실을 000에게 제공한 점 등에 비추어 보면, 피고인 2에 비하여 범행가담의 정도가 경미한데도 원심은 피고인 3이 범행을 주도한 것으로 사실을 오인하였다."
        ]
    },
    "facts": {
        "bsisFacts": [
            "000는 000에 소속된 회사로서 비디오 및 DVD 렌탈 사업을 수행하다가 실적이 저조하여 사업철수를 고려하던 차에 2005년 7월경 000에 의하여 게임기의 새로운 제품유통사업을 담당할 대한민국의 총판(Distributor)으로 선정되어 게임기, 게임타이틀, 게임기의 주변기기 등의 유통 판매사업을 시작하였다.",
            "000에서 인사, 재무, 영업 등 경영 전반에 대한 전결권자로서 게임기 유통사업 전반을 총괄하는 게임사업본부장은 공소외 16이었고, 그가 피고인 3을 게임기 영업과 관련하여 중간판매상의 관리, 게임기의 입·출고 및 재고관리, 수금 등 영업을 총괄하는 영업팀장으로 영입하면서 000 내에 엑스박스사업부의 구성이 완성되었다.",
            "그리고 그밖에 000 내에 발주서, 계약서 등을 보관하는 등 회사의 인적,물적 조직을 관리하고 사업을 지원하는 경영지원실이 있었고, 그 책임자는 공소외 10이었다.",
            "피고인 1 은 000가 구모델인 01의 유통사업을 할 당시 000의 하위 유통업체인 000의 대표이사로서 000에게 물품대금채무의 담보로 액면금 2억 8천만 원의 당좌수표를 제공한 후 게임기 거래를 시작하였는데, 000의 외상대금채무가 담보한도인 2억 8천만 원에 이르러 000가 담보 권을 행사하였으나, 1억 8천만 원의 예금부족으로 위 당좌수표가 부도처리되었다.",
            "신제품인 게임기의 유통사업에 참여하고자 하였던 피고인 1 은 2005년 9월경 ㅁㅁ상가 상인협회 회장 공소외 21 을 통하여 알게 된 피고인 3 으로부터 000의 하위 유통업체로서 000을 인수하면 000와 거래하기 편하다는 말을 듣고, 000을 5천만 원에 인수하였다.",
            "게임기 등 판매 거래의 개시와 허위담보의 설정 게임기 등 물품의 외상판매에 관한 000의 정책은 부동산 등 담보를 제공받는 것이고, 제공된 담보를 적정하게 평가하여 그 평가액 한도 내에서만 외상판매를 허용하는 것이다.",
            "거래원칙은 000와 000 사이에 체결된 기본계약 제7조(대금결제), 제8조(담보제공)및 000와 000 사이에 체결된 기본계약 제6조(대금결제), 제7조(담보제공)에도 규정되어 있는데, 이러한 원칙에 입각하여 이 사건 근저당권도 설정되었다.",
            "그리고 이러한 원칙을 회피하기 위하여 피고인 1, 3 이 아래와 같이 000의 담보한도 외에 허위의 특판(기업이 고객에게 사은품을 제공하기 위하여 게임기를 대량으로 구매하는 것으로서 기업의 신용에 근거하여 담보를 제공 받음이 없이 게임기를 판매하는 것)을 추진하였다.",
            "2006년 상반기경 우리나라의 가정용 게임기 시장은 000의 게임기, 일본국 000의 0, 일본국 000의 0(0)가 치열한 경쟁을 펼치고 있었으나, 000는 인기있는 게임타이틀(게임소프트웨어)의 부재와 더불어 게임기 본체의 가격만으로도 37만 4천 원 상당의 고가에 이르렀으므로 경쟁력이 없어 게임기 시장점유율이 불과 10% 가량으로 매우 낮았다.",
            "반면에 000의 0이 인기있는 게임타이틀과 약 23만 8천 원 상당의 비교적 저렴한 게임기 본체의 가격으로 인하여 90% 가량의 높은 시장 점유율을 차지하는 형편이었던 데다가, 게임기 시장은 겨울철 및 어린이날이 포함된 5월이 성수기일 뿐 나머지 기간은 계절적 비수기로서 게임기 판매가 거의 이루어지지 않는 특성이 있었다.",
            "피고인 1은 000에 의하여 부여된 담보한도액 38억 원의 이른바 물담보를 활용하여 공격적으로 게임기 유통사업에 참여함으로써 아래 (다)000와 000의 거래내역과 자금사정항에서 보는 바와 같이 불과 2개월 만인 2006년 4월경 이미 담보한도액을 소진해 버렸고, 그러한 상황은 000이 000을 인수할 때까지 유지되었다.",
            "피고인 1 이 000에게 물담보를 제공한 후 단기간에 담보한도액까지 게임기 매출이 증가하다가 그후부터 담보한도액 만큼의 000의 000에 대한 매입채무가 그대로 유지된 점 등 매출 및 수금의 추이, 2006년 5월경부터 이미 인터넷 게임사이트에 0 게임기가 31만 원에서 33만 원 사이에 판매된 다는 정보가 공유되고 있었던 점(증나 제10호증)등에 비추어 보면, 이하 다음과 같다.",
            "즉, 피고인 1 이 물담보를 활용하여 2006년 3월경부터 이미 게임기의 덤핑판매를 시작한 것은 아닌가 하는 강한 의심이 든다.",
            "000의 입장에서 000의 결제자금을 마련하기 위한 방법은 매출비중 90% 가량인 000으로부터 매출채권을 회수하는 것이 가장 좋은 방법이나, 000의 000에 대한 채무는 000이 제공한 38억 원 상당의 담보한도액에 도달한 후 채무가 오히려 증가하였을 뿐 감소되지 아니하였으므로, 선택가능한 방법은 금융기관으로부터 부족한 결제자금을 대출받는 방법 내지 유상증자를 실시하는 방안 뿐이었던바, 2007년 3월경 000는 유상증자를 실시할 계획이 없었다.",
            "피고인 3 은 2006년 9월경 피고인 2에게 000라는 회사가 있는데 여기에 게임기를 출하하면 대부분 2~3일 안에 자금이 회수되어 들어오니까 000에 대한 결제자금 마련을 위하여 000를 통하여 수출을 하되, 수출단가가 290달러로서 000가 000로부터 매입하는 단가인 32만 원을 상회하는 수준이 므로 2~3만 원의 가격 차이가 발생한다.",
            "헌데, 그로 인하여 발생하는 손해에 대해서는 당시 진행중인 000 관련 특판에서 실제보다 더 많은 양을 판매한 것처럼 000에 보고하여 1개당 1~2만 원인 000의 판매 장려금을 최대한 많이 받아내서 충당하자 라는 제안을 하였다.",
            "000을 통하여 게임기를 공급받는 것이 더 이상 불가능하므로, 피고인 3은 2006년 9월경부터 2007년 5월경까지 친구 공소외 29가 대표이사이던 000를 끌어들여 000의 위장거래처로 내세웠다.",
            "피고인 1, 3 은 000이 000에게 제공한 담보한도액이 소진되어 더 이상 000로부터 게임기 등을 공급받을 수 없게 되자, 담보를 제공함이 없이 허위로 기업체에 대한 특판을 가장하는 방법으로 000로부터 게임기를 공급받는 방안을 고안하였다.",
            "000은 2006년 11월경 000에게 제공한 담보한도가 소진되어 더 이상 000로부터 게임기 등을 공급받을 수 없게 되었는데, 그 무렵 겨울철 성수기에 맞추어 0 라는 000의 대작 게임타이틀이 출시되자, 000는 겨울방학 0 게임기의 성수기, 시즌을 놓치지 않기 위하여 공격적인 마케팅을 펼치게 되었다.",
            "따라서, 피고인 2 는 경영지원실장 공소외 10 과 상의하여 판매성수기임에도 000 외에는 마땅한 판매경로가 없었고, 000이 그 동안 게임기 판매목표를 달성하기 위하여 고생을 많이 하였다.",
            "피고인 2 와 000의 경영지원실장 공소외 10 은 000에 대한 매출채무의 회수가 제대로 이루어 지지 아니하자, 2006.10.25.000에게 정기 거래처 조사 협조 공문 을 발송한 다음 2006.10.31.경 경영지원실 대리 공소외 13 과 함께 000의 창고에서 자산실사를 실시하는 한편 피고인 3 을 000의 거래 처에 보내어 000의 채권이 실제로 존재하는 채권인지 여부를 확인하였다.",
            "그 결과 13억 4천만 원 상당의 재고자산과 23억 8천만 원 상당의 매출채권이 있다는 사실이 확인되었고, 또 피고인 3 이 3곳의 000의 거래처를 조사한 후 아무런 이상이 없다고 보고하였다.000의 대차대조표상으로 자산이 76억에 부채는 73억이고, 손익계산서상으로 2006년도 상반기에 영업이익 20억 2백만 원에 이른다.",
            "또한, 000에서 도매 상까지의 유통이윤 비율이 게임기 본체는 2.7%, 주변기기는 15%, 소프트웨어는 15%에 이르고, 도매상에서 소비자까지의 유통이윤 비율이 게임기 본체는 3%, 주변기기는 14%, 소프트웨어는 14%에 이르는 것으로 각 추정하여 피고인 2 와 공소외 10 은 000의 매출채권을 건전한 채권으로 판단하였다.",
            "000는 000에게 두 가지 방식으로 판매장려금을 지급하였는바, 첫째는 리베이트라고 지칭되고, 둘째는 PO(Purchase Order를 약칭)라고 지칭되는데, 전자는 분기마다 목표 수량을 정해놓고 000가 이를 80% 이상 달성하는 경우, 그 달성도에 따라 판매액의 일정비율로 지급된다(100% 목표 달성시 게임 기는 판매액의 1.5%, 게임타이틀, 기타 주변기기는 판매액의 3%를 지급).",
            "그리고 후자는 000가 000와 체결한 업무위임계약(공판기록 2611면)에 따라 마케팅(광고 및 판촉)업무를 일부 위임받아 수행하는 과정에서 이에 소요되는 비용을 지원받는 경우를 모두 합친 것이다.",
            "공소외 6 등 000의 경영진은 피고인 2 로부터 게임기 유통사업으로의 진출을 제의받은 후 그 제의가 신규사업을 물색 중인 000의 의도와도 맞아떨어지자, 피고인 2에게 게임기 유통사업에 관하여 적극적인 관심을 표명하였는데, 처음에는 000 내에 게임사업부를 신설하여 독자적으로 게임기 유통사업에 진출하려고 했을 뿐 000을 인수하는 방법으로 게임기 유통사업에 진출할 의사는 없었다.",
            "피고인 1, 3 은 000에게 000이 제공한 담보가 거의 가치가 없고 매출채권도 거의 없는 반면에 덤핑판매와 허위특판 등으로 매입채무만 누적되는 상황인 점 등 000의 자산가치가 전무하다는 사실 및 덤핑판매로 인하여 손실이 명백히 예상되는 등 게임기 유통사업에 진출할 경우 수익성에 대한 전망도 없었던 사실을 잘 알고 있으면서도 이를 000의 경영진에게 고지하지 아니하였다.",
            "그뿐만 아니라, 오히려 000의 담보가치가 55억 원 이상, 매출채권액 64억 원에 이르러 000의 채무를 모두 해결할 수 있는데다가 2007년 도부터 연간 매출 300억 원 이상, 영업이익 20억 원 이상에 이를 수 있다는 내용의 장밋빛 전망을 제시하였고, 이에 게임기 유통사업 전망이 밝다고 믿은 000 경영진이 000을 인수하는 방식으로 게임기 유통사 업에 진출하기로 결정하였다.",
            "000 소속 공인회계사 공소외 8 등 2인이 2007년 2월경 000의 의뢰로 000의 000 인수를 위한 실사를 진행하자, 피고인 2 는 피고인 3에게 실사과정에 협조하라고 지시하였고, 피고인 1에게도 자료 제공 등 실사에 협조할 것을 요청하였다.",
            "위 실사과정에서 63억 원 상당의 000의 000에 대한 매입채무가 인지되면서 000의 경영진이 000의 인수를 어렵다고 판단하였으나, 피고인 2, 3 이 000의 수익성, 자산가치 등을 장담하였고, 이와 같이 000에 대한 채권을 가진 대기업의 자회사 담당책임자 등이 매입채무 상환에 전혀 문제가 없으며 담보물건에 관하여 55억 원에 매각이 진행 중이라고 한다.",
            "그러므로, 000의 경영진은 대기업인 000가 인정한 담보이어서 아무런 문제가 없다고 판단하게 된 데다가, 공인회계사 등 전문가가 조사,작성한 실사보고 서의 내용도 연간 약 15억 원 상당의 영업이익이 발생하는 것으로 결론이 나오자, 000과 000은 2007.2.23.경 공소외 8 회계사로부터 실사보고를 받은 다음 인수계약의 체결에 합의하였다."
        ]
    },
    "dcss": {
        "courtDcss": [
            "피고인 2가 000의 허위담보의 제공, 덤핑판매, 허위특판 등을 몰랐다고 하더라도 000이 자산가치와 수익가치가 전혀 없는 부실기업이라는 사정을 적어도 미필적으로나마 인식하고 용인하였다고 봄이 상당하므로, 피고인 2의 편취의 범의와 000의 경영진에 대한 기망행위를 인정할 수 있다.",
            "나머지 공동피고인 1, 3과 000으로 하여금 부실기업인 000을 인수시킨다는 점에 관하여 암묵적으로 의사연락을 하여 공모한 사실도 충분히 인정되므로, 결국 피고인 2는 000이 000을 인수함에 있어 가장 중요한 회사의 자산가치와 수익성에 관하여 그 내용이 잘못되었다는 것을 잘 알면서 이를 고지하지 아니하였다.",
            "이는 일반상거래의 관행과 신의칙에 비추어 시인될 수 있는 한도를 넘어섰다고 할 것이어서 피고인 2의 편취 범의와 기망행위 및 공모에 관한 사실오인 내지 법리오해 주장은 모두 이유 없다.",
            "000이 불과 1개월 반 만에 이 사건 인수대금, 선급금, 근저당권 설정의 명목으로 합계 85억 원 상당의 손해를 입은 점, 000 소속의 공인회계사들도 피고인 1, 3으로부터 기망을 당한 결과 000에게 잘못된 실사보고서를 제출한 점 등에 비추어 보면, 000이 000의 부실을 알고도 이를 인수하였다거나, 000의 실사과정을 거쳤으므로 인과관계가 단절된다는 주장 또한 모두 이유 없다.",
            "피고인 2가 게임기 판매대금 전액을 입금받은 것이 아니라 1대당 1만 원씩 합계 196만 원만을 입금받은 사실 등 당심 및 원심이 적법하게 채택,조사한 증거들에 의하여 인정되는 사실관계에 비추어 보면, 000이 이를 덤핑판매하였다고 보기 어려우므로, 피고인 3의 위 진술도 피고인 2가 000의 덤핑판매 사실을 알았다고 인정하기에 부족하다.",
            "피고인 2가 000의 덤핑판매 사실을 인식하였거나 000에게 덤핑판매를 지시하였다고 인정하기에 부족하고, 달리 이를 인정할 만한 증거가 없다.",
            "피고인 1도 검찰 피의자신문시 허위특판과 관련하여 피고인 2가 직접 관여를 하였다는 증거는 없지만, 피고인 3이 직접 저에게 만들어온 서류를 주었기에 당연히 그 윗선인 피고인 2도 알고 있을 것이라고 생각합니다라고 진술하여 피고인 2가 허위특판을 지시하였다는 점을 부인하면서 다만, 그가 허위특판 사실을 알았을 것으로 추측하였을 뿐이다.",
            "나머지 17억 원 상당도 000 명의로 입금된 점, 000의 결제일은 아직 남아 있었을 뿐만 아니라, 선급금까지 지급받아 피고인 2로서는 위 17억 원이 000의 게임기 등 물품을 판매한 대금이라고는 생각할 수 없었던 점 등에 비추어 보면, 피고인 2가 000이 공급받은 물품을 처음부터 000의 000에 대한 기존 채무를 변제받을 생각으로 수령하였다고 보기 어려우므로, 각 믿기 어렵고, 달리 이를 인정할 만한 증거가 없다.",
            "이에 부합하는 피고인 1, 3 의 각 진술은 위 (1)인정사실 에 의하면, 000 소속 회계사들에 의한 실사과정에서 피고인 2 가 회계사들에게 확인해 준 사항은 없는 것으로 확인된 점, 오히려 피고인 1에게 준비가능한 자료를 제대로 준비해 줄 것을 요청한 점 등에 비추어 믿기 어렵고, 달리 이를 인정할 만한 증거가 없다.",
            "검사가 2009.5.7.당심에서 죄명에 “특정경제범죄 가중처벌 등에 관한 법률 위반(횡령)”을, 적용법조에 “ 형법 제356조, 제355조 제1항”을 각 예비적으로 추가하고, 공소사실 “다.현대금속에 대한 사기” 부분을 변경하며, 그 중 위 다.의 ⑶항 부분(현대금속으로부터의 게임기 등 물품 편취 사기)에 관하여 “현대금속으로부터의 게임기 등 물품을 횡령하였다”는 취지의 예비적 공소사실을 추가하는 내용의 공소장변경 허가신청을 하였다.",
            "이 법원이 같은 해 5.12.제3회 공판기일에서 이를 허가함으로써 그 심판대상이 변경되었으므로, 당초에 제기된 공소사실을 전제로 하는 원심판결은 유죄부분 및 무죄부분을 포함한 전부에 관하여 더 이상 유지될 수 없게 되었다.",
            "피고인 2, 3 및 검사의 각 사실오인 내지 법리오해 주장은 공소장변경 이후에도 여전히 유효한 것으로 보이므로, 이에 대하여 판단하기로 한다.",
            "일반적으로 상거래에 있어서 상품의 품질이나 가치에 관한 광고·선전에는 다소의 과장이 수반되는 것이 보통이며, 특히 기업체의 매매에 있어서 매도인이 그 기업의 자산가치나 수익성을 다소 과장하여 매수인에게 고지하는 것은 그 과장이 일반상거래의 관행과 신의칙에 비추어 시인될 수 있는 한 기망성이 결여된다 할 것이나, 위와 같은 정도를 넘는 과장행위는 위법한 기망행위가 된다(대법원 1983.8.23.선고 83도1447 판결 등 참조).",
            "2인 이상이 공동으로 가공하여 범죄를 행하는 공동정범에 있어서 공모나 모의는 반드시 직접, 명시적으로 이루어질 필요는 없고, 순차적, 암묵적으로 상통하여 이루어질 수도 있으나, 어느 경우에도 범죄에 공동 가공하여 이를 공동으로 실현하려는 의사의 결합이 있어야 할 것이다.",
            "피고인이 공모의 점과 함께 범의를 부인하는 경우에는 이러한 주관적 요소로 되는 사실은 사물의 성질상 범의와 상당한 관련성이 있는 간접사실 또는 정황사실을 증명하는 방법에 의하여 이를 입증할 수밖에 없다.",
            "이때 무엇이 상당한 관련성이 있는 간접사실에 해당할 것인가는 정상적인 경험칙에 바탕을 두고 치밀한 분석력에 의하여 사실의 연결 상태를 합리적으로 판단하는 방법에 의하여야 한다(대법원 2006.2.23.선고 2005도8645 판결 등 참조).",
            "피고인들의 관계, 현대금속이 링크업을 인수한 경과, 링크업의 씨제이조이큐브에 대한 채무의 누적 및 그 변제상황, 링크업의 채권현황, 씨제이조이큐브의 엠에스에 대한 결제자금의 부족, 씨제이조이큐브의 금융기관에 대한 차입금의 규모, 씨제이조이큐브의 2006년도 매출과 영업이익, 2007년 3월경 씨제이조이큐브의 유상증자 계획 유무 등에 비추어 보면 다음과 같다.",
            "특히 현대금속이 씨제이조이큐브로부터 게임기를 정상적인 가격으로 공급받더라도 이를 덤핑으로 판매할 수밖에 없는 고착된 시장구조로 인하여 손해의 발생이 필연적이고, 57억 원 상당의 특판으로 인한 링크업의 매입채무에 관하여 현대금속 경영진에게 이를 고지하지 아니한 점 등에 비추어 보면 다음과 같다.",
            "피고인 3이 피고인 1과 함께 주도적으로 허위담보의 제공, 덤핑판매, 허위특판, 현대금속의 링크업 인수 등에 관여한 사실이 인정되므로, 피고인 3의 사실오인 주장도 이유 없다.",
            "이 사건 물품공급계약은 링크업의 씨제이조이큐브에 대한 기본계약과 거의 비슷할 뿐만 아니라, 목적, 취급상품, 상품의 공급가격 및 판매가격, 영업권, 대금결제, 담보제공 등을 내용으로 하는 일반적인 거래의 기본 계약과 다를 바 없다.",
            "즉 이 사건 물품공급계약은 특별한 내용 없이 씨제이조이큐브의 거래처라면 누구나 체결하는 일반적·기본적 계약일 뿐이고, 그 내용을 살펴보더라도 무색투명한 일반적 거래조건들의 나열에 불과하다.",
            "이런 형태의 이 사건 물품공급계약으로부터 이 사건 근저당권 설정, 선급금, 물품대금 편취의 사기가 파생 내지 부수적으로 발생된다거나 직접적인 사기가 성립된다는 것은 논리의 비약이다.",
            "검사가 주장하는 위와 같은 관계가 성립되려면, 이 사건 선급금, 근저당권설정, 물품공급의 조건, 시기, 방법, 대금의 지급시기 등이 이 사건 물품공급계약에 구체적으로 명확하게 나타나야 할 뿐만 아니라, 피고인들도 이에 상응하여 일련의 기망을 할 범의가 있어야 한다.",
            "검사의 위 부분 주장은 이유 없으나, 위와 같은 이 사건 특경법위반(사기)의 구조에 대한 주장은 법률적인 평가에 관한 주장에 불과하므로, 이에 관한 부분을 무죄 항목에서 따로 판단하지는 아니한다.",
            "피고인 2가 덤핑판매와 허위특판 및 링크업 인수를 위한 실사과정에서 허위사실을 말하도록 지시하였는지 여부에 관하여만 판단하였으나, 이 법원은 나아가 피고인 2가 링크업에 의한 허위담보 제공사실을 알았는지 및 피고인 2가 현대금속이 공급받은 물품을 처음부터 링크업의 씨제이조이큐브에 대한 기존 채무를 변제받을 생각으로 수령하였는지 여부도 함께 보기로 한다.",
            "피고인 1, 3이 공모하여 씨제이조이큐브에 담보가치가 거의 없는 부동산을 담보로 제공한 후 38억 원 상당의 외상거래를 위한 담보한도액을 부여받았다.",
            "위 담보제공 및 한도액의 설정은 피고인 2가 씨제이조이큐브에 입사하기 전인 2006년 6월경에 모두 마쳐진 점 등에 비추어 피고인 2가 허위담보라는 사실을 알고 있었다고 인정할 만한 증거가 없을 뿐만 아니라, 오히려 피고인 3의 적극적인 기망행위와 공소외 10의 보고 등에 의하여 위 담보가 가치있는 것으로 오인한 것으로 보인다.",
            "피고인 2는 게임기의 시장가격이 씨제이조이큐브가 링크업에게 공급한 가격보다 낮다는 사정 및 적어도 누군가에 의하여 게임기의 덤핑판매가 이루어지고 있다는 사정은 잘 알고 있었던 것으로 보인다.",
            "피고인 2는 적어도 이미 덤핑으로 고착된 낮은 시장가격으로 인하여 게임기 유통시장에서 게임기를 판매하여 수익을 올리기는커녕 손해를 볼 수밖에 없는 구조가 형성된 점에 관하여는 충분히 알고 있었던 것으로 보인다.",
            "피고인 2가 링크업이 덤핑판매를 하는 사실을 알고 있었고, 링크업의 덤핑판매를 지시까지 하였다는 점에 관하여 보건대, 위 “⒧ 인정사실”에 의하면, 피고인 2는 2007.4.17.경까지 링크업이 게임기를 덤핑판매하는지 여부조차 모르고 있었다고 봄이 상당하므로, 나아가 덤핑판매를 지시한 바도 없었다.",
            "피고인 2가 피고인 1에게 2006.9.1.보낸 “사장님 좋은 주말 보내세요.사업을 알수록 사장님의 도움이 감사합니다.계속 도와주시고요” 내용의 문자메시지 및 2007.2.22.보낸 “결론통보:24일엑박1주년행사는MS측초청불존관계로모든리테일러참석불가를요청바람”이라는 내용의 문자메시지는 덤핑판매를 지시하는 내용이 없다."
        ]
    },
    "close": {
        "cnclsns": [
            "원심판결을 파기한다.",
            "피고인 1을 징역 5년에, 피고인 2를 징역 2년 6월에, 피고인 3을 징역 4년에 각 처한다.",
            "원심판결 선고 전의 구금일수 88일씩을 피고인들에 대한 위 각 형에 각 산입한다.",
            "이 사건 공소사실 중 피고인들의 4,700,774,970원 상당의 게임기 공급에 대한 특정경제범죄 가중처벌 등에 관한 법률 위반(횡령)의 점의 예비적 공소사실은 각 무죄이다."
        ]
    }
}