{
    "info": {
        "caseField": "2",
        "detailField": "6",
        "trailField": "1",
        "caseNm": "특정경제범죄가중처벌에관한법률위반(횡령),부정수표단속법위반,근로기준법위반",
        "courtNm": "서울중앙지방법원  ",
        "judmnAdjuDe": "2010. 06. 25.",
        "caseNo": "2009고합1376",
        "relateLaword": [
            "특정경제범죄 가중처벌 등에 관한 법률 제3조",
            "형법 제356조",
            "형법 제 355조",
            "구 부정수표단속법 제4조",
            "근로기준법 제109조",
            "근로기준법는 제36조",
            "형법 제37조",
            "형법 제38조",
            "형법 제50조",
            "형법 제53조",
            "형법 제55조"
        ],
        "qotatPrcdnt": []
    },
    "concerned": {
        "acusr": "4",
        "dedat": "1"
    },
    "org": {
        "orgJdgmnCourtNm": "",
        "orgJdgmnAdjuDe": "",
        "orgJdgmnCaseNo": ""
    },
    "disposal": {
        "disposalform": "6",
        "disposalcontent": [
            "피고인를 징역 4년에 처한다. "
        ]
    },
    "mentionedItems": {
        "rqestObjet": [
            "이 사건 횡령범행은 특별한 가중요소와 감경요소가 없어 횡령범죄 중 기본영역에 해당하고, 이득액이 50억 원 이상, 300억 원 미만으로서 제4유형에 해당하므로, 양형기준 상 권고형의 범위는 징역 4년~7년이다. "
        ]
    },
    "assrs": {
        "acusrAssrs": [],
        "dedatAssrs": [
            "피고인은 이 사건 금원은 000가 분양권한 및 임대·대관권한을 가진 시행사로서 단독 명의로 수령한 분양대금 및 임대료, 대관료이거나 단독 명의로 납부한 부가가치세에 대한 환급금이므로 대내·외적으로 000의 단독 소유에 해당하고, 000가 이를 공동관리계좌에 입금하지 아니하고 임의로 사용한 것은 민사상 채무불이행에 해당할 뿐 횡령죄는 성립하지 않는다고 주장한다.",
            "피고인은, 이 사건 금원을 000의 운영비 등 이 사건 사업과 관련한 비용으로 지출하였을 뿐 이 사건 사업과 무관한 개인적인 용도로 사용한 사실이 없으므로 피고인에게 불법영득의사가 없었다고 주장한다.",
            "이 사건 당좌수표는 000가 000의 분양대금 채무를 보증하기 위한 목적으로 발행하여 000에 교부한 것인데, 000가 2008.9.22.000에 대하여 분양계약을 해지함에 따라 000의 분양대금 채무와 000의 보증채무가 소멸되었으므로, 000는 위 분양대금의 담보로 교부받은 위 당좌수표를 보충할 권한을 상실하였다.",
            "000가 2008.9.26.위 당좌수표를 보충기재하여 지급제시한 것은 권한 없는 자의 수표 보충권 행사로서 유가증권 위조 및 행사에 해당하고, 000가 같은 날 수표사고신고서를 제출한 것은 허위신고에 해당하지 아니하며, 피고인에게 허위신고에 대한 인식도 없었다."
        ]
    },
    "facts": {
        "bsisFacts": [
            "피고인은 부동산업 등을 목적으로 설립된 000의 대표이사로서 000의 자금 집행을 비롯하여 업무 전반을 관리하는 지위에 있었다.",
            "피고인이 운영하는 000는 2003.6.4.000(이하 '피해자'라 한다)와 0000(이하 1 생략)지상에 00000 및 상가 등의 신축분양사업을 공동으로 진행하면서 부지매입은 000가 주관하되 피해자가 토지비를 선투자하기로 하고, 프로젝트 파이낸싱 및 사업계획, 분양업무를 공동으로 주관하며, 000는 시행을, 피해자는 시공을 각 담당하기로 하는 공동사업이행협약을 체결하였다.",
            "분양대금 등 공동사업과 관련된 자금은 000와 피해자가 공동으로 관리하는 예금계좌(000 및 000 계좌)에 입금하여 관리하기로 하면서 사업종료 후 사업이익의 분배는 000 55%, 피해자 45%의 비율로 분배하기로 약정하였다.",
            "2005.3.23.000가 프로젝트 파이낸싱 이자를 지급하지 못하여 000으로부터 기한이익 상실 사유에 해당한다는 통보를 받자 000는 건축주로서의 대관업무, 민원처리업무, 분양업무지원을 담당하고, 위 오피스텔 및 상가의 분양에 대한 권리 일체(분양계획수립, 분양대행업체 선정, 분양가격책정 등)및 계약자(수분양자)관리업무는 피해자가 담당하기로 변경하면서 공동사업계좌를 피해자 명의로 변경하였다.",
            "2006.6.23.000가 부가가치세환급금을 사업계좌에 입금하지 않자 000는 상가 및 오피스텔 분양업무를 피해자에게 일임하기로 약정하였다.",
            "000와 피해자는 00000 및 상가의 신축분양 사업의 공동사업자로서 상호협력하여 사업을 추진하는 지위를 보유하고 있었고, 피고인은 위 000의 대표이사로서 공동사업으로 인하여 취득하는 분양대금, 부가세 환급금 등 각종 수익금을 공동사업계좌에 입금하여 관리할 의무가 있었다.",
            "피고인은 2003.7.22.0000 (이하 2 생략)피고인이 운영하는 000 사무실에서 위 00000 수분양자 공소외 00으로부터 분양중도금 명목으로 금 2억 원을 000의 통장으로 입금받아 업무상 보관하던 중 위 금원을 공동사업계좌에 입금하지 아니하고 그 시경 000의 운영자금 등으로 임의로 사용하였다.",
            "피고인은 이를 비롯하여 별지 범죄일람표 (1)기재와 같이 2003.7.22.부터 2006.9 18.까지 사이에 모두 6명으로부터 분양대금 명목으로 금 2,359,100,000원을 교부받아 000의 운영자금 등으로 임의로 사용하였다.",
            "피고인은 2006.8.23.위 000 사무실에서 삼성세무서로부터 위 공동사업과 관련하여 2006년도 1분기 부가가치세 106,870,620원을, 2007.2.23.2006년도 2분기 부가가치세 1,372,880,960원을, 2007.8.23.2007년도 1분기 부가가치세 2,957,574,020원을 환급받았다.",
            "더불어 2008.2.25.2007년도 2분기 부가가치세319,462,640원을 환급받는 등 모두 4,756,788,240원의 부가가치세를 000의 통장으로 환급받아 업무상 보관하던 중 위 금원을 공동사업계좌에 입금하지 아니하고 그 시경 000의 운영자금 등으로 임의로 사용하였다.",
            "2008.6.25.위 000 사무실에서, 위 00000 건물의 일부를 000에 일시 대여하고 임대료 2,400만 원을 교부받아 업무상 보관하던 중 위 금원을 공동사업계좌에 입금하지 아니하고 000의 운영자금 등으로 임의로 사용하였다.",
            "2008.6.27.위 000 사무실에서, 위 00000 건물 일부를 000에 일시 대여하고 대관료 4,400만 원을 교부받아 업무상 보관하던 중 위 금원을 공동사업계좌에 입금하지 아니하고 그시경 000의 운영자금 등으로 임의로 사용하였다.",
            "피고인은 수표금액의 지급을 면할 목적으로, 2008.9.26.0000 소재 000에서 위 수표의 발행일이 권한 없는 자에 의하여 임의로 기재되어 위 수표가 위·변조되었다는 내용의 수표사고신고서를 제출하여 금융기관에 허위신고를 하였다.",
            "피고인은 0000 (이하 1 생략)에서 000라는 상호로 상시근로자 40명을 고용하여 스포츠센터를 운영하는 사용자이다.",
            "피고인은 2008.4.15.경부터 2009.6.12.경까지 위 회사에서 근로를 제공하다가 퇴직한 공소외 00의 임금 7,285,041원을 지급하지 아니한 것을 비롯하여 별지 범죄일람표 (2)기재 근로자 14명에 대한 임금 합계 117,006,127원을 당사자 간의 기일 연장에 관한 합의 없이 퇴직일로부터 14일 이내에 지급하지 아니하였다.",
            "2008.4.14.위 000 사무실에서, 피고인은 위 00000 4~6층의 운동시설을 000 대표이사 공소외 00 명의로 분양받으면서 분양대금 240억 원 중 150억 원은 2008.5.15.까지, 90억 원은 2008.6.30.까지 각 지급하기로 하였다.",
            "위 분양대금 지급채무를 담보하기 위하여 (수표번호 생략), 액면금 “이백사십억 원정(24,000,000,000)”, 발행인“ 000 대표이사 피고인, 000 대표이사 공소외 00 발행일이 백지로 된 당좌수표 1장을 발행하여 000에 교부하고, 피고인이 채무를 이행하지 못할 경우에는 발행일자를 000에서 보충 기재하여 행사할 수 있다는 내용의 백지어음 보충권 수여증을 작성하여 주었다.",
            "000가 약정일시까지 분양대금을 지급하지 못하고, 2008.9.22.한국 000으로부터 000의 채무불이행으로 기한이익을 상실하였으므로 보증인인 000가 1,200억 원의 대출 채무를 변제하라는 통보를 받자 000는 위 수표의 발행일을 “2008년 9월 26일”로 보충 기재하여 2008.9.26.000에 지급제시하였다.",
            "사용자는 근로자가 사망 또는 퇴직한 경우에는 그 지급사유가 발생한 때로부터 14일 이내에 임금·보상금 기타 일체의 금품을 지급하여야 한다."
        ]
    },
    "dcss": {
        "courtDcss": [
            "이 사건 공동사업이행협약서는 000와 000 사이에 이 사건 사업을 위하여 최초로 체결된 협약서로서, 000와 000 사이의 공사도급계약 체결 등 사항을 포함하여 이 사건 사업에 있어서 000와 000의 기본적인 관계를 규정하는 기준이 되는 문서인 점이 인정된다.",
            "위 공동사업이행협약서는 제2조에서 이 사건 사업을 추진하는 방식을 공동개발사업이라고 명시하면서, 제4조에서 부지매입을 000가 주관하되 000가 토지비를 선투자하기로 하고, 프로젝트 파이낸싱 및 사업계획, 모델하우스, 광고·홍보·분양업무를 공동업무로 규정하고, 제5조에서 사업부지 매입을 000와 000의 협력체제로 수행하고, 매입계약서를 공동명의로 하며, 000가 계약금을 대여하고, 프로젝트 파이낸싱을 통하여 잔금을 납부하기로 하기로 규정한다.",
            "또한, 제6조에서 사업기획 및 건축설계 등을 공동으로 협력하여 수행하고, 감리업무를 000의 책임과 권한으로 하기로 하고, 제8조에서 모델하우스 관련 업무 및 광고,홍보,분양업무를 000와 000 간에 공동으로 주관하기로 하는 등, 이 사건 사업을 000와 000의 공동사업으로 규정하고, 공사도급계약 체결은 위 공동사업이행협약서 제9조에 따른 하위적인 사항으로 규정한 점이 인정된다.",
            "일반적인 분양사업에 있어서 사업으로 인한 모든 이익과 손실이 귀속되는 주체는 시행사이고, 시공사는 시행사로부터 공사대금만을 지급받는 것과는 달리, 이 사건 공동사업이행협약서는 사업이익을 000와 000 간에 55:45의 비율로 분배하기로 한 점이 인정된다.",
            "000가 000를 시공사로 선정하고 위와 같이 이익분배 약정을 하게 된 경위에 대하여, 피고인은 000가 주거분양에 대하여는 자신이 있었으나 상가분양에 대하여는 경험이 없어서 000를 운영하는 등 상가 분야에 상당한 노하우를 가진 000와 위와 같은 이익분배를 전제로 이 사건 공동사업이행협약서를 체결하게 되었다고 진술하고 있다.",
            "따라서 위와 같은 공동사업약정 체결 경위에 비추어 보더라도 위 이익분배 약정은 000가 이 사건 사업의 분양 업무에 있어서도 실질적인 역할을 수행할 것을 전제로 이루어진 것으로 보이는 점이 인정된다.",
            "이 사건 공동사업이행협약서에 따른 공동업무 수행을 위하여 공동의 T/F 팀이 구성되어 실제로 이 사건 사업 관련 제반업무를 000와 000가 공동으로 수행하였고, 그 비용도 공동 운영기금에서 지급된 점이 인정된다.",
            "일반적인 분양사업에 있어서 통상 시행사가 부지매입 과정을 책임지는 것과는 달리, 이 사건 사업의 경우 부지 매수계약체결이 000와 000의 공동 명의로 이루어졌고, 매수자금도 000의 대여금 및 프로젝트 파이낸싱 대출에 의하여 조달된 점이 인정된다.",
            "이 사건 부지 및 신축 부동산을 000의 단독 명의로 두지 아니하고 신탁재산으로 관리하였고, 이에 대하여 대주인 000 및 채무인수자인 000를 우선 수익자로 지정한 점이 인정된다.",
            "이후 사업진행 상황에 따라 체결된 2005.3.23.자 합의서 및 2006.6.23.자 합의서에 의하여 분양에 대한 권한 및 책임 자체가 000에게 이전되기도 하는 등, 000와 000의 역할이 고정되지 아니하고 사업진행상의 필요에 따라 재조정된 점이 인정된다.",
            "000를 차주로 하여 이 사건 이 사건 프로젝트 파이낸싱 대출을 받음에 있어, 000는 기한의 이익 상실 등의 경우 직접 채무를 인수하기로 한 점이 인정된다.",
            "이익의 분배 외에 손실의 분배에 대하여 협약서 및 합의서 등에 명시적인 언급은 없으나, 이 사건 공동사업 중단시 000는 기성고에 따른 공사대금을 정산받는 것에 그치지 아니하고 프로젝트 파이낸싱 대출금 채무를 인수하고 분양권한 등 사업권 자체를 인수하는 등 스스로 이 사건 사업의 손익귀속 주체가 됨으로써 사실상 이 사건 사업으로 인한 손실을 부담하게 되는 점 등의 사정을 알 수 있다.",
            "이 사건 사업에 있어서 000와 000의 관계는 단순히 시행사와 시공사의 관계에 머무르는 것으로 볼 수 없고, 이 사건 공동사업이행협약서에 따라 000와 000 사이에 이 사건 사업에 관한 동업계약이 성립하였다고 할 것이어서, 000와 000는 이 사건 사업의 공동수행을 목적으로 한 동업관계에 있었다고 할 것이다.",
            "위와 같은 동업관계로 인하여 발생한 수익금인 이 사건 금원은 000와 000의 합유에 속하는 동업재산에 해당하고, 000는 이를 위 동업체를 위하여 보관하는 자의 지위에 있었다고 할 것이다.",
            "이 사건 금원은 동업자 간에 그 용도와 목적이 엄격히 제한되어 사용될 것이 약정된 자금이라고 할 것임에도 000가 위와 같은 자금의 보관방법, 사용절차 및 사용목적에 위배하여 000의 운영자금 등으로 이 사건 금원을 임의로 사용한 행위는 불법영득의사를 실현하는 행위로서 횡령죄에 해당한다고 할 것이다.",
            "000와 000 사이에 000의 운영비를 000가 일부 지원해주거나 000의 이익금을 추후 협의하여 정산해주기로 하는 약정이 있었다고 하더라도, 000와 000 사이에 그러한 손익분배의 정산이 되지 않고 000에게 선지급할 운영비 및 이익금에 대한 합의가 이루어지지 않은 상태에서 동업자의 일방인 피고인이 000의 허락없이 임의로 동업재산인 이 사건 금원을 사용한 이상 피고인은 이 사건 금원 전부에 대하여 횡령죄의 죄책을 부담한다고 할 것이다.",
            "피고인이 이 사건 금원을 개인적인 이익을 위하여 지출한 것이 아니고 대체로 000의 운영비 등 이 사건 사업과 직,간접적으로 관련된 비용에 지출하였다는 사정만으로는 피고인에게 불법영득의사가 없었다고 볼 수 없다.",
            "2006.10.9.자 00000 사업약정 변경합의서에 의하여 000가 000와의 대내적인 관계에서 이 사건 운동시설에 대한 분양권한을 회복하였고, 이에 따라 000는 매도인으로서 자신의 명의로 000와 이 사건 2007.3.29.자 공급계약을 체결하였으므로, 위 공급계약의 명의인이 아닌 000가 000에 대하여 독자적인 해지통보를 할 권한이 있다고 볼 수 없다.",
            "2008.4.14.합의서 및 어음공정증서 역시 000와 000가 분양대금을 000에 지급하기로 하는 약정에 불과할 뿐이고 위 공급계약의 매도인을 000로 변경하거나 000에게 직접 위 공급계약을 해지할 수 있는 권한을 부여하는 내용으로 볼 수 없다.",
            "000의 000에 대한 2008.9.22.자 해지통보는 2007.3.29.자 공급계약서 및 2008.4.14.자 합의서에 의하여 000가 000에 대하여 부담하는 분양대금 지급채무에 영향을 미치지 아니한다고 할 것이어서, 위 해지통보에 의하여 000의 000에 대한 채권 및 백지당좌수표 보충권이 소멸한다고 볼 수 없고, 000의 2008.9.26.자 백지보충권 행사 및 지급제시는 적법하다고 할 것이다.",
            "따라서, 이에 대하여 000가 앞서 본 바와 같은 내용의 수표사고신고서를 제출한 것은 허위신고에 해당한다고 할 것이다.",
            "피고인은 000의 운영자로서 직접 2006.10.9.자 00000 사업약정 변경합의서, 2006.10.27.자, 2007.3.29.자 각 공급계약서 및 2008.4.14.자 합의서를 체결하고 이 사건 당좌수표를 발행하면서 위와 같은 000와 000, 000의 관계를 충분히 인식하였다고 할 것이므로, 위 수표사고신고서 제출 당시 피고인에게 위 신고가 허위신고라는 점에 대한 인식이 없었다고 볼 수도 없다."
        ]
    },
    "close": {
        "cnclsns": [
            "피고인을 징역 4년에 처한다."
        ]
    }
}