{
    "info": {
        "caseField": "2",
        "detailField": "6",
        "trailField": "1",
        "caseNm": "가.사기나.변호사법위반",
        "courtNm": "부산지방법원",
        "judmnAdjuDe": "2010. 05. 04.",
        "caseNo": "2009고단4011",
        "relateLaword": [
            "형법 제347조",
            "변호사법 제111조",
            "형법 제30조",
            "형법 제40조",
            "형법 제50조",
            "형법 제37조",
            "형법 제39조",
            "형법 제38조",
            "형법 제70조",
            "형법 제69조",
            "형사소송법 제334조"
        ],
        "qotatPrcdnt": [
            "대법원 2010. 2. 25. 선고 2009도14768 판결",
            "대법원 1996. 10. 25. 선고 96도2022 판결"
        ]
    },
    "concerned": {
        "acusr": "4",
        "dedat": "1"
    },
    "org": {
        "orgJdgmnCourtNm": "",
        "orgJdgmnAdjuDe": "",
        "orgJdgmnCaseNo": ""
    },
    "disposal": {
        "disposalform": "6",
        "disposalcontent": [
            "피고인 00를 판시 제1의 가 죄에 대하여 징역 1년 4월에, 판시 제1의 나, 다, 라죄에 대하여 징역 8월에, 피고인 00을 벌금 300만 원에 각 처한다.",
            "피고인 00이 위 벌금을 납입하지 아니하는 경우 5만 원을 1일로 환산한 기간 위 피고인을 노역장에 유치한다.",
            "피고인 00로부터 7,400만 원을 추징한다.",
            "피고인 00에 대하여 위 벌금에 상당한 금액의 가납을 명한다."
        ]
    },
    "mentionedItems": {
        "rqestObjet": [
            "피고인 00를 판시 제1의 가 죄에 대하여 징역 1년 4월에, 판시 제1의 나, 다, 라죄에 대하여 징역 8월에, 피고인 00을 벌금 300만 원에 각 처한다.",
            "피고인 00이 위 벌금을 납입하지 아니하는 경우 5만 원을 1일로 환산한 기간 위 피고인을 노역장에 유치한다.",
            "피고인 00로부터 7,400만 원을 추징한다."
        ]
    },
    "assrs": {
        "acusrAssrs": [],
        "dedatAssrs": []
    },
    "facts": {
        "bsisFacts": [
            "피고인 정A는 2008. 7. 11. 부산지방법원에서 사기죄로 징역 10월에 집행유예 2년을 선고받고 2008. 7. 19. 그 판결이 확정되어 현재 집행유예 기간 중에 있다.",
            "피고인 00는 2008. 1. 초순경 0000에 있는 상호 불상의 술집에서 당시 경찰서 00과장이던 피해자 00에게 \"00 경찰청장 내정자를 경감 때부터 잘 알고 지내왔다, 이번에 00씨가 경찰청장이 되면 그 사람한테 잘 부탁해서 00 당신 이 총경으로 승진하도록 도와주겠다. 그런데 그렇게 부탁을 하려면 비용이 드니 3,000만원을 준비해서 가져와라\" 라고 거짓말을 하였다.",
            "피고인 00는 2008. 3. 초순경 피해자 00에게 \"0000에 가서 00 경찰청장을 만나고 왔다. 00 청장도 00과장을 많이 걱정하더라. 그런데 총경 승진 부탁을 하려면 활동비가 더 들어갈 것 같으니 추가로 돈을 달라\" 라고 거짓말을 하였다. 이에 속은 피해자 00은 2008. 3. 5. 다시 친구 00의 처 00로부터 2,000만 원을 차용한 다음 이를 피고인이 통장과 도장을 소지하고 있던 00 명의의 000 계좌에 송금하였다.",
            "사실 피고인 00는 그 당시 00 경찰청장 내정자(2008. 1. 9. 내정발표, 2008. 2. 11. 경찰청장 취임, 2009. 1. 29. 경찰청장 퇴임)에게 부탁하여 피해자 00으로 하여금 총경으로 승진하도록 해 줄 의사나 능력이 없었다.",
            "피고인 00는 위와 같이 피해자 00을 기망하여 재물을 취득함과 동시에 공무원이 취급하는 사건에 관하여 청탁한다는 명목으로 금품을 받았다.",
            "00는 2008. 12. 1.경 위 0에서, \"00에게 아는 검사나 경찰관한테 손을써 사건을 무마해 주겠다. 0000까지 출장을 가려면 최소한의 경비가 필요하다\" 라고 말하였고, 피고인 00은 2008. 12. 3.경 00의 처 00에게 \"검사나 경찰관한테 부탁할 때 사용할 경비로 2,000만 원을 내 계좌에 송금해 달라\" 라고 말하였다.",
            "피고인 00는 사실 피해자 00로부터 사건 무마 청탁 명목으로 돈을 받아 개인적인 용도로 사용할 생각이었으므로, 그 명목으로 돈을 받더라도 검사나 경찰관에게 청탁하여 위 사건을 무마해 줄 의사나 능력이 없었다.",
            "피고인 00는 위와 같이 피해자 00를 기망하여 2008. 12. 3. 14:00경 피해자 00로부터 00의 계좌로 2,000만 원을 송금받았다.",
            "피고인 00는 피해자 00를 기망하여 재물을 취득함과 동시에 00과 공모하여 공무원이 취급하는 사건에 관하여 청탁한다는 명목으로 금품을 받았다.",
            "피고인 00는 2009.3.2. 19:30경 위 0에서, 그 당시 0000 ㅁ경찰서에서 불법 오락실인 '그 게임랜드'를 운영한 혐의로 수사대상에 올라 있던 피해자 00에게 '검찰청 차장검사한테 부탁하여 압수당한 오락기 50대와 현금 1,000만 원을 돌려받도록 해주겠다'라고 말하였다.",
            "사실은 피해자 00로부터 위와 같은 청탁 명목으로 돈을 받아 개인적인 용도로 사용할 생각이었으므로, 그 명목으로 돈을 받더라도 검찰청 차장검사에게 청탁하여 오락기와 현금을 돌려받도록 해 줄 의사나 능력이 없었다.",
            "피고인 00는 위와 같이 피해자 00을 기망하여 이에 속은 피해자로부터 즉석에서 400만 원을 교부받았다.",
            "피고인 00는 피해자 00을 기망하여 재물을 취득함과 동시에 공무원이 취급하는 사건에 관하여 청탁을 한다는 명목으로 금품을 받았다.",
            "피고인 00는 2009. 3. 12. 16:00경 0000에 있는 피고인 운영의 0에서, 00을 통해 위 업소 동업자로서 손님들을 상대로 환전업을 하던 피해자 00에게 \"금정경찰서에 근무하는 아는 경찰관들한테 부탁하여 환전상 단속을 3개월 동안 유예시켜 주겠다\" 라고 말하였다.",
            "사실은 피해자 00로부터 위와 같은 청탁 명목으로 돈을 받아 개인적인용도로 사용할 생각이었으므로, 그 명목으로 돈을 받더라도 금정경찰서 경찰관에게 청탁하여 환전상 단속을 유예시켜 줄 의사나 능력이 없었다.",
            "피고인 00는 위와 같이 피해자 00을 기망하여 이에 속은 피해자로부터 00을 통해 그 무렵 300만 원을 교부받았다.",
            "피고인 00은 2008. 11. 30.경 위 0에서, 그 당시 부산 동부경찰서에서 대부업의 등록및 금융이용자보호에 관한 법률 위반 혐의로 압수수색을 받는 등 수사 대상에 올라있던 00로부터 검사 또는 경찰관을 통해 위 사건을 무마해 달라는 부탁을 받고 00에게 00를 소개하였다.",
            "00는 2008. 12. 1.경 위 0에서, 00에게 \"아는 검사나 경찰관한테 손을써 사건을 무마해 주겠다. 0000까지 출장을 가려면 최소한의 경비가 필요하다\" 라고 말하였고, 피고인 00은 2008. 12. 3.경 00의 처 00에게 검사나 경찰관한테 부탁할 때 사용할 경비로 2,000만 원을 내 계좌에 송금해 달라 라고 말하여 2008. 12. 3. 14:00경 00로부터 피고인 00의 계좌로 2,000만 원을 송금받았다.",
            "피고인 00은 00와 공모하여 공무원이 취급하는 사건에 관하여 청탁한다는 명목으로 금품을 받았다."
        ]
    },
    "dcss": {
        "courtDcss": [
            "피고인 00를 판시 제1의 가 죄에 대하여 징역 1년 4월에, 판시 제1의 나, 다, 라죄에 대하여 징역 8월에, 피고인 00을 벌금 300만 원에 각 처한다.",
            "피고인 00이 위 벌금을 납입하지 아니하는 경우 5만 원을 1일로 환산한 기간 위 피고인을 노역장에 유치한다.",
            "피고인 00로부터 7,400만 원을 추징한다.",
            "피고인 00에 대하여 위 벌금에 상당한 금액의 가납을 명한다."
        ]
    },
    "close": {
        "cnclsns": [
            "피고인 00를 판시 제1의 가 죄에 대하여 징역 1년 4월에, 판시 제1의 나, 다, 라죄에 대하여 징역 8월에, 피고인 00을 벌금 300만 원에 각 처한다.",
            "피고인 00이 위 벌금을 납입하지 아니하는 경우 5만 원을 1일로 환산한 기간 위 피고인을 노역장에 유치한다.",
            "피고인 00로부터 7,400만 원을 추징한다.",
            "피고인 00에 대하여 위 벌금에 상당한 금액의 가납을 명한다."
        ]
    }
}