{
    "info": {
        "caseField": "2",
        "detailField": "6",
        "trailField": "2",
        "caseNm": "폭력행위등처벌에관한법률위반(집단, 흉기등주거침입), 폭력행위등처벌에관한법률위반(공동주거침입), 업무방해, 공무상표시무효, 폭력행위등처벌에관한법률위반(집단, 흉기등폭행)",
        "courtNm": "인천지방법원  ",
        "judmnAdjuDe": "2010. 02. 12.",
        "caseNo": "2009노4004",
        "relateLaword": [
            "형사소송법 제364조\n",
            "형사소송법 제325조",
            "형법 제37조 \n",
            "형법 제38조\n",
            "형법 제50조\n",
            "형법 제55조\n",
            "형법 제62조\n",
            "형법 제53조\n",
            "형법 제260조",
            "형법 제319조",
            "형법 제314조",
            "형법 제30조\n",
            "폭력행위 등 처벌에 관한 법률 제3조  ",
            "폭력행위 등 처벌에 관한 법률 제2조 "
        ],
        "qotatPrcdnt": [
            "대법원 2008. 12. 24. 선고 2006도1819 판결"
        ]
    },
    "concerned": {
        "acusr": "4",
        "dedat": "1"
    },
    "org": {
        "orgJdgmnCourtNm": "인천지방법원",
        "orgJdgmnAdjuDe": "2009. 11. 24. ",
        "orgJdgmnCaseNo": "2009고단3910, 5145(병합) "
    },
    "disposal": {
        "disposalform": "6",
        "disposalcontent": [
            "원심판결 중 피고인들에 대한 부분을 모두 파기한다.",
            "피고인 1을 징역 1년, 피고인 2, 3을 각 징역 8월에 각 처한다.",
            "다만, 피고인 2, 3에 대하여 이 판결 확정일로부터 2년간 위 각 형의 집행을 유예한다.",
            "피고인 1에 대한 공무상표시무효의 점은 무죄로 판결한다."
        ]
    },
    "mentionedItems": {
        "rqestObjet": [
            "반성하고 있는 점 등을 고려할 때, 원심의 피고인들에 대한 형(피고인 1 징역 1년, 피고인 2, 3 각 징역 8월, 집행유예 2년)은 너무 무거워 부당하다."
        ]
    },
    "assrs": {
        "acusrAssrs": [],
        "dedatAssrs": [
            "반성하고 있는 점 등을 고려할 때, 원심의 피고인들에 대한 형(피고인 1 징역 1년, 피고인 2, 3 각 징역 8월, 집행유예 2년)은 너무 무거워 부당하다."
        ]
    },
    "facts": {
        "bsisFacts": [
            "피고인 1의 매부인 공소외 3은 2003.4.21.인천광역시 시설관리공단으로부터 0000에 있는 000를 대부받아 시설공사를 진행하던 중 자금이 부족해지자 공소외 1과 2003.12.17.공사잔대금에 대한 대가로 지분 10%를 보장하는 약정을 체결했다.",
            "2003.12.26.공소외 1, 2로부터 16억원을 투자받는 대신 40%의 지분을 보장하고 2004.1.1.부터 000의 경영권을 양도하기로 하는 내용의 동업계약을 체결하였고, 이에 공소외 1, 2로부터 경영을 위임받은 피해자 공소외 4는 그 무렵부터 적법하게 000를 점유하면서 영업을 계속해 왔다.",
            "공소외 3 및 피고인 1은 2006.경부터 공소외 4 등이 영업이익을 제대로 배분하지 않는다고 주장하면서 공소외 4 측의 영업을 방해하였고, 공소외 1, 2, 4를 상대로 직무집행정지가처분, 건물인도청구소송, 익명조합계약부존재확인 등의 소를 제기하였으나 모두 패소하게 되었다.",
            "그러자,  2008.12.2.경 위 000의 점유를 침탈할 목적으로 북파공작원(HID)출신인 공소외 5에게 공소외 3과 피고인 1의 모든 권한을 위임한다는 내용의 위임장을 작성해 준 후, 피고인 1은 공소외 5와 피해자의 영업을 방해하고 000를 무단으로 침입하기로 공모하였다.",
            "피고인 1은 2008.12.19.09:40경 위 000에 이르러 성명을 알 수 없는 용역직원 4~5명과 함께 출입문을 통해 피해자 공소외 4가 운영하는 000 예약실 안까지 들어가 건조물에 침입하였다.",
            "피고인 1은 성명을 알 수 없는 용역직원 4~5명과 함께 2008.12.19.09:40경부터 12:40경까지 위 000 예약실에서 그곳에 있는 예약장부 등 서류를 가지고 나오려고 하는 것을 여직원들이 제지하자 \"저년들이 더 지랄이야, 쌍년들\"이라고 소리치며 예약실 문 앞을 돌아다녔다.",
            "피고인은 성명 불상자들과 공모하여 위력으로써 피해자 공소외 4의 컨벤션센터 운영 업무를 방해하였다.",
            "피고인 1은 공소외 5와 공모하여 2008.12.28.20:35경 0000에 있는 000에 이르러 북파공작원 출신인 공소외 6, 7, 9 및 성명을 알 수 없는 용역직원 등 50여명과 함께 단체나 다중의 위력으로써 열려진 출입문을 통해 피해자 공소외 4가 운영하는 사무실 안까지 들어가 건조물에 침입하였다.",
            "피고인 1은 공소외 5와 공모하여 2008.12.28.20:35경부터 2008.12.31.18:10경까지 위 000에서 피고인 1 및 북파공작원 출신인 공소외 6 등 50여명과 함께 복도를 돌아다니며 위압감을 조성하고, 직원들에게 \"야 씨발, 나데지마, 좇같은 새끼\" 라고 소리치며 출입구를 식기운반대로 막아 출입을 통제하였다.",
            "피고인 1은 위 공소외 5, 6 등과 공모하여 위력으로써 피해자 공소외 4의 000 운영 업무를 방해하였다.",
            "피고인 1은 공소외 5와 공모하여 2009.2.9.14:20경 0000에 있는 000에 이르러 북파공작원 출신인 공소외 6, 8 및 성명을 알 수 없는 용역직원 등 50여명과 함께 단체나 다중의 위력으로써 열려진 출입문을 통해 피해자 공소외 4가 운영하는 사무실 안까지 들어가 건조물에 침입하였다.",
            "피고인 1은 공소외 5와 공모하여 2009.2.9.14:20경부터 2009.2.13.13:00경까지 위 000에서 북파공작원 출신인 공소외 6 등 50여명과 함께 출입구에 서서 출근하려는 직원들에게 들어 오지마, 좋은 말할 때 그냥가라고 말하며 출입을 통제하고, 복도를 돌아다니며 직원들에게 나가라고 소리치고 3층 출입구 손잡이를 끈으로 묶어 사람들이 출입하지 못하게 하였다.",
            "피고인 1은 공소외 5, 6 등과 공모하여 위력으로써 피해자 공소외 4의 000 운영 업무를 방해하였다.",
            "피고인 1 은 공소외 5, 6 과 공모하여 2009.6.22.09:00경 0000에 있는 000에 이르러 북파공작원 출신자들의 모임인 특수임무수행자회 0000,0000지회 회원 및 이름을 알 수없는 용역직원 등 약 35명과 함께 단체나 다중의 위력으로써 열려진 출입문을 통해 피해자 공소외 4 가 운영 하는 000 안으로 들어가 건조물에 침입하였다.",
            "피고인 1은 공소외 5, 6과 공모하여 2009.6.22.09:00경 위 000에 북파공작원 출신자 및 용역직원 등 약 35명과 함께 침입한 후 위 000 예약실에 근무하는 직원 공소외 10을 밖으로 쫓아내고 용역직원들로 하여금 위 000 1층 출입문을 통제하게 하고 피해자 공소외 4가 고용한 직원들의 출입을 통제하였다.",
            "피고인 1은 공소외 5, 6과 공모하여 위 일시경부터 2009.9.말경까지 위력으로 위 000를 점유하여 피해자 공소외 4의 000 운영 업무를 방해하였다."
        ]
    },
    "dcss": {
        "courtDcss": [
            "피고인 1의 공무상표시무효의 점에 관하여 직권으로 보건대, 이 부분 공소사실의 요지는, 인천지방법원 집행관 성도기가 2009.3.26.11:30경 채권자 공소외 1, 2의 위임을 받아 위 법원 2009카합420호 사건의 집행력 있는 영업방해금지가처분 결정정본에 의하여 위 건물을 점거하거나 위 건물에서의 채권자들의 영업을 방해하는 일체의 행위를 하여서는 아니 된다는 것을 고지하고 그 뜻을 표시한 공시서를 위 000 3층에 게시하였다.",
            "피고인 1은 공소외 5 등과 공모하여 2009.6.22.09:00경 위 000에 북파공작원 출신자 및 용역직원 등 약 35명과 함께 침입하여 점유를 개시한 후 위 000를 직접 운영함으로써 위 가처분의 효용을 해하였다는 것이다.",
            "이에 따라 형법 제140조 제1항의 공무상 표시무효죄는 공무원이 그 직무에 관하여 봉인, 동산의 압류, 부동산의 점유 등과 같은 구체적인 강제처분을 실시하였다는 표시를 손상 또는 은닉하거나 기타 방법으로 그 효용을 해함으로써 성립하는 범죄이다.",
            "집행관이 법원으로부터 피신청인에 대하여 부작위를 명하는 가처분이 발령되었음을 고시하는 데 그치고 나아가 봉인 또는 물건을 자기의 점유로 옮기는 등의 구체적인 집행행위를 하지 아니하였다면, 단순히 피신청인이 위 가처분의 부작위명령을 위반하였다는 것만으로는 공무상 표시의 효용을 해하는 행위에 해당하지 않는다고 할 것이다.",
            "인천지방법원 집행관 성도기는 2009.3.26.경 위 000에서 위 영업방해금지가처분결정내용의 뜻을 고시한 공시서를 게시하였을 뿐 더 나아가 어떠한 구체적인 집행행위를 하지 아니한 사정이 인정되는바, 따라서 피고인 1이 그 뒤 단순히 위 가처분에 의하여 부과된 부작위명령을 위반하였다는 이유만으로는 공무상 표시의 효용을 해하는 행위를 하였다고 볼 수 없다.",
            "이를 간과하고 이 부분 공소사실까지 유죄로 인정한 피고인 1에 대한 원심판결은 위법하다."
        ]
    },
    "close": {
        "cnclsns": [
            "원심판결 중 피고인들에 대한 부분을 모두 파기한다.",
            "피고인 1을 징역 1년, 피고인 2, 3을 각 징역 8월에 각 처한다.",
            "다만, 피고인 2, 3에 대하여 이 판결 확정일로부터 2년간 위 각 형의 집행을 유예한다.",
            "피고인 1에 대한 공무상표시무효의 점은 무죄이다."
        ]
    }
}