{
    "info": {
        "caseField": "2",
        "detailField": "6",
        "trailField": "2",
        "caseNm": "업무상과실치상",
        "courtNm": "의정부지법",
        "judmnAdjuDe": "2009. 07. 16.",
        "caseNo": "2009노84",
        "relateLaword": [
            "형법 제268조"
        ],
        "qotatPrcdnt": []
    },
    "concerned": {
        "acusr": "4",
        "dedat": "1"
    },
    "org": {
        "orgJdgmnCourtNm": "의정부지법 고양지원",
        "orgJdgmnAdjuDe": "2008. 12. 26.",
        "orgJdgmnCaseNo": "2007고단1002"
    },
    "disposal": {
        "disposalform": "10",
        "disposalcontent": [
            "원심판결을 파기한다.",
            "피고인을 금고 8월에 처한다.",
            "다만, 이 판결 확정일로부터 2년간 위 형의 집행을 유예한다.",
            "피고인에게 1년간 보호관찰을 받을 것과 80시간의 사회봉사를 명한다.",
            "검사의 항소는 이유 있으므로 형사소송법 제364조 제6항에 의하여 원심판결을 파기한다. "
        ]
    },
    "mentionedItems": {
        "rqestObjet": [
            "이 사건 공소사실이 인정됨에도 원심이 피고인에 대하여 무죄를 선고한 것은 채증법칙 위배로 인한 사실오인 및 법리오해로 인하여 판결에 영향을 미친 위법을 범한 것이다."
        ]
    },
    "assrs": {
        "acusrAssrs": [],
        "dedatAssrs": []
    },
    "facts": {
        "bsisFacts": [
            "피고인은 000 소속 정비공으로서 자동차정비업무에 종사하는 자이다.",
            "이 사건 사고 원인에 관하여 피해자는 2004.12.8.경에 피고인이 일하는 000에 이 사건 자동차의 수리를 맡겼다, 그 후에도 운전석 바퀴 부분에서 윙윙 거리는 소리 또는 뚝뚝 끊어지는 소리가 나 2005.2.7.경 및 2005.2.21.경 두 차례에 걸쳐 위 회사에 다시 수리를 맡겼다.",
            "2004.12.8.경 자동차정비공업사에서 피해자로부터 교통사고로 인해 고장난 피해자 소유의 (차량번호 생략)마티즈 승용차의 앞범퍼, 보닛, 운전석 휀더, 쇼크 업소버(속칭 ‘쇼바’), 너클, 로워암(속칭 ‘노아다이’)등의 수리를 의뢰받아 정비를 하였다.",
            "2005.2.7.경 및 같은 달 23.경 같은 곳에서 피해자로부터 운전석 바퀴 부분에서 이상한 소리가 난다는 이유로 재정비를 요구받아 다시 정비를 하였다.",
            "로워암이 너클에서 빠지지 않도록 정비를 해야 할 업무상 주의의무가 있음에도 불구하고 이를 게을리한 과실로 2006.3.14.15:20경 위 승용차의 로워암이 너클에서 빠지는 바람에 위 승용차가 차도를 이탈하여 인도 화단과 부딪힘으로써 피해자로 하여금 약 13주간의 치료를 요하는 좌측 장비골건 부분 파열상 등을 입게 하였다."
        ]
    },
    "dcss": {
        "courtDcss": [
            "피해자가 2006.3.14.경에 이 사건 자동차를 운전하는데 좌측 앞바퀴가 바깥쪽으로 주저앉더니 조향장치가 제대로 작동되지 아니하여 이 사건 교통사고가 발생하였다는 취지로 수사기관에서부터 당심법정에 이르기까지 당시의 상황을 구체적이고 일관되게 진술하고 있는 점이 인정된다.",
            "이 사건 교통사고 이후 이 사건 자동차를 처음으로 수리하였던 공소외 3은 당시 로워암이 너클에서 빠져 바퀴가 주저앉은 상태였다, 너클에 문제가 있어 로워암이 빠진 것으로 판단하고 로워암, 너클, 베어링을 모두 교체하였다는 취지로 수사기관에서부터 원심법정에 이르기까지 당시의 상황을 매우 구체적이고 일관되게 진술하고 있는 점 등에 비추어, 이하 다음과 같다.",
            "즉, 이 사건 교통사고는 로워암이 너클에서 빠져 나와 바퀴와 조향장치 사이의 연결이 단절되어 발생한 것이라고 판단되는 점이 인정된다.",
            "이 사건 로워암이 너클에서 빠져 나온 원인에 관하여는 000에서 정비사로 일하고 있는 공소외 4는 당심법정에서 이 사건 너클과 로워암을 고정시키는 볼트가 제대로 조여져 있지 아니하여 이 사건 로워암이 너클에서 빠진 것으로 판단된다.",
            "정품 볼트는 그 중간부분에 나사산이 없는 민무늬로 되어 있으므로 위 너클에 끼워져 있는 볼트는 비정품임이 분명하다.",
            "같은 정비사업소에서 정비사로 일하고 있는 공소외 5는 당심법정에서 정품이 아닌 볼트를 사용하면서 볼트를 제대로 조이지 않아 로워암이 너클에 완전히 체결되지 않았다면 로워암과 너클 사이에 틈이 생기고 상당한 시간에 걸쳐 그 틈이 서서히 벌어지면서 마침내 로워암이 너클에서 빠지게 된다.",
            "이 사건 로워암이 너클에서 빠진 상태를 촬영한 사진(수사기록 제25쪽)을 2008.7.1.자 000 대표이사에 대한 사실조회회신에 첨부된 사진(이 사건 자동차와 동일한 연식의 0용 로워암과 너클을 0용 볼트로 체결한 모습을 촬영한 사진, 공판기록 제301 내지 304쪽)과 비교하여 보면 이 사건 볼트와 정품 볼트는 길이, 중간부분에 나사산의 유무 등이 서로 달라 이 사건 너클은 정품이 아닌 볼트에 의하여 완전히 조여져 있지 아니하다.",
            "허나, 정품 볼트로 조여진 너클은 완전히 조여져 있는 것으로 보이는 점이 인정된다.",
            "국립과학수사연구소장에 대한 사실조회회신에 의하면 이 사건 사고 당시 볼트 머리가 체결면에서 상당이 이격된 점으로 보아 이 사건 로워암이 외부 충격에 의하여 너클에서 빠졌을 개연성은 극히 희박하다고 하고 있고, 00는 원심법정에서 이 사건 자동차를 수리할 당시 볼트가 망치로 때려도 들어가지 아니하고, 빼려고 하여도 빠지지 아니하였다고 진술하고 있어 위 공소외 4, 공소외 5의 진술에 부합하는 점 등에 비추어, 이하 다음 내용과 같다.",
            "즉, 이 사건 로워암이 너클에서 빠진 원인은 이 사건 로워암과 너클을 체결하는 볼트가 규격이 맞지 않는 비정품으로서 너클이 제대로 조여지지 아니하여 로워암과 너클 사이에 틈이 생기고 상당한 시간에 걸쳐 그 틈이 서서히 벌어졌기 때문인 것으로 판단되는 점이 인정된다.",
            "피해자는 2005.2.21.경에 000에서 수리를 받은 후에도 여전히 소리가 멈추지 않아 서너 차례 위 회사에 찾아가 다시 수리를 해 달라고 요구하였는데 그 때마다 피고인은 별 문제가 없다면서 수리를 거부하였다.",
            "상황 설명에도 합리성이 있어 신빙성이 있는 점, 피고인 스스로도 수사기관에서부터 원심법정에 이르기까지 자신이 세 차례에 걸쳐 이 사건 자동차를 수리한 사실, 처음에 정품을 사용하여 수리를 하였으므로 차량에서 소리가 나지 않아야 함에도 피해자로부터 이 사건 자동차 바퀴 쪽에서 이상한 소리가 난다는 말을 듣고 두 차례에 걸쳐 다시 수리하였는데 먼저 베어링을 교환하였다.",
            "그런 다음에는 너클과 베어링이 잘못되었다고 생각하고 다시 너클, 볼트, 베어링을 정품으로 교환해 주었다고 진술하고 있는 점이 인정된다.",
            "피해자는 당심법정에서 이 사건 교통사고가 발생한 직후에는 다치지 않았다고 생각했는데 이틀 후에 머리 부위 등의 통증을 느껴 000에서 진료를 받고 입원하였다.",
            "000장에 대한 사실조회 회신에 의하면, 피해자가 입은 좌측 장비골건 부분 파열 등은 이 사건 교통사고의 후유증으로 충분히 있을 수 있는 증상으로 기왕증이 아닌 것으로 판단되는 점,",
            " 피해자가 2004.12.8.경에 발생한 교통사고로 입은 상해는 우측요골골절, 경추부염좌, 하악골 심부좌상 등으로 피해자가 이 사건 교통사고로 상해를 입었다고 주장하는 부위와 서로 다른 점 등에 비추어 피해자가 입은 좌측 장비골건 부분 파열 등은 이 사건 교통사고로 인하여 피해자가 새롭게 입은 상해인 것으로 판단되는 점이 인정된다.",
            "피고인은 정비공으로서 이 사건 자동차를 수리함에 있어 로워암과 너클을 규격에 맞는 정품 볼트를 사용하여 수리하여야 할 업무상 주의의무가 있음에도 불구하고 규격이 맞지 않는 비정품 볼트를 사용하여 이 사건 로워암과 너클을 수리한 과실로 피해자로 하여금 이 사건 교통사고로 인한 상해를 입게 한 사실을 인정할 수 있으므로 이 사건 공소사실은 유죄로 인정된다.",
            "이 사건 로워암이 너클에서 빠진 상태를 촬영한 사진(수사기록 제25쪽)의 너클 부분 중 볼트가 끼워져 있는 부분(너클의 둥근 구멍의 9시 방향)을 면밀하게 살펴보면 너클에 끼워진 볼트 중간부분에 나사산이 있는 것을 볼 수 있다.",
            "정품 볼트를 사용한 경우에는 너클의 볼트 구멍에 정확히 들어맞게 되어 일단 로워암이 너클에 끼워진 다음 정품 볼트에 의해 조이게 되면 로워암에서 너클이 빠질 가능성이 없다.",
            "이 사건 자동차와 같은 차종의 0의 경우 14m 볼트를 사용하여야 하는데 규격에 맞지 않는 볼트를 사용할 경우 나사산이 비뚤어지게 들어가 조여지지도 않고 빠지지도 않는 현상이 나타난다.",
            "피해자는 당시 이 사건 자동차에서 간헐적으로 소리가 들렸고, 지인들로부터 한 번 교통사고가 났던 차량은 원래 잡음이 난다(이 사건 자동차는 2004.12.8.경에 교통사고가 한 번 났던 차량이다)는 말을 들어 피고인이 수리를 거부한 후에 다른 정비업소에 맡길 생각을 하지 못하였다는 취지로 수사기관에서부터 당심법정에 이르기까지 당시의 상황을 구체적이고 일관적으로 진술하고 있다.",
            "또한, 피고인으로부터 수리를 받은 이후부터 이 사건 교통사고가 발생할 때까지 이 사건 자동차를 정비업소에 맡긴 사실이 없다는 취지로 수사기관에서부터 당심법정에 이르기까지 당시의 상황을 구체적이고 일관적으로 진술하고 있다.",
            "000 의사에게 다리 부위의 통증도 호소하였는데 000에 입원하여 엠알아이(MRI)촬영을 하고나서야 자신이 좌측 장비골건 부분 파열 등의 상해도 입었다는 것을 확인하게 되었다고 당시의 상황을 구체적으로 진술하고 있고 그 상황 설명에도 합리성이 있어 신빙성이 있는 점이 인정된다.",
            "교통사고 등으로 인한 외부의 충격으로 로워암이 너클에서 빠진다면 이 사건과 같은 형태가 아닌 로워암 끝부분이 부러지는 등의 현상이 발생한다고 진술한 점이 인정된다.",
            "볼트는 규격이 맞으면 비정품을 사용하여도 무관하지만 이 때 규격이 맞다는 의미는 14m 볼트의 길이 및 나사산의 형태 등이 모두 정품과 동일하여야 한다는 의미이다라는 취지로 진술하고 있는 점이 인정된다."
        ]
    },
    "close": {
        "cnclsns": [
            "원심판결을 파기한다.",
            "피고인을 금고 8월에 처한다.",
            "다만, 이 판결 확정일로부터 2년간 위 형의 집행을 유예한다.",
            "피고인에게 1년간 보호관찰을 받을 것과 80시간의 사회봉사를 명한다."
        ]
    }
}