{
    "info": {
        "caseField": "2",
        "detailField": "6",
        "trailField": "2",
        "caseNm": "배임",
        "courtNm": "서울중앙지방법원",
        "judmnAdjuDe": "2010. 04. 29.",
        "caseNo": "2009노4151",
        "relateLaword": [
            "형법 제51조 ",
            "형사소송법 제364조",
            "형사소송법 제369조",
            "형법 제50조",
            "형법 제38조",
            "형법 제37조 ",
            "형법 제355조 ",
            "형법 제359조 "
        ],
        "qotatPrcdnt": []
    },
    "concerned": {
        "acusr": "4",
        "dedat": "1"
    },
    "org": {
        "orgJdgmnCourtNm": "서울중앙지방법원 ",
        "orgJdgmnAdjuDe": "2009. 11. 27.",
        "orgJdgmnCaseNo": "2008고단7573 판결, 2009초기482 배상명령신청"
    },
    "disposal": {
        "disposalform": "10",
        "disposalcontent": [
            "원심판결 중 피고사건 부분을 파기한다.",
            "피고인을 징역 1년에 처한다."
        ]
    },
    "mentionedItems": {
        "rqestObjet": [
            "가사 유죄로 인정된다 하더라도, 원심이 선고한 형(징역 1년 6월)은 너무 무거워서 부당하다.\n\n",
            "피고인은 피해자에게 믿음을 주기 위해 은행통장 등을 교부하였을 뿐이고 정식으로 양도담보권을 설정하거나 예금채권 양도통지를 하지 않았으므로, 피고인에 대하여 배임죄가 성립하지 아니한다.\n\n"
        ]
    },
    "assrs": {
        "acusrAssrs": [],
        "dedatAssrs": [
            "피고인은 피해자에게 믿음을 주기 위해 은행통장 등을 교부하였을 뿐이고 정식으로 양도담보권을 설정하거나 예금채권 양도통지를 하지 않았으므로, 피고인에 대하여 배임죄가 성립하지 아니한다.",
            "유죄로 인정된다 하더라도, 원심이 선고한 형(징역 1년 6월)은 너무 무거워서 부당하다."
        ]
    },
    "facts": {
        "bsisFacts": [
            "피고인은 2008.1.14.경 영화 '0'에 관련된 프린트 및 현상료를 피해자 회사가 부담하는 대신 피해자 회사에게 피고인이 대표이사로 있는 000 명의의 은행통장과 법인인감도장, 보안카드(OTP카드)를 건네 준 사실이 있다.",
            "당시 피고인은 피해자 회사 측에 '2008년 2월경 위 통장의 계좌로 강남세무서에서 지급하는 부가세 환급금 1억 8,000만원 정도가 입금될 것이다.'라고 말하고, 다음과 같은 내용의 지불각서, 즉 '일금 : 2억 원, 상기 금액은 필름 현상료의 일부로 영화 종영 후 지급이 되지 않을 경우 2008.2.20.가지 부가세 환급금으로 대체할 것을 각서한다.'는 취지의 지불각서를 작성하여 준 사실이 있다.",
            "피고인은 2008.2.22.8,000여만원의 환급금이 입금된 사실을 먼저 확인하고 당일 위 통장의 분실신고를 한 뒤, 자신이 가지고 있던 다른 도장을 이용하여 같은 계좌번호의 새로운 통장을 발급받은 후 이를 이용하여 위 금원을 다른 계좌로 이체하고 출금하여 다른 채권자들에게 지급한 사실이 있다."
        ]
    },
    "dcss": {
        "courtDcss": [
            "피고인은 2008.1.14.경 영화 0에 관련된 프린트 및 현상료를 피해자 회사가 부담하는 대신 피해자 회사에게 피고인이 대표이사로 있는 000 명의의 은행통장과 법인인감도장, 보안카드(OPT카드)를 건네 준 사실이 인정된다.",
            "피고인은 피해자 회사 측에 '2008년 2월경 위 통장의 계좌로 강남세무서에서 지급하는 부가세 환급금 1억 8,000만 원 정도가 입금될 것이다.'라고 말하고, 다음과 같은 내용의 지불각서, 즉 '일금 : 2억 원, 상기 금액은 필름 현상료의 일부로 영화 종영 후 지급이 되지 않을 경우 2008.2.20.까지 부가세 환급금으로 대체할 것을 각서한다.'는 취지의 지불각서를 작성하여 준 사실이 인정된다.",
            "피해자 회사 측은 2~3일 마다 위 환급금의 입금 여부를 확인한 사실, 그런데 피고인은 2008.2.22.8,000여만 원의 환급금이 입금된 사실을 먼저 확인하고 당일 위 통장의 분실신고를 한 뒤, 자신이 가지고 있던 다른 도장을 이용하여 같은 계좌번호의 새로운 통장을 발급받은 후 이를 이용하여 위 금원을 다른 계좌로 이체하고 출금하여 다른 채권자들에게 지급한 사실(수사기록 제74, 117쪽)을 인정할 수 있다.",
            "피고인과 피해자 회사는 피해자 회사가 부담한 현상료 등을 피고인이 변제하지 아니할 경우 장래에 발생할 000의 예금을 출금하여 위 변제에 충당할 의사로 위 은행통장 등을 주고 받은 것으로 보이고, 이러한 경우 피고인으로서는 자신이 위 현상료 등을 변제할 때까지 피해자 회사가 위 예금채권에 대한 실질적인 담보권을 유지하고 나아가 피고인이 위 현상료 등을 변제하지 않는 경우에는 피해자 회사가 위 예금을 직접 출금할 수 있도록 협력해야 할 의무가 있다.",
            "스스로 위 예금을 출금하여 소비함으로써 위 의무에 위배하여 피해자 회사에 손해를 가하였으므로, 이는 배임죄를 구성한다고 할 것이고, 따라서 피고인의 위 주장은 이유 없다.",
            "이 사건 각 범행은 피고인이 적극적으로 담보물 등을 처분하여 피해자의 권리를 침해한 것으로 그 죄질이 불량하고, 그 피해액 또한 적지 아니하나, 한편 일부 범행이 미수에 그친 점, 피고인이 최근 10년간 아무런 전과가 없는 점, 그밖에 이 사건 기록과 변론에 나타난 범행 이후의 정황, 피고인의 연령, 성행, 환경 등 형법 제51조 소정의 모든 양형조건을 종합하면, 원심이 선고한 형은 너무 무거워서 부당하다고 인정된다."
        ]
    },
    "close": {
        "cnclsns": [
            "원심판결 중 피고사건 부분을 파기한다.",
            "피고인을 징역 1년에 처한다."
        ]
    }
}