{
    "info": {
        "caseField": "2",
        "detailField": "6",
        "trailField": "2",
        "caseNm": "배임,상표법위반,디자인보호법위반",
        "courtNm": "서울동부지방법원 ",
        "judmnAdjuDe": "2010. 02. 04.",
        "caseNo": "2009노1008",
        "relateLaword": [],
        "qotatPrcdnt": []
    },
    "concerned": {
        "acusr": "4",
        "dedat": "1"
    },
    "org": {
        "orgJdgmnCourtNm": "서울동부지방법원 ",
        "orgJdgmnAdjuDe": "2009. 7. 9 ",
        "orgJdgmnCaseNo": "2009고단107"
    },
    "disposal": {
        "disposalform": "10",
        "disposalcontent": [
            "피고인과 검사의 항소를 모두 기각한다."
        ]
    },
    "mentionedItems": {
        "rqestObjet": [
            "피고인에 대한 원심판결의 형량(징역 10월에 집행유예 2년, 사회봉사 80시간)은 너무 무거워서 부당하다.",
            "이 사건 서비스표에 관한 등록권한이  공소외 1(대법원 판결의 공소외인)에게 있음에도 피고인은 자신에게 서비스표등록권한 및 디자인등록권한이 있는 것처럼  공소외 1의 위임행위에 위배하여 자신의 이름으로 등록출원을 하였고 이러한 행위 자체가 사위행위에 해당하며 사위행위를 반드시 허위자료나 위조된 자료를 제출하는 것에 한정하는 것은 사위행위의 범위를 지나치게 제한하는 것이다.",
            "피고인은 공소외 1로부터 ㅇㅇㅇ에 대한 사업권 전부를 양수받아, 피고인의 명의로 ㅇㅇㅇ에 관한 서비스표 및 디자인을 등록할 권리가 있으며, 이 사건 창업계약서, 양도계약서에 전용실시권에 관한 규정이 있을지라도 이는  공소외 1이 피고인에게양도한 이후 별도로 상표를 출원하거나 상표를 사용할 수 없다는 취지에서 기재한 것일 뿐이다. 따라서 피고인이 자신의 명의로 ㅇㅇㅇ 서비스표 및 디자인 등록을 하였더라도  공소외 1에 대한 임무를 위배한 것이 아니다."
        ]
    },
    "assrs": {
        "acusrAssrs": [
            "이 사건 서비스표에 관한 등록권한이 공소외 00(대법원 판결의 공소외인)에게 있음에도 피고인은 자신에게 서비스표 등록권한 및 디자인 등록권한이 있는 것처럼 공소외 00의 위임행위에 위배하여 자신의 이름으로 등록출원을 하였고 이러한 행위 자체가 사위행위에 해당한다.",
            "사위행위를 반드시 허위자료나 위조된 자료를 제출하는 것에 한정하는 것은 사위행위의 범위를 지나치게 제한하는 것이다."
        ],
        "dedatAssrs": [
            "피고인은 공소외 00로부터 '◎◎◎'에 대한 사업권 전부를 양수받아, 피고인의 명의로 '◎◎◎' 에 관한 서비스표 및 디자인을 등록할 권리가 있으며, 이 사건 창업계약서, 양도계약서에 전용실시권에 관한 규정이 있을지라도 이는 공소외 00이 피고인에게 양도한 이후 별도로 상표를 출원하거나 상표를 사용할 수 없다는 취지에서 기재한 것일 뿐이다.",
            "피고인이 자신의 명의로 '◎◎◎' 서비스표 및 디자인 등록을 하였더라도 공소외 00에 대한 임무를 위배한 것이 아니다.",
            "피고인에 대한 원심판결의 형량(징역 10월에 집행유예 2년, 사회봉사 80시간)은 너무 무거워서 부당하다."
        ]
    },
    "facts": {
        "bsisFacts": [
            "원심에서 적절히 설시하고 있는 바와 같이, 피고인이 공소외 00과 사이에 '◎◎◎' 및 '○○' 에 대한 서비스표 등록, 디자인등록에 관한 전용실시권을 부여받기로 하는 계약을 체결하였다.",
            "공소외 00로부터 위 서비스표 및 디자인의 등록을 공소외 00 명의로 출원해달라는 위임을 받았음에도 위 임무에 위배하여 피고인의 명의로 각 출원하여 등록결정을 받음으로써 위 서비스표권 및 디자인권의 가액 상당의 재산상 이익을 취득하고 피해자 공소외 00에게 동액 상당의 손해를 가한 사실을 충분히 인정할 수 있다."
        ]
    },
    "dcss": {
        "courtDcss": [
            "원심이 그 설시한 바와 같은 사유로, 피고인이 허위의 자료나 위조된 자료 등을 제출하여 등록받았다는 점을 인정할 증거가 없다고 보아 이 부분 공소사실에 대하여 무죄를 선고한 것은 정당한 것으로 수긍이 가고, 검사가 항소이유로 주장하는 사정들은 원심의 판단에 배치되는 것들이어서, 원심판결에 검사가 지적한 바와 같이 법리를 오해함으로써 판결에 영향을 미친 위법이 있음을 찾아볼 수 없다.",
            "이 부분 공소사실을 유죄로 인정한 원심의 판단은 정당하고 거기에 사실오인의 위법이 있음을 찾아볼 수 없다.",
            "피고인이 공소외 00로부터 '◎◎◎' 프랜차이즈 경영권을 양수받으면서 위 '◎◎◎' 서비스표 및 디자인에 관한 전용실시권만을 부여받았을 뿐 그 등록권한을 부여받거나 사업권 전부를 양수받지 않았음에도 임의로 자신의 명의로 서비스표 및 디자인에 관한 등록을 마쳤다.",
            "그 후 공소외 00이 이에 대하여 이의를 제기하였음에도 그 등록권한을 공소외 00에게 반환하지 않은 점, 그밖에 피고인의 연령, 성행, 환경, 범행의 동기, 범행 후의 정황 등 이 사건 기록에 나타난 양형의 조건을 종합하면, 원심이 피고인에게 선고한 형량은 적정하고 너무 무거워서 부당하다고 볼 수는 없다.",
            "당심증인 공소외 00의 법정진술, 원심증인 공소외 00의 법정진술, 창업계약서 및 양도계약서 사본의 각 기재를 비롯하여 원심 및 당심에서 적법하게 채택하여 조사한 증거들을 종합하면 다음과 같다.",
            "원심에서 적절히 설시하고 있는 바와 같이, 피고인이 공소외 00과 사이에‘ ◎◎◎’ 및 ‘ ○○’에 대한 서비스표등록, 디자인등록에 관한 전용실시권을 부여받기로 하는 계약을 체결하면서 공소외 00로부터 위 서비스표 및 디자인의 등록을 공소외 00 명의로 출원해달라는 위임을 받았다.",
            "위 임무에 위배하여 피고인의 명의로각 출원하여 등록결정을 받음으로써 위 서비스표권 및 디자인권의 가액 상당의 재산상 이익을 취득하고 피해자 공소외 00에게동액 상당의 손해를 가한 사실을 충분히 인정할 수 있다."
        ]
    },
    "close": {
        "cnclsns": [
            "피고인과 검사의 항소를 모두 기각한다."
        ]
    }
}