{
    "info": {
        "caseField": "2",
        "detailField": "6",
        "trailField": "1",
        "caseNm": "사기",
        "courtNm": "서울중앙지방법원 ",
        "judmnAdjuDe": "2010. 08. 24.",
        "caseNo": "2009고단7963",
        "relateLaword": [
            "형법 제347조",
            "형법 제37조 \n",
            "형법 제38조\n",
            "형법 제50조\n"
        ],
        "qotatPrcdnt": []
    },
    "concerned": {
        "acusr": "4",
        "dedat": "1"
    },
    "org": {
        "orgJdgmnCourtNm": "",
        "orgJdgmnAdjuDe": "",
        "orgJdgmnCaseNo": ""
    },
    "disposal": {
        "disposalform": "6",
        "disposalcontent": [
            "피고인을 징역 1년에 처한다.\n\n"
        ]
    },
    "mentionedItems": {
        "rqestObjet": [
            "피고인은 피해자 공소외 1을 기망하여 이에 속은 위 피해자로부터 합계 2,000만원을 교부받았다.",
            "피고인은 피해자 공소외 8을 기망하여 이에 속은 위 피해자로부터 합계 7,300만원을 교부받았다.",
            "피고인은 피해자 공소외 2를 기망하여 이에 속은 위 피해자로부터 2008. 10. 6. 4,000만원, 2008. 10. 10. 1,000만원 등 합계 5,000만원을 교부받았다."
        ]
    },
    "assrs": {
        "acusrAssrs": [],
        "dedatAssrs": []
    },
    "facts": {
        "bsisFacts": [
            "피고인은 2000.7.10.경부터 중국 운남성 연초진출공사를 통하여 주문자상표부착생산(OEM)방식으로 '0' 라는 담배를 생산하여 국내에 판매하는 공소외 3 주식회사를 설립하여 실제 운영하는 사람이다.",
            "피고인은 2006.경부터 회사 운영이 어려워지는 바람에 000 등 금융기관으로부터 대출받은 11억원을 상환하지 못하고 있는데다가 연체된 세금이 약 4~5억원에 이르는 반면 별다른 재산이나 수입이 없어 사무실 임대료조차 지급하기 어려운 형편에 있어 타인으로부터 돈을 차용하거나 투자를 받더라도 이를 갚을 의사나 능력이 없었다.",
            "또한 2008.5.경 공소외 3 주식회사 와 공소외 6 회계법인 간에 금융자문계약이 체결되기는하였으나 공소외 6 회계법인에서 300억원을 투자유치하여 주기로 하는 약정이 체결된 적이 없었다.",
            "또한, 2008.6.23.000(지번 생략)에 있는 구 공소외 9 회사 채석장에 공소외 3 주식회사 00000을 건립하는 것과 관련하여 문경시와 양해각서가 체결되기는 하였으나 위 공장건립을 위한 토지매수자금이 전혀 준비되어 있지 않아 타인과 대리점계약을 체결하고 보증금을 교부받더라도 담배판매를 할 수 있도록 담배를 제공하여 줄 능력이 없었다.",
            "피고인은 2008.4.29.경 0000 00000 3층에 있는 공소외 3 주식회사 사무실에서, 회사 부사장으로 채용되어 투자유치 및 대리점 모집 등의 업무에 종사하고 있던 피해자 공소외 1에게 \"돈을 구해 왔느냐, 부사장이면 능력이 있어야 하지 않느냐, 임대료를 못내서 그러니 돈을 빌려 주면 빠른시일 내에 갚겠다\"는 취지로 거짓말을 하였다.",
            "피고인은 이와 같이 피해자 공소외 1을 기망하여 이에 속은 위 피해자로부터 2008.4.29.1,000만원, 2008.5.23.200만원, 2008.5.26.300만원, 2008.8.8.400만원, 2008.9.4.100만원 등 합계 2,000만원을 교부받았다.",
            "피고인은 2008.6.12.0000 00000 3층에 있는 공소외 3 주식회사 사무실에서, 피해자 공소외 8에게 \"공소외 3 주식회사 에 투자를 하면 의왕, 군포, 과천, 안양에서 0 담배판매권을 주겠다, 중국에서 담배가 들어오거나 문경에 담배공장이 신축 되는대로 담배를 제공하여 주겠다\"는 취지로 거짓말을 하였다.",
            "피고인은 위와 같이 피해자 공소외 8을 기망하여 이에 속은 위 피해자로부터 2008.6.12.2,000만원, 2008.6.26.1,000만원, 2008.7.10.2,000만원, 2008.8.14.1,000만원, 2008.9.8.100만원, 2008.9.19.200만원, 2008.9.26.1,000만원 등 합계 7,300만원을 교부받았다.",
            "피고인은 2008.10.5.0000 00000 3층에 있는 공소외 3 주식회사 사무실에서, 회사 재무담당 상무로 채용되어 근무하고 있는 피해자 공소외 2에게 \"공소외 6 회계법인 300억원 투자유치가 차질이 생겼으니 사채 100억원을 끌어와야 한다.\"",
            "\"사채를 끌어 오지 못하면 우선 사무실이라도 옮겨 놓아야 최상무의 얼굴이 서지 않겠느냐, 일단 5,000만원을 비려 주면 다른 사람들로부터 투자금을 받는 대로 1개월 내에 상환하여 주겠다\"는 취지로 거짓말하였다.",
            "피고인은 이와 같이 피해자 공소외 2를 기망하여 이에 속은 위 피해자로부터 2008.10.6.4,000만원, 2008.10.10.1,000만원 등 합계 5,000만원을 교부받았다."
        ]
    },
    "dcss": {
        "courtDcss": [
            "피고인을 징역 1년에 처한다."
        ]
    },
    "close": {
        "cnclsns": [
            "피고인을 징역 1년에 처한다."
        ]
    }
}