{
    "info": {
        "caseField": "2",
        "detailField": "6",
        "trailField": "2",
        "caseNm": "컴퓨터 프로그램 보호법 위반,업무 방해",
        "courtNm": "수원지방법원",
        "judmnAdjuDe": "2010. 01. 11.",
        "caseNo": "2009노3689",
        "relateLaword": [
            "컴퓨터프로그램보호법 제30조",
            "컴퓨터프로그램보호법 제2조 ",
            "저작권법",
            "형사소송법 제364조 "
        ],
        "qotatPrcdnt": []
    },
    "concerned": {
        "acusr": "4",
        "dedat": "1"
    },
    "org": {
        "orgJdgmnCourtNm": "수원지방법원",
        "orgJdgmnAdjuDe": "2009. 7. 9.",
        "orgJdgmnCaseNo": "2008고정52"
    },
    "disposal": {
        "disposalform": "10",
        "disposalcontent": [
            "검사의 항소를 기각한다.",
            "위 조치가 피해자 회사에 대해 위계행위가 된다거나, 피해자 회사의 업무를 방해하겠다는 범의가 피고인들에게 있었다고 보기 어렵고, 달리 이를 인정할 만한 증거가 없다."
        ]
    },
    "mentionedItems": {
        "rqestObjet": [
            "원심판결은 피고인들에게 무죄를 선고하였는바, 원심판결에는 사실오인 내지 법리오해의 위법이 있다."
        ]
    },
    "assrs": {
        "acusrAssrs": [
            "피고인들이 무작위로 파일명이 변경되게 하여 아이드라이버 프로그램이 에이아이콜 프로그램의 동시 실행을 감지하지 못하도록 한 것은, 피해자 회사의 기술적인 보호조치를 무력화한 것으로 컴퓨터프로그램보호법위반죄에 해당하고 그로 인해 피해자 회사의 업무를 방해하였으므로 업무방해죄에도 해당한다."
        ],
        "dedatAssrs": [
            "피고의 행위는 기술적 보호조치의 무력화에 해당되지 않는다."
        ]
    },
    "facts": {
        "bsisFacts": [
            "피고인 대법원판결의 피고인은 대리운전 자동배차 프로그램의 제공을 목적으로 설립한 공소외 주식회사의 실질적 운영자, 피고인 대법원판결의 피고인는 컴퓨터프로그램 개발을 목적으로 설립된 공소외 주식회사의 대표이다.",
            "2007.4.경부터 같은 해 6.경까지 사이에 000피고인 2 운영의 공소외 5 주식회사 사무실에서, 피해자 주식회사 피해자 회사가 I-Driver라는 대리운전 배차 프로그램을 개발하여 정보통신부에 등록한 다음 대리운전 기사들로 하여금 사용하게 하였다.",
            "그러던 중, 피고인 1은 피고인 2에게 대리운전 배차 프로그램 개발을 의뢰하고, 피고인 2는 위 I-Driver프로그램과 함께 사용하여야만 구동이 가능한 AiCall이라는 배차 프로그램을 개발하여 대리운전 기사들로 사용하게 하였다.",
            "그런데 AiCall프로그램은 대리운전 기사들이 소지하고 있는 PDA에 터치를 하지 않고서도 바로 배차를 받을 수 있도록 되어 있는 위 I-Driver프로그램을 사용하는 대리운전 기사들보다 우선 배차를 받을 수 있게 되자, 피해자 회사에서는 I-Driver프로그램과 AiCall프로그램이 동시에 실행되면 I-Driver프로그램이 바로 종료하게 하였다.",
            "그리고, 실제 PDA화면을 터치 하였을 경우에만 구동이 되도록 하고, PDA 부팅시 자동실행되는 기본프로그램 이외에는 다른 프로그램과 동시에 구동되지 않도록 기술적 조치를 취하였음에도 불구하고, 피고인 1은 피고인 2에게 의뢰하여 AiCall프로그램의 실행파일 등을 변경하는 등의 방법으로 I-Driver프로그램의 기술적보호장치를 무력화시켰다.",
            "같은 일시, 장소에서, 위와 같이 피해자 회사의 I-Driver프로그램의 보호장치를 무력화시킴으로써 위계로써 대리운전 기사들에게 I-Driver프로그램을 제공하는 피해자 회사의 업무를 방해하였다."
        ]
    },
    "dcss": {
        "courtDcss": [
            "살피건대 1)컴퓨터프로그램보호법 제2조 제9호는 기술적 보호조치가 \"이 법에 의한 권리를 보호하는 핵심기술 또는 장치 등을 통하여 프로그램저작권을 보호하는 조치\" 라고 함으로써 권리통제에 대한 기술적 보호조치를 전제로 하고 있다.",
            "2)제한적 열거주의를 취하는 저작권법의 특성상 우리 법에서 명시적으로 저작권자의 접근권을 인정하지 않는 한, 저작물에의 접근 그 자체가 저작권의 침해를 가져온다고 할 수는 없을 것이다.",
            "그리고, 저작권자가 설령 접근통제 기술적 보호조치를 취한다고 해도 그것은 사실상의 이익보호수단에 불과한 것이지, 그 자체가 법적으로 보호받아야 할 권리보호 수단은 아닌 점, 3)기술적 보호조치는 기술적 특징으로 인하여 저작권이 제한되는 영역, 즉 일반이용자들의 자유로운 이용영역까지도 제한하기 때문에 저작권자와 이용자들 간의 이해관계의 충돌과 조절이 필요하다.",
            "4)형사처벌 규정이 있는 경우 그 규정을 해석함에 있어서 엄격하고 좁게 해석하여야 하며, 기술적 보호조치를 넓게 해석하면 저작권자의 권리의 독점을 지나치게 강화시킬 여지가 있다는 점 등을 고려하면, 컴퓨터프로그램보호법 제30조상의 기술적 보호조치 에 저작물에의 접근을 통제하는 조치는 포함되지 않는다고 해석함이 상당하다.",
            "피해자 회사가 이 사건 공소사실 기재와 같이 실제 PDA 화면을 물리적으로 터치하였을 경우에만 아이드라이버 프로그램이 구동이 되도록 조치를 하였다는 점에 관하여, 만약 위 사실이 인정될 경우에는 피고인들의 행위로 인해 아이드라이버 프로그램에 대한 피해자 회사의 동일성 유지권이 침해될 여지가 있어 위 조치를 기술적 보호조치로 볼 여지도 있다(증거기록 130쪽).",
            "그러나, 공소외 2의 수사기관 및 법정에서의 각 진술, 공소외 3의 수사기관에서의 진술, 고소장, 각 수사보고, 참고자료(증거기록 17쪽, 41쪽)등 검사 제출의 증거만으로는 이를 인정하기에 부족하고, 달리 이를 인정할 증거가 없다.",
            "그리고 기록에 의하면, 피해자 회사가 아이드라이버 프로그램과 에이아이콜 프로그램이 동시에 실행되면 아이드라이버 프로그램이 바로 종료되도록 한 조치와 PDA 부팅 시 자동 실행되는 기본프로그램 이외에는 아이드라이버 프로그램에서 다른 프로그램이 동시에 구동되지 않도록 한 조치(이하 '이 사건 조치'라 한다)는 저작물에의 접근 자체를 허용하지 않는 접근통제장치에 해당된다.",
            "그리고, 가사 권리통제장치에 해당된다 하더라도 피고인들이 대리기사들로 하여금 에이아이콜 프로그램의 실행파일명을 다른 이름으로 변경하여 접속하도록 하여 아이드라이버 프로그램과 에이아이콜 프로그램이 동시에 실행되더라도 아이드라이버 프로그램이 바로 종료되지 않도록 한 것 뿐이라면, 단순 파일명 변경을 상당히 기술적 보호조치를 무력화하는 행위 라고 판단하기는 어렵고, 달리 이를 인정할 만한 증거가 없다.",
            "이러한 사정을 고려하면, 위 조치가 피해자 회사에 대해 위계행위가 된다거나, 피해자 회사의 업무를 방해하겠다는 범의가 피고인들에게 있었다고 보기 어렵고, 달리 이를 인정할 만한 증거가 없다."
        ]
    },
    "close": {
        "cnclsns": [
            "검사의 항소를 기각한다."
        ]
    }
}