{
    "info": {
        "caseField": "2",
        "detailField": "6",
        "trailField": "1",
        "caseNm": "상해",
        "courtNm": "부산지방법원",
        "judmnAdjuDe": "2010. 02. 23.",
        "caseNo": "2009고단6091",
        "relateLaword": [
            "형법 제257조"
        ],
        "qotatPrcdnt": []
    },
    "concerned": {
        "acusr": "4",
        "dedat": "1"
    },
    "org": {
        "orgJdgmnCourtNm": "",
        "orgJdgmnAdjuDe": "",
        "orgJdgmnCaseNo": ""
    },
    "disposal": {
        "disposalform": "6",
        "disposalcontent": [
            "피고인을 징역 3월에 처한다."
        ]
    },
    "mentionedItems": {
        "rqestObjet": [
            "피고인을 징역 3월에 처한다."
        ]
    },
    "assrs": {
        "acusrAssrs": [],
        "dedatAssrs": []
    },
    "facts": {
        "bsisFacts": [
            "피고인은 2002. 1. 4. 서울북부지방법원에서 살인죄 등으로 징역 20년을 선고받고 2002. 5. 3. 그 판결이 확정되어 현재 부산교도소에서 그 형의 집행 중에 있는 사람이다.",
            "피고인은 2009. 10. 9. 07:55 경 0000에 있는 부산교도소 내 소동 ㅁ실에서, 독거생활을 하다가 피해자 00(42세)이 위 호실에 입소하게 되어 불편함을 느끼던 중, 피해자와 말다툼이 생겨 순간적으로 화가 난 나머지 주먹으로 피해자의 얼굴을 수회 때리고, 오른발로 피해자의 배, 다리부분을 수회차 피해자에게 치료일수를 알 수 없는 안면부찰과상 등의 상해를 가하였다."
        ]
    },
    "dcss": {
        "courtDcss": [
            "피고인을 징역 3월에 처한다."
        ]
    },
    "close": {
        "cnclsns": [
            "피고인을 징역 3월에 처한다."
        ]
    }
}