{
    "info": {
        "caseField": "2",
        "detailField": "6",
        "trailField": "2",
        "caseNm": "특수공무집행방해치상, 일반교통방해, 국가보안법위반(찬양, 고무등), 집회및시위에관한법률위반",
        "courtNm": "서울고등법원",
        "judmnAdjuDe": "2010. 01. 13.",
        "caseNo": "2009노2229",
        "relateLaword": [],
        "qotatPrcdnt": [
            "대법원 2007. 4. 27. 선고 2007도236 판결",
            "대법원 2007. 5. 11. 선고 2007도171 판결",
            "대법원 2003. 7. 11. 선고2002도919 판결",
            "대법원 1995. 9. 15. 선고 95도1475 판결",
            "대법원 2005. 10. 28. 선고 2004도7545 판결",
            "대법원 2008. 11. 13. 선고2006도755 판결",
            "대법원 1998. 7. 28. 선고 98도1395 판결",
            "대법원 1997. 7. 25. 선고 97도1386 판결",
            "대법원 1997. 7. 16. 선고 97도985 전원합의체 판결 "
        ]
    },
    "concerned": {
        "acusr": "4",
        "dedat": "1"
    },
    "org": {
        "orgJdgmnCourtNm": "수원지방법원",
        "orgJdgmnAdjuDe": "2009.08.14",
        "orgJdgmnCaseNo": "2008고합664"
    },
    "disposal": {
        "disposalform": "6",
        "disposalcontent": [
            "원심판결을 파기한다.",
            "피고인을 징역 2년에 처한다.",
            "압수된 2008년 정기 대의원대회 자료집 1권(증 제1호), 우리민족끼리 책자 1권(증 제2호)을 몰수한다.",
            "이 사건 공소사실 중 2005. 9. 11. 자 특수공무집행방해치상의 점은 무죄로 판결한다."
        ]
    },
    "mentionedItems": {
        "rqestObjet": [
            "원심판결에는 사실을 오인하거나 법리를 오해하여 판결 결과에 영향을 미친 위법이 있고, 또 원심이 피고인에게 선고한 형(징역 3년)은 너무 무거워서 부당하다."
        ]
    },
    "assrs": {
        "acusrAssrs": [
            "검사가 제출한 증거들을 종합하면, 피고인이 2007. 8. 10. 0000 미군기지 정문 앞에서 개최된 집회에서 위 집회 참가자들과 공모하여 다중의 위력으로 경찰관들을 폭행하여 전남지방경찰청 ㅇㅇ중대 소속 이경 공소외 00에게 약 2주간의 치료를 요하는 좌측 제1수지 염좌의 상해를 입게 한 사실이 인정됨에도 이 부분 공소사실에 대하여 무죄로 판단한 원심은 채증법칙을 위반하여 사실을 오인하여 판결에 영향을 미친 위법이 있다."
        ],
        "dedatAssrs": [
            "피고인은 2005년 및 2006년경 000(이하 'OOO'이라고 한다)이, 2007년경 000(이하 'OOO'이라고 한다) 통일선봉대가 참가하는 각종 시위를 준비하고 이끄는 역할을 수행할 만한 지위에 있지 않았고, 그러한 역할을 수행한 바 없으며, 공소사실과 같은 집회들에 참여하지 않았거나 참여하였더라도 단순참가자에 불과한데도 피고인이 위 집회들을 주도한 것으로 인정한 것은 사실관계를 오인한 것이다.",
            "피고인이 시민들과 함께 거리에 서 있는 행위는 일반교통방해죄의 구성요건에 해당된다고 볼 수 없고, 만약 이를 기타의 방법으로 도로의 교통을 방해한 경우에 해당된다고 한다면 추상적인 형법상의 규정으로 인하여 처벌범위를 무한정 확대하는 문제가 있다.",
            "국가보안법은 민주주의 근간인 사상 및 언론의 자유를 억압하고, 평화적 통일운동을 저해하는 위헌적인 법률이다.",
            "000(이하 'OOO'라고 한다)는 6.15 공동선언을 실천하기 위하여 출범한 단체로 남북의 평화적 통일과 민주 발전을 위하여 합법적인 활동을 하였을 뿐 북한을 찬양·고무·선전 또는 이에 동조하거나 국가변란을 선전·선동하는 행위를 목적으로 설립된 단체가 아니다.",
            "000는 연방제 통일을 주장하지 않았고, 000가 추구하는 반미자주화나 000의 핵심 구성원이 000 출신이고 국가보안법위반 전력이 있다는 사정 등 때문에 000를 이적단체로 인정하는 것은 위법하다.",
            "2008년 정기 대의원대회 자료집은 000의 의사결정기구인 대의원회에서 사용되었던 것으로 그 자체가 어떤 주장을 담기보다는 일종의 사업계획서에 불과하여 이적성이 없고, 우리민족끼리 책자는 6.15 공동선언 이행을 위하여 우리민족끼리라는 가치관으로 민족이 대단결하자는 것으로 그 전체적인 문맥상 이적성이 없다.",
            "나아가 피고인이 이들을 읽어보지 못한 채 단순히 소지하였을 뿐이므로 피고인이 반국가단체인 북한의 활동을 찬양·고무,선전하거나 이에 동조할 목적으로 이 사건 표현물들을 소지하였다고 인정할 수 없다.",
            "미국산 쇠고기 수입반대 촛불집회의 각 현장에 있기는 하였지만 인터넷방송인 00의 방송차량을 운전하기 위하여 위 각 현장에 있었고, 이와 같이 언론 보도를 위하여 집회 현장에 있었다는 것만으로 위 각 집회에 참가한 것으로 볼 수 없다."
        ]
    },
    "facts": {
        "bsisFacts": [
            "피고인은 2005년 제13기 000 중앙집행위원회 투쟁국장(이하 '투쟁국장'이라고 한다)으로 활동했다.",
            "2005. 9. 11. 14:00부터 24:00경까지 0000 소재 인천자유공원 비둘기 광장에서 개최된 '미군강점 60년 청산, 주한미군 철수국민대회'에 제13기 000 의장 공소외 00, 조통위원장 공소외 00, 대변인 공소외 00 등과 함께 000 소속 대학생들을 이끌고 000, 000, 000, 000 등 시민,학생 등 4,000여 명이 참석했다.",
            "이들과 순차 또는 암묵적으로 공모하여, 집회를 하던 도중 000 학생 등 시위대가 마스크를 착용하고 미리 준비한 위험한 물건인 죽봉과 각목, 쇠파이프를 들고 맥아더 동상 쪽으로 진출을 시도하면서 이를 저지하는 경찰관들에게 물병, 돌 등을 던지고 죽봉, 각목, 쇠파이프 등으로 경찰관들을 내리치거나 찌르는 등으로 폭행하였다.",
            "이로써 경찰관 공소외 00에게 약 4주간의 치료를 요하는 좌안결막출혈상 등을 가한 것을 비롯하여 총 63명의 경찰관에게 상해를 입게 함으로써, 위험한 물건을 휴대하거나 다중의 위력을 보여 시위질서 유지에 관한 정당한 직무를 집행하는 공무원인 경찰관들을 폭행하여 경찰관 공소외 00 등 경찰관 63명에게 상해를 입게 하였다.",
            "피고인은 2007. 8. 10. 14:15경부터 19:00경까지 0000에 있는 0000 미군기지 정문 앞에서 개최된 '평화협정체결, 주한미군철수범국민대회 에 000 통일선봉대장 공소외 00과 함께 통일선봉대 대학생 200명을 이끌고 참가하였다.",
            "이들과 순차 또는 암묵적으로 공모하여 위 집회과정에서 위 대학생 약 200명 및 0000 재야단체 회원 약 700명 등의 시위대는 '주한미군 철거하여 조국통일 앞당기자'는 구호를 제창하며, 철조망에 올라가 일명 '한반도기'를 부착하고 위 미군기지 진입을 시도하며, 이를 제지하는 경찰관들을 밀치고 때리는 등 폭행하여 전남지방경찰청 ㅇㅇ중대 소속 이경 공소외 00에게 약 2주간의 치료를 요하는 좌측 제1수지 염좌의 상해를 입게 하였다.",
            "이로써 다중의 위력으로 시위질서유지의 직무를 집행하는 공무원인 위 경찰관 공소외 00을 폭행하여 상해에 이르게 하였다."
        ]
    },
    "dcss": {
        "courtDcss": [
            "공소외 00는 당심에서 2005년 000 간부 인선에서 피고인이 투쟁국장으로 임명된 적이 없고 다른 간부가 투쟁국장 활동을 같이 하였던 것으로 기억한다는 점이 인정된다.",
            "피고인이 투쟁국장이 아닌 다른 000 간부 직위로 임명된 적도 없다고 증언했고, 공소외 00은 자신의 국가보안법위반 등 사건으로 조사를 받을 때 투쟁국장에 관한 진술을 하기는 하였으나 피고인이 투쟁국장이라고 진술한 바는 없고, 원심에서는 피고인이 투쟁국장이 아니었고, 당시 투쟁국장을 하겠다는 사람이 따로 있었는데 그 사람이 어떤 문제로 잠적하여 투쟁국장 자리가 공석이 되었다는 취지로 증언했다.",
            "공소외 00은 자신의 국가보안법위반 등 사건으로 조사를 받을 때 처음에는 투쟁국장이 누구인지 정확하게 기억나지 않는다고 하면서 피고인을 투쟁국원이라는 취지로 진술(증거기록 2770, 2774쪽)하다가 나중에는 피고인이 투쟁국장이라고 진술하였으나, 원심에서는 피고인이 투쟁국장이나 투쟁국원이 아니라는 취지로 증언한 점이 인정된다.",
            "공소외 00에 대한 판결문에 의하면 피고인이 투쟁국장으로 2005. 4. 9.경 000 간부들과 함께 제13기 000 임시 대의원대회에 참여하였고, 2005년 4월 하순경 000 중앙집행위원회 전원회의에 참여하였다는 취지의 내용이 있으나, 피고인은 국가보안법위반 등 사건으로 2005. 3. 3.경 구속되어 2005. 4. 29. 집행유예 판결을 받았으므로 위 판결 내용은 객관적인 사실관계와 배치된다.",
            "또한 피고인이 공소사실과 같이 2005년 7월경 공소외 00, 3 등과 함께 모여 이 부분 집회와 관련하여 논의하였다고 볼 만한 증거가 없는 점이 인정된다.",
            "이 부분 집회는 사전에 적법한 집회신고가 된 것으로 집회 주최측은 집회 및 행진 등에 있어 불법행위 없이 진행하겠다고 경찰 관계자에게 말하였고, 집회 당일 17:00경까지는 경찰과 별다른 충돌 없이 평화적으로 집회가 진행되었던 점, 그런데 집회가 거의 끝나갈 무렵인 17:05경 000 총연맹 회장의 선언문 낭독 후 일부 시위자들이 맥아더 동상 쪽으로 진출을 시도하면서 이를 저지하는 경찰관들에게 공소사실과 같은 폭력을 행사한 점이 인정된다.",
            "피고인에 대한 채증사진에 위하면 피고인이 학생들로 보이는 사람들과 대화를 나누거나 집회장소를 이동하는 장면이 찍혔을 뿐이다(관련 수사보고에 의하면 피고인이 이 사건 폭력이 발생한 시위장소에 있으면서 시위대열 속에서 구호를 외치는 등 함께 행동한 사진이 있다는 취지로 기재되어 있으나 이를 인정할 만한 채증사진은 없다).",
            "피고인은 검찰 이래 당심에 이르기까지 일관되게 투쟁국장으로 활동하거나 위 집회에 관하여 000 간부들과 논의한 사실이 없고, 위 집회 당시 혼자 지하철을 타고 위 집회 현장에 도착하여 000 학생들과 인사하고 구호를 외치는 등 집회에 참여하였으나, 위와 같이 일부 시위자들과 경찰관들이 충돌한 현장에는 가지 않았고 그 현장을 보지도 못하였다고 진술한 점이 인정된다.",
            "피고인이 투쟁국장으로 이 부분 집회와 관련하여 000 간부들과 사전에 모의하였다고 보기 어렵고, 또한 이 부분 집회의 성격과 개최 경위, 집회의 진행과정, 집회에서의 피고인의 관여 정도 등에 비추어 볼 때 피고인이 이 부분 시위 과정에서 발생한 폭력행위에 공동가공하려는 의사가 있었다고 보기 어렵다.",
            "달리 피고인이 다른 시위참가자들과 공모공동하여 단체 또는 다중의 위력을 보이거나 위험한 물건을 휴대하고 경찰관들을 폭행하여 상해를 입혔음을 인정할 증거가 부족하므로 결국 이 부분에 관한 피고인의 주장은 이유 있다.",
            "피고인은 000 대원으로 위 집회 이전에도 000 대원들과 함께 시위대와 경찰관들이 몸싸움을 벌이는 각종 집회에 참여하여 왔고, 이 부분 집회에 공소외 00 및 다른 대원들과 함께 버스를 타고 참가하게 되었다.",
            "위 집회 당시 000 대원들과 0000 재야단체 회원들은 미군기지 진입을 시도하며 이를 제지하는 경찰관들과 대치중에 있었던 점, 000 대원들은 빨간색 두건으로 얼굴을 가리고 대오를 정리하여 대치하는 경찰관들을 밀어붙이는 등 폭력을 행사한 점이 인정된다.",
            "피고인은 시위대와 경찰이 대치하는 위 집회 현장에서 공소외 00과 함께 경찰관들을 향해 욕설을 하거나 구호를 제창하고, 경찰관들을 향하여 팔을 휘두르는 등 폭력을 행사하기도 한 점(증거기록 1171 내지 1177쪽), 경찰관인 공소외 00는 경찰 및 원심에서 피고인이 위 집회 당시 위와 같이 시위에 참여하는 모습을 직접 보고 채증사진을 찍었다고 진술한 점이 인정된다.",
            "위 집회 현장에서 시위질서유지의 직무를 집행하던 경찰관 공소외 00은 시위대의 폭행으로 인하여 약 2주간의 치료를 요하는 좌측 제1수지 염좌의 상해를 입은 점 등에다가 앞서 본 법리를 종합하여 보면, 피고인은 이 부분 시위 과정에서 발생한 폭력행위에 공동가공하려는 의사가 있었다.",
            "또한 위 집회에 위와 같이 적극적으로 참가하여 그 시위 과정에서 상당수의 시위참가자들과 경찰관들 사이에 몸싸움이 벌어지고 시위참가자들이 경찰관들을 폭행하여 상해에 이르게 할 수 있음을 충분히 예견할 수 있었을 것이어서 다른 시위참가자들과 공모공동하여 다중의 위력을 보여 공소외 00을 폭행하고 상해를 입힌 사실을 충분히 인정할 수 있으므로, 결국 피고인의 이 부분 주장은 이유 없고, 오히려 검사의 이 부분 주장이 이유 있다.",
            "피고인은 검찰 및 원심에서 이 부분 공소사실과 같은 각 집회에 참여하였다고 인정했고, 피고인은 2005. 11. 18. 부산 000 반대집회에 참여할 때 시위대와 경찰관들이 대치하고 있는 것을 보았고 한참 동안 가두 행진을 한 다음 집회가 끝날 때까지 그 현장에 있었으므로 시위대가 경찰관들을 폭행하는 등 경찰관들과의 충돌을 충분히 예상할 수 있었던 것으로 보인다.",
            "피고인이 000 대원으로 참여한 각 집회는 대부분 적법한 집회신고를 하지 않은 채 미군기지, 보안수사대, 000 당사 등에서 불법시위를 하는 것으로 시위참가자들과 경찰관들이 대치하고 있는 상황이어서 경찰관들과의 충돌이 충분히 예상되었던 점이 인정된다.",
            "공소외 00는 경찰 및 원심에서 피고인이 위 2007. 11. 11. 집회 당시 위와 같이 시위에 참여하는 모습을 직접 보고 채증사진을 찍었다고 진술했다.",
            "또한 피고인은 이 사건 이전에 불법 폭력 시위에 참가한 내용 등으로 처벌받은 전력이 있는 점 등을 종합하여 보면, 피고인이 집단적인 폭행·협박·손괴·방화 등으로 공공의 안녕질서에 직접적인 위협을 가할 것이 명백하여 금지된 집회임을 알면서 이 부분 공소사실의 각 집회에 참가한 사실을 충분히 인정할 수 있으므로, 결국 피고인의 이 부분 주장은 이유 없다.",
            "피고인은 검찰 및 원심에서 이 부분 공소사실과 관련된 각 집회에 참여하였다고 인정했고, 피고인은 검찰에서 FTA 관련 집회들은 대부분 도로를 점거한 채 행진도 하고 경찰관들과 대치도 하였다는 취지로 진술했다.",
            "또한 피고인이 참가한 위 각 집회는 대부분 적법한 집회신고가 되지 않은 채 개최된 것이었고, 경찰이 교통소통 등 질서 유지에 직접적인 위험을 명백하게 초래할 수 있는 집회 또는 시위라고 판단하여 시위참가자들에게 자진 해산할 것을 요청하고 이에 응하지 아니하자 해산명령을 하였음에도 이에 불응하고 집회가 계속되었던 점이 인정된다.",
            "피고인은 다른 시위참가자들과 함께 도로를 점거하면서 가두행진을 하는 방법 등으로 상당 시간 동안 이 부분 공소사실 기재 각 도로의 교통을 방해한 점 등에다가 앞서 본 법리를 종합하여 보면, 피고인이 위 각 집회에 참가하면서 다른 시위참가자들과 함께 도로를 상당 시간 점거하여 도로의 교통을 방해한 행위는 형법 제185조의 일반교통방해죄의 구성요건에 충분히 해당된다고 할 것이므로 피고인의 이 부분 주장은 이유 없다.",
            "항소기간 도과 후에 비로소 제기된 것으로 피고인은 검찰 이래 원심에 이르기까지 위 각 집회에 모두 참가하였다고 진술하였고 당심에 이르러서야 위와 같은 주장을 하는 점에 비추어 증인 공소외 000의 증언만으로는 이를 그대로 믿기 어렵다.",
            "가사 피고인이 위 각 집회 현장에서 위 방송차량의 운전을 도와주었다 하더라도 운전시간 이외에는 집회에 참여한 것으로 보이고 또한 위 각 집회 내용을 지지하는 위 방송의 특성에 비추어 피고인이 중립적인 입장에서 취재 목적으로만 위 각 집회 현장에 있었다고 보기는 어려우므로, 위 주장은 이유 없다.",
            "피고인은 검찰 및 원심에서 2008년 정기 대의원대회 자료집과 우리민족끼리 책자의 앞부분은 읽어보았다고 진술하였고, 이들 표현물의 구성, 내용, 작성 경위 및 주체 등을 고려하면 피고인이 이들 표현물을 모두 읽지 않았다 하더라도 이들 표현물의 내용이 이적성을 담고 있고 그 소지가 북한에 대한 찬양·고무 등의 이적행위가 될 수 있음을 인식할 수 있었을 것으로 보인다.",
            "우리민족끼리 책자가 합법적으로 출판·판매되어 일반인에게 공개된 서적이거나 인터넷사이트 등에서 구할 수 있는 서적이라 하더라도 그에 관한 이적표현물 소지의 점을 인정하는 데 장애가 되지 아니하는 점 등을 종합하여 보면, 피고인에 대한 이 부분 각 공소사실을 충분히 인정할 수 있으므로 피고인의 이 부분 주장은 이유 없다."
        ]
    },
    "close": {
        "cnclsns": [
            "원심판결 중 2005. 9. 11.자 특수공무집행방해치상에 대한 피고인의 항소 및 2007. 8. 10.자 특수공무집행방해치상에대한 검사의 항소는 각 이유 있다 할 것이다.",
            "나머지 부분 역시 원심이 이를 모두 유죄로 인정하면서 위와 같은 파기사유가 있는각 부분과 형법 제37조전단의 경합범에 해당한다고 하여 1개의 형을 선고한 이상 이를 모두 파기할 수밖에 없으므로 피고인 및검사의 각 양형부당 주장에 대한 판단을 생략한 채 형사소송법 제364조 제6항에 의하여 원심판결을 파기하고 변론을 거쳐 다시 다음과 같이 판결한다."
        ]
    }
}