{
    "info": {
        "caseField": "2",
        "detailField": "6",
        "trailField": "2",
        "caseNm": "상해",
        "courtNm": "대구지방법원",
        "judmnAdjuDe": "2009. 11. 05.",
        "caseNo": "2009노2723",
        "relateLaword": [
            "형사소송법 제364조"
        ],
        "qotatPrcdnt": [
            "대법원 2008. 2. 28. 선고 2007도 9863 판결",
            "대법원 2007. 1. 11. 선고 2006도7973 판결"
        ]
    },
    "concerned": {
        "acusr": "4",
        "dedat": "1"
    },
    "org": {
        "orgJdgmnCourtNm": "대구지방법원 서부지원",
        "orgJdgmnAdjuDe": "2009. 8. 12.",
        "orgJdgmnCaseNo": "2008고정1920"
    },
    "disposal": {
        "disposalform": "10",
        "disposalcontent": [
            "검사의 항소를 기각한다.",
            "검사의 항소는 이유 없으므로 형사소송법 제364조 제4항에 의하여 이를 기각하기로 한다."
        ]
    },
    "mentionedItems": {
        "rqestObjet": [
            "피고인이 피해자 공소외 1 의 남편인 공소외 2와 부적절한 관계를 갖는 등 이 사건 발생의 원인을 제공한 점, 피고인과 피해자들이 입은 각 상해의 정도가 대등한 점, 당시 피고인은 피해자들의 공격을 미리 예상하고 이에 대하여 반격할 마음의 준비를 하고 있었던 것으로 보이는 점 등에 비추어 보면, 공소사실을 충분히 유죄로 인정할 수 있다."
        ]
    },
    "assrs": {
        "acusrAssrs": [
            "피고인이 피해자 공소외 1의 남편인 공소외 2와 부적절한 관계를 갖는 등 이 사건 발생의 원인을 제공한 점, 피고인과 피해자들이 입은 각 상해의 정도가 대등한 점, 당시 피고인은 피해자들의 공격을 미리 예상하고 이에 대하여 반격할 마음의 준비를 하고 있었던 것으로 보이는 점 등에 비추어 보면, 공소사실을 충분히 유죄로 인정할 수 있다."
        ],
        "dedatAssrs": []
    },
    "facts": {
        "bsisFacts": [
            "피해자 공소외 1은 2008.9.20.01:30경 자신을 데리러 오라는 남편 공소외 2의 연락을 받고 당시 공소외 2가 있다는 음식점으로 가던 중 위 음식점 근처 노래방에서 공소외 2와 피고인이 함께 팔짱을 끼고 나오는 장면을 목격했다.",
            "그 후 피고인과 공소외 2의 관계를 의심하게 된 공소외 1은 피고인의 휴대전화번호를 알아낸 후 2008.9.22.경부터 이 사건 발생일 이전까지 자신과 아들 공소외 3의 휴대전화를 이용하여 수십 회에 걸쳐 피고인에게 죽이겠다는 내용 등이 담긴 문자메시지를 보내거나 협박 전화했다.",
            "피고인이 수신거부를 해놓고 전화를 받지 않자, 공소외 1은 피고인의 주소를 알아낸 다음 이 사건 당일인 2008.9.23.11:00경 자신의 아들인 공소외 3, 4, 올케인 공소외 5와 함께 피고인이 살고 있는 위 아파트에 찾아와서 초인종을 누르고 아파트 현관문을 발로 차면서 문을 열어 달라고 소리치는 등 소란을 피웠다.",
            "당시 혼자 집에 있던 피고인이 겁을 먹고 문을 열어주지 않자, 공소외 1은 아들을 시켜 아파트 입구에 있던 공소외 2를 올라오게 하였고, 공소외 2가 와서 초인종을 누른 다음 피고인에게 별문제가 없을 것이니 문을 열어 달라고 말했다.",
            "위 말을 듣고 다소 안심한 피고인이 출입문을 열어 주자 곧바로 위 공소외 1 일행이 피고인을 밀치고 신발을 신은 채로 피고인의 집 거실로 들어왔다.",
            "공소외 1, 3은 공소사실 기재와 같이 서로 합세하여 피고인을 구타하기 시작하였고, 피고인은 이를 벗어나기 위하여 손을 휘저으며 발버둥치는 과정에서 위 피해자들에게 공소사실 기재와 같은 상해를 가했다."
        ]
    },
    "dcss": {
        "courtDcss": [
            "외관상 서로 격투를 하는 것처럼 보이는 경우라고 할지라도 실지로는 한쪽 당사자가 일방적으로 불법한 공격을 가하고 상대방은 이러한 불법한 공격으로부터 자신을 보호하고 이를 벗어나기 위한 방어행위로서 유형력을 행사한 경우라면 이는 정당방위 내지 정당행위에 해당하여 위법성이 조각된다.",
            "위 방어행위에는 순수한 수비적 방어뿐 아니라 그 행위에 이르게 된 경위와 그 목적·수단 및 행위자의 의사 등 제반 사정에 비추어 볼 때 사회적으로 상당한 이유가 있는 범위 내에서는 적극적 반격을 포함하는 반격방어의 형태도 포함되었다.",
            "위 법리에 기초하여 앞서 본 원심의 사실인정 및 판단을 원심이 적법하게 채택하여 조사한 증거들과 자세히 대조하여 살펴보면, 원심이 앞서 설시한 여러 가지 이유를 토대로 공소사실을 무죄라고 판단한 것은 정당한 것으로 수긍이 되고, 달리 사실을 오인하거나 법리를 오해하여 판결에 영향을 미친 위법이 있다고 보이지 않는다."
        ]
    },
    "close": {
        "cnclsns": [
            "검사의 항소를 기각한다."
        ]
    }
}