{
    "info": {
        "caseField": "2",
        "detailField": "6",
        "trailField": "1",
        "caseNm": "살인미수, 사기, 사기미수",
        "courtNm": "서울서부지방법원",
        "judmnAdjuDe": "2009. 09. 30.",
        "caseNo": "2009고합128",
        "relateLaword": [
            "형법 제254조",
            "형법 제250조",
            "형법 제347조",
            "형법 제352조",
            "형법 제37조",
            "형법 제39조",
            "형법 제38조",
            "형법 제50조"
        ],
        "qotatPrcdnt": [
            "대법원 2001. 11. 27. 선고 2001도4392 판결"
        ]
    },
    "concerned": {
        "acusr": "4",
        "dedat": "1"
    },
    "org": {
        "orgJdgmnCourtNm": "",
        "orgJdgmnAdjuDe": "",
        "orgJdgmnCaseNo": ""
    },
    "disposal": {
        "disposalform": "6",
        "disposalcontent": [
            "피고인을 판시 제1죄, 제2의 나, 다 죄에 대하여 징역 12년에, 판시 제2의 가 죄에 대하여 징역 3년에 각 처한다."
        ]
    },
    "mentionedItems": {
        "rqestObjet": [
            "피고인을 판시 제1죄, 제2의 나, 다 죄에 대하여 징역 12년에, 판시 제2의 가 죄에 대하여 징역 3년에 각 처한다. "
        ]
    },
    "assrs": {
        "acusrAssrs": [],
        "dedatAssrs": [
            "피고인이 고의로 교통사고를 유발하여 보험금을 편취할 의도로 여러 건의 운전자보험을 가입한 것이 아니라 운전자보험가입을 통하여 알게 된 보험설계사들을 피고인이 근무하는 상조회에 가입하도록 하기 위하여 여러 건의 운전자보험에 가입한 것이고, 이 사건 각 교통사고는 피고인이 과로 상태에서 운전하던 중 피고인의 과실에 의하여 발생한 것이다."
        ]
    },
    "facts": {
        "bsisFacts": [
            "피고인은 2007.10.2.대전지방법원 홍성지원에서 교통사고처리특례법위반죄로 금고 10월에 집행유예 2년을 선고받아 같은 달 10.위 판결이 확정되고, 2008.12.4.대전지방법원 홍성지원에서 교통사고처리특례법위반죄 등으로 금고 4월 및 벌금 400,000원을 선고받아 2009.2.2.위 판결이 확정된 사람이다.",
            "피고인은 2008.3.4.09:50경 0000 00000 가동 앞 도로에서, (차량번호 1 생략)0 차량을 운전하여 0 방면에서 000 방면으로 진행하다가 피해자 공소외 1 (여, 69세)을 발견하고 위 차량으로 피해자를 들이받아 피해자를 살해한 후 우연히 교통사가고 발생한 것처럼 보험사에 허위신고를 하여 피고인이 가입한 보험사들로부터 보험금을 수령하기로 마음먹었다.",
            "피고인은 위 0 차량 우측 앞 범퍼 부분으로 피해자를 들이받아 피해자를 살해하려고 하였으나 피해자에게 약 8주간의 치료를 요하는 뇌진탕 등의 상해를 가하고 미수에 그쳤다.",
            "피고인은 2007.5.14.14:15경 0000 앞 도로에서, (차량번호 2 생략)0를 운전하여 0000 방면에서 0000 방면으로 진행하다가 공소외 2 (여, 74세)를 발견하고 그녀를 고의로 들이받아 살해한 후 보험사에 마치 우연히 교통사고가 발생한 것처럼 허위로 교통사로 신고를 하여 보험사로부터 보험금을 수령하기로 마음먹었다.",
            "그리하여, 위 승용차의 우측 앞 범퍼 부분으로 위 공소외 2 를 들이받아 그녀로 하여금 그 자리에서 다발성장기손상 등으로 사망하게 하였다.",
            "피고인은 그 무렵 피해자 000에 마치 우연히 교통사고가 발생한 것처럼 허위로 교통사고 신고를 하여 형사합의지원금 등의 명목으로 27,000,000원을 교부받은 것을 비롯하여 별지 범죄일람표(1)기재와 같이 2007.5.20.경부터 같은 해 9.19.경까지 3개의 보험사로부터 형사합의지원금 등의 명목으로 128,810,150원을 교부받았다.",
            "피고인은 2008.3.4.09:50경 0000 00000 앞 도로에서, 제1항 기재와 같이 (차량번호 1 생략)0 차량을 운전하여 0 방면에서 000 방면으로 진행하다가 위 차량으로 공소외 1 을 들이받아 공소외 1 을 살해한 후 보험사로부터 보험금을 수령하기로 마음먹고, 위 차량 우측 앞 범퍼 부분으로 피해자를 들이받아 피해자에게 약 8주간의 치료를 요하는 뇌진탕 등의 상해를 입게 하였다.",
            "피고인은 그 무렵 위 000에 마치 우연히 교통사고가 발생한 것처럼 허위로 교통사고 신고를 하여 면허취소위로금 등의 명목으로 3,300,000원을 교부받은 것을 비롯하여 별지 범죄일람표(2)기재와 같이 2008.3.5.경부터 같은 해 5.15.경까지 3개의 보험사로부터 17,421,000원을 교부받았다.",
            "피고인은 2008.9.5.17:59경 000에 있는 해안도로에서, (차량번호 3 생략)0 승용차를 운전하여 0000 방면에서 0000 방면으로 진행하다가 공소외 3 (여, 66세)을 발견하고 위 차량으로 위 공소외 3 을 고의로 들이받아 살해한 후 보험사에 마치 우연히 교통사고가 발생한 것처럼 허위로 교통사고 신고를 하여 보험사로부터 보험금을 수령하기로 마음먹었다.",
            "그리하여 위 승용차의 우측 앞 범퍼 부분으로 위 공소외 3 을 들이받아 그녀로 하여금 그 자리에서 다발성늑골골절 등으로 사망하게 하였다.",
            "피고인은 같은 달 9.피해자 000에 마치 우연히 교통사고가 발생한 것처럼 허위로 교통사고 신고를 하여 형사합의지원금 등의 명목으로 20,000,000원을 교부받은 것을 비롯하여 별지 범죄일람표(3)기재와 같이 2008.9.17.경부터 같은 해 9.23.경까지 3개의 보험사로부터 형사합의지원금 등의 명목으로 107,352,170원을 교부받았다.",
            "또한, 2008.9.12.경 별지 범죄일람표(4)기재와 같이 피해자 000 및 000에 위와 같이 허위로 교통사고 신고를 하였으나 위 보험사 담당직원이 보험사기로 의심하여 보험금을 지급하지 않아 미수에 그쳤다."
        ]
    },
    "dcss": {
        "courtDcss": [
            "피고인은 금융알선업을 하다가 2002.경부터 금융기관에 채무를 연체하기 시작하여 2009.3.10.까지 여러 곳의 금융기관에 약 3천만 원의 채무를 연체하고 있고, 신용불량 거래자로 등록되어 범죄사실 기재 차량 중 0, 0 차량을 타인 명의로 등록하여 운행하였고, 공소외 10 명의의 통장을 빌려 사용하면서 이 사건 각 교통사고로 수령한 운전자보험금을 위 통장으로 이체하였다.",
            "피고인은 상조회에 근무하면서 2006년 말경에는 월 평균 10~20만 원, 2007년에는 월 평균 130만 원, 2008년에는 월 평균 210만 원 정도의 수입이 있었다.피고인이 가입한 이 사건 운전자보험의 월 보험료는 매월 15만 원 내지 17만 원 정도이다.피고인이 이 사건 운전자보험 이외에 동일한 보장 내용의 보험을 중복하여 가입하고 있다는 자료는 없다.",
            "피고인은 공소외 4를 통하여 운전자보험을 가입하기 전에 이미 이러한 운전자보험의 특성을 잘 알고 있었고, 아래에서 보는 바와 같이 피고인은 자동차종합보험 이외에도 2개 이상의 운전자보험에도 가입하였음에도 보험모집원의 권유없이 스스로 추가로 운전자보험에 가입하면서 상담원에게 운전자보험금의 중복지급 여부를 확인하였다.",
            "피고인은 1년 4개월 사이에 3개의 교통사고를 일으켰는데, 2007.5.14.교통사고 피해자 공소외 2는 당시 74세, 2008.3.4.교통사고 피해자 공소외 1은 당시 69세, 2008.9.5.교통사고 피해자 공소외 3은 당시 66세로 모두 고령의 노인이다.",
            "피고인은 2007.1.12.경 이미 공소외 4 를 통하여 운전자보험에 가입된 상태였음에도 홈쇼핑의 000 상담원에게 운전자보험에 가입할 것을 상담하면서 보험금의 중복지급 여부를 확인하였고, 이후 보험료를 입금할 수 있는 상황이 아니라고 보험계약체결을 미루다가 2007.2.28.운전자보험계약 체결하였고, 2007.1.30.공소외 4에게 또 다른 운전자보험을 체결하였다.",
            "피고인은 공소외 4에게 먼저 운전자보험 가입 의사를 밝혀 보험계약을 체결하였고, 위 각 운전자보험 계약을 체결하면서 보험설계사에게 상조회 회원 가입을 권유한 바 없다.",
            "피고인 차량의 파손형태와 공소외 2가 떨어진 위치에 비추어 피고인은 노견의 실선을 넘어 차량을 운행하다 피해자를 충격하였고, 공소외 2를 충격한 이후에서야 서서히 속력을 줄인 것으로 보이고, 사고현장에는 차량 급정거로 인한 스키드마크나 충격을 회피한 흔적이 전혀 없었다.",
            "교통사고 조사 당시 피고인은 상조회 광고지를 붙이기 위해 사고지점 맞은편에 있는 컨테이너를 보면서 차량을 운전하여 사고지점 약 7m 앞에서야 공소외 2를 발견하고 미처 피하지 못하고 공소외 2를 충격하였다고 주장였으나, 전단지를 붙일 컨테이너 근처에서도 전혀 속도를 줄이지 아니한 점에 비추어 납득하기 어렵다.",
            "피고인은 3개의 운전자보험으로부터 형사합의지원금만으로도 6천만 원을 수령하였음에도 공소외 2의 유족인 공소외 12에게 합의금으로 3백만 원을 제시하였다가 공소외 12가 거절하자 다시 5백만 원을 제시하여 합의하였다.",
            "피고인은 이미 2007.5.14.교통사고로 형사합의금 등을 지급받은 3건의 운전자보험에 가입한 상태였음에도 2007.11.12.000 전화상담원에게 운전자보험금의 중복지급 여부를 확인한 후 운전자보험을 추가로 계약하였다.",
            "비록 피고인이 2007년에 상조회사로부터 월 평균 100만 원 이상의 수입이 있었으나 여전히 금융기관에 채무를 연체하고 있던 사정에 비추어 추가로 운전자보험에 가입한 것을 쉽게 납득할 수 없다.",
            "교통사고 당시 사고현장의 스키드마크와 피해자의 충격 이후 위치에 비추어 피고인은 40km 이상의 속력으로 진행하다 공소외 1을 충격한 이후에 급제동한 것으로 보이고, 피고인은 교차로를 통과하기 위하여 반사경을 보느라 공소외 1을 보지 못하였다고 주장하였으나 위 교통사고 도로의 구조 및 반사경의 위치를 고려하면 피고인이 반사경을 쳐다보는 경우에도 공소외 1이 피고인의 시야에서 벗어나지 않는 것으로 보여 납득하기 어렵다.",
            "피고인의 차량은 충돌 이후에도 약 30m를 더 진행 후 정지한 점에 비추어 피고인은 공소외 3을 충돌한 이후에도 급제동을 하지 않은 것으로 보인다.",
            "교통사고 당시 피고인은 솔밭을 바라보다가 공소외 3을 충돌하였다고 진술하였는데 피고인이 인정하고 있는 바와 같이 이미 60~70m 전방에서 공소외 3을 보았음에도 감속 등의 어떠한 조치도 취하지 않은 점을 쉽게 납득하기 어렵고, 또한 피고인은 위 교통사고 발생 직후 119, 112에 구호 신청 및 사고 신고를 하였는데, 당시 녹음된 피고인의 음성은 비교적 차분한 음성이었다.",
            "피고인은 2개의 운전자보험으로부터 형사합의지원금으로 4천만 원을 지급받았고, 2개의 보험사에게 운전자보험금으로 각 5천만 원을 청구하여 놓은 상태였음에도, 공소외 3의 유족 공소외 11에게 보험회사로부터 형사합의금 명목으로 2천만 원을 지급받았는데 변호사비용을 제한 1천 5백만 원에 합의하자고 제의하여 위 금액에 합의하였다.",
            "교통사고로 고령의 노인이 사망한 경우 유족 측과 비교적 적은 금액으로 합의가 가능하고, 피고인은 피해자 공소외 2의 유족과는 5백만 원에, 피해자 공소외 3의 유족과는 1천 5백만 원에 합의하였다.",
            "피고인은 현장에 출동한 경찰관에서 집행유예를 다시 받을 수 있는지를 문의하였다.",
            "형사재판에 있어 유죄의 인정은 법관으로 하여금 합리적인 의심을 할 여지가 없을 정도로 공소사실이 진실한 것이라는 확신을 가지게 할 수 있는 증명력을 가진 증거에 의하여야 한다.",
            "이러한 정도의 심증을 형성하는 증거가 없다면 피고인이 유죄라는 의심이 간다 하더라도 피고인의 이익으로 판단할 수밖에 없으나, 그와 같은 심증이 반드시 직접증거에 의하여 형성되어야만 하는 것은 아니고 경험칙과 논리법칙에 위반되지 아니하는 한 간접증거에 의하여 형성되어도 되는 것이다.",
            "간접증거가 개별적으로는 범죄사실에 대한 완전한 증명력을 가지지 못하더라도 전체 증거를 상호 관련하에 종합적으로 고찰할 경우 그 단독으로는 가지지 못하는 종합적 증명력이 있는 것으로 판단되면 그에 의하여도 범죄사실을 인정할 수 있다(대법원 2001.11.27.선고 2001도4392 판결 등 참조).",
            "이 사건 각 공소사실에 대하여 피고인은 그와 같은 범행을 저지른 바가 없다고 강력히 부인하고 있고, 달리 그에 관한 직접증거도 확보할 수 없으므로, 결국, 이 법원에 현출된 각종 간접증거들에 의하여 알 수 있는 사정들을 토대로 피고인의 이 사건 각 범행을 인정할 수 있는지 판단하여야 한다고 할 것이다.",
            "앞서 본 증거들에 의하여 알 수 있는 다음과 같은 사정들에다가 위에서 본 법리를 종합적으로 고려하면, 피고인의 이 사건 각 범행을 충분히 유죄로 인정할 수 있다고 할 것이다.",
            "피고인은 이미 2007.5.14.교통사고로 형사합의금 등을 지급받은 3건의 운전자보험에 가입한 상태였음에도 2007.11.12.LIG보험사 전화상담원에게 운전자보험금의 중복지급 여부를 확인한 후 운전자보험을 추가로 계약하였다.",
            "비록 피고인이 2007년에 상조회사로부터 월 평균 100만 원 이상의 수입이 있었으나 여전히 금융기관에 채무를 연체하고 있던 사정에 비추어 추가로 운전자보험에 가입한 것을 쉽게 납득할 수 없다.",
            "위 운전자보험을 계약함에서 있어 피고인은 보험사 상담원에게 상조회 회원 가입을 권유한 바 없다.",
            "주택가 골목길과 연결된 교차로지만 전방의 시야가 방해받지 않는 한적한 도로이다.",
            "교통사고 당시 사고현장의 스키드마크와 피해자의 충격 이후 위치에 비추어 피고인은 40km 이상의 속력으로 진행하다 공소외 1을 충격한 이후에 급제동한 것으로 보이고, 피고인은 교차로를 통과하기 위하여 반사경을 보느라 공소외 1을 보지 못하였다고 주장하였으나 위 교통사고 도로의 구조 및 반사경의 위치를 고려하면 피고인이 반사경을 쳐다보는 경우에도 공소외 1이 피고인의 시야에서 벗어나지 않는 것으로 보여 납득하기 어렵다.",
            "피고인은 기왕에 가입한 운전자보험의 경우 그 계약기간이 10년 이상임에도 2008.3.4.사고 이후 보험료를 납부하지 않아 보험계약이 실효되게 하거나 해약처리 한 후, 2008.7.28.경 위와 같이 4건의 운전자 보험에 가입하였다.",
            "2008.7.29.동부화재 상담원에게 보험 만기 시 환급을 받지 않고 사고시 보장만 받는 보험상품을 요청하여 동부화재 다이렉트 운전자보험계약을 체결하였고, 같은 날 LIG보험사 상담원에게 환급을 줄이고 보장성을 강화하는 상품을 요청하여 운전자 보험계약을 체결하였다.",
            "도로 양옆이 논밭으로 형성되어 있는 편도 1차선 도로로 평소 차량통행이 한산하고, 약 700m가량의 직선도로로 사고지점까지는 약 300m 정도 직선거리이고, 운전자의 시야를 방해할 만한 장애물이 없어 보행자를 쉽게 파악할 수 있고, 돌발 상황 발생 시 비교적 쉽게 이를 회피할 수 있는 도로이다."
        ]
    },
    "close": {
        "cnclsns": [
            "피고인을 판시 제1죄, 제2의 나, 다 죄에 대하여 징역 12년에, 판시 제2의 가 죄에 대하여 징역 3년에 각 처한다."
        ]
    }
}