{
    "info": {
        "caseField": "2",
        "detailField": "6",
        "trailField": "2",
        "caseNm": "특정경제범죄가중처벌등에관한법률위반(횡령)(인정된죄명:횡령),사기",
        "courtNm": "서울고법 ",
        "judmnAdjuDe": "2009. 03. 26.",
        "caseNo": "2009노86",
        "relateLaword": [
            "특정경제범죄 가중처벌 등에 관한 법률 제3조",
            "형법 제355조"
        ],
        "qotatPrcdnt": [
            "대법원 2007.4.19 선고 2005도7288 전원합의체 판결 (공2007상, 923)"
        ]
    },
    "concerned": {
        "acusr": "4",
        "dedat": "1"
    },
    "org": {
        "orgJdgmnCourtNm": "서울남부지법",
        "orgJdgmnAdjuDe": "2008.12.19",
        "orgJdgmnCaseNo": "2008고합424"
    },
    "disposal": {
        "disposalform": "10",
        "disposalcontent": [
            "피고인 및 검사의 항소를 모두 기각한다.",
            "원심의 판단은 정당한 것으로 수긍이 가고 거기에 검사가 주장하는 바와 같은 횡령 범행으로 인한 이득액에 관한 사실오인 내지 법리오해의 위법이 없으므로 검사의 주장은 이유 없다.",
            "원심이 피고인에게 선고한 형은 적정하고 그것이 너무 무거워 부당하다고 할 수 없으므로 피고인의 주장은 이유 없다."
        ]
    },
    "mentionedItems": {
        "rqestObjet": [
            "원심이 피고인에게 선고한 징역 1년 6월의 형은 너무 무거워 부당하다.",
            "원심이 이 사건 횡령으로 인한 이득액을 기계들의 가액과 피담보채권 중 그 액수가 적은 금액으로 보아 특정경제범죄 가중처벌등에 관한 법률 위반(횡령)의 점에 관하여 무죄로 판단한 것은 사실오인 또는 법리오해로 인하여 판결에 영향을 미친 위법이 있다."
        ]
    },
    "assrs": {
        "acusrAssrs": [
            "피고인의 횡령범행은 피해자 소유의 기계들을 담보로 제공하여 대출을 받으면서 이미 완성된 것으로, 피고인이 횡령한 것은 담보로 제공한 기계들이지 대출금이 아니므로 그 피해금액은 피고인이 횡령한 재물인 기계들의 가액에 따라 결정된다고 봄이 상당하며, 대출금액에 따라 그 피해규모가 달라진다고 보기는 어렵다.",
            "피고인이 실제로 대출받은 금액은 5억 원이 되지 못한다 할지라도, 피고인이 5억 원 이상의 기계를 담보로 제공하면서 대출을 받은 이상 그 기계 전체에 대하여 불법영득의 의사를 표출했고 그 범행은 이미 기수에 이르렀다고 할 것이며 추후의 대출금액의 다소에 따라 그 이득액이 정해진다고 보기는 어려우므로 그 피해금액 및 피고인이 취득한 이득액은 기계 가액인 5억 원 이상으로 봄이 상당하다.",
            "원심이 이 사건 횡령으로 인한 이득액을 기계들의 가액과 피담보채권 중 그 액수가 적은 금액으로 보아 특정경제범죄 가중처벌 등에 관한 법률 위반(횡령)의 점에 관하여 무죄로 판단한 것은 사실오인 또는 법리오해로 인하여 판결에 영향을 미친 위법이 있다."
        ],
        "dedatAssrs": [
            "원심이 피고인에게 선고한 징역 1년 6월의 형은 너무 무거워 부당하다."
        ]
    },
    "facts": {
        "bsisFacts": [
            "피고인은 2005.6.14.경 인천 (이하 생략)에 있는 피해자 000 사무실에서 위 피해자 회사로부터 대금 완불시 그 소유권을 이전받는 조건으로 산업용봉재기 239대 시가 241,504,000원 상당을 할부로 구입하였다.",
            "2005.9.15.경 인천 (이하 생략)에 있는 피해자 000 사무실에서 위 피해자 회사로부터 같은 조건으로 컴퓨터자동자수기계 10대 시가 536,000,000원 상당을 할부로 구입하였다.",
            "피고인은 베트남국 푸토성 베트찌시에 있는 피고인 경영의 현지법인인 000 공장에서 위 각 피해자 회사들을 위해 위 기계들을 보관하던 중 할부잔금이 산업용봉재기의 경우 155,474,000원, 컴퓨터자동자수기계의 경우 359,680,000원이 각 남아 있었다.",
            "그 소유권이 위 각 피해자 회사들에 유보되어 있음에도 불구하고, 2005.11.8.경 위 베트찌시에 있는 “푸토 투자 및 개발은행”으로부터 미화 380,000불을 대출받으면서 위 산업용봉제기 186대 시가 154,800,000원 상당과 위 컴퓨터자동자수기계 10대 시가 536,000,000원 상당을 각 담보로 제공함으로써 시가 합계 690,800,000원 상당의 기계들을 횡령하였다.",
            "피고인은 2005.6.14.경 피해자 000와 사이에, 2005.9.15.경 피해자 000와 사이에 각 할부구매계약을 체결하고 그 기계들을 보관하던 중 각 피해자 회사 소유의 기계들을 횡령하였다",
            "피해자 회사들의 기계들에 의하여 담보되는 피담보채권액은 미화 380,000불로써 그 이득액이 각각 5억 원에 이르지 못한다.",
            "피고인은 베트남 현지 법인인 000를 설립한 직후인 2005.7.경 베트남 정부의 외국인 투자정책 변경으로 외국인 투자자에 대한 대출규제가 시행되면서 신용대출이 불가능하게 되었다."
        ]
    },
    "dcss": {
        "courtDcss": [
            "이 사건에서 피해자 회사들의 기계들에 의하여 담보되는 피담보채권액은 미화 380,000불로써 그 이득액이 각각 5억 원에 이르지 못하고, 달리 이 사건 각 횡령 범행으로 인한 피고인의 이득액이 각각 5억 원 이상이 됨을 인정할 증거가 없다.",
            "원심의 판단은 정당한 것으로 수긍이 가고 거기에 검사가 주장하는 바와 같은 횡령 범행으로 인한 이득액에 관한 사실오인 내지 법리오해의 위법이 없으므로 검사의 주장은 이유 없다.",
            "피고인이 이 사건 각 범행을 시인하고 잘못을 반성하고 있는 점, 피고인에게는 아무런 전과가 없는 점, 피고인이 베트남 현지 법인인 000를 설립한 직후인 2005.7.경 베트남 정부의 외국인 투자정책 변경으로 외국인 투자자에 대한 대출규제가 시행되면서 신용대출이 불가능하게 된 점, 이 사건 범행으로 인하여 개인적 이득을 취하였다고 보이지는 아니하는 점이 인정된다.",
            "피고인의 이 사건 범행들로 인한 피해액의 규모가 매우 큰 반면 피해회복이 거의 이루어지지 아니한 점, 그밖에 이 사건 각 범행의 동기와 수단, 피고인의 나이, 성행, 직업, 전력, 범행 후의 정황 등 양형의 조건이 되는 여러 사정을 종합하여 보면, 원심이 피고인에게 선고한 형은 적정하고 그것이 너무 무거워 부당하다고 할 수 없으므로 피고인의 주장은 이유 없다.",
            "이 사건과 같은 이른바 소유권유보부 매매에 있어서 매매대금의 채무자인 매수인이 매매대금을 완납할 때까지는 물건에 대한 소유권이 매도인에게 속하는 것이므로 매수인이 사용하고 있는 물건을 대금완납 전에 제3자에게 담보로 제공한 경우에는 채권자인 매도인에 대한 관계에 있어서 횡령죄가 인정된다 할 것이다.",
            "타인 소유의 물건을 담보로 제공함으로써 횡령죄가 성립하는 경우 그 이득액을 담보제공한 물건의 시가로 볼 것인지 아니면 피담보채권액으로 볼 것인지가 문제된다.",
            "형법 제355조 제1항의 횡령죄는 타인의 재물을 보관하는 자가 그 재물을 횡령하거나 그 반환을 거부함으로써 성립하고, 그 재물의 가액이 얼마인지는 문제되지 아니하는 데 비하여, 횡령으로 인한 특정경제범죄 가중처벌 등에 관한 법률 위반죄에 있어서는 횡령한 재물의 가액이 5억 원 이상 또는 50억 원 이상이라는 것이 범죄구성요건의 일부로 되어 있고 그 가액에 따라 그 죄에 대한 형벌도 가중되어 있다.",
            "이를 적용함에 있어서는 횡령한 재물의 가액을 엄격하고 신중하게 산정함으로써, 범죄와 형벌 사이에 적정한 균형이 이루어져야 한다는 죄형균형원칙이나 형벌은 책임에 기초하고 그 책임에 비례하여야 한다는 책임주의원칙이 훼손되지 않도록 유의하여야 한다(대법원 2007.4.19.선고 2005도7288 전원합의체 판결 참조).",
            "타인의 재물을 횡령한 경우에 특정경제범죄 가중처벌 등에 관한 법률 제3조의 적용을 전제로 하여 그 재물의 가액을 산정함에 있어서는, 횡령행위의 태양에 따라 소비, 반출, 은닉, 매각, 증여, 교환 등의 경우에는 그 재물의 시가 상당액이 곧 그 가액이라고 볼 것이다.",
            "이 사건과 같이 담보제공으로 인한 횡령의 경우에는 담보권 자체의 가치에 중점이 있기 때문에 위 소비, 매각 등으로 인한 횡령의 경우와 다르게 취급하는 것이 마땅하다고 할 것이므로, 특별한 사정이 없는 한 담보권의 채권최고액 범위 내에서의 피담보채권액을 이득액이나 피해액으로 보는 것이 일반의 상식에도 부합한다고 할 것이다.",
            "특정물을 담보로 제공하고 대출받은 경우 피담보채권액 상당의 재산상의 이익을 취득한 배임죄로 평가할 수 있는 점에 비추어 보면, 같은 행위를 횡령죄로 평가하는 경우에도 그 이득액을 횡령물의 가액이 아니라 피담보채권액으로 보는 것이, 배임죄와의 관계에서 보더라도 타당한 해석이라 아니할 수 없다.",
            "이득액이 범죄구성요건의 일부로 되어 있는 특정경제범죄 가중처벌 등에 관한 법률 위반죄에 있어서는 특정물을 담보로 제공함으로써 횡령행위가 완성하는 경우에, 특정물 전부에 대하여 횡령행위가 완성하는 것이 아니라 특정물 중 일부(피담보채권액 부분)에 대하여만 횡령행위가 완성하는 것으로 해석하는 것이 타당하다.",
            "특정물 전부에 대하여 횡령행위가 완성하는 것으로 해석한다면 특정물 전부의 시가 상당액에서 피담보채권액을 빼고도 잔존가치가 있어 이를 담보로 추가 대출받는 경우 이러한 추가 대출행위는 이른바 불가벌적 사후행위에 해당한다 하여 별도의 횡령죄를 구성하지 아니한다고 보아야 할 것인데 이러한 해석이 불합리함은 다언을 요하지 않는다고 할 것이다."
        ]
    },
    "close": {
        "cnclsns": [
            "피고인 및 검사의 항소를 모두 기각한다."
        ]
    }
}