{
    "info": {
        "caseField": "2",
        "detailField": "6",
        "trailField": "2",
        "caseNm": "사기미수,공정증서원본불실기재,불실기재공정증서원본행사,사문서변조,변조사문서행사",
        "courtNm": "서울남부지방법원",
        "judmnAdjuDe": "2009. 06. 05.",
        "caseNo": "2009노81",
        "relateLaword": [
            "형법 제352조",
            "형법 제30조",
            "형법 제231조",
            "형법 제234조",
            "형법 제37조",
            "형법 제39조",
            "형법 제38조",
            "형법 제50조",
            "형법 제62조",
            "형법 제62조의2",
            "형법 제347조",
            "형법 제228조",
            "공증인법 제2조",
            "공증인법 제34조",
            "형사소송법 제364조",
            "형사소송법 제369조"
        ],
        "qotatPrcdnt": [
            "서울중앙지방법원 2007타기1432호",
            "서울중앙지방법원 2007타기1307호"
        ]
    },
    "concerned": {
        "acusr": "4",
        "dedat": "1"
    },
    "org": {
        "orgJdgmnCourtNm": "서울남부지방법원",
        "orgJdgmnAdjuDe": "2008. 12. 24.",
        "orgJdgmnCaseNo": "2008고단1895"
    },
    "disposal": {
        "disposalform": "8",
        "disposalcontent": [
            "원심판결 중 피고인 2에 대한 유죄부분과 피고인들에 대한 각 사기미수의 점에 관한 무죄부분을 파기한다.",
            "피고인들을 각 징역 1년에 처한다.",
            "다만, 이 판결 확정일부터 2년간 피고인들에 대한 위 각 형의 집행을 유예한다.",
            "피고인들에 대하여 각 160시간의 사회봉사를 명한다.",
            "나머지 검사의 항소를 기각한다."
        ]
    },
    "mentionedItems": {
        "rqestObjet": [
            "검사가 제출한 증거들에 의하면, 피고인들이 공모하여 사실은 피고인 2 가 피고인 1 에 대하여 채권이 없음에도 마치 채권이 있는 것처럼 약속어음공정증서에 불실의 사실을 기재하게 하고, 위 공정증서를 이용하여 법원을 기망하여 피해자 공소외 1(대법원판결의 공소외인) 이 배당받을 배당금을 편취하려고 한 사실을 인정할 수 있었다.",
            "원심은 사실을 오인하여 피고인들에 대한 사기미수, 공정증서원본불실기재 및 동행사의 공소사실에 대하여 무죄를 선고하는 잘못을 저질렀다.",
            "원심판결 중 유죄부분은 형량(벌금 300만 원)이 너무 가벼워서 부당하다."
        ]
    },
    "assrs": {
        "acusrAssrs": [
            "피고인들이 공모하여 사실은 피고인 2가 피고인 1에 대하여 채권이 없음에도 마치 채권이 있는 것처럼 약속어음공정증서에 불실의 사실을 기재하게 하고, 위 공정증서를 이용하여 법원을 기망하여 피해자 공소외 1(대법원판결의 공소외인)이 배당받을 배당금을 편취하려고 한 사실을 인정할 수 있다.",
            "원심은 사실을 오인하여 피고인들에 대한 사기미수, 공정증서원본불실기재 및 동행사의 공소사실에 대하여 무죄를 선고하는 잘못을 저질렀다.",
            "원심판결 중 유죄부분은 형량(벌금 300만 원)이 너무 가벼워서 부당하다."
        ],
        "dedatAssrs": [
            "피고인들은, 피고인 1이 보낸 돈은 중고차 매도자에게 지급할 중고자동차 매매대금이지만, 피고인 1이 받은 돈은 피고인 1이 피고인 2로부터 빌린 것이라고 주장한다.",
            "피고인들 사이에는 아래 표와 같은 내용의 송금이 있었는바(피고인 2가 이에 관한 통장거래내역을 변조,행사한 부분이 원심판결에서 유죄로 인정되었다.), 이 중 순번 1~3의 거래의 경위에 대하여 피고인들은, 피고인 1이 중고자동차 매수대금으로 피고인 2에게 돈을 이체하면 피고인 2가 이를 인출하여 직접 또는 공소외 3을 통해 중고차 매도인에게 주었다.",
            "한편 피고인 1은 중고자동차를 살 돈이 부족하여 피고인 2로부터 돈을 빌리는 경우가 있었는데 이러한 경우 피고인 2가 다시 같은 날 돈을 이체하고, 피고인 1이 이를 인출하면 다시 공소외 3이 피고인 1에게 와서 그 돈을 받아 피고인 2 또는 중고차 매도인에게 전해주었다고 주장한다."
        ]
    },
    "facts": {
        "bsisFacts": [
            "피고인들은 2005년 10월 무렵 중고자동차 중개판매업에 관한 수익을 분배하기로 하는 내용의 동업약정을 체결하였다.",
            "피고인들은 2006.9.19.이 사건 공정증서를 작성하게 한 후, 7일 뒤인 2006.9.28.이에 대하여 집행문을 부여받았다.",
            "피고인 2는 2006.10.9.피고인 1의 공소외 2에 대한 3억 원의 채권을 압류·전부 받았다.",
            "피해자는 2006.11.15.피고인 1에 대하여 연대보증금 4,900만 원을 지급하라는 내용의 지급명령을 신청하였고, 2006.11.24.과 같은 달 27.피고인 1의 ㅁㅁ홈소핑 및 ㅁㅁ백화점 공탁금에 대한 각 공탁금출급청구권을 가압류하였다.",
            "피고인 2가 2007.1.15.이 사건 공정증서에 기하여 다시 집행문을 부여받아 2007.1.26.피고인 1의 ㅁㅁ홈쇼핑 및 ㅁㅁ백화점 공탁금에 대한 각 공탁금출급청구권에 대해 2007.1.26.압류,·추심명령을 받았다.",
            "2007.5.31.피고인 1이 피해자에게 3,500만 원과 이에 대한 지연손해금을 지급하라는 1심 판결이 선고되었다.",
            "2005.10.14.부터 2007.1.23.까지 피고인 2의 계좌에서 피고인 1의 계좌로 이체된 금액(이하 피고인 1이 받은 돈 이라고 한다.)이 261,555,000원이고, 반대로 피고인 1의 계좌에서 피고인 2의 계좌로 이체된 금액(이하 피고인 1이 보낸 돈 이라고 한다.)이 214,450,000원으로 그 차액은 47,105,000원이다.",
            "피고인들은, 피고인 1이 보낸 돈은 중고차 매도자에게 지급할 중고자동차 매매대금이지만, 피고인 1이받은 돈은 피고인 1이 피고인 2로부터 빌린 것이라고 주장한다.특히, 피고인들 사이에는 아래 표와 같은 내용의 송금이 있었다(피고인 2가 이에 관한 통장거래내역을 변조,행사한 부분이 원심판결에서 유죄로 인정되었다.).",
            "따라서, 이 중 순번 1~3의 거래의 경위에 대하여 피고인들은, 피고인 1이 중고자동차 매수대금으로 피고인 2에게 돈을 이체하면 피고인 2가 이를 인출하여 직접 또는 공소외 3 을 통해 중고차 매도인에게 주었다.",
            "한편 피고인 1은 중고자동차를 살 돈이 부족하여 피고인 2로부터 돈을 빌리는 경우가 있었는데 이러한 경우 피고인 2가 다시 같은 날 돈을 이체하고, 피고인 1이 이를 인출하면 다시 공소외 3 이 피고인 1에게 와서 그 돈을 받아 피고인 2또는 중고차 매도인에게 전해주었다고 주장한다.",
            "1, 2006.11.1., 20,000,000(시각 10:44), 5,000,000(시각 11:33)",
            "2, 2006.11.27., 10,000,000(시각 19:13), 410,000(시각 21:28)",
            "3, 2006.12.11., 9,500,000(시각 17:10), 11,000,000(시각 19:15)",
            "4, 2006.12.29., 6,000,000(시각 16:11), 9,000,000(시각 10:48)"
        ]
    },
    "dcss": {
        "courtDcss": [
            "이 사건 공정증서에는 발행인 피고인 1, 수취인 피고인 2, 어음금 3억 원, 발행일 2006.9.19.인 약속어음이 붙어있고, 2009.9.19.공증인가 법무법인 ㅇㅇ의 사무소에서 작성하였다는 취지가 기재되어 있다.",
            "피고인들이 그들의 의사에 따라 실제로 위 사무소에서 위 약속어음을 작성하고, 공증인이 피고인들의 촉탁에 따라 위 약속어음이 진정하게 발행,교부되었음을 확인한 이상 위 약속어음의 원인이 되는 채권이 존재하지 않았다는 이유로 위 공정증서가 증명하는 사항이 불실기재되었다고 볼 수 없고, 달리 이 사건 공정증서가 불실기재되었다는 점을 인정할 만한 증거가 없다.",
            "피고인들 스스로 자신들이 자동차매매를 통한 수익분배를 내용으로 하는 동업약정을 체결하였으며, 피고인 2는 이미 자동차매매 딜러로 일하고 있었기 때문에 피고인 1은 피고인 2로부터 자동차매매에 대한 노하우를 배우면서 동시에 피고인 2가 판매가치가 있는 자동차를 지정하면 피고인 2와 함께 매수하기로 하였다고 한다.",
            "피고인 1이 받은 돈은 동업상 분배받은 수익이나 동업상 필요로 오간 돈이 아니라 피고인 2로부터 빌린 돈이라고 주장하고 있어 피고인들의 주장에 의하면, 이하 다음 내용과 같다.",
            "즉, 피고인 1은 피고인 2로부터 2억여 원이 넘는 돈을 빌리고 여기에 자신의 돈 2억여 원을 합쳐 자동차를 매수하면서도 자동차 판매대금에 대한 수익(기록에 의하면 공소외 4가 피고인 2가 매수하여 온 차량을 매도하여 준 사실이 인정된다.)은 전혀 분배받지 아니하였다는 결과가 되어 경험칙상 그 주장을 믿기 어렵다.",
            "같은 날 서로 송금한 이유에 관하여 차용증을 작성하는 것이 번거롭기 때문에 금전대여에 대한 증거를 남기기 위하여 라는 것이어서 그 설명에 설득력이 없으며, 특히 피고인 1은 검찰에서 자신이 갖고 있던 돈을 피고인 2에게 보내 주면 피고인 2가 그의 돈을 보태서 차를 구입하였고, 자신은 피고인 2에게 돈을 꾸어서 공소외 3에게 투자하였다고 진술한 사실이 있는 점에 비추어 보면 피고인들의 위 주장은 신빙성이 없다.",
            "공소외 3은 원심법정에서 2005년 여름 무렵부터 피고인 1과 동업하였는데 그 내용은 공소외 3이 자동차를 지정하면 피고인 1이 매매대금을 지급하고, 수익은 7 : 3으로 분배하는 내용이며, 공소외 3이 피고인 1에 대하여 정산하여야 할 자동차 판매대금이 2억여 원이며, 피고인 2가 피고인 1한테 채권이 있다는 말을 들었다고 진술하고 있다.",
            "피고인 1은 공소외 3으로부터 3여 년간 정산도 받지 아니한 채 현금보관증 말고는 아무런 담보나 증빙도 없이(피고인 1은 피고인 2와는 달리 공소외 3과는 통장으로 거래하지 않았다고 진술하였으며, 공소외 3도 경찰에서 중고자동차매매의 특성상 현금으로 거래하였다고 진술하였다.)2억여 원을 빌려준 셈이 되어 공소외 3의 위 진술도 선뜻 믿기 어렵다.",
            "공소외 4는 원심법원에서 피고인 2가 피고인 1을 자신의 스폰(중고자동차 매매에 필요한 자금을 대어줄 사람)해 줄 사람이라고 소개했으며, 피고인 2가 자동차를 매수할 당시에 매수대금의 전부 또는 일부를 피고인 1이 부담한다는 말을 들은 사실이 있다고 진술하고 있고, 공소외 4는 피해자 공소외 1과는 관계가 없고, 오히려 2005년 중반기부터 2007년 봄까지 피고인 2와 함께 중고차매매일을 한 사람으로서 공소외 4의 증언은 신빙성이 있다.",
            "피고인 2가 피고인 1에게 3억 원의 채권을 가지지 않는다는 점을 충분히 인정할 수 있고, 이 사건 공정증서가 이미 피해자가 피고인 1에 대하여 소송을 제기하기 전에 작성되었고, 피고인 2가 이 사건 공정증서를 이용하여 피고인 1의 공소외 2에 대한 채권에 대하여 압류,전부명령을 받은 사정이 있다는 것으로 인하여 피고인 2의 피고인 1에 대한 채권의 부존재를 인정하는데 아무런 지장이 없다.",
            "피고인들이 이 사건 공정증서를 이용하여 허위의 채권을 가장함으로써 법원을 기망하여 배당을 받으려 한 이 사건 사기미수의 공소사실은 그 범죄의 증명이 충분함에도 불구하고 원심이 이 부분 공소사실에 대하여 무죄를 선고한 것은 사실을 오인함으로써 판결에 영향을 끼친 위법이 있고, 이를 지적하는 검사의 주장은 이유 있다."
        ]
    },
    "close": {
        "cnclsns": [
            "원심판결 중 피고인 2 에 대한 유죄부분과 피고인들에 대한 각 사기미수의 점에 관한 무죄부분을 파기한다.",
            "피고인들을 각 징역 1년에 처한다.",
            "다만, 이 판결 확정일부터 2년간 피고인들에 대한 위 각 형의 집행을 유예한다.",
            "피고인들에 대하여 각 160시간의 사회봉사를 명한다.",
            "나머지 검사의 항소를 기각한다."
        ]
    }
}