{
    "info": {
        "caseField": "2",
        "detailField": "6",
        "trailField": "1",
        "caseNm": "사기",
        "courtNm": "대구지방법원  ",
        "judmnAdjuDe": "2010. 04. 15.",
        "caseNo": "2009고단3511",
        "relateLaword": [
            "형사소송법 제325조 "
        ],
        "qotatPrcdnt": []
    },
    "concerned": {
        "acusr": "4",
        "dedat": "1"
    },
    "org": {
        "orgJdgmnCourtNm": "",
        "orgJdgmnAdjuDe": "",
        "orgJdgmnCaseNo": ""
    },
    "disposal": {
        "disposalform": "10",
        "disposalcontent": [
            "피고인은 무죄로 판결한다."
        ]
    },
    "mentionedItems": {
        "rqestObjet": [
            "피고인은 피해자로부터 35,210,000원을 편취한 것을 비롯하여 그 때로부터 2008. 11. 4.경까지 사이에 별지 범죄일람표 기재와 같이 총 17회에 걸쳐 합계 44,928,800원을 편취하였다."
        ]
    },
    "assrs": {
        "acusrAssrs": [],
        "dedatAssrs": [
            "피고인은 공소사실 기재와 같이 3,521만원 등을 빌릴 당시에는 변제의사와 변제능력이 있었는데 공소외 1 공사에서 파면되는 바람에 변제하지 못하게 되었던 것일 뿐이라고 다툰다."
        ]
    },
    "facts": {
        "bsisFacts": [
            "피고인은 2008.10.2.대구지방법원 안동지원에서 사기죄로 징역 8월에 집행유예 2년을 선고받아 2008.12.16.위 판결이 확정되었다.",
            "피고인은 2008.1.13.경 0000에 있는 000에서 피해자 공소외 2에게 \"공소외 1 공사 직원인데 돈이 갑자기 필요하니 돈을 빌려 주면 이자를 많이 주고 공정증서를 작성해 주겠다.\"고 말하여 피해자로부터 35,210,000원을 교부받았다.",
            "피고인은 그 당시 이미 2002년경부터 다른 채권자로부터 빌린 돈의 원금과 이자 합계액이 5,000만원 상당에 이르러 고소를 당하는 등 과도한 채무를 부담하고 있었고, 피고인은 피해자로부터 돈을 빌려 고소인과 합의하는 데 사용하려고 하였으므로 피해자로부터 돈을 빌리더라도 이를 정상적으로 변제할 의사나 능력이 없었다.",
            "피고인은 피해자로부터 35,210,000원을 편취한 것을 비롯하여 그 때로부터 2008.11.4.경까지 사이에 별지 범죄일람표 기재와 같이 총 17회에 걸쳐 합계 44,928,800원을 편취하였다."
        ]
    },
    "dcss": {
        "courtDcss": [
            "피고인에게 이 사건 사기의 공소사실에 대한 확정적인 고의가 있었음을 인정할 만한 증거가 없고, 다만 피고인의 일부 법정진술, 증인 공소외 2의 일부 법정진술 등에 의하여 인정되는 바와 같이 피고인이 이 사건 당시 약 5,000만원 상당의 원리금채무를 부담하고 있었던 점이 인정된다.",
            "피고인이 위 차용 당시 공소외 1 공사로부터 받는 급여 외에 공소외 2로부터 차용한 돈을 한꺼번에 변제할 만한 자력을 보유하고 있지는 않았던 것으로 보이고, 실제로 차용금을 변제하지도 못하였던 점이 인정된다.",
            "피고인이 위 공소사실에 기재된 전과의 범죄사실로 인해 재판을 받고 있었고, 그 결과에 따라서는 공소외 1 공사 직원의 지위를 유지하지 못할 가능성도 있었던 점 등을 근거로 피고인에게 이 사건 사기의 공소사실에 대한 미필적인 고의가 있었던 것은 아닌가 하는 의심이 들기도 한다.",
            "공소외 2는 피고인이 공소외 1 공사 직원임을 이유로 피고인을 믿고 특별한 변제기의 정함이 없이 2008.1.13.경 피고인에게 3,521만원을 대여하였고, 그 후 2008.2.12.경부터 2008.11.4.경까지 5만원에서 250만원 사이의 돈을 16회에 걸쳐 대여하였다고 하는데, 실제로 피고인은 1985.9.1.경부터 공소외 1 공사 직원으로 근무하기 시작하여 2008.11.24.경 파면될 때까지 근무하고 있었던 점이 인정된다.",
            "공소외 2는 2008.1.13.경 피고인에게 이 사건 3,521만원을 대여한 이후 2008.1.말경 피고인으로부터 피고인에 대한 급여가 입금되는 피고인 명의 계좌 통장을 넘겨받은 다음, 피고인에 대한 급여로 입금되는 금원 중 피고인의 생활비로 매월 약 50만원을 피고인에게 지급하는 외에 나머지 금원은 공소외 2가 이를 관리하기로 하였다.",
            "그리고 이와 별도로 피고인이 공소외 2에게 공소외 3 법무법인에서 금전소비대차계약 공정증서를 작성하여 주기도 하였던 점이 인정된다.",
            "한편, 공소외 1 공사로부터 2008.1.21.경 실수령액 2,970,025원의 정규급여, 2008.2.1.경 실수령액 1,650,054원의 정기상여, 2008.2.21.경 2,485,480원의 정규급여가 피고인의 급여 계좌로 입금되었다.",
            "그러나 공소외 2가 2008.2.15.대구지방법원 김천지원 2008타채261호로 위 공정증서에 기해 공소외 1 공사를 제3채무자로 하여 피고인의 급여 등에 대해 채권압류 및 추심명령을 발령받는 바람에 2008.3.경부터는 약 70만원 내외의 금원만이 피고인의 급여 계좌로 입금되었던 점이 인정된다.",
            "위와 같이 공소외 2의 압류 등으로 인해 지급이 보류된 금원 약 2,300만원에 대해 대구지방법원 김천지원 2009타기82 배당절차에서 공소외 2가 2009.3.26.경 9,975,602원을 배당받아 가기도 하였던 점이 인정된다.",
            "또한, 피고인은 위 공소사실 기재 사기전과의 범죄사실 등으로 인해 공소외 1 공사에서 파면되는 바람에 퇴직금조차 지급받지 못하게 되었는데, 만일 파면시점에 정상적으로 퇴직하였을 경우 퇴직금으로 30,935,799원을 수령할 수 있었고 이에 더하여 만일 피고인이 희망퇴직하였을 경우에는 명예퇴직금으로 67,851,000원을 추가로 수령할 수 있었던 것으로 보이는 점이 인정된다.",
            "피고인은 공소외 2로부터 2008.1.13.경 처음으로 3,521만원을 빌릴 당시 그 금원을 피고인에 대한 다른 사건의 형사합의금으로 사용할 생각이었는데, 공소외 2 역시 이에 관하여 어느 정도는 알고 있었던 것으로 보여 피고인이 그 용도를 기망한 것으로는 보이지 않고, 이는 공소사실의 범죄일람표 기재 연번 3, 13, 15번의 용도에 관하여서도 마찬가지로 보이는 점이 인정된다.",
            "피고인이 공소외 2로부터 금원을 차용할 당시 자신이 공소외 1 공사에서 파면될 것이라 예상하고 있었다거나 이를 충분히 예상할 수 있었다고 볼 자료도 찾기 어려운 점 등의 사정에 비추어 볼 때, 검사 제출의 증거들만으로는 앞서 본 피고인의 변소에 불구하고 피고인에게 위 공소사실에 대한 미필적 고의가 있었음이 합리적 의심의 여지가 없을 정도로 입증되었다고 보기는 부족하다."
        ]
    },
    "close": {
        "cnclsns": [
            "피고인은 무죄이다."
        ]
    }
}