{
    "info": {
        "caseField": "2",
        "detailField": "6",
        "trailField": "2",
        "caseNm": "특정경제범죄가중처벌등에관한법률위반(배임){피고인2에대한예비적죄명:특정경제범죄가중처벌등에관한법률위반(배임)방조},특정경제범죄가중처벌등에관한법률위반(횡령),특정경제범죄가중처벌등에관한법률위반(사기),업무상배임,업무상횡령,횡령,배임증재,자격모용사문서작성,자격모용작성사문서행사,사문서위조,위조사문서행사,증권거래법위반,주식회사의외부감사에관한법률위반(피고인3에대한인정된죄명:사문서변조및변조사문서행사)",
        "courtNm": "서울고등법원",
        "judmnAdjuDe": "2009. 12. 11.",
        "caseNo": "2009노1531",
        "relateLaword": [
            "형법 제30조",
            "외감법 제14조",
            "형법 제37조",
            "형사소송법 제364조",
            "특정경제범죄 가중처벌 등에 관한 법률 제3조",
            "형법 제356조",
            "형법 제355조",
            "구 증권거래법 제210조",
            "구 증권거래법 제188조",
            "구 증권거래법 제200조",
            "구 증권거래법 제207조",
            "구 증권거래법 제186조",
            "형법 제231조",
            "형법 제232조",
            "형법 제234조",
            "형법 제40조",
            "형법 제50조",
            "형법 제37조",
            "형법 제38조",
            "형법 제53조"
        ],
        "qotatPrcdnt": [
            "대법원 2005. 4. 29. 선고 2005도856 판결",
            "대법원 2009. 10. 29. 선고 2008도11036 판결",
            "대법원 2001. 9. 28. 선고 2001도3191 판결",
            "대법원 2006. 11. 10. 선고 2004도5167 판결",
            "대법원 2009. 2. 26. 선고 2008도522 판결",
            "대법원 2007. 11. 29. 선고 2007다53013 판결",
            "대법원 2006. 11. 10. 선고 2004도5167 판결",
            "대법원 2006. 1. 12. 선고 2005도7610 판결",
            "대법원 2006. 5. 11. 선고 2003도4320 판결",
            "대법원 2006. 11. 9. 선고 2004도7027 판결",
            "대법원 2008. 11. 27. 선고 2006도2016 판결",
            "대법원 2009. 6. 23. 선고 2009도2994 판결",
            "대법원 2007. 10. 26. 선고 2007도4702 판결",
            "대법원 2009. 4. 23. 선고 2008도8527 판결",
            "대법원 2004. 5. 13. 선고 2002도7340 판결"
        ]
    },
    "concerned": {
        "acusr": "4",
        "dedat": "1"
    },
    "org": {
        "orgJdgmnCourtNm": "서울중앙지방법원, 서울중앙지방법원",
        "orgJdgmnAdjuDe": "2009. 6. 4., 2009. 6. 4.",
        "orgJdgmnCaseNo": "2008고합1413, 2009고합87(병합), 304(병합), 309(병합), 411(병합), 2009초기30"
    },
    "disposal": {
        "disposalform": "10",
        "disposalcontent": [
            "원심판결 중 피고인들에 대한 유죄부분을 모두 파기한다.",
            "피고인 1을 징역 3년에, 피고인 4를 징역 2년 6월에 각 처한다.",
            "다만, 이 판결 확정일로부터 피고인 1에 대하여는 4년간, 피고인 4에 대하여는 3년간 위 각 형의 집행을 유예한다.",
            "피고인 3에 대한 형의 선고를 유예한다.",
            "피고인 1에 대한 이 사건 공소사실 중 공소외 7 주식회사 주식 인수 관련 특정경제범죄 가중처벌 등에 관한 법률위반(배임)의 점, 차량리스 관련 업무상배임의 점, 공소외 13 주식회사 대출 관련 특정경제범죄 가중처벌 등에 관한 법률위반(사기)의 점, 피고인 4에 대한 이 사건 공소사실 중 차량리스 관련 업무상 배임의 점 및 피고인 2는 각 무죄이다.",
            "원심판결 중 피고인 1, 2의 무죄부분 및 피고인 3에 대한 검사의 항소를 모두 기각한다."
        ]
    },
    "mentionedItems": {
        "rqestObjet": [
            "피고인 1, 4 에 대한 제반 양형조건들을 고려할 때, 원심의 각 형량(피고인 1 : 징역 3년 6월, 피고인 4 : 징역 3년, 집행유예 4년, 사회봉사 160시간)은 지나치게 무거워 부당하다.",
            "피고인 2는 배임의 고의가 없으며 배임의 공동정범 내지 방조범이 아니므로, 공소외 2 주식회사 주식 고가 인수 관련 특정경제범죄 가중처벌 등에 관한 법률위반(배임)의 점에 대한 사실오인 및 법리오해가 있다.",
            "피고인 3에 대한 제반 양형조건들을 고려할 때, 원심의 형량(벌금 100만 원)은 지나치게 무거워 부당하다.",
            "피고인들에 대한 제반 양형조건들을 고려할 때, 원심의 형량은 지나치게 가벼워 부당하다."
        ]
    },
    "assrs": {
        "acusrAssrs": [
            "공소외 4는 그 소유 공소외 2 주식회사 주식 700주의 매매대금으로 5억 2,500만 원 상당의 공소외 1 주식회사 신주인수권부사채를 취득한 사실을 알지 못한 채 피고인으로부터 2006. 4. 24.경 2억 8,000만 원을 송금받았다.",
            "그리고,  그로부터 3일이 지난 같은 해 4. 27.경 실외 주차장에서 그 정을 모르고 피고인의 요청을 받고 형식적으로 양수도계약서에 서명해 준 것으로 공소외 4의 진술의 전체 취지에 비추어 이 부분 공소사실은 유죄로 인정된다.",
            "피고인 1에 대한 제반 양형조건들을 고려할 때, 원심의 위 형량은 지나치게 가벼워 부당하다.",
            "이 사건의 경우와 같이 필수적 외부감사 대상 회사가 아님에도 불구하고 외부감사를 실시한 이상 공정한 외부감사를 방해한 피고인의 행위는 주식회사 외부감사에 관한 법률에 의하여 처벌되어야 한다.",
            "피고인 2에 대한 제반 양형조건들을 고려할 때, 원심의 위 형량은 지나치게 가벼워 부당하다.",
            "이 사건의 경우와 같이 필수적 외부감사 대상 회사가 아님에도 불구하고 외부감사를 실시한 이상 감사인의 감사조서를 변조한 행위도 주식회사 외부감사에 관한 법률에 의하여 처벌되어야 한다.",
            "피고인 3에 대한 제반 양형조건들을 고려할 때, 원심의 위 형량은 지나치게 가벼워 부당하다.",
            "피고인 4에 대한 제반 양형조건들을 고려할 때, 원심의 위 형량은 지나치게 가벼워 부당하다."
        ],
        "dedatAssrs": [
            "피고인이 공소외 1 주식회사 (ㅇㅇㅇ, ㅁㅁㅁ 를 거쳐 현재와 같이 회사명이 변경됨)의 대표이사로서 공소외 2 주식회사 의 주식을 주당 75만 원 합계 150억 원에 인수할 당시, 공소외 1 주식회사 는 누적적자가 약 300억 원에 달하였고 매출액도 상당 부분 가공매출로서 향후 상장폐지가 될 가능성이 높아 실질적인 매출과 수익을 창출할 수 있는 새로운 사업의 도입이 필요하여 공소외 2 주식회사 인수를 추진하였다.",
            "공소외 2 주식회사는 2005년도에 132억 원 상당의 매출을 달성한데다가 2006. 4.경부터 복합티엠 영업을 실시할 예정으로 전망이 좋은 회사였으며, 피고인은 위 주식 인수 전에 000에 주식가치 평가를 의뢰하여 그 평가결과를 바탕으로 매입가격을 결정한 이상 이는 임무위배행위에 해당하지 않을 뿐만 아니라 피고인에게 배임의 고의가 없다.",
            "피고인이 000이 평가한 공소외 2 주식회사 주식에 대한 평가액(주당 821,715원)을 기초로 보수적인 관점에서 할인한 주당 75만 원에 매입가격을 결정한 이상 그 매입가격이 적정하다고 보아야 하므로, 공소외 1 주식회사가 공소외 2 주식회사 주식을 인수함에 있어 공소외 1 주식회사에 대하여 손해가 발생하였다고 볼 수 없다.",
            "피고인의 위와 같은 행위가 배임에 해당한다 하더라도 공소외 3이 피고인에게 투자한 6억 원에 대한 상환 명목으로 피고인으로부터 교부받은 공소외 2 주식회사 주식 8,000주의 주당 가격 75,000주를 공소외 2 주식회사의 주당 적정가격으로 본 것은 잘못이다.",
            "그리고 공소외 2 주식회사의 주주들이 주식 양도대가로 취득한 현금 100억 원 및 50억 원 상당의 신주인수권부사채(변제 및 행사시기가 1년 이후로 제한)의 총가치는 150억 원 이하이므로, 주주들의 이득액 및 공소외 1 주식회사의 손해액을 135억 원으로 산정한 것은 부당하다.",
            "피고인은 공소외 1 주식회사의 대표이사로서 자회사인 공소외 2 주식회사의 영업에 필수적인 고객 데이터베이스를 안정적으로 확보하기 위하여 공소외 5 주식회사를 인수할 필요성이 있어 그 인수자금 명목으로 공소외 2 주식회사에 30억 원을 대여한 행위는 경영상 판단에 따른 행위이고, 피고인이 그 과정에서 원심이 인정한 바와 같이 7억 5,000만 원의 차익을 취한 바 없으므로, 이는 배임행위에 해당하지 않을 뿐만 아니라 배임의 고의가 없다.",
            "피고인은 공소외 1 주식회사의 대표이사로서 2006. 7. 14.부터 2007. 1. 8.까지 사이에 공소외 5 주식회사에 총 17억 원을 대여하여 그 중 이 사건 대여금 5억 원을 제외한 나머지 12억 원을 상환받았다.",
            "이는, 위 자금 대여행위는 공소외 1 주식회사의 손자회사인 공소외 5 주식회사의 공소외 6 주식회사 지분 인수, 운영자금 등의 영업을 위한 것이므로, 이는 경영상 판단에 따른 행위로서 배임행위에 해당하지 않을 뿐만 아니라 배임의 고의도 없다.",
            "피고인은 공소외 1 주식회사가 생산하는 타포린의 안정적인 공급처를 확보함과 동시에 저평가되어 있는 공소외 7 주식회사 (후에 ㅁㅁㅁ 로 회사명이 변경됨)의 주식을 매수할 경우 향후 주가상승으로 인한 투자수익을 얻을 수 있다고 기대하였다.",
            "만약 주가가 상승하지 않더라도 경영권 프리미엄을 받고 주식을 제3자에게 양도하면 된다고 판단하여 공소외 7 주식회사 주식을 적정한 가격에 인수하였고, 당시 실제로 공소외 1 주식회사의 CFO였던 공소외 8 이사가 공소외 7 주식회사의 이사를 겸직하여 공동경영에 참여하였다.",
            "공소외 1 주식회사를 인수한 공소외 9 주식회사가 공소외 3 및 공소외 10 주식회사 측과 협력하지 아니하고 공소외 7 주식회사 주식을 장내에서 일방적으로 매각하여 손해를 입게 된 것이므로, 피고인의 위와 같은 주식 인수행위는 배임행위에 해당하지 아니하고 배임의 고의도 없다.",
            "피고인들은 이 사건 차량을 리스할 당시 공소외 9 주식회사와 주식양수도 계약을 체결하였으나 계약금만 지급하였을 뿐 공소외 1 주식회사의 임원으로서의 권한을 완전히 상실한 때가 아닐 뿐만 아니라, 공소외 1 주식회사의 신경영진은 피고인들이 공소외 1 주식회사를 떠난 이후에도 차량이 필요할 것으로 예상하여 피고인들이 위 차량을 리스하여 사용하는 것을 승낙하였으므로, 배임행위에 해당하지 아니하고 배임의 고의도 없다.",
            "피고인은 공소외 12에게 공소외 11 주식회사 소유의 설비부품에 관하여 매각을 의뢰한 사실이 없고, 공소외 12로부터 교부받은 3억 원은 위 설비부품의 매각대금이 아니라 공소외 12로부터 차용한 자금에 불과하며, 자신과 공소외 12도 공소외 11 주식회사로부터 위 설비부품을 매수한 것으로 알고 있었다.",
            "피고인 개인 명의의 대출이 만기가 되자 000 0000기업금융지점으로부터 대출명의자를 법인으로 바꾸어달라는 요청을 받고 공소외 5 주식회사의 명의만을 잠시 빌린 것인바, 이는 통정허위표시에 해당하여 실질적인 주채무자는 피고인으로서 위 대출금은 공소외 5 주식회사의 소유가 아닌 피고인의 소유이므로 횡령죄가 성립될 수 없다.",
            "가사 그렇지 않다 하더라도 피고인 및 아버지의 공동 소유의 부동산이 담보로 제공되어 있었고, 대출금 이자를 피고인이 상환하다가 2007. 12. 21. 대출금을 모두 변제하였으므로, 피고인에게 불법영득의 의사가 없다.",
            "공소외 13 주식회사가 공소외 5 주식회사에 자금을 대여한 행위는 공소외 1 주식회사의 계열회사들 사이의 자금지원행위로서, 자회사인 공소외 13 주식회사의 대표이사 공소외 14가 모회사인 공소외 1 주식회사의 대표이사인 피고인에게 기망당하였다고 볼 수 없고, 당시 피고인은 공소외 5 주식회사가 위 대여금을 상환할 능력이 있다고 믿었으므로, 이는 기망행위가 존재하지 아니하고 또한 편취의 범의도 없다.",
            "공소외 15에 대한 이 사건 대여금 50억 원은 당초 피고인들의 개인 자금으로 대여하기로 한 것이 아니라 공소외 16 주식회사 회사자금으로 대여하기로 이미 합의하였던 것이다.",
            "그리고,  공소외 16 주식회사의 경영권을 실질적으로 지배하고 있던 공소외 15와 협의하는 등 공소외 16 주식회사가 내부 의사결정절차를 거쳐 공소외 15에게 대여한 것이므로, 피고인들의 개인 자금으로 공소외 15에게 대여하기로 하였다는 것을 전제로 한 이 부분 공소사실을 유죄로 인정한 원심은 부당하다.",
            "피고인들이 공소외 15에게 50억 원을 개인자금으로 대여하여 주기로 하였음에도 공소외 16 주식회사의 자금으로 대여하여 주었다고 하더라도, 대여 당시 공소외 15 소유의 도움 주식 100만 주를 담보로 제공받고 공소외 15가 대여금을 모두 변제한 점에 비추어 불법영득의 의사가 없다.",
            "피고인들은 도움의 대표이사이자 최대주주인 공소외 15에게 도움에 별도의 경영권 프리미엄을 지급하지 않는 한편 공소외 16 주식회사에 대한 경영권을 행사하지 않도록 해달라는 취지의 부정한 청탁을 한 사실이 없다.",
            "공소외 16 주식회사가 도움에 50억 원을 대여한 것은 피고인들이 공소외 17, 18로부터 공소외 16 주식회사에 대한 업무인수인계를 받기 전에 이미 실질적 경영자 공소외 15, 등기이사 공소외 17, 18에 의하여 이사회 결의와 자금집행이 모두 이루어진 것으로 피고인들이 이에 관여한 바 없다.",
            "이 사건 대여 당시 도움이 일시적인 유동성 부족을 겪고 있기는 하였지만, 2007. 9. 30. 당시 자산은 812억 원, 부채는 443억 원으로 순자산이 369억 원에 달하여 변제자력이 충분하였으므로, 피고인들에게 배임의 고의가 없다.",
            "공소외 19 주식회사 (후에 ㅁㅁㅁ 로 회사명이 변경됨)는 4,000억 원 상당의 사업규모로 용인시 0000 아파트시행사업을 진행하고 있어, 위 사업을 성공하면 상당한 이익을 얻을 수 있으므로 위 대여금을 충분히 상환할 능력이 있다고 믿었다.",
            "그리고 실제로 공소외 19 주식회사는 2007. 12. 중순경 000으로부터 PF자금 40억 원을 대출받아 같은 해 12. 21.경 공소외 16 주식회사 에 원금 35억 원 및 이자를 모두 변제하 였으므로 배임의 범의가 없다.",
            "피고인 4는 이 사건 대여에 관하여 피고인 1과 상의하거나 관여한 바 없으므로 공동정범이 성립하지 아니한다."
        ]
    },
    "facts": {
        "bsisFacts": [
            "피고인은 위 계약을 체결한 날부터 2006. 3. 16.경까지 사이에 공소외 1 주식회사로부터 자신이 소유하고 있던 공소외 2 주식회사 주식 9,000주에 대한 매매대금 명목으로 현금 51억 5,000만 원과 공소외 1 주식회사의 신주인수권부사채 16억 원 상당 등 합계 67억 5,000만 원 상당을 지급받은 것을 비롯하여 공소외 2 주식회사 주주들에게 합계 82억 5,000만 원 상당을 지급받게 하였다.",
            "피고인, 상피고인 2를 비롯한 공소외 2 주식회사 주주들은 이와 같은 거래를 통하여 공소외 1 주식회사로부터 현금 100억 원 및 50억 원 상당의 신주인수권부사채를 취득하였다.",
            "피고인은 이 사건 공소외 2 주식회사 주식 인수 당시 공소외 2 주식회사의 대표이사 겸 대주주(보유주식수 9,000주, 지분율 45%)로서, 2006. 1. 18.부터 2006. 3. 7.까지 사이에 컴퓨터 하드웨어, 소프트웨어 및 반도체 생산설비 등의 제조 및 판매업을 영위하는 코스닥상장법인인 공소외 1 주식회사의 경영권을 인수하기 위하여 주식을 매입하였다.",
            "그리하여 피고인은 총 76만 주(지분율 3.92%)를, 평소 알고 지내던 공소외 3에게 공소외 1 주식회사 주식 매수를 요청하여 공소외 3이 경영하는 공소외 10 주식회사가 70만 3,000주(지분율 3.62%)를 각 인수하였고, 위와 같은 주식인수로 피고인은 공소외 1 주식회사의 최대주주가 되어 2006. 3. 7.경 임시주주총회를 통하여 공소외 1 주식회사의 대표이사로 취임하였다.",
            "피고인은 공소외 1 주식회사 주식을 매수할 무렵인 2006. 1.경 이미 공소외 1 주식회사를 통하여 자신이 대주주이자 대표이사로 있는 공소외 2 주식회사를 인수할 계획을 가졌고, 공소외 1 주식회사의 경영권을 확보한지 이틀후인 2006. 3. 9.경 공소외 2 주식회사 주식매수를 위하여 000 공인회계사 공소외 21에게 공소외 2 주식회사 주식에 대한 가치평가를 의뢰하였다.",
            "한편, 피고인은 2006. 3. 6.경 상피고인 2로 하여금 공소외 2 주식회사에 대하여 외부회계감사를 의뢰하도록 하여 000 소속 공인회계사인 상피고인 3은 2006. 3. 10.경 상피고인 2로부터 파일 형식으로 송부받은 공소외 2 주식회사의 대차대조표, 손익계산서 등을 토대로 같은 해 3. 13.경 감사보고서를 완성하여 같은 해 3. 15.경 상피고인 2에게 이를 송부하였다.",
            "이는, 피고인은 위 외부회계감사 이후로 공소외 2 주식회사 주식에 대한 가치평가를 미루어 위 외부회계감사를 받은 자료를 토대로 공소외 2 주식회사에 대한 주식가치평가가 이루지도록 하거나, 공소외 21에게 위 외부회계감사 사실을 알려 이와 연계하여 공소외 2 주식회사에 대한 주식가치평가가 적절하게 이루어지도록 하는 조치를 취하지 아니하였다.",
            "공소외 21은 2006. 3. 9.경부터 같은 달 12.경까지 상피고인 2로부터 받은 위 회계자료 및 사업계획서 등을 기초로 공소외 2 주식회사의 주식가치를 평가하였는데, 공소외 21이 공소외 2 주식회사 주식가치를 평가할 당시 공소외 2 주식회사 이외의 동종 업계의 회사나 동종업계에 종사하는 사람들로부터 관련된 의견을 구하거나 자료들을 제출받은 바 없었다.",
            "그리고 공소외 2 주식회사 현장을 방문하여 직원들과 면담하여 사업 및 재정 현황, 사업계획 등을 구체적으로 문의한 바도 없으며, 기타 추가적인 자료를 요구한 사실도 없고, 또한 공소외 2 주식회사에 대한 주식평가를 마치기 전인 2006. 3. 초순 무렵 피고인으로부터 공소외 2 주식회사 주식 양수도 가액으로 75만 원이 적정한지 문의받은 적도 있다.",
            "이는 결국 위와 같은 평가과정을 거쳐 2006. 3. 12.경 공소외 2 주식회사의 주당가치가 821,715원이라고 산정하였다. 위 공소외 21은 유가증권의 발행 및 공시 등에 관한 규정에 의한 평가방법(이하 '유가증권 규정에 의한 평가방법'이라 한다)을 사용하면서도 상대가치를 고려하지 않은 채 본질가치만을 평가하였다.",
            "그리고 본질가치 중 수익가치는 통상 3개년도 회계자료를 기초로 주당 추정이익을 산정하게 되어 있음에도 공소외 2 주식회사가 2004년도에는 사업 초기여서 정상적인 영업을 한 것이 아니다.",
            "그러므로, 2005년도 회계자료만을 기초로 주당 추정이익을 산정하였으며, 수익가치 계산에서도 공소외 2 주식회사가 제시한 매출액 증가율 20%, 매출 원가율 73%을 근거로 하였을 뿐 동종 산업 평균의 매출액 증가율 및 매출 원가율을 고려하지 않았다.",
            "피고인은 공소외 21이 위와 같이 산정한 821,715원을 근거로 이미 결정하여 놓았던 주당 75만 원을 매입가격으로 정하였고, 이 과정에서 공소외 1 주식회사가 공소외 2 주식회사 주식을 인수할 필요성이나 위 평가액에 대한 적정성을 공소외 1 주식회사의 입장에서 검토하지 아니하였으며, 위 매입안건에 대하여 이사회를 개최하거나 임원들 사이의 토의도 전혀 이루어지지 아니하였다.",
            "당시 공소외 1 주식회사가 공소외 2 주식회사 주식 전량을 인수할 경영상의 필요성이 있는지 보건대, 공소외 1 주식회사와 공소외 2 주식회사는 사업의 내용, 설비, 기술 등이 전혀 달라 사업적 연관성이 없어 공소외 2 주식회사를 공소외 1 주식회사의 자회사로 편입할 경영상의 필요성이 있었다고 보기 어렵다.",
            "그리고,  당시 공소외 1 주식회사는 2006년 당기순손실이 42억 1,511,753원이고 2000년부터 2005년까지 6년 연속 누적 손실액이 294억 52,337,527원에 달하였으며 마땅한 회사 보유 자산 및 내부 보유자금도 없는 상태였다."
        ]
    },
    "dcss": {
        "courtDcss": [
            "피고인은 공소외 1 주식회사 대표이사의 업무상 임무에 위배하여 공소외 1 주식회사로 하여금 주당 적정가격이 357,143원∼614,928원인 공소외 2 주식회사 발행주식 2만 주 전부를 주당 75만 원에 자신을 비롯한 공소외 2 주식회사 주주들로부터 매수하도록 했다.",
            "최소 12억 15,648,000원 상당의 재산상 이익을 취득하고, 공소외 3 등 주주들로 하여금 최소 14억 85,792,000원 상당의 재산상 이익을 취득하게 하고, 공소외 1 주식회사에 대하여 최소 27억 1,440,000원 상당의 재산상 손해를 가하였다.",
            "피고인이 공소외 1 주식회사의 대표이사로서 공소외 1 주식회사로 하여금 공소외 2 주식회사 주식 전량을 주당 75만 원에 매입하도록 한 행위는 경영상의 판단에 따른 정상적인 행위라고 볼 수 없고, 공소외 1 주식회사 회사 내에서 적정한 매입가격 결정에 관한 절차를 거치지 않았으며 그 주식평가 방법도 적정하지 않는다.",
            "그러므로 본인인 공소외 1 주식회사에 대한 관계에서 그 임무에 위배하여 당시 공소외 2 주식회사의 적정가액을 초과하여 공소외 2 주식회사 주식을 주당 75만 원에 매수하게 하여 공소외 1 주식회사에 재산상손해를 가하고 피고인 및 공소외 2 주식회사 주주들에게 동액 상당의 이익을 취득하게 하였다고 충분히 인정할 수 있다.",
            "공소외 3은 2000.경 000 선배인 공소외 22의 소개로 피고인을 알게되어 가깝게 지내온 점, 공소외 3은 피고인이 공소외 2 주식회사를 설립한 2004. 6. 8.로부터 얼마되지 않아 매출이 발생하기도 전인 2004. 7.경부터 2005. 2.경까지 7~8회에 걸쳐 이자 약정이나 담보 없이 6억원을 대여하여 이는 대여라기 보다는 투자에 가까운 것으로 보이는 점이 인정된다.",
            "피고인도 자신이 가지고 있던 5억 원으로 공소외 2 주식회사 운영이 충분할 것으로 생각하였는데 운영자금이 모자라서 공소외 3에게 계속하여 돈을 빌리게 되었고, 이에 공소외 3이 대여금액이 증가하면서 담보를 요구하여 공소외 2 주식회사 발행주식의 40%에 해당하는 8,000주를 교부하였다(피고인 1에 대한 증거기록 4권 1643면).",
            "공소외 3이 돈을 빌려주지 않았더라면 아마 영업을 할 수 없는 상황이었기 때문에 너무 고마워서 40% 정도 지분을 배당해 준 것이다(공판기록 5권 2764면)라고 진술하고 있어 6억 원에 대하여 8,000주를 배정한 이유가 공소외 2 주식회사 주식 1주가 약 75,000원 정도의 가치로 계산한 결과인 것은 아닌 것으로 보이는 점이 인정된다.",
            "피고인은 공소외 2 주식회사를 설립할 당시 자본금 5,000만 원 전액을 자신이 납입한 다음 자신에게 사업자금을 빌려주거나 투자한 사람들 및 공소외 2 주식회사 직원들에게 주식을 임의로 나누어 주었고, 2005. 12. 31.경, 2006. 1. 9.경에도 사업자금을 대여한 사람들 및 상피고인 2에게 주식을 임의로 배정하였다.",
            "게다가 2006. 1. 11.경 자본금을 5,000만 원에서 1억 원으로 증액하는 유상증자에서도 증자금 5,000만 원 전액을 자신이 납입한 다음 공소외 3을 비롯하여 사업자금을 빌려주거나 투자한 사람들 및 공소외 2 주식회사 직원들에게 주식을 임의로 나누어 주었는데, 위와 같은 주식 배정에는 어떠한 일률적인 배정 방법은 없었고, 단순히 피고인이 사업자금 투자액이나 공로에 따라서 적당히 배정한 것으로 보이는 점이 인정된다.",
            "공소외 3은 2006. 1. 19.경 자신이 운영하는 공소외 10 주식회사로 하여금 공소외 1 주식회사 주식을 인수하게 하여 피고인의 공소외 1 주식회사 인수를 지원하였고, 반대로 피고인은 2006. 3. 22.경 공소외 1 주식회사로 하여금 공소외 7 주식회사 주식을 인수하게 하여 공소외 3의 공소외 7 주식회사의 경영권확보를 지원하는 상호 특수관계에 있는 점 등에 비추어 보면, 이하 다음과 같다.",
            "즉, 공소외 3의 대여금 6억 원에 대하여 공소외 2 주식회사 주식 8,000주를 배정한 사례가 공소외 2 주식회사 주식에 관한 객관적 교환가치가 적정하게 반영된 정상적인 거래의 실례라고 보기는 어렵다.",
            "피고인은 2004.경 고등학교 선배인 공소외 23의 소개로 공소외 4를 알게 되었고, 피고인이 운영하는 회사에 자금을 지원받는 등 피고인이 형이라고 부를 정도로 친분관계가 있었던 점,",
            "공소외 4는 2005. 12. 21.경 피고인에게 2억 5,000만 원을 송금하였는데, 그 송금 경위와 관련하여 공소외 4는 원심 법정에서 제가 피고인에게 투자한 투자금은 어떤 회사에 투자할 것인지, 채권 또는 주식으로 투자할 것인지, 어떠한 형식으로 투자할 것인지 등에 대한 처분권한을 피고인에게 일임하였다고 진술하였다(공판기록 5권 2278면).",
            "이는 2억 5,000만 원에 대하여 공소외 2 주식회사 주식 700주가 배정된 것 조차 전혀 모르고 있어, 2억 5,000만 원에 대하여 700주를 배정한 이유가 공소외 2 주식회사 주식 1주가 약 357,143원 정도의 가치로 계산된 결과인 것은 아닌 것으로 보이는 점이 인정된다.",
            "앞서 본 바와 같이 피고인은 공소외 2 주식회사를 설립할 당시, 2005. 12. 31.경, 2006. 1. 9.경 및 2006. 1. 11.경 유상증자 당시에 사업자금을 빌려주거나 투자한 사람들 및 공소외 2 주식회사 직원들에게 주식을 임의로 나누어 주었는데, 위와 같은 주식 배정에는 어떠한 일률적인 배정 방법은 없었고, 단순히 피고인이 사업자금 투자액이나 공로에 따라서 적당히 배정한 것으로 보이는 점 등에 비추어 보면, 이하 다음과 같다.",
            "즉, 공소외 4의 투자금 2억 5,000만 원에 대하여 공소외 2 주식회사 주식 700주를 배정한 사례가 공소외 2 주식회사 주식에 관한 객관적 교환가치가 적정하게 반영된 정상적인 거래의 실례라고 보기는 어렵다.",
            "당시 공소외 2 주식회사와 유사한 업종의 상장법인이 없었으므로 상대가치를 반영할 수 없고, 2004년 매출액을 수익가치에서 배제하더라도, 적어도 수익가치의 미래추정이익 계산에서의 매출액 증가율 및 매출 원가율은 당해 기업이 속한 산업의 추세 등이 반영될 수 있도록 회사 제시 매출액 증가율 및 매출 원가율과 산업 평균 매출액 증가율 및 매출 원가율을 평균하여 이를 사용함이 상당한 것으로 보인다.",
            "당시의 산업평균 매출액 증가율은 6%, 매출 원가율은 82%이므로 이것들과 회사 제시 매출액 증가율 20%, 매출 원가율 73%을 평균하여 이 수치를 토대로 계산한 공소외 2 주식회사의 본질가치는 주당 614,928원이고, 위에서 본 바와 같이 복합티엠 으로 인한 실적 추정이 지나치게 낙관적인 점, ",
            "뒤에서 보는 바와 같이 퇴직급여충당금 및 감가상각비가 과소계상되어 2005년 영업이익이 과대계상되었고, 이를 토대로 계산된 2006년도 및 2007년도 추정 매출액 역시 과대계상된 점 등을 감안하면, 당시 공소외 2 주식회사 주식 가격은 614,928원 이하라고 봄이 상당하다.",
            "피고인은 공소외 1 주식회사의 경영권을 취득한 지 15일 만에 만연히 공소외 7 주식회사의 경영 참여를 위해 공소외 1 주식회사 자금 30억을 투입하기로 결정하고 당시 적정가격이 주당 5,400원인 공소외 7 주식회사 주식 377,968주를 주당 7,937원에 매수하면서 경영 참여 또는 경영권 프리미엄을 보장받기 위한 사전 조치를 소홀히 하였다.",
            "위 주식 인수 당시 주식양수도 가액의 적정성에 관하여 세림회계법인의 주식평가를 받았는데, 당시 세림회계법인에서는 미래현금흐름할인(DCF)방법에 의하여 공소외 7 주식회사의 주식의 주당 가치를 그 성장률의 가정에 따라 3,338원∼7,306원의 범위로 산정하였다.",
            "게다가 유사사례에 의한 방법(경영권 프리미엄이 수반된 주식양수도 사례를 참조)에 의하여 기준주가에 경영권프리미엄을 더하는 방법으로 적정 매매가액을 주당 11,403원으로 산정하였다(공소외 3 증언, 공판기록 6권 2644면).",
            " 한편 당시의 공소외 7 주식회사의 1개월 거래량 가중평균 주가는 6,157원, 1주일 거래량 가중평균 주가는 5,097원으로(증제100호 기준주가산정표, 공판기록 5권 2611면)피고인 등의 경영권프리미엄을 포함한 매입가격인 주당 7,937원은 세림회계법인의 평가액 및 당시의 기준주가와 경영권프리미엄을 감안하면 적정한 것으로 보인다.",
            "당시 공소외 7 주식회사 주식 매수 직전 공소외 7 주식회사가 해외에서 몇 백억 원을 투자받는다고 공시하였다가 이를 번복하여 단기간내에 주가가 12,000원에서 5,000원으로 급락을 하였기 때문에 단기 반등 가능성이 있어 피고인은 반등할 경우 장내에서 이를 매도하여 시세차익을 얻을 수 있고, 그렇지 않더라도 공동매수인과 함께 경영권프리미엄을 포함하여 보유주식을 매각하면 공소외 1 주식회사로서는 아무런 손해가 발생하지 않는다.",
            "공소외 7 주식회사 이사진(정원 4명)에 공소외 1 주식회사의 CFO 공소외 8 이사 1명만이 선출되었는데, 이는 공동매수 당시 공소외 1 주식회사와 피고인의 지분율이 공소외 10 주식회사와 공소외 3의 지분율의 2/3에 불과하다.",
            "또한, 위와 같은 격차는 2006. 5.경 공소외 7 주식회사의 기존 경영진이었던 공소외 25와의 경영권분쟁으로 인하여 공소외 10 주식회사가 장내에서 추가로 공소외 7 주식회사 주식을 매집함으로써 더욱 벌어지게 된 것으로 이는 불가피한 것으로 보인다.",
            "공소외 7 주식회사는 2006. 4. 21. 공소외 1 주식회사가 발행한 20억 상당의 전환사채를 인수하였는데(증 제84호증, 주식등의 대량보유상황보고서, 공판기록 5권 2353면), 이와 같은 공소외 7 주식회사의 의사결정은 피고인의 영향력 없이는 이루어 질 수 없다 할 것이므로 공동경영이 아니더라도 공소외 3은 공소외 7 주식회사 경영에 있어서 피고인의 의사를 존중하였던 것으로 보인다.",
            "피고인이 공소외 3과 사이에 경영권프리미엄에 상응하는 경영권확보방안이나 경영권 불행사시 자금회수 방안에 관하여 약정을 서면화하지 않은 잘못은 있으나, 위와 같은 공동매수 당시에는 어느 한쪽이 공동약정을 깨게 되면 양쪽 모두 경영권프리미엄을 상실하게 되는 결과가 되어 위와 같은 약정의 서면화는 반드시 필요하였다고 보기 어렵다.",
            "피고인이 공소외 1 주식회사를 2007. 3. 19.경 공소외 9 주식회사에 양도한 이후에 공소외 9 주식회사가 위 공동매수 이후에 발생한 경영권분쟁에 있어서 공소외 1 주식회사가 경영권확보를 위하여 노력하지 않은 사정 등을 감안하지 않고 기존 매입대금 30억 원에 법정이자를 요구하여, 공소외 10 주식회사가 이를 거부하자 추가 협상 없이 장내에서 바로 이를 매도하여 그 손해가 현실화되었다.",
            "공소외 1 주식회사의 임원인 피고인들은 2007. 3. 19.경 공소외 9 주식회사에 대하여 공소외 1 주식회사의 주식 및 경영권을 양도하기로 계약한 다음 계약금 30억 원을 지급받았다.",
            "이때 차량리스를 승낙하였는지에 관하여 공소외 9 주식회사 대표이사 공소외 26은 검찰에서는 통상적으로 기존의 대표이사가 경영권을 양도하면서 예우차원에서 기존에 사용하던 차량과 기사, 급여를 대표이사로 사임할 때까지의 기간 동안만 제공한다는 것이지, 새로이 차량을 리스하여 사용하여도 된다는 의미는 아니다라고 진술하고(피고인 1에 대한 증거기록 13권 6651면), ",
            "원심 법정에서는 ‘당시 계약금 30억 원만 지급한 상태이므로 제가 의사결정할 수 있는 권한도 없고, 당시 대표이사는 피고인 1이기 때문에 피고인들에게 공소외 1 주식회사 자금으로 신차를 리스해서 타고 다녀라는 말을 할 입장이 아니고, 그렇게 말한 적도 없다’고 진술하고(공판기록 5권 2234, 2251, 2253면)있다.",
            "2007. 5.경부터 공소외 1 주식회사의 상무이사로 근무한 공소외 27은 검찰에서 2007. 5. 1. 입사해서 리스차량 현황을 보니, 경영권이 양도된 이후에 피고인들이 차량을 리스하여 운행하고 있기에 공소외 26 사장에게 보고하였더니, 공소외 26 사장은 2007. 6. 초순경 대표이사 선임 주주총회 전까지는 피고인들이 계속해서 운행하도록 하였다고 하였다.",
            "또한,  2007. 6. 말경 리스차량을 회수하여야 되겠다고 생각하여 공소외 26 사장에게 보고하니 그대로 추진하라고 하여 전보혜 등 실무자에게 리스차량 승계업무를 처리하도록 지시하였다고 진술하고(피고인 1에 대한 증거기록 13권 6540면), 원심 법정에서 동의까지는 몰라도 제가 알기로 6~7월까지인가 계속 그 차량 사용에 대하여 협의가 있었던 것으로 기억한다고 진술하는 점이 인정된다.",
            "피고인들의 리스차량 이용 당시 공소외 9 주식회사 측에서 아무런 이의를 제기하지 않은 점, 공소외 26은 피고인들과 사이에 공소외 1 주식회사 양수도와 관련된 옵션계약 해제로 인한 손해배상 등으로 민사소송의 반대 당사자로서 서로 치열하게 다투고 있었던 점 등을 고려하면 당시 공소외 26은 피고인들에게 차량리스를 허용하였고 2007. 6.경의 대표이사 선임 주주총회 전까지는 이를 사용하도록 승낙한 것으로 봄이 상당한 점이 인정된다.",
            "2007. 6.경 주주총회로 새로운 경영진이 선임되기 전까지는 형식적으로 피고인들이 임원이기는 하나, 이미 경영권이 양도된 상태에서는 공소외 1 주식회사의 양수인인 공소외 9 주식회사가 공소외 1 주식회사에 대하여 실질적인 경영권을 행사한다고 봄이 상당하므로, 피고인들이 공소외 9 주식회사의 대표이사 공소외 26의 승낙을 받고 공소외 1 주식회사 명의로 차량을 리스하였다면 업무상임무에 위배하였다는 인식을 하기는 어려운 점이 인정된다.",
            "그리고, 이사회에서 경영 참여의 필요성이나 코스닥 시장에서의 거래시가보다 월등히 높은 가격에 공소외 7 주식회사 주식을 인수할 필요성 및 인수가격의 적정성 등에 관하여 논의하지도 않았다.",
            "피고인은 공소외 1 주식회사 대표이사로서의 업무상 임무에 위배하여 공소외 3으로 하여금 위 조합에 9억 58,904,816원{(7,937원-5,400원)×377,968주}만큼 경영권 프리미엄을 적게 지급하고 공소외 7 주식회사의 경영권을 인수함으로써 동액 상당의 재산상 이익을 취득하게 하고, 공소외 1 주식회사에 동액 상당의 재산상 손해를 가하였다.",
            "공소외 10 주식회사와 그 대표이사 공소외 3, 공소외 1 주식회사와 그 대표이사 피고인은 공동으로 2006. 3. 22. 코스닥상장법인인 공소외 7 주식회사의 경영권을 인수하기 위하여 공소외 24 주식회사 11호 기업구조조정조합으로부터 공소외 7 주식회사 주식 1,259,895주(지분율 12.5%)를 주당 7,937원, 총 10억 원에 매수하는데, 이하 다음과 같이 하였다.",
            "즉, 공소외 10 주식회사가 45억 원, 공소외 3이 15억 원, 공소외 1 주식회사가 30억 원, 피고인이 10억 원을 각 투자하였으므로(증제101호 주식양수도계약서, 공판기록 5권 2622면), 피고인 개인 자금도 투자되어 공소외 1 주식회사의 투자금과 같이 손익을 같이하게 될 운명이었다."
        ]
    },
    "close": {
        "cnclsns": [
            "원심판결 중 피고인들에 대한 유죄부분을 모두 파기한다.",
            "피고인 1을 징역 3년에, 피고인 4를 징역 2년 6월에 각 처한다.",
            "이 판결 확정일로부터 피고인 1에 대하여는 4년간, 피고인 4에 대하여는 3년간 위 각 형의 집행을 유예한다.",
            "피고인 3에 대한 형의 선고를 유예한다.",
            "피고인 1에 대한 이 사건 공소사실 중 공소외 7 주식회사 주식 인수 관련 특정경제범죄 가중처벌 등에 관한 법률위반(배임)의 점, 차량리스 관련 업무상배임의 점, 공소외 13 주식회사 대출 관련 특정경제범죄 가중처벌 등에 관한 법률위반(사기)의 점, 피고인 4에 대한 이 사건 공소사실 중 차량리스 관련 업무상 배임의 점 및 피고인 2는 각 무죄이다.",
            "원심판결 중 피고인 1, 2의 무죄부분 및 피고인 3에 대한 검사의 항소를 모두 기각한다."
        ]
    }
}