{
    "info": {
        "caseField": "2",
        "detailField": "6",
        "trailField": "1",
        "caseNm": "성폭력범죄의처벌및피해자보호등에관한법률위반(특수강도강간등) 인정된죄명성폭력범죄의처벌및피해자보호등에관한법률위반(특수강제추행)및특수강도 ,강도 ,청소년의성보호에관한법률위반(청소년강간등),강도예비,절도,부착명령",
        "courtNm": "부산지방법원 ",
        "judmnAdjuDe": "2009. 04. 17.",
        "caseNo": "2009고합17",
        "relateLaword": [
            "형법 제333조",
            "형법 제 329조",
            "성폭력범죄의 처벌 및 피해자보호 등에 관한 법률 제6조",
            "형법 제 298조",
            "형법 제334조",
            "형법 제343조",
            "형법 제37조",
            "형법 제38조",
            "형법 제50조",
            "형법 제53조",
            "형법 제55조",
            "형법 제 57조",
            "형법 제 48조",
            "청소년의 성보호에 관한 법률 제37조",
            "청소년의 성보호에 관한 법률 제32조",
            "청소년의 성보호에 관한 법률 제33조"
        ],
        "qotatPrcdnt": []
    },
    "concerned": {
        "acusr": "4",
        "dedat": "1"
    },
    "org": {
        "orgJdgmnCourtNm": "",
        "orgJdgmnAdjuDe": "",
        "orgJdgmnCaseNo": ""
    },
    "disposal": {
        "disposalform": "6",
        "disposalcontent": [
            "피고인을 징역 3년에 처한다.  ",
            "압수된 과도 1개(중 제1호)를 몰수한다. ",
            "피고인에 대한 열람정보를 5년간 열람에 제공한다. ",
            "이 판결 선고 전의 구금일수112일을 위 형에 산입한다.",
            "이 사건 공소사실 중 청소년의성보호에관한법률위반(청소년강간등)의 점에 대한 공소를 기각한다.",
            "전자장치 부착명령청구를 기각한다."
        ]
    },
    "mentionedItems": {
        "rqestObjet": [
            "피고인을 징역 3년에 처한다.  ",
            "압수된 과도 1개(중 제1호)를 몰수한다. ",
            "피고인에 대한 열람정보를 5년간 열람에 제공한다. ",
            "이 판결 선고 전의 구금일수112일을 위 형에 산입한다.",
            "이 사건 공소사실 중 청소년의성보호에관한법률위반(청소년강간등)의 점에 대한 공소를 기각한다.",
            "전자장치 부착명령청구를 기각한다."
        ]
    },
    "assrs": {
        "acusrAssrs": [],
        "dedatAssrs": []
    },
    "facts": {
        "bsisFacts": [
            "피고인 겸 피부착명령청구자(이하 '피고인'이라 한다)는 2008.10.22.22:50경 0000 (지번 1생략)에 있는 00000 앞길에서 혼자 골목길을 걸어가는 피해자 공소외 00 (여, 21세)을 뒤따라가 양손으로 피해자의 입을 막고 \"가방을 벗어라\" 고 말하여 그녀가 반항하지 못하게 했다.",
            "피해자가 메고 있던 시가 40,000원 상당의 군청색 가방 1점 및 그 안에 들어 있는 시가 170,000원 상당의 핑크색 000(000)여성용 지갑 1개, 시가 600,000원 상당의 000 0 휴대전화 1대, 시가 10,000원 상당의 유에스비(USB)메모리카드 1개, 현금 2,400원, 신용카드 4장 및 주민등록증, 학생증, 교통카드 등 시가 합계 822,400원 상당의 물건을 빼앗아 가 이를 강취했다.",
            "피고인은 2008.12.8.20:40경 0000 (지번 2 생략)에 있는 청소년인 피해자 공소외 00 (여,16세)의 집 앞 노상에서 귀가하는 피해자를 뒤따라가 손으로 그녀의 입을 막았다.",
            "그런 다음 \"조용히 하고 가만히 있어\" 라고 말하여 반항하지 못하게 한 후 피해자 소유의 시가 30,000원 상당의 000 점퍼 1점, 시가 40,000원 상당의 000 가방 1점, 시가 3,000원 상당의 스타킹 1점 등 시가 합계 73,000원 상당의 물건을 빼앗아 이를 강취하였다.",
            "피고인은 2008.11.하순 22:00경 0000에 있는 (00000 동호수 생략 1)앞 복도에서 그 곳 빨래 건조대에 걸려 있는 피해자 성명불상자 소유인 시가 3,000원 상당의 검정색 팬티스타킹 1점을 가지고 나오고, 계속하여 그 무렵 위 (00000 동호수 생략 2)앞 복도에서 같은 방법으로 피해자 성명불상자 소유인 시가 3,000원 상당의 검정색 팬티스타킹 1점을 가지고 나와 이를 각 절취하였다.",
            "피고인은 2008.12.17.21:30경 0000에 있는 (00000 동호수 생략 3)아래 주차장에서 귀가하는 피해자 공소외 00 (여, 17세)를 뒤따라가 왼손으로 그녀의 입을 막고 피해자의 목에 미리 준비하여 가지고 있던 과도(칼날길이 9.5㎝, 증제1호)를 들이대며 \"이거 보이냐? 소리 지르지 마\" 라고 협박하여 그녀가 반항하지 못하게 하였다.",
            "그런 다음 피해자가 신고 있던 시가 3,000원 상당의 스타킹을 벗긴 뒤 손으로 그녀의 가슴과 음부를 만지고 피해자로 하여금 입으로 자신의 성기를 10분가량 빨게 하여 피해자를 추행하고, 위와 같이 벗긴 스타킹을 가지고가 이를 강취하였다.",
            "피고인은 2008.12.26.22:10경 0000에 있는 공영주차장 앞길에서 강도할 목적으로 제3항의 과도를 소지하고 그 일대를 돌아다니며 범행 대상을 찾아다니는 등으로 강도를 예비하였다.",
            "피고인은 위와 같이 청소년을 대상으로 성폭력 범죄를 저지른 자로서 청소년대상 성폭력 범죄를 다시 범할 위험성이 있다."
        ]
    },
    "dcss": {
        "courtDcss": [
            "피고인은 불과 두 달 사이에 5회에 걸쳐 절도, 강도, 강제추행 또는 강도예비의 범행을 집중적으로 저지른 점, 위험한 물건인 과도를 들이대어 피해자의 반항을 억압하는 등 그 범행수법이 대담할 뿐만 아니라 범죄에 취약한 청소년인 여성 등을 범행대상으로 삼아 강력범죄를 저지른 점, 여성의 팬티스타킹 등을 훔치거나 빼앗아 성적으로 비정상적인 기호를 보이고 있는 점 등에 비추어 이 사건 범행은 그 죄질이 극히 불량하다.",
            "피고인이 피해자들과 합의하였다거나 범죄전력이 없는 초범인 점 등을 고려하더라도 피고인에게 실형을 선고하지 않을 수 없다.",
            "피해자들과 합의하고 범죄전력이 없는 초범이라는 유리한 정상에다가 범행동기, 피해의 정도, 신분 등을 모두 고려하여 형기를 정한다.",
            "피해자 공소외 00 에 대한 강제추행의 점(청소년의 성보호에 관한 법률 위반의 점)에 대하여 앞서 본 바와 같이 공소를 기각하는 이상 특정 성폭력 범죄자에 대한 위치추적 전자장치 부착에 관한 법률 제5조 제1항제3호 소정의 성폭력 범죄를 2회 이상 범하여 그 습벽이 인정된 때라는 청구요건을 갖추지 못하였다.",
            "피고인의 범행 당시의 행동, 범행수범, 범행동기 및 피고인의 직업과 환경 등 제반 사전에 비추어 청소년 대상 성폭력 범죄를 다시 범할 위험성이 인정된다.",
            "피고인에 대한 이 사건 범죄사실에 대해 유죄판결이 확정되는 경우 피고인은 청소년의 성보호에 관한 법률 제32조 제1항의 신상정보 등록대상자에 해당하므로 같은 법 제33조에 따라 관할기관에 신상정보를 제출할 의무가 있다.",
            "이 사건 공소사실 중 청소년의 성보호에 관한 법률 위반의 점의 요지는, 피고인은 2008.12.8.20:40경 0000 (지번 2 생략)에 있는 청소년인 피해자 공소외 00(여, 16세)의 집 앞길에서 귀가하는 피해자를 뒤따라 갔다.",
            "손으로 그녀의 입을 막은 다음 “조용히 하고 가만히 있어라” 고 말하여 반항하지 못하게 한 후 손으로 그녀의 가슴과 허벅지를 만지고 피해자로 하여금 자신의 바지 안으로 손을 넣어 성기를 만지게 함으로써 피해자를 추행하였다는 데 있다.",
            "위 공소사실은 청소년의 성보호에 관한 법률 제7조 제2항, 형법 제298조에 해당하는 죄로서 청소년의 성보호에 관한 법률 제16조 제2호에 의하여 피해자의 명시한 의사에 반하여 공소를 제기할 수 없다.",
            "기록에 의하면 피해자 공소외 00 및 그 법정대리인은 위 공소가 제기된 후에 합의서 및 탄원서를 제출함으로써 피고인에 대한 처벌을 희망하지 아니하는 의사표시를 명백히 한 사실을 인정할 수 있으므로 형사소송법 제327조 제6호에 의하여 위 공소를 기각한다.",
            "이 사건 전자장치 부착명령청구 원인사실의 요지는, 피고인은 2008.12.8 20:40경 0000 (지번 2 생략)에 있는 청소년인 피해자 공소외 00(여, 16세)의 집 앞 노상에서 귀가하는 피해자를 뒤따라가 손으로 그녀의 입을 막은 다음 “조용히 하고 가만히 있어라” 고 말하여 반항하지 못하게 한 후 손으로 그녀의 가슴과 허벅지를 만지고 피해자로 하여금 자신의 바지 안으로 손을 넣어 성기를 만지게 함으로써 피해자를 추행하였다.",
            "2008.12.17.21:30경 0000에 있는 00000 (이하 생략)아래 주차장에서 귀가하는 피해자 공소외 00(여, 17세)를 뒤따라가 왼손으로 그녀의 입을 막고 피해자의 목에 미리 준비하여 가지고 있던 과도(칼날길이 9.5㎝)를 들이대며 “이거 보이냐? 소리 지르지 마라” 고 협박하였다.",
            "그녀가 반항하지 못하게 한 후 손으로 그녀의 가슴과 음부를 만지고 피해자로 하여금 입으로 자신의 성기를 10분가량 빨게 하여 피해자를 추행함으로써 성폭력 범죄를 2회 이상 범하여 그 습벽이 인정되고 재범의 위험성이 있다는 데 있다.",
            "피고인에 대한 전자장치 부착명령청구는 이유 없으므로 같은 법 제9조 제2항 제1호에 의하여 이를 기각한다."
        ]
    },
    "close": {
        "cnclsns": [
            "피고인을 징역 3년에 처한다.",
            "이 판결 선고 전의 구금일수 112일을 위 형에 산입한다.",
            "압수된 과도 1개(증 제1호)를 몰수한다.",
            "피고인에 대한 열람정보를 5년간 열람에 제공한다.",
            "이 사건 공소사실 중 청소년의성보호에관한법률위반(청소년강간등)의 점에 대한 공소를 기각한다.",
            "전자장치 부착명령청구를 기각한다."
        ]
    }
}