{
    "info": {
        "caseField": "2",
        "detailField": "6",
        "trailField": "2",
        "caseNm": "상해, 공무집행방해",
        "courtNm": "서울서부지방법원",
        "judmnAdjuDe": "2010. 05. 18.",
        "caseNo": "2009노1379",
        "relateLaword": [
            "형사소송법 제211조",
            "형법 제21조",
            "형사소송법 제364조",
            "형법 제257조",
            "형법 제136조",
            "형법 제40조",
            "형법 제50조",
            "형법 제70조",
            "형법 제69조",
            "형사소송법 제334조"
        ],
        "qotatPrcdnt": [
            "대법원 2002.12.26. 선고 2002도5077 판결",
            "대법원 2003.9.26. 선고 2003도3000 판결",
            "대법원1992.12.22. 선고 92도2540 판결"
        ]
    },
    "concerned": {
        "acusr": "4",
        "dedat": "1"
    },
    "org": {
        "orgJdgmnCourtNm": "서울서부지방법원",
        "orgJdgmnAdjuDe": "2009. 11. 11.",
        "orgJdgmnCaseNo": "2009고단1252"
    },
    "disposal": {
        "disposalform": "10",
        "disposalcontent": [
            "원심판결을 파기한다.",
            "피고인을 벌금 2,000,000원에 처한다.",
            "위 벌금을 납입하지 아니하는 경우 50,000원을 1일로 환산한 기간 피고인을 노역장에 유치한다.",
            "위 벌금에 상당한 금액의 가납을 명한다."
        ]
    },
    "mentionedItems": {
        "rqestObjet": [
            "가사 경찰관 ㅁㅁㅁ의 체포가 명백하지 못하고 애매한 부분이 있다고 하더라도 피고인이 체포되는 과정에서 경찰관을 폭행한 행위를 처벌할 필요성이 충분하므로, 피고인이 경찰관 ㅁㅁㅁ를 폭행하여 상해를 가한 것을 정당행위 또는 정당방위로 볼 수 없다. 그런데도 원심이 다른 견지에서 이 사건 공소사실을 모두 무죄로 판단한 것은 사실을 오인하거나 법리를 오해하여 판결에 영향을 미친 위법이 있다."
        ]
    },
    "assrs": {
        "acusrAssrs": [
            "이 사건 당시 경찰관들은 피고인의 동거녀 00의 112 전화신고를 받고 즉시 현장에 출동하여 피고인의 집 근처에서 피고인을 체포하였는데, 체포까지 걸린 시간이 폭행 사건으로부터 약 10분도 지나지 않은 점, 경찰관들은 00의 진술에 비추어 피고인이 폭행 사건의 현행범임을 명백히 인식할 수 있었던 점이 인정된다.",
            "경찰관들이 피고인을 보고 다가가자 피고인이 도망을 갔던 점 등에 비추어 보면, 피고인은 현행범이거나 적어도 준현행범으로 볼 수 있으므로 경찰관 00가 피고인을 체포한 것은 적법한 공무집행이고, 피고인이 현행범 체포에 관한 직무를 수행하던 경찰관 00를 폭행하여 상해를 가한 것은 공무집행방해죄와 상해죄에 해당한다.",
            "가사 경찰관 00의 체포가 명백하지 못하고 애매한 부분이 있다고 하더라도 피고인이 체포되는 과정에서 경찰관을 폭행한 행위를 처벌할 필요성이 충분하므로, 피고인이 경찰관 00를 폭행하여 상해를 가한 것을 정당행위 또는 정당방위로 볼 수 없다. ",
            "원심이 다른 견지에서 이 사건 공소사실을 모두 무죄로 판단한 것은 사실을 오인하거나 법리를 오해하여 판결에 영향을 미친 위법이 있다."
        ],
        "dedatAssrs": []
    },
    "facts": {
        "bsisFacts": [
            "피고인은 2009. 4. 28. 02 : 45경 0000 앞 노상에서 가정폭력사건의 피해자로부터 범죄발생 신고를 받고 출동한 ㅇㅇ경찰서 ㅇㅇ지구대 소속 경찰관인 피해자 00 (36세)경장에 의하여 가정폭력사건의 현행범인으로 체포당하게 되었다.",
            "피고인은 경찰관의 체포에 반항하면서 머리로 피해자의 가슴 부위를 3회 들이받고, 오른손으로 피해자의 오른손 엄지손가락을 꺾어 그에게 약 2주간의 치료를 요하는 우측 엄지손가락 염좌의 상해를 가하였다.",
            "피고인은 경찰관의 현행범인 체포에 관한 정당한 직무집행을 방해함과 동시에 피해자에게 상해를 가하였다."
        ]
    },
    "dcss": {
        "courtDcss": [
            "기록에 비추어 잘 살펴보면, 원심이 시간적으로나 장소적으로 보아 체포자인 경찰관들로서는 체포를 당하는 피고인이 방금 범죄를 실행한 범인이라는 점에 관한 죄증이 명백한 상태에 있었다고 보기 어렵다는 이유로, 피고인을 범죄의 실행의 즉후인 자로 볼 수 없어 형사소송법 제211조 제1항의 현행범인에 해당하지 않는다고 판단한 것은 정당한 것으로 수긍이 간다.",
            "① 00은 피고인과 집 안에서 다툰 후 02 : 35경 '아저씨가 폭행했다.' 라는 사실로 112 전화신고를 하였고, 피고인은 00이 112 전화신고를 하는 것을 보고 집 밖으로 나가버린 사실, ",
            "② 출동한 경찰관 00, 00은 00으로부터 '남편이 신발을 신지 않고 나갔으니 잡아달라.'라는 요청을 받고 집 밖으로 나갔고, 02 : 55경 피고인의 집에서 약 50m 떨어진 곳에 술에 취해 맨발로 서 있는 피고인을 보고 \"잠깐 서 보십시오.\" 라고 말하였으나 피고인은 도망간 사실이 인정된다.",
            "③ 경찰관들은 도망간 남자가 00을 폭행한 범인이라고 의심하고 쫓아가서 '00씨 아니냐, 부인을 왜 때리고 가느냐,' 라는 취지로 말하면서 피고인에게 '일단 확인을 해보자.'라고 했는데도 피고인은 계속 모른다고 부인하면서 도망가려고 한 사실, ",
            "④ 이에 경찰관 00와 00은 피고인에게 이른바 미란다 원칙을 고지하고 가정폭력의 현행범으로 체포한다며 피고인의 왼쪽 손을 수갑으로 채운 다음, 경찰관 00은 체포한 피고인이 가정폭력의 범인인지 여부 및 폭력상황을 확인하기 위해 피고인의 집으로 00을 데리러 간 사실이 인정된다.",
            "⑤ 피고인은 이 과정에서 체포당하지 않으려고 경찰관 00의 가슴 부위를 피고인의 머리로 들이받고 경찰관 00의 오른손 엄지손가락을 꺾어 위 00에게 오른손 엄지손가락 염좌의 상해를 가한 사실을 각 인정할 수 있다.",
            "경찰관들은 00의 진술과 일치하는 모습의 남자를 신고를 받은 지 불과 20분 정도 후에 피고인의 집 근처에서 발견하였으므로 피고인을 범인으로 의심할 만한 충분한 이유가 있었다고 보이고, 이러한 피고인에게 범인인지 확인을 위해 잠깐 서라고 하면서 인적사항을 확인하려고 하였으나 피고인이 계속 도망하려고 하여 피고인을 체포하기에 이른 것이다.",
            "따라서, 피고인은 앞서 본 법리에 따라 적어도 형사소송법 제211조 제2항 제4호에서 규정하고 있는 ' 누구임을 물음에 대하여 도망하려 하는 때' 에 해당하는 준 현행범으로 볼 수 있다고 할 것이다.",
            "경찰관들이 피고인을 체포한 것은 형사소송법 제211조 제2항 제4호에 규정된 준현행범인의 체포로서는 적법하고, 피고인이 체포되는 일련의 과정에서 경찰관 00를 폭행한 이상 체포에 관한 정당한 직무집행을 방해한 사실을 충분히 인정할 수 있다 할 것임에도, 원심은 다른 견지에서 공무집행방해죄의 증명이 없는 경우에 해당한다고 보고 이 부분을 무죄로 판단하였다.",
            "그러므로 결국 이 부분 원심판결에는 사실을 오인하거나 형사소송법 제211조 제2항 제4호의 준현행범의 요건에 관한 법리를 오해하여 판결에 영향을 미친 위법이 있고, 이를 지적하는 검사의 주장은 이유 있다.",
            "경찰관 00가 피고인을 체포한 것은 적법한 공무집행이므로 피고인이 그 과정에서 체포되지 않으려고 반항하다가 경찰관 00의 오른손 엄지손가락을 꺾어 약 2주간의 치료를 요하는 엄지손가락 염좌의 상해를 가한 것을 두고 정당행위나 정당방위에 해당한다고는 볼 수 없다 할 것이다.",
            "그럼에도 원심은 다른 견해에서 상해의 점에 관하여도 무죄로 판단하였으므로, 결국 이 부분 원심판결에도 사실을 오인하거나 법리를 오해하여 판결에 영향을 미친 위법이 있고, 이를 지적하는 검사의 주장 역시 이유 있다.",
            "형사소송법 제211조 제2항 제4호에 의하면, 누구임을 물음에 대하여 도망하려 하는 자는 현행범인으로 간주되는 준현행범인에 해당하고, 여기에서 '누구임을 물음에 대하여 도망하려 하는 때 '에 해당하기 위해서는 누구임을 물을 것을 요건으로 하므로 반드시 구체적으로 말로 물을 것까지는 필요로 하지 않는다고 하더라도 묻는 행위에 준하는 무언가의 적극적인 행위는 있어야 할 것이다. ",
            "범인이 단지 경찰관을 보고 도망하려 한 때에는 여기에 해당하지 않는다고 할 것이나, 범죄가 발생한 지시간상으로 얼마 안 되고 또 그 범행장소와 장소적으로도 근접성이 있는 곳에서 경찰관 등이 인적사항을 확인하려고 시도하자 도망하려 하였다면 경찰관 등이 꼭 명시적으로 '누구냐'라고 말하지는 않았다 하더라도 여기에 해당한다고 봄이 상당하다.",
            "상해의 점에 관하여 어떠한 행위가 사회상규에 위배되지 아니하는 정당한 행위로서 위법성이 조각되는 것인지는 구체적인 사정 아래서 합목적적, 합리적으로 고찰하여 개별적으로 판단되어야 한다. ",
            "이와 같은 정당행위가 인정되려면, 첫째 그 행위의 동기나 목적의 정당성, 둘째 행위의 수단이나 방법의 상당성, 셋째 보호이익과 침해이익의 법익 균형성, 넷째 긴급성, 다섯째 그 행위 이외의 다른 수단이나 방법이 없다는 보충성 등의 요건을 갖추어야 한다 (대법원 2002. 12. 26. 선고 2002도5077 판결, 2003. 9. 26. 선고 2003도3000 판결 등 참조).",
            "형법 제21조 소정의 정당방위가 성립하려면 침해행위에 의하여 침해되는 법익의 종류, 정도, 침해의 방법, 침해행위의 완급과 방위행위에 의하여 침해될 법익의 종류, 정도 등 일체의 구체적 사정들을 참작하여 방위행위가 사회적으로 상당한 것이어야 한다 (대법원 1992. 12. 22. 선고 92도2540 판결 등 참조)."
        ]
    },
    "close": {
        "cnclsns": [
            "원심판결을 파기한다.",
            "피고인을 벌금 2,000,000원에 처한다.",
            "위 벌금을 납입하지 아니하는 경우 50,000원을 1일로 환산한 기간 피고인을 노역장에 유치한다.",
            "위 벌금에 상당한 금액의 가납을 명한다."
        ]
    }
}