{
    "info": {
        "caseField": "2",
        "detailField": "6",
        "trailField": "2",
        "caseNm": "폭력행위등 처벌에 관한 법률위반(공동공갈)(피고인1에 대하여 인정된죄명:공갈, 피고인2에 대하여 인정된죄명:공갈방조), 폭력행위등 처벌에 관한법률위반(공동강요)(피고인1에대하여 인정된죄명:강요, 강요미수, 피고인2에대하여 인종된죄명:강요방조, 강요미수방조",
        "courtNm": "서울중앙지방법원",
        "judmnAdjuDe": "2010. 10. 05.",
        "caseNo": "2009노3623",
        "relateLaword": [
            "형사소송법 제364조",
            "형법 제324조의5",
            "형법 제324조",
            "형법 제350조",
            "형법 제32조",
            "형법 제37조",
            "형법 제38조",
            "형법 제50조",
            "형법 제62조"
        ],
        "qotatPrcdnt": [
            "대법원 2007. 10. 11. 선고 2007도6406 판결, 2010. 4. 29. 선고 2007도7064 판결",
            "대법원 1982. 9. 14. 선고 80도2566 판결, 1997. 1. 24. 선고 96도2427 판결",
            "대법원 2000. 2. 25. 선고 99도4305 판결",
            "대법원 2008. 10. 23. 선고 2008도5526 판결, 2008. 2. 28. 선고 2007도5987 판결"
        ]
    },
    "concerned": {
        "acusr": "4",
        "dedat": "2"
    },
    "org": {
        "orgJdgmnCourtNm": "서울중앙지방법원",
        "orgJdgmnAdjuDe": "2009. 10. 29",
        "orgJdgmnCaseNo": "2009고단4470"
    },
    "disposal": {
        "disposalform": "6",
        "disposalcontent": [
            "원심판결을 파기한다.",
            "피고인 1을 징역 6월, 피고인 2를 징역 4월에 각 처한다.",
            "다만, 이 판결 확정일로부터 각 2년간 피고인들에 대한 위 각 형의 집행을 유예한다."
        ]
    },
    "mentionedItems": {
        "rqestObjet": [
            "피고인 1에 대한 원심의 형(징역 10월, 집행유예 2년)은 너무 가벼워서 부당하다."
        ]
    },
    "assrs": {
        "acusrAssrs": [
            "피고인 1 이 2009.6.8.13:00경 0000 (이하 생략)에 있는 000 앞에서 별지 기자회견문을 토대로 가진 기자회견(이하 '이 사건 기자회견'이라 한다)을 통해 공소외 1 주식회사 (이하 '공소외 1 회사' 라 한다)를 상대로 0, 0, 0 (이하 '이 사건 언론사' 라 한다)에 대한 광고게재를 중단할 것을 요구했다.",
            "공소외 1 회사의 홍보실 부장 공소외 2를 만나 대화를 나누면서 재차 위 언론사에 대한 광고게재를 중단하도록 요구한 행위는 강요죄의 수단으로서의 협박에 해당한다.",
            "피고인 2에 대한 부분피고인 2는 피고인 1의 부탁으로 이 사건 기자회견 장면을 카메라를 이용하여 촬영하였고, 피고인 1이 공소외 2를 만나는 자리에 함께 동석하는 등 피고인 1의 범행에 가담하였거나, 최소한 피고인 1의 범행을 방조하였다."
        ],
        "dedatAssrs": [
            "이 사건 불매운동은 공소외 1 회사에 대하여 소비자 불매운동을 하겠다는 의사를 표현한 것에 불과할 뿐 공갈죄 및 강요죄의 수단으로서의 협박에 해당하지 않는다.",
            "피고인 1 이 공소외 2에게 공소외 1 회사 홈페이지에 \"공소외 1 회사는 앞으로 특정 언론사에 편중하지 않고 동등하게 광고집행을 해 나갈 것을 약속합니다.또한 앞으로도 더욱 소비자들과 함께 하는 기업이 되도록 노력 하겠습니다.\"라는 내용의 팝업창을 띄우도록 한 것은 이하 다음과 같다.",
            "공소외 1 회사 가 이 사건 언론사 이외에 0, 0 등에도 동등하게 광고를 게재하는 것을 조건으로 불매운동을 철회하기로 하는 내용으로 잠정적으로 협의한 다음, 이 사건 불매운동이 종료되었음을 소비자들에게 신속하게 알리기 위한 방안으로 제안한 것일 뿐 공소외 1 회사 를 위협하기 위한 것은 아니므로, 피고인 1 의 위 팝업창 제안행위를 강요죄의 수단으 로서의 협박으로 볼 수 없다.",
            "피고인 1이 이 사건 언론사의 광고주인 공소외 1 회사를 불매운동 대상기업으로 선정하고 불매운동을 고지하면서, 이 사건 언론사에 광고게재를 중단할 것을 요구하거나 다른 언론매체에 광고게재를 요구한 것은 사업자에게 소비자로서 의견이나 불만을 직접 표현하는 행위로서 이는 헌법 제21조의 표현의 자유와 제124조의 소비자운동의 자유의 보호 범위에 있는 행위이므로, 사회상규에 위배되지 아니하거나 권리행사에 정당성이 인정되어 위법하다고 할 수 없다.",
            "피고인 1은 서울중앙지방법원 2008고단5024, 2008고단5623(병합)사건의 판결 요지를 면밀히 분석하였고, 변호사들과 교수들에게 자문을 구하여 그들로부터 이 사건 불매운동과 같은 형태의 행위는 위법성이 없다는 답변을 들은 다음, 이 사건 불매운동에 나아간 점에 비추어, 피고인 1은 이 사건 불매운동이 합법행위라고 믿고 한 것이므로, 금지착오에 해당하여 책임이 조각된다."
        ]
    },
    "facts": {
        "bsisFacts": [
            "피고인 1 은 '☆☆☆☆☆☆캠페인' (이하 '☆☆☆' 라 한다)의 대표이고, 피고인 2 는 ☆☆☆의 미디어행동단 팀장이다.",
            "피고인1은 0, 0, 0에 광고를 게재하는 기업을 상대로 불매 운동을 시작하겠다는 내용을 알리고 이에 적극적으로 동참할 것을 선동하였다.",
            "피고인은 2009.6.8.13:00경 0000 (이하 생략)에 있는 000 앞에서 공소외 1 회사 가 0, 0,0에 광고를 편중했다는 이유로 공소외 1 회사 가 0, 0, 0에 광고를 중단하거나 0, 0에 동등하게 광고를 게재할 때까지 공소외 1 회사 의 제품에 대한 불매운동을 하겠 다는 내용의 기자회견을 열었다.",
            "그 무렵 불매운동의 대상기업으로 선정되었다는 사실을 알게 된 공소외 1 회사 홍보실 업무총괄자인 상무이사 공소외 3 을 비롯한 위 회사 임직원들은 불매운동이 벌어질 경우 예상되는 매출 감소나 회사 이미지 실추 등으로 인한 경제적 손실로 회사 운영에 치명적인 손실을 입게 될 것이라고 우려하게 되었다.",
            "그리고, 위 회사의 전체 신문광고 중 70~80%의 비중을 차지하고 있는 0, 0, 0에 대한 광고를 중단하라는 것은 회사의 영업에 엄청난 지장을 초래하게 되므로, 공소외 3 은 홍보실 부장 공소외 2에게 불매운동을 선언한 ☆☆☆ 측 사람을 만나 공소외 1 회사가 선정된 이유와 요구조건이 무엇인지를 직접 들어볼 것을 지시하였다.",
            "피고인은 2009.6.8.17:00경 공소외 2 로부터 만나자는 연락을 받고 0000에 있는 ☆☆☆ 사무실 부근에서 공소외 2 를 만났다.",
            "그런 다음, 0000에 있는 창경궁 인근 상호불상의 커피숍으로 이동 하여 공소외 2에게 공소외 1 회사 가 0, 0, 0에 광고를 편중했기 때문에 불매운동기업으로 선정하였다면서 0, 0, 0에 대한 광고를 중단할 것을 요구하였으나 공소외 2 로부터 회사 입장에서 그 요구를 수용하기 어려울 것이라는 말을 듣게 되자, 피고인이 지정하는 다른 신문에 0, 0, 0와 동등하게 광고를 집행할 것을 요구했다.",
            "특히 빠른 시일 내에 0과 0에 광고를 게재할 것과 공소외 1 회사의 인터넷 홈페이지에 향후 광고를 편중되게 하지 않겠다 라는 내용의 팝업창을 띄울 것을 요구하였고, 공소외 2 로부터 피고인 1 의 요구조건을 전해들은 공소외 3 은 회사를 위해서 이를 들어줄 수밖에 없다고 판단하고 피고인 1 의 요구대로 0, 0에 광고를 게재하고 인터넷 홈페이지에 위 내용의 팝업창을 띄우기로 하였다.",
            "피고인은 위와 같이 요구조건을 들어주지 않으면 불매운동을 하겠다고 협박하여 불매운동으로 인한 영업상 커다란 손실의 우려로 겁을 먹은 공소외 3으로 하여금 2009.6.8.경 0, 0, 0에 대한 광고를 중단하게 하여 법률상 의무없는 일을 하게 하려 하였으나 위와 같이 거부당하여 그 뜻을 이루지 못했다.",
            "그리고 2009.6.9.경 공소외 1 회사의 인터넷 홈페이지에 \"공소외 1회사는 앞으로 특정 언론사에 편중하지 않고 동등하게 광고 집행을 해 나갈 것을 약속합니다.\" ",
            "\"또한, 앞으로도 더욱 소비자들과 함께 하는 기업이 되도록 노력하겠습니다.\"라는 내용의 팝업창(이하 이 사건 팝업창 이라 한다)을 띄우게 함으로써 법률상 의무 없는 일을 하게하고, 2009.6.10.경 광고 집행 예정이 전혀 없었던 0과 0에 각각 가로 21cm, 세로 9단 크기로 378만 원씩 합계 756만 원 상당의 광고를 게재하고 위 광고비를 2009.6.24.000에, 2009.6.30.000에 지급하도록 하였다.",
            "피고인은 2009.6.8.13:00경 0000 (이하 생략)에 있는 000 앞에서 피고인 1 의 부탁으로 기자 회견 자리에 참석하여 PD 170 기종의 카메라를 이용하여 기자회견 장면을 촬영하고, 같은 날 17:00경 ☆☆☆ 사무실에 피고인 1 과 함께 있다가 피고인 1 이 공소외 1 회사가 0, 0, 0에 광고를 중단 하거나 0, 0에 광고를 할 때까지 불매운동을 하려는 사실을 알았다.",
            "그러면서도 위와 같이 0000에 있는 창경궁 인근 상호불상의 커피숍에서 피고인 1이 공소외 2를 만나는 자리에 동석하여, 피고인 1이 공소외 2에게 0, 0, 0에 광고를 중단할 것을 요구했다.",
            "피고인 1이 지정하는 다른 신문에 0, 0, 0와 동등하게 광고를 집행할 것, 특히 빠른 시일 내에 0과 0에 광고를 게재할 것, 공소외 1 회사의 인터넷 홈페이지에 향후 광고를 편중되게 하지 않겠다라는 내용의 팝업창을 띄울 것 등을 요구했다.",
            "그러자, 피고인은 이에 동조하는 의사를 표시하고, 피고인 1이 공소외 2에게 요구사항을 수용하면 ☆☆☆ 카페에 공지를 띄우겠다는 말을 하자 피고인은 공소외 2에게 \"그런 정도 하면 빨리 마무리되지 않겠습니까?\" 라고 말하였다.",
            "피고인은 제1항과 같은 피고인 1의 각 범행을 용이하게 하여 이를 각 방조하였다.",
            "공소외 1 회사 는 의약품, 건강드링크, 건강식품 등을 판매하는 회사로서, 0, 0, 0, 0등이 대표상품이다.",
            "☆☆☆는 2008.4.18.경 정부의 미국산 쇠고기 수입확대 조치가 발표된 이후 광우병에 걸린 쇠고기가 수입될 것을 우려하는 여론이 형성되면서 미국산 쇠고기 수입을 반대하는 촛불집회(이하 '촛불집회' 라 한다)가 잇따라 개최되었다. ",
            "그러던 중, 이 사건 언론사가 기존과 달리 미국산 쇠고기 수입확대 조치에 대한 정부의 입장을 옹호 하는 보도만을 한다고 판단한 네티즌들을 중심으로 결성된 인터넷 카페 모임인 '○△▽ 폐간 국민캠페인'이 그 전신인데, 그 이름이 2008.6.24.경 '○△▽ 폐간 국민캠페인'에서 '☆☆☆'로 변경되었고, 2008.8.31.카페회원들이 중심이 되어 같은 이름의 시민단체를 결성하였다.",
            "이 사건 언론사의 보도태도를 못마땅해 하던 ○△▽ 폐간 국민캠페인의 운영진들은 위 언론사의 보도태도 변경 또는 위 언론사의 폐간을 목적으로 위 언론사의 광고주에 대하여 광고를 중단하도록 압박하는 운동을 광범위하고 효율적으로 진행하기로 의견을 같이하였다.",
            "그런 다음, 2008.6.경부터 2008.7.경 사이에 카페 게시판에 매일 이 사건 언론사의 광고주 명단을 게시하여 회원들로 하여금 그 광고주들에게 항의 전화 등을 하도록 하는 방법으로 집중적, 지속적으로 광고주에게 광고중단을 요구하도록 하였고, 그 결과 일부 광고주들은 이 사건 언론사에 광고를 한 것을 사과하고 광고를 중단하기도 하였다.",
            "이에 검찰이 위 광고중단 요구행위에 관하여 카페의 운영진 등을 업무방해 등의 혐의로 수사를 하여, 카페 운영진 24명을 업무방해죄 등으로 기소하였고, 이들은 2009.2.19.1심(서울중앙지방법원 2008고단5024호)에서 모두 유죄가 선고되었다(일부 범죄에 대해서는 무죄가 선고됨).",
            "그러다가, 2009.12.18.그 항소심(서울중앙지방법원 2009노677호)에서 15명에 대해서는 유죄 판결이, 9명에 대해서는 무죄 판결이 선고되었고, 현재 상고심 계속 중이다.",
            "피고인 1 은 위 1심 판결이 선고된 이후인 2009.5.21. ☆☆☆ 카페에 \"필독,  ☆☆☆ 회원의 결정을 바랍니다-대표 피고인 1\" 이라는 제목으로 \"이제는 ○△▽ 에 끌려 다니지 말고 반격을 해야 한다, 그 실천방향으로 먼저 불매운동을 시작하려 한다.\"",
            "\"불매운동은 ○△▽ 에만 광고하고 0와 0에는 광고를 하지 않는 기업을 대상으로 펼칠 것이다, 우선 한 개 기업만 선정하여 힘을 집중할 것이다, 광범위한 촛불들, 누리꾼, 그리고 시민단체들의 연대는 이미 이뤄졌다, ☆☆☆ 회원들의 결단만 남았다, 여러분의 결정이 필요하다, 역사는 여러분들의 결정과 실천을 요구하고 있다\"는 내용의 글을 게시하였다.",
            "2009.6.8.13:00경 서울 중구 (이하 생략)에 있는 000 앞에서 별지 기자회견문을 토대로 불매운동의 첫 대상기업으로 오로지 공소외 1 회사 한 개 기업을 지목하면서 공소외 1 회사 가 이사건 언론사에 대한 광고를 중단하거나, 0, 0에 동등한 광고집행을 할 때까지 불매운동에 들어갈 것이라는 내용으로 기자회견을 가졌다.",
            "피고인 2는 피고인 1의 부탁으로 기자회견 자리에 참석하여  0의 카메라를 이용하여 기자회견 장면을 촬영하였다.",
            "위 기자회견 사실을 접한 공소외 1 회사 는 회사의 실질적인 정책결정을 하고 있는 공소외 3 상무이사의 주도로 같은 날 홍보실 간부들과 대책회의를 가지고 이 사건 언론사에 대한 광고를 중단하는 것은 회사영업을 하지 말라는 것과 마찬가지이니 절대로 받아들일 수 없다고 의견을 모은 후 홍보실 공소외 2 부장에게 ☆☆☆ 측 사람을 만나 이야기를 들어보라고 지시하였고, 이에 공소외 2 가 ☆☆☆ 사무실에 연락하여 만날 것을 요청하였다.",
            "☆☆☆ 의 회원수는 2008.6.25.경 34,000여명이었고, 2009.6.경 76,000여명이었다."
        ]
    },
    "dcss": {
        "courtDcss": [
            "피고인 1 이 이 사건 기자회견을 한 직후 공소외 1 회사 측에서 취한 일련의 조치 즉, 회사의 실질적인 정책결정을 하고 있는 공소외 3 상무이사의 주도로 홍보실 간부들과 대책회의를 가진 다음, 홍보실 공소외 2 부장으로 하여금 ☆☆☆ 측 사람을 만나게 하고, 이 사건 합의문 내용과 같은 피고인 1 의 요구사항을 신속히 수용하여 그대로 따른 점이 인정된다.",
            "피고인 1 이 이 사건 기자회견 당시 밝힌 불매운동 방법은 온라인과 오프라인 제품을 불매하겠다는 서명, 제품과 기업에 대한 제언 및 불만사항 접수, 제품 원재료명 분석과 제품에 첨가된 유해성분을 판별해 소비자에 홍보, 신문 지면 광고(불매 대상 기업 공표)가 있다.",
            "이외에도 기업 앞 1인 시위와 1인 시위장면을 찍은 사진 및 동영상을 온,오프라인에 홍보, 소비자 품질 평가, 제품 사용 후기(네거티브)전파, 제품의 하자나 불량 상태 수집 및 홍보 등과 같은 활동 을 위주로 전방위적으로 펼치겠다는 것이고, 불매운동 대상 제품도 \"0, 0, 0, 0, 0, 0 등\"으로 공소외 1 회사 의 대표상품 대부분을 포함하고 있는 점이 인정된다.",
            "☆☆☆는 2008.경 결성되어 이 사건 언론사에 대한 불매운동 등의 활동을 꾸준히 조직적으로 펼쳐온 단체이다.",
            "그리고, 이 사건 불매운동 당시 그 회원수도 76,000여명에 이르는 점, 이 사건 불매운동은그 대상 기업을 오직 공소외 1 회사 하나만을 삼고 있어 ☆☆☆에 의하여 위에서 본 방법으로 전방위적으로 공소외 1 회사 의 대표상품 대부분에 대하여 불매운동이 펼쳐질 경우 공소외 1 회사 의 영업에 지장을 초래할 수 있음이 충분히 우려되는 한편, 불매운동으로 인하여 어느 정도 영업에 지장을 초래하게 될 지 예측하기가 곤란한 점이 인정된다.",
            "공소외 1 회사 는 주로 소비재를 판매하고 있는 기업으로서 광고가 영업에 미치는 영향력이 매우 큰 점, 이 사건 합의문 내용 등에 비추어 보면, 불매운동 그 자체가 위법하지는 않다 하더라도, 피고인 1 이 공소외 1 회사 에 대하여 불매운동을 하겠다고 하면서 그 철회 조건으로 이 사건 언론사에 대한 광고를 중단할 것을 요구한 행위, 0, 0 등에 대하여 동등광고 집행을 요구한 행위, 회사 인터넷 홈페이지에 이 사건 팝업창을 띄우게 한 행위가 있다.",
            "이러한 행위들 모두 공소외 1 회사 의 의사결정권자로 하여금 위 요구를 수용 하지 아니할 경우 이 사건 불매운동이 지속되어 영업에 중대한 타격을 입을지도 모른다는 겁을 먹게 하여 그의사결정 및 의사실행의 자유를 침해한 것으로 강요죄에서의 협박 및 공갈죄의 수단으로서의 협박에 해당한다.",
            "피고인 1 의 이 사건 불매운동의 목적에 이 사건 언론사에 대한 광고를 중단하도록 하는 것이 포함되어 있지 않다고 볼 수 없으므로, 이와 배치되는 원심의 판단은 수긍하기 어렵고, 앞서 본 바와 같이 피고인 1 이 공소외 1 회사 에 대하여 불매운동을 하겠다고 하면서 그 철회 조건으로 이 사건 언론사에 대한 광고를 중단할 것을 요구한 행위를 한 점이 있다.",
            "이로 인하여 공소외 1 회사 의 의사결정권자로 하여금 위 요구를 수용하지 아니할 경우 이 사건 불매운동이 지속되어 영업에 중대한 타격을 입을지도 모른다는 겁을 먹게 한 이상, 위와 같은 행위는 충분히 강요죄의 수단으로서의 협박에 해당한다할 것이다.",
            "피고인 2 는 미디어행동단 팀장으로서 ☆☆☆에서 활발히 활동하고 있는 자인 점, 피고인 1 은 2009.5.21.☆☆☆ 카페에 \"필독, ☆☆☆회원의 결정을 바랍니다-대표 피고인 1\" 이라는 제목으로 \"불매운동을 시작하려 한다, 불매운동은 이 사건 언론사에만 광고하고 0와 0에는 광고를 하지 않는 기업을 대상으로 펼칠 것이다, 우선 한 개 기업만 선정하여 힘을 집중할 것이다\" 라는 내용의 게시글을 올렸다.",
            "이는 피고인 2 의 ☆☆☆에서의 지위 등에 비추어, 충분히 위 게시글을 읽었던 것으로 보이는 점이 인정된다.",
            "피고인 2 는 피고인 1 로부터 카메라 촬영을 해줄 것을 요청받았을 당시 대상기업이 공소외 1 회사가 될 것이라는 사정까지는 알지 못하였다 하더라도, 피고인 1 이 이 사건 언론사의 광고주 중 한 개의 기업을 대상으로 불매운동을 선언할 것이라는 것은 충분히 예상할 수 있었던 것으로 보이는 점이 인정된다.",
            "또한, 피고인 1 로서는 이 사건 기자회견 장면을 찍게 하여 사후에 ☆☆☆ 회원들이나 일반 대중들이 볼 수 있도록 게시한다는 생각에서 이 사건 범행을 함에 있어 정신적으로 크게 고무되었던 것으로 보이는 점이 인정된다.",
            "피고인 1은 공소외 2로부터 만나자는 요청을 받고, 자칫 위해를 받을 지도 모른다고 불안감을 느꼈는데, 피고인 2가 동석함으로써 심리적 안정감을 준 것으로 보이는 점 등에 비추어 보면, 피고인 2가 피고인 1의 이 사건 기자회견 장면을 촬영하고, 공소외 2를 만나는 자리에 피고인 1과 동석한 행위는 피고인 1의 이 사건 범행의 방조행위로 충분히 인정된다.",
            "이 사건 언론사의 왜곡 보도를 시정하려는 목적과 관련하여 보건대, 언론사가 진실을 보도하는 것은 민주사회의 기본적 약속이고, 언론사가 의도적으로 사실을 왜곡하거나 국민들에게 허위 사실을 전달하는 것은 절대 용납될 수 없다는 점에서 왜곡 보도를 한 언론사에 대하여 왜곡 보도를 시정할 것을 요구하는 것은 그 정당성이 충분히 인정된다.",
            "그러나, 이 사건 언론사가 이 사건 기자회견문의 내용과 같이 왜곡 보도를 하고 있는지가 명백하지 아니할 뿐만 아니라, 가사 그와 같은 왜곡보도를 하고 있다 하더라도, 공소외 1 회사는 이 사건 언론사와 광고주와 언론매체라는 관계 외에는 아무런 관계가 없다.",
            "그리고, 공소외 1 회사가 신문광고 매체로서 이 사건 언론사를 선택한 것은 독자수, 열독률, 발행부수, 매체영향력 등을 고려하여 광고효과를 극대화하기 위한 경영상의 판단에 의한 것일 뿐 이 사건 언론사의 논조나 정치적 성향을 고려한 것은 아니며, 위와 같은 왜곡 보도를 응원하거나 지지하였기 때문은 더더욱 아니다.",
            "그럼에도, 이 사건 언론사의 광고주들 중 공소외 1 회사 한 기업만을 선택하여 공소외 1 회사의 대표상품 대부분에 대하여 온라인과 오프라인 제품을 불매하겠다는 서명 활동을 펼치겠다고 하였다.",
            "이외에도 제품과 기업에 대한 제언 및 불만사항 접수, 제품 원재료명 분석과 제품에 첨가된 유해성분을 판별해 소비자에 홍보, 신문 지면 광고(불매 대상 기업 공표), 기업 앞 1인 시위와 1인 시위장면을 찍은 사진 및 동영상을 온·오프라인에 홍보, 소비자 품질 평가, 제품 사용 후기(네거티브)전파, 제품의 하자나 불량 상태 수집 및 홍보 등과 같은 활동을 전방위적으로 펼치겠다고 하는 것은 그 방법이 상당하다고 보이지 아니한다.(이하 '검토①'라 한다)",
            "이 사건 언론사의 왜곡 보도를 시정하기 위하여 공소외 1 회사에 대한 불매운동이 불가피하다거나, 공소외 1 회사에 대한 불매운동을 제외한 다른 수단이나 방법이 없다고 볼 수 없다.",
            "공소외 1 회사가 이 사건 언론사에 광고를 게재함으로써 직접적으로 소비자의 권익이 침해되었다고 볼 수는 없으므로 그 자체만으로는 앞서와 같은 이유로 목적의 정당성을 인정할 수 없다.",
            "이 사건 언론사가 이 사건 기자회견문의 내용과 같이 왜곡 보도를 하고 있다는 것이 전제될 경우 그 목적의 정당성이 인정될 수 있으나, 그 경우에도 위 '검토①'에서 살펴본 것과 같은 이유에서 그 방법의 상당성, 법익균형성, 긴급성, 보충성 요건을 충족하였다고 보기 어렵다.",
            "공소외 1 회사 로 하여금 0, 0 등에도 이 사건 언론사와 동등하게 광고를 게재하도록 하려는 목적은 소비자의 권익의 수호나 증진과 직접적 관련이 있다고 보이지 아니할 뿐만 아니라 이 사건 불매운동을 하면서 공소외 1 회사 가 0, 0 등에 동등광고를 게재하여야 할 필요성에 대하여 적절한 설명조차 하지 않았다는 점에서 그 정당성을 인정하기 어렵다.",
            "그 정당성이 인정된다 하더라도 0, 0에 광고를 게재하기 위하여 불매운동이라는 방법을 선택한 것은 광고매체를 자유롭게 선택할 수 있는 기업의 경영의 자유를 지나치게 제한하는 것인데 반하여 공소외 1 회사가 0, 0에 광고를 게재함으로써 소비자들이 얻을 수 있는 이익이 명확하지 않은 점에 비추어 그 방법의 상당성, 법익균형성, 긴급성, 보충성 요건을 충족하였다고 보기도 어렵다.",
            "결국, 이 사건에 나타난 이 사건 기자회견에서부터 공소외 1 회사로 하여금 이 사건 언론사에 대한 광고게재를 중단할 것을 요구하고, 0, 0에 광고를 게재하여 광고료를 지급하게 하며, 공소외 1 회사 홈페이지에 팝업창을 띄우게 한 일련의 행위에 비추어 보면, 피고인들의 행위가 사회상규에 위배되지 아니한다거나 권리행사에 정당성이 있다고 보기 어렵다.",
            "피고인이 법률전문가인 변호사, 법학교수에게 의견을 조회하고 그들의 의견을 신뢰하였다 하더라도, 그 의견의 내용은 이 사건 불매운동과 같은 형태의 행위가 사회통념상 허용될 것인지에 관한 그들 나름의 독자적 견해에 불과할 뿐만 아니라, 앞서 본 대법원 판결의 입장과 배치되는 것이므로, 위 의견을 신뢰한 것만으로는 이 사건 범행의 위법성 인식에 관하여 충분하고도 진지한 노력을 다한 것으로 볼 수 없다."
        ]
    },
    "close": {
        "cnclsns": [
            "원심판결을 파기한다.",
            "피고인 1을 징역 6월, 피고인 2를 징역 4월에 각 처한다.",
            "이 판결 확정일로부터 각 2년간 피고인들에 대한 위 각 형의 집행을 유예한다."
        ]
    }
}