{
    "info": {
        "caseField": "2",
        "detailField": "6",
        "trailField": "1",
        "caseNm": "특수공무집행방해치상,폭력행위등처벌에관한법률위반(집단,흉기등상해),폭력행위등처벌에관한법률위반(집단,흉기등폭행),폭력행위등처벌에관한관한법률위반(집단,흉기등퇴거불응),업무방해",
        "courtNm": "수원지방법원",
        "judmnAdjuDe": "2010. 02. 17.",
        "caseNo": "2009고합422",
        "relateLaword": [
            "형법 제144조\n",
            "폭력행위등처벌에관한법률 제3조, 제2조",
            "형법 제136조",
            "형법 제257조",
            "형법 제260조",
            "형법 제319조",
            "형법 제314조",
            "형법 제30조",
            "형법 제37조",
            "형법 제38조",
            "형법 제50조",
            "폭력행위등처벌에관한법률 제2조"
        ],
        "qotatPrcdnt": [
            "대법원 1993. 7. 13. 선고 92도2832 판결",
            "대법원 2006. 5. 11. 선고 2003도4320 판결 ",
            "대법원 2007. 4. 26. 선고 2007도428 판결"
        ]
    },
    "concerned": {
        "acusr": "4",
        "dedat": "1"
    },
    "org": {
        "orgJdgmnCourtNm": "",
        "orgJdgmnAdjuDe": "",
        "orgJdgmnCaseNo": ""
    },
    "disposal": {
        "disposalform": "6",
        "disposalcontent": [
            "피고인을 징역 3년에 처한다."
        ]
    },
    "mentionedItems": {
        "rqestObjet": [
            "피고인을 징역 3년에 처한다."
        ]
    },
    "assrs": {
        "acusrAssrs": [],
        "dedatAssrs": [
            "피고인 및 변호인은, 피고인이 쌍용자동차 노조의 파업기간 동안 공장 안에 머무른 사실은 있으나, 노조의 배후를 조종하거나 공동하여 경찰 등에게 폭력을 행사하고 업무를 방해한 사실이 없다는 취지로 주장한다."
        ]
    },
    "facts": {
        "bsisFacts": [
            "피고인은 2005년 ㅁㅁㅁ 정책기획국장을 맡아 활동한 이래 2008년부터 현재까지 ㅁㅁㅁ 사무처 미조직비정규 사업실 소속 '미조직비정규국장'을 맡아 활동 중이다.",
            "2009. 5.경 2회 정도 000지부 노조 사무실에서 개최된 \"비정규지회 회의\"에 참석하였다가 000지부 비정규지회 사무국장 공소외 00 등 집행부가 \"000 총파업투쟁을 실시함에 있어 비정규 정리해고 투쟁에 본조에서 한명이 나와 지원해 주었으면 좋겠다\"라는 요청을 받고, 이를 ㅁㅁㅁ 미조직비정규사업실장 공소외 00 와 논의 후 총파업투쟁에 결합하여 비정규지회 총파업투쟁을 본격적으로 지원하였다.",
            "피고인은 2009. 5.말경 000지부 노조 사무실에서 지부장 공소외 00 및 집행부 5, 6명 등과 함께 술을 마시는 자리에서 지부장 공소외 00이 \"000 노조는 실무에서 약한데, 비정규지회 일뿐만 아니라 우리 노조의 일도 좀 도와 달라\"는 부탁을 받고 2009. 5. 22.경부터 위 비정규지회 지원투쟁과 함께 본격적으로 000지부 노조의 옥쇄총파업투쟁을 적극 지원하였다.",
            "피고인은 옥쇄총파업투쟁을 지원하면서 2009. 8. 6. 체포될 때까지 000지부 상임집행위원 및 지부 대의원 등 50, 60명이 참석하여 000 노조원들의 투쟁전술 등에 대해 전반적으로 논의하는 '쟁위대책위원회'에 5, 6차례 참관인 자격으로 참석하였다.",
            "피고인은 000 옥쇄총파업투쟁에 본격적으로 결합하여 투쟁지원을 실시하는 과정에서 피고인은 000지부 노조위원장 공소외 00 및 집행부에게 투쟁에 있어 전반적인 부분에 대한 \"큰 틀\"을 제안하면 지부장 공소외 00을 비롯한 노조집행부에서는 이 제안에 따라 세부적인 투쟁계획을 수립하여 집행하였다.",
            "피고인은 000지부 정책기획실장 공소외 00와는 자주 연락하면서 공소외 00가 000 노조가 사측과 교섭을 진행함에 있어 어떠한 기조로 협상을 진행하여야 좋을지에 대해 지침을 구하면 ㅁㅁㅁ의 입장에 대해 전달해 주었다.",
            "또한 000 노조 조직쟁의실장인 공소외 00에게 ㅁㅁㅁ 중앙에서 이번 000 총파업투쟁과 관련하여 어떠한 투쟁 기조를 유지하고 있느냐와 어떤 식으로 투쟁을 전개해 나가야 될지에 대한 전국 ㅁㅁㅁ 중앙의 계획을 ㅁㅁㅁ 기획국장 공소외 00과 주로 통화하여 그 내용을 전달해 주는 역할을 하였다.",
            "아울러 피고인은 2009. 6. 4.경 지부장 공소외 00으로부터 '(핸드폰번호 생략)'번의 000 휴대폰(증 제2호)과 함께 '(핸드폰번호 생략), (핸드폰번호 생략), (핸드폰번호 생략), (핸드폰번호 생략), (핸드폰번호 생략), (핸드폰번호 생략)'라고 휴대폰번호가 기재된 메모지(증제9호)를 전달받은 후, 이를 가지고 체포시까지 도장2공장 옥탑에 상주하면서 각 거점 상황을 보고받아 이를 취합하여 000지부 지부장 공소외 00에게 전달하였다.",
            "2009. 4. 9. 16:00경부터 평택 000지부 노조 회의실에서 ㅇㅇㅇ 경기본부, ㅁㅁㅁㅁ , 경기공동행동등 15개 단체 대표자들이 참석한 가운데 \"000 회생과 구조조정 저지를 위한 경기지역 정당, 사회단체대책회의\"가 개최되었고, 이 자리에서 000 대책기구 결성의 건을 논의하여 기구 명칭을 \"경제위기 고통전가 반대! 000 정리해고 저지! 경기지역공동투쟁본부(약칭 '000 공투본')\"로 할 것을 결정하였다.",
            "2009. 4. 15. 11:00경 000 공투본은 평택 000 정문에서 기자회견을 개최하고, 공식 출범을 선언하였으며, 같은 달 17. 10:00경 000 노조지부 사무실에서 개최된 '제1차 집행위원회'에서 '집행위원회 구성 및 역할분담'에 대해 논의하여 공동집행위원장, 상임집행위원장, 집행위원들을 선임하였다.",
            "피고인은 피고인 소유의 휴대폰( (핸드폰번호 생략) ) 안에 '000 공투본'의 공동대표 공소외 00(경기공동행동), 공동대표 공소외 00(000 지부장), 공동대표 공소외 00(ㅇㅇㅇ)의 휴대폰 번호를 각 입력해 놓았다.",
            "또한 공동집행위원장 공소외 00(000지부 정책기획실장), 집행위원 공소외 00(ㅇㅇㅇ), 집행위원 공소외 00(ㅇㅇㅇ경기본부), 집행위원 공소외 00(ㅇㅇㅇ), 집행위원 공소외 00(ㅁㅁㅁ), 집행위원 공소외 00(ㅁㅁㅁ), 집행위원 공소외18(ㅇㅇㅇ)의 휴대폰 번호를 각 입력해 놓았다.",
            "피고인은 2009. 5. 20. 05:21경 \"000공투본\"(ㅁㅁㅁ.net) '아이디'로부터 000 일일속보 1호(증제24호) 제하 문건을 전송받았고, 같은 달 21. 12:18경 \"000공투본\"(ㅁㅁㅁ.net) '아이디'로부터 명단은 없다(증제23호) 제하 문건을 전송받았다.",
            "같은 달 28. 09:47경 \"000공투본\"(ㅁㅁㅁ.net) '아이디'로부터 000파업 고려할 지점에 대해(증제29호) 제하 문건을 전송받아 총파업투쟁의 자료로 활용하는 등 피고인은 000 공투본과 평소 연락을 주고받으면서 000 옥쇄총파업투쟁에 적극적으로 개입하여 각종 지원투쟁을 하였다.",
            "000노조 지부에서 군사조직을 모방한 지휘체계를 구성함에 있어 피고인과의 관련성 ㅁㅁㅁ 000지부는 2009. 7.중순경부터 옥쇄총파업투쟁을 벌이는 과정에서 피고인의 방식 제안에 따라 그 지휘체계를 '군사조직을 모방'하여 운용하였다.",
            "피고인은 2009. 5. 15. 16:40경 교섭관련 제목 하에 '현재 000의 지형', '정권이 노사 역학관계에 미치는 영향', '현재 000 지형에서 교섭의 활용방안', '예상되는 교섭의 쟁점(노사정)', '교섭에 임하는 노측의 원칙'등에 대해 검토했다.",
            "그러면서 \"정리해고 신고 취소 및 반려, 000에 공적 자금 투입 요청, 노사 합의사항 외에 일체의 도발행위를 중단할 것 등에 대한 사항이 즉각적으로 시행되지 않으면 총파업에 돌입할 수 밖에 없다는 점을 강조해야 한다\"는 내용이 기재된 '현 시기 000 지형에서 교섭의 활용방안'을 작성하여 000노조가 사측과 교섭할 때 활용하도록 하였다.",
            "피고인 등은 '전체대오를 정문과 굴뚝 농성장 두 곳으로 집결시키고 상집간부를 책임자로 선정하여 전체대오를 정비해 나가도록 한다', '상집간부를 중심으로 4,5개조 순찰조를 구성하여 사측의 동향에 대하여 신속히 보고하도록 한다'고 결정했다.",
            "또한 '희망퇴직 관련하여 사측이 문자 등으로 조합원을 흔들고 있으므로 이에 대한 우리의 입장을 정리하여 문자메세지로 전달하도록 한다', '회사 측의 분열 공작을 극복하기 위하여 대의원을 기본으로 상집, 현장조직 등을 최대한 동원하여 전 조합원에게 내일 전면파업에 참여할 수 있도록 독려한다' 등을 결정하였다.",
            "피고인은 000 지부장 공소외 00 , 조직쟁의실장 공소외 00 , 정책기획실장 공소외 00 및 나머지 000지부 집행부 임원 등과 함께, 위와 같은 지휘체계와 지휘방식에 따라 점거파업에 참여한 노조원들을 지휘하고 관리하면서 000 임직원 또는 경찰력이 000 평택공장에 진입하였을 경우 준비한 무기 등을 이용하여 최대한 방어하도록 훈련시켰고, 위와 같은 점거파업이 가능하도록 식량, 마스크 및 복면 등을 미리 준비하였다.",
            "또한 실제로 000 임직원과 경찰력이 아래에서 보는 바와 같이 000 평택공장에 진입하였을 때 점거파업 농성자들을 지휘하고, 공장 곳곳에서 발생하는 상황 등을 취합하고 부상자들을호송하는 등의 방법으로 폭력을 행사하는 점거파업 농성자들과 공모하였다.",
            "피고인은 000지부 노조원 약 1,100여명과 함께 2009. 5. 22. 0000 소재 000 평택공장에 난입하여 공장을 불법으로 점거하고, 2009. 5. 31. 000 사측에서 직장폐쇄를 선언하고, 같은 해 6. 20.경 노조측에 퇴거를 요청하였다.",
            "그럼에도 불구하고, 같은 해 8. 6.까지 위와 같이 불법행위를 자행하면서 퇴거요청에 불응하였고, 같은 기간 동안 000의 생산업무 및 경비업무 등을 하지 못하게 함으로써 피해자 0000에 약 3,160억원 상당의 손해를 입혔다.",
            "피고인은 노조원 최소 약 600여명에서 최대 약 1,100여명까지의 노조원과 함께 2009. 5. 22.경부터 같은 해 8. 6.경까지 위 000 평택공장에서 다중의 위력으로 위험한 물건을 사용하여 사측의 퇴거요구에 불응하고, 최소 약 600여명에서 최대 약 1,100여명까지의 노조원과 공모하여 위력으로 000주식회사의 생산업무 및 경비업무를 방해하였다."
        ]
    },
    "dcss": {
        "courtDcss": [
            "피고인은 2005년경부터 ㅁㅁㅁ 정책기회국장을, 2008년경부터 현재까지 ㅁㅁㅁ 미조직비정규국장을 맡아 활동하면서 2009. 5.경 000지부 집행부로부터 000 총파업투쟁에 ㅁㅁㅁ 에서 한명이 나와 지원해 달라는 요청을 받고 2009. 5. 22.부터 지원업무를 전담하기 시작하여 2009. 6. 1.경부터 2009. 8. 6.경까지는 000 공장에 상주하면서 노조의 옥쇄총파업투쟁을 지원한 점이 인정된다.",
            "한편 피고인은 2009. 5. 15. 000노조의 옥쇄총파업투쟁과 관련하여 교섭관련 지침서를 작성하고, 2009. 5. 21. 및 2009. 5. 22. 000 집행부와 ㅁㅁㅁ 간부 등이 참석하는 전술기획팀 회의에 참여하였으며, 2009. 5. 25.경부터 2009. 6. 20.경까지 수차례에 걸쳐 000노조의 옥쇄총파업투쟁과 관련된 각종 문건을 작성한 점이 인정된다.",
            "피고인은 000지부 상임집행위원 및 지부 대의원들이 참석하여 000 노조원들의 투쟁전술 등에 대해 논의하는 쟁위대책위원회에 5~6차례 참관인 자격으로 참석하는 등 000 노조의 투쟁에 있어 투쟁전술에 대한 큰 틀을 제안하고, 노조 집행부에서는 그러한 제안에 따라 세부적인 투쟁계획을 수립한 것으로 보이는 점이 인정된다.",
            "피고인은 2009. 6. 4.경 000 지부장 공소외 00으로부터 휴대폰과 휴대폰 번호가 기재된 메모지를 전달받았고, 이를 가지고 ㅁㅁㅁ 의 투쟁기조 등을 000 노조 집행부에 전달해 준 점에 비추어 ㅁㅁㅁ와 000 노조 사이의 연락책을 담당하고, 공장 밖 경찰들의 움직임과 사측동향 등에 대해 전달받아 이를 취합하여 지부장 등에게 전달해 주는 역할을 담당한 것으로 보이는 점이 인정된다.",
            "000지부는 2009. 7. 중순경부터 옥쇄총파업투쟁을 벌이는 과정에서 군사조직을 모방하여 운용된 지휘체계를 구축하였고, 피고인은 주로 도장2공장 옥탑에 머물면서 지부장 공소외 00으로부터 받은 휴대폰을 이용하여 각 거점 또는 외부로부터 상황을 전달받아 이를 취합하여 지부장에게 전달하고, 지휘부의 상황을 각 거점 책임자들에게 전하는 역할 등을 담당하였으며, 도장2공장 옥상에서 노조원들의 사기를 높이기 위한 선무방송도 실시한 점이 인정된다.",
            "000 노조의 조합원 중 900여 명은 지부장 공소외 00을 정점으로 한 집행부 임원들의 지휘나 계획 하에 000 평택공장의 출입통제, 건물점거 등을 행하였고, 그 과정에서 조합원들이 다중의 위력으로서 위험한 물건인 새총, 쇠파이프, 화염병 등을 휴대하여 폭력행위를 저지른 것이라는 점이 인정된다.",
            "위 집회 참가 인원의 규모나 당시 과열된 분위기 등을 감안할 때 ㅁㅁㅁ 간부인 피고인으로서는 집회참가자들과 질서유지 및 시위 진압을 위하여 대기 중인 경찰과 사측 직원들 사이의 우발적인 분쟁, 집단적인 시위 과정에서 표출될 집회참가자들의 과격한 행동, 진압을 위한 경찰과의 물리적 충돌과 그에 따른 집단적 폭행, 상해 등 행위가 뒤따를 것을 충분히 예상할 수 있었다고 보이는 점이 인정된다.",
            "피고인은 점거파업기간인 2009. 6. 1.부터 2009. 8. 6.까지 노조의 활동사항, 노조측 분위기, 훈련사항, 전술회의 및 각종 투쟁상황을 매일 정리하여 메모하여 왔다.",
            "위와 같은 사정을 종합하여 보면, 피고인이 판시 집회참가자들의 각 특수공무집행방해, 폭행, 상해 등 범죄행위들 중 일부에 대하여 구체적으로 모의하거나 이를 직접 분담하여 실행한 바가 없었다 하더라도, 위 각 범행에 대하여 암묵적으로 공모하고, 그 범행들에 대한 본질적 기여를 통하여 기능적 행위지배를 한 것으로 인정된다 할 것이므로, 판시 집회참가자들이 행한 이 사건 각 범행에 대한 공모공동정범으로서의 죄책을 면할 수 없다고 할 것이다.",
            "살피건대, 2인 이상이 공모하여 범죄에 공동 가공하는 공범관계에 있어서 공모는 법률상 어떤 정형을 요구하는 것이 아니고 범죄를 실현하려는 의사의 결합만 있으면 되는 것으로서, 비록 전체의 모의과정이 없었다고 하더라도 수인 사이에 순차적으로 또는 암묵적으로 상통하여 그 의사의 결합이 이루어지면 공모관계가 성립한다 할 것이다.",
            "이러한 공모가 이루어진 이상 실행행위에 관여하지 아니한 자라도 다른 공모자의 행위에 대하여 공동정범으로서의 형사책임을 진다(대법원 1993. 7. 13. 선고 92도2832 판결, 2006. 5. 11. 선고 2003도4320 판결 등 참조).",
            "그리고 이 경우 범죄의 수단과 태양, 가담하는 인원과 그 성향, 범행 시간과 장소의 특성, 범행과정에서 타인과의 접촉 가능성과 예상되는 반응 등 제반 상황에 비추어, 공모자들이 그 공모한 범행을 수행하거나 목적 달성을 위해 나아가는 도중에 부수적인 다른 범죄가 파생되리라고 예상하거나 충분히 예상할 수 있다. ",
            "그러한 가능성을 외면한 채 이를 방지하기에 족한 합리적인 조치를 취하지 아니하고 공모한 범행에 나아갔다가 결국 그와 같이 예상되던 범행들이 발생하였다면, 비록 그 파생적인 범행 하나하나에 대하여 개별적인 의사의 연락이 없었다 하더라도 당초의 공모자들 사이에 그 범행 전부에 대하여 암묵적인 공모는 물론 그에 대한 기능적 행위지배가 존재한다고 보아야 할 것이다(대법원 2007. 4. 26. 선고 2007도428 판결 참조).",
            "피고인의 주장 중, 쌍용자동차가 겪게 된 경영위기의 근본원인은 2004. 10.경에 이루어진 쌍용자동차의 졸속 매각과 이후 부실경영 및 이를 방치한 정부의 잘못 등에 있음에도 불구하고, 회사 측이 무리하게 대규모 인원의 정리해고라는 강도 높은 구조조정을 단행하므로, 이에 대항하기 위하여 벌인 이 사건 쟁의행위와 파업은 근로자들의 생존권을 지키기 위한 불가피한 선택이었다는 주장은 일면 동정할 측면이 있기는 하다.",
            "그러나 쌍용자동차 노조원들이 자신들의 주장을 관철하기 위하여 국가기반산업시설일 뿐만 아니라 인화성 위험물질을 다량 보유하고 있어 자칫 대형참사의 위험성마저 도사리고 있는 자동차 공장을 무단으로 점거하였다.",
            "생명에 치명적인 위험을 줄 수 있는 쇠파이프, 볼트발사용 새총, 다연발대포, 화염병 등으로 무장한 채 국가공권력에 대항하여 폭력행위를 저지른 것은 국가법 질서의 근본을 유린하는 행동으로 법치주의 국가인 우리나라에서는 어떠한 이유로도 용납될 수 없는 것이다.",
            "더욱이 이 사건 쌍용자동차 파업사태는, 정리해고를 수용할 수 없다는 자신들의 주장을 관철한다는 명목 하에 쌍용자동차 평택공장과 창원공장에서 29회에 걸쳐 부분파업을 계속하다가 그 후 무려 77일간이나 공장을 불법적으로 점거하여 회사의 업무를 완전히 마비시키는 이 사건 파업을 감행하기까지 하여 쌍용자동차를 사실상 파산 직전의 상태로까지 몰고 갔다.",
            "그 과정에서 직접적으로 회사가 엄청난 규모의 인적·물적 피해를 입게 되었음은 물론, 관련 협력업체 종사자들 및 인근 지역주민 역시 엄청난 정신적·경제적인 피해를 입게 되었음을 고려하면, 파업관련자들에게는 엄중한 법적 책임을 물을 수 밖에 없다.",
            "특히 생존권을 박탈당하게 된 당사자가 아닌 피고인과 같은 외부세력이 개입함으로써 이 사건 파업사태가 더욱 장기화되고 극렬해지게 된 원인을 제공한 것으로 보인다.",
            "또한 피고인의 구체적인 행위 태양이나 압수된 문서의 내용 등에 비추어 보면 피고인은 실제로 ○○○의 투쟁노선에 따라 쌍용자동차 지부장 및 집행부 임원 등을 배후에서 지원하는 중요한 역할을 담당하였던 것으로 보이는 점, 피고인이 시위 관련 범죄로 여러 차례 처벌받은 전력이 있는 점을 감안하면 피고인에 대한 실형의 선고가 불가피하다.",
            "다만, 앞서 본 바와 같이 사회적·경제적 약자의 지위에 있는 쌍용자동차 노조 조합원들이 대량해고사태에 직면하게 되자 자신들의 생존권을 지키기 위하여 이 사건 쟁의행위와 파업에 이르게 된 것이고, 피고인은 쌍용자동차 지부 측의 파견요청에 따라 파업에 가담하게 된 것이라는 점을 보면 아래와 같다. ",
            "피고인이 직접 폭력행위를 지시하거나 폭력행위에 가담하지는 아니한 점 및 그 밖에 피고인의 연령, 성행, 환경, 범행의 동기, 범행 전후의 정황 등 이 사건 변론에 나타난 여러 양형조건들을 참작하여 피고인에 대한 형기를 3년으로 정한다."
        ]
    },
    "close": {
        "cnclsns": [
            "피고인을 징역 3년에 처한다."
        ]
    }
}