{
    "info": {
        "caseField": "2",
        "detailField": "6",
        "trailField": "1",
        "caseNm": "사기",
        "courtNm": "의정부지방법원",
        "judmnAdjuDe": "2009. 11. 12.",
        "caseNo": "2009고단207",
        "relateLaword": [
            "형법 제347조\n",
            "형법 제30조",
            "형법 제35조\n\n",
            "형법 제37조",
            "형법 제38조",
            "형법 제50조",
            "형법 제42조",
            "형법 제57조"
        ],
        "qotatPrcdnt": []
    },
    "concerned": {
        "acusr": "4",
        "dedat": "1"
    },
    "org": {
        "orgJdgmnCourtNm": "",
        "orgJdgmnAdjuDe": "",
        "orgJdgmnCaseNo": ""
    },
    "disposal": {
        "disposalform": "6",
        "disposalcontent": [
            "피고인들을 각 징역 1년에 처한다.",
            "이 판결선고 전의 구금일수에 관하여, 피고인 1에게는 4일을, 피고인 2(대법원판결의 피고인) 에게는 1일을 위 형에 각 산입한다."
        ]
    },
    "mentionedItems": {
        "rqestObjet": [
            "피고인들을 각 징역 1년에 처한다.",
            "이 판결선고 전의 구금일수에 관하여, 피고인 1에게는 4일을, 피고인 2(대법원판결의 피고인) 에게는 1일을 위 형에 각 산입한다."
        ]
    },
    "assrs": {
        "acusrAssrs": [],
        "dedatAssrs": []
    },
    "facts": {
        "bsisFacts": [
            "피고인 1 은 철거업체인 공소외 2 주식회사 를 운영하고, 피고인 2 는 위 회사의 이사로 근무하였다.",
            "사실은 위 회사가 00부터 0000 (이하 생략)에 있는 ○○지구재개발 과 관련하여 건물철거권을 부여받기로 계약을 체결한 것이 없어 피해자 공소외 1 이 운영하는 공소외 3 주식회사로 하여금 대한주택공사로와 위 ○○지구재개발에 관련한 페기물처리 위·수탁계약을 체결할 의사나 능력이 없었다.",
            "피고인 1은 2003.2.19.경 0000 (주소 생략)에 있는 공소외 2 주식회사사무실에서 피해자에게 “ 공소외 2 주식회사가 ○○지구 철거공사를 맡기로 대한주택공사와 이야기가 다 되었다.",
            "철거공사를 하게 되면 건축폐기물이 나오는데 공소외 3 주식회사로 하여금 대한주택공사외 위·수탁계약을 체결하게 하여 폐기물운반권을 줄테니 이행보증금 2억 원을 달라”고 거짓말하고, 피고인 2는 이에 합세하여 “ 공소외 2 주ㅣ식회사 가 철거공사를 수주하기로 이야기가 다 돼어 바로 철거공사에 들어간다”고 거짓말하였다.",
            "피고인들은 위와 같이 피해자를 기망하여 이에 속은 피해자로부터 이행보증금 명목으로 즉석에서 1,000만 원을, 2003.2.20.경 위 같은 곳에서 9,000만 원을 각 건네받아 합계 1억 원을 편취하였다.",
            "피고인은 2003.2.20.경 위 1.항 기재 사무실에서 피해자의 직원인 공소외 4에게 “위와 같이 폐기물운반권을 취득할 수 있도록 노력해줬으니 리베이트를 미리 달라\" 고 거짓말하였다.",
            "이에 속은 피해자로부터 리베이트 명목으로 피고인 또는 피고인 처 명의의 예금계좌로 2003.2.24.700만원을, 2003.3.8.400만원을 2003.4.19.200만원을 각 송금받아 합계 1,300만원을 교부받아 편취하였다."
        ]
    },
    "dcss": {
        "courtDcss": [
            "피고인들을 각 징역 1년에 처한다.",
            "이 판결선고 전의 구금일수에 관하여, 피고인 1에게는 4일을, 피고인 2(대법원판결의 피고인)에게는 1일을 위 형에 각 산입한다."
        ]
    },
    "close": {
        "cnclsns": [
            "피고인들을 각 징역 1년에 처한다.",
            "이 판결선고 전의 구금일수에 관하여, 피고인 1에게는 4일을, 피고인 2(대법원판결의 피고인)에게는 1일을 위 형에 각 산입한다."
        ]
    }
}