{
    "info": {
        "caseField": "2",
        "detailField": "6",
        "trailField": "1",
        "caseNm": "공무집행방해,상해",
        "courtNm": "수원지방법원 평택지원",
        "judmnAdjuDe": "2011. 10. 20.",
        "caseNo": "2009고단1660",
        "relateLaword": [
            "형법 제136조, 형사소송법 제254조\n\n",
            "전투경찰대설치법 시행령(2009. 11. 23. 제21842호로 개정되기 전의것) 제2조 ",
            "경찰관직무집행법 제2조, 제5조, 제6조, 제3조",
            "헌법 제12조, 형사소송법 제72조, 형사소송법 제213조의2",
            "형법 제21조, 형사소송법 제325조, 형법 제58조"
        ],
        "qotatPrcdnt": [
            "대법원 2000. 7. 4. 선고 99도4341 판결\n",
            "대법원 2009. 10. 22. 선고 2009도7436 판결",
            "대법원 2009. 6. 25. 선고 2009도3505 판결",
            "대법원 1961. 9. 28. 선고 4294형상415 판결",
            "대법원1984. 8. 14. 선고 84도1139 판결",
            "대법원 2001. 10. 26. 선고 2000도2968 판결",
            "대법원 2003. 1. 24. 선고 2002도6103 판결",
            "대법원 2005. 10. 28. 선고 2004도4731 판결",
            "대법원 2007. 11. 29. 선고 2007도7961 판결",
            "대법원 2006. 7. 6. 선고 2005도6810 판결",
            "대법원은 2006. 9. 8. 선고 2006도148 판결"
        ]
    },
    "concerned": {
        "acusr": "4",
        "dedat": "1"
    },
    "org": {
        "orgJdgmnCourtNm": "",
        "orgJdgmnAdjuDe": "",
        "orgJdgmnCaseNo": ""
    },
    "disposal": {
        "disposalform": "10",
        "disposalcontent": [
            "피고인의 행위는 위 공소외 1 등 6명에 대한 불법 체포 및 연행행위를제지하는 과정에서 위 6명의 신체의 자유에 대한 부당한 침해를 방위하기 위한 행위로서 사회적으로 상당한 것으로 인정된다. 피고인의 공소외 2, 공소외 3에 대한 상해행위는 정당방위에 해당하여 위법성이 조각된다. 피고인은 무죄. 피고인에 대한 무죄판결의 요지를 공시한다."
        ]
    },
    "mentionedItems": {
        "rqestObjet": [
            "피고인은 무죄. 피고인에 대한 무죄판결의 요지를 공시한다."
        ]
    },
    "assrs": {
        "acusrAssrs": [],
        "dedatAssrs": [
            "공소사실 중 '공장을 불법점거하면서 퇴거에 불응하던 □□노조 ○○자동차 지부 조합원 공소외 1 등 6명이 기자회견 촬영 등을 이유로 공장 외부로 나오는 것을 발견한 경찰 대비 경력이 위 공소외 1 등의 신원 및 수배 여부 확인과 노조측과 사측의 격렬한 대립으로 인한 위험발생의 방지 및 범죄의 예방과 제지를 위해 상부의 지시를 기다리며 위 공소외 1 등 6명의 이동을 제한(고착관리)하고 있는 것을 보게 되었다'는 기재 가 있다.",
            "위 부분은 범죄의 일시, 장소와 방법 중 어디에도 해당되지 않는다. 검사는 공소외 1 등의 이동을 제한하고 있던 경력들의 동기 내지 내심의 사유에 불과한 사항을 장황하게 기재함으로써, 피고인의 경력들에 대한 공무집행방해 여부를 다투는 민감한 사안에서 경력들의 공무집행의 정당성을 예단하게 하는 서술방식을 사용하고 있다.",
            "따라서, 위 기재 부분을 포함한 공소제기는 공소제기의 방식을 위반한 것이다."
        ]
    },
    "facts": {
        "bsisFacts": [
            "피고인은 서울지방변호사회 소속 변호사이다.",
            "피고인은 2009. 6. 26. 10:30경부터 같은 날 11:25경까지 사이에 평택시 (주소 생략)에 있는 ○○자동차△△공장 앞 버스정류장에서 공장을 불법점거하면서 퇴거에 불응하던 □□노조○○자동차 지부 조합원공소외 00 등 6명이 기자회견 촬영 등을 이유로 공장 외부로 나오는 것을 발견하였다.",
            "경찰 대비 경력이 위 공소외 00 등의 신원 및 수배 여부 확인과 노조측과 사측의 격렬한 대립으로 인한 위험발생의 방지 및 범죄의 예방과 제지를 위해 상부의 지시를 기다리며 위 공소외 00 등 6명의 이동을 제한(고착관리)하고 있는 것을 보게 되었다.",
            "그러자 피고인은 변호사 신분증을 보이며 경찰들이 위 공소외 1 등을 막고 있는 이유를 대라고 소리치면서 경찰 대비 경력인 ▽▽▽전경대 소속 공소외 2 상경, 공소외 3 상경 등에게 욕설을 하고, 양손으로 방패를 잡아당기는 한편, 발로 위 대비 경력이 들고 있는 방패를 걷어찼다. ",
            "피고인은 그 후 위 대비 경력 현장 책임자로부터 위 공소외 1 등이 퇴거불응죄의 현행범인으로 체포되었다는 고지를 받았음에도 불구하고 현행범 체포가 부당하다며 전경들이 들고 있던 방패를 잡아당기고 몸으로 방패를 밀었다.",
            "이로써 피고인은 위 공소외 00에게 약 3주간의 치료를 요하는 우측견관절부염좌 등의 상해를, 위 공소외 00에게 약 6주간의 치료를 요하는 좌측수부제5수지중위지골기저부관절내골절을 각 가함과 동시에위 경찰관들의 현행범 체포에 관한 정당한 직무집행을 방해하였다.",
            "피고인은 ◇◇◇◇◇ ◇◇ ◇◇◇ ◇◇(이하 '◇◇'이라 한다)의 노동위원회 위원장이다.",
            "공소외 00은 □□노조○○자동차지부 대외협력실장, 공소외 00는 같은 지부 대외협력부장인데, 이들은 쌀과 부식의 공장 내 반입을 위해 경찰들과 협의를 하는 창구 역할을 담당하고 있었다.",
            "공소외 00은 □□노조○○자동차지부 교육부장, 공소외 00은 위 지부 교선실장, 공소외 00는 위 지부 편집부장인데, 이들은 2009. 6. 26. 10:30경 ○○자동차 주식회사가 ○○자동차 공장 밖에서 11:00에 개하는 기자회견을 취재하기 위해 버스승하차장 문을 통해 ○○자동차 공장 밖 버스승하차장으로 나와별지 사진 C 지점까지 약 20 내지 30미터 정도 걸어갔다.",
            "피고인이 위 6명을 발견한 시점부터 약 10분 정도가 지나도록 아무런 체포 이유 고지가 이루어지지 않자, 피고인은 변호사 신분증을 손에 든 채 전경대원들에게 체포이유가 무엇인지 물어보았고, 이때 빨간색 모자를 쓴 전경대원은 피고인 앞을 가로막았다.",
            "전경들과 전경대 지휘관들이 아무런 대답도 하지 않자, 피고인은 마주보고 있던 전경 한명의 방패를 세 차례 잡아당겼다(검사 제출 CD 2분 21초까지). 피고인은 계속하여 변호사 신분증을 높이 들고 체포 이유를 제시할 것을 큰 소리로 요구하였다.",
            "피고인은 전경대원들과의 대치상태에서 벗어나 차도를 건너 공소외 00 격대장이 있는 쪽으로 다가갔으나, 전경대원들이 피고인을 가로막았다. 썬글라스를 끼고 사복을 입은 경찰은 피고인에게 '회의중이니까. 비켜주세요. 조금만 기다리세요'라고 했다.",
            "피고인은 계속하여 변호사 신분증을 손에 든 채 책임자가 나올 것을 요구했다.",
            "피고인은 책임자와 이야기하겠다며 격대장이 있는 쪽으로 가려고 했고, 전경대원들은 피고인을 가로막았다. ",
            "피고인은 격대장이 있는 쪽으로 변호사 신분증을 내보이며, '이유를 얘기해야 할 것 아니냐'고 하다가, 전경대원들을 피해 격대장 앞으로 가서 변호사 신분증을 내보이며,격대장에게 '왜 잡아두고 있는지' 물었다.",
            "공소외 00 중대장은 전경대원들에 의해 둘러싸여져 있는 □□노조 조합원 6명의 주변에 가서, 어깨에 걸고 있던 확성기와 핸드마이크를 이용하여 '퇴거불응죄로 현행범으로 체포합니다. 여러분은 변호인을 선임할 수 있습니다'라고 말하고, 전경대원들에게 '자 체포해서 정문쪽으로 데리고 가자. 봉조. 세 명씩 잡어'라고 지시하였다(변호인 제출 CD 9분 58초경까지, 검사 제출 CD 3번 파일 7분 59초경까지).",
            "전경들이 □□노조 조합원들 중 3명의 양쪽 팔을 잡고 정문 쪽으로 데리고 가려 하자, 피고인은 다시길을 건너와 연행되는 조합원 중 가장 앞에 있던 공소외 00에게 다가가며 공소외 00의 옆에 있던 공소외11 중대장에게 '왜 잡아가, 왜 잡아가는거야'라고 항의하였다(검사 제출 CD 3번 파일 8분 20초경). 공소외 00 중대장은 '자 변호사 채증해'라고 하였고, 피고인은 변호사 신분증을 보이며 '이유가 뭐야'라고 항의하였다.",
            "피고인은 인도 쪽으로 가기 위해 변호사신분증을 내보이며 파란색 방패를 든 전경 쪽으로 가려고하였으나, 전경들에 막혀 진행하지 못하자, 길가에 주차된 승용차 옆에 있던 파란색 방패를 든 전경대원의 방패의 윗부분을 변호사 신분증을 들고 있는 오른손으로 잡고, 기자회견문을 들고 있던 왼손으로 다른 전경대원의 방패를 잡았다.",
            "그리고 양 손을 끌어내려 방패를 약 2초간 당기고 파란색 방패를 든 전경과그 옆에 있는 전경들을 묀었다(검사 제출 CD 3번 파일 9분 47초경). 그 무렵 전경대원들은 □□노조 조합원 3명을 둘러싼 채 승합차 쪽으로 연행하다가 사복을 입은 경찰들에게 인계하였다(변호인 제출 CD11분 42초경)",
            "이후 전경들은 대형을 갖추어 피고인, 공소외 00, 공소외 00을 비롯한 사람들을 ○○자동차 공장울타리 쪽으로 묀어내었다(검사 제출 CD 3번 파일 10분 51초경). ",
            "그 무렵 나머지 □□노조 조합원 3명도 승합차 쪽으로 연행되었다(변호인 제출 CD 13분 20초 무렵). 이러한 상태는 약 2분 30초간 지속되었고, 전경들의 압박이 풀어지자 밀려있던 사람들은 도로 쪽으로 나왔다(검사 제출 CD 3번 파일 13분 20초경).",
            "위 인정사실 (2) 내지 (7)항 기재와 같이 전경대원들이 방패를 들고 공소외 00, 공소외 00, 공소외 00,공소외 00, 공소외 00, 공소외 00를 둘러싸서 이동할 수 없도록 제한한 행위의 법적 성질에 대하여, 검사는 경찰관직무집행법 제2조, 제5조 제1항, 제6조 제1항을 근거로 들어 적법한 공무집행이었다고 주장한다.",
            "□□□□노동조합(이하 '□□노조'라고 한다) 위원장 공소외 00는 2009. 6. 22.경 ◇◇ 노동위원회에 '□□□□노동조합○○자동차지부 파업투쟁으로 인한 대량 연행자 발생시 신속한 변호사 접견이 이루어질 수 있도록 적절한 조치를 취해 줄 것을 부탁한다'는 내용의 요청을 하였다."
        ]
    },
    "dcss": {
        "courtDcss": [
            "위 부분 공소사실 기재는 그 기재 자체로 보아, 공소외 00 등 6명의 이동을 제한(고착관리)한 공무집행의 내용과 경위 및 그 적법성의 근거, 공소외 00 등 6명을 퇴거불응죄의 현행범인으로 체포한 공무집행의 일부 내용과 경위 및 그 적법성의 근거에 대한 기재이므로, 전체적으로 형사소송법 제254조 제3항제3호가 정하는 '공소사실'에 포함된다.",
            "법령이 요구하는 사항 이외에 공소장에 기재된 사실이 법관에게 예단을생기게 하여 법관이 범죄사실의 실체를 파악하는 데 장애가 될 수 있는지 여부를 기준으로 당해 사건에서 구체적으로 판단하여야 할 것인데(대법원 2009. 10. 22. 선고 2009도7436 판결 등 참조), 이 사건의경우 위와 같은 기재는 법관에게 어떠한 예단을 생기게 하여 법관이 범죄사실의 실체를 파악하는 데 장애가 된다고 보이지 아니한다.",
            "이 사건의 경우 피고인과 변호인은 변론종결 이전까지 공소장일본주의 위배 여부에 대하여 아무런 주장을 하지 않고 있다가, 변론이 종결된 이후인 2011. 10. 13.에야 변호인들이 공소장일본주의 위배의 점을 기재한 변론요지서를 제출하였으므로, 이 점에 관한 변호인들의 주장은 어느 모로 보나 이유 없다.",
            "이 사건의 경우, 공소사실 마지막 문단을 중심으로 하여 공소장에 기재된 공소사실의 전체적인 기재를 종합하면, 검사는 공소외 00와 공소외 00을 공무집행방해죄의 대상이 된 공무원들로 한정하고 이들의 공무집행이 방해된 것으로 특정하여 공소를 제기하였음이 분명하고, 따라서 공무집행방해죄의 공소사실이 특정되지 아니하였다고 볼 수 없다.",
            "따라서, 상해행위의 시점이 특정되지 않아 공소사실이 특정되지 아니하였다는 피고인과 변호인들의 주장은 이유 없어 받아들이지 아니한다.",
            "이 사건 공소사실에는 공무집행방해의 점이 포함되어 있는데, 형법 제136조가 규정하는 공무집행방해죄는 공무원의 직무집행이 적법한 경우에 한하여 성립하고, 여기서 적법한 공무집행은 그 행위가공무원의 추상적 권한에 속할 뿐 아니라 구체적 직무집행에 관한 법률상 요건과 방식을 갖춘 경우를 가리킨다(대법원 2000. 7. 4. 선고 99도4341 판결 등 참조).",
            "동일한 공무를 집행하는 여럿의 공무원에 대하여 폭행·협박 행위가 이루어진 경우에는 공무를 집행하는 공무원의 수에 따라 여럿의 공무집행방해죄가 성립한다(물론, 위와 같은 폭행·협박 행위가 동일한 장소에서 동일한 기회에 이루어진 것으로서 사회관념상 1개의 행위로 평가되는 경우에는 여럿의 공무집행방해죄는 상상적 경합의 관계에 있다고 할 것이다.",
            "공소장에는 피고인의 성명 기타 피고인을 특정할 수 있는 사항과 죄명, 공소사실, 적용법조를 기재하여야 하고 공소사실의 기재는 범죄의 일시, 장소, 방법 등 소인을 명시하여 사실을 특정할 수 있도록 하여야 함은, 공소의 제기는 법원에 대하여 심판의 대상을 한정하고 피고인에게 방어의 범위를 특정하여 그 방어권행사를 용이하게 하기 위하여 요구되는 것이다.",
            "형사소송법의 해석상 가능한 한 범죄의 일시, 장소, 방법은 명확하게 이를 특정할 수 있도록 기재하는 것이 바람직하다고 할 것이나, 이와같은 요구는 비록 소인의 특정에 필요한 것이 아니라고 하더라도 심리의 편의와 피고인의 방어를 위하여 그 최소한의 기재를 요구하고 있는 것이라고 풀이할 수 있다.",
            "따라서, 상해행위의 시점이 특정되지 않아 공소사실이 특정되지 아니하였다는 피고인과 변호인들의 주장은 이유 없어 받아들이지 아니한다.",
            "변호인은 공소외 00의 상해시점에 대한 진술이 위 인정사실 (6) 내지 (7) 시점에 대한 것이라는 전제하에, 여러 정황들에 비추어볼 때 공소외 00의 증언은 믿을 수 없다고 주장하나, 공소외 00의 증언 내용을 자세히 살펴보면, 공소외 00는 '고착'의 개념에서 단순히 둘러싸고 있는 상태는 제외한다.",
            "직접적인 신체적 접촉이 있는 경우만을 '고착'이라고 표현하면서 위 인정사실 (10) 기재 시점의 상해 사실에 대하여진술하고 있는 것으로 보이고, 위 인정사실 (10)항 기재에 관한 검사 제출의 CD의 동영상도 증인 공소외 00의 진술에 부합한다.",
            "피고인의 행위는 위 공소외 00 등 6명에 대한 불법 체포 및 연행행위를 제지하는 과정에서 위 6명의 신체의 자유에 대한 부당한 침해를 방위하기 위한 행위로서 사회적으로상당한 것으로 인정된다"
        ]
    },
    "close": {
        "cnclsns": [
            "이 사건 공소사실 중 공소외 00, 공소외 00에 대한 각 상해의 점에 관한 피고인의 행위는 형법 제21조 제1항의 정당방위에 대항하여 범죄로 되지 아니하므로 각 상해의 점에 대하여는 형사소송법 제325조 전단에 의하여 무죄를 선고하고, 각 공무집행방해의 점은 범죄의 증명이 없는 경우에 해당하므로 형사소송법 제325조 후단에 의하여 무죄를 선고하며, 형법 제58조 제2항에 따라 피고인에 대한 무죄판결의 요지를 공시한다."
        ]
    }
}