{
    "info": {
        "caseField": "2",
        "detailField": "6",
        "trailField": "1",
        "caseNm": "폭력행위등처벌에관한법률위반(공동상해)",
        "courtNm": "대구지방법원",
        "judmnAdjuDe": "2010. 05. 04.",
        "caseNo": "2009고단689",
        "relateLaword": [
            "폭력행위등처벌에관한법률 제2조",
            "형법 제257조",
            "형법 제62조"
        ],
        "qotatPrcdnt": []
    },
    "concerned": {
        "acusr": "4",
        "dedat": "1"
    },
    "org": {
        "orgJdgmnCourtNm": "",
        "orgJdgmnAdjuDe": "",
        "orgJdgmnCaseNo": ""
    },
    "disposal": {
        "disposalform": "6",
        "disposalcontent": [
            "피고인 1을 징역 6월에, 피고인 2를 징역 4월에 각 처한다.",
            "다만, 피고인 2에 대하여는 이 판결 확정일로부터 2년간 위 형의 집행을 유예한다."
        ]
    },
    "mentionedItems": {
        "rqestObjet": [
            "피고인 1을 징역 6월에, 피고인 2를 징역 4월에 각 처한다."
        ]
    },
    "assrs": {
        "acusrAssrs": [],
        "dedatAssrs": []
    },
    "facts": {
        "bsisFacts": [
            "피고인들은 2008.10.5.05:10경 0000에 있는 호프식당앞 길에서 술에 취한 피해자 00(남,24세)가 피고인들 일행에게 시비를 걸고 일행인 00의 얼굴을 주먹으로 때리자 이에 시비가 되어 위 00는 피해자의 얼굴을 주먹으로 1회 때렸다.",
            "피고인 1은 주먹으로 피해자의 얼굴을 수 회 때리고 피고인 2는 이에 가세하여 주먹으로 피해자의 얼굴을 수 회 때리고 멱살을 잡아 밀고 당겼다. ",
            "피고인 1은 계속하여 옆 건물로 도망가는 피해자를 뒤쫓아가 주먹으로 피해자의 얼굴을 재차 수회 때렸다.",
            "피고인들은 위와 같이 위 00과 공동하여 피해자에게 약 10주간의 치료를 요하는 외상성 망막 박리상 등을 가하였다."
        ]
    },
    "dcss": {
        "courtDcss": [
            "술에 취한 피해자가 먼저 피고인들의 일행에게 시비를 걸어 이 사건이 발생하게 되었던 점은 피고인들에게 유리한 정상으로 볼 수 있다.",
            "피해자가 피고인들의 폭력행사로 인하여 실명이라는 영구장애를 입게 되어 그 피해 결과가 매우 중하다.",
            "피고인 1은 폭행을 피해 도망가는 피해자를 쫓아가 재차 폭력을 행사하여 그 죄질이나 범정도 불량하다.",
            "피고인들은 이 사건이 사건발생 이후 피해자가 합의서를 손괴하였다는 이유로 형사고소를 하려는 등 자신들의 잘못을 뉘우치는 모습을 보이고 있지도 않아 범행 후의 정황 역시 나쁘다.",
            "피고인들의 죄책에 상응하는 형벌은 징역형이라 할 것이므로 피고인들의 각 죄질 및 범정을 비교 형량하여 피고인 1에게는 실형을 선고하고 피고인 2에게는 징역형의 집행을 유예하되 피고인 1의 연령과 학생의 신분 및 향후 피해자와의 합의 가능성을 참작하여 위 피고인을 법정 구속하지는 아니한다."
        ]
    },
    "close": {
        "cnclsns": [
            "피고인 1을 징역 6월에 피고인 2를 징역 4월에 각 처한다",
            "피고인 2에 대하여는 이 판결 확정일로부터 2년 간 위 형의 집행을 유예한다."
        ]
    }
}