{
    "info": {
        "caseField": "2",
        "detailField": "6",
        "trailField": "1",
        "caseNm": "사기,전자금융거래법위반",
        "courtNm": "인천지방법원 부천지원",
        "judmnAdjuDe": "2009. 12. 22.",
        "caseNo": "2009고단1853",
        "relateLaword": [
            "형법 제347조",
            "전자금융거래법 제49조",
            "전자금융거래법 제6조",
            "형법 제37조 ",
            "형법 제38조",
            "형법 제50조",
            "형법 제48조"
        ],
        "qotatPrcdnt": []
    },
    "concerned": {
        "acusr": "4",
        "dedat": "1"
    },
    "org": {
        "orgJdgmnCourtNm": "",
        "orgJdgmnAdjuDe": "",
        "orgJdgmnCaseNo": ""
    },
    "disposal": {
        "disposalform": "6",
        "disposalcontent": [
            "피고인을 징역 8월에 처한다.",
            "압수된 증 제1, 2, 3호를 피고인으로부터 몰수한다."
        ]
    },
    "mentionedItems": {
        "rqestObjet": [
            "피고인은 총 35회에 걸쳐 피해자들로부터 합계 3,590,000원(거래내역서에 의하면 피해자 공소외 4 로부터 60,000원을 송금받은 사실이 인정되나 검사가 50,000원 부분에 대하여만 기소하였으므로 그 부분만 인정한다)의 금품을 각각 교부받았다.",
            "피고인은 2009. 9. 23.경 0000 이하 주소를 알 수 없는 거리에서 피고인의 명의로 된 000 ( 계좌번호 1 생략 )통장과 연계된 현금카드와 비밀번호를 6만 원을 받고 성명을 알 수 없는 사람에게 건네줌으로써 전자금융거래 접근매체를 양도하였다.",
            "피고인은 반환청구를 할 수 있는 권한이 없음에도 마치 자신이 예금채권에 대한 정당한 권리자인양 행세하며 위 은행의 성명을 알 수 없는 직원에게 피고인의 신분증을 제시하면서  통장을 해지할 것이니 통장에 입금된 돈을 달라. 는 취지로 거짓말을 해 위 직원을 기망하여 피해자 000 소유의 재물을 교부받았다."
        ]
    },
    "assrs": {
        "acusrAssrs": [],
        "dedatAssrs": []
    },
    "facts": {
        "bsisFacts": [
            "피고인은 2009.8.10.인터넷 000 '중고나라' 사이트에 피해자 공소외 3 이 0 스트랩을 구매한다고 게시한 글을 보고 피해자에게 전화를 하여 피고인의 계좌로 25,000원을 입금하면 물품을 보내주겠다고 거짓말 하였다.",
            "그러나 사실은 피해자로부터 대금을 받더라도 물품을 보내줄 의사나 능력이 없었다.피고인은 이와 같이 피해자를 기망하여 물품대금 명목으로 피고인의 000계좌(계좌번호 2 생략)로 25,000원을 송금 받았다.",
            "피고인은 이를 포함하여 위와 같은 방법으로 별지 범죄일람표와 같이 총 35회에 걸쳐 피해자들로부터 합계 3,590,000원(거래내역서에 의하면 피해자 공소외 4로부터 60,000원을 송금받은 사실이 인정되나 검사가 50,000원 부분에 대하여만 기소하였으므로 그 부분만 인정한다)의 금품을 각각 교부받았다.",
            "누구든지 접근매체를 사용 및 관리함에 있어서는 다른 법률에 특별한 규정이 없는 한 접근매체를 양도하거나 양수하는 행위를 하여서는 아니 된다.",
            "그럼에도 불구하고 피고인은 2009.9.23.경 0000 이하 주소를 알 수 없는 거리에서 피고인의 명의로 된 000 (계좌번호 1 생략)통장과 연계된 현금카드와 비밀번호를 6만 원을 받고 성명을 알수 없는 사람에게 건네주었다.",
            "이로써 피고인은 전자금융거래 접근매체를 양도하였다.",
            "피고인은 2009.10.6.경 위 제2항의 성명을 알 수 없는 사람이 위 제2항의 000 통장을 이용하여 공소외 1과 공소외 2로부터 편취한 금원이 입금되어 있는 사실을 확인하였다.",
            "피고인은 2009.10.7.0000 (이하 생략)에 있는 000 0000 지점에서 위 공소외 1과 공소외 2로부터 송금된 돈 20만 원에 대하여 정당한 예금채권자로서 반환청구를 할 수 있는 권한이 없음에도 마치 자신이 예금채권에 대한 정당한 권리자인양 행세하며 위 은행의 성명을 알 수 없는 직원에게 피고인의 신분증을 제시하면서 \"통장을 해지할 것이니 통장에 입금된 돈을 달라.\" 는 취지로 거짓말 하였다.",
            "피고인은 이에 속은 위 직원으로부터 그 자리에서 예금인출금 명목으로 20만 원을 교부받았다.",
            "이로써 피고인은 위 직원을 기망하여 피해자 000 소유의 재물을 교부받았다."
        ]
    },
    "dcss": {
        "courtDcss": [
            "피고인은 사기죄 및 절도죄로 수회 벌금형의 처벌을 받은 전력이 있는데도, 다시 불특정 다수를 대상으로 하는 이 사건 각 사기 범행을 저질렀고, 더구나 일부 사기 범행은 수사기관의 조사를 받고 있는 상황에서 저지른 범행으로서 그 죄질이 좋지 아니하다.",
            "위와 같은 사정에다가 피고인의 연령, 성행, 건강상태, 가정환경 등의 제반 양형의 사유를 참작하여 주문과 같이 형을 정한다."
        ]
    },
    "close": {
        "cnclsns": [
            "피고인을 징역 8월에 처한다.",
            "압수된 증 제1, 2, 3호를 피고인으로부터 몰수한다."
        ]
    }
}