{
    "info": {
        "caseField": "2",
        "detailField": "6",
        "trailField": "1",
        "caseNm": "(분리)사기",
        "courtNm": "부산지방법원",
        "judmnAdjuDe": "2010. 03. 23.",
        "caseNo": "2009고단6428",
        "relateLaword": [
            "형법 제347조",
            "형법 제30조",
            "형법 제37조",
            "형법 38조",
            "형법 제50조",
            "형법 제48조"
        ],
        "qotatPrcdnt": []
    },
    "concerned": {
        "acusr": "4",
        "dedat": "1"
    },
    "org": {
        "orgJdgmnCourtNm": "",
        "orgJdgmnAdjuDe": "",
        "orgJdgmnCaseNo": ""
    },
    "disposal": {
        "disposalform": "6",
        "disposalcontent": [
            "피고인을 징역 1년 6월에 처한다.",
            "압수된 증 제2 내지 5호를 각 몰수한다."
        ]
    },
    "mentionedItems": {
        "rqestObjet": [
            "피고인을 징역 1년 6월에 처한다.",
            "압수된 증 제2 내지 5호를 각 몰수한다."
        ]
    },
    "assrs": {
        "acusrAssrs": [],
        "dedatAssrs": []
    },
    "facts": {
        "bsisFacts": [
            "피고인은 1991. 3. 13. 의사 면허를 취득한 의사이다.",
            "2008. 5. 7.경부터 0000에 있는 건물 2층에서 의사 00 명의로 ㅁ의원을 개설하여 직접 진료하고 있다.",
            "2008.10. 중순경부터 0000에 있는 건물 3층에서 관리의사 00 명의로 ㅁ 의원을 개설하여 00를 임시 원무과장으로 근무하게 했다.",
            "2009. 4. 28.경부터 2009. 7. 30.경까지 0000에 있는 건물 2층에서 ㅁ 명의로 ㅁ 의원을 개설하여 의사 00과 00를 관리의사로, 00를 원무과장으로 근무하게 하였다.",
            "00는 2009. 4. 28.경부터 2009. 7. 30.경까지 피고인에게 고용되어 위 ㅁ 의원에서 원무과장으로 근무하였다.",
            "피고인과 00는 위 ㅁ 의원의 비만관리실 상담실장인 00, 000의 보험설계사인 00과 00 등을 환자모집인으로 고용한 후 그들을 통해 소개받은 환자들로 하여금 그들이 마치 질병으로 수술하거나 또는 입원한 것처럼 가장하여 피고인과 00는 건강보험관리공단으로부터 요양급여를, 환자들은 그들이 가입한 민간 보험사로부터 보험금을 지급받기로 공모하였다.",
            "피고인은 2009. 4.경 위 ㅁ 의원에서, 00에게 '00나 00가 환자를 데리고 오면 그 사람들이 마치 수술하거나 입원한 것처럼 허위의 진단서나 입,퇴원확인서를 작성하여 진료비 청구 근거서류를 만들고, 그 서류들을 건강보험관리공단에 제출하여 진료비 중 환자부담금을 제외한 나머지 금액을 요양급여 명목으로 받을 수 있도록 하라' 는 취지로 지시하였다.",
            "그리고  00는 그 무렵 위 ㅁ 의원에서, 00에게 00를 환자로 소개하고, 00는 2009. 5. 28.경 위 ㅁ 의원의 관리의사 00가 마치 00를 2009. 4. 28.경부터 2009. 5. 28.경까지 위 ㅁ 의원에서 류마티스 관절염 등으로 입원 치료를 한 것처럼 가장하여 건강보험관리공단의 전산시스템을 통해 요양급여의 지급을 청구하여 이에 속은 건강보험관리공단으로부터 그 무렵 요양급여 명목으로 849,560원을 송금받았다.",
            "피고인은 이를 비롯하여 00, 00, 00, 00 등 환자들과 공모 또는 순차 공모하여 2008. 11. 2.경부터 2009. 8. 21.경까지 위 의원, ㅁ 의원, ㅁ의원에서 별지 범죄일람표(생략)에 기재된 것과 같이 수술 또는 입원을 가장하여 건강보험관리공단의 전산시스템을 통해 요양급여의 지급을 청구하여 이에 속은 건강보험관리공단으로부터 요양급여 명목으로 총 109회에 걸쳐 합계 51,660,730원을 지급받았다.",
            "피고인은 2009. 4.경 위 ㅁ 의원에서, 00에게 '00나 00가 환자를 데리고 오면 그 사람들이 마치 수술하거나 입원한 것처럼 허위의 진단서나 입·퇴원확인서를 작성하여 진료비 청구 근거서류를 만들고, 그 서류들을 환자들한테 교부하여 그 사람들로 하여금 그들이 가입한 보험회사에 이를 제출하도록 하여 보험금을 받을 수 있도록 하고, 우리 병원은 그 환자들로부터 수수료 명목으로 돈을 받기로 하자'는 취지로 지시하였다.",
            "그리고  00는 그 무렵 위 ㅁ 의원에서, 00에게 00를 환자로 소개하고, 00는 2009. 5. 28.경 위 ㅁ 의원의 관리의사 00가 마치 00를 2009. 4. 28.경부터 2009. 5. 28.경까지 위 ㅁ 의원에서 류마티스 관절염 등으로 입원 치료를 한 것처럼 허위의 진단서 등을 조작하여 이를 00에게 교부하고, 00는 그 무렵 000에 보험금의 지급을 청구하여 이에 속은 000로부터 그 무렵 보험금 명목으로 900,776원을 송금받았다.",
            "피고인은 이를 비롯하여 00, 00, 00, 00 등 환자들과 공모 또는 순차 공모하여 2009.1.14.경부터 2009.9.23.경까지 위 ㅁ 의원, ㅁ 의원, ㅁ의원에서 별지 범죄일람표(생략)에 기재된 것과 같이 수술 또는 입원을 가장하여 환자들로 하여금 000 등에 보험금의 지급을 청구하도록 하여 이에 속은 000 등으로부터 보험금 명목으로 총 58회에 걸쳐 합계 154,573,335원을 지급받았다."
        ]
    },
    "dcss": {
        "courtDcss": [
            "피고인을 징역 1년 6월에 처한다.",
            "압수된 증 제2 내지 5호를 각 몰수한다."
        ]
    },
    "close": {
        "cnclsns": [
            "피고인을 징역 1년 6월에 처한다.",
            "압수된 증 제2 내지 5호를 각 몰수한다."
        ]
    }
}