{
    "info": {
        "caseField": "2",
        "detailField": "6",
        "trailField": "2",
        "caseNm": "폭력행위등처벌에관한법률위반(집단,흉기등상해)(인정된죄명:상해),폭력행위등처벌에관한법률위반(집단,흉기등재물손괴등)(인정된죄명:재물손괴),재물손괴",
        "courtNm": "춘천지방법원",
        "judmnAdjuDe": "2010. 07. 16.",
        "caseNo": "2010노136",
        "relateLaword": [
            "폭력행위등처벌에관한법률 제3조 ",
            "형사소송법 제325조 ",
            "형법 제257조 ",
            "형법 제366조 ",
            "형사소송법 제364조 "
        ],
        "qotatPrcdnt": [
            "대법원 2009. 3. 26. 선고 2007도3520 판결 "
        ]
    },
    "concerned": {
        "acusr": "4",
        "dedat": "1"
    },
    "org": {
        "orgJdgmnCourtNm": "춘천지방법원 영월지원",
        "orgJdgmnAdjuDe": "2010. 2. 9.",
        "orgJdgmnCaseNo": "2009고단436 판결"
    },
    "disposal": {
        "disposalform": "9",
        "disposalcontent": [
            "원심판결을 파기한다.",
            "피고인을 벌금 5,000,000원에 처한다.",
            "피고인이 위 벌금을 납입하지 아니하는 경우 50,000원을 1일로 환산한 기간 피고인을 노역장에 유치한다.",
            "위 벌금에 상당한 금액의 가납을 명한다."
        ]
    },
    "mentionedItems": {
        "rqestObjet": [
            "원심이 피고인에 대하여 선고한 형은 너무 무거워서 부당하다.",
            "피고인은 위험한 물건인 자동차를 이용하여 피해자를 폭행하고, 계속하여 주먹으로 피해자를 폭행하여 피해자에게 약 3주간의 치료를 요하는 경추부 염좌 등을 가함과 동시에 피해차량을 수리비 약 340만 원이 들도록 손괴하였다."
        ]
    },
    "assrs": {
        "acusrAssrs": [],
        "dedatAssrs": [
            "피고인의 이 사건 자동차 운행으로 인하여 사회통념상 상대방이나 제3자가 생명 또는 신체에 위험을 느꼈다고 보기 어려우므로 피고인의 이 사건 범행이 폭력행위등처벌에관한법률 제3조 제1항 소정의 위험한 물건을 휴대하여 피해자에게 상해를 가하거나 피해자 소유 차량을 손괴한 것이라고 볼 수 없음에도, 원심은 사실을 오인하고 법리를 오해하여 이 부분 공소사실에 대하여 유죄를 인정하였으므로, 판결에 영향을 미친 위법이 있다.",
            "원심이 피고인에 대하여 선고한 형(징역 1년 6월)은 너무 무거워서 부당하다."
        ]
    },
    "facts": {
        "bsisFacts": [
            "피고인은 피해자와 사이에 운전 중 발생한 시비로 한차례 다툼이 벌어진 직후 피해자가 계속하여 피고인의 차량을 뒤따라온다고 보고 순간적으로 화가 나 피해자에게 겁을 주기 위하여 자신의 차량을 후진하여 진행하던 중 피해자의 차량과 충돌하였다.",
            "피해자는 당심 법정에서 사건 발생 당시 피고인 운전의 차량과 자신의 차량 사이의 거리가 4-5m 가량 되었다고 진술하였다.",
            "피고인의 이 사건 범행 당시 피고인 운전의 차량에는 피고인의 처와 어린 자녀들이 동승하고 있었다.",
            "사고 당시 피해자에게 별다른 외상이 없었고, 피해자가 제출한 상해진단서에 의하더라도 피해자는 약 3주간의 치료를 요하는 경추부염좌의 상해를 입은데 불과했다."
        ]
    },
    "dcss": {
        "courtDcss": [
            "피고인은 피해자와 사이에 운전 중 발생한 시비로 한차례 다툼이 벌어진 직후 피해자가 계속하여 피고인의 차량을 뒤따라온다고 보고 순간적으로 화가 나 피해자에게 겁을 주기 위하여 자신의 차량을 후진하여 진행하던 중 피해자의 차량과 충돌한 것으로서, 피고인이 자동차를 위험한 물건으로 적극적으로 사용하여 피해자에게 상해를 가하거나 피해차량을 손괴할 의도가 있었다고 단정하기는 어려운 점이 인정된다.",
            "피해자는 당심 법정에서 사건 발생 당시 피고인 운전의 차량과 자신의 차량 사이의 거리가 4-5m 가량 되었다고 진술하고 있는바, 피고인 운전의 차량이 일단 정차했다가 4~5m 정도의 거리를 후진하여 피해차량을 들이받은 것이라면 피고인 운전의 차량 속도가 그다지 빠른 편이 아니었으리라 보이는 점이 인정된다.",
            "이 사건 피해차량은 SUV차량으로서 피고인 운전의 승용차량보다 차체가 높고 커 피고인의 이 사건 범행으로 인하여 피해차량이 받았을 충격의 정도가 크다고 단정하기 어렵고, 두 차량의 파손 정도가 그리 심하지 않았다.",
            "또한 피고인의 이 사건 범행 당시 피고인 운전의 차량에는 피고인의 처와 어린 자녀들이 동승하고 있었는바, 이러한 상황에서 피고인이 피해차량에 상당한 충격을 가할 정도의 빠른 속도로 운전을 하여 차량을 들이받지는 않았으리라 보이는 점이 인정된다.",
            "사고 당시 피해자에게 별다른 외상이 없었고, 피해자가 제출한 상해진단서에 의하더라도 피해자는 약 3주간의 치료를 요하는 경추부염좌의 상해를 입은데 불과하며, 피해자 스스로도 피고인의 이 사건 범행으로 인하여 상해 부위가 아파서 병원에 간 것이 아니라 맞은 것이 분하고 진단서가 필요하여 진료를 받은 것이라고 말하고 있는 점이 인정된다.",
            "사회통념에 비추어 피고인의 위와 같은 차량 운행으로 인하여 피해자나 제3자가 곧 생명 또는 신체에 위험성을 느꼈으리라고는 보여지지 아니하므로, 검사 제출의 모든 증거를 종합하더라도 피고인의 위 승용차 이용행위를 폭력행위등처벌에관한법률 제3조 제1항 소정의 위험한 물건을 휴대한 것이라고 단정하기 어렵다 할 것이고, 달리 이를 인정할 증거가 없다."
        ]
    },
    "close": {
        "cnclsns": [
            "그렇다면, 피고인의 이 사건 항소는 이유 있으므로 양형부당 주장에 관한 판단을 생략한 채 형사소송법 제364조 제6항에 의하여 원심판결을 파기하고 변론을 거쳐 다시 다음과 같이 판결한다."
        ]
    }
}