{
    "info": {
        "caseField": "2",
        "detailField": "6",
        "trailField": "1",
        "caseNm": "강간치사,성폭력범죄의처벌등에관한특례법위반(특수강도강간등)(인정된죄명:공갈,아동,청소년의성보호에관한법률위반(강간등)),특수절도",
        "courtNm": "서울중앙지방법원 ",
        "judmnAdjuDe": "2010. 10. 15.",
        "caseNo": "2010고합815,1303",
        "relateLaword": [
            "형법 제30조 ",
            "형법 제297조 ",
            "형법 제298조 ",
            "형법 제300조 ",
            "형법 제334조 ",
            "형법 제350조",
            "아동,청소년의 성보호에 관한 법률 제7조",
            "성폭력범죄의 처벌 등에 관한 특례법 제3조 ",
            "성폭력범죄의 처벌 등에 관한 특례법 제14조",
            "형사소송법 제298조",
            "형법 제15조 ",
            "형법 제301조",
            "형법 제331조 ",
            "소년법 제2조 ",
            "소년법 제60조",
            "형법 제55조  ",
            "형법 제37조 ",
            "형법 제38조 ",
            "형법 제50조 ",
            "아동,청소년의 성보호에 관한 법률 제13조"
        ],
        "qotatPrcdnt": [
            "대법원 1985. 3. 26. 선고 84도2956 판결",
            "대법원 2001. 3. 23. 선고 2001도359 판결",
            "대법원 2004. 10. 28. 선고 2004도4437 판결",
            "대법원 2004. 8. 20. 선고 2004도2870 판결",
            "대법원 1988. 4. 12. 선고 88도178 판결",
            "대법원 1993. 4. 27. 선고 92도3229 판결"
        ]
    },
    "concerned": {
        "acusr": "4",
        "dedat": "1"
    },
    "org": {
        "orgJdgmnCourtNm": "",
        "orgJdgmnAdjuDe": "",
        "orgJdgmnCaseNo": ""
    },
    "disposal": {
        "disposalform": "6",
        "disposalcontent": [
            "피고인을 징역 장기 2년, 단기 1년 6월에 처한다.\n",
            "피고인에게 120시간의 성폭력 치료프로그램 이수를 명한다.\n",
            "압수된 000 발행 오천원권 지폐 1매(증 제2호)를 피해자 공소외 1의 상속인들에게 환부한다."
        ]
    },
    "mentionedItems": {
        "rqestObjet": [
            "피고인(15세)이 공범 갑과 어린 학생들을 상대로 금품을 빼앗을 것을 공모한 후, 길에서 만난 을(여, 14세)을 인근 아파트로 유인한 다음 갑으로 하여금 밖에서 기다리게 한 후 을을 위 아파트 23층에 있는 엘리베이터 기계실 앞으로 데리고 가 지갑을 강취하였고, 곧이어 을을 강간하려 하였으나 을이 반항하여 미수에 그쳤다.",
            "피고인(15세)이 인근 아파트 23층에 있는 엘리베이터 기계실 앞에서 을(여, 14세)을 강간하려다 미수에 그친 후 계단을 내려가면서 자리를 비우자, 위 강간미수 범행으로 인해 공포에 휩싸인 을이 피고인이나 공범 갑에 의한 추가 강간피해를 모면하기 위하여 위 23층 창문을 열고 뛰어내림으로써 을을 사망에 이르게 하였다."
        ]
    },
    "assrs": {
        "acusrAssrs": [],
        "dedatAssrs": [
            "피고인은, 위와 같이 피해자를 추행한 후 그곳에서 자위행위를 하였을 뿐이고, 자위행위 이후 피고인이 위 아파트 111동 23층 엘리베이터 기계실 앞을 떠날 때 피해자는 화가 난 듯 고개를 숙이고는 있었지만 울고 있지도 않았으므로, 피고인은 자신이 위 기계실 앞을 떠난 후 피해자가 위 아파트 23층에서 창문을 넘어 뛰어내려 사망할 것을 전혀 예견할 수 없었다는 취지로 변소하고 있다."
        ]
    },
    "facts": {
        "bsisFacts": [
            "피고인은 2010.5.5.18:00경 0000 (이하 생략)에 있는 자신의 집에서, 가출해서 이틀 전부터 자신의 집에 함께 머무르던 공소외 2와 인적이 드문 골목길을 지나가는 어린 학생들을 상대로 금품을 빼앗을 것을 공모한 다음, 0000에 있는 지하철 7호선 0 근처 골목길에서 그 대상을 물색하였다.",
            "2010.5.5.21:00경 마침 그곳을 지나가던 피해자 공소외 1(여, 14세)을 발견하고, 공소외 2는 피해자에게 \"야, 너 이리 와 봐.\" 라고 말하여 불러 세우고, 피고인은 그곳에서 약 30m 떨어진 골목길로 피해자를 데리고 갔다.",
            "그런 다음 피해자에게 \"우리 오토바이가 없어졌거든.그 오토바이를 훔친 애들이 달아날 때 사진을 찍었는데, 그 오토바이 뒤쪽에 앉아있던 여자애가 너랑 똑같이 생겼다.내 친구가 사진을 가지고 있으니 따라와라.\" 라고 말했다.",
            "그 말을 믿은 피해자를 데리고 가면서 피해자가 신고를 할 수 없도록 휴대전화를 빌려달라는 명목으로 피해자로부터 휴대전화를 건네받아 이를 소지한 채로 그곳에서 약 1.5㎞ 떨어진 0000 앞까지 약 20분간 함께 걸어갔다.",
            "피고인은 같은 날 21:37경 위 0000 앞길에 도착한 다음 공소외 2에게 위 아파트 1층 밖에서 기다리라고 말을 하여 공소외 2로 하여금 0000 앞에서 기다리게 한 후, 친구로부터 이미 들어 알고 있던 아파트 비밀번호를 누르고 피해자와 함께 위 아파트 안으로 들어가 엘리베이터를 타고 20층에서 내린 다음 비상계단을 이용하여 위 아파트 23층에 있는 엘리베이터 기계실 앞으로 데리고 갔다.",
            "위 기계실은 아파트 주민들이 이용하지 않고 아파트 관리실 관계자들만이 출입하는 곳이고, 21층 방화문을 열고 들어가도록 되어 있는 곳으로, 피고인의 말처럼 사진을 가지고 있는 친구가 없다는 사실을 알게 된 피해자가 그곳을 나가려고 하자 피고인은 이를 제지하면서 피해자에게 \"너 돈 있지, 돈 좀 빌려줘\" 라고 말하여 야간에 인적이 없는 어둡고 낯선 장소에서 겁을 먹은 피해자로부터 5,600원이 들어있는 지갑을 빼앗아 이를 갈취하였다.",
            "피고인은 제1항 기재와 같이 0 부근에서 위 0000으로 피해자 공소외 1(여, 14세)을 유인해 오면서부터 피해자를 추행할 마음을 먹고 있던 중, 위 아파트 0000 엘리베이터 기계실 앞에서 제1항 기재와 같이 피해자로부터 지갑을 빼앗은 이후에, 손으로 피해자의 목 부위를 잡아당기고 오른팔로 피해자의 팔을 잡아당긴 후 강제로 수회 키스했다.",
            "피해자가 아프다고 하면서 몸을 비틀어 빠져나가려고 하자 도망가지 못하게 피해자를 붙잡은 후 피해자가 입고 있던 상의 브래지어 안에 손을 집어넣어 피해자의 가슴을 잡아 주무르고, 손으로 피해자가 입고 있던 청반바지 단추를 풀고 바지 지퍼를 강제로 내린 후 팬티 속에 손을 넣고, 손가락을 피해자의 성기 안에 집어넣자 피해자가 아프다고 하며 계속 반항하였음에도 계속하여 피해자의 성기에 손가락을 집어넣었다.",
            "피고인은 친구인 공소외 3, 4와 합동하여, 2009.11.17.03:00경부터 03:30경 사이에 0000 (이하 생략)에 있는 피해자 공소외 5가 운영하는 0 식당에 이르러, 그곳 출입문을 손괴한 후 식당 내로 침입하여 그곳 계산대 위에 있는 간이철제금고와 그 안에 들어있는 현금 2만 원 상당 및 냉장고 안에 들어있는 맥주 약 10병을 절취하였다."
        ]
    },
    "dcss": {
        "courtDcss": [
            "피고인은 15세의 소년으로서 2009.12.경 특수절도죄로 소년보호처분을 받은 적이 있으나 형벌을 받은 전력은 없고, 이 사건 각 범행을 모두 인정하며 그 잘못을 뉘우치고 있는 점, 이 사건 공갈 및 특수절도 범행의 각 피해액이 비교적 경미한 점, 피고인이 특수절도 범행의 피해자 공소외 5와는 원만히 합의한 점 등 피고인에게 참작할 만한 사정도 있다.",
            "이 사건 아동·청소년의 성보호에 관한 법률 위반(강간등)범행의 죄책이 가볍지 않은 점, 비록 아래 무죄부분에서 설시하는 바와 같이 피고인에게 강간의 고의 및 피해자의 사망에 대한 예견가능성이 없어 강간치사죄가 성립하지는 아니하나, 피고인이 저지른 이 사건 아동·청소년의 성보호에 관한 법률 위반(강간등)범행으로 인하여 크나큰 정신적 충격을 받은 피해자 공소외 1이 위 범행 직후 위 아파트 23층에서 뛰어내려 사망한 점이 인정된다.",
            "피고인 측과 피해자 공소외 1의 유족들 사이에 합의가 이루어지지도 않은 점 등 피고인에게 불리한 사정을 아울러 고려하고, 그밖에 이 사건 공판과정에 나타난 피고인의 성행, 가정환경, 이 사건 각 범행의 경위, 수단과 방법, 범행 후의 정황 등 모든 양형의 조건을 참작하여, 주문과 같이 형을 정한다."
        ]
    },
    "close": {
        "cnclsns": [
            "피고인을 징역 장기 2년, 단기 1년 6월에 처한다.",
            "피고인에게 120시간의 성폭력 치료프로그램 이수를 명한다.",
            "압수된 000 발행 오천원권 지폐 1매(증 제2호)를 피해자 공소외 1의 상속인들에게 환부한다."
        ]
    }
}