{
    "info": {
        "caseField": "2",
        "detailField": "6",
        "trailField": "1",
        "caseNm": "성폭력범죄의처벌및피해자보호등에관한법률위반(13세미만미성년자강간등)",
        "courtNm": "수원지방법원 \n",
        "judmnAdjuDe": "2010. 08. 25.",
        "caseNo": "2010고합291",
        "relateLaword": [
            "형사소송법 제308조 ",
            "구 성폭력범죄의 처벌 및 피해자보호 등에 관한 법률(2010. 4. 15. 법률 제10258호 성폭력범죄의 피해자보호 등에 관한 법률로 개정되기 전의 것) 제8조",
            "형법 제305조",
            "형법 제298조 ",
            "구 아동,청소년의 성보호에 관한 법률(2010. 4. 15. 법률 제10260호로 개정되기 전의 것) 제38조",
            "형법 제62조  ",
            "형법 제53조 ",
            "형법 제55조",
            "형법 제37조  ",
            "형법 제38조 ",
            "형법 제50조 "
        ],
        "qotatPrcdnt": [
            "대법원 2006. 10. 26. 선고 2005다61027 판결",
            "대법원 2008. 7. 10. 선고 2006도2520 판결",
            "대법원 2004. 5. 28. 선고 2004도1462 판결",
            "대법원 2008. 6. 26. 선고 2008도2839 판결"
        ]
    },
    "concerned": {
        "acusr": "4",
        "dedat": "1"
    },
    "org": {
        "orgJdgmnCourtNm": "",
        "orgJdgmnAdjuDe": "",
        "orgJdgmnCaseNo": ""
    },
    "disposal": {
        "disposalform": "8",
        "disposalcontent": [
            "피고인을 징역 1년 6월에 처한다.\n\n",
            "다만, 이 판결 확정일부터 2년간 위 형의 집행을 유예한다.\n\n",
            "피고인에 대하여 40시간의 알코올치료강의 수강을 명한다.\n\n",
            "피고인에 대한 정보를 2년간 공개한다.\n\n"
        ]
    },
    "mentionedItems": {
        "rqestObjet": [
            "피고인이 언니와 함께 가게를 보고 있던 11세 아동 갑(여)에게 너 참 예쁘다. 아저씨가 용돈 줄게라고 말하며 1,000원을 준 후 얼굴을 쓰다듬고 팔로 어깨를 감싸안으며 뺨과 이마에 뽀뽀를 하여 위력으로써 추행하고, 1시간 30분 후 다시 가게에 들어와 갑에게 언니 눈치 보지 마라 내가 니 맘을 다 안다라고 말하며 어깨를 감싸안고, 팔을 어루만지고 어깨를 쓰다듬어 위력으로써 추행을 하였다."
        ]
    },
    "assrs": {
        "acusrAssrs": [],
        "dedatAssrs": []
    },
    "facts": {
        "bsisFacts": [
            "피고인은 2010.2.28.22:00경 0000 (이하 생략)에 있는 '0' 내에서 언니 공소외 1과 함께 가게를 보고 있던 13세 미만인 피해자 공소외 2(여, 11세)에게 \"너 참 예쁘다.아저씨가 용돈 줄게.\" 라고 말하며 1,000원을 준 후, 피해자의 얼굴을 쓰다듬고 팔로 피해자의 어깨를 감싸안으며 뺨과 이마에 뽀뽀를 하여 위력으로써 피해자를 추행했다.",
            "피해자 진술에 따르면 같은 날 23:30경 다시 '0'에 들어와 피해자에게 \"언니 눈치 보지 마라.내가 니 맘을 다 안다.\" 라고 말하며 피해자의 어깨를 감싸안고, 팔을 어루만지고 어깨를 쓰다듬어 위력으로써 피해자를 추행하였다고 진술하였다.",
            "피고인은 계속 진술인의 어깨를 감싸안고 팔을 어루만져, 진술인이 기분이 나빠 피고인에게 하지 말라고 말을 했지만 피고인은 계속 진술인의 팔과 어깨를 쓰다듬었다.",
            "옆에서 지켜보던 언니가 \"아저씨, 그만 하세요.\" 라고 말했으나 피고인은 \"내가 뭘 어쨌다고 니가 난리냐.\" 라고 말했다.",
            "피고인은 진술인에게 아이스크림을 사주겠다고 해서 진술인은 안먹겠다고 했는데, 피고인이 아이스크림 포장을 일부러 뜯어서 진술인에게 먹으라고 줬다.",
            "진술인이 어머니로부터 전화를 받고 울자 어머니는 무슨 일이냐고 했고, 어머니가 위층에 사는 할머니에게 연락을 했는지 할머니가 내려와 피고인에게 \"지금 애들한테 뭐하는 짓이냐.\" 라고 했더니 피고인이 \"내가 뭐하긴 뭐하냐.난 잘못한 것이 없다.\" 라고 소리를 쳤다."
        ]
    },
    "dcss": {
        "courtDcss": [
            "피고인이 범행을 부인하는 이 사건에서 피해자의 진술이 피고인의 이 사건 범행에 대한 유력한 증거이므로 공소사실의 유·무죄 여부는 위 진술의 신빙성 유무에 달려 있다.",
            "피해자는 이 사건 범행 다음날 새벽 경찰에서 조사받으면서 피고인이 피해자를 판시 범죄사실과 같이 추행하였다고 일관되게 진술하고 그 상황을 비교적 구체적으로 진술하고 있고, 이 법정에서도 이러한 진술을 유지하고 있는바, 피해자의 진술내용은 실제로 경험하지 않고서는 거짓으로 지어냈다고 하기에는 구체적이고 자연스럽다.",
            "피해자는 위 진술 당시 만 11세로서 자신이 경험한 일을 표현할 수 있을 정도의 언어구사 능력이 있다고 보이는데다가 피해자가 경험한 사실은 \"피고인이 피해자의 어깨와 팔 부위를 쓰다듬고, 볼과 이마에 뽀뽀를 하였다.\" 라는 비교적 단순한 것으로서 피해자의 연령 정도의 아동이라면 별다른 사정이 없는 한 이를 알고 그 내용을 표현할 수 있는 범위 내의 것이라고 보인다.",
            "피해자가 경찰에서 조사를 받으면서 진술한 시각은 이 사건 범행이 발생한 2010.2.28.23:30경부터 불과 약 2시간 30분이 경과한 후여서, 피해자가 피해상황에 대한 기억을 하기에 큰 어려움이 없어 보인다.",
            "피해자의 언니 공소외 1은 경찰 및 이 법정에서, 사건 당일 피해자와 함께 0에 있었는데 피고인이 피해자에게 용돈이라고 하면서 1,000원을 준 다음 피해자의 얼굴을 쓰다듬고 팔로 어깨를 감싸안았고 볼에 뽀뽀를 하는 모습을 보았다고 진술하고, 피고인이 0를 나간 후 다시 0에 들어와 피해자의 어깨를 감싸고 팔을 만져서 피고인에게 계속 하지 말라고 말렸는데도 그치지 않았다.",
            "그리하여 어머니에게 문자로 전화를 해 달라고 해서 피해자가 어머니로부터 전화를 받고 어머니가 윗집 할머니에게 연락을 해서 할머니가 0에 내려온 후 어머니도 왔다고 진술하고 있는바, 공소외 1이 피고인을 처벌받도록 하기 위해 피고인이나 피해자가 하지 않은 말이나 행동을 거짓으로 꾸며낼 이유는 없어 보이는데다가 그 진술내용이 피고인의 범행 방법이나 범행 전후의 상황 등에 관한 피해자의 진술내용과 대체로 일치한다.",
            "피해자의 경찰 진술 중 피고인이 피해자에게 \"잔말 말고 그냥 빨리 먹어, 이 새끼야.\" 라고 말했다는 진술이 있고, 피해자는 이 법정에서 피고인이 욕설을 하기는 했는데 \"이 새끼야\" 라는 부분은 정확하지 않다고 진술하고 있으나, 피해자의 연령, 피해 사실에 대한 진술의 일관성 및 통일성 등에 비추어 보면, 위와 같은 진술이 있다는 사정만으로 피해자의 진술에 신빙성이 없다고 보이지는 않는다."
        ]
    },
    "close": {
        "cnclsns": [
            "피고인을 징역 1년 6월에 처한다.",
            "다만, 이 판결 확정일부터 2년간 위 형의 집행을 유예한다.",
            "피고인에 대하여 40시간의 알코올치료강의 수강을 명한다.",
            "피고인에 대한 정보를 2년간 공개한다."
        ]
    }
}