{
    "info": {
        "caseField": "2",
        "detailField": "6",
        "trailField": "1",
        "caseNm": "사기",
        "courtNm": "부산지방법원",
        "judmnAdjuDe": "2010. 07. 23.",
        "caseNo": "2010고단2221",
        "relateLaword": [
            "형법 제347조",
            "형법 제30조",
            "형법 제37조",
            "형법 제38조",
            "형법 제50조",
            "형법 제70조",
            "형법 제69조",
            "형사소송법 제334조"
        ],
        "qotatPrcdnt": []
    },
    "concerned": {
        "acusr": "4",
        "dedat": "1"
    },
    "org": {
        "orgJdgmnCourtNm": "",
        "orgJdgmnAdjuDe": "",
        "orgJdgmnCaseNo": ""
    },
    "disposal": {
        "disposalform": "9",
        "disposalcontent": [
            "피고인 00를 벌금 20,000,000원에 피고인 00을 벌금 10,000,000원에 각 처한다.",
            "피고인들이 위 각 벌금을 납입하지 아니하는 경우 각 5만원을 1일로 환산한 기간 피고인들을 노역장에 각 유치한다.",
            "위 각 벌금에 상당한 금액의 가납을 명한다."
        ]
    },
    "mentionedItems": {
        "rqestObjet": [
            "피고인 00를 벌금 20,000,000원에 피고인 00을 벌금 10,000,000원에 각 처한다.",
            "피고인들이 위 각 벌금을 납입하지 아니하는 경우 각 5만원을 1일로 환산한 기간 피고인들을 노역장에 각 유치한다.",
            "위 각 벌금에 상당한 금액의 가납을 명한다."
        ]
    },
    "assrs": {
        "acusrAssrs": [],
        "dedatAssrs": []
    },
    "facts": {
        "bsisFacts": [
            "피고인 00는 0000 ㅇㅁ빌딩 8층 소재 ㅁ의원 0000점 원장으로 환자들에 대한 진료, 수술, 입·퇴원확인서 및 진단서발급 등 병원 운영 전반에 대하여 직접 관여하거나 직원들에게 지시, 감독하는 등 병원 운영을 총괄하는 자이다.",
            "피고인00은 위 병원의 상담실장(코디네이터)으로 내원 환자에 대한 수술비용관계, 보험관계에 대한 상담 및 진료보조 등의 업무를 담당하는 자이다.",
            "피고인 00가 운영하는 병원은 하지정맥류 진료 및 수술을 전문으로 하는 병원으로 시술방법으로 레이저정맥폐쇄술(EVLT), 혈관경화요법을 사용하고 있다.",
            "위와 같은 시술방법을 통한 수술은 국민건강보험공단의 보험급여대상에 포함되지 않는 비급여 항목으로, 개인적으로 민영보험회사의 상해보험에 가입하고 더불어 수술 후 입원을 하여야만 민영보험회사의 실손의료비약관에 의하여 환자 본인이 부담하는 의료비의 30%~100%를 지급받을 수 있다.",
            "레이저정맥폐쇄술(EVLT)을 이용한 시술은 수술 후 약물투여, 처지 등 의사의 계속적인 경과 관찰과 치료가 필요 없고, 단지 회복실에서 안정을 취한 뒤 바로 퇴원을 할 수 있는 입원이 필요 없는 시술이다.",
            "피고인들은 환자들이 보험처리를 받을 수 있도록 입·퇴원확인서를 발급하여 주는 방법으로 환자를 유치하고 수익을 올리기로 마음먹고, 피고인 00은 간호사 00과 함께 내원하는 환자들의 보험가입 여부를 확인하거나 실제 입원 치료를 받지 않고서도 보험금을 청구 받을 수 있는 방법을 설명해 주고, 피고인 00는 실제 수술 후 입원을 하지 않았다.",
            "그랬음에도, 소위 낮병동 (병원에서 진료를 받으며 6시간 이상 체류를 하게 되면 입원으로 처리해 주는 것을 말함)을 이용하여 마치 입원을 하였다는 취지의 허위의 입·퇴원확인서 등을 작성하여 환자들에게 교부하고 환자들이 관련서류를 보험회사에 제출케 하는 방법으로 수술비 명목으로 보험금을 교부받을 수 있도록 하였다.",
            "피고인 00은 2010. 1. 19. 피고인 00가 운영하는 위 병원에 환자로 찾아온 환자00과 상담을 하면서 보험에 가입되어 있음을 확인하고 이를 근거로 보험금을 지급받을 수 있도록 하기 위하여 진료기록부상 \"2009. 5.월, 보험작년, 화재보험\" 이라고 기재를 하며 보험금을 받을 수 있도록 하기 위해 보험처리에 필요한 서류를 발급하여 주겠다며 상담하였다.",
            "그리고 피고인 00는 같은 달 25. 16:40경부터 18:20경까지 레이저정맥폐쇄술(EVLT)을 시술하였고, 간호사 00은 수술시간을 진료기록부에 기재하였다.",
            "2010. 1. 26.경 간호사 00은 위와 같이 수술시간이 기재된 의료차트가 보험사에 제출될 경우 6시간 입원으로 인정하기 어렵다는 사실을 알고 피고인들의 지시에 따라 11:00경부터 18:00경까지 수술을 받고 병원 내에 입원치료를 받았다는 허위의 내용으로 새로운 진료기록부를 작성하였다.",
            "그리고 피고인 00는 허위 진료기록부에 근거하여 환자 00이 6시간 이상 병원에 머물며 입원을 하지 않았음에도 불구하고 2010. 1. 25. 당일 입원치료를 하였다는 허위의 입·퇴원확인서를 작성한 다음 환자 00에게 교부하여 주었다. ",
            "00은 위와 같이 허위로 작성된 입·퇴원확인서를 근거로 피해자 ㅁ해상화재보험 주식회사의 이름을 알 수 없는 직원에게 보험금지급을 청구하여 이에 속은 피해자로부터 2010. 2. 24. 수술비 명목으로 4,355,000원(편취금액 : 4,055,000원, 통원치료인 경우 지급되는 보험금을 공제한 과다지급액을 편취금액으로 산정)을 교부받았다.",
            "피고인들은 간호사 00, 환자 00과 공모 또는 순차 공모하여 위와 같이 피해자를 기망하여 이에 속은 피해자로부터 보험금을 교부받은 것을 비롯하여 2007. 1. 13.경부터 2010. 3. 30.까지 별지 범죄일람표(1)(생략)기재와 같이 총 407회(환자수 : 400명)에 걸쳐 같은 방법으로 피해자들로부터 수술비 명목으로 총 835,842,938원(편취금액 : 776,992,938원)을 교부받았다.",
            "피고인들이 위와 같이 실제 입원하지 않은 환자들에 대하여 허위의 입·퇴원확인서를 발급하여 보험금을 교부받는 건수가 2008년경부터 급격히 증가하자 민간보험사들로부터 실제 입원여부를 의심받게 되었다.",
            "민간보험사는 입원여부를 보다 엄격히 심사하기 위하여 피고인들에게 건강보험심사평가원(이하 '심평원'이라 함)에 요양급여를 신청하여 국민건강보험공단으로부터 요양급여를 지급받았는지 여부에 대한 자료를 보강하도록 요구하기에 이르렀다.",
            "피고인 00는 000으로 진료 정보를 전송하는 전자차트(EDI시스템)을 설치하고 피고인 00은 자신이 직접 허위 입원한 환자들에 대하여 심평원에 입원에 대한 요양급여를 청구하였다.",
            "피고인들은 2009. 5. 6. 16:42경부터 17:20경까지 레이저수술을 한 환자 00가 사실은 6시간 입원을 할 필요성이 없고, 6시간 입원을 한 사실이 없음에도 당일 입원치료를 한 것처럼 가장하여 전자차트로 요양급여 지급을 청구하고 이에 속은 000 직원으로 하여금 요양급여 지급을 결정하게 하여 피해자 국민건강보험관리공단으로부터 그 무렵 요양급여 중 입원료 명목으로 22,750원을 송금받았다.",
            "피고인들은 공모하여 위와 같이 피해자를 기망하여 이에 속은 피해자로부터 2009. 5. 1.경부터 2009. 10. 26.경까지 범죄일람표(2)(생략)에 기재된 것과 같이 수술을 받은 환자 113명에 대하여 총 2,609,090원을 송금받았다."
        ]
    },
    "dcss": {
        "courtDcss": [
            "피고인들에게 별다른 범죄전력이 없는 점, 피고인들이 허위의 진단서와 입, 퇴원확인서를 발급하였으나 이는 보험금을 수령하기 위한 환자들의 요구에 따른 것으로서 피고인들이 그와 별도로 치료비를 부풀리거나 과도하게 청구한 사실은 없어 이 사건 범행으로 직접적인 이득을 취한 자는 피고인들이 아닌 환자들이라고 볼 수 있는 점 등을 참작한다.",
            "피고인들이 민영보험회사에 대한 편취금776,992,938원 전액을 변제공탁한 점, 피고인들이 범행사실을 모두 자자백하면서 잘못을 깊이 반성하고 있는 점 등을 참작한다."
        ]
    },
    "close": {
        "cnclsns": [
            "피고인 00를 벌금 20,000,000원에, 피고인 00을 벌금 10,000,000원에 각 처한다.",
            "피고인들이 위 각 벌금을 납입하지 아니하는 경우 각 5만 원을 1일로 환산한 기간 피고인들을 노역장에 각 유치한다.",
            "위 각 벌금에 상당한 금액의 가납을 명한다."
        ]
    }
}