{
    "info": {
        "caseField": "2",
        "detailField": "6",
        "trailField": "1",
        "caseNm": "상해치사",
        "courtNm": "제주지방법원",
        "judmnAdjuDe": "2010. 08. 09.",
        "caseNo": "2010고합44",
        "relateLaword": [
            "형법 제259조"
        ],
        "qotatPrcdnt": []
    },
    "concerned": {
        "acusr": "4",
        "dedat": "1"
    },
    "org": {
        "orgJdgmnCourtNm": "",
        "orgJdgmnAdjuDe": "",
        "orgJdgmnCaseNo": ""
    },
    "disposal": {
        "disposalform": "6",
        "disposalcontent": [
            "피고인을 징역 5년에 처한다."
        ]
    },
    "mentionedItems": {
        "rqestObjet": [
            "피고인을 징역 5년에 처한다."
        ]
    },
    "assrs": {
        "acusrAssrs": [],
        "dedatAssrs": [
            "피고인은 이 사건 당일 피해자의 머리채를 맞잡은 사실은 있으나, 발로 피해자의 다리 부위를 걷어차고 주먹과 발로 피해자의 복부 및 전신을 구타한 사실이 없고, 따라서 피고인의 행위와 피해자의 사망 사이에 인과관계가 없다고 주장한다."
        ]
    },
    "facts": {
        "bsisFacts": [
            "피고인은 정신지체장애 3급인 자로서, 2010. 3. 22.경부터 0000에 있는 피고인의 집에서 정신지체장애 5급인 피해자 00(여, 41세)과 동거를 하였고, 동거를 하는 동안 피해자가 매일 술을 마시고 피고인에게 술과 담배 등의 심부름을 시키며 술에 취하면 피고인에게 욕설을 한다는 등의 이유로 평소 피해자와 서로 욕설을 주고받고 머리채를 잡아당기며 발로 차는 등의 잦은 다툼이 있어 왔다.",
            "피고인은 2010. 4. 9. 20:10경부터 다음 날 05:00경 사이에 피고인의 집 안방에서 평소처럼 술을 마시던 피해자가 피고인에게 담배를 사오라고 시키고 이에 피고인이 담배를 사가지고 왔으나 늦게 사왔다고 핀잔을 주면서 \"미친 놈아\" 라고 욕설을 하고 피고인의 머리채를 잡아당기며 피고인의 뺨을 때렸다.",
            "그러자 화가 나 피해자의 머리채를 맞잡고 발로 피해자의 다리 부위를 걷어차고 주먹과 발로 피해자의 복부 및 전신을 구타하여 피해자에게 복부 좌상에 의한 대망, 장간막 및 간 파열상을 가하고, 그로 인하여 2010. 4. 10. 08:10경 피고인의 집 안방에서 피해자를 실혈로 사망에 이르게 하였다.",
            "피해자의 사체 두경부에는 이마 중앙과 이마의 좌측면, 좌측 눈 주위, 입술의 양쪽 가장자리, 우측 뺨 등에 수개소의 피하출혈 및 찰과성 표피박탈이 관찰되나, 두개 내부에서 외상과 관련된 출혈이나 골절 등의 내부 손상은 관찰되지 않고, 경부에서 골절이나 출혈 등 특기할 외상은 보이지 않는다.",
            "피해자의 사체 흉복부에는 흉부 중앙과 복부 중앙에 수개소의 피하출혈이 관찰되고, 흉부의 피하출혈은 수개소의 손상이 서로 겹친 양상으로 주로 흉골 주위에 분포하는데 우측 제3-6 늑골의 골절 및 골절부 주위에는 출혈이 관찰된다.",
            "복부의 피하출혈은 총 3개소로써 배꼽의 위쪽과 배꼽 주위 및 배꼽 아래쪽 등 인체 중심선상에 위치하고, 복강 내에서 복부좌상의 바로 직하부에 대망과 장간막 및 간파열이 나타나고, 이로 인한 복강 내 출혈이 관찰되며, 출혈은 복강 내에 가득한 상태이고 신장에서 허혈상이 관찰된다.",
            "피해자의 사체 배부 및 양측 상하지에는 우측 팔 외측면과 손등에 다발성 피하출혈이 관찰되는데, 상완부 외측면의 피하출혈은 박피상(피부와 근막이 벌어진 형태의 손상)이고, 좌측 팔의 외측면에는 다발성 피하출혈이 관찰되며, 양측 하지의 무릎 주위와 우측 하지의 무릎 외측면, 좌측 하지 대퇴부 후면 등에 다발성 피하, 근육간 출혈이 관찰되고, 우측 하지의 무릎 외측면과 좌측 하지 대퇴부 후면의 피하․근육간 출혈은 박피상이 관찰된다."
        ]
    },
    "dcss": {
        "courtDcss": [
            "피해자의 사망원인은 부검소견상 관찰된 복부 중앙에 형성된 다발성 좌성(피하출혈)과 이로 인한 대망, 장간막 및 간 파열 등의 손상이 치명적이고, 복부의 손상은 흔히 발로 차거나 밟는 경우 또는 팔꿈치로 가격하는 경우와 같이 비교적 강한 둔력에 의한 것이며, 우측 팔의 외측면과 하지 대퇴부 후면 및 우측 하지 무릎 외측면에 형성된 박피상은 피부와 근막 혹은 근육의 골질이 벌어지는 형태의 손상이다.",
            "반복적인 강한 둔력(예를 들어 동일 부위를 수차례 발로 차는 경우)에 의해 형성된 것으로 판단된다1).",
            "피해자의 사체에 자살의 징후는 없었으며, 피해자의 손톱에서 피고인의 유전자가 검출되지 않았다고 하더라도 손톱검사는 용의자를 명확히 하기 위한 것일 뿐, 타인의 공격이 없었다고 볼 수 있는 단서가 될 수는 없다.",
            "대망이나 장간막은 피해자가 자신의 배를 움켜쥐는 행위나 피해자 스스로 넘어지거나 다른 곳에 부딪히는 정도로는 파열될 수 없고, 장간막이 파열될 정도의 외력은 피해자가 누워있을 때 팔꿈치로 내리찍거나, 발로 강하게 차는 정도의 외력이고, 피해자가 서 있을 때 강하게 주먹으로 때리는 정도로는 장간막이 파열되는 사례가 거의 없다.",
            "이 사건 사고 전날 밤부터 이 사건 사고 당일 새벽 무렵까지 피고인의 집에서는 심하게 말다툼하는 소리, 욕설을 하는 소리, \"쿵 쿵\" 부딪히는 소리, \"퍽 퍽\" 때리는 듯한 소리, 여자가 \"배 아프다\", \"아이고, 배 아프다\" 하는 소리 등이 연이어 나다가, 새벽 5시경 남자가 여자에게 \"야 야 일어나\"라면서 깨우는 소리가 났다.",
            "이 사건 사고 전날 밤부터 이 사건 사고 당시까지 피고인의 집에는 피고인과 피해자 둘만 있었고, 다른 사람이 출입한 사실은 없다.",
            "사실관계가 이와 같다면, 피고인이 발로 피해자의 다리 부위를 걷어차고 주먹과 발로 피해자의 복부 및 전신을 구타하여 피해자에게 복부 좌상에 의한 대망, 장간막 및 간 파열상을 가하고, 그로 인하여 피해자를 실혈로 사망에 이르게 하였다는 이 사건 공소사실을 충분히 인정할 수 있다."
        ]
    },
    "close": {
        "cnclsns": [
            "피고인을 징역 5년에 처한다."
        ]
    }
}