{
    "info": {
        "caseField": "2",
        "detailField": "6",
        "trailField": "1",
        "caseNm": "공직선거법위반",
        "courtNm": "창원지방법원 밀양지원",
        "judmnAdjuDe": "2010. 07. 02.",
        "caseNo": "2010고합8",
        "relateLaword": [
            "공직선거법 제255조",
            "공직선거법 제85조",
            "형법 제37조",
            "형법 제38조",
            "형법 제50조",
            "형법 제57조",
            "형법 제62조",
            "형사소송법 제325조"
        ],
        "qotatPrcdnt": [
            "대법원 2007.10.11. 선고 2007도3468 판결",
            "헌법재판소 20008.5.29. 선고 2006헌마1096호 결정",
            "대법원 2007.10.25. 선고 2007도0469 판결"
        ]
    },
    "concerned": {
        "acusr": "4",
        "dedat": "1"
    },
    "org": {
        "orgJdgmnCourtNm": "",
        "orgJdgmnAdjuDe": "",
        "orgJdgmnCaseNo": ""
    },
    "disposal": {
        "disposalform": "8",
        "disposalcontent": [
            "피고인을 징역 4월에 처한다.",
            "다만, 이 판결 확정일로부터 1년간 위 형의 집행을 유예한다.",
            "이 사건 공소사실 중 공소외 5, 6, 7, 8, 9, 10, 11, 12에 대한 선거운동을 내용으로 하는 각 공직선거법위반의 점, 선거운동의 기획에 참여하였음을 내용으로 한 각 공직선거법위반의 점은 각 무죄이다."
        ]
    },
    "mentionedItems": {
        "rqestObjet": [
            "피고인은 공무원의 지위를 이용하여 선거운동을 하였으므로 공직선거법위반으로 처벌받아야 한다."
        ]
    },
    "assrs": {
        "acusrAssrs": [],
        "dedatAssrs": [
            "피고인 및 변호인은, 피고인이 ㅇㅇ시장공소외 00에게 이 사건 이메일을 보낸 것은 사실이나, 피고인이 승진을 하지 못하고 만년 6급 주사로 재직하고 있었는데 뜻밖에 5급 공무원이 보임되는 직위인 ㅁㅁ동장 직무대리로 인사발령을 받자, 인사권자인 ㅇㅇ시장에게 그 충성심을 표현하기 위해 마치 선거운동을 한 것처럼 허위로 기재하여 이메일을 보낸 것이다.",
            "실제로는 ㅇㅇ시장공소외 00의 지지를 부탁하는 등으로 선거운동을 한 사실이 전혀 없다고 주장한다."
        ]
    },
    "facts": {
        "bsisFacts": [
            "피고인은 2010. 1. 6.경 ㅇㅇ시ㅁㅁ동 주민자치센터에 있는 동장실에서 ㅁㅁ1통장인 공소외 00에게 현 시장이 시정을 잘하니까 이번 선거에서 한번 더 공소외 00 시장을 지지해 달라라고 수차례 이야기하여 2010. 6. 2. 실시 예정인 기초자치단체장 선거와 관련하여 공소외 00을 위하여 공무원의 지위를 이용하여 선거운동을 하였다.",
            "피고인은 2010. 1. 6.경 ㅇㅇ시ㅁㅁ동 주민자치센터에 있는 동장실에서 ㅁㅁ4통장인 공소외 00에게 현 시장이 시정을 잘하니까 이번 선거에서 한번 더 공소외 00 시장을 지지해 달라라고 이야기하여 2010. 6. 2. 실시 예정인 기초자치단체장 선거와 관련하여 공소외 00을 위하여 공무원의 지위를 이용하여 선거운동을 하였다.",
            "피고인은 2010. 1. 6.경 ㅇㅇ 시 (주소 2 생략) 에 있는 사회복지관장실에서 ㅁㅁ 동 사회복지관장 공소외 00에게 나를 ㅁㅁ 동장 으로 발령하여준 시장님이 고맙다. ㅇㅇ시장님이 ㅇㅇ 을 위해 열심히 일하고 있다. 시장님이 한 번 더 했으면 좋겠다 라고 공소외 00 시장을 지지해 달라는 취지로 이야기하여 2010. 6. 2. 실시 예정인 기초자치단체장 선거와 관련하여 공소외 00 을 위하여 공무원의 지위를 이용하여 선거운동을 하였다."
        ]
    },
    "dcss": {
        "courtDcss": [
            "이 법원이 적법하게 조사하여 채택한 증거에 의하여 인정되는 다음과 같은 사정, 즉 ① 피고인이 ㅇㅇ시장에게 보낸 이메일에는 선거운동을 한 상대방의 이름, 나이, 전화번호, 약력 등이 구체적으로 기재되어 있을 뿐만 아니라 그들로부터 들은 여러 정보들 및 ㅇㅇ시장공소외 00 지지 부탁에 대한 수락여부에 대해서도 상세히 기재되어 있다.",
            "② 공소외 00는 2010. 2. 23. 경찰에서 \"제가 피고인에게 어떻게 이렇게 ㅁㅁ동장으로 부임을 하였느냐라고 인사를 하니까 시장님이 이렇게 발령을 내어주어 오게 되었다고 말을 하고 이번 선거에서 현시장을 어떻게 생각을 하느냐 좀 도와 달라고 하기에 제가 저의 큰아들이 현시장과 고등학교 동기고 하여 나도 현 시장을 좋게 생각을 하고 있으니 어렵게 생각하지 말라고 하였습니다\"라고 진술하였다(수사기록 제767쪽).",
            "이는 처음 경찰에서의 진술 및 이후의 검찰에서의 각 진술에서도 일관되고 있어(수사기록 제230쪽, 제972쪽, 제1243쪽) 그 진술에 신빙성이 있는 점이 인정된다.",
            "③ 공소외 00은 경찰에서 처음 조사를 받을 때에는 \"제가 정확한 기억은 없는데 저는 누가 선거에 도움을 달라고 하더라도 나는 통장이라 선거에 개입을 할 수가 없다고 대답을 바로 하기에 피고인이 그렇게 이번 선거에서 현 시장의 지지를 부탁하는 말을 꺼냈는지는 모르겠지만 그 기억은 저에게 없고 단지 피고인이 동업무와 시정업무에 도움을 달라고 하여 제가 그에는 돕겠다고 대답을 한 것은 기억이 납니다\"라고 진술하였다(수사기록 제244쪽).",
            "두번째 조사를 받을 때에는 \"제가 ㅁㅁ동장실로 피고인을 찾아 갔을 때 피고인이 하는 말이 '공소외 00이 시정을 잘하고 있으니까 공소외 00을 도와주어야 되지 않겠느냐'라고 한 말은 들은 것으로 기억이 됩니다.\"",
            "피고인이 'ㅇㅇ시장공소외 00이 시정도 잘보고 있으니 다시 한번 공소외 00이 시장을 해야 되지 않겠느냐'라고 하면서 '이번 선거에서 공소외 00의 지지를 부탁한다'고 하기에 제가 '시정업무를 도와 줄 수는 있지만 선거에서는 도와 줄 수 없다'고 단호히 선거운동부분은 거절을 하였습니다.\"라고 진술(수사기록 제718쪽)하고 있다.",
            "이는 이 사건 이메일 기재 내용에 구체적으로 부합하여 그 진술에 신빙성이 있다 할 것이고, 한편, 공소외 00은 검찰에서 조사를 받으면서 그와 같이 진술을 한 사실이 없다고 번복하였으나, 경찰 수사과정에서 강압이나 회유 등으로 인해서 진술을 제대로 하지 못하는 상태는 아니었고, 조사를 받은 후 진술조서를 모두 읽기는 하였다고 진술하고 있어 위 번복진술을 그대로 믿기 어려운 점이 인정된다.",
            "④ 공소외 00는 일관하여 \"피고인이 '발령 내어 주어 시장님이 고맙다. ㅇㅇ시장님이 ㅇㅇ을 위해서 열심히 일하고 있다.'고 말했고 저는 피고인이 '시장님이 한번 더 했으면 좋겠다.'라는 뉘앙스를 비추길래 '글쎄요'정도로 끄덕거리고 말았다\"고 진술하면서, \"피고인이 '자신이 예측도 안했는데 발령내주어 고맙다. 감사하다. 좋은 분이다. 한번 더 하면 좋겠다'라는 식의 말을 하기에 제가 피고인의 입장을 그 대화에서 느꼈다\"고 진술하고 있다.",
            "이는 피고인이 명시적으로 시장의 지지를 부탁한 것은 아니지만 대화 전체의 취지상 시장의 지지를 부탁한 것으로 받아들였다는 것으로 특정 후보자의 당선을 위한 것이라는 목적의사가 객관적으로 인정될 수 있는 능동적, 계획적 행위라 할 것인 점이 인정된다. ",
            "⑤ 피고인은 피고인을 ㅁㅁ동장 직무대리로 임명한 ㅇㅇ시장공소외 00의 인사발령에 대하여 보답하기 위해 앞서 본 바와 같은 이메일을 보냈다는 것일 뿐만 아니라, 이 사건 이메일에 선거운동의 상대방 및 약력, 그 전화번호까지 상세히 기재하여 두어 ㅇㅇ시장공소외 00이 피고인이 실제 그와 같이 선거운동을 하였는지 여부에 대해 충분히 확인이 가능한 것이었던 점에 비추어 허위 사실을 기재하여 보냈다는 피고인의 주장은 선뜻 믿기 어렵다.",
            "위와 같은 사정을 종합하여 보면, 피고인이 판시 범죄사실 기재와 같이 공소외 00, 00, 0에게 ㅇㅇ시장 공소외 00의 지지를 부탁하는 이야기를 하여 ㅇㅇ시장공소외 00의 당선을 위하여 선거운동을 하였다고 할 것이다.",
            "살피건대, 앞서 채택한 증거에 의하여 인정되는 다음과 같은 사정, 즉 ① 공소외 00는 ㅁㅁ1통장, 공소외 00은 ㅁㅁ4통장으로 ㅁㅁ동장인 피고인의 신분상 또는 직무상의 지휘감독권이 미친다고 볼 수 있는 점, ② 공소외 00, 00은 피고인의 ㅁㅁ동장 부임 축하 인사를 하기 위해 각 동장실로 찾아갔고 그 자리에서 피고인으로부터 ㅇㅇ시장공소외 00의 지지를 부탁하는 이야기를 들은 점이 인정된다. ",
            "③ 공소외 00는 ㅁㅁ동 사회복지관장이므로 직무권한 내지 담당사무 등과 관련해서 ㅁㅁ동장인 피고인이 일정한 영향력을 미친다고 볼 수 있는 자인 점, ④ 피고인은 복지담당 계장 공소외 00과 함께 ㅁㅁ동장 부임인사를 하기 위해 유관 기관인 ㅁㅁ동 사회복지관을 방문하였고, 그 자리에서 복지관장인 공소외 00에게 판시 범죄사실 기재와 같이 선거운동을 한 것인 점에 비추어 보면 피고인이 ㅁㅁ동장이라는 공무원의 지위를 이용하여 선거운동을 하였다고 할 것이다."
        ]
    },
    "close": {
        "cnclsns": [
            "피고인을 징역 4월에 처한다.",
            "이 판결 확정일로부터 1년간 위 형의 집행을 유예한다.",
            "이 사건 공소사실 중 공소외 00, 00, 00, 00, 00, 00, 00, 00에 대한 선거운동을 내용으로 하는 각 공직선거법위반의 점, 선거운동의 기획에 참여하였음을 내용으로 한 각 공직선거법위반의 점은 각 무죄이다."
        ]
    }
}