{
    "info": {
        "caseField": "2",
        "detailField": "6",
        "trailField": "2",
        "caseNm": "사기, 정보통신망 이용촉진 및 정보보호등에 관한 법률위반(정보통신망 침해등), 정보통신망 이용촉진 및 정보보호등에 관한 법률위반, 약사법 위반",
        "courtNm": "울산지방법원",
        "judmnAdjuDe": "2011. 04. 22.",
        "caseNo": "2010노1648",
        "relateLaword": [
            "형사소송법 제364조",
            "형사소송법 제369조",
            "정보통신망 이용촉진 및 정보보호 등에 관한 법률 제72조",
            "정보통신망 이용촉진 및 정보보호 등에 관한 법률 제48조",
            "형법 제30조",
            "형법 제74조",
            "형법 제50조",
            "형법 제347조",
            "약사법 제93조",
            "약사법 제44조",
            "형법 제35조",
            "형법 제37조",
            "형법 제38조",
            "형법 제50조",
            "형법 제48조"
        ],
        "qotatPrcdnt": []
    },
    "concerned": {
        "acusr": "4",
        "dedat": "1"
    },
    "org": {
        "orgJdgmnCourtNm": "울산지방법원",
        "orgJdgmnAdjuDe": "2010. 12. 17.",
        "orgJdgmnCaseNo": "2010고단2211, 2515(병합)"
    },
    "disposal": {
        "disposalform": "6",
        "disposalcontent": [
            "원심판결 중 피고인 1(대법원판결의 피고인), 3에 대한 부분을 파기한다.",
            "피고인 1을 징역 2년에, 피고인 3을 징역 1년 6월에 각 처한다.",
            "압수된 증 제56, 57, 63 내지 99호를 피고인 1로부터, 증 제1 내지 40, 47 내지 51, 55호를 피고인 3으로부터 각 몰수한다.",
            "피고인 2의 항소를 기각한다."
        ]
    },
    "mentionedItems": {
        "rqestObjet": [
            "유죄로 인정한 원심판결에는 사실을 오인하거나 법리를 오해하여 판결에 영향을 미친 위법이 있고, 또 피고인에 대한 원심의 양형(징역 3년)은 너무 무거워서 부당하다."
        ]
    },
    "assrs": {
        "acusrAssrs": [],
        "dedatAssrs": [
            "이 사건 공소사실 중 사기의 점은, 피고인이 휴대폰 연체요금을 완납하면 이동통신사인 000의 시스템 자체가 기계적으로 반응하여 휴대폰이 개통되는 것으로서 사람을 기망한 것이 아니고, 000가 가입자인 명의인에게 통신을 매개하여 주는 역무를 부당하게 이용한 것에 불과하므로 기망행위에 해당한다고 볼 수 없다.",
            "이뿐만 아니라 000가 착오에 빠져 처분행위를 한 것이라고 볼 수도 없음에도 불구하고 이를 유죄로 인정한 원심판결에는 사실을 오인하거나 법리를 오해하여 판결에 영향을 미친 위법이 있다.",
            "이 사건 공소사실 중 정보통신망이용촉진및정보보호등에관한법률위반(정보통신망침해등)의 점은, 피고인이 000로부터 유심칩을 읽는 권한을 부여받은 이상 요금이 연체된 휴대폰의 문자메시지 발송기능을 재생할 목적으로 유심칩을 읽기 위하여 000의 정보통신망에 접속하였다고 하더라도 이를 무단침입이라고 볼 수 없음에도 불구하고 이를 유죄로 인정한 원심판결에는 사실을 오인하거나 법리를 오해하여 판결에 영향을 미친 위법이 있다.",
            "피고인이 이 사건 사기 범행으로 인하여 얻은 이익이 천여만 원에 불과한 소액인 점, 피고인 운영의 통신판매대리점이 속한 000 및 피고인이 발급해 준 5억 원 상당의 보증보험증권으로 000가 입은 손해를 전부 회복할 수 있는 점 등에 비추어 보면 피고인에 대한 원심의 양형(징역 3년)은 너무 무거워서 부당하다.",
            "피고인이 이 사건 사기 범행에 자신의 명의만을 불려준 것에 불과하여 가담의 정도가 경미한 점, 피고인이 혼자서 어린 자녀들 부양하고 있는 점, 피고인의 경제사정이 어려운 점 등 사정에 비추어 보면 피고인에 대한 원심의 양형(징역 1년에 집행유예 2년, 보호관찰, 사회봉사 120시간)은 너무 무거워서 부당하다.",
            "피고인이 이 사건 범행을 시인하면서 깊이 뉘우치고 있는 점, 피고인이 병든 노부모와 어린 남매를 부양하여야 하는 점, 피고인이 이 사건 전체 사기 범행 중 일부에만 가담한 점, 피고인이 이 사건 사기 범행으로 얻은 이익이 그리 크지 않고, 약사법위반 범행으로 얻은 이익은 400만 원 상당으로 크지 않은 점이 있다.",
            "더불어,  000가 000 등이 제출한 보증보험증권으로 손해를 전부 보전받을 수 있는 점 등에 비추어 보면 피고인에 대한 원심의 양형(징역 3년)은 너무 무거워서 부당하다."
        ]
    },
    "facts": {
        "bsisFacts": [
            "이 사건 범행은 요금 미납 등의 사정에 의하여 이용이 정지된 휴대폰에 대한 ① 휴대폰을 이용가능한 상태로 복귀시키기 위한 ARS 수납, ② 문자발송제한조치를 해제하기 위한 유심칩 읽기, ③ 대량의 문자발송, ④ 수납취소로 인한 이용대금면탈이라는 일련의 과정으로 이루어졌다.",
            "그리고 피고인들이 위 과정 중의 일부씩을 분담하여 실행하였으며, 000에서는 휴대폰의 개통, 불통 휴대폰개설자의 유심칩 변경의 경우에만 허용되고 있는 사실이 인정된다."
        ]
    },
    "dcss": {
        "courtDcss": [
            "이 사건 범행은 요금 미납 등의 사정에 의하여 이용이 정지된 휴대폰에 대한 1 휴대폰을 이용가능한 상태로 복귀시키기 위한 ARS 수납, 2 문자발송 제한조치를 해제하기 위한 유심칩 읽기, 3 대량의 문자발송, 4 수납취소로 인한 이용대금면탈이라는 일련의 과정으로 이루어졌고, 피고인들이 위 과정 중의 일부씩을 분담하여 실행하였다.",
            "000에서는 휴대폰의 개통, 불통, 휴대폰개설자의 유심칩 변경의 경우에만 허용되고 있는 사실이 인정된다.",
            "살피건대, 비록 미납요금 결제로 인하여 휴대폰 이용정지(또는 제한)조치가 해제되거나, 유심침 읽기로 인하여 문자발송 제한조치가 해제되는 것이 컴퓨터 프로그램에 의하여 전자적으로 조작된 결과라고 하더라도, ARS를 이용한 미납요금의 결제 및 이용정지의 해제라는 전자적 작동에는 진정하게 미납된 요금을 납부하고 휴대폰을 이용하고자 하는 이용자에 대하여만 이용정지를 해제한다는 000의 직원의 의사가 ARS장치에 화체되어 있다.",
            "그리고 유심칩 읽기로 인한 문자발송 제한조치의 해제라는 전자적 작동에는 휴대폰의 개통, 불통, 휴대폰개설자의 유심칩 변경의 경우에만 유심칩 읽기를 허용한다는 000의 직원의 의사가 화체되어 있을 뿐 아니라, 유심침 읽기와 관련된 전자적 설비에는 설령 오류라고 하더라도 그로 인하여 발생하는 일체의 전자적 효과에 관한 위 직원의 의사가 화체되어 있다고 할 것이다.",
            "이 사건 범행과 같이 단시간 내에 고의적 수납취소가 예정되어 있는 미납요금의 결제나, 대량의 스팸문자메시지 발송을 위한 유심칩 읽기는 사기죄의 구성요건인 기망행위에 해당하고, 휴대폰이용정지의 해제 및 문자발송 제한조치의 해제는 피고인들의 기망행위에 속은 000의 직원의 처분행위라고 할 것이므로, 이 부분 피고인 1의 주장은 이유 없다.",
            "000의 위탁대리점 계약자는 휴대폰가입자들에 대한 서비스를 위하여 000의 전산망에 접속할 수 있는 권한이 있는데, 그 중 유심칩 읽기를 하는 경우는 개통, 불통, 휴대폰개설자의 유심칩 변경 등 세가지 경우에 하도록 되어 있는 사실을 인정한다.",
            "이후, 이 사건 범행에 사용된 각 휴대폰은 전혀 그 해당사항이 없으며, 피고인 1은 오직 요금수납 및 유심칩 읽기를 통하여 다량의 문자메시지 발송을 할 수 있는 상태로 조작하기 위한 목적으로 000의 정보통신망에 접속한 것이므로 이는 허용된 접근권한을 초과하여 000의 정보통신망에 침입한 것임이 넉넉히 인정된다.",
            "이 사건 사기범행은 피해자인 000도 미처 인지하지 못한 결제 및 운영 시스템상의 허점을 이용하여 다액의 부당한 이익을 취한 것으로 그 죄질이 매우 불량한 점, 피고인 3이 누범기간 중에도 자숙하지 않고 이 사건 범행을 저지른 점, 피고인들의 범행수법이 전문적이고, 조직적, 계획적일 뿐만 아니라, 피고인 1은 계약관계에 있는 000의 신뢰를 배반하여 범행에 중추적인 역할을 한 점이 인정된다.",
            "또한, 대부분의 피해가 복구되지 아니한 점 등에 비추어 보면 피고인들이 실형을 면할 수는 없다고 할 것이다.다만 피고인 1이 이 사건 범행으로 인한 취득한 이익이 그리 크지는 않다고 보이는 점, 피고인 3이 당심에 이르러 이 사건 범행을 모두 자백하고 깊이 반성하고 있는 점, 피고인 3이 가담한 범행으로 인한 편취액이 약 7,000만 원 상당이다.",
            "그런데 위 피고인이 당심에 이르러 피해자 000를 위하여 2,000만 원을 공탁한 점, 그밖에 피고인들의 연령, 성행, 환경 등 이 사건 변론에 나타난 제반 양형조건을 종합해 보면, 원심이 피고인들에게 선고한 형은 너무 무거워서 부당하다고 인정되므로, 피고인들의 이 부분 주장은 이유 있다.",
            "피고인이 동종 범행으로 처벌받은 전력이 없는 점, 피고인이 이 사건 범행에 가담한 정도가 비교적 경미한 점, 피고인이 이 사건 범행으로 인하여 취득한 이익이 크지 않다고 보이는 점 등 유리한 정상이 있으나, 이 사건 사기범행은 피해자인 000도 미처 인지하지 못한 결제 및 운영 시스템상의 허점을 이용하여 다액의 부당한 이익을 취한 것으로 그 죄질이 매우 불량한 점이 인정된다.",
            "또한 범행수법이 전문적이고, 조직적,계획적인 점, 그밖에 피고인의 연령, 성행, 환경 등 이 사건 변론에 나타난 제반 양형조건을 종합해 보면, 원심이 피고인에게 선고한 형이 너무 무거워서 부당하다고는 인정되지 아니하므로, 피고인의 주장은 이유 없다."
        ]
    },
    "close": {
        "cnclsns": [
            "원심판결 중 피고인1(대법원판결의 피고인), 3에 대한 부분을 파기한다.",
            "피고인 1을 징역 2년에, 피고인 3을 징역 1년 6월에 각 처한다.",
            "압수된 증 제 56, 57, 63 내지 99호를 피고인 1로부터, 증 제 1 내지 40, 47 내지 51, 55호를 피고인 3으로부터 각 몰수한다.",
            "피고인 2의 항소를 기각한다."
        ]
    }
}