{
    "info": {
        "caseField": "2",
        "detailField": "6",
        "trailField": "1",
        "caseNm": "사기,전자금융거래법위반",
        "courtNm": "대구지방법원",
        "judmnAdjuDe": "2010. 07. 22.",
        "caseNo": "2010고단889",
        "relateLaword": [
            "형법 제347조",
            "전자금융거래법 (2008. 12. 31. 법률 제9325호로 개정되기 전의 것) 제49조",
            "전자금융거래법 (2008. 12. 31. 법률 제9325호로 개정되기 전의 것) 제6조",
            "형법 제37조",
            "형법 제38조",
            "형법 제50조",
            "특정경제범죄가중처벌 등에 관한 법률 제3조",
            "소비자보호에 관한 법률 제21조",
            "소비자보호에 관한 법률 제45조"
        ],
        "qotatPrcdnt": []
    },
    "concerned": {
        "acusr": "4",
        "dedat": "1"
    },
    "org": {
        "orgJdgmnCourtNm": "",
        "orgJdgmnAdjuDe": "",
        "orgJdgmnCaseNo": ""
    },
    "disposal": {
        "disposalform": "6",
        "disposalcontent": [
            "피고인을 징역 3년에 처한다."
        ]
    },
    "mentionedItems": {
        "rqestObjet": [
            "피고인을 징역 3년에 처한다."
        ]
    },
    "assrs": {
        "acusrAssrs": [],
        "dedatAssrs": [
            "피고인이 피해자들에게 전송한 문자가 광고성 스팸메일이라는 사정을 피해자들이 충분히 알 수 있어 인터넷 상거래에서 허용될 수 있는 광고문구로 보아야 하고, 피해자들이 전송받은 문자를 클릭하는 순간 곧바로 정보이용료가 부과되는 것이 아니라 콘텐츠 이용화면에 들어가서 이용약관과 정보이용료 부과안내 및 고객센터 전화번호를 제시 받은 후 사진들을 클릭 하여야만 비로소 정보이용료가 부과된다.",
            "피고인이 보낸 문자의 내용을 오해한 피해자들이 피고인에게 요금 취소, 환불을 요구하는 경우 피고인은 이를 모두 받아들여 주었다.",
            "피고인이 상품의 선전, 판매에 있어서 사회적으로 용인되는 허위, 과장 광고의 범위를 벗어나서 피해자들을 기망하였다거나 피고인에게 편취의 범의가 있었다고 할 수 없다."
        ]
    },
    "facts": {
        "bsisFacts": [
            "피고인은 불특정 휴대전화 사용자들을 상대로 무선인터넷을 통해 영상사진을 제공하고 휴대전화 소액결제 시스템을 이용하여 정보이용료를 부과할 수 있다는 것을 알게 됨을 기화로, 휴대전화 SMS서비스를 통하여 무작위로 휴대전화 가입자들에게 동인들의 지인이나 관련 사이트에서 보낸 사진이 도착한 것처럼 문자메시지를 다량 발송했다.",
            "인터넷상에 떠도는 정체불명의 여자 얼굴사진을 전송하는 방법으로 휴대전화 가입자들로 하여금 친구나 모임, 자녀 학원 등에서 보낸 사진으로 착각, 오인하여 사진보기를 접속하도록 하고 동인들로부터 정보이용료 명목으로 접속 1회당 2, 990원을 편취할 것을 계획하였다.",
            "피고인은 2009.8.6. 07: 59경 0000소재 피고인의 사무실에서, 위 000 명의로 \"00고객님에게 전달된 회원 사진이 있습니다.연결을 시도 하시겠습니까? 통화하기: 연결\"이라는 내용으로 휴대전화 가입자들에게 무작위로 문자메시지를 다량 발송하였다.",
            "이를 전송받은 피해자 00 (휴대전화번호)으로 하여금 자녀 학원에서 보낸 사진으로 오인하고 연결을 하도록 하여 정보가치가 거의 없는 위와 같은 여자 얼굴사진을 보도록 하고 곧바로 위 휴대전화 요금에 정보이용료 명목으로 2,990원을 부과하여 동액상당의 재산상이득을 취득했다.",
            "같은 방법으로 별지 범죄일람표 I 기재와 같이 위 000 명의로 2009.1.1.경부터 2009.8.28.경까지 104,646회에 걸쳐 정보이용료 명목으로 합계 금 312,891,540원 상당의,위 000 명의로 2009.4.10.경부터 2009.8.28.경까지 63,015회에 걸쳐 같은 명목으로 합계 금 188,414,850원 상당의,",
            "위 000 명의로 2009.1.5.경부터 2009.8.28.경까지 65,815회에 걸쳐 같은 명목으로 합계 금 192,549,790원 상당의,위 000 명의로 2009.1.1.경부터 2009.8.28.경까지 62,651회에 걸쳐 같은 명목으로 합계 금 180,677,530원 상당의,",
            "위 000 명의로 2009.8.3.경부터 2009.8.28.경까지 19,499회에 걸쳐 같은 명목으로 합계 금 58,302,010원 상당의,위 000 명의로 2009.1.1.경부터 2009.8.31.경까지 87,080회에 걸쳐 같은 명목으로 합계 금 259,757,680원 상당의,",
            "위 000 명의로 2009.7.22.경부터 2009.8.31.경까지 34,882회에 걸쳐 같은 명목으로 합계 금 104,297,180원 상당의 재산상 이익을 취득하는 등 피해자들로부터 총 437,588회에 걸쳐 총 합계 금 1,296,890,580원 상당의 재산상 이익을 취득하였다.",
            "피고인은 2008.2.초순경 0000 소재 피고인의 사무실에서 00로부터 동인 명의의 000 예금계좌 (계좌번호)의 통장, 현금카드, 비밀번호 등 접근매체를 양수하는 등 그 때부터 2009.3.초순경까지 별지 범죄일람표Ⅱ 기재와 같이 타인명의의 예금계좌 7개에 대한 접근매체를 양수하였다.",
            "피고인은 대구 남구 OO동 00 및 같은 구 00동 000에서 주식회사 엠플랜, 필 네트워크, 굿타임, 애니온, 원 (ONE), 마이빌, 이노 등 7개 업체명의로 휴대폰 무선인 터넷콘텐츠 제공업을 한 사람이다."
        ]
    },
    "dcss": {
        "courtDcss": [
            "000에서 정한 무선인터넷 망개방 서비스 UTP)지침에서는 '지인 또는 이벤트를 가장한 SMS 스팸을 통한 광고행위'를 규제하고 이를 위반하여 민원을 발생시킨 경우 서비스중지나 과금증인 중단, 서비스 등록취소 등의 제재를 가할 수 있도록 규정하고 있다.",
            "특히 전자상거래 등에서의 소비자보호에 관한 법률에서는 '허위 또는 과장된 사실을 알리거나 기만적 방법을 사용하여 소비자를 유인 또는 거래하는 행위'에 대하여 과태료의 제재를 부과할 수 있다고 규정하고 (제21조 제1항 제1호, 제45조 제1항 제2호 참조)있는 등 고객인 정보통신망 이용자의 권익보호를 위해서 일반상 거래와는 달리 망접속 사업자의 영업방식을 구체적으로 엄격히 규제하고 있는 점이 인정된다.",
            "그런데 피고인은 무작위로 선정된 휴대전화번호로 \"고객님께 전달된 회원사진이 있습니다. 연결을 시도하시겠습니까?\" 또는 \"고객님. 금일 포토 앨범 1건 도착. 연결 하시겠습니까?\" 라는 문자를 보냈다.",
            "따라서, 위와 같은 문자는 지인이 휴대전화 사용자에게 포토메일을 보냈을 때 이동통신사업자가 휴대전화사용자에게 보내는 문자와 유사할 뿐만 아니라 \"고객님께 전달된\"이라는 표현은 지인이 휴대전화 사용자를 특정하여 특정의 사진을 휴대전화를 통해 보냈다는 의미로 해석된다.",
            "문자를 수신한 사람이 접속한 정보서비스의 초기화면 메뉴 (이용요금안내)등을 주의 깊게 살펴보지 않으면 유료 정보서비스라는 점을 쉽게 간파하기도 어려울 것으로 보이는 점, 실제로 피고인으로부터 문자를 수신한 피해자들 중 피해사실을 신고하거나, 경찰 조사에 응한 사람들은 모두 위 문자를 보고 지인이 사진을 보낸 것으로 생각하여 피고인이 운영하는 모바일 블로그로부터 사진을 다운받게 되었다고 진술하고 있는 점이 인정된다.",
            "피고인은 건당 정보이용료를 별도의 본인 확인절차를 거치지 않는 2,700원~2,990원 사이에서 책정하였는바, 별도의 확인절차를 거치지 않을 경우 휴대전화 사용자는 피고인이 제공하는 사진을 무료로 제공되는 사진이라고 오인할 가능성이 큰 점이 인정된다.",
            "휴대전화 사용자에게 부과된 정보이용료가 포기할 수도 있는 소액임에도 불과하고, 피해자들 중 상당수의 사람들이 요금취소, 환불을 적극적으로 요구한 점이 인정된다.",
            "피고인이 제공하는 사진들은 유명 연예인이 아닌 일반 여성의 모습을 촬영한 것으로서, 일반적인 휴대전화 사용자는 약 3,000원 정도의 정보이용료가 부과된 다는 사실을 미리 알았다면, 위와 같은 사진을 다운 받지는 않았을 것으로 보이는 점 등을 종합하면, 이하 다음과 같다.",
            "즉, 피고인이 보낸 위와 같은 문자는 휴대전화 사용자에게 지인이 별도의 정보이용료가 부과되지 않는 사진을 포토메일을 통해 보냈다 는 의미로 해석된다고 할 것이고, 이는 사회상규상 허용되는 허위, 과장 광고의 범위를 넘어 위법한 기망행위라고 할 것이다.",
            "피고인 역시 이와 같은 사정을 잘 알고 이 사건 범행을 계획하고 실행하였다고 할 것이므로 피고인에게 편취의 범의도 있었다고 할 것이다.",
            "피고인의 주장과 같이 피고인이 요금 취소, 환불을 요구하는 피해자들에게 모두 환불하여 주었다고 하더라도 이는 범행 후의 정황에 불과하고, 피고인의 무선콘텐츠 제공 서비스사업이 사업자들로 구성된 연합체에 불과한 000심의를 적법하게 거쳤다고 하더라도 피고인의 편취행위가 정당화될 수는 없다.",
            "누구든지 전자금융거래에 있어서 거래지시를 하거나 이용자 및 거래내용의 진실성과 정확성을 확보하기 위하여 사용되는 전자식 카드 및 이에 준하는 전자적 정보, 인증서, 비밀번호 등 접근매체를 타인에게 양도·양수하여서는 아니 된다."
        ]
    },
    "close": {
        "cnclsns": [
            "피고인을 징역 3년에 처한다."
        ]
    }
}