{
    "info": {
        "caseField": "2",
        "detailField": "6",
        "trailField": "1",
        "caseNm": "가.특정경제범죄가중처벌등에관한법률위반(횡령),나.특정경제범죄가중처벌등에관한법률위반(배임),다.공전자기록등불실기재,라.불실기재공전자기록등행사,마.공인회계사법위반",
        "courtNm": "서울남부지방법원",
        "judmnAdjuDe": "2011. 05. 26.",
        "caseNo": "2010고합560",
        "relateLaword": [
            "특정경제범죄 가중처벌 등에 관한 법률 제3조",
            "형법 제356조",
            "형법 제355조",
            "형법 제30조",
            "구 형법(2010. 4. 15. 법률 제10259호로 개정되기 전의 것) 제42조",
            "형법 제228조",
            "형법 제229조",
            "형법 제37조",
            "형법 제38조",
            "형법 제50조",
            "형법 제53조",
            "형법 제55조",
            "형법 제62조",
            "형사소송법 제325조 "
        ],
        "qotatPrcdnt": [
            "대법원 2002. 7. 22. 선고 2002도1696 판결",
            "대법원 2004. 6. 24. 선고 2004도520 판결",
            "대법원 2008. 5. 29. 선고 2005도4640 판결",
            "대법원 2003. 10. 30. 선고 2003도4382 판결",
            "대법원 2007. 4. 12. 선고 2007도1033 판결"
        ]
    },
    "concerned": {
        "acusr": "4",
        "dedat": "1"
    },
    "org": {
        "orgJdgmnCourtNm": "",
        "orgJdgmnAdjuDe": "",
        "orgJdgmnCaseNo": ""
    },
    "disposal": {
        "disposalform": "8",
        "disposalcontent": [
            "피고인들을 각 징역 2년 6월에 처한다.",
            "다만, 이 판결 확정일로부터 피고인 00, 피고인 00에 대하여는 4년간, 피고인 00에 대하여는 3년간 위 각 형의 집행을 유예한다.",
            "이 사건 공소사실 중 피고인 00에 대한 특정경제범죄 가중처벌 등에 관한 법률 위반(횡령)의 점 및 피고인 00에 대한 공인회계사법 위반의 점은 각 무죄이다."
        ]
    },
    "mentionedItems": {
        "rqestObjet": [
            "피고인들을 각 징역 2년 6월에 처한다."
        ]
    },
    "assrs": {
        "acusrAssrs": [],
        "dedatAssrs": [
            "피고인 00 및 그 변호인은, 000가 49 % 지분을 보유한 피고인 00로 하여금 000의 영업조직을 독점적으로 관리 · 운영하도록 하고 피고인 00에게 상품대금의 15. 2 %(상조금이 198만 원인 상품)또는 22. 9 % (상조금이 240만 원인 상품)에 해당하는 영업수당을 지급하여 옴으로써 과다한 영업비용 지출로 재무구조가 악화되었는바, ",
            "피고인 00은 피고인 00에게 지급되던 영업비용을 절감하기 위하여 피고인 00의 지분 및 독점 영업권을 인수하려 하였는데, 피고인 00가 피고인00의 000 지분을 함께 양수할 것을 강력하게 요구하여, 피고인 00, 00의 지분을 000가 인수하도록 한 것이므로, 이는 오로지 000의 이익을 위하여 한 행위로서 피고인 00에게는 배임의 의사가 없었다고 주장한다. ",
            "피고인 이○○ 및 그 변호인은, 피고인 00가 000 지분을 피고인 00에게 양도하고 그 대금을 지급받은 것일 뿐, 그 양수대금을 000의 자금으로 마련한 피고인 00의 범행에 관여하거나 적극가담한 바 없으므로, 업무상 배임죄의 공동정범이 되지 않는다고 주장한다.",
            "피고인 00 및 그 변호인은, 피고인 00가 000 주식을 000에 양도한 사실은 있으나, 당시 000의 경영권으로부터 이미 배제되어 있었기 때문에 자신의 주식을 처분할 수밖에 없었던 상황이었고, 경영권확보를 위하여 000의 자금으로 이를 양수한 피고인 00의 배임행위에 적극가담한 것은 아니므로, 업무상배임죄의 공동정범이 되지 않는다고 주장한다.",
            "피고인 00 및 그 변호인은, 000의 영업비용절감을 통한 재무건전성 확보를 위하여 주식양수도절차에 관한 자문을 하여 준 것에 불과하여 배임의 의사가 없었을 뿐 아니라, 000는 이 사건 거래로 피고인 00의 영업권을 양수함으로써 영업비용이 절감되었을 뿐 어떠한 손실도 입은 바 없다고 주장한다.",
            "피고인 00 및 그 변호인은, 000가 이 사건 거래로 피고인 00의 영업권을 인수함으로써 영업비용을 절감하여 이득 을 얻었을 뿐 손해를 입은 바 없다고 주장한다.",
            "피고인 00, 00 및 그 변호인은, 피고인 00, 00의 지분을 000에서 취득하였으므로, 000가 입은 재산상의 손해액에서 피고인 00, 00의 지분 가치를 평가하여 이를 공제하여야 한다고 주장한다."
        ]
    },
    "facts": {
        "bsisFacts": [
            "피고인 00은 2003. 12. 24. 관혼상제 실시에 관한제 준비 및 알선업 등을 목적으로 자본금 5,000만 원으로 설립된 피해자 주식회사 000(이하 'OOO' 라 한다)의 대표이사로 2004. 12. 30. 부터 현재까지 재직하면서, 000의 회계처리 등 경영 전반에 관한 의사결정업무를 담당하는 사람이다.",
            "피고인 00는 2003. 12. 경 000의 설립 초기에 대표이사로 000의 경영에 관여한 것을 비롯하여 000의 영업사 원으로 등재되어 있는 사람이며, 피고인 00는 2004. 12. 30. 부터 2009. 3. 31. 까지 000의 등기이사로 등재되어 있으면서 000의 장의행사 업무를 담당하던 사람이고, 피고인 00는 공인회계사로서 2008. 3. 경부터 현재까지 000의 회계에 관한 외부감사업무를 수행하는 사람이다. ",
            "000는 대표이사가 모든 영업을 관장하는 일반적인 주식회사 경영방식과 달리, 장례행사 관련 영업은 000의 31%의 지분을 보유한 대표이사인 피고인 00이 경영을 담당하고, 회원모집 관련 영업은 000의 49 % 지분을 보유하면서 000의 부회장이라는 직함을 가지고 있던 피고인 00가 경영을 담당하는 이원화된 경영구조를 갖고 있었다. ",
            "상조업에 대한 규제의 목소리가 높아지면서 000에서 발을 빼고 싶었던 피고인 00는 2009. 1. 경 피고인 00에게 피고인 00으로 하여금 000의 법인자금으로 자신의 지분을 인수하도록 해 달라고 부탁하였고, 이를 승낙한 피고인 00는 수회에 걸쳐 피고인 00에게 000의 법인자금으로 피고인 00의 지분을 인수하라고 말하면서 아래와 같은 부정한 방법을 제안하였다.",
            "피고인 00는 피고인 00이 결정을 못하고 미적거리자 피고인 00에게 만나자고 하여 피고인 00에게 금전적 보상을 운운하며 000의 법인자금으로 자신의 보유지분을 인수해 달라고 요청하기도 하였다.",
            "000의 경영권을 장악하고자 했던 피고인 00은 피고인 00로부터 000의 자회사를 설립해서 전환사채를 인수하는 형태로 000의 법인자금을 유출시킨 후 이를 다시 정상적인 자금거래인 것처럼 가장하여 피고인 00이 경영권을 장악하고 있는 업체로 분산 이체하였다가 그 업체 명의로 피고인 00와 피고인 00의 지분을 취득하면 000의 경영권을 장악할 수 있다.는 취지의 설명을 들었다. ",
            "업무상 임무에 위배하여, 피고인 00의 제안내용대로 피고인 00이 경영권을 장악하고 있는 부실업체들을 이용해 000의 법인자금으로 피고인 00와 피고인 00의 000 주식을 인수하기로 마음먹었다.",
            "피고인들은 공모하여, 수회에 걸쳐 000의 법인자금 62억 9, 000만 원을 000를 통해 유출시켜 그 돈으로 전환사채인수대금이나 주식인수대금 등의 명목으로 000과 000의 계좌로 이체한 후 그 자금으로, 피고인 00이 최대주주로서 경영권을 장악하고 있는 000과 000 명의로 피고인 0의 지분을 45억 원에, 피고인 00의 지분을 16억 7,600만 원에 각 인수하였다.",
            "그럼으로써 62억 9,000만 원 상당의 재산 상 이익을 취득하고, 000에게 동액 상당의 재산상 손해를 가하였다 ",
            "피고인 나○○은 공전자기록에 불실의 사실을 기재하게 하고 불실의 사실이 기재된 위 공전자기록을 행사하였다. "
        ]
    },
    "dcss": {
        "courtDcss": [
            "업무상배임죄는 타인의 사무를 처리하는 자가 그 임무에 위배하는 행위로써 재산상 이익을 취득하거나 제3자로 하여금 이 를 취득하게 하여 본인에게 손해를 가함으로써 성립하고, 이 경우 그 임무에 위배하는 행위 라함은 사무의 내용, 성질 등 구체적 상황에 비추어 법률의 규정, 계약의 내용 혹은 신의칙상 당연히 할 것으로 기대되는 행위를 하지 않거나 당연히 하지 않아야 할 것으로 기대되는 행위를 함으로써 본인과의 신임관계를 저버리는 일체의 행위를 포함한다.",
            "(대법원 2002. 7. 22. 선고 2002도1696 판결 등 참조)",
            "나아가 업무상배임죄가 성립하려면 주관적 요건으로서 임무위배의 인식과 그로 인하여 자기 또는 제3자가 이익을 취득하고 본인에게 손해를 가한다는 인식, 즉 배임의 고의가 있어야 하나, 이러한 인식은 미필적 인식으로도 충분하므로, 그 행위의 결과가 일부 본인을 위한 측면이 있다 하더라도 본인의 이익을 위한다는 의사는 부수적일 뿐이고 이득 또는 가해의 의사가 주된 것임이 판명되면 배임죄의 고의를 부정할 수 없다.",
            "(대법원 2004. 6. 24. 선고 2004도520 판결, 대법원 2008. 5. 29. 선고 2005도4640 판결 등 참조)",
            "또한 업무상배임죄의 실행으로 인하여 이익을 얻게 되는 수익자 또는 그와 밀접한 관련이 있는 제3자를 배임의 실행행위자와 공동정범으로 인정하기 위하여는 실행행위자의 행위가 피해자 본인에 대한 배임행위에 해당한다는 것을 알면서도 소극적으로 그 배임행위에 편승하여 이익을 취득한 것만으로는 부족하다. ",
            "실행행위자의 배임행위를 교사하거나 또는 배임행위의 전 과정에 관여하는 등으로 배임행위에 적극 가담할 것을 필요로 한다(대법원 2003. 10. 30. 선고 2003도4382 판결, 대법원 2007. 4. 12. 선고 2007도1033 판결 등 참조). ",
            "앞서 채택한 증거들에 의하여 인정되는 이 사건 000 지분 양도 경위는 다음과 같다. 가)피고인 00는 2003. 12. 경 000를 설립한 후, 2004. 경 피고인 000, 00 형제와 사이에 이미 설립되어 있던 000를 활용하여 회원모집 업무는 피고인이 000가, 장례행사 업무는 피고인 00, 00가 도맡아서 하는 방법으로 상조업을 동업하기로 하였다.",
            "피고인 00에게 000 지분 31 %, 피고인 00에게 000 지분 20%를 주고, 나머지 49%는 자신의 누나인00 (28%), 처남인 00 (21 %)로부터 그 명의를 차용하여 자신이 보유하였다.",
            "피고인 00는 00, 00의 이름으로 2008. 12. 19. 공인회계사인 피고인 00와 사이에, 000 보유지분 49 % 를 양도하는 것에 관하여 피고인 김○○에게 양수인의 발굴, 계약조건 자문, 계약서 작성, 세무자문, 기타 당해 거래의 성사를 위한 자문 제공 등의 업무를 위탁하고 자문수수료로 총 양도대가의 5 % 를 지급하기로 하는 내용의 자문계약을 체결하였다.",
            "그리고 그 무렵 피고인 00에게 피고인 00으로 하여금 자신의 지분을 인수하도록 설득하여 달라고 부탁하였다.",
            "피고인 00는 000의 직원인 0, 00 등을 통하여 피고인 00에게, 피고인 00가 그 지분을 50억 원에 매도하려고 하는데 45억 원 정도면 거래가 성사될 수 있다는 말을 전달하면서, 000의 자회사를 설립하여 000의 자금을 돌린 후 그 돈으로 주식을 인수하면 된다고 하였고, 피고인 00도 피고인 00을 만나 000의 법인자금으로 보유지분을 인수하여 줄 것을 요청하였다",
            "피고인 00는 피고인 00이 피고인 00의 지분인수제의를 수락한 이후인 2009. 1. 21. 경 000 와 사이에 피고인 00의 지분 49%의 인수에 관하여 총 매수대가의 0.5% 를 자문수수료로 하는 주권매수자문계약 (증라 제3 호증)을 체결하였다.",
            "피고인 00는 피고인 00, 00에게, 상법상 자기주식취득 금지규정 및 세법상 특수관계자 규정을 회피하기 위하여 000의 자회사인 000를 설립하여 000가 000의 전환사채를 인수하는 형태로 000의 법인자금을 유출시킨 후 이를 다시 정상적인 자금거래인 것처럼 가장하여 피고인 00이 사실상 경영권을 장악하고 있는 000과 000에 분산 이체한 다음 000과 000에서 그 지분을 인수하는 방안을 마련하여 제시하였다.",
            "피고인 00는 그의 형인 피고인 00과 사이에 다툼이 있어 오던 중 피고인 00가 위와 같이 000의 자금으로 지분을 처분하려 한다는 사실을 알게 되었고, 이에 피고인 00에게 자신의 지분도 함께 처분할 수 있도록 하여 달라고 부탁하였으며, 피고인 00는 2009. 1. 중순경 피고인 00로부터 피고인 00의 지분도 함께 처분할 수 있는지 알아봐 달라는 요청을 받고, 피고인 00에게 이를 전달하였다.",
            "피고인 00은 피고인 00의 지분을 45억 원에, 피고인 00의 지분은 피고인 00와의 조율을 거쳐 16억 7, 600만원 에 각 인수하기로 하였고, 이에 피고인들은 2009. 2. 25. 경 000 및 000이 피고인 00, 00의 지분을 양수하기로 하는 내용의 계약을 체결하였다.",
            "한편, 000의 자회사인 000는 2009. 2. 17. 설립되었는데, 피고인 00는 000 설립에 관한 2009. 1. 10. 자 000 이사회의사록에 이사 000, 감사 00를 대신하여 그들의 인장을 날인하였고, 피고인 00도 이사로서 위 이사회의 사록에 날인하였다(수사기록 2542, 2543쪽).",
            "피고인 00은 실질적으로 그 지분 전부를 보유하고 대표이사로서 경영권을 장악하고 있던 000과 000에 관하여, 2009. 2. 20. 경 실질적으로는 여전히 그 지분 전부를 보유한 채 형식적으로만 00, 00에게 해당 보유지분 전부를 양도하여 00, 00이 000과 000의 지분 전부를 보유하는 것과 같은 외관을 갖추었다.",
            "그리고 2009. 2. 19. 000 인에 관한 피고인 00의 이사사임등기, 00의 이사선임 등 기를, 2009. 2. 20. 000에 관한 피고인 00, 00의 이사사임등기 등을 경료하였다.",
            "피고인들은 피고인 00가 제시한 거래구조 및 지분인수일정 등에 따라 (수사기록 2541, 2866쪽 지분인수일정), 2009. 2. 17. 경 000의 자회사인 000를 설립함에 있어 설립자본금을 15억원으로 하고, 위 설립자본금 중 13억 원으로 000과 이 000의 전환사채를 인수하는 것으로 처리하였다.",
            "그런 다음, 2009. 2. 25. 계약금 명목으로 피고인 00에게 10억원(= 000 3억 6,500만 원 + 000 6억 5,000만 원), 피고인 00에게 3억원(= 000 1억 3,500만원 + 1억 6,500만원)을 지급하였다.",
            "피고인 00은 2009. 2. 19. 000에서 000의 전환사채 45억원을 인수하는 것처럼 등기를 마치고, 2009. 3. 27. 경 000의 계좌로 37억7,000만원을 이체한 후 000의 나머지 설립자본금 2억원 중 1억9,000만원을 합한 39억 6, 00만원으로 000과 000의 유상증자에 참여하는 것으로 처리하였다.",
            "그런 다음, 2009. 4. 1. 피고인 00에게 잔금 35억 원(= 000 16억3,500만원 + 000 18억6,500만 원), 피고인 00에게 중도금 3억원 (= 000 1억3,500만원 + 1억 6,500만원)을 지급하였다.",
            "피고인 00은 2009. 8. 26. 000에서 000의 전환사채 10억 2, 000만원을 인수하는 것처럼 등기를 마치고 2009. 8. 31. 000의 자금 10억 2, 000만 원을 000를 거쳐 000, 000의 계좌에 분산 입금한 뒤, 위 10억 2, 000만 원에 000 및 000에 남아있던 5, 600만 원을 합한 10억 7, 600만 원을 피고인 00에게 잔금으로 지급하였다.",
            "피고인 00는 지분인수에 관한 자문수수료 명목으로 피고인 00로부터 양도대금의 5 % 인 2억 2, 500만 원, 000로 부터 피고인 00 지분 인수대금의 0~5 % 인 3, 088만 원을 각 지급받고, 별도로 피고인 00로부터 1, 000만 원을 지급받았다.",
            "피고인 00는 000의 대주주로서 00, 00의 명의를 빌려 이사 및 감사의 권한을 행사하고, 000의 부회장 내지 사장의 직함을 사용하면서, 000의 업무집행지시자로서 피고인 00과 함께 경영권을 행사하여 온 것으로 보인다.",
            "피고인 00은 개인적으로는 피고인 00, 00의 000 지분을 인수할 수 있을 만한 자력이 없어 000의 자금으로 인수할 수밖에 없었고, 이러한 사정은 피고인 00, 00, 00도 잘 알고 있었다.",
            "피고인 00는 업무집행지시자로서 000의 경영권을 행사하면서 자신이 관리하는 000의 계좌로 거액의 돈을 영업비용 명목으로 지급받아 관리하며 이득을 취해 오던 중 자신의 지분을 용이하게 처분하기 위하여, 피고인 00와 지분 처분에 관한 자문계약을 체결하고, 자신이 직접 또는 피고인 00를 통하여 자력이 없는 피고인 00에게 자신의 지분을 000의 자금으로 인수할 것을 먼저 적극적으로 권유하였다.",
            "피고인 00는 피고인 00의 위와 같은 주된 의사와 목적을 충분히 인식하였거나 미필적으로나마 인식하였음에도, 피고인 00 가 회사의 자금으로 그의 지분을 처분하는 기회에 편승하여 자신의 지분도 000의 자금으로 용이하게 처분하고자, 피고인 00에게 자신의 지분도 피고인 00의 지분과 함께 양수하여 줄 것을 적극적으로 요청하여 자신의 지분을 처분하였다.",
            "피고인 00역시 피고인 00 등의 위와 같은 주된 의사와 목적을 충분히 인식하였거나 미필적으로나마 인식하였음에도, 피고인 00의 지분 처분을 위한 자문계약을 체결하였다.",
            "그리고 000의 자회사인 000를 설립하여 000의 자금을 유출시킨 뒤 000의 자금으로 피고인 00이 경영권을 실질적으로 장악하고 있는 000 및 000의 명의로 피고인 00, 00의 지분을 인수하는 방안을 마련하고 실행되게 함으로써, 피고인 00, 00, 00로부터 합계 2억6,588만원 상당의 수수료를 수취하였다.",
            "피고인들은 모두 업무상배임죄의 공동정범으로서의 죄책을 진다고 할 것이다."
        ]
    },
    "close": {
        "cnclsns": [
            "피고인들을 각 징역 2년 6월에 처한다.",
            "다만, 이 판결 확정일로부터 피고인 00, 피고인 00에 대하여는 4년간, 피고인 00에 대하여는 3년간 위 각 형의 집행을 유예한다",
            "이 사건 공소사실 중 피고인 00에 대한 특정경제범죄 가중처벌 등에 관한 법률 위반(횡령)의 점 및 피고인 00에 대한 공인회계사법 위반의 점은 각 무죄."
        ]
    }
}