{
    "info": {
        "caseField": "2",
        "detailField": "6",
        "trailField": "2",
        "caseNm": "폭력행위등처벌에관한법률위반(상습폭행)(일부인정된죄명:폭행),강요",
        "courtNm": "서울고등법원",
        "judmnAdjuDe": "2010. 09. 03.",
        "caseNo": "2010노1184",
        "relateLaword": [
            "형사소송법 제364조",
            "형법 제37조",
            "형사소송법 제369조",
            "형법 제260조",
            "형법 제38조",
            "형법 제50조",
            "형법 제70조",
            "형법 제69조",
            "형사소송법 제325조",
            "폭력행위 등 처벌에 관한 법률 제2조",
            "형사소송법 제334조"
        ],
        "qotatPrcdnt": [
            "대법원 2003. 9. 26. 선고 2003도763 판결",
            "대법원 2006. 5. 11. 선고 2004도6176 판결"
        ]
    },
    "concerned": {
        "acusr": "자연인, 검사",
        "dedat": "1"
    },
    "org": {
        "orgJdgmnCourtNm": "육군본부 보통군사법원",
        "orgJdgmnAdjuDe": "2010.3.25.",
        "orgJdgmnCaseNo": "2009고24"
    },
    "disposal": {
        "disposalform": "9",
        "disposalcontent": [
            "원심판결 중 유죄부분을 파기한다.",
            "피고인을 벌금 5,000,000원에 처한다.",
            "피고인이 위 벌금을 납입하지 아니하는 경우 금35,000원을 1일로 환산한 기간 피고인을 노역장에 유치한다.",
            "다만 단수금액은 이를 1일로 한다.",
            "위 벌금에 상당한 금액의 가납을 명한다.",
            "이 사건 공소사실 중 강요의 점은 무죄이다.",
            "원심판결 중 공소기각 부분 (이유 무죄 부분 포함) 에 대한 검사의 항소를 기각한다."
        ]
    },
    "mentionedItems": {
        "rqestObjet": [
            "피고인은 피해자 00에 대한 가해의 의사 없이 친근감의 표시로 장난을 친 것에 불과할 뿐이어서, 피고인에게 위 피해자를 폭행할 고의가 없었거나 위 피해자에 대한 유형력의 행사가 사회상규에 반하지 않는 것으로 폭행죄가 성립할 수 없고, 피고인이 위 피해자에 대하여 의무 없는 일을 강요한 적이 없음에도 원심이 사실을 오인하거나 법리를 오해하여 피고인에 대한 폭행죄 및 강요죄의 성립을 인정한 잘못을 저질렀다.",
            "피고인이 전과가 전혀 없는 초범인 점 등에 비추어보면, 원심이 피고인에게 선고한 형(징역 8월, 집행유예 2년)은 너무 무거워서 부당하다.",
            "이 사건 증거들에 의하여 특정한 범죄사실만으로도 피고인은 단기간 내에 수차례에 걸쳐 피해자 00와 00을 폭행한 점 등에 비추어보면, 피고인의 피해자들에 대한 폭행은 그 상습성이 발현된 것이라고 할 것임에도, 원심이 상습성의 법리를 오해하여 이 부분 공소사실을 무죄 또는 공소기각으로 판단한 잘못을 저질렀다.",
            "피고인이 이 사건 범행을 부인하고 있고, 피고인의 범행을 견디지 못한 피해자 00가 스스로 목숨을 끊는 등 그 범행결과가 매우 중한 점 등에 비추어보면, 원심이 피고인에게 선고한 형은 너무 가벼워서 부당하다."
        ]
    },
    "assrs": {
        "acusrAssrs": [
            "이 사건 증거들에 의하여 특정한 범죄사실만으로도 피고인은 단기간 내에 수차례에 걸쳐 피해자 00와 00을 폭행한 점 등에 비추어보면, 피고인의 피해자들에 대한 폭행은 그 상습성이 발현된 것이라고 할 것임에도, 원심이 상습성의 법리를 오해하여 이 부분 공소사실을 무죄 또는 공소기각으로 판단한 잘못을 저질렀다.",
            "피고인이 이 사건 범행을 부인하고 있고, 피고인의 범행을 견디지 못한 피해자 00가 스스로 목숨을 끊는 등 그 범행결과가 매우 중한 점 등에 비추어보면, 원심이 피고인에게 선고한 형은 너무 가벼워서 부당하다."
        ],
        "dedatAssrs": [
            "피고인은 피해자 00에 대한 가해의 의사 없이 친근감의 표시로 장난을 친 것에 불과할 뿐이어서, 피고인에게 위 피해자를 폭행할 고의가 없었거나 위 피해자에 대한 유형력의 행사가 사회상규에 반하지 않는 것으로 폭행죄가 성립할 수 없다.",
            "피고인이 위 피해자에 대하여 의무 없는 일을 강요한 적이 없음에도 원심이 사실을 오인하거나 법리를 오해하여 피고인에 대한 폭행죄 및 강요죄의 성립을 인정한 잘못을 저질렀다.",
            "피고인이 전과가 전혀 없는 초범인 점 등에 비추어보면, 원심이 피고인에게 선고한 형(징역 8월, 집행유예 2년)은 너무 무거워서 부당하다."
        ]
    },
    "facts": {
        "bsisFacts": [
            "피고인이 피해자 00, 00, 00, 00 등과 함께 2009. 10. 29. 11:40경 ㅇㅇ대 ㅇㅇㅇㅇ단 제1병사 식당 방향으로 걸어가다가 위 피해자에게 점심 메뉴를 묻자, 위 피해자가 국의 종류를 잘못 대답하였다."
        ]
    },
    "dcss": {
        "courtDcss": [
            "피고인은 이 부분 항소이유로 피해자 00에 대한 신체 접촉 행위가 폭행죄를 구성하지 않는다고 주장하므로 살피건대, 피고인의 원심 변호인이 원심에서 이 부분 항소이유와 동일한 주장을 하여 원심은 판결문에 변호인의 주장에 대한 판단이라는 제목 아래 변호인의 주장과 이에 대한 판단을 자세하게 설시하여 위 주장을 배척했다.",
            "원심의 위와 같은 판단을 기록과 대조하여 면밀히 살펴보면, 원심의 판단은 정당한 것으로 수긍이 되고 거기에 사실을 오인하거나 폭행, 사회상규 등에 관한 법리를 오해하여 판결에 영향을 미친 위법이 있다고 할 수 없다. 피고인의 이 부분 주장은 이유 없다.",
            "피고인은 2009. 10. 29. 11:40경 ㅇㅇ대 ㅇㅇ연병장 입구에서 ㅇㅇ대 ㅇㅇㅇㅇ단 제1병사 식당 방향으로 걸어가다가 피해자 00가 점심 식단을 제대로 알지 못한다는 이유로 우측 무릎으로 위 피해자의 우측 허벅지 부위를 1회 때리고 계속하여 ㅇㅇ대 체육관 앞에 이르러 위 피해자에게 점심 반찬인 돈육김치볶음을 먹지 말라고 지시하였다.",
            "그리하여, 위 피해자가 식사를 하며 돈육김치볶음을 먹지 못하게 함으로써 피고인은 위 피해자를 폭행하여 위 피해자에게 의무 없는 일을 하게 하였다.",
            "이에 피고인이 \"국은 왜 몰라?\" 라고 하자, 위 피해자는 \"국은 잘 먹지 않아 안 외웁니다.\" 라고 대답하였으며, 피고인이 다시 위 피해자에게 \"점심 반찬 중 돈육김치볶음을 먹지 말라\" 고 하자, 위 피해자는 \"괜찮습니다. 부추와 깍두기를 비벼먹으면 됩니다.\" 라고 대답하였다.",
            "따라서, 위와 같은 피고인과 피해자 00 사이의 대화 내용은 엄격한 군율과 계급이 존재하는 군 문화에 비추어보아 위 피해자가 병장인 피고인의 핀잔 또는 지시를 진정한 것으로 받아들였을 경우에 할 수 있는 대화로는 보기 어려운 점이 인정된다.",
            "당시 자리에 함께 있던 00도 당심에서 피해자 00가 국을 외우지 않는다고 했을 때 피고인이 위 피해자를 무릎으로 때렸는지는 보지 못했으나, 웃음소리를 들었을 때 장난치는 것으로 들었다는 취지로 진술하고 있는 점(당심 제3회 공판조서)에 비추어보면, 피고인과 피해자 00 사이의 위와 같은 대화내용은 피고인의 위 피해자에 대한 일방적인 꾸짖음이나 지시라기보다는 선임병인 피고인이 후임병인 피해자의 실수를 놀리는 것으로 봄이 상당한 점이 인정된다.",
            "피고인이 위 피해자를 무릎으로 가격할 당시 피고인 등은 위 식당으로 이동하기 위하여 열을 맞추어 행군하던 중이었으므로, 피고인이 행군 중 대오를 이탈하거나 행군 중 발로 위 피해자의 우측 허벅지를 가격하지 않는 이상, 행군 중 무릎에 의한 가격의 정도는 매우 약했을 것으로 보이는 점이 인정된다.",
            "피해자 00는 위 식당에 도착한 후 돈육김치볶음을 포함한 모든 반찬과 밥을 배식받았는데, 식당 배식은 본인이 원하는 반찬은 원하는 만큼 배식받을 수 있으므로(증인 00의 당심 제3회 공판기일에서의 법정 진술), 만약 위 피해자가 피고인의 앞선 지시를 진정한 것으로 받아들였다면, 돈육김치볶음을 배식 받지 않음으로써 피고인에게 새로이 트집거리를 제공하지는 않았을 것으로 보이는 점이 인정된다.",
            "피고인이 위 피해자 등과 함께 식사를 하던 중, 위 피해자가 돈육김치볶음을 먹지 않자, 위 피해자에게 장난이었어, 먹어라고 한 점 등을 앞서 본 법리에 비추어보면, 피고인의 위 피해자에 대한 폭행은 위 피해자로 하여금 돈육김치볶음을 먹거나 먹지 않을 의사결정의 자유를 제한하는 정도에 이르지 않음은 물론이고, 피고인에게 그와 같은 강요의 고의가 있었다고 단정하기도 어려우며, 달리 이를 인정할 증거도 없다.",
            "따라서 이 부분 공소사실은 법관으로 하여금 합리적인 의심을 배제할 정도로 공소사실이 진실한 것이라고 입증되었다고 할 수 없으므로 범죄의 증명이 없는 경우에 해당하여 형사소송법 제325조 후단에 의하며 무죄를 선고하였어야 함에도 원심은 사실을 오인하거나 강요죄의 법리를 오해하여 판결에 영향을 미친 위법을 범하였다.",
            "피고인은 이 사건 각 범행 이전까지 아무런 전과가 없고, 대학을 휴학하고 군 복무를 수행하면서 아무런 징계처분을 받음이 없이 성실히 근무하여 왔을 뿐 아니라, 이 사건 각 폭행은 피고인이 군에 입대한 후 공동생활을 하는 생활관 등지에서 대부분 장난을 빙자하여 이루어진 점이 인정된다.",
            "폭행의 정도가 경미하여 피해자들에게 상해의 결과가 발생한 것으로는 보이지 않는 점 등에 비추어보면, 이 사건 각 폭행의 범행이 과연 피고인에게 내재된 폭력 습벽의 발현으로 인한 것이라고 합리적 의심의 여지없이 확신할 수 있을지 의문이 든다.",
            "따라서 피고인에 대한 상습폭행의 점에 관하여 무죄(피해자 00에 대한 상습폭행의 점은 폭행죄만 인정하되 위 피해자가 처벌불원의 의사를 표시하였으므로 공소기각판결)를 선고한 원심의 판단은 정당하고, 거기에 검사가 지적하는 바와 같은 상습성에 관한 법리오해의 잘못이 있다고 인정되지 않는다. 검사의 이 부분 주장은 받아들일 수 없다."
        ]
    },
    "close": {
        "cnclsns": [
            "원심판결 중 유죄부분을 파기한다.",
            "피고인을 벌금 5,000,000원에 처한다.",
            "피고인이 위 벌금을 납입하지 아니하는 경우 금 35,000원을 1일로 환산한 기간 피고인을 노역장에 유치한다. ",
            "다만 단수금액은 이를 1일로 한다.",
            "위 벌금에 상당한 금액의 가납을 명한다.",
            "이 사건 공소사실 중 강요의 점은 무죄이다.",
            "원심판결 중 공소기각 부분(이유 무죄 부분 포함)에 대한 검사의 항소를 기각한다."
        ]
    }
}