{
    "info": {
        "caseField": "2",
        "detailField": "6",
        "trailField": "1",
        "caseNm": "특정경제범죄가중처벌등에관한법률위반(사기)",
        "courtNm": "서울중앙지방법원",
        "judmnAdjuDe": "2010. 10. 29.",
        "caseNo": "2010고합120",
        "relateLaword": [
            "특정경제 범죄가중처벌 등에 관한 법률 제3조",
            "형법 제347조",
            "형법 제55조",
            "형사소송법 제325조"
        ],
        "qotatPrcdnt": []
    },
    "concerned": {
        "acusr": "4",
        "dedat": "1"
    },
    "org": {
        "orgJdgmnCourtNm": "",
        "orgJdgmnAdjuDe": "",
        "orgJdgmnCaseNo": ""
    },
    "disposal": {
        "disposalform": "6",
        "disposalcontent": [
            "피고인을 징역 1년 6월에 처한다.",
            "이 사건 공소사실 중 2007.4.18.자 특정경제범죄 가중처벌 등에 관한 법률 위반(사기)의 점은 무죄이다."
        ]
    },
    "mentionedItems": {
        "rqestObjet": [
            "피고인을 징역 1년 6월에 처한다."
        ]
    },
    "assrs": {
        "acusrAssrs": [],
        "dedatAssrs": [
            "피고인과 변호인은, 00에게 000 인수 계약금으로 000 주권을 교부하였는데, 00이 임의로 이를 000 증자대금으로 사용한 것이고, 피고인에 대한 기존 채무 등에 대한 변제 명목으로 000의 지분 50%를 주기로 한 것인데 실제로 위 지분을 받은 바 없다고 주장하면서 기망 및 편취의 범의를 부인한다."
        ]
    },
    "facts": {
        "bsisFacts": [
            "피고인은 2003. 6. 24. 대법원에서 특정경제범죄 가중처벌 등에 관한 법률 위반(횡령)등으로 징역 3년 6월을 선고받는 등 수 개의 기업관련 범죄로 인하여 복역하던 중 2007. 3. 18. 재심개시결정으로 석방되어 현재 형 집행정지 기간 중에 있는 사람이다.",
            "피고인은 1999. 12. 3.경 자신이 실질적 사주이었던 000개발 주식회사(2000. 9. 28. 주식회사 ㅇㅇㅇ, 2003. 4. 25. 주식회사 000로 각 상호 변경됨, 이하 'OOOO' 라 한다)의 자금으로 대전지방법원 서산지원에서 진행 중이던 0000 000ㅇ 등 25필지 토지의 경매에 참여하여 000 명의로 경락받고, 2000. 10. 23. 부근의 000 등 4필지를 다른 경락인으로부터 매수하였다.",
            "000가 농지법상의 농지 취득자격을 갖추지 못하여 0000토지를 처분할 처지에 놓이자, 2001. 12. 17. 000법인을 설립하고 서산토지 중 20필지의 소유권을 000법인으로 이전하였다.",
            "피고인은 자신이 운영하던 회사들의 자금을 횡령한 사실 등 속칭 00 게이트 사건으로 인하여 2001. 9.경 구속되었고, 결국 000도 자본잠식으로 인하여 2005. 3. 4. 파산결정에 이르게 되었다.",
            "000 관련 채권자 등이 2005. 3. 9. 근저당권 등에 기하여 0000토지에 대하여 경매를 신청하고, 000 파산관재인도 0000토지 중 20필지가 000로부터 000법인으로 이전된 것은 사해행위에 해당함을 전제로 소송을 제기하려 하자, 피고인은 다시 농업회사법인 주식회사 000(이하 'OOOOO'이라 한다)을 설립하고 2005. 5. 13. 위 토지의 000 법인 소유권을 000로 이전하였다.",
            "000 파산관재인은 2005. 9. 22. 000와 000법인을 상대로 위 토지에 관한 사해행위취소 및 소유권말소등기 청구소송을 제기하였다.",
            "피고인은 출소 후 자신의 사업기반이 될 0000토지에 대한 소유권을 잃게 될 상황에 처하게 되자, 0000토지의 매각을 위하여 매입자 역할을 할 수 있는 회사를 인수한 후 시가보다 훨씬 높은 가격에 서산토지를 매각하는 방법을 모색하게 되었다.",
            "피고인은 2006. 9. 20.경 0000에 있는 서울구치소 접견실에서 자신의 형사사건 담당 변호사였던 피해자 00에게 \"내가 상장기업을 헐값에 인수하여 내 소유 0000토지를 200억 원 내지 300억 원에 매입하는 작업을 추진하고 있다. 그를 위해 주식회사 000(이하 'OOO'라 한다)라는 회사를 인수하려고 하는데 중도금과 잔금 조달방법은 이미 모두 준비가 되었지만 당장 계약금 10억 원이 필요하다. \"",
            "나에게 계약금으로 10억 원을 빌려주면 2006. 12. 31.까지 22억 원을 변제하는 것 외에 000토지 매각대금 중 22억 원을 공제한 나머지 금액의 30%를, 그리고 그 매각대금을 통하여 새로이 인수하는 기업의 지분 30%도 보장하겠다\" 라고 말했다.",
            "그리하여, 2006. 9. 28.경 피해자 00으로 하여금 5억 원을 송금하게 한 후, 2006. 10. 10. 000의 인수를 위한 계약금으로 사용하겠다고 하면서 피해자 00으로부터 주식회사 000(이하 'OOO'라 한다)주식 19,687주 시가 5억 원 상당을 위 계약금 명목으로 받았다.",
            "피고인은 2006. 10. 10. 피해자 00으로부터 000 주식을 받더라도 이를 000의 인수 계약금이 아니라 00 측과 설립하기로 한 000 주식회사(이하 'OOO'라 한다)의 증자대금으로 사용하려고 하였다.",
            "피고인은 이와 같이 피해자 00을 기망하여 이에 속은 피해자 00으로부터 000 주식 19,687주 시가 5억 원 상당을 받아 이를 편취하였다.",
            "피고인은 2006. 9. 26.경 특정경제범죄 가중처벌 등에 관한 법률 위반(사기)죄 등으로 서울구치소에 수감 중인 000의 실질적인 사주인 00과 사이에, 000 주식 152만 주를 110억 원에 매수하되 계약금 10억 원은 2006. 9. 27.까지4), 중도금 50억 원은 2006. 10. 25.까지, 잔금 50억 원은 000 주식의 보호예수기간 종료 후에 즉시 지급하는 내용의 주식매매 및 경영권양도계약을 체결하였다.",
            "피고인은 2006. 9. 27. 피해자 00과 사이에, 피해자 00이 계약체결과 동시에 000 인수 계약금으로 피고인이 지정한 계좌에 10억 원을 입금하면 피고인은 2006. 12. 31.까지 원리금 합계 22억 원을 반환하고, 회사 인수에 따른 이득 중 위 22억 원을 제외한 나머지 금액의 30%와 향후 피고인이 기업인수합병을 추진하는 경우 지분 30%를 보장하기로 합의하였다(증거기록 2권 27쪽).",
            "그리하여 이에 피해자 00은 2006. 9. 28. 피고인이 지정한 00의 계좌로 5억 원을 송금하였다.",
            "피해자 00이 위와 같은 합의에 따른 인수 계약금 지급에 대하여 위험성이 있다고 판단하여 나머지 5억 원을 지급하지 않자, 피고인은 2006. 10. 10. 피해자 00과 사이에, 피해자 00이 000 인수 계약금으로 추가로 5억 원 상당의 000주식을 지급하면 2007. 1. 31.까지 7억 원, 2007. 2. 28.까지 17억 원 등 합계 24억 원을 반환하였다.",
            "그리고 회사 인수에 따른 이득 중 위 24억 원을 제외한 나머지를 추후 공동투자 자본으로 삼으며, 투자수익 중 30%를 분배하기로 합의하였다.",
            "피해자 00은 2006. 10. 10. 피고인과 관련한 업무처리 등을 담당하여 오던 변호사인 00에게 000 주식 19,687주의 주권을 교부하였고, 00는 1주일 후 위 주권을 00의 여동생인 00에게 전달하였다.",
            "00은 2006. 10. 16. 자본금 5억 원으로 000를 설립하였고, 2006. 10. 20. 00로부터 받은 000 주식의 매매대금을 다시 납입받는 방법으로 5억 원을 증자하면서, 000의 3억 원 상당의 주식 지분을 피고인의 딸인 00에게, 2억 원 상당의 주식 지분을 김명순에게 각 이전하였고(증거기록 2권 685쪽), 00, 00, 피고인과 사돈관계인 00은 같은 날 000의 이사로 취임하였다."
        ]
    },
    "dcss": {
        "courtDcss": [
            "피고인이 판시와 같이 000 주식을 교부받더라도 000의 증자대금으로 사용하려고 하였음에도 이를 마치 000의 인수 계약금으로 사용하는 것처럼 피해자 00을 기망하여 이를 교부받아 편취하였다고 인정할 수 있다.",
            "피고인의 주장에 부합하는 듯한 00의 법정 진술은 이를 그대로 믿기 어려우며, 영수증(증거기록 2권 29쪽)의 기재만으로는 피고인의 주장과 같은 경위로 000 주권이 교부된 것이라고 인정하기에 부족하므로, 피고인과 변호인의 위 주장은 받아들이지 아니한다.",
            "00는 이 법정에서 '2006. 10. 10. 피해자 00으로부터 000 인수 계약금으로 000 주식의 주권을 수령하면서 피해자 00이 작성하여 온 영수증도 함께 받아 그 다음 날 도장을 날인하여 피해자 00에게 이를 전달하였다'는 취지로 진술하고, 위 영수증에는 \"대상물: 000 주권(19,687주), 상기 주권을 정히 영수함, 2006. 10. 10. 수령자 (주)ㅇㅇㅇ 대주주 00의 대리인 변호사 00, 00 회장님 귀하\" 라고 기재되어 있다.",
            "① 00는 경찰 및 검찰에서, 000 주권을 수령하기 며칠 전에 피고인으로부터 피해자 00이 가지고 오는 000 주권을 받아 수령자를 '(주)ㅇㅇㅇ 대주주 00의 대리인 변호사 00'라고 작성한 영수증을 교부하여 달라는 부탁을 받고서 당시 수령자 명의에 대하여 자신은 00의 대리인이 아니라며 이의를 제기하였다.",
            "허나, 피고인이 00과 협의된 내용이라고 하여 위와 같이 작성한 영수증을 피해자 00에게 교부한 것이고, 그 후 피고인의 지시에 따라 000 주권을 000 설립자금으로 00에게 전달하였다고 하면서 영수증의 작성경위 및 000 주권 전달 목적과 과정 등을 구체적으로 진술하였다.(증거기록 2권 593 내지 595쪽, 652쪽 내지 654쪽)",
            "② 00은 경찰에서 이 법정에 이르기까지 피고인이 5억 원씩 투자하여 법인을 함께 설립한 다음 기업인수합병 등의 사업을 할 것을 제안하였는데 피고인에게 현금이 없어 먼저 5억 원으로 000를 설립한 후 000 주식을 받아 5억 원을 증자한 것으로, 000 주식은 000 인수대금과 별도로 000 설립자금으로 받은 것이고, 위 영수증 작성과정에 관여한 바 없다.",
            "또한, 당시 00는 자신의 대리인도 아니었다고 일관되게 진술하고 있고(증거기록 293쪽, 695 내지 698쪽, 00 증인신문조서 4, 27쪽), 위 진술은 00의 수사기관에서의 진술에도 부합한다.",
            "③ 피해자 00도 이 법정에서 00에게 000 주권을 교부하고 같은 날 영수증을 교부받았는데, 영수증의 문안은 00가 작성하여 준 것으로 알고 있고 영수증을 미리 작성하여 00에게 교부하지 않았다고 진술하여 00의 수사기관에서의 진술과 부합하고, 00의 이 법정에서의 000 주식의 주권 전달과정에 대한 진술도 00의 수사기관에서의 진술과 대부분 일치한다.",
            "④ 한편, 00는 이 법정에서 '수사기관에서는 피고인과 00을 같은 사람으로 생각하였고 조사를 받을 당시 피고인과의 관계가 좋지 않아 정확하게 진술하지 않았으나, 자료를 면밀히 검토한 결과 위 영수증은 00이 작성하여 000 주권과 함께 보낸 것인데 그 내용이 이상하여 다음날 00을 접견하여 그 내용을 설명하고 승낙을 받아 날인한 다음 00에게 교부한 것으로 확인하였다.'",
            "그리고 피고인으로부터 000 주식의 용도에 대하여 특별히 설명을 듣지도 않았다'는 취지로 진술하면서(00 증인신문조서 3 내지 5, 24, 25, 32쪽)수사기관에서의 진술을 번복하였다.",
            "그러나 00의 법정 진술은 위에서 본 바와 같은 00, 00의 수사기관 또는 법정에서의 각 진술에도 부합하지 않고, 법원의 소환에 수차례 불응한 후 피고인의 주장과 부합하게 진술을 전반적으로 변경하였으나, 00가 변호사로 활동하여 온 사정과 피고인과의 관계 등을 고려하면 그 진술을 번복하게 된 경위를 쉽게 수긍하기 어렵다.",
            "또한 00가 000 주식의 주권을 수령할 당시에는 00의 변호인 또는 대리인으로 선임되어 활동한 바도 없었고, 000의 인수계약에도 관여하지 않은 상태여서(증거기록 2권 596쪽, 00 증인신문조서 56쪽) 00의 대리인으로 영수증을 작성할 권한이나 자격도 없었던 사정 등에 비추어 보면, 00의 수사기관에서의 진술에 더 신빙성이 있다고 봄이 상당하다.",
            "피고인이 피해자 00으로 하여금 000 주식의 주권을 000의 인수 계약금조로 00에게 전달하도록 한 후 이를 000의 증자대금으로 사용하였다고 할 것이므로, 피해자 00을 기망하여 이를 편취하였다고 할 것이다.",
            "① 피고인은 피해자 00으로부터 000의 인수 계약금조로 000 주식 5억 상당의 주권을 교부받았는데, 00는 경찰에서 피고인이 000 주식 5억 원을, 00이 5억 원을 각 투자하여 자본금 합계 10억 원으로 000를 설립하여 지분을 5:5로 나누어 함께 운영할 것이라고 하면서 000주권을 00에게 전달할 것을 지시하였다는 취지로 진술하였다(증거기록 제2권 594, 595쪽, 653쪽).",
            "그리고 00의 이 법정에서의 진술과 위 인정사실에서 살펴본 바와 같은 000의 자본금 총액이나 자본금 조달방법, 지분비율도 이에 부합하여 그 진술에 신빙성이 있다.",
            "② 00은 2006. 10. 16. 5억 원으로 000를 설립한 후 00로부터 전달받은 000 주식으로 5억 원을 증자하여 동액 상당의 000의 지분을 피고인 측에게 이전하였고, 그 무렵 피고인 측의 00와 00이 000의 이사로 취임하였는바, 이로써 피고인은 000의 지분을 50% 확보하고 00와 00을 통하여 회사의 경영에도 관여할 수 있게 되었다.",
            "또한, 피고인이 2006. 10. 31. 00의 지분 30% 중 10%를 담보로 제공하고 00 명의로 000로부터 000 설립자금으로 1억 원을 차용하는 등의 사정(증거기록 2권 683, 684쪽)에 비추어 보면 5억 원 상당의 000 지분 50%가 00 및 00 명의로 실제 이전되었다고 봄이 상당하다.",
            "③ 피고인과 00은 2006. 10. 10. 당시에 각 형 집행 중이었고, 기존 채무의 변제, 정산 요구가 있었거나 이에 대한 약정서나 정산서를 작성한 바도 없었으며, 피고인과 00이 당시 선임한 변호사들이 매일 구치소로 접견을 오는 상황에서 변호사 등을 통해 기존 채무관계를 확인하거나 정산을 거쳤다는 등의 정황도 전혀 보이지 않는다.",
            "뿐만 아니라, 000의 주주 구성과 지분비율 등에 비추어 보면 기존 채무의 변제, 정산이라기보다는 오히려 새로운 사업을 위해 동업관계를 형성한 것으로 봄이 상당하므로, 피고인의 주장과 같이 기존 채무 변제 등 명목으로 00 등에게 임의로 000의 지분을 이전하였다고 보기에는 상당한 의문이 든다.",
            "④ 피고인은 000 주식의 주권을 수령하기 며칠 전에 00에게 000 주권을 보관할 것을 부탁하였고, 000 주권을 수령한 즉시 이를 현금화하여 000 인수 계약금으로 사용하지 않은 채 이를 00에게 보관시킨 다음 000 증자대금으로 사용하게 하였으며, 또한 위 주권을 교부받을 당시에는 000 인수계약에 따른 약정기한까지 계약금 지급의무를 전부 이행하지 못한 상태여서 위 계약의 유지 여부도 불투명한 상태였다.",
            "또한, 2006. 10. 초경부터 000의 분쟁 등으로 인하여 새로운 법인의 설립 등을 통한 기업인수합병의 추진 등도 필요한 상태였으므로, 처음부터 000 주식을 교부받더라도 000 인수 계약금의 용도로 사용할 의사가 있었다고 보기도 어렵다."
        ]
    },
    "close": {
        "cnclsns": [
            "피고인을 징역 1년 6월에 처한다.",
            "이 사건 공소사실 중 2007. 4. 18.자 특정경제범죄 가중처벌 등에 관한 법률 위반(사기)의 점은 무죄이다."
        ]
    }
}