{
    "info": {
        "caseField": "2",
        "detailField": "6",
        "trailField": "1",
        "caseNm": "특정경제범죄가중처벌등에관한법률위반(횡령),특정경제범죄가중처벌등에관한법률위반(배임),범죄,수익은닉의규제및처벌등에관한법률위반",
        "courtNm": "서울남부지방법원",
        "judmnAdjuDe": "2011. 04. 21.",
        "caseNo": "2010고합515",
        "relateLaword": [
            "특정경제범죄 가중처벌 등에 관한 법률 제3조",
            "형법 제356조",
            "형법 제355조",
            "형법 제30조",
            "구 형법(2010. 4. 15. 법률 제10259호로 개정되기 전의 것) 제42조",
            "형법 제37조",
            "형법 제38조",
            "형법 제50조",
            "형법 제53조",
            "형법 제55조",
            "범죄수익은닉의 규제 및 처벌 등에 관한 법률 제3조"
        ],
        "qotatPrcdnt": []
    },
    "concerned": {
        "acusr": "4",
        "dedat": "1"
    },
    "org": {
        "orgJdgmnCourtNm": "",
        "orgJdgmnAdjuDe": "",
        "orgJdgmnCaseNo": ""
    },
    "disposal": {
        "disposalform": "6",
        "disposalcontent": [
            "피고인 00을 징역 4년에, 피고인 00을 징역 2년에 각 처한다."
        ]
    },
    "mentionedItems": {
        "rqestObjet": [
            "피고인 00을 징역 4년에, 피고인 00을 징역 2년에 각 처한다."
        ]
    },
    "assrs": {
        "acusrAssrs": [],
        "dedatAssrs": [
            "000의 주된 수입원은 장례행사로 인한 수익 (이하 '장례행사수익'이라 한다)이 아니라 부금예수금의 운용으로 인한 수익(이하 '운용수익'이라 한다)이므로, 장례행사를 위탁함으로써 장례행사수익을 000가 취하게 되더라도, 그 자체로 배임행위에 해당한다고 보기는 어렵다.",
            "배임행위에 해당하는지를 판단함에 있어 직영시 소요되는 비용 과 위탁시 지급되는 수수료를 비교할 것이 아니라, 일반 시장에서의 평균적인 위탁수수료와 실제로 000에 지급된 위탁수수료 를 비교해야 할 것인데, 000에 대한 위탁수수료율은 일반 시장에서의 위탁수수료율 보다 낮은 수준이었고, 그마저 매년 인하되었다.",
            "000는 지급 받은 위탁수수료로 전문장례지도사 양성 등 장례행사의 전문화에 치중함으로써 장례행사의 질을 높였고, 결과적으로 상조회원 모집 등 측면에서 000의 영업에 도움이 되었다.",
            "나아가 궁극적으로 피고인들은 000를 지속적으로 흑자를 내는 회사로 성장시킨 후 상장을 통해 외부 자금을 조달함으로써 직접 장례식장을 건립, 운영하고자 하는 목적도 가지고 있었다.",
            "따라서 피고인들에게는 000에 대해 재산상 손해를 가하려는 배임의 고의가 없었고, 피고인들이 000에 재산상 손해를 가하였다고 보기도 어렵다.",
            "피고인 00 자신은 피고인 00이 000 주식회사에 근무하지도 않는 사람들 명의로 급여, 수당을 받는 것을 알지 못하였으므로, 이 부분 범죄사실 중 허위급여, 수당의 수령 부분에 대해서는 업무상배임죄가 성립하지 않는다.",
            "피고인 00이 2010. 3. 31.에 출금한 3억 원 (별지 범죄일람표1 순번 3번)을 출금하여 그 직후 장례지도사 보증금으로 회사에 다시 입금하였으므로, 위 3억 원 부분에 대하여는 업무상횡령죄가 성립하지 않는다.",
            "피고인 00은 피고인 00이 주는 돈을 받은 적은 있지만, 당시 피고인 00이 주는 돈이 회사자금이라는 사실은 몰랐고, 나아가 회사자금을 관리하는 차명계좌가 00 명의의 계좌라는 사실조차 몰랐으므로, 이 부분 횡령범행에 가담한 바 없다.",
            "이 부분 범행은 횡령 행위 그 자체이고, 횡령 행위가 완성된 때에 비로소 3억 원이 범죄수익이 되는 것인데, 피고인들이 횡령 행위 완성 이후에 별도로 범죄수익의 발생원인을 가장한 적은 없으므로, 범죄수익은닉의 규제 및 처벌 등에 관한 법률 위반죄가 성립하지 않는다.",
            "피고인 00은 000가 설립된 2002. 3. 경부터 개인자금으로 설계사들의 000에 대한 수당지급청구권을 50% 할인하여 양수하고, 양수한 수당지급청구권에 따라 매월 지급 받을 수 있는 수당을 다시 모아 새로운 수당지급청구권을 양수하였는바, 위와 같은 과정이 반복되어 결국 피고인 00이 양수한 수당지급청구권에 기해 000에서 약 31억 원을 지급 받을 수 있는 상태가 되었고, 그 돈을 설계사수당 정산금으로 지급 받은 것뿐이다."
        ]
    },
    "facts": {
        "bsisFacts": [
            "피고인들은 2005. 12. 말 기준으로 000의 결손금이 약 62억 원에 이르고 당기 순손실 역시 약 36억 원을 기록하였을 뿐만 아니라 상조회원 확보를 위한 막대한 광고비 등 영업비용을 계속 지출하여야 하는 상황이었으므로, 상조회사의 수입원 중 상당 부분을 차지하는 장례행사로 인한 수익을 최대한 확보함으로써 000의 재무상태 등 전반적인 경영상태 개선을 위해 최선을 다하여야 할 업무상 임무가 있었다.",
            "피고인들은 2006. 8. 경 그때까지 000의 행사지원팀 소속 직원들과 전속 장례지도사들을 통해 직영하여 오던 장례 행사를 피고인들이 100 % 출자하여 설립한 장례행사대행 법인에 독점적으로 위탁하면서, 장례행사를 직영할 경우의 장례행사 원가보다 월등히 높은 위탁수수료를 지급함으로써, 장례행사로 인한 수익을 장례행사대행 법인에 귀속시킨 다음, 장례행사대행 법인에서 배당금 및 급여, 수당 명목으로 돈을 착복하기로 마음먹었다.",
            "피고인들은 2006. 8. 18. 자신들을 주주 피고인 00 (자녀 명의 포함)71 %, 피고인 00 29 % 로 하여 000주식회사 (2008. 9. 17. 000로 회사명 변경, 이하 'OOO'라 한다)를 설립한 후, 직영시 장례행사 원가 비율이 상조상품 금액의 55~60 % 정도에 불과하다.",
            "그럼에도, 2006. 10. 1. 000와 위탁수 수료율을 매출대비 평균 78 % (부가가치세 별도)수준 이후 위탁수수료율이 조정되어 000서비스가 실제로 지급받은 위탁수수료율은 매출대비 평균 68 % (부가가치세 별도)수준, 부가가치세까지 포함하면 75 % 수준으로 장례행사 위탁계약을 체결하고, 000에 장례행사를 위탁하였다.",
            "형식적으로 000의 행사지원팀 소속 직원들과 전속 장례지도사들의 소속을 000로 변경하였을 뿐, 실질적으로는 직영하던 때와 거의 동일하게 장례행사 업무를 처리하였다.",
            "000는 2006. 10.경부터 2009. 3. 31.까지 000에 위 위탁계약을 근거로 장례행사대행 수수료 합계 30,117,554,000원(부가가치세 포함)을 지급하였다.",
            "그리고, 피고인들은 같은 기간 동안 000로부터 별지 배당지급내역(피고인 00이 자녀 00, 00의 배당금까지 수령)기재와 같이 3,495,800,000원의 배당금을 지급 받고, 피고인 00은 00, 00, 00, 00, 00, 00 등 피고인들의 가족 명의로 별지 000 급여 내역 기재와 같이 238,916,604원의 허위 급여,수당을 지급 받았다.",
            "피고인들은 공모하여 업무상 임무에 위배하여 3,734,716,604원(배당금 3,495,800,000원 + 허위 급여,수당 238,916,604원)상당의 재산상 이득을 취득하고, 000에 동액 상당의 재산상 손해를 가하였다.",
            "피고인들은 2007. 1.경 0000에 000를 건축하면서 공사대금을 부풀려 공사계약을 체결한 후 이를 되돌려 받는 방법으로 000의 자금을 횡령하기로 공모하였다.",
            "피고인 00은 2007. 1. 일자불상경 0000에 있는 000 사무실에서, 시공업체인 주식회사 000의 이사 00와 대표이사 00에게 실제 공사금액보다 300,000,000원을 부풀려서 공사계약서를 작성해 줄테니, 공사대금이 지급되면 부풀린 300,000,000원은 되돌려 달라고 요구하여, 그렇게 하기로 약속 받았다.",
            "000는 2007. 1. 25. 제1차 기성금 명목으로 513,000,000원을 000에 송금하였고, 00는 다음날인 2007. 1. 26. 그 중 300,000,000원을 피고인 00의 000계좌(계좌번호)로 입금하였으며, 피고인 00은 같은 날 자기앞수표로 300,000,000원 전액을 인출하여 피고인 00에게 교부하였고, 피고인 00은 그 무렵 자신의 개인채무 변제 등에 이를 사용하였다.",
            "피고인들은 장례지도사 또는 협력업체로부터 교부받는 보증금 등을 00 명의의 차명계좌 (000)로 송금 받아 관리하던 중, 2010. 3. 31. 400,000,000원을 인출하여 그 중 300,000,000원을 피고인 00의 000에 대한 출자예치금으로 사용한 것을 비롯하여, 별지 범죄일람표1 기재와 같이 530,000,000원을 인출하여 사적으로 사용하였다.",
            "피고인들은 공모하여 제1의 나. 1)항 기재와 같이 000의 법인자금을 횡령할 목적으로 공사대금 3억 원을 과대 계상하고 마치 정상적인 공사대금인 것처럼 000에 지급한 후 이를 돌려받아 범죄수익의 발생원인에 관한 사실을 가장하였다.",
            "이에 따라 피고인 00은 2008. 1. 31. 000 차장 00에게 지시하여 설계사수당 정산금 명목으로 21, 000,000원을 피고인의 000 계좌 ((계좌번호))로 송 금 받은 것을 비롯하여, 2006. 2. 28. 부터 2008. 8. 29. 까지 별지 범죄일람표2 기재와 같이 설계사수당 정산금 명목으로 합계 3,125,771,600원을 교부받았다.",
            "피고인 00은 자신과 피고인 00의 가족 명의로 허위 급여, 수당을 지급 받아 회사자금을 횡령하기로 마음먹고, 2007. 1. 31. 실제로는 000의 직원으로 근무하지 않는 자신의 딸 00의 급여 명목으로 8, 364, 500원을 수령한 것을 비롯하여, 2006. 9. 경부터 2010. 6. 30. 까지 별지 범죄일람표3 기재와 같이 00, 00, 00, 00, 00, 00, 00 등 명의로 합계 564,324,869원을 수령하였다.",
            "피고인 00은 000 장례식장을 00에게 양도하면서 받기로 한 시설비 200,000,000원을 개인적으로 착복하기로 마음먹고, 2007. 2. 2. 000에서 직영하던 000 장례식장을 00에게 양도하면서, 사실은 000에서 시설비 명목으로 200,000, 000원을 교부받기로 하였으나, 시설비 수령이 없는 것처럼 계약서를 작성한 후, 피고인의 000 계좌 ((계좌번호))로 200,000,000원을 송금받았다.",
            "피고인 00은 000에 수의를 대량으로 납품하는 000 대표 00으로부터 납품 보증금 명목으로 돈을 받아 개인적으로 착복하기로 마음먹고, 2008. 9. 경부터 2009. 5. 12. 까지 00으로부터 000에 입금해야 할 보증금 63, 090, 809원을 별지 000 00이 00에게 송금한 내역 기재와 같이 총 8회에 걸쳐 자신의 딸 00 명의의 계좌 ((계좌번호))로 송금 받았다.",
            "피고인 00은 장례지도사 교육비, 보증금과 도우미 행사조끼 판매대금 등을 개인 계좌로 송금 받아 개인적으로 착복하기로 마음먹고, 2006. 9. 15. 부터 2010. 6. 20. 까지 000에 입금되어야 할 장례지도사 교육비, 보증금, 도우미 행사조끼 판매대금 등 합계 2,505, 435, 440원을 별지 범죄일람표4 기재와 같이 자신 명의의 000 계좌 ((계좌번호))로 송금 받았다.",
            "피고인딸 00 명의로 7억 5,000만원 상당의 아파트를 구입하며, 000에 대한 개인채무 1,505,880,000원을 변제 (제2의 바. 항 횡령 자금으로 변제)한 것을 비롯하여 수익증권 투자 등 사적 용도로 소비함으로써 합계 8,229,822,718원을 횡령하였다."
        ]
    },
    "dcss": {
        "courtDcss": [
            "이와 같은 000의 구성, 운영, 회계 등 관리 현황을 종합적으로 고려하면, 000 내에 행사관리팀을 두고 직영하던 모습이 000의 설립 이후 크게 달라졌다고 보기는 어렵다.",
            "위 인정사실에 의하면, 피고인들은 직영에서 위탁 체제로 바꾸면서 000의 주된 수입원이라 할 수 있는 장례행사수익을 000로 유출시킨 것으로 보인다.",
            "더욱이, 피고인들은 000와 000가 공동으로 필요한 부분에 소요되는 비용을 000가 모두 부담하게 함으로써 000로서는 지출을 최소화하여 이익을 극대화 할 수 있었던 반면, 000는 000에 필요한 비용까지 일정 부분 부담하게 된 것일 뿐 아니라, 장례행사를 직영하였더라면 불필요한 매월 1억 원에 가까운 부가가치세까지 부담하게 되었다.",
            "이와 같은 점을 피고인들 역시 잘 알고 있었기 때문에 장례대행사를 설립할 경우 000의 적자폭이 더 커질 것이라는 점도 예상하고 있었다. 피고인 00은 수사기관에서 장례대행사를 설립할 경우 000의 적자폭이 더 커질 것으로 예상했고, 실제로 적자폭이 더 커진 것도 사실이라고 인정한 바 있다.",
            "000 내에 행사관리팀을 두고 장례행사를 직영하던 것과 000 설립 이후의 운영 형태가 실질적으로 크게 달라졌다고 보기는 어려워, 직영에서 위탁 체제로 전환해야만 장례행사의 질을 높인다는 목적을 달성할 수 있게 되는 것은 아니므로, 000의 설립, 운영으로 인해 장례행사의 질이 높아졌고 결과적으로 000의 영업에도 도움이 되었다는 주장은 설득력이 없다.",
            "000의 매출규모, 인적 구성, 물적 설비 등을 고려하면 상장을 통해 전국에 장례식장을 건립, 소유할 정도로 투자금 (약 1,800억 원91)을 유치할 가능성은 높지 않았던 것으로 보일 뿐 아니라 10), 설령 000가 상장되더라도 그 직접적 이익은 000와 그 주주인 피고인들에게 돌아가는 것이다.",
            "그러므로, 간접적 (반사적)이익 만을 기대할 수 있을 뿐인 000가 위탁수수료, 공동 비용, 부가가치세 부담이라는 불이익을 감수하면서까지 장례대행사를 설립, 운영할 필요는 없었던 것으로 보인다.",
            "결국 장례행사를 위한 시스템이 이미 갖추어져 직영 체제로 운영되고 있던 000가 굳이 위탁 체제로 전환함으로써 얻을 수 있었던 현실적이고 구체적인 이익은 거의 없었음에도, 피고인들은 직영시 소요되는 원가보다 월등히 높은 위탁수수료에 공동 비용, 부가가치세 까지 000에 부담시키면서, 상조회원들과는 직접적인 계약관계가 없어 상조회원들에 대해 장례행사를 치러줘야 할 법적인 의무가 없는 000로 회사 자금을 유출시킨 것이다.",
            "그러므로 결국 피고인들의 이와 같은 행위는 000에 대한 배임죄를 구성한다.",
            "이 부분 범죄사실은, 피고인들이 000를 설립, 운영하는 과정에서 000에 손해를 끼쳤다는 것으로, 000가 장례행사를 직영하였더라면 지출이 불필요한 돈을 000에 지급함으로써 000에 손해가 발생한 때 바로 배임죄 기수가 되는 것이어서, 피고인 00이 허위 급여, 수당 수령에 대해 알지 못하였다는 것은 배임죄의 성립과 아무런 관련이 없다.",
            "허위 급여, 수당의 액수를 산정한 것은 배임죄의 피해액을 정하기 위한 한 방편에 불과하다), 허위 급여, 수당 지급에 피고인 00의 가족 명의 계좌가 이용된 점11), 피고인 00 역시 회사에 상주하며 회사를 관리해 온 점 등에 비추어 보면, 피고인 00이 허위 급여, 수당 수령에 대해 알지 못하였다고 보기도 어려우므로, 피고인 00 및 그 변호인의 이 부분 주장은 받아들이지 아니한다.",
            "2010. 3. 31. 00 명의의 계좌에서 출금된 3억 원은 출금 직후 다시 피고인 00 개인 명의로 000에 입금된 사실(추가 수사기록 2권 110쪽), 2. 000 직원 00이 2010. 4.경 피고인 00에게 위 3억 원이 무슨 돈인지에 대해 질문하자, 피고인 00은 다음에 알려 줄테니 그냥 두어라고 대답하였고, 이에 00은 일단 가계정으로 잡으면 된다는 생각에서 임의로 잡이익으로 처리한 사실이 인정된다.",
            "피고인 00은 2010. 8.경 000 회계팀에 위 3억 원은 자본금 증자 목적으로 예치한 금액이니 출자예치금으로 수정하라고 지시한 사실(추가수사기록 2권 88, 94쪽)이 인정되는바, 위 3억 원의 계정명칭이 예수보증금이었다고 하더라도, 예수보증금은 결국 거래처명과 적요를 고려하여 입금한 사람에게 돌려줄 것이 예정되어 있는 돈이라는 점은 인정된다.",
            "또한, 거래처명은 처음부터 00으로 기재되어 있었던 점, 적요 역시 피고인 00의 지시에 따라 출자예치금으로 수정된 점이 인정된다.",
            "결국 피고인들은 00 명의의 차명 계좌로 관리하던 3억 원의 회사자금을 피고인 00의 개인자금으로 둔갑시킨 후 피고인 00이 개인적으로 회사에 3억 원을 출자한 것처럼 처리한 것으로 볼 수밖에 없으므로, 이 부분 범죄사실은 업무상횡령죄를 구성함이 명백하다.",
            "다만 피고인 00은 검찰 수사 과정에서 000 회계팀에 위 3억 원의 적요를 다시 잡이익으로 수정하도록 지시한 후(추가 수사기록 2권 88쪽), 법원 재판 과정에서 구치소로 면회 온 00에게 위 3억 원에 대한 전표를 장례지도사 보증금으로 기록하도록 지시하기는 하였으나(추가 수사기록 2권 82~85, 87쪽), 이는 피고인 00이 자신의 범행을 은폐하기 위해 증거를 조작한 것에 불과할 뿐, 업무상횡령죄의 성립 여부와는 아무런 관련이 없다.",
            "살피건대, 피고인 00은 피고인 00이 차명계좌에 대해 정확히 몰랐을 수도 있지만, 자신이 거래처 등에서 보증금으로 받아 개인적으로 관리하는 계좌에 돈이 있다는 것을 알고 있었을 것이고, 그래서 피고인 00이 자신에게 돈을 빌려 달라고 했던 것 같다고 진술한 바 있다(수사기록 3097쪽).",
            "그리고 피고인 00 역시 피고인 00이 관리하는 차명계좌에 대해 정확히는 몰랐지만, 피고인 00이 회사에 입금되어야 할 돈을 따로 입금 받아 관리하는 차명계좌가 있다는 것은 알고 있었다는 취지로 진술한 바 있으며(수사기록 제3104쪽), 00 명의 차명계좌의 존재에 대해 수사 기관에 먼저 언급한 적도 있다.",
            "피고인 00은 피고인 00이 주는 돈이 회사자금이라는 사실을 몰랐다고 주장하면서, 다른 한편으로는 피고인 00이 준 돈 중 3억 원은 장례지도사 보증금으로 회사에 바로 입금하였다고 주장하는데(2011. 2. 23.자 변호인의견서, 2011. 4. 14.자 변론요지서), 결국 피고인 00의 주장을 종합하면, 피고인 00은 피고인 00이 주는 돈이 회사자금인 것은 몰랐지만, 아무튼 회사 돈으로 입금하였다는 것으로 그 주장 자체로 모순된다.",
            "이 부분 범죄사실과 관련된 판시 제1의 나. 1)항 업무상횡령죄는 부풀린 공사대금 3억 원을 000에 송금한 때에 이미 기수에 이르렀으므로, 위 3억 원은 범죄수익에 해당하고, 이를 정당한 공사대금인 것처럼 송금한 후 되돌려 받는 일련의 행위는 범죄수익의 발생 원인에 관한 사실을 가장하는 행위에 해당한다고 보아야 한다. "
        ]
    },
    "close": {
        "cnclsns": [
            "피고인 00을 징역 4년에, 피고인 00을 징역 2년에 각 처한다."
        ]
    }
}