{
    "info": {
        "caseField": "2",
        "detailField": "6",
        "trailField": "1",
        "caseNm": "사기,도로교통법위반(무면허운전)",
        "courtNm": "부산지방법원",
        "judmnAdjuDe": "2010. 04. 21.",
        "caseNo": "2010고단274",
        "relateLaword": [
            "형법 제347조",
            "형법 제30조",
            "도로교통법 제152조",
            "도로교통법 제43조",
            "형법 제37조",
            "형법 제38조",
            "형법 제50조",
            "형법 제70조",
            "형법 제69조",
            "형사소송법 제334조"
        ],
        "qotatPrcdnt": []
    },
    "concerned": {
        "acusr": "4",
        "dedat": "1"
    },
    "org": {
        "orgJdgmnCourtNm": "",
        "orgJdgmnAdjuDe": "",
        "orgJdgmnCaseNo": ""
    },
    "disposal": {
        "disposalform": "6",
        "disposalcontent": [
            "피고인 00를 징역 6월에, 피고인 00을 벌금 7,000,000원에, 피고인 00를 벌금 5,000,000원에 각 처한다.",
            "피고인 00, 00가 위 각 벌금을 납입하지 아니하는 경우 각 50,000원을 1일로 환산한 기간 위 피고인들을 노역장에 각 유치한다.",
            "피고인 00, 00에 대하여 위 각 벌금에 상당한 금액의 가납을 명한다."
        ]
    },
    "mentionedItems": {
        "rqestObjet": [
            "피고인 00를 징역 6월에, 피고인 00을 벌금 7,000,000원에, 피고인 00를 벌금 5,000,000원에 각 처한다.",
            "피고인 00, 00가 위 각 벌금을 납입하지 아니하는 경우 각 50,000원을 1일로 환산한 기간 위 피고인들을 노역장에 각 유치한다.",
            "피고인 00, 00에 대하여 위 각 벌금에 상당한 금액의 가납을 명한다."
        ]
    },
    "assrs": {
        "acusrAssrs": [],
        "dedatAssrs": []
    },
    "facts": {
        "bsisFacts": [
            "피고인 00는 2009. 2. 19. 07:25경 0000에 있는 제3부두길 도로에서 피고인 00 소유의 0에 피고인 00를 탑승시키고 운전하여 가다가 운전부주의로 도로가에 주차되어 있는 (차량번호)트레일러의 뒷부분을 들이받아 피고인 00에게 약 6주간의 치료가 필요한 우측 요골 원위부 관절내 골절 등의 상해를 입게 하였다.",
            "피고인들은 당시 자동차운전면허가 없는 피고인 00가 교통사고를 발생시킨 것으로 위 화물차의 자동차보험사인 피해자 ㅁ자동차보험 주식회사에 사고접수를 할 경우 보험금이 지급되지 않는다는 사실을 알고 마치 피고인 00이 운전하다가 교통사고가 발생된 것으로 사고접수를 하여 보험금을 수령하기로 공모하였다.",
            "피고인 00은 2009. 2. 19. 09:39경 피해자인 위 보험사의 고객서비스센터에 전화하여 마치 자신이 위와 같은 교통사고를 발생시켜 피고인 00가 상해를 입은 것처럼 사고접수를 하였다. ",
            "피고인 00는 이에 속은 피해자로부터 교통사고 보험금 명목으로 2009. 2. 26.경 504,000원, 2009. 3. 31.경 2,919,290원, 2009. 4. 24.경 1,000,000원 2009. 6. 1.경354,470원, ",
            "2009. 6. 17.경 1,000,000원, 2009. 9. 8.경 8,687,570원, 2009. 10. 1.경 11,500,000원, 2009. 10. 5.경 452,730원, 2009. 10. 14.경 150,000원 등 합계 26,568,060원을 지급받았다.",
            "피고인들은 공모하여 피해자를 기망하여 재물을 교부받았다.",
            "피고인은 2009. 2. 19. 07:25경 0000에 있는 0000 모텔 앞 도로부터 0000에 있는 공사현장에 이르기까지 약 20㎞ 구간에서 자동차운전면허를 받지 아니하고 0 화물차를 운전하였다.",
            "사실은 피고인 00가 무면허운전을 하다가 교통사고를 발생시킨 것이다."
        ]
    },
    "dcss": {
        "courtDcss": [
            "피고인 00 형법제347조제1항, 제30조도로교통법 제152조제1호, 제43조(징역형선택)에 의해 형을 선고한다.",
            "피고인 00, 00 각 형법 제347조제1항 제30조(벌금형선택)에 의해 형을 선고한다."
        ]
    },
    "close": {
        "cnclsns": [
            "피고인 00를 징역 6월에, 피고인 00을 벌금 7,000,000원에, 피고인 00를 벌금5,000,000원에 각 처한다.",
            "피고인 00, 00가 위 각 벌금을 납입하지 아니하는 경우 각 50,000원을 1일로 환산한 기간 위 피고인들을 노역장에 각 유치한다.",
            "피고인 00, 00에 대하여 위 각 벌금에 상당한 금액의 가납을 명한다."
        ]
    }
}