{
    "info": {
        "caseField": "2",
        "detailField": "6",
        "trailField": "1",
        "caseNm": "사기",
        "courtNm": "수원지방법원",
        "judmnAdjuDe": "2010. 12. 01.",
        "caseNo": "2010고단1978",
        "relateLaword": [
            "형사소송법 제327조",
            "형법 제347조",
            "형법 제354조",
            "형법 제328조",
            "형사소송법 제230조"
        ],
        "qotatPrcdnt": [
            "대법원 2001. 10. 9. 선고 2001도3106 판결 "
        ]
    },
    "concerned": {
        "acusr": "4",
        "dedat": "1"
    },
    "org": {
        "orgJdgmnCourtNm": "",
        "orgJdgmnAdjuDe": "",
        "orgJdgmnCaseNo": ""
    },
    "disposal": {
        "disposalform": "10",
        "disposalcontent": [
            "이 사건 공소를 기각한다.",
            "이 사건 공소는 위와 같이 부적법한 고소에 터 잡아 제기된 것이므로 공소제기의 절차가 법률의 규\n정에 위반하여 무효인 때에 해당하므로, 형사소송법 제327조 제2호 에 의하여 공소를 기각한다."
        ]
    },
    "mentionedItems": {
        "rqestObjet": [
            "피고인은 입점비 등으로 돈을 받아 자신의 생활비나 채무변제 등에 상요할 목적으로 피해자 공소외3과 그 가족들에게 백화점 임대점포 입점비 명목으로 금액을 송금받아 이를 편취하였다."
        ]
    },
    "assrs": {
        "acusrAssrs": [],
        "dedatAssrs": []
    },
    "facts": {
        "bsisFacts": [
            "피고인은 2003년 하반기부터 0000 (이하 1 생략)에서 딸 공소외 1, 사위 공소외 2 와 함께 거주하여 오던 중 2004년 5월 하순경 개점 예정인 0000 000 임대점포에 대한 임대차 약정을 해 줄 수 있는 것 같은 태도를 보여 왔다.",
            "위 공소외 1이나 공소외 2로 하여금 2003년 추석 무렵 0000(이하 2 생략)에 거주하는 위 공소외 2의 아버지인 피해자 공소외 3과 그 가족들에게 피고인이 0000 000 임대점포에 대한 임대차 약정을 해 줄 수 있다는 사실을 말하도록 하였다.",
            "같은 해 12월 0000 교대역 부근 오리고기 음식점에서 피고인이 공소외 4, 5 등을 만난 자리에서 같은 취지의 말을 하는 등 같은 취지의 언동을 반복하거나 전달하여 이를 진실로 믿고 0000 000 돈가스전문점이나 옷가게 수선점을 임대받아 입점하기를 희망하는 위 공소외 3과 그의 처남인 공소외 4와 처제인 공소 외 5 등으로부터 수차 전화 등으로 위 돈가스전문점 등에 대한 임대차 약정을 할 수 있는지 여부를 확인받았다.",
            "\"자신이 000 부회장인 공소외 6 등과 친분이 있고 다른 고위층도 잘 알고 있어서 위 점포를 임대받아 입점할 수 있다\" 면서 돈가스 전문점을 운영하기를 희망하는 공소외 4에게는\" 피고인과 피고인의 형수가 함께 운영할 예정이라면서 입점비로 5,000만원을, 옷가게 수선점 입점을 희망하는 공소외 5에게는 입점비로 3,500만원을 달라\" 고 말하였다.",
            "피고인은 000의 고위층을 알고 있지도 않고 이들에게 부탁하여 0000 000 임대점포에 대한 임대차 약정을 체결하도록 할 능력도 없었고, 단지 위와 같이 입점비 등으로 돈을 받아 자신의 생활비나 채무변제 등에 사용할 생각 뿐이었다.",
            "피고인은 2003.12.15.경부터 2004.2.4.경까지 피해자의 처남 공소외 4 로부터 돈가스전문점 입점비 명목으로 5,000만원, 피해자의 처제 공소외 5로부터 옷가게 수선점 입점비 명목으로 3,500만원 등 총 8,500만원을 딸인 공소외 1 의 예금계좌로 송금받았다.",
            "그 무렵 피고인은 공소외 1 을 통하여 피해자로부터 \"0000 000 돈가스전문점 입점에 투자를 하고 싶어 한다\"는 말을 전해 듣고 위와 같은 방법으로 마치 자신이 000 부회장 등 고위층과의 상당한 친분이 있는 양 과시하면서 틀림없이 돈가스전문점을 입점시켜 줄 수 있는 것 같은 태도를 보여 안심시켰다.",
            "2004.4.20.경 피해자에게 전화하여 \"돈 5,000만원을 준비하라\"고 한 후 2004.5.4.경 피해자에게 전화하여 \"오늘 돈 5,000만원을 입금시켜 달라.엊그제 000 공소외 6 부회장을 만나서 90퍼센트 이상 합의를 보았으니 걱정하지 말라 \"고 거짓말을 하였다.",
            "피고인은 이에 속은 피해자로부터 같은 날 14:42경 피고인 명의의 000 계좌(계좌번호: 생략)로 돈가스전문점 입점비 명목으로 5,000만원을 송금받아 이를 편취하였다."
        ]
    },
    "dcss": {
        "courtDcss": [
            "피고인과 피해자 공소외 3은 공소외 1(피고인의 딸)과 공소외 2(공소외 3의 아들)가 혼인관계를 유지하던 2003.3.15.경부터 2010.5.24.경까지 사이에 사돈지간으로 2촌 인척관계에 있었으므로, 이 사건 공소사실은 친고죄에 해당한다.",
            "공소외 4, 5는 피해자 공소외 3의 처남 및 처제로서, 피해자 공소외 3의 아들, 며느리였던 공소외 2, 1 부부의 주선으로 000 입점비 명목의 돈을 송금하게 된 것이고, 피해자 공소외 3은 공소외 4, 5와 피고인 사이의 거래(0000 000 입점알선)를 도와주기 위하여 깊게 관여하였던 점이 인정된다.",
            "피해자 공소외 3도 위 공소외 4, 5와 유사한 경위 및 목적을 가지고 2004.4.20.경 피고인에게 돈을 송금하게 되었고, 피고인이나 공소외 2, 1은 상당한 기간이 경과하도록 공소외 4, 5, 피해자 공소외 3 누구에게도 0000 000의 점포 입점을 성사시켜주지 못했던 점이 인정된다.",
            "이에 피고인 및 공소외 2, 1을 믿고 0000 000의 점포 입점비 명목으로 돈을 송금했던 피해자의 처남인 공소외 4, 처제인 공소외 5는 2005.1.경 피고인으로부터 자신들이 각 송금한 돈에 대한 차용증을 요구하여 작성받았고, 피해자 공소외 3 역시 2005.1.29.경 피고인으로부터 같은 내용의 차용증을 작성받았던 점이 인정된다.",
            "피고인이 돈을 반환하지 못하자, 위 공소외 4, 5는 2005.중순경 피고인에 대하여 사기죄로 고소한다는 강력한 항의를 하였고, 결국 피고인으로부터 공소외 4는 2005.6.30.경 5,000만원을, 공소외 5는 2005.7.13.경 3,500만원을 각 반환받았던 점이 인정된다.",
            "또한 피해자 공소외 3은 2005.중순경 위와 같이 공소외 4, 5가 피고인에 대하여 사기죄로 고소한다는 강력한 항의를 통하여 피고인으로부터 돈을 반환받은 사정을 당시 알았을 것으로 보이는 점이 인정된다.",
            "피해자 공소외 3은 나아가 2008.10.1.경 피고인으로부터 기 작성받아 두었던 2005.1.29.자 차용증 하단에 피고인이 현 거주하는 주택을 매도할 경우 자신에 대한 채무를 우선적으로 변제하고 이를 위반할 경우 민·형사상 모든 책임을 지겠다는 내용의 기재를 받아두기까지 하였던 점이 인정된다.",
            "피해자 공소외 3에게는 공소외 4, 5가 피고인에 대하여 사기죄로 고소하겠다는 항의를 하고 피고인으로부터 돈을 반환받은 2005.중순경에는 고소를 할 수 있을 정도로 피해가 있었다는 사실관계에 관한 확정적인 인식이 있었다고 할 것이고, 가사 그렇지 않다 하더라도, 적어도 민·형사상 책임에 대한 명시적 추궁을 한 2008.10.1.경에는 피해에 관한 사실관계에 관한 확정적 인식이 있었음은 명백하다.",
            "피해자 공소외 3이 범인을 안 날로 인정되는 위 2005.중순경 또는 2008.10.1.경으로부터 6개월이 경과하였음이 역수상 명백한 2009.5.28.경 제기된 피해자 공소외 3의 피고인에 대한 이 사건 고소는 고소기간 도과 후에 제기된 것으로서 부적법하다."
        ]
    },
    "close": {
        "cnclsns": [
            "이 사건 공소는 위와 같이 부적법한 고소에 터 잡아 제기된 것이므로 공소제기의 절차가 법률의 규정에 위반하여 무효인 때에 해당하므로, 형사소송법 제327조 제2호에 의하여 공소를 기각한다."
        ]
    }
}