{
    "info": {
        "caseField": "2",
        "detailField": "6",
        "trailField": "2",
        "caseNm": "사기,변호사법위반",
        "courtNm": "부산지방법원",
        "judmnAdjuDe": "2010. 10. 08.",
        "caseNo": "2010노1558",
        "relateLaword": [
            "형사소송법 제364조",
            "형사소송법 제369조",
            "형법 제347조",
            "변호사법 제111조",
            "형법 제40조",
            "형법 제50조",
            "형법 제37조",
            "형법 제39조",
            "변호사법 제116조"
        ],
        "qotatPrcdnt": []
    },
    "concerned": {
        "acusr": "자연인, 검사",
        "dedat": "1"
    },
    "org": {
        "orgJdgmnCourtNm": "부산지방법원",
        "orgJdgmnAdjuDe": "2010. 5. 4.",
        "orgJdgmnCaseNo": "2009고단4011, 2010고단555(병합)"
    },
    "disposal": {
        "disposalform": "10",
        "disposalcontent": [
            "원심판결 중 피고인에 대한 판시 제1의 가 죄 부분을 파기한다.",
            "피고인을 판시 제1의 가 죄에 대하여 징역 10월에 처한다.",
            "피고인으로부터 5,000만 원을 추징한다.",
            "판시 제1의 나, 다, 라 죄에 대한 피고인 및 검사의 항소를 각 기각한다."
        ]
    },
    "mentionedItems": {
        "rqestObjet": [
            "피고인은 원심의 선고형(판시 제1의 가 죄 : 징역 1년 4월, 판시 제1의 나, 다, 라 죄: 징역 8월)이 너무 무거워서 부당하다고 주장한다.",
            "검사는 원심의 선고형이 너무 가벼워서 부당하다고 주장한다."
        ]
    },
    "assrs": {
        "acusrAssrs": [
            "검사는 원심의 선고형이 너무 가벼워서 부당하다고 주장한다."
        ],
        "dedatAssrs": [
            "피고인은 피해자 00으로부터 5,000만 원을 빌렸을 뿐 원심 판시 기재와 같이 피해자를 기망하여 00 내정자(이 사건 범행 당시 내정자였음)에게 청탁을 한다는 명목으로 이를 받은 사실이 없고, 피해자로부터 빌린 돈을 변제할 의사와 능력이 있었으므로 편취 범의가 없다.",
            "피고인은 00로부터 투자금 명목으로 1,800만 원을 받았을 뿐 그 돈이 피해자 00이 피고인에게 청탁을 한다는 명목으로 00를 통해 준 돈인지 알지 못하였다.",
            "피고인은 피해자 00로부터 용돈 명목으로 400만 원을 받았을 뿐 원심 판시 기재와 같이 피해자를 기망하여 검찰청 검사에게 청탁을 한다는 명목으로 이를 받은 사실이 없다.",
            "피고인은 00로부터 용돈 명목으로 300만 원을 받았을 뿐 원심 판시 기재와 같이 피해자 00를 기망하여 0000경찰서 경찰관에게 청탁을 한다는 명목으로 이를 받은 사실이 없다.",
            "피고인은 원심의 선고형(판시 제1의 가 죄: 징역 1년 4월, 판시 제1의 나, 다, 라 죄: 징역 8월)이 너무 무거워서 부당하다고 주장한다."
        ]
    },
    "facts": {
        "bsisFacts": [
            "원심 판시 범죄사실 제1의 가항 피고인 및 검사의 양형부당 주장에 관하여 함께 살피건대, 피고인이 이 부분 공소사실을 부인하여 개전의 정이 없는 점이 있다.",
            "피고인에게 2005년 8월경 변호사법위반으로 징역 10월 집행유예 2년을, 2003년 3월경 변호사법 위반으로 벌금 500만원을 각 선고받은 전력이 있음에도 다시 이 사건 사기, 변호사법 위반 범행을 저지른 점이 있다."
        ]
    },
    "dcss": {
        "courtDcss": [
            "원심이 적법하게 채택하여 조사한 증거들 및 당심 증인 00, 00의 각 진술을 종합하면, 피고인이 원심 판시 기재와 같이 피해자들을 기망하여 장 내정자 또는 검사, 경찰관 등에게 청탁을 한다는 명목으로 피해자 00으로부터 5,000만 원을, 피해자 00로부터 2,000만원을, 피해자 00로부터 400만 원을, 피해자 00로부터 300만 원을 각 교부받은 사실을 충분히 인정할 수 있으므로, 피고인의 변호인의 사실오인 주장은 모두 이유 없다.",
            "이 사건은 피고인이 00 내정자에게 청탁을 할 의사나 능력이 없는데도 피해자에게 00 내정자에게 청탁을 하여 총경으로 승진하도록 도와주겠다라고 기망하여 피해자로부터 5,000만 원을 교부받은 것으로 청탁내용, 편취 또는 수수한 금액에 비추어 사안이 무겁고 죄질이 불량한 점 등에 비추어 보면, 피고인을 엄벌에 처하여야 할 것이다.",
            "이 사건 범행과 원심 판시 범죄사실 첫머리 기재 전과가 형법 제37조 후단경합범의 관계에 있는 점, 피해자에게 1,000만 원을 변제하였고, 당심에 이르러 피해자와 합의한 점, 피고인이 우측 중족설상관절 및 중족지절관절 관절염 등으로 수술을 받았고, 현재까지도 약물치료를 받고 있으나 보행이 힘들 정도로 건강이 좋지 않은 점, ",
            "기타 이 사건 범행의 경위와 내용, 범행 후의 정황, 피고인의 나이, 성행, 가족관계, 환경, 직업, 범죄전력 등 기록에 나타난 양형의 조건이 되는 제반 사정을 종합하여 보면, 원심의 형량은 지나치게 무거워서 부당하다고 인정되므로, 이 부분에 대한 피고인의 양형부당 주장은 이유 있고, 검사의 양형부당 주장은 이유 없다.",
            "피고인이 이 부분 각 공소사실을 부인하여 개전의 정이 없는 점, 피고인이 사기죄로 인한 집행유예기간 중에 이 사건 각 사기,변호사법위반 범행을 저지른 점(현재 집행유예기간은 경과), 그외에 도 피고인에게는 2005년 8월경 변호사법위반으로 징역 10월 집행유예 2년을, 2003년 3월경 변호사법위반으로 벌금 500만 원을 각 선고받은 전력이 있는 점이 인정된다.",
            "이 사건은 피고인이 검사나 경찰관에게 청탁하여 사건을 무마해줄 의사나 능력이 없었음에도 수사대상자였던 피해자 00을 기망하여 청탁을 한다는 명목으로 2,000만 원을 교부받고, 검찰청 00검사에게 청탁하여 압수당한 오락기와 현금을 돌려받도록 해 줄 의사나 능력이 없었다.",
            "그랬음에도, 수사대상자였던 피해자 00를 기망하여 청탁을 한다는 명목으로 400만 원을 교부받고, 금정경찰서 경찰관에게 청탁하여 게임장 환전상 단속을 유예시켜 줄 의사나 능력이 없었음에도 피해자 00를 기망하여 청탁을 한다는 명목으로 00를 통해 300만 원을 교부받은 것으로 청탁내용, 편취 또는 수수한 금액, 범행횟수 등에 비추어 사안이 무겁고 죄질이 불량한 점 등 불리한 정상과, 피고인이 피해자 00에게 300만 원을 변제한 점이 인정된다.",
            "피고인이 앞서 본 바와 같이 수술을 받았고, 현재까지도건강이 좋지 않은 점 등 유리한 정상들에다가, 이 사건 범행의 경위와 내용, 범행 후의 정황, 피고인의 나이, 성행, 가족관계, 환경, 직업, 범죄전력 등 기록에 나타난 양형의 조건이 되는 제반 사정을 종합하여 보면, 원심의 형량은 적절하다고 판단되고, 너무 무겁거나 또는 너무 가벼워서 부당하다고 보여지지 아니하므로, 이 부분에 대한 피고인 및 검사의 각 양형부당 주장은 모두 이유 없다."
        ]
    },
    "close": {
        "cnclsns": [
            "원심판결 중 피고인에 대한 판시 제1의 가 죄 부분을 파기한다.",
            "피고인을 판시 제1의 가 죄에 대하여 징역 10월에 처한다.",
            "피고인으로부터 5,000만 원을 추징한다.",
            "판시 제1의 나, 다, 라 죄에 대한 피고인 및 검사의 항소를 각 기각한다."
        ]
    }
}