{
    "info": {
        "caseField": "2",
        "detailField": "6",
        "trailField": "1",
        "caseNm": "성폭력범죄의처벌등에관한특례법위반(13세미만미성년자강간등),아동,청소년의성보호에관한법률위반(강간등),절도,부착명령\n",
        "courtNm": "서울중앙지방법원",
        "judmnAdjuDe": "2010. 11. 19.",
        "caseNo": "2010고합1086",
        "relateLaword": [
            "성폭력범죄의 처벌 등에 관한 특례법 제7조",
            "아동,청소년의 성보호에 관한 법률 제7조 ",
            "형법 제298조",
            "형법 제329조",
            "형법 제37조  ",
            "형법 제38조  ",
            "형법 제50조",
            "형법 제53조",
            "형법 제55조",
            "형법 제62조",
            "아동,청소년의 성보호에 관한 법률 제13조",
            "보호관찰 등에 관한 법률 제59조 ",
            "아동,청소년의 성보호에 관한 법률 제38조"
        ],
        "qotatPrcdnt": [
            "대법원 2002. 4. 26. 선고 2001도2417 판결"
        ]
    },
    "concerned": {
        "acusr": "4",
        "dedat": "1"
    },
    "org": {
        "orgJdgmnCourtNm": "",
        "orgJdgmnAdjuDe": "",
        "orgJdgmnCaseNo": ""
    },
    "disposal": {
        "disposalform": "6",
        "disposalcontent": [
            "피고인을 징역 3년에 처한다.\n\n",
            "다만, 이 판결 확정일로부터 4년간 위 형의 집행을 유예한다.\n\n",
            "피고인에 대하여 2년간 보호관찰을 받을 것을 명한다.\n\n",
            "피고인에게 성폭력치료강의 40시간의 수강을 명한다.\n\n",
            "피고인에 대한 정보를 5년간 공개한다.\n\n",
            "이 사건 위치추적 전자장치 부착명령 청구를 기각한다.\n\n"
        ]
    },
    "mentionedItems": {
        "rqestObjet": [
            "피고인은 2010. 7. 18. 18:43경 0000에 있는 승강기 안에서 이름을 알 수 없는 피해자(여, 약 15세)를 강제추행할 것을 마음먹고, 오른손으로 피해자의 왼쪽 가슴 부분을 한번 만지고 다시 한번 왼손으로 피해자의 왼쪽 가슴 부분을 한번 만지는 방법으로 아동,청소년인 피해자를 강제추행하였다.",
            "피고인은 2010. 7. 18. 18:46경 위 제1항 기재 장소에서 피해자 공소외 1(여, 10세)을 강제추행할 것을 마음먹고, 오른손으로 피해자의 오른쪽 가슴 부분을 한번 만지는 방법으로 13세 미만인 피해자를 강제추행하였다.",
            "피고인은 2010. 7. 17.부터 18. 사이 저녁 무렵 0000에 있는 피해자 공소외 3 경영의 ㅁㅁ공판장에서 피해자가 계산을 하느라 주위가 산만한 틈을 이용하여 피해자 소유의 시가를 알 수 없는 과자 3개와 음료수 1병을 피고인의 남방 안에 숨겨 넣어 가 이를 절취하였다.",
            "피고인은 2010. 7. 16. 14:00경 0000 지하에 있는 피해자 공소외 2 운영의 ㅇㅇ마트 0000점에서 이름을 알 수 없는 종업원이 계산을 하느라 감시가 소홀한 틈을 이용하여 진열대에서 시가 24,400원 상당의 이어폰, 로션 등을 가방에 넣어 가 절취하였다."
        ]
    },
    "assrs": {
        "acusrAssrs": [],
        "dedatAssrs": [
            "피고인이 피해자들의 가슴을 만진 사실은 있지만, 피해자들에 대하여 폭행, 협박을 한 사실은 없으므로 강제추행에 해당하지 아니한다.",
            "피고인은 피해자 공소외 1이 초등학생이라는 사실을 알지 못하였으므로 위 피해자가 13세 미만의 미성년자라는 인식이 없었다.",
            "피고인은 피해자 공소외 3의 000에서는 과자와 음료수를 절취한 사실이 없고, 수사기관에서는 0의 주차요원에서 해고된 이후에 피고인에게 숙식을 제공했던 호텔 직원들이 문책을 당할 것이 걱정되어 허위로 진술한 것이다."
        ]
    },
    "facts": {
        "bsisFacts": [
            "피고인은 2010.7.18.18:43경 0000소재 00000 (동수 생략)에 있는 승강기 안에서 이름을 알 수 없는 피해자(여, 약 15세)를 강제추행할 것을 마음먹고, 오른손으로 피해자의 왼쪽 가슴 부분을 한번 만지고 다시 한번 왼손으로 피해자의 왼쪽 가슴 부분을 한번 만지는 방법으로 아동·청소년인 피해자를 강제추행하였다.",
            "피고인은 2010.7.18.18:46경 위 제1항 기재 장소에서 피해자 공소외 1(여, 10세)을 강제추행할 것을 마음먹고, 오른손으로 피해자의 오른쪽 가슴 부분을 한번 만지는 방법으로 13세 미만인 피해자를 강제추행하였다.",
            "피고인은 2010.7.17.부터 18.사이 저녁 무렵 0000에 있는 피해자 공소외 3 경영의 000에서 피해자가 계산을 하느라 주위가 산만한 틈을 이용하여 피해자 소유의 시가를 알 수 없는 과자 3개와 음료수 1병을 피고인의 남방 안에 숨겨 넣어 가 이를 절취하였다.",
            "피고인은 2010.7.16.14:00경 0000 지하에 있는 피해자 공소외 2 운영의 0에서 이름을 알 수 없는 종업원이 계산을 하느라 감시가 소홀한 틈을 이용하여 진열대에서 시가 24,400원 상당의 이어폰, 로션 등을 가방에 넣어 가 절취하였다."
        ]
    },
    "dcss": {
        "courtDcss": [
            "피해자들은 승강기 안에서 피고인을 처음 보았고, 서로 모르는 사이인 점, 피고인이 피해자들을 뒤따라 승강기 안으로 들어가 옆에 서 있던 중 순간적으로 피해자들의 가슴을 만져 추행행위가 기습적으로 이루어졌고, 피해자들로서는 이에 대한 항거 자체가 불가능하였던 점이 인정된다.",
            "피고인이 위와 같은 각 추행행위에 이르게 된 경위와 당시 상황 등에 비추어 보면, 피고인의 위 행위가 순간적으로 한 것에 불과하더라도 피해자의 의사에 반하여 행하여진 유형력의 행사에 해당하고 피해자들의 성적 자유를 침해할 뿐만 아니라 일반인의 입장에서도 추행행위라고 평가될 수 있는 점 등을 종합하면, 피고인이 피해자들의 가슴을 만지는 폭행행위 자체를 추행행위라고 충분히 인정할 수 있으므로, 피고인의 판시 각 행위는 강제추행에 해당된다.",
            "피고인은 검찰에서 초등학생으로 보이는 피해자 공소외 1의 가슴을 만졌다는 취지로 진술한 점에 비추어 범행 당시 위 피해자의 연령이 초등학생 정도라는 사실을 알고 있었던 것으로 보인다.",
            "그리고 CCTV 사진에 의하여 확인되는 위 피해자의 키, 체구, 생김새 등에 의하더라도 피고인이 위 피해자가 13세 미만의 미성년자라는 사실을 알았거나 적어도 13세 미만 자일지도 모른다고 인식하였다고 보이므로, 피고인의 13세 미만의 미성년자에 대한 강제추행 범의를 충분히 인정할 수 있다.",
            "① 피고인은 검찰에서 \"2010.7.17.20:00경 위 000에서 피해자가 카운터에서 계산을 하느라 주위가 산만한 틈을 타서 과자 3봉지와 음료수 1병을 훔쳐 상의 안에 넣고 나왔다.\" 라고 진술(수사기록 92쪽)한 점이 인정된다.",
            "② 피고인은 체포된 후 2010.7.20.경 경찰관과 함께 범행 장소 및 피해사실의 확인을 위해 위 000에 가게 되었고, 당시 그곳에서 스스로 훔친 물건 중 과자를 지적하였고, 음료수는 훔친 장소에 같은 물건이 없어 가져오지는 못했으나 그 음료수의 종류와 모양을 구체적으로 설명한 점이 인정된다.",
            "③피고인은 2006년경 폭력행위 등 처벌에 관한 법률위반으로 수사기관에서 조사를 받고 보호처분을 받은 경험이 있고, 위 절도 범행을 인정하게 된 경위와 과정 등에 비추어 보면, 단지 자신에게 숙식을 제공했던 호텔 직원들이 문책을 당할 것이 걱정되어 위 절도 범행을 허위로 진술하였다는 것은 쉽게 이해하기 어려운 점이 인정된다.",
            "④피해자 공소외 3은 이 법정에서 \"이 사건 범행 일시 무렵 피고인이 000에 왔던 사실을 피고인의 옷색깔이 특이해 기억하고 있고, 2010.7.19.경 물건을 판 적이 없는데 대리점 직원이 음료수를 들여놓아 위 음료수가 없어졌다는 사실을 알았다.\" 라는 취지로 진술하고 있는 점이 인정된다.",
            "⑤피해자는 경찰 진술서에는 \"2010.7.18.20:00~21:00경 과자 등을 도난당했다.\" 라고 기재(증거기록 59쪽)하였다가, 이 법정에서는 \"위 진술서에 기재한 일시는 피고인이 경찰관과 함께 와서 진술한 부분을 듣고 기재한 것이고, 피고인이 언제 피해자의 가게에 왔는지 정확히 기억나지는 않지만 일요일인 2010.7.18.17:00 이후에 왔었던 것 같다.\" 라고 진술을 번복하였다.",
            "그런데 위 진술서는 피해자가 경찰관 등의 말을 듣고 구체적인 범행 일시를 추측하는 과정에서 범행 일시를 피고인이 체포된 이후로 착오로 잘못 기재한 것으로 보이고, 피해자의 이 법정에서의 진술에 의하면 피고인이 이 사건 강제추행 범행 전에 절도 범행을 하였을 개연성이 충분히 인정된다.",
            "범행 일시와 체포 일시 사이에 모순점이 있다고 할 수는 없는 점 등을 종합하여 보면, 피고인이 판시 범죄사실 제3항과 같이 과자와 음료수를 절취한 사실을 충분히 인정할 수 있다."
        ]
    },
    "close": {
        "cnclsns": [
            "피고인을 징역 3년에 처한다.",
            "다만, 이 판결 확정일로부터 4년간 위 형의 집행을 유예한다.",
            "피고인에 대하여 2년간 보호관찰을 받을 것을 명한다.",
            "피고인에게 성폭력치료강의 40시간의 수강을 명한다.",
            "피고인에 대한 정보를 5년간 공개한다.",
            "이 사건 위치추적 전자장치 부착명령 청구를 기각한다."
        ]
    }
}