{
    "info": {
        "caseField": "2",
        "detailField": "6",
        "trailField": "1",
        "caseNm": "폭행치사",
        "courtNm": "수원지방법원",
        "judmnAdjuDe": "2010. 06. 14.",
        "caseNo": "2010고합17",
        "relateLaword": [
            "형법 제262조",
            "형법 제260조",
            "형법 제259조",
            "형법 제53조",
            "형법 제55조"
        ],
        "qotatPrcdnt": [
            "대법원 2005.3.25. 선고 2005도186 판결"
        ]
    },
    "concerned": {
        "acusr": "4",
        "dedat": "1"
    },
    "org": {
        "orgJdgmnCourtNm": "",
        "orgJdgmnAdjuDe": "",
        "orgJdgmnCaseNo": ""
    },
    "disposal": {
        "disposalform": "6",
        "disposalcontent": [
            "피고인을 징역 2년에 처한다."
        ]
    },
    "mentionedItems": {
        "rqestObjet": [
            "피고인을 징역 2년에 처한다."
        ]
    },
    "assrs": {
        "acusrAssrs": [],
        "dedatAssrs": [
            "피고인 및 변호인은 피고인이 공소사실 기재와 같이 피해자를 폭행한 사실은 있으 나 그 폭행의 정도가 경미한 점, 의료기관의 적절한 조치가 없었던 점 등에 비추어 피 고인이 피해자를 폭행한 것과 피해자가 사망에 이른 결과 사이에 인과관계가 없고, 피 고인에게는 위 폭행으로 인한 피해자의 사망이라는 결과에 대한 예견가능성도 없었다고 주장한다"
        ]
    },
    "facts": {
        "bsisFacts": [
            "피고인은 피해자 A과 안산시 단원구 OO동 소재 □□병원에 다니는 직장동료 관 계였던 자로 2009. 5. 30. 안산시 단원구 □□□동 소재 □□이야기 펜션으로 야유회를 가게 되었다.",
            "2009. 5. 31. 00 : 30경 위 □□이야기 펜션 앞 주차장에서 피고인의 여 자친구인 B이 피해자에게 피고인과 여자문제로 싸운 사실을 얘기하며 울게 되었다.",
            "피해 자가 주먹으로 피고인의 얼굴을 1회 때리자 이에 화가 나 왼쪽 주먹으로 피해자의 얼굴 부위를 1회 때려 그 충격으로 피해자가 뒤로 넘어지면서 머리를 그 곳 시멘트 바닥 에 부딪히게 하여 동인으로 하여금 의식을 잃게 하여 안산시 단원구 □□동 소재 고려 대학교 □□병원 응급실에서 치료를 받던 피해자로 하여금 같은 날 07 : 21경 머리 외상 (뇌멍, 뇌실질찢김, 머리뼈골절 등)으로 사망에 이르게 하였다."
        ]
    },
    "dcss": {
        "courtDcss": [
            "폭행치사죄는 결과적 가중범이므로 그 행위와 중한 결과 사이에 상당인과관계가 있어야 할 뿐만 아니라, 사망의 결과에 대한 예견가능성이 있어야 하고, 이러한 예견가능성의 유무는 폭행의 정도와 피해자의 대응상태 등 구체적 상황을 살펴서 엄격하게 가려야 한다 (대법원 2005. 3. 25. 선고 2005도186 판결 등 참조).",
            "위 법리에 비추어 피고인의 행위와 사망의 결과 사이에 상당인과관계가 있는지 여부와 사망의 결과에 대한 예견가능성이 있는지 여부에 관하여 본다.",
            "피해자는 이 사건 당시 별다른 지병 등이 없이 신체적으로 건강하였던 점, 피고인은 이 사건 당시 피해자가 직장 동료들과 소주, 양주, 맥주 등 여러 종류의 술을 많이 마 신 상태임을 알고 있었던 점을 인정할 수 있다.",
            "피고인은 사건 당일 새벽 시간에 피해자와의 말다툼 끝에 피해자 얼굴의 오른쪽 턱 부위를 왼쪽 주먹으로 휘둘러 폭행하였는데, 주위에 있 던 C 등은 피고인이 피해자의 턱 부위를 때리는 순간 '딱'소리를 들었을 정도라고 진 술하고 있고 피고인은 피해자의 얼굴을 폭행한 충격으로 피고인의 왼쪽 새끼손가락이 접질려 멍이 들 정도의 강도로 폭행한 점을 인정할 수 있다.",
            "피해자가 피고인으로부터 폭행을 당한 후 꼿꼿이 선 채로 뒤로 넘어지면서 머리를 바닥에 부딪친 점, 이 사건 장소는 주 차장으로 바닥은 시멘트로 되어 있었던 점, 피고인은 신장 176cm, 체중 76kg인데 비해 피해자는 신장 168㎝, 체중 69kg으로 피고인의 체격이 피해자의 체격보다 컸던 점을 인정할 수 있다.",
            "국립과학수사연구소의 부검 결과 피해자의 머리에서 머리뼈 골절, 여러 곳의 뇌 멍, 소뇌의 찢김, 경질막밑출혈 등이 보이고, 오른쪽 턱뼈각에서 경계가 불분명한 피부 까짐, 뒤통수에서 피부까짐과 머리덮개밑출혈이 발견되었고, 부검의는 피해자의 사인과 관련하여 ' 머리외상 (뇌멍, 뇌실질찢김, 머리뼈 골절 등)으로 판단됨 '이라는 의견을 제출 하고 있는 점을 인정할 수 있다.",
            "피해자는 피고인으로부터 폭행을 당한 후 약 7시간 만에 위와 같은 사인에 의하여 사망한 점 등을 종합하면, 위와 같은 피고인의 폭행의 방법, 부위, 정도 와 피해자의 병력 및 당시 건강상태, 피고인의 폭행과 피해자의 사망이라는 결과 발생 사이의 시간적 근접성 등에 비추어 피고인의 위 폭행과 피해자의 사망 사이에 인과관 계가 있음을 충분히 인정할 수 있다. ",
            "이 사건 당시 피해자의 상태, 폭행의 장소 등에 비추어 피고인이 술에 취한 피해자의 얼굴 부위를 주먹으로 강하게 타격하는 경우 폭행으로 인하여 피해자가 넘어지면서 머리가 시멘트 바닥에 부딪혀 사망이라는 결과가 발생한다는 점에 대한 예견가능성도 있었다고 할 것이므로, 피고인 및 변호인의 위 주장은 받아들이지 아니한다."
        ]
    },
    "close": {
        "cnclsns": [
            "피고인을 징역 2년에 처한다."
        ]
    }
}