{
    "info": {
        "caseField": "2",
        "detailField": "6",
        "trailField": "1",
        "caseNm": "강도,배상명령신청",
        "courtNm": "서울동부지방법원",
        "judmnAdjuDe": "2011. 03. 14.",
        "caseNo": "2010고합444",
        "relateLaword": [
            "형법 제333조",
            "형사소송법 제325조",
            "소송촉진 등에 관한 특례법 제32조"
        ],
        "qotatPrcdnt": [
            "대법원 1956.8.17. 선고 4289형상170 판결",
            "대법원 2009.1.30. 선고 2008도10308 판결",
            "대법원 2006.2.23. 선고 2005도8645 판결"
        ]
    },
    "concerned": {
        "acusr": "4",
        "dedat": "1"
    },
    "org": {
        "orgJdgmnCourtNm": "",
        "orgJdgmnAdjuDe": "",
        "orgJdgmnCaseNo": ""
    },
    "disposal": {
        "disposalform": "10",
        "disposalcontent": [
            "피고인은 무죄이다.",
            "배상신청인의 배상신청을 각하한다.",
            "피고인의 위 폭행 및 재물취거의 각 행위를 전체적으로 종합하여 단일한 재물 강취의 범행으로 인정할 만한 증거가 존재하지 아니하는 이상 피해자가 피고인이 건네 준 커피를 마셨는지, 그 커피를 마시고 잠에 빠져 항거불능 상태가 되었는지에 대해서는 더 나아가 살펴볼 필요 없어 강도죄의 성립을 인정할 수 없다."
        ]
    },
    "mentionedItems": {
        "rqestObjet": [
            "피해자의 재물을 강취하였다."
        ]
    },
    "assrs": {
        "acusrAssrs": [],
        "dedatAssrs": [
            "피고인과 변호인은 피고인이 위 일시, 장소에서 피해자를 잠에 빠트리려고 수면제 등을 탄 커피를 건네주기는 하였으나 이는 피해자의 학대를 피하여 도망가기 위하여 한 것일 뿐 피해자의 재물을 강취하기 위한 고의로 한 것은 아니고, 피해자는 피고인이 건네준 커피를 마시지 않았다.",
            "피고인이 피해자가 잠든 사이에 피해자의 물품을 일부 가지고 나오기는 하였으나 그 물품은 이 사건 전날 미리 훔쳐놓은 피해자의 지갑속 현금 20만 원 및 피해자의 노트북가방, 여권뿐이라고 주장한다."
        ]
    },
    "facts": {
        "bsisFacts": [
            "피고인은 필리핀 사람으로 피해자 00(46세)과 2010. 5. 27. 혼인신고를 한 부부지간으로 2010. 10. 2.경 한국에 입국하여 그 때부터 0000에 있는 ㅇㅇ오피스텔 ###호 12평 규모의 원룸에서 피해자와 동거하였다.",
            "피고인이 피해자와 결혼하기로 약속하였을 때에는 피해자는 피고인에게 자신이 이혼을 한 경력이 있고 전처와 사이에 피고인의 나이와 비슷한 자녀들이 있다는 점을 말하지 않았는데, 피고인이 혼인신고를 위해 대사관에 찾아가서야 이러한 사정을 그 직원으로부터 들어서 알게 되었다. ",
            "피고인은 피해자를 믿고 결혼을 하기로 마음을 먹고 2010. 5. 27. 피해자와 혼인신고를 하였다",
            "피고인은 혼인신고 후에도 비자발급 문제로 한국으로 입국을 하지 못하다가 이 사건 2주 전인 2010. 10. 2.에야 한 국으로 입국하였다. 한국으로 입국한 이후 피해자는 태도를 돌변하여 피고인에게 거칠게 대하기 시작하였다.",
            "이는 입국 당일 여독으로 피곤해 하는 피고인에게 위 오피스텔을 청소하라고 하여 이를 거부하는 피고인을 드라이버로 위협하여 결국 피고인으로 하여금 청소를 하게 만들고, 대부분의 끼니를 라면과 초콜릿으로 때우게 하고 피고인이 불만을 말하면 욕설을 하고 화를 내었다. ",
            "피해자는 피고인과 함께 2010. 10. 13. 저녁 나이트클럽에서 친구들을 만난 자리에서 피고인에게 탁자 위에서 춤을 추라고 하여 피고인은 마지못해 춤을 추었고, 피해자는 피고인에게 필리핀 여성 20명 정도를 데려와 술집에서 일하게 하고 피고인이 그들을 관리하여 돈을 벌자는 제안도 하였다. ",
            "피고인과 피해자는 2010. 10. 14. 저녁 무렵 그 전날 나이트클럽에서 일어난 일이 이유가 되어 다투게 되었는데 그 과정에서 화가 난 피해자는 평소 집안에 보관하고 있던 수갑으로 피고인의 양손목을 묶고 삼단봉으로 때릴 듯이 하고 장난감 총을 들이대며 피고인에게 자신은 마피아의 일원이며 사람을 죽이는 일도 한다는 취지로 겁을 주었다. ",
            "한국에 입국한지 얼마 되지 않아 한국말도 하지 못하고 혼자서 외출하거나 물건을 구입한 적도 없었던 피고인은 피해자에게 아무도 모르게 죽임을 당할지도 모른다는 공포에 빠져 피해자로부터 벗어나야겠다고 마음먹게 되었다."
        ]
    },
    "dcss": {
        "courtDcss": [
            "피해자는 이 법정에서 진술하면서 장롱 속에 30만 원이 있었다고 생각하는 것은 평소 자신이 생활비를 40만 원 정도씩 인출하여 장롱 속에 보관하여 두고 조금씩 꺼내서 사용하는데 이 사건이 발생할 당시 적어도 30만 원 정도는 남아있었을 것으로 추측하기 때문이라고 하나, 피고인은 장롱 속의 생활비는 보지도 못하였으며 알지도 못한다고 부인하고 있다.",
            "피해자 역시 이 법정에서 피고인에게 위 장롱 속의 생활비의 존재를 직접 알려준 적은 없으나 평소에 자신이 장롱 속에서 생활비를 꺼내는 것을 보았을 것이므로 피고인도 이를 알고 있었으리라고 진술하고 있을 뿐인데 이러한 피해자의 진술만으로 위 장롱 속에 현금 20여만 원이 있었다는 점, 피고인이 피해자가 잠든 사이에 위 현금 20여만 원을 가지고 나왔다는 점을 인정하기는 어렵고, 달리 이 부분 공소사실을 인정할 증거가 없다.",
            "압수조서는 피고인으로부터 피해자 모친의 반지, 피해자의 여권을 압수하였다는 취지인데(증거기록 182쪽)피해자 모친의 반지는 피해자가 피고인에게 준 것으로 공소사실의 피해품이 아니며 피해자의 여권은 피고인이 가져갔다는 점은 인정하고 있어서 위 압수조서로는 피고인이 피해자의 손목시계, 남성용 백금반지, 장롱 속의 현금 20여만 원, 피해자 모친의 목걸이를 가져갔다는 점을 인정하기 부족하다.",
            "오히려 피고인이 가져갔다고 인정하는 물품들은 현금 20만 원을 제외하고는 이를 처분하지 않은 채 그대로 소지하고 있어 압수된 반면에 가져가지 않았다고 다투는 물품은 압수되지 않았다는 점을 인정할 수 있을 뿐이다.",
            "수사보고(피해품 확인보고)역시 피해자가 사라졌다고 하는 백금반지는 피고인의 여성용 백금반지가 아닌 피해자의 남성용 백금반지라는 피해자의 주장을 기재한 것이어서(증거기록 254쪽)앞서 본 바와 같이 그 신빙성이 없다.",
            "피고인은 피해자와 결혼생활을 위해 2010. 10. 2. 한국에 입국한 이래 피해자로부터 수갑이 채워진 채로 삼단봉과 장난감 총으로 위협을 받거나 음식을 제대로 제공받지 못하고 나이트클럽에서 춤을 추라고 강요를 당하는 등 학대를 받고 생명·신체에 위협을 느껴 피해자로부터 탈출해야 한다는 절박한 심정으로 피해자에게 수면제를 탄 커피를 주었다는 것으로 그 동기에 비추어, 이하 다음과 같다.",
            "즉, 피고인이 피해자가 잠든 사이에 피해자의 노트북가방, 여권을 가져갔다는 점만으로 피고인에게 반드시 강도의 고의 가 있었다고 보기는 어려운 점이 인정된다.",
            "앞서 본 바와 같이 피고인이 피해자가 커피를 마시고 잠든 틈을 이용하여 피해자의 물품을 강취할 고의가 있었다면 되도록 많은 현금과 환가가 용이한 귀금속 또는 고가의 노트북 등을 가지고 나왔을 것인데 피고인은 이 사건 전날 훔친 현금 20만 원과 피해자로부터 선물받은 반지 2개(여성용 백금반지와 피해자 모친의 유품인 반지)이외에는 환가가 용이하거나 고가의 물품을 가지고 나왔다는 것이 인정되지 않는 점이 인정된다.",
            "피고인이 2010. 10. 16. 오전경 피해자가 잠든 사이에 새로이 피해자의 점유를 배제하고 가지고 나온 것으로 인정되는 것은 노트북가방, 여권이 있을 뿐인데 노트북가방은 피고인이 피해자로부터 도망치기 위해 자신의 옷가지 등 짐을 담아 나오기 위한 수단으로 사용하였을 뿐이어서 피고인이 이를 강취하기 위해 피해자에게 수면제를 탄 커피를 건네주었다고 보기 어렵다.",
            "그리고 피해자의 여권은 피고인의 결혼관련서류가 들어 있는 플라스틱 파일철의 서류 사이에 끼워져 있어서 피고인이 이를 가지고 나올 고의가 있었다는 점을 쉽게 인정하기 어렵고 설사 피고인이 피해자의 여권을 가지고 나온다는 것을 인식하였다고 하더라도 굳이 피해자의 여권을 강취하기 위해 피해자에게 수면제를 탄 커피를 주었다고 보기는 어려운 점이 인정된다.",
            "피고인이 이 사건 전날까지 B를 비롯한 친구들과 주고받은 휴대전화 문자메시지에는 피고인으로부터 도망치고 싶다거나 도망치기 전에 많은 돈을 훔쳐야 한다거나 하는 내용이 포함되어 있기는 하다.",
            "그러나, 하지만 피고인이 이 사건 당일에는 피해자의 재물 중 현금이나 귀금속과 같은 도피자금이나 생활비로 사용할 수 있는 물건을 훔친 점이 인정되지 않은 상황에서 위와 같은 문자메시지의 내용만으로 피고인이 수면제 등을 탄 커피를 피해자에게 건네줄 당시 이미 절취한 위 현금 20만 원 이외에 피해자의 재물을 추가로 빼앗아야겠다는 의사가 있었다고 단정하기는 어려운 점에 비추어 보면, 이하 다음과 같다.",
            "즉, 피고인이 강도의 고의로 피해자에게 수면제, 신경안정제 성분이 든 커피를 건네주었다고 인정하기는 어렵다."
        ]
    },
    "close": {
        "cnclsns": [
            "피고인은 무죄이다.",
            "배상신청인의 배상신청을 각하한다."
        ]
    }
}