{
    "info": {
        "caseField": "2",
        "detailField": "6",
        "trailField": "1",
        "caseNm": "사기방조,전자금융거래법위반",
        "courtNm": "대구지방법원",
        "judmnAdjuDe": "2010. 04. 02.",
        "caseNo": "2010고단324",
        "relateLaword": [
            "형법 제347조",
            "형법 제30조",
            "형법 제32조",
            "전자금융거래법 제49조",
            "전자금융거래법 제6조",
            "형법 제55조",
            "형법 제37조",
            "형법 제38조",
            "형법 제50조"
        ],
        "qotatPrcdnt": []
    },
    "concerned": {
        "acusr": "4",
        "dedat": "1"
    },
    "org": {
        "orgJdgmnCourtNm": "",
        "orgJdgmnAdjuDe": "",
        "orgJdgmnCaseNo": ""
    },
    "disposal": {
        "disposalform": "6",
        "disposalcontent": [
            "피고인을 징역 1년 6월에 처한다."
        ]
    },
    "mentionedItems": {
        "rqestObjet": [
            "피고인을 징역 1년 6월에 처한다."
        ]
    },
    "assrs": {
        "acusrAssrs": [],
        "dedatAssrs": [
            "피고인은 본범인 00의 보이스피싱 사기 범행에 대한 고의가 없었으므로 사기 방조의 점은 무죄라고 주장한다. "
        ]
    },
    "facts": {
        "bsisFacts": [
            "전자금융거래법 위반김일은 2008. 12.경 평소 알고 지내던 00에게 통장을 양도받아 달라고 부탁을 하였다. ",
            "00는 2009. 7. 10. 15:47경 불상의 장소에서 컴퓨터를 이용하여 인터넷 포털사이트 000 에 접속한 후 '0'라는 카페에 '왕자'라는 닉네임으로 글을 올린 00에게 통장을 만들어 주면 통장 1개당 10만 원을 주겠다는 내용의 이메일을 보냈다.",
            "00는 2009. 7. 20. 10:00경 0000 시외버스터미널 인근에서 00과 그의 선배인 00을 만나, 그들에게 각 명의의 통장을 6개씩 12개를 개설하게 하였다.",
            "00은 2009. 7. 21. 시간 불상경 00의 소개로 알게 된 피고인에게 유선으로 00과 00의 연락처를 알려주었고, 피고인은 00라는 사람에게 00의 연락처를 알려주어, 위 00로 하여금 2009. 7. 21. 22:00경 0000 소재 00000 앞에서 00을 만나 00 명의의 000은행 통장, 000은행 통장, 000 통장 및 그에 대한 현금카드 3개와 비밀번호를 30만 원을 주고 매수하도록 하였다. ",
            "피고인은 00이, 00과 공모하여 전자금융거래를 위한 접근매체의 양도·양수를 알선하였다.",
            "사기방조 피고인과 00이, 00의 알선에 의하여 00 명의의 000은행 통장 등을 양도받은 00 등은 2009. 7. 22. 12:20경 불상의 장소에서 피해자 1에게 전화를 걸어 피해자에게 개인정보가 유출되어 자기앞수표가 발행되었으니 보안조치를 해 놓아야 한다. 고 거짓말하여 가까운 현금지급기로 유인하였다.",
            "사실은 개인정보가 유출되었으니 보안조치가 필요하다는 말은 모두 거짓으로 피해자의 통장에서 돈을 이체시키기 위해 피해자를 유인하기 위한 거짓말이었다. ",
            "00등은 위와 같이 피해자를 기망하여 이에 속은 피해자로부터 2009. 7. 22. 12:57경 00 명의의 000은행 계좌로 5,984,747원을 송금받았다.",
            "00는 같은 방법으로 피해자 2를 기망하여 이에 속은 피해자로부터 2009. 7. 22. 12:11경 00 명의의 000은행 계좌로 5,980,100원을 송금받았다.",
            "피고인은 00이 00과 공모하여 위와 같이 00 등의 보이스피싱 사기 사실을 알면서도 이를 돕기 위하여 1.항 기재와 같이 00 명의의 통장 양도를 알선함으로써 위 00의 사기행위를 방조하였다."
        ]
    },
    "dcss": {
        "courtDcss": [
            "00은 검찰에서 대포통장을 구해 달라는 00의 부탁을 받고 당시 00로 통하던 피고인이 소개한 성명불상자에게 00의 통장 등을 넘겨주었고, 그 대가로 150만 원을 00 명의로 송금받았다고 진술하고 있다.",
            "00가 양도한 통장에 송금된 돈을 인출하게 되자, 피고인이 자신에게 전화를 하여 따지면서 보이스 피싱에 의하여 송금된 돈이라는 사실과 변상하지 않으면 형사 처벌받을 수 있다는 취지의 협박을 하였고, 이에 대포통장이 보이스피싱에 사용된다는 사실을 알고 범행 가담에 중단하였는데, 이후 피고인, 00으로부터 전화가 와서 00과 00의 연락처를 알려 주었다고 진술하고 있는 점이 인정된다.",
            "피고인은 경찰, 검찰에서 00이 먼저 대포통장을 구하였다고 하면서 필요하면 연락을 하라고 하였고 마침 00가 대포통장을 구한다는 생각이 나서 00 가 00으로부터 대포통장을 받을 수 있도록 소개하여 준것일 뿐이라고 진술하고 있으나, 00이 00의 통장을 소개하여 주었다가 보이스 피싱에 연루된 사정을 알면서 범행을 중단한 점으로 보아 00이 먼저 피고인에게 대포통장 필요한지 의뢰를 하였다는 피고인의 위 진술도 믿기 어려운 점이 인정된다.",
            "피고인이 00으로부터 00의 통장을 넘겨받으면서 00이라는 가명을 사용하였고, 00의 통장 양도 및 그 대금 송금까지 직접 관여한 것으로 보이는 점 등에 비추어 피고인이 이 사건 00, 00의 각 통장의 양도, 양수 알선을 할 당시에는 위 통장이 보이스피싱에 사용된다는 사실을 알았다고 넉넉히 인정되므로, 피고인의 위 주장은 받아들이지 않는다."
        ]
    },
    "close": {
        "cnclsns": [
            "피고인을 징역 1년 6월에 처한다."
        ]
    }
}