{
    "info": {
        "caseField": "2",
        "detailField": "6",
        "trailField": "1",
        "caseNm": "특정범죄가중처벌등에관한법률위반(독직폭행)(피고인2의피해자공소외20에대한독직폭행치상의점은공소취소),독직폭행",
        "courtNm": "서울남부지법",
        "judmnAdjuDe": "2010. 12. 30.",
        "caseNo": "2010고합331",
        "relateLaword": [
            "형법 제1조",
            "형법 제30조",
            "형법 제37조",
            "형법 제42조",
            "형법 제125조",
            "구 형법 제42조",
            "구 특정범죄 가중처벌 등에 관한 법률 제4조",
            "헌법 제10조",
            "헌법 제12조",
            "형법 제38조",
            "형법 제50조",
            "형법 제62조"
        ],
        "qotatPrcdnt": []
    },
    "concerned": {
        "acusr": "1",
        "dedat": "1"
    },
    "org": {
        "orgJdgmnCourtNm": "",
        "orgJdgmnAdjuDe": "",
        "orgJdgmnCaseNo": ""
    },
    "disposal": {
        "disposalform": "8",
        "disposalcontent": [
            "피고인 1을 징역 3년 및 자격정지 5년에, 피고인 2, 피고인 3, 피고인 4를 각 징역 1년 및 각 자격정지 3년에, 피고인 5를 징역 8월 및 자격정지 2년에 각 처한다.",
            "다만 이 판결확정일로부터 2년간 피고인 5에 대한 위 각 형의 집행을 유예한다."
        ]
    },
    "mentionedItems": {
        "rqestObjet": [
            "피고인들은 공모하여 인신구속에 관한 직무를 행함에 당하여 형사피의자인 피해자에게 폭행을 가하였으므로 처벌받아야 한다."
        ]
    },
    "assrs": {
        "acusrAssrs": [],
        "dedatAssrs": []
    },
    "facts": {
        "bsisFacts": [
            "강력5팀 경찰관들은 2009. 8. 2. 15:40경 0000 부근에서 피해자 공소외 00(54세)을 특정범죄 가중처벌 등에 관한 법률 위반(절도) 등의 혐의로 체포하여 피의자로 조사하게 되었다.",
            "피고인 00, 피고인 00는 같은 날 16:30경 서울양천경찰서 강력5팀 사무실에서, 피해자가 범행을 부인하며 공범에 대하여 묵비권을 행사한다는 이유로, 피해자를 의자에 앉힌 다음, 피고인 00는 피해자의 수갑을 뒤로 채우고, 피고인 00은 손으로 피해자의 머리를 눌러 자신의 허벅지 사이에 끼워 움직이지 못하게 했다.",
            "그런 다음 다음, 뒤로 수갑 채워진 피해자의 양팔을 잡아 등 위로 꺾어 올려 어깨 부위 등에 고통을 가하고, 피해자가 고통을 못 이겨 비명을 지르자 수건으로 피해자의 입을 막은 후 계속하여 위와 같은 방법으로 수회 양팔을 꺽어 올리고, 팔꿈치로 피해자의 등 부위를 수회 내리꺽었다.",
            "위 강력5팀 경찰관들은 2009. 9. 1. 01:50경 0000 노상 피해자 공소외 00(39세)의 집 부근에서 피해자를 특수절도 등의 혐의로 체포하여 피의자로 조사하게 되었다.",
            "피고인 00, 성명불상의 강력5팀 경찰관 2～3명은 위 일시경 피해자를 체포하여 그 부근에 주차된 0 승합차로 데려간 다음 그 승합차 안에서 피해자가 공범을 자백하지 않는다는 이유로, 피고인 00은 피해자의 머리를 앞으로 숙이게 하여 뒤로 수갑 채워진 피해자의 양팔을 잡아 등 위로 1회 꺾어 올려 어깨 부위 등에 고통을 가했다.",
            "피고인 00, 성명불상의 경찰관 2～3명은 주먹으로 피해자의 어깨, 허리를 수회 때리고, 서울양천경찰서로 가는 도중 그 승합차 안에서 계속하여 피고인 00은 피해자의 옆에 앉아 주먹으로 피해자의 목 부위를 약 10회 때렸다.",
            "위 강력5팀 경찰관인 피고인 00와 공소외 00 등은 2009. 9. 1. 12:30경 0000에 있는 피해자 공소외 00(43세)의 동거녀 집 앞에서 피해자를 특수절도 등의 혐의로 체포하여 피의자로 조사하게 되었다.",
            "피고인 00는 위 일시경 피해자를 체포하여 0 승합차에 태워 피해자의 거주지로 갔으나 장물이 나오지 않아 다시 서울양천경찰서로 가던 중 그 승합차 안에서 위 피해자가 여죄를 자백하지 않는다는 이유로, 어금니를 다물라고 한 다음 손바닥과 주먹으로 피해자의 뺨을 때리고, 포승줄로 피해자의 허벅지와 팔 부위를 수회 때렸다.",
            "위 강력5팀 경찰관들은 2009. 9. 1. 12:45경 0000에 있는 피해자 공소외 00(47세)의 집에서 피해자를 특수절도 등의 혐의로 체포하여 피의자로 조사하게 되었다.",
            "피고인 00, 피고인 00는 위 일시경 피해자의 집 부근에 주차된 0 승합차 안에서, 피해자가 여죄에 대한 범행을 부인한다는 이유로, 피고인 00는 피해자의 머리를 손으로 눌러 자신의 허벅지 사이에 끼워 움직이지 못하게 한 다음, 뒤로 수갑 채워진 피해자의 양팔을 잡아 등 위로 꺾어 올려 어깨 부위 등에 고통을 가했다.",
            "피고인 00은 주먹으로 피해자의 허벅지를 수회 때리고, 서울양천경찰서로 가는 도중 그 승합차 안에서 계속하여 피고인 00은 피해자의 입에 수건을 밀어 넣고, 피고인 00는 위와 같은 방법으로 피해자의 양팔을 꺾어 올려 어깨 부위 등에 고통을 가하였다.",
            "위 강력5팀 경찰관들은 2009. 11. 4. 20:00경 0000 소재 영동고속도로 인천방면 용인휴게소에서 피해자 공소외 00(37세)를 특정범죄 가중처벌 등에 관한 법률 위반(절도) 등의 혐의로 체포하여 피의자로 조사하게 되었다.",
            "피고인 00, 피고인 00는 위 일시경 피해자를 0 승합차에 태워 서울양천경찰서로 가던 도중 그 승합차 안에서, 피해자가 공범 및 여죄를 자백하지 않는다는 이유로, 피고인 00는 손으로 피해자의 머리를 앞으로 눌러 움직이지 못하게 하고, 피고인 00은 뒤로 수갑 채워진 피해자의 양팔을 잡아 등 위로 꺾어 올리는 등 하여 약 40분 동안 어깨 부위 등에 고통을 가했다.",
            "계속하여 피고인 00는 주먹으로 피해자의 복부와 허벅지를 수회, 피고인 00은 손바닥으로 피해자의 뺨을 약 5회, 주먹으로 허벅지를 약 3회 때렸다.",
            "위 강력5팀 경찰관들은 2009. 11. 10. 00:20경 0000에 있는 피해자 공소외 00(50세)의 집 부근에서 피해자를 특정범죄 가중처벌 등에 관한 법률 위반(절도) 등의 혐의로 체포하여 피의자로 조사하게 되었다.",
            "피고인들은 위 일시경 피해자를 0 승합차에 태워 서울양천경찰서로 가는 도중 그 승합차 안에서, 피고인 00은 피해자에게 \"공소외 00, 그동안 잘 먹고 잘 살았냐, 이제 시작해 볼까.\"라고 말을 하고, 피고인 00는 피해자의 머리를 앞으로 숙여 움직이지 못하게 한 다음, 피고인 00은 뒤로 수갑 채워진 피해자의 양팔을 잡아 등 위로 꺾어 올려 어깨 부위 등에 고통을 가하는 행위를 수회 반복했다.",
            "계속하여 피고인 00는 발로 피해자의 양 허벅지를 수회 걷어찬 후, 주먹으로 피해자의 복부 부위를 수회 때리고, 이에 가세하여 피고인 00은 주먹으로 피해자의 양 허벅지를 수회 때렸다.",
            "피고인 00 및 성명불상의 위 강력5팀 경찰관 3～4명은 같은 날 00:50경 0000 서울양천경찰서 강력5팀 사무실에서, 피해자의 여죄를 자백받기 위하여, 피고인 00은 강력5팀 소속 경찰관 4명과 함께 피해자를 의자에 앉힌 다음, 손으로 피해자의 머리를 눌러 자신의 허벅지 사이에 끼워 움직이지 못하게 하고, 뒤로 수갑 채워진 피해자의 양팔을 잡아 등 위로 꺾어 올려 어깨 부위 등에 고통을 가하는 행위를 수회 반복했다.",
            "이때 피해자가 소리를 지르자 수건을 입에 물린 후, 발로 피해자의 양 허벅지 부위 및 복부 부위를 수회 차고, 주먹으로 피해자의 양 허벅지 부위를 수회 때리고, 이에 가세하여 위 성명불상의 강력5팀 경찰관들은 피해자가 앞으로 넘어지지 않도록 피해자의 뒤에서 피해자를 붙잡고, 발로 피해자의 허벅지 부위를 수회 찼다.",
            "위 강력5팀 경찰관들은 2009. 11. 10. 03:00경 0000에 있는 00000 PC방 앞에서 피해자 공소외 00(39세)을 특정범죄 가중처벌 등에 관한 법률 위반(절도) 등의 혐의로 체포하여 피의자로 조사하게 되었다.",
            "피고인들은 같은 날 03:40경 피해자를 0 승합차에 태워 서울양천경찰서로 데리고 온 다음 그 곳 주차장에 위 승합차를 주차시킨 후 그 안에서, 피해자가 범행을 부인한다는 이유로 피고인들은 합세하여 피해자의 머리를 앞으로 눌러 숙이게 한 후, 뒤로 수갑 채워진 피해자의 양팔을 잡아 등 위로 꺾어 올려 어깨 부위 등에 고통을 가하는 행위를 2회 가량 반복하고, 발로 피해자의 정강이 부위를 수회 걷어차고, 주먹으로 머리 부위와 등 부위를 수회 때렸다.",
            "피고인들은 같은 날 03:50경 위 서울양천경찰서 강력5팀 사무실에서, 피해자가 범행을 부인하며 대든다는 이유로, 피고인 00은 손으로 피해자의 뺨을 약 2회 때리고, 발로 피해자의 가슴 부위를 약 2회 걷어찬 다음, 피고인들은 사무실 바닥에 소파쿠션 3개를 깔고 피해자를 그 위로 넘어뜨린 후 피해자의 머리 및 다리 부위를 눌러 움직이지 못하게 하고, 피해자의 입에 목장갑을 물린 후 테이프로 감아 소리를 지르지 못하게 하였다.",
            "계속하여 뒤로 수갑 채워진 피해자의 양팔을 잡아 등 위로 꺾어 올려 어깨 부위 등에 고통을 가하는 행위를 수회 반복하였다.",
            "위 강력5팀 경찰관들은 2009. 11. 10. 13:35경 0000에 있는 00000 고시원에서 피해자 공소외 00(48세)을 특정범죄 가중처벌 등에 관한 법률 위반(절도) 등의 혐의로 체포하여 피의자로 조사하게 되었다.",
            "피고인들은 위 일시경 피해자를 체포하여 0 승합차에 태워 서울양천경찰서로 가던 중 그 승합차 안에서, 피해자가 공범을 자백하지 않는다는 이유로, 피고인 00은 위 승합차 조수석에 승차하여 다른 경찰관들의 피해자에 대한 폭행을 지시하고, 피고인 00, 피고인 00는 피해자의 양 옆에 앉고, 피고인 00는 피해자의 앞에 앉은 다음, 피고인 00, 피고인 00는 피해자의 무릎과 허벅지를 눌러 피해자를 움직이지 못하게 했다.",
            "피고인 00는 뒤로 수갑 채워진 피해자의 양팔을 잡아 등 위로 꺾어 올려 어깨 부위 등에 고통을 가하는 행위를 수회 반복하고, 계속하여 주먹으로 피해자의 가슴 부위를 수회 때렸다.",
            "피고인은 같은 날 14:20경 서울양천경찰서 강력5팀 사무실에서, 의자에 앉아 있는 피해자에게 다가가 \"나는 혼자서도 할 수 있다.\"고 하며 한 손으로 피해자의 머리 및 등 부위를 누르고, 한 손으로 뒤로 수갑 채워진 피해자의 양팔을 잡아 등 위로 꺾어 올려 어깨 부위 등에 고통을 가하였다.",
            "위 강력5팀 경찰관들은 2009. 12. 17. 16:25경 0000 건물 2층에서 피해자 공소외 000(34세)을 특수절도미수 등의 혐의로 체포하여 피의자로 조사하게 되었다."
        ]
    },
    "dcss": {
        "courtDcss": [
            "이 사건 범행은, 인신구속에 관한 직무를 행하거나 보조하는 경찰공무원인 피고인들이 공모하여 범행을 부인하거나 여죄를 자백하지 않는다는 등의 이유로 형사피의자였던 피해자 21명을 폭행하고 그로 인하여 일부 피해자들에게 상해를 가한 것으로서, 위와 같은 범행이 장기간에 걸쳐 반복적·조직적·계획적으로 이루어졌다는 점 등에 비추어 그 죄질이 매우 불량하다.",
            "피고인들은 일부 피해자들에 대하여는 태도가 불량하다는 이유로 소리를 지르지 못하도록 입에 휴지나 수건 등을 집어넣고 테이프로 감은 후 뒤로 수갑 채워진 피해자의 양팔을 위로 꺾어 올려 어깨 부위 등에 고통을 가하는 이른바 '날개꺾기'라는 심한 가혹행위를 하기도 하였으며, 그로 인하여 일부 피해자들은 죽음의 공포를 느끼기도 하였다고 호소하고 있다.",
            "또한 피해자들과 합의가 이루어지지 않아 대부분의 피해자들이 피고인들에 대한 엄벌을 탄원하고 있다. ",
            "고문은 인간의 존엄과 가치, 적법절차, 고문을 받지 아니할 권리 등을 천명하고 있는 현행 헌법질서 하에서 어떤 이유로든 용납될 수 없는 반인권적 범죄이자 문명사회에서 반드시 퇴치되어야 할 잔혹하고 야만적인 범죄인 점 등을 감안할 때, 피고인들을 엄히 처벌하지 않을 수 없다.",
            "다만 피고인들이 구금생활을 통하여 모두 자신의 잘못을 깊이 반성하고 있는 점, 피고인들이 범죄자들과의 물리적인 충돌로 인해 신체에 위해를 입을 수 있어 한시도 긴장의 끈을 늦출 수 없는 강력범에 대한 체포와 수사업무를 수행하면서 범죄척결에 대한 의욕이 지나쳐 이 사건 범행을 저지른 것으로 보이며, 범인 검거 실적으로 업무성적을 평가하는 과도한 실적주의·성과주의도 이에 일조한 것으로 보이는 점이 인정된다.",
            "피고인 00은 1992년경부터 약 18년간 경찰공무원으로 재직하면서 20여 회의 표창을 받는 등 성실하게 근무하여 왔고, 특히 많은 기간을 강력부에 근무하면서 2006년경에는 초등학생 유괴사건의 범인을 검거하여 1계급 특진을 하는 등 범죄로부터 국민의 신체와 재산을 보호하기 위해 열정적으로 근무하여 온 것으로 보이는 점이 인정된다.",
            "피고인 00, 피고인 00, 피고인 00, 피고인 00도 경찰공무원으로 임용된 이래( 피고인 00는 1999년, 피고인 00은 1998년, 피고인 00는 2005년, 피고인 00는 2007년) 각각 주어진 분야에서 나름대로 최선을 다해 경찰공무원으로 근무함으로써 국가와 사회를 위해 봉사해 온 것으로 보인다.",
            "또한 강력5팀의 팀원들인 피고인 00, 피고인 00, 피고인 00, 피고인 00는 강력팀의 엄격한 위계질서에 따라 팀장인 피고인 00의 지시에 의하여 이 사건 범행을 저지른 측면도 있어 보이는 점이 인정된다.",
            "특히 피고인 00는 피고인들 중 이 사건 범행에 가담한 횟수가 가장 적고 독직폭행치상 범행에는 가담하지 않았을 뿐만 아니라, 가혹행위에도 소극적으로 가담한 것으로 보이며, 경찰공무원으로 임용된 지 3년 정도 밖에 되지 않은 강력5팀의 막내로서 선임자의 지시를 거부하기는 더욱 어려웠을 것으로 보이는 점, 그 밖에 피고인들의 각 가족관계, 어려운 가정환경 등 공판과정에 나타난 여러 양형의 요소를 모두 고려하여 주문과 같이 형을 정한다."
        ]
    },
    "close": {
        "cnclsns": [
            "피고인 00을 징역 3년 및 자격정지 5년에, 피고인 00, 피고인 00, 피고인 00를 각 징역 1년 및 각 자격정지 3년에, 피고인 00를 징역 8월 및 자격정지 2년에 각 처한다.",
            "다만 이 판결확정일로부터 2년간 피고인 00에 대한 위 각 형의 집행을 유예한다."
        ]
    }
}