{
    "info": {
        "caseField": "2",
        "detailField": "6",
        "trailField": "1",
        "caseNm": "배임수재,배임증재,공인중개사의업무및부동산거래신고에관한법률위반",
        "courtNm": "수원지방법원",
        "judmnAdjuDe": "2010. 11. 12.",
        "caseNo": "2010고합281",
        "relateLaword": [
            "형사소송법 제325조 ",
            "임대주택법 제42조  ",
            "주택법 제96조",
            "주택법 제39조 ",
            "공인중개사법 제32조 ",
            "공인중개사법 제33조 "
        ],
        "qotatPrcdnt": [
            "대법원 1985. 8. 20. 선고 84도2599 판결",
            "대법원1997. 2. 25. 선고 94도3346 판결",
            "대법원 1980. 2. 26. 선고 79도3095 판결 ",
            "대법원 2007. 10. 12. 선고 2005도7112 판결",
            "대법원 2004. 11. 12. 선고 2004도5271 판결",
            "대법원2005. 5. 27. 선고 2004도62 판결 "
        ]
    },
    "concerned": {
        "acusr": "4",
        "dedat": "1"
    },
    "org": {
        "orgJdgmnCourtNm": "",
        "orgJdgmnAdjuDe": "",
        "orgJdgmnCaseNo": ""
    },
    "disposal": {
        "disposalform": "10",
        "disposalcontent": [
            "피고인들은 모두 무죄이다.",
            "피고인들이 공모하여 임대아파트 해약세대에 관한 분양계약을 중개하는 과정에서 재계약자들로부터 법정수수료를 초과하여 지급받은 금원이 중개수수료에 해당하는 것임을 전제로 하는 이 사건 공소사실은 받아들이기 어렵고, 검사가 제출한 모든 증거를 종합하더라도 위 금원이 중개수수료에 해당한다는 점을 인정할 증거가 없다."
        ]
    },
    "mentionedItems": {
        "rqestObjet": [
            "피고인 1,2는 해약세대에 대하여 재임대분양을 할 때 준수해야 하는 절차를 어기고 평소 학연과 지연으로 알게 된 지인에게 독점적으로 공급받아 중개할 수 있도록 특혜를 주는 대가로 사례비를 받기로 청탁하고 정상 분양가보다 높은 가격으로 분양 후 취득한 이익을 상호 배분하기로 공모하였다."
        ]
    },
    "assrs": {
        "acusrAssrs": [],
        "dedatAssrs": []
    },
    "facts": {
        "bsisFacts": [
            "피고인들은 2009.1.14.0000 (주소 생략)공소외 1 회사 경기지사 사무실에서 00000 해약세대 중 (동호수 5 생략)를 피고인 4의 중개로 공소외 7과 사이에 분양가 임대보증금 2억 4,200만 원에 분양계약을 체결했다.",
            "공소외 7로부터 프리미엄 내지 중개수수료 명목으로 3,800만 원을 수수한 피고인 4로부터 해약세대 독점공급에 대한 대가조로 위 금원 중 3,300만 원을 차명계좌인 공소외 8 명의 000 계좌로 송금받은 것을 비롯하여, 별지 범죄일람표 1 기재와 같이 00000 해약세대 중 총 17세대에 대하여 피고인 4로 하여금 독점적으로 분양계약을 중개토록 하였다.",
            "그리고 그 대가조로 합계 3억 8,400만 원을 피고인들 명의 000 계좌 및 그들의 차명계좌인 공소외 8, 9 명의 000 계좌 등으로 송금받아 이를 취득하였다.",
            "피고인들은 2008.12.30.공소외 1 회사 경기지사 사무실에서 00000 해약세대 중 (동호수 3 생략)를 피고인 4의 중개로 공소외 10과 사이에 분양가 임대보증금 1억 6,843만 원에 분양계약을 체결한 뒤, 그시경 공소외 10으로부터 프리미엄 내지 중개수수료 명목으로 1,300만 원을 수수한 피고인 4로부터 해약세대 독점공급에 대한 대가조로 위 금원 중 900만 원을 피고인 2 명의 000 계좌로 송금받았다.",
            "별지 범죄일람표 2 기재와 같이 00000 해약세대 중 총 26세대에 대하여 피고인 4로 하여금 독점적으로 분양계약을 중개토록 하고 그 대가조로 합계 3억 3,900만 원을 피고인들 명의 000 계좌 및 그들의 차명계좌인 공소외 8, 9 명의 000 계좌 등으로 송금받아 이를 취득하였다.",
            "피고인들은 2009.9.7.공소외 1 회사 경기지사 사무실에서 00000 해약세대 중 (동호수 4 생략)를 피고인 4의 중개로 공소외 11과 사이에 분양가 임대보증금 239,735,000원에 분양계약을 체결한 뒤, 그시경 공소외 11로부터 프리미엄 내지 중개수수료 명목으로 1억 7,500만 원을 수수한 피고인 4로부터 해약세대 독점공급에 대한 대가조로 위 금원 중 6,500만 원을 차명계좌인 공소외 8 명의 000 계좌로 송금 받았다.",
            "별지 범죄일람표 3 기재와 같이 판교1차 해약세대 중 총 7세대에 대하여 피고인 4로 하여금 독점적으로 분양계약을 중개토록 하고 그 대가조로 합계 3억 2,300만 원을 피고인들 명의 000 계좌 및 그들의 차명계좌인 공소외 8, 9 명의 000은행 계좌 등으로 송금받아 이를 취득하였다.",
            "피고인들은 2009.7.14.공소외 1 회사 경기지사 사무실에서 00000 해약세대 중 (동호수 1 생략)를 피고인 4의 중개를 받아 공소외 4와 사이에 분양가 임대보증금 2억 4,200만 원에 분양계약을 체결한 뒤, 그시경 공소외 4로부터 프리미엄 내지 중개수수료 명목으로 3,630만 원을 수수한 피고인 4로부터 해약세대 독점공급에 대한 대가조로 위 금원 중 1,000만 원을 피고인 3 명의의 000 계좌로 송금받았다.",
            "별지 범죄일람표 4 기재와 같이 00000 해약세대 중 총 10세대에 대하여 피고인 4로 하여금 독점적으로 분양계약을 중개토록 하고 그 대가조로 피고인 2는 합계 2,100만 원을, 피고인 3은 합계 7,000만 원을 송금 또는 교부받아 이를 취득하였다.",
            "피고인은 위 1의 가.1), 1의 나.항 기재와 같이 부정한 청탁의 대가로 피고인 1, 2, 3에게 본인 명의 계좌 및 공소외 8, 9 명의 000은행 계좌 등으로 별지 범죄일람표 1, 4 기재와 같이 총 27회에 걸쳐 합계 4억 7,500만 원을 송금하여 이를 공여하였다.",
            "피고인들은 공모하여 피고인 1, 2로부터 공급받은 00000의 분양권을 중개하고, 그 경비를 제외한 수익금 절반을 분배하는 동업약정을 체결한 후, 피고인 5는 위 분양권을 중개하고, 그 중개에 따른 프리미엄 정산 및 이익금을 배분하였다.",
            "그런 다음, 피고인 1, 2 등이 지정하는 계좌로 그 이익금을 송금하기로 하고, 위 1의 가.2), 3)항 기재와 같이 부정한 청탁의 대가로 피고인 1, 2에게 본인 명의 계좌 및 공소외 8, 9 명의 000은행 계좌 등으로 별지 범죄일람표 2, 3 기재와 같이 총 33회에 걸쳐 합계 6억 6,200만 원을 송금하여 이를 공여하였다.",
            "피고인들은 공모하여, 위 1의 가.1)항 기재와 같이 00000 해약세대 중 (동호수 5 생략)의 분양계약을 중개하면서 분양가 임대보증금 2억 4,200만 원의 법정수수료 0.4%인 968,000원을 초과하여 3,800만 원을 프리미엄 내지 중개수수료 명목으로 수수한 것을 비롯하여 범죄일람표 1 기재와 같이 그시경부터 2009.3.18.까지 17세대에 대한 분양계약을 중개하면서 합계 4억 3,700만 원을 수수하였다.",
            "피고인들은 공모하여, 위 1의 가.2), 3)항 기재와 같이 00000 해약세대 중 (동호수 3 생략)의 분양계약을 중개하면서 분양가 임대보증금 1억 6,843만 원의 법정수수료 0.4%인 842,150원을 초과하여 1,300만 원을 프리미엄 내지 중개수수료 명목으로 수수한 것을 비롯하여 범죄일람표 2, 3 기재와 같이 그시경부터 2009.9.24.까지 33세대에 대한 분양계약을 중개하면서 합계 1,186,018,000원을 수수하였다.",
            "피고인들은 공모하여, 위 1의 나.항 기재와 같이 00000 해약세대 중 (동호수 1 생략)의 분양계약을 중개하면서 분양가 임대보증금 2억 3,470만 원의 법정수수료 0.4%인 938,800원을 초과하여 64,391,000원을 프리미엄 내지 중개수수료 명목으로 수수한 것을 비롯하여 별지 범죄일람표 4 기재와 같이 그시경부터 2009.9.30.까지 10세대에 대한 분양계약을 중개하면서 합계 2억 7,418만 원을 수수하였다."
        ]
    },
    "dcss": {
        "courtDcss": [
            "피고인들은 해약세대의 임차권 분양을 통해 경제적 이익을 꾀하고자 하는 이해관계가 일치하였던 점, 피고인들 사이에 수수,공여된 금원은 재계약자들이 지급한 프리미엄에 해당할 뿐, 피고인 4, 5 측이 따로 마련한 금원이 아닌 점이 인정된다.",
            "이 사건으로 피고인 4, 5에게 배분된 금원보다 피고인 1 등에게 배분된 금원이 훨씬 많은데, 이에 의하면 피고인 4, 5가 자신들이 중개를 통해 얻을 수 있는 이익보다 훨씬 많은 금원을 부정한 청탁과 관련하여 나머지 피고인들에게 공여했다고 보기는 어렵고, 오히려 임대아파트를 제공한 피고인 1 측이 중개인인 피고인 4, 5보다 더 많은 이익을 분배받은 것으로 봄이 상당한 점이 인정된다.",
            "피고인들은 4차례에 걸쳐 각각 거래 당시 형성된 프리미엄 시세를 기초로 분배비율을 정하고, 임차권 분양을 의뢰하는 피고인 1 측이 그러한 사항을 주도적으로 결정한 것으로 보이는데, 배임수증재죄의 수재자가 위와 같이 행동하는 것은 이례적인 점이 인정된다.",
            "또한, 피고인 4 측에서는 피고인 1, 2, 3에게 실제 재임대차계약이 체결된 세대수 를 기준으로 약정 분배비율에 따른 해당 금원을 송금하였고, 각 송금시기와 횟수에 비추어 보더라도 이는 각 세대별 프리미엄이 지급된 이후 상호간의 약정 비율에 따라 프리미엄이 정산이 된 것으로 보이는 점이 인정된다.",
            "피고인 4가 피고인 1, 2에게 지급한 1세대당 500만 원, 700만 원, 피고인 3에게 지급한 4,000만 원, 3,000만 원 등의 금원도 결국 거래 당시의 프리미엄 시세를 고려하여 그 이상의 프리미엄을 지급받을 수 있음을 전제로 한 것이고, 이와 달리 거래시세나 프리미엄 액수와 무관하게 부정한 청탁의 대가로 사전에 정액을 지급하기로 약정한 것으로 추단하기 어려운 점이 인정된다.",
            "피고인들이 피고인 1, 2의 임무와 관련하여 부정한 청탁의 관계로 대가를 공여·취득한다는 인식으로 이 사건 공소사실과 같은 범행을 저질렀다고 단정하기 어렵다.",
            "이 부분 공소사실은 피고인 4, 5가 직접 또는 다른 부동산 중개사무소를 통해 재계약 임차인들로부터 법정 중개수수료를 초과하여 수령한 프리미엄 상당 금액이 공인중개사법 제33조 제3호 위반에 해당한다는 것이다.",
            "피고인들이 공모하여 임대아파트 해약세대에 관한 분양계약을 중개하는 과정에서 재계약자들로부터 법정수수료를 초과하여 지급받은 금원이 중개수수료에 해당하는 것임을 전제로 하는 이 사건 공소사실은 받아들이기 어렵고, 검사가 제출한 모든 증거를 종합하더라도 위 금원이 중개수수료에 해당한다는 점을 인정할 증거가 없다.",
            "피고인들 사이에 공여·취득한 금원의 성격은 일응 임대주택법위반 또는 주택법위반에 따른 이익금을 약정 분배비율에 따라 분배하였던 것으로 봄이 상당하다.",
            "피고인들이 공모하여 위와 같이 임차인의 자격, 선정방법 등에 관한 법령(임대주택법 제20조)등을 준수하지 아니한 채 수분양자에게 프리미엄을 요구하면서 임의로 임차권을 분양하는 방식으로 재임대차계약을 체결하게 한 행위는 임대주택법 제42조 제3호 또는 주택법 제96조 제1호, 제39조 제1항에 위반되는 범법행위로 볼 수 있다(수사기록 제2106쪽~제2129쪽).",
            "피고인들이 취득하여 수수한 금원이 임대주택법 또는 주택법위반행위에 따른 이익금의 분배에 해당하는지, 아니면 부정한 청탁과 관련하여 수수된 것으로 볼 것인지 여부는 앞서 본 법리상의 판단기준을 고려하여 객관적으로 평가하여야 한다.",
            "이 부분 공소사실은 피고인 4, 5가 직접 또는 다른 부동산 중개사무소를 통해 재계약 임차인들로부터 법정 중개수수료를 초과하여수령한 프리미엄 상당 금액이 공인중개사법 제33조 제3호 위반에 해당한다는 것이다.",
            "공인중개사법 제32조 제1항은 \"중개업자는 중개업무에 관하여 중개의뢰인으로부터 소정의 수수료를 받는다.\" 라고 규정하고, 같은 조 제3항, 같은 법 시행규칙 제20조 제1항은 ‘거래금액’에 일정한 요율을 곱한 금액으로 중개수수료를 산정하도록 규정하고 있다.",
            "같은 법 제33조 제3호는 중개업자 등이 사례·증여 그밖의 어떠한 명목으로도 같은 법 제32조 제3항의 규정에 의한 수수료또는 실비를 초과하여 금품을 받는 행위를 금지하고 있다.",
            "중개수수료의 대상이 되는 ‘중개업무’란 중개대상물에 관하여 거래당사자 간의 매매·교환·임대차 기타 권리의 득실·변경에 관한행위를 알선하는 업무를 말하며, 한편 어떠한 행위가 중개행위에 해당하는지 여부는 그 명칭만에 의하여 결정할 것이 아니라 ‘거래당사자의 보호’에 목적을 둔 법규정의 취지에 비추어 중개업자의 행위를 객관적으로 보아 사회통념상 거래의 알선, 중개를 위한 행위라고 인정되는지 여부에 의하여 결정하여야 한다.",
            "이 사건에서 문제된 소위 ‘프리미엄’은 앞서 II.1.나.9)항에서 본 바와 같이 재계약 임차인들이 당시 시세에 따라 분양대금을 초과하여 웃돈(프리미엄)을 지급하면서까지 재임대차계약을 체결하는 과정에서 발생한 부분으로, 재계약 임차인들이 ‘중개업무’에 관하여 중개행위의 대가로 중개인들에게 지급한 ‘중개수수료’로 보기 어려운 반면(마찬가지로 피고인 4, 5 측도 시세차익에 준하는 프리미엄 명목으로 금원을 수수한 것에 불과하다.",
            "위 금원은 중개수수료 산정대상인 ‘거래금액’에 포함된다고 보는 것이 일반적인 거래관행과 상식에 부합한다(대법원2005.5.27.선고 2004도62 판결 등 참조).",
            "피고인들이 공모하여 임대아파트 해약세대에 관한 분양계약을 중개하는 과정에서 재계약자들로부터 법정수수료를 초과하여 지급받은 금원이 중개수수료에 해당하는 것임을 전제로 하는 이 사건 공소사실은 받아들이기 어렵고, 검사가 제출한 모든 증거를 종합하더라도 위 금원이 중개수수료에 해당한다는 점을 인정할 증거가 없다."
        ]
    },
    "close": {
        "cnclsns": [
            "이 사건 공소사실은 모두 범죄사실의 증명이 없는 경우에 해당하므로 형사소송법 제325조 후단에 의하여 피고인들에게무죄를 선고한다."
        ]
    }
}