{
    "info": {
        "caseField": "2",
        "detailField": "6",
        "trailField": "1",
        "caseNm": "특정범죄가중처벌 등에 관한 법률 위반(절도)·특정범죄가중처벌 등에 관한법률 위반(강도)·특수공무집행방해치상·폭력행위 등 처벌에 관한 법률 위반(집단·흉기등협박)·특수공무집행방해·폭행·각배상명령",
        "courtNm": "대전지방법원 ",
        "judmnAdjuDe": "2011. 10. 28.",
        "caseNo": "2010고합476,2011고합89(병합),2011고합410(병합),2010초기1051,2011초기34,35",
        "relateLaword": [
            "특정범죄 가중처벌 등에 관한 법률 제5조",
            "형법 제329조",
            "형법 제334조",
            "형법 제333조",
            "형법 제144조",
            "형법 제136조",
            "폭력행위 등 처벌에 관한 법률 제3조",
            "폭력행위 등 처벌에 관한 법률 제2조",
            "형법 제283조",
            "형법 제260조",
            "형법 제40조 ",
            "형법 제50조",
            "구 형법(2010. 4. 15. 법률 제10259호로 개정되기 전의 것, 이하 같다) 제42조",
            "형법 제35조",
            "형법 제37조  ",
            "형법 제38조  ",
            "형법 제50조",
            "형법 제53조 ",
            "형법 제55조",
            "형법 제70조 "
        ],
        "qotatPrcdnt": []
    },
    "concerned": {
        "acusr": "4",
        "dedat": "1"
    },
    "org": {
        "orgJdgmnCourtNm": "",
        "orgJdgmnAdjuDe": "",
        "orgJdgmnCaseNo": ""
    },
    "disposal": {
        "disposalform": "6",
        "disposalcontent": [
            "피고인을 징역 8년 및 벌금 500,000원에 처한다.",
            "피고인이 위 벌금을 납입하지 아니하는 경우 50,000원을 1일로 환산한 기간 피고인을 노역장에 유치한다.",
            "압수된 드라이버 2개(청주지방검찰청 2011년 압 제8호의 증 제3호), 노루발못뽑이(일명 빠루) 1개(같은 증 제4호), 절단기 1개(같은 증 제5호)를 각 몰수한다.",
            "위 벌금에 상당한 금액의 가납을 명한다.",
            "피고인은 배상신청인 1에게 절취로 인한 물적 피해금 700,000원을 지급한다.",
            "위 명령은 가집행할 수 있다.",
            "배상신청인 2, 3의 신청을 각 각하한다."
        ]
    },
    "mentionedItems": {
        "rqestObjet": [
            "피고인은 피해자 소유의 귀금속과 노트북 등 18회에 걸쳐 상습으로 금품을 절취하였고, 피해자 공소외6의 집에 이르러 출입문 방범창을 절단기로 절단하여 침입, 귀가한 피해자에게 흉기를 들이대고 협박하여 피해자가 착용한 금반지 등을 강취하였다.",
            "피고인은 피해자 공소외2의 집에 이르러 미리 준비한 절단기로 방범창살을 절단하고 미리 소지하고 있던 부엌칼로 피해자를 협박, 아몰레드 휴대폰 전화기1대를 비롯해 2회에 걸쳐 상습으로 피해자들로부터 금품을 강취하였다.",
            "피고인은 피고인을 검거하기 위해 주변을 수색중인 경찰과 대치하였을 때 위험한 물건을 휴대하여 경찰관리의 체포영장 집행에 관한 정당한 직무집행을 방해하여 위 약 6주간의 치료를 요하는 외상성 경막밑 출혈상을 가하였다.",
            "피고인은 경찰관을 따돌리고 도주하다가 모 사무실에 이르러 그 안으로 뛰어들어가 공소외7의 목을 끌어안고 부엌칼을 들이댄채 협박하며 경찰의 체포영장 집행에 대한 정당한 직무집행을 방해하였다.",
            "피고인은 2009. 5. 2. 23:20경 0000에 있는 상호를 알 수 없는 포장마차에서 캬바레에서 만나 일행이 된 피해자 공소외 8(여, 47세)과 술을 마시던 중 싫다고 하는 자신을 피해자가 귀찮게 따라다닌다는 이유로 마시던 맥주를 얼굴에 뿌린 다음 이 씨발년아, 천박한 년아.라고 욕설을 하고 머리와 얼굴을 각 1회 때리고 다리를 걸어 바닥에 넘어뜨려 폭행하였다."
        ]
    },
    "assrs": {
        "acusrAssrs": [],
        "dedatAssrs": [
            "특수공무집행방해치상죄에 대하여 피고인은 공소외 1이 경찰인 사실을 알지 못하였고 그에게 칼을 휘두르지도 않았다고 주장한다."
        ]
    },
    "facts": {
        "bsisFacts": [
            "피고인은 2009.6.22.10:30경 0000 (지번 1 생략)단독주택 3층 피해자 공소외 5의 집에 이르러 열려 있는 현관문을 열고 집안으로 침입하여, 그곳 안방 바닥에 있던 피해자 소유인 시가 110만 원 상당의 0 1대, 안방 화장대 서랍장에 있던 피해자 소유인 시가 45만 원 상당의 14K 금반지 3점, 시가 30만 원 상당의 백금목걸이 2점 등 합계 185만 원 상당을 꺼내어 갔다.",
            "피고인은 위와 같이 피해자 소유의 귀금속을 절취한 것을 비롯하여 이때부터 2010.10.15.경까지 사이에 별지 범죄일람표 순번 1, 5 내지 21 기재와 같이 18회에 걸쳐 합계 금 3,323만 원 상당의 금품을 절취하였다.",
            "이로써 피고인은 18회에 걸쳐 상습으로 피해자들의 금품을 절취하였다.",
            "피고인은 2010.8.2.13:30경 0000 (지번 2 생략)에 있는 피해자 공소외 6(남, 68세)의 집에 이르러 출입문 방범창을 미리 준비한 절단기로 절단하고 집 안으로 들어가 절취할 금품을 찾던 중 마침 피해자가 귀가하자 흉기인 부엌칼을 피해자의 목에 들이 대고 \"소리 지르면 찌르겠다.\" 라고 협박하여 피해자의 반항을 억압했다.",
            "피해자가 착용하고 있던 시가 2,050,000원 상당의 금반지 1개 및 금팔찌 1개를 빼앗고, 피해자를 장롱에 가둔 후 방안에 있던 시가 4,000,000원 상당의 금목걸이 1개를 가져가 강취하였다.",
            "피고인은 2010.10.13.14:00경 0000 (지번 3 생략)에 있는 피해자 공소외 2(남, 38세)의 집에 이르러 미리 준비한 절단기로 작은 방 방범창살을 절단하고 방안으로 들어가 거실에서 잠을 자고 있는 피해자를 발견하고 미리 소지하고 있던 부엌칼을 피해자의 목에 들이대고 깨워 안방으로 들어가게 하여 반항하지 못하게 한 후 거실에서 피해자 소유의 시가 800,000원 상당의 삼성 아몰레드 휴대전화 1대를 가져갔다.",
            "이로써 피고인은 2회에 걸쳐 상습으로 피해자들로부터 금품을 강취하였다.",
            "피고인은 2010.10.28.12:30경 0000 부근 주택가 골목길에서 특수절도 혐의로 발부된 체포영장에 의하여 피고인을 검거하기 위하여 주변을 수색 중인 청주흥덕경찰서 소속 경위 공소 외 4, 경사 공소외 3, 피해자 순경 공소외 1(남, 32세)과 대치하게 되었다.",
            "피고인은 상의 주머니에서 위험한 물건인 부엌칼(총 길이 25㎝)을 꺼내어 피고인의 앞에서 대치중인 위 공소외 3에게 겨누고 \"내가 누군지 알지, 내가 교도소에서 어떻게 지냈는지 알지? 죽여버린다.\" 라고 말하며 찌를 듯이 덤벼들고, 위 공소외 3과 공소외 4가 피고인에게 절도 혐의로 체포영장이 발부 되었다.",
            "\"절도에 불과한데 칼을 들고 경찰관을 위협하면 더 큰 일이 발생하니 진정하고 칼을 버려라.\"고 말하며 피고인을 진정시키려 하자 \"가까이 오면 죽여 버린다.\"고 말하며 뒤로 돌아서 도주하려다가, 피고인의 뒤에서 지키고 있던 순경 공소외 1이 삼단봉을 꺼내들고 제지하자, 위 칼로 위 공소외 1의 가슴을 향하여 휘둘러 이에 놀란 위 공소외 1을 땅에 넘어지게 하였다.",
            "이로써 피고인은 위험한 물건을 휴대하고 경찰관리의 체포영장 집행에 관한 정당한 직무집행을 방해하여 위 공소외 1에게 약 6주간의 치료를 요하는 외상성 경막 밑 출혈상을 가하였다.",
            "피고인은 제3항과 같이 위 공소외 4, 3, 1을 따돌리고 도주하다가 위 공소외 3, 4가 추격하여 오자 위 골목길로부터 약 250ｍ 가량 떨어진 000 사무실에 이르러 그 안으로 뛰어 들어가 피해자 공소외 7(남, 44세)을 발견하고 그의 뒤에서 목을 끌어안고 위험한 물건인 위 부엌칼을 목에 들이댄 채 뒤쫓아 온 위 공소외 4, 3에게 \"들어오지 마라.들어오면 (이 사람을)죽여버리겠다.문을 닫아라.\" 라고 말하여 협박하였다.",
            "이로써 피고인은 위험한 물건을 휴대하여 피해자 공소외 7을 협박함과 동시에 경찰관리인 공소외 3, 4의 체포영장 집행에 대한 정당한 직무집행을 방해하였다.",
            "피고인은 2009.5.2.23:20경 000에 있는 상호를 알 수 없는 포장마차에서 캬바레에서 만나 일행이 된 피해자 공소외 8(여, 47세)과 술을 마시던 중 싫다고 하는 자신을 피해자가 귀찮게 따라다닌다는 이유로 마시던 맥주를 얼굴에 뿌린 다음 \"이 씨발년아, 천박한 년아.\" 라고 욕설을 하고 머리와 얼굴을 각 1회 때리고 다리를 걸어 바닥에 넘어뜨려 폭행하였다."
        ]
    },
    "dcss": {
        "courtDcss": [
            "살피건대, 증인 공소외 1, 3, 4는 이 법정에서 피고인이 판시 제3항 기재와 같이 경찰인 공소외 4, 3과 대치하던 도중 도주하기 위해 공소외 1 방향으로 몸을 돌렸을 때, 공소외 1는 경찰관이 쓰는 삼단봉을 들고 있었고, 피고인은 도주하기 위해 앞에 있던 공소외 1을 향해 들고 있던 칼을 가슴을 향해 내뻗어 공소외 1로 하여금 뒤로 넘어지게 하였다고 진술하고 있다.",
            "피고인은 공소외 1이 나뭇가지를 들고 있었을 뿐이라고 주장하지만, 피고인의 주장에 의하더라도 공소 외 1이 손에 무엇인가를 들고 있었던 것은 분명해 보이는데 경찰관인 공소외 1이 삼단봉을 소지하고 있으면서도 나뭇가지를 들고 있었을 리는 만무하고 위 각 증인들의 진술에 의하더라도 공소외 1이 삼단봉을 들고 있었던 것은 의심의 여지가 없다.",
            "다만 피고인이 이를 삼단봉이 아닌 나뭇가지로 인식했을 가능성에 관하여 보건대, 앞서 본 각 증거에 의하면, 삼단봉은 손잡이는 까맣고 스테인레스 재질로 되어 있으며, 길이가 40 - 50cm 가량이어서 나뭇가지와 확연히 구별할 수 있다고 보인다.",
            "피고인의 진술에 따르더라도 공소외 4가 삼단봉을 들고 있는 것을 이미 보았을 뿐만 아니라 그것이 경찰관이 사용하는 삼단봉이라는 것도 잘 알고 있었던 것으로 보이므로 피고인이 공소외 1이 손에 들고 있었던 것을 삼단봉이 아닌 나뭇가지로 오인했다고 보이지는 않는다.",
            "또한 피고인은 공소외 1이 시민인 줄 알았기 때문에 공소외 1을 향해 칼을 내뻗은 적도 없고 공소외 1을 피해 도주했을 뿐이라는 것이나, 경찰관들과 칼을 들고 있는 범인이 대치중인 상태에서 일반 시민이 나뭇가지를 들고 끼어든다는 것은 상상하기 어렵고, 위 각 증인들은 피고인이 공소외 1을 향해 칼을 내뻗었다고 진술하고 있다.",
            "피고인이 칼을 내뻗지도 않았는데 공소외 1이 자신을 향해 다가오는 피고인을 보고 지레 겁을 먹어 뒤로 넘어졌을 가능성도 낮아 보이므로 피고인이 공소외 1을 향해 칼을 내뻗은 사실도 어렵지 않게 인정할 수 있다.",
            "따라서 피고인의 위 주장은 받아들이지 않는다.",
            "피고인은 경찰에서는 판시 제1항 기재 범죄사실에 대해서는 범행일시와 장소, 절취품을 비교적 상세하게 기억하여 자백하는 진술을 하였으면서도 이 사건 공소사실에 대하여는 절취한 적이 없다고 범행을 부인하였다.",
            "그런데 검찰에 와서는 이 사건 공소사실을 자백하였는바, 그 자백경위에 대하여 살펴보면, 검찰에서는 경찰에서와 달리 절도범행을 개별적으로 구분하여 진술한 것이 아니고, 검찰이 판시 제1항 기재 범죄사실과 이 사건 공소사실을 포괄하여 죄를 인정하는지 신문을 함에 피고인은 이를 인정한다고 진술하였을 뿐이다.",
            "이에 대하여 피고인은 이 법정에서 검찰이 범행횟수가 3건 이상 넘어가면 양형이 건수에 관계없고, 피고인의 말을 믿을 수 없으며 반박자료가 없고, 강도 사건까지 저질러서 절도사건은 크게 문제되지 않으니 그냥 인정하고 재판받으라고 말해서 인정하게 된 것이라는 취지로 진술하고 있다.",
            "살피건대, 피고인으로서는 판시 제1항 기재 절도 범행 사실을 인정한 이상 위 3건의 절도 범행을 부인한다고 해서 처단형에 차이가 없고, 선고형도 크게 달라지지 않을 것으로 보이는데도 경찰과 이 법정에서는 그 범행을 극렬하게 부인하고 있는 점이 있다.",
            "검찰에서의 자백도 경찰에서처럼 개개의 범죄사실을 구분하여 상세하게 진술한 것이 아니라 절도 범행 전체를 포괄적으로 신문당하자 이를 인정한다고 진술한 것뿐이라는 점, 그 자백한 이유에 대해서 피고인이 위와 같이 진술하고 있는 점 등을 종합하면 피고인이 검찰에서 이 사건 공소사실을 자백하였다고 하더라도 이를 그대로 믿기 어렵다.",
            "그밖에 공소외 23, 24의 각 진술서, 각 절도사건 초동조치 보고서 수사기록(수사기록번호)16, 17, 28, 29쪽), 수사보고(현장임장일지 첨부), 감정서(감정번호), 각 통화내역 조회자료의 각 기재만으로는 이 사건 공소사실의 범인이 피고인이라고 단정하기에 부족하고 달리 이를 인정할만한 증거가 없다.",
            "피고인은 동종 실형 전과가 수 회 있음에도 누범기간 중에 이 사건 범행을 반복적, 상습적으로 행하였고, 피해금액이 적은 것도 아니다.게다가 피고인을 체포하기 위하여 공무집행 중에 있는 경찰관에게해를 가하기도 하였다.",
            "따라서 위와 같은 점을 고려하여 형을 정하되 피고인이 일부 범행에 대하여는 자백하고 반성하는 태도를 보이는 점이나 피고인의 건강, 성행, 환경 등 변론에 나타난 여러 사정을 감안하여 형을 정한다."
        ]
    },
    "close": {
        "cnclsns": [
            "피고인을 징역 8년 및 벌금 500,000원에 처한다.",
            "피공니이 위 벌금을 납입하지 아니하는 경우 50,000원을 1일로 환산한 기간 픽인을 노역장에 유치한다.",
            "압수된 드라이버 2개(청주지방검찰청 2011년 압 제8호의 증 2ㅔ3호), 노루발못뽑이(일명 빠루)1개(같은 증 제 4호), 절단기 1개(같은 증 제5호)를 각 몰수한다.",
            "위 벌금에 상당한 금액의 가납을 명한다.",
            "피고인은 배상신청인 1에게 절취로 인한 물적 피해금 700,000원을 지급하라.",
            "위 명령은 가집행할 수 있다.",
            "배상신청인 2, 3의 신청을 각 각하한다."
        ]
    }
}