{
    "info": {
        "caseField": "2",
        "detailField": "6",
        "trailField": "1",
        "caseNm": "사기",
        "courtNm": "부산지방법원",
        "judmnAdjuDe": "2010. 03. 23.",
        "caseNo": "2010고단578",
        "relateLaword": [
            "형법 제347조",
            "형법 제30조",
            "형법 제37조",
            "형법 제38조",
            "형법 제50조"
        ],
        "qotatPrcdnt": []
    },
    "concerned": {
        "acusr": "4",
        "dedat": "1"
    },
    "org": {
        "orgJdgmnCourtNm": "",
        "orgJdgmnAdjuDe": "",
        "orgJdgmnCaseNo": ""
    },
    "disposal": {
        "disposalform": "6",
        "disposalcontent": [
            "피고인을 징역 1년에 처한다."
        ]
    },
    "mentionedItems": {
        "rqestObjet": [
            "피고인을 징역 1년에 처한다."
        ]
    },
    "assrs": {
        "acusrAssrs": [],
        "dedatAssrs": []
    },
    "facts": {
        "bsisFacts": [
            "피고인은 2006. 2. 25. 18:12경 장소를 알 수 없는 곳에서, 00이 친누나인 00가 가입한 피해자 000에 전화를 걸어 '오늘 14:10경 0000에 있는 도시고속도로 오륜터널 안에서, 00가 (차량번호)0 차량을 운전하던 중 피고인이 운전하던 (차량번호)승용차를 충격하여 부상을 입혔다' 는 취지로 허위 내용의 교통사고를 접수했다.",
            "피고인과 00, 00는 0000에 있는 ㅁ정형외과에 3일간 입원한 다음 위 병원으로부터 약 2주간의 치료를 요한다는 내용의 진단서를 각 발급받아 이를 근거로 피해자 회사에 보험금을 청구하였다. ",
            "사실은 당시 위와 같은 교통사고가 발생한 적이 없었다.",
            "피고인은 00, 00, 00와 공모하여 위와 같이 피해자 회사를 기망하여 이에 속은 피해자 회사로부터 치료비 및 합의금 명목으로 00은 1,137,860원, 피고인은 1,124,210원, 00는 1,790,270원 등 합계 4,052,340원을 교부받았다.",
            "피고인은 2006. 6. 20. 08:38경 장소를 알 수 없는 곳에서, 00가 자신이 가입한 피해자 000에 전화를 걸어 오늘 00:30경 0000에 있는 00000 골목길에서, (차량번호) 0 차량을 운전하던 중 피고인과 00이 타고 가던 자전거를 충격하여 부상을 입혔다 는 취지로 허위 내용의 교통사고를 접수하고, 피고인과 00은 0000에 있는 ㅁ정형외과에서 1일간 통원치료를 받은 다음 피해자 회사에 보험금을 청구하였다.",
            "사실은 당시 위와 같은 교통사고가 발생한 적이 없었다.",
            "피고인은 00, 00과 공모하여 위와 같이 피해자 회사를 기망하여 이에 속은 피해자 회사로부터 치료비 및 합의금 명목으로 1,659,710원을 교부받았다.",
            "피고인은 2007. 2. 25. 18:35경 0000에 있는 00000 부근에서, 00이자신이 가입한 피해자 000에 전화를 걸어 '오늘 17:50경 (차량번호)승용차를 운전하던 중 피고인, 00, 00이 타고 있는 (차량번호) 0 차량을 충격하여 그들이 부상을 입혔다'는 취지로 허위 내용의 교통사고를 접수하였다.",
            "그리고 피고인과 00는 0000에 있는 ㅁ정형외과의원에 2일간 입원한 다음 위 병원으로부터 약 2주간의 치료를 요한다는 내용의 진단서를 각 발급받아 이를 근거로 피해자 회사에 보험금을 청구하였다.",
            "그러나 사실은 당시 위와 같은 교통사고가 발생한 적이 없었다.",
            "피고인은 00, 00와 공모하여 위와 같이 피해자 회사를 기망하여 이에 속은 피해자 회사로부터 치료비 및 합의금 명목으로 2,632,210원을 교부받았다.",
            "피고인은 2007. 5. 20. 22:36경 장소를 알 수 없는 곳에서, 자신이 가입한 피해자 000에 전화를 걸어 '오늘 21:10경 0000에 있는 0사거리에서, (차량번호)0 승용차를 운전하던 중 00, 00, 00이 타고 있는 (차량번호)0 승용차를 충격하여 그들이 부상을 입었다'는 취지로 허위 내용의 교통사고를 접수했다.",
            "00와 00의 명의를 도용한 00과 00의 명의를 도용한 성명불상자는 0000에 있는 ㅇ병원에서 1일간 입원치료를 한 다음 위 병원으로부터 약 2주간의 치료를 요한다는 내용의 진단서를 각 발급받아 이를 근거로 피해자 회사에 보험금을 청구하였다.",
            "사실은 당시 위와 같은 교통사고가 발생한 적이 없었다.",
            "피고인은 00, 성명불상자와 공모하여 위와 같이 피해자 회사를 기망하여 이에 속은 피해자 회사로부터 치료비 및 합의금 명목으로 1,659,350원을 교부받았다.",
            "피고인은 2007. 8. 21. 03:02경 장소를 알 수 없는 곳에서, 자신이 가입한 피해자 000에 전화를 걸어 '오늘 02:00경 0000에 있는 00000 앞길에서, (차량번호)0 차량을 운전하던 중 00가 운전하고 00, 00가 동승한 (차량번호)0 차량을 충격하여 부상을 입혔다'는 취지로 허위 내용의 교통사고를 접수하였다.",
            "그리고 00은 00의 행세를 하면서 00, 00와 함께 0000에 있는 ㅁ정형외과에 2일간 입원한 다음 피해자 회사에 보험금을 청구하였다.",
            "사실은 당시 위와 같은 교통사고가 발생한 적이 없었다.",
            "피고인은 00, 00, 00와 공모하여 위와 같이 피해자 회사를 기망하여 이에 속은 피해자 회사로부터 치료비 및 합의금 명목으로 00은 800,000원, 00는 810,000원, 00는 4,462,000원 등 합계 6,072,000원을 교부받았다.",
            "피고인은 2007. 9. 19. 14:10경 00이 마치 자신이 00인 것처럼 00가 가입한 피해자 000에 전화를 걸어 '오늘 12:00경 0000에 있는 길에서, (차량번호) 0 차량을 운전하던 중 자전거를 타고 가던 피고인을 충격하여 상해를 입혔다'는 취지로 허위 내용의 교통사고를 접수하였다.",
            "그리고 피고인은 2.항 기재 ㅁ정형외과에서 3일간 통원치료를 받은 다음 위 병원으로부터 약 2주간의 치료를 요한다는 내용의 진단서를 발급받아 이를 근거로 피해자 회사에 보험금을 청구하였다. ",
            "사실은 당시 위와 같은 교통사고가 발생한 적이 없었다.",
            "피고인은 00과 공모하여 위와 같이 피해자 회사를 기망하여 이에 속은 피해자 회사로부터 치료비 및 합의금 명목으로 741,920원을 교부받았다."
        ]
    },
    "dcss": {
        "courtDcss": [
            "형법 제347조 제1항, 제30조(징역형 선택)에 의해 형을 선고한다."
        ]
    },
    "close": {
        "cnclsns": [
            "피고인을 징역 1년에 처한다."
        ]
    }
}