{
    "info": {
        "caseField": "2",
        "detailField": "6",
        "trailField": "1",
        "caseNm": "배임수재,업무상횡령",
        "courtNm": "부산지법",
        "judmnAdjuDe": "2010. 03. 26.",
        "caseNo": "2010고합20",
        "relateLaword": [
            "형법 제 357조",
            "형법 제37조",
            "형법 제38조",
            "형법 제50조",
            "형법 제70조",
            "형법 제 62조"
        ],
        "qotatPrcdnt": []
    },
    "concerned": {
        "acusr": "4",
        "dedat": "1"
    },
    "org": {
        "orgJdgmnCourtNm": "",
        "orgJdgmnAdjuDe": "",
        "orgJdgmnCaseNo": ""
    },
    "disposal": {
        "disposalform": "9",
        "disposalcontent": [
            "피고인 1,2,3을 각 징역 1년, 피고인 4를 징역 2년, 피고인 5,6을 각 징역 8월, 피고인7을 벌금 1,500만 원에 각 처한다.",
            "피고인 7 이 위 벌금을 납부하지 아니할 경우 금 50,000원을 1일로 환산한 기간 위 피고인을 노역장에 유치한다. ",
            "다만 이 판결 확정일로부터 피고인 1,2,3에 대하여 각 2년간, 피고인 4에 대하여 3년간, 피고인 5,6에 대하여 각 2년간 각 형의 집행을 유예한다.",
            "피고인 1로부터 금 3,000만원, 피고인 2로부터 금 3.385만원, 피고인 3으로부터 금 30,642,290원, 피고인 4로부터 금 5,854만원, 피고인 5로부터 금 1,910만원, 피고인6으로부터 금 1,410만원, 피고인7로부터 금 1,039만원을 각 추징한다.",
            "피고인 7 에 대한 이 사건 공소사실 중 2006. 12. 9. 및 2006. 12. 11.자 배임수재의 점은 각 무죄이다."
        ]
    },
    "mentionedItems": {
        "rqestObjet": [
            "피고인1은 모 도시가스 영업팀 과장으로 근무하던 중 공소외2에게 도와달라는 취지의 말을 하고 공소외2로부터 청탁과 함께 돈을 송금받은 것을 비롯, 5개 가스설비업체 관련자로부터 약 10회에 걸쳐 돈을 교부받는 등의 방법으로 부정한 청탁을 받아 재산상 이익을 취득하였다.",
            "피고인 2는 공소외 4로부터 청탁과 함께 수표 천 만원을 교부받는 것을 비롯 7개 가스설비업체 관련자로부터 총 25회에 걸쳐 돈을 교부받는 등의 방법으로 부정한 청탁을 받아 재산상 이익을 취득하였다.",
            "피고인3은 공소외6에게 청탁과 함께 금 800만 원을 교부받는 것을 비롯 2개 가스설비업체 관련자로부터 총 12회에 걸쳐 돈을 교부받는 등의 방법으로 부정한 청탁을 받아 재산상 이익을 취득하였다.",
            "피고인4은 공소외6에게 청탁과 함께 현금 200만 원을 교부받는 것을 비롯 5개 가스설비업체 관련자로부터 총 45회에 걸쳐 돈을 교부받는 등의 방법으로 부정한 청탁을 받아 재산상 이익을 취득하였다.",
            "피고인5은 공소외6에게 청탁과 함께 현금 500만 원을 교부받는 것을 비롯 13회에 걸쳐 돈을 교부받는 등의 방법으로 부정한 청탁을 받아 재산상 이익을 취득하였다.",
            "피고인6은 공소외 6으로부터 청탁을 받고 150만원을 송금받는 것을 비롯하여 총 9회에 걸쳐 돈을 교부받는 방법으로 부정한 청탁을 받고 재산상 이익을 취득하였다.",
            "피고인7은 공소외4에게 청탁과 함께 금 50만 원을 교부받는 것을 비롯 총 13회에 걸쳐 돈을 교부받는 등의 방법으로 부정한 청탁을 받아 재산상 이익을 취득하였다."
        ]
    },
    "assrs": {
        "acusrAssrs": [],
        "dedatAssrs": [
            "위 피고인이 2006.12.9.50만 원, 같은 달 11.70만 원을 각 송금받은 것은 사실이나 이는 공소외 00에게 술값으로 빌려준 돈을 변제받은 것일 뿐이지, 자신이 낸 술값을 송금받은 것이 아니며, 그렇지 않다 하더라도 공소외 00은 위 일자 당시 00를 이미 그만둔 상태였으므로 어떤 부정한 청탁이 없었다.",
            "위 피고인은 2008.4.4.000를 운영하는 공소외 00로부터 2,000만 원을 받았으나 이는 차용금이라고 주장한다.",
            "별지 (범죄일람표 7)순번 2 기재 골프채의 가격은 225만 원이 아니라 100만 원 정도이다.",
            "별지 (범죄일람표 7)순번 12 기재 휴대폰은 공짜 휴대폰인 줄 알았다.",
            "별지 (범죄일람표 7)순번 13 기재 100만 원은 받은 사실이 없다."
        ]
    },
    "facts": {
        "bsisFacts": [
            "피고인 00은 0000에 도시가스를 독점적으로 공급하는 000(이하 'OOO'라고만 한다)에서 2006.3.1.경부터 2008.6.30.경까지는 영업팀 과장으로 근무하고, 2008.7.1.경부터 고객지원팀에서 근무하는 과장이다.",
            "피고인 00는 000에서 2003.11.경부터 2008.3.경까지는 영업팀에서 근무하고, 2008.4.1.경부터 2009.10.12.경까지는 공무팀에서 근무하다가 2009.10.13.경부터 현재까지 안전공급팀에서 근무하고 있는 대리이다.",
            "피고인 00은 000에서 2003.4.15.경부터 2008.1.30.경까지 공무팀에서 근무하고, 2008.2.1.경부터 2009.10.12.경까지 영업팀에서 근무하고, 2009.10.13.경부터는 안전공급팀에서 근무하고 있는 대리이다.",
            "피고인 00는 000에서 2003.4.1.경부터 2007.11.19.경까지 공무팀에서 근무하고, 2007.11.20.경부터 2009.10.12.경까지 사업개발팀에서 근무하고, 2009.10.13.경부터는 안전공급팀에서 근무하고 있는 대리이다.",
            "피고인 00는 000에서 1992.12.경부터 2005.3.경까지는 영업팀에서 근무하고, 2005.4.경부터 2009.10.경까지는 공무팀에서 근무하고, 2009.10.경부터는 안전공급팀에서 근무하고 있는 대리이다.",
            "피고인 00은 000에서 2005.4.1.경부터 영업팀에서 근무하면서 보일러 판매 및 수금업무, 도시가스의 수요개발 등의 업무에 종사하는 영업팀 대리이다.",
            "피고인 00은 000에서 2005.4.1.경부터 2008.12.31.경까지는 영업팀에서 근무하고, 2009.1.1.경부터는 안전공급팀에서 근무하고 있는 대리이다.",
            "피고인 00은 000 영업팀 과장으로 근무하던 2008.4.4.경 0000 근처에 있는 불상의 술집에서, 000라는 도시가스설비업체를 운영하는 공소외 00에게 '집에 돈이 없는데 딸 아이가 자꾸 유학을 가겠다고 하는데 큰일 났다.좀 도와 달라'는 취지로 말을 했다.",
            "위 공소외 00로부터 '000가 추진하는 가스설비공사의 타당성 검토 등에 있어 000에 유리하도록 편의를 제공해 달라' 는 취지의 청탁과 함께 피고인 00 명의의 계좌로 금 2,000만 원을 송금받았다.",
            "이를 비롯하여 2006.7.27.경부터 2008.4.4.경 사이에 별지 (범죄일람표 1)기재와 같이 5개 가스설비업체 관련자로부터 총 10회에 걸쳐 합계 3,000만 원을 교부받는 등의 방법으로 그 임무에 관하여 부정한 청탁을 받고 재물 또는 재산상 이익을 취득하였다",
            "피고인 00는 000 영업팀 대리로 근무하던 2006.11.22.경 0000 도시가스설비업체인 000 사무실에서, 위 000를 운영하는 공소외 00부터 '도시가스설비업체들 간의 경쟁이 심한 0000의 가스설비공사를 할 수 있도록 해 달라'는 취지의 청탁과 함께 수표 1,000만 원을 교부받았다.",
            "이를 비롯하여 2005.3.경부터 2009.4.7.경 사이에 별지 (범죄일람표 2)기재와 같이 7개 가스설비업체 관련자로부터 총 25회에 걸쳐 합계 3,385만 원을 교부받는 등의 방법으로 그 임무에 관하여 부정한 청탁을 받고 재물 또는 재산상 이익을 취득하였다.",
            "피고인 00은 000 공무팀 대리로 근무하던 2006.10.19.경 000 민원인실에서, 도시가스설비업체인 000를 운영하는 공소외 00에게 '자동차를 교체하는 데 돈이 좀 필요하다'는 취지로 말하고, 위 공소외 00으로부터 '다른 도시가스설비업체들에 우선하여 수익성 있는 공사지역을 소개해주어 고맙고, 향후에도 다른 업체들에 우선하여 공사지역을 소개해주거나 기타 가스설비와 관련하여 000에 유리하도록 업무를 처리해 달라'는 취지의 청탁을 받았다.",
            "더불어 피고인 00 명의의 계좌로 금 800만 원을 송금받았다.",
            "2006.5.24.경부터 2008.11.21.경 사이에 별지 (범죄일람표 3)기재와 같이 2개 가스설비업체 관련자로부터 총 12회에 걸쳐 합계 30,642,290원을 교부받는 등의 방법으로 그 임무에 관하여 부정한 청탁을 받고 재물 또는 재산상 이익을 취득하였다.",
            "피고인 00는 000 공무팀 대리로 근무하던 2007.5.29.경 0000 인입관 시공업체 000 사무실로 찾아가, 위 000의 실질적 운영자인 공소외 00에게 '돈이 좀 필요하다'고 요구하고, 위 공소외 00으로부터 '앞으로 000가 추진하는 가스설비공사와 관련하여 000에 유리하도록 편의를 봐 달라'는 취지의 청탁과 함께 현금 200만 원을 교부받았다.",
            "2006.11.10.경부터 2008.12.3.경 사이에 별지 (범죄일람표 4)기재와 같이 5개 가스설비업체 관련자로부터 총 45회에 걸쳐 합계 5,854만 원을 교부받는 등의 방법으로 그 임무에 관하여 부정한 청탁을 받고 재물 또는 재산상 이익을 취득하였다.",
            "피고인 00는 000 공무팀 대리로 근무하던 2007.5.21.경 0000 인입관 시공업체 000 사무실 부근에서, 위 000 대표 공소외 00으로부터 '앞으로 000가 추진하는 인입관 설비공사와 관련하여 000에 유리하도록 편의를 봐 달라'는 취지의 청탁과 함께 그 무렵 피고인 00가 새로 구입한 0 승용차 대금 명목으로 종이가방에 담긴 현금 500만 원을 교부받았다.",
            "이를 비롯하여 2006.6.2.경부터 2007.8.11.경 사이에 별지 (범죄일람표 5)기재와 같이 총 13회에 걸쳐 합계 1,910만 원을 교부받는 등의 방법으로 그 임무에 관하여 부정한 청탁을 받고 재물 또는 재산상 이익을 취득하였다.",
            "피고인 00은 000 영업팀 대리로서 인입관 시공업체를 상대로 보일러 판매를 담당하기도 하던 2007.5.4.경 인입관 시공업체인 000의 대표 공소외 00으로부터 '앞으로 000에서 보일러를 구입할 때 그 단가를 낮추어 달라'는 취지의 청탁을 받고 공소외 00으로부터 150만 원을 송금받았다.",
            "이를 비롯하여 그때부터 2008.2.5.경까지 사이에 별지 (범죄일람표 6)기재와 같이 총 9회에 걸쳐 합계 1,410만 원을 교부받는 등의 방법으로 그 임무에 관하여 부정한 청탁을 받고 재물 또는 재산상 이익을 취득하였다.",
            "피고인 00은 2007.10.24.까지 인입관 시공업체인 000에 보일러를 납품하고 그 대금 중 800만 원을 지급받지 못하고 있던 중, 000에서 다른 업체에 보일러를 납품하고 그 대금을 정상대금을 초과하여 선지급 받았으나 업체 부도 등의 사유로 그 초과금을 돌려주지 못하는 상황이 됨으로써 886만 원의 잡수익이 발생하게 되었다.",
            "그러자 그 잡수익과 위 000로부터 받을 보일러 대금 미수금을 상계처리하는 방법으로 결재를 받은 후 000로부터 미수금 800만 원을 받으면 이를 횡령하기로 자신의 상사인 공소외 00과 공모했다.",
            "2008.1.7.000로부터 보일러 대금 800만 원을 송금받아 000를 위하여 업무상 보관하던 중, 그 무렵 공소외 00과 함께 생활비 등의 명목으로 임의 소비하여 이를 횡령하였다.",
            "피고인 00은 000 영업팀 대리로 근무하던 2006.6.2.경 00000 일대에서, 위 00000의 인입관 설비공사를 진행하고 있던 000 대표 공소외 00로부터 '0000의 인입관 설비공사와 관련하여 타당성 검토 등 잘 부탁한다'는 취지의 청탁을 받고 현금 50만 원을 건네받았다.",
            "이를 비롯하여 그때부터 2008.5.29.경까지 사이에 별지 (범죄일람표 7)기재와 같이 총 13회에 걸쳐 합계 1,039만 원 상당의 금원 및 금품을 교부받는 등의 방법으로 그 임무에 관하여 부정한 청탁을 받고 재물 또는 재산상 이익을 취득하였다."
        ]
    },
    "dcss": {
        "courtDcss": [
            "공소외 00은 이 법정에서 2006.8.경 이미 000를 그만두었다고 진술하고 있으므로 이를 그대로 믿어준다면, 위 공소사실에 따른 범행 일시에 000의 직원이었다고 볼 수 없으므로 000의 업무처리와 관련하여 어떤 청탁을 하였다고 보기 어렵다.",
            "공소외 00의 검찰에서의 진술과 계좌거래내역서(수사기록 1360면)의 기재에 의하면, 공소외 00은 수사기관에서 000를 그만두고 설비업체를 운영하려고 생각하고 있었는데 위 피고인과 친하게 지내면 사업을 시작하는 데 도움이 될 것 같아 술을 샀다는 취지로 진술하고 있다.",
            "배임수재죄는 타인의 사무를 처리하는 자가 그 업무에 관하여 부정한 청탁을 받았음을 요건으로 하는 범죄이고, 이와 같은 부정한 청탁은 반드시 명시적임을 요하지는 않으나 그 청탁의 내용은 어느 정도 구체적이고 특정한 임무행위에 관한 것임을 요한다고 할 것이다.",
            "그런데 위와 같이 장래 설비업체를 운영할 계획만 있는 상태에서 환심을 사두고 후일 업무에 도움을 받으려고 한 것이라면 위 피고인의 어떠한 구체적이고 특정한 임무행위에 관하여 공소외 00이 부정한 청탁을 한 것이라고 보기는 어렵다.",
            "위 공소사실은 범죄의 증명이 없는 경우에 해당하므로 형사소송법 제325조 후단에 의하여 무죄를 선고하기로 한다.",
            "위 피고인은 당시 000의 영업팀 과장으로 도시가스 인입관시공업체의 영업에 관하여 상당한 영향력을 미칠 수 있었던 점, 위 피고인이 공소외 00로부터 2,000만 원을 받으면서 변제기나 이자 등 약정을 한 바 없었고, 위 돈을 받은 지 약 2달 후에는 000를 운영하는 공소외 00에게 오히려 4,000만 원을 빌려주기까지 한 점 등에 비추어 보면, 위 피고인이 공소외 00로부터 부정한 청탁의 대가로 위 돈을 받은 사실이 넉넉히 인정된다.",
            "공소외 00는 위 피고인에게 선물하기 위하여 골프채와 골프백, 가방을 구입하였는데, 당시 000에 1차로 85만 원을 송금하고, 그 후 골프채 등을 인수하면서 나머지 140만 원가량을 현금으로 지급한 점, 당시 골프채 세트에는 아이언 세트뿐만 아니라 드라이버와 우드 등도 포함된 점, 공소외 00는 그 지급 명목과 대금액수를 세세히 장부에 기록해 놓은 점 등을 고려하면 이하 다음 내용과 같다.",
            "즉, 위 골프채 등의 가격은 225만 원으로 그대로 인정되고, 위 피고인 등이 제출하는 자료만으로는 달리 볼 수 없다.",
            "공소외 00가 위 피고인에게 휴대폰을 사주기 위해 위 피고인을 휴대폰 가게로 데리고 간 점, 공소외 00와 위 피고인 사이의 관계 등에 비추어 휴대폰의 성능이 떨어지거나 장차 요금 등에 불이익이 있을 수 있는 공짜 휴대폰을 선물한다는 것은 상식에 어긋나는 점 등 위에서 든 증거에 의하여 인정되는 사정을 고려하면 위 부분 공소사실도 그대로 인정된다.",
            "공소외 00의 수사기관 및 법정 진술과 금전출납부(수사기록 7권 별책 365면)의 기재에 의하면, 위 피고인이 판시 일시에 공소외 00로부터 100만 원을 받은 사실이 인정된다."
        ]
    },
    "close": {
        "cnclsns": [
            "피고인 00, 00, 00 을 각 징역 1년, 피고인 00를 징역 2년, 피고인 00, 00을 각 징역 8월, 피고인 00을 벌금\n1,500만 원에 각 처한다.",
            "피고인 00이 위 벌금을 납부하지 아니할 경우 금 50,000원을 1일로 환산한 기간 위 피고인을 노역장에 유치 한다.",
            "다만, 이 판결 확정일부터 피고인 00, 00, 00에 대하여 각 2년간, 피고인 00에 대하여 3년간, 피고인 00에\n대하여 각 2년간 위 피고인들에 대한 위 각 형의 집행을 각 유예한다.",
            "피고인 00로부터 금 3,000만 원, 피고인 00로부터 금 3,385만 원, 피고인 00으로부터 금 30,642,290원, 피고\n인 00로부터 금 5,854만 원, 피고인 00로부터 금 1,910만 원, 피고인 00으로부터 금 1,410만 원, 피고인 00로부터 금 1,039만 원을 각 추징한다.",
            "피고인 00에 대한 이 사건 공소사실 중 2006.12.9.및 2006.12.11.자 배임수재의 점은 각 무죄."
        ]
    }
}