{
    "info": {
        "caseField": "2",
        "detailField": "6",
        "trailField": "2",
        "caseNm": "사기도박",
        "courtNm": "대전지방법원",
        "judmnAdjuDe": "2010. 06. 24.",
        "caseNo": "2010노1160",
        "relateLaword": [
            "형법 제37조",
            "형법 제38조",
            "형사소송법 제364조",
            "형사소송법 제369조",
            "형법 제347조",
            "형법 제30조",
            "형법 제246조",
            "형법 제50조",
            "형법 제70조",
            "형법 제69조",
            "형법 제62조",
            "형법 제62조의2",
            "형법 제48조"
        ],
        "qotatPrcdnt": [
            "대법원 1989.6.13. 선고 89도582 판결"
        ]
    },
    "concerned": {
        "acusr": "자연인, 검사",
        "dedat": "1"
    },
    "org": {
        "orgJdgmnCourtNm": "대전지방법원",
        "orgJdgmnAdjuDe": "2010.4.30.",
        "orgJdgmnCaseNo": "2010고단613"
    },
    "disposal": {
        "disposalform": "10",
        "disposalcontent": [
            "원심판결을 파기한다.",
            "피고인 1(대법원 판결의 원심 공동피고인3)을 징역6월에, 피고인2 (대법원 판결의 원심공동) 피고인2를 징역 8월에, 피고인3을 징역4월 및 벌금 200만원에 ,피고인 4(대법원 판결의 원심공동피고인1)를 징역 8월 및 벌금 200만 원에 각 처한다.",
            "피고인3,4가 위 벌금을 납입하지 아니하는 경우 각 5만원을 1일로 환산한 기간 위 피고인들을 노역장에 유치한다.",
            "다만, 피고인4에 대하여는 이 판결확정일로부터 2년 간 위 징역형의 집행을 유예한다.",
            "피고인4에 대하여 보호관찰을 받을 것과 160시간의 사회봉사를 각 명한다.",
            "압수된 증 제24내지 27호를 피고인1로부터 같은 증제12내지 15호를 피고인 3으로부터 같은 증제16내지 23, 28호를 피고인4로부터 각 몰수한다."
        ]
    },
    "mentionedItems": {
        "rqestObjet": [
            "원심의 양형은 너무 무거워서 부당하다.",
            "원심의 양형은 너무 가벼워서 부당하다."
        ]
    },
    "assrs": {
        "acusrAssrs": [],
        "dedatAssrs": []
    },
    "facts": {
        "bsisFacts": [
            "이 법원이 인정하는 범죄사실 및 그에 대한 증거의 요지는 원심판결의 각 해당란 기재와 같으므로 형사소송법 제369조에 의하여 이를 그대로 인용한다,."
        ]
    },
    "dcss": {
        "courtDcss": [
            "피고인들의 원심 판시 피해자 공소외 1, 3, 2에 대한 각 사기 범행은 각기 그 피해자들을 달리하여 형법 제37조 전단의 경합범에 해당함에도 원심은 이를 간과한 채 형법 제38조에서 정한 경합범 가중을 누락하였으므로, 원심판결에는 죄수에 관한 법리를 오해하여 판결에 영향을 미친 위법이 있다.",
            "원심판결에는 앞서 본 바와 같은 직권파기사유가 있으므로 피고인 1, 2, 3 및 검사의 양형부당 주장에 관하여는 판단을 생략한 채, 형사소송법 제364조 제2항에 따라 이를 파기하고, 변론을 거쳐 다음과 같이 판결한다.",
            "피고인들이 반성하고 있고, 피해자들과 합의되었으나, 이 사건 범행은 전문적인 장비를 이용하여 계획적으로 사기도박의 범행을 저지른 것으로 죄질이 매우 불량한 점, ",
            "피고인 1은 동종 전과가 집행유예 전과를 포함하여 수회 있고, 피고인 2는 동종 전과가 실형을 포함하여 수회 있으며, 피고인 4는 동종 벌금 전과가 수회 있는 점, 피고인 3은 집행유예 기간 중의 범행인 점, 그밖에 피고인들의 가담정도, 나이, 성행, 환경 등 이 사건 변론에 나타난 여러 양형조건들을 두루 참작했다."
        ]
    },
    "close": {
        "cnclsns": [
            "원심판결을 파기한다.",
            "피고인 1(대법원 판결의 원심공동피고인 3)을 징역 6월에, 피고인 2(대법원 판결의 원심공동피고인 2)를 징역 8월에, 피고인 3을 징역 4월 및 벌금 200만 원에, 피고인 4(대법원 판결의 원심공동피고인 1)를 징역 8월 및 벌금 200만 원에 각 처한다.",
            "피고인 3, 4가 위 벌금을 납입하지 아니하는 경우 각 5만 원을 1일로 환산한 기간 위 피고인들을 노역장에 유치한다.",
            "피고인 4에 대하여는 이 판결 확정일로부터 2년간 위 징역형의 집행을 유예한다.",
            "피고인 4에 대하여 보호관찰을 받을 것과 160시간의 사회봉사를 각 명한다. ",
            "압수된 증 제24 내지 27호를 피고인 1로부터, 같은 증 제12 내지 15호를 피고인 3으로부터, 같은 증 제16 내지 23, 28호를 피고인 4로부터 각 몰수한다."
        ]
    }
}