{
    "info": {
        "caseField": "2",
        "detailField": "6",
        "trailField": "2",
        "caseNm": "사기(인정된죄명:사기미수)",
        "courtNm": "부산지방법원",
        "judmnAdjuDe": "2010. 10. 22.",
        "caseNo": "2010노1391",
        "relateLaword": [
            "형사소송법 제364조",
            "형사소송법 제369조",
            "형법 제325조",
            "형법 제347조",
            "형법 제30조",
            "형법 제70조",
            "형법 제69조",
            "형사소송법 제334조"
        ],
        "qotatPrcdnt": [
            "대법원 2004.3.25 선고 2003도7700 판결"
        ]
    },
    "concerned": {
        "acusr": "자연인, 검사",
        "dedat": "1"
    },
    "org": {
        "orgJdgmnCourtNm": "부산지방법원",
        "orgJdgmnAdjuDe": "2010. 4. 12.",
        "orgJdgmnCaseNo": "2009고단5817"
    },
    "disposal": {
        "disposalform": "10",
        "disposalcontent": [
            "원심판결을 파기한다.",
            "피고인들을 각 벌금 500만 원에 처한다.",
            "피고인들이 위 벌금을 납입하지 아니하는 경우 6만 원을 1일로 환산한 기간 피고인들을 각 노역장에 유치한다.",
            "다만, 단수금액은 1일로 한다.",
            "위 벌금에 상당한 금액의 가납을 명한다."
        ]
    },
    "mentionedItems": {
        "rqestObjet": [
            "피고인들 및 변호인은 원심의 선고형(각 징역10월 집행유예 2년) 이 너무 무거워서 부당하다고 주장한다."
        ]
    },
    "assrs": {
        "acusrAssrs": [],
        "dedatAssrs": [
            "피고인들이 경매법원에 제출한 채권계산서는 장래에 발생할 채권을 기재한 것일 뿐이고 이후 실제로 예금담보부대출금채권이 발생하였으므로 이를 허위의 채권계산서라고 할 수 없고, 이 사건 근저당권의 담보권자는 실질적으로 피고인 정A이므로 채무자인 주식회사 000의 동의 아래 이 사건 채권계산서를 제출한 것을 두고 허위의 채권계산서를 제출한 것으로 볼 수 없다.",
            "피고인들은 후순위 근저당권이 명목상 설정되어 있을 뿐 실제 피담보채권이 존재하지 아니하는 것으로 알고 있었으므로 사기의 고의 또는 불법영득의사가 없다.",
            "이 사건 근저당권의 피담보채권이 경락인의 매각대금 완납으로 2007. 10. 26. 확정되었고 피담보채권이 확정된 이후 작성된 이 사건 채권계산서 및 소명자료를 피고인들이 2007. 12. 12.경 경매법원에 제출하였다 하여 이를 근거로 피고인들이 배당받을 수 있는 것도 아니므로 피고인들의 채권계산서 및 소명자료 제출행위를 소송사기에 있어서의 기망행위라고 평가할 수 없다.",
            "후순위 근저당권자들이 배당이의 신청을 하였고, 이후 피고인들과 후순위 근저당권자들의 합의에 따라 피고인들이 배당금을 지급받아 이를 후순위 근저당권자들에게 전달한 이상 피기망자인 경매법원의 처분행위를 인정할 수도 없다.",
            "피고인들 및 변호인은 원심의 선고형(각 징역 10월 집행유예 2년)이 너무 무거워서 부당하다고 주장한다."
        ]
    },
    "facts": {
        "bsisFacts": [
            "이 법원이 인정하는 범죄사실과 그에 대한 증거의 요지는, 범죄사실을 앞서 본 제2. 가 항 기재와 같이 변경하는 외에는 모두 원심판결의 각 해당란 기재와 같으므로, 형사소송법 제369조에 따라 이를 그대로 인용한다."
        ]
    },
    "dcss": {
        "courtDcss": [
            "피고인들이 2007. 12. 3. 이 사건 채권계산서 제출 당시 근저당권의 피담보채권이 존재하지 않았음에도 마치 000의 근저당권부 채권 9,500만 원 및 미수이자 104,109원 합계 95,104,109원이 존재하는 것처럼 허위의 채권계산서를 제출한 사실을 충분히 인정할 수 있다.",
            "이후 실제 저축은행과 이 사건 부동산의 소유자인 주식회사 000(이하 'OOO'이라 한다)사이에 예금담보부대출금채권을 발생시켰다하여 2007. 12. 3.자 채권계산서가 허위 내용이 아니라고 볼 수 없으며, 이 사건 근저당권의 실질적 권리자가 피고인 00이라거나 의 동의가 있었다하여 달리 판단할 것은 아니므로, 피고인들 및 변호인의 이 부분 주장은 이유 없다.",
            "후순위 근저당권이 무효이거나 피담보채권이 존재하는 않는 경우라도 이는 배당절차 내에서 주장하여 배당금을 변경할 수 있는 것일 뿐이므로, 피고인들이 허위의 채권계산서를 제출하는 방법으로 존재하는 아니하는 채권에 대하여 배당을 받은 이상 피고인들의 사기의 고의 내지 불법영득의사를 충분히 인정할 수 있으므로 피고인들 및 변호인의 이 부분 주장도 이유 없다.",
            "피고인들은 이 사건 근저당권의 피담보채권이 존재하지 아니함에도 마치 채권이 존재하는 것처럼 허위의 채권계산서를 작성하여 제출함으로써 경매법원으로부터 배당을 받으려고 한 것이므로, 이러한 행위는 소송사기에서 말하는 증거의 조작에 해당하고, 채권원인증서인 여신거래약정서의 채권발생일자가 근저당권의 피담보채권 확정시기 이후의 일자인 2007. 12. 14.로 되어 있었다고 하여 달리 판단할 것은 아니므로, 피고인들의 기망행위를 충분히 인정할 수 있다"
        ]
    },
    "close": {
        "cnclsns": [
            "원심판결을 파기한다.",
            "피고인들을 각 벌금 500만 원에 처한다.",
            "피고인들이 위 벌금을 납입하지 아니하는 경우 6만 원을 1일로 환산한 기간 피고인들을 각 노역장에 유치한다. ",
            "단수금액은 1일로 한다.",
            "위 벌금에 상당한 금액의 가납을 명한다."
        ]
    }
}