{
    "info": {
        "caseField": "2",
        "detailField": "6",
        "trailField": "1",
        "caseNm": "폭력행위등처벌에관한법률위반(공동공갈),공갈",
        "courtNm": "부산지방법원",
        "judmnAdjuDe": "2010. 09. 10.",
        "caseNo": "2010고단1159",
        "relateLaword": [
            "폭력행위등처벌에관한법률 제2조",
            "형법 제350조",
            "폭력행위등처벌에관한법률 제6조",
            "형법 제37조",
            "형법 제38조",
            "형법 제50조",
            "형법 제62조",
            "형법 제62조2"
        ],
        "qotatPrcdnt": [
            "2010고단1637",
            "2010고단1843",
            "2010고단1906",
            "2010고단2126",
            "2010고단2921",
            "2010고단3721"
        ]
    },
    "concerned": {
        "acusr": "4",
        "dedat": "1"
    },
    "org": {
        "orgJdgmnCourtNm": "",
        "orgJdgmnAdjuDe": "",
        "orgJdgmnCaseNo": ""
    },
    "disposal": {
        "disposalform": "6",
        "disposalcontent": [
            "피고인 00을 징역 1년 6월에, 피고인 00을 징역 1년에 각 처한다.",
            "다만, 피고인 00에 대하여는 이 판결 확정일로부터 2년간 위 형의 집행을 유예한다.",
            "피고인 00에 대하여 200시간의 사회봉사를 명한다."
        ]
    },
    "mentionedItems": {
        "rqestObjet": [
            "피고인 00을 징역 1년 6월에, 피고인 00을 징역 1년에 각 처한다.",
            "다만, 피고인 00에 대하여는 이 판결 확정일로부터 2년간 위 형의 집행을 유예한다.",
            "피고인 00에 대하여 200시간의 사회봉사를 명한다."
        ]
    },
    "assrs": {
        "acusrAssrs": [],
        "dedatAssrs": []
    },
    "facts": {
        "bsisFacts": [
            "피고인 00은 2009. 12. 7. 창원지방법원 진주지원에서 폭력행위 등 처벌에 관한 법률 위반(공동공갈)죄로 징역 6월에 집행유예 2년을 선고받고 항소하여 현재 항소심 재판계속 중이고, 피고인 00은 2009. 12. 7. 같은 법원에서 폭력행위 등 처벌에 관한 법률 위반(공동공갈)죄로 징역 4월에 집행유예 2년을 선고받고 항소하여 현재 항소심 재판계속 중이다.",
            "피고인은 2008. 5.경 ㅁ일보 기자로 근무하면서 그 무렵 ㅁ신문인 0 기자이었던 00과 환경문제에 취약한 회사를 찾아다니면서 이를 기사화하거나 고발할 듯한 태도를 보여 구독료 등 명목으로 금품을 갈취하기로 결의하였다.",
            "피고인은 00과 함께 2008. 6.경 0000에 있는 피해자 00 운영의 폐기물 수집·운반업체인 '환경'을 찾아가 ㅁ신문 기자임을 밝히고 피해자의 처인 00에게 \"건설 폐기물을 보관하고 있으면 고발되는 것 모릅니까?, 무엇 때문에 이런 불법을 하요, 벌금 6,000만원이 나온다\" 라고 말했다.",
            "그리고  00로부터 연락을 받고 그 곳을 찾아온 피해자에게 '당신, 건설폐기물 수집·운반 허가를 받았으면서 무엇 때문에 건설폐기물을 보관하고 있어, 이 사람 큰일 날 사람이네, 고발되면 벌금 많이 나오는 것 몰라\" 라고 재차 말하면서 광고료 명목으로 500만원을 요구하는 등 그 요구에 응하지 아니하면 위와 같은 위법사실을 기사화하거나 고발할 듯한 태도를 보임으로써 겁을 주었다.",
            "피고인은 00과 공동하여 위와 같이 피해자를 공갈함으로써 이에 겁을 먹은 피해자로부터 같은 날 0000에 있는 000 앞 노상에서 광고료 명목으로 1,000,000원을 교부받았다.",
            "피고인은 00과 함께 2008. 8. 중순경 000에 있는 피해자00 운영의 폐기물 수집,운반,임시보관 업체인 'ㅁ환경' 을 찾아가 피해자에게 환경기자임을 밝히고 그곳에 쌓여있는 건설폐기물 중 지정폐기물이 섞여 있는 것을 지적하면서 \"이것은 위법이다. 환경이 심각하게 오염된다\" 라고 말하고, 피해자로부터 \"한번 봐달라\" 는 부탁을 받았다.",
            "그러자, 피해자에게 \"섬으로 책을 보내는 운동을 하고 있는데 책을 구입하여 당신 명의로 보내겠다. 그 대금으로 150만원을 달라\" 고 요구하는 등 그 요구에 응하지 아니하면 위와 같은 위법사실을 기사화하거나 고발할 듯한 태도를 보임으로써 겁을 주었다.",
            "피고인은 00과 공동하여 위와 같이 피해자를 공갈함으로써 이에 겁을 먹은 피해자로부터 즉석에서 도서구입대금 명목으로 1,500,000원을 교부받았다.",
            "피고인들은 2008. 10. 31.경 'ㅁ뉴스'라는 인터넷신문을 개설한 다음, 피고인 00은 ㅁ뉴스 총괄국장, 피고인 00은 ㅁ뉴스 사회부장이라는 직함을 이용하면서 환경문제에 취약한 회사를 찾아가 이를 기사화하거나 고발할 듯한 태도를 보여 구독료 등 명목으로 금품을 갈취하기로 결의하였다.",
            "피고인들은 ㅁ뉴스 문화부장이었던 00와 함께 2008. 11. 중순경 0000에 있는 ㅁ백화점 신축공사 현장을 찾아가 시멘트와 섞인 물이 고여 있는 것을 발견하자 위 현장 관리과장인 피해자 00에게 \"현장에 고인 물은 바로 하수구로 빼내면 안된다\" 라고 말하면서 사진을 찍으려 하는 등 이를 기사화하거나 고발을 할 듯한 태도를 취하던 중 피해자로부터 \" 잘 좀 봐 달라\" 는 부탁을 받자, 피해자에게 '다음에 다시 오겠다'라고 말하면서 돌아갔다.",
            "그런 다음, 2008. 12. 29. 13:00경 재차 위 공사현장을 찾아가 피해자에게 사무실을 새로 오픈했는데, \"협조 좀 해 달라, 환경관련 책자를 좀 구입해 달라\" 고 요구하는 등 그 요구에 응하지 아니하면 위 현장에서 발생하는 위법사실을 기사화하거나 고발할 듯한 태도를 보임으로써 겁을 주었다.",
            "피고인들은 00와 공동하여 위와 같이 피해자를 공갈함으로써 이에 겁을 먹은 피해자로부터 즉석에서 도서구입대금 명목으로 220,000원을 교부받은 것을 비롯하여 위 일시경부터 2009. 1. 22.경까지 위와 같은 방법으로 별지 범죄일람표(1)(생략)기재와 같이 12회에 걸쳐 피해자들로부터 도서구입대금 및 신문구독료 등 명목으로 합계5,350,000원을 교부받았다.",
            "피고인들은 2009. 2. 10.경 0000에 있는 ㅁ건설 고속철도 공사현장을 찾아가 위 현장 관리과장인 피해자 00에게 \"비산먼지가 많다. 이렇게 공사하면 민원이 발생한다. 다른 업체에서도 민원이 발생하였다\" 라고 말하고, 피해자로부터 \"잘 좀 봐 달라\" 는 부탁을 받았다.",
            "그러자, 피해자에게 \"우리 신문사가 오픈한지 얼마 되지 않아 사정이 어렵다. 홍보물제작 명목으로 찬조를 좀 해달라\" 고 요구하는 등 그 요구에 응하지 아니하면 위와 같은 위법사실을 기사화하거나 고발할 듯한 태도를 보임으로써 겁을 주었다.",
            "피고인들은 공동하여 위와 같이 피해자를 공갈함으로써 이에 겁을 먹은 피해자로부터 2009. 2. 27.경 홍보물 제작비 명목으로 1,100,000원을 송금받은 것을 비롯하여 2009. 2. 12.경부터 2009. 10. 30.경까지 위와 같은 방법으로 별지 범죄일람표(2)(생략)기재와 같이 42회에 걸쳐 피해자들로부터 홍보물제작비 및 신문구독료 등 명목으로 합계 15,450,000원을 교부받았다.",
            "피고인은 2009. 10.말경 00이 별건 공갈죄 등으로 구속되어 공사현장에 함께 다닐 사람이 필요하게 되자 00에게 ㅁ뉴스 보도부장이라는 직함을 주면서 환경문제에 취약한 회사를 찾아가 이를 기사화하거나 고발할 듯한 태도를 보여 구독료 등 명목으로 금품을 갈취하기로 결의하였다.",
            "피고인은 00과 함께 2009. 12. 초순경 0000에 있는 피해자 00 운영의 ㅁ산업 을 찾아가 피해자에게 ㅁ신문기자임을 밝히고 \"환경에 많이 노출되어 있다. 민원이 발생하지 않도록 조심하라\" 라고 말하는 등 금품을 제공하지 않으면 위법사실을 취재하여 신문에 기사화하거나, 관계기관에 고발할 듯한 태도를 보임으로써 겁을 주었다.",
            "피고인은 00과 공동하여 위와 같이 피해자를 공갈함으로써 이에 겁을 먹은 피해자로부터 즉석에서 잘 봐달라는 부탁과 함께 기름 값 등 명목으로 50,000원 교부받았다.",
            "피고인은 2010. 1. 5.경 0000에 있는 ㅁ산업개발 ㅁ대교 건설현장을 찾아가 위 현장 관리과장인 피해자 00에게 \"공사는 잘 되느냐, 민원은 발생하지 않으냐\" 라고 말하고, 계속하여 \"신문사를 창간했는데, 회사 운영이 어렵다. 광고비 명목으로 찬조를 좀 해 달라\" 고 요구하는 등 그 요구에 응하지 아니하면 위 현장에서 발생하는 위법사실을 기사화하거나 고발할 듯한 태도를 보임으로써 겁을 주었다.",
            "피고인은 위와 같이 피해자를 공갈함으로써 이에 겁을 먹은 피해자로부터 2010. 1. 8.경 광고비 명목으로 300,000원을 교부받았다.",
            "피고인은 2010. 2. 초순경 0000에 있는 ㅁ건설 지하철공사현장을 찾아가 위 현장 관리팀장인 피해자 00에게 \"공사는 잘 되느냐, 민원은 발생하지 않느냐\" 라고 말하고, 계속하여 \"신문사를 창간했는데, 회사 운영이 어렵다. 광고비 명목으로 찬조를 좀 해 달라\" 고 요구하는 등 그 요구에 응하지 아니하면 위 현장에서 발생하는 위법사실을 기사화하거나 고발할 듯한 태도를 보임으로써 겁을 주었다.",
            "피고인은 위와 같은 피해자를 공갈함으로써 이에 겁을 먹은 피해자로부터 2010. 2. 8.경 광고비 명목으로 300,000원을 교부받았다.",
            "피고인들은 2009. 9. 중순경 0000에 있는 ㅁ 주식회사 ㅁ 신축공사 현장을 찾아가 위 현장 관리부장인 피해자 00에게 자신들의 인터넷신문에 게재된 다른 공사현장에서의 위법사실에 대한 보도내용을 보여주면서 \"환경문제와 관련된 위법사항을 적발하는 보도활동을 하고 있는데, 찬조를 좀 해 달라\" 고 말하는 등 그 요구에 응하지 아니하면 위 현장에서 발생하는 위법사실을 기사화하거나 고발할 듯한 태도를 보임으로써 겁을 주었다.",
            "피고인들은 공동하여 위와 같이 피해자를 공갈함으로써 이에 겁을 먹은 피해자로부터 즉석에서 200,000원을 교부받았다."
        ]
    },
    "dcss": {
        "courtDcss": [
            "폭력행위 등 처벌에 관한 법률 제2조 제2항, 제1항 제3호, 형법 제350조 제1항(공동공 갈의 점, 징역형 선택), 폭력행위 등 처벌에 관한 법률제2조 제2항, 제1항 제3호, 제6조, 형법 제350조 제1항(공동공갈미수의 점, 징역형 선택), 형법 제350조 제1항(공 갈의 점, 징역형 선택)을 적용하여 형을 선택한다.",
            "형법 제62조 제1항(도로교통법위반 외에 별다른 범죄전력 없고, 본 건 범행 가담정도 비교적 중하지 아니하며, 잘못을 깊이 반성하고 있는 점 등의 정상을 참작)을 적용하여 형을 선택한다. "
        ]
    },
    "close": {
        "cnclsns": [
            "피고인 00을 징역 1년 6월에, 피고인 00을 징역 1년에 각 처한다.",
            "피고인 00에 대하여는 이 판결확정일로부터 2년간 위 형의 집행을 유예한다.",
            "피고인 00에 대하여 200시간의 사회봉사를 명한다."
        ]
    }
}