{
    "info": {
        "caseField": "2",
        "detailField": "6",
        "trailField": "1",
        "caseNm": "특정범죄가중처벌등에관한법률위반(절도) ",
        "courtNm": "대전지방법원 천안지원",
        "judmnAdjuDe": "2010. 04. 08.",
        "caseNo": "2010고단189",
        "relateLaword": [
            "특정범죄 가중처벌 등에 관한 법률 제5조",
            "형법 제329조",
            "형법 제342조",
            "형법 제35조",
            "형법 제42조",
            "형법 제53조",
            "형법 제55조"
        ],
        "qotatPrcdnt": []
    },
    "concerned": {
        "acusr": "4",
        "dedat": "1"
    },
    "org": {
        "orgJdgmnCourtNm": "",
        "orgJdgmnAdjuDe": "",
        "orgJdgmnCaseNo": ""
    },
    "disposal": {
        "disposalform": "6",
        "disposalcontent": [
            "피고인을 징역는 1년 6월에 처한다."
        ]
    },
    "mentionedItems": {
        "rqestObjet": [
            "피고인은 2010. 2. 11. 02:40경 0000에 있는 000 5호실에서  잠을 자고 있는 피해자 공소외인의 옆에 누운 후 피해자가 주의를 소홀히 하고 있는 틈을 이용하여 피해자의 바지 뒷주머니에 손을 집어넣어 지갑을 꺼내어가려고 하였으나 잠에서 깨어난 피해자에게 발각되는 바람에 그 뜻을 이루지 못하고 미수에 그쳤다.",
            "피고인은 과거에 징역을 선고받은 전적이 있음에도, 다시 절도를 시도하였으나 미수에 그첬다. "
        ]
    },
    "assrs": {
        "acusrAssrs": [],
        "dedatAssrs": [
            "변호인은 피고인이 이 사건 범행 당시 술에 취하여 심신상실 또는 심신미약의 상태에 있었으므로 형법 제10조 제1항, 제2항에 따라 벌하지 아니하거나 또는 필요적으로 그 형을 감경하여야 한다는 취지로 주장한다."
        ]
    },
    "facts": {
        "bsisFacts": [
            "피고인은 1981.9.10.서울형사지방법원에서 야간주거침입절도죄로 징역 10월을 선고받고, 1984.7.9.부산지방법원에서 절도죄 등으로 징역 10월을 선고받고, 1986.7.10.수원지방법원에서 절도죄로 징역 1년을 선고받았다.",
            "1996.6.7.대전지방법원 천안지원에서 절도죄 등으로 징역 1년에 집행유예 2년을 선고받고, 2001.4.27.대전지방법원에서 특정범죄 가중처벌 등에 관한 법률위반(절도)죄 등으로 징역 2년을 선고받고, 2006.7.19.대전지방법원에서 특정범죄 가중처벌 등에 관한 법률위반(절도)죄 등으로 징역 2년을 선고받고 2008.8.25.대전교도소에서 그 형의 집행을 마쳤다.",
            "피고인은 2010.2.11.02:40경 0000에 있는 0000에서, 잠을 자고 있는 피해자 공소외인의 옆에 누운 후 피해자가 주의를 소홀히 하고 있는 틈을 이용하여 피해자의 바지 뒷주머니에 손을 집어넣어 지갑을 꺼내어 가려고 하였으나 잠에서 깨어난 피해자에게 발각되는 바람에 그 뜻을 이루지 못하고 미수에 그쳤다."
        ]
    },
    "dcss": {
        "courtDcss": [
            "피고인이 위 범행 당시 다소 술을 마셨던 사실은 인정되나, 그로 인하여 사물을 변별할 능력이나 의사를 결정할 능력이 없었다거나 미약한 상태에 이르렀다고는 보이지 아니하므로, 변호인의 위 주장은 받아들이지 아니한다."
        ]
    },
    "close": {
        "cnclsns": [
            "피고인을 징역 1년 6월에 처한다."
        ]
    }
}