{
    "info": {
        "caseField": "2",
        "detailField": "6",
        "trailField": "2",
        "caseNm": "특정경제범죄가중처벌등에관한법률위반(사기),사기,사문서위조,위조사문서행사,뇌물공여,배임수재,배임증재",
        "courtNm": "서울고등법원",
        "judmnAdjuDe": "2010. 08. 20.",
        "caseNo": "2010노1139",
        "relateLaword": [
            "형사소송법 제364조",
            "형사소송법 제255조",
            "형법 제37조"
        ],
        "qotatPrcdnt": [
            "대법원 1992. 4. 24. 선고 91도1438 판결 ",
            "대법원 2009. 9. 24.선고 2009도5239 판결",
            "대법원 2005. 10. 28. 선고 2005도1247 판결"
        ]
    },
    "concerned": {
        "acusr": "4",
        "dedat": "1"
    },
    "org": {
        "orgJdgmnCourtNm": "수원지방법원 ",
        "orgJdgmnAdjuDe": "2009. 6. 12.",
        "orgJdgmnCaseNo": "2008고합646, 2009고합113(병합) "
    },
    "disposal": {
        "disposalform": "10",
        "disposalcontent": [
            "원심판결 중, 피고인 1(대법원 판결의 원심공동피고인 1)에 대한 유죄부분과 무죄부분 가운데  피고인 3,  4에 대한 각 분양권 양도로 인한 배임증재의 점에 관한 부분을 파기한다.",
            "원심판결 중, 피고인 2(대법원 판결의 원심공동피고인 2)에 대한 유죄부분 가운데 뇌물공여의 점 및 무죄부분 가운데  피고인 3,  4에 대한 각 분양권 양도로 인한 배임증재의 점과  피고인 5에 대한 배임증재의 점에 관한 부분,  피고인 3에 대한 부분,  피고인 4에 대한 부분 가운데 분양권 취득으로 인한 배임수재의 점에 관한 부분 및  피고인5에 대한 부분을 각 파기한다.",
            "피고인 1을 징역 5년, 피고인 2를 징역 2년, 피고인 3, 4를 각 징역 8월, 피고인 5를 징역 6월에 각 처한다.",
            "다만, 이 판결 확정일로부터 피고인 2에 대하여는 3년간,  피고인 3, 4에 대하여는 각 2년간, 피고인 5에 대하여는 1년간 위 각 형의 집행을 유예한다.",
            "피고인 3으로부터 7,161만 원, 피고인 4로부터 2,000만 원, 피고인 5로부터 1,000만 원을 각 추징한다.",
            "피고인 1에 대한 이 사건 공소사실 중  공소외 5에 대한 3,000만 원 편취로 인한 사기의 점과  공소외 6에 대한 2억2,000만 원 편취로 인한 사기의 점은 각 무죄이다."
        ]
    },
    "mentionedItems": {
        "rqestObjet": [
            "피고인은 피고인 2가  공소외 8에게 뇌물을 공여하는데 있어  피고인 2의 지시를 받아 심부름만을 하였을 뿐,  공소외 8에 대한 뇌물공여행위에 가담하지는 아니하였으므로,  공소외 8에 대한 뇌물공여의 점을 유죄로 인정한 원심판결에는 사실오인의 위법이 있다.",
            "피고인2는 피고인5에 대하여 공소외 3 주식회사에 유리한 감정평가결과가 나올 수 있도록 힘써 달라는 부탁을 하고  피고인 5의 처  공소외 9의 예금계좌로1,000만 원을 송금하였고,  피고인 5가 위와 같은 부탁을 받고 1,000만 원을 송금받은 사실이 인정됨에도 불구하고,  피고인2와  피고인 5의 배임증재와 배임수재의 이 부분 공소사실을 무죄로 판단한 원심판결에는 사실오인의 위법이 있다."
        ]
    },
    "assrs": {
        "acusrAssrs": [
            "피고인 00는 00000 주상복합건물의 신축공사를 시행하던 000의 운영자, 피고인 00는 위 주상복합건물의 신축공사를 도급받은 000의 자산관리팀 과장으로서, 000가 위 주상복합건물의 신축공사를 시행하던 000에 대한 204억원 상당의 구상금과 공사대금 채권을 변제받기 위하여, 미분양 아파트와 상가의 소유권을 이전받는 대신 그 아파트와 상가의 감정가 상당 금액의 채무를 면제하여 주기로 한 상황에서 이하 다음 내용과 같다.",
            "즉, 피고인 00가 피고인 00에 대하여 000에 유리한 감정평가결과가 나올 수 있도록 힘써 달라는 부탁을 하고 피고인 00의 처 공소외 00의 예금계좌로 1,000만원을 송금하였다.",
            "피고인 00가 위와 같은 부탁을 받고 1,000만원을 송금받은 사실이 인정됨에도 불구하고, 피고인 00와 피고인 00의 배임증재와 배임수재의 이 부분 공소사실을 무죄로 판단한 원심판결에는 사실오인의 위법이 있다."
        ],
        "dedatAssrs": [
            "피고인은 공소외 00로부터 편취한 금원이 1억 7,500만 원이 아니라 1억 4,000만 원에 불과하다고 주장한다.",
            "피고인 00, 00가 이 사건 조합이 00000를 이중분양하였는지 여부를 확인하지 아니하여 000로 하여금 그에 따른 적절한 조치를 취할 수 없도록 한 것이 000의 직원으로서 임무에 위배한 행위에 해당하지 아니한다.",
            "위 피고인들이 피고인 00, 00로부터 임무에 관하여 부정한 청탁을 받고 00000에 관한 분양권을 취득한 것은 아니며, 위 조합아파트에 관한 분양권을 취득하였다 하더라도 재산상 이익을 취득한 것에는 해당하지 아니하고, 피고인 00는 피고인 00의 피고인 00, 00에 대한 위 조합아파트에 관한 분양권 양도에 가담하지도 아니하였다.",
            "그러므로 피고인 00, 00에 대하여 분양권 취득으로 인한 배임수재죄가 성립하지 아니하고, 피고인 00에 대하여도 분양권 양도로 인한 배임증재죄가 성립하지 아니한다.",
            "피고인은 피고인 00가 공소외 00에게 뇌물을 공여하는데 있어 피고인 00의 지시를 받아 심부름만을 하였을 뿐, 공소외 00에 대한 뇌물공여행위에 가담하지는 아니하였으므로, 공소외 00에 대한 뇌물공여의 점을 유죄로 인정한 원심판결에는 사실오인의 위법이 있다."
        ]
    },
    "facts": {
        "bsisFacts": [
            "피고인 00는 2007.4.20.경부터 0000 (이하 생략)에서 00000 신축공사를 시행하던 000를 운영하였고, 피고인 00는 000로부터 위 주상복합건물의 신축공사를 도급받은 000 자산관리팀 과장으로서 2007년 2월경부터 위 주상복합건물의 사업진행 담당자로 근무하였다.",
            "000로부터 감정평가를 의뢰받은 위 각 감정평가기관은 2008.9.2.경 위 미분양 아파트 등의 감정평가액을 약 200억 원으로 평가한 감정평가서를 000에게 제출하였다.",
            "부동산중개업자 공소외 00을 통하여 피해자 공소외 00에게 \"임의분양신청금을 납입하면 000에서 시행 중인 00000 조합원분 32평형을 일반조합원 분양가에 분양받을 수 있게 해 주겠다.\" 라고 거짓말을 하였다.",
            "이에 속은 피해자로부터 중개업자 공소외 00을 통하여 2003.6.3.경 분양신청금 명목으로 3,900만 원을 지급받고, 2005.3.8.경 조합 명의의 000 예금계좌로 1억 7,500만 원을 송금받는 등 합계 2억 1,400만 원을 교부받아 이를 편취했다.",
            "그 무렵부터 2007.4.20.경까지는 망 공소외 00과 공모하여, 2007.4.20.경부터 2008년 9월경까지는 단독으로, 위와 같이 이미 정상적인 분양계약자가 있는 세대에 대하여 이중분양을 하는 방법으로 별지 범죄일람표 1, 2 기재와 같이 총 143명의 피해자들로부터 합계 342억 2,631만 원(= 303억 395만 원 ＋ 39억 2,236만 원)을 교부 또는 송금받아 이를 편취했다.",
            "피고인 00은 2007년 2월경부터 2007년 5월경까지 사이 일자불상경 0000 (이하 생략)에 있는 000의 사무실 겸 000의 사무실에서, 공소외 00가 그가 분양을 받기로 한 0000에 관한 공급계약서의 작성을 요구하자, 사실은 위 0000에 대해 이미 공소외 00과 정상적인 분양계약이 체결되어 있는 상태이다.",
            "공소외 00에게 허위의 공급계약서를 발급해 주기 위하여 행사할 목적으로 정당한 권한 없이, 공소외 00와의 분양계약을 중개한 0 중개업자 공소외 00에게 위 사무실에 비치되어 있던 00000 공급계약서 용지를 건네주어 매수인(을)란에 공소외 00의 주민등록번호, 주소, 연락처 등 인적사항을 기재하여 오게 하였다.",
            "그런 다음, 검정색 볼펜으로 위 공급계약서의 재산의 표시란에 0000, 전용면적란에 126.47㎡, 주거공용면적란에 24.684㎡, 공급면적란에 151.154㎡, 총공급금액란에 689,000,000원이라고 각각 기재했다.",
            "위 계약서 말미에 부동문자로 인쇄되어 있는 시공자 겸 채권양수인(병)란의 000 대표이사 공소외 00의 이름 옆에 2007년 2월경에 망 공소외 00 대표이사로부터 교부받아 소지하고 있던 000 대표이사의 직인을 임의로 날인하는 방법으로 권리의무에 관한 사문서인 000 대표이사 명의의 00000 공급계약서 1부를 위조하고, ",
            "그 무렵 위와 같이 위조한 공급계약서를 마치 진정하게 성립한 것처럼 중개업자 공소외 00을 통하여 공소외 00에게 교부하여 줌으로써 이를 행사한 것을 비롯하여, 2006년 12월경부터 2008년 6월경까지 사이에 별지 범죄일람표 1, 2 기재와 같이 총 34회에 걸쳐 위와 같은 방법으로 000 대표이사 명의의 00000 공급계약서를 각각 위조하고, 그 무렵 위와 같이 위조한 각 공급계약서를 각 수분양자들에게 교부하여 줌으로써 이를 각각 행사하였다.",
            "피고인 00는 2007년 9월 초순경 0000 (이하 생략)00000 시행사업에 관하여 인·허가, 관리, 감독 등 업무를 담당하던 △△시청 건축과 소속 지방시설 6급 공무원인 공소외 00로부터 급히 5,000만 원을 빌려 달라는 부탁을 받고 5,000만 원을 마련한 후 피고인 00에게 지시하여 이를 공소외 00에게 빌려주도록 하였다.",
            "그리고 피고인 00은 피고인 00의 지시에 따라 000 0 발행의 수표번호 생략, 액면금 5,000만 원, 발행일자 2007.9.7.로 된 자기앞수표 1장을 준비했다.",
            "2007.9.10.△△시 XX구에 있는 △△시청 5층 건축과 주택관리팀 사무실 앞 복도에서 공소외 00에게 위 자기앞수표를 교부하여 같은 액수만큼의 금원을 대여한 후 2008.9.22.변제받을 때까지 이자를 지급받지 아니함으로써 공소외 00로 하여금 위 5,000만 원에 대한 이자 2,589,041원 상당의 재산상 이익을 얻게 하여 공무원의 직무에 관하여 뇌물을 공여하였다.",
            "006.10.4.경 추석 무렵 위 △△시청 건축과 주택관리팀 사무실에서, 1999년 5월경부터 △△시 건축과 소속 지방시설 공무원(현재 7급)으로 근무하면서 2003년경부터 위 비산동 00000 시행사업에 관한 각종 인,허가 관련업무, 시행업체 등에 대한 관리·감독업무 등을 담당하여 온 공소외 00에게 이하 다음 내용과 같이 하였다.",
            "즉, 위 조합아파트 신축공사 현장에 대한 각종 인·허가 업무 등을 최대한 이른 시일 내에 까다롭지 않게 처리해 주고 각종 민원이 제기되더라도 최대한 000에게 유리하게 처리될 수 있도록 도와달라는 취지로, 10만 원권 0 3장씩이 들어있는 봉투 3개 합계 90만 원 상당의 상품권을 제공함으로써, 공무원의 직무에 관하여 뇌물을 공여했다.",
            "피고인 00는 2008.8.28.경 위 제5항 기재와 같은 명목으로 공소외 00 차장으로 하여금 피고인 00의 처 공소외 00 명의의 000 예금계좌로 1,000만 원을 송금하도록 함으로써, 피고인 00의 임무에 관하여 부정한 청탁을 하면서 재물을 공여하였다.",
            "피고인 00는 2008년 7월경 피고인 00에게 \"000와 거래하고 있는 감정평가사에게 은행이나 세무서에 제출하는 것이 아니라 000과 000 간에 정산용으로 사용할 감정평가서이니 감정가가 잘 나오도록 해달라고 부탁을 하면 200억 원 정도 되는 금액으로 감정평가가 나올 수 있을 것이다.\" 라고 말을 하였다.",
            "그리하여 2008.8.28.피고인 00의 지시를 받은 000 측의 공소외 00 차장으로부터 000 측에 최대한 유리하도록 높은 금액의 감정평가액이 나올 수 있도록 도와달라는 명목으로, 자신의 처 공소외 00 명의의 000 예금계좌(계좌번호 : 생략)로 1,000만 원을 송금받아 그 임무에 관하여 부정한 청탁을 받고 재물을 취득하였다.",
            "피고인 00는 그로부터 며칠 뒤 위 7층 회의실에서 피고인 00로부터 위와 같은 명목으로 00000 32평형 1채를 조합원 분양가인 3억 2,400만 원에 분양받기로 하는 내용의 공급계약서를 작성,교부받아 위 아파트에 대한 수분양자의 지위를 취득함으로써, 피고인 00은 7,161만 원 상당의 재산상 이익을 취득하였다.",
            "그리고 피고인 00는 위 32평형 아파트 1채를 조합원분양가로 공급받는 수분양자 지위를 얻게 되어, 각각 그 임무에 관하여 부정한 청탁을 받고 재산상 이익을 취득하였다.",
            "피고인 00은 000 주택사업1팀에 근무하던 피고인 00로부터 000 홈페이지에 이중계약서가 발행되었다는 내용의 글이 올라왔다는 전화를 받고 2007년 10월경 000 본사를 방문하여 피고인 00를 만났게 되었는데, 피고인 00는 그 당시 피고인 00에게 위 민원 글이 삭제될 수 있도록 조치를 취하라는 말을 하였고, 그 자리에는 피고인 00도 참석하였다.",
            "피고인 00은 000 주택사업1팀에 근무하던 피고인 00로부터 000 홈페이지에 이중계약서가 발행되었다는 내용의 글이 올라왔다는 전화를 받고 2007년 10월경 000 본사를 방문하여 피고인 00를 만났게 되었는데, 피고인 00는 그 당시 피고인 00에게 위 민원 글이 삭제될 수 있도록 조치를 취하라는 말을 하였고, 그 자리에는 피고인 00도 참석하였다.",
            "그 당시 피고인 00은 피고인 00에 대하여 이 사건 조합이 분양한 00000 중 일반분양가 7억 1,600만 원인 45평형 아파트에 대한 공급계약서의 작성을 요구하였고, 피고인 00이 회의실을 나가자, 피고인 00도 피고인 00에게 32평형 아파트에 대한 공급계약서의 작성을 요구하였다.",
            "피고인 00은 회의실을 나와 피고인 00에게 전화로 피고인 00의 분양권 요구에 관한 보고를 하였고, 피고인 00는 피고인 00에게 \"일단 회사에서 필요한 사람이니까 요구하는 사항들을 들어줘라.\" 는 취지의 지시를 하였으며, 그 다음날 피고인 00은 피고인 00에게 피고인 00의 분양권 요구에 대하여도 구두로 보고하였다.",
            "피고인 00은 2007년 10월경 일반분양분인 00000 106동 302호에 대하여 분양일자를 2006.10.10.로 소급하여 작성한 자신의 처 공소외 00 명의의 분양계약서를 교부받았는데, 그 아파트는 공소외 00이 2006.10.10.제1회 계약금 7,161만 원을 납부한 후 국외이주를 이유로 분양계약을 해제하고 계약금을 반환받아간 아파트였다.",
            "그리고 피고인 00은 분양계약서를 교부받으면서, 제1회 계약금 7,161만 원을 면제받고, 중도금 및 잔금은 입주시에 납부하기로 약정하였다.",
            "피고인 00는 그로부터 며칠 뒤 00000 중 조합원 분양분인 0000에 대하여 조합원 분양가 3억 2,400만 원으로 하고, 분양대금은 입주시에 모두 지급하는 내용으로 작성된 분양계약서를 교부받았다.",
            "피고인 00은 피고인 00에게 위 아파트 분양권을 양도하면 1억 원 상당의 차익이 생길 것으로 말하면서 분양권을 되팔아 1억 원 상당을 받아 주겠다고 말하기도 하였고, 피고인 00도 1년 후에 일반분양분과의 차액을 줄 것을 요구하기도 하였다.",
            "그 후, 피고인 00는 일정한 실거주 요건이 충족되는 경우에만 양도소득세가 면제되는 내용의 세제개편안으로 인하여 위 아파트에 입주하는 것이 별로 이익이 되지 않는 것으로 보아 피고인 00에게 분양권 양도를 부탁하였고, 이에 피고인 00은 2008년 9월 중순경 피고인 00에게 위 분양권을 양도한 대가의 일부로 2,000만 원을 교부하였다."
        ]
    },
    "dcss": {
        "courtDcss": [
            "피고인이 단지 피고인 00의 심부름으로 담당공무원인 공소외 00에게 180만 원 상당의 상품권을 교부하였다기보다는 피고인 자신의 책임으로 담당공무원인 공소외 00에게 위와 같이 상품권을 교부하였다고 볼 수 있으므로, 피고인이 공소외 00에게 180만 원 상당의 상품권을 뇌물로 공여한 공소사실 부분을 유죄로 인정한 원심판결에는 사실을 오인한 위법이 있다고 할 수 없다.",
            "피고인 00는 피고인 00의 설득에 따라 위 미분양 아파트 등의 감정평가를 통하여 채무관계를 정산하기로 약정하였지만, 그 감정평가액이 낮게 나올 경우 추가적인 채무변제의 필요성으로 인하여 막대한 손해를 입어야 하는 처지이어서 감정평가액이 높게 나올 수 있도록 다방면으로 노력하고 있었던 점이 인정된다.",
            "피고인 00는 위 주상복합건물의 사업진행을 담당하는 000의 담당자로서 000와의 채무관계 정산 및 그 과정에서 행하여지는 감정평가에 대하여 상당한 영향력을 행사할 수 있는 지위에 있었던 점, 피고인 00가 피고인 00에게 1,000만 원을 송금할 무렵은 피고인 00가 위 미분양 아파트 등에 대한 감정평가를 의뢰할 무렵이었던 점, 피고인 00는 위 1,000만 원을 자신의 예금계좌가 아니라 자신의 처 명의의 예금계좌로 송금받은 점이 인정된다.",
            "피고인 00는 000 등의 자금사정이 극도로 좋지 않은 상황에서도 1,000만 원이라는 적지 않은 금원을 송금한 점, 위 피고인들은 위 주상복합건물 신축공사와 관련하여 업무상 알게 된 사이로서 아무런 청탁이나 대가관계 없이 1,000만 원이라는 금원을 수수할 정도의 친분관계가 있는 것으로 보이지 않는 점이 인정된다.",
            "피고인 00가 1,000만 원을 피고인 00에게 송금할 때에는 묵시적으로나마 미분양 아파트 등에 대한 감정평가액이 높게 나오도록 영향력을 행사하여 000에 유리하게 채무변제가 될 수 있도록 도와달라는 청탁이 있었던 것으로 볼 수 있고, 위와 같은 청탁은 사회상규와 신의성실의 원칙에 반하는 부정한 청탁에 해당한다고 할 것이다.",
            "그리고, 그 후에 실제로 피고인 00가 위 청탁에 따른 행위를 하였는지 여부는 부정한 청탁의 존부나 배임수증재죄의 성립에 아무런 영향이 없다고 할 것이다.",
            "피고인 00이 원심 법정에서 이중분양에 관한 홈페이지 문제 때문에 시끄러웠고 용역비도 필요했기 때문에 피고인 00, 00의 요구에 응하지 않을 수 없었다고 진술하였다.",
            "그러므로 피고인 00과 피고인 00가 분양권을 요구할 당시는 이미 수습이 불가능할 정도로 00000의 이중분양 문제가 심각하게 되었던 때로서 피고인 00로서는 000의 직원인 피고인 00, 00가 이 사건 조합의 이중분양을 문제 삼는 때에는 자신의 비리가 드러날 뿐만 아니라 이 사건 조합이 시행하는 00000 신축·분양사업의 진행이 어려움을 겪게 되므로 피고인 00, 00의 요구를 거절할 수 없었던 것으로 보이는 점이 인정된다.",
            "이에 따라 피고인 00, 00가 조합의 이중분양을 이야기하지 아니하였다면, 피고인 00이나 피고인 00로서는 이 사건 조합이나 000의 손해를 감수하면서까지 피고인 00, 00의 요구에 응할 이유가 없었던 것으로 보이는 점이 인정된다.",
            "피고인 00은 당장 7,160만 원 상당의 계약금의 지급을 면제받았고, 그 당시 이미 분양권에 상당한 금액의 프리미엄이 형성되어 있었으므로 장차 전매차익이 예상되는 아파트를 분양받게 되는 지위를 취득하였으며, 피고인 00 또한 조합원분양가로 위 아파트를 분양받은 지위를 취득하여 적어도 일반분양가와 조합원분양가의 차액 상당 이득을 취득하였기 때문에, 피고인 00, 00가 취득한 이득이 상당한 액수에 이르는 점이 인정된다.",
            "피고인 00, 00가 피고인 00로부터 위와 같이 분양권을 취득한 데에는, 묵시적으로라도 피고인 00, 00가 임무에 위배하여 이 사건 조합의 이중분양에 관한 민원을 000에 보고하지 아니하는 등 이를 묵인하여 주거나 이중분양에 대한 조치를 강구함에 있어 이 사건 조합의 입장을 배려하여 달라는 취지의 부정한 청탁이 개재되어 있다고 볼 수 있다."
        ]
    },
    "close": {
        "cnclsns": [
            "원심판결 중, 피고인 00에 대한 유죄부분과 무죄부분 가운데 피고인 00, 00에 대한 각 분양권 양도로 인한 배임증재의 점에 관한 부분, 피고인 00에 대한 유죄부분 가운데 뇌물공여의 점 및 무죄부분 가운데 피고인 00, 00에 대한 각 분양권 양도로 인한 배임증재의 점과 피고인 00에 대한 배임증재의 점에 관한 부분을 각 파기한다.",
            "또한, 피고인 00에 대한 부분, 피고인 00에 대한 부분 가운데 분양권 취득으로 인한 배임수재의 점에 관한 부분 및 피고인 00에 대한 부분을 각 파기한다",
            "피고인 00을 징역 5년, 피고인 00를 징역 2년, 피고인 00, 00를 각 징역 8월, 피고인 00를 징역 6월에 각 처한다.",
            "다만, 이 판결 확정일로부터 피고인 00에 대하여는 3년간, 피고인 00, 00에 대하여는 각 2년간, 피고인 00에 대하여는 1년간 위 각 형의 집행을 유예한다.",
            "피고인 00으로부터 7,161만 원, 피고인 00로부터 2,000만 원, 피고인 00로부터 1,000만 원을 각 추징한다.",
            "피고인 00에 대한 이 사건 공소사실 중 공소외 00에 대한 3,000만 원 편취로 인한 사기의 점과 공소외 00에 대한 2억 2,000만 원 편취로 인한 사기의 점은 각 무죄."
        ]
    }
}