{
    "info": {
        "caseField": "2",
        "detailField": "6",
        "trailField": "2",
        "caseNm": "공무집행방해,방실침입,공용물건손상 ",
        "courtNm": "서울남부지법",
        "judmnAdjuDe": "2010. 09. 17.",
        "caseNo": "2010노156",
        "relateLaword": [
            "형법 제20조",
            "형법 제136조",
            "형법 제141조",
            "형법 제260조",
            "형법 제319조",
            "국회법 제10조",
            "국회법 제145조",
            "국회청사관리규정 제5조",
            "국회청사관리규정 제6조",
            "형법 제40조",
            "형법 제50조",
            "형법 제 37조",
            "형법 제38조",
            "형법 제50조",
            "형법 제70조",
            "형법 제69조",
            "형사소송법 제334조"
        ],
        "qotatPrcdnt": [
            "대법원 2003.1.10선고 2000도5716판결",
            "대법원 2005.10.28.선고 2004도4731판결",
            "대법원 2009.10.29선고 2007도3584판결",
            "대법원 2009.11.19선고 2009도4166 전원합의체 판결"
        ]
    },
    "concerned": {
        "acusr": "4",
        "dedat": "4"
    },
    "org": {
        "orgJdgmnCourtNm": "서울남부지법",
        "orgJdgmnAdjuDe": "2010.  1.  14. ",
        "orgJdgmnCaseNo": "2009고단215"
    },
    "disposal": {
        "disposalform": "10",
        "disposalcontent": [
            "원심판결 중 공소외 1,2에 대한 공무집행방해의 점, 박계동에 대한 공무집행방해의 점 및 공용물건 손상의 점에 관한 부분을 파기한다.",
            "피고인을 벌금 3,000,000원에 처한다.",
            "피고인이 위 벌금을 납입하지 아니하는 경우 50,000원을 1일로 환산한 기간 피고인을 노역장에 유치한다.",
            "위 벌금에 상당한 금액의 가납을 명한다.",
            "검사의 나머지 항소를 기각한다."
        ]
    },
    "mentionedItems": {
        "rqestObjet": [
            "국회의장의 지시를 받아 국회 경위들이 국회 본회의장 문에 부착된 현수막을 철거한 행위는 국회의장의 일반적인 질서유지 권한을 규정한 국회법 제10조와 국회청사 관리규정 제6조 제1항, 제5조 제4호에 의한 것으로서 적법한 직무집행이다.",
            "공무집행방해죄에 있어서 직무집행의 적법성은 실질적 정당성이 아니라 형식적 적법성을 의미하는 것이므로 현수막 철거행위에 대하여 비례성의 원칙을 따질 필요가 없고, 당시의 제반사정에 비추어 보더라도 위 행위가 현저히 비례성의 원칙을 벗어나 상당성을 결여하였다고 보기도 어렵다.",
            "피고인이 공소외 1의 상의를 잡아 중심을 잃을 정도로 심하게 당기고 다른 경위들이 피고인의 손과 팔을 잡고 떼어놓을 때까지 공소외 2의 멱살을 계속 잡고 있었던 이상 이러한 행위는 단순한 감정의 표현이나 항의의 표시가 아닌 공무집행방해죄에서 말하는 폭행에 해당한다. ",
            "피고인이 방실관리자인 국회 사무총장의 추정적 의사에 반하여 폭력행사도 불사하겠다는 의도로 국회사무총장실에 들어간 이상 방실침입죄가 성립한다.",
            "공용물건손상죄가 공무집행방해죄에 일반적, 전형적으로 결합되어 범해진다고 볼 수 없고 법익침해정도도 공무집행방해죄에 흡수될 정도로 경미하지 아니한이상, 공무집행방해죄와 법조경합관계에 있다고 할 수 없고, 보조탁자를 밀쳐 부순 기억이 없다거나 당시 흥분상태에 있었다는 이유만으로 공용물건손상의 고의가 없었다고 할 수도 없다.",
            "국회사무총장이 근무시간에 사무실에서 여론동향 파악 등을 위해 신문을 읽을 필요도 있는 점, 사무실내의 단순한 대기 행위도 직무집행중이라고 보아야 하는 점 등을 고려할 때 00이 당시 직무집행중이 아니었다고 본 원심의 판단은 위법하다.",
            "공무집행방해죄의 폭행은 물건에 대한 유형력의 행사라도 간접적으로 사람에 대한 것이면 족하므로, 피고인이 상당한 시간동안 고함을 지르면서 국회의장실 문을 손으로 두드리고 발로 차 회의 진행을 방해한 행위는 공무집행방해죄에 해당한다."
        ]
    },
    "assrs": {
        "acusrAssrs": [
            "국회의장의 지시를 받아 국회 경위들이 국회 본회의장 문에 부착된 현수막을 철거한 행위는 국회의장의 일반적인 질서유지 권한을 규정한 국회법 제10조와 국회청사관리규정 제6조 제1항, 제5조 제4호에 의한 것으로서 적법한 직무집행이다.",
            "공무집행방해죄에 있어서 직무집행의 적법성은 실질적 정당성이 아니라 형식적 적법성을 의미하는 것이므로 현수막 철거 행위에 대하여 비례성의 원칙을 따질 필요가 없고, 당시의 제반 사정에 비추어 보더라도 위 행위가 현저히 비례성의 원칙을 벗어나 상당성을 결여하였다고 보기도 어렵다.",
            "피고인이 공소외 00의 상의를 잡아 중심을 잃을 정도로 심하게 당기고, 다른 경위들이 피고인의 손과 팔을 잡고 떼어 놓을 때까지 공소외 00의 멱살을 계속 잡고 있었던 이상, 이러한 행위는 단순한 감정의 표현이나 항의의 표시가 아닌 공무집행방해죄에서 말하는 폭행에 해당한다.",
            "공용물건손상죄가 공무집행방해죄에 일반적·전형적으로 결합되어 범해진다고 볼 수 없고 법익침해 정도도 공무집행방해죄에 흡수될 정도로 경미하지 아니한 이상, 공무집행방해죄와 법조경합 관계에 있다고 할 수 없고, 보조탁자를 밀쳐 부순 기억이 없다거나 당시 흥분 상태에 있었다는 이유만으로 공용물건손상의 고의가 없었다고 할 수도 없다.",
            "국회사무총장이 근무시간에 사무실에서 여론동향 파악 등을 위해 신문을 읽을 필요도 있는 점, 사무실 내의 단순한 대기 행위도 직무집행 중이라고 보아야 하는 점 등을 고려할 때 00이 당시 직무집행 중이 아니었다고 본 원심의 판단은 위법하다.",
            "공무집행방해죄의 폭행은 물건에 대한 유형력의 행사라도 간접적으로 사람에 대한 것이면 족하므로, 피고인이 상당한 시간 동안 고함을 지르면서 국회의장실 문을 손으로 두드리고 발로 차 회의 진행을 방해한 행위는 공무집행방해죄에 해당한다."
        ],
        "dedatAssrs": []
    },
    "facts": {
        "bsisFacts": [
            "피고인은 2009.1.5.09:00경 0000에 있는 국회 본회의장 앞 0에서 국회 경위과장 공소외 00로부터 민주노동당이 본회의장 문에 함부로 부착한 MB악법 저지라고 적힌 현수막을 제거해 달라고 수회 요구받았으나 이를 거부하였다.",
            "성명불상의 국회 경위가 위 공소외 00의 지시에 따라 위 현수막을 떼어내자, 피고인을 포함한 민주노동당 국회의원들은 현수막을 빼앗기지 않으려고 국회 경위들과 몸싸움을 하였다.",
            "위 국회 경위가 현수막을 빼앗아 국회 방호원인 공소외 00에게 전달하고, 위 공소외 00이 현수막을 가지고 국회 본관 밖으로 나가자 피고인은 끝까지 따라가서 현수막을 빼앗기 위해 위 공소외 00의 웃옷을 잡고 흔들었다.",
            "피고인은 위 0로 돌아와서 \"야, 이놈들아.\" 라고 고함을 치면서 위 공소외 00의 멱살을 잡고 수회 흔들었다.",
            "결국 피고인은 위와 같이 위 공소외 00과 공소외 00를 폭행하여 국회 방호원과 경위의 국회 질서유지에 관한 정당한 직무집행을 방해하였다.",
            "피고인은 국회의장실 문 밖에서 \"뭣들 하는 짓이냐, 무슨 교섭단체 회의야, 빨리 문 열어, 나와, 국회의원을 개 끌듯이 끌고 가는데 무슨 회의야.\" 라고 큰 소리를 치면서 약 1시간 동안 국회의장실 문을 여러 차례 발로 차고, 주먹으로 때렸다.결국 피고인은 위와 같이 폭행하여 국회의장과 원내 교섭단체 대표들의 의사일정 회의 등 입법활동에 관한 정당한 직무집행을 방해하였다.",
            "피고인은 2009.1.5.20:00경 민주노동당 00 의원이 새로운 현수막을 준비하여 본회의장 문에 부착하다가 국회 경위들에게 현수막을 다시 빼앗기자, 이를 항의하기 위하여 국회의장실로 달려갔다.당시 국회의장실에서는 00 국회의장과 3당 원내 교섭단체 대표 등이 쟁점 법안 및 민생 법안 처리 등 향후 의사일정 관련 회의를 하고 있었다.",
            "피고인을 비롯한 민주노동당 소속 국회의원들 및 당직자들은 2008.12.30.부터 국회의장의 허가를 받지 아니한 채 국회 본회의장 출입문 위에 MB악법 저지라고 적힌 현수막을 부착하고 그 앞 0에서 이미 농성을 하고 있던 민주당 소속 국회의원들 및 당직자들과 합세하여 농성을 시작하였다.",
            "국회사무처는 2009.1.3.보도자료를 통해 민주당 및 민주노동당 측에게 '청사의 일부 또는 전부를 점거하여 농성하는 행위나 허가를 받지 않고 청사에 현수막 등을 부착하는 행위는 모두 국회법, 국회청사관리규정 등 관련 법 규정을 위반한 행위이므로 즉시 농성 해제와 불법 부착물을 철거해 달라.'고 요구하는 등 수차례에 걸쳐 현수막 등 불법 부착물의 철거를 요청하였다.",
            "국회의장이 2009.1.4.23:15경 미디어 관련 법안 등의 직권상정을 유보하겠다는 입장을 밝히자 민주당 측은 농성을 자진 해산하였으나, 이와 달리 민주노동당 측은 농성을 계속하였다.",
            "국회의장은 국회사무총장에게 농성을 강제로 해산시키라고 지시하였고, 이에 국회사무총장은 2009.1.5.03:15경 국회 경위과장 공소외 00로 하여금 국회의원들을 제외한 민주노동당 보좌관 등 당직자들을 현행범인으로 체포하여 강제퇴거 시켰다.",
            "2009.1.5.오전까지도 피고인을 비롯한 민주노동당 소속 국회의원들이 최고위원회 회의를 개최한다며 위 현수막을 부착한 채 농성을 계속하자 국회사무총장은 국회의장의 지시를 받아 경위과장 공소외 00에게 위 현수막의 철거를 명하였고, 이에 공소외 00는 구두로 여러 차례 피고인 등 민주노동당 국회의원들에게 정중히 현수막의 철거를 요구하였으나 거부당하자 공소사실 기재와 같이 현수막 철거를 시도하였다."
        ]
    },
    "dcss": {
        "courtDcss": [
            "그러므로 공소외 00 등이 현수막을 철거함에 있어 피고인 등에게 그 철거에 필요한 정도의 물리적 강제력을 넘어선 과도한 폭력을 행사하였다는 등의 사정이 나타나지 않는 이 사건에서 원심의 판단과 같이 피고인이 소속된 민주노동당의 정당활동 보호 필요성과 불법 부착물 철거로 인하여 얻어지는 법익을 비교형량 하는 등의 방식으로 현수막 철거가 비례의 원칙에 위배되는 것인지 여부를 심사할 필요는 없다.",
            "국회의장이 미디어 관련 법안 직권상정 보류 입장을 밝힌 상태라서 국회가 대치 국면에서 대화 국면으로 전환되는 시점에 있었던 점, 그에 따라 민주당은 농성을 자진 해산하였고, 민주노동당은 최고위원회 회의를 개최하여 해산 여부를 논의하기로 하였던 점이 인정된다.",
            "민주노동당은 이라크 파병 반대 시위 등을 할 때에도 0에서 매주 월요일 08:00경 열리는 최고위원회 회의를 개최한 적이 있는데, 이 사건 당시에도 당 대표인 피고인이 농성하고 있는 0에서 정례 최고위원회 회의를 하고 있었고 국회 경위과장인 공소외 00 등에게 이를 충분히 설명한 점, ",
            "위 공소외 00는 피고인 등 회의 참석자들과 현수막 철거 여부에 관하여 언쟁을 벌이던 중 갑자기 돗자리가 깔려 있는 회의 장소 중간에 신발을 신은 채 들어가 현수막을 철거한 점, 당시 곧바로 현수막이 철거되어야 할 만한 상황이 아니었고, 이전에 한나라당과 민주당도 여러 차례 국회 내부에 현수막을 부착한 적이 있었으나 강제 철거된 적은 없다.",
            "위 현수막 철거로 인하여 민주노동당 최고위원회 회의 장소는 몸싸움 장소로 변해버리는 등 국회 내에서 보호되어야 할 정당활동이 방해된 점 등을 종합하면, 현수막 철거는 그 시기와 절차 및 방법에 있어서 현저히 비례성의 원칙을 벗어나 상당성을 결여하였다고 할 것이어서 역시 부적법한 직무집행이라고 보아야 한다.",
            "공소외 00, 00가 원심 법정에서 피고인이 잠시 멱살을 잡기는 하였으나 신체적 위해를 가하는 것으로는 느껴지지 않았다.라는 취지로 진술한 점, 피고인의 행위는 공소외 00의 갑작스러운 현수막 철거 직후 순간적으로 그에 항의하고 위 현수막을 되찾기 위한 것이었던 점 등을 고려할 때, 이하 다음 내용과 같다.",
            "피고인의 공소외 00, 00에 대한 위와 같은 행위는 순간적으로 자신의 감정을 이기지 못하고 혼자 한 감정의 표현에 불과하거나 항의의 의사를 표현하기 위한 수단으로 보이고 어떠한 유형력을 행사한 것으로는 보이지 않으므로, 공무집행방해죄에서 말하는 폭행에 해당하지 않는다.",
            "피고인이 국회 경위들의 부적법한 직무수행에 항의하기 위하여 열린 문을 통하여 국회사무총장실에 들어간 것은 박계동의 묵시적 승낙에 의한 것이거나 사회상규에 위배되지 않는 정당행위로서 위법성이 있다고 할 수 없다.",
            "피고인의 보조탁자 손상 행위는 항의의 의사표시라는 동일한 범의 아래 00에게 한 일련의 행위 중 하나로서 폭행 또는 협박의 한 수단이거나 그에 수반하는 행위에 불과하여 00에 대한 공무집행방해의 점과 법조경합 관계에 있다.",
            "그리고 피고인이 자신의 손가락이 골절된 것을 모르는 등 감정을 절제하지 못할 정도로 극도의 흥분 상태에 있었던 데다가 당시 취재기자가 동행하는 등 매우 어수선한 상황이었던 점을 고려하면, 피고인에게 공용물건손상의 고의가 있었다고 보기 어렵다.",
            "국회사무총장 비서실 직원이 매일 배달된 신문 중에서 사무총장의 업무와 관련된 기사를 스크랩하여 제공하여 왔고, 국회 활동의 대외 공표, 언론기관의 취재 및 보도에 관한 업무는 국회 대변인이 국회의장의 명을 받아 수행하고 있으므로, 00으로서는 그 직무와 관련하여 반드시 필요한 내용은 스크랩된 기사를 통하여 충분히 확인할 수 있다고 보인다.",
            "따라서, 00은 피고인이 들어올 무렵 스크랩된 기사를 모두 본 다음 소파에 앉아 신문을 보면서 휴식을 취하고 있었으므로, 당시 00이 직무집행 중이었다고 볼 수 없다.",
            "피고인이 국회의장실 근처에서 그 출입문을 손과 발로 때리고 소리를 지른 행위를 00 등의 직무집행을 방해할 만한 음향에 의한 폭행으로 평가할 수 없다.",
            "국회법 제145조에 따른 질서유지권 발동과 국회청사관리규정 제6조에 의한 불법 부착물 철거 명령은 별개의 직무집행으로서 동시에 행하여져도 무방한 점, 불법 부착물 철거라는 직무집행을 행함에 있어 법규상 유효요건으로서 그 근거 규정을 고지하는 등의 방식이나 절차가 요구된다고 보이지 않는 이상, 공소외 00가 현수막을 철거하면서 그 근거가 국회청사관리규정이라고 설명하지 않았다고 하여 위 현수막 철거가 부적법하게 되지는 않는 점이 인정된다.",
            "공무집행방해죄에서 직무집행의 적법성을 판단함에 있어서는 당해 직무집행 당시의 구체적인 상황을 기초로 법령을 해석하여 객관적으로 그 적법 여부를 판단하여야 하므로, 국회사무총장이 고발장을 작성함에 있어 국회법 제145조에 의한 질서유지권이 위 현수막 철거의 법적 근거라고 명시하였다고 하여, 현수막 철거의 법적 근거를 국회법 제145조로만 한정할 수는 없다고 보이는 점이 인정된다.",
            "이 사건 현수막 철거 행위는 국회법 제10조 및 국회청사관리규정 제6조 제1항, 제5조 제4호에 의한 적법한 직무집행이라고 할 것이고, 국회의장이 2008.12.30.발동한 질서유지권이 국회법 제145조에 기한 것인지 여부나 당시 국회법 제145조에 의한 질서유지권 발동 요건이 갖추어진 상태였는지 여부는 위 현수막 철거 행위의 적법성을 판단함에 있어 아무런 영향을 미치지 않는다.",
            "나아가 직무집행의 적법성이란 당해 직무집행의 주체·형식·절차에 관한 대내외적 성립요건이 갖추어져 있음을 의미하는 것이지 그 실질적 내용의 정당성을 뜻하는 것은 아니다.",
            "본회의장 출입문에 불법 현수막을 부착하고 그 앞에서 농성을 하면서 개최하는 최고위원회 회의 등의 정당활동 보호라는 법익과 불법 현수막 철거를 통한 국회 질서유지라는 법익을 비교형량 하였을 때 전자가 반드시 우위에 있다고 단정할 수도 없는 점",
            "(피고인은 당시 국회가 대치 국면에서 대화 국면으로 전환되는 시점에서 무리하게 현수막 철거를 시도할 급박한 필요성이 없었다고 주장하나, 위와 같이 국회가 대화 국면으로 전환된 상태라면 굳이 본회의장 앞에서 불법 현수막 철거 요구를 수차례 거부한 채 최고위원회 회의를 개최할 만한 급박한 필요도 없었다고 보이는 것은 마찬가지이다)등을 고려하면, 현수막 철거가 현저히 비례의 원칙을 벗어나 상당성을 결여하였다고 보이지도 않는다.",
            "민주노동당 측과 국회 경위들 측이 철거된 현수막을 서로 빼앗기지 않으려고 실랑이를 벌이던 중 공소외 00이 누군가에 의해 반으로 잘려진 현수막을 가지고 국회 건물 밖으로 나가자, 피고인은 위 공소외 00을 따라 나가 몸의 중심을 잃게 할 정도로 그의 상의를 잡아당기다가, 다시 0로 돌아가 경위과장 공소외 00의 멱살을 잡고 수회 흔든 사실을 인정할 수 있다.",
            "따라서 이와 같이 피고인이 적극적으로 위 공소외 00, 00를 따라가 상의를 잡아당기거나 멱살을 잡고 흔드는 행위를 한 이상 위 공소외 00, 00을 각 폭행하여 그들의 직무집행을 방해한 사실을 충분히 인정할 수 있고, 피고인의 위 행위가 소극적 저항행위 내지 감정의 표현이거나 위 공소외 00, 00가 개의치 않을 정도의 경미한 것으로서 직무집행을 방해할 만한 정도에 이르지 아니하였다고 보기 어렵다.",
            "국회 사무총장실은 국회 사무에 관한 협의 등을 위해 국회의원의 출입이 일반적으로 허용되는 공간이고 국회의원이 사무총장과의 면담을 요구하는 경우 거절되는 경우는 거의 없는 점, 사무총장실의 문과 그 부속실의 문은 항상 열려져 있으며, 이 사건 당시에도 열려져 있었던 점이 인정된다.",
            "피고인이 부속실을 통해 사무총장실로 들어갈 때 국회 경위들이나 사무총장실 직원들이 피고인을 전혀 제지하지 아니한 점, 피고인은 현수막 철거를 두고 국회 경위들과 몸싸움을 벌이다가 현수막을 모두 철거당하자 사무총장실로 향하였고, 당시 많은 취재기자들이 사진을 촬영하면서 피고인을 따라 가는 등 피고인의 행동이 공개된 상태에 있었던 점에 비추어 볼 때, 이하 다음과 같다.",
            "즉, 피고인은 현수막 철거에 관하여 00에게 항의하기 위해 사무총장실에 들어갔다가 흥분 상태에서 우발적으로 보조탁자를 밀어 넘어뜨리는 등의 다소 과격한 행동을 한 것으로 보이고, 처음부터 폭력을 행사하는 등의 범죄행위를 할 목적으로 사무총장실에 침입한 것이라고 단정하기 어려워 보이는 점이 인정된다.",
            "검사 제출의 증거들만으로는 피고인이 00의 묵시적,추정적 의사에 반하여 사무총장실에 침입하였다고 인정하기에 부족하며, 달리 이를 인정할 만한 증거가 없다.따라서 같은 취지에서 이 부분 공소사실에 대하여 무죄를 선고한 원심의 판단은 정당하다."
        ]
    },
    "close": {
        "cnclsns": [
            "원심판결 중 공소외 00, 00에 대한 공무집행방해의 점, 00에 대한 공무집행방해의 점 및 공용물건손상의 점에 관한 부분을 파기한다.",
            "피고인을 벌금 3,000,000원에 처한다.",
            "피고인이 위 벌금을 납입하지 아니하는 경우 50,000원을 1일로 환산한 기간 피고인을 노역장에 유치한다.",
            "위 벌금에 상당한 금액의 가납을 명한다.",
            "검사의 나머지 항소를 기각한다."
        ]
    }
}