{
    "info": {
        "caseField": "2",
        "detailField": "6",
        "trailField": "1",
        "caseNm": "특정범죄가중처벌등에관한법률위반(절도)",
        "courtNm": "청주지방법원   ",
        "judmnAdjuDe": "2010. 11. 11.",
        "caseNo": "2010고합161",
        "relateLaword": [
            "형법 제35조",
            "구 형법 제42조",
            "형법 제53조",
            "형법 제55조",
            "형법 342조",
            "형법 제329조",
            "특정범죄 가중처벌 등에 관한 법률 제5조",
            "형법 제330조",
            "형법 제331조",
            "형법 제1조"
        ],
        "qotatPrcdnt": []
    },
    "concerned": {
        "acusr": "4",
        "dedat": "1"
    },
    "org": {
        "orgJdgmnCourtNm": "",
        "orgJdgmnAdjuDe": "",
        "orgJdgmnCaseNo": ""
    },
    "disposal": {
        "disposalform": "6",
        "disposalcontent": [
            "피고인을 징역 2년 6월에 처한다. "
        ]
    },
    "mentionedItems": {
        "rqestObjet": [
            "피고인은 식당 카운터에 있는 현금2,000원을 절취한 것을 비롯, 그때부터 총 14회에 걸쳐 상습으로 재물을 절취하거나 미수에 그쳤다. "
        ]
    },
    "assrs": {
        "acusrAssrs": [],
        "dedatAssrs": []
    },
    "facts": {
        "bsisFacts": [
            "피고인은 2010.6.초순 03:00경 0000에 있는 피해자 공소외 00 운영의 0에서, 열려져 있는 식당 뒷문을 통해 식당으로 들어가 그 곳 카운터에 있는 현금 2,000원을 들고 가 이를 절취한 것을 비롯하여 그때부터 2010.7.9.01:00경까지 별지 범죄일람표 기재와 같이 총 14회에 걸쳐 상습으로 시가 합계 약 1,869,000원 상당의 재물을 절취하거나 절취하려다가 미수에 그쳤다."
        ]
    },
    "dcss": {
        "courtDcss": [
            "피고인은 동종 범행으로 7회에 걸쳐 소년보호처분을 받거나 형사처벌을 받은 사실이 있고, 그 과정에서 피고인이 나이가 어린 점, 불우한 가정환경에서 성장한 점, 잘못을 반성하는 점 등이 참작되어 집행유예의 선처를 받았음에도 그 유예기간 중에 다시 같은 범행을 반복하여 실형을 선고받고 집행유예가 실효된 사실이 있다.",
            "피고인은 출소 후 약 3개월 만에 다시 유사한 내용의 이 사건 절도 범행을 저질렀고, 그 횟수(14회)또한 많으며, 기록에 나타난 수사기관에서의 피고인의 태도를 볼 때 피고인이 진심으로 반성하고 있는지도 의심스럽다.",
            "피고인은 거듭되는 처벌에도 반성하지 않고 같은 범행을 반복하고 있어 비난가능성이 높고 향후 재범의 위험성도 높다고 보이므로 피고인에게는 그 죄책에 상응하는 엄한 처벌이 필요하다.",
            "피고인이 범행을 모두 인정하는 점을 다소나마 유리하게 참작하고, 그밖에 피고인의 연령, 성행, 가정환경, 이 사건 범행의 동기 등을 종합적으로 고려하여 주문과 같이 형을 정한다."
        ]
    },
    "close": {
        "cnclsns": [
            "피고인을 징역 2년 6월에 처한다."
        ]
    }
}