{
    "info": {
        "caseField": "1",
        "detailField": "1",
        "trailField": "2",
        "caseNm": "손해배상(기)",
        "courtNm": "광주고등법원",
        "judmnAdjuDe": "2015. 02. 05.",
        "caseNo": "(전주)2014나1411",
        "relateLaword": [
            "신용보증기금법 제1조",
            "신용보증기금법 제2조"
        ],
        "qotatPrcdnt": [
            "대법원 2005.7. 28. 선고 2005다19958 판결 ",
            "대법원 2010. 4. 8. 선고 2009다80460 판결",
            "대법원 1990. 11. 27. 선고 89다카30112 판결"
        ]
    },
    "concerned": {
        "acusr": "1",
        "dedat": "2"
    },
    "org": {
        "orgJdgmnCourtNm": "전주지방법원 ",
        "orgJdgmnAdjuDe": "2014. 4. 4.",
        "orgJdgmnCaseNo": "2013가합4981"
    },
    "disposal": {
        "disposalform": "10",
        "disposalcontent": [
            "제1심 판결을 원고의 피고에 대한 2010. 7. 21.자 구상금 채무는 218,753,781원 및 이에 대한 2010. 12. 10.부터 다 갚는 날까지 연5%의 비율에 의한 금원을 초과하여서는 존재하지 아니함을 확인한다로 변경한다.",
            "제1심 판결을 원고의 주위적 청구 및 나머지 예비적 청구를 각 기각한다로 변경한다.",
            "소송총비용 중 1÷3은 원고가, 나머지는 피고가 각 부담한다."
        ]
    },
    "mentionedItems": {
        "rqestObjet": [
            "제1심판결을 취소한다.",
            "주위적으로, 원고의 피고에 대한 별지1 목록 기재 신용보증계약에 기한 연대보증채무는 존재하지 아니함을 확인한다.",
            "예비적으로, 원고의 피고에 대한 2010. 7. 21.자 구상금 채무는 6,248,645원 및 이에 대한2010. 12. 10.부터 다 갚는 날까지 연 5%의 비율에 의한 금원을 초과하여서는 존재하지 아니함을 확인한다."
        ]
    },
    "assrs": {
        "acusrAssrs": [
            "원고는 당초 이 사건 신용보증계약의 연대보증인으로서 피고에 대하여 연대보증책임을 부담하고 있었는데, 피고가 원고와 사이에 이 사건 회생지원보증계약을 체결하여 신용보증서를 발급하여 주고 이를 담보로 원고로 하여금 다시 000으로부터 대출을 받아 원고의 연대보증채무를 변제하도록 하였으나, 이러한 채권 추심행위는 신용보증기금법에 반하여 위법하다.",
            "또한, 원고는 소외 회사의 직원에 불과하고 신용보증기금법 제2조 제1호에서 규정하고 있는 기업 에 해당하지 아니하여 신용보증기금법상 신용보증의 대상이 되지 아니함에도 피고는 원고로부터 소외 회사에 대한 구상금 채권을 변제받을 목적으로 원고와 사이에 이 사건 회생지원보증계약을 체결한 것인데 이는 신용보증기금법에 반하여 위법하다.",
            "그런데도 피고의 담당 직원 소외 2는 그러한 사정을 숨긴 채 위와 같은 채권추심행위와 신용보증업무가 적법하고 정상적인 업무인것처럼 원고를 속이고 원고에게 신용보증서를 발급하여 주는 방법을 통하여 소외 회사에 대한 피고의 구상금 채권을 회수하였다.",
            "나아가 피고는 원고가 대위변제하고 피고로부터 근저당권을 이전받더라도 이 사건 특약에 기한 권리를 별도로 이전받지 않는 한 이 사건 특약에 기한 권리를 취득할 수 없어서 원고의 배당순위가 불리하게 되므로, 피고로서는 위와 같은 방법으로 원고에게 대위변제를 종용하는 과정에서 신의칙상 그러한 사실을 정확하게 고지할 의무가 존재한다고 할 것이다.",
            "그러함에도 피고는 그와 같은 사실을 전혀 고지하지 않음으로써 원고로 하여금 손해를 입게 하였다.",
            "결국, 원고는 피고의 불법행위로 인하여 000으로부터 626,300,000원을 대출받아 이를 피고에게 변제하였고, 그 결과 원고는 피고의 불법행위가 없었더라면 000에 지급하지 않아도 되는 대출금 이자를 지출하는 손해(2009. 7.29. 부터 2010. 4. 29. 까지 29,767,434원)를 입게 되었으므로, 원고는 피고에 대하여 위 금원에 상당한 손해배상채권을 취득하였다.",
            "한편, 피고는 이 사건 회생지원보증계약을 체결하지 아니하였더라면 이 사건 부동산의 경매절차에서 000으로부터 이전받은 근저당권에 기하여 구상금 채권을 전부 변제받을 수 있었고, 이에 따라 원고에 대하여는 배당기일까지의 구상금에 관한 이자채권 29,445,959원만을 가지게 되었을 것이다.",
            "따라서 원고의 피고에 대한 손해배상채권으로 피고의 원고에 대한 위 이자채권을 상계하면 원고가 이 사건 신용보증계약의 연대보증계약에 따라 피고에게 지급하여야 할 채무는 존재하지 아니하므로 이에 관한 확인을 구한다."
        ],
        "dedatAssrs": []
    },
    "facts": {
        "bsisFacts": [
            "000(변경 전 상호 '000', 이하 변경 전후를 통틀어 '소외 회사' 라고 한다)는 2004. 2. 경부터 2007. 4. 경까지 사이에 000으로부터 아래의 표 기재와 같이 5회에 걸쳐 합계 1,440,000,000원의 대출(이하 '이 사건 대출' 이라고 하되, 대출금을 칭할 때는 '이 사건 대출금' 이라고 한다)을 받았다."
        ]
    },
    "dcss": {
        "courtDcss": [
            "000은 2009. 8. 8. 피고에게 일부 이전하고 남은 이 사건 근저당권에 기초하여 전주지방법원 2009타경16181호로 이 사건 부동산에 관한 임의경매를 신청하여 이 사건 부동산에 관하여 경매절차(이하 '이 사건 경매절차' 라 한다)가 진행되었다."
        ]
    },
    "close": {
        "cnclsns": [
            "제1심판결을 다음과 같이 변경한다.",
            "가. 원고의 피고에 대한 2010. 7. 21. 자 구상금 채무는 218,753,781원 및 이에 대한 2010. 12. 10. 부터 다 갚는 날까지 연5%의 비율에 의한 금원을 초과하여서는 존재하지 아니함을 확인한다.",
            "나. 원고의 주위적 청구 및 나머지 예비적 청구를 각 기각한다.",
            "소송총비용 중 1/3은 원고가, 나머지는 피고가 각 부담한다. "
        ]
    }
}