{
    "info": {
        "caseField": "1",
        "detailField": "1",
        "trailField": "2",
        "caseNm": "회생",
        "courtNm": "대전고등법원",
        "judmnAdjuDe": "2016. 05. 10.",
        "caseNo": "(청주)2016라10007",
        "relateLaword": [
            "채무자회생법 제236조",
            "신탁법 제1조",
            "채무자회생법 제243조",
            "채무자회생법 제226조",
            "체육시설의 설치,이용에 관한 법률 제18조",
            "체육시설의 설치,이용에 관한 법률 시행령 제19조",
            "채무자회생법 제244조"
        ],
        "qotatPrcdnt": [
            "대법원 2002.4.12. 선고 2000다70460 판결"
        ]
    },
    "concerned": {
        "acusr": "1",
        "dedat": "2"
    },
    "org": {
        "orgJdgmnCourtNm": "청주지방법원",
        "orgJdgmnAdjuDe": "2016.2.5.",
        "orgJdgmnCaseNo": "2015회합1"
    },
    "disposal": {
        "disposalform": "10",
        "disposalcontent": [
            "이 사건 항고를 모두 기각한다.",
            "항고비용은 채권자들이 부담한다."
        ]
    },
    "mentionedItems": {
        "rqestObjet": [
            "제1심결정을 취소한다.",
            "채무자에 대한 회생계획안을 기각하고, 회생절차를 폐지한다."
        ]
    },
    "assrs": {
        "acusrAssrs": [
            "이 사건 회생채권자 중 000, 000, 000는 부동산담보신탁약정에 따른 우선 수익권자로서 신탁부동산인 골프장 시설의 처분대금으로부터 우선하여 변제를 받을 수 있으므로, 채무자 회생 및 파산에 관한 법률(이하 '채무자회생법' 이라 한다) 제236조 제2항 제2호의 일반의 우선권 있는 채권 을 가진 회생채권자에 해당한다.",
            "회생계획안에 대한 관계인집회 결의 시에 위 회생채권자들과 다른 회생채권자들은 조 편성을 달리하였어야 함에도 회생법원은 이들을 같은 조로 분류하여 결의하게 한 잘못이 있다.",
            "이 사건 회생계획은 이 사건 골프장을 회원제 골프장에서 대중제 골프장 으로 전환하는 것을 전제로 하고 있고, 이는 충청북도 도지사의 변경허가를 받아야 가능한 것이다.",
            "회생법원은 허가권자인 충청북도 도지사로부터 이에 관한 의견을 듣는 절차를 거치지 않았다.",
            "이 사건 회생계획인가는 채무자회생법 제 243조 제1항 제6호를 위반하여 위법하다.",
            "회생법원은 채무자가 회원권채권자들에게 골프장사용우대권을 교부하는 것을 권리보호조항으로 정하였다.",
            "위 권리보호조항은 우대권을 보유한 회원이 직접 예약 및 내장을 할 경우에만 이를 사용할 수 있도록 하고 있어서 회원권채권자들이 위 혜택을 누리기 위해서는 정회원을 기준으로 연간 35회 이상 이 사건 골프장을 방문하여야 한다.",
            "이는 현실적으로 불가능하고, 채무자는 2015년부터 그린피 할인행사를 하고 있어서 위 회원권채권자들의 실제 할인 혜택은 권리보호조항의 내용에 절반 수준에 불과하다.",
            "위 권리보호조항이 회원권채권자들의 권리를 보호한다고 할 수 없다.",
            "채무자는 영업환경이 악화된 것은 골프장의 공급과잉과 기존에 면제되는 개별소비세의 재부과가 그 원인이라고 주장하나, 이 사건 골프장은 채무자 경영진의 무능력으로 인해 그 운영이 어려워진 것이다.",
            "채무자의 회생계획안에 따르면 결국 회원권 채권자들은 표면적으로 32.05%의 채권회수가 가능한 반면, 회원권채권자들의 동의에 의한 대중제 골프장 전환 시 우선권채권자들의 채무를 모두 변제한 후 채권자들의 채무는 순차로 변제 충당하여 전액 변제가 가능한 길이 열려 있다.",
            "채무자에 대한 변제계획 인가 결정은 취소되어야 한다."
        ],
        "dedatAssrs": []
    },
    "facts": {
        "bsisFacts": [
            "회생채무자 경원실업(이하 '채무자' 라 한다)은 0000 (주소 생략) 일대에서 ㅇㅇㅇㅇ 0 라는 상호로 회원제 골프장(이하 '이 사건 골프장' 이라 한다) 등을 영위하는 비상장법인으로 발행주식수는 보통주 60,000주(1주당 금액 5,000원), 납입자본금 300,000,000원이고, 회사의 대표이사 신청외 1과 그 가족인 신청외 2, 신청외 3, 신청외 4가 위 주식의 100%를 보유하고 있다.",
            "채무자는 2014. 1. 12. 청주지방법원에 회생절차개시신청을 하였고(2014회합1호), 2014. 2. 11. 회생절차가 개시되었으나, 2014. 12. 8. 개최된 제2, 3회 관계인 집회기일에서 채무자가 제출한 회생계획안이 부결되어 2014. 12. 9. 회생절차가 폐지되었다.",
            "채무자는 2015. 1. 14. 위 법원에 다시 회생절차 개시신청을 하였고, 2015, 3, 18, 같은 법원 2015회합1호로 회생절차 개시결정을 받았다.",
            "회생법원은 2016. 1. 18. 관계인 집회를 개최하여 관리인이 제출한 회생계획안에 대하여 주주의 조에서는 의결권 총액 300,000,000원 중 100%에 해당하는 의결권자의 동의를 얻어 법정 요건인 1 2 이상의 동의를 얻었으나, 회생채권자의 조에서는 의결권 총액 105,443,902,309원 중 61.31%인 64,648,529,036원에 해당하는 의결권자의 동의를 얻는 데 그쳐 법정 요건인 2 3 이상의 동의를 얻지는 못하였다.",
            "회생법원은 관계인 집회를 종료한 뒤 2016. 2. 5. 조사위원의 조사결과 채무자는 대중제로 전환될 경우 계속 기업가치가 344억 700만 원, 청산가치가 142억 8,900만 원으로 계속 기업가치가 훨씬 높은 것으로 평가되는 점, 채무자가 파산적 청산을 하게 되면 채권자들을 포함한 회생채권자 중 회원권채권자, 상거리채권자, 대여채권자에 대한 예상배당률은 0%에 그치는 점이 있다.",
            "위 관계인 집회 이후 위 법원에 위 회생계획안에 대한 동의 의사를 추가로 제출한 회생채권자들이 일부 있는 점 등을 고려하여 회생계획안 중 부동의한 회생채권자의 조를 위하여 권리보호조항을 정하여 인가하는 결정을 하였다(이하에서는 위 인가된 회생계획안을 '이 사건 회생계획' 이라 한다).",
            "회생채권 회원권채권자들 중 일부인 채권자들은 2016. 2. 19. 이 사건 즉시항고를 하였다."
        ]
    },
    "dcss": {
        "courtDcss": [
            "기록에 의하면, 채무자와 000 사이에 채무자의 골프장 시설 부지 등에 대하여 신탁자를 채무자, 수탁자를 000, 신탁재산에 대한 우선수익권자(이하 '신탁수익권자' 라 한다)를 000, 000, 000로 하는 부동산담보신탁계약이 각 체결된 사실이 소명된다.",
            "신탁법상의 신탁은 위탁자가 수탁자에게 특정의 재산권을 이전하거나 기타의 처분을 하여 수탁자로 하여금 신탁 목적을 위하여 그 재산권을 관리·처분하게 하는 것이므로(신탁법 제1조 제2항), 부동산의 신탁에 있어서 수탁자 앞으로 소유권이전등기를 마치게 되면 대내외적으로 소유권이 수탁자에게 완전히 이전되고, 위탁자와의 내부관계에 있어서 소유권이 위탁자에게 유보되어 있는 것은 아니라 할 것이다.",
            "(대법원 2002. 4. 12. 선고 2000다70460 판결 참조.)",
            "신탁대상 자산은 채무자 소유의 재산이 아니라 수탁자 소유의 재산이고, 채무자의 다른 채권자들은 신탁대산 자산의 환가대금으로부터 변제를 받을 수 없으므로, 신탁수익권자는 채무자의 재산으로부터 다른 일반 채권자에 우선하여 변제를 받는다고 볼 수 없다.",
            "신탁수익권자인 000, 000, 000가 일반의 우선권 있는 채권을 가진 회생채권자에 해당함을 전제로 하는 채권자들의 위 주장은 이유 없다.",
            "채무자회생법 제226조 제2항은 행정청의 허가, 인가, 면허 그 밖에 처분을 요하는 사항을 정하는 회생계획안에 관하여는 법원은 그 사항에 관하여 그 행정청의 의견을 들어야 한다고 규정하고 있다.",
            "채무자회생법 제 243조 제1항 제6호는 회생계획인가의 요건에 관하여 회생계획에서 행정청의 허가, 인가, 면허 그 밖에 처분을 요하는 사항이 제226조 제2항 의 규정에 의한 행정청의 의견과 중요한 점에서 차이가 없을 것 이라고 규정하고 있다.",
            "채무자회생법 제243조 제2항은 회생계획의 인가 여부 결정에 이르기까지의 절차가 법률의 규정에 위반되는 경우에도 그 위반의 정도, 채무자의 현황 그 밖의 모든 사정을 고려하여 회생계획을 인가하지 아니하는 것이 부적당하다고 인정되는 때에는 법원은 회생계획인가의 결정을 할 수 있다고 규정하고 있다.",
            "회생법원이 이 사건 회생계획의 인가결정을 함에 있어 관할 행정청인 충청북도 도지사의 의견조회절차를 거치지 않은 사실은 인정되나, 이 사건 기록에 의하여 알 수 있는 아래와 같은 사정들을 종합하여 보면, 위와 같은 절차상의 하자가 인정된다고 하더라도 그러한 사류만으로 회생계획을 인가하지 아니하는 것은 부적당하다고 인정되므로, 채권자들의 이 부분 주장은 이유 없다.",
            "채무자회생법 제244조 제1항 에 따라 회생계획안에 부동의한 조가 있는 경우에 법원이 정할 수 있는 회생채권자에 대한 권리보호조항으로는 1 그 채권의 변제에 충당될 채무자의 재산을 법원이 정하는 공정한 거래가격 이상의 가액으로 매각하고 그 매각대금에서 매각비용을 공제한 잔금으로 변제하거나 분배하거나 공탁하는 방법(제2호)이 있다.",
            "2 법원이 정하는 그 권리의 공정한 거래가액을 권리자에게 지급하는 방법(제3호), 3 그 밖에 위 두 가지 방법에 준하여 공정하고 형평에 맞게 권리자를 보호하는 방법(제4호)이 있다.",
            "제4호가 규정하는 공정하고 형평에 맞는 보호 방법이라 함은 제2호와 제2호의 방법에 의하여 보호될 수 있을만큼의 권리를 보호하는 내용을 정하는 방법이다.",
            "조사위원의 조사결과에 의하면 회생채권자 중 회원권채권자들의 경우 채무자가 파산적 청사을 하는 경우 배당도리 몫이 전혀 없으므로, 회생법원이 회생채권자들에게 골프장사용우대권을 교부하는 내용의 권리보호조항을 정한 것이 제2호와 제3호의 방법에 의하여 보호될 수 있을 만큼의 권리를 보호하지 못하는 것이라고 볼 수 없다.",
            "항고인들이 주장하는 위 사유만으로는 이 사건 권리보호조항이 법 제244조 의 요건을 갖추지 못하여 위법한 것이라고 보기 어렵다.",
            "오히려 기록에 비추어 보면 회생법원은 부동의한 회원권채권자들의 권리를 보호하기 위하여 공정하고 형평에 맞는 내용의 권리보호조항을 정한 것으로 보인다.",
            "회생계획 인가결정에 대한 항고는 그 인가결정이 위법임을 이유로 그 취소를 구하는 신청이라 할 것인데, 채권자들이 주장하는 위와 같은 사유는 채무자회생법 제243조 제1항 각 호의 사유나 같은 법 제244조 의 사유 어디에도 해당하지 아니하므로, 그 주장 자체로 이유 없다."
        ]
    },
    "close": {
        "cnclsns": [
            "이 사건 항고를 모두 기각한다.",
            "항고비용은 채권자들이 부담한다."
        ]
    }
}