{
    "info": {
        "caseField": "1",
        "detailField": "1",
        "trailField": "2",
        "caseNm": "채무 부존재 확인",
        "courtNm": "대전고등법원",
        "judmnAdjuDe": "2011. 06. 23.",
        "caseNo": "(청주)2011나512(본소),(청주)2011나529(반소)",
        "relateLaword": [],
        "qotatPrcdnt": [
            "대법원 2008. 10. 23. 선고 2008도6940"
        ]
    },
    "concerned": {
        "acusr": "1",
        "dedat": "2"
    },
    "org": {
        "orgJdgmnCourtNm": "청주지방법원 ",
        "orgJdgmnAdjuDe": "2011. 1. 26.",
        "orgJdgmnCaseNo": "2010가합3596(본소), 2010가합4667(반소)"
    },
    "disposal": {
        "disposalform": "10",
        "disposalcontent": [
            "당심에서 확장된  피고(반소원고) 2의 반소청구를 포함하여 제1심 판결의 주문 제1 내지 3항을 다음과 같이 변경한다.",
            "원고(반소피고)와  피고 1 및  피고(반소원고) 2 사이에 별지 기재 사고에 관하여 원고(반소피고)의  피고 1 및  피고(반소원고) 2에 대한 별지 기재 보험계약에 기한 보험금지급채무는 존재하지 않음을 확인한다.",
            "피고(반소원고) 2의 원고(반소피고)에 대한 반소청구를 기각한다.",
            "소송총비용은 제1, 2심을 통하여  피고 1 및  피고(반소원고) 2가 부담한다."
        ]
    },
    "mentionedItems": {
        "rqestObjet": [
            "반소는 원고는 피고 2에게 20,665,564원 및 이에 대하여 이 사건 반소장 부본 송달 다음날부터 다 갚는날까지 연 20%의 비율에 의한 금원을 지급한다.",
            "원고(반소피고)와  피고 1 및  피고(반소원고) 2 사이에 별지 기재 사고에 관하여 원고(반소피고)의  피고 1 및  피고(반소원고) 2에 대한 별지 기재 보험계약에 기한 보험금지급채무는 존재하지 않음을 확인한다.",
            "1심 판결 중 피고들 패소부분을 취소한다. 원고는  피고 2에게 25,569,315원  피고 2는 부대항소취지를 원심에서 인용된 금액인 4,211,475원을 포함하여29,780,790원을 구하는 것으로 기재하였으나, 원심에서 인용된 금액을 제외한 나머지 부분에 대하여 부대항소한 것으로 본다. 및이에 대하여 2010. 8. 25.부터 항소심 판결확정일까지는 연 5%, 그 다음날부터 다 갚는 날까지는 연 20%의 각 비율에 의한 금원을 지급한다."
        ]
    },
    "assrs": {
        "acusrAssrs": [
            "이 사건 사고에 있어 피고 1이 경기규칙이나 주의의무를 위반한 것이 전혀 없으므로 과실이 없다.",
            "피고 1의 행위는 농구경기 중 통상 허용되는 범위내의 행위로서 정당행위에 해당하며 경기 중 행위로 인하여 통상 상해를 당할 수도 있으리라는 것을 피고 2가 미리 예상하고 이를 승낙하였다.",
            "피고 1의 행위는 위법성 내지 책임성이 조각되어 불법행위에 해당되지 아니하여 피고 1에게는 배상책임이 없으므로 이 사건 사고는 이 사건 보험계약에 있어 보상하지 아니하는 손해에 해당한다."
        ],
        "dedatAssrs": [
            "피고들은 이 사건 농구경기에 있어서 피고 2로서는 피고 1이 점프하고 내려오다가 어깨로 피고 2의 얼굴을 쳐서 이가 부러지는 등의 상해가 발생하는 것까지 용인한 것은 아니다.",
            "이 사건 사고는 이 사건 보험계약상 우연한 사고로 인한 것으로서 이 사건 보험계약상 보험사고에 해당한다."
        ]
    },
    "facts": {
        "bsisFacts": [
            "원고는 2008. 2. 4. 피고 1의 처 소외인과 이 사건 보험계약을 체결하였다. ",
            "피고 1은 2009. 8. 14. 20:00경 피고 2 등 친구들과 함께 0000 000 내 야외농구장에서 농구를 하던 중 피고 2에게 치아파절 등의 상해를 입혔다.",
            "위 상해로 인해 피고 2는 부러진 이 두개를 뽑고 브리지 시술을 받았다."
        ]
    },
    "dcss": {
        "courtDcss": [
            "운동경기에 참가하는 자는 자신의 행동으로 인해 다른 사람이 다칠 수도 있으므로, 경기규칙을 준수하고 주위를 살펴 상해의 결과가 발생하는 것을 미연에 방지해야할 주의의무가 있다( 대법원 2008. 10. 23. 선고 2008도6940 판결 ). ",
            "운동경기는 신체의 접촉을 수반하는 경우가 많아 경기 자체에 내재된 부상의 위험이 있고, 그 경기에 참가하는 자는 예상할 수 있는 범위 내에서의 경미한 위험은 어느 정도 감수하고 경기에 참가하는 것이다.",
            "운동경기에 참가한 자가 앞서 본 주위의무 위배로 인하여 손해배상책임을 지는지 여부는 해당경기의 종류와 위험성, 당시 경기진행상황, 관련당사자들의 경기규칙의 준수 여부, 위반한 경기규칙이 있는 경우 그 규칙의 성질과 위반 정도, 부상의 부위와 정도 등 제반 사정을 종합적으로 고려하여 그 행위가 사회적 상당성의 범위를 벗어나지 아니하였다면 이에 대하여 손해배상책임을 물을 수 없다.",
            "농구경기는 참가자들 사이에서 신체적 접촉과 충격이 많은 경기이고, 특히 당시 피고 1과 피고 2는 야간에 코트의 반만을 사용하여 농구경기를 하였으므로, 피고 1과 피고 2가 한 농구경기에는 상당한 부상의 위험성이 내재되어 있었다.",
            "농구경기에서 리바운드를 하던 중에 참가자들 사이에서 신체적 접촉이 발생하는 것은 통상 예상할 수 있는 상황이다.",
            "피고 1은 당시 리바운드를 잡고 내려오다가 피고 2를 충격하게 된 것으로서 농구경기 규칙을 위반하였다고 볼 아무런 사정이 없다.",
            "피고 1에 대하여 자신의 뒤에 있을지도 모를 참가자와의 충돌을 피하기 위하여 리바운드를 잡고 내려오는 중에 착지방향을 바꾸거나 몸을 움츠리도록 요구한다는 것은 농구경기의 성질상 기대하기 힘들다.",
            "피고 2는 피고 1의 어깨부위로 입부위를 맞아 치아파절 등의 상해를 입게 된 것으로서 그 부상부위나 정도가 농구경기 과정에서 통상 발생할 수 있는 것이다.",
            "피고 1의 행위는 사회적 상당성의 범위 내에 있었던 것으로서 그에게 손해배상책임을 지울 만한 주의의무 위반이 있다고 보기 어렵다.",
            "이 사건 사고는 피보험자인 피고 1이 타인의 신체의 장해에 대한 법률상의 배상책임을 부담하게 된 경우가 아니므로, 원고의 피고에 대한 이 사건 보험계약에 기한 보험금 지급채무는 존재하지 아니한다고 할 것이다."
        ]
    },
    "close": {
        "cnclsns": [
            "당심에서 확장된 피고(반소원고) 2의 반소청구를 포함하여 제1심 판결의 주문 제1 내지 3항을 다음과 같이 변경한다.",
            "원고(반소피고)와 피고 1 및 피고(반소원고) 2 사이에 별지 기재 사고에 관하여 원고(반소피고)의 피고 1 및 피고(반소원고) 2에 대한 별지 기재 보험계약에 기한 보험금지급채무는 존재하지 않음을 확인한다.",
            "피고(반소원고) 2의 원고(반소피고)에 대한 반소청구를 기각한다. ",
            "소송총비용은 제1, 2심을 통하여 피고 1 및 피고(반소원고) 2가 부담한다."
        ]
    }
}