{
    "info": {
        "caseField": "1",
        "detailField": "1",
        "trailField": "2",
        "caseNm": "채무부존재확인등,구상금",
        "courtNm": "대전고등법원",
        "judmnAdjuDe": "2013. 09. 24.",
        "caseNo": "(청주)2012나3150(본소),(청주)2012나3167(반소)",
        "relateLaword": [
            "부동산 실권리자명의 등기에 관한 법률 제4조"
        ],
        "qotatPrcdnt": [
            "대법원 1996. 9. 10. 선고 96다18182 판결",
            "대법원 1997. 7. 25. 선고 97다8403 판결",
            "대법원 1995. 3. 3. 선고94다33514 판결"
        ]
    },
    "concerned": {
        "acusr": "1",
        "dedat": "1"
    },
    "org": {
        "orgJdgmnCourtNm": "청주지방법원 충주지원",
        "orgJdgmnAdjuDe": "2012. 11. 22.",
        "orgJdgmnCaseNo": "2012가합1092(본소), 2012가합1702(반소)"
    },
    "disposal": {
        "disposalform": "1",
        "disposalcontent": [
            "제1심 판결을 취소한다.",
            "원고(반소피고)의 본소 청구를 기각한다.",
            "원고(반소피고)는 피고(반소원고)에게 613,710,073원 및 이에 대하여 2012. 8. 15.부터 2012. 10. 11.까지는 연 5%,그 다음날부터 다 갚는 날까지는 연 20%의 각 비율에 의한 금원을 지급한다.",
            "소송총비용은 본소와 반소를 합하여 원고(반소피고)가 부담한다.",
            "제2항은 가집행할 수 있다."
        ]
    },
    "mentionedItems": {
        "rqestObjet": [
            "본소 피고(반소원고, 이하  피고 라 한다)가 2004. 5. 28. 소외 000에 대위변제한 대위 변제금 827,682,621원과 관련하여 원고(반소피고, 이하  원고 라 한다)는 피고에게 위 대위변제금의 구상금 채무가 존재하지않음을 확인한다.",
            "반소 원고는 피고에게 금 613,710,073원 및 이에 대하여2012. 8. 15.부터 2012. 10. 11.까지는 연 5%, 그 다음날부터 다 갚는 날까지는 연 20%의 비율에 의한 금원을 지급한다.",
            "제1심 판결을 취소한다.",
            "원고의 본소 청구를 기각한다.",
            "원고는 피고에게 금 613,710,073원 및 이에 대하여 2012. 8.15.부터 2012. 10. 11.까지는 연 5%, 그 다음날부터 다 갚는 날까지는 연 20%의 비율에 의한 금원을 지급한다."
        ]
    },
    "assrs": {
        "acusrAssrs": [
            "원고가 이 사건 조합으로부터 이 사건 부동산에 관한 명의신탁을 받아 이 사건 소유권보존등기를 마치는 바람에 이 사건 근저당권의 채무자로 등기된 것일 뿐이고, 이 사건 대출금채무는 실제로 이 사건 조합의 채무로서 그 조합원인 피고와 소외 1이 부담하기로 하였다.",
            "피고가 이 사건 대출금채무를 원고를 위해 대위변제한 것이 아니고, 000의 채권 및 담보권을 대위행사할 수 있게되는 것도 아니며, 피고가 이 사건 변제금의 구상을 구하는 것은 권리남용이거나 신의성실의 원칙에 반하는 것이다.",
            "원고는 피고에게 이 사건 변제금의 구상금채무에 관한 아무런 채무도 부담하지 않는다는 확인을 구하고, 이 사건 변제금의 구상을 구하는 반소는 기각되어야 한다."
        ],
        "dedatAssrs": [
            "원고는 000에 대한 관계에서 이 사건 대출금채무의 채무자였다.",
            "피고는 이 사건 대출금채무에 관하여 피고 명의로 등기된 토지와 건물에 공동근저당권을 설정해 주었는바, 피고는 원고의 이 사건 대출금채무에 대한 물상보증인으로서 이 사건 대출금채무를 대위변제한 것이다.",
            "피고는 변제자대위의 법리에 따라서 000이 원고에게 가지고 있었던 이 사건 대출금채권과 관련된 권리를 행사할수 있다.",
            "피고는 이 사건 부동산에 대한 임의경매절차의 대금지급 및 배당기일인 2012. 8. 14. 에 554,002,710원을 배당받았는데, 그 중 340,030,162원은 피고가 대위변제한 이 사건 변제금에 대하여 2012. 8. 14. 까지 발생한 이자에 충당되었고, 나머지213,972,548원은 이 사건 변제금의 원금 827,682,621원에 충당되었다.",
            "원고는 피고에게 이 사건 변제금의 잔금 613,710,073원(= 827,682,621원 - 213,972,548원) 및 이에 대한 지연손해금을 지급해야 한다."
        ]
    },
    "facts": {
        "bsisFacts": [
            "피고는 1999. 8. 중순경 원고의 어머니 소외 1(대법원판결의 소외인)과 사이에 2억 원씩을 상호출자하고 금융기관에서 자금을 대출받아 별지 목록 기재 1 내지 8번 각 토지 및 9번 건물(이하 '이 사건 ① 내지 ⑧ 각 토지', '이 사건 ⑨ 건물' 이라 한다)을 매수하였다.",
            "이 사건 ②, ③ 토지 지상에 주유소 용도로 별지 목록 기재 10번 건물(이하 '이 사건 부동산' 이라 한다)을 신축한 후, 이를 임대하는 사업을 공동으로 하는 내용의 동업약정을 체결하였다(위 동업약정은 민법상 조합계약에 해당하고, 이에 의해 설립된 조합을 이하 '이 사건 조합' 이라 한다).",
            "피고와 소외 1은 1999. 9. 10. 이 사건 ② 내지 ⑧ 각 토지 및 이 사건 ⑨ 건물에 관하여 피고의 명의로 각 소유권이전등기를 마쳤고, 1999. 10. 21. 이 사건 ① 토지에 관하여 원고의 명의로 소유권이전등기를 마쳤다.",
            "이 사건 부동산이 신축되었고, 피고와 소외 1은 2001. 3. 17. 이 사건 부동산에 관하여 원고 명의로 소유권보존등기(이하 '이 사건 소유권보존등기' 라 한다)를 경료하였다.",
            "[이에 관하여 서울고등법원 2010. 1. 13. 선고 2009나46042 판결은 \"이사건 부동산에 관한 이 사건 소유권보존등기는 피고와 소외 1이 공동으로, 또는 소외 1이 단독으로 소외 1의 친딸인 원고에게 명의신탁한 것이다.\"라는 취지로 판시하였는데, 위 판결은 2010. 2. 13. 확정되었다.]",
            "원고는 2001. 3. 17. 000(이하 000 이라 한다)으로부터 7억 원을 이자는 연 7.025%, 지연손해금은 연19%, 변제기는 2004. 3. 17. 로 정하여 대출을 받으면서, 위 대출금채무를 담보하기 위해 같은 날 000에게 이 사건 부동산에 관하여 채권최고액은 9억 1천만 원, 근저당권자는 000, 채무자는 원고로 된 청주지방법원 음성등기소 2001. 3. 17. 접수 제5112호 근저당권설정등기를 마쳐주었다.",
            "피고는 2001. 3. 17. 이 사건 대출금채무의 공동담보로 000에게 피고 명의로 등기되어 있는 이 사건 ② 내지 ⑥, ⑧ 각 토지 및 이 사건 ⑨ 건물에 관하여 채권최고액은 9억 1천만 원, 근저당권자는 000, 채무자는 원고로 된 근저당권을 설정하여 주었다.",
            "원고가 이 사건 대출금에 대하여 원리금을 납입하지 않자, 000은 2003. 11. 청주지방법원 충주지원에 이 사건 부동산 등에 관하여 임의경매신청을 하였고, 위 법원은 2003. 12. 12. 2003타경15668호로 임의경매개시결정을 하여 경매가 진행되었다.",
            "피고는 2004. 5. 28. 000에 이 사건 대출금채무의 원리금 827,682,621원(이하 이 사건 변제금‘ 이라 한다)을 전부 변제한 다음, 위 확정채권대위변제를 등기원인으로 하여 이 사건 부동산에 청주지방법원 음성등기소 2004. 6. 2. 접수 제11823호로 자신을 근저당권자로 하여 이 사건 근저당권의 이전에 따른 변경등기를 마쳤다.",
            "이 사건 조합관계는 이 사건 변제가 이루어지기 이전인 2003. 7. 11. 피고의 해산청구로 종료되었다.",
            "피고는 그 후 원고를 상대로 이 사건 소유권보존등기의 말소를 구하는 소를 제기하였는데, 대전고등법원 2011. 8. 19. 선고2011나1192 판결은 이 사건 조합의 조합원들인 피고와 소외 1은 이 사건 부동산을  원시적·합유적으로 취득한 후, 이를 원고에게 명의신탁하여 원고 명의로 이 사건 소유권보존등기를 마쳤다.",
            "위 명의신탁약정 및 이 사건 소유권보존등기는 부동산 실권리자명의 등기에 관한 법률 제4조 제1항에 의해 무효이므로 이 사건 부동산은 여전히 피고와 소외 1이 합유하고 있다.",
            "이 사건 조합관계는 2003. 7. 11.경 종료되었으나 여전히 청산절차를 위한 업무를 처리해야 한다.",
            "피고는 합유자 중 1인의 보존행위로서 원고에 대하여 이 사건 소유권보존등기의 말소를 구할 수 있다. 라는 취지로 판시하면서 \"원고는 피고에게 이 사건 소유권보존등기의 말소등기절차를 이행하라.\"라고 판결하였고, 위 판결은2011. 12. 22. 대법원의 상고기각판결로 확정되었다.",
            "피고는 2012. 2. 27. 청주지방법원 충주지원에 이 사건 근저당권을 토대로 이 사건 부동산에 대하여 임의경매신청을 하였고, 위 법원은 같은 날 2012타경1586호로 임의경매개시결정을 하여 경매가 진행되었다.",
            "경매절차에서 피고는 2012. 7. 2. 청주지방법원 충주지원으로부터 매각가격 561,010,000원에 매각허가결정을 받아2012. 8. 14. 위 매각대금을 완납하였고, 같은 날 경매집행비용 7,007,290원을 공제한 554,002,710원을 전액 배당받았다.",
            "고와 소외 1은 위 임의경매개시결정에 대하여 피고를 피신청인으로 하여 청주지방법원에 피고가 이 사건 대출금채무의원리금을 전부 변제한 것은 원고의 채무를 대위변제한 것이 아니고 피고의 채무를 변제한 것에 불과하다는 취지로 주장하면서이의신청 하였으나 기각 당하였다(2012. 5. 7.자 2012타기86 결정).",
            "원고와 소외 1이 즉시항고를 제기하였는데,위 항고심 법원은 \"원고가 000과 이 사건 대출을 위한 여신거래계약과 근저당권설정계약을 체결하는 과정에서 000이위 여신거래계약과 근저당권설정계약 상의 실질적인 채무자를 원고가 아닌 피고나 소외 1로 하기로 하였다는 점을 인정할 만한충분한 근거자료가 없는 이 사건에서, 000에 대한 관계에서는 원고가 위 여신거래계약 상의 근저당권부채무자임은 변함이없는 것이다.",
            "따라서 위 근저당권부채무를 대신 변제한 피고로서는 위 채무의 대위변제자로서 그 담보권인 위 근저당권을 이전받은 다음 그 근저당권에 기초하여 원고를 채무자로 삼아 이 사건 임의경매를 신청할 수 있다.\"라는 취지로 판시하면서 항고를 기각하였으며(청주지방법원 2012. 11. 15.자 2012라68 결정), 위 결정은 2012. 11. 27. 확정되었다."
        ]
    },
    "dcss": {
        "courtDcss": [
            "법률상 또는 사실상의 장애로 자기 명의로 대출받을 수 없는 자를 위하여 대출금채무자로서의 명의를 빌려준 자에게 그와 같은 채무부담의 의사가 없는 것이라고는 할 수 없으므로 그 의사표시를 비진의표시에 해당한다고 볼 수 없다.",
            "설령 명의대여자의 의사표시가 비진의표시에 해당한다고 하더라도 그 의사표시의 상대방인 금융회사로서는 명의대여자가 전혀 채무를 부담할 의사 없이 진의에 반한 의사표시를 하였다는 것까지 알았다거나 알 수 있었다고 볼 수 없으므로, 그 명의대여자는 표시행위에 나타난대로 대출금채무를 부담한다(대법원 1996. 9. 10. 선고 96다18182 판결, 대법원 1997. 7. 25. 선고 97다8403 판결 등 참조).",
            "변제할 정당한 이익이 있는 자가 채무자를 위하여 채권을 대위변제할 경우 대위자는 종래 채권자가 가지고 있던 채권 및 담보에 관한 권리를 취득하는 것이고, 보증인이 변제 기타의 출재로 주채무를 소멸하게 하는 등의 사유로 주채무자에 대하여 가지게 되는 구상권은 변제자가 갖는 고유의 권리로서 대위의 객체가 된 권리와는 별개라 할 것이다(대법원 1995. 3. 3. 선고94다33514 판결 등 참조).",
            "이 사건 대출금 중 일부분은 이 사건 부동산 신축공사 대금지급 등 이 사건 조합의 사업을 위해 사용된 것으로 보이나, 소외 1은 이미 이 사건 대출 당시 이 사건 대출금 중 일부를 개인적인 용도로 사용할 것을 예정하고 있었다.",
            "실제로도 소외 1은 이 사건 대출금 중 일부를 자신의 개인적 채무변제에 사용한 반면, 피고가 이 사건 대출금 중 일부를 개인적으로 사용하였음을 인정할 만한 증거는 없는 점에 비추어 볼 때 이 사건 대출금의 지출은 실질적으로 소외 1에 의하여 이루어진 것으로 보이는 점 등을 고려한다.",
            "이 사건 대출금채무를 실질적으로 피고와 소외 1이부담하기로 하는 내용의 약정이 체결되었다는 점에 부합하는 듯한 갑 제34호증의 일부 기재내용(앞에서 믿은 부분 제외)과 당심 증인 소외 2의 일부 증언내용(앞에서 믿은 부분 제외)은 이를 그대로 믿기 어렵고, 원고가 제출하는 다른 증거들을 모두 살펴보더라도 이를 인정하기에 부족하며, 달리 이를 인정할 증거가 없다.",
            "원고가 이 사건 조합의 사업을 위하여 어머니인 소외 1을 대신하여(또는 피고 및 소외 1을 대신하여) 000과 사이에서 원고의 명의로 이 사건 여신거래약정을 체결하였다고 가정하더라도, 그러한 사정만으로 000에 대한 관계에서 이 사건 대출금채무를 이 사건 조합원인 피고 및 소외 1이 부담하기로 하였다고 보기는 어렵다.",
            "000이 (원고가 아닌) 소외 1 또는 피고 및 소외 1이 이 사건 여신거래계약에 의하여 발생한 이 사건 대출금채무에 관하여 실질적인 채무자가 된다는 점을 승인하였다는 점이 인정되지 아니하는 이상, 위 가. 항에서 본 법리에 비추어 볼 때 000에 대한 관계에서 원고가 이 사건 대출금채무에 관하여 채무자의 지위에 있었다는 점은 분명하다.",
            "원고, 피고, 소외 1 및 000 사이에, 이 사건 조합의 사업상 편의를 위해 원고를 채무자로 하여 형식상 000에 이 사건 대출금채무를 부담하게 하되 실제로는 위 조합원들인 피고 및 소외 1이 그 대출금을 사용하고 000에게 이를 변제하기로 하는 내용의 약정이 체결되었다고 볼 수 없으므로, 이와 다른 전제에 선 원고의 나머지 주장은 더 나아가 살펴볼 필요 없이 이유 없다.",
            "항의 기재내용 등을 포함한 이 사건 사실관계를 함께 고려하면, 피고가 이 사건 대출금채무의 대위변제자로서 원고에 대하여 변제자대위권을 행사하는 것이 권리남용이거나 신의성실의 원칙에 반한다고 단정할 수도 없다.",
            "000에 대한 관계에서 원고가 이 사건 여신거래계약에 따른 이 사건 대출금채무의 채무자가 된다는 점은 위 나. 항에서 살펴본 바와 같으므로, 위 가. 항의 법리에 따라 물상보증인의 지위에서 이 사건 대출금채무를 변제한 피고는 000이 원고에 대하여 가지고 있었던 이 사건 대출금채권 및 담보에 관한 권리를 취득하는 것이고, 변제자대위의 법리에 따라 원고에게 위와 같이 취득한 권리를 행사할 수 있다.",
            "원고가 피고에게 지급해야 할 금액에 관하여 살피건대, 이 사건 변제금의 원금이 827,682,621원인 사실은 앞서 본 바와 같고, 피고가 청주지방법원 충주지원 2012타경1586호 임의경매사건의 배당절차를 통하여 위 827,682,621원 중 일부인213,972,548원을 변제받았다고 자인하고 있다.",
            "그러므로, 원고는 피고에게 피고가 구하는 바에 따라 그 잔금 613,710,073원(=827,682,621원 - 213,972,548원) 및 이에 대한 지연손해금을 지급할 의무가 있다.",
            "이 사건 대출금채무 발생 당시인 2001. 3. 17. 원고, 피고, 소외 1 등이 내부적으로 이 사건 대출금채무가 피고와소외 1의 동업약정에 따른 이 사건 조합의 채무임을 전제로 하여 이 사건 대출을 받았다.",
            "그렇기 때문에 그 조합원들이 이에 관한 궁극적인 변제책임을 부담한다고 봄이 상당하다고 가정하더라도 현 단계에서 피고가 변제자대위의 법리에 따라 원고에 대하여 가지는 이 사건 대출금채권과 관련된 권리가 위정산이 필요한 범위 내에서 소멸된다고 볼 수도 없고, 피고가 위와 같은 권리를 행사하는 것이 권리남용이나 신의칙에 위반된다고 볼 수도 없다.",
            "원고가 2001. 3. 17. 이 사건 조합에게 이 사건 대출금 7억 원을 대여하였는지 여부에 대하여 살피건대, 원고가 제출한 모든 증거를 살펴보더라도 이를 인정하기 어렵고, 달리 이를 인정할 만한 증거가 없으므로(원고는 앞서 본 바와 같이 이사건 조합에 관련하여 실질적으로 소외 1과 동일한 지위에 있다고 봄이 상당하다), 원고가 위 7억 원을 이 사건 조합에 대여하였음을 전제로 한 원고의 위 주장부분은 더 나아가 살펴볼 필요 없이 이유 없다.",
            "원고는 피고에게 이 사건 변제금의 잔금 613,710,073원 및 이에 대하여 피고가 구하는 바에 따라서 피고가 이 사건 대출금채무 원리금을 대위변제한 2004. 5. 28. 이후인 2012. 8. 15. ",
            " (이 사건 변제금에 대하여 이 사건 부동산에 관한 임의경매절차의 대금지급 및 배당기일인 2012. 8. 14. 까지 발생한 이자는 모두 변제되었다는 점을 피고가 자인하고 있다)부터 이 사건 반소장 부본 송달일인 2012. 10. 11. 까지는 민법이 정한 연 5%, 그 다음날부터 다 갚는 날까지는 소송촉진 등에 관한 특례법이정한 연 20%의 각 비율로 계산한 지연손해금을 지급할 의무가 있다."
        ]
    },
    "close": {
        "cnclsns": [
            "제1심 판결을 취소하고, 원고(반소피고)의 본소 청구를 기각한다.",
            "원고(반소피고)는 피고(반소원고)에게 613,710,073원 및 이에 대하여 2012. 8. 15. 부터 2012. 10. 11. 까지는 연 5%,그 다음날부터 다 갚는 날까지는 연 20%의 각 비율에 의한 금원을 지급하라.",
            "소송총비용은 본소와 반소를 합하여 원고(반소피고)가 부담한다.",
            "제2항은 가집행할 수 있다."
        ]
    }
}