{
    "info": {
        "caseField": "1",
        "detailField": "1",
        "trailField": "2",
        "caseNm": "방음설비설치",
        "courtNm": "부산고등법원",
        "judmnAdjuDe": "2014. 07. 24.",
        "caseNo": "(창원)2013나3128",
        "relateLaword": [
            "민사소송법 제420조 "
        ],
        "qotatPrcdnt": []
    },
    "concerned": {
        "acusr": "1",
        "dedat": "3"
    },
    "org": {
        "orgJdgmnCourtNm": "창원지방법원",
        "orgJdgmnAdjuDe": "2013. 8. 14.",
        "orgJdgmnCaseNo": "2009가합4947"
    },
    "disposal": {
        "disposalform": "10",
        "disposalcontent": [
            "제1심 판결 중 피고의 원고 6에 대한 패소부분을 취소하고, 그 취소부분에 해당하는 원고 6의 피고에 대한 청구를 기각한다.",
            "피고의 나머지 원고들 및 원고 승계참가인에 대한 항소와, 원고들 및 원고 승계참가인들의 피고에 대한 부대항소를 모두 기각한다.",
            "원고 6과 피고 사이에 생긴 소송총비용은 원고 6이 부담하고, 나머지 원고들 및 원고 승계참가인들과 피고 사이에 생긴 항소 및 부대항소로 인한 비용은 각자 부담한다."
        ]
    },
    "mentionedItems": {
        "rqestObjet": [
            "피고는 제1심 판결 별지3 도면 표시 가.,나., 다., 라., 가.의 각 점을 차례로 연결한 선내부분에 길이 236m, 폭 35m, 높이 5.8m의, 같은 도면 표시 마., 바., 사., 아., 마.의 각 점을 차례로 연결한 선내부분에는 길이 142m, 폭 25m, 높이 5.8m의 각 별지4 도면 기재와 같은 흡음형 방음터널을 설치한다.",
            "피고는 별지1 목록 기재 원고들 및 원고 승계참가인들에게 제1심 판결 별지5 \n 청구금액  중 방음터널 설치비용란 기재 각 돈및 각 이에 대하여 이 사건 2011. 10. 27.자 청구취지 및 청구원인변경신청서 부본 송달 다음날부터 다 갚는 날까지 연 20%의 비율로 계산한 돈을 지급한다.",
            "(제1심은 이 부분에 대하여 원고들 및 원고 승계참가인들 패소판결을 선고하였으나, 원고들 및 원고 승계참가인들이 항소를 제기하지 아니하였으므로, 이 부분은 이 법원의 심판 범위에서 제외된다).",
            "피고는 별지1 목록 기재 원고들 및 원고 승계참가인들에게 별지2 목록 부대항소 청구금액 중  1심 청구 위자료 금액 란 기재 각 돈 및 각 이에 대하여 이 사건 2012. 7. 25.자 청구취지 및 청구원인변경신청서 부본 송달 다음날부터 다 갚는 날까지 연 20%의 비율로 계산한 돈을 지급한다.",
            "제1심 판결 중 피고 패소부분을 취소하고, 그 취소부분에 해당하는 별지1 목록 기재 원고들 및 원고 승계참가인들의 피고에 대한 청구를 모두 기각한다.",
            "제1심 판결 중 피고에 대한 주위적 청구 부분, 아래에서 지급을 구하는(피고에 대한 제2 예비적 청구에 관한) 별지1 목록 기재 원고들 및 원고 승계참가인들 패소부분을 각 취소한다.",
            "피고는 제1심판결 별지3 도면 표시 가., 나., 다., 라., 가.의 각 점을 차례로 연결한 선내부분에 길이 236m, 폭 35m, 높이 5.8m의, 같은 도면 표시마., 바., 사., 아., 마.의 각 점을 차례로 연결한 선내부분에는 길이 142m, 폭 25m, 높이 5.8m의 각 별지4 도면 기재와 같은 흡음형방음터널을 설치한다.",
            "피고는 별지1 목록 기재 원고들 및 원고 승계참가인들에게 별지2 목록 부대항소 청구금액 중  부대항소 위자료 청구금액 란 기재 각 돈 및 이에 대하여 이 사건 2012. 7. 25.자 청구취지 및 청구원인변경신청서 부본 송달 다음날부터 다 갚는날까지 연 20%의 비율로 계산한 돈을 지급한다."
        ]
    },
    "assrs": {
        "acusrAssrs": [
            "피고의 나머지 원고들 및 원고 승계참가인에 대한 항소와, 원고들 및 원고 승계참가인들의 피고에 대한 부대항소를 모두 기각한다."
        ],
        "dedatAssrs": [
            "원고 6과 피고 사이에 생긴 소송총비용은 원고 6이 부담하고, 나머지 원고들 및 원고 승계참가인들과 피고 사이에 생긴 항소 및 부대항소로 인한 비용은 각자 부담한다."
        ]
    },
    "facts": {
        "bsisFacts": [
            "갑 제10호증의 9, 12호증의 1의 각 기재에 의하면, 원고 6은 2007. 3. 15.부터 2007. 4. 2.까지 이 사건 아파트 (호수 생략)에거주하다가 2007. 4. 3. 창원시 의창구 (주소 1 생략)0000아파트(동, 호수 생략)로 전입한 사실이 있다.",
            "원고 6의 아버지 소외인이 2007. 3. 30.부터 2009. 6. 9.까지 이 사건 아파트 (호수 생략)에 거주한 사실이 있다."
        ]
    },
    "dcss": {
        "courtDcss": [
            "피고의 이 사건 도로의 설치·관리에 하자가 존재함으로써 이 사건 도로에 사회통념상 수인할 수 없는 소음이 발생하였음은 앞서 본 바와 같으나, 원고 6이 2007. 6. 13.부터 2009. 6. 9.까지 이 사건 아파트 (호수 생략)에서 거주하였음을 인정할 증거가 없으므로, 원고 6의 주장은 더 나아가 살필 필요 없이 이유 없다."
        ]
    },
    "close": {
        "cnclsns": [
            "제1심 판결 중 피고의 원고 6에 대한 패소부분을 취소하고, 그 취소부분에 해당하는 원고 6의 피고에 대한 청구를 기각한다. ",
            "피고의 나머지 원고들 및 원고 승계참가인에 대한 항소와, 원고들 및 원고 승계참가인들의 피고에 대한 부대항소를 모두 기각한다.",
            "원고 6과 피고 사이에 생긴 소송총비용은 원고 6이 부담하고, 나머지 원고들 및 원고 승계참가인들과 피고 사이에 생긴 항소 및 부대항소로 인한 비용은 각자 부담한다. "
        ]
    }
}