{
    "info": {
        "caseField": "1",
        "detailField": "1",
        "trailField": "2",
        "caseNm": "집행판결",
        "courtNm": "광주고등법원",
        "judmnAdjuDe": "2015. 02. 04.",
        "caseNo": "(제주)2013나1152",
        "relateLaword": [
            "민사소송법 제217조",
            "국제사법 제29조",
            "민사소송법 제8조",
            "민사소송법 제30조"
        ],
        "qotatPrcdnt": [
            "대법원 2014. 4. 10. 선고 2012다7571 판결",
            "대법원 1997. 9. 9. 선고 96다47517 판결과 그 하급심 판결 "
        ]
    },
    "concerned": {
        "acusr": "1",
        "dedat": "1"
    },
    "org": {
        "orgJdgmnCourtNm": "제주지방법원",
        "orgJdgmnAdjuDe": "2013. 11. 21.",
        "orgJdgmnCaseNo": "2013가합5158 "
    },
    "disposal": {
        "disposalform": "10",
        "disposalcontent": [
            "제1심 판결 중 아래에서 허가를 명하는 부분을 초과하는 피고 패소부분을 취소하고, 그 취소부분에 해당하는 원고의 주위적 청구를 각하한다.",
            "원고와 피고 사이의 미합중국 0000 우드포드 순회법원(COMMONWEALTH OF KENTUCKY WOODFORD CIRCUIT COURT) 08ㅡCIㅡ00470 사건에 관하여 위 법원이 2010. 8. 27. 선고한 판결에 기한 원고의 피고에 대한 강제집행은 미화 560,354달러 및 이에 대하여 2010. 8. 27.부터 다 갚는 날까지 연 12%의 비율에 의한 금원의 지급을 명하는 한도에서 허가한다.",
            "피고의 항소 중 주위적 청구에 관한 나머지 항소를 기각한다.",
            "소송총비용 중 20%는 원고가, 나머지는 피고가 부담한다",
            "제1항의 제2문은 가집행할 수 있다."
        ]
    },
    "mentionedItems": {
        "rqestObjet": [
            "원고와 피고 사이의 미합중국(이하 미국이라고 한다) 0000 우드포드 순회법원 08ㅡCIㅡ00470 사건에 관하여 위 법원이 2010. 8. 27. 선고한 판결에 기한 원고의 피고에 대한 강제집행을 허가한다.",
            "피고는 원고에게 710,616,928원 및 이에 대하여 2010. 8. 27.부터 다 갚는 날까지 연 12%의 비율에 의한 금원을 지급한다.",
            "제1심 판결을 취소하고, 원고의 청구를 기각한다."
        ]
    },
    "assrs": {
        "acusrAssrs": [
            "원고는 이 사건 대상판결이 민사소송법 제217조 제1항에 규정된 외국재판의 승인요건을 충족하였음을 이유로 이 사건 대상판결에 기한 강제집행의 허가를 구함에 대하여, 피고는 다음과 같이 이 사건 대상판결이 위 법조 소정의 승인요건을 갖추지 못하였다고 주장한다."
        ],
        "dedatAssrs": [
            "피고는 2005. 1. 미국 0000 킨랜드에서 소외 1을 통해서 이 사건 암말을 60,000달러에 매수하여 대한민국에 들여와 3번 교배하였고 2007. 4. 이 사건 매매계약의 무효를 주장했다."
        ]
    },
    "facts": {
        "bsisFacts": [
            "원고는 0000에 있는 ㅇㅇㅇㅇ 농장의 소유자로서 말 교배 및 훈련 면허를 가지고 종마 산업에 종사하는 사람이고, 피고는 대한민국 제주에서 ㅁㅁ목장 이라는 종마 목장을 운영하는 사람이다.",
            "원고는 2007. 4. 5. 피고에게, 피고로부터 대한민국에 있는 1998년생 순종 암말 00 (이하 '이 사건 암말' 이라고 한다)을 미화 150,000달러(이하 '달러' 라고만 한다)에 매수하는 내용의 구매제안서(갑 제8호증)를 팩스로 보냈다.",
            " 피고는 2007. 4. 6. 위 구매제안서에 서명하여 원고에게 팩스로 송부하였다(피고는 매매계약 자체가 성립하지 않았다고 다투고 있으나, 편의상 이 사건 암말에 관한 구매제안과 승낙을 이 사건 매매계약 이라고 한다).",
            "이 사건 암말이 낳은 00 이 2007. 4. 14. 0000 킨랜드(Keeneland) 경주장에서 개최된 1급 경마대회인 블루 그라스 스테이크(Blue Grass Stake)에서 우승하자 피고는 2007. 4. 16. 피고의 대리인인 소외 1을 통하여 원고에게 원고의 위 구매제안을 철회한다고 통지하였다.",
            "이어서 2007. 4. 20. 다시 위 소외 1에게 이 사건 암말의 적정 시장가치가 1,000,000달러에 이른다고 주장하며 이 사건 암말의 구매가 무산되었고 판매하지 않겠다는 취지로 통지하였다.",
            "원고는 2008. 11. 3. 피고와 피고의 처인 소외 2를 상대로 미국 0000 우드포드 순회법원(0000 대법원 산하의 순회법원이다. 이하 이 사건 순회법원 이라고 한다)에 채무불이행으로 인한 손해배상을 구하는 주문 제1항 제2문 기재 소(이하 이 사건 손해배상소송 이라고 한다)를 제기하였고, 피고는 소송대리인을 선임하여 응소하였다.",
            "이 사건 순회법원은 2010. 1. 22. 원고가 2007. 4. 5. 피고에게, 피고로부터 이 사건 암말을 150,000달러에 매수하겠다고 제안하였고, 피고가 이를 동의하였으나, 피고는 이 사건 매매계약을 위반하였다. 본 분쟁에 적용될 준거법은 국제물품매매계약에 관한 국제연합 협약이다. 라는 내용의 중간판결(Summary Judgment)을 선고하였다.",
            "이 사건 순회법원은 2010. 8. 27. 피고는 원고에게 639,044달러 및 이에 대하여 판결 선고일부터 다 갚는 날까지 연 12%의 비율에 의한 금원과 위 판결의 집행 및 위 판결금의 회수를 위한 소송비용, 변호사 보수를 지급하라. 는 내용의 판결(이하 이 사건 대상판결 이라고 한다)을 선고하였다. 피고는 그 무렵 위 판결을 송달받고도 항소하지 아니하여 2010. 10.경 그대로 확정되었다.",
            "이 사건 순회법원이 인정한 손해배상액의 구체적인 내용은, 일실수익에 관한 손해 481,200달러(이 사건 암말의 적정 가치라고 위 법원이 인정한 750,000달러에서 이 사건 매매대금과 각종 비용 등을 공제하고 남은 금액), 이 사건 암말에 대한 건강검진비용(verterinay fees) 465달러(달러 미만은 버린 것으로 보인다), ",
            "자문비용 50,000달러, 소송 전 변호사 비용(preㅡlitigation attorneys' fees) 57,379달러, 원고가 2010. 5. 10.까지 지출한 소송비용(legal fees) 중 손해배상액에 포함하는 것이 상당하다고(reasonable) 인정한 50,000달러, 합계 639,044달러이다."
        ]
    },
    "dcss": {
        "courtDcss": [
            "원고가 2007. 4. 5. 피고에게 건강검진을 통과할 것을 조건으로 이 사건 암말을 150,000달러에 매수하는 내용의 구매제안서를 팩스로 보내자, 피고는 2007. 4. 6. 자신이 위 암말의 소유주임을 확약하면서 원고의 제안을 받아들인다는 취지로 위 구매제안서에 서명하여 원고에게 팩스로 송부하였다.",
            "피고는 2007. 4. 7. 원고의 요청에 따라 이 사건 암말에 대한 건강검진을 실시한 후 건강이 양호하고 교배할 수 있다는 결과를 원고에게 전달한 원고가 2007. 4. 5. 피고에게 건강검진을 통과할 것을 조건으로 이 사건 암말을 150,000달러에 매수하는 내용의 구매제안서를 팩스로 보냈다.",
            "피고는 2007. 4. 6. 자신이 위 암말의 소유주임을 확약하면서 원고의 제안을 받아들인다는 취지로 위 구매제안서에 서명하여 원고에게 팩스로 송부한 사실이 있다.",
            "피고는 2007. 4. 7. 원고의 요청에 따라 이 사건 암말에 대한 건강검진을 실시한 후 건강이 양호하고 교배할 수 있다는 결과를 원고에게 전달한 사실, 원고는 위 검강검진비용 465.37달러를 지급한 사실, 피고는 원고의 요청에 따라 원고에게 매매대금 지급을 위한 송금지시서(wiring instructions)를 전달한 사실이 있다.",
            "원고는 피고에 대하여 이 사건 매매계약이 이행되지 않았음을 이유로 손해배상을 구하였고, 이 사건 순회법원은 국제물품매매계약에 관한 국제연합 협약(United Nations Convention on Contracts for the International Sale of Goods 1980, 이하 1980년 협약 이라고 한다)을 준거법으로 하여 이 사건 대상판결을 한 사실을 인정할 수 있다.",
            "기초사실과 위 인정사실에 의하면, 미국 켄터키 주에 주된 영업소를 두고 있는 원고와 대한민국에 주된 영업소를 두고 있는 피고 사이에 이 사건 매매계약이 체결되었다(이 사건 암말은 1980년 협약 제2조 소정의 적용 배제 사유인 개인용,가족용 또는 가정용으로 구입된 물품 이 아님이 명백하다).",
            "대한민국과 미국은 모두 1980년 협약 에 가입하였으며(대한민국은 2004. 2. 17. 가입하고 2005. 3. 1.부터 발효, 미국은 1986. 12. 11. 비준), 달리 위 협약에서 규정한 적용배제 사유가 있다는 점을 인정할 증거가 없으므로, 이 사건 순회법원이 대한민국 민법이 아닌 1980년 협약 을 준거법으로 적용하여 이 사건 매매계약의 성립, 효과를 판단한 조치에 위법이 있다고 할 수 없다.",
            "원고와 피고가 구매제안서에 서명한 경위, 그 후 이 사건 암말이 건강검진을 통과하자 피고가 원고에게 송금지시를 한 점 등 제반 사정에 비추어 보면, 원고와 피고 사이에 이 사건 매매계약이 적법하게 체결되었음을 넉넉히 인정할 수 있고, 그것이 공서양속에 반한다고 볼 수는 없다.",
            "이와 반대되는 전제에서 비롯된 피고의 이 부분 주장은 받아들일 수 없다.",
            "이 사건 대상판결이 인정한 일실손해액 481,200달러는 이 사건 매매계약이 이행되었을 경우 원고가 얻었을 이익에서 지출되었어야 할 매매대금이나 각종 비용을 공제한 순이익만을 산정한 것이어서 징벌적 손해배상이 포함되어 있지 아니할 뿐만 아니라, 이 사건 매매계약에 해약금 또는 위약금 약정이 있었음을 인정할 아무런 증거도 없으므로 위와 같이 산정된 일실손해가 과다하여 현저히 부당하다고 볼 수 없다.",
            "이 사건 대상판결에서 인정된 자문료, 법률비용 및 소송비용 전부를 승인하는 것은 손해의 공평·타당한 분담이라고 하는 대한민법 손해배상법의 기본원칙 또는 사회 일반의 법 감정상 도저히 참을 수 없는 가혹한 결과를 가져올 수 있다.",
            "대한민국에서 인정되는 상당한 금액을 현저히 초과하는 부분에 대하여는 대한민국의 선량한 풍속 그 밖의 사회질서에 반한다고 보아 승인을 제한함이 옳다(공서양속을 이유로 승인을 제한할 수 있다는 점에 관하여는 대법원 1997. 9. 9. 선고 96다47517 판결과 그 하급심 판결 참조).",
            "당초 이 사건 암말의 매매가격은 150,000달러였고, 이 사건 순회법원은 손해배상액으로 639,044달러를 인정하였는데 그 중에는 원고가 피고로 하여금 계약을 이행하게 하기 위한 자문비용 50,000달러, 소송 전 법률비용 57,379달러, 2010. 5. 10.까지의 지출한 소송비용 중 손해배상으로 인정하기에 상당한 50,000달러(원고가 소송비용으로 지출하였다고 주장한 금액은 112,779달러)가 포함되어 있다.",
            "원고가 소송과 관련하여 지출한 소송비용과 자문비용 중 이 사건 순회법원으로부터 인정받은 157,379달러는 이 사건 매매대금인 150,000달러를 초과할 정도로 다액이다.",
            "위 자문비용 50,000달러는 원고가 소외 3 이라는 사람으로 하여금 소를 제기하지 않고도 피고가 이 사건 매매계약을 이행하도록 권유하는 데 소요된 비용이라는 것이다.",
            "이 사건 순회법원은 위 50,000달러가 귀책사유 없는 원고가 피고의 채무불이행으로 인한 손해를 감경하기 위하여 들인 비용(mitigation expenses)이라고 평가하면서, 대한민국에서는 채무불이행을 한 당사자로 하여금 계약을 이행하도록 설득하거나 촉구함으로써 손해를 감경하는 역할을 하는 자문사(consultant)를 선임하는 것이 관습이라고 전제한다.",
            "위 자문비용을 1980년 협약 제74조에 따른 부속의견 제6항 소정의 원고가 입은 부가적 손해(additional costs) 로서 상당한 범위 내에 있다고 판단하였다.",
            "채무불이행이 있는 경우 거액의 자문비용을 들여 계약의 이행을 촉구하는 자문사를 선임하는 관습이 대한민국에는 존재하지 아니한다.",
            "대한민국은 변호사 보수에 관하여 변호사보수의소송비용산입에관한규칙 을 적용하여 소송비용에 산입되는 변호사 보수를 제한하고 있다. 이 사건 대상판결에 따라 일실손해로 인정된 481,200달러를 소송목적의 값으로 계산할 경우 그 금액이 약 10,000,000원에 불과하다.",
            "피고가 앞에서 본 것처럼 이 사건 손해배상소송에 대응하면서 권리를 늘리거나 지키는 데 필요하지 아니한 행위를 하였다.",
            "이 사건 순회법원도 1980년 협약 이 소송비용을 손해배상액에 포함시키지 않는다는 점을 인정하면서도 피고가 취했던 부적절한 소송행위와 소송지연책을 상세하게 적시하면서 그로 인하여 불가피하게 소송비용이 증가되었다고 판시한 다음, 원고가 지출하였다고 주장하는 소송비용 112,779달러 중 50,000달러만 인정한 점 등을 종합적으로 고려할 때, 제한되는 승인의 범위는 위 157,379달러의 50%인 78,689달러(달러 미만 버림)로 정한다.",
            "미국 0000는 통일외국판결집행법을 채택하고 있고 이는 미국의 법원 내지 미국 내 다른 주의 법원에서 선고한 판결을 승인 또는 집행하는 법으로서 외국 법원에서 선고한 판결에 대한 승인요건을 규정한 것이 아니므로 대한민국과 상호보증을 판단함에 있어 비교 규정으로 삼을 수 없다.",
            "미국 0000는 1962년 통일외국금전판결승인법과 2005년 통일외국금전판결승인법을 각 채택하지 아니하여, 결국 외국판결 승인과 관련하여 미국법률협회가 제정한 미국대외관계법 리스테이트먼트를 보충적 규범으로 채택하고 있음을 알 수 있다.",
            "위 리스테이트먼트의 외국판결의 승인과 집행에 관한 규정은 대한민국 민사소송법의 그것과 비교하여 볼 때 판결의 승인요건이 현저히 균형을 상실하지 아니하고 전체로서 과중하지 아니하며 중요한 점에서 실질적으로 거의 차이가 없는 정도라고 할 수 있어 대한민국의 동종 판결이 충분히 승인될 것이라고 보이므로, 결국 미국대외관계법 리스테이트먼트가 적용되는 미국 켄터키 주와 대한민국 사이에는 상호보증이 있다고 봄이 옳다.",
            "이 사건 소 제기 이후인 2014. 5. 20. 민사소송법이 법률 제12587호로 개정됨에 따라 외국 판결의 효력에 관한 조항인 제217조가 개정되고 제217조의2(이하 이 사건 개정 조문 이라고 한다)가 추가되었다.",
            "이 사건 개정 조문 제1항은 '법원이 손해배상에 관한 확정재판등이 대한민국의 법률 또는 대한민국이 체결한 국제조약의 기본질서에 현저히 반하는 결과를 초래할 경우에는 해당 확정재판등의 전부 또는 일부를 승인할 수 없다.'고 규정한다.",
            "같은 조 제2항은 '법원은 제1항의 요건을 심리할 때에는 외국법원이 인정한 손해배상의 범위에 변호사 보수를 비롯한 소송과 관련된 비용과 경비가 포함되는지와 그 범위를 고려하여야 한다.'고 규정하면서도 이 사건처럼 이미 소가 제기되어 법원에 계속 중인 사건에 대한 경과규정을 부칙에 두고 있지 아니하다.",
            "이 사건 개정 조문은 확정된 외국 재판에서 인정된 권리의 범위를 사후적으로 제한할 수 있다는 것이어서, 절차법적 성격뿐만 아니라 실체법적 성격까지 가지고 있으므로 이해관계인이 종전에 취득한 권리를 침해하지 않기 위하여 장래효만 가지고 위 개정 조문의 시행 이전에 소가 제기된 이 사건에는 적용되지 않는다고 해석될 여지가 있다.",
            "이 사건 개정 조문이 이 사건에 적용된다고 가정하더라도, 이 법원은 이 사건 대상판결 중 일부가 공서양속 등에 반한다는 이유로 위 판결의 일부만을 승인하였고, 그와 같은 일부 승인의 이유가 이 사건 개정 조문에 따른 확정된 외국 재판의 전부 또는 일부의 불승인의 요건과 중첩되므로, 이 사건 개정 조문에 따라 거듭하여 그 승인을 제한할 필요는 없다."
        ]
    },
    "close": {
        "cnclsns": [
            "제1심 판결 중 아래에서 허가를 명하는 부분을 초과하는 피고 패소부분을 취소하고, 그 취소부분에 해당하는 원고의 주위적 청구를 각하한다.",
            "원고와 피고 사이의 미합중국 0000 우드포드 순회법원(COMMONWEALTH OF KENTUCKY WOODFORD CIRCUIT COURT) 08ㅡCIㅡ00470 사건에 관하여 위 법원이 2010. 8. 27. 선고한 판결에 기한 원고의 피고에 대한 강제집행은 미화 560,354달러 및 이에 대하여 2010. 8. 27.부터 다 갚는 날까지 연 12%의 비율에 의한 금원의 지급을 명하는 한도에서 허가한다.",
            "피고의 항소 중 주위적 청구에 관한 나머지 항소를 기각한다.",
            "소송총비용 중 20%는 원고가, 나머지는 피고가 부담한다",
            "제1항의 제2문은 가집행할 수 있다."
        ]
    }
}