{
    "info": {
        "caseField": "1",
        "detailField": "1",
        "trailField": "2",
        "caseNm": "손해배상",
        "courtNm": "광주고법",
        "judmnAdjuDe": "2012. 05. 02.",
        "caseNo": "(제주)2011나506",
        "relateLaword": [
            "민법 제2조",
            "민법 제750조",
            "국가배상법 제2조",
            "국가배상법 제8조",
            "구 회계법(1951. 9. 24. 법률 제217호 재정법 제82조로 폐지) 제32조",
            "국가재정법 제96조"
        ],
        "qotatPrcdnt": [
            "대법원 2002. 10. 25. 선고 2002다32332 판결",
            "대법원 2011. 6. 30. 선고 20009다72599 판결",
            "대법원 2011. 1. 13. 선고 2009다103950 판결"
        ]
    },
    "concerned": {
        "acusr": "1",
        "dedat": "3"
    },
    "org": {
        "orgJdgmnCourtNm": "제주지법 ",
        "orgJdgmnAdjuDe": "2011. 6. 23. ",
        "orgJdgmnCaseNo": "2010가합3014 "
    },
    "disposal": {
        "disposalform": "10",
        "disposalcontent": [
            "피고는 원고 1에게 22,709,857원 및 그 중 2,709,857원에 대하여는 2010. 6. 1.부터 2012. 5. 2.까지는 연 5%의, 그 다음날부터 다 갚는 날까지는 연 20%의, 20,000,000원에 대하여는 2012. 4. 18.부터 다 갚는 날까지 연 20%의 각 비율에 의한 금원을 각 지급한다.",
            "피고는 원고 2,  3에게 각 56,806,571원 및 그 중 각 1,806,571원에 대하여 2010. 6. 1.부터 2012. 5. 2.까지는 연 5%의, 그다음날부터 다 갚는 날까지는 연 20%의, 나머지 각 55,000,000원에 대하여는 2012. 4. 18.부터 다 갚는 날까지 연 20%의비율에 의한 금원을 각 지급한다.",
            "원고들의 나머지 청구를 모두 기각한다.",
            "소송총비용 중  원고 1과 피고 사이에서 생긴 부분은 피고가 부담하고, 나머지 원고들과 피고 사이에서 생긴 부분 중 1 2은원고들이, 나머지는 피고가 각 부담한다."
        ]
    },
    "mentionedItems": {
        "rqestObjet": [
            "피고는 원고 1에게 23,882,536원 및 그 중 3,882,536원에 대하여는 2010. 6. 1.부터 이 사건 소장부본 송달일까지는 연 5%의, 그 다음날부터 다 갚는 날까지는 연 20%의, 20,000,000원에 대하여는 이 사건 변론종결일부터 다 갚는 날까지 연 20%의 각 비율에 의한 금원을 지급한다.",
            "피고는  원고 2,  3에게 각 137,588,357원 및 그 중 각 2,588,357원에 대하여는2010. 6. 1.부터 이 사건 소장부본 송달일까지는 연 5%의, 그 다음날부터 다 갚는 날까지는 연 20%의, 나머지 각135,000,000원에 대하여는 이 사건 변론종결일부터 다 갚는 날까지 연 20%의 각 비율에 의한 금원을 지급한다.",
            "제1심판결을 피고는 원고 1에게 23,883,536원및 그 중 3,882,536원에 대하여는 2010. 6. 1.부터 이 사건 소장부본 송달일까지는 연 5%의, 그 다음날부터 다 갚는 날까지는 연 20%의, 20,000,000원에 대하여는 이 사건 변론종결일부터 다 갚는 날까지 연 20%의 각 비율에 의한 금원을 지급한다.",
            "제1심판결을 피고는 원고 2,  3에게 각35,088,357원 및 그 중 2,588,357원에 대하여는 2010. 6. 1.부터 이 사건 소장부본 송달일까지는 연 5%의, 그 다음날부터 다갚는 날까지는 연 20%의, 32,500,000원에 대하여는 이 사건 변론종결일부터 다 갚는 날까지 연 20%의 각 비율에 의한 금원을 지급한다."
        ]
    },
    "assrs": {
        "acusrAssrs": [],
        "dedatAssrs": [
            "이 사건 소는 원고들이 그 손해 및 가해자를 안 날에 해당하는, 망인의 사망시점인 1950. 7. 하순경이나, 원고들이 소외 2로부터 이야기를 들은 날인 1950. 9. 18. 또는 원고들이 연좌제의 불이익을 피하기 위하여 망인에 대한 허위의 사망신고를 한 1956. 10. 1.로부터 3년, 불법행위일인 망인이 사망한 날인 1950. 7. 하순경으로부터 5년이 경과하여 제기되었다.",
            "원고들의 손해배상청구권은 이미 소멸시효가 완성되었다고 항변한다."
        ]
    },
    "facts": {
        "bsisFacts": [
            "1950. 6. 25. 한국전쟁이 발발하자, 내무부 치안국은 전국 각 도의 경찰국장에게 전국 요시찰인 등을 즉시 구속하고 형무소 경비를 강화할 것을 내용으로 한 전국 요시찰인 단속 및 전국 형무소 경비의 건이라는 제목의 비상통첩을 경찰 무선전보로 긴급하달하였다.",
            "제주도경찰국은 치안국의 위 비상통첩에 따라 관내 각 경찰서에 이러한 지시사항을 하달하고 조치 후 결과를 보고하도록 지시하였으며, 예비검속(혐의자를 미리 잡아 놓는 것을 말한다)에 곧바로 착수하였다.",
            "그 후 제주 주둔 해병대사령부는 계엄령을 선포하고 계엄사령부를 설치, 치안을 관장함에 따라 경찰은 계엄령하에서 제주지구 계엄사령부의 지휘,통제를 받게 되었다.",
            "제주지구 계엄사령관은 1950. 7. 6.경 제주지구 비상계엄사령관 통첩의 형태로 제주도경찰국장에게 지시를 내려 제주도 전체의 예비검속자 명부를 작성하여 보고하도록 하였고, 경찰국장은 다시 각 경찰서장에게 예비검속자 명부를 양식에 의거하여 작성,보고할 것을 지시하였다.",
            "이에 제주도경찰국을 비롯한 관할 경찰서에서는 제주지구 계엄사령관의 지시에 따라 예비검속을 실시한 결과(제주도경찰국은 1950. 8. 4.경을 기준으로 제주도 내의 총 820명을 예비검속하여 계엄사령관에게 이관하였다)를 계엄사령부에 보고하였다.",
            "당시에 작성된 예비검속자명부에는 예비검속자가 4개 등급(D,C,B,A)별로 분류되어 있고, 총살자 및 전 가족 명부에는 총살자의 인적 사항 및 사형 일시,장소 등이 기재되어 있다.",
            "경찰은 예비검속 업무를 극비로 취급하여 예비검속 관련 치안국의 중요 통첩은 대부분 무선전보로 이루어졌고, 제주도경찰국 산하 경찰서 단위에서도 무선전보를 이용하였다.",
            "경찰은 예비검속자 검거를 절대극비로 취급하였고, 다른 관공서에 대해서는 일체 연락을 취하지 않은 채 예비검속 업무를 추진하였다.",
            "예비검속과 관련된 공문을 작성, 보고하는 과정에서 극비, 무전필요, 암호무전 등의 표기를 하였다.",
            "예비검속자들에 대한 군 송치 및 학살은 1950. 7. 중하순경 및 같은 해 8. 중하순경으로 나누어 최소한 두 차례에 걸쳐 이루어진 것으로 추정되는데, 예비검속자들은 당시 해병대에 의해 총살 또는 수장의 방법으로 집단 살해되었다.",
            "망 소외 1(이하 망인 이라 한다)은 원고 1의 남편이자, 원고 2, 3의 아버지로서, 1950. 6. 28.경 의귀출장소 경찰 등에 예비검속되어 서귀포경찰서로 이송된 다음 절간고구마창고에 구금되어 있다가 1950. 7. 29.경 군 트럭에 실려나간 후 뜨르비행장(현재의 제주국제공항을 말한다)에서 총살되었다.",
            "이후 망인의 유족들은 1950. 9. 18.경 망인과 함께 서귀포 절간고구마창고에서 구금되어 있었던 소외 2로부터 망인 등이 군 트럭에 실려 나갔다는 말을 들었고, 군 트럭에 실려나간 사람들이 총살되거나 수장되었다는 소문을 듣고 그 무렵부터 망인의 제사를 지내기 시작하였으며, 1956. 10. 1.경 망인이 주소지에서 사망한 것으로 신고하였다.",
            "제4대 국회는 1960. 6.경 양민학살진상조사특별위원회(이하 양민학살특위라 한다)를 구성하여 한국전쟁 전후 민간인 집단희생 사건의 실태를 조사하면서 이에 관한 신고서를 접수받기 시작하였으나, 양민학살특위는 1961년경 5,16으로 군사정권이 들어서면서 더 이상 활동하지 못하였다.",
            "원고들은 2006. 3. 29.경 제주4,3사건 진상규명 및 희생자 명예회복 실무위원회(이하 제주4,3실무위라 한다) 위원장으로부터 제주4,3사건 희생자(행방불명)의 유족으로 결정되었음을 통지받았다.",
            "원고들은 2010. 2. 25.경 제주특별자치도 4,3사업소장(이하 4,3사업소장이라 한다)으로부터 제주국제공항 남북활주로 서북측지점에서 실시된 4,3희생자유해발굴사업의 DNA 분석 결과(이하 DNA 분석 결과라 한다) 망인의 유해가 발견되었다는 통지를 받았다.",
            "그 후 과거사정리위는 원고들을 비롯한 관련자 및 목격자들의 진술과 각종 자료를 수집하는 조사과정을 거쳐, 망인이 1950. 6. 28.경 의귀출장소 경찰 등에 예비검속되어 서귀포경찰서로 이송된 다음 절간고구마창고에 구금되어 있다가 1950. 7. 29.경 군 트럭에 실려 나가 정뜨르비행장에서 군에 의해 총살되어 매장된 사실을 인정하였다.",
            "경찰에 의한 예비검속 및 군에 의한 총살(이하 이 사건 가해행위라 한다)은 불법한 절차에 의하여 이루어진 것으로 판단한 후 2010. 6. 8. 망인 외 194명의 제주예비검속사건에 대하여 진실규명결정을 하였다.",
            "망인의 아버지인 소외 3은 1960. 6. 5. 유족대표로 양민학살특위에 양민학살진상규명신고를 하였는데, 당시에 제출된 신고서(을 제3호증 중 일부)에는 학살 집행자 관직 및 성명란에 소외 4로, 요망 사항란에 학살한 살해 장소 및 살해 일자를 알고저 함이라고 각 기재되어 있다.",
            "원고 2가 제주4·,실무위에 제출한 희생자 신고서(갑 제7호증)에는 망인이 1950. 6. 26. 예비검속된 후 행방불명되었으며 1950. 7. 21. 처형되었다는 소문만 접하였을 뿐 망인이 사망한 장소에 관한 정보를 듣거나 망인의 시신은 인수하지는 못하였다는 취지의 내용이 기재되어 있다.",
            "또한 원고 2가 2006. 1. 9. 과거사정리위에 제출한 진실규명신청서(을 제1호증)에는 망인이 사망한 것으로 표시됨과 아울러, 망인이 1950. 6. 26. 예비검속되어 행방불명이 된 후 소문을 통해 1950. 7. 29. 바다에 수장되었다는 말을 들은 적이 있다는 내용이 기재되어 있다."
        ]
    },
    "dcss": {
        "courtDcss": [
            "피고 소속 경찰들과 군인들이 상부의 지시를 받고 망인을 예비검속한 후 정당한 이유 및 절차 없이 구금, 살해함으로써 헌법상 보장된 망인의 기본권인 신체의 자유, 생명권, 적법절차에 따라 재판을 받을 권리를 침해하였다.",
            "망인 및 그 유족들인 원고들이 이로 인하여 극심한 정신적 고통을 당하였을 것임은 경험칙상 명백하므로, 피고는 국가배상법 제2조 제1항 본문에 따라 그 소속 공무원들의 위법한 직무집행으로 인하여 망인 및 그 유족들인 원고들이 입은 손해를 배상할 의무가 있다.",
            "살피건대 국가에 대한 불법행위를 원인으로 한 손해배상청구권은 피해자가 그 손해 및 가해자를 안 날로부터 3년 또는 불법행위일로부터 5년(1921. 4. 7. 조선총독부 법률 제42호로 제정되고, 1951. 9. 24. 법률 제217호로 제정된 구 재정법 제82조 에 의하여 폐지되기 전의 구 회계법 제32조) 동안 이를 행사하지 아니하면 시효로 소멸한다.",
            "망인 및 그 유족들인 원고들에 대한 불법행위일로서 그들에게 손해가 현실적으로 발생한 날은 망인의 사망일인 1950. 7. 29.경이라고 할 것인데, 원고들의 이 사건 소가 그로부터 5년이 훨씬 경과한 2010. 11. 9. 제기되었음은 기록상 명백하다.",
            "그러나 채무자의 소멸시효에 기한 항변권의 행사도 우리 민법의 대원칙인 신의성실의 원칙과 권리남용금지의 원칙의 지배를 받는 것이다.",
            "채무이행의 거절을 인정함이 현저히 부당하거나 불공평하게 되는 등의 특별한 사정이 있는 경우에는 채무자가 소멸시효의 완성을 주장하는 것이 신의성실의 원칙에 반하여 권리남용으로서 허용될 수 없다( 대법원 2002. 10. 25. 선고 2002다32332 판결 등 참조).",
            "망인은 1950. 6. 28.경 의귀출장소 경찰 등에 예비검속되어 서귀포경찰서로 이송된 다음 절간고구마창고에 구금되어 있다가 1950. 7. 29.경 군 트럭에 실려 나가 정뜨르비행장에서 총살된 후 그곳에 매장된 것으로 보이는데, 총살 및 매장은 일반인들과 격리된 장소에서 어떠한 고지도 없이 군에 의해 비밀리에 이루어졌던 것으로 보인다.",
            "원고들은 망인이 예비검속되어 경찰에 연행된 사실까지만 알고 있는 상태에서 망인과 함께 서귀포 절간고구마창고에서 구금되어 있었던 소외 2로부터 망인 등이 군 트럭에 실려 나갔다는 정도의 말만 들었을 뿐 4,3사업소장으로부터 DNA 검사 결과를 통보받기 전까지는 망인이 사망하였다는 사실을 국가로부터 전혀 통지받은 바 없다.",
            "당시 소문에 비추어 망인이 사망하였을 수도 있다고 생각할 수 있는 상태에 있었기는 하였으나, 다른 한편 정뜨르비행장에서 기지로 총살을 모면하여 집으로 돌아온 사람도 있었으므로 원고들이 망인이 사망한 것을 알 수 있었다고 보기 어렵다.",
            "원고들은 4,3사업소장으로부터 DNA 검사 결과를 통보받기 전까지는 망인의 사망 여부 및 사망장소를 제대로 알 수 없었고, 더욱이 과거사정리위의 진실규명결정이 있기 전까지는 망인의 사망원인이 이 사건 가해행위에 의한 것임이 명확히 밝혀지지 않은 상태였기 때문에 원고들로서는 손해배상청구권의 존부를 확정하기 곤란하였다.",
            "망인이 사망한 날로부터 망인의 유해발견 통지를 받은 2010. 2. 25.경까지는 객관적으로 원고들이 권리를 행사할 수 없었다고 할 것이다.",
            "본질적으로 국가는 그 성립 요소인 국민을 보호할 절대적 의무를 부담한다고 할 것이고, 어떠한 경우에도 적법한 절차 없이 국민의 생명을 박탈할 수는 없다.",
            "이 사건 가해행위로부터 약 60여 년이 지나 과거사정리위의 진실규명결정에 의해 이 사건 가해행위의 구체적인 진상이 밝혀지게 되자, 이제 와서 뒤늦게 원고들이 이 사건 가해행위의 전모를 어림잡아 미리 소를 제기하지 못한 것을 탓하는 취지로 소멸시효의 완성을 주장하여 그 채무이행을 거절하는 것은 현저히 부당하여 신의성실의 원칙에 반하는 것으로서 허용될 수 없다.",
            "결국 피고의 소멸시효 항변은 받아들일 수 없다."
        ]
    },
    "close": {
        "cnclsns": [
            "당심에서 확장된 청구를 포함하여 제1심판결을 제2, 3항과 같이 변경한다.",
            "피고는 원고 1에게 22,709,857원 및 그 중 2,709,857원에 대하여는 2010. 6. 1.부터 2012. 5. 2.까지는 연 5%의, 그 다음날부터 다 갚는 날까지는 연 20%의, 20,000,000원에 대하여는 2012. 4. 18.부터 다 갚는 날까지 연 20%의 각 비율에 의한 금원을 각 지급하라.",
            "피고는 원고 2, 3에게 각 56,806,571원 및 그 중 각 1,806,571원에 대하여 2010. 6. 1.부터 2012. 5. 2.까지는 연 5%의, 그다음날부터 다 갚는 날까지는 연 20%의, 나머지 각 55,000,000원에 대하여는 2012. 4. 18.부터 다 갚는 날까지 연 20%의비율에 의한 금원을 각 지급하라.",
            "원고들의 나머지 청구를 모두 기각한다.",
            "소송총비용 중 원고 1과 피고 사이에서 생긴 부분은 피고가 부담하고, 나머지 원고들과 피고 사이에서 생긴 부분 중 0.5은 원고들이, 나머지는 피고가 각 부담한다. ",
            "제2항은 가집행할 수 있다."
        ]
    }
}