{
    "info": {
        "caseField": "1",
        "detailField": "1",
        "trailField": "2",
        "caseNm": "대여금",
        "courtNm": "광주고등법원",
        "judmnAdjuDe": "2009. 12. 16.",
        "caseNo": "(제주)2009나947",
        "relateLaword": [
            "민법 제1019조 ",
            "민법 제1026조"
        ],
        "qotatPrcdnt": [
            "대법원 2002. 10. 11. 선고 2000다17803 판결",
            "대법원 2005. 2. 17. 선고 2004다59959 판결",
            " 대법원 2007. 11. 29. 선고 2005다64552 판결",
            "대법원 1999. 12. 7. 선고 98다42929 판결 ",
            "대법원 2008. 9. 18. 선고 2007두2173 전원합의체 판결",
            "대법원 2003. 9. 26. 선고2003다30517 판결"
        ]
    },
    "concerned": {
        "acusr": "1",
        "dedat": "1"
    },
    "org": {
        "orgJdgmnCourtNm": "제주지방법원",
        "orgJdgmnAdjuDe": "2005. 2. 16.",
        "orgJdgmnCaseNo": "2004가단5289 "
    },
    "disposal": {
        "disposalform": "1",
        "disposalcontent": [
            "원고에게,  피고 1은 47,447,368원,  피고 2,  3,  4,  5,  6,  7,  8,  9는 각 31,631,578원 및 위 각 금원에 대하여 1992.12. 2.부터 2009. 8. 20.까지는 연 5%, 그 다음날부터 완제일까지는 연 20%의 각 비율에 의한 금원을 각 지급한다.",
            "소송총비용은 피고들이 부담한다.",
            "제1항 중 금원지급 부분은 가집행할 수 있다."
        ]
    },
    "mentionedItems": {
        "rqestObjet": [
            "원고에게,  피고 1은 47,447,368원,  피고 2,  3,  4,  5,  6,  7,  8,  9는 각 31,631,578원 및 위 각 금원에 대하여 1992.12. 2.부터 2009. 8. 20.까지는 연 5%, 그 다음날부터 완제일까지는 연 20%의 각 비율에 의한 금원을 각 지급한다.",
            "소송총비용은 피고들이 부담한다.",
            "제1항 중 금원지급 부분은 가집행할 수 있다."
        ]
    },
    "assrs": {
        "acusrAssrs": [
            "이 사건 약정은 준소비대차계약인바, 준소비대차계약이 체결된 경우 기존채무는 당연히 소멸되는 것은 아니고 동일성을 유지하면서 존속하므로, 준소비대차계약에 따른 채무가 시효중단이 되면 기존채무도 당연히 시효가 중단된다고 할 것인데, 소외 1이 1994. 5. 23. 일부금을 변제하거나 2002. 11.경 대물변제를 제안하여 그 채무를 승인하였으므로 이 사건 채권도 시효가 중단되었다.",
            "소외 1이 1994. 5. 23. 일부금을 변제하거나 2002. 11.경 대물변제를 제안하여 그 채무를 승인하였으므로 이 사건 채권도 시효가 중단되었다고 주장한다.",
            "원고는, 소외 1이 원고를 기망하여 원고가 이 사건 채권의 존재 자체를 알지 못하였으므로, 피고들이 소멸시효의 항변 을 하는 것은 신의칙에 반한 것으로 허용될 수 없다고 주장한다. "
        ],
        "dedatAssrs": [
            "원고와 소외 1은 이 사건 제1심판결 선고 후인 2005. 4. 18.경 소외 3과 만난 자리에서, 소외 1이 이 사건 제1심판결에 따라 원고에게 지급하여야 할 원금 및 지연손해금을 1억 8,400만 원으로 확정하되, 그 중 1,500만 원은 소외 1이 원고의 부모 및 형의 묘를 소외 1의 가족묘지에 무상으로 설치하여 벌초를 하여 왔던 사정을 고려하여 공제한다.",
            "나머지 1억 6,900만 원 중 1억 5,000만 원은 즉시 지급하고 나머지 1,900만 원은 1년 이내에 지급하기로 하면서 원고와 소외 1 사이에 이 사건 소송을 종결하고 항소를 제기하지 않기로 하였다.",
            "원고의 이 사건 항소는 위 불항소합의에 위반하여 제기되었으므로 부적법하여 각하되어야 한다. 망 소외 1의 재산상속에 관하여 제주지방법원에 한정승인 신고를 하여 그 신고가 수리되었으므로, 피고들의 책임은 망 소외 1로부터 상속받은 재산의 범위 내로 제한되어야 한다."
        ]
    },
    "facts": {
        "bsisFacts": [
            "다음의 사실은 당사자 사이에 다툼이 없거나, 갑 제1, 2, 5 내지 9호증(각 가지번호 포함)의 각 기재, 제1심 증인 소외 3, 4의 각 증언, 제1심 법원의 한국토지공사 제주지사장에 대한 사실조회결과에 변론 전체의 취지를 종합하면 인정할 수 있다.",
            "0000 (이하 생략) 전 4,744㎡(이하 '이 사건 토지' 라고 한다)는 원래 소외 6의 소유였는데, 한국토지공사가 이를 매도할 것을 권유하자, 소외 6은 소외 1에게 그 매도를 위임하였다.",
            "소외 6을 대리한 소외 1은 1990. 11. 13. 한국토지공사에게 이 사건 토지를 매매대금 10억 1,800만 원(이하 '이 사건 매매 대금' 이라고 한다)에 매도하고, 한국토지공사로부터, 1990. 11. 13. 위 매매대금 중 1억 100만 원, 같은 달 11. 15. 나머지 9억 1,700만 원을 각 수령하였다.",
            "그 후 소외 6이 1991. 10. 14. 사망하였는데, 사망하기 직전 아들인 원고에게 소외 1에 대한 이 사건 매매대금 반환채권을 증여 하고, 그 무렵 소외 1에게 이를 통지하였다.",
            "원고가 1992. 11. 말경 일본에서 귀국하여 소외 1에게 이 사건 매매대금의 반환을 요구하자, 소외 1은 이 사건 토지를 평당 50만 원 합계 7억 1,750만 원(50만 원×1,435평)에 매도하여 양도소득세, 기타 비용 등을 제외하고 남는 대금이 6억 원 가량 되는데, 그 중 5억 원을 반환하여 주면서, 나머지 1억 원은 나중에 반환하겠다고 하였다.",
            "당시 원고는 소외 6의 사망 직전에 매매대금 반환채권을 양도받아 이 사건 토지의 매매에 관하여 잘 알지 못하였고, 일본에서만 거 주하여 한국어에 미숙할 뿐 아니라 국내 사정에도 어두웠으며, 소외 1이 이 사건 토지의 매매에 관련된 절차 일체를 위임받아 처리한데다가 친척으로서 아버지의 장례까지 주관한 관계로, 소외 1을 전적으로 신뢰할 수밖에 없었다.",
            "이에 원고는 1992. 12. 1. 소외 1과 사이에 위 1억 원에 대하여 같은 날 소외 1이 이를 원고로부터 차용하는 것으로 하고, 이 자는 연 10%, 소외 7은 1993. 12. 1.로 하는 내용의 약정(이하, '이 사건 약정' 이라 한다)을 하고, 소외 1로부터 위 내용이 기재된 차용금 증서를 교부받았다.",
            "그 후 원고는 1994. 5. 23. 소외 1로부터 위 1억 원 중 2,000만 원을 변제받았다. ",
            "소외 1은 2007. 4. 26. 사망하였고, 그 상속인들로 처(妻)인 피고 1, 자녀들인 나머지 피고들이 있다."
        ]
    },
    "dcss": {
        "courtDcss": [
            "위 인정사실에 의하면, 소외 1은 이 사건 토지를 10억 1,800만 원에 매도하고서도 그 매매대금이 평당 50만 원인 7억 1,750만 원에 불과하다고 원고를 기망하여 실 매매가격과의 차액인 3억 50만 원을 횡령하였다 할 것이다",
            "그러므로 원고에게 채무불이행 또는 불법행위에 따른 손해배상으로 위 3억 50만 원(이하 '이 사건 채권' 이라 한다) 및 이에 대하여 이행기(아래에서 따로 살핀다) 다음날인 1992. 12. 2.부터 원고가 구하는 바에 따라 대법원판결 선고일인 2009. 8. 20.까지는 민법 소정의 연 5%, 그 다음 날부터 완제일까지는 소송촉진 등에 관한 특례법 소정의 연 20%의 각 비율에 의한 지연손해금을 지급할 의무가 있다 할 것이다.",
            "상속관계 소외 1이 2007. 4. 26. 사망하여 그 상속인들로 처(妻)인 피고 1, 자녀들인 나머지 피고들이 있는 사실은 앞서 본 바와 같다.",
            "상속인들이 소외 1의 원고에 대한 위 채무를 상속지분에 따라 상속하면, 원고에게, 피고 1은 47,447,368원(3억 50만 원 × 3÷19, 원 미만 버림), 피고 2, 3, 4, 5, 6, 7, 8, 9는 각 31,631,578원(3억 50만 원 × 2÷19, 원 미만 버림)",
            "및 위 각 금원에 대하여 1992. 12. 2.부터 2009. 8. 20.까지는 연 5%, 그 다음날부터 완제일까지는 연 20%의 각 비율에 의한 금원을 각 지급할 의무가 있다.",
            "살피건대, 수임인의 채무불이행 내지는 불법행위로 인한 채권은 그 시효가 10년인데, 원고가 구하는 이 사건 채권을 수임인의 채무불이행으로 인한 손해배상채권으로 본다면, 매매대금을 소외 1이 수령한 이후 위 매매대금 반환에 관하여 소외 1과 원고 가 이 사건 약정을 체결함으로서 소외 1의 위임사무는 종료되었다 할 것이다.",
            "위임 사무의 채무불이행으로 인한 채권은 이 사 건 약정 체결일인 1992. 12. 1.로부터 10년이 경과한 2002. 12. 1. 소멸시효가 완성되었다.",
            "또한, 원고가 구하는 이 사건 채 권을 불법행위로 인한 손해배상채권으로 본다면, 이 사건 약정의 체결로서 소외 1은 원고에게 적극적으로 이 사건 매매대금을 속이고 이 사건 채권의 반환거부 의사를 명확히 하였다고 할 것이고 이에 따라 원고도 이 사건 채권 상당의 손해의 발생이 현실화되었다고 봄이 상당하다.",
            "그러므로 불법행위로 인한 손해배상채권도 이 사건 약정체결일인 1992. 12. 1.로부터 그 시효가 진행되어 그로부터 10년이 경과한 2002. 12. 1. 역시 소멸시효가 완성되었다고 할 것이다.",
            "이에 대하여 원고는, 이 사건 약정은 준소비대차계약인바, 준소비대차계약이 체결된 경우 기존채무는 당연히 소멸되는 것은 아니고 동일성을 유지하면서 존속하므로, 준소비대차계약에 따른 채무가 시효중단이 되면 기존채무도 당연히 시효가 중단된다고 할 것이다.",
            "소외 1이 1994. 5. 23. 일부금을 변제하거나 2002. 11.경 대물변제를 제안하여 그 채무를 승인하였으므로 이 사건 채권도 시효가 중단되었다고 주장한다.",
            "살피건대, 소멸시효 중단사유로서의 채무의 승인은 시효이익을 받을 당사자인 채무자가 소멸시효의 완성으로 권리를 상실하게 될 자에 대하여 그 권리가 존재함을 인식하고 있다는 뜻을 표시하면 되는 것이다.",
            "그 표시가 반드시 명시적이어야만 하는 것은 아니고 묵시적으로도 가능한 것이기는 하지만, 그와 같은 묵시적인 승인의 표시는 적어도 채무자가 그 채무의 존재 및 액수를 인식하고 있음을 전제로 하여 그 표시를 대하는 상대방으로 하여금 채무자가 채무를 인식하고 있음을 표시를 통해 추단하게 할 수 있는 방법으로 이루어져야 한다.",
            "(대법원 2005. 2. 17. 선고 2004다59959 판결, 대법원 2007. 11. 29. 선고 2005다 64552 판결 등 참조.)",
            "따라서 채무자가, 실제 채권액을 잘 알지 못하는 채권자와 사이에 채권액 중 일부만을 대상으로 준소비 대차 계약을 체결한 후 기존채권 중 준소비대차 계약의 대상으로 하지 않은 나머지 부분이 있음을 알지 못하는 채권자에 대하여 준소비대차 계약에 따라 새로이 발생한 채무에 관하여만 그 중 일부를 변제하거나 변제할 것을 제의한 경우에는, 그 일부 변제 등에 의하여 채무자가 나머지 기존채무를 인식하고 있음을 표시한 것이라고 할 수 없다.",
            "그러므로 위와 같은 일부 변제 등으로 인한 채무 승인의 효과는 준소비대차 계약에 의하여 새로이 발생한 채무에만 미칠 뿐 준소비대차 계약의 대상으로 삼지 않은 나머지 기존채무에는 미치지 않는다.",
            "따라서 이 사건 약정 이후 소외 1이 1994. 5. 23. 2,000만 원을 변제한 사실은 앞서 본 바와 같고, 나머지 8,000만 원에 대하여 2002. 11.경 소외 1이 원고에게 자신이 소유하고 있는 부동산으로 대신 지급하겠다고 제의하기도 한 사실은 당사자 사이에 다툼이 없으나, 이로 인한 채무 승인의 효과는 이 사건 채권에는 미치지 아니한다.",
            "그러므로 이 사건 채권의 소멸시효가 그로써 중단되 었다고 볼 수 없어, 원고의 위 주장은 이유 없다.",
            "다시 원고는, 소외 1이 원고를 기망하여 원고가 이 사건 채권의 존재 자체를 알지 못하였으므로, 이 사건 채권의 소멸시효는 원고 가 그 존재를 알게 된 때로부터 진행하여야 한다고 주장한다.",
            "살피건대, 소멸시효는 객관적으로 권리가 발생하여 그 권리를 행사할 수 있는 때로부터 진행하고 그 권리를 행사할 수 없는 동안만은 진행하지 않는바, 권리를 행사할 수 없는 경우라 함은 그 권리행사에 법률상의 장애사유, 예컨대 기간 미도래 나 조건 불성취 등이 있는 경우를 말하는 것이다.",
            "사실상 권리의 존재나 권리행사 가능성을 알지 못하였고 알지 못함에 과실이 없다고 하여도 이러한 사유는 법률상 장애사유에 해당하지 아니한다고 할 것이므로, 원고가 위 채권의 존재를 몰랐다는 사정은 사실상의 장애사유에 지나지 아니하고 법률상의 장애사유라고 볼 수는 없으므로 위 주장도 이유 없다.",
            "원고는, 소외 1이 원고를 기망하여 원고가 이 사건 채권의 존재 자체를 알지 못하였으므로, 피고들이 소멸시효의 항변 을 하는 것은 신의칙에 반한 것으로 허용될 수 없다고 주장한다.",
            "살피건대, 채무자의 소멸시효에 기한 항변권의 행사도 우리 민법의 대원칙인 신의성실의 원칙과 권리남용금지의 원칙의 지배를 받는다.",
            "그러므로 채무자가 시효완성 전에 채권자의 권리행사나 시효중단을 불가능 또는 현저히 곤란하게 하거나 그러한 조치가 불필요하다고 믿게 하는 행동을 하였거나, 객관적으로 채권자가 권리를 행사할 수 없는 장애사유가 있는 경우에는 채무자가 소멸시효의 완성을 주장하는 것이 신의성실의 원칙에 반하여 권리남용으로서 허용될 수 없다.",
            "일단 시효완성 후에 채무 자가 시효를 원용하지 아니할 것 같은 태도를 보여 채권자로 하여금 그와 같이 신뢰하게 하였다.",
            "또는 채권자를 보호할 필요 성이 크고 같은 조건의 그 채권자들 중 일부가 이미 채무의 변제를 수령하는 등 채무이행의 거절을 인정함이 현저히 부당하거나 불공평하게 되는 등의 특별한 사정이 있는 경우에는 채무자가 소멸시효의 완성을 주장하는 것이 신의성실의 원칙에 반하여 권리남용으로서 허용될 수 없다.",
            "그런데, 소외 1이 원고의 아버지인 소외 6의 위임에 따라 1990. 11.경 이 사건 토지를 대금 10억 1,800만 원에 매도한 사실, 소외 6은 사망하기 직전 원고에게 위 매매대금 반환채권을 증여한다.",
            "이를 소외 1에게 통지한 사실, 소외 1은 위 매매대금의 반 환을 요구하는 원고에게 매매대금 7억여 원에서 양도소득세 등을 제외하면 6억 원 정도가 남는다 고 말하면서 그 중 5억 원을 반환한 후, 1992. 12. 1. 원고와의 사이에 나머지 1억 원에 대하여 준소비대차 계약을 체결하고, 그에 관한 차용금증서를 작성하여 준 사실이 있다.",
            "원고는 소외 6의 사망 직전에 매매대금 반환채권을 양도받아 이 사건 토지의 매매에 관하여 잘 알지 못하였고 , 일본에서만 거주하여 한국어에 미숙하고 국내 사정에도 어두웠다.",
            "소외 1이 이 사건 토지의 매매에 관련된 절차 일체를 위 임받아 처리한데다가 친척으로서 아버지의 장례까지 주관한 관계로, 소외 1을 전적으로 신뢰할 수밖에 없었던 사실은 앞서 본 바와 같고, 그 결과 원고는 준소비대차 계약에 따른 채권의 회수에만 매달리면서 준소비대차 계약의 대상으로 삼지 않은 나머 지 채권에 관하여는 어떠한 권리행사나 조치를 취하지 못하였다.",
            "이 사건 소 제기 당시에도 소외 1이 원고를 속였으리라고는 생각하지 못하여 준소비대차 계약으로 인한 채권 중 미지급 금액만을 청구하였다가, 제1심에서 이 사건 토지의 매수인인 한국 토지개발공사에 사실조회를 실시하여 비로소 매매대금의 실제 액수를 알게 됨에 따라 그 차액 상당의 이 사건 채권까지 구하는 것으로 청구취지를 확장한 사실은 기록상 명백하다.",
            "이와 같은 사실을 앞서 본 법리에 비추어 살펴보면, 원고가 이 사건 채권의 소멸시효기간이 경과하기까지 그에 관한 권리행사나 시효중단 조치를 취하지 못한 것은 이 사건 채권의 존재 자체를 인식하지 못하였기 때문이다.",
            "이는 원고와 전적인 신뢰관계를 형 성하고 있던 소외 1의 위와 같은 기망행위에 따른 것으로서 채무자가 시효완성 전에 채권자의 권리행사나 시효중단을 현저히 곤란하게 한 경우에 해당하므로, 소외 1의 소멸시효 항변은 신의성실의 원칙에 반하여 권리남용으로 허용될 수 없다 할 것이다 .",
            "따라서 원고의 위 주장은 이유 있고, 결국 피고들의 소멸시효 항변은 이유 없다."
        ]
    },
    "close": {
        "cnclsns": [
            "제1심판결 중 손해배상청구에 관한 부분을 다음과 같이 변경한다.",
            "원고에게, 피고 1은 47,447,368원, 피고 2, 3, 4, 5, 6, 7, 8, 9는 각 31,631,578원 및 위 각 금원에 대하여 1992.12. 2.부터 2009. 8. 20.까지는 연 5%, 그 다음날부터 완제일까지는 연 20%의 각 비율에 의한 금원을 각 지급하라.",
            "소송총비용은 피고들이 부담한다.3. 제1항 중 금원지급 부분은 가집행할 수 있다.",
            "제1항 중 금원지급 부분은 가집행할 수 있다."
        ]
    }
}