{
    "info": {
        "caseField": "1",
        "detailField": "1",
        "trailField": "2",
        "caseNm": "부당이득금,진정명의회복청구등",
        "courtNm": "광주고등법원",
        "judmnAdjuDe": "2010. 12. 22.",
        "caseNo": "(제주)2010나110(본소),(제주)2010나127(반소)",
        "relateLaword": [
            "집합건물법 제20조",
            "집합건물법 제10조 "
        ],
        "qotatPrcdnt": [
            "대법원 1996. 12. 20. 선고 96다14661 판결",
            "대법원 2000. 11. 16. 선고 98다45652, 45669 전원합의체 판결 ",
            "대법원 2009. 6. 23. 선고 2009다26145 판결 ",
            "대법원 2009. 4. 9. 선고 2006다30921 판결",
            "대법원 2001. 9. 20. 선고 99다37894 전원합의체 판결"
        ]
    },
    "concerned": {
        "acusr": "2",
        "dedat": "자연인,법인"
    },
    "org": {
        "orgJdgmnCourtNm": "제주지방법원",
        "orgJdgmnAdjuDe": "2009. 12. 10.",
        "orgJdgmnCaseNo": "2007가합664(본소), 2009가합26(반소) "
    },
    "disposal": {
        "disposalform": "10",
        "disposalcontent": [
            "당심에서 감축 및 추가된 청구를 포함하여 제1심 판결 중 원고 주식회사 000의 청구와 원고(반소피고) 주식회사 000의 본소 청구에 관한 부분을 다음과 같이 변경한다.",
            "원고 주식회사 000의 청구 및 원고(반소피고) 주식회사 000의 본소 청구를 모두 기각한다.",
            "별지 반소청구 목록의 피고(반소원고)란 기재 피고(반소원고)들의 반소에 관한 항소를 모두 기각한다.",
            "소송 총비용은 각자 부담한다."
        ]
    },
    "mentionedItems": {
        "rqestObjet": [
            "원고 측 당사자 원고 주식회사 000을 원고 000로, 원고(반소피고) 주식회사000을 원고 000으로, 원고 000의 청구와 원고 000의 본소 청구를 통틀어 원고들 청구라 한다.",
            "피고(반소원고) 측과 피고 측 당사자 (1) 위 당사자 표시 중 피고(반소원고) 측과 피고 측란에 표시된 당사자 전부를 피고(반소원고, 탈퇴자, 승계참가인 포함)들이라고 한다.",
            "위 피고(반소원고, 탈퇴자, 승계참가인 포함)들 중 탈퇴자 피고(탈퇴) 23,31, 47을 제외한 나머지 당사자를 피고들이라 한다.",
            "피고들 중 반소를 제기하지 않고 있는 자들을 제외한 나머지 당사자를 피고(반소원고)들이라 한다.",
            "피고들은, (1) 원고 000에게 별지 원고들 청구 목록중 1번의 항소심 청구의 합계란 해당 기재 금원 및 위 각 금원에 대한 2010. 8. 17.자 청구취지 및 청구원인변경신청서 송달 다음날부터 다 갚는 날까지 연 20%의 비율로 계산한 돈을 지급한다.",
            "원고 000에게, (가) 위 원고들 청구 목록 중 4번의 항소심 청구의 합계란 해당 기재 금원 및 위 각 금원에 대한 2010. 8. 17.자 청구취지 및 청구원인변경신청서 송달 다음날부터 다 갚는 날까지 연 20%의 비율로 계산한 돈을 지급한다.",
            "2009. 1. 1.부터 0000 (지번 생략) 대 1,682.9㎡에 관한 원고 000의 소유권 상실일 또는 피고들의 점유 종료일까지 매월 위 원고들 청구 목록 중 5번의 항소심 청구의 합계란 해당기재 금원의 비율로 계산한 돈을 지급한다.",
            "원고들은 제1심에서 대지지분에 대한 2002. 3. 27.부터 2008. 12. 31.까지의 부당이득을 구하다가, 당심에서 위 대지지분에 대한 부당이득 청구금액 일부를 감축하면서 대지지분에 대한 2009. 1. 1. 이후부터의 월임료 상당의 부당이득과 공용건물에 대한 2002. 3. 27.부터의 부당이득을 추가하였다.",
            "원고들은, 피고(탈퇴) 23, 31,47이 당심에서 탈퇴하고 000 주식회사, 피고 31,1, 47,1이 승계참가함에 따라, 위 탈퇴자들에 대한 청구를 위 승계참가인들에 대한 청구로 변경하였다.",
            "피고(반소원고)들의 반소 청구취지 원고 000은 피고(반소원고)들에게 0000 (지번생략) 대 1,682.9㎡ 중 별지 반소 청구 목록의 대지권 지분란 해당 지분에 관하여 각 진정명의회복을 원인으로 한 소유권이전등기절차를 이행한다.",
            "제1심 판결 중 원고들 청구에 관한 부분을 위 원고들 청구취지와 같이 변경한다.",
            "피고들 (본소 청구에 대하여) 제1심 판결의 원고들 청구 중 피고들 패소 부분을 취소하고, 그 취소 부분에 해당하는 원고들 청구를 기각한다. ",
            "피고(반소원고)들 (반소 청구에 대하여) 제1심 판결 중 반소에 관한 부분을 취소한다",
            "원고 000은 피고(반소원고)들에게 0000 (지번 생략) 대 1,682.9㎡ 중 별지 반소 청구 목록의 대지권 지분란 해당 지분에 관하여 각 진정명의회복을 원인으로 한 소유권이전등기절차를 이행한다."
        ]
    },
    "assrs": {
        "acusrAssrs": [
            "원고들은, 000은 집합건물법 제20조 제3항의 선의의 제3자 로 이 사건 대지에 관한 근저당권을 적법하게 취득하였으므로, 위 근저당권을 토대로 이루어진 원고들 명의의 소유권이전등기는 유효하고, 따라서 피고들은 위 대지지분에 관한 대지사용권을 취득할 수 없다고 재항변한다.",
            "원고들은, 이 사건 대지와 공용 건물은 2002. 3. 27.부터 원고 000이, 2006. 9. 11.부터는 원고 000이 소유하고 있는데, 피고(반소원고, 탈퇴자, 승계참가인 포함)들은 아무런 권원 없이 위 대지와 공용 건물을 점유,사용하였거나 점유,사용하고 있으므로, 피고들은 부당이득으로 원고들에게 별지 원고들 청구 목록 중 항소심 청구 의 해당란 기재 금원 및 이에 대한 지연손해금을 지급할 의무가 있다고 주장한다."
        ],
        "dedatAssrs": [
            "피고들은, 아래와 같은 이유로 피고들이 대지지분에 관한 대지사용권을 취득하였고 한편 이 사건 대지 중 위 대지지분에 관한한 원고들은 소유권을 취득하지 못하였으므로, 피고들은 원고들에 대하여 부당이득반환의무를 지지 않는다고 주장한다.",
            "수분양자들은 소외인과의 분양계약을 통해 대지지분에 관하여 단순한 채권적 권리가 아닌 집합건물의 소유 및 관리에 관한법률(이하 집합건물법 이라 한다) 소정의 대지사용권을 취득하였는데, 피고들은 위와 같은 대지사용권을 취득한 수분양자이거나 그러한 수분양자로부터 다시 시장점포와 대지사용권을 양수받은 자들로서 위 대지를 점유,사용할 권원이 있다.",
            "수분양자들이 위와 같이 대지사용권을 취득한 후에 소외인이 1982. 11. 23. 이 사건 대지를 000에 처분한 것은 전유부분과 대지사용권의 분리처분을 금지하는 집합건물법 제20조에 위배되어 무효이고, 따라서 이 사건 대지 중 위 대지지분에 관한 000 명의의 소유권이전등기 및 이에 터잡은 근저당권설정등기와 원고들 명의의 소유권이전등기도 모두 무효의 등기라할 것이어서, 위 대지지분이 원고들 소유라고도 할 수 없다.",
            "수분양자들이 위 대지를 시장점포의 부지로 무상 사용하는 것을 용인하고, 건물이 증축된 후에는 대지지분에 관하여 수분양자들 앞으로 이전등기를 해 줄 의무도 함께 승계받았다.",
            "000이 위와 같은 의무를 부담하고 있던 중 집합건물법 제20조가 1987. 4. 11.부터 적용됨으로써 수분양자들이 위 대지에 대하여 갖는 권리는 단순한 채권적 권리에서 벗어나 집합건물법 소정의 대지사용권이 되었으므로, 피고들은 위 대지사용권에 따라 이 사건 대지를 점유, 사용할 권리가 있다.",
            "수분양자들이 집합건물법 시행으로 위와 같이 대지사용권을 취득한 후에 000이 1988. 6. 8.과 1990. 4. 19. 위 대지에 관하여 000 앞으로 근저당권을 설정해 준 행위는 위 대지지분에 관한 한 집합건물법 제20조에 위배된 처분행위로 무효이고, 따라서 위 근저당권을 토대로 이루어진 원고들 명의의 소유권이전등기 역시 무효이므로, 원고들이 위 대지지분을 취득하였다고 할 수 없다."
        ]
    },
    "facts": {
        "bsisFacts": [
            "소외인은 1971. 7. 23.경 그 소유의 0000 (지번 생략) 대 1,682.9㎡(이하 이 사건 대지 라 한다) 지상에 철근조슬래브지붕 단층시장 1,366.85㎡, 지하실 1,246.18㎡(이하 증축 전 건물 이라 한다)를 신축하였다.",
            "소외인은 위 증축 전 건물을 아래와 같이 1 제1~77호의 각 점포와 2 1층 중 위 각 점포를 제외한 화장실, 창고 등 및 지하실로 구분한 다음, 1971. 12. 20. 아래 각 건물에 관하여 자신 앞으로 소유권보존등기를 마쳤다.",
            "피고(반소원고, 탈퇴자, 승계참가인 포함)들은 별지 전체 피고 목록에 기재된 해당 시장점포와 그 대지지분을 소외인으로부터 직접 분양받은 수분양자이거나 그러한 수분양자로부터 다시 시장점포와 그 대지지분을 매수하는 등으로 전전 양수받은 사람들로서, 해당 시장점포에 관하여는 위 목록의 등기일자 란 해당 일자에 소유권이전등기를 마쳤다.",
            "소외인은 1982. 11. 23. 이 사건 대지를 000 주식회사(이하 000 이라 한다)에 현물 출자하여, 1982. 12.11. 위 대지에 관하여 000 앞으로 소유권이전등기를 마쳐주었다(갑 1호증의 1).",
            "000은 1984. 6. 19.경 증축 전 건물 위에 2층 1,311.95㎡과 3층 1,073.25㎡(이하 증축된 2, 3층을 증축 건물 이라 한다)를 증축하여, 1984. 7. 11. 증축 건물에 관하여 000 앞으로 소유권보존등기를 마쳤다(갑 1호증의 3).",
            "000은 위 대지 및 증축 건물에 관하여, 소외인은 위 공용 건물에 관하여, 1988. 6. 8.과 1990. 4. 19.에 000 앞으로 각 채권최고액 10억 원으로 된 근저당권을 설정해 주었고, 위 각 근저당권은 1991. 5. 15. 000(2000. 1.1.부터 000로 상호가 변경되었다) 앞으로 이전되었다.",
            "000가 2000. 4. 11. 위 각 근저당권에 기하여 위 대지와 공용 건물 및 증축 건물에 관하여 임의경매를 신청함에 따라 제주지방법원 2000타경6409호로 경매가 진행되었고, 그 경매절차에서 원고 000이 낙찰받아 2002. 3. 27. 위 대지와 공용 건물 및 증축 건물에 관하여 원고 000 명의로 소유권이전등기를 마쳤다.",
            "위 대지와 공용 건물 및 증축 건물에 관하여 다시 공매가 진행되었고, 그 절차에서 원고 000이 매수하여 2006. 9. 11.위 대지와 공용 건물 및 증축 건물에 관하여 원고 000 명의로 소유권이전등기를 마쳤다."
        ]
    },
    "dcss": {
        "courtDcss": [
            "진정한 등기명의의 회복을 위한 소유권이전등기청구는 이미 자기 앞으로 소유권을 표상하는 등기가 되어 있거나 법률에 의하여 소유권을 취득한 자가 진정한 등기명의를 회복하기 위한 방법으로 허용되는 것이다.",
            "진정한 등기명의 회복을 위한 소유권이전등기청구권을 행사하기 위하여는 그 상대방인 현재의 등기명의자에 대하여 진정한 소유자로서 그 소유권을 주장할 수 있어야한다(대법원 2009. 4. 9. 선고 2006다30921 판결, 대법원 2001. 9. 20. 선고 99다37894 전원합의체 판결 등 참조).",
            "대지지분에 관하여 피고(반소원고)들 명의로 소유권을 표상하는 등기가 된 적이 없을 뿐만 아니라, 피고(반소원고)들이 법률에 의하여 대지지분의 소유권을 취득하였다고 볼 수도 없다.",
            "피고(반소원고)들이 대지지분에 관하여 원고 000과 그 전 등기명의자를 상대로 이전등기의 말소를 구한 다음 소외인의 분양계약상 의무를 승계한 000을 상대로 이전등기를 구하거나 또는 대지소유자인 보성실업을 대위하여 원고 000을 상대로 000 앞으로 진정명의회복을 원인으로 한 소유권이전등기를 구한 다음 다시 000을 상대로 이전등기를 구하는 것은 별론으로 한다.",
            "피고(반소원고)들이위 대지지분의 진정한 소유자로서 그 소유권을 행사할 수 있다는 전제에서 원고 000을 상대로 진정명의회복을 원인으로 한 이전등기를 구하는 피고(반소원고)들의 위 주장은 받아들일 수 없다.",
            "집합건물법 제20조 제3항은 제2항 본문의 분리처분 금지는 그 취지를 등기하지 아니하면 선의로 물권을 취득한 제3자에 대하여 대항하지 못한다. 라고 규정하고 있는바, 위 조항의 선의의 제3자 는 집합건물의 대지로 되어 있는 사정을 모른 채 대지사용권의 목적이 되는 토지를 취득한 제3자를 의미한다고 할 것이다(대법원 2009. 6. 23. 선고 2009다26145 판결 등 참조).",
            "000이 위 조항의 선의의 제3자 에 해당된다고 볼 만한 아무런 증거가 없고, 오히려 000은 당시 이사건 대지뿐만 아니라 공용 건물과 증축 건물에 관하여도 근저당권을 설정한 점, 대지를 담보로 대출을 하는 은행으로서는 통상 대지의 담보 가치를 확인하기 위하여 현황 조사를 통해 지상 건물이 존재하고 있는지를 확인하는 점 등을 고려해 볼 수 있다.",
            "000은 근저당권 설정 당시 이 사건 대지가 시장점포의 대지로도 사용되고 있음을 알았다고 보이고, 따라서 000을 위 조항의 선의의 제3자 라고 할 수 없으므로, 원고들의 위 주장은 받아들일 수 없다.",
            "집합건물법 제20조 제1항은 구분소유자의 대지사용권은 그가 가지는 전유부분의 처분에 따른다. 라고 규정하고 있고, 같은 조 제2항은 구분소유자는 그가 가지는 전유부분과 분리하여 대지사용권을 처분할 수 없다. 다만, 규약으로써 달리 정한 때에는 그러하지 아니한다.",
            "위 조문의 해석과 관련하여 집합건물법 제20조 제1항이 종속적 일체 불가분성을 나타낸 원칙규정이고 같은조 제2항 본문은 무용한 규정으로 주의적 의미밖에 없다고 해석하는 것이 타당하고(이른바 종속적 일체불가분성설), 그렇다면 전유부분과 대지사용권이 각각 처분된 경우 전유부분의 처분만이 유효하고 대지사용권의 처분은 무효라고 보아야 할 것이다.",
            "앞서 본 소외인과 000의 관계 및 보성실업이 수분양자들에게 무상의 대지사용을 수인하고 대지지분에 관하여 이전등기를 해 줄 의무를 부담하고 있었던 점에다가 위에서 본 법리를 더해 보면, 피고 25 등이 소외인으로부터 시장점포를 분양받기 전에 000이 이 사건 대지에 관하여 000 앞으로 근저당권을 설정해 주었다고 한다. ",
            "그렇지만 000이 대지에 관하여 000 앞으로 근저당권을 설정해 준 행위는 결과적으로 전유부분인 시장점포와 대지의분리처분이라는 결과를 낳게 되어 무효라고 보아야 하고, 반면 피고 25 등은 소외인으로부터 전유부분인 시장점포를 취득하면서 그에 따른 대지사용권을 함께 취득하였다고 봄이 타당하다.",
            "000은 소외인으로부터 위 대지를 이전받으면서 동시에 위 대지와 관련한 소외인의 수분양자들에 대한 의무, 즉, 수분양자들이 위 대지를 시장점포의 부지로 무상 사용하는 것을 용인하고, 건물이 증축된 후에는 대지지분에 관하여 수분양자들 앞으로 이전등기를 해 줄 의무도 함께 승계받았다고 봄이 상당하다.",
            "위와 같이 집합건물법이 시행되기 전에 수분양자가 대지소유자를 상대로 대지를 점유·사용할 권리 등을 가지고 있던 중에 전유부분과 대지사용권의 분리처분을 금지하는 집합건물법 제20조가 적용되는 경우, 전유부분과 대지사용권의 분리처분이 가능하도록 규약으로 정하는 등의 특별한 사정이 없는 한, 수분양자가 대지소유자에 대하여 갖고 있던 대지의 점유·사용권은 단순한 점유권에서 벗어나 집합건물법 소정의 대지사용권으로 되는 것이 문제된다.",
            "그리고 대지소유자가 이후 위 대지를 수분양자가 아닌 제3자에게 처분하면 그 처분은 수분양자의 대지지분에 관한 한 집합건물법 제20조에 위배되는 처분으로 무효가 되는지가 문제된다.",
            "수분양자의 권리는 단순한 점유권에 불과하여 집합건물법 소정의 대지사용권으로 볼 수 없고, 또한 집합건물법 제20조 제2항은 구분소유자는 그가 가지는 전유부분과 분리하여 대지사용권을 처분할 수 없다. 라고 규정하고 있을 뿐이므로 구분소유자가 아닌 대지소유자인 보성실업이 대지를 처분할 경우 그 처분을 무효라고도 볼 수없다는 견해가 있을 수 있다.",
            "집합건물의 건축자로부터 전유부분과 대지지분을 함께 분양의 형식으로 매수하여 그 대금을 모두 지급함으로써 소유권 취득의 실질적 요건은 갖추었지만 전유부분에 관한 소유권이전등기만 경료한다.",
            "대지지분에 관하여는 어떤 사정으로 아직 소유권이전등기를 받지 못한 경우, 매수인은 매매계약의 효력으로써 전유부분의 소유를 위하여 대지를 점유·사용할 권리를 가지고, 매수인의 지위에서 가지는 위와 같은 대지의 점유,사용권은 단순한 점유권과는 차원을 달리하는 본권으로서 집합건물법 소정의 대지사용권에 해당한다."
        ]
    },
    "close": {
        "cnclsns": [
            "당심에서 감축 및 추가된 청구를 포함하여 제1심 판결 중 원고 000의 청구와 원고(반소피고) 000의 본소 청구에 관한 부분을 다음과 같이 변경한다.",
            "원고 000의 청구 및 원고(반소피고) 000의 본소 청구를 모두 기각한다.",
            "별지 반소청구 목록의 피고(반소원고) 란 기재 피고(반소원고)들의 반소에 관한 항소를 모두 기각한다.",
            "소송 총비용은 각자 부담한다."
        ]
    }
}