{
    "info": {
        "caseField": "1",
        "detailField": "1",
        "trailField": "2",
        "caseNm": "대여금등",
        "courtNm": "광주고등법원",
        "judmnAdjuDe": "2013. 01. 09.",
        "caseNo": "(제주)2012나664",
        "relateLaword": [
            "구 부동산 소유권이전등기 등에 관한 특별조치법(1992. 11. 30. 법률 제4502호로 제정되었다가 실효되었다. 이하  특별조치법 이라고 한다) 제10조",
            "국가배상법 제2조",
            "구 지적법 제3조",
            "구 지적법 제2조",
            "구 지적법 제8조",
            "구 부동산 소유권이전등기 등에 관한 특별조치법(1992. 11. 30. 법률 제4502호로 제정되었다가 실효되었다. 이하  특별조치법 이라고 한다) 제7조",
            "구 부동산 소유권이전등기 등에 관한 특별조치법(1992. 11. 30. 법률 제4502호로 제정되었다가 실효되었다. 이하  특별조치법 이라고 한다) 시행령 제6조",
            "구 부동산 소유권이전등기 등에 관한 특별조치법(1992. 11. 30. 법률 제4502호로 제정되었다가 실효되었다. 이하  특별조치법 이라고 한다) 시행령 제7조",
            "구 부동산 소유권이전등기 등에 관한 특별조치법(1992. 11. 30. 법률 제4502호로 제정되었다가 실효되었다. 이하  특별조치법 이라고 한다) 시행령 제9조",
            "국가배상법 제6조"
        ],
        "qotatPrcdnt": [
            "제주지방법원 1995. 6. 29. 접수 제44877호",
            "제주지방법원 2008가단1421호",
            "제주지방법원 2008나2371호",
            "대법원 2009다55686호",
            "제주지방법원 2010나2015호",
            "대법원 2010다103888호",
            "대법원 1974. 11. 12. 선고 74다1312 판결",
            "대법원 2001. 1. 5.선고 98다39060 판결",
            "대법원 1979. 6. 26. 선고 79다586 판결",
            "대법원 2001. 7. 10. 선고 99다34390 판결",
            "대법원 1994. 12. 9. 선고 94다38137 판결",
            "대법원 1999. 4. 9. 선고 98다27623, 27630 판결",
            "대법원1990. 1. 12. 선고 88다카25168 판결",
            "대법원 2008. 6. 12. 선고 2007다36445 판결",
            "제주지방법원 2006. 4. 24. 접수 제30829호, 제30830호"
        ]
    },
    "concerned": {
        "acusr": "2",
        "dedat": "1"
    },
    "org": {
        "orgJdgmnCourtNm": "제주지방법원",
        "orgJdgmnAdjuDe": "2012. 5. 17.",
        "orgJdgmnCaseNo": "2010가합3281"
    },
    "disposal": {
        "disposalform": "10",
        "disposalcontent": [
            "제1심 판결 중 피고들에 대하여 아래에서 지급을 명하는 금원에 해당하는 원고 패소부분을 취소한다.",
            "피고 1, 피고 2, 제주특별자치도는 각자 250,000,000원의 범위 내에서, 169,556,407원 및 이에 대하여 2010. 10. 11.부터 2013. 1. 9.까지 연 5%의, 그 다음날부터 다 갚는 날까지 연 20%의 각 비율로 계산한 금원을 지급한다.",
            "피고 1, 피고 2, 제주특별자치도와 각자, 피고 망 소외 1의 소송수계인 가는 68,181,818원의 범위 내에서 46,242,656원 및 이에 대하여 2010. 10. 11.부터 2013. 1. 9.까지 연 5%의, 각 비율로 계산한 금원을, 각 지급한다.",
            "그 다음날부터 다 갚는 날까지 연 20%의 각 비율로 계산한 금원을, 피고 망 소외 1의 소송수계인 나, 망 소외 1의 소송수계인 다, 망 소외 1의 소송수계인 라, 망 소외 1의 소송수계인 마는 각 45,454,545원의 범위 내에서 30,828,437원 및 이에대하여 2010. 10. 11.부터 2013. 1. 9.까지 연 5%의, 그 다음날부터 다 갚는 날까지 연 20%의 각 비율로 계산한 금원을, 각 지급한다. ",
            "원고의 피고들에 대한 나머지 항소를 각 기각한다.",
            "원고와 피고들 사이의 소송총비용은 피고들이 부담한다.",
            "제1항의 금원지급 부분은 가집행할 수 있다."
        ]
    },
    "mentionedItems": {
        "rqestObjet": [
            "제1심 판결을 취소한다.",
            "원고에게, 피고 1, 피고2, 제주특별자치도는 각자 250,000,000원의 범위 내에서, 171,025,086원 및 그 중 169,556,407원에 대하여 2010. 11. 25.부터 소장 부본 송당일까지는 연 7%의, 그 다음날부터 다 갚는 날까지 연 20%의 각 비율로 계산한 금원을 지급한다.",
            "원고에게, 피고 망 소의 1의 소송수계인 가는 68,181,820원의 범위 내에서, 피고 망 소외 1의 소송수계인 나, 망 소외 1의 소송수계인 다, 망 소외 1의 소송수계인 라, 망 소외 1의 소송수계인 마는 각 45,454,545원의 범위 내에서, 피고 1, 피고 2, 제주특별자치도와 각자 가. 항 기재 금원을 지급한다."
        ]
    },
    "assrs": {
        "acusrAssrs": [],
        "dedatAssrs": [
            "피고들은, 소외 2가 1995. 6. 29. 이 사건 토지에 관하여 그 명의의 소유권이전등기를 마쳤는데, 불법행위에 기하여 위 소유권이전등기를 마쳤음을 청구원인으로 하는 이 사건 소는 소멸시효 기산일인 위 등기를 마친 날부터 10년의 소멸시효기간이 경과하여 제기되었으므로, 원고의 피고들에 대한 손해배상청구권은 소멸시효가 완성되었다고 항변한다."
        ]
    },
    "facts": {
        "bsisFacts": [
            "소외 2는 소외 3 및 소외 4의 장남 소외 5와 결혼한 후 소외 5가 1948년경 혼인신고를 하지 아니한 채 사망하자 개가하였다.",
            "소외 2는 1964년경 소외 4를 찾아와 며느리로 지내기로 하였다.",
            "소외 4는 소외 2를 소외 5의 처로 호적에 등재할 수 없어서 가공의 인물 소외 6을 소외 3 및 소외 4의 아들로 호적에 등재한 후 소외 2를 그의 처로, 소외 3 및 소외 4의 차남 소외 7의 아들 소외 8을 소외 6 및 소외 2의 아들로 각 호적에 등재하였으며, 소외 2는 그 때부터 소외 4가 사망한 1996. 8. 11.까지 소외 4와 함께 생활해 왔다.",
            "소외 3은 1983. 6. 14. 사망하였고, 소외 2는 1994. 12. 14. 경 구 부동산 소유권이전등기 등에 관한 특별조치법(1992. 11. 30. 법률 제4502호로 제정되었다가 실효되었다.",
            "특별조치법 이라고 한다)에 따라 보증인으로 위촉된 피고 1, 피고 2, 망 소외 1(이하 '피고 보증인들' 이라고 한다)로부터 소외 3의 소유이던 0000 (주소 생략) 전 4,076㎡(이하 '이 사건 토지'라고 한다)에 관하여 보증서를 작성받았다.",
            "위 보증서에는 소외 2가 1965. 12. 5. 소외 3으로부터 이 사건 토지를 증여받았다 는 내용이 기재되어 있었는데, 피고 보증인들은 소외 3의 다른 자녀들과 합의하였다는 소외 2의 말을 듣고 위 보증서를 작성해 주었다.",
            "소외 2는 대장소관청인 0000에 위 보증서들을 제출하여 확인서를 발급받은 후 이 사건 토지에 관하여 특별조치법에 따라 제주지방법원 1995. 6. 29. 접수 제44877호로 1985. 12. 5.자 증여를 원인으로 한 소유권이전등기를 마쳤다.",
            "소외 2의 차녀 소외 9는 2006. 4. 24. 소외 2 명의의 이 사건 토지를 담보로 제공하고 원고로부터 금원을 대출받기로 하였고, 이에 따라 소외 2는 같은 날 원고와 사이에 이 사건 토지에 관하여 계약일 2006. 4. 21., 채권자 겸 근저당권,지상권자 원고, 채무자 소외 9, 근저당권,지상권 설정자 소외 2, 채권최고액 250,000,000원인 근저당권설정계약 및 지상권설정계약을 체결하였다.",
            "이 사건 토지에 관하여 같은 날 제주지방법원 2006. 4. 24. 접수 제30829호, 제30830호로 근저당권설정등기 및 지상권설정등기가 마쳐졌다.",
            "원고는 2006. 5. 11. 이 사건 토지에 관하여 간이감정을 실시한 후, 소외 9와 대출금액 180,000,000원, 대출기간 2006. 5. 11. 부터 2009. 5. 11. 까지, 이자율 연 7%로 정한 대출거래약정을 체결하였다(그 후 위 대출기간은 당사자의 합의에 의해 2011. 5. 11. 까지 연장되었다).",
            "그 후 소외 9는 위 대출금의 상환을 지체하여 위 대출금의 원리금은 2010. 11. 25. 현재 171,025,086원(= 2010. 10. 10. 기준 원금 169,556,407원 + 2010. 10. 11.부터 2010. 11. 10. 까지 연 7%의 비율에 의한 이자",
            "1,008,047원 + 2010. 11. 11. 부터 2010. 11. 24. 까지 같은 비율에 의한 이자 455,247원 + 2010. 11. 12. 부터 2010. 11. 24. 까지 연 15%의 비율에 의한 지연이자 5,385원)에 이르렀다.",
            "제주지방법원은 2011. 7. 12. 위 대출금에 관하여 소외 9는 원고에게 171,020,086원 및 그 중 169,556,407원에 대한 2010. 11. 25. 부터 2011. 2. 14. 까지는 연 7%의, 그 다음날부터 다 갚는 날까지는 연 20%의 각 비율에 의한 금원을 지급하라. 는 취지의 화해권고결정을 하였으며, 위 화해권고결정은 2011. 7. 30. 확정되었다.",
            "소외 3 및 소외 4의 장녀 소외 10은 소외 2와 원고에 대하여 제주지방법원 2008가단1421호로, 이 사건 토지에 관한 소외 2 명의의 소유권이전등기는 피고 보증인들이 허위로 작성한 보증서에 근거하여 마쳐진 것으로서 원인무효이고, 원고 명의의 근저당권설정등기 및 지상권설정등기도 위 소유권이전등기에 근거한 것으로서 원인무효라고 주장한다.",
            "그러면서, 위 각 등기 중 소외 2의 상속지분 외 부분의 말소를 구하는 소유권말소등기 청구소송을 제기하였다.",
            "위 법원은 2008. 10. 28. 소외 10의 청구를 모두 기각하였고, 항소심(제주지방법원 2008나2371호) 법원도 소외 10의 항소와 소외 10이 동일한 청구원인을 근거로 위 각 등기 전부의 말소를 구하며 확장,추가한 청구를 모두 기각하였다.",
            "이에 대해 소외 10은 대법원 2009다55686호로 상고하였는데, 대법원은 제반 사정에 비추어 볼 때, 피고 보증인들이 작성한 보증서의 권리변동 원인에 관한 실체적 기재 내용이 진실이 아님을 의심하기에 충분하므로 소외 2 명의의 소유권이전등기의 추정력이 번복되었다고 보아 위 항소심 판결을 파기·환송하였다.",
            "이 사건 토지의 감정평가액은 2011. 9. 2. 당시 452,436,000원이다.",
            "특별조치법 사무를 담당한 공무원의 급여, 출장비 등, 보증인들에 대한 연수, 수당 등 기타 경비 지급은 행정안전부의 소관 사항이 아니고, 피고 제주특별자치도의 소관사항이다.",
            "특별조치법에 의한 위 보증서 작성 당시 담당공무원들의 월급은 당시 관할 기초지방자치단체이었던 북제주군이 담당하였고, 보증인들에 대한 연수는 북제주군의 담당 공무원이 나가서 교육하였다. ",
            "망 소외 1은 2000. 11. 8. 사망하였고, 그 상속인으로는 피고 소송수계인 처 피고 망 소외 1의 소송수계인 가, 자녀들인 피고 망 소외 1의 소송수계인 나, 망 소외 1의 소송수계인 다, 망 소외 1의 소송수계인 라, 망 소외 1의 소송수계인 마가 있다."
        ]
    },
    "dcss": {
        "courtDcss": [
            "특별조치법에 따라 위촉된 보증인은 독립하여 그 직무를 공정, 성실, 신속하게 수행하여야 할 의무가 있는바(특별조치법 시행령 제 7조), 보증인이 보증서를 발급함에 있어서 대상 토지가 발급신청자의 소유가 아님을 알았거나 이를 모른 데에 과실이 있다면 그 보증서가 등기의 원인서류의 하나가 되어 소유권이전등기가 되고 그 등기를 진실한 것으로 믿고 거래한 사람이 입은 손해에 대하여 보증인은 배상책임이 있다.",
            "위 보증서에는 소외 2가 1965. 12. 5. 소외 3으로부터 이 사건 토지를 증여받았다 는 내용이 기재되어 있고, 피고 보증인들은 소외 3의 다른 자녀들과 합의하였다는 소외 2의 말만 듣고 위 보증서를 작성하여 준 사실은 앞서 본 바와 같다.",
            "갑 제4, 5호증의 각 기재에 변론 전체의 취지를 종합하면, 그 때 소외 2가 가져온 서류로는 이 사건 토지가 소외 2의 소유라는 내용을 기재한 보증서와 같은 내용의 확인서와 보증서 외에는 다른 서류는 없었으며, 피고 1은 보증서 발급 당시 소외 2의 경작관계 등을 확인한 바 없다.",
            "소유명의자가 누구인지 알아보지 않은 사실, 피고 1은 초등학교 1학년 때 소외 3을 자주 본 적이 있어 알고 있었고, 소외 3의 딸 소외 10은 피고 1의 2년 선배로서 초등학교에 다닐 때 알고 있었으며, 그 외 일본에 거주하는 소외 3의 딸들도 잘 알고 있는 사실을 인정한다.",
            "피고 1은 이 사건 토지에 인접한 도로를 통행하여 이 사건 토지를 잘 알고 있었고, 위 보증서에 서명날인할 때까지 소외 4가 이 사건 토지를 경작한 것은 알고 있었지만 소외 2가 이 사건 토지에서 경작하는 것을 보지는 않은 사실을 인정한다.",
            "피고 1은 이 사건 토지에 인접한 도로를 통행하여 이 사건 토지를 잘 알고 있었고, 위 보증서에 서명날인할 때까지 소외 4가 이 사건 토지를 경작한 것은 알고 있었지만 소외 2가 이 사건 토지에서 경작하는 것을 보지는 않은 사실을 인정한다.",
            "위 인정사실에 의하면 피고 보증인들로서는 소외 2가 주장하는 이 사건 토지를 소유하게 된 경위나 소외 3의 가족관계, 소외 2의 소유권을 입증할 수 있는 서류자료 등을 좀 더 주의 깊게 확인하여 보았다면 소외 2가 이 사건 토지의 소유자가 아님을 넉넉히 알 수 있었을 것임에도, 피고 1은 만연히 소외 2의 말만 믿었다.",
            "다른 피고 보증인들은 소외 2마저도 만나보지 않은 채 피고 1의 서명날인만 보고 위 보증서에 서명날인하였으므로, 피고 보증인들이 위 보증서를 작성함에 있어 보증인으로서의 주의무를 현저하게 위반하였다고 할 것이다.",
            "먼저, 국가배상책임의 전제로서 피고 보증인들이 국가 또는 지방자치단체로부터 공무를 위탁받은 사인에 해당하는지에 관하여 살피건대, 국가배상법 제2조의 공무원 이라 함은 국가공무원법이나 지방공무원법에 의하여 공무원으로서의 신분을 가진 자에 국한하지 않는다.",
            "북제주군수는 1995년경 이 사건 토지에 관한 대장소관청으로서 특별조치법에 의한 소유권이전등기에 필요한 확인서를 발급하는 사무를 집행한 것이고, 관할 읍장은 그 산하 기관으로서 위 확인서 발급과 관련된 이 사건 보증인들을 위촉한 것이다.",
            "위와 같은 확인서 발급 및 그에 부수하는 보증인 위촉 등의 사무는, 0000의 사무·재산을 승계하고 이 사건 토지에 관한 대장소관청인 제주시장이 소속되어 있는 지방자치단체인 피고 제주특별자치도의 고유사무가 아니라 국가로부터 위임받은 이른바 기관위임사무 에 해당한다고 봄이 상당하다.",
            "피고 1, 피고 2, 제주특별자치도는 각자 250,000,000원의 범위 내에서, 위 169,556,407원 및 이에 대하여 위 2010. 10. 11. 부터 피고들이 이행의무의 존부와 범위에 관하여 항쟁함이 상당한 당심 판결 선고일인 2013. 1. 9. 까지 민법에 정한 연 5%의, 그 다음날부터 다 갚는 날까지 소송촉진 등에 관한 특례법에 정한 연 20%의 각 비율에 의한 지연손해금을 지급할 의무가 있다.",
            "피고 1, 피고 2, 제주특별자치도와 각자, 망 소외 1의 처인 피고 망 소외 1의 소송수계인 가는 68,181,818원(= 250,000,000원 × 상속분 3÷11, 원 미만은 버림, 이하 같다)의 범위 내에서 46,242,656원(= 169,556,407원 × 상속분 3÷11)에 대하여 지연손해금을 지급할 의무가 있다.",
            "이에 대하여 2010. 10. 11. 부터 2013. 1. 9. 까지 연 5%의, 그 다음날부터 다 갚는 날까지 연 20%의 각 비율에 의한 지연손해금을 지급할 의무가 있다.",
            "망 소외 1의 자녀들인 피고 망 소외 1의 소송수계인 나, 망 소외 1의 소송수계인 다, 망 소외 1의 소송수계인 라, 망 소외 1의 소송수계인 마는 각 45,454,545원(= 250,000,000원 × 상속분 2÷11)의 범위 내에서 30,828,437원(= 169,556,407원 × 상속분 2÷11) 지급할 의무가 있다.",
            "이에 대하여 2010. 10. 11. 부터 2013. 1. 9. 까지 연 5%의, 그 다음날부터 다 갚는 날까지 연 20%의 각 비율에 의한 지연손해금을, 각 지급할 의무가 있다."
        ]
    },
    "close": {
        "cnclsns": [
            "제1심 판결 중 피고들에 대하여 아래에서 지급을 명하는 금원에 해당하는 원고 패소부분을 취소한다.",
            "피고 1, 피고 2, 제주특별자치도는 각자 250,000,000원의 범위 내에서, 169,556,407원 및 이에 대하여 2010. 10. 11. 부터 2013. 1. 9. 까지 연 5%의, 그 다음날부터 다 갚는 날까지 연 20%의 각 비율로 계산한 금원을 지급하라.",
            "피고 1, 피고 2, 제주특별자치도와 각자, 피고 망 소외 1의 소송수계인 가는 68,181,818원의 범위 내에서 46,242,656원 및 이에 대하여 2010. 10. 11. 부터 2013. 1. 9. 까지 연 5%의, 그 다음날부터 다 갚는 날까지 연 20%의 각 비율로 계산한 금원을 지급하라.",
            "피고 망 소외 1의 소송수계인 나, 망 소외 1의 소송수계인 다, 망 소외 1의 소송수계인 라, 망 소외 1의 소송수계인 마는 각 45,454,545원의 범위 내에서 30,828,437원 및 이에 대하여 2010. 10. 11. 부터 2013. 1. 9. 까지 연 5%의, 그 다음날부터 다 갚는 날까지 연 20%의 각 비율로 계산한 금원을, 각 지급하라.",
            "원고의 피고들에 대한 나머지 항소를 각 기각한다.",
            "원고와 피고들 사이의 소송총비용은 피고들이 부담한다.",
            "제1항의 금원지급 부분은 가집행할 수 있다."
        ]
    }
}