{
    "info": {
        "caseField": "1",
        "detailField": "1",
        "trailField": "1",
        "caseNm": "보험금",
        "courtNm": "대전지법 천안지원",
        "judmnAdjuDe": "2001. 08. 17.",
        "caseNo": "2000가단7055",
        "relateLaword": [
            "민법 제139조"
        ],
        "qotatPrcdnt": []
    },
    "concerned": {
        "acusr": "1",
        "dedat": "2"
    },
    "org": {
        "orgJdgmnCourtNm": "",
        "orgJdgmnAdjuDe": "",
        "orgJdgmnCaseNo": ""
    },
    "disposal": {
        "disposalform": "1",
        "disposalcontent": [
            "피고는 원고에게 29,000,000원 및 이에 대하여 2000. 5. 21.부터 완제일까지 연 25%의 비율에 의한 금원을 지급한다.",
            "소송비용은 피고의 부담으로 한다",
            "제1항은 가집행할 수 있다."
        ]
    },
    "mentionedItems": {
        "rqestObjet": [
            "피고는 원고에게 29,000,000원 및 이에 대하여 2000. 5. 21.부터 완제일까지 연 25%의 비율에 의한 금원을 지급한다."
        ]
    },
    "assrs": {
        "acusrAssrs": [],
        "dedatAssrs": [
            "피고는 최초 보험계약의 약관상 피보험자가 보험계약일로부터 과거 5년 이내 암으로 진단이 확정된 경우 보험계약은 무효이므로 새로운 보험계약의 체결되었다고 보더라도 그 보험계약은 무효라고 주장한다.",
            "피고는, 원고가 위암 진단 서류를 제출하지 않아 위 최초 보험계약이 무효인지 여부를 알지 못한 피고로서는 무효인 보험계약을 추인할 수 없었다는 취지의 주장을 한다.",
            "피고는, 새로운 보험계약의 체결로 보기 위해서는 보험계약자의 자필서명이 있어야 하는데 그러한 절차를 밟지 않았으므로 새로운 보험계약의 체결로 볼 수 없다는 취지의 주장을 한다."
        ]
    },
    "facts": {
        "bsisFacts": [
            "원고는 1998. 9. 21. 피고와 사이에 피보험자 원고, 보험기간 22년(만기일자 2020. 9. 21.), 입원 또는 장해 발생시 수익자 원고로 각 정하여 무배당 생생여성 건강보험계약(이하 최초 보험계약 이라 한다)을 체결하였다.",
            "현대인의 12대 질병(암 질병 포 함) 등을 보험사고로 하되, 위 보험사고 중 암보장의 책임개시일은 제1회 보험료를 납부한 보험계약일로부터 90일이 지난 다음 날로 하며, 위 질병으로 진단이 확정되면 질병치료비 및 수술비로 수익자가 29,000,000원의 보험금을 지급받기로 약정하였다.",
            "원고는 1998. 10.경 피고에게 제2회 보험료를 납부한 상태에서 위 최초 보험계약의 암보장 책임개시일인 1998. 12. 20. 이전인 1998. 10. 28. 위암 진단을 받고 위암절제 수술을 받았다.",
            "위 위암 발생사실을 피고의 보험모집인이자 원고의 언니인 소외 00을 통하여 피고의 인천 서화영업소 소장인 소외 00에게 고지하였다.",
            "이에 대하여 위 00은 위 00에게 피고의 약관에는 피보험자가 보험계약일로부터 암에 대한 책임개시일 이전에 암으로 진단이 확정된 경우 위 보험계약의 무효사유로 보아 기지급 보험료를 반환하도록 규정되어 있음을 들어 위 위암 발생은 최초 보험 계약상 책임개시일 이전에 암 진단이 확정된 경우로서 최초 보험계약이 무효라고 답변하였다.",
            "한편, 위 00은 원고에게 앞으로 위암 발생시에는 보험금을 지급받을 수 없으나 그 이외의 12대 질병이 발생한 경우에는 보험금을 지급 받을 수 있으니 기존의 보험계약을 유지하고 보험료를 계속 납입하라고 권유하였다.",
            "위 00은 1998. 11. 1.경부터 약 2개월간 위암 진단을 받은 원고의 간병을 위해 휴가를 내었다.",
            "그 후 피고가 원고에게 기지급 보험료를 반환한 바 없으며, 원고는 1999년 말까지 총 16회에 걸쳐 매월 보험료를 납부하였고, 피고는 아무런 이의 없이 이를 수령하였다.",
            "피고가 원고로부터 1999년 말까지 총 16회에 걸쳐 보험료를 수령하는 동안 원고에게 위 최초 보험계약이 무효인 사실을 통지하거나 보험계약의 무효절차를 밟기 위해 위암 진단 서류를 요구한 바는 없었다.",
            "원고는 1999. 11. 2. 갑상선암 진단을 받아 그 절제 수술을 받았는바, 이 갑상선암은 위 보험계약상의 보험사고에 해당하는 질병에 속한다."
        ]
    },
    "dcss": {
        "courtDcss": [
            "이와 같은 사정에 다수의 보험계약자를 상대로 하여, 대량적·반복적으로 체결되는 부합계약의 특성을 지닌 보험 계약을 체결함에 있어서 보험자인 피고는 통상 보험계약자에 비하여 우세한 인적, 물적 시설은 물론 보험업무에 관한 전문적 지식을 갖추고 있는 우윌한 지위에 있다는 점을 보태어 함께 참작해 봐야 할 것이다.",
            "피고는 위 최초 보험계약이 무효임을 알면서도 1년 이상 보험료를 수령함으로써 무효인 보험계약을 묵시적으로 추인하였다고 봄이 상당하고, 이로써 원고와 사이에 위암을 제외한 나머지 현대인의 12대 질병을 보험사고로 하는 최초 보험계약과 동일 내용의 새로운 보험계약이 체결되었다 할 것이다.",
            "달리 특별한 사정이 없는 이상, 피고는 원고에게 보험금 29,000,000원 및 이에 대한 지연손해금을 지급할 의무가 있다.",
            "원고와 피고가 위암 발생으로 인하여 최초 보험계약이 무효임을 알면서 무효인 보험계약을 추인하여 새로운 보험계약이 체결되었다고 보는 이상, 최초 보험계약의 약관상 다른 무효사유를 그 새로운 보험계약의 내용으로 삼았다고 볼 수 없다 할 것이다.",
            "피보험자가 보험계약일로부터 과거 5년 이내 암으로 진단이 확정된 경우 보험계약을 무효하는 사유는 상법 기타 법령에 규정된 것이 아닌 약관상의 무효사유에 불과하다고 할 것이다.",
            "이와 같은 약관내용이 원고에게 고지, 설명되는 등으로 최초 보험계약은 물론 새로운 보험계약의 내용에 포함되었다는 점에 대한 아무런 주장·입증이 없어, 이와 같은 사유가 무효인 보험계 약의 추인을 인정함에 장애가 될 수 없으므로, 위 주장은 이유 없다.",
            "위암 진단서류의 제출은 피고의 내부적 지침에 불과한 것이고, 앞에서 본 바와 같이 피고의 직원인 위 00이 위 00으로부터 원고의 위암 발생사실을 고지받아 최초의 보험계약이 무효임을 알고 있었으므로, 위 주장은 이유 없다.",
            "무효행위의 추인의 법리에 따라 새로운 보험계약이 체결되었다고 보는 이상 별도로 보험계약자의 자필서명이 필요하다고 볼 수는 없어, 위 주장 또한 이유 없다."
        ]
    },
    "close": {
        "cnclsns": [
            "피고는 원고에게 29,000,000원 및 이에 대하여 2000. 5. 21.부터 완제일까지 연 25%의 비율에 의한 금원을 지급한다. ",
            "소송비용은 피고의 부담으로 한다.",
            "제1항은 가집행할 수 있다."
        ]
    }
}