{
    "info": {
        "caseField": "1",
        "detailField": "1",
        "trailField": "1",
        "caseNm": "손해배상(기)등",
        "courtNm": "부산지방법원",
        "judmnAdjuDe": "2007. 02. 02.",
        "caseNo": "2000가합7960",
        "relateLaword": [
            "구 민사소송법 제1조",
            "구 민사소송법 제4조",
            "민사소송법 제217조",
            "민사소송법 제259조 ",
            "헌법 제6조",
            "구 섭외사법 제13조  ",
            "민법 부칙 제2조",
            "민법 제166조",
            "민법 제750조 ",
            "구 민사소송법 제4조",
            "민사소송법 제217조",
            "민사소송법 제118조",
            "민법 제766조",
            "국제사법 제32조"
        ],
        "qotatPrcdnt": [
            "대법원 1992. 7. 28. 선고 91다41897 판결 ",
            "대법원 2000. 6. 9. 선고 98다35037 판결 ",
            "대법원 1989. 3. 14. 선고 88므184, 191 판결 ",
            "대법원 2006. 4. 27. 선고 2006다1381 판결 ",
            "대법원 2005. 5. 13. 선고 2004다71881 판결"
        ]
    },
    "concerned": {
        "acusr": "1",
        "dedat": "2"
    },
    "org": {
        "orgJdgmnCourtNm": "",
        "orgJdgmnAdjuDe": "",
        "orgJdgmnCaseNo": ""
    },
    "disposal": {
        "disposalform": "10",
        "disposalcontent": [
            "원고들의 청구를 모두 기각한다.",
            "소송비용은 원고들이 부담한다."
        ]
    },
    "mentionedItems": {
        "rqestObjet": [
            "피고는 원고들에게 각 1억 100만 원 및 이에 대하여 이 사건 소장부본 송달일 다음날부터 다 갚는 날까지 연 25%의 비율로 계산한 돈을 지급하라."
        ]
    },
    "assrs": {
        "acusrAssrs": [
            "원고들은, 구 000는, 일본국의 침략전쟁에 편승하여 원고 등을 강제연행한 다음 열악한 환경에서 강제노동에 종사하게 하였고, 0000에 원자폭탄이 투하된 직후 일본인 노무자들에 대하여 적극적인 구호활동을 한 것과는 달리 원고 등에 대하여는 피난장소나 식량 등을 전혀 제공하지 않은 채 피폭 현장에 방치하였다.",
            "일본 정부의 국민징용령에 의한 징용 사유가 종료한 후에는 원고 등을 대한민국에 안전하게 귀환시킬 의무가 있음에도 불구하고 귀환에 필요한 어떠한 조치도 취하지 아니하였다.",
            "구 000의 이러한 행위는 국제법적으로는 노예제를 금지하는 국제관습법과 1930년 체결된 강제노동 폐지를 규정한 국제노동기구(ILO) 제29호 조약에 위반될 뿐만 아니라 뉘른베르그(Nurnberg) 국제군사재판소 조례 및 당해 재판소의 판결에 의해 승인된 국제법의 제 원칙(이하 뉘른베르그 제 원칙 이라고 한다)에서 정한 전쟁 범죄 및 인도에 대한 죄에 해당한다.",
            "국내법적으로도 우리 민법 제750조 소정의 불법행위에 해당하므로, 피고로서는 구 000가 원고 등에게 가한 위 불법행위로 인한 정신적 고통에 대한 위자료로 각 1억 원을 배상할 의무가 있다고 주장한다.",
            "원고들은, 구 000가, 원고 등을 강제노동에 종사하게 하면서 약정된 월급의 절반을 대한민국에 남아 있는 가족들에게 직접 송금하겠다고 약속하였음에도 불구하고 위 약속을 전혀 이행하지 않았고, 원고 등에게 직접 지급하던 월급에서 국민저금 명목으로 공제했던 돈을 강제징용 사유가 종료한 뒤 원고 등에게 반환하지 않았다.",
            "원고 등에게 직접 지급하던 월급도 1945. 6. 21.경 이후부터는 지급하지 않았으므로, 이에 따라 아래 기재 각 돈의 합계액을 원고들에게 지급할 의무가 있는데, 위 합계액을 현재의 화폐가치로 환산하면 원고들 1인당 적어도 100만 원을 초과한다고 주장하면서 피고를 상대로 미지급 임금으로 각 100만 원의 지급을 구한다.",
            "원고들은 구 000가 노예제를 금지하는 국제관습법, 강제노동에 관한 국제노동기구 제29호 조약, 뉘른베르그 제 원칙 등 국제법의 규정을 위반하였으므로 이에 따른 구 000의 손해배상책임을 주장하고 있다.",
            "원고들은, 구 000의 불법행위는 인도에 반하는 전쟁 범죄의 일환으로 이루어진 것이므로 시효제도가 적용되지 않고, 만일 시효제도가 적용된다고 할지라도 대한민국과 일본국 사이의국교 단절, 그 후 국교 수립과 동시에 체결된 청구권협정의 존재, 대한민국 국민의 대일 민간청구권을 소멸시킨 일본 국내법 제 144호의 시행 등 법률상 장애사유로 인하여 원고들의 이 사건 손해배상채권의 소멸시효는 진행하지 않던 중이었다.",
            "청구권협정 관련 문서가 전면 공개된 후 대한민국 정부의 법적 의견이 표명됨에 따라 책임주체에 대한 권리행사가 실질적으로 가능해진 2005. 8. 26.부터 비로소 진행하게 되었으므로 아직 소멸시효가 완성되지 않았으며, 그 동안 원고들의 끊임 없는 배상청구에 대하여 피고가 지금까지 보여온 태도에 비추어 피고가 이제 와서 시효 소멸의 항변을 주장하는 것은 신의칙이나 권리남용금지의 원칙에도 위반된다고 주장한다."
        ],
        "dedatAssrs": [
            "피고는, 본안전 항변으로 이 사건 소는 1. 국제재판관할권이 없는 대한민국 법원에 제소되었고, 2. 국제적 중복소송에 해당하므로 부적법하여 각하하여야 한다고 주장한다.",
            "본안에 관하여는 원고들에 대한 구 000의 손해배상금 내지 임금 지급 의무가 없다고 다투면서 설령 구 000의 의무가 인정된다고 하더라도 가. 피고는 구 000와 동일성이 없을뿐더러 구 000의 채무를 승계한 바도 없어 구 000의 원고들에 대한 채무를 이행할 의무가 없다.",
            "원고들의 구 000에 대한 이 사건 각 채권은 청구권협정 제2조 및 청구권협정에 대한 합의의사록(Ⅰ)에 규정된 내용에 따라 소멸되었거나 소멸시효가 이미 완성되어 모두 소멸하였으며, 구 000는 1948. 9. 7.경 원고 등을 위하여 미지급 임금과 국민저금 상당분에 해당하는 금액을 공탁하였으므로 적어도 원고들의 임금 채권은 남아 있지 않다고 주장한다.",
            "피고는, 이 사건 소가 원고들이 주장하는 불법행위시로부터 50여 년이 경과하여 제기되었고, 설령 원고들의 주장과 같이 대한민국과 일본국의 국교가 단절된 상태였던 1965. 6. 22. 이전까지는 원고들의 권리행사에 법률상 장애가 존재하였다고 보아 소멸시효 기산점을 1965. 6. 22.로 보더라도 소 제기 당시 이미 30여 년이 경과되었으므로 원고들의 이 사건 손해배상채권은 민법 제766조에 따라 소멸시효가 완성되었다고 주장한다."
        ]
    },
    "facts": {
        "bsisFacts": [
            "소외 00과 원고 00,3, 4, 5,6(이하 원고 등 이라고 한다)은 모두 1923년경부터 1926년경 사이에 대한민국에서 태어나 0000, 0000, 0000 등지에서 거주하고 있던 자들이다. ",
            "한편 일본 정부는 1910. 8. 22. 대한제국과 사이에 한일합병조약을 체결한 후 1937년 일어난 중일전쟁과 1941년 일어난 태평양전쟁을 치르면서 군수물자 생산 등에 있어 국가적인 노동력 부족 현상을 겪게 되자, 이를 해결하기 위하여 1938. 4. 1. 국가총동원법을 제정하고 1944년 9월부터는 국민징용령에 의하여 대한민국 국민에 대한 강제징용을 실시하였다.",
            "이에 따라 원고 등은 1944년 9월경부터 같은 해 10월경 사이에 일본 정부에 의하여 강제징용되어 각자의 주거지를 떠나 부산항으로 이송된 다음 연락선을 이용하여 일본 시모노세키항에 도착한 뒤 일본 0000로 가서 그곳에 있는 000의 기계제작소와 조선소에 노무자로 배치되었는데, 위와 같은 이송 및 배치 과정은 일본군, 일본경찰 및 000주식회사 소속 담당자의 통제 아래에서 이루어졌다.",
            "그런데 1945. 8. 6. 0000에 원자폭탄이 투하됨에 따라 위 기계제작소와 조선소 및 료 등이 모두 파괴되어 작업이 중단되었고, 그 와중에 원고 등은 부상을 입은 채 각자 일용 노동 등으로 귀국 비용을 마련하였다.",
            "1945. 8. 15. 일본이 항복을 선언함으로써 태평양전쟁이 종료된 직후인 1945년 8월 말경부터 같은 해 10월 말경 사이에 원고 00은 UN군의 선박을 이용하여, 4는 000에서 마련한 배편을 이용하여, 소외 00과 나머지 원고들은 밀항선 등을 이용하는 방법으로 대한민국으로 돌아왔다.",
            "원고 등은 귀국 후 강제징용 이전에 다니던 직장을 잃는 등 종래의 생활에 적응을 하지 못한 채 사회적, 경제적 어려움을 겪었을 뿐만 아니라 피폭으로 인한 후유증으로 최근까지도 전신권태감, 호흡 곤란, 피부질환, 시력 감퇴 등의 각종 신체적 장해에 시달리고 있다.",
            "태평양전쟁이 종전된 후 1951. 9. 8. 미국 샌프런시스코시에서 미국, 영국 등을 포함한 연합국과 일본국은 전후 배상문제를 해결하기 위하여 대일평화조약을 체결하였다.",
            "위 조약 제4조(a)는 대한민국을 포함한 위 조약 제2조에 규정된 지역에 존재하는 일본국 및 그 국민의 재산, 그리고 위 지역의 통치 당국 및 그 국민을 상대로 한 청구권과 일본국에 존재하는 위 지역의 통치 당국 및 그 국민 소유의 재산, 그리고 위 지역의 통치 당국 및 그 국민의 일본국 및 일본국 국민들에 대한 청구권의 처리는 일본국과 위 지역의 통치 당국 간의 특별 협정이 규정하는 바에 따른다고 정하였다.",
            "대일평화조약 제4조(a)에 규정된 취지에 따라 1951년 말경부터 대한민국 정부와 일본 정부 사이에 국교정상화 및 전후 보상문제가 논의되기 시작하여 마침내 1965. 6. 22. 국교정상화를 위한 대한민국과 일본국 간의 기본관계에 관한 조약 과 그 부속협정의 하나로 대한민국과 일본국 간의 재산 및 청구권에 관한 문제의 해결과 경제협력에 관한 협정(이하 청구권협정 이라고한다)이 체결되었다.",
            "청구권협정은 제1조에서 일본국이 대한민국에 10년간에 걸쳐 3억 달러를 무상으로 제공하고 2억 달러의 차관을 행하기로 한다고 정함과 아울러 제2조에서 다음과 같이 정하였다.",
            "위 청구권협정이 체결됨에 따라 일본은 1965. 12. 17. 법률 제144호로 재산 및 청구권에 관한 문제의 해결과 경제협력에 관한 일본국과 대한민국 간의 협정 제2조의 실시에 따른 대한민국 등의 재산권에 대한 조치에 관한 법률을 제정, 시행하여 일본 국내적으로 청구권협정 제2조에 규정된 대한민국 또는 대한민국 국민의 일본국 또는 일본 국민에 대한 청구권을 소멸시켰다.",
            "한편 대한민국은 청구권협정에 의해 수입되는 자금을 사용하기 위한 기본적 사항을 정하기 위하여 1966. 2. 19. 청구권자금의 운용 및 관리에 관한 법률을 제정한 것에 이어 1971. 1. 19. 대일 민간청구권 신고에 관한 법률을 제정하여 10개월간 국민의 대일청구권을 신고받은 결과 총 10만 9,540건의 신고가 접수되었다.",
            "위 신고분에 대한 실제 보상을 집행하기 위하여 1974. 12. 21. 대일 민간청구권 보상에 관한 법률’을 제정하여 1975. 7. 1.부터 1977. 6. 30.까지 사이에 총 83,519건의 신고분에 대하여 총 9,187,693,000원의 보상금을 지급하였고, 위 각 법률은 1982. 12. 31. 모두 폐지되었다.",
            "그런데 위 각 법률은 일본국에 의한 강제징용 피해자 중 피징용사망자에 대한 보상만을 규정하였을 뿐이고 피징용부상자의 보상에 대하여는 아무런 규정을 하지 아니하여 원고 등은 현재까지 어떠한 보상도 받지 못하고 있다.",
            "일본이 태평양전쟁에서 패전한 이후 000는 1946년 일본에서 제정, 시행된 회사경리응급조치법 및 기업 재건정비법상 특별경리주식회사로 지정되어 1950. 1. 11. 해산한 다음, 그 현물을 출자하여 000, 000, 000가 각 설립되었다.",
            "이 중 000가 1964. 6. 30. 위 나머지 2개 회사를 흡수합병하여 피고가 설립되었다(이하 위 해산 전의 000를 구 000라고 한다).",
            "원고 00를 제외한 원고 등은 1995. 12. 11. 일본국 히로시마 지방재판소에 이 사건 피고를 상대로 구 000의 불법행위로 인한 손해배상금과 강제노동기간 동안 지급받지 못한 임금 등의 지급을 구하는 소를 제기하였다(이하 이 사건 전소라고 한다).",
            "위 재판소는 1999. 3. 25. 위 손해배상금청구가 일본 민법 제724조 후단 소정의 20년의 제척기간을 도과하여 제기되었고 미지급 임금청구 역시 1년 또는 10년의 소멸시효가 완성되어 이미 소멸되었다는 이유로 청구기각의 판결을 선고하였고, 이에 위 소송의 원고들이 불복하여 항소하였으나 항소 역시 기각됨에 따라 위 원고들의 상고로 현재 이 사건 전소는 일본국 최고재판소에서 계속중이다.",
            "피고는 일본법에 의하여 설립된 일본 법인으로서 그 주된 사무소를 일본국 내에 두고 있으나 1987년경 0000 소재 0000 8층에 피고의 대한민국 내 업무 진행을 위한 0000 연락사무소를 설치하여 일본인 직원 1명을 비롯한 5명의 직원을 두었고, 원고 등이 이 사건 소를 제기할 당시에도 위 0000 연락사무소가 존재하고 있었던 사실은 당사자 사이에 다툼이 없다."
        ]
    },
    "dcss": {
        "courtDcss": [
            "위 구 민사소송법의 규정에 의하면 외국법인 등이 대한민국 내에 사무소, 영업소 또는 업무담당자의 주소를 가지고 있는 경우에는 그 사무소 등의 주소에 보통재판적이 인정된다고 할 것이다.",
            "증거수집의 용이성이나 소송수행의 부담 정도 등 구체적인 여러 사정을 고려하여 그 응소를 강제하는 것이 민사소송의 이념에 비추어 보아 심히 부당한 결과에 이르게 되는 특별한 사정이 없는 한, 원칙적으로 그 분쟁이 외국법인의 대한민국 내 사무소 등의 영업에 관한 것이 아니라 할지라도 우리 법원의 관할권을 인정하는 것이 조리에 맞는다 할 것이다(대법원 2000. 6. 9. 선고 98다35037 판결 등 참조).",
            "위 0000 연락사무소가 상법의 규정에 따른 대표자 선정이나 영업소 설치등기를 하지 않았다는 사정만으로 위 0000 연락사무소를 구 민사소송법 제4조 제2항에서 말하는 사무소에 해당하지 않는다고 볼 수 없고, 또한 피고의 주장처럼 위 0000 연락사무소가 실질적인 영업활동을 하지 않았던 사실을 인정할 증거가 없다.",
            "대한민국 법원에 피고의 보통재판적이 인정된다고 할 것이고, 달리 대한민국의 법원이 재판관할권을 행사하는 것이 당사자 간의 공평이나 재판의 적정, 신속을 해치는 등 조리에 반하는 특별한 사정이 있음을 인정할 증거가 없다.",
            "오히려 원고들이 이 사건에서 주장하는 사실의 인정을 위한 일본 내의 물적 증거는 거의 멸실된 반면 가장 중요한 소송자료라고 할 수 있는 원고 등 본인들이 모두 대한민국에 거주하고 있고, 사안의 내용이 대한민국의 역사와 정치적 변동 상황 등과 밀접한 관계가 있으므로, 당사자 또는 분쟁 사안이 대한민국과 실질적인 관련이 있다고 할 것이다.",
            "원고들과 피고의 객관적인 소송수행능력을 고려할 때 대한민국 법원에 대한 재판관할권의 인정이 당사자 간의 공평을 현저히 해하는 것으로 볼 수 없으며, 일본국 재판소에서 1심과 2심을 거치면서 이미 한번 증거조사를 완료하였다는 사정만으로는 뒤에서 살펴 볼 중복제소의 문제는 별론으로 하더라도 대한민국 법원의 재판관할권을 부정할 만큼 재판의 적정, 신속에 반하는 것이라고 할 수 없다.",
            "이러한 사정을 들어 대한민국 법원의 재판관할권을 다투는 피고의 주장은 받아들일 수 없다.",
            "이 사건 전소에 대한 외국법원인 일본국 재판소의 판결이 우리나라 민사소송법 제217조에 의하여 승인가능성이 있는지 여부를 본다.",
            "이 사건 전소가 제기된 일본국 재판소가 위 사건에 대한 국제재판관할권을 가지고, 이 사건 전소의 원고들이 우리나라와 일본의 변호사들을 대리인으로 선임하여 스스로 위 재판소에 이 사건 전소를 제기하였을 뿐만 아니라 제척기간 도과 내지 시효 소멸을 이유로 위 원고들의 청구를 기각한 일본 재판소의 판결이 그 이유만으로 대한민국의 선량한 풍속 기타 사회질서에 반한다고 보기는 어렵다.",
            "비록 우리나라와 일본국 사이에 양국의 확정판결에 관하여 상호보증을 명시한 조약 등은 없으나 일본 민사소송법 제118조에서 규정한 외국법원의 확정판결 승인요건이 우리나라의 그것과 매우 흡사하여 실질적으로 상호보증이 있는 경우와 다름이 없음은 피고가 주장하는 바 그대로 인정이 된다.",
            "일본국 최고재판소가 위 원고들과 같은 재한 피징용자들의 손해배상 등 청구에 관한 판단을 함에 있어 그 판단의 기초가 되는 대한민국과 일본 사이에 있었던 역사적 사실이나 일본국 또는 그 국민에 의하여 자행되었던 과거의 행위에 대한 평가, 법령의 적용 및 해석 등에 있어서 대한민국의 법원과 그 견해를 달리할 가능성을 배제할 수 없다.",
            "이 사건 전소에 관하여 일본국 재판소가 결론내린 확정판결의 효력을 그대로 승인하는 것이 대한민국의 공익이나 정의관념 및 국내법질서 등에 비추어 허용될 수 없는 결과를 전혀 예상 못할 바 아니므로, 결국 이 사건 전소에 대한 일본국 재판소의 확정판결이 대한민국에서 당연히 승인될 것이라고 단정할 수 없다.",
            "그렇다면 이 사건 전소가 일본국 최고재판소에 계속중이라는 사정만으로 곧 이 사건 소가 중복제소에 해당하여 부적법하다고 할 수 없다.",
            "강제노동에 관한 국제노동기구 제29호 조약과 뉘른베르그 제 원칙의 각 규정에, 강제노동 및 인도에 반하는 범죄로 피해를 입은 사인에게 강제노동을 실시한 주체나 인도에 반하는 범죄를 저지른 범죄자에 대한 직접 손해배상을 구할 수 있도록 하는 규정이 존재하지 않는다.",
            "원고들의 주장처럼 노예제 금지가 국제법적 강행규정으로 간주된다고 하더라도 나아가 노예제로 피해를 입은 사인이 노예제 금지를 위반한 주체를 상대로 직접 그 손해배상을 청구할 수 있는 국제관습법의 성립을 인정할 아무런 증거가 없다.",
            "그렇다면 원고들은 그 주장과 같은 구 000의 과거 행위에 대하여 국제법적 손해배상책임을 물어 피고에게 그 배상금의 지급을 구할 수는 없다 할 것이므로, 이 부분 원고들의 주장은 더 나아가 살펴볼 필요 없이 이유가 없다.",
            "회사경리응급조치법과 기업재건정비법 등 일본 국내법은 전후 처리를 위한 특별한 목적으로 제정된 기술적인 입법에 불과하다.",
            "비록 위와 같이 일본국의 법률이 정한 바에 따라 구 000가 해산과 제2회사 3사의 설립 및 흡수합병의 과정을 거쳐 피고로 변경된 사정이 있다고 하더라도 구 000와 피고 사이에는 그 법인격의 동일성이 유지되어 왔다고 보아야 할 것이다(이는 앞서든 증거에서 나타나듯이 피고 스스로도 구 000를 피고의 기업 역사의 한 부분으로 인정하고 있는 점에서도 확인된다).",
            "원고들이 주장하는 구 000의 강제연행 및 강제노동 등의 불법행위는 대한민국 내 원고 등 각자의 거주지역으로부터 일본 내 0000에 이르기까지 일련의 계속된 과정에서 발생한 것이므로, 우리나라 민법의 규정은 준거법이 될 수 있다.",
            "나아가 현행 민법 부칙 제2조의 규정에 의하면 위 법은 특별한 규정 있는 경우 외에는 위 법 시행일 전의 사항에 대하여도 이를 적용하도록 되어 있으므로, 결국 우리나라 현행 민법의 불법행위에 관한 규정은 구 000의 불법행위에 의한 피고의 손해배상책임 여부를 판단하는 준거법이 된다.",
            "원고들의 주장과 같이 이 사건 손해배상채권이 구 000의 인도에 반하는 전쟁 범죄에 관련된 손해배상채권이라는 사정만으로는 그와 같은 채권에 대하여 예외적으로 소멸시효의 적용을 배제할 근거를 찾을 수 없다.",
            "따라서 원고들의 이 사건 손해배상채권에도 소멸시효 제도는 적용된다 할 것이므로, 특별한 사정이 없는 한 위 채권은 불법행위를 한 날로부터 10년간 이를 행사하지 아니하면 시효로 소멸한다고 할 것다(민법 제766조 제2항).",
            "원고들이 주장하는 이 사건 불법행위가 있은 날로부터는 물론 피고의 주장과 같이 그 이후 대한민국과 일본국의 국교가 정상화된 1965. 6. 22.로부터 기산하더라도 원고들의 이 사건 소가 그로부터 10년이 이미 경과된 후인 2000. 5. 1. 제기되었음이 기록상 명백하므로, 원고들의 이 사건 손해배상채권은 위 소 제기 이전에 이미 시효로 소멸하였다고 할 것이다.",
            "또한, 소멸시효는 객관적으로 권리가 발생하여 그 권리를 행사할 수 있는 때로부터 진행하고 그 권리를 행사할 수 없는 동안은 진행하지 않지만 여기서 권리를 행사할 수 없는 경우라 함은 그 권리행사에 법률상의 장애사유, 예컨대 기간의 미도래나 조건 불성취 등이 있는 경우를 말하는 것이다.",
            "사실상 권리의 존재나 권리행사 가능성을 알지 못하였고 알지 못함에 과실이 없다고 하여도 이러한 사유는 법률상 장애사유에 해당하지 않는다고 할 것이다(대법원 2006. 4. 27. 선고 2006다1381 판결 등 참조).",
            "원고들이 위 청구권협정의 명확한 의미를 알지 못하여 자신들의 권리를 행사할 수 없는 것으로 믿었다고 하더라도 위와 같은 청구권협정의 존재 또는 대일 민간청구권의 소멸을 규정한 일본 국내법의 제정, 시행이 있었다는 사정만으로 원고들의 권리 행사를 저지하는 법률상의 장애사유가 있었다고 할 수 없다.",
            "원고들의 이 사건 손해배상채권에 대한 소멸시효의 기산점을 원고들의 주장과 같이 2005. 8. 26.이라는 보기는 어렵다.",
            "원고들의 주장과 같이 피고가 대한민국과 일본 간 국교가 수립되기 전까지는 국교 수립시까지 기다리자고 하였고, 국교 수립 후에는 피고의 직접적인 배상의무는 부정하면서 다른 기업들이 피징용피해자들에 대하여 보상을 할 움직임을 보이면 원고 등에게도 성의를 보이겠다는 태도를 보인 사정만으로 피고가 소멸시효가 완성된 후에도 시효를 원용하지 아니할 것 같은 태도를 보여 원고들로 하여금 이를 신뢰하게 하였다고 보기는 어렵다.",
            "원고들의 이 사건 손해배상채권이 인도에 반하는 전쟁 범죄에 관련된 손해배상채권이라는 이유만으로 피고의 시효 소멸의 항변 자체가 권리남용에 해당한다고 볼 수도 없다.",
            "따라서 원고들의 이 사건 손배배상채권이 이 사건 소 제기 이전에 이미 시효 소멸하였다는 피고의 항변은 이유가 있다."
        ]
    },
    "close": {
        "cnclsns": [
            "원고들의 청구를 모두 기각한다.",
            "소송비용은 원고들이 부담한다. "
        ]
    }
}