{
    "info": {
        "caseField": "1",
        "detailField": "1",
        "trailField": "2",
        "caseNm": "배당이의",
        "courtNm": "광주고법",
        "judmnAdjuDe": "2001. 12. 07.",
        "caseNo": "2001나5783",
        "relateLaword": [
            "국세기본법 제35조",
            "국세기본법시행령 제18조"
        ],
        "qotatPrcdnt": [
            "대법원 1999. 3. 18. 선고 96다23184 전원합의체 판결 ",
            "대법원 1999. 8. 20. 선고 99다6135 판결 "
        ]
    },
    "concerned": {
        "acusr": "3",
        "dedat": "2"
    },
    "org": {
        "orgJdgmnCourtNm": "광주지법",
        "orgJdgmnAdjuDe": "2001. 5. 30.",
        "orgJdgmnCaseNo": "2000가합12152 "
    },
    "disposal": {
        "disposalform": "10",
        "disposalcontent": [
            "원심판결 중 피고 패소부분을 취소하고, 그 부분에 해당하는 원고의 청구를 기각한다.",
            "소송비용은 제1, 2심 모두 원고의 부담으로 한다."
        ]
    },
    "mentionedItems": {
        "rqestObjet": [
            "청구취지광주지방법원 99타경35827호 부동산임의경매사건에 관하여 같은 법원이 2000. 11. 27. 작성한배당표 중 피고에 대한 배당액 147,778,066원을 46,675,910원으로 변경하고, 원고에게 101,102,156원을 배당하는 것으로 경정한다.",
            "원심판결 중 피고 패소부분을 취소하고, 그 부분에 해당하는 원고의 청구를 기각한다.",
            "소송비용은 제1, 2심 모두 원고의 부담으로 한다."
        ]
    },
    "assrs": {
        "acusrAssrs": [
            "원고는 원고의 조세채권은 국세기본법 제35조 제1항 제3호 및 같은법시행령 제18조 제1항의 규정에 의한 이른바 당해세에 해당하여 피고의 근저당권에 의한 피담보채권보다 우선함에도 불구하고 경매법원은 피고에게 우선 배당하는 위법한 배당표를 작성하였으므로 위 배당표는 변경되어야 한다고 주장한다."
        ],
        "dedatAssrs": [
            "피고는 원고의 조세채권은 위 당해세에 해당하지 않기 때문에 피고의 근저당권에 의한 피담보채권이 원고의 조세채권보다 우선한다고 주장한다."
        ]
    },
    "facts": {
        "bsisFacts": [
            "0000 토지 및 건물(이하, '이 사건 부동산'이라 한다)은 1994. 5. 7. 00 명의로 소유권보존 및 이전등기가 마쳐져 있다가 같은 날 이 사건 부동산에 관하여 위 00의 아들인 00 명의로 1994. 4. 15. 매매를 원인으로 한 소유권이전등기가 마쳐졌다.",
            "한편, 00은 00에게 이 사건 부동산을 포함하여 총 10개의 부동산을 양도하였고, 이 사건 부동산에 관하여 1995. 6. 16. 원고 산하 00세무서 명의의 압류등기가 마쳐져 있다가 같은 해 12. 27. 말소되었다.",
            "한편, 피고는 위 압류등기가 말소된 뒤인 1996. 3. 25.에 이르러 이 사건 부동산에 관하여 채권최고액 1억 3,000만 원, 채무자 00,근저당권자 피고로 하는 근저당권설정등기를, 채권최고액 6,500만원, 채무자 00,근저당권자 피고로 하는 근저당권설정등기를 경료하였다.",
            "그 후 원고는, 00이 00으로부터 이 사건 부동산을 증여받은 것으로 보고 이 사건 부동산에 관하여 1997. 4. 3. 00세무서 명의로 압류한 뒤 이 사건 부동산을 포함한 총 10개의 부동산에 대하여 1997.경 세액 77,413,532원, 납기 1997. 5. 31.의 증여세 부과처분을 고지하였고, 다시 세액 127,330,427원, 납기 1997. 7. 31.의 증액경정처분을 고지하였다.",
            "피고는 위 00이 위 대여금을 변제하지 아니하여 1999. 6. 16. 광주지방법원 99타경35827호로 이 사건 부동산에 대한 임의경매를 신청하여 경매절차가 진행된 결과 이 사건 각 부동산은 경락되어 실제배당할 금액이 149,138,956원인데, 위 사건의 배당기일에서 원고는 증여세와 가산금을 합한 130,023,506원을, 압류권자인 00 000은 당해세로 1,360,890원을, 피고는 근저당채권자로서 247,940,687원을 각 배당요구하였다.",
            "그런데 경매법원은 2000. 11. 27. 위 배당금액에서 피고의 근저당권에 의한 피담보채권이 원고의 조세채권보다 우선한다는 전제 아래 00 000에 1순위로 1,360,890원을, 피고에게 2순위로 147,778,066원을 배당하고, 원고를 배당에서 제외하는 배당표를 작성하였다."
        ]
    },
    "dcss": {
        "courtDcss": [
            "국세기본법 제35조 제1항 제3호는 공시를 수반하는 담보물권과 관련하여 거래의 안전을 보장하려는 사법적 요청과 조세채권의 실현을 확보하려는 공익적 요청을 적절하게 조화시키려는데 그 입법의 취지가 있으므로, 당해세가 담보물권에 의하여 담보되는 채권에 우선한다고 하더라도 이로써 담보물권의 본질적 내용까지 침해되어서는 아니된다.",
            "따라서 같은 법 제35조 제1항 제3호 단서에서 말하는 '그 재산에 대하여 부과된 국세'라 함은 담보물권을 취득하는 사람이 장래 그 재산에 대하여 부과될 것을 상당한 정도로 예측할 수 있는 것으로서 오로지 당해 재산을 소유하고 있는 것 자체에 담세력을 인정하여 부과되는 국세만을 의미하는 것으로 보아야 한다.",
            "따라서 당해세는 담보물권 취득자의 이러한 예측가능성의 유무에 따라 제한되는 것인바, 이 사건의 경우 00이 이 사건 부동산에 관하여 그에게 부과된 증여세를 회피할 목적으로 매매를 원인으로 하여 소유권이전등기를 경료하였다 하여 증여세를 부과고지를 한 것이다.",
            "피고의 근저당권설정등기는 이 사건 부동산에 관하여 1994. 5. 7. 위 00 앞으로 소유권이전등기가 마쳐진 뒤로 부터 1년 9개월이 지나서 마쳐진 사실, 그 당시에는 이미 원고로부터 압류등기가 마쳐졌다가 말소된 사실은 앞서 본 바와 같으므로, 이 사건과 같이 등기원인이 매매로 된 경우 담보물권을 취득하고자 하는 자에게 매도인과 매수인의 관계를 조사하여 그 물건이 증여된 것인지 여부를 조사할 의무는 없다.",
            "더군다나 이 사건의 경우는 원고로부터 압류등기가 마쳤다가 말소된 사실이 있어 그 물건이 정당한 거래에 의하여 매도된 것으로 여겨질 만한 충분한 사정이 있는 점에 비추어 보면, 피고가 이 사건 부동산에 관하여 증여세가 부과될 것이라고 예측하기는 불가능하다고 보여진다.",
            "원고의 조세채권은 국세기본법 제35조 제1항 제3호 단서에서 말하는 '그 재산에 대하여 부과된 국세와 가산금', 즉 이른바 당해세에 해당하지 않는다고 할 것이어서, 원고의 주장은 이유 없다."
        ]
    },
    "close": {
        "cnclsns": [
            "원심판결 중 피고 패소부분을 취소하고, 그 부분에 해당하는 원고의 청구를 기각한다.",
            "소송비용은 제 1, 2심 모두 원고의 부담으로 한다."
        ]
    }
}