{
    "info": {
        "caseField": "1",
        "detailField": "1",
        "trailField": "2",
        "caseNm": "배당이의",
        "courtNm": "서울고등법원",
        "judmnAdjuDe": "2003. 05. 07.",
        "caseNo": "2001나57671",
        "relateLaword": [],
        "qotatPrcdnt": []
    },
    "concerned": {
        "acusr": "2",
        "dedat": "1"
    },
    "org": {
        "orgJdgmnCourtNm": "춘천지방법원 ",
        "orgJdgmnAdjuDe": "2001. 8. 23. ",
        "orgJdgmnCaseNo": "2000가합560"
    },
    "disposal": {
        "disposalform": "10",
        "disposalcontent": [
            "원심판결을 취소한다.",
            "춘천지방법원 99타기1843(99타기2060, 2243, 2515, 2749, 2000타기112, 134, 271 병합)호 배당절차 사건에 관하여위 법원이 2000. 3. 29. 작성한 배당표 중 원고에 대한 배당액 297,468,170원을 1,147,468,170원으로, 피고 00에 대한배당액 4억 원, 피고 00에 대한 배당액 2억 원, 피고 00에 대한 배당액 2억 5,000만 원을 각 삭제하는 것으로 경정한다.",
            "소송비용은 1, 2심을 통하여 피고들의 부담으로 한다."
        ]
    },
    "mentionedItems": {
        "rqestObjet": [
            "원심판결을 취소한다.",
            "춘천지방법원 99타기1843(99타기2060, 2243, 2515, 2749, 2000타기112, 134, 271 병합)호 배당절차 사건에 관하여위 법원이 2000. 3. 29. 작성한 배당표 중 원고에 대한 배당액 297,468,170원을 1,147,468,170원으로, 피고 00에 대한배당액 4억 원, 피고 00에 대한 배당액 2억 원, 피고 00에 대한 배당액 2억 5,000만 원을 각 삭제하는 것으로 경정한다.",
            "소송비용은 1, 2심을 통하여 피고들의 부담으로 한다."
        ]
    },
    "assrs": {
        "acusrAssrs": [
            "원고는 이 사건 청구원인으로, 피고들은 원고 회사를 인수한 00, 00과 사이에 00에 대한 대여금채권을 집행채권으로 한 이 사건 전부금, 추심금채권을 포기하기로 합의하였기에, 이 사건 배당절차에서 피고들이 전부권자 및 추심권자로서 배당받은 것은 부당하다고 주장한다."
        ],
        "dedatAssrs": [
            "피고들은, 원고는 00의 한전에 대한 이 사건 공사수급인의 지위를 승계한 자로서 이 사건 배당절차에서 채무자에 불과하므로 배당이의의 소를 제기할 원고적격이 없다고 항변한다."
        ]
    },
    "facts": {
        "bsisFacts": [
            "00(사실상 운영자는 그의 남편인 소외 00이다)은 '0000'이라는 상호로 배전공사업체를 운영하면서 1998. 2. 14. 한국전력공사와 사이에 공사명 '98 특수단가계약공사' , 담당지역 '구 00시 기준도로우측지역, 00, 00, 00, 00 일부, 00 일부' , 추정계약금액 '1,820,254,500원, 공사기간 1998. 2.14. ~ 1999. 12. 31.까지'로 된 배전공사도급계약(이하 '이 사건 공사계약'이라고 한다)을 체결하였다.",
            "원고는 1999. 6.18. 00과 사이에 0000의 전기공사업 면허 및 이 사건 공사계약상 모든 권리의무를 승계하기로 하는 약정을 체결하였고, 1999. 6. 22. 한전과 사이에 이 사건 공사계약의 수급인도 원고로 변경하였다.",
            "피고 00은 00에 대하여 공증인가000 작성 1999년 증서 제57호 집행력 있는 공정증서 정본에 기한 4억원의 채권이 있어 그 집행을 위하여 1999. 1. 23. 00지방법원 99타기188호로 00의 한전에 대한 이 사건 공사계약에 기한 공사대금채권 중 4억 원의 부분에 대하여 채권압류 및 전부명령을 받았고, 그 결정정본이 1999. 1. 26. 한전에 송달되어 그 무렵 확정되었다.",
            "피고 00은 00에 대하여 공증인가 000 작성 1998년 증서 제3847, 3848호 집행력 있는 공정증서 정본에 기한 2억 원의 채권이 있어 그 집행을 위하여 1999. 1. 23. 00지방법원 99타기189호로 00의 한전에 대한 이 사건 공사대금채권 중 2억 원의 부분에 대하여 채권압류 및 전부명령을 받았고, 그 결정정본이 1999. 1. 26. 한전에 송달되어 그 무렵 확정되었다.",
            "피고 00은 00에 대하여 공증인가 000 작성 1998년 증서 제3236호 집행력 있는 공정증서 정본에 기한 2억 5,000만 원의 채권이 있어 그 집행을 위하여 1999. 3. 17. 00지방법원 99타기599호로 00의 한전에 대한 이 사건 공사대금채권 중 2억 5,000만 원의 부분에 대하여 채권압류 및 추심명령을 받았고, 그 결정정본이 1999. 3. 18. 한전에 송달되었다.",
            "제3채무자인 한전은 00의 한전에 대한 이 사건 공사대금채권에 관하여 피고들의 위 압류 이외에도 수 개의 가압류결정을 송달받게 되자 00에게 지급할 공사대금으로 8회에 걸쳐 합계 1,666,714,500원을 공탁하였다.",
            "그 후 2000. 3. 29. 위 공탁금에 대하여 실시된 00지방법원 99타기1943(99타기2060, 2243, 2515, 2749, 2000타기112,134, 271 병합)호 배당절차의 배당기일에 피고 00에게 4억 원, 피고 00에게 2억 원, 피고 00에게 2억 5,000만 원 등을, 원고에게 채권양수인으로서 40,108,780원 및 채무자(00)의 승계인으로서 잉여금 297,468,170원을 각 배당하는 내용의 배당표가 작성되었다.",
            "원고는 위 배당표에 대하여 이의를 제기한 후 같은 해 4. 4. 이 사건 소를 제기하였다."
        ]
    },
    "dcss": {
        "courtDcss": [
            "이 사건 배당표에 의하면 원고가 채무자로서 채권자들에 대하여 먼저 배당을 하고 남은 금액을 잉여금으로 수령한 것으로 기재되어 있다.",
            "그러나 원고는 피고들에 대한 관계에서 00의 지위를 승계한 채무자가 아니라 1999. 5. 20.자 00과 피고 00, 00 사이의 약정, 같은 날 00과 피고 00, 00의 사이의 약정, 1999. 5. 31.자 000, 00과 00, 00 사이의 약정 및 1999. 6. 22. 원고와 한전 사이의 이 사건 공사계약상 수급인을 원고로 변경하기로 한 합의 과정을 거쳤다.",
            "위 약정 및 합의 당시까지 발생한 00의 한전에 대한 공사대금채권을 양수함과 동시에 그 이후로의 00의 한전에 대한 이 사건 공사계약상의 권리와 의무를 승계한 후 이 사건 공사를 완공하여 피고들에 대한 채무 없이 한전에 대한 채권만을 보유하고 있는 채권자라고 할 것이다.",
            "따라서 이 사건 배당절차에 있어서 원고는 피고들에 대하여 압류권자에 대한 채무자의 지위가 아니라 압류권자와 대등한 채권 양수인 또는 한전에 대한 단순채권자의 지위를 보유하고 있어, 이 사건 배당절차에서 이의를 할 수 있는 당사자적격이 있다 할 것이다.",
            "제3채무자인 한전이 공탁한 위 총액(16여억 원)과 위 피고들이 전부 받은 채권액(6억 원)을 단순 비교할 경우, 위 피고들이 채무자 00의 제3채무자 한전에 대한 총채권액보다 적은 금액에 대하여 전부명령을 받았으므로 위 피고들의 위 각 전부명령은 압류의 경합이 없는 상태에서 발령되어 위 각 전부명령이 한전에 송달된 때 피전부채권 6억 원은 바로 위 피고들에게 전부된 것처럼 보인다.",
            "위 피고들의 각 전부명령이 한전에 송달된 이후로 한전이 1999. 8. 4. 춘천지방법원에 232,840,920원을 공탁한 사실을 더하여 보면, 00과 00은 1999. 3. 초순경자금부족으로 부도를 내 이 사건 공사를 제대로 진행하지 못한 사실, 00이 1999. 4.경 000 을 인수하여 이 사건 공사를 재개하였으나 곧 포기한 사실을 알 수 있다.",
            "이 사건 공사는 뒤에서 보는 바와 같은 경위로 원고가 00의 지위를 승계한 1999. 6. 중순 이후에야 비로소 재개되어 진행된 사실, 따라서 위 피고들의 위 각 전부명령이 송달될 무렵에는 00의 한전에 대한 공사대금채권은 거의 없었던 사실이 엿보이므로, 같은 날 제3채무자인 한전에 송달된 위 각 전부명령은 압류의 경합으로 무효가 되었다고 할 것이다.",
            "또한 원고 자신이 비용을 투입하여 공사를 한 부분에 대한 공사대금채권은 00의 한전에 대한 채권이 아니라 원고의 채권으로서 그 전부명령 당시 피전부채권이 존재하지 아니하였으므로, 그 전부의 효과가 발생하지 아니한다고 할 것이다.",
            "따라서 위 공탁을 위 피고들에 대한 변제공탁이라고 볼 수 없을 뿐만 아니라 가사 위 피고들이 이 사건 배당절차에서 전부권자로서 배당받은 전부금 6억 원이 변제공탁금을 수령한 것에 불과하다고 보더라도, 이는 한전이 존재하지 않는 채무에 대하여 존재하는 것으로 알고 공탁한 것이므로 변제의 효과가 생기지 아니한다.",
            "피고 00, 00이 이 사건 전부금채권은 이 사건 제1약정에 따라 소멸되었고, 피고 00의 00에 대한 채권도 1999. 2. 23. 피고 00, 00에게 양도되어 위 제1약정에 따라 함께 소멸되었다고 할 것이므로, 피고들이 이 사건 배당절차에서 받은 배당금은 원고에 대한 관계에서는 효력이 없는 전부금 및 추심금채권에 기한 것이다.",
            "따라서 이 사건 배당표 중 피고 00에 대한 배당액 4억 원, 피고 00에 대한 배당액 2억 원, 피고 00에 대한 배당액 2억 5,000만 원은 각 삭제되고, 원고에 대한 배당액 297,468,170원은 1,147,468,170원으로 변경되어야 할 것이다.",
            "갑26호증의 1, 2, 갑33호증의 각 기재에 의하면, 원고가 1999. 6. 18. 한전에 대하여 이 사건 공사를 비롯하여 00이 한전으로부터 발주 받아 시공 중인 모든 공사계약상의 권리의무를 승계하기로 하는 내용의 각서를 작성, 제출한 사실, 그리고 위 각서에는 채권압류 진행 건과 관련된 모든 권리의무도 승계하는 것으로 기재된 사실을 인정할 수 있다.",
            "한전이 00에게 발주한 공사도급계약의 수급인 명의를 개인사업체인 000에서 법인사업체인 원고로 전환하면서 원고가 한전에 대한 관계에서 00과 주체가 다르다는 이유로 채무의 귀속 주체, 즉 위 가압류, 압류, 추심 및 전부명령에 있어 채무자로서의 지위를 다투지는 않음으로써 공사계약상 수급인 지위의 변동과 관련하여 한전에 불안 또는 위험이나 손해를 끼치는 일이 없도록 하겠다는 취지였다.",
            "원고가 소외 00, 00 부부의 원고에 대한 이 사건 차용금 채무를 인수하겠다는 취지로 보기는 어렵다 할 것이고 따라서 원고가 한전에 대한 관계에서 00의 지위를 승계한 이후로 자신의 비용으로 공사를 진행하여 얻게된 이 사건 공사대금채권은 피고들이 행한 압류 또는 전부나 추심의 대상이 아니라고 할 것이어서, 이 점에 있어서도 이 사건 배당절차에서 피고들은 배당받을 권리가 없다고 할 것이다.",
            "000 의 채무뿐만 아니라 000 의 채무와 관련된 부분까지 포함하여 자신이 발행한 모든 어음, 수표를 반환하여 달라고 요구한 사실은 인정되나, 나아가 00, 00이 이에 동조하면서 위 제1, 2 약정에 따른 금전지급(00 2억 원, 00 3천 만원)을 거부하여 무효로 하거나 해제하기로 하였다는 점에서 이에 부합하고 인정할 만한 증거가 없다. ",
            "00이 위 피고들에게 그와 같은 요구를 하더라도 피고들로서는 이 사건 제1약정에 따라 00에게 000의 00에 대한 채권과 관련된 어음, 수표만을 반환하면 될 터이므로, 비록 00이 위 피고들에게 자신이 발행한 모든 어음,수표를 반환하지 않으면 000이나 원고 회사를 00에게 양도하는 데에 협조하지 않겠다고 말하였더라도 그러한 사정만으로는 이 사건 제1약정이 이행불능이 되거나 그 효력에 어떠한 영향을 미치지 않는다고 보인다.",
            "00의 위 피고들에 대한 대금 2억 원의 지급의무는, 이 사건 제1약정의 취지에 비추어 위 피고들의 반대의무 즉 이 사건 공사대금 채권에 대한 압류 및 가압류의 해제, 00에 대한 차용금 채권과 관련된 어음, 수표의 반환 등과 동시이행의 관계에 있다고 할 것이다.",
            "그런데, 위 피고들이 앞서 본 바와 같이 00으로부터 약정 대금 2억 원을 은행구좌에 예치하여 놓았으니 위 약정에 따른 반대의무를 이행함과 동시에 수령하라는 통지를 받고서도 위 약정에 따른 반대의무는 이행하지 아니한 것으로 간주된다.",
            "오히려 00이 약정 대금을 지급하지 않는다는 이유로 00의 위 예금채권에 대하여 가압류명령을 받기까지 하였다가 00의 이의로 취소당한 사실을 엿볼 수 있는 이상 00이 위 약정을 제대로 이행하지 아니하였다고 할 수 없다.",
            "피고 00, 00이 1999. 6. 9. 한전에게 00에 대한 공사대금채권 양도를 철회한다고 통지하고, 00도 같은 해 6. 14. 위 피고들에게 1억 원의 양도대금을 지급할 의무가 없다고 주장하면서 한전에게 공사대금채권 양수사실을 일방적으로 통지하였다.",
            "그리고 같은 해 6. 15. 및 같은 달 25. 위 피고들에게 위 피고들의 약속불이행으로 인하여 1억 원을 추가 지급하겠다는 지불각서는 무효로 되었다고 통지하자, 위 피고들이 다시 같은 해 7. 5. 한전과 00에게 00이 채권양도대금을 지급하지 않았으므로 공사대금채권 양도는 무효라고 통지한 사실을 인정할 수 있다.",
            "이 사건 제1, 2약정은 서로 별개의 약정으로서 위 피고들과 00 사이에 이루어진 이 사건 제2약정의 해제 및 그 효력 여부가 위 피고들과 00사이에 이루어진 이 사건 제1약정의 효력에 영향을 미친다고 보기는 어렵다."
        ]
    },
    "close": {
        "cnclsns": [
            "원심판결을 취소한다.",
            "춘천지방법원 99타기1843(99타기2060, 2243, 2515, 2749, 2000타기112, 134, 271 병합)호 배당절차 사건에 관하여위 법원이 2000. 3. 29. 작성한 배당표 중 원고에 대한 배당액 297,468,170원을 1,147,468,170원으로, 피고 00에 대한배당액 4억 원, 피고 00에 대한 배당액 2억 원, 피고 00에 대한 배당액 2억 5,000만 원을 각 삭제하는 것으로 경정한다.",
            "소송비용은 1, 2심을 통하여 피고들의 부담으로 한다."
        ]
    }
}