{
    "info": {
        "caseField": "1",
        "detailField": "1",
        "trailField": "1",
        "caseNm": "영업비밀침해행위에대한금지청구의소",
        "courtNm": "인천지법",
        "judmnAdjuDe": "2004. 11. 19.",
        "caseNo": "2001가합2507",
        "relateLaword": [
            "부정경쟁방지및영업비밀보호에관한법률 제2조",
            "부정경쟁방지및영업비밀보호에관한법률 제10조"
        ],
        "qotatPrcdnt": [
            "대법원 1996. 12. 23. 선고 96다16605 판결(공1997상, 501)",
            "대법원 1998. 2. 13. 선고 97다24528 판결(공1998상, 715)"
        ]
    },
    "concerned": {
        "acusr": "2",
        "dedat": "2"
    },
    "org": {
        "orgJdgmnCourtNm": "",
        "orgJdgmnAdjuDe": "",
        "orgJdgmnCaseNo": ""
    },
    "disposal": {
        "disposalform": "10",
        "disposalcontent": [
            "원고의 청구를 기각한다.",
            "퇴직시점인 2000. 6.경으로부터 기산하여 이미 4년 이상의 기간이 경과한 현 단계에서 00 및 피고 회사에 대한 영업비밀침해금지의무가 더 이상 유지된다고 볼 수 없기 때문에, 원고 회사가 00 및 피고 회사에 대하여 그 영업비밀침해로 인한 손해의 배상을 구하는 것은 별론으로 하고, 피고 회사에 대하여 영업비밀침해금지의무가 부과되고 있음을 전제로 하는 원고의 이 사건 청구는 더 나아가 살펴볼 것 없이 이유 없다.",
            "소송비용은 원고의 부담으로 한다."
        ]
    },
    "mentionedItems": {
        "rqestObjet": [
            "별지 제1목록 기재 각 기술정보를 사용하거나 이를 제3자에게 공개하여서는 아니되고, 별지 제1목록 기재 기술정보를 사용하여 별지 제2목록 기재 각 제품 또는 별지 제3목록 기재 각 생산설비를 제조, 제조위탁 또는 판매하여서는 아니된다.",
            "피고는 공장, 사무실, 창고, 영업소 또는 그 이외의 장소에 보관하고 있는 별지 제2목록 기재 제품 및 반제품과 그 제작에 사용되는 별지 제3목록 기재 생산설비를 폐기한다."
        ]
    },
    "assrs": {
        "acusrAssrs": [
            "원고 회사는 피고 회사가 원고 회사의 영업비밀을 침해하여 원고 회사의 제조 공정과 유사하거나 동일한 방식으로 원고 회사가 생산하는 제품과 동일한 BECM을 제조하여 판매하고 있어 자신의 영업상의 이익이 침해되고 있으므로 피고 회사를 상대로 영업비밀 침해행위에 대한 금지 등을 구하고 있다.",
            "별지 제1목록 기재의 각 기술정보는 원고 회사가 BECM의 제조와 관련하여 보유하고 있던 기술정보로서 그 내용은 피고 회사에 의해 침해되기 전까지 비공지성, 경제적 유용성, 비밀관리 노력 등의 요건을 구비하고 있어서 부정경쟁방지및영업비밀보호에관한법률(이하 '영업비밀보호법'이라고 한다)에서 보호되고 있는 영업비밀에 해당한다.",
            "00은 원고 회사에서 근무하면서 알게 된 위 영업비밀에 대하여 원고 회사와의 관계에 있어서 계약상의 혹은 신의칙상의 비밀유지의무를 부담하고 있음에도 불구하고, 위 영업비밀 중 일부의 내용을 CD에 담아서 절취하여 피고 회사에 공개하였다.",
            "위 의무에 반하여 자신이 알고 있던 위 영업비밀을 사용하거나 공개하였고, 피고 회사는00의 이러한 영업비밀 침해행위를알고서도 그 영업비밀을 취득하여 이를 사용하여 BECM을 제조하여 원고 회사의 위 영업비밀을 침해하였다."
        ],
        "dedatAssrs": [
            "원고 회사가 00의 영업비밀침해행위의 하나로서 주장하고 있는 CD 부분은 00이 원고 회사에 근무하면서 부하 직원들로부터 보고받는 내용들이 서면으로 보고하기에는 너무 많고, 또 보고받은 내용을 퇴근하여 집에서도 검토할 필요가 있어서 CD로 보고받았던 것으로서 이를 집에 보관하고 있던 상태에서 박진수와의 사이가 나빠지고 원고 회사를 퇴사하는 과정에서 반환할 기회가 없어 보관하고 있었을 뿐이며 이를 절취한 것은 아니다.",
            "원고 회사가 자신의 영업비밀로서 주장하는 내용들의 대부분은 00이 원고 회사에 입사하기 전부터 이미 지득하고 있는 내용이거나, 원고 회사에 근무하면서 스스로 개발한 것으로서 그것이 영업비밀로서의 가치를 갖는다고 하더라도 이는 00에게 귀속되는 것이다.",
            "가사 그렇지 않다고 하더라도, 원고 회사와 00 사이에서의 비밀유지약정이 포함된 1999. 1. 20.자 계약은 원고 회사 및 피고가 모두 해제를 주장하고 있으므로 당사자간의 의사합치에 의해 해제되었다고 할 것이어서 위 계약 및 그 내용의 일부인 00의 비밀유지약정은 더 이상 효력을 가지지 않는다고 할 것이다.",
            "또한, 원고 회사가 영업비밀이라고 주장하는 내용의 대부분은 이 사건 BECM과 같은 제품을 자동화 공정을 통해 생산함에 있어 누구나 쉽게 설계하여 사용할 수 있는 기술로서 이미 업계에 공지된 것이어서 특별한 영업비밀로서의 가치를 가지지 않는 내용들이거나, 역설계를 통해 쉽게 생각해낼 수 있는 것들이다.",
            "이를 두고 영업비밀보호법에서 보호하고 있는 영업비밀이라고 볼 수 없다."
        ]
    },
    "facts": {
        "bsisFacts": [
            "원고 회사(OOO에서 상호변경)는 전기전자 부품, 음향기기 부품 등의 제조, 판매업을 목적으로 1987. 8. 5. 설립된 회사이다.",
            "피고 회사는 00이 원고 회사를 퇴사하여 프로용 피에이 음향시스템, 정보통신용 음향부품, 방송장비 및 통신기기 부품, 방송수신기 및 음향기기 제조업 등을 목적으로 2000. 7. 10. 설립한 회사이다.",
            "00은 북한에서 일렉트릿 마이크로폰의 연구, 개발 등의 업무에 종사하다가 1996. 4.경 귀순한 음향 기술자로서 1996.12.경부터 전자부품종합기술연구소 선임연구원으로 근무하다가, 1997. 8.경 원고 회사에 영입되어 2000. 6.경까지 원고 회사의 전기음향연구소장으로 재직하면서, 콘덴서 마이크로폰의 제품연구, 제품소재 개발, 생산설비 개발업무, 관리 업무 등을 총괄하였다.",
            "00은 1998. 12.경부터 원고 회사의 대표이사인 소외 00에 대하여 자신에 대한 대우를 조정해 달라고 요구하였다.",
            "이에 따라 원고 회사는 1999. 1. 20. 00과의 사이에, 원고 회사는 00에게 특별상여금과 격려금조로 40평 이상 아파트와 현금 10억 원을 지급하고, 프로마이크 전문제조회사를 설립하며, 00은 위 연구소의 연구개발계획에 따른 연구를 진행하였다.",
            "이와 관련된 모든 설비 및 지적소유권은 원고 회사 소유로 하고, 00이 연구소 재임시 개발한 연구실적은 원고 회사에게 속하며 그와 관련된 업무상 기밀 및 기술사항은 다른 곳에 응용, 사용할 수 없으며 또한 보안을 유지하기로 약정{갑 제3호증(갑제12호증의 17 및 을 제6호증과 같음)}하였다.",
            "원고 회사는 00에게 위 약정에 따라 아파트을 제공하고 금 5억 원을 지급하였다.",
            "2000. 5. 29.경 00과 00는 위 1999. 1. 20.자 약정의 내용을 구체화하고, 00의 원고 회사에 대한 기여에 대한보상차원에서 원고 회사의 주식을 00에게 지급하는 문제 등에 관하여 서로 협상을 하였으나 양측의 의견차이를 좁히지 못하여 결국 실패하였다.",
            "그에 따라 00은 2000. 6.경 원고 회사를 퇴사하여 2000. 7.10. 피고 회사를 설립하고 대표이사로취임하였다.",
            "한편, 00은 원고 회사에 근무하던 2000. 4.경 당시 원고 회사가 생산하고 있던 백 일렉트릿 콘덴서 마이크로폰(Back\u0002type Electret Condenser Microphone, 이하 'BECM'이라고 한다)의 제조 공정에관한 자료를 부하직원들로부터 CD에 담아서 보고할 것을 요구하여 이를 제출받은 후 자신의 집에 보관하고 있다가, 00로부터 형사고소를 당하여 수사를 받는 과정에서 그 CD가 발견되어 압수당하였다.",
            "그 CD에는 별지 제4목록 기재와 같은 내용의BECM 제조 공정 중 일부에 관한 내용이 담겨 있었다. ",
            "00은 2000. 7. 10. 피고 회사를 설립한 후 현재까지 원고 회사의 생산품과 동일한 종류의 BECM을 제조하여 판매하고 있다. ",
            "ECM은 일렉트릿의 위치가 진동판에 있는지 아니면 배극에 위치하고 있는지 여부에 따라 프론트 타입(Front type)과 백타입(Back type)으로 구별된다.",
            "백 타입의 경우 진동판에는 진동에 적합한 최적의 필름을 사용하고 배극에 일렉트릿 고분자 필름을 열융착 또는 접착하여 일렉트릿으로 사용하므로 프론트 타입보다 좋은 특성을 가지는데 이러한백 타입(Back type) ECM을 BECM이라고 부른다."
        ]
    },
    "dcss": {
        "courtDcss": [
            "위 계약관계 등에 의하여 영업비밀을 비밀로서 유지하여야 할 의무가 있는 자에는 명시적인 문언에 의한 비밀유지약정을체결한 경우뿐만 아니라, 인적신뢰관계의 특성 등에 비추어 신의칙상 또는 묵시적으로그러한 의무를 부담하기로 약정하였다고보아야 할 경우도 포함된다고 할 것이다.",
            "따라서 계약의 문언에 의해서 혹은 신의칙에 비추어 비밀유지의무를 부담하고 있는 자가 그에 반하여 비밀을 사용하거나 공개하는 행위 및 이를 알거나 혹은 중대한 과실로 알지 못하고 그 영업비밀을 취득, 사용,공개하는 행위 등은 영업비밀침해행위에해당한다고 할 것이다.",
            "원고 회사가 00과 사이에 1999. 1. 20.자 약정을 체결한사실 및 그 약정에 따른 의무로서 00이원고 회사에 재직중 취득한 영업비밀을 유지하기로 약정한 사실과 00이 원고 회사에 재직하면서 개발한 기술 등에 관한 권리를 원고 회사에 귀속시키기로 약정한 사실은 앞에서 본 바와 같다.",
            "원고 회사와 00 사이의 1999. 1. 20.자 계약은 당사자 사이의 의사합치에 의해 해제되었다고 할 것이다.",
            "00은 더 이상 1999. 1. 20.자 약정에 기한 비밀유지의무는 부담하지 않는다고 할 것이다.",
            "그러나 위와 같이 고용주와 근로자 사이에서 약정에 따른 비밀유지의무가 인정되지 않는다고 하더라도 앞에서 본 바와 같이 영업비밀보호법의 입법 취지와 근로계약 및 비밀유지의무의 성질 등을 고려하면 근로자는퇴직 후에도 그 고용주 또는 영업비밀의 보유자를 해하지 아니할 신의칙상의 의무를 가진다고 할 것이다.",
            "00은 원고 회사에 근무하는 도중에 지득한 영업비밀에대해서는 원고 회사로부터 퇴직한 이후에도 신의칙상 상당한 기간 동안은 영업비밀유지의무를 부담한다고 할 것이다(OO이원고 회사에 대하여 신의칙상의 영업비밀유지의무를 부담하는 이상, 그가 CD 속의 원고회사 영업비밀을 사용하거나 공개하였다면, 그가 그 CD를 절취한 것인지 여부는 그의 영업비밀유지의무의 존부 및 영업비밀침해행위에의 해당 여부에 영향을 미치지않는다고 할 것이다).",
            "피고 제출의 각 증거들만으로는 위 각 주장사실을 인정하기에 부족하고 달리 이를 인정할 증거가 없으므로 피고의 이 부분 주장은 받아들이지 아니한다. ",
            "피고 회사는 별지 제1목록 기재 각 기술정보(OO이 원고 회사로부터 퇴직하면서 반환하지 않고 보유하고 있던 CD에저장되어 있던 기술정보 및 OO이 원고 회사에 근무하면서 지득하게 된 기술정보)를 사용함으로써 회사 설립 후 불과 3-4개월의 짧은 기간 안에 원고 회사가 생산하고 있던 것과 동일한 종류의 BECM을 양산할 수있을 정도의 생산설비 및 기술정보를갖추게 되었고, 현재까지 위 각 기술정보들을 사용하여 BECM을 생산하고 있다.",
            "영업비밀보호법 제2조 제2호의 영업비밀 이라 함은, 공연히 알려져 있지 아니하고 독립된 경제적 가치를 가지는 것으로서, 상당한 노력에 의하여 비밀로 유지된 생산방법, 판매방법 기타 영업활동에 유용한 기술상 또는 경영상의 정보를 말한다.",
            "영업비밀을 보호하는 목적은 그 영업비밀 자체의 보호에 있는 것이 아니고, 비밀로 관리되고 있는 타인의 정보를 부정한 수단으로 취득하여 경쟁상 유리한 지위를 차지하려는 행위를 막아 건전한 경쟁질서를 유지하고자 함에 있다.",
            "앞에서 본 사실관계에 의하면, 원고 회사의 BECM 제조 공정에 관한 별지 제1목록 기재 각 기술정보들은 비공지성, 경제성, 비밀유지노력등 영업비밀로서의 요건을 모두 갖추었다고 봄이 상당하다.",
            "위 영업비밀은 영업비밀보호법 소정의 보호의 대상이 되는 영업비밀에 해당된다고 할 것이다.",
            "피고 회사가 위 영업비밀을 사용하여 기계설비를 제작하고 원고 회사와 동일한 종류의 BECM을 제조하여 판매하고 있는 이상, 이로 인해 원고의 이 사건 영업비밀이 침해되고 있다고 할 것이다.",
            "특별한 사정이 없는 한, 이사건 영업비밀의 보유자인 원고는 위 영업비밀의 침해를 중단시키기 위하여 피고에 대하여 위 영업비밀침해행위의 금지와 침해행위를 조성한 물건의 폐기, 침해행위에 제공된 설비의 제거 기타 침해행위의 금지 또는 예방을 위하여 필요한 조치를 청구할 수 있다고 할 것이다.",
            "그 퇴직시점인 2000. 6.경으로부터 기산하여 이미 4년 이상의 기간이 경과한 현 단계에서 00 및 피고 회사에 대한 영업비밀침해금지의무가 더 이상 유지된다고 볼 수 없다.",
            "원고 회사가 00 및 피고 회사에 대하여 그 영업비밀침해로 인한 손해의 배상을 구하는 것은 별론으로 하고, 피고 회사에 대하여 영업비밀침해금지의무가 부과되고 있음을 전제로 하는 원고의 이사건 청구는 더 나아가 살펴볼 것 없이 이유 없다."
        ]
    },
    "close": {
        "cnclsns": [
            "원고의 청구를 기각한다.",
            "소송비용은 원고의 부담으로 한다."
        ]
    }
}