{
    "info": {
        "caseField": "1",
        "detailField": "1",
        "trailField": "2",
        "caseNm": "전부금등",
        "courtNm": "서울고등법원",
        "judmnAdjuDe": "2004. 02. 05.",
        "caseNo": "2001나59776",
        "relateLaword": [
            "상법 제320조",
            "민법 제59조"
        ],
        "qotatPrcdnt": []
    },
    "concerned": {
        "acusr": "2",
        "dedat": "1"
    },
    "org": {
        "orgJdgmnCourtNm": "서울지방법원",
        "orgJdgmnAdjuDe": "2001.8.28.",
        "orgJdgmnCaseNo": "98가합5123"
    },
    "disposal": {
        "disposalform": "10",
        "disposalcontent": [
            "원심판결 중 아래의 금액에 대한 원고 및 원고승계참가인의 패소부분을 취소한다.",
            "피고들은 각 원고 및 원고승계참가인들에게 별지 인용금액표 합계란 기재 각 해당금액과 그 중 원금란 기재 해당금액에 대하여 각 지연이자기산일란 기재 각 해당일자부터 2004. 2. 5.까지는 연 17%의, 그 다음날부터 완제일까지는 연 20%의 각 비율로 계산한 금원을 지급한다.",
            "원고 및 원고승계참가인의 각 나머지 항소를 모두 기각한다. ",
            "소송총비용은 피고들의 부담으로 한다. ",
            "제1항은 가집행할 수 있다. "
        ]
    },
    "mentionedItems": {
        "rqestObjet": [
            "원심판결을 취소한다.",
            "피고들은 각 원고 및 원고승계참가인(이하 참가인이라고 한다)들에게 별지 청구금액표 합계란 기재 각 해당금액과 그 중 원금란 기재 각 해당금액에 대하여 지연이자기산일란 기재 각 해당일부터 종료일란 기재 각 해당일까지 이자율란 기재 각 해당 비율로 계산한 금원을 지급한다."
        ]
    },
    "assrs": {
        "acusrAssrs": [],
        "dedatAssrs": [
            "피고들은 원고가 이 법원 2001나59769호 (서울지방법원 98가합5116호) 사건에서 위 공사대금의 지급을 구하면서 이 사건 소에서도 동일한 공사대금의 지급을 구하고 있기에, 중복제소에 해당한다고 주장한다."
        ]
    },
    "facts": {
        "bsisFacts": [
            "1992. 1. 1. 당시 설립 중이던 000, 000, 000, 000, 000, 000, 000, 000, 000, 000(이하 위 각 주택조합을 각 단위조합이라고 하고, 000만을 별도로 칭할 때는 재건축조합이라고 한다) 등 10개의 단위조합이 있다.",
            "단위조합은 아파트건설사업 시행대행업체인 0000 및 소외 1의 주도로 0000 일대에 아파트건설사업을 공동으로 시행하기 위해 각 단위조합과 조합원들을 구성원으로 하는 비법인사단인 000(이하 연합조합 이라고 한다)을 설립하기로 하여 연합조합규약을 제정하였다.",
            "그 규약에 따라 1992. 11. 10. 각 단위 조합의 조합장들로 구성된 연합조합 운영위원회의 결의로 소외 1 을 연합조합의 조합장으로 선출하였다",
            "재건축조합을 제외한 각 단위조합은 0000 및 소외 1 의 주도로 각 단위조합의 조합원 겸 연합조합의 조합원들을 모집하여 1992. 12. 30.부터 1993. 9. 7.경까지 사이에 관할관청으로부터 설립인가를 받았고, 재건축조합은 1994. 7. 12. 설립인가를 받았다.",
            "피고들은 연합조합 및 각 단위 조합에 가입하면서 위에서 본 바와 같이 제정된 연합조합의 규약에 동의한다는 취지가 기재되어 있고, 연합조합장의 성명이 백지로 되어 있는 연합주택조합 규약 동의 및 연합조합장 선정 동의서 등에 각 서명날인하여 연합조합에 제출하였는데, 연합조약규약의 주요내용은 다음과 같다.",
            "연합조합은 0000 일대에 무주택자의 주택공급을 위하여 직장 및 지역주택조합이 연합하여 자금의 조달, 운영 및 기타 필요한 사업을 수행하는 것을 그 목적으로 하며, 조합주택건설의 종합적인 계획수립의 추진, 사업시행자로서의 제 법률행위, 토지의 매입과 공사도급계약 체결 및 관련 업무, 조합원의 구성, 조합원의 분담금의 관리 운용, 기타 사업시행자로서의 부수사업 및 업무를 수행한다.",
            "연합조합은 사업의 원활한 운영을 위하여 임원으로 연합조합장과 연합조합장이 선임하는 사무국장, 운영위원회의 결의로 선임하는 회계, 각 단위조합장으로 구성하는 운영위원, 운영위원 중에서 선임하는 1인의 감사위원을, 사무국장, 회계, 운영위원 및 감사위원으로 구성하고, 운영위원회의 결의는 재적위원 3분의2 이상의 참석과 2분의1 이상의 찬성으로 결의한다.",
            "조합원의 부담금은 토지매입대금 및 그 부대경비, 설계감리비, 인허가에 필요한 제용역의 대금, 건축공사비, 사업승인시 승인조건에 의하여 발생되는 경비, 조합의 운영경비, 기타 운영위원회에서 조합원의 부담금으로 결의한 경비로 하되, 조합원의 부담금 납부시기별 금액은 운영위원회의 결의에 따르고, 조합원이 정한 시기에 부담금을 납부하지 아니하는 경우에는 연 25%의 연체금리를 추가 부담하여야 한다.",
            "이 사건 사업의 건축 공사비는 평당 160만 원을 기준으로 하되, 그 적용이 불가능할 경우와 공사 착공 후 물가상승에 따르는 공사비 단가의 인상 적용은 공사도급계약서에 명기된 기준에 의하여 공사비를 산정 조정하되 이는 연합조합 운영위원회에서 확정한다.",
            "재건축조합을 제외한 각 단위조합과 연합조합은 당초 000를 시공사로 선정하여 도급계약 체결을 위한 협상을 하였으나 000이 이 사건 사업 부지 매입자금의 대여를 거절하는 바람에 다른 시공사를 물색하던 중 1993. 11. 9. 원고와 사이에 이 사건 사업부지에 00000(이하 이 사건 아파트라고 한다)를 건축하기로 하는 건설공사도급계약(이하 이 사건 공사계약이라고 한다)을 체결하고 그 후 계약내용을 일부 변경하였다.",
            "재건축조합은 1994. 8. 12. 원고와 사이에 이 사건 도급계약을 재건축조합에도 동일하게 적용하기로 합의하였다.",
            "연합조합이 각 단위조합 명의로 1994. 11. 15. 이 사건 사업계획승인을 받게 됨에 따라 원고는 1994. 12. 23. 이 사건 아파트의 신축공사를 전면착공하였는데, 9개동 777세대로 변경키로 함에 따라 연합조합 및 단위조합들은 1995. 2. 24. 원고와 사이에 위 사업계획변경에 따른 공사면적에 따라 공사대금을 지급하기로 추가로 약정하고, 1995. 4. 25. 성동구청장으로부터 사업계획변경승인을 받았다.",
            "한편 원고는 물가변동, 착공지연, 공법의 변경 등에 따라 연합조합에게 공사대금액의 조정을 요구하여 수차에 걸친 협상 끝에 1996. 6. 29. 연합조합 및 각 단위조합과 사이에 공사대금을 일괄하여 39억원을 인상하기로 합의하였다.",
            "원고는 1997. 6. 15.경 이 사건 아파트 등을 모두 완공하였으며, 그 무렵 각 단위조합의 조합원들은 아파트에 입주하고 그 소유권이전등기를 경료받았다.",
            "최종인가된 사업계획 및 인상된 공사대금을 기초로 한 아파트 등의 공사대금은 금 46,074,848,993원이고, 원고는 위 자금대여약정에 따라 연합조합에게 1993. 12. 15. 금 120,000,000원을 대여한 것을 비롯하여 그 무렵부터 1994. 9. 12.까지 합계금 13,928,380,000원을 대여하였다.",
            "원고의 연합조합 및 각 단위조합에 대한 위 대여금채권 전액 및 공사대금채권의 일부를 200억원의 한도 내에서 참가인에 양도하고, 참가인은 양도대금 상당액을 원고에게 지급하기로 하되, 연합조합 및 각 단위조합은 참가인이 양수한 공사대금채권 등을 팩토링대금으로 하여 상환계획표의 일정에 따라 이자 상당의 수수료를 포함한 팩토링대금을 1996. 3. 18.부터 1997. 12. 27.까지 사이에 변제하기로 하였다.",
            "그 채무의 이행을 지체할 때에는 장기신용은행의 일반자금대출에 적용되는 연체이자율에 따라 지급하기로 하며, 원고와 연합조합 등이 참가인에 대하여 위 팩토링약정에 기한 채무의 일부라도 기한 내에 변제하지 아니한 때에는 참가인의 통지에 의하여 모든 채무의 기한의 이익을 상실하고 지체없이 채무를 변제할 의무를 진다는 내용의 팩토링거래약정(이하 '이 사건 팩토링약정'이라고 한다)을 체결하였다.",
            "당시 원고는 위 약정에 따른 연합조합 및 각 단위조합의 참가인에 대한 팩토링채무를 연대보증하였다.",
            "원고는 위 약정에 따라 1995. 12. 18. 금 150억원{당시 잔존 대여금 채권 전액(원금 3,582,436,646원, 지연손해금 1,843,629,362원) 및 공사대금 채권 중 일부(원금 9,071,010,239원, 지연손해금 502,923,753원)}, 1996. 6. 28. 금 50억원(당시 공사대금 채권의 원리금 중 일부) 등 합계금 200억원의 채권을 참가인에게 양도하고 그 금액 상당을 수령하였다.",
            "연합조합은 1995. 2.경 조합원들을 상대로 사업추진 경과에 관한 설명회를 개최하여 조합원별 표준추정분담금이 당초 예정 분담금보다 많게 되어 25평형의 경우 89,895,000원, 33평형의 경우 124,374,000원에 이를 것이라고 고지하였다.",
            "연합조합 운영위원회는 조합원들의 분담금을 확정하기 위하여 공사가 완공될 무렵인 1997. 5.경부터 분담금정산작업에 착수하여 000으로 하여금 연합조합의 자산에 대한 감사를 실시하도록 하였는바, 재건축조합원을 제외한 나머지 조합원의 수 및 평형별로 안분한 금액을 개별 조합원의 표준분양가(25평형 107,759,778원, 33평형 148,447,108원)로 정하기로 하는 결의를 하였다(이하 이 사건 분담금 결의라 한다)."
        ]
    },
    "dcss": {
        "courtDcss": [
            "원고 및 참가인이 이 사건 소에서 지급을 구하는 것은 위 팩토링약정에 따라 참가인에게 양도된 공사대금채권 및 대여금채권의 변형물인 사전구상채권을 원인채권으로 하는 약약속어음고정증서에 기하여 전부받은 전부금채권 등인 반면, 원고가 위 2001나59769호 소송에서 지금을 구하는 것은 위 팩토링약정에 따라 참가인에게 양도한 부분을 제외한 나머지 공사대금채권인 사실은 기록상 명백하다.",
            "연합조합은 각 단위조합 및 그 조합원들을 구성원으로 하는 독립된 비법인 사단으로서 조합원들의 분담금을 징수할 권한을 갖는다 할 것이고, 연합조합의 규약상 그 분담금의 액수는 연합조합 운영위원회의 결의에 의하도록 규정하고 있으므로 연합조합의 조합원들인 피고들은 특별한 사정이 없는 한 연합조합에게 이 사건 분담금 결의에 따라 정해진 분담금을 납부할 의무가 있다 할 것이다.",
            "이 사건 제소일 현재 연합조합 및 각 단위조합은 원고에 대하여 금 1,467,915,698원의 사전구상금채무가 남아 있고 이와는 별도로 50억원 정도의 공사대금채무가 남아있는 사실, 위 연합조합 등은 위 각 채권을 변제할 능력이 없는 상태인 사실은 앞서 인정한 바와 같으므로 위 대위채무의 채무자들인 피고들은 위 사전구상채권에 기하여 연합조합을 대위한 원고에게 위 대위채무금을 지급할 의무가 있다 할 것이다.",
            "피고들은 원고 및 참가인들에게 각 해당금액 및 그 중 원금란 기재 금액에 대하여 지연이자기산일란 기재 해당 일자부터 이 판결 선고일인 2004. 2. 5.까지는 약정 지연손해금비율 범위 내에서 원고가 구하는 연 17%의, 그 다음날부터 완제일까지는 소송촉진등에관한특례법 등에서 정하는 연 20%의 각 비율로 계산한 지연손해금을 지급할 의무가 있다 할 것이다. ",
            "단위조합은 연합조합의 원고에 대한 대여금 채무를 담보하기 위하여 원고에게 대여한도인 145억원의 135%에 해당하는 195억원을 채권최고액으로 하여 근저당권설정등기를 경료하여 준 사실을 인정할 수 있으며, 위 근저당권 또한 피담보채권인 위 대여금 채권의 소멸과 함께 소멸하였다고 봄이 상당하다 할 것이다.",
            "사전구상채권을 담보하기 위하여 위 근저당권설정등기를 유용하기로 하였다 하더라도 채무자의 무자력은 채무자가 전혀 변제자력이 없다는 것을 의미하는 것이 아니고, 채무자의 일반재산이 총채권자의 채권을 변제하기에 부족하다는 것을 의미하는 것이다.",
            "위 공사계약의 체결 등 이 사건 사업추진에 관한 제반 법률행위를 할 권한이 연합조합에게 있는 점, 이 사건 사업에 관한 제반 법률행위에 대하여 연합조합 운영위원회의 결의에 의하도록 한 위 연합조합규약의 취지 등에 비추어 볼 때 위 공사계약 등의 체결에 관하여 피고 조합들의 조합원총회 결의를 거쳐야 한다고 볼 수 없다.",
            "위 공사계약 당시 공사착공이 1994. 1. 1. 이후로 지연 또는 중단기간 중 매 1개월 마다 도급금액을 1%씩을 인상하고, 1995. 1. 1.부터 물가변동시에는 공사단가를 조정키로 약정한 사실은 앞서 인정한 바와 같고, 위 공사는 연합조합이 사업계획승인을 늦게 받는 바람에 당초 예정일 보다 11개월 정도 지연된 1994. 12. 23.에 착공되어 착공지연으로 인한 공사대금 증액분만 50억원 정도에 이르는 사실을 알 수 있다.",
            "또한 재경부발표 1995년도 소비자물가상승율은 4.5%, 1996년도 소비자물가상승율은 4.9%로서 물가변동에 따른 공사대금 상승분도 34억 정도가 된 사실 등으로 위 공사대금 증액은 합리적인 범위 내의 인상으로 보여진다.",
            "실질적으로는 연합조합이 원고에 대하여 차용금 및 기성고에 따른 공사대금 채무를 이행하지 못하자 원고는 위 대여금 및 공사대금을 지급받고, 연합조합 등은 위 채무를 이행하기 위한 수단으로 이 사건 팩토링 계약을 체결하였고, 그와 동시에 원고는 연합조합 등의 부탁에 따라 참가인에 대하여 연합조합 등의 팩토링 대금채무를 연대보증하였다고 보아야 할 것이다.",
            "평형에 따라 분담금액을 달리 정한 것은 조합원들 상호간 형평에 맞게 분담금을 정하기 위한 방법이라 할 것이고, 반드시 그 분담금의 액수가 아파트의 면적에 비례하여 정하여 진 것, 즉 목적물의 수량에 따라 대금을 결정하기로 한 것으로 볼 수는 없을 뿐만 아니라 분양계약서와 연합조합 규약에 사업승인 확정시 평형의 증감이 있을 수 있음을 명시한 사실을 인정할 수 있다.",
            "재건축조합은 연합조합에 가입할 당시 재건축조합의 조합원이 제공하는 토지를 평당 540만원으로 평가하여 이를 분양가에서 공제받은 대신 일반분양아파트나 상가의 분양대금액 상당의 사업수익을 제외한 총사업비지출액을 기초로 분양가를 산정하기로 약정한 사실을 인정할 수 있는바, 운영위원회에서 재건축조합원들에 대하여 위와 같은 방식으로 산정한 표준분양가를 적용한 것은 위 약정에 따른 정당한 것이다.",
            "피고들은 원고가 공사대금을 모두 회수할 정도로 돈을 지급받았으므로 원고의 이 사건 청구는 폭리행위로서 선량한 풍속 기타 사회상규에 위반한다고 하여 원고의 권리행사가 권리남용에 해당한다는 취지의 주장을 하나, 이를 인증할 만한 증거가 없다.",
            "원고의 이 사건 청구는 연합조합에 대한 사전구상채권을 원인채권으로 한 약속어음금에 기하여 연합조합으로부터 전부받은 분담금채권으로서, 원고의 그러한 권리 행사가 오로지 피고들에게 고통이나 손해를 주기 위한 것이고, 원고에게 정당한 이익이 없거나 부당한 이익을 가져다 준다고 할 수 없으며, 또 그러한 원고의 권리 행사로 인하여 피고들에게 수인의 한도를 넘은 손해가 발생한다고 볼 수도 없다."
        ]
    },
    "close": {
        "cnclsns": [
            "원심판결 중 아래의 금액에 대한 원고 및 원고승계참가인의 패소부분을 취소한다.",
            "피고들은 각 원고 및 원고승계참가인(이하 참가인이라고 한다)들에게 별지 청구금액표 합계란 기재 각 해당금액과 그 중 원금란 기재 각 해당금액에 대하여 지연이자기산일란 기재 각 해당일부터 종료일란 기재 각 해당일까지 이자율란 기재 각 해당 비율로 계산한 금원을 지급한다.",
            "원고 및 원고승계참가인의 각 나머지 항소를 모두 기각한다.",
            "소송총비용은 피고들의 부담으로 한다.",
            "제1항은 가집행할 수 있다."
        ]
    }
}