{
    "info": {
        "caseField": "1",
        "detailField": "1",
        "trailField": "1",
        "caseNm": "손해배상(기)",
        "courtNm": "서울중앙지법",
        "judmnAdjuDe": "2006. 04. 25.",
        "caseNo": "2001가합48625",
        "relateLaword": [
            "대한민국과 아메리카합중국 간의 상호방위조약 제4조에 의한 시설과 구역",
            "대한민국에서의 합중국 군대의 지위에 관한 협정  제23조",
            "대한민국에서의 합중국 군대의 지위에 관한 협정의 시행에 관한 민사특별법 제2조",
            "국가배상법 제5조",
            "민법 제396조",
            "민법 제750조",
            "민법 제763조"
        ],
        "qotatPrcdnt": []
    },
    "concerned": {
        "acusr": "1",
        "dedat": "3"
    },
    "org": {
        "orgJdgmnCourtNm": "",
        "orgJdgmnAdjuDe": "",
        "orgJdgmnCaseNo": ""
    },
    "disposal": {
        "disposalform": "10",
        "disposalcontent": [
            "원고 2, 3, 4, 5, 6, 7, 8 의 소를 모두 각하한다.",
            "피고는 원고(선정당사자), 원고 9와 별지 2. 결과란의  전부  및  일부  기재 선정자들에게 별지 2. 인용금액란 기재 각 해당 금원 및 위 각 금원에 대하여 2000. 8. 1.부터 2006. 4. 25.까지는 연 5%, 그 다음날부터 다 갚는 날까지는 연 20%의 각 비율에 의한 금원을 각 지급한다.",
            "원고(선정당사자)의 나머지 청구를 기각한다.",
            "소송비용 중 별지 2. 결과란의 전부 기재 원고 및 선정자들과 피고 사이에 생긴 부분은 피고가 부담하고, 원고(선정당사자) 및 별지 2. 결과란의 일부 기재 선정자들과 피고 사이에 생긴 부분은 그 중 7 10은 원고(선정당사자) 및  위 선정자들이, 나머지는 피고가 각 부담하고, 별지 2. 결과란의  기각 기재 원고들 및 선정자들과 피고  사이에 생긴  부분은  위  원고들 및 선정자들이  부담하고, 제1항 기재 원고들과 피고 사이에 생긴 부분은 000가 부담한다.",
            "제2항은 가집행할 수 있다."
        ]
    },
    "mentionedItems": {
        "rqestObjet": [
            "피고는 원고, 별지 3. 원고목록 기재 원고들과 별지 1. 기재 선정자들에게 별지 2. 청구금액 합계란 기재 각 해당금원 및 그 중 별지 2. 청구금액 1.란 기재 각 해당금원에 대하여는 2000. 8. 1.부터, 나머지 별지 2. 청구금액 2.란 기재 각 해당금원에 대하여는 2005. 8. 1.부터 각 이 판결선고일까지는 연 5%, 그 다음날부터 다 갚는 날까지는 연 20%의 각 비율에 의한 금원을 각 지급한다."
        ]
    },
    "assrs": {
        "acusrAssrs": [
            "원고 00은, 육상사격장 훈련이 중지된 무렵인 2000. 8. 1.경부터 0이 폐쇄된 전날인 2005. 8. 11.까지의 해상사격장소음으로 인하여 입은 손해 역시 피고가 배상하여야 한다고 주장한다."
        ],
        "dedatAssrs": [
            "피고는, 1. 위 지역 인근 주민들이 피고에 대하여 피해대책을 요구하기 시작한 1988년 이후에 입주한 성인의 선정자들에 대하여는 손해배상책임이 면책되어야 하고, 2. 사격장 설치 이후 1988년 전에 입주한 선정자들에 대하여는 전입시점에 따라 손해배상책임이 감액되어야 한다고 주장한다."
        ]
    },
    "facts": {
        "bsisFacts": [
            "원고들 및 선정자들의 거주지역과 0의 위치 1) 별지 2. 결과란 기각 기재 원고들과 선정자들을 제외한 나머지 원고들 및 선정자들(이하 '원고 등'이라 한다)은 0000에 소재한 0000 내지 0000, 0000, 0000 내지 0000의 주민들로서 별지 2. 거주기간란 기재 해당 거주기간 동안 별지 2. 거주지란 기재 해당 거주지역에서 생활하였다.",
            "위 0000 일대의 연안해역과 해안지역에는 미국의 태평양 미공군사령부 산하 대한민국 주둔 제7공군 소속의 미군 전용사격장이 설치되어 있었다.",
            "위 사격장은 0000 해안으로부터 1.6km 가량 떨어진 0000을 중심으로 반경 8,000피트 내의 690만 평 해상에 설치된 해상사격장과 이에 접한 매향리 일대 29만 평의 지상에 설치된 육상사격장으로 이뤄져 있다.",
            "비행편대가 사격훈련을 위하여 매향리 및 인근 지역의 상공을 선회하는 과정 및 사격을 위하여 사격목표물을 향하여 급강하하고 사격 후 급상승하는 과정, 그리고 폭탄 투하 및 기총사격시 심한 소음이 발생하고 그 소음에 대하여 주민들이 그대로 노출되어 있다."
        ]
    },
    "dcss": {
        "courtDcss": [
            "직권으로 살피건대, 원고 00은 2000. 1. 3., 원고 00은 2001. 2. 16., 원고 00는 1999. 1. 26., 원고 00는 2000. 9. 16., 원고 00은 2000. 7. 12., 원고 00은 1999. 6. 14., 원고 00은 1999. 9. 4. 각 사망하였고, 위 원고들의 소는 그 후인 2001. 8. 13. 제기된 사실이 기록상 명백하므로 위 원고들의 각 소는 부적법하다.",
            "소음감정 결과에서는 일부 선정자들이 거주하는 지역인 0000, 0000를 소음측정지점에 포함시키지 않았으나, 0의 소음피해 문제가 사회적으로 인식된 1988. 이후 피고나 사회단체 등에 의하여 0000나 0000도 그 피해지역의 일부로서 소음이 측정되어 왔다.",
            "그 측정된 소음의 정도도 그 인접지역의 소음측정 결과와 큰 차이가 없었던 점 등에 비추어 0000의 소음정도는 적어도 그에 인접한 0000나 0000의 소음정도에, 0000의 소음정도로 본다.",
            "0에서 사격훈련이 행하여지는 시간대(09:00경부터 22:00경까지 사이로서 위 소음감정에서 소음측정이 이루어진 시간대)에서의 평균소음수준인 70dB은 환경정책기본법 시행령상 주거지역소음기준(전용주거지역:주간 50dB, 야간 40dB, 일반주거지역:주간 55dB, 야간 45dB, 상업지역:주간 65dB, 야간 55dB, 공업지역:주간 70dB, 야간 65dB로, 도로변 공업지역:주간 75dB, 야간 70dB)을 훨씬 초과하였다.",
            "소음이 충격음인 점을 고려하지 않더라도(소음, 진동 규제법 시행규칙 제6조는 공장소음이 배출기준에 적합한지를 정함에 있어 충격음 성분이 포함되어 있는 경우는 +5 dB 하도록 규정하고 있다.), 공업지역소음기준에 해당한다.",
            "소음으로 인한 신체적, 정신적 피해 및 생활방해 1) 위와 같이 주거지역의 소음기준을 넘어서 공업지역 기준에나 해당될 높은 소음, 그것도 보통의 소음이 아니고 전투기가 급강하하거나 급상승하면서 또는 폭탄이 투하되거나 기관총이 발사되면서 나는 충격적인 소으멩 놀출된 주민들이 스트레스와 정신적 불안등을 겪게 될 것임은 경험칙상 명백하다.",
            "소음으로 말미암아 원고 등을 포함한 일대의 주민들이 훈련시간 중 텔레비전 시청이나 전화통화 및 일상대화, 그리고 자녀교육 등 일상생활에 막대한 방해를 받는 것도 경험칙상 명백하다.",
            "대한민국과 아메리카합중국 간의 상호방위조약 제4조에 의한 시설과 구역 및 대한민국에서의 합중국 군대의 지위에 관한 협정' 제23조 및 '대한민국과 아메리카합중국 간의 상호방위조약 제4조에 의한 시설과 구역 및 대한민국에서의 합중국 군대의 지위에 관한 협정의 시행에 관한 민사특별법' 제2조 제2항과 '국가배상법' 제5조 제1항에 의하면, 아래와 같다.",
            "합중국군대가 점유·소유 또는 관리하는 토지의 공작물과 기타 시설 또는 물건의 설치나 관리의 하자로 인하여 대한민국정부 이외의 제3자에게 손해를 가한 때에는 대한민국이 그 손해를 배상하도록 규정하고 있다.",
            "원고 등이 신체적, 정신적 피해를 입고 일상생활에 여러 지장을 겪은 점, 미군이 훈련방법을 변경한 2000. 8. 18. 이전까지는 소음피해방지 및 피해보상을 위해 노력하지 않은 점을 종합적으로 고려할 때 위 사격장 소음정도는 원고 등의 수인한도를 초과한다. ",
            "그렇다면 피고는 원고 등에게 손해배상책임이 있다.",
            "원고 00은, 육상사격장 훈련이 중지된 무렵인 2000. 8. 1.경부터 0이 폐쇄된 전날인 2005. 8. 11.까지의 해상사격장소음으로 인하여 입은 손해 역시 피고가 배상하여야 한다고 주장한다. ",
            "육상사격장 훈련이 중지된 이후로도 원고 등이 그 거주지에서 수인한도를 초과하는 사격장 소음에 노출되었다고 인정하기에 부족하고 달리 이를 인정할 증거가 없다. 따라서 이 부분 주장은 이유 없다."
        ]
    },
    "close": {
        "cnclsns": [
            "원고 00,3, 4, 5,6,7,8의 소를 모두 각하한다.",
            "피고는 원고(선윕당사자), 원고 00와 별지 2. 결과란의 ‘전부’ 및 ‘일부’ 기재 선정자들에게 별지 2. 인용금액란 기재 각 해당 금원 및 위 각 금원에 대하여 2000. 8. 1.부터 2006. 4. 25.까지는 연 5%, 그 다음날부터 다 갚는 날까지는 연 20%의 각 비율에 의한 금원을 각 지급한다.",
            "원고(선정당사자)의 나머지 청구를 기각한다.",
            "소송비용 중 별지 2. 결과란의 '일부' 기재 선정자들과 피고 사이에 생긴 부분은 피고가 부담하고, 원고(선정당사자) 및 별지2. 결과란의 '일부' 기재 선정자들과 피고 사이에 생긴 부분은 그 중 7/10은 원고(선정당사자) 및 위 선정자들이. 나머지는 피고가 각 부담한다.",
            "별지 2. 결과란의 '기각' 기재 원고들 및 선정자들과 피고 사이에 생긴 부분은 위 원고들 및 선정자들이 부담하고, 제1항 기재 원고들과 피고 사이에 생긴 부분은 법무법인 000이 부담한다.",
            "제2항은 가집행할 수 있다."
        ]
    }
}