{
    "info": {
        "caseField": "1",
        "detailField": "1",
        "trailField": "2",
        "caseNm": "추심금",
        "courtNm": "부산고법",
        "judmnAdjuDe": "2002. 08. 23.",
        "caseNo": "2001나7254",
        "relateLaword": [
            "민법 제466조 ",
            "민사집행법 제223조",
            "민사집행법  제227조"
        ],
        "qotatPrcdnt": [
            "대법원 1998. 2. 13. 선고 97다43543 판결"
        ]
    },
    "concerned": {
        "acusr": "1",
        "dedat": "1"
    },
    "org": {
        "orgJdgmnCourtNm": "부산지법",
        "orgJdgmnAdjuDe": "2001. 5. 16",
        "orgJdgmnCaseNo": "선고 2000가합1337 판결"
    },
    "disposal": {
        "disposalform": "1",
        "disposalcontent": [
            "원심판결을 피고들은 연대하여 피공탁자를 원고 및 공동소송참가인으로 하여 금 40,000,000원 및 이에 대하여 2000. 2. 2.부터 2002. 8. 23.까지는 연 5%, 그 다음날부터 공탁일까지는 연 25%의 각 비율로 계산한 돈을 공탁한다고 변경한다.",
            "원심판결을 원고 및 공동소송참가인의 나머지 청구를 기각하는 것으로 변경한다.",
            "소송비용 중 원고와 피고 사이에 생긴 부분은 제1, 2심을 합하여 20%는 피고들의, 나머지는 원고의 부담으로 하고, 공동소송참가로 인한 부분 중 30%는 피고들의, 나머지는 공동소송참가인의 부담으로 한다.",
            "제1의 가.항은 가집행할 수 있다."
        ]
    },
    "mentionedItems": {
        "rqestObjet": [
            "피고들은 연대하여 원고에게 195,481,221원 및 이에 대하여 소장 송달 다음날부터 갚는 날까지 연 25%의 비율로 계산한 돈을 지급한다.",
            "피고들은 연대하여 124,200,000원의 공탁절차를 이행한다.",
            "원심판결 중 피고들 패소 부분을 취소하고, 그 부분에 해당하는 원고의 피고들에 대한 청구를 기각한다."
        ]
    },
    "assrs": {
        "acusrAssrs": [
            "원고와 공동소송참가인(이하 원고 등이라 한다)이 피고들에 대하여 위 각 채권압류 및 추심명령에 따른 추심금의 지급 혹은 채무액의 공탁을 청구하였다."
        ],
        "dedatAssrs": [
            "피고들은 이 사건 공사대금의 채무자는 피고들이 아니라 00이므로, 피고들은 0000에 대하여 아무런 채무가 없다.",
            "피고들을 건축주로 보더라도 원고 등이 가압류할 당시 이 사건 공사대금 채무는 이미 변제, 채무면제, 채권양도로 인하여 전부 소멸하였다.",
            "또한, 잔존 채무가 있더라도 공동압류권자인 공동소송참가인으로부터 이 사건 공사대금 채무를 공탁할 것을 최고받았으므로 이를 공탁할 의무가 있을 뿐이라고 주장한다."
        ]
    },
    "facts": {
        "bsisFacts": [
            "원고는 000에 대하여 1억 7,700만 원의 약속어음금채권이 있음을 원인으로 하여 1999. 7. 22. 부산지방법원 동부지원 99카단8375호로 000의 피고들에 대한 채권(이하 '이 사건 공사대금' 이라 한다) 중 1억 7,700만 원의 채권을 가압류한다는 내용의 채권가압류결정을 받았고, 위 가압류결정은 1999. 7. 26. 제3채무자인 피고들에게 송달되었다.",
            "그 후 원고는 000에 대한 위 지원 99가단16424 약속어음금 청구사건 및 99가단18239 어음금 청구사건의 각 집행력 있는 판결정본에 기하여 1999. 12. 1. 부산지방법원 99타기9285호로 위 가압류를 본압류로 전이하고 이 사건 공사대금 중 18,481,221원을 추가로 압류하는 채권압류 및 추심명령을 받았으며, 그 결정은 1999. 12. 4. 제3채무자인 피고들에게 송달되어 그 무렵 확정되었다.",
            "공동소송참가인은 원고보다 먼저 000에 대하여 8,350만 원의 약속어음금채권이 있음을 원인으로 하여 1999. 7. 8. 부산지방법원 99카합1835호로 이 사건 공사대금 채권 중 8,350만 원의 채권을 가압류한다는 내용의 채권가압류결정을 받았고, 위 가압류결정은 1999. 7. 26. 제3채무자인 피고들에게 송달되었다.",
            "공동소송참가인은 000에 대한 위 법원 99가단56273 약속어음금 청구사건의 집행력 있는 판결정본에 기하여 2000. 3. 25. 위 법원 2000타기2213호로 위 가압류를 본압류로 전이하고 이 사건 공사대금 중 13,299,257원을 추가로 압류하는 채권압류 및 추심명령을 받았으며, 그 결정은 2000. 3. 30. 제3채무자인 피고들에게 송달되어 그 무렵 확정되었다.",
            "공동소송참가인이 피고들에 대하여 그 채무액을 공탁할 것을 청구하는 내용이 담긴 2002. 7. 2.자 청구취지정정 및 청구원인보충서가 2002. 7. 5. 피고들 소송대리인에게 송달되었다.",
            "피고들은 부부로서 그들 소유의 0000 외 3필지 지상에 지하 1층, 지상 6층의 주상복합건물(이하 '이 사건 건물' 이라 한다)을 공동으로 신축하면서 건축업자인 00을 내세워 1998. 11. 4. 000(이하 'OOO'이라 한다)와 사이에 토공사 및 철근콘크리트골조공사 부분에 대하여 공사대금 3억 2,230만 원으로 하고, 00을 건축주인 피고들의 보증인, 000을 시공자로 하는 공사도급계약을 체결하였다.",
            "피고들은 이 사건 건물을 완성할 자금이 없어 이 사건 도급계약을 체결한 후인 1998. 11. 10. 00과 사이에 위 건물부지를 대금 5억 원으로 정하여 매도하기로 하는 매매계약을 체결하면서 계약금 2,000만 원을 제외한 나머지 대금에 대하여는 이 사건 건물이 완공되면 그 중 1, 2층 상가 전부를 대물변제하기로 약정하였으나, 이 사건 도급계약의 건축주 명의를 00으로 변경하거나 00 명의로 재계약을 체결하지는 않았다.",
            "000은 000에게 이 사건 공사 전부를 공사대금 2억 8,000만 원에 하도급주었고, 000은 1999. 2. 경 이 사건 공사를 모두 완료하였다.",
            "그 후 000은 000에게 위 공사대금을 지급하지 못하여 1999. 2. 4. 000의 피고들에 대한 공사대금채권 전부를 양도하고(이하 '제1차 채권양도' 라 한다), 그 날 내용증명 우편으로 피고들에게 위 양도 사실을 통지하였다.",
            "000은 피고들과 이 사건 도급계약을 체결하면서 이 사건 건물이 완공되면 그 중 주거용 빌라 2채를 공사대금 중 일부의 지급에 갈음하여 대물변제받기로 약정하였는데, 1999. 2. 5.경 위 약정에 따라 이 사건 건물 중 402호 및 602호를 대금 1억 8,160만 원으로 정하여 000 대표이사 00의 처인 00에게 분양하는 것으로 하면서, 00로부터 대금 1억 8,160만 원을 공사비로 지급받았다는 취지의 입금표를 교부받았다. ",
            "그 후 000(00)은 1999. 5. 29. 위 빌라 402호를 00에게 매도하고 그 대금을 지급받았다.",
            "피고들은 1999. 2.말경까지 000에게 00을 통하여 5,500만 원을 추가로 지급하였는데, 그 후 000은 000로부터 양수받은 공사대금채권 중 대물변제 명목으로 양도받기로 약정한 위 빌라 2채 부분과 위와 같이 변제받은 부분을 제외한 8,570만 원의 채권에 대하여 1999. 2. 27. 000에게 재양도하기로 하고(이하 '제2차 채권양도' 라 한다), 이에 관한 합의 각서를 작성하였다.",
            "그 후 피고들은 위 제2차 채권양도에 대하여 구두로 승낙한 다음, 1999. 5. 중순경 000이 피고들의 보증하에 구입한 목재, 레미콘, 철근 등의 외상대금채무 2,000만 원을 000을 대신하여 변제하였고, 나머지 잔금 6,570만 원에 대하여는 1999. 5.말경 000과 사이에 이를 4,000만 원으로 감액하고 나머지 2,570만 원의 채무는 면제하기로 하였다.",
            "그 대신 위 4,000만 원에 대한 담보로 이 사건 건물 301호에 대하여 000의 채권자인 00 앞으로 근저당권설정등기를 해 주기로 약정하여 이 사건 건물에 대한 보존등기를 마친 후인 1999. 8. 12. 위 약정에 따라 위 건물 301호에 관하여 채권최고액을 4,800만 원으로 하는 근저당권설정등기를 00 앞으로 마쳐주었다.",
            "피고들은 1999. 7. 24. 이 사건 건물에 대한 보존등기를 마친 후 위 402호에 대하여는 같은 날 000이 지정한 00 명의로 소유권이전등기를 마쳐주었으나, 위 602호에 대하여는 00이 이를 이중으로 분양하는 바람에 다툼이 있어 00 명의로 소유권이전등기를 마쳐주지 못하였다.",
            "그러자 00은 위 602호에 대하여 피고들을 상대로 1999. 8. 5. 처분금지가처분결정을 받아 집행한 후 부산지방법원 99가단66744 소유권이전등기청구소송을 제기하여 1999. 11. 19. 의제자백에 의한 승소판결을 받아 2000. 1. 11. 소유권이전등기를 마쳤다."
        ]
    },
    "dcss": {
        "courtDcss": [
            "피고들은 이 사건 건물의 건축주로서 00을 통하여 000과 사이에 이 사건 도급계약을 체결하였다고 할 것이므로 피고들은 000의 채권양수인인 000에게 이 사건 공사대금 3억 2,230만 원 중 미지급액을 지급할 의무가 있었다 할 것이다.",
            "피고들은 원고 등의 위 가압류결정이 피고들에게 송달되기 전에 000에게 공사대금으로 1999. 2.말경까지 5,500만원을 지급하였고, 1999. 5. 중순경 한나라건설의 자재대금 2,000만 원을 대신 지급하였으므로, 이 사건 공사대금 중 합계 7,500만원은 변제로 인하여 소멸되었다.",
            "이 사건 도급계약 당시 이 사건 공사대금 중 1억 8,160만원에 대하여는 이 사건 건물 중 빌라 2채를 대물변제하기로 한 약정에 따라 그 중 402호에 대하여 원고 등의 각 가압류결정이 송달되기 전인 1999. 7. 24. 000이 지정하는 00명의로 소유권이전등기를 마쳤으므로 그 부분 공사대금 채무 9,740만원은 대물변제로 소멸되었다.",
            "피고들은 이 사건 토지의 소유자로서 000과 이 사건 도급계약을 체결하기는 하였으나 공사대금이 부족하여 건축주로서 직접 이 사건 건물 신축공사를 진행하지 못하고 00에게 이 사건 토지를 매도하였고, 00도 건축자금이 부족하여 피고들에 대한 토지대금 대부분을 이 사건 건물이 완공되면 상가 1, 2층 전부로 대물변제하고 000의 공사대금 중 1억 8,160만 원에 대하여도 위와 같은 대물변제약정을 체결하기에 이르렀다.",
            "원고 등의 가압류가 있기 전에 이미 이 사건 건물 공사가 완료되고 대물변제받을 건물 호수와 분양계약자가 특정되어 있었으며 000이 위 빌라 402호를 00에게 매도하고 그 매매대금을 수령하기도 하였다.",
            "이 사건 도급계약 중 이 사건 각 부동산으로 대물지급하기로 한 약정의 구체적 내용과 그 계약 체결의 경위, 이 사건 각 부동산으로 대물지급하기로 한 1억 8,160만 원은 계약체결시부터 현금지급의 여지가 없었던 점, 000이 원고 등의 가압류가 있기 전에 이미 피고들을 상대로 계속 소유권이전등기를 요구하고 있었고 피고들이 이를 거부하자 결국 소송을 제기하기까지 한 점 등을 알 수 있다.",
            "종합해보면 000 혹은 000과 피고들은 이 사건 공사대금 채 권 중 1억 8,160만 원에 갈음하여 이 사건 각 부동산에 관한 소유권을 이전하기로 약정함으로써 위 금액의 한도에서는 공사대금채권을 소멸시키고 이 사건 각 부동산에 대한 소유권이전등기청구권만을 남기기로 약정한 것으로 봄이 상당하다.",
            "비록 원고 등의 위 각 가압류 후에 602호에 대한 소유권이전등기가 마쳐졌다고 하더라도 602호의 대금에 해당하는 공사대금 8,420만 원의 채무는 대물변제로 소멸하였다고 할 것이다.",
            "원고 등의 위 각 가압류결정이 피고들에게 송달된 1999. 7. 26.경 피고들의 공사대금 채무는 4,000만 원만(총공사대금 3억 2,230만원－변제 금액 7,500만원－대물변제 금액 1억 8,160만원－면제 금액 2,570만원)이 남았다고 할 것이다.",
            "피고들은 위 잔존 공사대금채무에 대하여 원고 등으로부터 각 채권압류 및 추심명령을 송달받았고 그 중 공동소송참가인으로부터 이 사건 공사대금 잔액을 공탁할 것을 청구받았기에, 피고들은 민사집행법 제248조 제3항에 의하여 압류 및 추심채권자인 원고 등에 대하여 위 잔존 공사대금 채무액을 공탁할 의무가 있다 할 것이다."
        ]
    },
    "close": {
        "cnclsns": [
            "원심판결을 다음과 같이 변경한다.",
            "피고인들은 연대하여 피공탁자를 원고 및 공동소송참가인으로 하여 금 40,000,00원 및 이에 대하여 2000.2.2부터 2002.8.23까지는 연 5%, 그 다음날부터 공탁일까지는 연 25%의 각 비율로 계산한 돈을 공탁하라.",
            "원고 및 공동소송참가인의 나머지 청구를 기각한다.",
            "소송비용 중 원고와 피고 사이에 생긴 부분은 제1, 2심을 합하여 20%는 피고들의, 나머지는 원고의 부담으로 하고, 공동소송참가로 인한 부분 중 30%는 피고들의, 나머지는 공동소송참가인 부담으로 한다.",
            "제1의 가.항은 가집행할 수 있다."
        ]
    }
}