{
    "info": {
        "caseField": "1",
        "detailField": "1",
        "trailField": "2",
        "caseNm": "건물등철거,소유권이전등기절차이행청구",
        "courtNm": "서울고법",
        "judmnAdjuDe": "2002. 04. 11.",
        "caseNo": "2001나29553,66668",
        "relateLaword": [
            "구 민사소송법(2002. 1. 26. 법률 제6626호로 전문 개정되기 전의 것) 제603조의3",
            "구 민사소송법 제633조 ",
            "구 민사소송법 제725조",
            "구 민사소송법 제728조",
            "구 민사소송법(2002. 1. 26. 법률 제6626호로 전문 개정되기 전의 것) 제646조의2",
            "민법 제366조",
            "민법 제741조",
            "민법 제187조",
            "민법 245조",
            "민사집행법 제86조",
            "민사집행법 제121조",
            "민사집행법 제265조",
            "민사집행법 제268조",
            "민사집행법 제135조"
        ],
        "qotatPrcdnt": [
            "대법원 1978. 10. 10. 선고 78다910 판결(공1979, 11551)",
            "대법원 1980. 10. 14. 선고 80다475 판결(공1980, 13317) ",
            "대법원 1972. 10. 31. 선고 72다1515 판결(폐기",
            "대법원 1987. 7. 7. 선고 87다카634 판결(공1987, 1320),",
            "대법원1992. 4. 10. 선고 91다40610 판결(공1992, 1538)",
            "대법원 1998. 4. 24. 선고 98다4798 판결(공1998상, 1473)",
            "대법원 2002. 6. 20. 선고 2002다9660 전원합의체 판결(공2002하, 1669)",
            "대법원 1994. 12. 9. 선고 94다27809 판결(공1995상, 451)",
            "대법원 1991. 1. 15. 선고, 90다8411, 8428 판결(공1991, 736)",
            "대법원 1991. 4. 9. 선고, 89다카1305 판결(공1991,1339)",
            "대법원 1992. 9. 25. 선고, 92다21258 판결(공1992, 2997)",
            "법원 1995. 2. 24. 선고 94다18195 판결(공1995상, 1427)"
        ]
    },
    "concerned": {
        "acusr": "1",
        "dedat": "1"
    },
    "org": {
        "orgJdgmnCourtNm": "수원지법",
        "orgJdgmnAdjuDe": "2001. 4. 17.",
        "orgJdgmnCaseNo": "2000가단15827 "
    },
    "disposal": {
        "disposalform": "1",
        "disposalcontent": [
            "원심판결을 당심에서의 확장 및 감축된 청구부분을 포함하여 다음과 같이 변경한다.",
            "원고(반소피고)에게, 0000 대 3,286㎡ 지상에 건립된 각 건물 중, 피고(반소원고) B는, (가)별지 목록 및 별지 도면 표시 ㄴ,ㄷ,ㄹ 부분 건물을 철거하여 그 부분 토지를 인도하고, (나)1,147,734원 및 2001. 1. 1.부터 위 인도 완료일까지 월 104,339원의 비율로 계산된 돈을 지급하고, (2)피고 C는 별지 목록 및 별지 도면 표시 ㄷ4 부분의 적치물을 수거하고, 위 목록 및 도면 표시 ㄹ 부분 건물에서 퇴거한다.",
            "원고(반소피고)에게, 피고 E는, (가)별지 목록 및 별지 도면 표시 ㅊ 부분 중 2층 주거용 부분에서 퇴거하고, 위 목록 및 도면 표시 ㅋ,ㅌ,ㅍ,ㅎ1,ㄱ2,ㄴ2,ㄷ2,ㄹ2,ㅂ2,ㅅ2,ㅇ2,ㅊ2,ㅌ2,ㅍ2,ㅎ2,ㄱ3,ㄷ3,ㄹ3,ㅁ3 부분 건물을 철거하여 그 부분 토지를 인도하고,(나)5,299,140원 및 2001. 1. 1.부터 위 인도 완료일까지 월 481,740원의 비율로 계산된 돈을 지급한다.",
            "원고(반소피고)에게, 피고 F는,(가)별지 목록 및 별지 도면 표시 ㅈ,ㅊ,ㅎ,ㄱ1,ㄴ1,ㄷ1,ㄹ1,ㅁ1,ㅂ1,ㅇ1,ㅊ1,ㅋ1,ㅌ1 부분 건물을 철거하여 그 부분 토지를 인도하고, 6,605,406원 및 2001. 1. 1.부터 위 인도 완료일까지 월 600,491원의 비율로 계산된 돈을 지급한다.",
            "원고(반소피고)의 피고 C, E, F에 대한 나머지 각 청구를 기각한다.",
            "당심에서 제기된 피고(반소원고) B의 반소청구를 기각한다.",
            "본소로 인한 소송총비용은 그 중 30%를 원고(반소피고)가, 나머지 70%를 피고들이 각 부담하고, 반소로 인한 소송비용은피고(반소원고) B가 부담한다.",
            "제1의 가.항은 가집행할 수 있다."
        ]
    },
    "mentionedItems": {
        "rqestObjet": [
            "피고 B(반소원고, 이하, 피고라고만 한다)에 대하여는 주문 제1. 가. (1)항과 같은 판결, 피고 C에 대하여는 주문 제1. 가. (2)항과 같은 판결 및 피고 B와 공동하여 605,000원 및 2001. 1. 1.부터 위 주문에서 명한 퇴거 완료일까지 월 55,000원의 비율로 계산된 돈을 지급하라는 판결을 내린다.",
            "피고 E에 대하여는 주문 제1. 가. (3)항과 같은 판결 및 피고F와 공동하여 1,760,000원 및 2001. 1. 1.부터 위 주문에서 명한 퇴거 완료일까지 월 160,916원의 비율로 계산된 돈을 지급하라는 판결, 피고 F에 대하여는 주문 제1. 가. (4)항과 같은 판결을 내린다.",
            "원고(반소피고, 이하,  원고 라고만 한다)는 당심에서 피고 E에 대한금전지급청구를 감축함과 동시에 피고 B에 대한 건물철거와 토지인도 청구 및 금전지급청구를 확장하였는데, 확장된 청구 부분에대하여는 부대항소를 제기한 것으로 의제된다.",
            "원고는 피고 B에게 0000 D 대 3,286㎡ 중 별지 도면 표시 1, 2, 71, 70,69, 68, 67, 66, 65, 64, 63, 62, 42, 43, 44, 45, 46, 47, 1의 각 점을 순차로 연결한 선내 ㄱ, ㄴ, ㄷ, ㄷ4, ㄹ, ㅁ 부분117.2㎡에 관하여 1999. 3. 10. 시효취득을 원인으로 한 소유권이전등기절차를 이행하라는 판결을 내린다."
        ]
    },
    "assrs": {
        "acusrAssrs": [
            "원고는, 피고들이 아래와 같이 원고 소유의 이 사건 토지 위에 건물들을 소유 내지 점유함으로써 임료 상당의 부당이득을 얻고있기 때문에, 단독 점유하는 부분에 대하여는 당해 점유자가, 임대한 부분에 대하여는 임대인은 간접 점유자로서, 임차인은 직접 점유자로서 공동하여 부당이득을 반환할 의무가 있다고 주장한다."
        ],
        "dedatAssrs": [
            "이 사건 토지에 관하여 1986. 7. 9. 가등기를 마친 소외 N이 2000. 4. 1. 가등기에 기한 본등기를 경료함으로써 소유권을 취득하였기 때문에 이 사건 경매는 무효이고, 따라서 무효인 경매에 기한 경락인인 원고는 이 사건 청구를 할 권원이 없다는 취지로 주장한다.",
            "피고 E는 또한, I의 소유권이전청구권 가등기는 그 피담보채무가 모두 변제되어 소멸되었음에도 불구하고 위 가등기에 터잡아 이 사건 경매절차가 개시, 진행되었기에 이 사건 경매절차는 무효이고, 따라서 원고는 이 사건 토지에 대한 소유권을 취득하지 못하였다 할 것이므로 이 사건 청구를 할 권원이 없다는 취지의 주장을 한다.",
            "피고 E는, 이 사건 부동산들에는 I와 L의 공동 명의로 된 가등기가 마쳐져 있고, 이에 터잡아 경매신청을 하려면 I와 L이 공동으로 경매신청을 하여야 하는데, 이 사건 경매절차는 I가 단독으로 신청하여 진행되었기 때문에 무효이고, 따라서 무효인 경매절차에서 경락을 받은 원고는 피고들에게 이 사건 청구를 할 권원이 없다고 주장한다."
        ]
    },
    "facts": {
        "bsisFacts": [
            "소외 I, J에 대하여 채무를 부담하고 있던 소외 K가 자금 압박을 받아 친구인 피고 E에게 위 채무의 인수를 부탁하자, 이를 받아들인 피고 E는 1985. 7. 23. 소외 I 등과 사이에 그 때까지 K가 I 등으로부터 대여받은 것으로 확정된 채무액 350,000,000원중 250,000,000원을 인수하기로 하되 150,000,000원은 I에 대한 채무로, 나머지 100,000,000원은 J에 대한 채무로 확정하기로 합의하였다.",
            "같은 날 피고 E는 I에게 50,000,000원을 변제한 후 나머지 200,000,000원의 지급채무를 담보하기 위하여 I와 L에게 그 소유인 000 D 대 3,286㎡ 및 위 지상 시멘트블록조 슬레이트지붕 평가건 도정공장 1동27평 4홉, 창고 1동 14평 7홉 2작(이하 '이 사건 부동산들'이라고 부르고, 그 중 토지만을 부를 때는 '이 사건 토지'라고 한다)에 관하여 가등기를 마쳐 주었다.",
            "그 후 피고 E가 L에게는 1994. 12. 23. 그에 대한 채무 전액 100,000,000원을 변제하였으나 I에게는 채무를 변제하지 못하자, I는 가등기담보등에관한법률 제12조에 의하여 수원지방법원 M(이하 '이 사건 경매'라고 한다)로 이 사건 부동산들에 관하여 임의경매신청을 하여 1997. 11. 7. 경매개시결정을 받았다.",
            "원고는 위 경매절차에서 위 부동산들을 경락받아 2000. 1. 31. 그 경락대금을 모두 납부하였다.",
            "피고 B는 1979. 2. 28. 피고 E로부터 별지 목록 및 별지 도면 표시 ㄴ, ㄷ, ㄹ 부분 건물과 이 사건 토지 중 위 건물의 부지를 포함한 주위 토지 약 60평을 매수하여 소유권이전등기를 마치지 않은 채 1979. 3. 10.부터 위 건물을 주택, 점포 등으로 사용하여 왔다.",
            "피고 C는 피고 B가 위 건물을 매수하기 이전부터 위 목록 및 도면 표시 ㄹ 부분 건물에서 타이어 수리 공장을 해 오던 중 피고 B가 이를 매수하게 되자 피고 B와 사이에 임대차계약을 체결하고 위 건물 부분을 계속 타이어 수리 공장으로 이용하면서 위 건물의 부지 중 일부인 ㄷ4 부분을 폐타이어 적치 장소로 사용하고 있다.",
            "피고 E는 위 목록 및 도면 표시 ㅋ, ㅌ, ㅍ, ㅎ1,ㄱ2,ㄴ2,ㄷ2,ㄹ2,ㅂ2,ㅅ2,ㅇ2,ㅊ2,ㅌ2,ㅍ2,ㅎ2,ㄱ3,ㄷ3,ㄹ3,ㅁ3 부분 건물을 소유하고 있고, 피고 F로부터 위 목록 및 도면 표시 ㅊ 부분 건물 중 2층을 임차하여 사용하고 있다.",
            "피고 F는 위 목록 및 도면 표시 ㅈ, ㅊ, ㅎ, ㄱ1,ㄴ1,ㄷ1,ㄹ1,ㅁ1,ㅂ1,ㅇ1,ㅊ1,ㅋ1,ㅌ1 부분 건물을 소유하고 있다."
        ]
    },
    "dcss": {
        "courtDcss": [
            "특별한 사정이 없는 한, 피고 B는 별지 목록 및 별지 도면 표시 ㄴ, ㄷ, ㄹ 부분 건물을 철거하여 그 부분 토지를 인도하고, 피고 C는 위 목록 및 도면 표시 ㄷ4 부분의 적치물을 수거하고 위 목록 및 도면 표시 ㄹ 부분에서 퇴거해야 한다.",
            "또한 피고 E는 위 목록 및 도면 표시 ㅊ 부분 중 2층 주거용 부분에서 퇴거하고 위 목록 및 도면 표시 ㅋ, ㅌ, ㅍ, ㅎ1,ㄱ2,ㄴ2,ㄷ2,ㄹ2,ㅂ2,ㅅ2,ㅇ2,ㅊ2,ㅌ2,ㅍ2,ㅎ2,ㄱ3,ㄷ3,ㄹ3,ㅁ3 부분 건물을 철거하여 그 부분 토지를 인도하고, 피고 F는 위 목록 및 도면 표시 ㅈ, ㅊ, ㅎ, ㄱ1,ㄴ1,ㄷ1,ㄹ1,ㅁ1,ㅂ1,ㅇ1,ㅊ1,ㅋ1,ㅌ1 부분 건물을 철거하여 그 토지를 인도할 의무가 있다.",
            "I 명의의 가등기권보다 후순위에 해당하는 N 명의의 본등기가 이 사건 경매절차가 진행중에 경료되었다는 사정만으로는 이 사건 경매절차를 무효라고 할 수 없고, 그 경매절차에서 원고가 이 사건 토지를 낙찰받아 낙찰대금을 납부한 이상 원고는 이 사건 토지의 소유권을 취득하였다고 할 것이다.",
            "I가 이 사건 경매절차의 신청을 할 때까지 피고 E가 I에게 이 사건 토지에 관한 가등기 담보권의 피담보채무를 변제하지 않았음은 앞서 본 바와 같으므로 이 사건 경매절차는 유효하게 개시, 진행되었고, 원고가 그 경매절차에서 이 사건 토지를 경락받아 경락대금까지 납부한 이상 원고의 소유권 취득을 다툴 수 없다 할 것이다.",
            "피고 E는 L에게는 1994. 12. 23. 그에 대한 채무 전액인 100,000,000원을 변제함으로써 L 명의의 가등기권은 그 피담보채무가 모두 변제되어 무효화되었는데 다만 말소등기가 마쳐지지 않았을 뿐이어서, I의 단독 신청으로 이 사건 경매절차는 유효하게 개시되고 유효하게 진행된 것이다.",
            "법정지상권이 성립하려면 담보 가등기 설정 당시에 가등기의 목적이 되는 토지 위에 건물이 존재하여야 하는데, 이 사건토지에 관하여 1985. 7. 23. I 앞으로 소유권이전청구권 가등기가 마쳐질 당시 위 피고가 주장하는 위 건물들이 이미 건립되어 있었다고 인정할 증거가 없다.",
            "피고 B의 이 사건 토지에 대한 지분 소유권이전등기는 그보다 선순위인 가등기에 터잡은 경매절차에서 경락받아 소유권을 취득한 원고에게는 대항할 수 없고, 원고가 이 사건 토지에 관하여 소유권이전등기를 마침으로써 피고 B의 지분 소유권이전등기는 직권으로 말소되었다는 것을 알 수 있다.",
            "미등기 건물을 그 대지와 함께 양수한 사람이 그 대지에 관하여서만 소유권이전등기를 넘겨받고 건물에 대하여는 그 등기를 이전받지 못하고 있는 상태에서 그 대지가 경매되어 소유자가 달라지게 된 경우, 미등기 건물의 양수인은 미등기 건물을 처분할 수 있는 권리는 있을지언정 소유권은 가지고 있지 아니하므로 대지와 건물이 동일인의 소유에 속한 것이라고 볼 수 없어 법정지상권이 발생할 수 없다.",
            "피고 B가 1978. 2. 28. 피고 E로부터 위 부분 토지와 건물을 매수하였고, 1996. 1. 10. 위 부분 토지에 관하여 지분 소유권이전등기를 마친 사실은 모두 인정되지만, 위 부분 건물은 미등기 건물이어서 피고 B가 그 건물의 소유권까지 취득하였다고는 할 수 없고, 따라서 위 토지와 건물은 동일인 소유에 속한 것이라고 볼 수 없으므로 법정지상권이 발생할 수 없다.",
            "건물의 사실상의 소유, 사용자이거나 소유자인 피고 B, E, F는 원고에게 이 사건 토지의 점유자로서 차임 상당의 부당이득을 반환하여야 할 것이고, 한편 건물의 임차인에 불과한 피고 C는 원고에게 이 사건 토지의 점유자로서의 부당이득 반환 의무는 없다고 할 것이다.",
            "피고 B는 위 목록 및 도면 표시 ㄴ, ㄷ, ㄷ4,ㄹ 부분, 피고 E는 위 목록 및 도면 표시 ㅋ, ㅌ, ㅍ, ㅎ1,ㄱ2,ㄴ2,ㄷ2,ㄹ2,ㅂ2,ㅅ2,ㅇ2,ㅊ2,ㅌ2,ㅍ2,ㅎ2,ㄱ3,ㄷ3,ㄹ3,ㅁ3 부분, 피고 F는 위 목록 및 도면 표시 ㅊ, ㅎ, ㄱ1,ㄴ1,ㄷ1,ㄹ1,ㅁ1,ㅂ1,ㅇ1,ㅊ1 부분에 관하여 원고에게 부당이득을 반환할 의무가 있다.",
            "원고에게, 피고 B는 위 목록 및 도면 표시 ㄴ, ㄷ, ㄷ4,ㄹ 부분의 점유 사용에 따른 부당이득금 1,147,734원(기간 임료 범위 내로서 원고가 구하는 돈) 및 2001. 1. 1.부터 ㄴ, ㄷ, ㄹ 부분(ㄷ4 부분의 인도는 구하지 않음)의 인도 완료일까지 월 104,339원의 비율로 계산된 월 차임 상당의 부당이득금을 지급해야 한다.",
            "피고 E는 위 목록 및 도면 표시 ㅋ, ㅌ, ㅍ, ㅎ1,ㄱ2,ㄴ2,ㄷ2,ㄹ2,ㅂ2,ㅅ2,ㅇ2,ㅊ2,ㅌ2,ㅍ2,ㅎ2,ㄱ3,ㄷ3,ㄹ3,ㅁ3 부분의 점유 사용에 따른 부당이득금 5,299,140원 및 2001. 1. 1.부터 위 부분의 인도 완료일까지 월 481,740원의 비율로 계산된 월 차임 상당의 부당이득금을 지급해야 한다.",
            "피고 F는 위 목록 및 도면 표시 ㅎ, ㄱ1,ㄴ1,ㄷ1,ㄹ1,ㅁ1,ㅂ1,ㅇ1,ㅊ1 부분의 점유 사용에 따른 부당이득금 6,605,406원 및 2001. 1. 1.부터 위 부분의 인도 완료일까지 월 600,491원의 비율로 계산된 월 차임 상당의 부당이득금을 각 지급할 의무가 있다.",
            "설령 피고 B가 위 주장과 같이 1999. 3. 10. 위 부분을 시효취득하였다고 하더라도 그 후 원고가 이 사건 토지를 경락받아 2000. 1. 31. 그 경락대금을 납부함으로써 법률의 규정에 의하여 소유권을 취득하였으므로, 피고 B는 시효취득 후 소유권을 취득한 제3자인 원고에게 이를 주장할 수 없다."
        ]
    },
    "close": {
        "cnclsns": [
            "원고의 피고들에 대한 본소청구는 위 인정범위 내에서 이유 있어 이를 인용하고 원고의 나머지 각 본소청구는 이유 없어 이를 기각할 것이고, 이와 결론을 일부 달리한 원심판결은 부당하므로 피고 C, E의 항소를 일부 받아들여 이를 위와 같이 변경하기로 하고, 당심에서 추가된 피고 B의 반소 청구는 이유 없어 기각한다.",
            "원고의 피고들에 대한 본소청구는 위 인정범위 내에서 이유 있어 이를 인용하고 원고의 나머지 각 본소청구는 이유 없어 이를 기각한다."
        ]
    }
}