{
    "info": {
        "caseField": "1",
        "detailField": "1",
        "trailField": "2",
        "caseNm": "소유권이전등기, 손해배상(기)",
        "courtNm": "서울고법",
        "judmnAdjuDe": "2002. 04. 19.",
        "caseNo": "2001나47681",
        "relateLaword": [
            "민법 제380조"
        ],
        "qotatPrcdnt": [
            "대법원 1965. 3. 16 선고 64다1216 판결"
        ]
    },
    "concerned": {
        "acusr": "1",
        "dedat": "1"
    },
    "org": {
        "orgJdgmnCourtNm": "서울지법 의정부지원",
        "orgJdgmnAdjuDe": "2001. 6. 1.",
        "orgJdgmnCaseNo": "99가합13680, 13697"
    },
    "disposal": {
        "disposalform": "2",
        "disposalcontent": [
            "원심판결을 취소한다.",
            "원고(반소피고)에게, 0000 임야 180㎡ 중 피고(반소원고) 00은 3÷5 지분에 관하여, 피고(반소원고) 00는 2÷5 지분에 관하여 각 1990. 10. 16. 매매를 원인으로 한 소유권이전등기절차를 이행한다.",
            "소송비용은 제1, 2심 모두 피고(반소원고)들의 부담으로 한다."
        ]
    },
    "mentionedItems": {
        "rqestObjet": [
            "주위적으로 주문 제2항과 같은 판결, 예비적으로 원고(반소피고, 이하 원고라고만 한다)에게, 피고(반소원고, 이하 피고라고만 한다) 00은 4,860,000원, 같은 00는 3,240,000원 및 위 각 돈에 대한 1990. 10. 17.부터당심판결 선고일까지는 연 5%, 그 다음날부터 완제일까지는 연 25%의 각 비율에 의한 돈을 지급하라는 판결(원고는 당심에서 예비적 청구를 추가하였다)이다.",
            "원고는 피고 00에게 4,800만 원, 피고 00에게 3,000원 및 각 이에 대한 이 사건 반소장부본 송달 다음날부터 완제일까지 연 25%의 비율에 의한 돈을 지급하라는 판결이다.(반소청구에 관하여는 피고들이 항소하였으나 원심 재판장의 명령으로 항소장 각하되었으므로 당심의 심판범위에서 제외되었다.)"
        ]
    },
    "assrs": {
        "acusrAssrs": [
            "원고는 서울지방법원 의정부지원 96가단14363호로 이 사건 추가분 54평이 분할 전의 0000임야에서 분할되어 나온 같은 동 0000 임야 중 위 ㉮, ㉯부분 179㎡로 특정되었음을 주장한다."
        ],
        "dedatAssrs": []
    },
    "facts": {
        "bsisFacts": [
            "분할 전의 0000 임야 6,545㎡(이하 'OOOO'임야 라 한다)에 관하여, 망 00은 1990. 5.16. 대강의 위치를 특정하여 00에게는 그 중 1,085㎡를, 00에게는 그 중 331㎡를, 00에게는 그 중 805㎡를 각 매도하였다.",
            "당시 분할 전의 0000 임야 지상에는 여러 곳에 주택이 건축되어 있어 분할이 어려운 상황이라서 같은 해 11.8. 위 일자 매매를 원인으로 한 매수인들 명의의 각 지분소유권이전등기만을 경료하였다.",
            "한편, 원고는 같은 해 10. 16. 망 00로부터 0000 임야 중 그 전부터 원고 소유 건물의 부지로 점유하고 있던 토지와 그 주변의 토지 약 300평을 4,500만원에 매수하였는데, 그 분할측량시에 우선 위 건물의 부지에 해당하는 813㎡(약246평)에 대하여만 우선 분할하여 소유권이전등기를 하고 나머지 54평(이하 '이 사건 추가분 54평'이라고 한다)은 나중에 분할하여 소유권이전등기를 하기로 약정하였다.",
            "이에 따라 우선 같은 해 10. 19. 분할 전의 0000 임야 중 같은 0000 임야 813㎡(그 후 같은 동 0000대지로 등록전환되었다. 이하 'OOOO 임야'라 한다)가 분할되었고, 같은 해 12. 26.에는 0000 임야에 관하여 같은 달 21.자 공유물분할을 원인으로 한 원고 명의의 소유권이전등기가 경료되기에 이르렀다.",
            "00은 1993. 12. 5. 사망하여 그 처인 피고 00이 5분의3 지분, 딸인 피고 00가 5분의2 지분씩 위 00의 재산을 상속한 후, 원고는 이 사건 추가분 54평에 대하여 그 위치를 분할 전의 0000 임야 중 별지 도면 표시 각 점을 순차로 연결한 선내 가, 나 부분 약 179㎡라고 주장하면서 1994년 무렵 그 위에 담장과 창고 등을 건축하여 이를 점유하기 시작하였다.",
            "반면, 망 000의 상속인들인 피고들과 분할 전의 0000 임야지분의 매수인들 중 그 토지분할절차를 주도한 00는 원고의 위추가분 54평의 위치로서 0000 임야의 북쪽에 접해 있고 원고가 운영하는 가게의 마당 및 출입구로 사용되고 있는 부분이 적당하다고 생각하여 그 부분 180㎡(약 54평)를 같은 동 0000 임야(이하 '이 사건 임야'라 한다)로 분할하였다.",
            "일단 피고들 명의로 소유권이전등기를 마쳐두고 원고에게 그 명의로 소유권이전등기를 마칠 것을 권유하였으나 원고가 위 가, 나부분을 분할하여 줄 것을 요구하면서 이를 거절하였다."
        ]
    },
    "dcss": {
        "courtDcss": [
            "원고와 위 망 000 사이의 위 매매계약의 목적물은 위 분할 전 0000 임야 중 그 전부터 원고가 건물을 짓고 살면서 그 부지로 점유하고 있던 이 사건 0000 임야 부분과 그 주변의 토지를 합친 300평의 토지 로서 위 0000 임야 부분에 대해서만 그 위치를 특정하였을 뿐이다.",
            "나머지 추가분 54평에 대해서는 그 위치를 구체적으로 특정하지 아니한 채 추후 그 주변의 토지 중 54평을 공유물분할 등의 방법으로 분할받는 형식으로 특정하기로 약정한 것이라고 봄이 상당하다.",
            "그 위치를 특정할 자에 대하여 정하지 아니한 이상 채무자인 피고들이 이를 특정할 수 있다고 볼 것인데, 피고들이 위 약정 내용대로 이 사건 추가분 54평의 위치로 이 사건 0000 임야에 인접한 이 사건 임야 부분이 적당하다고 생각되어 이를 분할하여 일단 피고들 명의로 소유권이전등기를 마쳐두고 원고에게 그 명의로 소유권이전등기를 마칠 것을 권유한 이상, 이로써 이 사건 추가분 54평으로 이 사건 임야가 특정되었다고 볼 것이다.",
            "따라서 00의 상속인들인 피고들은 원고에게 이 사건 임야에 관하여 1990. 10. 16.자 매매를 원인으로 한 소유권이전등기를 이행할 의무가 있다."
        ]
    },
    "close": {
        "cnclsns": [
            "원고에게, 피고 00은 0000 임야 180㎡에 대한 5뷴의3 지분에 관하여, 피고 00는 같은 부동산에 대한 5분의2 지분에 관하여 각 1990. 10. 16. 매매를 원인으로 한 소유권이전등기절차를 이행할 의무가 있다 할 것이므로 그 이행을 구하는 원고의 이 사건 주위적 청구는 이유 있어 이를 인용한다.",
            "원심판결은 이와 결론을 달리하여 부당하므로 이를 취소하고, 원고의 주위적 청구를 인용하기로 한다."
        ]
    }
}