{
    "info": {
        "caseField": "1",
        "detailField": "1",
        "trailField": "1",
        "caseNm": "대여금",
        "courtNm": "서울지법",
        "judmnAdjuDe": "2002. 08. 21.",
        "caseNo": "2001가단149033",
        "relateLaword": [
            "어음법 제43조 "
        ],
        "qotatPrcdnt": []
    },
    "concerned": {
        "acusr": "2",
        "dedat": "법인, 자연인"
    },
    "org": {
        "orgJdgmnCourtNm": "",
        "orgJdgmnAdjuDe": "",
        "orgJdgmnCaseNo": ""
    },
    "disposal": {
        "disposalform": "1",
        "disposalcontent": [
            "원고에게 000은 216,493,479원 및 그 중 214,331,113원에 대한 2001.4.1.부터 2001. 8. 10.까지는 연 18%, 2001. 8. 11.부터 완제일까지는 연 25%의 비율로 계산한 돈과 미화 264,532.40 $ 및 그 중 미화 258,914.40 $에 대한 2001. 4. 1.부터 2001. 8. 10.까지는 연 18%, 2001. 8. 11.부터 완제일까지는 연 25%의 비율로 계산한 돈을 지급하라.",
            "원고에게 피고 00은, 피고 000과 연대하여 위 가.항 기재 돈 중 280,000,000원 및 이에 대한 2001. 8. 11.부터 완제일까지 연 25%의 비율로 계산한 돈을 지급하라.",
            "소송비용은 피고들의 부담으로 한다.",
            "제1항은 가집행할 수 있다."
        ]
    },
    "mentionedItems": {
        "rqestObjet": [
            "원고에게 000은 216,493,479원 및 그 중 214,331,113원에 대한 2001.4.1.부터 2001. 8. 10.까지는 연 18%, 2001. 8. 11.부터 완제일까지는 연 25%의 비율로 계산한 돈과 미화 264,532.40 $ 및 그 중 미화 258,914.40 $에 대한 2001. 4. 1.부터 2001. 8. 10.까지는 연 18%, 2001. 8. 11.부터 완제일까지는 연 25%의 비율로 계산한 돈을 지급하라.",
            "원고에게 피고 00은, 피고 000과 연대하여 위 가.항 기재 돈 중 280,000,000원 및 이에 대한 2001. 8. 11.부터 완제일까지 연 25%의 비율로 계산한 돈을 지급하라.",
            "소송비용은 피고들의 부담으로 한다.",
            "제1항은 가집행할 수 있다."
        ]
    },
    "assrs": {
        "acusrAssrs": [],
        "dedatAssrs": [
            "원고는 2000. 12. 15. 이 사건 환어음 및 신용장 관계 서류를 매입함에 있어 신용장 조건의 합치 여부의 심사하여야 할 의무가 있음에도 불구하고 이를 소홀히 하는 통에 신용장 개설은행으로부터 위 환어음의 지급이 거절된 이상 그 지급거절의 위험은 원고가 부담하여야 한다.",
            "피고 회사에 전가하여 피고들에게 위 환어음의 환매대금을 청구하는 것은 부당하고, 또는 원고는 위와 같은 과실에 기하여 피고 회사가 입은 손해에 대하여 배상할 책임이 있으므로 이를 가지고 원고의 이 사건 청구 채권들과 상계한다고 주장한다."
        ]
    },
    "facts": {
        "bsisFacts": [
            "다음 인정 사실은 갑 제2, 3, 4호증, 갑 제5호증의 2, 갑 제6 내지 9호증, 갑 제11호증, 갑 제17, 18, 19호증, 갑 제21호증의 1, 2, 갑 제21호증, 을 제1 내지 5호증의 각 기재 및 변론의 전취지에 의하여 이를 인정할 수 있고 반증 없다.",
            "피고 회사는 2000. 8.경 미합중국 소재 000(이하 'OOO' 라고 한다)와 사이에, Boy s 100 % Polyester Shirts, Polyester Tops 및 Shorts 등 의류를 대금 USD 531,777.60에 수출하기로 하는 계약을 체결하였다.",
            "이에 피고 회사는 2000. 10. 24. 제1차 선적분을 선적한 다음, 2000. 11. 2.경 이에 관한 2000. 10. 24.자 발행의 선하증권 및 환어음 등을 원고에게 매입의뢰하였고, 이에 원고가 이를 매입한 다음, 개설은행에 보상청구를 하여, 2000. 11. 8. 그 환어음 기재 금액인 USD 91,065.60을 지급받았다.",
            "개설은행은 2000. 12. 15. 1. PO(주문) NO. 11S01,318, STYLE NO. 435, 2015, 2. PO(주문) NO. 11S01,316, STYLE NO. 435,2013 3. PO(주문) NO. 11S01,317, STYLE NO. 435,2014(이하 모두어 '제2차 선적분' 이라고 한다)에 대한 최종 선적기일을 2000. 11. 30.에서 2000. 12. 30.로 연장한다.",
            "나머지 조건은 변경되지 않는다는 내용의 수정 통지를 통지은행인 원고를 통하여 피고 회사에게 하였다.",
            "나.제1조 적용범위：이 약정은 다음 각 항의 현재 및 장래의 모든 거래에 적용하기로 한다. ",
            "(가)이에 OOO는 위 수입대금의 결제를 위하여 미합중국 소재 000(이하 '개설은행' 이라고 한다)에 신용장 개설을 의뢰하였다.",
            "(가) 이후, 피고 회사와 OOO 사이에 PO(주문) NO. 11S01,313, STYLE NO. 435,2010(이하 '제1차 선적분' 이라고 한다)의 최종 선적기일을 2000. 10. 24.로 연장하고, 수출품목에 대금 USD 267,296.40의 Men s 60% Cotton 40% Polyester Jersey 및 Men s 100% Polyester Micro Mesh T,Shirt를 추가시키기로 합의하였다.",
            "위 선하증권(갑 제8호증)을 보면,1.수하인란에 TO THE ORDER OF 000(원고) AND ENDORSED TO THE ORDER OF 000(개설은행) 으로 기재되어 있고, 2. 그 전면에 본 신용장의 번호가 명기되어 있으며, 3.서두(letterhead)에는 000 및 그 옆에 000를 나타내는 문양이 있다.",
            "4.운송인의 서명란에는 부동문자로 인쇄된 In Witness Whereof The Undersigned, Signing of Behalf of This Carrier or Agent, has Signed Three Bills of Lading(그 증거로서, 본 운송인 또는 대리인을 위하여 서명한 아래 서명자는 선하증권 3통에 서명한다.) 이 있으며, 그 밑에 명판으로 000 라고 찍혀있으며, 그 아래 부동문자로 인쇄된 by 옆에 서명이 되어 있다.",
            "2. 외국환거래약정서(갑 제2호증)의 내용 가.서문：본인(피고 회사)은 은행(원고)과 수출,수입,내국신용장발행,내국신용장환어음 매입(추심)거래를 함에 있어 은행여신거래기본약관 이 적용됨을 승인하고 다음 각 조항을 확약한다.",
            "(나)이에 원고의 담당직원인 00은 2000. 12. 15. 피고 회사와 원고 사이에 1999. 7. 6. 체결된 아래의 외국환거래약정서 및 피고 회사가 작성한 위 매입의뢰서에 기하여, 피고 회사가 제출한 선적서류 등이 신용장 조건에 불일치하지 않는다고 판단하여, 이른바 클린 네고(Clean Nego)로서 위 환어음을 매입하였다.",
            "(6) 제2차 선적 및 원고의 환어음 매입 (가) 피고 회사는 2000. 12. 14.경 제2차 선적분을 선적한 다음, 2000. 12. 15. 아래 환어음을 아래 선하증권 및 기타 서류(을 제4호증) 등을 첨부하여 원고에게 아래 선적서류 매입의뢰서를 작성하여 매입의뢰하였다.",
            "1. 수출거래 1. 화환어음(환어음이 첨부되지 않은 선적서류를 포함한다. 이하 이 약정에서 같음)의 매입 및 추심",
            "다.제2조 권리의 행사：1. 수출화환어음 및 내국신용장환어음 매입대금(은행의 매입대금을 말한다. 이하 이 약정에서 같음)의 경우에는 은행은 환매채권에 의하여 청구하거나, 금전소비대차에 의한 대출금으로 보아 어음채권 또는 여신채권 중 어느 것에 의하여도 청구할 수 있다.",
            "마.제8조 준용규정：본인과 은행은 약정되지 아니한 사항에 대하여 따로 정함이 없는 한 신용장통일규칙 , 추심에 관한 통일규칙 , 은행간 신용장대금상환에 관한 통일규칙 , 기타 국제 규약, 무역업무자동화처리약관 및 은행의 관련 규정에 따르기로 한다.",
            "바. 제11조 매입대금 상환： 1) 다음 각 호에 정한 사유 중 하나라도 발생한 경우 본인은 은행으로부터의 독촉, 통지 등이 없어도 당연히 다음 각 호에서 정한 화환어음 매입대금의 상환의무를 지고 곧 변제하기로 한다. ",
            "3.은행의 관련 규정이 정하는 기간까지 은행의 매입대금이 입금되지 아니하거나 화환어음의 인수가 이루어지지 아니하는 경우의 그 화환어음 4. 환거래은행 등으로부터 지급 또는 인수거절된 경우의 그 화환어음(이하 제11조 제1항 4호 사유 라고 한다)",
            "라.제4조 적용환율：적용환율은 신청서 등을 접수한 날과 관계없이 실제로 지급받거나 지급하는 날의 은행이 정한 해당 환율로 한다."
        ]
    },
    "dcss": {
        "courtDcss": [
            "매입의뢰인은 개설은행으로부터 지급거절된 환어음에 대하여 어떠한 경우에 환매의무를 부담한다.",
            "①우선 이 사건 신용장은 자유매입 신용장(open negotiation L C)인바, 매입신용장의 경우 통상적으로 신용장의 수익자(수출상)는 개설은행을 지급인으로 하는 환어음을 발행한 다음 이에 신용장에서 요구되는 선적 서류들을 첨부하여 매입은행에 매입을 의뢰하며, 매입은행은 수익자에게 매입대금을 지급하고서 매입한 환 어음과 관련 선적서류들을 개설은행에 송부하여 환어음의 지급을 구한다. ",
            "우리 나라의 경우를 보건대, 먼저 1965. 1. 29. 앞서 본 일본국의 (일본어)의 환매채무 조항을 모방하여 어음거래약정서를 제정하여, 일반어음의 할인거래에서 일본국과 같이 할인의뢰인의 신용에 기초한 거래가 확립되게 되었고, 이후 1987. 8.에 위 일본 모형 을 모방하여 갑 제19호증의 수출거래 약정서를 제정하게 되었다. ",
            "그렇다면 이 사건 환어음이 이 사건 개설은행으로부터 지급거절된 이상, 개설은행의 환어음 지급거절이 정당한지 여부를 살펴 볼 필요 없이, 피고 회사는 위 외국환거래약정서 제11조 제1항 제4호 사유에 기한 환매채무를 부담한다 할 것이다.",
            "위 제5조의 규정 취지를 이는 고객의 하자담보책임을 명정한 것으로서 이는 신의칙상 당연한 규정이며, 미국 통일상법전 구 제5,111조 제1항과 동 취지의 것이다. 라고 하고 있다. ",
            "이제 우리 나라의 경우를 보건대, 앞서 본 바와 같이 위 일본 모형 을 모방하여 만든 갑 제19호증의 수출거래약정서(1987. 8. 개정판) 제2조 수출환어음 및 선적서류의 진정 은 일본 모형 제5조와 거의 동일한 내용으로, 본인이 귀행에 제출하는 수출환어음(수출화물대금, 기타 대금을 지급받기 위한 환어음, 영수증 또는 이들과 동종의 서류를 말한다.",
            "이하 같음) 및 선적서류(운송서류, 보험서류, 상업송장 및 기타 신용장 또는 수출계약서에 의하여 요구되는 서류를 포함한다.",
            "그렇다면 매입은행인 원고에게 매입의뢰인인 피고 회사를 위한 신용장 조건의 일부에 대한 서류검사 의무가 있음을 전제로 한 피고 회사의 위 주장은 이유 없으며, 우리 나라의 신용장부 매입거래에서, 매입은행이 신용장 조건 등의 심사에 대하여 책임을 부담한다는 관습이 확립되어 있다는 자료가 없는 이상, 이를 전제로 한 피고 회사의 주장 부분도 이유 없다.",
            "마지막으로 이 사건 환어음의 매입 과정에 있어서 원고의 담당직원이 취한 서류심사상의 잘못 및 행위가 신의칙 등에 비추어 피고 회사에 대하여 환어음의 환매청구를 하는 것을 불허할 정도의 것이었는지에 관하여 본다.",
            "따라서, 원고의 이 사건 환매청구는 이유 있으므로, 피고 회사는 이 사건 환어음의 환매대금 USD 258,914.40에다가 기한의 이익 상실일인 2001. 2. 16.부터 2001. 3. 31.까지의 연 18%의 지연손해금 USD 5,618.00의 합계 USD 264,532.40 및 그 중 원금에 대한 2001. 4. 1.부터 완제일까지 주문 제1의 가. 항 기재 소정의 율에 따른 지연손해금을 지급할 의무가 있다.",
            "3. 피고 00의 채무 가.위 피고는 1999. 7. 5. 원고와 사이에, 피고 회사의 원고에 대한 현재 또는 장래의 모든 채무를 한도액 280,000,000원으로 연대보증하기로 하는 포괄근보증 약정을 체결하였다(다툼 없음).",
            "신용장통일규칙은, 그 규정 안에 매입의뢰인과 매입은행 사이의 법률관계에 대하여는 아무런 규정을 두고 있지 않은바, 따라서 이 문제는 해당 신용장,환어음 거래관계에 적용되는 준거법이나 매입은행과 매입의뢰인 사이의 계약에 따라 해결되어야 할 것이다.",
            "한편, 앞서 본 바와 같이 이 사건 신용장의 매입에 관하여 작성된 외국환거래약정서(갑 제2호증) 제11조 제1항 제4호는 환거래은행 등으로부터 지급 또는 인수거절된 경우의 그 화환어음 에 대하여 매입 의뢰인에게 매입대금의 상환의무, 즉 환매채무를 부담시키고 있는바, 위 환매사유에 어떠한 것이 포함되는지, 즉 신용장 조건이 충족된 경우이건 충족되지 못한 경우이건 개설은행이 환어음의 지급을 거절하기만 하면 위 사유에 해당되는지가 문제가 된다.",
            "앞서 본 바와 같이, 신용장통일규칙이 위 문제에 관하여 통일규칙을 제정하지 않고 준거법이나 당사자들의 약정,관행에 맡김에 따라, 이에 관하여는 다음과 같이 2가지의 관행이 행해지고 있다. ",
            "그런데 이때 개설은행으로부터 환 어음을 지급받지 못하는 사태가 발생하곤 한다.",
            "그렇다면 00은 위 매입시, 제3의 불일치 사유에 대하여는 불일치 사유가 되리라고 전혀 인식하지 못하였으며, 제2의 불일치 사유에 대하여도 그 기입이 없다는 점을 인식하지 못하였다고 봄이 상당하고, 제1의 불일치 사유에 대하여는 매입시 그것이 불일치가 될 수 있을 개연성에 대한 내심의 인식이 있었거나 아니면 위 매입시 이를 발견하지 못하였다고 봄이 상당하다.",
            "원고가 피고 회사에 대하여 환어음의 부속서류에 대하여 사실상의 협력을 하겠다는 도의상의 관계를 넘어서 그 과정에서 과오가 있는 경우에 그 위험을 부담하기로 하는 법적 의무를 부담하겠다는 것으로까지 볼 수는 없으므로) 위 주장 부분도 이유 없다.",
            "나.따라서 위 피고는 피고 회사와 연대하여 원고에게, 피고 회사가 원고에 대하여 위와 같이 부담하는 채무금 중 280,000,000원 및 이에 대하여 이 사건 소장부본 송달일의 다음날인 2001. 8. 11.부터 완제일까지 소송촉진등에관한특례법 소정의 연 25%의 비율로 계산한 지연손해금을 지급할 의무가 있다.",
            "위 3개의 불일치에 대하여 00이 피고측에 대하여 취한 태도는, (신용장 조건의 심사에 관한 지식이 부족하여) 단지 신용장 조건과 불일치하는 점을 발견하지 못하였다는 것을 나타내고 있을 뿐, 적극적으로 불일치 여부가 문제가 되나 이를 원고가 책임지겠다거나 전혀 불일치가 없으므로 이후 환어음의 지급이 없을 경우 원고가 책임지겠다는 것을 나타내는 것은 아니라고 봄이 상당하다.",
            "다.한편 이에 대하여, 피고 00은 피고 회사와 앞서 본 바와 같은 동일한 내용으로 위 환매채무에 대한 보증책임을 다투나, 피고 회사에 대한 위 판단에서 본 바와 같이 모두 이유 없다.",
            "따라서 우리의 경우는 일본국의 관행방식을 채택하여, 매입은행은 개설은행이 아닌 매입의뢰인의 신용, 즉 매입의뢰인의 매입환어음 환매능력에 기초한 화환어음 매입 관행을 정착시켜 왔다고 할 것이다.",
            "나.한편, 원고와 피고 회사에 사이에 작성된 갑 제2호증의 외국환거래약정서는 수출여신거래 외에 수입 여신거래 등에 대하여도 함께 규정할 목적으로 1997. 5.경 제정된 것인바, 매입의뢰인의 환매채무에 관한 조항인 위 약정서 제11조는 위 수출거래약정서 제15조와 조금 상이하나 그 본질적인 환매채무의 사유 및 내용에는 변함이 없다고 할 것이다.",
            "다. 따라서 우리 나라의 경우, 위와 같은 관행 및 외국환거래약정서 등의 제정 경위 등에 비추어 볼 때, 위 외국환거래약정서 제11조 제1항 제4호의 사유에 기한 환매청구는, 개설은행이 환어음의 지급을 거절한 경우, 그 지급거절이 신용장통일규칙상 정당한지 여부(즉, 신용장 조건이 충족되었는지 여부)에 상관없이, 가능하다고 해석함이 상당하다.",
            "아울러, 원고와 피고 회사 쌍방이 모두, 이 사건 개설은행의 불일치 통보가 신용장통일규칙에 비추어 정당한 점에 대하여 다툼이 없는 이상, 미합중국의 관행에 따른다고 하더라도, 피고 회사가 신용장조건을 충족시키는 서류를 원고에게 제시,매도하지 않았기 때문에 위 환어음에 대한 매입대금 상당에 대하여 담보책임을 부담한다고 할 것이다.",
            "1.피고 회사의 위 주장은, 신용장거래의 전문가인 원고와 같은 매입은행은, 그 매입을 함에 있어 매입 의뢰인에 대하여 신용장 조건의 일치 여부의 조사의무, 손해회피 의무, 개설은행 등에 대한 소제기 등의 추궁 의무를 부담하게 된다는 것을 전제로 한다.",
            "2.이하, 매입은행이 신용장부 환어음을 매입함에 있어 매입의뢰인과 사이에 있어서, 신용장 조건의 일치 여부에 관하여 어떠한 의무를 부담하는지에 관하여 살펴 본다.",
            "따라서 위와 같은 사정에다가 00의 원고 은행에서의 지위, 앞서 본 환어음 매입에 관한 관행(저렴한 수수료와 신속한 현금화) 및 담보책임, 그리고 위 선하증권 등의 선적서류를 마련한 피고측에게는 작성의 관여 및 검토에 대하여 충분한 시간과 기회가 있었다.",
            "그럼에도 그 스스로 위 3개의 불일치 사유를 발견하지 못한 자신의 잘못은 탓하지 않고 오히려 피고측 보다 전문성이 조금 높다고 할 수 있는 원고의 직원이 발견하지 못한 잘못만을 탓하고 있는 점 등을 종합하여 보았다.",
            "그러나 이는 매입은행이 지급의무 있는 개설은행 등의 은행에 대하여 보상청구권을 얻기 위한 전제로서의 의무이지, 이를 가지고 바로 매입의뢰인에 대하여 조사의무를 부담한다고는 볼 수 없다.",
            "위 00의 태도(내심적,일방적 실수)는 피고들에게 환어음의 환매청구권 불행사에 대한 (선적서류를 제시할 때 불일치 없이 제시하였다고 먼저 그리고 스스로 생각하고 있던 피고측이 원고도 불일치 없다고 하므로 느꼈을지 모르는 조건일치에 관한 자연적인 안도 및 믿음이 아니라) 법적 의미를 가진 신뢰를 부여하였다고는 볼 수 없으므로, 원고의 피고 회사에 대한 환매청구가 신의칙상 부당하다는 피고 회사의 주장 부분 또한 이유 없다.",
            "본건 일본 모형 의 제5조에서, 원고는 피고에 대하여, 본인이 귀행에 제출하는 외국앞환어음 및 부속서류는, 정확, 진정 및 유효하고, 신용장부 거래의 경우에는 신용장조건과 일치하고 있음을 보장합니다. 이를 전제로 하여 취급된 것에 의하여, 만일 손해가 발생한 경우에는 본인이 부담합니다. 라고 약정하고 있어, 역으로, 매입 의뢰인이 매입은행에 대하여 지급거절되는 것이 없는 어음 및 부속서류를 제출할 의무를 가지고 있다. 고 판단하고 있다.",
            "2. 매입의뢰인인 피고 회사는 위와 같은 담보책임의 부담을 신용장 거래의 전문성이 떨어지는 매입 의뢰인에게 부과하는 위와 같은 약관 및 문구는 무효이거나 신의칙상 부당하다고 주장할지 모른다."
        ]
    },
    "close": {
        "cnclsns": [
            "원고에게 가. OOO은 ① 216,493,479원 및 그 중 214,331,113원에 대한 2001. 4. 1.부터 2001. 8. 10.까지는 연 18%, 2001. 8. 11.부터 완제일까지는 연 25%의 비율로 계산한 돈과 ② 미화 264,532.40 $ 및 그중 미화 258,914.40 $에 대한 2001. 4. 1.부터 2001. 8. 10.까지는 연 18%, 2001. 8. 11.부터 완제일까지는 연 25%의 비율로 계산한 돈을 지급하였다.",
            "나, 피고 00은, 피고 000과 연대하여 위 가.항 기재 돈 중 280,000,000원 및 이에 대한 2001. 8. 11.부터 완제일까지 연 25%의 비율로 계산한 돈을 지급하라.",
            "소송비용은 피고들의 부담으로 한다.",
            "제1항은 가집행할 수 있다."
        ]
    }
}