{
    "info": {
        "caseField": "1",
        "detailField": "1",
        "trailField": "2",
        "caseNm": "유족보상금등지연손해금",
        "courtNm": "서울지법",
        "judmnAdjuDe": "2001. 09. 28.",
        "caseNo": "2001나12286",
        "relateLaword": [
            "공무원연금법 제26조 ",
            "공무원연금법시행령 제20조",
            "구 공무원연금법시행령(2000. 12. 30. 대통령령 제17101호로 개정되기 전의 것) 제20조",
            "공무원연금법 제35조",
            "공무원연금법 제61조",
            "구 공무원연금법시행령(2000. 12. 30. 대통령령 제17101호로 개정되기 전의 것) 제30조",
            "구 공무원연금법시행령(2000. 12. 30. 대통령령 제17101호로 개정되기 전의 것) 제32조",
            "구 공무원연금법시행령(2000. 12. 30. 대통령령 제17101호로 개정되기 전의 것) 제34조"
        ],
        "qotatPrcdnt": []
    },
    "concerned": {
        "acusr": "1",
        "dedat": "2"
    },
    "org": {
        "orgJdgmnCourtNm": "서울지법",
        "orgJdgmnAdjuDe": "2000. 1. 17",
        "orgJdgmnCaseNo": "2000가단212187 "
    },
    "disposal": {
        "disposalform": "10",
        "disposalcontent": [
            "원심판결을 취소한다.",
            "원고들의 청구를 모두 기각한다.",
            "소송 총비용은 원고들의 부담으로 한다."
        ]
    },
    "mentionedItems": {
        "rqestObjet": [
            "피고는 원고 00에게 금 12,949,459원, 원고 00, 00에게 각 금 791,736원 및 위 각 금원에 대한 2000. 4. 22.부터 이 사건 소장부본 송달일까지는 연 5%, 그 다음날부터 완제일까지는 연 25%의 각 비율에 의한 금원을 각 지급한다."
        ]
    },
    "assrs": {
        "acusrAssrs": [
            "원고들은, 피고가 위 000의 공무상 재해를 제 때에 인정하지 아니하고 무려 4년이나 늦게 인정함으로 인하여 위 공무상요양비및 유족보상금을 뒤늦게 수령하였다. ",
            "그러므로, 피고는 원고들에게 늦어도 위 000가 사망한 다음날인 1996. 3. 25.부터 위 공무상요양비, 유족보상금의 각 지급일까지 위 각 금원에 대하여 민법이 정하는 연 5%의 지연손해금을 지급할 의무가 있다고 주장한다."
        ],
        "dedatAssrs": []
    },
    "facts": {
        "bsisFacts": [
            "소외 000는 정보통신부 서기관으로 근무하여 오던 중 1995. 9. 29. 000병원에서 급성 임파구성 백혈병, 요추간판 탈출증 등의 진단을 받고 입원하여 치료를 받으면서 1995. 12. 28. 피고에게 공무원연금법 제35조의 규정에 의한 공무상요양승인신청을 하였다.",
            "그런데, 피고는 공무원연금급여심의회를 거쳐 1996. 2. 13. 위 백혈병 등은 공무수행이 그 발병이나 악화의 원인이 될 수 없다는 등의 이유로 공무상요양 불승인 통보를 하였고, 공무원연금급여재심위원회 또한 1996. 5. 2. 위 000의 공무상요양 심사청구에 대하여 위와 같은 이유로 기각결정을 하였다.",
            "000가 과중한 업무로 그 진단 및 치료시기를 놓쳐 위 백혈병이 급속히 진행하여 악화되었음을 이유로 원고 승소판결을 선고하였고, 공무원연금급여재심위원회는 위 유족보상금 부지급처분에 대한 원고 00의 심사청구에 대하여 2000. 3. 28. 위 판결을 이유로 유족보상금 부지급처분을 취소하는 결정을 하였다.",
            "이에 따라 피고는 2000. 4. 15. 원고 00에게 유족보상금 결정통보를 한 후 2000. 4. 21. 원고 00에게 유족보상금 57,663,900원을 지급하였고, 또한 공무상요양비로 2000. 3. 8. 본인부담금 8,580,830원, 2000. 4. 19.과 2000. 6. 17. 요양비 2,361,580원, 간호비(가족개호) 2,903,770원 등 합계 금 13,846,180원을 지급하였다.",
            "원고 0는 위 00의 처이고, 원고 00, 00은 위 00의 자녀들이다."
        ]
    },
    "dcss": {
        "courtDcss": [
            "공무원연금법상 공무상요양비와 유족보상금의 사회보장적 성격을 고려하면, 피고로서는 당해 공무원이 질병, 부상을 당하거나 또는 사망한 날로부터 공무상요양비와 유족보상금 지급의무를 부담하는 것이 아니라 공무원연금급여심의회의 심의를 거쳐 당해 공무원의 질병, 부상 또는 사망이 공무상 질병, 부상 또는 그로 인한 사망인 것으로 인정되고 그에 따라 피고가 각 급여의 지급결정을 한 이후에야 비로소 각 급여의 지급의무를 부담한다고 할 것이다.",
            "공무상요양비의 구체적인 지급절차에 관하여 보면, 공무원이 공무상 질병 등으로 요양기관에서 요양을 하고자 할 때에는 당해 공무원이 연금취급기관장에게 진단서를 첨부하여 공무상요양 승인신청서를 제출하고, 연금취급기관장은 그 질병 등의 경위를 조사한 후 7일 이내에 공무원건강진단카드사본 등을 첨부하여 피고에게 이송해야 한다.",
            "그 요양비는 원칙적으로 공무상요양을 마친 때 요양기관이 진료비청구서를 국민건강보험공단에게 제출하며, 국민건강보험공단이 이를 지급한 때에는 피고 또는 지방자치단체에게 위 청구서를 제출하면 피고 또는 지방자치단체장은 1월 이내에 이를 심사하여 국민건강보험공단에게 공무상요양비를 지급하도록 되어 있고(위 시행령 제32조), 이는 분할로 지급할 수도 있다.",
            "공무원이 요양취급기관 이외의 의료기관에서 요양을 받거나 마친 경우에는 국민건강보험공단에게 청구하여(위 시행령 제34조) 피고의 공무상요양 승인결정에 따라 의료비의 본인부담금 등을 환급받게 되어 있는바, 위와 같이 공무상 요양비가 실제로 지급되는 절차는 상당한 시일이 필요한데다가 그것도 국민건강보험공단을 통하여 요양취급기관에게 지급되는 것이 원칙이다.",
            "공무원 등이 공무상 질병 등으로 사망한 때에는 그 유족이 연금취급기관장에게 유족보상금청구서를 제출하고, 연금취급기관장은 위 청구서에 사망경위조사서와 공무원건강진단카드사본 등을 첨부하여 피고에게 이송하며, 피고는 공무원연금급여심의회의 심의를 거쳐 유족보상금 지급 여부 등을 결정하여 청구인과 연금취급기관 등에게 그 결정서나 부본을 송부하고, 국가나 지방자치단체가 유족에게 유족보상금을 지급하게 되어 있다.",
            "피고로서는 당해 공무원이 질병, 부상을 당하거나 또는 사망한 날로부터 공무상요양비와 유족보상금 지급의무를 부담하는 것이 아니라 공무원연금급여심의회의 심의를 거쳐 당해 공무원의 질병, 부상 또는 사망이 공무상 질병, 부상 또는 그로 인한 사망인 것으로 인정되고 그에 따라 피고가 위 각 급여의 지급결정을 한 이후에야 비로소 그 각 급여의 지급의무를 부담한다고 할 것이다.",
            "피고는 법원의 판결에 따라 원고 00에게 2000. 2. 3. 공무상요양 승인결정을 통보하였고, 2000. 4. 15. 유족보상금 지급결정을 통보하였는바, 피고는 위 각 결정일로부터 공무상요양비와 유족보상금 지급의무를 부담한다고 할 것이므로, 피고가 원고들에 대하여 위 000가 사망한 다음날인 1996. 3. 25.부터 공무상요양비 및 유족보상금 지급의무를 부담함을 전제로 하는 원고들의 위 주장은 더 나아가 살펴볼 필요 없이 이유 없다."
        ]
    },
    "close": {
        "cnclsns": [
            "원고들의 이 사건 청구는 이유 없어 모두 기각할 것인바, 이와 결론을 달리한 원심판결은 부당하므로 취소하고, 원고들의 청구를 모두 기각한다."
        ]
    }
}