{
    "info": {
        "caseField": "1",
        "detailField": "1",
        "trailField": "2",
        "caseNm": "약정금",
        "courtNm": "부산고법",
        "judmnAdjuDe": "2002. 09. 06.",
        "caseNo": "2001나13624",
        "relateLaword": [
            "민법 제454조",
            "민법 제536조 ",
            "민법 제568조"
        ],
        "qotatPrcdnt": [
            "대법원 1989. 3. 28. 선고 88다카6228 판결(공1989, 674)"
        ]
    },
    "concerned": {
        "acusr": "1",
        "dedat": "1"
    },
    "org": {
        "orgJdgmnCourtNm": "창원지방법원",
        "orgJdgmnAdjuDe": "2001. 9. 6.",
        "orgJdgmnCaseNo": "선고 2000가합4920 판결"
    },
    "disposal": {
        "disposalform": "10",
        "disposalcontent": [
            "원고의 항소 및 당심에서 추가된 각 선택적 청구를 모두 기각한다.",
            "항소제기 이후의 소송비용은 원고의 부담으로 한다."
        ]
    },
    "mentionedItems": {
        "rqestObjet": [
            "원심판결을 취소한다.",
            "피고는 원고에게 금 258,000,000원 및 이에 대하여 이 사건 소장부본 송달 다음날부터 완제일까지 연 25%의 비율에 의한 금원을 지급한다.",
            "원고는 당초 약정금청구를 하다가 당심에서 채무불이행 또는 불법행위를 원인으로 한 손해배상청구와 구상금청구를 각 선택적으로 추가하였다"
        ]
    },
    "assrs": {
        "acusrAssrs": [
            "원고는, 피고는 00 및 00의로부터 이 사건 매매목적물을 매수하면서 잔금 중 금 2억 5,800만 원의 지급에 갈음하여 00이 000에서 대출받은 금 2억 5,800만 원의 채무를 인수하여 000의 여신규정에 따라 상환하기로 한다.",
            "만약 피고가 인수한 위 채무금을 상환하지 아니할 경우에는 피고는 그 대출금상환에 갈음하여 물상보증인인 원고에게 인수 채무금 2억 5,800만 원을 직접 지급하거나 피고가 000에 다른 담보를 제공하여 원고 소유의 이 사건 물상담보부동산에 관한 000 명의의 근저당권설정등기를 말소시켜주기로 원고, 00과 직접 약정하였다.",
            "설사 피고와 원고 사이에 직접 위와 같은 약정을 체결한 사실이 인정되지 않는다고 하더라도 피고는 00과 사이에 피고가 제3자인 원고에게 위와 같은 약정내용을 이행하기로 하는 제3자를 위한 계약을 체결하였고 이에 원고가 수익의 의사표시를 하였으므로 피고는 원고에게 위 약정내용을 성실하게 이행할 의무가 있다고 할 것이다.",
            "그럼에도 불구하고 피고는 이 사건 매매목적물을 인도받은 후 그가 인수한 위 대출금채무를 상환하지 아니하였을 뿐만 아니라 000에 다른 담보를 제공하여 이 사건 물상담보부동산에 관한 000 명의의 근저당권설정등기를 말소시켜 주지도 않았기 때문에 000이 위와 같이 원고 소유의 이 사건 물상담보부동산에 대하여 부동산 임의경매신청을 하여 타인에게 경락되게 함으로써 원고에게 위 대출금 상당의 손해를 가하였다."
        ],
        "dedatAssrs": []
    },
    "facts": {
        "bsisFacts": [
            "소외 00은 1997. 4. 28. 경남 고성군수로부터 97 민간보육시설 설치 융자사업비 배정 대상자로 선정받은 후 000(이하 'OOO'이라 한다)로부터 민간보육시설설치 융자사업비를 대출받기로 하고 그 담보로 원고 소유의 0000 대 91㎡ 및 그 지상 철근콘크리트조 슬래브지붕 3층 근린생활시설 및 단독주택에 대하여 부산지방법원 동부지원 동래등기소 1997. 6. 24. 제 30603호로 접수하였다.",
            "같은 달 20. 설정계약을 원인으로 한 채무자 00, 근저당권자 000, 채권최고액 금 3억 8천만 원의 근저당권설정등기를 경료하였다.",
            "000은 1997. 6. 26. 00과 사이에 그가 위 융자사업비 대출금으로 합계 000 금해 2억 5,800만 원을 대출해주었고, 00은 위 대출금으로 1997. 7. 10. 0000 대 364㎡를 매수하여 그 지상에 철근콘크리트조 2층 건물을 신축한 후 1998. 3. 4. 고성군수로부터 민간보육시설인가를 받아 위 건물과 대지에서 시설명이 000이라는 보육시설을 운영하였다.",
            "1999. 8. 13. 피고와 사이에 매도인을 이 사건 사회복지법인과 00으로 매수인을 피고로 하여 이 사건 사회복지법인과 00 소유의 위 각 대지, 건물과 위 각 어린이집 시설물일체(이하 이 사건 '매매목적물'이라 한다)를 금 4억 8,200만 원에 매매하는 계약을 체결하였다.",
            "피고는 1999. 12. 6. 최종적으로 00에게 금 8,900만 원을 지급함으로써 위 매매대금 중 현금으로 지급하기로 한 부분에 해당하는 금 2억 2,400만 원을 모두 지급하였고, 같은 날 피고는 김숙의로부터 1999. 11. 30.까지의 이 사건 사회복지법인의 운영에 따른 채무는 전 대표이사 00가 책임진다는 내용의 약정서를 교부받았다.",
            "같은 날 00, 00과 피고 등은 이 사건 매매목적물 중 0000에 관하여 피고 명의로 소유권이전등기를 경료하기 위하여 고성읍에 있는 00 법무사사무소에 갔으나 00이 소유권이전등기에 필요한 서류 중 하나인 관할세무서장 발행의 부동산양도신고확인서를 준비하지 않았기 때문에 피고 명의로 소유권이전등기를 경료하지 못하였다.",
            "00은 위 대출금이 상환되지 아니한 상태에서 위 대출금의 채무자인 00이 다른 은행에서 신용거래불량자로 등재되었을 뿐만 아니라 행방마저 일정하지 않아 채권확보에 어려움이 있게 되자 근저당권자로서 위 대출금채무의 담보로 제공되어 있던 원고 소유의 이 사건 물상담보부동산과 00 소유의 0000에 대하여 근저당권을 실행하여 부동산 임의경매신청을 하였다.",
            "이에 0000에 대하여는 2000. 1. 31. 창원지방법원 통영지원의 경매개시결정이 이루어져 그 임의경매절차에서 소외 00가 2000. 11. 30. 낙찰받았으며, 이 사건 물상담보부동산에 대하여는 2000. 2. 2. 부산지방법원 동부지원의 경매개시결정이 이루어져 그 임의경매절차에서 소외 00가 2000. 9. 7. 금 1억 4,100만 원에 낙찰받았으며, 000은 금 75,947,170원을 배당받았다."
        ]
    },
    "dcss": {
        "courtDcss": [
            "피고의 위 대출금채무의 채무인수가 유효하게 효력을 발생하고 있는지 여부에 관하여 보면, 부동산의 매매계약 또는 교환계약에서 매매대금 또는 교환가액의 일부를 매수인측이 부동산에 대한 임대차보증금 또는 담보대출금의 반환채무를 인수함으로써 그 지급에 갈음하기로 약정한 경우에는 그 채무인수의 효력은 특약이 없는 한 매매계약 또는 교환계약의 체결시가 아니라 그 계약에서 정한 매매대금 또는 교환차액금의 지급시기에 발생한다고 보아야 할 것이다.",
            "매매대금 또는 교환차액금의 지급과 부동산의 권리이전소요서류의 교부를 동시이행으로 약정한 경우에는 반대급부의 이행제공이 없는 한 매매대금 또는 교환차액금 지급에 갈음한 채무인수의 효력은 발생하지 않는다고 할 것이다.",
            "00이 위 반대급부의 이행제공을 한 사실이 인정되지 아니하고 00이 위 반대급부의 이행을 제공하지 않고 있는 동안 0000에 대하여 근저당권자인 000의 임의경매신청으로 인하여 00가 경락을 받아감으로써 현재는 위 반대급부의 이행제공은 이행불능이 된 상태이어서 위 대출금채무에 대한 피고의 채무인수는 동시이행관계에 있는 반대급부의 이행제공이 없어 그 효력을 발생하지 않는다고 할 것이다.",
            "피고는 00으로부터 이 사건 매매목적물을 넘겨받을 때 원고 소유의 이 사건 물상담보부동산에 관한 000의 근저당권을 해지해 주기로 약속하고 근저당권해지서류를 모두 교부받았음에도 이를 이행하지 않음으로써 원고에게 위 대출금 상당 손해를 가하였으므로 피고는 원고에게 금 2억 5,800만 원을 배상할 의무가 있다는 취지의 주장을 하나, 일부 증언은 믿기 어렵고 달리 이를 인정할 증거가 없다."
        ]
    },
    "close": {
        "cnclsns": [
            "원고의 이 사건 청구는 이유 없어 이를 기각할 것인바, 원심판결은 이와 결론을 같이하여 정당하고, 원고의 항소와 당심에서 선택적으로 추가된 채무불이행 또는 불법행위를 원인으로 한 손해배상청구와 구상금청구는 모두 이유 없으므로 이를 기각한다."
        ]
    }
}