{
    "info": {
        "caseField": "1",
        "detailField": "1",
        "trailField": "1",
        "caseNm": "채무부존재확인등, 손해배상(기)",
        "courtNm": "수원지방법원 성남지원",
        "judmnAdjuDe": "2003. 10. 02.",
        "caseNo": "2002가합1044(본소),2002가합2139(반소)",
        "relateLaword": [
            "환경정책기본법 제10조",
            "환경정책기본법시행령 제2조",
            "국토의계획및이용에관한법률시행령 제30조",
            "소음진동규제법 제28조",
            "소음진동규제법 제29조",
            "주택건설기준등에관한규정 제9조",
            "민법 제758조 ",
            "민법 제750조",
            "민법 제758조",
            "주택건설촉진법 제3조",
            "주택건설촉진법 제6조",
            "주택건설촉진법 제33조",
            "주택건설기준등에관한규정 제3조",
            "주택건설기준등에관한규정 제33조",
            "주택건설촉진법시행령 제9조",
            "주택건설촉진법시행령 제33조"
        ],
        "qotatPrcdnt": []
    },
    "concerned": {
        "acusr": "2",
        "dedat": "1"
    },
    "org": {
        "orgJdgmnCourtNm": "",
        "orgJdgmnAdjuDe": "",
        "orgJdgmnCaseNo": ""
    },
    "disposal": {
        "disposalform": "1",
        "disposalcontent": [
            "원고(반소피고)는 별지 피고 목록 기재 피고(반소원고)들 중 별지 목록 2 기재 피고(반소원고)들을 제외한 나머지 피고(반소원고)들에 대하여 0000ㅡ000 간 경인고속도로 중 0000  (상세번지 생략) 0000 앞에 설치되어 있는 방음벽의 높이를 피고(반소원고)들의 주택의 소음도가 65dB(A)를 초과하지 않도록 보강할 의무가 존재하지 아니함을 확인한다.",
            " 0000ㅡ0000 간 경인고속도로의 소음으로 인한 손해배상으로서 별지 목록 1 재정 금액을 지급할 의무가 존재하지 아니함을 확인한다.",
            "피고 부천시는 원고(반소피고)에게 56,000,000원을 지급한다",
            "원고(반소피고)는 별지 목록 2 기재 피고(반소원고)들에게\n가. 별지 목록 2 기재 금액 및 2002. 2. 15. 부터 2003. 10. 2. 까지는 연 5%의, 그 다음날부터 완제일까지는 연 20%의 각비율에 의한 금원을 각 지급한다.",
            "0000ㅡ0000 간 경인고속도로로부터 발생하는 소음이 별지 목록 2 기재 피고(반소원고)들의 주택을 기준으로 65dB(A) 이상유입되도록 하여서는 아니 된다.",
            "원고(반소피고)의 별지 목록 2 기재 피고(반소원고)들에 대한 나머지 본소 청구와 별지 목록 2 기재 피고(반소원고)들의 원고(반소피고)에 대한 나머지 반소 청구 및 피고(반소원고)들 중 별지 목록 2 기재 피고(반소원고)를 제외한 나머지 피고(반소원고)들의 원고(반소피고)에 대한 반소청구를 각 기각한다.",
            "제 2, 3항은 가집행할 수 있다.",
            "소송비용은 원고(반소피고)와 피고 부천시 및 피고(반소원고)들 중 별지 목록 2 기재 피고(반소원고)들을 제외한 피고(반소원고)들 사이에 생긴 부분은 본소, 반소를 합하여 피고 부천시 및 위 피고(반소원고)들의 부담으로 하고, 원고(반소피고)와별지 목록 2 기재 피고(반소원고)들 사이에 생긴 부분은 본소, 반소를 합하여 1÷2은 원고(반소피고)의, 나머지는 별지 목록 2기재 피고(반소원고)들의 각 부담으로 한다"
        ]
    },
    "mentionedItems": {
        "rqestObjet": [
            "원고(반소피고, 이하 원고라 한다)는 피고(반소원고, 이하 피고라 한다)들에 대하여 0000ㅡ0000 간 경인고속도로 구간 중 0000(상세번지 생략) 00000 앞에 설치 되어 있는 방음벽의 높이를 위 피고들 주택의 소음도가65dB(A)를 초과하지 않도록 보강할 의무가 존재하지 아니함을 확인한다.",
            "0000ㅡ0000 간 경인고속도로의 소음으로 인한 손해배상으로서 별지 목록 1 기재의각 피고별 재정금액을 지급할 의무가 존재하지 아니함을 확인한다.",
            "피고 부천시는 원고에게 금 56,000,000원을 지급한다.",
            "원고는 피고(반소원고)들에게 각 별지 목록 1 기재 청구금액과 같은 금액 및 이에 대하여2002. 2. 15. 부터 이 사건 반소장 부본 송달일 까지는 연 5%의, 그 다음날부터 완제일까지는 연 25%의 각 비율에 의한 금원을 지급한다.",
            "원고는 0000ㅡ0000 간 경인고속도로로부터 발생하는 소음이 피고(반소원고)들의 주택을 기준으로 65dB(A) 이상 유입되지 않도록 방음설비를 시공한다.",
            "원고는 제2항의 명령에 위반할 경우 피고(반소원고)들에게 1일마다 금 50,000원씩의 비율에 의한 금원을 지급한다."
        ]
    },
    "assrs": {
        "acusrAssrs": [
            "원고는 0000 등은 주택건설기준등에관한규정 제2장 제9조 제1항의 공동주택에 해당하므로 소음방지대책의무 및 손해배상책임은 공동주택건설자인 0000 등 사업자가 져야할 책임이라 주장한다.",
            "원고는 피고 주민들, 피고 부천시, 원고와 사이에 이루어진 이 사건 합의는 유효하므로 당초 이 사건 합의대로 이행되어야 하기 때문에 원고가 이 사건 합의에 정한 내용 이상으로 방음설비 시공을 한다거나 손해배상책임을 질 책임이 없다고 주장한다."
        ],
        "dedatAssrs": [
            "피고들은 원고가 경인고속도로를 관리함에 있어 그 도로변에 실질적인 방음효과를 얻을 수 있는 방음벽을 설치하거나, 차량의 통행을 적정하게 통제한다거나 하여 주변에 거주하는 피고 주민들에 대하여 소음 등에 대한 적절한 조치를 취하여야 할 의무가 있음에도 이를 이행하지 않아 피고들이 손해를 입었으므로 원고는 민법 제758조 또는 민법 제750조에 의한 손해를 배상할 책임이 있다고 주장한다.",
            "피고들은 경인고속도로에서 발생하는 소음 등으로 인하여 사회 통념상 일반적으로 수인할 정도를 넘는 피해를 입었으므로 소유권 또는 점유권에 기하여 그 방해의 제거나 예방을 위하여 원고에게 도로변 소음 환경기준 65dB(A)를 넘지 않도록 방음 설비를 시공할 것을 청구한다고 주장한다."
        ]
    },
    "facts": {
        "bsisFacts": [
            "원고는 한국도로공사법에 따라 설립되어 존속하고 있는 정부투자기관으로서 건설교통부가 관장하는 고속도로에 관한 업무를 건설교통부장관으로부터 위임받아 수행하고 있는 자로 부평-신월 간 경인고속도로의 설치, 관리자이다.",
            "피고 목록 기재 피고들(이하 피고 주민들이라 한다)은 부평-신월 간 경인고속도로에 인접하여 있는 000,0000, 0000등(이하 0000 등이라고 한다)의 거주자들이고, 피고 부천시는 0000 등의 건축허가자이다.",
            "경인고속도로는 1968. 12. 21. 서울-인천 간 연장 29.5km 구간에 4차선으로 개통되었고, 원고는 1989. 9. 23. 기존의 4차선인 경인고속도로를 8차선으로 확장하는 공사에 착공하여 1992. 7. 14. 부평-신월 간 9.7km의 8차선확장을 완료하였다.",
            "0000 등은 부천시 000 외 7필지 상에 위치하고 있으며 각 연면적 652.92㎡ 지상 4층지하 1층의 9개동 합계 128세대 다세대 주택으로 건축허가를 받아 준공을 마쳤다.",
            "0000 등의 대지인 000 등(상세 각 지번 생략)은 1977. 9. 28. 부터 원고가 소유하여 오던 토지로, 원고가 1991. 7. 11. 소외 00 외 3인 및 소외 00 외 3인 등 0000 등 건축주들에게 위 토지들의 분할 전 토지인 대지에 대한 소유권을 이전하였고, 그 후 위 건축주들이 그 토지를 여러 필지로 분할하여 0000 등을 신축하였다.",
            "0000 등은 부천인터체인지 동쪽 1km지점에 위치하고 있는데 고속도로변을 따라 동서방향으로 144m에 걸쳐 9개동으로 구성되어 있고, 도로변과 가장 가까운 곳의 이격거리는 9m이며 도로변에는 흡음형(알루미늄) 방음벽이 길이 144m 높이 4.5m로 설치되어 있으며, 고속도로 운행차량의 과속방지를 위하여 2001. 8. 5. 무인속도측정기를 설치하였으며 도로 평탄화를 위하여 2001. 10. 경 내유동성 포장을 하였다.",
            "국립환경연구원은 2001. 11. 20.에서 2001. 11. 21. 00000 5동의 1호 라인과 4호 라인에서 소음도를 측정하였는데, 소음도가 가장 높은 곳은 4층 1호로서 주간 77dB(A), 야간 78dB(A)이고, 가장 낮은 곳은 1층 4호로서 주, 야간 64dB(A)이었으며, 00000 등의 각 호별 측정 소음도와 동, 호별 거리를 고려한 추정 소음도 제시하였다.",
            "원고는 1994. 9. 2. 00000 4층에서 소음을 측정하였는데 주간 64.5dB(A), 야간 67.6dB(A), 74.4dB(A)이 나왔으며, 피고 부천시가 1999. 6. 11. 00000 4층에서 소음 측정한 결과는 72dB(A)였다.",
            "환경정책기본법 제10조 제2항, 환경정책기본법시행령 제2조의 규정에 의한 도로변 소음환경기준을 국토의계획및이용에관한법률시행령 제30조의 규정에 의한 주거지역 중 전용 주거지역, 일반 주거지역, 준주거지역에서 주간 65dB(A)(06:00~22:00), 야간 55dB(A)(22:00~06:00)이다.",
            "소음측정기준에 의하여 65데시벨이상인 경우에는 방음벽, 수림대 등의 방음시설을 설치하여 당해 공동주택의 건설지점의 소음도가 65데시벨미만이 되도록 하여야 한다고 규정하고 있다. ",
            "00000 등이 위치하는 지역은 도시관리계획상 일반주거지역으로 지정되어 있다.",
            "0000 등의 주민들은 1997. 8. 9. 부터 수차 피고 부천시 및 원고와 기타 관계기관에 민원을 제기하고 지역신문과 국민고충처리위원회 등에 탄원서를 보냈던 바, 2000. 2. 22. 및 같은 해 3. 3. 피고 부천시 주도로 민원해결을 위한 회의가 열리게 되었다.",
            "회의에서 원고와 0000 등의 주민 대표, 피고 부천시 사이에 기존의 방음벽의 높이를 4.5m에서 7.5m로 높이기로 하고, 이에 소요되는 비용500,000,000원 중 피고 부천시가 그 10%인 50,000,000원, 피고 주민들이 6,000,000원을 부담하기로 하되 0000 등의 주민들의 부담은 피고 부천시가 대납하기로 대략의 합의(이하 이 사건 합의라 한다)가 이루어졌다.",
            "2000. 11. 3.경 이 사건 합의에 따라 피고 부천시는 원고에게 56,000,000원을 송금하였지만, 00000 등의 일부 주민들이 이 사건 합의에 참여한 주민 대표들의 대표성을 다투면서 이 사건 합의에 따른 높이로 방음벽 높이를 조정하는데 반대함으로써 원고는 방음벽 보강 공사를 시행하지 아니하였다.",
            "346인의 00000 등 주민들은 그 후 중앙환경분쟁조정위원회에 분쟁조정을 신청하여 2002. 2. 14. 원고는 신청인 346명 중 피고 주민들 305명에게 합계 166,450,000원을 지급하고, 방음벽 높이 보강, 차량속도제한 등의 방음대책을 강구하여 피고 주민들 거주 주택의 소음도가 도로변 소음 환경기준 65dB(A)를 초과하지 않도록 하여야 하며, 피고 부천시에 대한 신청은 기각한다 는 취지의 재정을 하였다.",
            "0000 등의 준공 후부터 입주하여 계속 거주해 오는 주민들에 의하면 1995.경부터 고속도로 소음이 심해졌다고 하며 피고 주민들은 경인고속도로를 지나는 운행차량에 의한 소음으로 인하여 일 년 내내 창문개방을 제대로 할 수가 없고, 수면에 지장이 많으며, 대화 곤란 등 일상생활에 피해를 입고 있으며 고속도로에서 나오는 먼지(105㎍/㎥)는 환경기준(150㎍/㎥) 이하이나 피고 주민들은 그로 인하여도 피해를 입고 있다고 주장한다.",
            "00000 등 앞 도로변에 설치된 방음벽의 옹벽기초를 허물지 않고 보강할 수 있는 방음벽의 최대 높이는 7.5m이고, 옹벽기초를 허물고 다시 방음벽을 설치할 경우 공사기간 동안 경인고속도로 편도 4개 차로 중 편도 2개 또는 1개 차선을 차단하여야 하며 그와 같은 경우 하루 종일 또는 하루 21시간 가량 지체가 발생할 것으로 예측되었다.",
            "그리하여 원고는 옹벽기초를 허물지 않고 보강할 수 있는 최대 높이인 7.5m로 방음벽을 보강할 것을 제의하였으나 주민들의 거부로 공사가 이루어지지 않았다.",
            "0000 등의 소음피해방지를 위하여 도로변 소음환경기준 65dB(A)를 충족시키기 위하여는 길이 190m, 높이는 13m의 흡음형 방음벽(알루미늄)을 설치하여야 하며, 뒤에 보는 바와 같이 기존의 방음벽 옹벽 기초에 덧붙여 00000 등과의 사이 부채도로 일부를 점하여 콘크리트 블록을 설치하면 경인고속도로의 일부 차로를 차단함이 없이 13m 높이를 보강하는 공사가 가능하고 그 소요되는 비용은 1,208,000,000원 정도이다."
        ]
    },
    "dcss": {
        "courtDcss": [
            "민법 제758조 제1항에서 규정하고 있는 공작물 설치, 관리의 하자란, 해당 공작물을 구성한 물적 시설 자체에 존재하는 물리적, 외형적인 결함 또는 불비로 인하여 그 이용자 및 제3자에게 위해를 발생케 할 위험성이 있는 경우뿐만 아니라, 그 공작물이 공공의 목적 등에 이용됨에 있어 그 이용과 관련하여 이용자 및 제3자에게 사회 통념상 참을 수 없는 위해를 발생케 할 위험성이 있는 경우도 포함한다.",
            "소음으로 인한 침해 정도를 살피면, 이를 판단함에 있어서는 침해행위의 상태와 침해의 정도, 피, 침해이익의 성질과 내용, 침해행위가 갖는 공공성의 내용과 정도, 종래의 환경(지역성), 침해행위의 개시와 그 후에 계속된 경과 및 상황, 토지이용의 선후관계(위험에의 접근)와 그사이에 피해의 방지 또는 경감을 위해 가해자가 강구한 조치의 내용, 정도 등의 여러 가지 사정을 종합적으로 고려하여야 한다.",
            "주택건설촉진법시행령 제9조 제1항은 법 제6조 제1항에 규정된 대통령이 정하는 호수는 단독주택의 경우에는 20호로, 공동주택의 경우에는 20세대로 하며라고 규정에 비추어 보면 00000등이 각 동별로 건축주를 달리하여 건축허가를 받아 15세대 이하로 이루어진 다세대주택인 사실이 인정되므로 0000 등이 주택건설촉진법시행규정 제9조 제1항의 공동주택으로 볼 수 없다.",
            "0000 등은 규모 면에서 사실상 주택건설기준등에관한규정 제9조에 의한 공동주택에 해당하여 공동주택 사업자가 소음방지 시설을 하였어야 하나 각 동별로 나누어 건축주를 달리하여 건축허가를 받은 관계로 공동주택사업자가 하여야 할 소음방지시설을 하지 않고 사실상 공동주택이 건축이 되었다.",
            "00000 등의 주민들이 자신들의 대표의 대표성을 부정하며 종전의 이 사건 합의의 효력을 부정하여 원고가 방음벽 설치 공사에 나아가지 아니하였으므로 원고와 피고 주민들 사이에서의 이 사건 합의가 유효하다고 인정할 수 없어 이 사건 합의를 이유로 피고 주민들의 이 사건 반소 청구가 부당하다고 볼 수도 없다.",
            "이 사건 도로 소음 공해 사실을 알면서 또는 부주의로 알지 못하고 입주한 위 피고들의 과실 정도와 이 사건 소음원인 고속도로의 공공성, 00000등이 경인고속도로 확장 공사 착공 후 건축허가를 받아 확장 공사 완료 후 준공된 사정을 고려한다.",
            "각 동별로 나누어 건축주를 달리하여 건축허가를 받은 관계로 공동주택사업자가 하여야 할 소음방지시설을 하지 않고 사실상 공동주택이 건축이 되게 된 점, 원고 공사가 도로 소음방지 대책을 적극적으로 강구하여 온 점 등 이 사건 변론에 나타난 제반 사정을 참작하여 피고들에 대한 손해배상책임은 면책시키기로 한다.",
            "따라서 원고는 경인고속도로의 설치, 관리자로서 위 1997. 8. 9. 이전에 입주한 주민들 중 소음도 65dB(A)를 초과하는 곳에 거주하는 별지 목록 2 기재 피고 주민들에 대하여 경인고속도로 설치, 관리상의 하자가 인정된다 할 것이므로 민법 제758조에 의하여 그로 인한 손해를 배상할 책임이 있다.",
            "00000 등의 주민들이 자신들의 대표의 대표성을 부정하며 종전의 이 사건 합의의 효력을 부정하여 원고가 방음벽 설치 공사에 나아가지 아니하였으므로 원고와 피고 주민들 사이에서의 이 사건 합의가 유효하다고 인정할 수 없게 되었다.",
            "별지 목록 2 기재 피고 주민들이 경인고속도로에서 발생하는 소음으로 인한 피해의 정도, 그 거주 기간, 거주지의 지역적 특수성, 침해행위의 공공성 및 사회적 가치, 도로 확장 공사와 00000 등 건축의 선후관계, 소음발생 후 입주한 점 등을 고려하여 별지 목록 2 기재 피고 주민들의 거주지의 소음 정도에 따라 위자료 액수를 정한다.",
            "따라서, 원고는 피고 주민들에게 각 손해배상금으로서 별지 목록 2 기재 금액 및 이에 대하여 각 불법행위일 이후로서 피고들이 구하는 2002. 2. 15. 부터 원고들이 그 손해배상의무의 존부 및 범위에 관하여 항쟁함이 상당한 이 사건 판결선고일인 2003. 10. 2. 까지는 민법에 정한 연5%의, 그 다음날부터 완제일까지는 소송촉진등에관한특례법에서 정하는 연 20%의 각 비율에 의한 지연손해금을 지급할 의무가 있다.",
            "피고 부천시가 방음벽을 설치하는 것을 전제로 원고에게 56,000,000원을 지급하기로 합의한 사실은 피고 부천시가 자인하고 있고, 위에서 보는 바와 같이 원고의 방음벽 설치 의무를 인정하고 있으므로 피고 부천시는 원고에게 56,000,000원을 지급할 의무가 있다."
        ]
    },
    "close": {
        "cnclsns": [
            "원고(반소피고)는 별지 피고 목록 기재 피고(반소원고)들 중 별지 목록 2 기재 피고(반소원고)들을 제외한 나머지 피고(반소원고)들에 대하여 부평-신월 간 경인고속도로 중 0000(상세번지 생략) 00000 앞에 설치되어 있는 방음벽의 높이를 피고(반소원고)들의 주택의 소음도가 65dB(A)를 초과하지 않도록 보강할 의무가 있다.",
            "또한 부평-신월 간 경인고속도로의 소음으로 인한 손해배상으로서 별지 목록 1 재정 금액을 지급할 의무가 존재하지 아니함을 확인한다.",
            "원고(반소피고)는 별지 목록 2 기재 피고(반소원고)들에 대한 부평-신월 간 경인고속도로의 소음으로 인한 손해배상의무는 별지 목록 2 기재 금액을 초과하여 존재하지 아니함을 확인한다.",
            "피고 부천시는 원고(반소피고)에게 56,000,000원을 지급하라.",
            "원고(반소피고)는 별지 목록 2 기재 피고(반소원고)들에게 가. 별지 목록 2 기재 금액 및 2002. 2. 15. 부터 2003. 10. 2. 까지는 연 5%의, 그 다음날부터 완제일까지는 연 20%의 각비율에 의한 금원을 각 지급하고, 나. 부평-신월 간 경인고속도로로부터 발생하는 소음이 별지 목록 2 기재 피고(반소원고)들의 주택을 기준으로 65dB(A) 이상유입되도록 하여서는 아니 된다.",
            "원고(반소피고)의 별지 목록 2 기재 피고(반소원고)들에 대한 나머지 본소 청구와 별지 목록 2 기재 피고(반소원고)들의 원고(반소피고)에 대한 나머지 반소 청구 및 피고(반소원고)들 중 별지 목록 2 기재 피고(반소원고)를 제외한 나머지 피고(반소원고)들의 원고(반소피고)에 대한 반소청구를 각 기각한다.",
            "제 2,3항은 가집행할 수 있다.",
            "소송비용은 원고(반소피고)와 피고 부천시 및 피고(반소원고)들 중 별지 목록 2 기재 피고(반소원고)들을 제외한 피고(반소원고)들 사이에 생긴 부분은 본소, 반소를 합하여 피고 부천시 및 위 피고(반소원고)들의 부담으로 하고, 원고(반소피고)와 별지 목록 2 기재 피고(반소원고)들 사이에 생긴 부분은 본소, 반소를 합하여 1/2은 원고(반소피고)의, 나머지는 별지 목록 2 기재 피고(반소원고)들의 각 부담으로 한다."
        ]
    }
}