{
    "info": {
        "caseField": "1",
        "detailField": "1",
        "trailField": "1",
        "caseNm": "구상금",
        "courtNm": "광주지방법원",
        "judmnAdjuDe": "2002. 12. 05.",
        "caseNo": "2002가단31693",
        "relateLaword": [],
        "qotatPrcdnt": []
    },
    "concerned": {
        "acusr": "2",
        "dedat": "1"
    },
    "org": {
        "orgJdgmnCourtNm": "",
        "orgJdgmnAdjuDe": "",
        "orgJdgmnCaseNo": ""
    },
    "disposal": {
        "disposalform": "1",
        "disposalcontent": [
            "원고에게 피고 00는 31,632,862원 및 별지 기재에 의한 금원을, 피고 00, 00, 00, 00는 각 21,088,575원 및 별지 기재에 의한 금원을, 피고 00은 피고 00, 00, 00, 00, 00와 연대하여 60,218,925원 및 별지 기재에 의한 금원을 각 지급한다.",
            "소송비용은 피고들의 부담으로 한다.",
            "제1항은 가집행할 수 있다."
        ]
    },
    "mentionedItems": {
        "rqestObjet": [
            "원고에게 피고 00는 31,632,862원 및 별지 기재에 의한 금원을, 피고 00, 00, 00, 00는 각 21,088,575원 및 별지 기재에 의한 금원을, 피고 00은 피고 00, 00, 00, 00, 00와 연대하여 60,218,925원 및 별지 기재에 의한 금원을 각 지급한다.",
            "소송비용은 피고들의 부담으로 한다.",
            "제1항은 가집행할 수 있다."
        ]
    },
    "assrs": {
        "acusrAssrs": [],
        "dedatAssrs": []
    },
    "facts": {
        "bsisFacts": [
            "원고와 00와 피고들 사이에 각각의 은행을 통해 신용보증계약이 이루어졌다.",
            "구상금 채무가 일부 변제되어 구상금 채무의 변제된 금원에 대한 확정지연손해금은 합계 38,634,170원이다.",
            "원고는 00와 피고 00을 상대로 위 각 신용보증과 관련하여 이 법원 92가합871호로 구상금소송을 제기하여 승소하였다(지연손해금 비율은 연 19%).",
            "한편, 00는 1998.4.11. 처인 피고 00, 자녀들인 피고 00, 00, 00, 00를 남겨 두고 사망하였고, 원고는 소멸시효 중단을 위하여 이 사건 소를 제기하였다."
        ]
    },
    "dcss": {
        "courtDcss": [
            "원고에게 피고 00는 31,632,863원{=115,987,164(= 대위변제금 잔액 77,211,050원 + 확정손해금 38,776,114) × 3/11}, 피고 00, 00, 00, 00는 각 21,088,575원{=115,987,164(=대위변제금 잔액 77,211,050원 + 확정손해금 38,776,114) × 2/11} 및 별지 기재에 의한 금원을 지급해야 한다.",
            "피고 00은 피고 00, 00, 00, 00, 00와 연대하여 대위변제금 잔액 60,218,925원(= 위 13,965,238 + 위 9,160,471 + 위 36,951,272 + 확정손해금 141,944원) 및 별지 기재에 의한 금원을 각 지급할 의무가 있다."
        ]
    },
    "close": {
        "cnclsns": [
            "원고의 피고들에 대한 이 사건 청구는 모두 이유 있어 이를 인용한다. "
        ]
    }
}