{
    "info": {
        "caseField": "1",
        "detailField": "1",
        "trailField": "1",
        "caseNm": "손해배상(기)",
        "courtNm": "서울중앙지방법원",
        "judmnAdjuDe": "2004. 11. 19.",
        "caseNo": "2002가합79725",
        "relateLaword": [
            "민법 제750조",
            "상법 제401조",
            "민법 제162조",
            "외부감사에관한법률 제13조"
        ],
        "qotatPrcdnt": [
            "대법원 1985. 11. 12. 선고 84다카2490 판결"
        ]
    },
    "concerned": {
        "acusr": "2",
        "dedat": "1"
    },
    "org": {
        "orgJdgmnCourtNm": "",
        "orgJdgmnAdjuDe": "",
        "orgJdgmnCaseNo": ""
    },
    "disposal": {
        "disposalform": "1",
        "disposalcontent": [
            "피고 1, 2, 3, 4, 5는 연대하여 원고에게 6,080,880,000원 및 이에 대한 2003. 10. 3.부터 2004. 11. 19.까지는 연5%의, 그 다음날부터 다 갚는 날까지는 연 20%의 각 비율에 의한 금원을 지급한다.",
            "2.원고의  피고 1, 2, 3, 4, 5에 대한 각 나머지 청구 및  피고 6에 대한 청구를 모두 기각한다.",
            "소송비용 중 원고와 피고 1, 2, 3, 4, 5 사이에 생긴 부분은 이를 2분하여 그 1은 원고의, 나머지는 위 피고들의 각 부담으로 하고, 원고와 피고 00 사이에 생긴 부분은 원고의 부담으로 한다.",
            "제1항은 가집행 할 수 있다."
        ]
    },
    "mentionedItems": {
        "rqestObjet": [
            "피고들은 각자 원고에게 11,500,000,000원 및 이에 대한 이 사건 청구취지변경신청서 부본송달일 다음날부터 다 갚는날까지 연 20%의 비율에 의한 금원을 지급한다."
        ]
    },
    "assrs": {
        "acusrAssrs": [
            "피고들은 각 000의 대표이사 또는 이사들로서 법령과 정관에 따라 그 직무를 성실히 수행하여야 함에도 불구하고 외부감사에관한법률 제13조가 정한 회계처리기준을 위반하여 별지 목록 기재와 같이 이 사건 재무제표에 대한 분식회계를 하였다. ",
            "원고은행은 피고들이 허위로 작성한 위 재무제표를 진실한 것으로 믿고 1998. 8. 25. 000에게 400억 원을 대출하였으나, 이를 전액 변제받지 못하고 2000. 12. 29. 한국자산관리공사에게 95억 9,560만 원에 이 사건 대출금채권을 양도하여304억 440만 원의 손해를 입게 되었다.",
            "따라서 피고 00, 00는 민법 제750조 또는 상법 제401조 제1항 내지 제401조의2에 의하여, 피고 00, 00,5,6은 상법 제401조 제1항에 의하여 위 손해액 중 일부로서 각자 원고은행에게 11,500,000,000원 및 이에 대한 지연손해금을 지급할 의무가 있다."
        ],
        "dedatAssrs": [
            "원고은행이 000에게 1996. 8. 9. 및 같은 달 24. 각 보증어음대출 형식으로 400억 원을 대출하였는데, 1998. 8. 10. 및 같은 달 13. 위 대출금의 만기가 각 도래하자, 원고은행이 000에게 위 대출금을 보증어음대출이 아닌다른 형태의 대출로 계속하여 사용해 줄 것을 제의하였다. ",
            "이에 000가 위 제의를 수용하여 이 사건 대출을 받게 된 것이므로, 이 사건 대출은 신규로 취급된 대출이 아니라 위 보증어음대출 기한연장의 방편인 대환적 성격의 대출로서 대출과목만을변경한 것에 불과하여 원고은행이 이 사건 재무제표를 신뢰하여 비로소 이루어진 것은 아니라고 주장한다.",
            "1999. 11. 25. 000 기업개선계획 채권금융기관협의회 가결 의안에 따라 원고은행이 이 사건 대출금에관하여 대출일을 2000. 1. 25.로 상환기일을 2004. 12. 31.로 각 변경하여 신규대출(재약정)을 하였으므로 이 사건 재무제표와 위 각 신규대출로 인한 원고은행의 손해 사이에는 인과관계가 없다고 주장한다.",
            "원고은행이 2000. 12. 29. 한국자산관리공사에게 이 사건 대출채권을 양도하였으므로 이 사건 대출로 인한 손해배상청구권 등의 권리도 모두 양수인인 한국자산관리공사에게 이전되었다고 볼 수 있어, 원고은행은 이 사건 대출로 인한 어떠한 권리도 주장할 수 없다.",
            "000가 2000. 11. 10. 인천지방법원에 회사정리절차개시 및 회사재산보전신청을 하였고, 같은 달 30. 회사정리절차 개시결정을 받았으며, 이후 2002. 9. 30. 위 법원으로부터 회사정리계획 변경계획안(최종안)을 인가받고, 원고은행이 위회사정리절차에서 이 사건 대출금채권 4백억 원을 정리채권으로 신고하자 대우자동차의 관리인이 이를 전액 시인하였으므로, 이 사건 대출금 채권은 정리계획의 내용대로 변경되어 소멸되었다.",
            "정부가 1999. 11. 4. 경제정책조정회의를 개최하면서 ‘000 기업개선계획 관련 금융시장안정 종합대책’을 확정·발표하였고, 금융감독원은 같은 날 ‘000 워크아웃 추진현황 및 향후계획’을 언론에 공개하였다. ",
            "이에 각 신문 및 방송사들은 즉시대우그룹의 재무상황 및 분식회계 사실 등을 대대적으로 보도하였는데, 위 보도내용에는 000의 12개 워크아웃 신청 계열사에 대한 자산실사결과가 포함되어 있었으므로, 원고은행은 1999. 11. 4.경 원고은행의 위 손해 및 가해자를 알았다.",
            "상법 제401조 내지 제401조의2에 의한 제3자의 이사에 대한 손해배상청구권은 불법행위책임에 해당하므로 민법 제766조 제1항과 같이 ‘손해 및 가해자를 안 날로부터 3년’이 경과하면 시효로 소멸하게 되는바, 원고은행의 피고들에 대한 이사건 소는 그로부터 3년이 경과한 2002. 12. 7.에 제기되었으므로 그 소멸시효가 완성되었다."
        ]
    },
    "facts": {
        "bsisFacts": [
            "원고 000(1999. 1. 4. 000과 000이 000으로 합병되었고, 2002. 5. 20. 000으로 상호를 변경하였다.",
            "000(이하 ‘OOO’라 한다)는 자동차 및그 부품의 제조, 조립, 판매 등을 주된 목적으로 하는 법인이며, 피고 00은 1998. 3. 30.부터 1999. 11. 29.까지 000의 등기부상 대표이사이면서 실질적인 000의 회장이다. ",
            "피고 00는 1997. 12. 31.부터 1999. 7. 19.까지 000의등기부상 대표이사이면서 1998. 1. 1.부터 1999. 6. 30.까지 000 사장으로, 피고 00은 1994. 3. 30.부터 2000. 1.27.까지 000의 등기부상 대표이사이면서 1995. 12. 1.부터 2000. 1. 31.까지 000의 총괄사장이다. ",
            "피고 00는1998. 3. 30.부터 2001. 1. 17.까지 000의 등기부상 이사이면서 1995. 7. 1.부터 2000. 1. 24.까지 경리담당 이사및 상무로서 000의 회계부서를 총괄 지휘·감독하는 업무를 담당하는 자로, 피고 00는 1997. 3. 28.부터 2000. 3.30.까지 000의 등기부상 이사이면서 1997. 2. 1.부터 2000. 1. 24.까지 000의 부사장이다. ",
            "피고 00은 1996.3. 20.부터 현재까지 000의 등기부상 이사이면서 000의 자금담당이사, 상무, 전무, 부사장으로 각 근무하던자이다.",
            "000이 1983년경 000를 인수하여 000로 상호를 변경한 이래 무리한 사업확장, 외부 차입금에 의존한 과도한설비투자, 동종업계의 판매경쟁 심화에 따른 수출 부진과 수익 감소, 피고 00의 세계화 전략에 따른 무리한 해외투자 등으로1996년경부터 자기자본이 잠식되었다. ",
            "1997년도에는 국내외 외환 위기로 야기된 고금리와 원화 가치의 약세, 자금조달의 어려움으로 경영환경이 극도로 악화되는 등 수년간 계속하여 대규모 적자가 발생되었다. ",
            "피고 00, 00,2,5,4는 공모하여 000의 대외 신인도 추락과 이에 따른 금융기관 상대 신용자금 차입조건의 악화 또는 자금차입 중단 위험 등을 우려한 나머지회사의 부채비율을 낮추고 당기순이익을 과대계상하는 등 허위의 재무제표를 작성·공시하여 000의 대규모 누적 적자상황을 은폐하기로 결의하였다",
            "피고 00은 1997. 10. 17.경 피고 00, 00 등에게 “부채비율을 500% 이하로 낮추고 당기순이익은 3,000억 원 이상으로 분식회계를 하라”라는 피고 00의 지침을 전달하면서 피고 00에게 “약 3,000억 원의 이익을 내는 방향으로 결산을 검토하라”라는 지시를 하고, 피고 00은 1998. 1. 17.경 피고 00, 00,5,4 등 000 임원들에게 “대우중공업에 500억 원을 회계분식하여 지원하라”라는 지시를 하였다.",
            "피고 00, 00는 1998. 2. 14.경 피고 00에게 당기순이익을 약 2,500억 원 정도에 맞추어분식한 1997년도 결산 초안을 보고하였으나, 피고 00로부터 “당기순이익을 3,000억 원 상당 내라”라는 지침을 다시 받는 등, 피고 00은 피고 00, 00,4,5 등에게 직·간접적으로 분식 규모 및 계열사와의 회계조정 등에 대한 지시를 하였다.",
            "이에 따라 피고3,2,4는 소외인 등을 통해 각 과장 등이 참석한 실무자회의를 열어 그들의 토론을 거쳐 회계분식을 한 후 이를 취합하여피고 00, 00,3,1의 순으로 보고하여 결재를 받았다",
            "000의 경우 사실은 자산은 9조 999억 원, 부채는 9조 7,493억 원, 자기자본은(-)6,494억원, 당기순이익은(-)1조 2,803억 원임에도 불구하고 별지 목록 기재와 같이 허위 내용의 이 사건 재무제표를 만들어 결과적으로 자산은 8조 5,134억 원, 부채는 7조 4,741억 원, 자기자본은 1조 394억 원, 당기순이익은 2,512억 원의 흑자가 시현된것처럼 대차대조표 및 손익계산서 등 재무제표를 허위로 작성하였다. ",
            "그 후, 1998. 3. 12. 이사회 의결(피고 00, 00,5,6 등이 찬성하였다) 및 1998. 3. 말경 외부감사 및 주주총회 결의를 거쳐 1998. 3. 31. 000 등에 공고함으로써 증권관리위원회가 정한 회계처리기준에 위반하여 허위의 이 사건 재무제표를 작성·공시하였다",
            "원고은행은 000에게, 1996. 8. 9. 200억 원, 같은 달 24. 200억 원을 각 이자 연 10.9%로 정하여 보증어음대출을 하였고, 이후 000로부터 1998. 8. 10. 200억 원, 같은 달 13. 200억 원을 모두 변제받았다.",
            "000가 1998. 8.경 원고은행에게 위 보증어음대출금 400억 원을 포함한 기일 도래분 1,600억 원을 상환하여 일시적인 자금부족 상태에 있게 되었다. ",
            "원고은행은 1998. 8. 25.경 000에게 400억 원을 이율은 연 12.5%, 기한은 취급일로부터 1년간, 자금용도는 운전자금으로 정하여 신탁어음대출 형식으로 대출하여 주기로 약정하고(이하 ‘이 사건 대출’이라한다), 그 무렵 대우자동차에게 위 400억 원(이하 ‘이 사건 대출금’이라 한다)을 대출하여 주었다.",
            "000는 1998. 8. 25. 원고은행에게 피고 00가 어음면상 보증한 액면금 400억 원, 지급일 1999. 8. 25.로 된약속어음을 교부하였고, 또한 피고 00는 원고은행에 대하여 대우자동차의 위 채무에 관한 560억 원 한도의 근보증을 하였다.",
            "원고은행은 이 사건 대출 당시 내부 심사를 통하여 000에 대한 정밀신용조사보고서를 작성하면서, 000의재무현황에 관하여는 외부감사인의 의견이 적정의견으로 표시된 이 사건 재무제표에 대한 감사보고서를 토대로 이를 원용 및 요약하였다. ",
            "또한 000가 1998. 6. 26. 000에 대한 기업어음 등급을 A3+로 평정한 것을 원용한 결과, 위 심사의견서 평가의견 요약란에는 “000는 국내 3대 완성차 종합메이커의 하나로 000의 주력기업이다. ",
            "1997년 전기대비 30% 이상의 매출신장을 기록한 가운데 경비절감노력을 통하여 11%대의 영업이익율 개선을 시현하였으나, 단기성차입금의 증가로 금융비용이 증가한 반면, 거액의 외화채권에서 발생한 외화환산이익으로 인하여 2천 5백억 원대의 단기순이익을 시현하는 등 수익성을 견고히 하였다. "
        ]
    },
    "dcss": {
        "courtDcss": [
            "피고 00, 00,5는 이 사건 재무제표의 작성 및 이 사건 대출 당시 각000의 대표이사 또는 이사로서, 피고 00은 실질적인 000의 회장으로서 이사들에게 업무집행을 지시한 자, 피고 00는 000의 경리업무를 총괄하여 담당한 자이다.",
            "각 이 사건 재무제표 작성·공시 및 이 사건 대출 당시 000의 대표이사 또는 이사로서, 공동하여 000 신용자금의 원활한 차입을 위하여 별지 목록 기재와 같이 허위로 이 사건 재무제표를 작성·공시함으로써 위 피고들은 악의로이사로서의 임무를 해태하였다. ",
            "원고은행은 위와 같이 허위 작성된 이 사건 재무제표를 신뢰하여 000에게 이 사건 대출을 하게 된 것이므로, 특별한 사정이 없는 한 위 피고들은 각 상법 제401조 제1항 내지 제401조의2가 정한 바에 따라 연대하여 원고은행에게 이 사건 대출에 의하여 원고은행이 입은 손해를 배상할 책임이 있다 할 것이다.",
            "원고은행이 000에게, 1996. 8. 9. 200억 원, 같은 달 24. 200억 원을 이자 연 10.9%로 정하여 보증어음대출을 하였고, 이후 만기가 도래하자 000로부터 1998. 8. 10. 200억 원, 같은 달 13. 200억 원을 모두 변제받은 사실이 있다. ",
            "000가 1998. 8.경 위 대출금을 포함한 1,600억 원을 상환하여 일시적인 자금부족 상태에 있게 되자 1998.8. 25. 원고은행으로부터 신탁어음대출 형식으로 대출받기로 약정하여 이 사건 대출이 이루어진 사실이 있다. ",
            "또한, 000의대표이사이던 피고 00가 이 사건 대출에 관하여 560억 원 한도의 근보증을 한 사실이 있다.",
            "원고은행이 이 사건 대출당시 000에 대한 대출승인심사의견서를 작성하면서000의 신용조사를 한 사실은 앞서 본 바와 같은바, 위 인정사실에 의하면 이 사건 대출은 원고은행이 최초의 위 각 보증어음대출의 만기가 도래하자 000로부터 이를 모두 변제받았다. ",
            "원고은행의 제의로 위 각 보증어음대출과는 다른 형태의 신탁어음대출 형식으로 이루어진 것으로서 위 각 보증어음대출과는 별도의신규취급대출이라고 봄이 상당하므로, 이와 다른 견해를 전제로 한 위 피고들의 주장은 이유 없다",
            "원고은행을 포함한 000 기업개선계획 채권금융기관협의회는 1999. 11. 25. 000의 기존채권에 대하여 상환기일을 2004. 12. 31.까지 유예하여 주기로 결의한 사실, 이후 위 채권금융기관협의회 전담은행인 000과 000는 2000. 1. 26. 위 결의사항에 관한 기업개선작업 약정(M.O.U)을 체결한 사실, 이 있다. ",
            "원고은행이 2000. 12. 29. 000에 발송한 채권양도통지서의 양도채권명세에 의하면 이 사건대출로 인한 당초 대출금 400억 원의 대출일이 2000. 1. 25., 만기일이 2004. 12. 31.로 되어 있는 사실을 인정할 수 있으나, 위 인정사실만으로는 원고은행과 000 사이에 이 사건 대출금과 관련하여 대출일을 2000. 1. 25., 만기를 2004. 12.31.로 변경하는 신규대출(재약정)이 다시 이루어 졌다고 보기에 부족하다. ",
            "달리 이를 인정할 만한 증거가 없으며, 오히려 위인정사실에 비추어 보면 이 사건 대출은 위 채권금융기관협의회의 가결 의안에 따라 그 상환기간이 2004. 12. 31.까지로 유예된 것에 불과하다고 봄이 상당하므로, 이 사건 대출이 2000. 1. 25. 신규대출(재약정)로 변환되었음을 전제로 하는 위 피고들의 위 주장도 이유 없다.",
            "원고은행의 000에 대한 이 사건 대출금 채권과 원고은행의 위 피고들에 대한 이 사건 대출로 인한 손해배상청구권은 서로 별개의 것인데, 앞서 인정한 사실에 의하면 원고은행이 한국자산관리공사에게 양도하고 대우자동차의 회사정리절차에서 신고한 채권은 원고은행과 대우자동차 사이의 이 사건 대출금 채권일 뿐이다. ",
            "위 피고들이 이 사건 재무제표를 허위작성·공시하고 원고은행이 위 재무제표를 신뢰하여 이 사건 대출을 함으로써 발생한 원고은행의 위 피고들에 대한 상법에서 정한 손해배상채권이 아님은 분명하고, 또 별도의 약정이 없는 이상 이 사건 대출금 채권의 양도로 위 대출로 인한 손해배상청구권이 당연히 이전된다고 볼 수도 없으므로, 이와 다른 견해를 전제로 한 위 피고들의 위 주장 역시 더 나아가 살펴 볼 필요 없이이유 없다.",
            "먼저, 법 제401조 내지 제401조의2에 따른 제3자의 손해배상청구권이 3년의 단기소멸시효로 소멸하는지 여부에 관하여 살피건대, 무릇 이사는 회사의 위임에 따라 회사에 대하여 수임자로서 선량한 관리자의 주의의무를 질 뿐 제3자와의 관계에 있어서 위의무에 위반하여 손해를 가하였다 하더라도 당연히 손해배상의무가 생기는 것은 아니다. ",
            "상법 제401조 내지 제401조의2는경제사회에 있어서의 중요한 지위에 있는 주식회사의 활동이 그 기관인 이사의 직무집행에 의존하는 것을 고려하여 제3자를 보호하고자 이사가 악의 또는 중대한 과실로 인하여 그 임무를 해태하여 제3자에게 손해를 입힌 때에는 위 이사의 악의 또는 중과실로 인한 임무해태행위와 상당인과관계가 있는 제3자의 손해에 대하여 그 이사의 손해배상의 책임을 특별히 인정하고 있는 것이다.",
            "(대법원 1985. 11. 12. 선고 84다카2490 판결 참조)",
            "그 요건도 회사의 임무에 관하여 이사의 고의 또는 중과실을 요구하여, 피해자인 제3자의 손해에 관하여 고의·과실을 요구하는 민법상 불법행위책임과는 달리 정하고 있으므로, 민법상 불법행위로 인한 손해배상청구권에 관하여 특별히 3년의 단기소멸시효를 규정한 민법 제766조가 상법 제401조 내지 제401조의2에의한 이사의 제3자에 대한 책임에 당연히 적용된다고 보기는 어렵다. ",
            "오히려 상법이 제401조 내지 제401조의2에 따른 제3자의 손해배상청구권에 관하여 아무런 소멸시효기간을 정하고 있지 않은 이상, 제3자의 손해배상청구권의 소멸시효기간은 일반법정채권과 마찬가지로 10년이라고 봄이 상당하다(민법 제162조).",
            "이와 다른 견해에서 원고은행의 피고들에 대한 상법 제401조 내지 제401조의2에 따른 손해배상청구권이 시효소멸하였다는 위 피고들의 위 주장 또한 더 나아가 살펴 볼 필요 없이 이유 없다.",
            "살피건대, 피고 00이 이 사건 재무제표를 허위로 작성할 당시 000의 자금담당이사로서 위 재무제표 중 매출채권·단기차입금을 과소계상하는 부분에 관여한 사실은 앞서 본 바와 같다. ",
            "피고 00은 이 사건 재무제표의 허위작성 당시 000의 자금기획, 자금운용 사업계획 관리, 자금운용 총괄, 장·단기 차입금조달 실무, 자금조달, 예금관리 및 외환업무 등을 취급하는 자금업무를 담당하였지만 이 사건 재무제표 작성을 담당하는 회계업무는 이를 담당하지 않아 이 사건 재무제표에 전체적으로 분식회계가 이루어지고 있다는 사정이나분식회계 방법 등에 관하여 제대로 알지 못하였던 사실을 인정할 수 있다. ",
            "사실관계가 위와 같다면 피고 00은 이 사건 재무제표 분식과정을 제대로 알지 못한 상태에서 피고 00의 지시에 따라 매출채권·단기차입금을 과소계상하는 부분에만 관여한 것으로 보이고, 또 그 관여의 정도도 이 사건 허위작성된 재무제표 중 부채비율 항목에서 차지하는 범위에 비추어보면 극히 미미하다. ",
            "피고 00이 악의 또는 중대한 과실로 이 사건 재무제표의 허위작성에 따른 분식회계에 전면적으로 가담함으로써이사의 임무를 해태하였다고 보기는 어렵다고 할 것이므로, 피고 00에게 위와 같은 임무해태행위가 있음을 전제로 한 원고은행의 피고 00에 대한 청구는 더 나아가 살펴 볼 필요 없이 이유 없다.",
            "원고은행이 한국자산관리공사에게 이 사건 대출금 400억 원 상당의 채권을 95억 9,560만 원에 양도한 사실은 앞서 본 바와 같은바, 한국자산관리공사가 금융기관이 보유하는 부실자산의 정리촉진과 부실징후기업의 경영정상화 등을 효율적으로 지원하기 위한 공익적 목적에서 금융기관의 부실채권 등을 적정하게 평가하여 인수한 것으로 보인다. ",
            "을 제18호증의 기재에 의한 000의 회사정리계획안의 내용 등에 비추어 보면 이 사건 대출로 인한 원고은행의 손해액은 이 사건 대출금과 이 사건 대출금채권의 양도당시의 평가액으로 추인되는 양도대금과의 차액 상당인 30,404,400,000원(= 40,000,000,000원 -9,595,600,000원)이라고 봄이 상당하다.",
            "000이 외환위기 이후 유동성 부족을 겪게되자 금융감독위원회가 1998. 7. 22. 000에 대하여 기업어음 발행한도를 규제하는 조치를 내린 사실, 원고은행이 이 사건 대출당시 000의 재무구조에 관하여 심사를 하는 과정에서 000가 장·단기 차입금의 급증으로 부채비율이 크게 확대되었다. ",
            "자기자본비율도 12.2%로서 자본구성이 동업계에 대비하여 미흡한 수준이며, 매출채권이 급격히 증가함으로써 영업활동을 통한 자금부족액이 1조 원대를 상회하는 등 자금창출능력이크게 약화되었고, 장·단기 차입금과 회사채발행을 통해 부족자금을 조달하는 경색된 현금흐름을 보이고 있다. ",
            "향후 수출증가 예상이 어려운 가운데 금융비용 부담으로 수익성 하락과 자금흐름 둔화가 예상된다는 사실을 알게 되었으면서도 000에게 이 사건 대출을 한 사실은 앞서 본 바와 같다. ",
            "을 제13호증의 1 내지 6, 을 제27호증의 27 내지 38의 각 기재에 의하면이 사건 대출 당시 분식회계가 우리나라 재벌의 오랜 관행으로서 상장기업들 대부분이 사업보고서를 부실하게 만든 사실을 인정할 수 있다. ",
            "위 인정사실에 의하면 원고은행으로서도 우리나라 재벌의 경우 분식회계가 만연해 있는 데다가 이 사건 대출당시 000에 대한 자금사정이나 재무상태에 문제가 있다는 사정 특히, 금융감독위원회의 기업어음 발행한도 규제조치에따라 000가 기업어음을 발행하기 어려운 상태에 직면해 있다는 점도 이를 어느 정도 인식하고 있었다. ",
            "000의 재무구조가 개선되리라고 전망하고서 그 정상화를 위해 무모하게 이 사건 대출을 한 과실이 있다 할 것이고, 이러한 원고은행의 과실은 위 피고 00, 00,3, 4, 5의 책임을 면제할 정도에는 이르지는 않는다고 할 것이지만 이 사건 손해발생의 한 원인은 되었다고 할 것이므로 각 그 손해액을 산정함에 있어 이를 참작하여 피고 00, 00,3, 4, 5의 책임을 20%로제한함이 상당하다.",
            "피고 00, 00,3, 4, 5는 연대하여 원고은행에게 6,080,880,000원(= 30,404,400,000원 × 0.2) 및 이에 대한 이 사건 청구취지변경신청서 최후송달일 다음날임이 기록상 명백한 2003. 10. 3.부터 위 피고들이 이 사건 이행의무의 존부나 범위에 관하여 항쟁함이 상당하다고 인정된다. ",
            "이 판결선고일인 2004. 11. 19.까지는 민법이 정한 연 5%의, 그 다음날부터 다 갚는 날까지는 소송촉진등에관한특례법이 정한 연 20%의 각 비율에 의한 지연손해금을 지급할 의무가 있다"
        ]
    },
    "close": {
        "cnclsns": [
            "피고 00, 00,3, 4, 5는 연대하여 원고에게 6,080,880,000원 및 이에 대한 2003. 10. 3.부터 2004. 11. 19.까지는 연5%의, 그 다음날부터 다 갚는 날까지는 연 20%의 각 비율에 의한 금원을 지급한다.",
            "원고의 피고 00, 00,3, 4, 5에 대한 각 나머지 청구 및 피고 00에 대한 청구를 모두 기각한다.",
            "소송비용 중 원고와 피고 00, 00,3, 4, 5 사이에 생긴 부분은 이를 2분하여 그 1은 원고의, 나머지는 위 피고들의 각 부담으로 하고, 원고와 피고 00 사이에 생긴 부분은 원고의 부담으로 한다.",
            "제1항은 가집행 할 수 있다."
        ]
    }
}