{
    "info": {
        "caseField": "1",
        "detailField": "1",
        "trailField": "2",
        "caseNm": "구상금",
        "courtNm": "대전지방법원",
        "judmnAdjuDe": "2004. 11. 25.",
        "caseNo": "2002나4847",
        "relateLaword": [],
        "qotatPrcdnt": []
    },
    "concerned": {
        "acusr": "2",
        "dedat": "2"
    },
    "org": {
        "orgJdgmnCourtNm": "대전지방법원",
        "orgJdgmnAdjuDe": "2002. 5. 10.",
        "orgJdgmnCaseNo": "2001가단33045"
    },
    "disposal": {
        "disposalform": "10",
        "disposalcontent": [
            "제1심 판결 중 다음에서 지급을 명하는 피고 패소 부분을 취소하고, 그 부분에 해당하는 원고의 청구(당심에서 추가된 청구 포함)를 기각한다.",
            "피고는 원고에게 20,640,000원 및 이에 대하여 2001. 4. 3.부터 2004. 11. 25.까지는 연 5%의, 그 다음날부터 다 갚는 날까지는 연 20%의 각 비율로 계산한 돈을 지급한다.",
            "피고의 나머지 항소 및 원고의 부대항소를 모두 기각한다. ",
            "소송총비용은 이를 2분하여 그 1은 원고의, 나머지는 피고의 각 부담으로 한다. "
        ]
    },
    "mentionedItems": {
        "rqestObjet": [
            "피고는 원고에게 45,840,000원 및 이에 대하여 2001. 4. 3.부터 이 사건 소장부본 송달일까지는 연 5%, 그 다음날부터 다 갚는 날까지는 연 20%의 각 비율로 계산한 돈을 지급한다.",
            "피고에 대하여 원고에게 5,160,000원 및 이에 대하여 2001.  4. 3.부터 이 사건 소장부본 송달일까지는 연 5%, 그 다음날부터 다 갚는 날까지는 연 25%의 각 비율로 계산한 돈을 초과하여 지급을 명한 피고 패소부분을 취소하고 그 부분에 해당하는 원고의 청구를 기각한다."
        ]
    },
    "assrs": {
        "acusrAssrs": [
            "원고는, 소외 3 은 이 사건 사고로 인하여 후유장해를 가지게 되었고, 소외 3 의 후유장해는 시행령상의 후유장해등급 중 6급 7항의 한 다리의 3대 관절 중 2개 관절이 못쓰게 된 사람에 해당하는데, 소외 3 이이외에도 척추체 부분 및 요추 부분의 장해로서 시행령상의 11급 5항인 척추에 기형이 남은 사람으로 평가되므로 이는 시행령 별표 2의 비고란 기재에 따라 가장 중한 신체장해보다 한 급 높은 5급 장해에 해당한다고 주장한다."
        ],
        "dedatAssrs": [
            "소외 3 의 후유장해 중 좌족관절 및 좌슬관절은 각 한 다리의 3대 관절 중 1개관절의 기능에 장해가 남은 사람에 해당하여 후유장해등급 중 각 12급 7항에 해당하고, 경추와 요추는 같은표의 11급 5항인 척추에 기형이 남은 사람에 해당하므로 결국 소외 3 의 후유장해등급은 같은 표의 비고란기재에 따라 중한 장해보다 한 급 높은 10급에 해당한다고 주장한다."
        ]
    },
    "facts": {
        "bsisFacts": [
            "소외 1 은 제1종 보통면허만 있는 상태에서 2000. 5. 10. 11:40경 제1종 보통면허로는 운전할 수 없는 그랜토13톤 카고트럭인 (차량번호) 차량(이하 '제1차량' 이라 한다)을 시속 약 50km로 운전하여 진행하던 중 전방의 사고차량을 발견하고 급제동을 하다가 빗길에 미끄러지면서 시계방향으로 한바퀴 돌아 가드레일을 충격하고 다시 차체가 같은 방향으로 돌면서 중앙분리대쪽으로 향하는 상태가 되었다.",
            "한편 (차량번호) 화물차(이하 '제2차량' 이라 한다)를 시속 약 50km로운전하여 뒤따르던 소외 2 는 이를 발견하고 급제동하였으나 미치지 못하고 제2차량의 전면 우측 부위로 제1차량의 좌측 옆 부위를 충격하여 위 각 차량이 다시 중앙분리대 방호벽을 들이받는 사고(이하 '이 사건 사고' 라한다)가 발생하였다.",
            "이 사건 사고로 인하여 제2차량 조수석에 탑승하고 있던 소외 3 은 우척골 근위부 골절, 좌 대퇴골 내과골절 등의 상해를 입었다.",
            "원고는 소외 4 소유의 제2차량에 관하여, 피고는 상산화물 합자회사 소유의 제1차량에 관하여 각 업무용자동차보험계약을 체결한 보험자들이다.",
            "원고는 소외 3 에게 2000. 6. 21.부터 2001. 4. 3.까지 기간 동안 치료비 및 보상금 명목으로 총 125,417,310원을 지급하였다.",
            "소외 3 의 구 자동차손해배상보장법시행령(1999. 6. 30 대통령령 제16463호 부칙 제1조에 의하여 이 사건 사고 시점에 적용되는 개정되기 전의 1998. 6. 24. 대통령령 제15817호. 이하 시행령이라고만 한다) 제3조 제1항 제2호 의 별표 1에 의한 상해등급은 1급이고 이에 따른 책임보험금 한도액은 15,000,000원이다.",
            "한편, 원고는 위 보험금을 지급하면서, 위 소외 3 의 시행령 제3조 제1항 제3호 별표 2의 후유장해 등급(이하 후유장해등급이라고만 한다)을 장해 5급으로 평가한 후 그 책임보험금 지급액 한도액인 36,000,000원과 위 상해보험금 15,000,000원을 합한 51,000,000원을 책임보험금으로 산정하였다.",
            "증거 다툼 없는 사실, 갑 제1 내지 10호증, 갑 제11호증의 1 내지 29의 각 기재, 변론 전체의 취지 이 사건 사고로 인하여 소외 3 은 우척골 근위부 골절, 좌 대퇴골 내과 골절, 좌 족부 거골 골절 탈구,좌 경골 내과 분쇄골절, 경추 염좌(제5 경추 골절), 제3요추 골절 등의 상해를 입어 이에 대한 치료를 받았다.",
            "좌 제2, 3, 4 및 우 제5요추 횡돌기 골절,천추 분쇄골절 및 우 천장관절이개, 좌측 골반 상하치골지 골절 및 골반 불안정성, 좌족부 열창, 다발성 늑골골절 및 기흉, 복부 좌상 등의 상해를 입어 이에 대한 치료를 받았다.",
            "치료가 종결된 후의 소외 3 의 각 상해부위에 대한 노동능력상실률에 관하여 보면, 우척골에는 장해가없고, 골반부는 치골결합부의 전위가 있어 20%의, 좌족관절은 족관절 부전강직이 있어 14%의, 좌슬관절은 좌측 내퇴골 내과관절면 침범 골절이 있어 10%의 노동능력상실이 있었고, 제5경추의 중등도의 압박변형이 있어27%의 한시장애(10년)가, 제3요추에 척추손상이 있어 29%의 한시장애(10년)가 각 발생하였다.",
            "2001. 1. 18.경 000에서의 소외 3 에 대한 신체감정결과, 소외 3 의 각 상해부위에 대하여는 여전히 압통이 잔존하고 있었으나, 슬관절, 고관절 및 골반부의 각 운동범위는 정상범위였고, 좌 족관절의 무통성 능동적 운동범위는 종전 측정방법에 의하면 90도에서 125도 저측굴곡으로서 정상 운동영역인 80 내지90도 중 35도 범위였고, AMA방식에 따른 측정에 의하면 배굴과 척굴의 운동범위 또한 정상인 60도 중 25도로 측정되었다."
        ]
    },
    "dcss": {
        "courtDcss": [
            "앞서 인정한 사실에 의하면, 소외 3 의 좌족관절은 정상기능의 2분의 1 이상을 상실한 경우 즉, 운동범위가 정상운동 범위의 2분의 1 이상 제한되고 있는 경우이므로 소외 3 의 후유장해는 위 관련규정에 비추어한 다리의 3대 관절 중 1개 관절의 기능에 뚜렷한 장해가 남은 사람에 해당하므로 후유장해등급 10급 11항이 된다 당심의 000 회장에 대한 사실조회결과에 의한다.",
            "위 각 상해 중 거골골절 및 좌대퇴내골 골절에 대하여는 후유장해등급 각 12급 7항을, 제5경추골절 및 제3요추골절, 치골결합분리골반골절, 천골익골절 등은 각 11급 6항을(11급 5항의 착오로 보인다)을 적용한 후, 위 각 후유장해등급을 모두 병합하여 6급이라고 하고 있다.",
            "그러나, 이는 같은 표 비고란의 신체장해가 2 이상 중복되었을 경우에는 중한 신체장해에 해당하는 장해등급보다 한 급 높이 배상한다는 의미를 오해한 결과로 보이고, 위 사실조회결과에 의하더라도 결국소외 3 의 장해등급은 위 11급보다 한 급 높은 10급에 해당한다}.",
            "나아가, 소외 3 이 척추 부분에 장해가 발생하여 중복장해에 해당하는지 여부에 관하여 보건대, 시행령 별표 2의 해석상 '척추부분에 기형이 남았다' 고 하려면 적어도 상해에 대한 치료 후 척추 부위에 고정적이고 영구적으로 잔존하는 변형상태가 있는 것, 즉 영구적인 노동능력상실의 경우만을 의미한다고 할 것이고 한시장애의 경우까지 이를 포함한다고 할 수는 없을 것이다.",
            "소외 3 의 경우 제5경추에 27%인 10년의 한시장애 및 제3요추에 29%인 10년의 한시장애가 각 발생하였을 뿐인 점은 앞서 본 바와 같으므로 위와 같은 장해는 시행령 별표 2의 비고에서 장해등급을 한 급 높여야 할 신체장해에는 해당하지 않는다 할 것이고, 따라서 이 부분 원고의 주장은 이유 없다."
        ]
    },
    "close": {
        "cnclsns": [
            "제1심 판결 중 다음에서 지급을 명하는 피고 패소 부분을 취소하고, 그 부분에 해당하는 원고의 청구(당심에서 추가된 청구 포함)를 기각한다. 피고는 원고에게 20,640,000원 및 이에 대하여 2001. 4. 3.부터 2004. 11. 25.까지는 연 5%의, 그 다음날부터 다 갚는 날까지는 연 20%의 각 비율로 계산한 돈을 지급하라.",
            "피고의 나머지 항소 및 원고의 부대항소를 모두 기각한다.",
            "소송총비용은 이를 2분하여 그 1은 원고의, 나머지는 피고의 각 부담으로 한다."
        ]
    }
}