{
    "info": {
        "caseField": "1",
        "detailField": "1",
        "trailField": "2",
        "caseNm": "공사대금등",
        "courtNm": "서울고등법원",
        "judmnAdjuDe": "2005. 09. 09.",
        "caseNo": "2002나3817",
        "relateLaword": [
            "민법 제406조 제2항"
        ],
        "qotatPrcdnt": [
            "대법원 2005. 3. 24. 선고 2004다70079 판결",
            "대법원 2003. 12. 12. 선고 2003다40286 판결 "
        ]
    },
    "concerned": {
        "acusr": "2",
        "dedat": "1"
    },
    "org": {
        "orgJdgmnCourtNm": "수원지방법원 성남지원\n\n",
        "orgJdgmnAdjuDe": "2001. 11. 16\n\n",
        "orgJdgmnCaseNo": "선고 99가합8571 판결\n\n"
    },
    "disposal": {
        "disposalform": "1",
        "disposalcontent": [
            "제1심 판결 중 피고들에 대하여 아래에서 지급을 명하는 부분에 해당하는 원고 패소부분을 취소한다. 원고에게, 별지 제4목록  피고별 반환할 금액 내역 순번 1.  피고 란 기재 각 피고들은 각자 금 3,547,137,370원, 같은 목록 순번 2. 내지 14.  피고 란 기재 각 피고들은 같은 목록  금액 란 기재 각 금원, 및 위 각 금원에 대하여 이 판결 확정일 다음날부터 완제일까지 연 5%의 비율에 의한 금원을 지급한다.",
            "원고에게, 별지 제4목록  피고별 반환할 금액 내역 순번 1.  피고 란 기재 각 피고들은 각자 금 3,547,137,370원, 같은 목록 순번 2. 내지 14.  피고 란 기재 각 피고들은 같은 목록  금액 란 기재 각 금원, 및 위 각 금원에 대하여 이 판결 확정일 다음날부터 완제일까지 연 5%의 비율에 의한 금원을 지급한다.",
            "피고들의 항소를 모두 기각한다.",
            "소송총비용 중 원고와 피고 7, 13 사이에 생긴 부분은 위 피고들의 부담으로 하고, 원고와 피고 1, 00, 00, 00, 00, 00, 00, 00, 00, 00, 00, 00 사이에 생긴 부분은 이를 2분하여 그 1은 원고의, 나머지는 위 피고들의 각 부담으로 한다."
        ]
    },
    "mentionedItems": {
        "rqestObjet": [
            "피고 1, 00, 00, 00, 00, 00, 00, 00, 00, 00, 00, 00는 소외 000과 각자 원고에게 금 17억 5,000만 원 및 이에 대하여 1996. 7. 1.부터 이 사건 제1심 판결선고일까지 연 6%, 그 다음날부터 완제일까지 연 25%의 각 비율에 의한 금원을 지급한다.",
            "별지 제3목록 각 등기내역표  피고 란 기재 각 피고들이 소외 000과의 사이에 별지 제2목록 기재 건물 중 위 각 등기내역표  목적물 란 기재 각 부동산에 관하여 체결한 같은 표  원인 란 기재 각 법률행위를 취소한다.",
            "원고에게, (1) 별지 제4목록  피고별 반환할 금액 내역 순번 1.  피고 란 기재 각 피고들은 각자 금 3,547,137,370원, (2) 같은 목록 순번 2. 내지 14.  피고 란 기재 각 피고들은 같은 목록  금액 란 기재 각 금원,및 위 각 금원에 대하여 이 판결 확정일 다음날부터 완제일까지 연 5%의 비율에 의한 금원을 지급한다.\n(원고는 당심에서 피고들 중 00, 00에 대하여는 청구취지를 감축하고, 나머지 피고들에 대하여는 청구취지를 확장하였다)",
            "제1심 판결 중 아래에서 지급을 명하는 금원에 해당하는 원고 패소부분을 취소한다.\n원고에게, 별지 제4목록  피고별 반환할 금액 내역 순번 1.  피고 란 기재 각 피고들은 각자 금 3,547,137,370원, (2) 같은 목록 순번 2. 내지 14.  피고 란 기재 각 피고들은 같은 목록  금액 란 기재 각 금원, 및 위 각 금원에 대하여 이 판결 확정일 다음날부터 완제일까지 연 5%의 비율에 의한 금원을 지급한다.",
            "원고에게, 별지 제4목록  피고별 반환할 금액 내역 순번 1.  피고 란 기재 각 피고들은 각자 금 3,547,137,370원, (2) 같은 목록 순번 2. 내지 14.  피고 란 기재 각 피고들은 같은 목록  금액 란 기재 각 금원, 및 위 각 금원에 대하여 이 판결 확정일 다음날부터 완제일까지 연 5%의 비율에 의한 금원을 지급한다.",
            "제1심 판결 중 피고들 패소부분을 취소하고, 원고의 피고들에 대한 청구를 기각한다."
        ]
    },
    "assrs": {
        "acusrAssrs": [],
        "dedatAssrs": [
            "피고들은 원고가 이 사건 제2분양대행계약상의 분양업무를 제대로 이행하지 않았고, 또한 이 사건 제2 개발대행계약상의 4,020만 원의 사업이익금 지급의무 등을 이행하지 아니하고, 또한 이 사건 토지에 대한 중도금 중 그 일부인 금675,273,805원만을 한국토지공사에게 지급하는 바람에 000이 위와 같은 원고의 채무불이행을 이유로 이 사건 제2 분양대행계약을 해지하기에 이르렀다.",
            "한편 앞에서 본 바와 같이 이 사건 제1, 2 각 개발대행계약 체결 당시 원고회사와 같은 대행업체의 과실로 계약이 해지되었을 경우에는 00은 그 해지로 인하여 대행업체가 입은 손해를 배상하지 아니하도록 약정하였으므로, 00에게는 원고에 대한 아무런 채무가 없다 고 주장한다.",
            "피고들은 000이 원고에게 원고가 위에서 지급받았음을 자인하는 금 589,129,400원 외에 금 684,485,900원을 더 지급하였다 고 주장한다."
        ]
    },
    "facts": {
        "bsisFacts": [
            "한국토지개발공사(1995. 12.경 한국토지공사 로 상호변경 됨, 이하 '한국토지공사' 라 한다)는 1992.경 0000 신장지구에 대한 택지개발사업을 추진하면서 위 신장지구에 생활근거를 가지고 있던 주민들에게 위 0000 신장지구 택지개발사업 지역 내 토지 6평씩을 우선 분양받을 수 있는 권리(이하 '이 사건 수분양권' 이라 한다)를 부여하였다.",
            "위와 같이 이 사건 수분양권을 얻은 주민들 중 71명(그 중 소외 3, 4는 이 사건 수분양권을 각 1/2씩 취득한 결과 이 사건 수분양권은 총 70개임)은 그들의 권리를 함께 행사하여 한국토지공사로부터 0000 대 608.4㎡와 같은 동 524의 1대 587.3㎡의 근린생활용지(이하 '이 사건 토지' 라 한다)를 분양받아 그 지상에 상가건물을 신축,분양하는 사업을 시행하기로 뜻을 모았다.",
            "이후에 1993. 3. 8. 창립총회를 열어 명칭은 000 이라 하고 최고의결기관으로서 조합원으로구성되는 총회를 두며, 통상적인 업무집행은 조합장, 이사 등으로 구성된 임원회에서 하고, 조합장은 조합사무를 총괄하고 대외적인 업무에 관하여 조합을 대표하게 한다 는 등의 내용이 포함된 정관(갑1ㅡ1)을 제정하고, 초대 조합장으로 소외 2를 선출하는 외에 위 정관에 따른 이사, 감사, 총무를 각 선임하는 결의를 하였다.",
            "그 후 0000 000 은 0 , 0 , 0 등으로 명칭을 변경한 다음, 다시 1996. 5. 1. 총회를 열어 위 정관의 규정을 일부 정정하여 다음과 같은 내용이 포함된 정관(갑1ㅡ2)을 새로이 제정하고, 피고 11(대법원 판결의 피고)을 후임 대표자로 선임하였다.",
            "명칭은 000 라 하고, 주사무소는 0000 및 같은 동 524의 1에 두며, 0000 대 608.4㎡및 같은 동 524의 1 대 587.3㎡(이하 '이 사건 토지' 라 한다) 지상에 업무시설 및 근린생활시설을 신축하여 분양,임대함을 목적으로 한다.",
            "회원의 자격은 이 사건 토지 중 1/70지분 또는 그 이상의 소유자, 위 소유자로부터 권리를 위임받아 회원으로 가입한 자로 한다.",
            "최고의결기관으로서 회원으로 구성되는 총회를 두어 임원의 선임 및 변경에 관한 사항 , 정관 변경 및 재정에 관한 사항 , 회원의 부담이 될 토지대금, 대여금 납부에 관한 사항 등은 회원 과반수의 출석과 출석 회원 과반수의 찬성의 방법으로 총회의의결(단 임원의 선임 또는 변경은 회원 2/3 이상의 출석과 출석 회원 2/3 이상의 찬성으로 결정함)을 거치도록 한다.",
            "임원으로는 대표자 1인, 이사 4인, 감사 2인 및 총무 1인을 선임하여 임기는 3년으로 하고, 임원이 결원될 때에는 이사회에서보선하되, 그 임기는 전 임원의 잔여 기간으로 하며, 대표자 유고시에는 대표자를 위와 같이 보선할 때까지 이사 중 연장자 순으로 대표자의 직무를 수행한다.",
            "총회는 임원의 선임,변경에 관한 사항’과 ‘정관의 변경 및 재정에 관한 사항 을 제외한 자금의 차입 및 상환, 건물의 처분 등 나머지 업무를 이사회에 위임하여 처리하게 한다.",
            "신축할 건물의 완공 후에는 1 대물분양을 원하는 회원에게는 금 31,000,000원의 상당을 분양대금에서 공제하고, 2 현금을요구하는 회원에게는 금 24,000,000원, 3 탈퇴를 요구하는 회원에게는 금 16,000,000원을 각 분배한다.",
            "한편, 0000 000 (이하 변경된 명칭에 따라 변경 전후에 관계없이 000 이라 한다) 당시의 회원 71명 중 약 50명 가량이 아래와 같이 취득한 이 사건 토지에 관한 소유지분을 양도하는 등의 사유로 인하여 회원의 구성이 변경되어 온 결과, 000의 회원은 피고 8 등 55명만이 남게 되었다.",
            "소외 2는 000을 대표하여 1994. 6. 17. 회원들로부터 1/70지분당 금 3,200,000원씩 걷은 다음 그 중 금220,764,900원을 계약금으로 한국토지공사에게 지급하고, 한국토지공사로부터 소외 2 외 69인 명의로 이 사건 토지를 금 2,207,649,000원에 분양받았다.",
            "그러나 회원들의 자력만으로는 토지 잔대금, 건축비 등의 비용을 모두 감당할 능력이 되지 않아 자금력 있는 회사를 끌어들여 사업을 시행하기로 하고, 1994. 10. 17. 000(이하 000 라 한다)와의 사이에 다음과 같은 내용으로 0 라는 명칭의 상가건물의 개발,시공 및 분양에 관한 대행계약(이하 '이 사건 제1 개발대행계약' 이라 한다)을 체결하였다.",
            "000는 1994. 11. 30.까지 한국토지공사에게 000의 이 사건 토지에 관한 매매잔대금의 지급보증을 마쳐야 한다. (다) 000는 설계비, 인,허가비, 감리비, 분양관리비, 광고홍보비, 소유권이전비 등 일체의 비용을 선투입하여 상가의 개발, 건물의 시공 및 분양업무를 대행한다.",
            "000는 000에게 조합운영비로 매월 금 1,000,000원을 지급하고, 위 상가의 분양사업이 종료되면 각 회원에게 사업이익금 35,000,000원 및 계약보증금 환급금 3,153,780원을 지급하되, 000은 위 분양에 따른 총 수익금 중 회원들이 지급받을 위 금원의 합계액을 제외한 나머지를 000의 사업수익금으로 인정한다.",
            "000는 000에게 이행보증금 명목으로 1994. 10. 15.까지 금 152,180,000원을 지급한다. (바) 000의 과실로 계약이 해지되었을 경우, 000은 그 해지로 인하여 000가 입은 손해를 배상하지 아니한다.",
            "000는 000의 동의 아래 1995. 2.경부터 소외 000(공동대표이사 소외 5, 6, 이하 000 라한다)와 공동으로 이 사건 제1 개발대행계약에 따른 업무를 진행하였다.",
            "또한 000은 1995. 4. 1.경 당초 시공업체로 지정하였던 소외 000에서 1995. 1. 27. 한국토지공사에게 이 사건 토지에 관한 매매잔대금의 지급보증을 마친 바 있는 소외 000(이하 'OOO' 이라 한다)로 그 시공업체를 변경하였다."
        ]
    },
    "dcss": {
        "courtDcss": [
            "앞에서 본 바와 같이, 000은 이 사건 토지의 매입대금을 비롯한 이 사건 건물의 신축 및 분양 그리고 000의 운영에필요한 자금을 자체적으로 마련하기 어려운 사정하에서 대행업체를 선정하여 그로 하여금 비용을 부담하게 하여 사업을 시행하기로 하고 이 사건 각 대행계약을 체결하기에 이르게되었다.",
            "또한이 사건 제1 개발대행계약 당시 000는 00에게 매월 000의 운영비를 지급하는 것을 비롯하여 사업시행을 위한 일체의 비용을 선투입하고, 분양종료 후 그 분양수익금 중에서 각 회원에게 이익분배금 35,000,000원 및 계약보증금 환급금 3,153,780원을 지급하기로 한 반면, 000은 위 분양수익금 중 회원들이 지급받을 위 금원의 합계액을 제외한 나머지를 위 000의 사업수익금으로 인정하기로 하였다.",
            "이에 이 사건 제2 개발대행계약 당시에도 000는 000와 마찬가지로 설계비 등을 선투입하고, 분양사업 종료 후에는 그 분양수익금중에서 이 사건 토지에 관한 소유지분비율 1/70당 금 40,200,000원(계약보증금 환급금 3,153,780원 포함)을 분배하기로 하였다.",
            "다만 앞에서 본 바와 같이 000이 이 사건 각 분양대행계약을 체결함으로써 상현코아 또는 원고에게 총 분양대금의9% 상당액의 수수료만을 지급하기로 약정을 변경하기는 하였으나, 000 등과 사이에 그 동안의 비용에 대한 별도의 정산절차를 거친 바가 없고 오히려 상현코아 등은 뒤에서 보는 바와 같이 건물 신축 및 분양 관련 비용 등을 종전과 변함 없이 계속지출하여 왔다.",
            "또한 분양실적의 부진 등으로 계약이 해지될 경우, 000은 분양수수료 및 제반비용을 000와 정산하도록 하고 있는 점 등에 비추어 본다.",
            "00은 이 사건 각 분양대행계약 체결 당시 상현코아 또는 원고와의 사이에 분양완료 후 총 분양수익금에서, 000 등의 주관하에 사업을 진행함으로써 원래 000이 부담하였어야 할 비용에 해당하는 금원 및 분양대행 수수료를 우선 정산처리한 후, 이를 제외한 나머지를 회원들에 대한 이익분배금 및 계약보증금 환급금 명목으로 분배하기 로 약정하였다고 판단된다.",
            "그리고, 앞에서 본 바와 같이 000가 1995. 5. 15. 선투입된 비용에 대한 정산권리를 000에게 넘긴 후, 000가 다시1996. 1. 1. 원고에게 이 사건 제1 분양대행계약상의 지위를 양도하였다.",
            "소외 5는 000 당시부터 원고 회사에 이르기까지각 그 대표이사로서 000과의 이 사건 제2 개발대행계약 및 이 사건 각 분양대행계약상의 거래관계를 유지하여 온 점, 000이 이 사건 변론 과정에서 뒤에서 보는 바와 같다.",
            "「원고가 직접 체결한 것이 아니라 000가 원고 이전에 이미 체결한 바 있는 이 사건 제2 개발대행계약상의 회원들에 대한 사업이익금 지급의무 및 한국토지공사에의 이 사건 토지에 대한 중도금 지급의무를 원고가 제대로 이행하지 아니하는 바람에 이 사건 제2 분양대행계약이 파기되기에 이르렀다」 는 취지로 다투고있는 점 등에 비추어 본다.",
            "원고는 000의 이 사건 제1 개발대행계약상의 지위와 000의 이 사건 제2 개발대행계약 및이 사건 제1 분양대행계약상의 지위를 순차로 승계하여 위와 같이 이 사건 토지에 대한 중도금 지급 비용을 비롯하여 그들이 사업시행을 위하여 선투입한 부분에 대한 정산권한까지도 함께 취득한 것으로 인정된다.",
            "그러므로 000이 위와 같이 부담하게 된 정산의무에 따라 지급할 금액에 대하여 본다. 갑 제15호증의 1 내지 10, 갑 제16호증의 1, 2, 3, 갑 제17호증, 갑 제18호증의 1 내지 8, 갑 제19호증의 1, 2, 3, 갑 제20호증,갑 제21호증의 1, 2, 3, 갑 제22호증, 갑 제23호증의 1 내지 12 각 1, 2를 종합한다.",
            "갑 제24호증의 1 내지 4, 갑 제25, 26, 27호증, 갑 제28호증의 1, 2, 3, 갑 제29, 30, 31, 32호증, 갑 제33, 34, 35호증의 각 1, 2를 종합한다.",
            "갑 제36, 37, 39호증, 갑 제40호증의 1, 2, 갑 제41, 42호증, 갑 제43호증의 1 내지 5, 갑 제44호증, 갑 제45호증의 1 내지 5, 갑 제46호증의 1, 2, 갑 제47호증의 1 내지 5,갑 제48호증의 1 내지 6, 갑 제49호증의 1, 2, 갑 제50호증의 1 내지 6, 갑 제51 내지 54호증, 갑 제55호증의 1, 2, 갑 제56호증의 1, 2, 갑 제57호증의 1, 2, 3, 갑 제58호증의 1 내지 5를 종합한다.",
            "갑 제59, 60호증, 갑 제61호증의 1 내지 11, 갑 제70호증의 1, 2, 3, 4의 각 기재에 변론 전체의 취지를 종합하면, 000와 000 또는 그들의 권리를 승계한 원고는 이 사건 각개발대행계약 및 분양대행계약에 따라 별지 제1목록 '정산할 금원' 내역 중 '항목' 란 기재의 각 명목으로 금원을 이미 지출하였다.",
            "또는 같은 목록 '지급 상대방' 란 기재의 업체들과 사이에 같은 목록 '비고' 란 기재의 각 금액으로 체결한 각 용역계약에 따라 그들로부터 계약에 따른 모든 채무의 이행을 받음으로써 동액 상당의 채무를 부담하게 된 사실을 인정할 수 있다.",
            "따라서 ,000은 원고에게 위 각 금원의 합계액인 금 1,464,113,715원을 이 사건 각 계약에 따른 정산금으로 지급할 의무가있으나, 원고는 000로부터 위와 같은 비용의 일부로서 분양대금 중 금 598,129,400원을 이미 수령한 사실을 자인하고있으므로, 결국 000이 원고에 대하여 부담하게 된 정산금은 금 865,984,315원이 남게 된다.",
            "원고는 이 사건 제2 분양대행계약이 만약 제대로 유지되었더라면 원고는 이 사건 건물의 분양을 완료하여 도합 금1,629,720,000원(이 사건 건물 분양면적 3,018평 × 평당 분양가 6,000,000원 × 분양대행 수수료율 9%)의 분양수익을 얻을 수 있었다.",
            "그럼에도 000이 이 사건 제2 분양대행계약을 일방적으로 파기함으로써 위와 같은 수입을 상실하는 손해를 입게 되었으므로, 00은 원고에 대하여 위 손해 전부를 배상할 책임이 있다\" 고 주장한다.",
            "살피건대, \"이 사건 제2 분양대행계약 체결 당시 000이 원고에게 분양계약이 체결된 것에 한하여 대행수수료 명목으로 총 분양대금(부가가치세 제외)의 9% 상당액을 매 분양대금 수령시마다 지급하기 로 약정한 사실은 앞서 인정한 바와 같은바, 원고가 이 사건 건물에 대한 분양계약을 체결하여 00이 수분양자들로부터 현실적으로 분양대금을 수령하였다는 점에 대한 주장·입증이 없다.",
            "위와 같은 사유만으로는 000이 원고에게 위 수수료 상당의 손해를 배상할 의무가 발생한다고볼 수 없으므로, 원고의 위 주장은 이유 없다.",
            "또한 원고는 \"이 사건 건물 중 소외 7에게 지층 비 01호 내지 03호를 대금 504,000,000원에, 소외 8에게 지층 비 11호를 대금 68,472,000원에, 소외 9에게 1층 106호를 대금 392,600,000원에, 소외 10에게 1층 107호를 대금 345,400,000원에,소외 11에게 5층 501호를 대금 237,925,000원에, 소외 12에게 7층 706호를 대금 49,382,000원에 각 분양하였다.",
            "소외 13에게 8층805호를 대금 154,770,000원에, 소외 14에게 8층 806호를 대금 49,805,000원에, 소외 15에게 9층 903호를 대금74,095,000원에, 피고 12에게 1층 105호를 대금 248,320,000원에 각 분양하였다.",
            "피고 3에게 지하 1층 12호를 대금 43,340,100원에,피고 5에게 2층 210호를 대금 27,030,000원에, 피고 1에게 1층 101호를 대금 287,640,000원에 각 분양하였는데, 000이 1996. 8. 27. 내지 같은 달 29.경 위 각 분양계약을 파기하였다.",
            "따라서 000은 원고에게 위 각 분양대금(2,556,874,108원)에 해당하는 수수료의 합계 금 230,118,669원(2,556,874,108원 × 9%)을 지급할 의무가 있다”고 주장한다.",
            "살피건대, 갑 제29호증, 갑 제66호증의 1 내지 13의 각 기재 및 변론 전체의 취지를 종합하면, 원고가 이 사람들 중 소외 16을 제외한 사람들과 분양계약을 체결하였다가 그 후 위 분양계약들이 모두 파기된 사실을 인정할 수 있으나, 위 분양계약들이 000의 의사에 기하여 아무런 해지 사유가 없었음에도 부당하게 파기되었다는 점에 부합하는 듯한 갑 제70호증의 2의 기재는믿기 어렵고 달리 이를 인정할 증거가 없다.",
            "그러므로, 원고의 위 주장 역시 받아들일 수 없다.",
            "그러나, 원고가 분양업무를 제대로 이행하지 않았다는 점에 대하여는 이를 인정할 아무런 증거가 없고, 또한 000과 사이에이 사건 제2 분양대행계약을 체결함으로써 피고들 주장과 같은 사업이익금지급의무가 더 이상 존속한다고 보기 어려울 뿐 아니라, 000이 원고와의 계약관계가 유지된 전기간을 통하여 위 채무불이행을 이유로 계약해지의 의사표시를 하였다는점에 대하여 이를 인정할 아무런 증거가 없는 이상, 피고들의 위 주장은 이유 없다.",
            "피고들은 000이 원고에게 원고가 위에서 지급받았음을 자인하는 금 589,129,400원 외에 금 684,485,900원을 더 지급하였다 고 주장하나, 갑 제1호증의 4, 갑 제29호증의 각 기재만으로는 위 주장사실을 인정하기에 부족하고, 달리 이를 인정할 만한 증거가 없다.",
            "앞서 든 각 증거 및 갑 제72호증의 1 내지 29, 갑 제75, 84호증, 갑 제86, 87호증의 각 1, 2의 각 기재에 변론 전체의 취지를 종합하면, 00은 앞서 본 바와 같이 이 사건 건물에 관하여 1997. 9. 2. 소유권보존등기를 경료하면서 원고 등의 채권자들의 가압류를 피하기 위하여 같은 날 이 사건 건물 상당 부분의 호실과, 이에하여 소외 17과 피고 9 명의로 소유권이전청구권가등기를 경료한다.",
            "별지 제3목록 등기내역표 각 기재와 같이 같은 표 I,II,III의 각 '피고' 란 기재 각 피고에 대하여는 채권 담보 또는 대물변제의 명목으로, 같은 표 IV의 각 '피고' 란 기재 각 피고(이들은 000의 회원임)에 대하여는 이익 분배 명목으로(당시에는 000의 재정 적자로 인하여 회원들에게 분배할 이익은 전혀 없었다.",
            "오히려 회원들이 추가로 금원을 부담하여야 할 처지에 있었기 때문에 000도 추후 정산시 사업비가 부족할 경우 회원들로부터 그 소유권을 포기받을 것을 조건으로 하였다).",
            "위 각 등기내역표 목적물 란 기재 각 부동산(이하 '이 사건 부동산' 이라 한다)에 관하여 같은 표 '원인' 란 기재 각 매매예약 또는 매매계약을 체결한 다음 피고들에게 같은 표 '등기' 란 기재 각 소유권이전등기 또는 소유권이전청구권가등기를 경료하여 준 사실을 인정할 수 있다."
        ]
    },
    "close": {
        "cnclsns": [
            "그렇다면, 원고의 피고들에 대한 사해행위취소 및 원상회복청구는 모두 이유 있어 이를 인용할 것인바, 제1심 판결은 이와 결론을 일부 달리하여 부당하므로, 원고의 항소를 받아들여 제1심 판결 중 위와 같이 지급을 명하는 금원에 해당하는 원고 패소부분을 취소하고, 피고들에게 위 각 금원의 배상을 명하며, 피고들의 항소는 이를 기각한다."
        ]
    }
}