{
    "info": {
        "caseField": "1",
        "detailField": "1",
        "trailField": "1",
        "caseNm": "상고여부미정",
        "courtNm": "서울지법",
        "judmnAdjuDe": "2003. 09. 30.",
        "caseNo": "2002가합41089",
        "relateLaword": [
            "부동산등기법 제27조",
            "부동산등기법 제55조",
            "부동산등기법 제52조 ",
            "채권자대위에의한등기절차에관한사무처리지침(등기예규 제1019호)"
        ],
        "qotatPrcdnt": [
            "1989. 3. 28. 선고 87다카2470 판결(공1989, 663)",
            "대법원 1990. 10. 29.자 90마772 결정(공1990, 2395)"
        ]
    },
    "concerned": {
        "acusr": "1",
        "dedat": "3"
    },
    "org": {
        "orgJdgmnCourtNm": "",
        "orgJdgmnAdjuDe": "",
        "orgJdgmnCaseNo": ""
    },
    "disposal": {
        "disposalform": "10",
        "disposalcontent": [
            "원고의 청구를 기각한다.",
            "소송비용은 원고가 부담한다."
        ]
    },
    "mentionedItems": {
        "rqestObjet": [
            "피고는 원고에게 492,332,000원 및 이에 대한 청구취지변경신청서 송달 다음날부터 다 갚는 날까지 연 25%의 비율에의한 금원을 지급한다."
        ]
    },
    "assrs": {
        "acusrAssrs": [
            "원고는, 피고 소속 공무원인 가압류 집행법원의 판사와 위 등기공무원 및 그의 처분에 대한 이의신청 담당판사의 다음과 같은 직무상의 잘못으로 인하여 이 사건 각 부동산의 가압류집행을 하지 못하게 됨으로써 가압류 대상인 이 사건 각 부동산을 경매하여얻을 수 있었던 채권 상당의 손해를 입게 되었으므로, 피고는 국가배상법 제2조 제1항에 따라 원고에게 그 손해를 배상하여야한다는 취지로 주장한다."
        ],
        "dedatAssrs": []
    },
    "facts": {
        "bsisFacts": [
            "원고는 00의 처의 이모부로, 1997. 10.경 00에게 3억 원을 대여하였다고 주장하면서 1999. 10. 30. 00를 상대로위 3억 원 및 지급명령정본 송달 다음날부터 다 갚는 날까지 연 25%의 비율에 의한 지연손해금과 독촉절차비용 636,540원의지급을 구하는 지급명령신청을 한 결과, 대전지방법원 99차10504호로 같은 취지의 지급명령을 받아 1999. 12. 4.자로 위 명령이 확정되었다.",
            "00의 소유이던 별지 목록 기재 각 부동산(이하 '이 사건 각 부동산' 이라 한다)에 관하여 수원지방법원 1998. 11. 5. 접수제171061호로 1998. 9. 14.자 교환을 원인으로 하여 김기동 명의로 소유권이전등기가 마쳐졌다.",
            "00는 1999. 5. 4.경 00을 상대로 하여, 00이 00의 인장을 위조하여 허위의 교환계약서를 작성한 후 위와 같이 소유권이전등기를 마쳤다는 이유로, 수원지방법원 99가합8479호 원인무효로 인한 소유권이전등기말소청구의 소를 제기하였고,00이 1999. 9. 28. 그 청구를 인낙하여 인낙조서(이하 '이 사건 인낙조서' 라 한다)가 작성되었다.",
            "그러나, 아래 가압류기입등기촉탁 당시까지도 위 인낙조서에 기한 김기동 명의의 소유권이전등기의 말소등기가 마쳐지지는 아니한 상태였다.",
            "원고는 1999. 10. 9. 수원지방법원에 채권자 원고, 채무자 00, 청구채권 3억 원, 가압류할 부동산 이 사건 각 부동산으로하여 신청취지를 원고가 00에 대하여 가지는 3억 원의 채권 집행보전을 위하여 00 소유의 이 사건 각 부동산을 가압류한다는 내용으로 하였다. ",
            "소명방법 및 첨부서류로 이 사건 인낙조서 사본 1통 등을 첨부하여 부동산가압류신청(이하 '이 사건 가압류신청' 이라 한다)을 하자, 수원지방법원 판사는 당시 채무자인 00와 이 사건 각 부동산의 소유자인 00이 서로 다른 이유 및 피보전권리에 대하여 다시 소명하라는 취지로 보정명령을 하였다.",
            "이에 원고는 위 가.항 및 다.항과 같은 내용을 기재한 보정서를 제출하였으며, 결국 위 판사는 수원지방법원 1999. 10. 16.자 99카단104395 결정으로 이 사건 가압류신청이 이유 있다는 이유로 '00 소유의 이 사건 각 부동산을 가압류한다'는 결정을 하였다.",
            "이어 위 판사는 1999. 10. 16. 수원지방법원 등기관에게 등기권리자 원고, 등기의무자 00, 등기원인 이 사건 가압류결정,등기목적 부동산가압류기입등기로 하고 이 사건 가압류결정 정본 및 영수필증 각 1통을 첨부하여 부동산가압류기입등기를 촉탁(이하 '이 사건 등기촉탁' 이라 한다)하였으며, 이는 수원지방법원 1999. 10. 18. 접수 제127712호 가압류기입등기촉탁사건으로 접수되었다.",
            "또한 등기공무원인 등기관은 1999. 10. 21. '이 사건 각 부동산에 대한 위 당사자의 가압류기입등기촉탁은1998. 11. 5. 소유권이 00에게 이전되었으므로 이는 부동산등기법 제55조 제6호에 해당한다.'는 이유로 이 사건 가압류결정을 원인으로 한 이 사건 등기촉탁을 각하하였다.",
            "이에 대하여 원고는 위 등기관의 처분에 대한 이의신청을 하였으나 그 담당 수원지방법원 판사는 수원지방법원 1999. 12.29.자 99파100053 결정으로 이 사건 각 부동산에 관하여 이 사건 인낙조서에 기한 00 명의의 소유권이전등기의 말소등기가 이루어지지 않은 이상 이 사건 등기촉탁서에 기재한 등기의무자의 표시가 등기부와 부합하지 아니하여 등기공무원의 각하처분은 정당하다는 이유로 이의신청을 각하하였다.",
            "이에 다시 항고( 수원지방법원 2000. 9. 28.자 2000라79 결정), 재항고(대법원 2000. 1. 8.자 2000마7244 결정)를 하였으나 모두 기각되었다.",
            "한편, 이 사건 각 부동산에 관하여, 수원지방법원 1999. 10. 20. 접수 제129480호로 1999. 9. 28.자 인낙을 원인으로 하여 00 명의의 소유권이전등기의 말소등기가 마쳐지게 되자, 00는 같은 날 00 등 제3자 명의로 소유권이전등기를 마쳐주었다."
        ]
    },
    "dcss": {
        "courtDcss": [
            "집행법원인 수원지방법원 판사는, 원고로부터 구 민사소송법 제602조 제1항 소정의 채무자인 00의 소유권을 증명하는 서면인 부동산등기법 제130조, 제131조 제2호 규정에 해당하는 이 사건 인낙조서 사본이 첨부된 이 사건 가압류신청을 받았다. ",
            "또한 위 규정 소정의 미등기부동산에는 채무자 명의로 소유권보존등기가 마쳐지지 않은 경우는 물론 이 사건과 같이 00 명의의 소유권이전등기가 원인무효의 것이어서 그 말소등기가 마쳐지지 않은 경우에도 적용된다 할 것임에도, 이 사건 등기촉탁함에 있어 이 사건 인낙조서 사본을 첨부하지 않고 누락하였다. ",
            "부동산등기법 제134조에 따라 등기공무원이 직권으로김기동 명의의 소유권이전등기를 말소하여 00 명의의 등기를 회복한 후 가압류기입등기를 할 수 있는 자료를 제공하지 않은 잘못을 범하였다.",
            "수원지방법원 등기공무원은 첫째, 위 법원 1999. 10. 18. 접수 제127712호로 이 사건 등기촉탁서를 접수한 후 이를 각하하기전에 위 법원 1999. 10. 20. 접수 제129480호로 00 명의의 소유권이전등기가 이 사건 인낙을 원인으로 하여 말소되고 채무자인 00 명의의 등기가 회복되었다. ",
            "결국 이 사건 등기촉탁서에 기재된 등기의무자의 표시와 등기부 부합하게 되어그 하자가 치유되었음에도 불구하고, 먼저 접수된 가압류기입등기를 마치지 않은 채 나중에 접수된 00 등 명의의 소유권이전등기를 마쳤고(이하 '제1주장'이라 한다)",
            "둘째, 이 사건 등기촉탁 당시 가압류채무자와 부동산 소유자로 등기되어 있는 자가 상이함에도 무슨 이유로 이 사건 가압류결정이 이루어졌는지 등을 조사하여 이 사건 인낙조서 등 00의 소유임을 증명하는 서면의 보정을 요구하는 등의 조치를 취하지 않았으며(이하 '제2주장'이라 한다)",
            "셋째, 원고가 이 사건 인낙조서 사본을 첨부하여 이 사건 가압류신청을 하였으므로, 등기공무원으로서는 부동산등기법 제134조에 의하여 직권으로 김기동 명의의 소유권이전등기를 말소한 뒤에 가압류기입등기를 마쳐야 함에도 불구하고 이 사건 등기촉탁을 각하하는 잘못을 범하였다(이하'제3주장'이라 한다).",
            "위 등기공무원의 각하처분에 대한 이의신청을 담당한 판사는 위와 같은 등기공무원의 과실을 시정하지 못하고 이의신청을각하하는 잘못을 범하였다.",
            "법관이 행하는 재판사무의 특수성과 그 재판과정의 잘못에 대하여는 따로 불복절차에 의하여 시정될 수 있는 제도적 장치가 마련되어 있는 점 등에 비추어 보면, 법관의 재판에 법령의 규정을 따르지 아니한 잘못이 있다 하더라도 이로써 바로 그 재판상 직무행위가 국가배상법 제2조 제1항에서 말하는 위법한 행위로 되어 국가의 손해배상책임이 발생하는 것은 아니다. ",
            "그 국가배상책임이 인정되려면 당해 법관이 위법 또는 부당한 목적을 가지고 재판을 하는 등 법관이 그에게 부여된 권한의 취지에 명백히어긋나게 이를 행사하였다고 인정할 만한 특별한 사정이 있어야 한다고 해석함이 상당하다( 대법원 2001. 4. 24. 선고2000다16114 판결 등 참조)",
            "구 민사소송법(2002. 1. 26. 법률 제6626호 민사집행법으로 개정되기 전의 것) 제602조 제1항 제2호에는 강제경매신청에는 집행력 있는 정본 외에 등기부에 채무자의 소유로 등기되지 아니한 부동산에 대하여는 즉시 채무자의 명의로 등기할수 있음을 증명할 서류를 첨부하여야 한다고 규정하였다. ",
            "부동산등기법 제130조, 제131조에는 미등기토지 또는 미등기건물의 소유권보존등기는 판결 등에 의하여 자기의 소유권을 증명하는 자 등이 이를 신청할 수 있다고 규정하며, 부동산등기법 제134조에는 미등기부동산의 처분제한의 등기에 관하여 규정하고 있는바, 위 규정들을 종합하여 보면, 위 규정들은 채무자 소유의 미등기부동산에 관하여 적용되는 것임이 법문상 분명하였다. ",
            "그 밖에 이미 채무자나 제3자 명의로 소유권보존등기가 마쳐진다음 이를 기초로 순차적으로 소유권이전등기가 마쳐진 경우에는 설사 그와 같이 순차적으로 마쳐진 소유권이전등기가 원인무효 등으로 다시 채무자 등의 명의로 회복되어야 할 상황에 있다고 하더라도 위와 같은 규정들이 적용되는 것은 아니라고 봄이상당하다.",
            "이 사건에 있어 갑 제15호증의 기재 및 변론 전체의 취지에 의하면, 이 사건 각 부동산에 관하여 원고의 이 사건 가압류신청이전에 이미 채무자인 강경희나 제3자 명의로 소유권보존등기나 소유권이전등기가 마쳐진 사실을 인정할 수 있어 이 사건의 경우에는 위 규정들이 적용되지 않는다고 봄이 상당하다.",
            "따라서 집행법원 판사에게는 이 사건 등기촉탁함에 있어 김기동 명의의소유권이전등기의 말소등기에 필요한 서류를 첨부할 의무가 있다고 할 수 없으므로 원고의 이 부분 주장은 이유 없다{또한 원고가 이 사건 가압류신청 당시 제출한 이 사건 인낙조서 사본(정본이 아님)은 위 규정들에서 요구하는 즉시 채무자인 강경희의명의로 등기할 수 있음을 증명할 서류 등에 포함되지도 않는다}.",
            "밖에 달리 위 판사가 위법 또는 부당한 목적을 가지고 그에게 부여된 권한의 취지에 명백히 어긋나게 이를 행사하였다고 인정할 만한 특별한 사정이 있었다는 점에 대하여 이를 인정할 증거가 없으므로, 위 판사의 위법행위에 대한 주장은 어느 모로 보나 받아들이기 어렵다",
            "위 등기관의 처분에 그 잘못을 인정할 수 없을 뿐만 아니라 위 기초사실에 의하면, 위 등기관의 처분에대한 이의신청을 담당한 위 판사가 그 재판과정에 있어 어떠한 잘못이 있다고 볼 수 없다.",
            "달리 위 판사가 위법 또는 부당한목적을 가지고 그에게 부여된 권한의 취지에 명백히 어긋나게 이를 행사하였다고 인정할 만한 특별한 사정이 있었다는 점에 대하여 이를 인정할 증거가 없으므로, 위 판사의 위법행위에 대한 주장은 이유 없다",
            "채권자(특정의 등기청구권을 가진 채권자 및 금전채권자 포함)가 민법 제404조 및 부동산등기법 제52조의 규정에 의하여 채무자에 대위하여 등기를 신청하는 경우에는 대위원인의 기재(신청서에는 대위권의 발생원인, 즉 보전하여야 하는 채권이 발생된 법률관계를 간략히 기재[예시 : 대여금채권인 경우에는 \"○년 ○월 ○일 소비대차의 대여금반환청구권\"등]),",
            "대위원인을 증명하는 서면의 첨부(대위의 기초인 권리가 금전채권인 때에는 당해 금전채권증서[예 : 금전소비대차계약서 등]를 첨부)를 하여야 한다. ",
            "대위에 의한 상속등기가 있기 전에 가압류결정의 기입등기촉탁이 있을 때에는 등기공무원으로서는 그 촉탁을 각하할 수밖에없는 것이다(위 등기예규 제178호 참조)",
            "등기업무처리개선지침(등기예규 제1047호) 제5조(등기신청 사건처리기준)에는, 접수담당자는 등기신청서에 접수시간이 표시된 접수인을 날인하여 접수순서대로 지체없이 소장을 거쳐 해당 등기공무원에게 인계하여야 하고(제1항), 등기관은 동일 부동산에 대한 등기신청사건은 반드시 접수순서에 따라 처리하여야 한다(제3항 단서)고 규정하고 있다.",
            "등기공무원은 등기신청에 대하여 실체법상의 권리관계와의 일치 여부를 심사할 실질적 심사권한은 없고 오직 신청서 및 그 첨부서류와 등기부에 의하여 등기요건의 충족 여부를 심사할 형식적 심사권한밖에는 없는 것이어서 그 밖에 필요에 응하여 다른서면의 제출을 받거나 관계인의 진술을 구하여 이를 조사할 수는 없다(대법원 1990. 10. 29.자 90마772 결정 등 참조).",
            "부동산등기법 제27조 제2항, 제55조 제6호를 종합하여 보면, 이 사건 등기촉탁의 경우에도 등기관은 위 등기촉탁서에 기재된 등기의무자의 표시가 등기부와 부합하지 아니한 때 결정으로써 신청을 각하하여야 하나 위 등기촉탁서가 보정될 수 있는 경우에당일 보정된 때에는 각하하여서는 아니 된다 할 것이다.",
            "이 사건 등기촉탁서가 부동산등기법 제55조 단서에 따라 보정될 수 있는 경우에 해당되는지 살피건대, 갑 제15호증의 기재 및 변론 전체의 취지에 의하면, 이 사건 각 부동산의 각 등기부의 갑구란 순위번호 제10번(다만, 별지 기재 제1, 3항 부동산의 경우에는 제11번)에는 수원지방법원 1999. 9. 20. 접수 제113750호로 1999. 9. 17.자 위 법원의 경매개시결정(99타경118044)을 원인으로 한 임의경매신청등기가 마쳐졌다. ",
            "순위번호 제11번(다만, 별지 기재 제1, 3항 부동산의 경우에는 제12번)에는 위 법원 1999. 10. 20. 접수 제129480호로 1999. 9. 28.자 인낙을 원인으로 한 위 제1의 사.항에서 본 바와 같은김기동 명의의 소유권이전등기의 말소등기가 마쳐진 사실을 인정할 수 있고, 이 사건 등기촉탁사건의 접수번호는 위 법원1999. 10. 18. 접수 제127712호인 점은 앞서 본 바와 같다.",
            "만약 원고의 주장대로 이 사건 등기촉탁서류가 보정될 수 있는 경우라고 가정하여 이것이 보정되었다고 상정한다.",
            "이런 경우 위 각등기부에는 순위번호 제10번에는 수원지방법원 1999. 9. 20. 접수 제113750호 위 임의경매신청등기, 순위번호 제11번에는위 법원 1999. 10. 20. 접수 제129480호 위 소유권이전등기말소등기, 순위번호 제12번에는 위와 같이 보정된 것으로 가정된 위 법원 1999. 10. 18. 접수 제127712호 위 가압류기입등기의 순서대로 등기될 수밖에 없다. ",
            "이는 접수번호의 순서에 따라등기를 하도록 규정한 부동산등기법 제54조에 정면으로 위반하는 것으로서 이런 방식으로는 등기할 수 없다 할 것이다.",
            "따라서 이 사건 등기촉탁서는 부동산등기법 제55조 단서 소정의 보정될 수 있는 경우에 해당하지 않는다 할 것이므로, 이 사건 등기촉탁서가 접수된 이후 위 등기촉탁서에 기재된 등기의무자의 표시가 등기부와 우연한 기회에 부합하게 된다고 하더라도 이사건 등기촉탁서가 보정되었거나 그 하자가 치유되었다고 볼 수 없다 할 것이어서 이를 전제로 한 제1주장은 이유 없다.",
            "부동산등기법 제27조 제2항, 제52조, 제55조 제6호, 채권자대위에 의한 등기절차에 관한 사무처리지침 등을 종합하여 보면, 가압류채권자로서는 가압류등기촉탁서가 관할 등기공무원에게 접수되기 이전에, 부동산등기법 제55조 제6호의 취지에 따라 위촉탁서에 기재된 등기의무자의 표시가 등기부와 부합하도록, 법원 등기과 내지 관할등기소에 대위원인을 증명하는 서면을 첨부 한다. ",
            "부동산등기법 제52조 소정의 요건에 따라 등기명의인 앞으로 마쳐진 소유권이전등기의 말소등기를 신청하는 등의 조치를 취하여야 한다고 봄이 상당하고, 대위 등에 의한 말소등기가 있기 전에 가압류결정의 기입등기촉탁이 있을 때에는 등기공무원으로서는 그 등기촉탁신청을 각하할 수밖에 없다.",
            "가압류채권자인 원고가 이 사건 등기촉탁서가 수원지방법원 등기공무원에게 접수되기 이전에, 수원지방법원 등기과에 대위원인을 증명하는 서면{동수원종합법무법인 작성의 1997년 등부 제6841호 인증서(갑 제14호증의 3), 2억 원권 자기앞수표(갑 제14호증의 4), 1억 원짜리 차용증(갑 제14호증의 5) 등}을 첨부하였다. ",
            "부동산등기법 제52조 소정의 요건에 따라 김기동 명의의 소유권이전등기의 말소등기를 신청하는 등의 조치를 취하지 아니한 채 이 사건 등기촉탁서가 등기관에게 접수된 사실은 당사자 사이에 다툼이 없다",
            "위 등기관은 이 사건 등기촉탁의 경우에도 실체법상의 권리관계와의 일치 여부를 심사할 실질적 심사권한은 없고 오직 이 사건 등기촉탁서 및 그 첨부서류와 등기부에 의하여 등기요건의 충족 여부를 심사할 형식적 심사권한밖에는 없는 것이어서 그 밖에 필요에 응하여 다른 서면의 제출을 받거나 관계인의 진술을 구하여 이를 조사할 수는 없다고 할 것이다.",
            "원고의 주장과 같이 위 등기관이 가압류채무자와 부동산 소유자로 등기되어 있는 자가 상이함에도 무슨 이유로 이 사건 가압류결정이 이루어졌는지 등에 관하여 조사하여 강경희의 소유임을 증명하는 서면의 보정을 요구하는 등의 조치를 취할 권한이나의무는 없다 할 것이다. ",
            "위와 같이 원고가 채권자대위에 의한 등기로서 김기동 명의의 소유권이전등기의 말소등기를 신청하여그 말소등기를 마치지 못한 이상, 위 등기관이 부동산등기법 제55조 제6호에 따라 이 사건 등기촉탁을 각하한 조치는 정당하다 할 것이므로 제2주장도 이유 없다.",
            "동산등기법 제134조는 채무자 소유의 미등기부동산에 관하여 적용되는 것이고 이 사건의 경우에는 적용되지 않으므로, 이를 전제로 한 제3주장은 더 나아가 살필 필요 없이 이유 없다.",
            "따라서 원고의 위 판사들 및 등기공무원의 직무상 위법행위에 대한 주장이 인정되지 않으므로, 이를 전제로 한 원고의 피고에대한 주장은 그 손해액에 관하여는 더 나아가 살필 필요 없이 이유 없다."
        ]
    },
    "close": {
        "cnclsns": [
            "원고의 청구를 기각한다.",
            "소송비용은 원고가 부담한다."
        ]
    }
}