{
    "info": {
        "caseField": "1",
        "detailField": "1",
        "trailField": "1",
        "caseNm": "추심금",
        "courtNm": "대구지법",
        "judmnAdjuDe": "2004. 12. 03.",
        "caseNo": "2002가합10145",
        "relateLaword": [
            "민사집행법 제227조",
            "민사집행법 제229조",
            "민법 제498조"
        ],
        "qotatPrcdnt": [
            "대법원 1993. 9. 28. 선고 92다55794 판결(공1993하, 2951)",
            "대법원 2001. 3. 27. 선고 2000다43819 판결(공2001상, 996)"
        ]
    },
    "concerned": {
        "acusr": "법인 외 1인",
        "dedat": "2"
    },
    "org": {
        "orgJdgmnCourtNm": "",
        "orgJdgmnAdjuDe": "",
        "orgJdgmnCaseNo": ""
    },
    "disposal": {
        "disposalform": "1",
        "disposalcontent": [
            "피고는 원고 000에게 235,198,630원, 원고 000에게 122,712,329원 및 위 각 돈에 대하여 2002. 7. 19.부터 2004. 12. 3.까지는 연 5%, 그 다음날부터 다 갚는 날까지는 연 20%의 각 비율에 의한 돈을 지급한다.",
            "원고들의 나머지 청구를 기각한다.",
            "소송비용은 피고의 부담으로 한다.",
            "제1항은 가집행할 수 있다."
        ]
    },
    "mentionedItems": {
        "rqestObjet": [
            "피고는 원고 000에게 235,198,630원, 원고 000에게 122,712,329원 및 위 각 돈에 대하여 2002. 5. 22.부터 이 사건 소장 송달일까지는 연 5%, 그 다음날부터 다 갚는 날까지는 연 20%의 각 비율에 의한 돈을 지급한다."
        ]
    },
    "assrs": {
        "acusrAssrs": [
            "원고들은 피고가 2001. 10. 22. 소외 회사와 사이에 이 사건 공사대금을 정산하면서 그 지체상금을 85,000,000원으로 하기로 합의하였다고 주장한다.",
            "원고들은 피고에게 위 채권압류 및 추심명령이 송달된 다음날부터 이 사건 소장 송달일까지 연 5%의 비율에 의한 지연손해금의 지급도 요구한다."
        ],
        "dedatAssrs": [
            "피고는 소외 회사를 상대로 대구지방법원 2002가합1417호로 채무부존재확인의 소를 제기하여 위 법원으로부터 피고의 소외 회사에 대한 위 공사잔대금채무가 존재하지 아니한다는 판결을 받아 위 판결이 확정되었으므로, 원고들의 위 압류 및 추심명령은 그 피압류채권이 존재하지 아니하여 효력이 없다고 주장한다.",
            "피고는 소외 회사에 대하여 1,843,360,000원의 지체상금채권을 가지고 있기 때문에, 위 지체상금채권을 자동채권으로 하여 위 공사잔대금채권과 대등액에서 상계한다는 취지의 주장을 한다. "
        ]
    },
    "facts": {
        "bsisFacts": [
            "피고는 2000. 3. 11. 소외 000(이하 '소외 회사' 라고 한다)에게 0000외 1필지 지상의 00000 신축공사를 공사대금 3,091,000,000원(공급가액 2,810,000,000원 b 부가세281,000,000원), 공사기간 2000. 3. 11.부터 2000. 9. 25.까지로 정하여 도급주면서, 소외 회사와 사이에 위 공사대금의 지급에 갈음하여 신축상가 중 6개 점포를 대물변제하기로 하였다.",
            "상가가 분양될 경우 분양금액의 60% 범위 내에서 기성공사대금을 지급하기로 하고, 소외 회사가 준공기한 내에 공사를 완성하지 못할 경우 매 지체일수마다 2/1000의 비율을 계약금액에 곱한 금액을 지체상금으로 지급받기로 약정하였다.",
            "그 후 설계변경으로 인하여 위 공사대금 중 72,628,305원이 감액되어 총공사대금이 3,011,108,864원{공급가액 2,737,371,695원(2,810,000,000원 - 72,628,305원) b 부가세 273,737,169원}으로 변경되었다.",
            "소외 회사는 위 상가의 사전분양 및 이에 따른 기성공사대금의 지급을 기대하고 위 공사에 착수하였으나, 기대와 달리 위 상가가 분양되지 않는 바람에 자금 융통에 어려움을 겪게 되어 자재대금 및 노임 등을 제대로 지급하지 못하였다.",
            "공사가 계속 지연되자, 피고는 소외 회사와 사이에 피고가 소외 회사의 체불노임, 자재 대금 및 하도급업체에 대한 공사대금 등을 직불하거나 그 지급을 보증하는 방법으로 위 공사를 속행시키고, 그 대위변제금 등은 공사대금 정산시 위 공사대금에서 공제하기로 약정한 후 이에 따라 2001. 6. 4. 전에 하도급업자 및 자재납품업자 등과 사이에 피고가 그 공사대금 및 자재대금 등을 직불하거나 그 지급을 보증하기로 약정하였다.",
            "1999. 11. 30.부터 2001. 8. 26.까지 위 공사의 자재납품업체들에게 아래 자재대금 대위 변제 내역 기재와 같이 공사자재대금 등으로 합계 71,245,177원을, 2000. 1. 27.부터 2001. 10. 17.까지 아래 인건비 등 대위변제 내역 기재와 같이 노임 등으로 합계 111,765,000원을 각 지급하였다.",
            "아래 지급보증 및 대위지급 내역 기재와 같이 위 지급보증으로 인하여 하도급업체들에게 대위변제하였거나 대위변제해야 할 금액이 합계 1,607,769,737원이며, 위 공사는 2001. 8. 18.경 완공되었다.",
            "<자재대금 대위변제 내역> ",
            "<인건비 등 대위변제 내역> ",
            "1999. 11. 30., 한국철재(철근대금), 7,994,940원",
            "2000. 1. 10.,한국철재(철근대금), 1,764,000원",
            "2000. 7. 22.. 동명레미콘(레미콘대금), 30,000,000원",
            "2001. 4. 9., 동신종합상사(잡자재대금), 485,000원",
            "2001. 5. 12., 동신종합상사(모래대금), 520,000원",
            "2001. 5. 31., 동양메이져(시멘트상차비), 405,000원",
            "2001. 5. 31., 대창시멘트(시멘트대금), 4,035,000원",
            "2001. 6. 27., 동신종합상사(시멘트대금), 360,000원",
            "2001. 7. 31., 대창시멘트(시멘트대금), 370,000원",
            "2001. 7. 31., 부산영풍목재(목재대금), 14,757,187원",
            "2001. 8. 8., 부산영풍목재(목재대금), 5,044,050원"
        ]
    },
    "dcss": {
        "courtDcss": [
            "피고는 소외 회사에 대하여 약정 공사대금에서 피고가 원고들의 가압류가 피고에게 송달되기 전에 하도급업자나 자재납품업자 등에게 직불하거나 지급을 보증한 금액을 공제한 1,220,328,950원의 공사잔대금채무를 부담하고 있기에, 특별한 사정이 없는 한 위 공사대금채권에 대한 추심권을 가지고 있는 원고들에게 그 추심금을 지급할 의무가 있다 할 것이다.",
            "피고는 소외 회사를 상대로 대구지방법원 2002가합1417호로 채무부존재확인의 소를 제기하여 위 법원으로부터 피고의 소외 회사에 대한 위 공사잔대금채무가 존재하지 아니한다는 판결을 받아 위 판결이 확정되었으므로, 원고들의 위 압류 및 추심명령은 그 피압류채권이 존재하지 아니하여 효력이 없다고 주장한다.",
            "원고들 외에도 소외 2 가 2001. 5. 9. 대구지방법원 2001타기2554호로 위 공사대금채권 중 125,284,203원에 대하여 채권압류 및 추심명령을 발령받은 것을 비롯하여, 2002. 7. 10.까지 21여 명의 채권자들이 위 공사잔대금채권 중 합계 1,144,572,967원에 대하여 채권압류 및 추심명령 등을 발령받았고, 위 결정정본이 피고에게 송달되었다.",
            "피고는 2002. 1. 29. 소외 회사를 상대로 대구지방법원 2002가합1417호로 채무부존재확인의 소를 제기하면서, 그 청구원인으로, 피고가 소외 회사를 대위하여 자재대금 등으로 합계 195,708,857원을 대위지급하였고, 소외 회사의 하도급업체에 대한 공사대금에 대한 지급보증으로 인하여 하도급업체에게 대위지급하여야 할 공사대금이 1,064,689,737원이다.",
            "설계변경으로 인하여 삭감된 공사대금이 72,628,305원이고, 소외 회사에 대한 기지급공사대금이 800,000,000원이며, 소외 회사로부터 지급받아야 할 지체상금이1,843,360,000원 인바, 위와 같이 위 공사대금에서 공제되거나 상계되어야 할 금액이 합계 3,976,386,899원으로 총공사대금 3,091,000,000원을 초과하여, 피고의 소외 회사에 대한 위 공사잔대금채무는 존재하지 아니한다고 주장하였다.",
            "채권의 가압류 및 압류는 제3채무자에 대하여 채무자에게 지급금지를 명하는 것으로, 소외 회사는 원고들 및 다른 채권자들의 위 공사대금채권에 대한 가압류 및 압류집행 이후 위 채무부존재확인 소송에 대하여 응소하지 않음으로써, 그 지체상금으로 총공사대금의 60% 이상이 공제되는 등 위 공사대금채무가 존재하지 아니한다는 판결이 선고되게 하였다. ",
            "원, 피고 사이에 이 사건 소송에서 피압류채권인 위 공사잔대금채권의 존부에 관하여 다툼이 있다는 사실을 잘 알고 있음에도 성실히 소송에 임하지 아니하고 별다른 이유 없이 추완항소를 취하하여 위 판결이 확정되게 하였는바, 이는 판결의 형식을 빌려 실질적으로 채권을 소멸시키는 행위로써 이를 가지고 가압류채권자인 원고들에게 대항할 수 없다 할 것이다.",
            "추심금채무는 제3채무자에게 추심명령이 송달되었다 할지라도 채권자가 추심할 권능을 가지고 있음에 불과하여, 추심명령의 송달만으로 제3채무자에게 지체책임이 있다고 볼 수 없고, 그 이행청구를 받은 때로부터 지체책임이 있다 할 것이다.",
            "피고는 앞에서 대위지급금으로 공제된 부분 외에도 합계 12,698,680원을 소외 회사를 대위하여 지급하였으므로, 위 금액도 위 공사잔대금채권에서 공제되어야 한다고 주장하나, 각 채무가 소외 회사가 부담해야 할 것으로서 원고들의 채권가압류 결정이 피고에게 송달되기 전에 피고에게 그 지급의무가 발생한 채권이라는 점을 인정하기에 부족하고, 달리 이를 인정할 증거가 없다.",
            "피고는 2002. 1. 29. 소외 회사를 대위하여 자재대금 등으로 합계 195,708,857원을 대위지급하였고, 소외 회사의 하도급업체에 대한 공사대금에 대한 지급보증으로 인하여 하도급업체에게 대위지급하여야 할 공사대금이 1,064,689,737원이다.",
            "2001. 9. 27. 소외 회사에게 그 지급보증업체인 소외 000에 대한 공사대금의 지급을 위하여 209,000,000원을 지급하였는데, 소외 회사가 이를 지급하지 아니하고 횡령하였고, 그 결과 피고가 000에게 여전히 위 돈을 대위변제해야 할 의무가 있으므로 위 금액도 위 공사잔대금채권에서 공제되어야 한다고 주장한다. ",
            "하지만 을 제21호증의 기재 및 증인 소외 1 의 증언만으로는 원고들의 채권가압류 결정이 피고에게 송달되기 전에 피고가 소외 회사의 000에 대한 공사대금채무에 대하여 지급보증을 하였다는 점을 인정하기에 부족하다.",
            "위 공사의 준공기한이 2000. 9. 25.이고, 지체상금률이 매 지체일수마다 2/1000이며, 2001. 8. 18. 위 공사가 완료된 사실은 앞서 본 바와 같으므로, 지체일수 328일에 대한 지체상금은 1,795,715,831원{2,737,371,695원(공급가액) S 2/1000 S 328일, 원 미만 버림}이 된다.",
            "지체상금의 약정은 그 성질상 준공기한의 약정 위반에 대한 손해배상액의 예정으로서 그 액수가 부당히 과다한 경우에는 법원이 적당히 감액할 수 있다고 볼 것인바, 위에서 계산된 지체상금액은 지나치게 과다하여 부당하다고 할 것이기에, 이를 5억원 정도로 감액함이 상당하다고 할 것이고, 따라서 위 공사잔대금채권은 피고의 위 상계의 의사표시로 위 5억원의 지체상금채권과 대등액에서 상계되어 소멸하였다고 할 것이다. ",
            "2001. 5. 9. 소외 2 가 대구지방법원 2001타기2554호로 위 공사잔대금채권 중 125,284,203원에 대하여 채권압류 및 추심명령 발령받은 것을 비롯하여 22명의 채권자들이 위 공사잔대금채권에 대하여 합계 1,144,572,967원의 채권압류 및 추심명령 등을 발령받은 것은 앞에서 본 바와 같다.",
            "동일한 채권에 관하여 수 개의 추심명령이 발부되더라도 그 사이에는 순위의 우열이 없고, 추심명령을 받아 채권을 추심하는 채권자는 자기채권의 만족을 위하여서뿐만 아니라 압류가 경합되거나 배당요구가 있는 경우에는 집행법원의 수권에 따라 일종의 추심기관으로서 압류나 배당에 참가한 모든 채권자를 위하여 제3채무자로부터 추심을 하는 것이다.",
            "그러므로 그 추심권능은 압류된 채권 전액에 미치며, 제3채무자로서도 정당한 추심권자에게 변제하면 그 효력은 위 모든 채권자에게 미친다고 할 것이므로 압류가 경합되었다는 이유만으로 채무의 변제를 거절할 수 없다고 할 것이다.",
            "피고는 위 공사잔대금 720,328,950원(1,220,328,950원 - 500,000,000원) 중 원고들이 구하는 바에 따라 원고 000에게 235,198,630원, 원고 000에게 122,712,329원 및 위 각 돈에 대하여 이 사건 소장 송달 다음날임이 기록상 명백한 2002. 7. 19.부터 지연손해금을 지급할 의무가 있다 할 것이다."
        ]
    },
    "close": {
        "cnclsns": [
            "피고는 원고 000에게 235,198,630원, 원고 주식회사 정운에게 122,712,329원 및 위 각 돈에 대하여 2002. 7. 19.부터 2004. 12. 3.까지는 연 5%, 그 다음날부터 다 갚는 날까지는 연 20%의 각 비율에 의한 돈을 지급하라.",
            "원고들의 나머지 청구를 기각한다.",
            "소송비용은 피고의 부담으로 한다.",
            "제1항은 가집행할 수 있다."
        ]
    }
}