{
    "info": {
        "caseField": "1",
        "detailField": "1",
        "trailField": "2",
        "caseNm": "구분소유권등매도청구등,구분소유권매도등",
        "courtNm": "서울고등법원",
        "judmnAdjuDe": "2005. 03. 08.",
        "caseNo": "2002나49646",
        "relateLaword": [
            "집합건물의소유및관리에관한법률 제48조",
            "집합건물의소유및관리에관한법률 제32조",
            "집합건물의소유및관리에관한법률 제33조",
            "집합건물의소유및관리에관한법률 제38조",
            "민법 제75조\n",
            "집합건물의소유및관리에관한법률 제23조",
            "집합건물의소유및관리에관한법률 제41조",
            "집합건물의소유및관리에관한법률 제47조"
        ],
        "qotatPrcdnt": [
            "서울중앙지방법원 2000가합10968호",
            "대법원 1999. 8. 20. 선고 98다17572 판결",
            "대법원 2002. 3. 15. 선고 2001다77819 판결",
            "대법원 1996. 1. 23. 선고 95다38172 판결"
        ]
    },
    "concerned": {
        "acusr": "2",
        "dedat": "1"
    },
    "org": {
        "orgJdgmnCourtNm": "서울중앙지방법원",
        "orgJdgmnAdjuDe": "2002. 7. 9. ",
        "orgJdgmnCaseNo": "2001가합34954, 2001가합36288(병합) "
    },
    "disposal": {
        "disposalform": "10",
        "disposalcontent": [
            "피고들의 항소를 모두 기각한다.",
            "항소비용은 피고들이 부담한다."
        ]
    },
    "mentionedItems": {
        "rqestObjet": [
            "원고에게, 피고 1은 원고로부터 330,000,000원을 지급받음과 동시에, 별지 목록 1 기재 부동산에 관하여 2001. 6. 15. 매매를 원인으로 한 소유권이전등기절차를 이행하고, 위 부동산을 명도하고, 피고 2는 원고로부터 330,000,000원을 지급받음과 동시에, 별지 목록 2 기재 부동산에 관하여 2001. 6. 14. 매매를 원인으로 한 소유권이전등기절차를 이행하고, 위 부동산을 명도한다.",
            "피고 3은 원고로부터 230,000,000원을 지급받음과 동시에, 별지 목록 3 기재 부동산에 관하여 2001. 6. 16. 매매를 원인으로 한 소유권이전등기절차를 이행하고, 위 부동산을 명도하고, 피고 4는 원고로부터 330,000,000원을 지급받음과 동시에, 별지 목록 4 기재 부동산에 관하여 2001. 6. 15. 매매를 원인으로 한 소유권이전등기절차를 이행하고, 위 부동산을 명도하고, 피고 5는 원고로부터 330,000,000원을 지급받음과 동시에, 별지 목록 5 기재 부동산에 관하여 2001. 6. 15. 매매를 원인으로 한 소유권이전등기절차를 이행하고, 위 부동산을 명도한다.",
            "제1심 판결을 취소한다.",
            "원고의 청구를 모두 기각한다."
        ]
    },
    "assrs": {
        "acusrAssrs": [
            "원고는, 이 사건 아파트에 관한 적법한 재건축결의를 토대로 재건축에 참가하지 아니한 피고들에 대하여 이 사건 소장부본의 송달로써 집합건물법 제48조 소정의 매도 청구권을 행사하는 바이므로, 피고들은 그 소유의 별지 목록 기재 각 부동산에 관하여 청구취지 기재 각 일자의 매매를 원인으로 한 소유권이전등기절차를 이행하고, 위 각 부동산을 명도할 의무가 있다."
        ],
        "dedatAssrs": [
            "원고 조합의 재건축결의는 다음과 같은 사유로 위법, 무효이거나, 매도청구권 행사가 부적법하다고 다툰다.",
            "이 사건 창립총회에서의 재건축결의는 재건축결의를 의한 창립총회의 소집권자 아닌 자에 의해 소집되었을 뿐 아니라, 위 제2의 가.(2)항에서 주장한 바와 같은 사유등으로 인해 재건축결의를 의한 정족수를 충족하지 못하였다.",
            "또한 원고 조합의 재건축결의는 집합건물법 제47조 제3항에서 재건축결의시 정하도록 규정하고 있는 신건물의 설계도면의 개요 및신축건물의 구분소유권의 귀속에 관한 사항은 누락되어 있다.",
            "비용분담에 관하여는 개략적인 분담금액만을 정하였을 뿐 비용분담에 대한 구체적인 기준이 정하여지지 아니하였을 뿐 아니라 구분소유자들 간의 형평이 유지되도록 정하여지지도 아니하여 재건축 실행단계에서 다시 합의를 하여야 할 정도이므로 이러한 원고 조합의 재건축결의는 무효이다.",
            "가사 원고 조합의 재건축결의가 유효하다고 하더라도, 원고 조합이 2001. 4. 10. 피고들에게 보낸 최고서에는 피고들이 재건축에 참가할지 여부를 판단할 수 있을 정도의 구체적인 재건축결의사항에 대한 기재가 되어 있지 아니하므로 매도청구권의 발생 요건으로서의 적법한 최고라고 할 수 없다.",
            "피고들은 이에 대하여, 원고 조합이 강남구청장에 제출한 이 사건 재건축결의서 중에는 구분소유자들이 2000. 4.경 구 조합에 제출한 인감증명서를 첨부한 것들이 있고, 인감증명서의 용도가 재건축결의용이 아닌 것들이 있으며, 재건축결의서의 작성일자가변조된 것들도 포함되어 있는바, 이들을 제외하고 동의율을 산정하면 원고 조합의 재건축결의는 구 주택건설촉진법 소정의 재건축결의 정족수에 미달한다고 주장한다."
        ]
    },
    "facts": {
        "bsisFacts": [
            "다음 각 사실은 당사자 사이에 다툼이 없거나, 갑제1호증의 1, 2, 갑제2호증, 갑제3호증의 8, 9, 11, 17, 25, 갑제4호증, 갑제5호증의 2, 3 ,5, 6, 8, 갑제 8, 10, 13, 19, 22, 23, 24호증, 갑제25호증의 1 내지 4, 갑제28호증, 을제6호증의 1 내지 4, 을제7호증, 을제11호증의 1 내지이다.",
            "을제13호증의 1 내지 10, 을제 15, 19, 20호증, 을제21호증의 1, 2, 을제32, 33호증, 을제36호증의 1 내지 5, 을제40호증의 각 기재와 제1심 법원의 강남구청장에 대한 각 사실조회회보결과에 변론 전체의 취지를 종합하면 이를 각 인정할 수 있다.",
            "원고는 서울 0000 외 3필지 상에 건립되어 있던 00 51개동(10평형과 13평형으로 구성되어 있었다(이하 ‘이 사건 아파트’라고 한다). 2,450세대와 상가건물 49세대의 구분소유자들(합계 2,499세대) 중 노후 불량한 이 사건 아파트 및 상가건물을 각 철거하였다.",
            "그 대지 위에 아파트 및 부대복리시설을 재건축하는 것에 찬성하는 구분소요자 2,012명을 조합원으로 하여 2001. 3. 23. 강남구청장으로부터 구 주택건설촉진법(2003. 5. 29. 법률 제6916호 주택법으로 전문 개정되기전의 것, 이하 ‘구 주택건설촉진법’이라고만 한다) 제44조에 의하여 설립인가를 받은 재건축조합이고, 피고들은 이 사건 아파트 중 별지 목록 기재 각 해당 부동산의 구분소유자들이다.",
            "이 사건 아파트 단지 내 건물들이 건축 후 오랜 기간의 경과로 노후하고 그 관리에 비용이 많이 들게 되자 일단의 구분소유자들은 1993. 2. 19.부터 재건축추진위원회를 결성하고 다른 구분소유자들로부터 재건축결의서를 받는 등 재건축사업을 추진하였고, 1995. 7. 1.에는 00재건축조합(이하, ‘구 조합’이라고 한다)의 설립을 위한 창립총회를 개최하여 조합장 등 임원을 선출하였다.",
            "조합규약을 채택하였으며, 1996. 10. 28. 강남구청에 조합설립인가를 신청하였다.",
            "그러나, 관할관청인 강남구청장은 1997. 4. 1. 구 조합에 조합설립인가 신청서류의 보완을 요청하였고, 이에 구 조합이 서류를보완하여 설립인가를 재신청하였으나 강남구청장은 이 사건 아파트의 부지가 저밀도 아파트지구에 해당되어 당시 서울시에서 추진 중인 저밀도 아파트지구 개발기본계획안이 확정되니 않았음을 이유로 구 조합에 대한 설립인가를 유보하였다.",
            "그러던 중 1997. 7. 30. 구 조합의 조합장 소외 00이 일신상의 사유로 사임하였고, 1997. 12. 18. 당시 부조합장이던 소외 00가조합장 직무대행자로 선임되었으나 소외 00가 조합장의 직무를 대행하는 것에 반대하던 구 조합의 이사들은 1999. 8.경 이사회를 통하여 소외 00의 직무집행 권한을 정지하고, 소외 00이 구 조합을 대표할 권한을 갖는다는 의결을 하였다.",
            "소외 00를 중심으로 한 구 조합의 일부 대의원들은 소외 00을 중심으로 한 이사들의 직무집행에 반대하면서 독자적으로 00 비상대책위원회라는 조직을 결성하여 재건축 사업을 추진하는 등 구 조합의 직무 집행 및 재건축 사업 추진을 둘러싼 분쟁이 계속되었다.",
            "강남구청장은 1999. 8. 6. 구 조합에게 조속한 시일 내에 조합장 등 임원을 선출하고 서울시저밀도아파트지구개발기본계획에 적합한 사업계획서 및 재건축결의서를 첨부하여 주택조합설립인가를 재신청 할 것을 통보하면서 구 조합의 1996. 10.28.자 주택조합설립인가신청서를 반려하였다.",
            "그 후 1999. 12.경 서울시의 저밀도 지구 계획 조정안이 확정되어 재건축 조합이 설립인가를 받을 수 있게 되자 소외 00는 2000. 2.25.경 개최된 대의원회의에서 조합장으로 선출된 후 2000. 4. 29. 00 비상대책위원회 명의로 조합원 총회를 개최하여자신을 조합장으로 인준받은 다음 2000. 9. 27. 강남구청장에게 00재건축조합추진위원회 명의로 재건축조합설립인가를 신청하였다.",
            "강남구청장은 2000. 12. 6. 소외 00의 조합장 선출 등이 구 조합의 규약에 위반된다는 등의 이유로 위2000. 9. 27.자 조합설립인가신청을 반려하였다.",
            "한편, 위 소외 00은 자신을 구 조합의 대표자로 하여 구 조합 명의로 소외 00는 구 조합의 조합장 직무를 대행할 권한이 존재하지 아니한다는 확인을 구하는 소를 서울중앙지방법원 2000가합10968호로 제기하였는데, 이에 대하여 위 법원은 2000. 10.10. 소외 00가 여전히 구 조합의 직무대행자이다.",
            "위 소외 00에게는 구 조합을 대표할 권한이 없다는 이유로 위 소를 각하하는판결을 선고하였고, 그 무렵 위 판결은 확정되었다.",
            "위와 같이 재건축 사업을 실질적으로 주도할 수 있는 구 조합 집행부의 선임 등에 관한 분쟁이 계속되고 재건축조합설립인가 신청이 여러 차례 반려되어 재건축사업의 추진 자체가 어렵게 되자, 이 사건 아파트의 각 동별 대표자로 구성된 입주자 대표회의의 회장이던 소외 00는 새롭게 이 사건 아파트의 재건축을 추진할 재건축조합을 설립하기 위하여 2001. 1. 6. 재건축조합 창립총회 준비위원회를 조직하였다.",
            "창립총회 준비위원회 명의로 “2001. 2. 18. 오후 3:00 진선여중고 강당에서 이 사건 아파트등의 재건축 결의, 원고 조합의 조합규약 결의, 조합장 선출, 임원 선출의 인준 등을 안건으로 원고 조합의 창립총회를 개최한다”는 취지의 공고문을 아파트 단지 내에 있는 게시판과 일간신문을 통해 공고하였다.",
            "이 사건 아파트의 각 구분소유자들에게 창립총회의개최 일시, 장소 및 안건과 재건축사업계획안 및 추진일정 등이 기재된 책자를 창립총회 개최 1주일 전까지 등기우편으로 발송하였다.",
            "재건축에 동의하는 구분소유자들로부터 신축건물의 설계의 개요, 건물의 철거 및 신축건물의 건축에 소요되는비용의 개산액, 건물의 철거 및 신축건물의 건축에 소요되는 비용의 분담에 관한 사항, 신축건물 구분소유권의 귀속에 관한 사항에 관한 내용과 원고 조합의 설립 및 원고 조합 대표자 선출의 동의에 관한 사항 등을 각 기재한 재건축결의·조합규약·대표자선정 동의서(이하, ‘이 사건 재건축결의서’라고 한다)를 징구하였다.",
            "위 창립총회 준비위원회는 2001. 2. 18. 서울 강남구 역삼동에 있는 진선여고 강당에서 이 사건 아파트의 구분소유자들 중 일부가 참석하거나 또는 참석한 것으로 간주되는 가운데 원고 조합의 설립 및 재건축결의 등을 위한 창립총회(이하, ‘이 사건 창립총회’ 라고 한다)를 개최하였다.",
            "당시 위 창립총회 준비위원회는 구분소유자 본인 직접 참석 588명, 대리인 참석 210명 및서면결의서(창립총회에서의 재건축 및 조합규약에 대한 결의와 조합장 및 조합임원의 선출에 동의한다는 취지의 서면)와 인감증명서를 제출함으로써 참석에 갈음한 구분소유자 575명 합계 1,373세대가 총회에 참석한 것으로 집계하였다."
        ]
    },
    "dcss": {
        "courtDcss": [
            "집합건물법 제47조는 “건물 건축 후 상당한 기간이 경과되어 건물이 훼손 또는 일부 멸실되거나 그 밖의 사정에 의하여 건물의가격에 비하여 과다한 수선·복구비나 관리비용이 소요되는 경우 또는 부근 토지의 이용상황의 변화나 그 밖의 사정에 의하여건물을 재건축하면 그에 소요되는 비용에 비하여 현저한 효용의 증가가 있게 된다.",
            "관리단집회는 그 건물을 철거하여 그 대지를 구분소유권의 목적이 될 신건물의 대지로 이용할 것을 결의할 수 있다(제1항).”, “ 제1항의 결의는 구분소유자 및 의결권의 각 5분의 4 이상의 다수에 의한 결의에 의한다(제2항).”라고 규정하고 있다.",
            "위 구 주택건설촉진법 제44조의3 제7항의경우 “하나의 주택단지 안에 여러 동의 건물이 있는 노후·불량 주택의 소유자들이 재건축하고자 하는 경우에는 집합건물법 제47조 제1항, 제2항의 규정에 불구하고 주택단지 안의 각 동별 구분소유자 및 의결권의 각 3분의 2 이상의 결의와 주택단지 안의 전체 구분소유자 및 의결권의 5분의 4 이상의 결의로 재건축할 수 있다”라고 규정하여 그 결의 요건을 부분적으로 완화하고있다.",
            "돌이켜 이 사건 창립총회에 관하여 보건대, 원고 조합의 재건축사업은 하나의 주택단지인 이 사건 아파트 및 상가 내 여러 동의 각 구분소유자들이 일괄하여 재건축을 하고자 하는 경우로서 위 구 주택건설촉진법 상의 재건축결의 정족수 규정이 적용되는경우이다.",
            "2001. 2. 18.자 이 사건 창립총회 당시 각 동별 구분소유자 및 의결권의 2/3 이상의 결의와 주택단지 안의전체 구분소유자 및 의결권의 4/5 이상의 동의가 있었음을 인정할 만한 증거가 없다(설령 원고 조합의 주장을 그래도 수용하여 이 사건 창립총회에 1,373명이 참석하여 전원이 재건축에 동의하였다고 가정하더라도 이는 당시 전체 구분소유자2,499세대의 절반이 조금 넘는 수준에 불과하다).",
            "사건 창립총회(편의상 창립총회라고 칭하나 법률적으로는 앞서 본 원고조합의 설립을 위한 창립총회와는 구별되는 관리단집회를 의미한다. 이하 같다.)에서의 재건축결의만을 놓고 볼 때 이는 재건축결의 정족수에 미달하므로 재건축결의를 위한 이 사건 창립총회의 소집권자 등에 관하여 더 나아가 살펴볼 필요 없이 유효한 재건축결의라고 볼 수는 없을 것이다.",
            "그러나, 집합건물법 제41조 제1항은 “이 법 또는 규약에 의하여 관리단집회에서 결의할 것으로 정한 사항에 관하여 구분소유자및 의결권의 각 5분의 4 이상의 서면에 의한 합의가 있는 때에는 관리단집회의 결의가 있는 것으로 본다.”고 규정하고 있다.",
            "건축결의는 관리단집회에서 결의하도록 되어있으므로 재건축결의 역시 서면에 의한 결의가 가능할 것임은 물론이고, 한편 위 규정의 취지는 위와 같은 서면결의가 있는 경우 관리단집회가 열리지 않고도 관리단집회의 결의가 있는 것과 동일하게 취급하고자 함에 있는 만큼 이러한 서면결의를 함에 있어서는 반드시 관리단집회가 소집, 개최될 필요가 없다(대법원 1999. 8. 20. 선고 98다17572 판결 참조).",
            "원고 조합의 창립총회에서 있었던 재건축결의가 효력이 없다 하더라도 다시 서면에 의한 재건축결의로서의 요건을 갖추게 된다면 이로써 유효한 재건축결의가 있었다고 보아야 할 것이다.",
            "돌이켜 이 사건에 관하여 보건대, 원고 조합은 이 사건 창립총회에서의 재건축결의 이후에도 총회 불참자 및 재건축결의에 반대하는구분소유자들을 개별적으로 설득하여 이 사건 재건축결의서를 제출받은 결과 원고 조합에 대한 주택설립인가를 받은 2001. 3.23. 당시까지 이 사건 아파트 및 상가의 각 동별로 구분소유자 및 의결권의 2/3 이상, 전체 구분소유자 및 의결권의 4/5 이상이다.",
            "구 주택건설촉진법이 요구하는 재건축결의에 필요한 정족수를 갖추게 되었음은 앞서 본 바와 같으므로 위 시점에서 적법한 재건축결의가 성립된 것이라고 보아야 한다.",
            "그러나 재건축결의서에 인감증명서를 첨부하게 한 것은 단지 위 재건축결의서가 본인의 진정한 의사에 의하여 성립된 것인지 여부를확인하기 위한 취지라고 할 것이므로, 피고들의 주장과 같이 동의서에 첨부된 인감증명서가 2000. 4.경 구 조합에 제출한 인감증명서를 재사용한 것이라거나 그 용도가 재건축결의동의용으로 기재되어 있지 않다.",
            "재건축결의의 동의와 관련한구분소유자들의 의사가 진정한 것으로 볼 수 있는 이상 그 동의의 효력을 배제할 수는 없다 할 것이고, 강남구청에 제출된 재건축결의서의 작성일자가 변조되었다는 점에 관하여는 을제45,46호증의 각 1 내지 25, 을제47,48호증의 각 1 내지 30, 을제49호증의 1 내지 13, 을제50,51호증, 을제52호증의 1 내지 4, 을제57호증의 각 기재만으로는 이를 인정하기에 부족하다.",
            "달리 이를 인정할 만한 증거가 없으므로, 피고들의 위 주장은 받아들이지 아니한다.",
            "살피건대, 집합건물법 제47조 제3항은 재건축의 결의를 할 때에는 신건물의 설계의 개요, 건물의 철거 및 신건물의 건축에 소요되는 비용의 개산액, 그 비용분담에 관한 사항과 신건물의 구분소유권의 귀속에 관한 사항을 정하도록 규정하고 있고, 특히 재건축비용의 분담에 관한 사항은 구분소유자들로 하여금 상당한 비용을 부담하면서 재건축에 참가할 것이다.",
            "아니면 시가에 의하여 구분소유권 등을 매도하고 재건축에 참가하지 않을 것인지를 선택하는 기준이 되는 것이므로, 재건축의 실행단계에서 다시 비용 분담에 관한 합의를 하지 않아도 될 정도로 그 분담액 또는 산출기준을 정하면 족하다(대법원 2002. 3. 15. 선고2001다77819 판결 참조).",
            "다만, 이 사건 재건축결의에 집합건물법 제47조 제3항 소정의 결의사항에 대하여 유효한 결의가 있었는지 여부는 이 사건 재건축결의서에 기재된 내용만을 기준으로 할 것이 아니라 원고 조합의 규약 및 사업계획안 등의 내용을 종합적으로 검토하여 재건축결의 당시 구분소유자들이 위 법조항 소정의 결의사항에 대하여 이를 숙지하고 재건축에 동의하였는지 여부를 판단하여야 할 것이다.",
            "돌이켜 이 사건에 관하여 보건대, 갑제2호증, 갑제10호증, 갑제23호증의 각 기재에 의하면, 원고 조합의 창립총회 준비위원회가이 사건 창립총회 이전에 구분소유자들에게 배포한 창립총회 안내 책자에 첨부된 사업계획안에는 신축건물의 설계개요에 관하여 각 평형별 세대수(26평형 596세대, 34평형 899세대, 44평형 1,006세대, 50평형 377세대, 62형평 44세대, 77평형 22세대 합계 2,944세대)와 용적율(273.95%)이 기재되어 있다.",
            "건물 철거 및 신축비용 개산액에 관하여는 각 항목별(건축비, 감리비, 안전진단비, 인입공사, 조합운영비, 회계, 세무, 등기비용, 감정평가, 소송비용, 인허가 비용, 부가가치세, 예비비등)로 산출내역 및 금액(합계 483,124,215원)이 기재되어 있으며, 건물 철거 및 신축비용 분담에 관한 사항에 관하여는 “① 도곡동 제1차 아파트 재건축사업은 사업단(건설업체) 선정시 주민이 결정한 도급제 방식으로 사업을 추진합니다.",
            "재건축결의 및 사업시행 동의서 상에 표시되지 않은 사항은 조합 규약이 정하는 바에 따라 부과하고 징수합니다. ② 조합원 분담금은 조합원에게 분양하고 남는 아파트 및 부대 시설물(상가 등)의 일반 분양 수입금과 분양 부담금으로 우선충당하되 잔여금을 재건축에 참여한 조합원이 종전의 토지 및 주택의 면적·위치, 신건물 등을 고려하여 공평하게 분담하게 됩니다.",
            "평형별 조합원 예상 부담금 산출은 사업계획 수립일 현재(2001년 2월)를 기준으로 산출한 예상수지분석에 의하여 작성하였으며, 추후 조합규약이 정하는 기준에 따라 수립되는 관리처분 계획에 의해 구체화되면서 가청산이 되는 것이며, 입주 후 청산시 분담금이 최종 확정됩니다.",
            "신축건물 구분소유권의 귀속에 관한 사항에 대하여는 “재건축결의서에 표시되지 않은 사항은 조합 규약에서 정하는 관리처분 계획 기준에 따르며, 분양평형 결정은 조합원 분양신청에 의하되 경합이 있는 경우 총회 또는 대의원회결의로 확정되는 것입니다.",
            "① 공동주택(아파트)의 경우 전유면적이 큰 조합원에게 우선적으로 분양을 하며, 조합원에 대한 평형배정은 사업계획 승인후규약이 정하는 바에 따라 실시하는 분양신청서에 의해 배정하되, 동·호수 배정은 공개추첨에 의하혀 정하여지게 됩니다.",
            "이 사건 재건축결의서에는 신축건물의 설계개요에 관하여 “대지면적:약 150,248.4㎡(약 45,450평), 건축연면적:570,730.9㎡(약 172,646평), 규모:공동주택 지하 3층, 지상 13~25층 2,944세대”, 건물의 철거 및 신축건물의 건축에 소요되는 비용의 개산액에 관하여 “철거비:30억원, 건축비용:4,488억원, 기타 사업비용:313억원, 합계:4,831억원”, 건물의 철거 및 신축건물의 건축에 소요된다.",
            "비용의 분담에 관한 사항 중 공동주책 소유조합원의 예상 비용 분담금액에 관하여는 “현재 10평형 아파트 소유의 조합원이 26평형 선택시 7,223,000원(환급), 34평형 선택시 90,777,000원, 44평형 선택시 242,377,000원, 50평형 선택시 354,777,000원, 62평형 선택시 553,577,000원이다.",
            "7평형 선택시785,777,000원, 현재 13형평 아파트 소유의 조합원이 26평형 선택시 71,922,000원(환급), 34평형 선택시 26,078,000원, 44평형 선택시 177,678,000원, 50평형 선택시 290,078,000원, 62평형 선택시 488,878,000원, 77평형 선택시721,078,000원”이다.",
            "분담금 산출 기준에 관하여는 “조합원 분담금 = 분양 받을 아파트의 분양금액 - 조합원 권리지분 금액, 조합원 권리지분 금액 = 조합원 소유대지지분 면적(평) × 대지지분 평당 권리지분 배분금액, 대지지분 평당 권리지분 배분금액= 개발이익금/조합원 소유 대지지분 총면적, 개발이익금 = 총 수입금액 - 총지출(사업비) 금액”으로 각 기재되어 있다.",
            "신축건물의 구분소유권 귀속에 관한 사항에 대하여는 위 사업계획안에 기재된 내용과 동일한 내용이 기재되어 있으며, 원고 조합의 규약 제39조는 조합원의 소유재산에 관한 관리처분계획에 대한 기준을 규정하고 있는 사실을 각 인정할 수 있다.",
            "위 인정 사실 및 아파트 재건축은 보통 개별 동에 국한되지 아니하고 수 개의 동으로 이루어진 일단의 단지 내에 존재하는 수많은 구분소유자 전원을 상대로 하는 사업인 만큼 그 추진과정에서 다양한 이해관계가 교차되어 의견을 통일하기가 쉽지 않다.",
            "그 추진과정에서 재건축에 추가로 참가하거나 탈퇴하는 구분소유자가 생길 수 있을 뿐 아니라 법령의 개정, 주택시장의 변화 등으로외부 여건이 변동하게 마련이어서 재건축을 추진하는 과정에서 그 추진계획이 변경되거나 좀더 구체화 될 수밖에 없다는 점들을종합한다."
        ]
    },
    "close": {
        "cnclsns": [
            "피고들의 항소를 모두 기각한다.",
            "항소비용은 피고들이 부담한다."
        ]
    }
}