{
    "info": {
        "caseField": "1",
        "detailField": "1",
        "trailField": "2",
        "caseNm": "손해배상(기)",
        "courtNm": "서울고등법원",
        "judmnAdjuDe": "2006. 04. 21.",
        "caseNo": "2002나44283",
        "relateLaword": [
            "구 종합금융회사에 관한 법률(1998. 1. 13. 법률 제5503호로 개정되고 1998. 4. 1. 시행된 것, 이하  구 종금사법 이라 한다) 제15조의 2",
            "구 종합금융회사에 관한 법률(1998. 1. 13. 법률 제5503호로 개정되고 1998. 4. 1. 시행된 것, 이하  구 종금사법 이라 한다) 제21조",
            "구 종금사법 시행령(1998. 4. 1. 시행) 제9조의3",
            "상법 제399조",
            "증권거래법 시행령 제10조의3",
            "구 종합금융회사에 관한 법률(1995. 12. 29. 법률 제5045호로 개정된 것) 제15조"
        ],
        "qotatPrcdnt": [
            "대법원 2002. 3. 15. 선고 2000다9086 판결",
            "대법원 2002. 6. 14. 선고 2001다52407 판결",
            "대법원 2004. 12. 10. 선고 2002다60467,60474 판결"
        ]
    },
    "concerned": {
        "acusr": "1",
        "dedat": "1"
    },
    "org": {
        "orgJdgmnCourtNm": "서울중앙지방법원",
        "orgJdgmnAdjuDe": "2002. 7. 16. ",
        "orgJdgmnCaseNo": "2000가합54746"
    },
    "disposal": {
        "disposalform": "1",
        "disposalcontent": [
            "제1심 판결 중 피고 1, 2, 3, 4, 5에 대한 부분을 다음과 같이 변경한다.",
            "원고들에게, 피고 2는 3억 원, 피고 3은 피고 2와 연대하여 위 돈 중 1억 원 및 각 이에 대하여 2000. 8. 11.부터 2006. 4. 21.까지는 연 5%, 그 다음날부터 다 갚는 날까지는 연 20%의 각 비율로 계산한 돈을 지급한다.",
            "원고들의 피고 1, 4, 5에 대한 청구 및 피고 2, 3에 대한 나머지 청구를 모두 기각한다.",
            "원고들의 피고 6에 대한 항소를 기각한다.",
            "원고들과 피고 1, 4, 5 사이에 생긴 소송총비용은 원고들이 부담하고, 원고들과 피고 2, 3 사이에 생긴 소송총비용 중 7 10은 원고들이, 나머지는 위 피고들이 각 부담하며, 피고 6에 대한 항소비용은 원고가 부담한다."
        ]
    },
    "mentionedItems": {
        "rqestObjet": [
            "원고들에게, 피고 1은 30억 원, 피고 2, 5, 6은 각 10억 원, 피고 3, 4는 각 3억 원 및 이에 대하여 각 이 사건 소장부본 송달 다음날부터 다 갚는 날까지 연 25%의 비율로 계산한 돈을 지급한다.",
            "제1심 판결 중 피고 6에 대한 부분을 취소한다. ",
            "피고 6은 원고들에게 10억 원 및 이에 대하여 이 사건 소장부본 송달 다음날부터 다 갚는 날까지 연 25%의 비율로 계산한 돈을 지급한다.",
            "제1심 판결 중 피고 1, 2, 3, 4, 5에 대한 부분을 취소하고, 그 부분에 해당하는 원고들의 청구를 모두 기각한다."
        ]
    },
    "assrs": {
        "acusrAssrs": [
            "원고들은, 이사인 피고 00 로서는 1996. 11.경 이미 000에 대한 대출이 동일인 신용공여한도를 초과하였으므로, 그 이후부터는 000에 대한 추가 대출이 이루어지지 않도록 할 주의의무가 있음에도 법령을위반하여 추가대출이 이루어지도록 하였으므로, 이로 인하여 000이 회수하지 못하고 있는 대출금 상당의손해를 배상할 책임이 있다고 주장한다.",
            "원고들은, 당시 대표이사인 피고 00이 000 등의 무담보 기업어음을 매출함에 있어 000업무운용지침과 000감독규정 및 000업무방법서에 위반하여 지급보증을 하여 주었고, 그 후 위 어음 중 2,927억7,500만 원의 상당을 부당 환매함으로 인하여 000에게 1,681억 원 상당의 손해를 입게 하였으므로, 상법 제399조 제1항 에 따라 그 손해를 배상할 책임이 있다고 주장한다.",
            "원고들은, 000감독규정 제23조 제1항이 \"000는 직접, 간접을 불문하고 당해 000의 주식을 매입시키기 위한 대출을 하여서는 아니 된다\"고 규정하고 있는데, 000의 000에 대한 대출은 실질적으로 자기주식을 취득하기 위한 것이므로 위 000감독규정을 위반한 것이다.",
            "000의 파산으로 인하여1999. 7. 2. 현재 위 상계약정에 따라 대출금 40억 원 및 이자 상당의 5억 원의 회수가 불가능한 상태에 있으므로, 위 약정 당시 대표이사였던 피고 00,이사였던 피고 00,감사였던 피고 00는 위 대출금 상당의 손해를 배상할 책임이 있다.",
            "원고들은, 000의 사채지급보증취급규정에 따라 실무자가 000과 000에 대하여 수출경쟁력 상실, 수익성 악화 등을 이유로 위 회사들의 사채에 대한 지급보증이 불가능하다는 의견을 제시하였음에도 불구하고, 000의 여신위원회는 사채지급보증계약을 체결하도록 의결하였다.",
            "대표이사인 피고 00은 이에 따라위 회사들과 사이에 사채지급보증계약을 체결하도록 하였는데, 그 후 위 회사들의 부도로 인하여 000에게 243억 원 상당의 손해가 발생하였으므로, 피고 00과 당시 여신위원회 의장으로서 이사 겸 부사장이었던 피고 00,당시 이사로서 감독의무를 지고 있던 피고 00은 상법 제399조 제1항 에 따라 위 손해를 배상할 의무가 있다고 주장한다.",
            "원고들은, 000감독규정에서 000는 소유재산을 타인을 위하여 담보로 제공할 수 없다고 규정하고 있음에도 불구하고, 당시 000의 대표이사인 피고 00와 이사인 피고 00 및 감사인 피고 00는 이에 위반하여 000의 000에 대한 콜론채무에 대한 담보로 000의 000에 대한 MMF 저축계약에 따른 저축금 채권에 대하여 질권을 설정해 주었다.",
            "이로 인하여 000에 대한 300억 원의 채권을 상환받지 못하게 하였으므로, 위 피고들은 위 300억 원 상당의 손해를 배상할 책임이 있다고 주장한다.",
            "원고들은, 국제금융업무취급규정 제34조 및 이에 따른 000의 외화자산 투자운용전략에 의하면, 000이 투자하는 유가증권은 국제신용평가기관의 평가등급이 BB/Ba2 이상인 회사가 발행하는 것이어야 함에도 불구하다.",
            "당시 000의 대표이사인 피고 00과 이사인 피고 00는 이에 위반하여 평가등급이 없는 000로부터 300만 달러 상당의 유가증권을 매수하고, 그 후 위 회사의 부도로 위 유가증권이 무가치하게 됨으로써 000이 188만 달러 상당을 반환받지 못하게 되었으므로, 위 피고들은 상법 제399조 제1항 에 따라 이를 배상할 의무가 있다고 주장한다."
        ],
        "dedatAssrs": [
            "구 000법 제15조의2 제1항 이 000는 대주주 및 그 계열사에 대하여 자기자본의50/100을 초과하여 여신을 제공할 수 없다고 규정하고 있으나, 같은 조 제2항 은 제1항 의 규정에 의한 대서울고등법원 2006.4.21. 선고 2002나44283 판결6주주 및 그 계열사의 범위는 총리령으로 정한다고 규정하고 있다.",
            "이에 따른 총리령이 제정된 바가 없으므로, 000이 000의 상당한 주식을 소유한 주주이고, 000 등이 000의 계열사라고 하더라도 대주주 및 그 계열사의 범위에 관한 총리령이 제정되지 않은 이상, 000에 대한 위 우회 대출을 구000법을 위반한 대출이라 볼 수는 없다고 주장한다."
        ]
    },
    "facts": {
        "bsisFacts": [
            "다음의 사실은 당사자 사이에 다툼이 없거나, 갑 제1호증의 8,14, 갑 제2호증의 2, 갑 제17호증, 을가 제57호증의 2의 각 기재에 변론 전체의 취지를 종합하여 이를 인정할 수 있다.",
            "000(이하 'OOO'이라고 한다)는 000에 관한 법률 제2조 제1호 소정의 000인데, 1997. 12. 10. 유동성부족으로 인하여 000로부터 제1차 영업정지명령을 받았다가 1998. 4. 30. 그 영업정지기간이 종료되어 1998. 5. 1. 영업을 재개하였다.",
            "1999. 4. 9. 000로부터 제2차 영업정지명령과 임원의 직무정지 및 관리인의 임원직무대행명령을 받기에 이르렀고, 1999. 6.25. 영업인가취소를 받게 되어 청산절차를 진행하던 중, 채무초과로 1999. 10. 18. 서울중앙지방법원으로부터 파산선고를 받았다.",
            "000의 파산관재인으로 당초 00와 00이 선임되었는데, 2002. 3. 5. 00이 사임하여 00이 파산관재인으로 선임되었다가 2005. 12. 3. 00이 사임하고 00가 파산관재인으로 선임되었다.",
            "피고들은 000의 대표이사나 이사 또는 감사를 역임하였는데, 그 직책 및 재임기간은 아래 표 기재와 같다.",
            "첫 번째 칸/ 성명 피고 00,직책 이사(이사회의장), 재임기간 96. 5. 25. - 99. 4. 9 두 번째 칸/ 성명 피고 00,직책 대표이사, 재임기간 96. 8. 27. - 98. 5. 13., 직책 이사, 재임기간 96. 8. 27. - 99. 4. 9. 세 번재 칸/",
            "성명 피고 00,직책 대표이사, 재임기간 98. 5. 14. - 99. 1. 8., 직책 부사장, 재임기간 97. 5. 14. - 98. 5. 13., 직책 전무이사, 재임기간 96. 8. 27. - 97. 5. 13., 직책 이사, 재임기간 95. 5. 25. - 99. 4. 9.",
            "네 번째 칸/ 성명 피고 00,직책 대표이사, 재임기간 99. 3. 2. - 99. 4. 9., 직책 사장, 재임기간 99. 1. 9. - 99. 3. 1., 직책 이사, 재임기간 98. 5. 14. - 98. 7. 7./99. 3. 2. - 99. 4. 9. 다섯 번째 칸/ ",
            "서명 피고 00,직책 부사장, 재임기간 98. 8. 27. - 99. 4. 10., 직책 감사, 재임기간 97. 5. 28. - 98. 5. 14., 직책 이사, 재임기간 93. 8. 27. - 96. 8. 27./98. 5. 14 - 99. 4. 9. 여섯 번째 칸/ 성명 피고 00,직책 감사, 재임기간 98. 5. 14. - 99. 4. 9. ",
            "구 000에 관한 법률(1998. 1. 13. 법률 제5503호로 개정되고 1998. 4. 1. 시행된 것이다.",
            " 이하 '구OOO법'이라 한다) 제15조의2 제1항 은 000는 대통령령이 정하는 바에 의하여 000의승인을 얻은 경우를 제외하고는 당해 000의 대주주 및 그와 특수관계에 있는 자(이하 그 계열사 라고 한다)에 대하여 자기자본의 50/100의 범위 안에서 대통령령이 정하는 한도를 초과하는 어음의 할인, 대출 및 지급보증을 할 수 없다고 규정하고 있다.",
            "제21조는 000는 000의 업무를 감독하고 이에 필요한 명령을 할 수 있다고 규정하고 있으며, 구 000법 시행령(1998. 4. 1. 시행) 제9조의3 제1항 은 법 제15조의2 제1항 에서 대통령령이 정하는 한도라 함은 자기자본의 100분의 50을 말한다고 규정하고 있다.",
            "구 000법 제21조 에 따라 000가 000(이하 'OOO'라 한다)에 대한 감독사항으로소관범위 내에서 정한 000감독규정(1998. 4. 1. 제정) 제4조 제1호는 자기자본이라 함은 별도로 정하는경우를 제외하고는 납입자본금, 자본잉여금, 제준비금, 이월이익잉여금의 합계에서 미지급자산재평가세를 차감하고 자기자본 조정을 가감한 금액을 말한다고 규정하고 있다.",
            "같은 조 제3호는 \"대주주라 함은 본인과 특수관계에 있는 자를 포함하여 000에 대한 출자지분이 10% 이상인 경우 그 주주를 말한다\"고 하고 있으며, 같은 조 제4호는 \"특수관계에 있는 자라 함은 증권거래법 시행령 제10조의3 제3항 에서 규정하는 특수관계인을 말한다\"고 규정하고 있다.",
            "000(이하 'OOO'이라 한다)는 000의 출자지분 10% 이상을 보유하고 있는 대주주이고, 그 계열사로는 000(이하 'OOO'이라 한다), 000,000,000,000,000 등이 있다(이하 'OOO 및 그 계열사를 OOO'이라 한다).",
            "000이 1997. 12. 10. 유동성 부족으로 제1차 영업정지명령을 받은 후, 000은 1998. 3.까지BIS 기준 비율('국제결제은행 자기자본비율', 즉 당해 금융기관이 현재 운용하고 있는 대출금 등에 대하여 자기자본이 차지하는 비율)을 4%, 1998. 6.까지 6%, 1999. 6.까지 8%로 높일 것을 요구하였다.",
            "이에 000은 1998. 3. 31. 신주발행을 통하여 자기자본을 증가시키는 방법으로 1,770억 원의 증자를하였는데, 당시 000이 영업정지기간 중에 있던 관계로 위 증자자금 중 000이 687억 원의 자금을제공하고, 나머지 자금은 제2 대주주인 000과 000과 친분이 있는 기업에서 제공하였으며, 위 유상증자 이후인 1998. 5. 1. 000은 영업을 재개하였다.",
            "한편, 000은 1998. 3. 31. 당시 000에 자기자본의 50/100인 1,492억 원을 초과한 2,464억2,500만 원을 대출한 상태였는데, 1998. 4. 1. 구 000법이 시행됨에 따라 000에 추가로 대출할 수 없게 되었고, 000 또한 추가로 증자자금을 제공할 형편이 되지 아니하였다.",
            "BIS 기준 비율을 높여 금융당국으로부터 영업정지명령이나 영업인가취소처분을 받지 않도록 하기 위하여, 000과 사이에, 000에 대출을 해주고 그 돈으로 000이 000 발행의 신주를 인수하는 방법으로 증자하기로 하였다.",
            "대주주 및 그 계열사에 대한 신용공여한도초과 제한을 회피하기 위하여 000의 협력업체들인 000,000,000,000 등의 명의로 어음할인의 방법을 통하여 대출하고, 000이 협력업체들로부터 그 대출금을 건네받아 사용하기로 한 다음, 1998. 5. 11.부터 1999. 3. 31.까지 별지 우회 대출표 기재와 같이 합계 5,436억 8,900만 원 상당을 우회 대출하였다.",
            "위 차명업체들 중 000,000,000의 경우 종전부터 000과서울고등법원 2006.4.21. 선고 2002나44283 판결5 거래가 있었다.",
            "나머지 차명업체들의 경우 1998. 6.부터 1999. 2.까지 사이에 000의 영업정지를 면하기 위하여 000의 부실채권을 매입하거나 000과 협력업체들의 어음을 할인하기 위하여 설립되었거나(000,000,000), 또는 000이나 000의 구조조정을 위하여 회사의 일정 업무를 떼어내어 분사시킨 회사(000,000,000,000,000,000)로서 매출액이 없는 상태이거나 미미한 상태였다."
        ]
    },
    "dcss": {
        "courtDcss": [
            "위 인정사실에 의하면, 피고 00, 00 은 000의 대표이사 내지 이사로서 법령, 규정, 정관 등을 준수하고 회사를 위하여 성실히 그 직무를 수행하여야 할 의무가 있다 할 것인데, 구 000법과 그 시행령에서 당해 종금사의 대주주 및 그 계열사에 대하여 자기자본의 50/100을 초과하는 어음의 할인, 대출 및 지급보증을 할수 없도록 정하고 있다.",
            "1998. 3. 31.경 이미 000에 대한 대출이 자기자본의 50/100을 초과한 상태여서 추가 대출을 할 수 없게 되었음에도 불구하고, 이를 회피하기 위한 편법으로 거래실적이 없거나 미미하여 여신적격업체로 선정하기에 부적합한 업체의 명의를 이용하여 000에 우회 대출하도록 하고, 이로 인하여 000으로 하여금 3,743억 7,700만 원 상당을 변제받을 수 없게 하였다 할 것이다.",
            "상법 제399조 제1항 에 의하여 피고들은 연대하여 위주의의무 위반으로 인하여 000이 입은 손해를 배상할 의무가 있다.",
            "살피건대, 구 000법 제15조의2 제2항 이 위 피고들의 주장과 같이 제1항 의 규정에 의한 대주주 및 그 계열사의 범위는 총리령으로 정한다고 규정하고 있으나, 그에 따른 총리령은 제정되지 아니하였던 사실은 인정된다. 그러나 앞에서 본 바와 같이 구 000법 제15조의2 제1항 이 당해 000의 대주주 및 그 계열사에 대하여 자기자본의 50/100을 초과하는 대출을 할 수 없도록 정하고 있다.",
            "구 000법 제21조 에 따라 금융감독위원회가 000에 대한 소관 사무를 규율하기 위하여 제정한 000감독규정이 제4조 제3,4호에서 대주주 및 특수관계인의 범위에 관하여 정하고 있는바, 위 감독규정은 감독관청이 000가 그 업무를 처리함에있어서 지켜야 할 준칙사항을 정한 것이다.",
            "000으로서는 위 감독규정에서 정한 대주주 및 특수관계인에 해당하는 000에 대해서는 구 000법 제15조의2 제1항 에 따라 자기자본의 50/100을 초과하여 대출을 실시할 수 없다 할 것이어서, 결국 위 피고들로서는 000의 대표이사 내지 이사로서의 직무를 수행함에 있어 필요한 주의의무를 다하지 못한 과실이 있다 할 것이다. 따라서 위 피고들의 위 주장은 이유 없다.",
            "위 피고들은 2003. 8.까지 000이 자신에 대한 직접 대출금과 이 사건 우회 대출금에 대하여 합계5,962억 1,500만 원을 변제하였다고 주장하므로 살피건대, 갑 제25 내지 30호증의 각 기재에 변론 전체의취지를 종합하면, 000과 000은 이 사건 우회 대출 관련 차명업체들의 대출금 채무를 양수하여 자신들이 변제하기로 하였다.",
            "화의절차가 진행 중이던 2000. 12. 000과 사이에, 000과 000의 화의절차 종료를 위하여 자신들이 직접 대출받은 돈 중 1,218억 400만 원과 이 사건 우회 대출금 중3,012억 9,500만 원을 감면받되, 일부 금원을 현금으로 상환하기로 약정한 사실, 이에 따라 000은2003. 8.까지 000 및 000에 대한 직접 대출금 중 634억 1,500만 원을, 이 사건 우회 대출금중 498억 6,700만 원을 각 상환받았다.",
            "이 사건 우회 대출 시 담보로 제공된 부동산을 타에 매각하거나 경매절차 등을 통하여 1,194억 4,500만 원을 지급받아 결국 이 사건 우회 대출금 중 현금으로 변제된 돈은 합계1,693억 1,200만 원(498억 6,700만 원 + 1,194억 4,500만 원)인 사실을 인정할 수 있다.",
            "위 감면약정은 000이 000과 000의 화의절차 종료를 위하여 그들 회사의 변제자력 등을 감안하여 우회 대출금 중 3,012억 9,500만 원 상당을 감면하여 주기로 한 것으로 이로써 위 피고들에 대하여 위 감면 금액 상당의 손해배상채권까지 포기하였다고 보기는 어렵다.",
            "위 우회 대출잔금 3,743억 7,700만 원에서 000의증자대금으로 들어온 돈 1,226억 3,500만 원, 이자로 사용된 268억 7,800만 원, 차명업체 출자금으로 사용된151억 원을 공제하더라도 2,097억 6,400만 원이 남게 되므로, 결국 위 피고들의 위 주장은 받아들일 수 없다.",
            "살피건대, 1996. 11.경부터 1997. 7.경까지 사이에 000에게 동일인 신용공여한도를 초과한 대출이 이루어진 사실은 앞에서 본 바와 같다.",
            "그러나 나아가 회사의 이사에 대하여 법령 또는 정관에 위반한 행위를 하였거나 그 임무를 해태하였음을 이유로 손해배상책임을 묻기 위해서는, 이사가 회사에 대하여 전반적인 감독책임이 있다는 사정만으로 동일인 신용공여한도를 초과하여 변제받지 못하고 있는 부분에 대한 손해배상책임이 발생한다고 보기는 어렵다.",
            "동일인 신용공여한도를 초과하여 대출이 이루어진 사실 외에 구체적으로 피고 00가동일인 신용공여한도를 초과하여 대출하는 것에 관여하였거나 그에 관한 행위를 지시하였다는 등의 구체적인임무해태 사실이 있어야 할 것이다.",
            "이를 인정할 만한 증거가 없고, 오히려 갑 제1호증의 66,69,70, 을이 제1호증의 22, 을이 제31호증의 3, 을이 제48,58호증의 각 기재와 변론 전체의 취지를 종합하면, 000서울고등법원 2006.4.21. 선고 2002나44283 판결8은 어음거래적격업체 선정 및 거래한도액 책정은 상임이사회에서 처리하도록 한다.",
            "그 이후의 개별적인 어음할인은 금융본부장의 전결로 처리하도록 하고 있는 사실, 금융본부장은 자신이 전결로 처리한 어음할인 등의 업무 내용에 대해서 대표이사에게 보고를 하는 경우는 있으나, 부사장이나 전무이사 등에 대해서는 그들이 결재선에서 제외되어 있어 별도의 보고를 하지 않는 사실이다.",
            "피고 00은 1996. 8. 대표이사로 취임한 다음 매달 대표이사, 이사, 부장 등이 참석하는 확대간부회의를 개최하였는데, 위 확대간부회의에서 금융본부장 산하의 금융부장이 000를 포함한 10대 주요재벌에 대한 대출상황을 보고한 사실, 피고 00은 1996. 12.경 000에 대한 대출이 어음보증, 어음할인, 무담보매출어음 등을 합하여 5,000억 원 가까이 되는 사실을 알게되자, 대기업에 대한 대출이 편중되어 있다.",
            "특히 000에 대한 대출규모가 상당하므로 이를 줄일 필요가 있다고 지시하면서, 다만, 한꺼번에 대출금을 회수하게 되면 기업에 부담을 주게 되므로 점진적으로 줄이라고 하였다.",
            "1997. 1.경에는 금융부장을 소외 00 로 교체하기까지 한 사실, 이에 따라 소외 00은 000에 대한 대출금 중 동일인 신용공여한도를 초과한 부분을 조금씩 줄여가면서 어음할인 기간을 연장해주거나 신규로 어음할인 등을 한 사실, 1997. 7. 000가 부도날 시점에는 1996. 11.과 대비하여 대출잔액이 600억 원 정도 줄어든 사실을 인정할 수 있다.",
            "결국 원고들의 위 주장은 받아들일 수 없다."
        ]
    },
    "close": {
        "cnclsns": [
            "제1심 판결 중 피고 00, 00,3, 4, 5 에 대한 부분을 다음과 같이 변경한다.",
            "원고들에게, 피고 00는 3억 원, 피고 00은 피고 00와 연대하여 위 돈 중 1억 원 및 각 이에 대하여2000. 8. 11.부터 2006. 4. 21.까지는 연 5%, 그 다음날부터 다 갚는 날까지는 연 20%의 각 비율로 계산한 돈을 지급하라.",
            "원고들의 피고 00, 00,5 에 대한 청구 및 피고 00, 00 에 대한 나머지 청구를 모두 기각한다. 원고들의 피고 00에 대한 항소를 기각한다.",
            "원고들과 피고 00, 00,5 사이에 생긴 소송총비용은 원고들이 부담하고, 원고들과 피고 00, 00 사이에 생긴소송총비용 중 7/10은 원고들이, 나머지는 위 피고들이 각 부담하며, 피고 00에 대한 항소비용은 원고가 부담한다."
        ]
    }
}