{
    "info": {
        "caseField": "1",
        "detailField": "1",
        "trailField": "2",
        "caseNm": "보증채무금,보관금반환등",
        "courtNm": "서울고등법원",
        "judmnAdjuDe": "2004. 10. 26.",
        "caseNo": "2002나57982(본소),2002나57999(반소)",
        "relateLaword": [],
        "qotatPrcdnt": []
    },
    "concerned": {
        "acusr": "2",
        "dedat": "1"
    },
    "org": {
        "orgJdgmnCourtNm": "서울지방법원 남부지원",
        "orgJdgmnAdjuDe": "2002. 8. 22.",
        "orgJdgmnCaseNo": "2001가합7620(본소), 2001가합7637(반소)"
    },
    "disposal": {
        "disposalform": "10",
        "disposalcontent": [
            "제1심 판결의 본소 청구에 관한 부분 중 피고 1 에 대한 부분을 취소한다.",
            "피고 1 은 원고(반소피고)에게 3,974,000,000원 및 이에 대하여 2000. 11. 7.부터 2004.10.26.까지는 연 18.5%, 그 다음날부터 완제일까지는 연 20%의 각 비율에 의한 금원을 지급한다. ",
            "원고(반소피고)의 피고(반소원고 포함)1 , 피고(반소원고) 2 , 피고(반소원고) 3 , 피고(반소원고) 4 , 피고 2 , 피고 3 에 대한 항소와 피고(반소원고)들의 항소 및 당심에서 추가된 원고(반소피고)의 피고(반소원고 포함) 1 , 피고(반소원고) 2 , 피고(반소원고) 3 , 피고(반소원고) 4 , 피고 2 , 피고 3 에 대한 예비적 청구를 모두 기각한다.",
            "원고(반소피고)와 피고 1 사이에서 생긴 소송총비용은 피고 1 의 부담으로 하고, 원고(반소피고)와 나머지 피고(반소원고 포함)들 사이에서 생긴 항소이후의 소송비용(당심에서 추가한 예비적 청구에 관한 비용 포함)은 각자 부담으로 한다.",
            "제2항은 가집행할 수 있다. "
        ]
    },
    "mentionedItems": {
        "rqestObjet": [
            "주위적으로, 피고(반소원고 포함)들은 연대하여 원고(반소피고)에게 3,974,000,000원 및 이에 대하여 2000. 11. 7.부터 2004.10.26.까지는 연 18.5%, 그 다음날부터 완제일까지는 연 20%의 각 비율에 의한 금원을 지급한다.",
            "예비적으로, 원고(반소피고)에게 피고 1 은  3,974,000,000원 및 이에 대하여 2000. 11. 7.부터 2004.10.26.까지는 연 18.5%, 그 다음날부터 완제일까지는 연 20%의 각 비율에 의한 금원을 지급하고, 나머지 피고(반소원고 포함)들은 피고 1 과 연대하여 위 금원 중 1,786,597,213원 및 이에 대하여 2000. 11. 7.부터 2004.10.26.까지는 연 18.5%, 그 다음날부터 완제일까지는 연 20%의 각 비율에 의한 금원을 지급한다.",
            "원고(반소피고)는 피고(반소원고)들에게 별지 목록 6 내지 13, 15, 17 내지 21의 시가란 기재 각 해당 금원 및 각 이에 대하여 같은 목록 소유권상실일란 기재 해당일부터 2002. 3. 27.자 반소청구취지 변경신청서 송달일까지는 연 5%, 그 다음날부터 완제일까지는 연 25%의 각 비율에 의한 금원을 지급한다.",
            "제1심 판결 중 본소 청구에 관한 부분을 취소하고 피고(반소원고 포함)들은 연대하여 원고(반소피고)에게 3,974,000,000원 및 이에 대하여 2000. 11. 7.부터 2004.10.26.까지는 연 18.5%, 그 다음날부터 완제일까지는 연 20%의 각 비율에 의한 금원을 지급한다.. "
        ]
    },
    "assrs": {
        "acusrAssrs": [
            "원고는, 1998. 7. 29. 000과 사이에 여신한도 8,366,000,000원, 상환기일 1999. 1. 29., 이자율 연18.5%로 한 여신거래약정을 체결하였는바, 000이 위 여신거래약정에 따라 원고에 대하여 부담하는 채무는, 피고들이 1997. 8. 1.과 1997. 8. 2.에 행한 각 근보증의 범위에 포함되는 것이다.",
            "피고들은 위 근보증에 기하여 연대하여 원고에게 위 8,366,000,000원에서 원고가 변제받은 86,134,037원을 지급할 의무가 있다고 주장한다."
        ],
        "dedatAssrs": [
            "위 각 근보증서의 문언상으로는 000이 원고에 대하여 부담하는 모든 채무에 관하여 연대보증한다는 취지로 기재되어 있으나, 당시 원고와 피고들은 원고가 40억 원의 회사채 관련 구상금 채무를 지급보증함에 따라 000에 대하여 갖게 되는 구상금채권만을 보증의 대상으로 삼아 근보증계약을 한것이므로 위 여신거래약정에 따른 채무는 위 근보증의 범위에 속하지 아니한다고 주장한다."
        ]
    },
    "facts": {
        "bsisFacts": [
            "다음의 각 사실은 당사자 사이에 다툼이 없거나, 갑 제1 내지 57호증(가지번호 포함), 갑 제61 내지 64호증(가지번호 포함), 갑 제67호증의 1, 2, 갑 제73호증, 갑 제74호증의 1 내지 4, 갑 제76, 79호증, 을 제1호증,을 제3호증의 1, 2, 을 제5 내지 14호증(가지번호 포함), 을 제18 내지 20호증, 을 제23호증, 을 제24호증의1, 2, 을 제45호증의 1 내지 8, 을 제48호증, 을 제51, 52호증이다.",
            "정리회사 000의 관리인에 대한 각 사실조회결과 및 이 법원의 000에 대한각 사실조회결과에 변론 전체의 취지를 종합하여 보면 이를 인정할 수 있고, 반증이 없다.",
            "피고들( 피고 1 은 제외하되, 반소원고들은 포함한다. 이하 같다.)과 000과의 관계피고 1 은 000의 창업주인 소외 1 의 아들로서 1992. 3. 12.부터 000의 대표이사이고, 피고(반소원고) 4 는 소외 1 의 손자이며, 피고 3 은 피고 1 의 어머니이고, 나머지 피고들은 피고 1 의 동생이거나 친척이다.",
            "원고의 지급보증과 피고들의 구상금채무 연대보증000이 시설자금 등을 조달할 목적으로 000을 주간회사로 하여 회사채를 발행함에 있어, 000은000을 위하여 회사채보증을 하고, 원고는 000이 000에 대하여 부담하는 회사채구상금채무에대하여 지급보증하였으며, 피고들은 000이 원고에 대하여 부담하는 지급보증구상금채무에 관하여 연대보증하였는바, 그 구체적인 내용은 다음과 같다.",
            "원고는 1995. 3. 30. 000의 제21회 회사채 발행과 관련하여 000과 사이에 지급보증한도 40억원, 보증기일 1996. 7. 13.(회사채 만기일), 보증처 000으로 하는 지급보증거래계약을 체결하고 000을 통하여 000에게 이와 같은 내용의 지급보증서를 교부하였다.",
            "000의 원고에 대한 구상금채무를담보하기 위하여 원고에 대하여, 000은 1995. 3. 15. 그 소유의 답, 잡종지 합계 962,241㎡에관하여 근저당권자를 원고로 하여 채권최고액 60억 원으로 된 근저당권을 설정하여 주었다.",
            "1995. 3. 30. 소외 1 은 보증한도를 52억 원으로 한, 000는 보증한도를 60억 원으로 한 각 근보증을 하였다.",
            "위 보증기간이 경과하기 전인 1996. 2. 7.경 000은 위 인적, 물적 담보를 교체하려고 마음먹고 원고에게 위 지급보증거래계약상의 연대보증인을 피고들(단, 피고(반소원고) 2 는 제외) 및 소외 1 , 소외 4 로,물적 담보를 000 소유의 0000 대지 277.7㎡ 및 그 지상 건물 856.52㎡ 등 7개 부동산(이하 'OOO의 제주도 부동산' 이라 한다.)으로 변경하여 줄 것을 부탁하였다.",
            "원고의 요구에 의하여피고들 소유의 별지 목록 1 내지 22 기재 각 부동산을 추가하여 1996. 2. 10. 별지 목록 1 내지 22 기재 각부동산과 000의 제주도 부동산에 관하여 채권최고액 52억 원의 공동근저당권을 설정하기로 하는 계약이 체결되었다.",
            "별지 목록 1 내지 22 기재 각 부동산에 관하여는 1996. 2. 12.자로, 000의 제주도 부동산에관하여는 1996. 2. 15.자로 각 근저당권설정등기가 경료되었다{이와 같은 담보 교체에 따라 종전 담보인 000소유의 위 토지 962,241㎡에 관하여 설정되어 있던 원고 명의의 근저당권은 1996. 2. 16.자로 말소되었다}.",
            "피고들(단, 피고(반소원고) 2 는 제외) 및 소외 4 는 그 전인 1996. 2. 6.경에 이미 원고에대해 보증한도 52억 원으로 된 근보증을 하였다.",
            "위 보증기간 만료일인 1996. 7. 13.에 000은 제21회 회사채의 변제기를 유예할 목적으로 제37회 회사채(만기 1999. 7. 13.)를 발행하고 원고로부터 보증기간을 1997. 7. 13.까지로 연장한 지급보증서를 발급받아 000에 제출하였다.",
            "000은 보증기간 만료일인 1997. 7. 13.이 다가오자 1997. 7. 2. 원고에 대하여 다시 지급보증기간 연장 신청을 하였고, 피고 1 , 피고(반소원고) 1 , 피고(반소원고) 2 , 피고(반소원고) 3 , 피고 3 은 1997. 8.1.에, 피고 2 , 피고(반소원고) 4 는 1997. 8. 2.에 각 원고에 대하여 보증한도 52억 원으로 된 근보증서를 작성하였다.",
            "원고는 위 각 근보증서를 수령한 후인 1997. 8. 22. 000에게 보증기간이 1998. 8. 22.까지로 된 지급보증서를 교부하였으며, 000이 이를 000에 제출하였다.",
            "위 4.항 기재 지급보증서의 지급보증기간이 만료된 후인 1998. 10. 2. 원고는 000에게 보증기간을1999. 7. 13.까지로 연장하는 내용의 지급보증서를 다시 발급하였다.",
            "위에서 본 각 지급보증서에는 000이 어음교환소의 거래정지처분을 받거나, 파산, 화의개시나 회사정리절차 개시의 신청이 있는 때에 한하여 000이 원고에게 보증기간 만료 전에 이행청구 할 수 있다고 기재되어 있다.",
            "000과 000 사이의 제37회 회사채 보증계약에 의하면, 000의 어음 또는 수표가 부도나거나 어음교환소의 거래정지처분이 있는 경우, 000에 대한 파산, 화의개시나 회사정리절차 개시의 신청이 있는등의 경우 000은 기한의 이익을 상실하고, 000은 000에 대하여 위 어음, 수표의 지급을 청구하고 담보권을 실행하는 등 제반 권리를 행사할 수 있도록 약정되어 있다.",
            "000은 1999. 3. 17. 당좌거래정지처분을 당하였고, 1999. 9. 7. 회사정리절차가 개시되었으며, 000은 1997. 12. 12. 부도를 내고 1998. 6. 1. 증권업허가를 취소당하여 해산하였다가 1998. 11. 25. 파산선고를 받았으며, 같은 날 소외 5 가 파산관재인으로 선임되었다.",
            "파산자 000의 파산관재인 소외 5 (이하 '000 파산관재인' 이라 한다)는 회사채보증을 해 준 경기화학이 당좌거래정지처분을 받자, 원고에 대하여 회사채원리금 상당액을 사전구상할 권리를 취득하였음을 전제로 하여 원고를 상대로 회사채의 액면금 40억 원 및 이에 대한 지연손해금의 지급을 구하는 소송을 제기하였다.",
            "이에 대해 서울지방법원(2000. 4. 11. 선고 99가합75099 판결) 과 그 항소심인 서울고등법원(2000.12. 5. 선고 2000나23121 판결) 은 1. 사전구상금 청구 부분은 원고의 항변 즉, 파산절차가 진행중인 동서증권에게 보증금액을 지급하더라도 그에 상응하는 주채무자의 면책을 기대하기 어려우므로 신의칙과 공평의 원칙에 기하여 사전구상을 거절할 수 있다는 항변을 받아들여 이를 기각하였다."
        ]
    },
    "dcss": {
        "courtDcss": [
            "위 인정사실에 의하면, 피고 1 은 000을 위한 연대보증인으로서 위 (1)의 ㈑항 기재 여신거래약정에 기하여 000이 원고에게 부담하는 채무를 지급할 의무가 있는바, 원고가 위 채무 8,366,000,000원 중86,134,037원을 변제받았음을 자인하고 있으므로 남은 채무액은 8,279,865,963원(= 8,366,000,000원 -86,134,037원)이 된다.",
            "따라서 피고 1 은 원고에게 위 채무의 일부 청구로서 원고가 구하는 3,974,000,000원 및 이에 대하여 그 변제기 이후로서 원고가 구하는 바에 따라 2000. 11. 7.부터 당심 판결선고일인 2004.10.26.까지는 약정이율인 연 18.5%, 그 다음날부터 완제일까지는 소송촉진등에관한특례법이 정한 연 20%의 각 비율에 의한 지연손해금을 지급할 의무가 있다.",
            "살피건대, 000의 000에 대한 40억 원의 회사채 구상금채무에 관하여 지급보증을 한 원고가 그 지급서울고등법원 2004. 10. 26. 선고 2002나57982(본소), 2002나57999(반소) 판결11보증에 기하여 000에 대하여 가지는 구상금채권의 담보로 제공되었던 기존의 인적 보증과 물적 담보를 교체하면서 그 새로운 담보이다.",
            "피고들이 1996. 2. 6.경 각 근보증을 하고 그 무렵 피고들 소유의 별지 목록기재 각 부동산도 담보로 제공하였던 사실, 만기 1997. 7. 13.의 지급보증을 만기 1998. 8. 22.의 지급보증으로 연장하는 과정에서 이에 대한 담보로 피고들이 다시 1997. 8. 1.과 1997. 8. 2.에 근보증을 하였던 사실은앞서 기초사실에서 인정한 바와 같다.",
            "을 제4호증의 1, 2, 3의 각 기재와 제1심증인 소외 3 의 증언을 종합하면, 피고들이 한 위 근보증의 한도액은 회사채발행 액수인 40억 원의 130%인 52억 원에 해당하는 금액인데,원고의 직원 소외 3 이 피고들로부터 근보증서를 받을 때 피고들의 근보증이 회사채발행에 따른 채무이다.",
            "담보한다는 취지로 설명하면서 위와 같은 근보증한도액의 산출근거도 함께 알려 준 사실, 원고가 피고(반소원고)1 , 피고 3 , 피고(반소원고) 4 에 대하여 경매실행 예정임을 알리면서 채권액으로 대출과목 원화지급보증, 원금 40억 원, 이자 43,460,076원이라고 통지하였던 사실을 인정할 수 있고 반증이 없다.",
            "이러한 사실들을 종합하여 보면, 위 각 근보증서는 그 문언과는 달리 000 발행 회사채와 관련하여 원고가 40억 원의 지급보증을 한 것에 기하여 원고가 000에 대해 가지는 구상금채권만을 담보하는 것이라고 보아야 할 것이므로, 원고의 위 주장은 더 나아가 살펴볼 필요 없이 이유 없다.",
            "가. 피고(반소원고) 1 , 피고(반소원고) 2 , 피고(반소원고) 3 , 피고(반소원고) 4 {이하에서는 위 피고(반소원고)들을 반소원고들이라고 한다.}는, 반소원고들의 부동산에 설정된 원고(반소피고, 이하 반소피고라고 한다.) 명의의 근저당권은 000 발행의 제21회 회사채와 관련한 반소피고의 000에 대한 구상금채권만을 담보할 뿐 000의 제37회 회사채와 관련한 반소피고의 000에 대한 구상금채권을 담보하는 것은아니다.",
            "제21회 회사채는 이미 상환되었으므로 반소피고는 반소원고들에게 위 근저당권을 말소하여 줄 의무가있음에도 이를 말소하지 않고 오히려 경매신청을 하여 반소원고들의 소유권을 상실시키는 손해를 입혔으므로그에 따른 손해배상으로서 반소피고는 반소원고들에게 위 각 부동산의 시가 상당액을 지급하여야 한다고 주장한다.",
            "그러나 000이 제37회 회사채를 발행한 것은 제21회 회사채의 변제기를 유예하기 위한 것에 불과하여 반소피고의 위 근저당권의 피담보채권의 범위에 000의 제37회 회사채와 관련한 반소피고의 000에 대한 구상금채권이 포함되어 있음은 이미 앞서 본 바와 같으므로, 반소원고들의 위 주장은 나머지 점에 관하여살펴 볼 필요 없이 이유 없다.",
            "다음으로 반소원고들은, 가사 반소원고들 소유의 별지 목록 6 내지 13, 15, 17 내지 21 기재 각 부동산에 설정된 반소피고 명의의 근저당권이 000 발행의 제37회 회사채에 기한 반소피고의 000에 대한구상금채권을 담보하는 것이라고 하더라도, 첫째 구상채권의 담보를 위하여 저당권이 설정된 경우 사전구상권에 기한 담보권 행사는 허용되지 아니하는 것이다.",
            "둘째 반소피고가 위 각 근저당권에 기하여 인천지방법원부천지원에 경매신청을 함에 있어 이미 충분한 담보가 제공되어 있어 사전구상권을 행사할 수 없었음에도 불구하고, 당시 반소피고는 000에 대한 상계나 변제 등을 통하여 000에 대한 사후구상권을 취득하지도 아니한 상태에서, 발생하지도 아니한 사전구상권이 있다고 주장한다.",
            "이를 피담보채권으로 하여 위 경매신청에 의해 근저당권을 실행하는 불법행위를 저질렀는바, 그 경매절차가 진행되어 제3자에게 반소원고들 소유의 위 각 부동산이 낙찰됨으로써 반소원고들로 하여금 위 각 부동산에 대한 소유권을 상실하는 손해를 입게하였으므로 반소피고는 반소원고들에게 그에 따른 손해배상으로서 별지 목록 중 위 각 부동산 해당 시가란기재 각 해당 금원을 지급할 의무가 있다고 주장한다.",
            "살피건대, 가사 반소원고들의 위 주장과 같이, 반소피고가 사전구상권을 취득하지 못하였음에도 불구하고 이를 피담보채권으로 하여 위 각 부동산에 대한 경매신청을 하여서 반소원고들로 하여금 위 각 부동산에 대한소유권을 상실케 하였다 하더라도, 앞서 인정한 바와 같이 그 후 반소피고가 반소원고들에 대하여 사후구상권과 사전구상권을 취득하였다.",
            "그 각 채권의 변제에 위 경매절차에서 반소피고가 배당받은 금원이 충당됨으로써 반소원고들이 반소피고에 대해 부담하는 구상금채무가 소멸되었는바, 이에 의하면 결국에는 반소피고의 위와 같은 근저당권실행 행위로 인하여 반소원고들이 손해를 입었다고 할 수 없는 결과가 되었다 할 것이다.",
            "반소피고의 위 행위는 불법행위를 구성하지 않는다 할 것이므로 반소원고들의서울고등법원 2004. 10. 26. 선고 2002나57982(본소), 2002나57999(반소) 판결12위 주장도 받아들일 수 없다.",
            "또 반소원고들은, 가사 반소원고들 소유의 위 부동산에 설정된 반소피고의 위 근저당권이 000 발행의 제37회 회사채와 관련한 반소피고의 000에 대한 구상금채권을 담보하는 것이다.",
            "그렇다고 하더라도, 피고 1 ,피고 2 , 피고(반소원고) 4 , 피고 3 이 반소피고에 대하여 가지는 손해배상청구권 또는 부당이득반환청구권을 자동채권으로 한 상계에 의하여 반소피고의 위 구상금채권이 소멸하였으므로 반소피고가 위 근저당권을 실행하여 보관하고 있는 금원은 법률상 원인 없는 것이 되었으니 이를 반소원고들에게 반환할 의무가 있다고 주장한다.",
            "그러나 피고 1 , 피고 2 , 피고(반소원고) 4 , 피고 3 의 위 상계 주장이 인정되지 아니함은 앞서 본 바와 같으므로{위 2.나.(3)의 ㈎2.㉱항 참조}, 그 상계가 효력을 발생하였음을 전제로 한 반소원고들의 위 주장은 이유 없다.",
            "반소원고들은, 000의 제주도 부동산에 설정된 반소피고의 근저당권은 반소피고의 이 사건 구상금채권을 담보하는 것이고, 물상보증인 또는 연대보증인이 주채무자의 채무를 대위변제하는 경우에 그 변제로 구상할 수 있는 범위 내에서 채권자의 채권 및 그 담보에 관한 권리를 행사할 수 있다.",
            "반소피고가 위 담보권을 000에 대한 별도의 채권에 대한 정리담보권으로 인정받아 그 채권을 변제받음으로써 반소피고로서는반소원고들이 권리를 행사하여야 할 담보권에 의하여 자신의 채권을 변제받는 결과에 이르렀으므로 이는 위담보권 가액 상당을 부당이득한 것이라 할 것이다.",
            "반소피고는 이를 반소원고들에게 반환할 의무가 있다고 주장하나, 반소피고가 반소원고들의 위 주장과 같은 부당이득을 얻었음을 인정할 증거가 없으므로 반소원고들의위 주장도 이유 없다.",
            "반소원고들은, 반소피고가 별지 목록 6 내지 21 기재 각 부동산에 관하여 위와 같이 미리 경매신청을 하지 아니하고 000에 대한 회사정리절차가 종결된 이후에 000의 연대보증인인 반소원고들에 대하여가지는 구상금채권에 기하여 경매신청을 하였더라면 위 각 부동산은 2004. 7.경(회사정리절차 종결시점인2003. 10. 29.부터 위 각 부동산에 관한 경매개시결정이다.",
            "이후 대금납부기일까지 소요된 실제 기간 약 9개월이 경과한 시점)에 이르러 적어도 3,717,813,700원에 낙찰되어 이중에서 반소피고가 가진 구상금채권 중 당시까지 변제받지 못한 485,313,179원의 변제에 충당되고도 3,232,500,521원(=3,717,813,700원 - 485,313,179원)이 남게 되었을 것이다.",
            "반소피고가 위와 같이 아무런 권원 없이 위 각 부동산에 관하여 경매신청을 함으로써 반소원고들은 위 3,232,500,521원 상당을 상실하는 손해를 입었다.",
            "한편, 000의 제주도 부동산에설정된 반소피고 명의의 근저당권은 반소피고의 이 사건 구상금채권을 담보하는 것이므로 반소피고의 이 사건구상금채권은 정리담보권에 해당하는데, 반소피고는 000에 대한 정리절차에서 위 채권을 정리담보권으로확보하는 조치를 취하지 아니한 채 이를 별도의 채권에 대한 담보권으로 신고하였다.",
            "반소원고들에 대한 관계에서 위 담보권을 상실시키고는 위 근저당권을 별도의 채권에 대한 담보권으로 인정받아 정리채권보다 훨씬다액을 변제받는 결과에 이르렀으므로, 반소피고는 물상보증인 겸 연대보증인인 반소원고들이 주채무자인 경기화학의 채무를 대위변제하는 경우 채권자인 반소피고의 000에 대한 채권 및 담보에 관한 권리를 행사할 수 있는 권리를 침해하거나 반소원고들이 행사할 담보에 관한 권리를 반소피고가 행사하여 부당한 이득을 취한 것이라 할 것이다.",
            "따라서 반소피고는 이로 인하여 반소원고들이 입은 손해를 배상하거나 얻은 이익을 반소원고들에게 반환할 의무가 있고, 그 배상 또는 반환액은 반소원고들이 위 담보물에 관한 권리를 행사하여반소피고에 대하여 면할 수 있는 연대보증채무 상당액이라 할 것이다.",
            "000의 제주도 부동산에 관한 반소피고의 담보권이 말소된 2003. 11.경 당시의 그 부동산의 가액은 1,042,509,040원이므로, 반소피고가 반소원고들에게 배상하거나 반환할 금액은 위 1,042,509,040원 상당액이라 할 것이니, 결국 반소피고가 별지 목록6 내지 21 기재 각 부동산을 아무런 권원 없이 경매하였다.",
            "000의 제주도 부동산에 관하여 설정된 담보권을 상실시킴으로써 반소원고들이 입은 손해액은 합계 4,275,009,561원(= 3,232,500,521원 + 1,042,509,040원)이라 할 것이어서, 그 중 일부 청구로서 반소 청구취지 기재 금원의 지급을 구한다고 주장한다.",
            "살피건대, 반소피고가 사전구상권에 기하여 별지 목록 6 내지 21 기재 각 부동산에 관하여 근저당권을 실행한 행위가 불법행위를 구성하지 아니함은 이미 위에서 살펴 본 바와 같은바, 반소원고들이 주장하는 위와 같 은 사정만으로 그 결론이 달라진다고 보기 어렵고 반소원고들이 위 주장과 같은 액수의 손해를 입었음을 인정하기도 어렵다.",
            "반소피고가 000의 제주도 부동산과 관련하여 반소원고들의 위 주장과 같이 반소원고들 서울고등법원 2004. 10. 26. 선고 2002나57982(본소), 2002나57999(반소) 판결13의 권리를 침해하였거나 부당한 이득을 얻었음을 인정할 증거도 없다.",
            "반소원고들의 위 주장도 역시 받아들일 수 없다."
        ]
    },
    "close": {
        "cnclsns": [
            "제1심 판결의 본소 청구에 관한 부분 중 피고 1 에 대한 부분을 취소한다.",
            "피고 1 은 원고(반소피고)에게 3,974,000,000원 및 이에 대하여 2000. 11. 7.부터 2004.10.26.까지는 연18.5%, 그 다음날부터 완제일까지는 연 20%의 각 비율에 의한 금원을 지급하라.",
            "원고(반소피고)의 피고(반소원고 포함) 1 , 피고(반소원고) 2 , 피고(반소원고) 3 , 피고(반소원고) 4 , 피고2 , 피고 3 에 대한 항소와 피고(반소원고)들의 항소 및 당심에서 추가된 원고(반소피고)의 피고(반소원고 포함) 1 , 피고(반소원고) 2 , 피고(반소원고) 3 , 피고(반소원고) 4 , 피고 2 , 피고 3 에 대한 예비적 청구를모두 기각한다.",
            "원고(반소피고)와 피고 1 사이에서 생긴 소송총비용은 피고 1 의 부담으로 하고, 원고(반소피고)와 나머지피고(반소원고 포함)들 사이에서 생긴 항소이후의 소송비용(당심에서 추가한 예비적 청구에 관한 비용 포함)은각자 부담으로 한다."
        ]
    }
}