{
    "info": {
        "caseField": "1",
        "detailField": "1",
        "trailField": "2",
        "caseNm": "매매대금",
        "courtNm": "서울중앙지법",
        "judmnAdjuDe": "2004. 03. 11.",
        "caseNo": "2002나62455,62462",
        "relateLaword": [
            "민법 제537조",
            "민법 제538조"
        ],
        "qotatPrcdnt": []
    },
    "concerned": {
        "acusr": "1",
        "dedat": "1"
    },
    "org": {
        "orgJdgmnCourtNm": "서울지법 의정부지원 남양주시법원",
        "orgJdgmnAdjuDe": "2002. 10. 31.",
        "orgJdgmnCaseNo": "2001가소44763"
    },
    "disposal": {
        "disposalform": "10",
        "disposalcontent": [
            "원심판결의 피고(반소원고) 패소 부분 중 본소청구에 관한 부분 및 반소청구에 관한 원고(반소피고)는 피고(반소원고)에게 금 3,500,000원 및 이에  대하여 2002. 6. 4.부터 2004. 3. 11.까지는 연 6%, 그 다음날부터 완제일까지는 연 20%의 각 비율에 의한 금원 지급을 명하는 부분에 해당하는 피고(반소원고) 패소 부분을 각 취소하고, 그 취소 부분에 해당하는 원고(반소피고)의 본소청구를 기각한다.",
            "원고(반소피고)는 피고(빈소원고)에게 금 3,500,000원 및 이에 대하여 2002.  6.  4.부터  2004.  3.  11.까지는 연 6%, 그 다음날부터 완제일까지는 연 20%의 각 비율에 의한 금원을 지급한다.",
            "원고(반소피고)의 항소 및 피고(반소원고)의 나머지 항소를 모두 기각한다.",
            "소송총비용은  본소, 반소를 합하여 이를 3분하여 그 2는 원고(반소피고)의, 나머지는 피고(반소원고)의 각 부담으로 한다. "
        ]
    },
    "mentionedItems": {
        "rqestObjet": [
            "피고(반소원고, 이하  피고 라고 한다)는 원고(반소피고, 이하  원고 라고 한다)에게 금 19,750,000원 및 이에 대하여 이 사건 소장  부본이 송달된 다음날부터 완제일까지 연 25%의 비율에 의한 금원을 지급한다.",
            "원고는 피고에게 금 10,491,040원 및 이에 대하여 이 사건 반소장 부본 송달 다음날부터 완제일까지 연 25%의 비율에 의한 금원을 지급한다. ",
            "본소에 관한 원심판결 중 원고 패소 부분을 취소하고, 피고는 원고에게 금 15,250,000원 및 이에 대하여 이 사건 소장 부본이 송달된 다음날부터 완제일까지 연 25%의 비율에 의한 금원을 지급한다.",
            "주문 제2항 및 반소에 관한 원심판결을 취소하고, 원고는 피고에게 금 10,491,040원 및 이에 대하여 이 사건 반소장 부본이 송달된 다음날부터 완제일까지 연 25%의 비율에 의한 금원을 지급한다."
        ]
    },
    "assrs": {
        "acusrAssrs": [
            "원고는 본소청구원인으로, 피고가 매매목적물에 포함되어 있지 아니한 자동차 폐부품을 일방적으로 선적하여운송한 후 이 사건 운송물이 필리핀에 도착하자 원고에게 위 중고자동차 2대에 대한 매매잔대금과 더불어 자동차 폐부품에 대한 대금의 지급을 요구하기에 원고로서는 피고의 요구를 받아 들일 수 없어 이를 거절하면서피고측에 이 사건 운송물에 관한 통관절차를 밟을 수 있도록 수입업자를 ㅇㅇㅇㅇㅇ 사로 변경하여 000 등 선적서류를 송부하여 줄 것을 요구하였다.",
            "피고측이 이를 거절함으로써 결국 피고의 귀책사유로 인하여 위 매매계약상 피고의 목적물 인도의무가 이행불능에 이르게 되었으므로 피고는 그로 인하여 원고가 입은 손해를 배상할 의무가 있다고 주장한다."
        ],
        "dedatAssrs": [
            "위 자동차 폐부품도 매매목적물에 포함되어 있었을 뿐만 아니라 이 사건 제1차 거래와 같이 원고는 이 사건 운송물이 필리핀에 도착하면 매매잔대금 및 운송료를 피고에게 지급하기로 한 것인데, 원고가 그 지급을 거절한 채 위 중고자동차 2대 등의 인도만을 구한 탓에 피고로서는 어쩔수 없이 000 등 선적서류를 원고에게 송부하지 아니한 것이다.",
            "위 매매계약상의 목적물인도의무가 중도에 이행불능의 상태에 빠진 것은 피고의 귀책사유가 아니라 오히려 원고의 귀책사유에서 비롯된 것이어서,피고는 원고에 대하여 위 매매계약에 따른 반대급부로서 중고자동차 2대와 자동차 폐부품 410㎏의 매매대금합계 금 15,491,040원 중에서 원고로부터 지급받은 금 5,000,000원을 공제한 나머지 금 10,491,040원의 지급을 구한다고 주장한다."
        ]
    },
    "facts": {
        "bsisFacts": [
            "아래 각 사실은 당사자 사이에 다툼이 없거나, 갑 제3, 5, 8호증(갑 제8호증은 을 제3호증과 같다), 을 제2,3, 4호증, 을 제5호증의 2, 3, 을 제7, 8호증의 각 기재와 원심 및 당심 증인 소외인 의 각 증언에 변론 전체의 취지를 더하여 이를 인정할 수 있다.",
            "원고는 필리핀에서 00000 INTERNATIONAL TRADING(이하 'OOOOO 사' 라 한다)이라는 상호로, 피고는 국내에서 ㅁㅁ산업 이라는 상호로 각각 중고자동차 판매업을 경영하고 있다.",
            "원고는 2000. 9. 25. 피고로부터 중고자동차 2대를 대금 6,500,000원에 매수함에 있어, 피고와 사이에 피고가 위 중고자동차와 함께 원고 소유의 차량정비용 리프트 및 세탁기 각 1대를 책임지고 필리핀까지 운송해주기로 합의하였고, 같은 날 피고에게 위 매매대금 중 금 5,000,000원을 지급함과 아울러 위 차량정비용 리프트 및 세탁기를 인도하였다.",
            "피고는 2000. 10. 5. 평소 거래를 통하여 알고 지내던 운송업체 000(이하 OOO라 한다)에 위 OOOOO 사를 수하인으로 하여 중고자동차 2대, 위 차량정비용리프트, 세탁기 및 자동차 폐부품 410㎏(이하 '이 사건 운송물'이라 한다)을 운송해 줄 것을 의뢰하면서 이를000가 운반해 온 컨테이너에 적재하였다.",
            "000는 위 컨테이너를 피고로부터 인도받을 당시송하인을 000, 수하인을 OOOOO 사로 기재한 000(일명 '0' 이라 한다)을 작성하였으나 피고의 지시에 따라 이를 교부하지 아니한 채 그대로 보관하였다.",
            "한편, 000는 2000. 10. 6. 운송회사인 000(이하 000사라 한다)와 사이에운임을 도착지에서 지급하는 조건으로 이 사건 운송물을 필리핀까지 운송하기로 하는 운송계약을 체결하였고,000사는 같은 날 000의 요구로 송하인을 000, 수하인을 000의 필리핀 주재통관대행사인 000(이하 000사라고 한다)로 한 000을 000에 발행하였다(000는 원고에 대한 운임채권의 확보를 위하여 수하인을 000사로 정하였다).",
            "그 후 이 사건 운송물이 필리핀의 양륙항에 도착하자, 피고와 000는 이를 원고에게 통지함과 아울러 중고자동차 및 자동차 폐부품에 대한 매매잔대금 및 운송료의 지급을 요구한 반면, 원고는 이러한 대금등의 지급을 거절한 채 피고 및 000에 이 사건 운송물을 인도받는 데에 필요한 000 등 선적서류의 송부를 요구함에 따라 원·피고 사이에 분쟁이 발생하였다.",
            "위와 같이 쌍방이 서로의 요구만을 계속하면서 통관절차의 이행을 지체하는 바람에 이 사건 운송물은 필리핀 세관법에 따라 필리핀 세관당국에 의해 압수된 후 결국 필리핀 국고에 귀속되고 말았다(필리핀 세관법에 의하면 수입업자는 화물도착일로부터 30일 내에수입신고를 하여야 하고, 그 기간 내에 수입신고를 하지 아니하면 이를 압수할 수 있다고 규정하고 있다).",
            "원고는 위 매매계약을 체결하기 이전인 2000. 6.경에도 피고로부터 중고자동차를 매수한 적이 있고, 그당시 피고는 000를 통하여 중고자동차를 필리핀까지 운송한 후 원고로부터 잔대금 및 운송료를 지급받은 다음 000가 발행한 000(송하인 : 000, 수하인 : OOOOO 사)을 원고에게 교부하였다.",
            "원고가 그 000을 000사에 제출하자 000사는 국내에 있는 000로부터 운송회사가 발행한 별도의 000(송하인 : 000, 수하인 : OOOOO 사)을 송부받아 이를 운송회사에제시한 다음 운송회사로부터 화물인도지시서를 교부받아 그 화물인도지시서를 그대로 원고에게 교부하였고,원고는 그 화물인도지시서를 양륙항에서 제시하고 당해 매매목적물인 운송물을 인도받는 방식을 취하였다(이하 '이 사건 제1차 거래' 라고 한다)."
        ]
    },
    "dcss": {
        "courtDcss": [
            "이렇게 볼 때, 이 사건 운송물 인도의무의 이행불능에 대한 주된 귀책사유가 원고에게 있는 이상 원고로서는 피고의 귀책사유를 들어 위 매매계약을 해제할 수 없다고 할 것이므로 이를 전제로 하는 원고의 이 사건 본소청구는 나머지 점에 대하여 더 나아가 살필 필요 없이 이유 없다.",
            "한편, 피고는 위 매매계약상의 목적물인도의무가 채권자인 원고의 주된 귀책사유로 인하여 이행불능이 된 것이므로, 원고에게 위 매매계약에 따른 반대급부로서 중고자동차 2대와 자동차 폐부품에 대한 매매대금의 지급을 구할 수 있다고 할 것이다.",
            "나아가 원고가 지급하여야 할 매매대금의 액수에 관하여 보건대, 위 매매계약상 피고의 목적물인도의무가 원고의 주된 귀책사유로 인하여 이행불능이 되었다고 하더라도 거기에는 앞서 살펴본 바와 같이 피고의 귀책사유도 경합하였으므로 신의칙상 피고의 원고에 대한 반대급부청구권의 범위를 감소시킴이 마땅하다고 할 것이다.",
            "을 제1호증의 기재에 변론 전체의 취지를 더하여 보면, 위 매매계약 체결 당시 매매목적물인 위 자동차폐부품의 국내 시세는 금 10,491,040원에 이르는 사실을 인정할 수 있고, 이에 피고가 원고로부터 매매대금으로 이미 금 5,000,000원을 수령하였다.",
            "자동차 폐부품에 대한 가격은 장차 필리핀에서의 시세를 고려하여 결정하기로 하였고 원고가 자동차 폐부품을 필리핀으로 수입하여 이를 판매하는 측면에서 보면 그 가격이 국내보다는 더 높을 것으로 보인다.",
            "이 사건 매매목적물 이외에 원고가 운송을 의뢰한 위 자동차 리프트 및세탁기도 필리핀 국고에 귀속됨으로써 원고의 재산적 손해도 컸던 점 등을 고려하여 보면, 원고가 피고에게 위 매매계약상의 반대급부로서 추가 지급하여야 할 매매잔대금은 금 3,500,000원으로 정함이 상당하다고 할것이다.",
            "따라서 원고는 피고에게 이 사건 매매계약의 잔대금으로 금 3,500,000원 및 이에 대하여 이 사건 반소장 부본이 송달된 다음날임이 기록상 명백한 2002. 6. 4.부터 당심판결 선고일인 2004. 3. 11.까지는 상법이 정한 연 6%, 그 다음날부터 완제일까지는 소송촉진등에관한특례법이 정한 연 20%의 각 비율에 의한 지연손해금을 지급할 의무가 있다고 할 것이다."
        ]
    },
    "close": {
        "cnclsns": [
            "윈심판결의 피고(반소원고) 패소 부분 중 본소청구에 관한 부분 및 반소청구에 관한 아래에서 지급을 명하는 부분에 해당하는 피고(반소원고) 패소 부분을 각 취소하고, 그 취소 부분에 해당하는 원고(반소피고)의 본소청구를 기각한다.원고(반소피고)는 피고(반소원고)에게 금 3,500,000원 및 이에 대하여 2002. 6. 4.부터 2004. 3. 11.까지는연 6%, 그 다음날부터 완제일까지는 연 20%의 각 비율에 의한 금원을 지급하라.",
            "원고(반소피고)의 항소 및 피고(반소원고)의 나머지 항소를 모두 기각한다.",
            "소송총비용은 본소, 반소를 합하여 이를 3분하여 그 2는 원고(반소피고)의, 나머지는 피고(반소원고)의 각부담으로 한다.",
            "제1항의 금원지급 부분은 가집행할 수 있다."
        ]
    }
}