{
    "info": {
        "caseField": "1",
        "detailField": "1",
        "trailField": "1",
        "caseNm": "채무부존재확인",
        "courtNm": "서울남부지법",
        "judmnAdjuDe": "2005. 02. 04.",
        "caseNo": "2003가합14448",
        "relateLaword": [
            "화의법 제53조",
            "파산법 제277조",
            "민법 제104조"
        ],
        "qotatPrcdnt": [
            "대법원 1996. 11. 12. 선고 96다34061 판결(공1996하, 3573)",
            "대법원 1997. 7. 25. 선고 97다15371 판결(공1997하, 2698)",
            " 대법원 1999. 5. 28. 선고 98다58825 판결(공1999하, 1279)",
            "대법원 2002. 10. 22. 선고 2002다38927 판결(공2002하, 2793) "
        ]
    },
    "concerned": {
        "acusr": "2",
        "dedat": "2"
    },
    "org": {
        "orgJdgmnCourtNm": "",
        "orgJdgmnAdjuDe": "",
        "orgJdgmnCaseNo": ""
    },
    "disposal": {
        "disposalform": "10",
        "disposalcontent": [
            "원고들의 청구를 모두 기각한다.",
            "소송비용은 원고들의 부담으로 한다."
        ]
    },
    "mentionedItems": {
        "rqestObjet": [
            "피고가 원고 000에 대한 인천지방법원 98거91호 화의절차개시 사건에서 화의채권으로 신고한 합계 금 247,381,516,359원의 채권과, 원고 00에 대한 인천지방법원 98거89호 화의절차개시 사건에서 화의채권으로 신고한 합계 금 99,909,204,125원의 채권에 관하여는 대출원금에 대하여는 연 3%를 초과하는 지연손해금 및 이자 채무가 각 존재하지 아니함을 확인한다.",
            "대위변제로 인한 구상금채무 및 보증채무 원금에 대하여는 연 1%를 초과하는 지연손해금 및 이자 채무가 각 존재하지 아니함을 확인한다."
        ]
    },
    "assrs": {
        "acusrAssrs": [
            "원고들은, 이 사건 각 화의조건의 내용에 따라 원고들이 피고에게 지급해야 할 이 사건 각 화의채권에 대한 이자 및 지연손해금 비율이 대출금채권에 관해서는 연 3%, 연대보증 및 보증채권에 관해서는 연 1%를 초과할 수 없음에도 불구하고, 피고가 궁박한 상황에 처한 원고들에게 이 사건 각 화의조건의 내용과 달리 종전대로의 비율에 따른 이자 및 지연손해금을 지급하기로 약속하는 내용의 이면약정을 요구한다.",
            "그에 따라 작성된 이 사건 각 이면약정을 근거로 이 사건 각 화의조건에 반하는 내용의 채무이행을 계속적으로 요구하고 있는바, 위와 같이 체결된 이 사건 각 이면약정은 화의법상 금지하는 특별이익공여 약정에 해당되어 무효이고, 그렇지 않더라도 민법 제104조의 불공정행위에 해당하여 무효이므로, 이 사건 각 화의채권에 관하여 이 사건 각 화의조건에서 정한 비율을 초과하는 이자 및 지연손해금 채무는 존재하지 아니한다는 확인을 구한다.",
            "원고들은, 원고들과 피고 사이에서 대출금채권과 관련해 체결된 제반 약정들은 이 사건 각 화의채권에 관한 것이 아니라 각 약정 당시를 기준으로 장래 발생할 대출금채권에 관한 것이거나 이 사건 각 화의인가결정 이후에 비로소 발생한 채권(비화의채권)에 관한 것에 불과하고, 달리 피고가 원고들에게 이 사건 각 화의채권 중 대출금채권에 관해 화의조건에 반하는 내용의 채무이행을 요구할 아무런 근거가 없다는 취지로도 주장한다.",
            "원고들은, 피고가 우월적인 지위에서 당시 중단된 사업을 재개하여 회사를 회생시키기 위해서는 피고의 협조가 절실했던 원고들에게, 일방적으로 이 사건 각 화의조건에 반하는 내용의 이면약정 체결을 강요하였던 것이므로, 이와 같이 체결된 이 사건 각 이면약정은 민법 제104조의 불공정행위에 해당하므로 무효라고 주장한다."
        ],
        "dedatAssrs": []
    },
    "facts": {
        "bsisFacts": [
            "원고 000(이하 '원고 OOO' 이라 한다)은 아파트의 건축, 분양 등 공동주택사업을 주로 하는 건설회사이고, 원고 2는 원고 000의 대표이사이자, 000 이라는 개인사업체를 운영하며 아파트의 건축, 분양 등 공동주택사업을 하는 자이다(이하에서는, 달리 특별한 설명이 없는 한, 'OOO' 이라고 함은 원고 2를 의미한다).",
            "피고는 주택건설촉진법에 따라 주택분양에 관한 보증 등을 위하여 설립된 법인으로서 같은 법 부칙(1999. 2. 8.자 법률 제5908호)에 의하여 주택사업공제조합의 모든 권리와 의무를 포괄 승계한 자이다(이하 주택사업공제조합과 대한주택보증 주식회사를 포괄하여 '피고' 라고만 한다).",
            "원고들이 1998.경 부도가 난 후 1999. 3.경 인천지방법원의 각 화의절차개시결정에 의해 원고들에 대한 각 화의절차(원고 000 : 98거91호, 원고 2 : 98거89호, 이하 '이 사건 각 화의절차' 라 한다)가 개시되었다.",
            "피고는 1999. 4.∼5.경 이 사건 각 화의절차에서 원고 000에 대하여는 합계 금 47,381,516,359원, 원고 2에 대하여는 합계 금 99,909,204,125원의 채권을 각 화의채권(이하 '이 사건 각 화의채권' 이라 한다)으로 신고하였다.",
            "이 사건 각 화의 채권의 유형을 보면 크게 운영자금 대출금채권과 구상금채권으로 구성되어 있고, 이 중 구상금채권은 다시 주채무자인 원고들에 대한 구상금채권과 연대보증인인 원고들에 대한 구상금채권으로 나뉘어져 있다.",
            "그 후 1999. 5. 17. 14:00경 위 법원에서 개최된 각 채권자집회에서 최대채권자인 피고와 기타 다른 화의채권자들이 다음과 같은 화의조건에 동의해 줌에 따라 다음과 같은 내용의 각 화의조건(원고들 양자에게 동일한 내용임, 이하 '이 사건 각 화의조건' 이라 한다)이 가결되었다.",
            "같은 날 위 법원은 위 각 화의조건에 기한 각 화의인가결정(이하 '이 사건 각 화의인가결정' 이라 한다)을 하였고, 그 무렵 위 각 화의인가결정이 확정되었다.",
            "피고는 공동주택의 시공 및 분양과정에서 필수적인 분양보증서를 건설사업자에게 발급해주는 업무를 담당하는 회사이고, 또한 이 사건 각 화의절차에서 원고들에 대한 최대채권자의 지위에 있던 자이다.",
            "그런데 피고는 이 사건 각 화의인가결정 전인 1999. 1.경 화의인가를 위한 원고들과의 교섭 과정에서 원고들에게, 피고가 이 사건 각 화의조건에 대해 동의를 해 주는 대신, 이 사건 각 화의인가결정으로 확정된 화의조건에도 불구하고 피고에 대해서는 종전대로의 비율에 따른 이자 및 지연손해금을 지급하겠다는 취지의 내용이 기재된 문서에 서명,날인해 줄 것을 요구하였다.",
            "이에 원고들은 1999. 1.경 원고들 명의로 된 상환계획서(갑 제7호증), 원고 000 명의로 된 각서(갑 제8호증)를 각 작성하여 피고에게 교부해 주었는데, 위 각 문서들(이하 위 상환계획서 및 각서를 포괄하여 '이 사건 화의인가 전 이면약정' 이라 한다)의 내용은 아래와 같다.",
            "그러자 피고는 1999. 2. 2.경 원고들에 대한 각 화의조건에 동의하고 별제권 행사를 유예해 주되, 화의인가결정 확정 후 원고들로부터 피고가 제시한 변제조건에 의한 별도의 상환계획서를 징구하여 공증할 것이라는 내용이 기재된 피고의 내부 기안문서(을 제20호증)를 작성하였다.",
            "단, 피고 대위변제금의 상환이율에 대하여는 기대위변제분은 본점 최종 화의조건 승인일, 미대위변제분은 실제 대위변제시점을 기준으로 직전월 최근 3개월간 피고 자금차입 평균이율을 적용하고, 별제권행사는 피고가 제시하는 변제조건을 원고들이 이행하는 경우에만 유예함을 명시할 것. 이라는 내용이 기재된 피고의 내부 기안문서(을 제20호증)를 작성하였다.",
            "이에 기해 1999. 2. 3.경 원고들에 대하여 이 사건 각 화의조건에 대해 동의하고 별제권 행사를 유예하겠다는 내용의 별제권행사 유예의사 및 화의조건 동의 여부에 대한 회신 (갑 제9호증의 1, 2)을 발송하였으며, 위 법원에도 그와 같은 의사를 표시하였다.",
            "그 후 원고 000은 1999. 말경 자신이 사업을 시행하다 부도가 남으로써 장기간 중단된 상태에 있던 0000지구 건설사업을 재개할 수 있게 되었는데, 이를 위해서는 기존에 피고에 의해 발행된 분양보증서상의 분양보증기간을 연장해야 할 필요성이 있어 그 무렵 이를 피고에게 요청하였다.",
            "그러자 피고는 그와 같은 분양보증기간 연장을 하여 주는 대신 이 사건 각 화의조건과는 달리 피고가 종전에 적용하던 비율에 따라 이자 및 지연손해금을 계산할 것과 그와 같이 계산한 채무를 위 0000지구에 대한 분양수입금으로 우선 상환할 수 있도록 해 줄 것을 원고 000에게 요구하면서, 그와 같은 내용의 문서 작성을 요구하였다.",
            "이에 원고 000은 위 0000지구 건설사업에 차질이 생길 경우 입게 될 막대한 손실 및 위 사업을 원활히 수행할 경우에 얻게될 이익 등을 고려한 끝에 피고의 위 요구를 수락하기로 하는 대신 피고에 대한 운영자금 대출채무의 변제기 유예를 요청하였다.",
            "2000. 3. 27.경 피고에게 운영자금 대출채무에 관해 기발생 이자의 납부기한을 2000. 12. 31.로 연장하고 원금의 상환조건을 3년 거치 12년 분할 상환으로 변경하여 줄 것. 을 요청하였다(을 제13호증의 1).",
            "그와 함께 같은 날 피고에게 당사가 시행하고 000에서 시공하는 0000 0의 분양이 임박함에 따라 귀사에서 동 부지에 근저당설정한 65억 원과 운영자금 이자를 별첨의 계획에 의해 화의조건과 상관없이 변제할 예정이오니 업무참조 바랍니다. 라는 내용의 분할상환계획서 제출건 이라는 제목의 문서(을 제36호증의 1)를 피고에게 발송하면서 위 문서에 다음과 같은 내용의 상환각서(을 제36호증의 2)를 첨부하였다.",
            "원고 000의 위 변제기 유예 요청에 대해, 피고는 2000. 3. 30. 원고 000으로부터 다음과 같은 내용의 약정서(을 제13호증의 3)를 작성받은 후, 같은 날 원고 000의 위 요청을 받아들이기로 하는 내부결정을 하였다(을 제13호증의 2).",
            "또한, 원고들은 2000. 3. 30. 피고의 요구에 따라 앞서 본 와 동일한(단, 별제권행사는 위 1, 2, 4항이 이행될 시 별제권행사를 유예함 이라는 내용이 추가되었다.) 내용의 각서(을 제2호증)를 작성해 주었고, 같은 날 다시 앞서 본 와 동일한 내용의 상환각서(을 제24호증)를 작성한 후 2000. 4. 3. 이를 공증인가 합동법률사무소에서 인증받았다."
        ]
    },
    "dcss": {
        "courtDcss": [
            "따라서 화의인가결정이 확정되어 화의절차가 종료된 후에는 앞서 본 화의법 제53조 제2항, 파산법 제277조가 적용되지 않는다고 보아야 하고, 그 경우 화의채무자는 특별히 화의조건에 의해 그 재산의 관리 및 처분에 관해 제한을 가하고 있지 않는 한 자유롭게 화의채권에 대한 관리,처분행위를 할 수 있다고 할 것이다.",
            "그러므로 화의인가결정확정 후 화의채무자가 화의채권자 중 1인에게 화의조건보다 유리하게 변제하여도 그것이 화의인가 전에 약정된 특별이익의 이행이라고 인정되지 않는 한 유효하다고 볼 것이다.",
            "이 사건에서 보건대, 이 사건 각 화의인가결정 전에 이 사건 각 화의채권 중 대출금채권에 관한 이면약정이 체결되었다는 사실을 인정할 만한 아무런 증거가 없고, 오히려 앞서 본 바에 의하면 이 사건 각 화의채권 중 대출금채권에 관한 이면약정들은 모두 이 사건 각 화의인가결정 이후에야 비로소 체결된 것임을 인정할 수 있다.",
            "그러므로 이와 같이 화의인가결정 후에 체결된 이 사건 각 화의채권 중 대출금채권에 관한 이면약정들이 화의법에서 금하는 특별이익공여 약정에 해당하여 무효라고 할 수는 없다.",
            "따라서 원고들의 이 부분 주장은 이유 없다.",
            "살피건대, 이 사건 각 화의채권 중 대출금채권에 관한 위 이면약정들의 각 문언, 산출된 상환금의 액수, 작성 시점 및 작성 경위, 작성 전후의 당사자들의 태도 등 앞서 본 제반 사정에 비추어 보면, 대출금채권에 관한 위 각 이면약정들은 당연히 이 사건 각 화의채권 중 대출금채권에 관한 것임을 넉넉히 인정할 수 있으므로, 이에 반하는 원고들의 위 주장도 이유 없다.",
            "살피건대, 먼저 민법 제104조에 규정된 불공정한 법률행위는 객관적으로 급부와 반대급부 사이에 현저한 불균형이 존재하고, 주관적으로 그와 같이 균형을 잃은 거래가 피해 당사자의 궁박, 경솔 또는 무경험을 이용하여 이루어진 경우에 성립하는 것이다.",
            "여기에서 궁박 이라 함은 급박한 곤궁 을 의미하는 것으로서 경제적 원인에 기인할 수도 있고 정신적 또는 심리적 원인에 기인할 수도 있으며, 당사자가 궁박 등의 상태에 있었는지 여부는 그의 나이와 직업, 교육 및 사회경험의 정도, 재산 상태 및 그가 처한 상황의 절박성의 정도 등 제반 사정을 종합하여 구체적으로 판단하여야 한다(대법원 2002. 10. 22. 선고 2002다38927 판결 참조).",
            "그런데 이 사건에서 보건대, 앞서 본 바에 의하면 건설업을 영위하던 원고들이 화의절차에 직면하여 부도난 회사를 회생시키기위해 종래 시행하다 중단된 건설사업의 재개를 위한 필요에서 부득이하게 피고의 요구에 따라 이 사건 각 이면약정을 체결한 측면이 있음은 충분히 인정된다.",
            "앞서 본 바와 같이, 원고들이 대출금채권에 관한 위 각 이면약정을 체결해 준 시점은 이 사건 화의인가결정이 이미 확정된 후인 점, 원고들은 자신들이 시행하던 사업에 차질이 생길 경우 입게 될 막대한 손실 및 위 사업을 원활히 수행할 경우에 얻게 될 이익 등을 고려한 끝에 피고의 요구를 수락하는 것이 유리하다고 판단하고 위 각 이면약정을 체결해 준 것으로 보이는 점을 볼 수 있다.",
            "그 과정에서 일방적으로 피고의 요구만 받아들여진 것이 아니라, 원고들도 그 대가로 변제기 유예 등을 요청하였고 이를 피고가 수차례 받아들여 준 바 있는 점(을 제13호증의 1∼3, 을 제16호증), 그처럼 피고도 가급적 원고들의 회생을 위해 원고들의 편의를 봐 주었던 흔적이 엿보이는 점을 볼 수 있다.",
            "일반적으로 거래관계에서 열세에 있는 자가 우월적 지위를 가진 자와의 원활한 거래를 위하여 자신의 이익에 반하는 행위를 하였다고 하여 이를 모두 불공정행위라고 볼 수는 없는 점을 볼 수 있다.",
            "위 각 이면약정의 내용은 결국 원래 원고들이 당연히 지급해야 할 채무를 지급하기로 하는 내용에 불과하고 그 이상을 피고가 요구한 것은 아니어서 이를 두고 객관적으로 급부와 반대급부 사이에 현저한 불균형이 존재하는 경우라고는 보기 어려운 면이 있는점을 볼 수 있다.",
            "그 밖에 당시 원고들의 지위나 경력, 원고들의 대체수단 선택 가능성, 원고들이 처한 상황의 급박성, 피고가 원고들에 대하여 가지는 영향력의 형태나 정도 등 이 사건에서 드러나는 제반 사정을 종합해 볼 때, 피고가 화의조건과 달리 원래의 채무 내용에 따른 변제를 요구하였다는 사정만으로 이를 불공정행위에 해당된다고 단정하기는 어렵다 할 것이다.",
            "따라서 원고들의 이 부분 주장도 역시 이유 없다."
        ]
    },
    "close": {
        "cnclsns": [
            "원고들의 청구를 모두 기각한다.",
            "소송비용은 원고들의 부담으로 한다."
        ]
    }
}