{
    "info": {
        "caseField": "1",
        "detailField": "1",
        "trailField": "2",
        "caseNm": "양수금",
        "courtNm": "서울고등법원",
        "judmnAdjuDe": "2004. 11. 04.",
        "caseNo": "2003나69623",
        "relateLaword": [
            "예금자보호법 제26조",
            "구 상호신용금고법 제37조",
            "구 상호신용금고법 시행령 제30조",
            "구 상호신용금고법 제12조",
            "구 상호신용금고법 시행령 제8조",
            "중소기업기본법 제2조",
            "구 상호신용금고법 제37조의3",
            "상법 제399조",
            "상호저축은행법 제37조의3"
        ],
        "qotatPrcdnt": [
            "헌법재판소 2002. 8. 29. 2000헌가5·6, 2001헌가26, 2000헌바34, 2002헌가3·7·9·12(병합)"
        ]
    },
    "concerned": {
        "acusr": "2",
        "dedat": "1"
    },
    "org": {
        "orgJdgmnCourtNm": "서울지방법원",
        "orgJdgmnAdjuDe": "2003.9.30.",
        "orgJdgmnCaseNo": "2001가합70080"
    },
    "disposal": {
        "disposalform": "10",
        "disposalcontent": [
            "제1심 판결 중 원고의 피고 3 에 대한 항소를 기각한다.",
            "원고의 피고 1, 2에 대한 제1심 판결 주문 중 제1, 2항을 다음과 같이 변경한다.",
            "원고에게, 피고 1 은 2,500,000,000원, 피고 2 는 피고 1 과 연대하여 위 금원 중 180,667,828원 및 위 각 금원에 대한 2001. 11. 20.부터 2004. 11. 4.까지는 연 5%의, 그 다음날부터 갚는 날까지는 연 20%의 각 비율에 의한 금원을 지급한다.",
            "원고의 피고 1 , 2 에 대한 나머지 각 청구를 기각한다.",
            "소송총비용 중 원고와 피고 1 사이에 생긴 부분은 피고 1 의, 원고와 피고 3 사이에 생긴 부분은 원고의, 원고와 피고 2 사이에 생긴 부분의 9÷10는 원고의, 나머지는 피고 2 의 각 부담으로 한다.",
            "제2의 가.항 중 제1심에서 가집행이 선고되지 아니한 부분은 가집행할 수 있다."
        ]
    },
    "mentionedItems": {
        "rqestObjet": [
            "피고들은 연대하여 원고에게 2,500,000,000원과 이에 대한 이 사건 소장부본 송달일 다음날부터 갚는 날까지 연 25%의 비율에 의한 금원을 지급한다.",
            "제1심 판결 중 원고패소부분을 취소하고, 피고들은 연대하여 원고에게 2,500,000,000원 및 이에 대한 이 사건 소장부본 송달 다음날부터 갚는 날까지 연 20%의 각 비율에 의한 금원을 지급한다.",
            "제1심 판결 중 피고 2 의 패소부분을 취소하고, 그 부분에 대한 원고의 청구를 기각한다."
        ]
    },
    "assrs": {
        "acusrAssrs": [
            "원고는, 000의 과점주주 또는 임원인 피고들은 구 000법(2000. 1. 28. 법률 제203호로 개정되 기 전의 것) 제37조의3 제1항 및 제2항에 의하여 연대하여, 000에 대한 예금채권자로부터 예금채권을 양수한 원고에게 예금채권을 변제할 책임이 있다고 주장한다."
        ],
        "dedatAssrs": [
            "피고 3은 3차례에 걸쳐 000의 이사로 재직하였는데 첫 번째와 두 번째 재직기간 동안의 행위는 제척기간에 저촉되고, 세 번째 재직기간의 행위는 실질적으로 이사로서의 업무를 수행할 수 없었으므로 위 법조항에 의한 책임을 부담하지 않는다고 주장한다."
        ]
    },
    "facts": {
        "bsisFacts": [
            "주식회사 000(이하 OOO 라 한다)는 예금자의 보호 및 금융제도의 안정성 유지를 위하여 부실000의 영업 또는 계약을 양수하여 부실000를 정리하기 위한 목적으로 예금자보호법 제26조의3 에 의하여 설립된 정리금융기관이다.",
            "이 사건 소송 계속중인 2001. 12. 31. 원고에 합병되어, 원고가 이 사건 소송절차를 수계하였다.",
            "주식회사 000(이하 OOO 라 한다)는 구 000법(2001. 3. 28. 법률 제6429호 000법 으로 변경되기 이전의 것)에 의하여 1982. 12. 17. 상호신용계업무와 신용부금업무 등을 주 된 업무로 하여 설립된 000이다.",
            "000(이하 OOO 이라 한다) 및 10여 개의 계열회사 등을 포함한 000의 대 주주이자 실제 경영을 지배하던 피고 1 은 대생금고의 발행주식 총수 중 37.2%는 자신의 명의로, 14.7%는 000의 경리담당 전무이사로 재직했던 소외 3 의 명의로, 10.4%는 000의 경리부 부사장으로 재직했 던 소외 4 의 명의로 각 취득하여 합계 62.3%를 소유하고 있는 과점주주이다.",
            "000(이하 OOO 이라 한다)은 1997. 3. 31. 000의 총 발행주식 중 10%를 취득한 출자자이어서 위 대출금지규정에 따라 000로부터 대출을 받을 수 없는 기업이다.",
            "피고 2 는 000의 대표이사로 근무하던 1998. 6. 27.과 같은 해 7. 23.에 2억 4천만 원과 2억 5천만 원 합계 4억 9천만 원을 000에게 000의 명의로 대출하여 주면서, 000의 신용이나 재산상태 등에 관하여 충분한 조사도 하지 아니하고 또한 유효한 담보물을 확보하지도 아니하였다.",
            "그 결과 000는 현재 위 대출금 중 180,667,828원을 회수할 수 없게 되었다.",
            "피고 2 는 000의 대표이사로 근무하던 1998. 11. 24.부터 1999. 4. 19.까지 사이에 별지 출자 자대출 취급명세의 기재와 같이 모두 5회에 걸쳐 000에게 제3자 명의로 모두 31억 9천만 원을 대환하여 주었는다.{단, 같은 별지 기재 중 1999. 3. 26.자 대출금 4억 9천만 원은 위 1)항 기재의 대출금이 대환된 것 이다}.",
            "피고 3 은 같은 별지 기재 중 000에 대한 대출시 상무이사로서 근무하였다.",
            "000는 위와 같은 출자자 대출, 초과대출 등으로 재무구조가 악화되어 금융감독원으로부터 1999. 10. 18. 부터 경영지도를, 1999. 10. 22.부터 경영관리를 받았고, 2000. 1. 29. 금융감독위원회의 영업인가취소로 해산되었으며, 2000. 8. 1. 수원지방법원으로부터 파산선고를 받았다.",
            "파산선고일인 2000. 8. 1. 현재 대차대 조표상의 자료를 평가하였을 때, 실제 자산 가치 947억 6,100만 원, 실제 채무 부담액 2,495억 4천만 원으로, 완전 자본잠식 상태였다.",
            "한편, 별지 예금채권 및 채권양도 내역의 채권자 란에 기재된 예금채권자들은 대생금고에 대하여 같은 별지 예금 등 합계 란에 기재된 금액 상당의 각 예금채권을 가지고 있었다.",
            "000는 2000. 1. 14. 예금자보호법에 따라 위 예금채권자들에게 위 각 예금채권 상당액 합계 3,725,789,603원을 지급하고, 위 예금채권자들로부터 위 각 예금채권을 양수받았으며, 000는 같은 날 위 각 채권양도를 승낙하였다."
        ]
    },
    "dcss": {
        "courtDcss": [
            "헌법재판소는 2002. 8. 29. 2000헌가5·6, 2001헌가 26, 2000헌바34, 2002헌가3,7,9,12(병합) 사건에서, 이 사건 법조항 중 임원에 관한 부분은 000의 부실경영에 책임이 없는 임원에 대하여도 연대채무를 부담하게 하는 범위 내에서 헌법에 위반 된다고 한정위헌결정을 내린 바 있다.",
            "과점주주에 관한 부분은 000의 경영에 영향력을 행사하여 부실의 결과를 초래한 자 이외의 과점주주에 대하 여도 연대하여 변제할 책임을 부담케 하는 범위 내에서 헌법에 위반된다 고 한정위헌결정을 내린 바 있다.",
            "위 와 같은 헌법재판소의 결정 이후 개정된 000법 제37조의3은 임원의 경우에는 그 직무를 수행함에 있어 고의 또는 과실로 000 또는 타인에게 손해를 끼친 경우(제1항) 에, 과점주주의 경우에는 000의 경영에 영향력을 행사하여 부실의 결과를 초래한 경우 에 각 000의 예금 등과 관련된 채무에 대하여 연대변제책임을 지도록 규정하고 있다.",
            "위 법규정에 의하여 연대변제책임이 인정되는 임원 은 고의 또는 과실에 의하여 000의 부실경영에 책임이 있는 자 로, 과점주주 는 주주권을 실질적으로 행사하거나 000에 대한 자신의 영향력을 이용하여 임원에게 업무집행을 지시 또는 요구하는 등 회사 의 경영에 영향력을 행사함으로써 부실의 결과를 초래한 자 로 그 범위를 제한하여 해석함이 상당하다.",
            "피고 1 은 주식 62.3%의 주식을 가진 과점주주로서 000의 주주총회에서 임원의 선임이나 중요 안건의 처리 등의 의사결정시 그 주주권을 실질적으로 행사함은 물론 사업계획 등의 승인, 업무보고, 경영평가, 업무감사 등의 실시를 통하여 000의 임원에게 업무집행을 지시 또는 요구하는 등 000의 경영에 영향력을 행사하였고, 그 결과 000의 부실이 초래되었다 볼 것이다.",
            "피고 1 은 000 예금채권자들의 예금채권을 양수한 원고에게 000의 예금채무를 변제할 책임이 있다.",
            "위 법규정에 의하여 과점주주가 000와 연대하여 변제책임을 지는 부분은 예금 등과 관련한 채무이고, 원고가 예금자보호법에 따라 000에 대한 예금채권자들의 예금채권 3,725,789,603원을 지급하고 예금채권자들로부터 해당 예금채권을 양수한 사실은 위에서 본 바와 같다.",
            "000의 과점주주인 피고 1 은 원고가 예금채권자들에 대하여 지급한 위 예금채권 3,725,789,603원 전액을 변제할 책임이 있다.",
            "구 000법 제37조의3 제2항에 의하면 퇴임한 임원은 퇴임 전에 생긴 000의 예금 등과 관 련된 채무에 대하여 퇴임 후 3년 내에는 제1항과 동일한 책임을 진다 고 규정하여 임원의 연대변제책임에 3년의 제척기간을 두고 있다.",
            "피고 3 은 1993. 6. 30.부터 1996. 6. 30.까지, 1996. 9. 7.부터 1997. 8. 28. 까지, 1998. 9. 1.부터 1999. 3. 18.까지 모두 세 차례에 걸쳐 000의 이사로 재직하였던 사실은 앞에서 본 바와 같은바, 두 번째로 이사에서 퇴임한 1997. 8. 29.로부터 3년이 경과된 후인 2001. 11. 15. 이 사건 소가 제기된 사실은 기록상 명백하다.",
            "첫 번째와 두 번째의 재직기간 중 발생한 1996. 6. 18.자와 같은 해 11. 12.자 대출과 초과대출을 이유로 피고 3에게 위 법에 의한 연대변제책임을 묻는 부분은 제척기간에 저촉되어 원고의 이 부분 청구는 이유 없다.",
            "(제척기간이 도과된 경우 원칙적으로 각하판결을 해야 하나, 원고의 이 사건 청구 금액이 25억 원인 반면 피고 3 의 첫 번째, 두 번째 재직기간 중 발생한 출자자 대출금과 동일인 초과대출금의 합계액이 위 청구금액을 초과하여 계산상 각하 부분을 특정하기 어려워 기각하기로 한다.)",
            "구 000법 제37조의3 제1항 은 ‘임원’에서 감사를 명시적으로 제외하고 있다.",
            "임원이 자신의 재직기간 동안 자신의 행위로 말미암아 초래된 000의 부실, 즉 자신들의 행위로 발생한 예금자의 예금채권이 침해된 금액을 한도로 하여 000와 연대하여 예금자들의 예금을 반환하여야 할 채무를 부담한다고 해석함이 상당하다.",
            "이렇게 해석하지 아니하면 소 제기시로부터 3년 이전에 퇴임을 한 임원이 그 이 후 소 제기시로부터 3년 이내에 다시 임원으로 재직하였다는 우연한 사정에 의하여 이전 재직기간의 행위로 인한 책임이 좌우되는 불합리한 결과가 발생하게 된다.",
            "원고의 위 주장은 이유 없다.",
            "피고 3 은 1998. 8.경 대장암 진단을 받 아 1998. 8. 13.부터 같은 해 11.말까지 병가상태에 있었으며 병가기간을 마친 이후 1998. 12.부터 불규칙적으로 출근을 하였으나 항암치료 후유증으로 인하여 업무를 정상적으로 집행할 수 없어 1999. 3. 18. 대생금 고의 이사직에서 퇴임한 사실을 인정할 수 있다.",
            "피고 3 이 1998. 9. 1.부터 1999. 3. 18. 사이에 실질적으로 이사로서의 업무집행을 하였다고 보기 어려우므로, 피고 3 이 부실경영에 책임이 있는 임원이라는 원고의 위 주장은 이유 없다.",
            "4억 9천만 원 대출부분에 관하여 보건대, 부실경영에 책임이 있는 임원은 자신들의 행위로 발생한 예금 자의 예금채권이 침해된 금액을 한도로 연대변제책임을 부담함이 상당하다.",
            "피고 2 는 대표이사로 재직 중 출 자자인 기원관광에게 합계 4억 9천만 원을 새로이 대출하여 대생금고로 하여금 위 대출금 중 180,667,828원 을 회수하지 못하는 손해를 입게 하여 동액 상당의 부실을 초래한 사실은 앞에서 본 바와 같다.",
            "피고 2 는 예금채권의 양수인인 원고에게 위 금원을 한도로 하여 예금채무를 변제할 책임이 있다",
            "불법대출이 이루어지고 그 대출금이 회수되지 아니하였다 하더라도 이로 인하여 손해 가 발생하였다고 하기 위해서는, 그 대출에 따라 돈이 수신자에게 실제로 지급됨으로써 대출 전후에 대생금고의 적극재산이 감소되어야 할 것이다.",
            "피고 2 가 대표이사로 재직하기 이전에 이미 발생한 기존 대출채무의 변제기를 연장하기 위하여 형식적으로만 대출을 하는 대환에 있어서는 이에 의하여 수신자에게 돈이 실제로 지급되지 않은 이상 대생금고의 적극재산이 감소되는 것은 아니다.",
            "위 각 대출이 대환임을 원 고가 자인하고 있는 이상, 원고의 이 부분 주장은 이유 없다.",
            "위 신규 대출이 기존의 대출금을 회수하기 위한 불가피하고도 적절한 방법이었다는 점에 관하여는 이에 부합하는 위 소외 2 및 소외 5 의 각 증언은 믿기 어렵고 달리 이를 인정할 증거가 없다.",
            "피고 2 의 위 면책 주장은 이유 없다",
            "초과취급명세에 대환 으로 구분된 대출은 실제로 모두 대환이고, 증액대출 또는 대환 및 증액대출 이라고 구분된 대출은 실제로 최소한 그 중 일부는 대환인 것으로 인정할 수 있다.",
            "초과대출명세 중 피고 2 가 관련한 부분은 모두 대환 , 증액대출 또는 대환 및 증액대출 뿐이고 신규 는 없는바, 피고 2 가 관여한 대환부분 뿐만 아니라 증액대출이라고 기재되어 있는 부분 역시 그에 따른 대출금이 실제로 차주들에게 지급되었다고 볼 만한 증거가 없다.",
            "원고가 주장하는 피고 2 관여의 초과 대출로 말미암아 000에 손해가 발생하였다는 점은 인정되지 아니하고, 따라서 이를 전제로 한 원고의 주장은 나아가 살필 필요 없이 이유 없다.",
            "따라서 이를 전제로 한 원고의 주장은 나아가 살필 필요 없이 이유 없다."
        ]
    },
    "close": {
        "cnclsns": [
            "제1심 판결 중 원고의 피고 3에 대한 항소를 기각한다.",
            "원고의 피고 1 , 2 에 대한 제1심 판결 주문 중 제1, 2항을 다음과 같이 변경한다.",
            "원고에게, 피고 1 은 2,500,000,000원, 피고 2 는 피고 1 과 연대하여 위 금원 중 180,667,828원 및 위 각 금원에 대한 2001. 11. 20.부터 2004. 11. 4.까지는 연 5%의, 그 다음날부터 갚는 날까지는 연 20%의 각 비율에 의한 금원을 지급하라.",
            "원고의 피고 1 , 2 에 대한 나머지 각 청구를 기각한다.",
            "소송총비용 중 원고와 피고 1 사이에 생긴 부분은 피고 1 의, 원고와 피고 3 사이에 생긴 부분은 원고의, 원고와 피고 2 사이에 생긴 부분의 9÷10는 원고의, 나머지는 피고 2 의 각 부담으로 한다.",
            "제2의 가.항 중 제1심에서 가집행이 선고되지 아니한 부분은 가집행할 수 있다."
        ]
    }
}