{
    "info": {
        "caseField": "1",
        "detailField": "1",
        "trailField": "2",
        "caseNm": "구상금",
        "courtNm": "서울고등법원",
        "judmnAdjuDe": "2004. 08. 13.",
        "caseNo": "2003나70197",
        "relateLaword": [
            "자동차손해배상보장법 제3조",
            "자동차손해배상보장법 제54조",
            "자동차손해배상보장법 제4조"
        ],
        "qotatPrcdnt": [
            "대법원 1990. 2. 23. 선고 89다카22487 판결",
            "대법원 1998. 5. 8. 선고 98다6084 판결 "
        ]
    },
    "concerned": {
        "acusr": "2",
        "dedat": "1"
    },
    "org": {
        "orgJdgmnCourtNm": "서울남부지방법원",
        "orgJdgmnAdjuDe": "2003.9.2",
        "orgJdgmnCaseNo": "2001가단64176"
    },
    "disposal": {
        "disposalform": "10",
        "disposalcontent": [
            "피고들의 항소를 모두 기각한다. ",
            "항소비용은 피고들의 부담으로 한다. "
        ]
    },
    "mentionedItems": {
        "rqestObjet": [
            "피고들은 각자 원고에게 61,025,260원 및 이에 대한 2000. 7. 22.부터 2003. 5. 31.까지는 연 5%의, 그 다음날부터 다 갚는 날까지는 연 20%의 각 비율에 의한 금원을 지급한다.",
            "제1심 판결을 취소한다.",
            "원고의 피고들에 대한 청구를 모두 기각한다. "
        ]
    },
    "assrs": {
        "acusrAssrs": [
            "원고가 소외 1에게 산업재해보상보험법에 따라 보험급여를 함으로써 소외 1의 피고들에 대한 손해배상청구권을 대위취득하였으므로, 피고들은 원고에게 원고가 지급한 보험급여액의 한도에서 구상하여 줄 의무가 있다고 주장한다."
        ],
        "dedatAssrs": [
            "피고들은, 피고 2와 소외 1사이에 부제소 합의가 있었고, 위 부제소 합의의 효력은 소외 1의 권리를 대위 행사하는 원고에게도 미친다고 할 것이므로, 원고의 이 사건 소는 부적법하다고 항변한다."
        ]
    },
    "facts": {
        "bsisFacts": [
            "원고는 근로자의 업무상 재해를 보상하는 등의 사업을 위하여 산업재해보상보험법에 따라 설립된 특수법인이고, 피고 2는 (등록번호 생략) 굴삭기(이하 '이 사건 굴삭기' 라 한다)의 소유자 겸 운전자다.",
            "피고 000(이하 피고 OOO 라 한다)는 1998. 10. 8. 피고 2와 사이에, 기명피보험자를 피고 2로, 보험기간을 1998. 10. 8.까지로 하여 피보험자가 이 사건 굴삭기의 운행으로 인하여 발생한 사고로 법률상 손해배상책임을 짐으로써 입은 손해를 약관에 따라 보상하기로 하는 내용의 영업용자동차 종합보험계약 (이하 이 사건 보험계약 이라 한다)을 체결한 보험자이다.",
            "피고 2는 000(이하 OOO 이라 한다)과 사이에, 1998. 11. 1.부터 1998. 12. 31.까지 매월 550만 원을 지급받는 조건으로 000에게 이 사건 굴삭기를 임대하는 동시에 피고 2가 직접 000이 시공 중인 동해항 석회석 하역설비공사 현장에서 이 사건 굴삭기를 운전하여 모래 및 철재 운반작업을 하기로 하는 내용의 계약을 체결하였다.",
            "한편, 그 무렵 강남지질개발을 운영하는 소외 2는 000로부터 위 하역설비공사의 호퍼동 흙막이공사 중 지반보강공사를 하도급 받았으며, 소외 1은 소외 2로부터 1998. 11. 20.부터 위 지반보강공사를 완료할 때까지 매일 10만 원을 지급 받기로 하고 시추공으로 고용되어 위 하 역설비공사 현장에서 근무하였다.",
            "소외 1은 1998. 11. 21. 17 : 30경 위 공사현장 시추작업대 위에서 천공작업을 하고 있었고, 피고 2는 그 근처에서 범송건설의 공사과장 소외 3으로부터 작업지시를 받고 이 사건 굴삭기를 이용하여 자재를 운반 하고 있었다.",
            "피고 2가 이 사건 굴삭기로 자재를 옮기다가 운전부주의로 시추작업대에 연결된 철재빔을 이 사건 굴삭기 오른쪽 바퀴로 건드렸고 그 충격으로 위 작업대 위에 있던 소외 1 이 작업대 패널과 함께 약 2.5m 아래 수면으로 추락하면서 철재빔에 부딪히는 사고(이하 '이 사건 사고' 라 한다)가 발생하였다.",
            "원고는 000이 가입한 산업재해보상보험의 보험자로서 소외 1이 일급 10만 원으로 약정하고 근로를 하였으나 임금을 지급받은 적이 없었던 점등을 참작하여 일일 통상임금 72,727원 27전(=10만 원 × 8÷11)을 최초 평균임금으로 산정한 다음 소외 1에게 11,730,770원 상당의 요양급여를 제공하는 한편, 휴업급여 27,694,500원, 장해급여 21,599,990원을 지급하였다(최종지급일은 2000. 7. 21.이다)."
        ]
    },
    "dcss": {
        "courtDcss": [
            "위 인정사실에 의하면, 피고 2는 자동차손해배상보장법 제3조 소정의 자기를 위하여 자동차를 운행하는 자로서, 피고 제일화재는 이 사건 보험계약의 보험자로서, 각자 이 사건 사고의 피해자인 소외 1이 입은 손해를 배상할 의무가 있다고 할 것이다.",
            "그렇다면, 앞서 본 바와 같이 산업재해보상보험법에 따라 소외 1에게 보험급여를 한 원고는 같은 법 제54조에 의하여 지급한 보험급여액의 한도 내에서 소외 1의 피고들에 대한 손해배상청구권을 대위취득하여 피고들에게 구상할 수 있다고 할 것이다.",
            "피고들이 이 사건 보험계약 을 체결하면서 그 계약의 내용으로 한 영업용자동차보험 보통약관(을 제1호증)은 제11조 제2항 제5호 본문에서 피보험자가 피보험자동차를 사용자의 업무에 사용하는 경우 피해자가 그 사용자의 업무에 종사중인 다른 피용자로서 산업재해보상보험법에 의한 재해보상을 받을 수 있는 사람인 경우에는 보상을 하지 아니한다 고 규정하고 있는 사실이 인정된다.",
            "위 약관에서 정의하고 있는 사용자 는 근로기준법상의 사용자 또는 고용계약상 고용인 뿐 아니라 피보험자와 사실상 지휘,감독관계에 있는 자를 포함한다고 할 것이다.",
            "000은 위 약관상 피고 2의 사용자라고 봄이 상당하다.",
            "위 약관 제11조 제2항 제5호 단서에서 다만, 피용자인 기명피보험자가 개인으로서 법률상 손해 배상책임을 지는 경우에는 그 손해를 보상한다 고 규정하고 있다.",
            "결국 피고 000의 위 면책주장은 받아들일 수 없다.",
            "위 약관 제12조 제3항에 기명피보험자의 승낙을 얻어 피보험자동차를 사용 또는 관리중인 자도 피보험자에 해당한다 고 규정되어 있으므로, 000은 위 약관상 승낙피보험자에 해당된다고 할 것인데, 위 약관 제11조 제2항 제4호는 배상책임의무가 있는 피보험자의 피용자로서 산업재해보상보험법에 의한 재해보상을 받을 수 있는 사람이 다친 경우에는 보상하지 아니한다 고 규정하고 있다.",
            "위 약관 제11조 제2항 제6호에 의하면, 제4호 및 제5호의 규정은 각각의 피보험자 모두에게 개별적으로 적용한다 고 규정되어 있는바, 피해자 소외 1은 승낙피보험자인 000과의 사이에는 위 약관 제11조 제2항 제4호의 사용관계가 있으나, 기명피보험자인 피고 2와의 사이에는 그와 같은 관계가 없다.",
            "원고가 피고 2의 배상책임에 의한 구상금의 지급을 피고 000에게 직접 구하는 경우에도 피고 000는 면책을 주장할 수 없다고 할 것이다. 피고 000의 위 주장도 이유 없다.",
            "산업재해보상보험법 제54조 제1항 에 의한 구상권행사의 상대방인 제3자는 피해 근로자와 사이에 산업재해보상보험관계가 없는 자 (대법원 1998. 5. 8. 선고 98다6084 판결 참조), 즉 피해 근로자가 소속한 사업의 사업주 및 당해 사업주 소속의 근로자 이외의 자로서 피해 근로자에게 손해배상책임을 지는 자를 말한다고 할 것이다.",
            "이때 당해 사업주 소속 근로자란 근로기준법에 의한 근로자를 의미한다 할 것이다(같은법 제4조 제2호).",
            "피고 2가 이 사건 굴삭기를 임대하는 한편 그 운전자로서 000의 공사과장 소외 3으로부터 작업지시를 받고 자재 운반작업을 한 사실만으로는 피고 2가 범송건설로부터 임금을 받을 목적으로 근로를 제공하는 자 라고 할 수 없고, 달리 이를 인정할 만한 증거가 없다.",
            "따라서 피고들의 위 주장은 이유 없다.",
            "피고 2가 이 사건 굴삭기로 작업을 하고 있던 장소는 소외 1의 작업현장과 4m 정도 떨어져 있었으며 굴삭기가 이동할 수 있는 공간이 비교적 넓어 소외 1이 자신의 작업을 하는 외에 피고 2의 작업을 주시하면서 굴삭기의 운전과 관련하여 피고 2 에 게 사전에 고지할 주의의무가 있다고 보기 어려운 점, 소외 1이 안전모와 안전화를 착용하고 있었던 점 등이 있다. ",
            "이 사건 사고 발생에 기여한 소외 1의 과실이 있다고 단정하기 어렵고, 달리 이를 인정할 아무런 증거가 없으므로, 피고들의 위 주장 또한 이유 없다.",
            "원고가 지급한 휴업급여 27,694,500원, 장해급여 21,599,990원 의 합계 49,294,490원은 소외 1의 일실수입 손해 97,190,433원의 범위 내이고, 요양급여 11,730,770원은 치료비의 범위 내이므로, 원고는 결국 피고들에게 원고가 소외 1에게 지급한 보험금액 합계 61,025,260원(= 49,294,490원 + 11,730,770원)을 모두 구상할 수 있다고 할 것이다.",
            "보상금’은 위 구상액을 초과하는 소외 1 의 일실수입 손해가 여전히 남게되므로 소외 1이 원고로부터 전보받지 못한 손해에 충당된 것이라고 봄이 상당 한 바, 결국 피고들의 위 주장은 이유 없다."
        ]
    },
    "close": {
        "cnclsns": [
            "피고들의 항소를 모두 기각한다. ",
            "항소비용은 피고들의 부담으로 한다. "
        ]
    }
}