{
    "info": {
        "caseField": "1",
        "detailField": "1",
        "trailField": "1",
        "caseNm": "도메인이름말소의무부존재확인",
        "courtNm": "서울지법",
        "judmnAdjuDe": "2004. 01. 15.",
        "caseNo": "2003가합24685",
        "relateLaword": [
            "상표법 제2조 ",
            "상표법 제66조 "
        ],
        "qotatPrcdnt": []
    },
    "concerned": {
        "acusr": "2",
        "dedat": "2"
    },
    "org": {
        "orgJdgmnCourtNm": "",
        "orgJdgmnAdjuDe": "",
        "orgJdgmnCaseNo": ""
    },
    "disposal": {
        "disposalform": "10",
        "disposalcontent": [
            "원고의 청구를 기각한다.",
            "원고가 피고의 등록상표와 동일한 표장을 사용하여 등록상표의 지정상품과 동일,유사한 상품을 판매함으로 인하여 피고의 등록상표권을 침해한 이상, 그와 같은 등록상표권의 침해를 도메인 이름 등록 말소결정의 사유로 정한 이 사건 분쟁조정규정 제8조 제3항 제1호에 근거하여 이 사건 도메인 이름의 말소를 명한 도메인이름분쟁조정위원회의 결정은 정당하므로 원고는 이 사건 도메인 이름 말소의무(혹은 등록대행기관의 말소처분을 수인할 의무)가 있고, 위 위원회의 등록말소결정이 부당하므로 이 사건 도메인 이름 말소의무가 없다는 원고의 주장은 나머지 말소사유 부존재의 점에 관하여 나아가 살필 필요 없이 이유 없다.",
            "소송비용은 원고의 부담으로 한다."
        ]
    },
    "mentionedItems": {
        "rqestObjet": [
            "도메인이름분쟁조정위원회의 2003. 3. 24.자 도메인 이름 (사이트주소) (이하 이 사건 도메인 이름 이라 한다)말소결정에 의한 원고의 피고에 대한 도메인 이름 말소의무는 존재하지 아니함을 확인한다."
        ]
    },
    "assrs": {
        "acusrAssrs": [
            "도메인 이름은 인터넷상의 주소에 불과하여 도메인 이름의 등록, 사용을 상표법상 상표의 사용이라고 할 수 없다.",
            "원고는 이 사건 도메인 이름을 사용하여 홈페이지를 개설하고 특정상품을 판매,전시하고 있는 것이 아니라 이 사건 도메인 이름을 웹브라우저의 주소창에 입력할 경우 원고가 운영하는 웹사이트로 포워딩되도록해놓았을 뿐이다.",
            "위와 같은 사용은 상표법이 규정하는 상표의 사용에 해당되지 아니한다.",
            "원고가 운영하는 (사이트주소) 웹사이트 내에 피고의 상표나 상호를 표시한 바가 없으므로 피고의 상표권 혹은서비스표권(이하 간단하게 상표권이라고만 한다)을 침해한 바가 없다.",
            "피고의 상표인 000는 일본에 흔히 있는 성이므로 그 상표등록은 상표법상 무효일뿐 아니라, 상표로 등록된 후3년간 사용되지 아니하여 그 등록이 취소되어야 한다.",
            "현재 상표로 등록되어 있다 하여도 피고는 원고에게 등록상표권자로서권리를 주장할 수 없다.",
            "피고의 등록상표는 한국 내에서 일반수요자에게 널리 인식되어 있지 아니할 뿐만아니라 수요자들이 이 사건 도메인 이름을 입력하여 원고의 웹사이트를 방문하게 되더라도 원고가 판매하는 제품은 일본 와코도사의제품이라는 것이 명백하게 표시되어 있다.",
            "상품출처나 영업주체의 혼동 혹은 피고 표지의 식별력이나 명성을 손상할 우려가없다.",
            "도메인 이름은 먼저 등록한 자에게 그 권리가 인정되는 것인데, 원고가 먼저 등록한 이 사건 도메인 이름이 피고의 상표와 동일, 유사하다는 이유만으로 도메인 이름 등록에 부정한 목적이 있다고 판단할 수 없다.",
            "피고는 한국법인이 아니어서 .co.kr로 끝나는 이 사건 도메인 이름을 등록받을수 없으므로 원고에 대하여 그 사용을 금지할수 없다."
        ],
        "dedatAssrs": []
    },
    "facts": {
        "bsisFacts": [
            "원고는 일본의 000사로부터 유아용 식품을 수입한 후, 국내 인터넷의 주소관리 전문기관인 000에 (사이트 주소)라는 도메인 이름을 등록하고 그 이름으로 개설한웹사이트에서 위 와코도사 제품을 판매하고있는 회사이다.",
            "2001. 5. 14. 위 000에 이 사건 도메인 이름을 등록한 후 인터넷 웹브라우저의 주소창에 이를 입력하면 곧바로 자신의 (사이트 주소) 홈페이지로 이동하도록 연결(위와 같은 방식의 인터넷상의 주소간 연결을 포워딩이라 한다)하여 놓았다(피고와 분쟁이 생긴 이후에는 위와 같은 포워딩을 해제시켜 놓은 상태이다).",
            "피고는 1910. 2. 23. 현재와 같은 상호로 법인으로 설립되기 이전인 1899.경부터 그 상호인 000의 일본어 발음에 대한 로마자표기인 000라는 표장을 이용하여 일본에서 각종 과자, 음료 등 식품을 판매하여 온회사이다.",
            "1989.경부터1994.경 사이에 별지 목록 제1 내지 7 기재와 같은 상표 및 서비스표를 국내에 등록한후 1996.경부터 일본국의 000를 통하여, 2001.경부터는 000를 통하여 자사의 제품을 한국에 수출하여 판매하고 있다.",
            "피고는 2003. 2. 22. 원고가 등록한 이 사건 도메인 이름이 자신이 등록한 상표또는 서비스표와 동일하고, 그 웹사이트에서판매하는 제품이 등록상표의 지정상품과 동일 또는 유사하다는 이유로 원고를 상대로 도메인이름분쟁조정위원회에 이 사건 도메인 이름의 말소를 명할 것을 요구하는 분쟁조정신청을 하였다.",
            "신청인의 요청에 따라구성된 3인 조정부는 이 사건 도메인이름의 주요부인 000는 피고의 국내 등록상표와 동일하다.",
            "원고의 전문 인터넷 쇼핑몰인(사이트 주소)에서전시 또는 판매되는 상품들인 감자 야채 샐러드, 아기 밀크 웨하스, 야채 비스켓, 호박죽, 쌀죽, 당근 크림죽, 야채스프, 베이비우동, 호박 쿠키, 꼬마 도넛츠, 야채스틱 크래커 등도 피고 등록상표의 지정상품들과 유사하므로 원고의 이 사건 도메인 이름의 사용은 국내에 등록된 피고의 상표권에 대한 침해에 해당한다.",
            "피고의 상표가국내 수요자에게 널리 인식되어 있다는증거는 없지만, 일본국 수요자들에게는 널리 알려진 상표로 인정된다.",
            "원고는 피고의상표와 무관한 자이면서도 일본에서 잘 알려진 상표인 000와 같이 일본의 상표인 000의 제품을 수입하여 국내에 판매하면서 이사건 도메인 이름을 등록하고 자신이 운영하는 (사이트 주소)에 링크 또는 포워딩되게 한 것은 000 상품에 대한 국내 수요자를 000 상품으로 유인하기 위한 부정한 목적이 있는 것으로 보인다는 이유로 이 사건 도메인 이름의 말소를 결정하였다.",
            "원고는 위와 같은 결정이 있은 날로부터 14일 내에 이 사건 소를 제기하였다."
        ]
    },
    "dcss": {
        "courtDcss": [
            "원래 숫자의 조합으로 표시되는 컴퓨터의 주소를 그에 대응하는 문자의 조합인 도메인 이름으로 표시할 수 있도록 한 것 자체가문자로 된 이름을 컴퓨터의 주소로 이용함으로써 웹사이트의 식별력을 높이려는 의도에서 비롯된 것이다.",
            "도메인 이름이 컴퓨터의 주소로서의 기능을 가지고 있다고 하더라도 현재의 인터넷이용자들에게 그 등록자의상호, 명칭, 상표 등을 반영하기도 한다는 사실이 잘 알려져 있어 사실상 등록자나 상품, 서비스를 식별하는 기능을 가지고 있는 경우가 많다.",
            "도메인 이름의 이와 같은 기능에 따라 대부분의 상표권자들은 자신의 상표를 도메인 이름으로 등록하려 하고 있고, 일반 수요자들도 도메인이름과 상표권자를 연결시켜 생각하는 경향이 높아지고 있다.",
            "인터넷이용자들 사이에서는 미지의 홈페이지를 찾아갈 때 검색엔진을 사용하는 방법 이외에도 상표의 이름에 .co.kr 이나 .com 등을 붙여서 찾아가는 경향이 있는 점 등을 종합하여 보면, 인터넷 사이트에서 제공하는 상품이나 서비스와 무관하게 단순히 인터넷 주소를 나타내는 수단으로 도메인 이름을 사용하는 경우를 제외하면 도메인 이름의 등록, 사용은 제품이나 서비스의 출처를 표시한다는의미에서 상표법상 상표로서 사용될 수있다고 할 것이다.",
            "(상표법 제2조 제6호 (다)목의 광고, 간판, 표찰에 상표를 표시하는행위에 해당된다고 할 것이다.)",
            "다만, 도메인 이름이 상표법상 상표로서 사용될 수 있다고 하더라도 도메인 이름의등록, 사용 자체만으로 상표법상의 상표적 사용이 되는 것은 아니고 그 도메인 이름하에 개설한 웹사이트의 구체적 사용태양을고려하여야 상표법에서 규정한 상표의사용에 해당되는지 여부를 확정할 수 있다고 할 것이다.",
            "웹사이트의 사용태양은, 도메인 이름을 등록하기만 하고 그 웹사이트에서 아무런 영업을 하지 아니하는 경우, 도메인 이름을 등록한 후 웹사이트를 개설하여 도메인 이름에 포함된 등록상표의 지정상품의 판매와 무관하게 비영리적으로 운영하는 경우, 그 등록상표의 지정상품과 전혀 무관한 상품판매나 영업을 하는 경우, 그 등록상표의 지정상품과 동일, 유사한 상품 판매나 영업을 하는 경우로 나누어 볼 수 있다.",
            "위 ① 내지 ③의 경우에는 도메인 이름에 상품의 출처표시기능이 없거나 상품의 출처에 대한 혼동의 우려가 없으므로 상표법상의 사용이 아니거나 상표의 침해에 해당한다고 할 수 없다.",
            "위 ④의 경우에는 그 웹사이트 내에 등록상표를 직접 표시하거나 그 상표와 어떠한 연관이 있는 듯한표시를 하지 아니하더라도 등록상표와동일하거나 유사한 도메인 이름에 이끌려 그 웹사이트를 방문한 수요자들로서는 그 웹사이트에서 판매하는 등록상표의 지정상품과 동일, 유사한 상품을 등록상표권자의 상품으로 오인할 여지가 있다.",
            "이러한 경우는 도메인 이름의 등록, 사용이 상표법상의 상표적 사용에 해당하여 상표권의 침해를 구성한다고 할 것이다.",
            "원고는 이 사건 도메인 이름을 웹브라우저의 주소창에 입력하면 곧바로 자신이 개설한 웹사이트로 이동하도록 하는 소위 포워딩 방식을 채택하였다.",
            "위와 같은 포워딩에 의한 웹사이트간의 이동은 기술적으로 순식간에 일어나므로 수요자들로서는 이사건 도메인 이름을 거쳐 원고가 개설한 웹사이트로 이동한다는 것을 느끼기가 어렵다.",
            "웹브라우저의 주소창에 이 사건 도메인 이름을 입력한 수요자는 통상 그 후 웹브라우저의 주소창상 인터넷 주소의 변동에 관하여 별다른 신경을 쓰지 아니하고 자신이 도메인 이름을 입력한 결과 화면에 표시된 웹사이트가 자신이 찾고자 하는 웹사이트라고 생각하기 쉽다.",
            "수요자가 자신이 입력한 도메인 이름에 해당하는 사이트에서 다른 사이트로 이동한 것을 알게 되더라도 옮겨진 사이트는 자신이 입력한 도메인 이름에 해당하는 사이트와 어떠한 경제적, 인적, 조직적 연계가 있다고 생각하기 쉬운 점 등을 고려하면, 원고가 포워딩 방식을 사용하고 있다고 하더라도 그 실질은 이 사건 도메인 이름하에 웹사이트를 개설하여 상품을 판매하고 있는 것과 다를 바가 없다.",
            "포워딩 방식에 의한 도메인 이름의 등록, 사용도 상표법상 상표적 사용에 해당된다.",
            "위에서 본 바와 같이 이 사건 도메인 이름은 (사이트 주소)이고 피고의 등록상표는 로마자 000를 단독으로 혹은 천사모양의 도안과 결합하여 사용한 것으로서 이 사건 도메인 이름의 주요 부분인000는 외관 및 호칭에서 피고의 등록상표와 동일한 사실이 인정된다.",
            "원고의 판매상품인 감자 야채샐러드, 아기 밀크 웨하스, 야채비스켓, 호박죽, 쌀죽, 당근크림죽, 야채스프, 베이비우동, 호박 쿠키, 꼬마 도넛츠, 야채스틱 크래커 등은 피고 등록상표 중 제0183262호의 지정상품인 건과자, 약과자, 아이스케이크, 비스킷, 카스텔라, 크래커, 쿠키, 웨이퍼스 등과, 제0285781호의 지정상품인 카스텔라, 비스켓, 쿠키, 캔디, 캐러멜, 쵸코렛, 웨이퍼스, 크래커 등과,",
            "제0288628호의 지정상품인 쌀, 국수 등과 재료, 성질, 판매처, 수요자 등이 비슷하여 동일 혹은 유사한 상품으로 인정된다.",
            "원고는 피고의 등록상표와일한 표장을 사용하여 그 등록상표의 지정상품과 동일, 유사한 상품을 판매함으로 인하여 피고의 등록상표권을 침해하였다.",
            "흔히 있는 성을 보통으로 사용하는 방법으로 표시한 것인지 여부는 위 등록상표권의 효력이 미치는 국내를 기준으로 판단하여야할 것인데, 위 000라는 명칭이 일본에 흔히 있는 성이라고 하더라도 국내에 흔히 있는성이라고 할 수는 없다.",
            "이를 전제로 한 원고의 주장은 나아가 살필 필요 없이 이유 없다.",
            "등록상표를 3년간 사용하지 아니하여 취소사유가 발생하였다고 하더라도 취소심판이 제기되기 전에 다시 사용을 개시하면 취소의 대상이 아니라고할 것이다.",
            "위 1.의 나.에서 본 바와같이 피고가 1996.경부터 일본국의 000를 통해, 2001.경부터는 000를 통해 자사의 제품을 한국에 수출하여판매하고 있다.",
            "설사 피고가 등록상표를 3년간 사용하지 아니하여 상표등록의 취소사유가 발생하였다고 하더라도 취소심판이 제기되기 전에 피고가 다시 사용을 개시한 이상 피고의 등록상표에 등록취소사유가있음을 전제로 하는 원고의 주장은 나아가 살필 필요 없이 이유 없다.",
            "이 사건 분쟁조정규정 제8조 제3항 제1호는 등록상표권에기한 방해배제청구권의 일환으로서 등록상표와 유사한 명칭을 도메인 이름으로 사용하지 못하게 하는 것일 뿐, 피고의 이 사건 도메인 이름 등록자격과는 무관한 것이므로 원고의 위 주장은 나아가 살필 필요 없이 이유 없다.",
            "위에서 본 바와 같이 원고가 피고의 등록상표와 동일한 표장을 사용하여 등록상표의 지정상품과 동일, 유사한 상품을 판매함으로인하여 피고의 등록상표권을 침해한 이상, 그와 같은 등록상표권의 침해를 도메인 이름등록 말소결정의 사유로 정한 이 사건 분쟁조정규정 제8조 제3항 제1호에 근거하여 이 사건 도메인 이름의 말소를 명한 도메인이름분쟁조정위원회의 결정은 정당하다.",
            "원고는 이 사건 도메인 이름 말소의무(혹은 등록대행기관의 말소처분을 수인할 의무)가 있다.",
            "위 위원회의 등록말소결정이 부당하므로 이 사건 도메인 이름 말소의무가 없다는 원고의 주장은 나머지 말소사유부존재의 점에 관하여 나아가 살필 필요없이 이유 없다. "
        ]
    },
    "close": {
        "cnclsns": [
            "원고의 청구를 기각한다.",
            "소송비용은 원고의 부담으로 한다."
        ]
    }
}