{
    "info": {
        "caseField": "1",
        "detailField": "1",
        "trailField": "2",
        "caseNm": "손해배상(기)",
        "courtNm": "서울고등법원",
        "judmnAdjuDe": "2003. 11. 25.",
        "caseNo": "2003나37145",
        "relateLaword": [
            "구 부동산등기법(1996. 12. 30. 법률 제5205호로 개정되기 전의 것) 제40조",
            "구 부동산등기법(1996. 12. 30. 법률 제5205호로 개정되기 전의 것) 제55조 ",
            "구 부동산등기법(1996. 12. 30. 법률 제5205호로 개정되기 전의 것) 시행규칙 제58조",
            "구 부동산등기법(1996. 12. 30. 법률 제5205호로 개정되기 전의 것) 제54조"
        ],
        "qotatPrcdnt": []
    },
    "concerned": {
        "acusr": "2",
        "dedat": "3"
    },
    "org": {
        "orgJdgmnCourtNm": "서울지방법원",
        "orgJdgmnAdjuDe": "2003. 5. 13.",
        "orgJdgmnCaseNo": "2001가합24179"
    },
    "disposal": {
        "disposalform": "10",
        "disposalcontent": [
            "원고의 항소를 기각한다.",
            "항소비용은 원고의 부담으로 한다.\n\n"
        ]
    },
    "mentionedItems": {
        "rqestObjet": [
            "제1심 판결을 취소하고, 피고는 원고에게 1,670,978,262원과 이에 대하여 1999. 2. 12.부터 이 사건 소장부본 송달일까지는 연 5%, 그 다음날부터 다 갚는 날까지는 연 20%의 각 비율로 계산한 금원을 지급한다."
        ]
    },
    "assrs": {
        "acusrAssrs": [
            "원고는 이 사건 청구원인으로, 등기공무원에게는 구 부동산등기법 제40조, 제55조 제8호에 의하여 등기신청시 등기의무자의 권리에 관한 등기필증이나 이에 갈음하는 서면이 첨부되지 아니한 경우 등기신청을 각하하여야 할 직무상의 심사의무가 있다.",
            "그럼에도 불구하고 서울지방법원 동작등기소 등기관 소외 00는 이를 간과하여 등기필증이나 이에 갈음하는 서면이 첨부되어 있지 아니한 000의 위 근저당권설정등기 신청을 각하하지 않고 수리하여 근저당권설정등기를 경료하여 줌으로써, 원고로 하여금 1순위로 근저당권을 설정하였을 경우 위 경매절차에서 배당받을 수 있었던 1,670,978,262원 상당의 손해를 입게 하였다.",
            "피고는 등기관의 직무집행상 법령에 위반한 과실로 인하여 원고가 입은 위 배당금 상당의 손해를 배상할 의무가 있다고 주장한다."
        ],
        "dedatAssrs": []
    },
    "facts": {
        "bsisFacts": [
            "원고는 1996. 2. 23. 소외 00과 사이에 그 소유 0000(지번 1 생략), 0000(지번 2 생략) 양지상(명칭 생략) 건물 1층 103호(이하 위 건물 전체를 칭할 때는 이 사건 부동산 이라고 하고, 그 중 1층 103호만을 칭할 때는 이 사건 건물 이라고 한다)에 관하여 임대보증금 19억 원, 임대차기간 1996. 5. 21.부터 2년간으로 정하여 임대차계약을 체결했다.",
            "원고는 같은 해 5. 22. 까지 3차례에 걸쳐 위 임대보증금 19억 원을 모두 지급한 후, 같은 해 7. 24. 위 임대차보증금반환채권을 담보하기 위하여 채권최고액 24억 7,000만 원으로 하는 근저당권설정계약을 체결하면서 이 사건 건물에 대한 등기필증을 포함한 근저당권설정등기에 필요한 서류 일체를 교부받아 같은 해 7. 30. 이 사건 건물에 관하여 근저당권설정등기를 신청하였다.",
            "000(이하 OOO이라 한다)는 1996. 7. 26. 소외 00과 사이에 이 사건 부동산에 관하여 채권최고액 350억 원 및 채권최고액 250억 원으로 하는 근저당권설정계약을 각 체결하고 같은 해 7. 29. 이 사건 건물에 관하여 근저당권설정등기를신청하여 위 등기소 같은 날 접수 제29309,29310호로 채권최고액 350억 원과 250억 원인 000 명의의 1, 2순위 근저당권설정등기가 경료되었다.",
            "위 근저당권설정등기 신청서에는 등기의무자인 소외 00의 등기필증이나 이에 갈음하는 서면이 첨부되어 있지 않았다.",
            "이 사건 건물에 관하여 위 각 근저당권설정등기 이외에도 위 등기소 1996. 11. 13. 접수 제43566,43567,43568호로 채권최고액 60억 원, 50억 원, 100억 원인 대신증권 명의의 4,5,6 순위 근저당권설정등기가 각 경료되었다.",
            "000은 1998. 2. 19.경 위 근저당권에 기하여 서울지방법원 98타경7477호로 이 사건 부동산에 관하여 임의경매를 신청하였다.",
            "그에 따라 이 사건 부동산은 1998. 12. 22. 000에 389억 1,000만 원에 낙찰되었으며(다만 이 사건부동산 중 1층 104호는 경매법원의 개시결정 취소로 제외되었다), 경매법원은 배당기일인 1999. 2. 11. 000에 이 사건 건물의 경락대금 중 1,670,978,262원을 배당하였다."
        ]
    },
    "dcss": {
        "courtDcss": [
            "000의 위 근저당권설정등기신청은 1996. 7. 29. 16:00경 접수되었고, 원고의 근저당권설정등기신청은 같은 달 30. 10:00경 접수번호 제29393호로 접수된 사실, 등기관 소외 00는 원고와 000의 이 사건 건물에 관한 각 근저당권설정등기신청을 포함한 이 사건 부동산에 관한 여러 건의 근저당권설정등기신청에 대한 심사를 함께하면서 위 000의 이 사건 건물에 관한 등기신청서에 등기필증이 첨부되어 있지 않다.",
            "원고와 000의 위 각 신청이 동일한 부동산에 관한 것이므로 원고의 신청서에 첨부된 등기필증을 원용하여 000의 등기신청상의 흠결이 보정된 것으로 판단하고 접수번호에 따라 1, 2순위로 000의 위 각 근저당권설정등기를, 3순위로 원고의 근저당권설정등기를 각 경료한 사실을 인정할 수 있다.",
            "법 제40조에 의하면, 등기의무자의 권리에 관한 등기필증이 등기신청시 필요한 서면의 하나로 규정되어 있고, 법 제55조 제8호에 의하면 등기관은 신청서에 필요한 서면 또는 도면을 첨부하지 아니한 때에는 이유를 기재한 결정으로써 신청을 각하하여야 한다고 규정되어 있다.",
            "위 등기관이 000의 등기신청서에 등기의무자의 권리에 관한 등기필증이 첨부되어 있지 않음에도 원고의 등기신청서에 첨부되어 있는 등기필증을 대용하여 000 명의의 위 각 선순위 근저당권설정등기를 경료한 것은 일응 등기관으로서의 형식적 심사의무를 위반한 것이라 할 것이다.",
            "등기관은 근저당권설정등기 신청서를 접수하였으면 원칙적으로 법 제54조에 의하여 접수번호의 순서에 따라 근저당권설정등기를 하여야 하고, 등기신청에 흠결이 있는 경우에 간이하게 그 흠결이 보정될 수 있는 경우임에도 단지 법 제55조 제8호 소정의 사유에 해당한다는 이유만으로 곧바로 각하할 수 없다.",
            "법 제40조에서 등기의무자의 권리에 관한 등기필증이나 이에 갈음하는 서면을 등기신청시 첨부서류로 정하고 있는 것은 등기의무자가 진정한 등기부상 소유자임을 확인하여 등기의무자의 의사에 기하지 않은 부실, 무효의 등기를 방지하기 위한 데에 그 규범의 보호목적이 있는 것이다.",
            "이 사건의 경우와 같이 쉽게 보정할 수 있는 필요서면인 등기필증을 첨부하지 아니한 선순위 등기신청인을 배제하고 이를 첨부한 후순위 등기신청인에게 우선적 지위를 부여하는 것이 위 조항의 취지는 아니다.",
            "등기관으로서는 000에 등기필증첨부의 흠결보정을 명하고 그 흠결을 보정하지 아니하는 때에 등기신청을 각하할 수 있는 것이며, 등기의무자인 소외 00의 진정한 의사에 따라 000의 위 각 근저당권설정등기신청이 이루어진 이상 만일 등기관이 흠결보정을 명하였더라면 그 흠결은 보정될 수 있었다 할 것이고, 따라서 달리 반증이 없는 한 000의 등기신청이 각하될 것은 아니라 할 것이다.",
            "비록 등기관이 000에 흠결의 보정을 명하지 아니하고 원고의 등기신청서에 첨부된 등기필증의 대용을 인정하여 곧바로 대신증권 명의로 선순위의 각 근저당권설정등기를 경료한 위법사유가 있었다고 하더라도, 그러한 위법은 000이 선순위근저당권자로서 근저당부동산에 관한 경매절차에서 우선 배당받아 원고가 배당을 받지 못하게 되는 손해의 발생과 규범적인 인과관계가 있다고 볼 수 없다. ",
            "등기관의 직무집행상 법령에 위반한 과실로 인하여 손해를 입게 되었음을 전제로 하는 원고의 주장은 더 나아가 살펴볼필요 없이 이유 없다."
        ]
    },
    "close": {
        "cnclsns": [
            "원고의 항소를 기각한다.",
            "항소비용은 원고의 부담으로 한다."
        ]
    }
}