{
    "info": {
        "caseField": "1",
        "detailField": "1",
        "trailField": "2",
        "caseNm": "대여금",
        "courtNm": "서울중앙지법",
        "judmnAdjuDe": "2004. 06. 25.",
        "caseNo": "2003나35153",
        "relateLaword": [
            "민법 제108조"
        ],
        "qotatPrcdnt": [
            "대법원 2002. 10. 11. 선고 2001다7445 판결(공2002하, 2670) "
        ]
    },
    "concerned": {
        "acusr": "2",
        "dedat": "1"
    },
    "org": {
        "orgJdgmnCourtNm": "서울지법",
        "orgJdgmnAdjuDe": "2003.6.24.",
        "orgJdgmnCaseNo": "2002가단291542"
    },
    "disposal": {
        "disposalform": "10",
        "disposalcontent": [
            "제1심판결을 취소한다.",
            "원고의 청구를 기각한다.",
            "소송총비용은 원고의 부담으로 한다."
        ]
    },
    "mentionedItems": {
        "rqestObjet": [
            "피고는 원고에게 금 27,340,626원 및 그 중 금 13,000,000원에 대하여 2002. 10. 8.부터 갚는 날까지 연 24%의 비율에 의한 금액을 지급한다.",
            "원고의 청구를 기각한다.",
            "원고의 청구를 기각한다.",
            "소송총비용은 원고의 부담으로 한다."
        ]
    },
    "assrs": {
        "acusrAssrs": [
            "원고가 위 대출금의 지급을 구한다."
        ],
        "dedatAssrs": [
            "피고는 위 대출계약은 허위표시로서 무효라고 주장한다."
        ]
    },
    "facts": {
        "bsisFacts": [
            "피고는 1997. 7. 28. 000(이하 OOO 이라 한다)이 신축하는 0000 외 5필지 상 0000 00000 148세대 중 0000 23평형(이하 '이 사건 아파트' 라 한다)에 관하여, 이를 000로부터 분양받기로 하는 내용의 분양계약을 체결했다.",
            "피고는 000(1998. 7. 1. 000에게 합병되었고, 000는 1998. 12. 30. 000에게 합병되었으며, 000는 2003. 10. 1. 소송수계인에게 합병되었다. 이하 원고 라 한다)와 사이에 위 아파트 분양대금 중 잔대금 13,000,000원에 대한 대출계약을 체결하였다.",
            "000은 1997.경 위의 아파트 건설을 추진하면서 신축예정인 아파트를 선분양하기로 하되, 수분양자들로부터 분양계약금을 지급받는 외에, 아파트 평형별로 1,300만 원 또는 3,500만 원을 수분양자가 원고로부터 대출을 받되, 그 대출금은 분양대금의 일부로 충당하며, 원고가 000에 직접 지급하여 공사자금으로 사용하기로 하였다.",
            "000은 신축예정인 아파트의 상당량이 분양되지 않은 상태에서 아파트 신축공사를 진행하던 중 자금이 부족하여 부도 위험에 직면하게 되자, 아파트를 분양받은 바 없는 수분양자들의 명의를 이용하여 아파트가 분양된 것처럼 하여 그들의 명의로 대출을 받아 자금에 충당하기로 하였다.",
            "이에 따라 설비공사 수급인인 00은 1997. 7. 28. 000이 지정한 0000 근처 다방으로 직원인 피고를 비롯한 지인 여러 명을 데리고 갔는데, 위 다방에는 000 대표이사 및 이사 00, 원고의 대출담당자 및 그 부하직원과 다른 수급인들이 데려온 사람들 수십 명이 모였다.",
            "이에 피고를 비롯한 38명 정도가 그 자리에서 일률적으로 분양계약서 및 주택할부금융약정서와 그에 관계된 서류를 작성하였는데, 당시 피고 등 계약 명의자들은 분양계약금을 지급한 바도 없이 그 기재 내용과는 달리 형식적으로 분양계약서를 작성하였고, 피고는 그 아파트의 평형에 따라 잔대금 중 1,300만 원에 대하여 주택할부금융약정서를 작성한 사실이 인정된다.",
            "원고는 피고 명의의 대출금 13,000,000원을 약정에 따라 직접 000의 계좌에 송금하였고, 그 대출금에 대한 상환금은 수분양자가 납부하도록 되어 있었음에도 피고에 대한 대출금의 상환금은 그 이후 상당한 기간 동안 000이 그 계좌에서 직접 원고에게 지급하여 왔던 사실이 인정된다.",
            "원래 예정한 대로 000이 위의 아파트를 완공한 후 원고에게 근저당권을 설정하여 주었더라면 수분양자들 명의의 대출금을 원고가 확보함에 아무런 지장이 없었을 것인데, 000이 피고 등의 명의로 분양계약서를 작성한 아파트 중 이 사건 아파트를 포함한 상당수를 다시 제3자에게 분양함으로써 원고가 피고 명의의 대출금에 대하여 근저당권을 설정받지 못한 사실이 인정된다.",
            "이후 000의 부도에 따라 위 대출금 상환이 어렵게 되자, 000의 경영진은 대출회수를 담당하던 원고의 직원 00, 00과 함께 피고를 포함한 대출 명의자들에게 불이익이 가지 않도록 대책을 논의하였고, 000 감사 00이 소유권청구권가등기를 한 아파트 10세대와 00이 소유한 아파트 10세대를 위 대출금 변제를 위하여 원고에게 제공하려고 했던 사실 등을 인정할 수 있다."
        ]
    },
    "dcss": {
        "courtDcss": [
            "원래 원고는 이 사건 아파트를 분양받는 자에게 대출을 하는 것이지만, 원고로서는 그 대출액이 아파트의 가액에 비하여 소액이어서 아파트에 대한 근저당권을 취득하는 것이 확보된다면 대출액의 회수에 장애가 없게 되고, 그 아파트는 당시 거의 완공되어(1998. 2. 24. 소유권보존등기가 이루어졌다.) 장차 000 명의로 소유권보존등기된 후 수분양자에게 이전되는 것이어서 000의 협력만 얻을 수 있다면 근저당권의 취득 또한 보장되는 상황이었다.",
            "000은 피고에게 이 사건 아파트를 분양할 의사가 전혀 없이, 피고를 형식상의 수분양자로 내세워 분양계약을 체결한 다음, 피고 명의로 원고와 대출계약을 체결하여 대출금을 활용하고자 하였다. ",
            "원고 또한 이러한 사정을 양해하여, 피고 명의로 대출을 해주더라도 대출명의자인 피고의 보증인이 되는 000로부터 대출금을 회수할 수 있고 또한, 그 물적 담보 또한 위와 같이 확보가 가능하다고 판단한 나머지 피고에게는 대출금 채무자로서의 책임을 지우지 아니할 의도하에 이 사건 대출계약을 체결한 것이다.",
            "만일 그러한 의사가 아니었다면 피고가 분양계약금도 지급하지 아니한 상태로 다른 수십명과 같이 일시에 분양계약서를 작성한 자에 불과함을 원고가 알고서도 피고의 신용도조차 조사하지 아니한 채 적지 않은 금액을 대출하지는 않았을 것이라고 보아야 할 것이다.",
            "피고는 형식상의 대출 명의를 빌려 준 자에 불과하여 위 대출계약의 실질적 당사자는 원고와 000이라 할 것이고, 피고 명의로 작성된 주택할부금융 약정서는 원고의 양해하에 그에 따른 채무 부담의 의사 없이 형식적으로 이루어진 것에 불과하여 통정허위표시에 해당하는 무효의 법률행위라 할 것이므로, 원고의 주장은 더 나아가 살펴볼 필요 없이 이유 없다."
        ]
    },
    "close": {
        "cnclsns": [
            "제1심판결을 취소한다.",
            "원고의 청구를 기각한다.",
            "소송총비용은 원고의 부담으로 한다."
        ]
    }
}