{
    "info": {
        "caseField": "1",
        "detailField": "2",
        "trailField": "1",
        "caseNm": "가처분이의",
        "courtNm": "서울지법",
        "judmnAdjuDe": "2003. 07. 04.",
        "caseNo": "2003카합980",
        "relateLaword": [
            "상법 제393조 ",
            "민법 제681조 ",
            "상법 제402조",
            "상법 제382조"
        ],
        "qotatPrcdnt": [
            "대법원 1997. 6. 13. 선고 96다48282 판결(공1997하, 2151)"
        ]
    },
    "concerned": {
        "acusr": "2",
        "dedat": "1"
    },
    "org": {
        "orgJdgmnCourtNm": "",
        "orgJdgmnAdjuDe": "",
        "orgJdgmnCaseNo": ""
    },
    "disposal": {
        "disposalform": "10",
        "disposalcontent": [
            "채권자와 채무자 사이의 이 법원 2003카합763호 부동산처분행위금지가처분 신청사건에 관하여 이 법원이 2003. 3. 22.에한 가처분결정을 인가한다",
            "소송비용 중 보조참가로 인한 부분은 채무자보조참가인의 부담으로 하고, 그 나머지 부분은 채무자의 부담으로 한다."
        ]
    },
    "mentionedItems": {
        "rqestObjet": [
            "채권자와 채무자 사이의 이 법원 2003카합763호 부동산처분행위금지가처분 신청사건에 관하여 이 법원이 2003. 3. 22.에한 가처분결정을 인가한다.",
            "소송비용 중 보조참가로 인한 부분은 채무자보조참가인의 부담으로 하고, 그 나머지 부분은 채무자의 부담으로 한다."
        ]
    },
    "assrs": {
        "acusrAssrs": [
            "채권자는 채무자가 이 사건 부동산을 처분함에 있어 000의 적법한 이사회결의를 거친 바 없다고 주장한다."
        ],
        "dedatAssrs": [
            "채무자는 채권자의 대표이사인 00에 대한 이사선임결의가 무효이므로 그가 채권자를 대표하여 제기한 이 사건 신청은 부적법하다는 취지로 항변한다."
        ]
    },
    "facts": {
        "bsisFacts": [
            "섬유류 제조, 염색 및 가공판매업 등을 목적으로 하는 신청외 000(이하 'OOO'이라 한다)은 1998. 9. 10. 이 법원으로부터 회사정리절차 개시결정을 받았으나, 2002. 11. 19. 회사정리절차 종결결정을 받아 정리절차가 종료되었다.",
            "채무자는 2002. 12. 10. 000에 대한 위 정리절차가 진행중인 2002. 11. 7. 법원의 선임허가를 얻어 대표이사로 취임한 신청외 00의 후임으로 OOO의 대표이사로 취임하여 현재까지 재직하고 있다.",
            "채권자는 OOO의 발행주식총수 중 33.03%의 주식을 보유하고 있는 OOO의 최대주주이다.",
            "채무자는 2002. 12. 23. OOO 대표하여 신청외 000(그 후 상호를 '000'로 변경하였다)와 사이에 OOO 소유의 별지 목록 기재 부동산(이하 '이 사건 부동산'이라 한다)을 매매대금 160억 6,400만 원에 매도하되, 계약금 10억 원은 계약 당일, 중도금 6억 640만 원은 2002. 12. 24., 잔금은 2003. 3. 24. 지급받기로 하는 내용의 매매계 약(이하 '이 사건 계약'이라 한다)을 체결하였다.",
            "그 무렵 이 사건 계약 제11조 제3항에 기하여 매수인 명의를 참가인으로 변경한 매매계약서를 2002. 12. 23.자로 매매일자를 소급하여 작성하여 주었다."
        ]
    },
    "dcss": {
        "courtDcss": [
            "상법 제393조 제1항은 중요한 자산의 처분 및 양도 등 회사의 업무집행은 이사회의 결의로 한다고 규정하고 있는바, 위 규정에 의하면 이사회는 법률이나 정관 등으로 주주총회의 권한으로 규정한 이외의 모든 업무집행에 대하여 회사의 의사를 결정하는 권한을 가진다고 할 것이다.",
            "법률 또는 정관 등의 규정에 의하여 주주총회 또는 이사회의 결의사항으로 되어 있지 아니한 업무라 하더라도 이사회가 일반적, 구체적으로 대표이사에게 위임하지 않은 업무 중 일상 업무에 속하지 아니한 중요한 업무에 대하여는 여전히 이사회에게 그 의사결정권한이 있다고 할 것이다.",
            "OOO의 자산총액, 사업목적, 자본금, OOO에 대한 회사정리절차의 경과 등 기록 상 인정되는 OOO의 경영상태에 비추어 보면 이 사건 부동산은 상법 제393조 제1항 소정의 중요한 자산에 해당함이 명백하므로 그 처분에는 이사회의 결의를 요한다고 볼 것이다.",
            "가사 채무자 주장대로 이 사건 부동산이 2002. 12. 24.자로 개정된 000의 이사회규정(이하 개정 '이사회규정'이라 한다)에 의한 이사회부의사항인 최근 사업연도말 자산총액의 10% 이상에 상당한 중요자산에는 해당하지 않는다 하더라도 앞서 본 바와 같이 위 상법 소정의 '중요한 자산'에 해당한다고 해석된다.",
            "그 자산의 처분이 일상성, 반복계속성을 가진다고 볼 아무런 소명도 없는 이상 개정 이사회규정에 규정된 가액 이하의 부동산이라 하여 이사회 결의 없이 대표이사 임의로 처분할 수 있다고 보기는 어렵다.",
            "채무자는 애초부터 개정 이사회규정에 터잡아 이 사건 부동산의 처분은 이사회결의사항이 아니라고 주장하여 왔던 점이 인정된다.",
            "채무자는 유인수 등이 참석하지 아니한 2002. 12. 24.자 이사회(이하 '이 사건 이사회'라고 한다)에서 OOO의 이사회 부의사항을 자본금의 30%에 상당한 주요자산의 취득, 임대차 또는 처분에서 최근 사업연도말 자산총액의 10%에 상 당한 주요자산의 취득, 임대차, 처분으로 개정함으로써 이 사건 부동산의 처분에 이사회결의를 요하지 아니하는 것으로 관련 규정을 개정하기 위하여 노력하였던 흔적이 엿보이는 점이 인정된다.",
            "금융감독원에 공시한 2002. 12. 24.자 이사회의사록에도 한국기업구조조정전문 주식회사 주식인수의 건만 기재되어 있는 점, 이 사건 계약 체결 이후에 뒤늦게 이사회결의를 한 점 등 기록상 인정된다.",
            "채무자는 위 00 등 에게 이 사건 이사회에서 이 사건 부동산의 처분을 의결할 것이라는 점을 고의로 묵비하였을 가능성이 있다.",
            "일반적으로 이사회 소집통지시 이사회 안건을 명시할 필요가 없다고 하여 이사회 안건 중 가장 중요한 안건을 일부러 누락하였다는 등의 사정이 엿 보이는 경우까지 그 이사회소집통지에 기한 이사회 결의가 무조건 적법하다고 할 수는 없는 것이므로 이 사건 이사회결의가 위법하다는 채권자의 주장에도 일면 수긍이 가는 점이 없지 아니하다.",
            "회사경영의 주체로서 고도의 인적 신뢰를 기초로 하여 선임된 주식회사의 이사는 상법 제382조 제2항에 의하여 준용되는 민법 제681조, 상법 제382조의3 등의 규정에 의하여 회사에 대하여 선량한 관리자의 주의의무를 부담한다.",
            "상법 제 402조에 의한 유지청구의 대상이 되는 법령 또는 정관에 위반한 행위라 함은 이사회의 승인 없는 이사의 자기거래 등 법령 또는 정관의 구체적인 규정에 위반하는 행위뿐만 아니라 위와 같은 일반적인 주의의무를 해태한 모든 행위를 포함한다고 할 것이다.",
            "이 사건 부동산의 매매대금이 시가보다 저렴하게 정하여진 것으로 보여지는 점, 그 처분에 적법한 이사회결의를 거쳤는지 여부가 불분명한 점 등 앞서 인정한 사정에다가 000은 이 사건 부동산 이외에도 비업무용 부동산을 다수 보유하고 있는데 이 사건 부동산은 회사정리절차 당시 보유자산 처분계획에는 들어있지도 않았던 점이 인정된다.",
            "이 사건 계약 체결 이후인 2002. 12. 24. 비로소 이 사건 부동산에 관하여 위 은행들 공동명의의 근저당권설정등기를 마친 점에 비추어 채무자가 이 사건 부동산을 시급히 처분하여야 할 필요성이 있었다고 보기도 어려운 점이 인정된다(오히려 기록상 인정되는 이 사건 부동산의 처분과 위 금원대출의 경과 및 시간적 순서에 비추어 채무자로 서는 애초에 이 사건 부동산의 매매대금 상당액은 대출을 받지 아니하는 편이 경험칙에 부합한다.).",
            "2002. 11. 19. 000에 대한 회사정리절차가 종결된 점, 금 100억 원을 초과하는 부동산의 처분에 관하여 실무담당자인 00 전무가 시가동향을 예의주시하다가 2002. 12.경 매각할 것을 제의한 점이 인정된다.",
            "총무인사팀 계장인 00이 부동산 업소를 방문 하여 시가를 알아보았다는 채무자의 주장과 기안서 1장(소 을 가 제1호증)의 소명자료 이외에는 OOO의 실무담당자나 이사회에서 이 사건 부동산의 매각 필요성과 적절한 매매대가를 면밀하게 검토하였음을 알 수 있는 아무런 자료가 없는 점이 인정된다.",
            "실제 매수인 및 매매대금이 위 기안서에 기재된 그대로인 점, 수의계약으로 참가인에게 이 사건 부동산을 매각하였고, 매각교섭을 시작한 시기에 관한 채무자와 참가인의 주장도 일치하지 아니하는 점이 인정된다.",
            "이 사건 계약서상의 약정일자와 실제 매매대금 지급일자가 다른 점 등 기록상 인정되는 제반 사정을 전체적으로 고찰하여 보면 채무자가 이 사건 부동산을 처분함에 있어 대표이사로서의 선량한 주의의무를 다하지 못하였음이 넉넉히 인정된다(더욱이 회사의 대표이사가 임무에 위배하는 행위를 함으로써 회사에 손해를 끼쳤다면 그 회사의 이사회결의가 있다고 하여 대표이사의 행위가 정당화되는 것은 아니라고 할 것이다.).",
            "자신 또는 제3자의 이익을 도모하기 위하여 주의의무를 위반하고 대표권을 남용하여 이 사건 계약을 체결하였다고 볼 여지까지 있으므로 채무자의 이 사건 부동산의 처분행위는 법령 또는 정관에 위반한 행위에 해당한다고 할 것이다.",
            "주식회사의 대표이사가 이사회결의를 요하는 대외적 거래행위를 함에 있어서 실제로 이사회결의를 거치지 아니하였거나 이사회결의가 있었다고 하더라도 그 결의가 무효인 경우 거래 상대방이 그 이사회결의의 부존재 또는 무효사실을 알거나 알 수 있었다면 그 거래행위는 무효라고 할 것이다.",
            "대표이사의 행위가 대표권한의 범위 내라 할지라도 회사의 이익 때문이 아니고 자기 또는 제3자의 이익을 도모할 목적으로 그 권한을 행사한 경우에 거래상대방이 대표이사의 진의를 알았거나 알 수 있었을 때에는 그로 인하여 취득한 권리를 회사에 대하여 주장하는 것은 신의칙에 반하는 것이므로 그 거래행위 또한 회사에 대하여 무효라고 하지 않을 수 없다.",
            "위와 같은 사정에 의하여 이미 체결된 계약이 무효로 해석될 가능성이 있는 경우에 그 계약의 이행행위는 유 지청구의 대상이 된다고 할 것이다.",
            "000 측은 이 사건 부동산의 매수 이전에 위 부동산의 처분에 OOO 이사회의 결의를 요하는지 여부를 실제 이 사건 부동산의 매각을 담당하였던 신청외 전국엽에게 문의하였다는 사정, OOO은 이 사건 부동산을 시급히 매각할 필요성이 없었음에도 불구하고 수의계약으로 시가보다 저렴한 가격에 참가인에게 매도한 점이 인정된다.",
            "참가인은 이 사건 계약 당시 채무자 측의 위와 같은 사정을 알았거나 알 수 있었다고 볼 여지가 있어 이 사건 계약은 무효로 해석될 가능성이 있으므로 그 이행행위 도 유지청구권 행사의 대상이 된다고 봄이 상당하다.",
            "참가인은 이 사건 부동산에 아파트형공장을 신축하여 이를 분양할 목적으로 이미 기존건물을 철거하는 한편, 신축건물에 대한 건축허가를 받고, 설계계약, 분양대행계약까지 체결하였다는 것이므로 만일 참가인이 건물을 신축하여 이를 분양하도록 방치할 경우 수분양자 등과의 관계에서 야기될 복잡한 법률관계로 말미암아 사실상 OOO이 이 사건 부동산을 원상회복하기 어려울 수도 있다고 할 것이다.",
            "채무자의 법령 또는 정관에 위반한 이 사건 부동산의 처분행위로 인하여 OOO에 회복할 수 없는 손해가 생길 염려가 있다고 할 것이다.",
            "사정이 이러하다면, 이 사건 신청의 피보전권리는 일응 소명되었다고 할 것이므로 채권자는 000의 발행주식총수의 100분의 1 이상에 해당하는 주식을 가진 주주로서 상법 제402조에 의하여 채무자에 대하여 이 사건 계약의 이행행위의 유지를 구할 권리가 있다고 할 것이다."
        ]
    },
    "close": {
        "cnclsns": [
            "채권자의 이 사건 신청은 이유 있으므로 이를 인용한 주문 기재 가처분 결정을 인가하기로 한다"
        ]
    }
}