{
    "info": {
        "caseField": "1",
        "detailField": "1",
        "trailField": "1",
        "caseNm": "배당이의",
        "courtNm": "의정부지방법원",
        "judmnAdjuDe": "2005. 01. 14.",
        "caseNo": "2003가단50153",
        "relateLaword": [
            "집합건물의소유및관리에관한법률 제20조",
            "민법 제358조"
        ],
        "qotatPrcdnt": [
            "서울지방법원 의정부지원 2000타경76355호",
            "1998. 12. 22.  서울지방법원 의정부지원 98카단54223호",
            "대법원 2001. 9. 4. 선고 2001다22604 판결",
            "1995. 8. 22. 선고 94다12722호 판결 ",
            "이 법원 96카단5100",
            "이 법원 96가단21515"
        ]
    },
    "concerned": {
        "acusr": "1",
        "dedat": "자연인, 법인"
    },
    "org": {
        "orgJdgmnCourtNm": "",
        "orgJdgmnAdjuDe": "",
        "orgJdgmnCaseNo": ""
    },
    "disposal": {
        "disposalform": "10",
        "disposalcontent": [
            "원고의 피고들에 대한 청구를 모두 기각한다.",
            "소송비용은 원고의 부담으로 한다."
        ]
    },
    "mentionedItems": {
        "rqestObjet": [
            "서울지방법원 의정부지원 2000타경76355호 부동산강제경매사건에 관하여 같은 법원이 2003. 11. 28. 작성한 배당표중 피고 00에 대한 배당액 금 30,000,000원 및 피고 000에 대한 배당액 금 3,954,612원을 각삭제하고 원고에 대한 배당액 금 5,630,767원을 금 39,585,379원으로 경정한다."
        ]
    },
    "assrs": {
        "acusrAssrs": [
            "원고는 이 사건 아파트에 관하여 건물에 관해서만 가압류를 하였지만 가압류의 효력은 건물에 대한 종물 내지 종된 권리인 대지권(대지사용권)에 대하여도 미친다고 할 것이고, 피고 회사의 근저당권은 원고의 가압류 이후 위 00 등 앞으로 이 사건 아파트의 소유권이 이전된 후 위 00을 채무자로 하여 설정되었다.",
            "그러므로 가압류의 처분금지적 효력에 의하여 가압류목적물인 이 사건 아파트의 건물 및 대지권(대지사용권)의 매각대금 중 가압류의 효력이 미치는 범위인 가압류결정 당시의 청구금액의 한도 안에서는 피고 회사가 배당에 참가할 수 없다고 할 것인데 이 사건 배당표 중 피고 회사가 배당받는 위 대지권(대지사용권)에 관한 매각대금 중 금 3,954,612원을 삭제하고 원고가 이를 배당받는 것으로 배당표를 경정하여야 한다고 주장한다.",
            "원고는 위 피고가 000과 사이에 이 사건 아파트에 관하여 실제 임대차계약을 체결하고 임차보증금을 지급한 사실이 없으면서 관계서류를 작성하고 주민등록상 전입신고를 하는 등 이 사건 아파트의 임차인인 것처럼 하여 이 사건 배당절차상 위 임차보증금액 금 30,000,000원을 배당받았으므로 이 사건 배당표 중 가장임차인인 위 피고가 배당받는 위 금액을 삭제하고 원고가 이를 배당받는 것으로 배당표를 경정하여야 한다고 주장한다."
        ],
        "dedatAssrs": []
    },
    "facts": {
        "bsisFacts": [
            "소외 000(이 'OOO'이라 한다)은 1993. 3.경부터 0000 소재 토지에 00000를 신축하면서 원고 등으로부터 자금을 차용하였고 원고는 위 00000 0000(이하 '이 사건 아파트'라고 한다)에 관하여 1998. 12. 22. 서울지방법원 의정부지원 98카단54223호로 청구금액 금 512,453,000원의 부동산가압류결정을 받았다.",
            "같은 달 23. 000을 대위하여 이 사건 아파트의 건물에 관한 소유권보존등기를 경료한 뒤 같은 날 위 건물등기부에 위 가압류등기를 경료하면서 위 가압류등기는 건물만에 관한 것이라는 내용의 부기등기를 하였다.",
            "1999. 1. 9. 이 사건 아파트에 관하여 소유권대지권에 관한 등기가 경료되었고 또한 같은 날 이 사건 아파트에 대하여 000으로부터 소외 00, 00 앞으로 각 2분의 1 지분에 관하여 매매를 원인으로 한 소유권이전등기가 경료된 뒤 같은 날 위 00의 000에 대한 대출금채무를 담보하기 위하여 이 사건 아파트에 관하여 근저당권자 000 ,채권최고액 금 105,000,000원의 근저당권설정등기가 경료되었다.",
            "000는 2000. 2. 9. 000에게 위 근저당권 및 피담보채권을 양도하고 같은 해 7. 28. 위 근저당권이전에 관한 부기등기를 하였고 또한 000는 자산유동화에관한법률에 의거하여 같은 해 11. 28. 피고 000(이하 '피고 회사'라고 한다)와 사이에 유동화자산양도계약을 체결하면서 위 근저당권의 피담보채권을 양도하고 2001. 2. 15. 위 00에게 채권양도사실을 통지하였다.",
            "원고는 000에 대한 대출금채권을 회수하기 위하여 이 사건 아파트에 관하여 위 법원 2000타경76355호 부동산강제경매신청을 하여 위 법원은 2000. 11. 6. 경매개시결정을 하고 이 사건 아파트의 건물 및 토지(대지권)를 매각하여 매각대금에서 이자와 집행비용을 가감하여 금 39,886,529원을 실제 배당할 금액으로 하였는데 그 구체적 내역은 아래 표와 같다.",
            "대지권(원) 감정가 21,600,999, 대지권(원) 가격비율 40%, 대지권(원) 낙찰가 18,120,000, 대지권(원) 집행비용 2,516,748, 대지권(원) 이자 351,360, 대지권(원) 실제배당액 15,954,612",
            "건물(원) 감정가 31,400,000, 건물(원) 가격비율 60%, 건물(원) 낙찰가 27,180,000, 건물(원) 집행비용 3,775,122, 건물(원) 이자 527,039, 건물(원) 실제배당액 23,931,917",
            "합계(원) 감정가 54,000,000, 합계(원) 가격비율 100%, 합계(원) 낙찰가 45,300,000, 합계(원) 집행비용 6,291,870, 합계(원) 이자 878,399, 합계(원) 실제배당액 39,886,529",
            "위 법원은 위 강제경매사건의 배당기일인 2003. 11. 28. 위 실제 배당할 금액 39,886,529원에 대하여 1순위로 교부권자(건물에 관한 당해세) 0000에게 금 301,150원을, 2순위로 이 사건 아파트에 관하여 1995. 4. 15. 000과 사이에 임차보증금 30,000,000원, 기간 1995. 5. 1.부터 1996. 4. 30.로 하여 임대차계약을 체결하고 1995. 5. 11. 전입신고를 하였다.",
            "1995. 5. 11. 전입신고를 한 뒤 1995. 8. 4. 확정일자를 받은 임차인인 피고 00에게 임차보증금채권으로 금 30,000,000원을 각 배당하였고, 한편 원고는 위 대출금 원금 296,068,179원 및 이자 금 663,169,505원을 합한 959,237,684원을 채권금액으로 신고하였다.",
            "피고 회사는 위 대출금 원금 70,000,000원 및 이자 금 75,247,833원을 합한 금 145,247,833원을 채권금액으로 각 신고하였다.",
            "그러나 각 3순위로서 위 1, 2순위에게 배당하고 남은 잔액 9,585,379원 중 원고에게 위 대출금의 원리금을 채권최고액으로 금 5,630,767원을, 피고 회사에게 위 대출금의 원리금 합계액 범위 내에서 위 근저당권의 채권최고액을 한도로 금 3,954,612원을 각 배당한다는 내용의 배당표(이하 '이 사건 배당표'라 한다)를 작성하였는데 이 사건 아파트 중 토지 및 건물의 각 매각대금에 관한 구체적 배당내역은 아래 표와 같다.",
            "대지권(원) 실제배당액 15,954,612, 대지권(원) 당해세, 대지권(원) 피고 1 12,000,000, 대지권(원) 잔액 3,954,612, 대지권(원) 피고 회사 3,954,612, 대지권(원) 원고",
            "건물(원) 실제배당액 23,931,917, 건물(원) 당해세 301,150, 건물(원) 피고 1 18,000,000, 건물(원) 잔액 5,630,767, 건물(원) 피고회사, 건물(원) 원고 5,630,767",
            "합계(원) 실제배당액 39,886,529, 합계(원) 당해세 301,150, 합계(원) 피고1 30,000,000, 합계(원) 잔액 9,585,739, 합계(원) 피고회사 3,954,612, 합계(원) 원고 5,630,767",
            "원고는 위 배당기일에 출석하여 이 사건 배당표 중 피고들에 대한 부분에 관한 이의를 진술하였고, 위 법원이 이를 받아들이지 않자 그로부터 1주일 이내에 이 사건 배당이의의 소를 제기하였다."
        ]
    },
    "dcss": {
        "courtDcss": [
            "집합건물의소유및관리에관한법률 제20조 제1항은 \"구분소유자의 대지사용권은 그가 가지는 전유부분의 처분에 따른다\", 제2항은 \"구분소유자는 그가 가지는 전유부분과 분리하여 대지사용권을 처분할 수 없다.",
            "다만, 규약으로써 달리 정한 때에는 그러하지 아니하다 고 규정하고 있고, 민법 제358조 본문은 저당권의 효력은 저당부동산에 부합된 물건과 종물에 미친다\"고 규정하고 있는바, 이러한 집합건물의소유및관리에관한법률 제20조 제1항, 제2항과 민법 제358조 본문의 각 규정에 비추어 볼 수 있다.",
            "집합건물의 대지의 분, 합필 및 환지절차의 지연, 각 세대당 지분비율 결정의 지연 등으로 인하여 구분건물의 전유부분에 대한 소유권이전등기만 경료되고 대지지분에 대한 소유권이전등기가 경료되기 전에 전유부분만에 관하여 설정된 저당권의 효력은, 대지사용권의 분리처분이 가능하도록 규약으로 정하였다는 등의 특별한 사정이 없는 경우가 있다.",
            "그 전유부분의 소유자가 나중에 대지지분에 관한 등기를 마침으로써 그런 한 전유부분과 대지권이 동일 소유자에게 귀속하게 되었다면 당연히 종물 내지 종된 권리인 그 대지사용권에까지 미친다고 할 것이다(대법원 2001. 9. 4. 선고 2001다22604 판결, 1995. 8. 22. 선고 94다12722호 판결 등 참조).",
            "그러나 가압류는 저당권과는 달리 위와 같은 효력범위에 관한 특별규정을 두고 있지 아니하므로 구분건물의 전유부분에 대하여만 가압류가 된 이상 종물 내지 종된 권리인 그 대지사용권에까지 미친다고 볼 근거가 없다.",
            "그러므로 이 사건 아파트에 관한 위 대지사용권의 매각대금 중 피고 00에게 배당한 부분을 공제한 잔액은 근저당권자인 피고 회사가 배당받을 권리가 있다고 할 것이고 따라서 구분건물의 전유부분에 대하여만 한 가압류의 효력이 그 대지권(대지사용권)에까지 미치는 것을 전제로 한 원고의 나머지 주장에 대하여는 나아가 살필 것 없이 이유 없다고 할 것이다.",
            "살피건대, 갑 제4호증, 제5호증, 제6호증, 제7호증의 각 기재와 증인 소외 00, 00의 각 일부증언에 변론 전체의 취지를 보태어보면, 위 피고는 000의 분양업무를 담당하였던 소외 00의 처로서 이 사건 아파트에 관한 임차보증금 30,000,000원을 000에 직접 지급한 사실이 없다.",
            "000은 이 사건 아파트에 관하여 위 00를 상대로 이 법원 96카단5100 부동산점유이전금지가처분신청을 하고 위 00가 무단점유자라고 주장하면서 이 법원 96가단21515 건물명도소송을 제기한 사실은 인정되나 이러한 사정만으로는 다음에서 인정하는 사실관계에 비추어 위 피고가 이 사건 아파트에 관하여 가장임차인이라는 원고의 위 주장사실을 인정하기에는 부족하고 달리 이를 인정할 아무런 증거가 없다.",
            "오히려 을 제3호증의 1, 2, 제5호증, 제6호증, 제7호증의 1 내지 3의 각 기재와 위 증인 소외 00, 00의 각 일부증언에 변론 전체의 취지를 보태어보면, 위 00는 000의 분양업무를 담당하면서 위 00000들에 관한 분양계약 또는 임대차계약체결에 관한 권한을 위임받은 사실을 인정할 수 있다.",
            "000은 위 소외 00가 대표이사였으나 회사공금을 횡령하였다는 이유로 000의 이사였던 소외 00이 고발하여 합의과정에서 위 소외 00가 횡령사실을 인정하는 대신 위 소외 00이 대표이사직무를 대행하기로 합의한 사실을 인정할 수 있다.",
            "이 사건 아파트에 관하여 공익법무관으로 근무하던 소외 00이 위 소외 00과 사이에 임차보증금 30,000,000원으로 하여 임대차계약을 체결하고 위 임차보증금을 지급한 뒤 이 사건 아파트에 입주하여 약 8개월 동안 거주하다가 근무지가 바뀌면서 급히 이사를 가게 되었다.",
            "임차보증금의 반환을 요구하였으나 000이 임차보증금을 반환할 자력이 없자 위 00는 위 피고로 하여금 이 사건 아파트에 관하여 위 소외 00과 사이에 위에서 본 바와 같은 임대차계약을 체결하고 000의 승낙 하에 위 임차보증금 30,000,000원을 위 소외 00에게 바로 지급하였고, 위 피고와 00 가족은 이 사건 아파트에 입주하여 거주하면서 위에서 본 바와 같이 전입신고 및 확정일자를 받은 사실을 인정할 수 있다.",
            "원고는 1994. 5. 11.경 위 아파트신축공사에 관한 하도급업자들의 대표인 소외 00, 소외 00와 위 소외 00, 소외 00과 사이에 원고가 000의 자금에 대한 입, 출금을 맡는 대신 원고가 준공검사를 책임지고 마무리하기로 하는 내용의 약정을 체결한 뒤 위 피고가 무단점유자라고 주장하면서 이 사건 아파트를 명도받도록 위 소외 00를 종용하였다.",
            "위 소외 00는 원고의 성화에 못 이겨 위 00를 상대로 위 점유이전금지가처분신청 및 명도소송을 제기하였다가 위 명도소송을 취하한 사실을 인정할 수 있는바, 위 인정사실에 의하면, 위 피고는 이 사건 아파트에 관한 적법한 임차인이라 할 것이고 위 피고에게 위 임차보증금액을 배당한 이 사건 배당은 정당하다고 할 것이다."
        ]
    },
    "close": {
        "cnclsns": [
            "원고의 피고들에 대한 청구를 모두 기각한다.",
            "소송비용은 원고의 부담으로 한다."
        ]
    }
}