{
    "info": {
        "caseField": "1",
        "detailField": "1",
        "trailField": "1",
        "caseNm": "대여금",
        "courtNm": "대구지법",
        "judmnAdjuDe": "2004. 05. 21.",
        "caseNo": "2003가단113846",
        "relateLaword": [
            "민법 제681조",
            "민법 제750조"
        ],
        "qotatPrcdnt": [
            "대법원 1996. 5. 14. 선고 95다45767 판결(공1996하, 1846)"
        ]
    },
    "concerned": {
        "acusr": "1",
        "dedat": "1"
    },
    "org": {
        "orgJdgmnCourtNm": "",
        "orgJdgmnAdjuDe": "",
        "orgJdgmnCaseNo": ""
    },
    "disposal": {
        "disposalform": "1",
        "disposalcontent": [
            "피고는 원고에게 15,780,000원 및 이에 대하여 2003. 11. 4.부터 2004. 5. 21.까지는 연 5%, 그 다음날부터 갚는 날까지는 연 20%의  각 비율로 계산한 돈을 지급한다.",
            "원고의 나머지 청구를 기각한다. ",
            "소송비용 중 60%를 피고가, 40%를 원고가 각 부담한다.",
            "제1항은 가집행할 수 있다."
        ]
    },
    "mentionedItems": {
        "rqestObjet": [
            "피고는 원고에게 15,780,000원 및 이에 대하여 2003. 11. 4.부터 2004. 5. 21.까지는 연 5%, 그 다음날부터 갚는 날까지는 연 20%의  각 비율로 계산한 돈을 지급한다.",
            "원고의 나머지 청구를 기각한다. "
        ]
    },
    "assrs": {
        "acusrAssrs": [
            "원고는, 이 사건 금원의 대여는 원고가 피고에게 1차적으로 금원을 대여하고, 피고가 이를 다른 차용인에게 재대여하는 방식으로 이루어졌으므로 피고는 실제 차용인과 함께 중첩적으로 채무자가 되거나, 또는 위 대여금의 반환에 대해서 피고가 책임진다는 취지로 보증을 하였으므로 피고가 위 대여금 전액을 지급할 의무가 있다는 취지로 주장한다.",
            "원고는, 실제 피고가 개인적으로 이 사건 금원을 사용한 것으로서 피고가 원고를 기망하여 금원을 편취하였거나 또는 피고가 소외 3 의 원룸 건물의 담보가치와 연대보증인인 소외 2 의 변제자력에 대해서 고의로 원고를 기망하였으므로 손해배상으로 위 대여금 상당의 금원을 지급할 의무가 있다고 주장한다.",
            "피고가 건물의 담보가치나 연대보증인의 자력을 판단함에 있어 주의의무를 게을리하여 결국 원고에게 위 대여금의 회수를 사실상 불가능하게 하는 손해를 입혔으므로, 손해배상으로 위 대여금 상당의 금원을 지급할 의무가 있다고 주장한다."
        ],
        "dedatAssrs": []
    },
    "facts": {
        "bsisFacts": [
            "다음 각 사실은 당사자 사이에 다툼이 없거나, 갑 제 1호증의 1, 2, 3 갑 제2호증의 1, 2, 3, 갑 제4호증, 갑제5호증의 1 내지 18, 을 제3호증의 1, 2, 을 제4호증의 1 내지 8, 을 제5호증의 1, 2, 을 제6호증의 1, 2, 을 제7호증의 1 내기 5의 각 기재와 증인 소외 1 의 증언에 변론 전체의 취지를 종합하여 이를 인정할 수 있고, 반증이 없다."
        ]
    },
    "dcss": {
        "courtDcss": [
            "원고가 피고에게 금원을 대여하였다거나, 피고가 소외 3 과 함께 우너고에게 대여금을 변제하기로 약정하였다는 주장을 인정할 아무런 증거가 없는 반면, 앞서 인정한 사실에 의하면, 원고로부터 금원을 차용한 사람은 소외 3 이고, 피고는 위 금전차용을 알선한 자에 불과하다 할 것이므로 이 부분 청구는 이유 없다.",
            "피고가 원고를 기망하여 금원을 편취하였는지에 관하여 보면, 갑 제5호증의 13의 기재 및 변론 전체의 취지에 의하면, 원고가 피고에게 송금한 금원 중 1,000만 원이 수표로 출금되었고, 위 수표의 최종배서인이 소외 2 로 되어 있는 사실 및 피고가 수사기관 및 이 사건 소송 과정에서 대여금의 사용처에 대해서 다소 일관되지 않은 주장을 하고 있는 사실은 인정된다.",
            "이러한 사실만으로는 피고가 위 금원을 개인적으로 사용하였다거나, 원고를 기망하여 금원을 편취하였다고 인정하기에 부족하고, 달리 이를 인정할 증거가 없으며, 다음으로 원고가 고의적으로 소외 3 의 원룸 건물의 담보가치나 연대보증인인 소외 2 의 변제자력에 대해서 원고를 기망하였지에 관하여도 이를 인정할 아무런 증거가 없으므로 원고의 이 부분 주장은 이유 없다.",
            "피고는 사채알선업자로서, 피고가 받는 고율의 알선수수료에 비추어 볼 때, 원고에게 이 사건 금원의 대여를 알선함에 있어서, 그 대여금채권의 담보를 충분히 확보하여 추후 채무자가 지급불능에 빠질 경우, 확보한 담보권의 실행을 통하여 충분히 채권의 만족을 얻을 수 있도록 조치할 수 있다.",
            "혹은 사전에 조사 확인한 담보의 내용이 충분하지 아니하면 이를 원고에게 고지하여 금전을 대여할 것인지의 여부를 판단할 수 있는 충분한 자료와 기회를 제공할 의무가 있음에도 불구하고, 이 사건 건물에 대하여 원고에게 소유권이전등기청구권가등기를 설정하여 주기는 하였다.",
            "위 건물을 직직접 방문하고서도 입주자들에 대하여 임대보증금을 포함하여 어떠한 임대차계약을 체결하였는지 등의 조사의무를 게을리 한 나머지, 사실은 등기된 전세권자 이외에도 위 18세대 중 17세대에 도합 3억 5천여 만 원 상당의 임대차보증금이 걸려 있어서 사실상 잉여 담보가치가 없다.",
            "그럼에도 그 정확한 임대차보증금 액수를 확인하지 못한 채 단지 소외 3의 말만 듣고 이 사건 건물의 임대차관계를 잘못 판단하고, 또한 연대보증인인 소외 2 의 자력에 대해서도 잘못 판단하였다.",
            "원고로 하여금 이 사건 건물이 위 임대차보증금반환채권을 감안하고서도 충분한 담보가치가 있으며, 연대보증인의 자력이 충분하다고 믿고 위 건물 이외에 별다른 책임재산이 없는 소외 3 에게 이 사건 금원을 대여하게 함으로써 원고에게 위 대여 후 회수하지 못한 금액만큼의 손해를 입혔다 할 것이다. ",
            "따라서 피고는 위와 같은 불법행위로 인하여 원고가 입은 손해를 배생할 책임이 있다."
        ]
    },
    "close": {
        "cnclsns": [
            "피고는 원고에게 15,780,000원 묏 이에 대하여 2003. 11. 4.부터 2004. 5. 21.까지는 연 5%, 그 다음날부터 갚는 날까지는 연 20%의 각 비율로 계산한 돈을 지급한다.",
            "원고의 나머지 청구를 기각한다.",
            "소송비용 중 60%를 피고가, 40%를 원고가 각 부담한다.",
            "제1항은 가집행할 수 있다."
        ]
    }
}