{
    "info": {
        "caseField": "1",
        "detailField": "1",
        "trailField": "2",
        "caseNm": "손해배상(기)",
        "courtNm": "서울고등법원",
        "judmnAdjuDe": "2004. 10. 22.",
        "caseNo": "2003나80743",
        "relateLaword": [
            "상법 제401조",
            "민법 제766조",
            "민법 제162조"
        ],
        "qotatPrcdnt": [
            "대법원 1985. 11. 12. 선고 84다카2490 판결",
            "대법원 2003. 1. 10. 선고 2002다12703 판결"
        ]
    },
    "concerned": {
        "acusr": "2",
        "dedat": "2"
    },
    "org": {
        "orgJdgmnCourtNm": "서울중앙지방법원",
        "orgJdgmnAdjuDe": "2003. 10. 31.",
        "orgJdgmnCaseNo": "2002가합82073"
    },
    "disposal": {
        "disposalform": "1",
        "disposalcontent": [
            "원고가 당심에서 청구취지를 확장함에 따라 제1심 판결 중 피고 1, 2에 대한 부분을 피고 1, 2는 연대하여 원고에게 2,000,000,000원 및 이에 대하여 2004. 9. 2.부터 다 갚는 날까지 연 20%로 계산한 돈을 지급하는 것으로 변경한다.",
            "당심에서 교환적으로 변경된 원고의 피고 3에 대한 청구를 기각한다.",
            "소송총비용 중 원고와 피고 1, 2 사이에 생긴 부분은 위 피고들이, 원고와 피고 3 사이에 생긴 부분은 원고가 각 부담한다.",
            "제1항은 가집행할 수 있다."
        ]
    },
    "mentionedItems": {
        "rqestObjet": [
            "주문 제1항 및 피고 3은 제1심공동피고와 각자 원고에게 1,650,000,000원 및 이에 대하여 이 사건 소장 부본 송달일 다음날부터 다 갚는 날까지 연 20%로 계산한 돈을 지급한다.",
            "원고 제1심 판결 중 원고의  피고 3에 대한 패소부분을 취소한다.",
            "피고 3은 원고에게 300,000,000원 및 이에 대하여 2003. 10. 10.부터다 갚는 날까지 연 20%로 계산한 돈을 지급한다.",
            "피고 1, 2 제1심 판결 중 피고 1, 2의 패소부분을 취소하고 위 취소부분에 대한 원고의 청구를 기각한다."
        ]
    },
    "assrs": {
        "acusrAssrs": [
            "원고는, 피고 00은 000의 감사로서 피고 00, 00가 위 1.항에서 본 바와 같이 분식회계를 통하여 1997 회계연도 재무제표를 허위로 작성·공시하고 있었음을 알았거나 조금만 주의를 기울였으면 이를 알 수 있었음에도 감사로서 회계감사 임무를 악의 또는 중대한 과실로 해태하였으므로 원고의 제1, 2대출로 인한 손해를 배상할 책임이 있다고 주장한다.",
            "(원고는 제1심에서 허위로 작성·공시된 1998 회계연도 재무제표에 대한 피고 00의 회계감사임무 해태로 위 재무제표를 신뢰한 원고가 1999. 6. 14. 000에 대출함으로써 입은 손해의 배상을 피고 00에 대한 청구원인으로 주장하였으나, 당심에 이르러 위 주장과 같이 청구를 교환적으로 변경하였다)."
        ],
        "dedatAssrs": [
            "피고 00은 자신이 000의 이사로 취임한 시기는 등기부상 1998. 2. 28.부터 1999. 12. 13.까지이고 그 이전에는 이사가 아니라 단지 000의 차기 대표이사가 될 지위에서 업무를 처리한 것에 불과하므로 그 이전에 작성된 1997 회계연도 재무제표와 관련하여 이사로서의 임무를 해태하지 않았다고 다툰다.",
            "피고 00, 00는 제1, 2 대출은 사실은 원고가 운영하는 신탁계정의 신탁재산으로서 기업어음을 매입한 것이다.",
            "원고는 3개월 단위로 기업어음을 재매입하였으므로 최종 어음의 발행일인 1999. 7. 6. 및 1999. 8. 5. 000에 대한 채권이 발생한 것으로 보아야 하고 위 채권발생은 1997 회계연도 재무제표와는 관계 없이 이루어진 것이어서 위 허위 재무제표작성과 원고의 제1, 2 대출은 아무런 인과관계가 없다는 취지의 주장을 한다.",
            "상법 제401조가 정한 이사의 제3자에 대한 책임은 성질상 민법 제750조의 불법행위 책임에 대한 특칙이어서 그로 인한 제3자의 손해배상 청구권에는 민법 제766조 제1항 소정의 소멸시효기간 3년이 적용된다 할 것이다.",
            "000가 1999. 7. 워크아웃 대상 이 됨에 따라 같은 해 8. 원고를 비롯한 채권단에서 000의 업무를 인수하고 그 즉시 안건회계법인에 용역을 주어 같은 해 10.까지 워크아웃 실시를 위한 자산실사를 하게 되었다.",
            "그 과정에서 당시 000의 회계 관련 임원들이 미리 채권단 및 실사팀에게 스스로 분식회계를 인정하고 그 규모까지 밝혀 채권단 측에서는 분식의 규모 등 전체적인 상황을 충분히 파악하게 되었고 원고가 같은 해 11. 22. 회계법인으로부터 위 자산실사에 따른 중간보고서를 제출받았다.",
            "원고는 늦어도 1999. 11. 22.에는 그 손해 및 가해자를 알았다할 것이어서 원고의 손해배상청구권은 그로부터 3년이 경과한 2002. 11. 23.에 시효로 소멸되었다."
        ]
    },
    "facts": {
        "bsisFacts": [
            "원고(1999. 1. 4. 000과 000이 000으로 합병하였고, 2002. 5. 20. 000으로 상호를 변경하였다)는 000(이하 000라 한다)에 아래와 같이 대출하였다.",
            "피고 00은 1998. 1.부터 1998. 12.까지 000의 대표이사로, 피고 00는 1997. 2.부터 1998. 12.까지는 그 재무담당 전무이사로, 1999. 1.부터 같은 해 11.까지는 그 부사장으로, 피고 00은 1998. 2. 28.부터 2000. 3.까지 그 감사로 근무하였다.",
            "000는 1971년 000라는 이름으로 설립되어 1974. 1. 000로 상호를 변경하고 1983년경 000의 가전제품 분야를 인수 합병하는 등 무리하게 사업을 확장하여 왔다.",
            "동종 업계의 판매경쟁 심화에 따른 수출 부진과 수익감소, 부실계열사에 대한 과도하고 일방적인 자금지원 등 000의 전 회장인 소외 00의 경영지배체제 지속전략과 회사의 경영상태 및 재무구조를 도외시한 외형 부풀리기 위주의 차입경영 및 부실·방만 경영으로 인하여 설립 이래 단 한번도 흑자를 내지 못하고 매년 적자가 누적되어 구조적 부실의 징후가 나타나게 되었고 특히 1997년도에 이르러 경영상태 및 재무구조가 더욱 악화되기에 이르렀다.",
            "소외 00은 000의 위와 같은 실상이 알려질 경우 대외신인도 추락과 이에 따른 금융기관 상대 신용자금 차입조건 악화 또는 자금차입 중단이 발생할 것을 우려하여 000의 경영진에게 대우전자의 당기순이익을 가공 계상하여 마치 흑자가 난 것처럼 조작하여 000를 경영상태 및 재무구조가 양호한 우량기업으로 위장할 것을 대우전자의 당시 경영진에 지시하여 두었다.",
            "피고 00은 1998. 2.초 당시 재무담당 전무이사이던 피고 00,결산총괄팀장 소외 00에게 추정손익 등 가결산결과와 분식 가능금액을 산출하라고 지시한 후 소외 00가 보고한 추정손익을 토대로 000가 공표할 당기순이익 규모를 결정 하여 목표이익검토표를 작성, 가결산결과와 함께 소외 00에게 보고하여 그로부터 000가 당기에 공표할 순이익 규모를 약 410억 원 상당으로 하라는 지시를 받았다.",
            "피고 00, 소외 00를 통하여 각 사업장별 경리팀장에게 결산을 조작하도록 하여, 그들로 하여금 별지 1,1 분식일람표 기재와 같이 부채를 줄이고 가공자산 등 1조 7,116억 2,800만 원 상당을 허위 계상함으로써 자산이 4조 636억 1,300만 원에 이르는 한편 당기순이익 414억 7,500만 원의 흑자가 시현된 것처럼 대차대조표·손익계산서 등 허위의 재무제표(이하 1997 회계연도 재무제표라 한다)를 작성하게 하였다.",
            "1998. 2. 말경 외부감사 및 주주총회 의결을 거쳐 1998. 3. 1. 000 등 일간지에 위와 같이 허위로 작성된 재무제표를 공시하였고, 피고 00은 이후에도 위 재무제표 중 허위로 작성된 부분을 전혀 수정하지 아니하였다.",
            "제1대출금 200억 원 중 575,316,635원은 000로 채무자변경이 이루어졌고, 나머지 잔액 19,426,683,365원은 2003. 3. 12. 부실채권 매각절차에 따라 130억 원 상당의 000 발행 사채와 함께 공동매수인인 000와 000에 2,405,000,000원에 매각되었다.",
            "제2대출금 200억 원은 변제되지 않다가 2001. 12. 5. 워크아웃절차에서 원고를 포함한 채권금융기관의 채권재조정 합의에 따라 대우전자의 주식(발행가액 5,000원)으로 출자전환되었는바, 출자전환된 주식의 수는 4,000,000주(20,000,000,000원/5,000원)이고, 위 주식의 시가는 출자전환당시는 불명이나 2002. 8.에는 주당 300원(현재는 주당 180원)이었다."
        ]
    },
    "dcss": {
        "courtDcss": [
            "피고 00은 등기부상 이사 에 취임한 이후에도 허위 재무제표의 작성, 공시에 계속하여 가담하였고, 그 후에는 000의 대표이사업무를 담당하는 이사로서 앞서 본 것과 같은 규모의 분식회계의 사실을 알고 있었으면 이를 이사회 및 주주총회에 보고하여 그 대책을 강구하고 허위의 재무제표를 즉각 수정하여야 할 임무가 있음에도 불구하고 이를 고의로 해태하였다.",
            "1997 회계연도 재무제표와 관련 하여 이사로서의 임무를 해태하지 않았다는 위 피고의 주장은 받아들이기 어렵다.",
            "갑 30호증의 기재에 의하면 제1, 2 대출은 원고의 기업어음 매입금액과 동금액의 개발신탁수익증권 발행을 연결하여 000는 개발신탁수익증권을 매입해주고 원고는 개발신탁만기시까지 3개월 단위로 기업어음을 매입해주는 방법으로 기업어음 할인을 하는 2년 만기의 대출임이 명백하다.",
            "최종 어음의 발행 일에 000에 대한 채권이 발생한 것으로 보아야 한다는 위 피고들의 주장은 받아들이지 아니한다.",
            "제1대출로 인한 원고의 손해액은 적어도 17,021,683,365원(19,426,683,365원 - 2,405,000,000원)이 된다{만약 위 매각대금 2,405,000,000원이 합계 32,426,683,365원을 기준으로 안분된다고 보면 원고의 손해는 17,985,858,444원(19,426,683,365원 - 19,426,683,365/32,426,683,365 × 2,405,000,000원)이 될 것이다.",
            "위 주식의 시가가 2002. 8.에는 주당 300원이었던 사실은 앞서 본 바와 같고, 위 주식의 효력발생일인 2001. 12. 5. 무렵에도 같은 금액일 것으로 추인되므로 제2대출로 인한 원고의 손해액은 188억 원 200억 원 - 12억 원(4,000,000주 × 300원)} 이 된다.",
            "상법 제401조는 경제사회에 있어서의 중요한 지위에 있는 주식회사의 활동이 그 기관인 이사의 직무집행에 의존하는 것을 고려한다.",
            "제3자를 보호하고자 이사가 악의 또는 중대한 과실로 인하여 그 임무를 해태하여 제3자에게 손해를 입힌 때에는 위 이사의 악의 또는 중과실로 인한 임무 해태행위와 상당인과 관계가 있는 제3자의 손해에 대하여 그 이사의 손해배상의 책임을 특별히 인정하고 있는 것이다(대법원 1985. 11. 12. 선고 84다카2490 판결 참조).",
            "그 요건도 회사의 임무에 관하여 이사의 고의 또는 중과실을 요구하여, 피해자인 제3자의 손해에 관하여 고의·과실을 요구하는 민법상 불법행위책임과는 달리 정하고 있으므로, 민법상 불법행위로 인한 손해배상 청 구권에 관하여 특별히 3년의 단기소멸시효를 규정한 민법 제766조가 상법 제401조에 의한 이사의 제3자에 대한 책임에 당연히 적용된다고 보기는 어렵다.",
            "오히려 상법이 상법 제401조에 따른 제3자의 손해배상 청구권에 관하여 아무런 소멸시효기간을 정하고 있지 않은 이상, 제3자의 손해배상 청구권의 소멸시효기간은 일반 법정채권과 마찬가지로 10년이라고 봄이 상당하다(민법 제162조).",
            "이와 다른 사실을 전제로 하는 피고들의 위 주장은 나머지 점에 관하여 더 나아가 살펴볼 필요 없이 이유 없다.",
            "원고는 제1대출로 인하여 적어도 17,985,858,444원의 손해를, 제2대출로 인하여 188억 원의 손해를 입었다 할 것이다.",
            "피고 00, 00는 연대하여 원고에게 위 손해액의 범위 내에서 원고가 구하는 바에 따라 2,000,000,000원 및 이에 대하여 이 사건 2004. 9. 1.자 청구취지변경신청서 부본의 송달 다음날임이 기록상 명백한 2004. 9. 2.부터 다 갚는 날까지 소송촉진등 에관한특례법의 연 20%로 계산한 지연손해금을 지급할 의무가 있다.",
            "앞서 인정한 바와 같이 피고 00은 1998. 2. 28.에 대우전자의 감사에 취임하였으므로, 같은 날 주주총회에서 보고되고 그 다음날인 1998. 3. 1.에 공시된 1997 회계연도 재무제표에 대하여 감사로서 임무를 이행할 수 없는 위치에 있었다고 할 것 이다.",
            "피고 00에 대한 청구는 이유 없다고 할 것이다."
        ]
    },
    "close": {
        "cnclsns": [
            "원고가 당심에서 청구취지를 확장함에 따라 제1심 판결 중 피고 00, 00에 대한 부분을 다음과 같이 변경한다.",
            "피고 00, 00는 연대하여 원고에게 2,000,000,000원 및 이에 대하여 2004. 9. 2.부터 다 갚는 날까지 연 20%로 계산한 돈을지급하라.",
            "당심에서 교환적으로 변경된 원고의 피고 00에 대한 청구를 기각한다.",
            "소송총비용 중 원고와 피고 00, 00 사이에 생긴 부분은 위 피고들이, 원고와 피고 00 사이에 생긴 부분은 원고가 각 부담한다.",
            "제1항은 가집행할 수 있다."
        ]
    }
}