{
    "info": {
        "caseField": "1",
        "detailField": "1",
        "trailField": "2",
        "caseNm": "부인의소",
        "courtNm": "서울고등법원",
        "judmnAdjuDe": "2004. 07. 28.",
        "caseNo": "2003나62998",
        "relateLaword": [
            "회사정리법 제78조",
            "구 소송촉진등에관한특례법 제3조"
        ],
        "qotatPrcdnt": []
    },
    "concerned": {
        "acusr": "2",
        "dedat": "2"
    },
    "org": {
        "orgJdgmnCourtNm": "인천지방법원",
        "orgJdgmnAdjuDe": "2003.8.22.",
        "orgJdgmnCaseNo": "2002가합1051"
    },
    "disposal": {
        "disposalform": "10",
        "disposalcontent": [
            "피고의 항소를 기각한다. ",
            "항소비용은 피고의 부담으로 한다. "
        ]
    },
    "mentionedItems": {
        "rqestObjet": [
            "피고는 원고에게 금 1,664,043,779원 및 그 중 금 967,468,439원에 대하여는 1998.3.4.부터, 금 91,643,835원에 대하여는 1998.3.13.부터, 금 203,835,616원에 대하여는  1998.4.13.부터, 각 이 사건 소장부본 송달일까지는 연6%, 각 그 다음날부터 완제일까지는 연 25%의 각 비율에 의한 금원을 지급한다.",
            "피고는 원고에게 금 197,260,273원에 대하여는 1998.5.13.부터, 금 203,835,616원에 대하여는 1998.6.13.부터, 각 이 사건 소장부본 송달일까지는 연6%, 각 그 다음날부터 완제일까지는 연 25%의 각 비율에 의한 금원을 지급한다.",
            "제1심 판결 중 피고 패소부분을 취소하고, 위 취소부분에 관한 원고의 청구를 기각한다. "
        ]
    },
    "assrs": {
        "acusrAssrs": [
            "원고는, 000가 정리채권자 중 피고에게만 구상금채무를 변제한 것은 다른 정리채권자를 해하는 편파행위에 해당하고 당시 000로서는 이러한 사실을 알고도 이를 변제한 것이므로 이는 회사정리법 제78조 제1 항 제1호에서 규정한 회사가 정리채권자를 해할 것을 알고 한 행위 에 해당한다고 주장한다.",
            "원고는 위 규정에 따라 피고에 대한 위 변제행위를 부인하여 그 원상회복으로서 변제금 1,664,043,779원 및 이에 대한 지연손해금의 지급을 구한다고 주장한다."
        ],
        "dedatAssrs": [
            "피고는, 이 사건 변제행위는 당시의 여러 사정에 비추어볼 때 000의 정상화를 위한 자구노력의 일환이었 던 것이고 특별히 피고에게만 변제를 하고 다른 정리채권자를 해하려고 하였던 것이 아니므로 행위의 부당성을 결여하고 있다고 항변한다.",
            "피고는, 자신은 000로부터 변제를 받을 당시 구체적인 000의 채권자의 신원 및 채무액 등 자세한 채권내역을 알 수 없었다고 주장한다.",
            "피고는, 이 사건 변제행위는 당시의 여러 사정에 비추어볼 때 000의 정상화를 위한 자구노력의 일환이었던 것이고 특별히 피고에게만 변제를 하고 다른 정리채권자를 해하려고 하였던 것이 아니므로 행위의 부당성을 결여하고 있다고 항변한다.",
            "000는 1997. 11. 1. 정리절차개시신청을 하였다가 1달여만에 개시신청을 취하 하였고 신문기사를 통해 000가 소속된 000에 대한 금융권의 추가지원 등 정상화대책이 보도되었으며, 000가 당좌거래정지처분을 받은 후에도 기존의 거래처 등과 계속하여 거래를 한 점에 비추어 보면 이 사건 변제당시 피고는 다른 채권자를 해할 것을 알지 못하였다고 주장한다.",
            "피고는, 이 사건 변제는 당시 000에 대한 금융업계의 추가지원결의가 있었고, 회사의 정상화를 위한 자 구노력의 일환으로서 행하여 진 것이므로 부당성이 없다고 주장한다.",
            "피고는, 원고가 부인권의 제척기간 완성일인 2002. 2. 10.의 직전인 2002. 2. 9. 피고에 대하여 부인권을 행사하였다고 주장한다.",
            "000의 부도이후 회사정리절차 개시전까지 대부분의 이자(원금의 일부를 포함)를 변제해 온 다른 채권자들에 대하여는 부인권을 행사하지 아니하고 피고를 비롯한 일부의 채권자들(000, 000)에 대하여만 부인권을 행사하는 것은 신의칙에 반하고, 부인권의 남용이므로 받아들여 져서는 아니된다고 주장한다."
        ]
    },
    "facts": {
        "bsisFacts": [
            "피고는 1994. 10. 13. 000(1996. 11. 1. 000에 합병되었다)의 회사채상환채무100억원을 보증기간을 1997. 10. 19.까지로 하여 지급보증하였다.",
            "000(2001. 1. 1. 000로 상호가 변경되었다. 이하 000라 한다)는 외부차입금에 의존한 성장위주의 경영과 구조조정의 지연 등의 원인으로 1997년 후반기에 들어 심각한 유동성 부족의 사태에 직면하게 되어 위 회사채를 상환하지 못하게 되었다. 이에 피고는 위 지급보증계약에 따라 1997. 10. 20. 000를 대신하여 위 회사채 100억원을 상환하였다.",
            "1997. 10. 30. 000로부터 구상금 채무의 원리금 지급담보 명목으로 액면 100억원 당좌수표 1장과 액면 26,027,397원 당좌수표 1장을 교부받았다. ",
            "000는 자금사정이 악화되어 결국 피고에게 각 당좌수표를 발행한 다음날인 1997. 11. 1. 인천지방법원에 회사정리절차개시신청을 하게 되었고, 1997. 11. 3. 000으로부터, 1997. 11. 4. 서울어음교환소로 부터, 1997. 11. 6. 인천어음교환소로부터 각 당좌거래정지처분을 받았다.",
            "피고는 000가 000으로부터 당좌거래정지처분을 받은 다음날인 1997. 11. 4. 000로부터 교부받은 당좌수표 2장을 지급제시하였으나 지급거절되었고, 그 무렵 000의 대표이사는 부정수표단속법위반죄로 고발되었다.",
            "그 후 000는 채권금융기관들로 결성된 000와의 협의 끝에 채권단으로부터 변제기를 유예받고 추가자금을 지원받는 등의 기업구조개선작업을 통해 회사갱생을 도모하기로 하고, 1997. 11. 29. 위 회사정리절차개시신청을 취하하였다.",
            "피고는 1998. 3. 4. 위 당좌수표발행인인 000의 대표이사에 대한 처벌불원의사표시를 내용으로 한 확인서를 서초경찰서에 제출하였고, 같은 날 000와 사이에 피고의 위 구상금채권을 1998년 내에 매월 분할변제하기로 약정하였다.",
            "000는 위 약정에 따라 피고에게 약정당일인 1998. 3. 4. 금 967,468,439원, 1998. 3. 13. 금 91,643,835원, 1998. 4. 13. 금 203,835,616원, 1998. 5. 13. 금 197,260,273원, 1998. 6. 13. 금 203,835,616원 등 총 금 1,664,043,779원을 변제하였다.",
            "그러나 위 회사정리절차개시신청의 취하 이후에도 000에 대한 채권자들 사이에서 000 처리방향에 대한 합의가 이루어지지 않다가 000는 1998. 6. 18. 금융감독위원회와 채권금융기관으로부터 퇴출대상기업으로 선정되었다.",
            "그 후 000는 금융감독원 산하 000에 중재를 요청하였음에도 중재에 나선 위 위원회에서조차도 합의점을 끌어내지 못하자 위 위원회가 결정한 조정에 따르기로 하고 위 위원회에 조정신청을 하여 이 위원회의 조정의견에 따라 법적 절차에 의한 처리방안을 모색하기로 결정하였다.",
            "결국 000는 1999. 11. 30. 인천지방법원에 다시 회사정리절차개시신청을 하였고, 위 법원은 2000. 2. 10. 000에 대한 회사정리절차개시결정을 하였다. 한편 000에 대하여 1997. 11. 4. 당좌거래정지 처분이 있은 후 2000. 2. 10. 회사정리절차개시결정이 있기까지 그 정지처분이 해제된 바는 없다.",
            "위와 같은 000의 당좌거래정지처분, 000와 채권금융기관 간의 협의과정과 협의실패로 인하여 퇴출선정기업으로 선정된 사실 등은 그 무렵 중앙일간지, 방송 등을 통해 보도되었다."
        ]
    },
    "dcss": {
        "courtDcss": [
            "회사정리법 제78조 제1항 제1호 는 회사가 정리채권자 등을 해할 것을 알고 한 행위 는 이를 부인할 수 있다고 규정하고 있고, 회사가 위 규정상 부인권을 행사하기 위해서는 사해행위가 있을 것 과 회사가 해의 사를 가질 것 이라는 일반적 요건이 충족되어야 한다.",
            "사해행위란 회사의 일반재산을 절대적으로 감소시키는 행위뿐만 아니라 다른 정리채권자와의 공평에 반하는 편파적인 변제행위도 포함되는 것으로 해석되며, 회사의 사해의사는 회사가 부인의 대상이 되는 행위를 할 당시에 그 행위로 인하여 정리채권자를 위한 공동담보인 책임재산이 감소하거나 정리채권자들 사이에 불공평을 초래한다는 인식이 있으면 인정된다고 할 것이다.",
            "000는 당좌거래정지처분 이후 퇴출대상기업으로 선정될 정도로 재정상태가 극히 악화되어 실질적으로 자력의 결핍으로 인하여 변제기가 도래한 정리채권자들에 대한 채무를 일반적, 계속적으로 변제할 수 없는 지급정지상태에 있었음에도 불구하고, 대표이사에 대한 처벌불원의 의사표시를 피고에게 받기 위하여 특정채권자인 피고에게 채무를 변제한 것으로 보인다.",
            "이 사건 변제행위는 다른 정리채권자를 해하는 편파행위로서 사해행위에 해당하고, 000의 사해의사도 충분히 추인할 수 있다고 할 것이다.",
            "갑 12호증의 기재에 의하면 1999. 11. 30. 000에 대한 회사정리절차가 신청될 당시 000의 채무초과액이 9,952억 6,400만원에 이른 사실이 인정된다.",
            "위 채무초과액과 000가 피고를 포함한 위 에서 본 다른 특정채권자들에게 변제한 금액의 합계인 387억 8,049만여원을 비교하여 볼 때, 그 비율에 있어서만 보아도 000가 피고를 포함한 모든 금융채권자들에게 일반적으로 채무 원리금을 변제하였다고 보기는 어렵다 할 것이므로 피고의 위 주장은 받아들이지 아니한다.",
            "회사정리법상 부인의 대상이 되는 행위가 정리채권자에게 유해하다고 하더라도 행위 당시의 개별적,구체적 사정에 따라서는 당해 행위가 사회적으로 필요하고 상당하였다거나 불가피하였다고 인정되어 일반 정리채권자가 정리회사 재산의 감소나 불공평을 감수하여야 한다고 볼 수 있는 경우가 있을 수 있고, 그와 같은 경우에는 부인권 행사의 대상이 될 수 없다고 보아야 할 것이다.",
            "피고도 000의 대표이사가 신체의 구속에서 벗어나 피고의 채무변제에 노력하고 그때까지의 연체금액 중 일부라도 변제받는 것이 피고에게 유리하다고 판단하여 위 요청을 수용하기로 하여, 1998. 3. 4. 처벌불원의 의사표시를 해 주고 이 사건 변제를 받은 사실을 인정할 수 있다.",
            "이 사건 변제가 사회적으로 상당하였다고 인정되거나 다른 정리채권자가 불공평을 감수할 정도로 신의칙이나 공평의 이념에 비추어 부당성이 결여된 행위라고 보기는 어렵다 할 것이 다. 따라서 피고의 위 주장은 받아들이지 아니한다.",
            "000 채권금융기관들의 협조융자에 관한 사항과 그 결의 가 지연되어 결국 1998. 6. 18. 금융감독위원회와 채권금 융기관은 000를 퇴출대상기업으로 선정하였으며, 이러한 사실들은 언론을 통하여 수시로 보도가 된 점을 인정할 수 있다.",
            "위 개시신청 취하 이후에도 실질적으로 000가 자력의 결핍으로 인하여 변제기가 도래한 다른 정리 채권자들에 대한 채무를 일반적, 계속적으로 변제할 수 없는 지급정지상태에 있었다는 것을 충분히 알고있었다고 할 것이다.",
            "피고로서는 000로부터 먼저 변제를 받는다면 다른 정리채권자들을 해한다는 사실을 이 사건 변제당시 충분히 인식 또는 의욕하였다고 봄이 상당하다. 따라서 피고의 위 항변도 받아들이지 아니 한다.",
            "이 사건 소가 제척기간 내에 제기된 이상 제척기간 바로 전날 소를 제기하였다고 하여 이를 신의칙 위반이나 부인권의 남용이라 할 수는 없고, 원고가 000로부터 변제를 받은 채권자들 중 일부에 대하여만 부인권을 행사하였다고 하여 그 사유만으로 이를 신의칙 위반이나 부인권의 남용이라 할 수도 없다 할 것이므로 위 주장 역시 받아들이지 아니한다."
        ]
    },
    "close": {
        "cnclsns": [
            "피고는 원고에게 부인권 행사에 따른 원상회복으로서, 변제금 1,664,043,779원 및 그 중 금 967,468,439원에 대하여는 1998. 3. 4.부터, 금 91,643,835원에 대하여는 1998. 3. 13.부터, 각 2003. 5. 31.까지는 상법 소정의 연 6%의, 그 다음날부터 완제일까지는 소송촉진등에관한특례법에서 정한 연 20%의 각 비율에 의한 지연손해금을 지급할 의무가 있다.",
            "금 203,835,616원에 대하여는 1998. 4. 13.부터, 금 197,260,273원에 대하여는 1998. 5. 13.부터 금 203,835,616원에 대하여는 1998. 6. 13.부터, 각 2003. 5. 31.까지는 상법 소정의 연 6%의, 그 다음날부터 완제일까지는 소송촉진등에관한특례법에서 정한 연 20%의 각 비율에 의한 지연손해금을 지급할 의무가 있다.",
            "(원고는 이 사건 소장부본 송달 다음날부터는 연 25%의 비율에 의한 지연손해금의 지급을 구하나, 헌법 재판소에서 2003. 4. 24. 구 소송촉진등에관한특례법 제3조 제1항 본문 중 대통령령으로 정하는 이율 부분 에 대하여 위헌결정을 함에 따라 구 법률에 기한 연 25%의 법정이율은 적용할 수 없게 되었고, 개정 법률에 따라 2003. 6. 1.부터 연 20%의 법정이율이 적용된다.)",
            "원고의 청구는 위 인정범위 내에서 이유 있어 이를 인용하고, 나머지는 이유 없어 이를 기각하여야 할 것인바, 제1심 판결은 이와 결론을 같이 하여 정당하고 이 에 대한 피고의 항소는 이유 없으므로, 피고의 항소를 기각하기로 한다."
        ]
    }
}