{
    "info": {
        "caseField": "1",
        "detailField": "1",
        "trailField": "2",
        "caseNm": "사해행위취소",
        "courtNm": "서울고등법원",
        "judmnAdjuDe": "2005. 10. 27.",
        "caseNo": "2003나61780",
        "relateLaword": [
            "민사소송법 제420조",
            "국세징수법 제30조",
            "상속세및증여세법 제61조",
            "상속세및증여세법 제66조",
            "민법 제839조의2",
            "구 국세기본법 제21조",
            "상속세및증여세법 제63조",
            "상속세및증여세법 시행령 제53조",
            "구 상속세및증여세법 시행령 제53조",
            "구 상속세및증여세법 시행령 제56조",
            "구 상속세및증여세법 시행령 제55조",
            "구 상속세및증여세법 시행령 제63조"
        ],
        "qotatPrcdnt": [
            "서울지방법원 1996. 12. 3. 선고 96나32125 판결  ",
            "대법원 1997. 4. 9.선고 97다2481 판결",
            "대법원 2000. 7. 28. 선고 2000다14101 판결"
        ]
    },
    "concerned": {
        "acusr": "3",
        "dedat": "1"
    },
    "org": {
        "orgJdgmnCourtNm": "서울중앙지방법원",
        "orgJdgmnAdjuDe": "2003. 8. 28.",
        "orgJdgmnCaseNo": "99가합47001 "
    },
    "disposal": {
        "disposalform": "10",
        "disposalcontent": [
            "피고의 항소를 기각한다.",
            "항소비용은 피고의 부담으로 한다."
        ]
    },
    "mentionedItems": {
        "rqestObjet": [
            "피고와 소외  1 사이에 별지1 목록 기재 부동산에 관하여 1997. 12. 19. 체결한 증여계약 및 별지1 목록 기재 부동산 중 순번 49 내지 53 기재 부동산에 관하여 1997. 12. 27. 체결한 근저당권설정계약을 취소한다.",
            "피고는 소외  1에게 별지1 목록 기재 부동산 중, (1) 순번 1 내지 48 기재 부동산에 관하여 수원지방법원 이천등기소 1997. 12. 31. 접수 제43586호로 마친 소유권이전등기의, (2) 순번 49 기재 부동산에 관하여 인천지방법원 1998. 2. 17. 접수 제10902호로 마친소유권이전등기의, 같은 법원 1997. 12. 30. 접수 제120688호로 마친 근저당권설정등기의, (3) 순번 50, 51 기재 부동산에 관하여 서울지방법원 성북등기소 1998. 4. 11. 접수 제10839호로 마친 소유권이전등기의, 같은 등기소 1997. 12. 30. 접수제52902호로 마친 근저당권설정등기의, (4) 순번 52, 53 기재 부동산에 관하여 서울지방법원 서부지원 용산등기소 1998. 5. 9.접수 제13473호로 마친 소유권이전등기의, 같은 등기소 1997. 12. 30. 접수 제36606호로 마친 근저당권설정등기의 각 말소등기절차를 이행한다.",
            "피고는 원고에게 330,031,000원 및 이에 대하여 이 사건 판결확정일 다음날부터 완제일까지 연 5%의 비율에 의한 금원을 지급한다.",
            "제1심 판결을 취소하고, 원고의 청구를 모두 기각한다."
        ]
    },
    "assrs": {
        "acusrAssrs": [
            "원고는 비상장 계열사 소유의 부동산에 대해서 상증법 제61조 제1항 제1호, 제2호에 따라 토지의 공시지가와 건물의 시가표준액으로 평가하는 것이 상증법의 규정에 의하여 평가한 가액 이라고 주장한다.",
            "원고는 이 사건 평가기준일 현재 소외 00과 소외 00이 부도 혹은 영업정지를 맞았고 장차 파산이 예견되었으며 당시 시점으로도 진실한 재무상태는 채무초과상태였으므로 그 주식의 가치가 전혀 없다고 주장한다.",
            "원고는 당시(명칭 생략)그룹의 핵심 계열사인 소외 00, 소외 00이 부도와 영업정지처분을 맞고, 소외 00가 퇴출되는 상황에서 1997. 12. 31. 시점의 재무제표를 기준으로 한 소외 00의 소외 00, 소외 00, 소외 000, 소외 00에 대한 미수금, 단기 대여금 채권 합계 53,399,302,000원은 경제적 실질상 공동 운명체인(명칭 생략)그룹 내 계열사에 대한 채권으로서 회수불능채권이라고 보아야 한다고 주장한다.",
            "그 채권·채무의 액수만큼을 소외 00의 자산 및 소외 00, 소외 00, 소외 00의 부채에서 감액하여야한다고 주장한다.",
            "원고는, 소외 00의 부채에 원고가 1998. 7.에 소외 00에 부과고지한 1997년 귀속 법인세 3,116,643,590원과 그에 대한 주민세 311,664,350원을 더 가산하여야 한다고 주장한다.",
            "원고는, 피고가 이혼 후에도 소외 00과 금융거래를 하고 재산분할로 증여받은 부동산에 시부모를 무상으로 거주하게 하는 이례적인 약정을 한 것에 비추어 보면, 피고와 소외 00 간의 협의이혼은 IMF 사태 후(명칭 생략)그룹 전체가 파산될 위기에 직면하자 실질적 재산가치가 있는 부동산을 보전함과 동시에 조세채무를 면탈하기 위한 가장이혼으로서 무효라고 주장한다.",
            "원고는 이혼에 따른 재산분할이라 하여도 이는 상당한 재산분할의 범위를 초과하는 것으로서 모두 사해행위로서 취소되어야 한다고 주장한다."
        ],
        "dedatAssrs": [
            "피고는, 원고가 이 사건 증여계약이 국세징수법 제30조에서 정하는 사해행위임을 이유로 그 취소와 원상회복을 구한다고 주장함에 대하여, 원고가 1998. 5. 18.경 내지 늦어도 1998. 5. 26.경부터 이 사건 주식양도가 이루어진 사실 및 이 사건 증여부동산에 관하여 소외 00로부터 피고 명의로 소유권이전등기가 경료된 사실을 파악하고 있었다고 항변한다.",
            "따라서 원고가 이때 이미 이 사건 증여계약이 사해행위라는 사실을 알고 있었으므로, 그로부터 1년이 도과한 뒤에 제기된 이 사건 소는 제척기간이 경과하여 부적법하다고 항변한다.",
            "피고는 이에 대하여, 위 조항 가목 단서를 따를 경우는 증자, 합병 등의 경우에만 해당되는 것이지 이 사건과 같은 부도나 영업정지를 받은 사유는 위 단서를 적용할 경우에 해당하지 않으며, 이 사건과 같은 경우도 위 단서를 적용할 경우에 해당한다고 해석할 경우 조세법률주의에 위반하여 확대해석한 것이 된다고 주장한다.",
            "같은 법 같은 조 제3항에 의하면 대통령령이 정하는 최대주주 또는 최대출자자 및 그와 특수관계에 있는 주주 또는 출자자의 주식 및 출자지분에 대하여는 제1항 제1호 및 제2항의 규정에 의하여 평가한 가액에 그 가액의 10/100을 가산 하도록 규정되어 있는데도, 소외 00과 소외 00의 최대주주인 소외 00에 대하여 이와 같은 규정에 따라 10/100을 가산하지 않은 것은 잘못이라는 취지로 주장한다.",
            "피고는 상증법 제 66조 제4호 및 시행령 제63조 제6호에 따라 사실상 임대차계약이 체결되거나 임차권이 등기된 재산의 가액은 1년간의 임대료를 시행규칙이 정한 율로 나눈 금액과 임대보증금의 합계액으로 평가하는 것이 상증법의 규정에 의하여 평가한 가액 이라고 주장하고 있다.",
            "피고는, ① 이 사건 증여세에 대한 가산세액 3,081,218,955원과 국세심판소 심판결정에 따라 감액한 증여세 일부도 소극재산에서 제외되어야 한다고 주장한다.",
            "피고는 또, ② 소외 00이 조세포탈로 인하여 부담하게 된 벌금은 소극재산에서 제외되어야 한다고 주장한다. ",
            "또한 피고는, ③ 소외 00에 대한 횡령으로 인한 손해배상채무는 사실상 소외 00에 가공입고할 당시의 채권 매입시세와 그 이후 소외 00의 회사채 등을 임의로 매각하여 채권 등을 실물 입고 처리할 당시의 매입시세 차액이 발생한 것일 뿐이어서, 실물이 입고된 이상 손해가 발생하였다고는 볼 수 없다고 주장한다.",
            "소외 00에 대한 손해배상채무는 1997. 12. 27. 당시 소외 00의 소외 00로부터의 대여금채권 38억여 원과 소외 000으로부터의 미수금채권 30억 원이 있어, 1997. 12. 27. 이후 위 자금으로 소외 00의 손해배상채무를 전액 상환하였다고 주장한다.",
            "위 양자의 손해배상채무는 아직까지 채권자들로부터 손해배상청구를 받은 바도 없거니와 이제와 그들이 손해배상청구를 한다 하더라도 이미 시효로 소멸하였으므로 소극재산에 포함시켜서는 안된다고 주장한다.",
            "피고는, 원고에 대한 채무자인 소외 00이 이 사건 사해행위의 기준시점인 증여일 당시 원고의 피보전채권인 양도주식에 대한 증여의 제 간주로 인하여 증여세가 부과될 것이라는 것은 인식하지 못하였다고 주장한다.",
            "따라서 그 체납채무액은 그가 자진신고한 세액에 한하여야 하고, 조세포탈액이나 횡령으로 인한 손해배상 액수 역시 소외 00로서는 이 사건 증여일 당시 앞으로 그와 같은 고발이나 공소제기 등이 이루어질 것을 예상할 수 없었던 만큼, 소외 00에게는 이 사건 증여시 일반채권자들에 대한 사해의사가 있었다고 볼 수 없다고 주장한다.",
            "피고는 남편의 회사경영에 일체 관여하지 않았던 피고로서는 더더욱 그와 같은 사정을 알 리 없었다 할 것이라고 주장한다.",
            "피고는, 이 사건 증여계약 및 근저당권설정계약은 소외 00과 피고가 가정불화로 협의이혼하면서 위자료 명목으로 별지1 목록 기재 부동산들을 피고 소유로 귀속시키기로 합의한 데 따른 것으로, 실질적으로는 협의에 의한 재산분할이므로 사해행위 취소의 대상이 되지 않는다고 주장한다.",
            "피고는 위 채무들은 공동재산의 유지, 형성에 수반하여 부담한 채무가 아니므로 재산분할시 소극재산으로서 공제되어서는 안 된다는 취지로 주장한다."
        ]
    },
    "facts": {
        "bsisFacts": [
            "이 부분에 설시할 이유는 제1심 판결문의 기재와 같으므로, 민사소송법 제420조에 의하여 이를 인용하기로 한다.",
            "원고 산하 서울 지방국세청에서 1998. 5. 26. 소외 00 및 그 일가에 대한 세무조사를 실시할 당시에 이미 같은 해 5. 18.자로 인쇄된 이 사건 증여 부동산 중 별지1 목록 기재 순번 21, 24, 35 내지 38, 40, 41, 50 내지 53 부동산에 대한 취득, 양도 현황표를 가지고 있었던 사실을 알 수 있다.",
            "적어도 위 1998. 5. 18.경에는 서울지방국세청에서 위 부동산들이 소외 00로부터 피고에게 증여되어 소유권이전등기가 경료된 사실을 알고 있었다고 볼 수 있고, 이 사건 소가 위 부동산 현황표가 인쇄괸 1998. 5. 18.이나 세무조사를 시작한 같은 해 5. 26.로부터 기산할 때 1년이 지난 1999. 5. 31.에 제기된 사실은 기록상 명백하다.",
            "원고는 이 사건 주식양도가 이루어져 소외 00이 과대평가된 부분의 주식양도대금을 취득한 1997. 1. 4.에 소외 00에 대하여 증여세 11,126,918,660원의 조세채권을 가지게 되었다.",
            "(조세채권은 법이 정한 요건이 충족되면 당연히 성립하는 것이므로, 원고가 1999. 8. 16.에 가서야 이 증여세를 부과고지한 사정이나 이 증여세 부과에 대한 소외 00의 예견가능 여부 등은 증여세 채권의 성립에 아무런 지장을 줄 수 없다. 다만, 위 증여세액은 뒤에서 보는 바와 같이 2001. 2. 1.자 국세심판원 결정에 의하여 10,832,694,665원으로 294,223,995원이 감액되었다)",
            "양도소득세에 대하여는 이 사건 주식양도가 이루어진 1997년의 과세기간이 종료하는 1997. 12. 31.에 그 산출세액 5,311,099,057원의 조세채권을 가지게 되었다.",
            "이 사건 증여 부동산의 공시지가 또는 시가표준액은 별지1 목록 기재와 같이 합계 4,272,231,738원이고, 이 사건 미증여 부동산은 0000 임야 80,432㎡이 21,636,208원, 같은 0000 임야 20,430㎡이 5,618,250원으로 공시지가 합계 27,254,458원이며, 헬스회원권 2구좌는 당시 시가 합계 6,500만 원 상당임을 인정할 수 있다.",
            "소외 00의 적극재산 중 부동산과 헬스회원권의 평가액은 4,364,486,196원(= 4,272,231,738원 ＋ 27,245,458원 ＋ 6,500만 원)이 된다.",
            "을 82호증의 1, 2의 각 기재에 의하면 1996. 4. 1.부터 1997. 3. 3.까지 소외 00의 대주주 지분현황은 소외 00과 그 아버지인 소외 00의 소유지분을 합할 경우 기초에는 그 지분율이 33.9%였다가 기말에는 25%에 그치고 있고, 소외 00의 경우 같은 기간 소외 00의 소유지분은 기초와 기말이 10.31%로 동일한 점을 알 수 있다.",
            "갑 36호증의 2, 갑 97호증의 4,5의 각 기재와 변론 전체의 취지를 종합하면, 원고가 1998. 7.에 소외 00의 1997년도분 법인세를 증액 경정하여 원고 주장의 세액을 소외 00에 부과고지한 사실, 이에 따라 소외 00가 1998. 9. 30.부터 2000. 3. 31.까지 사이에 이 세액을 납부한 사실을 인정할 수 있다.",
            "앞서 든 증거들과 갑 98호증의 2,3의 각 기재에 의하면, 이 사건 증여세에 대한 가산세는 원고 산하 강남세무서장이 소외 00이 자신의 주식을 계열사에 양도하면서 그 가액을 과대평가하였음을 이유로 과대평가된 부분에 대하여 증여세를 부과한다.",
            "증여일자인 1997. 1. 4.을 기준으로 신고기한이 같은 해 4. 4.이 되는 만큼 그 기한 안에 신고하지 않음을 이유로 신고불성실 가산세와 납부불성실 가산세를 부과한 사실을 알 수 있다.",
            "갑 98호증의 1 내지 5의 각 기재에 의하면, 2001. 2. 1.자 국세심판원의 결정에 따라 소외 00에 대한 증여세가 294,223,995원 감액(감액된 과세가액을 기준으로 한 가산세도 부가된 액수)된 사실을 알 수 있다.",
            "소외 00에게 1994년경부터 발생한 여자문제를 피고가 알게 되면서 1995년경부터 피고부부는 이혼위기에 처하게 되었고, 1996년경에는 3자녀를 먼저 미국에 유학 보낸 후 피고도 뒤따라 미국에 유학가 대학원에 입학하였다가 1997년경 귀국하여 그 해 연말 무렵 피고 부부가 변호사를 찾아가 협의이혼에 이른 사실을 알 수 있다.",
            "이 사건 이혼합의 당시 피고가 소외 00에게 더 이상의 위자료나 재산분할청구 등 일체의 청구를 하지 않기로 합의하고도 1998. 1. 6.에 3억 원, 1998. 1. 7.에 253,164,477원 합계 553,164,477원을 소외 00로부터 추가로 송금받은 사실이 있다.",
            "피고는 소외 00과 이혼합의를 하면서도 별도의 합의를 통해 소외 00의 부친이자(명칭 생략)그룹의 선대 회장인 소외 00 소유의 0000 소재 건물에 피고가 필요로 하는 기간 동안 무상으로 거주하도록 하고, 소외 00은 별지1 목록 순번 51 기재 주택 및 피고가 소외 00의 모친인 소외 00로부터 증여받아 소유하고 있던 0000 소재 주택에 소외 00이 필요로 하는 기간 동안 무상으로 거주하도록 한 사실은 인정할 수 있다.",
            "소외 00이 별지1 목록 기재 부동산들을 피고에게 증여한 것은 이혼에 따른 위자료뿐 아니라 재산분할의 명목도 가지고 있는 사실을 인정할 수 있다."
        ]
    },
    "dcss": {
        "courtDcss": [
            "위 인정사실만으로는 원고가 세무조사 당시 소외 00의 적극, 소극재산의 규모를 모두 파악하여 이 사건 증여계약이 원고를 해하는 사해행위임을 알았다고 보기 어렵고, 나아가 국세징수법은 제30조에서, 세무서장은 체납처분을 집행함에 있어서 체납자가 압류를 면하고자 고의로 그 재산을 양도하고 그 양수인은 그 정을 알고 이를 양수한 때에는 당해 행위의 취소를 요구할 수 있다.",
            "사해행위취소권을 행사하려면 적어도 그 양도인이 체납자 의 지위에 있어야 하므로 양도인에 대한 조세부과와 조세체납이 전제되어야 하는데(서울지방법원 1996. 12. 3. 선고 96나32125 판결 및 대법원 1997. 4. 9. 선고 97다2481 판결 참조), 이 사건 주식양도에 대한 양도소득세는 1998. 6. 1. 자진신고가 있었고, 부과고지는 1998. 8. 3. 이루어졌으며, 그 납부기한은 1998. 8. 31.까지다.",
            "그 후 경정처분이 이루어진 사실은 앞서 살핀 바와 같은 이상, 양도소득세에 대한 체납의 시기를 양도소득세 과세표준 확정신고 다음날인 1998. 6. 2.로 본다 하더라도 그로부터 1년 내임이 기록상 명백한 1999. 5. 31.에 제기된 이 사건 소는 적법하다 할 것이어서, 피고의 위 항변은 어느 모로 보나 이유 없다.",
            "① 이 사건 주식양도가 과세기간 개시일 이후에 있은 이상 이미 양도소득세 채권 성립의 기초가 되는 법률관계가 발생되어 있었다.",
            "② 조세채권은 법이 정한 요건이 충족되면 곧바로 성립되는 것이어서 이 법률관계에 터잡아 양도소득세 채권이 성립되리라는 점에 대한 고도의 개연성이 있었다.",
            "③ 실제로 과세기간 종료와 동시에 그 개연성이 현실화 되어 양도소득세 채권이 성립함에 따라 이 또한 이 사건 채권자취소권 행사에 있어서 피보전채권이 되는 것이므로, 결국 이 사건 채권자취소권 행사에 있어서는 16,143,793,722원(= 10,832,694,665원 ＋ 5,311,099,057원)의 피보전채권의 존재가 인정된다.",
            "위 단서 적용 문제에 대하여는 단서를 적용할 경우로 증자, 합병의 2가지만을 한정한 것이 아니라 증자, 합병 등 의 사유로 인하여 당해 평균액에 의하는 것이 부적당한 경우에 해당한다고 볼 수 있는 경우를 아울러 규정하고 있는것으로 볼 것이다.",
            "이 사건과 같이 부도 및 영업정지가 발생한 회사의 주식을 평가함에 있어 부도 등 발생일 이후에는 평가액이 떨어질 것이 명백한 경우에 있어서도 기준일 이전 3월간의 최종시세가액의 평균액으로 계산함이 적당하다고는 볼 수 없으므로, 이 사건에 있어서 위 조항 단서를 적용한 것이 조세법률주의에 반하였다는 피고의 주장은 받아들이지 아니한다.",
            "또한, 상증세법 시행령 제53조 제3항에서 인용하는 제19조 제2항 규정상 최대주주 또는 최대출자자 및 그와 특수관계에 있는 주주라 함은 주주 1인과 친족관계에 있거나, 사용인과 사용인 외의 자로서 당해 주주 등의 재산으로 생계를 유지하는 자의 주식 총수가 30/100 이상이 되어야 한다.",
            "이 사건 평가기준일 현재 소외 00이 위와 같은 특수관계에 있는 주주와의 주식 합계가 30/100 이상이 된다고 볼 자료는 없는 이상, 소외 00이 최대출자자에 해당함을 전제로 한 피고의 위 주장 또한 받아들이지 아니한다.",
            "이 사건 평가기준일 당시 소외 00의 적극재산 중 소외 00 주식의 평가액은 3,319,3 66,212원(= 2,565,198주 × 1,294원), 소외 00 주식의 평가액은 1,711,310,052원(=1,433,258주 × 1,194원)으로서 합계 5,030,676,264원이 된다.",
            "비상장 계열사의 순자산가액을 구함에 있어 그 계열사 소유의 부동산은 법 제60조 제1항, 제3항, 제61조 제1항 제1호, 제2호, 제66조 제4호에 따라 이 사건 평가기준일 현재의 공시지가 또는 시가표준액을 원칙으로 하되, 임대용 부동산을 평가함에 있어서는 임대료 환산가액으로 평가한다.",
            "그룹 내 핵심 계열사가 부도 처리되고 영업정지 처분되었다는 사정만으로 그룹 내 계열사의 다른 계열사에 대한 채권이 회수 불가능한 채권이 되었다고 볼 수는 없는 것이므로, 원고의 이 부분 주장은 이유 없고 따라서 이 채권·채무는 이 사건 평가기준일인 1997. 12. 19.에 근접한 시점의 것으로서, 이 사건 평가기준일의 비상장 계열사의 순자산가액을 구하는데 있어 자산 및 부채 액수에 그대로 포함시켜 계산한다.",
            "증액된 이 세액도 1997년말에 이미 납부할 것이 확정적인 것이어서 소외 00의 부채에 가산하는 것이 타당하므로, 이 법인세액과 그에 대한 주민세액을 소외 00 부채에 가산하여 계산한다.",
            "따라서 이 사건 평가기준일 당시 소외 00이 소유하고 있던 이 사건 비상장주식의 평가액은 소외 00 주식 14,122,455,000원(=107,805원 × 131,000주), 소외 00 주식 604,277,300원(= 34,990원 × 17,270주)이 된다.",
            "소외 00 주식 0원, 소외 00 주식 966,020,000원(= 48,301원 × 20,000주), 소외 00 주식 0원, 합계 15,692,752,300원(= 14,122,455,000원＋99,509,740원＋966,020,000원)이 된다.",
            "이상을 종합하면 이 사건 평가기준일 당시 소외 00의 적극재산의 평가액은 부동산과 헬스회원권 4,364,486,196원, 상장주식 5,030,676,264원, 비상장주식 15,692,752,300원 합계 25,087,914,760원이 된다.",
            "소외 00이 이 사건 평가기준 일 이전에 위와 같이 주식의 평가를 과대하게 하고 그에 대한 신고를 제대로 하지 아니하여 이 사건 가산세 부과의 원인이 되는 사실관계를 형성한 이상, 이 사건 평가기준일 이후에 증여세가 부과고지되면서 위와 같은 내용의 가산세가 부과되었다 하여 부과세 부분만 따로 떼어 소극재산에서 제외하여야 한다고 볼 것은 아니라 할 것이다.",
            "다만, 갑 98호증의 1 내지 5의 각 기재에 의하면, 2001. 2. 1.자 국세심판원의 결정에 따라 소외 00에 대한 증여세가 294,223,995원 감액(감액된 과세가액을 기준으로 한 가산세도 부가된 액수)된 사실을 알 수 있으므로, 위 감액된 금액만큼은 소외 00의 소극재산에서 공제하여야 할 것이어서 이 부분에 대한 피고의 주장은 이유 있고, 이미 원고의 피보전채권액을 계산함에 있어서 위 감액된 증여세 부분은 반영하였다.",
            "이미 이 사건 평가기준일 이전에 조세포탈이라는 법률효과를 발생시키는 사실관계가 성립한 이상, 그 이후에 공소제기되어 나중에 확정된 금액이라는 이유로 제외할 수는 없어 이에 대한 피고의 주장은 받아들이지 아니한다.",
            "원래 횡령으로 인한 소외 00과 소외 00의 각 손해는 위와 같이 각 임의로 인출한 금액만큼 각기 발생한 것이고, 다만 두 회사의 회계처리상 소외 00에서 인출한 금액으로 매입하여 소외 00에 입고한 채 권가액만큼은 결과적으로 소외 00의 입장에서는 회복된 것으로 보아 소외 00에게 유리하게끔 소외 00에서 인출한 횡령액은 공제해 준 것이어서, 실물입고 되었다는 점만으로 손해가 없다고 보아야 한다는 피고의 주장은 받아들이지 아니한다.",
            "실물입고 되었다는 점만으로 손해가 없다고 보아야 한다는 피고의 주장은 받아들이지 아니한다.",
            "사해행위 여부를 판단함에 있어서 기준이 되는 시점과 가액은 사해행위가 발생한 당시 사해행위자의 적극재산과 소극재산의 가액을 기준으로 평가하여야 하는 이상, 기준일 이후에 위와 같은 채무를 전액 상환하였다거나 그로부터 수년이 지난 뒤에 재판하게 되는 시점에서 이미 채무가 소멸하였는지 여부는 고려대상이 되지 아니한다 할 것이어서, 이를 지적하는 피고의 주장은 받아들이지 아니한다.",
            "따라서 소외 00의 소극재산 평가액은 합계 25,735,554,032원(= 16,143,793,722원 ＋ 2,089,920,000원 ＋1,398,520,000원 ＋ 6,103,320,310원)이다.",
            "앞서 본 바와 같이 이 사건 증여계약 및 이 사건 근저당권설정계약 체결 당시 소외 00의 소극재산은 25,735,554,032원 또는 그 이상으로, 소외 00의 적극재산은 25,087,9 14,760원 또는 그 이하로 평가되므로, 이 사건에서 사해행위로 지목되는 이 사건 증여계약 및 이 사건 근저당권설정계약의 법률행위가 있을 당시 채무자인 소외 00은 채무초과의 무자력 상태에 있었다고 할 것이다.",
            "이 사건 채무자인 소외 00은 이 사건 증여 등의 처분행위가 자신의 재산을 감소시켜 채권의 공동담보를 한층 더 부족하게 함으로써 채권자를 해하는 사해행위라는 사실을 알고 있었다고 볼 것이다.",
            "수익자인 피고의 악의는 추정되는 것이고, 피고가 남편의 사업경영에 참여하지 않았다는 점만으로는 위 악의의 추정을 번복할 수 없으므로, 피고의 위 주장은 이유 없고 결국 이 사건 채권자취소권 행사에 있어 채무자 및 수익자의 악의는 모두 인정된다고 할 것이다.",
            "피고부부가 협의이혼 당시 보유한 부부 각자의 명의로 된 재산을 모두 포함한 순재산가액이 , 422,392,588원 정도 임에도 협의이혼 이전에 이미 4,070,031,860원 상당의 재산을 보유하고 있던 피고가 다시 협의이혼을 하면서 소외 00로부터 4,272,231,738원 상당에 이르는 별지1 목록 기재 부동산 전부를 증여받았다.",
            "그 일부에 근저당권설정등기를 한 것은, 민법 제 839조의 2 제2항의 규정취지에 반하여 상당하다고 할 수 없을 정도로 과대하다고 볼 것이다.",
            "피고와 소외 00 사이에 체결된 이 사건 증여계약 및 이 사건 근저당권설정계약은 모두 채권자를 해하는 사해행위로서 취소되어야 하고, 그에 따른 원상회복으로서 피고는 소외 00에게 청구취지 제나.항 기재 각 소유권이전등기들과 근저당권설정등기들의 말소등기절차를 이행할 의무가 있다.",
            "피고 명의로 소유권이전등기가 경료되었다가 경기도에 협의취득되어 소유자가 바뀐 별지 1목록 순번 54 내지 60 기재 부동산에 관하여는 원상회복에 갈음하는 가액반환으로서 피고는 원고에게 피고가 경기도로부터 수열한 보상금 330,031,000원 및 이에 대하여 피고의 가액반환의무가 확정되는 이 사건 판결확정일 다음날부터 완제일까지 민법 소정의 연 5%의 비율에 의한 지연손해금을 지급할 의무가 있다."
        ]
    },
    "close": {
        "cnclsns": [
            "피고의 항소를 기각한다.",
            "항소비용은 피고의 부담으로 한다"
        ]
    }
}