{
    "info": {
        "caseField": "1",
        "detailField": "1",
        "trailField": "2",
        "caseNm": "대여금",
        "courtNm": "서울고등법원 ",
        "judmnAdjuDe": "2004. 06. 02.",
        "caseNo": "2003나79941",
        "relateLaword": [
            "약관의규제에관한법률 제6조"
        ],
        "qotatPrcdnt": [
            "대법원 1996. 5. 11. 선고 96다2064 판결 "
        ]
    },
    "concerned": {
        "acusr": "2",
        "dedat": "1"
    },
    "org": {
        "orgJdgmnCourtNm": "서울지방법원 남부지원",
        "orgJdgmnAdjuDe": "2003.10.17",
        "orgJdgmnCaseNo": "2002가합1339"
    },
    "disposal": {
        "disposalform": "10",
        "disposalcontent": [
            "제1심 판결 중 피고(선정당사자) 에 대한 부분을 취소하고, 원고의 피고(선정당사자) 에 대한 청구를 기각한다.",
            "선정자 000의 항소를 기각한다. ",
            "원고와 피고(선정당사자) 사이에 생긴 소송총비용은 원고의 부담으로 하고, 선정자 000의 항소로 인한 비용은 피고(선정당사자)의 부담으로 한다."
        ]
    },
    "mentionedItems": {
        "rqestObjet": [
            "선정자 000은 금 650,261,720원 및 그 중 금 375,643,077원에 대하여 2000. 9. 16.부터 다 갚는 날까지 연 19%의 비율에 의한 금액을 지급하고, 피고(선정당사자, 이하 피고라 한다) 피고(선정당사자)는 선정자 000과 연대하여 위 금원 중 금 397,150,000원을 지급한다.",
            "(원고는 선정자 000에 대하여는 주위적으로 환매대금청구로서, 제1차 예비적으로 대여금반환청구로서, 제2차 예비적으로 약정금청구 또는 부당이득반환청구로서 위 금액의 지급을 구하고, 피고(선정당사자) 에 대하여는 선정자 000의 채무에 대한 보증채무로서 위 금액의 지급을 구한다).",
            "제1심 판결을 취소한다.",
            "원고의 피고(선정당사자) 및 선정자 000에 대한 청구를 모두 기각한다. "
        ]
    },
    "assrs": {
        "acusrAssrs": [
            "피고(선정당사자)는 1997. 1. 10. 피고 회사가 000과의 이 사건 수출거래약정에 기하여 000에 대하여 부담하는 채무에 관하여 보증한도를 470,000달러로 정하여 연대보증하였으므로, 피고 회사의 이 사건 수출환어음의 환매에 따른 환매채무액 중 위 보증한도에 해당하는 금 397,150,000원을 지급할 의무가 있다.",
            "원고는, 피고(선정당사자) 가 위 근보증서를 작성하여 줄 당시에 이 사건 수출거래약정과 위 1997. 1. 10.자 지급보증거래약정이 상호 밀접히 연관되어 있어서 그 모두를 보증하려는 의사로 위 근보증서 를 작성하면서 000의 직원과 피고(선정당사자) 의 착오로 위 수출거래약정을 피보증채무란에 기재하는 것을 누락하였기 때문에 사후에 000측이 이를 보충하여 기재한 것이라고 주장한다.",
            "위 보충은 정당한 권한 범위 내에서 한 것이고, 위 보충이 없더라도 피고(선정당사자)는 위 근보증서에 기하여 이 사건 환매채무에 관하여 보증채무를 부담한다는 취지로 주장한다."
        ],
        "dedatAssrs": [
            "피고 회사는 000이 이 사건 수출환어음을 매입하기 전에 이 사건 신용장 및 선적서류를 검토하여 아무런 하자가 없다고 판단하여 클린 네고를 하였다고 주장한다.",
            "클린 네고를 한 경우 수출환어음의 매입 자체만으로 000과 피고들 간의 수출거래는 종결되는 것이고 후에 신용장의 조건과 선적서류 등이 일치하지 않는다고 판단되어도 매입은행인 000으로서는 수출업자인 피고 회사에게 그 책임을 물을 수 없으며 단지 자신의 책임 하에 신용장 개설은행인 000을 상대로 신용장 대금만을 청구할 수 있을 뿐이므로 000으로서는 피고 회사에 대하여 환매채무의 이행을 청구할 수 없다고 주장한다.",
            "피고 회사가 환매채무를 부담하도록 규정한 이 사건 수출거래약정서 제3조 및 제13조 제1항은 신의성실의 원칙에 반하여 공정을 잃고 고객에 대하여 부당하게 불리한 내용을 규정한 약관조항이거나 고객에 대하여 부당하게 과중한 손해배상채무를 부담시키는 약관조항에 해당하는 것으로서 약관의규제에관한법률 제6조 등에 위반하여 무효라고 주장한다.",
            "피고(선정당사자) 는 뇌수술을 받아 1996년 3월경부터 000의 운영을 상무이사인 소외 2 에게 넘기고 실질적으로 대표이사직에서 물러났으며, 이 사건 수출환어음 매입은 소외 2 가 피고 회사의 운영을 맡은 이후에 벌어진 일로서 자신은 이에 관하여 전혀 모르고 있었다.",
            "한편 피고(선정당사자) 는 위와 같이 소외 2 에게 피고 회사의 운영을 맡기기 전에 000과 큰 규모의 수출거래를 하여 왔고 그 당시 여러 차례에 걸쳐 수출거래와 관련하여 대표이사로서 000에게 피보증 채무의 범위, 보증한도가 공란으로 된 갑 2호증과 같은 형태의 백지 한정 근보증서에 자필로 서명 날인하여 이를 교부해 주었는데, 위 백지 한정근보증서를 준 거래는 그 무렵 모두 종료되었다.",
            "000은 그러한 수출거래가 종료된 후 위와 같이 공란으로 된 한정 근보증서를 소지하고 있음 을 기화로 이 사건 수출거래가 문제되자, 피보증채무의 범위란에 1997. 1. 10.자 지급보증거래 및 1996. 12. 23. 수출거래 와 보증한도란에 사십칠만불 이라고 임의로 기재하여 마치 갑 2호증이 이 사건 수출거래와 관련하여 작성된 것처럼 보충권 행사의 범위를 벗어나 전에 받아 두었던 근보증서를 위조한 것이다.",
            "위 피보증채무의 범위란의 1996. 12. 23. 수출거래 는 사후에 000의 직원에 의하여 정당한 권한 없이 보충 기재된 것이고, 이에 대하여 피고(선정당사자) 의 승낙이 없었기 때문에 이는 피고(선정당사자) 에 대하여는 무효다.",
            "피고(선정당 사자)는 피고 회사의 이 사건 환매채무에 대하여는 보증채무를 부담하지 아니한다."
        ]
    },
    "facts": {
        "bsisFacts": [
            "피고 회사는 1996. 12. 23. 주식회사 000(이하 000이라 한다)과의 사이에 수출거래약정(이하 이 사건 수출거래약정이라 한다 ; 갑 1호증 수출거래약정서 참조)을 체결하였다.",
            "000은 신용장방식에 의한 수출환어음 및 선적서류 매입 등의 방법으로 피고 회사에게 무역금융을 제공하기로 한다.",
            "000 이 피고 회사로부터 수출환어음을 매입한 후 수출환어음 대금의 지급의무자에 의한 지급, 인수, 채무의 확인 이 이루어지지 아니하거나 거절된 경우에는 피고 회사가 해당 수출환어음에 관하여 그 액면금액의 환매채무를 지기로 하는 아래와 같은 내용의 수출거래약정(이하 이 사건 수출거래약정이라 한다 ; 갑 1호증 수출거래약정 서 참조)을 체결하였다.\\\\",
            "피고 회사는 수출환어음 또는 선적서류 매입시 하자가 발견된 경우는 물론 매입후 환거래은행(신용장개설은행 등)으로부터 하자통보가 있는 경우에도 은행이 정하는 확인서를 제출한다(제3조 제1항).",
            "피고 회사는 수출환어음이 000에 의하여 매입된 후 만기에 지급의무자에 의한 지급 등이 이루어지지 아니하거나 수출환어음 또는 선적서류가 신용장조건과 일치하지 않는 하자(위의 제3조 제1항에 의하여 확인된 것인지를 불문한다)를 이유로 거절된 경우 000의 통지, 독촉 등이 없이도 당연히 수출환어음 환매채무를 부담한다(제13조 제1항). ",
            "수출환어음 매입에 적용되는 000의 외국환수수료규정에 의하면, 피고 회사가 위와 같이 환매채무를 지는 경우 피고 회사는 징수일의 대고객 전신환매도율을 적용한 환율로 원금을 지급함과 아울러 수출환어음 매입일부터 징수일까지 외화여신 연체이율로 계산한 부도이자를 지급하되, 000은 수출환어음 매입당시징수한 환가료를 환급하도록 되어 있다.",
            "000이 정한 외화여신 연체이율은 1997. 1. 15.부터 1997. 12. 14.까지는 연 19%, 1997. 12. 15.부터 1998. 4. 23.까지는 연 23%, 1998. 4. 24.부터 1998. 7. 13.까지는 연 25%, 1998. 7. 14.부터 1998. 10. 23.까지는 연 24%, 1998. 10. 24.부터 1999. 1. 17.까지는 연 22%, 1999. 1. 18.부터는 연 19%이다.",
            "000의 원화의 1달러에 대한 대고객 전신환매도율은 징수일에 가장 가까운 이 사건 당심 변론종결일인 2004. 4. 28. 현재 1,167.70원이다.",
            "피고 회사가 1997. 1. 15. 000에게, 000에게 위 봉제의류원단 및 부자재를 수출하고 받은 수출환어 음 65,650.36달러 상당의 매입을 신청하자, 000은 피고 회사가 제출한 선적서류 등이 신용장 조건에 불일치하지 않는다고 판단하여, 이른바 클린 네고(무하자 매입 : Clean Nego)로서 위 수출환어음을 매입한 후 피고 회사에게 환가료 1,029,882원 등을 공제한 금 54,424,672원을 지급하였다.",
            "1997. 1. 17. 이 사건 신용장 대금 중 나머지 수출환어음(이하 위 수출환어음과 합하여 '이 사건 수출환어음'이라고 한다) 316,372.50달 러 상당을 클린 네고로서 매입한 후 피고 회사에게 환가료 4,308,795원 등을 제외한 금 263,227,428원을 지급하였다.",
            "000은 수출환어음을 매입한 후 이 사건 신용장에서 요구하는 선적서류를 첨부하여 000 0000지점을 통하여 000에게 송부하여, 이 사건 신용장대금의 지급을 요구하였으나, 000은 1997. 1. 31. 이 사건 신용장에 첨부된 서류 중 상업송장과 포장명세서에 원본(Original) 표시가 없고, 선적통지서에 날짜가 누락되었다는 등의 이유로 그 대금의 지급을 거절하였다.",
            "000은 수출환어음을 매입한 후 이 사건 신용장에서 요구하는 선적서류를 첨부하여 000 0000지점을 통하여 000에게 송부하여, 이 사건 신용장대금의 지급을 요구하였으나, 000은 1997. 1. 31. 이 사건 신용장에 첨부된 서류 중 상업송장과 포장명세서에 원본(Original) 표시가 없고, 선적통지서에 날짜가 누락되었다는 등의 이유로 그 대금의 지급을 거절하였다.",
            "000은 1997. 2. 5. 000으로부터 위와 같은 이유로 신용장 대금의 지급을 거절한다는 통지를 받았다.",
            "그 후 이 사건 신용장 대금의 지급이 거절되어 000이 피고들에게 환매채무의 이행을 촉구하자, 피고 회사는 000을 상대로 신용장 대금청구 소송을 제기하였다.",
            "제1심( 서울지방법원 1998. 2. 26. 선고 97가합 65746 판결 )에서는 패소하였으나 항소심( 서울고등법원 1999. 8. 24. 선고 98나18072 판결 )에서 승소하여 1999. 9. 22.경 000으로부터 이 사건 신용장 대금 및 지연손해금을 지급받았다.",
            "그 후 000은 2001. 1. 15. 원고에게 피고 회사에 대한 이 사건 수출환어음 매입과 관련한 채권 전부를 양도함과 아울러 2002년 1월경 그 채권양도 사실을 피고 회사와 피고(선정당사자) 에게 통지하였다."
        ]
    },
    "dcss": {
        "courtDcss": [
            "이 사건 수출거래약정서 제13조 제1항은 이 사건 신용장 개설은행이 신용장 대금의 지급을 거절한 경우에는 그 사유의 발생만으로 당연히 피고 회사가 000에 대하여 환매채무를 지고 000의 관련 규정이 정하는 바에 따라 위 환매채무를 변제하여야 한다고 규정하고 있다.",
            "000으로부터 환매채권을 양도받은 원고는 위 환매규정에 기하여 피고 회사에 대하여 환매원금 및 000의 관련 규정에 의한 부도이자 상당의 외화채권을 가진다고 할 것이다.",
            "피고 회사는 아래 계산근거와 같이 원고에게 이 사건 수출환어음의 환매원금 및 부도이자의 원화 환산액 합계 금 773,202,948원 및 그 중 환매원금에 대한 2000. 9. 16.부터 다 갚는 날까지 약정 연체이율인 연 19%의 비율에 의한 지연손해금을 지급할 의무가 있다.",
            "이 사건 수출거래약정서 제3조 및 제13조 제1항은 이 사건 신용장 개설은행이 신용장 대금의 지급을 거절한 경우 수출환어음 또는 선적서류에 신용장조건과 일치하지 않는 하자가 있는지의 여부에 관계없이 지급이 거절되었다는 사유의 발생만으로 당연히 피고 회사가 000에 대하여 환매채무를 지도록 규정하고 있으므로 피고 회사의 위 주장은 이유 없다.",
            "우선 이 사건 신용장대금이 지급거절된 것이 000이 000에 신용장대금을 추심함에 있어서 추심방법이나 추심서류에 착오 또는 미비점이 있는 등의 000의 잘못이 있었기 때문이라는 점에 관하여는 이를 인정할 증거가 없다.",
            "위의 조항은 수출환어음의 신속한 매입을 통한 신속한 수출대금의 취득과 저렴한 환가료의 부담 등의 면에서 합리성을 가지는 면이 있어서, 신의성실의 원칙에 반하여 공정을 잃고 고객에 대하여 부당하게 불리한 내용을 규정한 약관조항이거나, 고객에게 과중한 손해배상채무를 부담시키는 약관조항이라고 볼 수 없으므로, 피고 회사의 위 주장도 이유 없다.",
            "000은 이 사건 수출거래약정상의 환매규정에 의하여 신용장개설은행의 지급거절의 경우 피고 회사에 대하여 환어음 및 선적서류에 관한 환매채권을 가지게 되고, 이는 어음법상의 환어음의 발행인에 대한 소구권과는 별도로 위 수출거래약정에 의하여 인정되는 권리라 할 것이다. ",
            "원고는 이 사건 주위적 청구로서 환어음 발행인에 대한 어음법상의 소구권을 행사하는 것이 아니라, 위 수출거래약정상의 환매채권을 행사함이 명백하므로, 원고의 환매채권의 시효가 1년이라는 위 주장은 이유 없을 뿐 아니라, 위 환매채권은 상사채권으로서 그 소멸시효가 상법이 정한 5년이고 000이 000으로부터 지급거절의 통지를 받은 1997. 2. 5. 부터 시효가 진행된다 할 것이다.",
            "이 사건 소송이 그로부터 5년이 경과하기 전인 2002. 1. 30. 제기되었음이 기록상 명백하므로, 결국 피고 회사의 위 주장은 이유 없다.",
            "갑 1호증에 의하면 이 사건 수출거래약정서 제16조 제1항이 이 약정에 의한 은행에 대한 채무의 변제의 경우에 은행은 수출자에게 수출환어음, 선적서류를 채무변제 등의 시점에 반환하지 아니하여도 된다 고 규정하고 있는 사실이 인정된다.",
            "이에 의하면 000이나 원고가 위 수출환어음 및 선적서류를 반환하지 아니하여도 이 사건 환매채권을 행사할 수 있다 할 것이므로, 위 주장 역시 이유 없다.",
            "피고(선정당사자)가 이 사건 한정근보증서(갑 2호증)를 작성하여 000에 교부하기는 하였으나, 당시 피보증채무의 범위란에는 1997. 1. 10.자 지급보증거래약정서만이 기재되어 있었는데, 사후에 000측이 1996. 12. 23.자 수출거래약정서를 보충 기재하여 넣었고, 이 점과 관련하여 피고(선정당사자) 에게 통지하여 그의 사전동의나 사후승낙을 받은 바는 없는 것으로 보인다.",
            "이 사건 수출거래약정과 위 1997. 1. 10.자 지급보증거래약정이 상호 밀접히 관련되어 있는 점은 앞서 본 바와 같이 인정된다 할 것이나, 위 근보증서는 위 지급보증거래약정서와 같이 1997. 1. 10. 에 작성되었다.",
            "이 사건 수출거래약정서는 그 전인 1996. 12. 23.에 작성되었다는 점 및 이 사건 근보증서는 포괄근보증서가 아닌 한정근보증서로서 피보증채무가 구체적으로 기재되어야 한다는 점 등에 비추어 보면, 피고(선정당사자)가 위 근보증서를 작성하여 줄 당시에 위 1997. 1. 10.자 지급보증거래약정서뿐만 아니라 이 사건 수출거래약정서도 피보증채무의 범위란에 기재할 의사였는데 착오로 누락하였다.",
            "때문에 000측이 사후에 이를 보충하여 기재한 것이 정당한 권한 범위 내의 행위라고 단정하기 어렵다.",
            "갑 18, 19, 20호증의 각 기재만으로는 이를 인정하기에 부족하며, 달리 이를 인정할 증거가 없다",
            "피고 회사의 이 사건 환매채무는 1997. 1. 10.자 지급보증거래약정서에 의하여 발생하는 것이 아니라, 이 사건 수출거래약정에 기하여 발생하는 것인 점에 비추어 보면, 위 근보증서의 보충 기재가 없더라도 피고(선정당사자) 가 위 근보증서에 기하여 이 사건 환매채무에 관하여 보증채무를 부담한다는 주장은 받아들일 수 없다.",
            "원고의 피고(선정당사자)에 대한 주장은 이유 없다."
        ]
    },
    "close": {
        "cnclsns": [
            "피고 회사는 원고에게 이 사건 수출환어음과 선적서류의 환매대금으로서 위와 같이 계산한 금원 중 원고가 구하는 바에 따라 금 650,261,720원 및 그 중 환매원금 375,643,077원에 대하여 2000. 9. 16.부터 완제일까지 연 19%의 비율에 의한 지연손해금을 지급할 의무가 있다.",
            "원고의 피고 회사에 대한 주위적 청구는 이유 있으므로 이를 인용하고, 원고의 피고(선정당사자) 에 대한 청구는 이유 없으므로 이를 기각한다.",
            "제1심 판결은 피고 회사에 대한 부분은 이와 결론을 같이 하여 정당하나, 피고(선정당사자) 에 대한 부분은 이와 결론을 달리 하여 (피고(선정당사자) 의 보증채무를 전액 인정하였다) 부당하므로, 피고(선정당사자) 의 항소를 받아들여 제1심 판결 중 피고(선정당사자) 에 대한 부분은 이를 취소한다.",
            "피고에 대한 원고 의 청구를 기각하며, 피고 회사의 항소는 기각하기로 한다."
        ]
    }
}