{
    "info": {
        "caseField": "1",
        "detailField": "1",
        "trailField": "2",
        "caseNm": "전부금",
        "courtNm": "대전고법",
        "judmnAdjuDe": "2003. 11. 20.",
        "caseNo": "2003나3445",
        "relateLaword": [
            "민법 제703조",
            "민법 제712조"
        ],
        "qotatPrcdnt": [
            "청주지방법원 2002타채35호"
        ]
    },
    "concerned": {
        "acusr": "1",
        "dedat": "3"
    },
    "org": {
        "orgJdgmnCourtNm": "청주지법",
        "orgJdgmnAdjuDe": " 2003. 4. 18. ",
        "orgJdgmnCaseNo": "선고 2002가합226 판결"
    },
    "disposal": {
        "disposalform": "10",
        "disposalcontent": [
            "원고의 항소 및 당심에서 추가된 예비적 청구를 모두 기각한다.",
            "항소 이후의 소송비용은 모두 원고의 부담으로 한다."
        ]
    },
    "mentionedItems": {
        "rqestObjet": [
            "제1심판결을 취소한다.",
            "피고는 원고에게 금 268,128,328원 및 이에 대하여 이 사건 소장 송달다음날부터 완제일까지 연 25%의 비율에 의한 금원을 지급한다.",
            "피고는 원고에게 금 150,000,000원 및 이에 대하여1999. 3. 30.부터 완제일까지 연 12%의 비율에 의한 금원을 지급한다.",
            "원고는 당심에서 예비적 청구를 추가하였다."
        ]
    },
    "assrs": {
        "acusrAssrs": [
            "원고는, 피고군은 000과 공동으로 위 임대차 목적물을 포함한 00000 건설사업을 추진하여 조합관계에 있음을 전제로 한다.",
            "주위적으로, 00가 000과 사이에서 체결한 위 임대차계약은 00가 수차례 000에게 위 00000 건설공사에 소요되는 자금의 융통을 위하여 발행,교부하여 준 후 이를 결제하여 발생한 000에 대한 어음결제금400,000,000원 상당의 채권을 확보하기 위한 것이다.",
            "이는 결국 000이 위 조합의 업무집행과 관련하여 체결한 것이어서 상법 제57조 제1항에 의하여 피고도 00에 대하여 위 임대차계약에 따른 임대차보증금반환의무가 있다고 주장하면서, 00의 임대차보증금반환채권 중 금 268,128,328원을 전부받은 자로서 피고에게 위 전부금 및 그에 대한 지연손해금의 지급을 구한다.",
            "예비적으로, 원고가 위와 같이 000에게 대여한 금원도 위 00000 건설공사대금 및 회원권 분양수수료 등으로 사용되었으므로, 피고도 위 상법 조항에 의하여 대여금반환의무가 있다고 주장하면서, 피고에게 위 대여금의 지급을 구한다."
        ],
        "dedatAssrs": [
            "피고는, 00000 건설사업은 구 사회간접자본시설에대한민간자본유치촉진법에 따른 민자유치사업에 해당하여, 사업의 추진 주체는 민간사업자인 000이고, 피고군은 이에 대한 관리, 감독을 하는위치에 있을 뿐이므로, 피고와 000은 조합관계에 있는 것이 아니며, 가사 조합관계가 인정되더라도 000의 위 임대차보증금반환의무나 대여금반환의무는 그 실체가 의심될 뿐 아니라, 이를 조합채무로 볼 수도 없다는 취지로 주장한다."
        ]
    },
    "facts": {
        "bsisFacts": [
            "00는 1998. 8. 20.경 000(이하 OOO 이라고 한다)와 사이에, 000으로부터 그 소유의 0000 소재 00000 1층 커피숍을 임대차보증금 400,000,000원, 임대차기간 1998. 11.부터2001. 11.까지 3년간으로 정하여 임차하는 내용의 임대차계약서를 작성하였다.",
            "원고는 1998. 12. 30. 00과 00의 연대보증하에 000에게 금 150,000,000원을 이자는 연 12%, 변제기는 1999.3. 30.로 정하여 대여하였다.",
            "이와 관련하여 원고와 00는 1999. 11. 10. 공증인가 서원 법무법인 작성 증서 1999년 제4396호로 00가 원고에게 위 대여금 150,000,000원 및 미지급 이자 금 27,000,000원, 합계 금 177,000,000원을 이자는 월 2%로 하여 1999. 11. 17.까지 변제하기로 하는 내용의 채무변제(준소비대차)계약 공정증서를 작성하였다.",
            "원고는 위 공정증서 정본에 기하여 2002. 1. 11. 청주지방법원 2002타채35호로 00가 피고에 대하여 가지는 위 커피숍에 관한임대차보증금반환채권 중 금 268,128,328원에 관하여 채권압류 및 전부명령을 받아, 2002. 1. 29. 위 전부명령이 확정되었다.",
            "피고군은 1996. 10. 30. 주택건설업 및 관광,숙박업을 영위하는 000과 사이에, 0000 일원지상에 000이 00000과 그 부대시설을 그 책임하에 건축하여 이를 피고군에게 기부채납하고, 그 이후로는 000이 피고군으로부터 위 시설물들을 일정한 사용료를 지불하고 임차하여 사용하기로 했다.",
            "위 시설물의 건축에 소요되는 비용은 피고군이 시설물의 부지를 구입하는 데 투입한 비용을 포함하여 금 3,000,000,000원을 부담하는 외에는, 모두 000이 부담하기로 하고, 피고군은 공유재산 사용허가 등 사업 진행에 필요한 인,허가를 행하기로 하는 내용의 00000 건설사업 협약(이하 이 사건 협약 이라고 한다)을 체결하였다.",
            "000은 1998. 7.경부터 일반인들을 상대로 위 시설물의 회원권을 분양하기 시작하였는데, 피고군은 그 분양광고에서 회원가입비의 반환을 보증하고 가입문의도 피고군의 민원실로 하도록 하였으며, 분양대금도 피고군 명의의 예금계좌에 입금하도록 하였다.",
            "피고군은 회원가입비 명목으로 그 명의의 예금계좌에 입금된 금 6,364,121,000원 중 금 684,955,490원을 회원가입비 반환금 적립을 위하여 가입한 농협공제에 예치하였고, 나머지는 000에게 지급하여, 000이 이를 위 시설물 공사자금으로사용하였다.",
            "000은 위 시설물의 공사를 진행하여 1999. 1. 12. 이를 완공하였고, 1999. 1. 27. 그 명의의 소유권보존등기를 마친 다음 같은 날 기부채납을 원인으로 피고군에게 소유권이전등기를 마쳐 주었다.",
            "당시 000의 실질적인 경영자였던 00은 위 시설물의 건축공사 진행중인 1998. 5.경 피고군의 기획계장 00으로부터 00를 소개받아, 그 무렵부터 00에게서 어음을 발행,교부받아 이를 금융기관에 담보로 제공하고 대출을 받는 등의방법으로 자금을 융통하였다.",
            "00가 000이 어음금을 결제하지 않음으로써 발생하는 어음결제자금 상당의 채권 확보를 위한 임대차계약서의 작성을 요구함에 따라, 00와 00은 1998. 8. 20.경 위 제1의 가.항의 임대차계약서를 작성하게 되었고, 000이 위와 같이 융통된 어음을 정상적으로 결제할 경우 위 임대차계약서의 효력을 상실시키로 약정하였다."
        ]
    },
    "dcss": {
        "courtDcss": [
            "원고의 주위적 및 예비적 청구의 전제가 되는 피고군과 000이 조합관계에 있는지 여부에 관하여 살피건대, 조합관계는 2인 이상이 출자하여 계약에서 정하여진 공동사업을 경영하는 것을 약정함으로써 성립된다고 할 것인바, 위 인정 사실에 의하면 피고군은 이 사건 건설사업을 위하여 금 3,000,000,000원을 부담하였고, 분양광고 과정에서도 피고군이 회원권 분양사업 등에 관여된 듯한 외관을 작출하였다고 보인다.",
            "한편 피고군은 기부채납 후 000에 이를 유상으로 임대하여 일정한 사용료를 받기로 하였을 뿐, 별도의 이익분배 약정은 없는 사정, 피고군은 실제 공사의 시행이나 회원권 분양에 직접 관여하지는않았고, 그 명의의 계좌에 입금된 회원가입비도 반환금 적립을 위해 예치한 금원을 제외하고는 모두 000에 지급한 사정에 비추어 본다.",
            "앞서 본 피고군이 일정한 자금을 투입하고, 000의 공사 및 분양에 이르는 일련의 과정에 일정 부분 관여한것은, 피고군이 이 사건 시설물을 기부채납받는 것을 고려하여 한 보조금 지급 내지 행정적 지원행위에 불과하다고 봄이 상당하고, 피고군과 000이 00000 등에 관한 공동사업을 경영하기 위한 조합관계를 성립시킬 의사로 이 사건 협약을 체결하고 공동으로 00000 건설 및 분양사업을 행한 것이라고 보기는 어렵다.",
            "원고는 피고군과 000이 조합관계에 있었다는 근거로 000과 관련된 일부 대출에 당시 피고군 부군수이던 00, 기획계장 00 등이 연대보증하였다는 점을 들고 있으나, 이는 모두 개인적 차원에서 이루어진 것으로 위 사람들이 연대보증하였다는 점을 들어 피고군과 000의 조합관계를 인정할 수는 없고, 달리 이를 인정할 자료가 없다.",
            "설사 피고군과 000이 00000 건설사업을 공동으로 추진하여 조합관계에 있었던 것으로 본다고 하더라도, 00000 및 그 부대시설 건축은 000의 책임하에 수행하도록 하고, 피고군의 공사비 부담은 일정한 액수로 제한한 이사건 협약의 내용에 비추어 본다.",
            "피고군이 000에 000 개인이 아닌 조합의 업무집행조합원으로서 조합을 위하여 위와 같이 이례적인 담보 목적의 임대차계약이나 일반적인 금전소비대차계약을 체결할 권한까지 수여하였다고 보기는 어렵다.",
            "원고가 000에 대여한 위 금 150,000,000원이 이 사건 00000 건설공사대금 및 회원권 분양수수료 등으로 쓰였다는 점에 관하여 갑 제11호증의 1, 2, 갑 제12호증의 각 기재만으로는 이를 인정하기에 부족하고 달리 이를 인정할 증거가 없으므로, 위 각 계약에 따른 임대차보증금반환채무나 대여금반환채무를 조합채무로 단정할 수도 없다.",
            "피고군과 000이 조합관계에 있었고, 000이 00와 사이에 체결한 임대차계약이나 원고와 사이에 체결한 금전소비대차계약이 모두 조합의 업무집행자로서 행한 것으로 그에 따른 채무가 조합채무임을 전제로 하는 원고의 주위적 및 예비적 청구에 관한 주장은 어느 모로 보나 이유 없다."
        ]
    },
    "close": {
        "cnclsns": [
            "원고의 항소 및 당심에서 추가된 예비적 청구를 모두 기각한다.",
            "항소 이후의 소송비용은 모두 원고의 부담으로 한다."
        ]
    }
}