{
    "info": {
        "caseField": "1",
        "detailField": "1",
        "trailField": "2",
        "caseNm": "사해행위취소등",
        "courtNm": "대전고법",
        "judmnAdjuDe": "2003. 07. 10.",
        "caseNo": "2003나1746",
        "relateLaword": [
            "민법 제406조",
            "파산법 제7조",
            "민사소송법 제420조"
        ],
        "qotatPrcdnt": [
            "대법원 1990. 11. 13. 선고 88다카26987 판결(공1991, 57)"
        ]
    },
    "concerned": {
        "acusr": "3",
        "dedat": "1"
    },
    "org": {
        "orgJdgmnCourtNm": "대전지법",
        "orgJdgmnAdjuDe": "2003. 1. 23.",
        "orgJdgmnCaseNo": "2002가합2069"
    },
    "disposal": {
        "disposalform": "10",
        "disposalcontent": [
            "원고의 항소를 기각한다.",
            "항소비용은 원고의 부담으로 한다."
        ]
    },
    "mentionedItems": {
        "rqestObjet": [
            "제1심판결을 취소한다.",
            "(1) 별지 목록 기재 1. 부동산에 관하여 1. 피고 00과 피고 00 사이의 2000.2. 29.자 근저당권설정계약을 취소하고, 피고 00은 피고 00에게 대전지방법원 남대전등기소 2000. 3. 2. 접수 제9502호로 마친 근저당권설정등기의 말소등기절차를 이행하고, 2. 소외 00과 피고 00 사이의 1998. 3. 6.자 증여계약을 취소하고, 피고 00은 00에게 대전지방법원 남대전등기소 1998. 3. 9. 접수 제6102호로 마친 소유권이전등기의 말소등기절차를 이행한다.",
            "(2) 별지 목록 기재 2. 부동산에 관하여 1. 피고 00와 피고 00 사이의 1998. 2. 10.자 근저당권설정계약을 취소하고, 피고 00은 피고 00에게 대전지방법원 2001. 4. 19. 접수 제41403호로 마친 근저당권설정등기의 말소등기절차를 이행하고, 2. 소외 00와 피고 00 사이의 1998. 1. 13.자 및 같은 해 6. 30.자 각 증여계약을 취소하고, 피고 00는 00에게 8/10 지분에 관하여 대전지방법원 1998. 1. 15. 접수 제2379호로 마친 소유권이전등기 및 2/10 지분에 관하여 대전지방법원1998. 7. 2. 접수 제40374호로 마친 소유권이전등기의 각 말소등기절차를 이행한다.",
            "(3) 별지 목록 기재 3. 부동산에 관하여 1.소외 00과 피고 00 사이의 1998. 4. 30.자 증여계약을 취소하고, 2. 피고 00는 00에게 대전지방법원 1998. 5. 4. 접수 제26540호로 마친 소유권이전등기의 말소등기절차를 이행한다.",
            "(4) 별지 목록 기재 4. 부동산에 관하여 1. 소외 00과 피고 00 사이의 1998. 6. 20.자 증여계약을 취소하고, 2. 피고 00은 00에게 대전지방법원 논산지원 1998. 7. 3. 접수 제17666호로 마친 소유권이전등기의 말소등기절차를 이행한다."
        ]
    },
    "assrs": {
        "acusrAssrs": [
            "원고는, 채권자가 파산선고를 받아 파산관재인이 선임된 경우에 사해행위 사실을 알았는지 여부 및 그 시점은 파산관재인을 기준으로 판단하여야 하는데, 파산자 000의 파산관재인인 예금보험공사는 이 사건 부동산에 대하여 처분금지가처분신청을 한 2001. 5.경에야 채무자들이 사해행위를 한 사실을 알았으므로, 그로부터 1년이 지나기 전에 제기된 이 사건 소는 적법하다고 주장한다."
        ],
        "dedatAssrs": []
    },
    "facts": {
        "bsisFacts": []
    },
    "dcss": {
        "courtDcss": [
            "파산법이 파산관재인에게 파산재단에 관한 소에 있어 원고 또는 피고가 된다고 한 것은 소송법상의 법기술적인 요청에서 당사자적격을 인정한 것뿐이지, 자기의 이름으로 소송행위를 한다고 하여도 파산관재인 스스로 실체법상이나 소송법상의 효과를받는 것은 아니고 어디까지나 파산자의 권리를 기초로 하여 실질적으로는 이를 대리 내지 대표하는 것에 지나지 않는 것이다.",
            "파산자의 채권에 기한 사해행위취소의 소에서 채무자들의 사해행위 사실을 알았는지 여부는 파산자를 기준으로 하여야 할 것인바, 앞서 본 바와 같이 파산자 000가 채무자들의 사해 행위를 알았다고 볼 날로부터 1년을 넘겨 이 사건 소가 제기된 이상, 이 사건 사해행위취소의 소는 부적법하다 할 것이다."
        ]
    },
    "close": {
        "cnclsns": [
            "원고의 항소를 기각한다.",
            "항소비용은 원고의 부담으로 한다."
        ]
    }
}