{
    "info": {
        "caseField": "1",
        "detailField": "1",
        "trailField": "2",
        "caseNm": "채무부존재확인및손해배상,채무부존재확인등",
        "courtNm": "서울고등법원",
        "judmnAdjuDe": "2003. 12. 12.",
        "caseNo": "2003나12498",
        "relateLaword": [
            "집합건물법 제18조",
            "집합건물법 제42조"
        ],
        "qotatPrcdnt": [
            "서울지방법원 의정부지원 99타경36894호"
        ]
    },
    "concerned": {
        "acusr": "1",
        "dedat": "2"
    },
    "org": {
        "orgJdgmnCourtNm": "서울지방법원 의정부지원",
        "orgJdgmnAdjuDe": "2002. 12. 26.",
        "orgJdgmnCaseNo": "2001가합6548, 2001가합7671"
    },
    "disposal": {
        "disposalform": "1",
        "disposalcontent": [
            "이 법원에서의 피고(반소원고)의 반소청구의 확장에 따라 제1심 판결 주문 1, 2항을 다음과 같이 변경한다.",
            "원고(반소피고)와 피고(반소원고) 사이에 나항에서 원고(반소피고)에게 지급을 명하는 금원을 초과하는 고양시 0000 소재 00000 8층에 대한 관리비채무는 존재하지 아니함을 확인한다.",
            "원고(반소피고)는 피고(반소원고)에게 87,705,421원 및 이에 대하여 2001. 11. 26.부터 2003. 12. 12.까지는 연5%,그 다음날부터 완제일까지는 연20%의 각 비율에 의한 금원을 지급하라",
            "원고(반소피고)의 나머지 본소청구 및 피고(반소원고)의 나머지 반소청구는 모두 기각한다",
            "소송총비용은 본소와 반소를 합하여 이를 2분하여 그 1은 원고(반소피고), 나머지는 피고(반소원고)의 각 부담으로 한다",
            "제1항의 금원지급을 명하는 부분 중 제1심에서 가집행이 선고되지 않은 부분은 이를 가집행할 수 있다"
        ]
    },
    "mentionedItems": {
        "rqestObjet": [
            "원고와 피고 사이의 0000에 관하여 원고의 피고에 대한 체납관리비채무는 존재하지 아니함을 확인하고, 피고는 원고에게 86,356,000원 및이에 대하여 이 사건 소장부본 송달일 다음날부터 완제일까지 연25%의 비율에 의한 금원을 지급한다.",
            "원고는 피고에게216,658,962원 및 이에 대하여 2001. 11. 26.부터 이 사건 판결선고일까지는 연5%, 그 다음날부터 완제일까지는 연20%의 각 비율에 의한 금원을 지급한다.",
            "원고와 피고 사이에 0000에 관하여 원고의 피고에 대한 체납관리비 30,496,049원은 존재하지 아니함을 확인하고, 피고는 원고에게 86,356,000원 및 이에 대하여 이 사건 소장부본 송달 다음날부터 완제일까지 연25%의 비율에 의한 금원을 지급한다.",
            "제1심 판결 중 피고 패소부분을 취소한다. 원고의 본소청구를 모두 기각하고, 원고는 피고에게 86,335,222원및 이에 대한 2001. 11. 26.부터 2002. 12. 26.까지는 연5%, 그 다음날부터 완제일까지는 연25%의 각 비율에 의한 금원을 지급한다."
        ]
    },
    "assrs": {
        "acusrAssrs": [
            "원고는 이 사건 부동산을 경락받기 이전에는 체납관리비의 승계 여부에 관한 대법원 판결이 없었고, 하급심에서도 이에 관하여 견해를 달리하고 있어 원고로서는 이 사건 부동산의 공용부분에 관한 전 소유자의 체납관리비를 승계한다는 점을 인식하지 못하였다고 주장한다.",
            "또, 주식회사 소라문의 관리비 연체에 의하여 이 사건 부동산 중 전체 공유자의 이익에 공여하는 부분의 적정한 유지, 관리가 어려웠다는 사정이 전혀 없었으므로 이 사건 부동산의 특별승계인인 원고에게 승계되는 공용부분에 대한 관리비에는 그에 대한 연체료가 포함되지 않는다고 주장한다.",
            "원고는 다시 00000 8층 중 공유부분인 화장실, 복도, 엘리베이터 홀 등 총 449.7㎡는 8층 사용자가 사용하는 공간으로 전체 공유자의 이익에 공여되어 유지, 관리되지 않았고, 8층은 단전, 단수조치로 인하여 유지, 관리되지 않았으므로 위 면적에 해당하는 관리비를 제외하여야 한다고 주장한다."
        ],
        "dedatAssrs": [
            "피고는 소외 000이 이 사건 부동산을 사용하지 않은 상태여서 전유부분에 대한 관리비는 부과되지 않았으므로 위 별지 기재의 각 항목은 모두 공용부분에 대한 관리비라고 주장한다.",
            "피고는, 8층 엘리베이터의 정지와 단전, 단수조치는 관리규약에 따른 체납관리비 징수를 위한 조치이고, 피고의 방해로 원고가 이 사건 부동산을 사용, 수익할 수 없었던 것은 아니라고 주장한다.",
            "피고는, 8층 엘리베이터는 종전 소유자가 사용하지 아니한 채 비워둔 상태였기 때문에 제3자의 무단출입을 통제함으로써 화재 또는 기물파손 등의 각종 안전사고를 미연에 방지하기 위하여 새로운 소유자가 입점할 때까지 8층에 한하여 무정차 통과운행을 하였던 것이다.",
            "전기도 종전 소유자의 미사용으로 8층 배전판까지는 통전되고 있지만, 전등라인은 누전우려로 차단시켰으며, 8층 수도는 화장실 외에 별도의 급수시설이 없고, 현재는 사용하지 않고 있어 급수하지 아니한 것이므로, 피고가 고의 과실로 원고의 소유권행사나 영업을 방해하고 있는 것이 아니라고 주장한다.",
            "피고는 또 8층 엘리베이터의 정지와 단전, 단수조치는 관리규약에 따른 체납관리비 징수를 위한 조치로서 적법한 조치라고 주장한다."
        ]
    },
    "facts": {
        "bsisFacts": [
            "피고는 집합건물의소유및관리에관한법률(이하 '집합건물법' 이라 한다)에 의하여 0000 및 그 대지와 부속시설의 관리에 관한 사업시행을 목적으로 하는 비법인사단이다.",
            "소외 000 소유이던 위 00000 8층 전체인 801호 내지 816호(이하 '이 사건 부동산' 이라 한다)에 대하여 1999. 4. 20. 서울지방법원 의정부지원 99타경36894호로 임의경매절차가 개시되어, 위 경매절차에서 원고가 이 사건 부동산을 낙찰받아 2001. 4. 9. 낙찰대금을 완납하고, 2001. 5. 18. 원고 명의로 소유권이전등기를 경료하였다.",
            "소외 000은 1998. 6. 1.부터 이 사건 부동산에 관한 관리비를 피고에게 납부하지 아니하여 원고가 이 사건 부동산의소유권을 취득하기 전인 2001. 4. 8.까지 별지 기재와 같이 미납관리비가 167,622,162원, 연체료가 8,381,140원 등 합계176,003,302원에 이르렀다.",
            "원고는 이 사건 부동산의 소유권을 취득한 2001. 4. 9.부터 2001. 10. 19.(원고가 이 사건 부동산을 사용, 수익할 수 있게 된 때가 2001. 10. 20.임)까지 관리비 38,719,660원과 연체료 1,935,990원 합계40,655,650원을 피고에게 납부하지 아니하였다."
        ]
    },
    "dcss": {
        "courtDcss": [
            "원고는 피고에게 000의 체납관리비 중 공용부분의 관리비에 해당하는 136,064,781(98,735,037 +30,850,446 + 6,479,298)을 지급할 의무가 있다.",
            "승계되는 공용부분에 대한 관리비에는 부과된 관리비뿐 아니라 전 소유자가 공용부분에 대한 관리비를 연체하여 발생한 연체료도 포함된다 할 것이고, 승계하는 특별승계인이 그 승계의무를 알았고, 연체로 인하여 공용부분의 적정한 유지, 관리가 어려운 경우에 한하여 그 연체료가 승계되는 것은 아니라고 할 것이므로 원고의 위 주장은 이유 없다.",
            "각 구분소유자 내지 그 전유부분과 공유부분과의 관계는 위치관계, 사용도, 필요성 등에 있어서 각 구분소유자가 누리는 이익이 다양할 수 있지만, 이러한 관계의 강약과 태양을 세밀하게 관리관계에 반영시키는 것을 곤란하다.",
            "오히려, 건물 전체의 보전, 전체 구분소유자의 이익증진, 법률관계의 복잡화 방지 등을 위하여 어떤 공용부분이 구조상, 기능상 특별히 일부 구분소유자만의 공용에 제공되어야만 하는 것이 명백한 경우가 아닌 한 다른 구분소유자가 이에 대한 관리비 지급을 거부할 수 없다고 할 것이다.",
            "원고가 소유한 이 사건 부동산 중 공용부분인 00000 8층의 화장실, 복도 및 엘리베이터 홀은 8층 사용자들이 주로 사용하게 되지만 00000의 다른 구분소유자 또는 사용자 및 방문객들이 사용하는 것이 제한되어 있는 것이 아니어서 구조상, 기능상 특별히 이 사건 부동산의 구분소유자나 사용자만의 공용에 제공되어야만 하는 것이 명백하다고 할 수 없으므로, 원고의 위 주장은 이유 없다.",
            "피고는, 원고가 이 사건 부동산을 경락받은 후 전 소유자인 주식회사 소라문의 체납관리비를 지급하지 않는다는 이유로 8층 엘리베이터 사용을 정지시키고, 8층에 대하여 전기와 수도의 사용을 불가능하게 하는 등 2001. 10. 20.경까지 원고가 이 사건 부동산을 사용, 수익하는 것을 방해한 사실을 인정할 수 있다.",
            "그렇다면, 피고의 불법행위로 인하여 원고가 이 사건 부동산을 사용, 수익하는 것이 불가능했던 2001. 4. 9.부터 2001. 10. 19.까지의 관리비채무는 존재하지 않는다고 할 것이다.",
            "체납관리비 승계에 관한 사항은 구분소유자 이외의자들과의 사이의 권리, 의무에 관련된 사항으로 자치규범인 관리규약의 제정의 한계를 벗어난 것으로 특별승계인이 그 관리규약을 명시적, 묵시적으로 승인하지 않는 이상 그 효력이 없고, 다만, 집합건물의 공용부분은 전체 구분소유자의 이익에 공여하는 것이고, 그 유지와 관리는 공용부분뿐 아니라 전유부분을 포함한 집합건물 전체의 유지와 관리에 필요한 것이다.",
            "그래서 그에 대한 적정한 유지, 관리에 필요한 경비에 대한 구분소유자 사이의 채권은 이를 특히 보장할 필요가 있어 구분소유자의 특별승계인에게 그 승계의사의 유무에 관계없이 청구할 수 있도록 집합건물법 제18조에서 특별히 인정하고 있어 특별승계인에게 공용부분에 대한 관리비 채무를 청구할 수 있으나, 그 승계된 관리비 채무를 징수하기 위한 조치이다.",
            "그로써 단전, 단수와 엘리베이터의 정지 또는 공용부분의 사용제한 등의 조치를 정한 관리규약도 구분소유자 이외의 자들과의 사이의 권리, 의무에 관련된 사항으로자치규범인 관리규약의 제정의 한계를 벗어난 것으로 특별승계인이 그 관리규약을 명시적, 묵시적으로 승인하지 않는 이상 그효력이 없다고 할 것이고, 집합건물법에 의하여 공용부분에 대한 관리비를 승계한다고 하여 달리 볼 것은 아니라고 할 것이므로 피고의 위 주장은 이유 없다.",
            "제1심 증인 00과 이 법원에서의 증인 00의 각 증언은 믿을 수 없고, 달리 이를 인정할 아무런 증거가 없으므로 위 주장은 이유 없다.",
            "공용부분의 체납관리비에 대하여 구분소유자의 특별승계인에게 그 승계의사의 유무에 관계없이 청구할 수 있도록 집합건물법 제18조에서 특별히 인정하고 있어 특별승계인에게 공용부분에 대한 관리비 채무를 청구할 수 있다.",
            "그렇다 하더라도 그 승계된 관리비 채무를 징수하기 위한 조치로서 단전, 단수와 엘리베이터의 정지 또는 공용부분의 사용제한 등의 조치를 정한 관리규약은 구분소유자 이외의 자들과의 사이의 권리, 의무에 관련된 사항으로 자치규범인 관리규약의 제정의 한계를 벗어난 것으로 특별승계인이 그 관리규약을 명시적, 묵시적으로 승인하지 않는 이상 그 효력이 없다고 보아야 할 것이므로 피고의 위 주장은 이유 없다."
        ]
    },
    "close": {
        "cnclsns": [
            "원고(반소피고)와 피고(반소원고) 사이에 나항에서 원고(반소피고)에게 지급을 명하는 금원을 초과하는 고양시 0000 소재 00000 8층에 대한 관리비채무는 존재하지 아니함을 확인한다.",
            "원고(반소피고)는 피고(반소원고)에게 87,705,421원 및 이에 대하여 2001. 11. 26.부터 2003. 12. 12.까지는 연5%,그 다음날부터 완제일까지는 연20%의 각 비율에 의한 금원을 지급하라.",
            "원고(반소피고)의 나머지 본소청구 및 피고(반소원고)의 나머지 반소청구는 모두 기각한다.",
            "소송총비용은 본소와 반소를 합하여 이를 2분하여 그 1은 원고(반소피고), 나머지는 피고(반소원고)의 각 부담으로 한다."
        ]
    }
}