{
    "info": {
        "caseField": "1",
        "detailField": "1",
        "trailField": "2",
        "caseNm": "구상금",
        "courtNm": "서울고법",
        "judmnAdjuDe": "2004. 04. 22.",
        "caseNo": "2003재나660",
        "relateLaword": [
            "민사소송법 제451조",
            "민사소송법 제461조",
            "민사소송법 제225조",
            "민사소송법 제231조",
            "민사소송법 제460조"
        ],
        "qotatPrcdnt": [
            "대법원 1994. 11. 25. 선고 94다33897 판결(공1995상,  97)  ",
            "대법원 1996. 5. 31. 선고 94다20570 판결(공1996하,  2004)",
            "대법원 2001. 12. 14. 선고 2000다12679 판결(공2002상,  276)"
        ]
    },
    "concerned": {
        "acusr": "2",
        "dedat": "1"
    },
    "org": {
        "orgJdgmnCourtNm": "서울지법 남부지원",
        "orgJdgmnAdjuDe": "2002.2.22",
        "orgJdgmnCaseNo": "98가단44967"
    },
    "disposal": {
        "disposalform": "10",
        "disposalcontent": [
            "이 사건 준재심의 소 중 민사소송법 제451조 제1항 제9 , 10호 의 각 재심사유에 기한 준재심의 소 부분을 모두 각하한다.",
            "피고(준재심원고)들의 민사소송법 제451조 제1항 제8호 의 재심사유에 기한 준재심청구를 기각한다. ",
            "준재심소송비용은 피고(준재심원고)들이 부담한다."
        ]
    },
    "mentionedItems": {
        "rqestObjet": [
            "원고(준재심피고, 다음부터  원고 라고 한다)에게, 피고(준재심원고, 다음부터  피고 라고 한다.) 00은 31,456,064원, 피고 00, 00, 00, 00은 각 20,970,709원 및 이에 대하여 1997.3.10.부터 이 사건 소장 부본 송달일까지는 연 5%, 그 다음날부터 갚는 날까지는 연 25%의 각 비율로 계산한 돈을 지급한다.",
            "제1심판결  중  다음에서  추가로  지급을  구하는  금원에  해당하는  원고  패소  부분을  취소한다. ",
            "원고에게 피고 00은 18,873,639원, 피고 00, 00, 00, 00는 각 12,582,426원 및 이에 대하여 1997. 3. 10.부터 1998 .8. 5.까지는 연 5%, 그 다음날부터 갚는 날까지는 연 25%의 각 비율로 계산한 돈을 지급한다.",
            "준재심대상결윕을 취소한다."
        ]
    },
    "assrs": {
        "acusrAssrs": [
            "제1심판결 중 다음에서 추가로 지급을 구하는 금원에 해당하는 원고 패소 부분을 취소한다. ",
            "원고에게 피고 00은 18,873,639원, 피고 00, 00, 00, 00는 각 12,582,426원 및 이에 대하여 1997. 3. 10. 부터 1998. 8. 5.까지는 연 5%, 그 다음날부터 갚는 날까지는 연 25%의 각 비율로 계산한 돈을 지급한다."
        ],
        "dedatAssrs": [
            "준재심대상결정을 취소한다. ",
            "제1심판결 중 피고들 패소 부분을 취소하고, 그 부분에 해당하는 원고의 피고들에 대한 청구를 기각한다."
        ]
    },
    "facts": {
        "bsisFacts": [
            "원고는 각종 손해보험사업 및 그 부대사업을 영위하는 주식회사로서, 00와 사이에 그 소유의 (차량번호) 덤프차량에 관하여 1996. 1. 3.부터 1997. 1. 3.까지를 보험기간으로 하는 자동차종합보험계약을 체결하였으며, 피고들은 아래와 같은 교통사고로 사망한 망 00의 처(피고 00)와 자녀들이다.",
            "소외 1 은 1996. 7. 3. 09:15경 위 덤프트럭을 운전하여 0000 소재 0000 앞 편도 3차로의 3차로 위를 0000 방면에서 0000 방면으로 시속 약 85km(제한속도는 70km임)의 과속으로 진행하고 있었다.",
            "00는 그 무렵 무등록 50cc 오토바이를 운전하여 위 덤프트럭 진행방향 우측의 0000 방면 샛길에서 위 덤프트럭의 진행차로로 진입하면서 진입하고자 하는 차로에 운행하는 차량이 있는지 여부를 잘 살피는 등 진로의 안전함을 확인하면서 진입하여야 함에도 이를 게을리한 채 진입하였다.",
            "소외 1 은 00 운전의 오토바이가 진행차로 앞으로 진입하는 것을 뒤늦게 발견하고 급히 덤프트럭의 조향장치를 왼쪽으로 조작하였으나 충돌을 피하지 못하고 망인의 오토바이의 정면과 덤프트럭의 우측 뒷바퀴 부분이 충돌하게 되었다. ",
            "원고는 위 자동차종합보험계약에 따라 윤명자 등 위 교통사고의 피해자들(00 제외)에게 치료비, 위자 료, 차량수리비 등으로 1996. 7. 5.부터 1997. 3. 10.까지 합계 115,338,900원의 보험금을 지급하였다.",
            "원고는 망 00의 상속인들인 피고들을 상대로 위 구상금청구권에 기하여 1998. 7. 22. 서울지방법원 남부지원에 98가단44967호로 구상금청구의 소(다음부터 '이 사건 소'라고 한다)를 제기하였다.",
            "피고들은 피상속인인 00가 위 교통사고로 1996. 7. 18. 사망할 무렵 상속인이 되었음을 알았으나, 1998. 8. 4. 및 5. 이 사건 소장을 송달받고서야 피고들의 상속채무가 상속재산을 초과한다는 것을 알게 되었다.",
            "이에 피고들은 2000. 2. 17.경 망인에 대한 상속포기심판청구(서울지방법원 의정부지원 2000느단149호)를 관할법원에 하고 2002. 1. 28.경 그 신청취지를 상속포기에서 한정승인으로 변경한 다음(위 상속포기신청은 2002. 2. 7.자로 각하되었다.), 이 사건 소가 계속중이던 원심법원에 위 상속포기신고 접수증명원(을1)을 증거자료로 제출하면서 한정승인 항변을 하였다.",
            "그러나 원심법원은 위 한정승인심판청구가 민법 부칙 제3항에서 정한 한정승인의 요건을 갖추지 못하였다는 이유로 이를 배척한다.",
            "2002. 2. 22. 1. 원고에게, 피고 00은 금 12,582,425원, 피고 00, 00, 00, 00는 각 금 8,388,283원 및 각 이에 대한 1997. 3. 10.부터 1998. 8. 5.까지는 연 5%의, 그 다음날부터 완제일까지는 연 25%의 각 비율에 의한 금원을 지급하라. 2. 원고의 나머지 청구를 기각한다.는 판결(다음부터 '원심판결'이라고 한다)을 선고하였다.",
            "원고와 피고들이 그 무렵 위 판결에 대하여 각 항소(서울고등법원 2002나18536호)를 제기하였다.",
            "피고들은 위 상속포기심판청구가 2002. 2. 7.자로 각하되자 이 사건 소가 항소심에 계속중이던 2002. 4. 15. 한정승인심판청구(서울지방법원 의정부지원 2002느단1159호)를 새로이 하였으나 이 심판청구도 2002. 10. 30.자로 각하되었다.",
            "이에 피고들이 불복하여 항고(서울가정법원 2002브179호)한 결과, 항고심법원은 2003. 7. 3.자로 원심결정을 취소하고 한정승인 신고를 수리하는 결정을 하여 위 결정은 같은 달 25. 확정되었다.",
            "한편, 피고들은 위와 같이 한정승인심판청구를 제기한 다음 이 사건 소송의 항소심 제1차 변론준비기일(2003. 4. 24.)에서 원심법원이 피고들의 한정승인 항변을 배척한 것은 잘못되었다는 취지의 주장을 하였고 (2002. 4. 29.자 피고들 준비서면), 원고는 같은 기일에 위 한정승인 항변 배척은 정당하다고 주장하였다(2002. 5. 23.자 원고 준비서면).",
            "항소심법원은 2003. 4. 24. 원고에게 2003. 6. 30.까지, 피고 00은 23,000,000원, 피고 00, 00, 00, 00은 각 15,000,000원을 각 지급한다. 만일 피고들이 위 돈의 지급을 지체할 경우 그 다음날부터 다 갚는 날까지 연 5%의 비율에 의한 지연손해금을 가산하여 지급한다.라는 내용으로 이 사건 준재심대상결정인 화해권고결정을 하였다.",
            "항소심법원은 2003. 4. 24. 원고의 나머지 청구를 포기한다. 소송총비용은 각자의 부담으로 한다.라는 내용으로 이 사건 준재심대상결정인 화해권고결정을 하였다.",
            "이 결정은 당사자들이 이의를 신청하지 아니하여 2003. 5. 21. 확정되었다.",
            "피고들은 위 한정승인심판청구가 항고심법원에서 인용되자 2003. 7. 15. 이 사건 준재심청구를 하였다."
        ]
    },
    "dcss": {
        "courtDcss": [
            "민사소송법 제461조는 제220조의 조서 또는 즉시항고로 불복을 신청할 수 있는 결정이나 명령이 확정된 경우에 제451조 제1항에 규정된 사유가 있는 때에는 확정판결에 대한 제451조 내지 제460조의 규정에 준하여 재심을 제기할 수 있다.고만 규정하고 있다.",
            "재심(준재심 포함)의 소는 확정판결이 갖는 기판력의 배제를 목적으로 하는 것이어서 확정판결이 아니라 하더라도 이와 동일한 효력이 있는 것에 대하여서는 재심의 소를 제기할 수 있다고 봄이 상당하다.",
            "재판 상의 화해와 동일한 효력이 있는 화해권고결정에 대하여도 민사소송법 제461조에 의하여 같은 법 제451조 에 정한 사유가 있으면 준재심의 소를 제기할 수 있다고 할 것이다.",
            "우선 피고들 주장사유가 민사소송법 제451조 제1항 제9호 , 제10호에 해당하는지에 관하여 보건대, 제9호(판결에 영향을 미칠 중요한 사항에 관하여 판단을 누락한 때)는 확정된 종국판결에 대한 재심사유 중 판결이유 기재와 관련하여 생길 수 있는 하자를 예상하여 규정한 것으로서 판결서와는 달리 따로 판결이유를 기재하지 않는 화해권고결정에는 해당할 여지가 없다.",
            "그리고 제10호 (재심을 제기할 판결이 전에 선고한 확정판결에 어긋나는 때)에 해당하는지에 관하여 보면, 피고들의 주장 자체로도 준재심대상결정인 이 사건 화해권고결정 이후에 한정승인심판청구가 항고심에서 인용되었음을 이유로 재심을 청구하고 있으므로, 피고들 주장사유는 제10호 재심사유에 해당하지 아니한다.",
            "따라서 피고들 주장사유가 제9호 , 제10호의 재심사유에 해당함을 전제로 하는 이 부분 준재심의 소는 부적법하다.",
            "민사소송법 제451조 제1항 제8호에 정하여진 재심사유인 판결의 기초로 된 민사나 형사의 판결 기타의 재판 또는 행정처분이 다른 재판이나 행정처분에 의하여 변경된 때라고 함은, 그 확정판결에 법률적으로 구속력을 미치거나 또는 그 확정판결에서 사실인정의 자료가 된 재판이나 행정처분이 그 후 다른 재판이나 행정 처분에 의하여 확정적이고 또한 소급적으로 변경된 경우를 말하는 것이다.",
            "여기서 사실인정의 자료가 되었다고 하는 것은 그 재판이나 행정처분이 확정판결의 사실인정에 있어서 증거자료로 채택되었고 그 재판이나 행정처분의 변경이 확정판결의 사실인정에 영향을 미칠 가능성이 있는 경우를 말한다( 대법원 2001. 12. 14. 선고 2000다12679 판결 참조).",
            "화해권고결정은 법원이 직권으로 소송에 나타난 당사자의 이익 그 밖의 모든 사정을 참작하여 화해를 권고하는 것으로서, 법원이 제시하는 권고안은 당사자의 의견을 참작할 수는 있으나 전적으로 법원의 판단에 따른 것이므로 오로지 당사자의 의사에 의해 성립되는 임의조정이나 재판상 화해와는 그 성질이 동일하다고 볼 수는 없는 점이 있다.",
            "화해권고결정을 함에 있어서 법원이 참작하는 사정에는 소송에 나타난 사실관계와 법률적인 쟁점 등에 관한 재판이나 행정처분도 포함되는 것은 당연한 점이 있다.",
            "당사자로서는 화해권고결정 전에 나타난 소송자료를 전제로 화해권고결정을 수용하려는 의사일 것인데, 그 재판 등의 변경으로 인하여 이미 확정된 화해권고결정이 당사자의 정당한 권리를 침해하거나 정의에 어긋나게 된 경우에는 화해권고결정을 취소하여 당사자의 권리를 구제해 줄 필요도 있는 점이 있다.",
            "법률적으로 기속되거나 또는 사실인정의 기초로 될 수 있는 재판이나 행정처분이 변경된 경우, 판결이라면 당사자로서는 제8호의 재심사유를 들어 확정판결의 기판력의 배제를 구할 수 있음에도, 화해권고결정이라고 하여 달리 취급할 특별한 이유는 없는 점 등에 비추어 보면 화해권고결정의 경우에도 제8호가 적용된다고 봄이 상당하다.",
            "피고들은 원심법원에서 한정승인 항변을 하면서 재산상속포기신고를 서울지방법원 의정부지원에 하였다는 접수증명원(을1)만을 제출하였고, 변론종결 후 위 의정부지원 2000느단149호 심판에서 재산상속포기신고를 한정승인신고로 변경하였다는 내용의 청구취지 및 원인변경신청서의 접수증명원(기록 157면-163면)만을 참고 자료로 제출한 사실을 인정할 수 있다.",
            "피고들은 항소심법원에서도 원심법원의 한정승인 항변 배척이 부당함을 주장하기는 하였으나, 주로 00의 과실비율이 잘못되었다고 주장하고 그에 관한 증거만 제출하였을 뿐 위 각 한정승인심판청구(서울지방법원 의정부지원 2000느단149호 및 2002느단1159호)가 각하되었다는 주장을 하였거나 각하되었음을 입증할 소송자료를 제출한 바가 전혀 없다.",
            "이 사건 준재심절차에서 비로소 이와 같은 사실을 주장하면서 증거(을3 내지 5)로 제출하고 있을 뿐인 사실은 기록상 명백하다.",
            "위 인정 사실에 의하면, 위 각 한정승인심판청구가 각하되었다는 소송자료가 이 사건 화해권고결정 이전의 소송절차에서 현출된 바가 전혀 없으므로, 이 사건 화해권고결정에 있어서 위 각 한정승인심판청구의 각하가 법률적으로 구속력을 미쳤다거나 사실인정의 자료가 되었다고 볼 수 없다.",
            "따라서 제8호 의 재심사유가 존재한다는 피고들의 주장은 이유 없다."
        ]
    },
    "close": {
        "cnclsns": [
            "이 사건 준재심의 소 중 민사소송법 제451조 제1항 제9 , 10호의 각 재심사유에 기한 준재심의 소 부분은 부적법하므로 이를 모두 각하한다. ",
            "피고(준재심원고)들의 민사소송법 제451조 제1항 제8호의 재심사유에 기한 준재심청구 부분은 이유 없으므로 이를 기각하기로 한다."
        ]
    }
}