{
    "info": {
        "caseField": "1",
        "detailField": "1",
        "trailField": "1",
        "caseNm": "부당이득금",
        "courtNm": "대구지법",
        "judmnAdjuDe": "2003. 10. 28.",
        "caseNo": "2003가합1087",
        "relateLaword": [
            "국세기본법 제15조 ",
            "국세기본법 제51조 ",
            "국세징수법 제3조 ",
            "국세징수법 제14조 ",
            "구 국세기본법(1994. 12. 22. 법률 제4810호로 개정되기 전의 것) 제26조의2 "
        ],
        "qotatPrcdnt": [
            "대법원 1996. 9. 24. 선고 96누68 판결(공1996하, 3240)"
        ]
    },
    "concerned": {
        "acusr": "1",
        "dedat": "3"
    },
    "org": {
        "orgJdgmnCourtNm": "",
        "orgJdgmnAdjuDe": "",
        "orgJdgmnCaseNo": ""
    },
    "disposal": {
        "disposalform": "1",
        "disposalcontent": [
            "피고는 원고에게, 금 579,858,790원 및 그 중 금 159,019,900원에 대하여는 2002. 12. 3.부터, 금 420,838,890원에 대하여는 2002.12. 28.부터, 각 2003. 10. 28.까지는 연 5%의, 각 그 다음날부터 다 갚는 날까지는 연 20%의 각 비율에 의한 돈을 지급한다.",
            "피고는 원고에게, 금 406,487,240원 및 그 중 금 24,180,950원에 대하여는 2002. 7. 7.부터, 금 117,124,530원에 대하여는 2002. 9.28.부터, 금 113,577,100원에 대하여는 2002. 12. 3.부터, 금 151,604,660원에 대하여는 2002. 12. 28.부터, 각 2003.10. 28.까지는 1일 0.013%의, 각 그 다음날부터 다 갚는 날까지는 연 20%의 각 비율에 의한 돈을 지급한다.",
            "원고의 나머지 청구를 기각한다.",
            "소송비용은 피고가 부담한다."
        ]
    },
    "mentionedItems": {
        "rqestObjet": [
            "피고는 원고에게, 금 579,858,790원 및 그 중 금 159,019,900원에 대하여는 2002. 12. 3.부터, 금 420,838,890원에 대하여는 2002. 12. 28.부터, 각 다 갚는 날까지 연 25%의 비율에 의한 돈을 지급한다.",
            "피고는 원고에게, 금 406,487,240원 및 그 중 금 24,180,950원에 대하여는 2002. 7. 7.부터, 금 117,124,530원에 대하여는 2002. 9. 28.부터, 금 113,577,100원에 대하여는 2002. 12. 3.부터, 금 151,604,660원에 대하여는 2002. 12. 28.부터, 각 이 판결 선고일까지는 1일 0.013%의, 각 그 다음날부터 다 갚는 날까지는 연 25%의 각 비율에 의한 돈을 지급한다."
        ]
    },
    "assrs": {
        "acusrAssrs": [
            "원고는, 피고가 원고에게 지급할 증여세에 관한 위 국세환급금 579,858,790원(금 159,019,900원 + 금 420,838,890원)을 이 사건 제5 또는 제7처분에 의한 증여세에 충당하려면 원고의 동의가 있어야 한다( 국세기본법 제51조 제2항 제1호, 제3호).",
            "그런데 원고는 피고가 위와 같은 충당을 함에 있어 동의한 바 없어 위 충당은 무효이므로, 피고는 원고에게 위 증여세에 관한 금 579,858,790원 및 그 중 금 159,019,900원에 대하여는 그 충당일 다음날인 2002. 12. 3.부터, 금 420,838,890원에 대하여는 그 충당일 다음날인 2002. 12. 28.부터 각 다 갚는 날까지 연 25%의 비율에 의한 지연손해금을 지급할 의무가 있다고 주장한다."
        ],
        "dedatAssrs": []
    },
    "facts": {
        "bsisFacts": [
            "다음 사실은 당사자 사이에 다툼이 없거나, 갑 제1호증, 갑 제2호증의 1, 2, 갑 제3호증의 1, 2, 3, 갑 제4, 5, 6호증의 각 1, 2, 갑 제7, 8호증, 갑 제9호증의 1, 2, 갑 제10호증, 갑 제11호증의 1, 2, 갑 제15, 16호증, 을 제1호증의 1, 2, 을 제2 내지 5호 각 기재에 변론 전체의 취지를 모아보면, 이를 인정할 수 있다.",
            "을 제6호증의 1, 2, 을 제7 내지 11호증, 을 제12, 13호증의 각 1, 2, 을 제14호증, 을 제15, 16호증의 각 1, 2, 을 제17, 18호증, 을 제19호증의 1, 2, 3, 을 제20, 21호증, 을 제24호증의 1, 2, 을 제25호증의 1, 2, 3, 을 제26호증의 1, 2의 각 기재에 변론 전체의 취지를 모아보면, 이를 인정할 수 있다.",
            "원고는 1993. 11. 10. 그의 아버지인 소외 00로부터 0000 공장용지 7,149㎡ 및 위 지상 건물 3,973.17㎡(이하 '이 사건 부동산' 이라 한다)를 증여받아 그 달 11. 증여를 원인으로 한 소유권이전등기를 마쳤고, 00는 그 달 13. 사망하였다."
        ]
    },
    "dcss": {
        "courtDcss": [
            "따라서 북대구세무서장의 위 2002. 12. 2.자 및 2003. 2. 17.자 각 국세환급금의 충당행위는 모두 원고의 동의가 없어 무효라 할 것이다.",
            "피고는 원고에게 부당이득 반환으로 579,858,790원(금 159,019,900원 + 금 420,838,890원) 및 그 중 금 159,019,900원에 대하여는 원고가 구하는 바에 따라 북대구세무서장이 이를 충당한 날 다음날인 2002. 12. 3.부터 지급할 의무가 있다.",
            "금 420,838,890원에 대하여는 역시 원고가 구하는 바에 따라 북대구세무서장이 최초에 이를 충당한 날 다음날인 2002. 12. 28.부터, 피고가 그 이행의무의 존부 및 범위에 관하여 항쟁함이 상당하다고 인정되는 각 이 판결 선고일인 2003. 10. 28.까지는 민법에서 정한 연 5%의, 각 그 다음날부터 다 갚는 날까지는 소송촉진등에관한특례법에서 정한 연 20%의 각 비율에 의한 지연손해금을 지급할 의무가 있다.",
            "그렇다면 피고의 위 주장은 받아들일 수 없고, 피고는 원고에게 원고가 구하는 바에 따라 금 406,487,240원(금 24,180,950원 + 금 117,124,530원 + 금 113,577,100원 + 금 151,604,660원) 및 그 중 금 24,180,950원에 대하여는 북대구세무서장이 남대구세무서장에게 이를 지급한 다음날인 2002. 7. 7.부터 지연손해금을 지급할 의무가 있다.",
            "금 117,124,530원에 대하여는 남대구세무서장이 이를 충당한 다음날인 2002. 9. 28.부터, 금 113,577,100원에 대하여는 북대구세무서장이 남대구세무서장에게 이를 지급한 다음날인 2002. 12. 3.부터, 금 151,604,660원에 대하여는 북대구세무서장이 남대구세무서장에게 이를 지급한 다음날인 2002. 12. 28.부터 지연손해금을 지급할 의무가 있다.",
            "각 이 판결 선고일인 2003. 10. 28.까지는 1일 0.013%의, 각 그 다음날부터 다 갚는 날까지는 소송촉진등에관한특례법에서 정한 연 20%의 각 비율에 의한 지연손해금을 지급할 의무가 있다."
        ]
    },
    "close": {
        "cnclsns": [
            "피고는 원고에게, 금 579,858,790원 및 그 중 금 159,019,900원에 대하여는 2002. 12. 3.부터, 금 420,838,890원에 대하여는 2002. 12. 28.부터, 각 2003. 10. 28.까지는 연 5%의, 각 그 다음날부터 다 갚는 날까지는 연 20%의 각 비율에 의한 돈을 지급한다.",
            "피고는 원고에게, 금 406,487,240원 및 그 중 금 24,180,950원에 대하여는 2002. 7. 7.부터, 금 117,124,530원에 대하여는 2002. 9. 28.부터, 금 113,577,100원에 대하여는 2002. 12. 3.부터, 금 151,604,660원에 대하여는 2002. 12. 28.부터, 각 2003. 10. 28.까지는 1일 0.013%의 비율에 의한 돈을 지급한다.",
            "피고는 원고에게, 각 그 다음날부터 다 갚는 날까지는 연 20%의 각 비율에 의한 돈을 지급한다.",
            "원고의 나머지 청구를 기각한다.",
            "소송비용은 피고가 부담한다.",
            "제1항은 가집행할 수 있다."
        ]
    }
}