{
    "info": {
        "caseField": "1",
        "detailField": "1",
        "trailField": "2",
        "caseNm": "소유권이전등기등",
        "courtNm": "춘천지방법원",
        "judmnAdjuDe": "2005. 06. 17.",
        "caseNo": "2003나2257",
        "relateLaword": [
            "부동산소유권이전등기등에관한특별조치법(법률 제8562호)"
        ],
        "qotatPrcdnt": [
            "서울고등법원 2003나82008",
            "대법원 1994. 9. 30. 선고 93다27703 판결",
            "대법원 1993. 5. 25. 선고 92다47694 판결",
            "대법원 1991. 10. 11. 선고 91다24663 판결"
        ]
    },
    "concerned": {
        "acusr": "2",
        "dedat": "1"
    },
    "org": {
        "orgJdgmnCourtNm": "춘천지방법원",
        "orgJdgmnAdjuDe": "2003. 7. 2.",
        "orgJdgmnCaseNo": "2002가단12454"
    },
    "disposal": {
        "disposalform": "10",
        "disposalcontent": [
            "피고의 항소를 기각한다.",
            "항소비용은 피고의 부담으로 한다."
        ]
    },
    "mentionedItems": {
        "rqestObjet": [
            "피고는 원고에게 별지 부동산 목록 기재 제1부동산 및 같은 목록 기재 제2, 3부동산 중 각 1/4지분(이하  이 사건 각 부동산 이라 한다)에 관하여 2002. 12. 24. 명의신탁해지를 원인으로 한 소유권이전등기절차를 이행한다.",
            "항소취지제1심 판결을 취소하고, 원고의 청구를 기각한다."
        ]
    },
    "assrs": {
        "acusrAssrs": [
            "원고 소유인 분할전 0000 전 4,711㎡(1,425평, 이하 분할전 토지 라 한다)의 일부 지상에 피고가 종중 묘막으로 조립식 주택 20평을 건축하여 주면 원고가 그 대가로 위 토지 중 600평을 분할하여 피고에게 양도하기로 약정했다고 주장한다.",
            "원고가 분할전 토지의 일부인 위 같은 리 298 전 2,314㎡(701평)토지를 피고에게 양도하였으므로 그 토지 중 피고에게 양도하기로 한 600평을 제외한 나머지 약 100평과 피고가 건축한 묘막 즉, 별지 부동산 목록 기재 제3부동산(이하, 이 사건 제3부동산이라 한다)은 원고의 소유로서 피고에게 명의신탁한 것이다.",
            "따라서 피고는 원고에게 그 나머지 토지 100평과 묘막인 별지 부동산 목록 기재 각 부동산에 관하여 각 명의신탁해지를 원인으로한 소유권이전등기절차를 이행할 의무가 있다."
        ],
        "dedatAssrs": [
            "원고 종중이 피고를 상대로 이 사건 각 부동산이 원고 소유의 재산임을 전제로 하여 위 각 부동산에 관하여 명의신탁해지를 원인으로 하는 소유권이전등기절차의 이행을 구함에 대하여, 피고는, 본안전항변으로 원고 종중의 이 사건 소는 대표권 없는 함영만에 의하여 제기된 부적법한 것이라고 주장한다.",
            "피고는 이에 대해, 그 후 2004. 11. 21.자 종중총회 결의로 00을 다시 대표자로 선임하여 그 하자가 사후 추인되었다고 주장한다.",
            "피고는, 위 약정 당시 00 등 3인에게 소유권을 이전하기로 약정하였으므로 피고는 위 약정대로 00 등 3인에게 소유권을 이전할 의무가 있을 뿐이라는 취지로 주장한다."
        ]
    },
    "facts": {
        "bsisFacts": [
            "원고는 0000 00씨 25세손인 00을 공동선조로 하여 공동선조의 제사봉행과 분묘수호 및 종원 상호간의 친목도모를 위하여 성립된 종중으로, 소외 00이 1995. 12월경 원고 종중의 정관을 만들고, 1995. 12. 2.부터 원고 종중의 대표자로 선임되어 활동하였다.",
            "원고의 정관(갑4호증)에 의하면 임원의 임기는 2년으로 연임할 수 있으며, 회장은 본회를 대표하고 종중 직무의 전반사항을 관장하며 회의 의장이 되고, 부회장은 회장을 보좌하며 회장 유고시 그 직무를 대행하고, 종중회의는 정기총회와 임시총회, 이사회로 구분하되, 정기총회는 매년 11월 중 적정기에 개최하며 3일 전에 전 종중원에게 통보하여야 한다.",
            "원고 종중은 매년 2회, 한식과 음력 10. 10.에 정기적으로 시제를 지내왔는데, 매년 음력 10. 10.에는 시제와 아울러 종친회의정기총회를 개최하여 종중의 중대사를 결의하여 왔다.",
            "그 후 같은 달 5. 원고의 종중원 27명이 참석한 가운데 정기총회가 열렸는데, 그 자리에서 일부 종중원들이 00의 비위사실을 거론하며 00에 대한 성토 및 퇴출의견을 제기하자, 00은 그 자리를 떠나고, 부회장인 00이 임시의장을 맡아 00의 경질에 관한 의안을 부의하여 출석한 나머지 종중원 26명의 찬성으로 00을 대표자에서 해임하고 현 대표자인 00을 새로운 대표자로 선출하였다.",
            "00은 위 종중총회결의가 절차상의 중대한 하자가 있으므로 무효라고 주장하며 종중결의무효확인을 구하였고, 서울고등법원은 2003나82008 종중결의확인등 사건에서 원고 종중의 정관에 따른 의사 정족수는 최소한 28명으로 위 총회의결은의사정족수에 미달한 상태에서 이루어진 점에서 결의절차상 중대한 하자가 있는 무효인 의결이라고 판결하였고, 원고 종중이 상고하였으나 기각되어, 결국 위 판결은 그대로 확정되었다.",
            "00 등은 위 서울고등법원 판결이 선고된 후 대표자를 새로 선출하기 위해 다시 종원들에게 2004. 11. 21.(음력 10. 10.)정기총회가 열린다는 통보를 하였다.",
            "참석을 하지 못하는 종원들로부터 위 일자 정기총회에 참석할 수 없으므로 의결권 및 선거권등 모든 권한을 회장 또는 부회장에게 위임하며 그 결과에 이의하지 않는다는 취지의 내용으로서, 그 작성일자가 같은 해 10.21.자부터 11. 22.자까지로 되어 있거나 혹은 기재되어 있지 않은 위임장을 종원 20명으로부터 받았다.",
            "2004. 11. 21. 0000에 있는 묘막에 모인 원고 종중원들은 시제를 지낸 후, 오후 1시 40분경 종중원 30명이 직접 참가하여 정기총회를 개최하고, 2000. 11월 00을 대표자로 선출한 종중총회의 결의는 판결에 의해 효력이 없게 되었다.",
            "원고 종중과 00 측 사이의 문제와 관련한 소송 등 원고 종중의 일을 처리하기 위하여 새로운 대표자를 다시 선임하여야한다며, 위임장 제출방식에 의하여 참가한 20명을 포함한 48명의 만장일치로 회장으로 00,부회장으로 00,총무로 00,감사로 00, 00, 00, 00, 00 ,이사로 00 등을 각 선임하였다.",
            "이 사건 분할전 토지는 원래 1965. 3. 10. 소외 00, 00, 00 명의로 소유권보존등기가 되었다가, 1985. 6. 24.부동산소유권이전등기등에관한특별조치법(법률 제8562호)에 기하여 소외 00, 00, 00 3인 명의로 각 1/3 지분씩소유권이전등기가 마쳐졌다.",
            "원고는 1995.경 묘소관리 및 종중사무실로 사용하기 위하여 분할전 토지 지상에 종중묘막을 건축하기로 결의하고, 그구체적인 방법으로 00 등 3인으로부터 토지 600평을 기증받아 이를 피고에게 소유권 양도하고 피고가 모든 건축 비용을 부담하여 그 지상에 종중묘막을 건축한 다음 종중대표격인 00 등에게 위 종중묘막의 소유 명의를 이전하고, 피고가 위 묘막 및 부지에 대한 관리를 책임지기로 약정하였다.",
            "원고는 위 약정에 따라 1996. 7. 26. 위 약정 토지 600평 및 종중묘막 건축부지 100평(별지 토지 분할표 기재 분할전 제1, 2토지의 합계로 약 701평 정도이다)을 각 분할하여 00 등 3인으로부터 피고에게 소유권이전등기를 해 주었고, 피고는 위약정에 따라 1997. 2. 17.경 그 중 별지 부동산 목록 기재 제2부동산 지상에 묘막(이 사건 제3부동산)을 신축한 후 1997. 4.2. 피고 명의로 소유권보존등기를 마쳤다."
        ]
    },
    "dcss": {
        "courtDcss": [
            "위 인정사실에 의하면, 00을 원고 종중의 회장으로 선출한 2000. 11. 5.자 종중총회 결의는 그 효력이 없게 되었으므로, 이 사건 소는 일응 대표권 없는 자에 의해 제기된 부적법한 것이라 할 것이다.",
            "1995년 약정 당시 피고를 비롯한 원고 종중원들 사이에 이 사건 분할전 1,2토지 약 700평의 소유권을 종중에게 귀속시키기로 결의한 후, 피고가 원고 종중으로부터 그 중 토지 600평을 양도받는 대신 나머지 100평 지상에 묘막을 건축한 후 그 묘막 및 그 부지 100평을 당시 종중 대표격인 00 등 3인에게 양도하기로 약정했음이 인정된다.",
            "위 약정에 따라 피고가 원고 종중측으로부터 분할 전 1,2토지에 관하여 피고 명의로 소유권이전등기를 마치고 그 지상에 묘막을 건축하였으므로, 피고가 원고 종중에게 소유권을 양도할 100평 토지(이 사건 제1, 2부동산)와 그 지상 묘막(이 사건 제3부동산)은 피고 명의로 등기가 마쳐진 때로부터 원고가 피고에게 각 명의신탁한 것으로 봄이 상당하다.",
            "피고가 2000. 10. 25. 이 사건 제2,3부동산 중 각 3/4지분을 원고 종중원인 00, 00, 00 명의로 각1/4지분씩 소유권이전등기를 해주었고, 피고를 제외한 위 3인의 종원들은 2002. 12. 4. 원고의 명의신탁해지에 따라 원고에게 이미 각 지분소유권이전등기를 마쳤다.",
            "피고는 원고에게 이 사건 제1부동산 및 아직 피고 명의로 지분이 남아있는 이 사건 제2,3부동산에 관하여, 원고의 명의신탁해지의 의사표시가 담긴 이 사건 소장부본이 피고에게 송달되었음이 기록상 명백한 2002. 12. 24.자 명의신탁해지를 원인으로 한 각 소유권이전등기절차를 이행할 의무가 있다."
        ]
    },
    "close": {
        "cnclsns": [
            "피고의 항소를 기각한다.",
            "항소비용은 피고의 부담으로 한다."
        ]
    }
}