{
    "info": {
        "caseField": "1",
        "detailField": "1",
        "trailField": "2",
        "caseNm": "합병철회·주주총회결의취소",
        "courtNm": "서울고등법원",
        "judmnAdjuDe": "2005. 03. 30.",
        "caseNo": "2003나86161,2003나86178(병합)",
        "relateLaword": [
            "금융산업의 구조개선에 관한 법률 제5조",
            "상법 제354조",
            "상법 제363조",
            "증권거래법 제174조의6",
            "상법 제368조",
            "상법 제353조",
            "증권거래법 시행령 제84조의7",
            "금융산업의 구조개선에 관한 법률 제4조",
            "행정절차법 제24조",
            "상법 제360조의5",
            "금융산업의 구조개선에 관한 법률 제12조",
            "상법 제527조",
            "상법 제528조",
            "상법 제312조",
            "상법 제524조",
            "상법 제289조",
            "독점규제 및 공정거래에 관한 법률 제7조",
            "증권거래법 제174조의7",
            "증권거래법 제174조의8"
        ],
        "qotatPrcdnt": [
            "대법원 1996. 10. 11. 선고 96다24309 판결"
        ]
    },
    "concerned": {
        "acusr": "1",
        "dedat": "2"
    },
    "org": {
        "orgJdgmnCourtNm": "서울중앙지방법원",
        "orgJdgmnAdjuDe": "2003. 11. 20.",
        "orgJdgmnCaseNo": "2001가합18662"
    },
    "disposal": {
        "disposalform": "10",
        "disposalcontent": [
            "원고의 항소를 기각한다.",
            "항소비용은 원고의 부담으로 한다.",
            "원고가 주장하는 합병무효 사유들은 모두 이유 없다 할 것이다."
        ]
    },
    "mentionedItems": {
        "rqestObjet": [
            "제1심 판결을 취소한다.",
            "합병전 000과 000 사이의 2001. 11. 1.자 합병을 무효로 한다. ",
            "소외 00를 피고의 은행장으로 선임한 피고의 2001. 11. 1.자 이사회결의는 무효임을 확인한다."
        ]
    },
    "assrs": {
        "acusrAssrs": [
            "원고가 2001. 3. 19. 이 사건 소(2001가합18662호)를 제기하면서 000과 000의 합병추진 취소 등을 구하였다가, 000과 000이 2001. 4. 23. 이 사건 합병계약을 체결하자 2001. 5. 25. 합병을 철회하라는 내용으로 그 청구를 변경하고, 다시 2001. 9. 29. 000의 임시주주총회에서 합병승인결의(이하 이 사건 합병승인결의 라 한다)가 이루어졌다.",
            "2001. 10. 10. 위 합병승인결의의 무효 및 부존재확인을 구하는 청구로 변경하였다가, 000과 000의 합병등기가 경료된 후인 2001. 12. 24. 이 사건 합병의 무효 및 00를 은행장으로 선임한 피고 회사의 2001. 11. 1.자 이사회결의(이하 이 사건 이사회결의라 한다)의 무효확인을 구하는 내용으로 그 청구를 재차 변경한 사실은 기록상 분명하다.",
            "피고는 이러한원고의 소 변경은 변경전, 후의 청구취지 및 청구원인이 각기 다른 만큼 그 청구의 기초가 동일하다고 할 수 없으므로 허용되어서는 아니된다고 주장한다.",
            "원고는 2001. 11. 1. 피고 은행의 이사회에서 00를 은행장으로 선임한 결의가 무효라고 주장하면서, 그 무효확인을 구하고 있다.",
            "000은 합병계약서에 합병승인을 위한 주주총회를 2001. 10. 20.까지 완료한다고 하고서는 그보다 20일 이상이 빠른 2001.9. 29.을 주주총회일로 잡았는바, 이 날은 토요일로서 주말, 월말, 분기말이 겹쳐 있는데다가 추석연휴 직전이어서 전체 주식의 과반수 이상을 소유하고 있는 소액주주들의 참석이 원천봉쇄된 것과 다름없기 때문에 000이 주주들의 권리행사를 의도적으로 방해한 것이다.",
            "금융산업의 구조개선에 관한 법률(이하 금산법 이라 한다) 제5조 제6항에 따라 이 사건 합병의 결의를 위하여 상법 제354조 제 1항의 규정에 의하여 주주명부를 폐쇄하거나 기준일을 정하려면, 그 폐쇄일 또는 기준일부터 7일전에 이를 공고하고, 이 경우 2 이상의 일간신문에 공고하여야 한다.",
            "000은 2001. 7. 27.에, 000은 2001. 7. 30.에 각 기준일을 2001. 8. 8.로 정한다고 공고하면서도, 2 이상의 일간신문에 위와 같은 내용의 공고를 한 적이 없으므로 이 사건 합병은 무효라 할 것이다.",
            "000은 이 사건 주주총회가 있기 8일 전인 2001. 9. 21. 금요일에야 비로소 주주들에게 주주총회 소집통지를 하였으나, 주주총회 7일전까지 소집통지를 할 수 있도록 한 금산법 제5조 제4항은 부실금융기관의 합병에만 적용되는 것이고 부실금융기관의 합병이 아닌 이 사건 합병에는 적용될 수 없다.",
            "000의 위 주주총회 소집통지는 주주총회일 2주일 전까지 하도록 한 상법 제363조 제1항에 반하여 위법하다.",
            "가사 이 사건 합병에 금산법이 적용된다고 하더라도, 000의 정관상 주주총회 2주일 전까지 소집통지를 하게 되어 있으므로, 000의 위 주주총회 소집통지는 정관을 위배한 것이다.",
            "또한 000의 주주명부상 000의 명의로 되어 있는 국내 실질주주는 증권거래법 제174조의 6 제5항에 따라 주주총회 5일 전인 2001. 9. 24. 월요일까지 000에 의결권행사 여부에 대한 의사표시를 하여야 한다.",
            "000의 주주총회 소집통지가 2001. 9. 21. 금요일에야 실질주주들에게 발송되는 바람에 우편소요일수 및 일요일을 감안하면 국내 실질주주들이 2001. 9. 24.까지 000에 의사표시를 하는 것이 사실상 불가능하였으므로, 이 점에서도 000의 주주총회 소집통지는 주주의 권리를 침해한 위법한 것이다.",
            "이 사건 주주총회에서 000의 직원인 소외 00이 외국인 실질주주의 주식과 000 DR에 대하여 의결권을 행사하였는바, 위 소외 00은 이 사건 주주총회 당일 합병계약 승인안이 의결될 때까지 000측에 이들 주주의 대리인임을 입증하는 서류와 의안에 대한 찬, 반내역 등 관련서류 원본을 제출하지 않았다.",
            "또한 외국인 실질주주 등 의결권 행사를 위임한 일부의 위임인으로부터는 합병계약 승인안에 대하여 반대의 의사표시를 하도록 위임받았음에도 불구하고 표결 때에 아무런 의사표시를 하지 않았으므로, 결국 000의 의결권 행사분은 자격이 없는 자가 의결권을 행사하였거나 의결권을 행사하지 않은 것으로서 무효이다."
        ],
        "dedatAssrs": []
    },
    "facts": {
        "bsisFacts": [
            "합병전 000(이하 000 이라 한다.)과 000(이하 OOO이라고 한다)은 2000. 12. 22. 양해각서를 체결하여 두 은행의 합병을 선언한 다음, 합병의 원활한 추진을 위하여 두 은행의 이사 및 비상임이사 각 1명씩과 금융감독위원회 자문관, 대학교수 등 6명으로 구성된 합병추진위원회를 구성하였다.",
            "위 합병추진위원회에서 000과 000을 합병하여 신설은행을 설립하되, 신설은행의 명칭은 000 으로 하고, 합병비율은 000 보통주식 1주당 000 보통주식 1.688346주의 비율로 하며, 신설은행의 은행장은 합병추진위원회의 제안에 따라 관련 법령 절차를 밟아 선임한다.는 내용의 합병계약안을 마련하였다.",
            "두 은행은 이사회의 의결을 거쳐 2001. 4. 23. 위와 같은 내용의 합병계약(이하 '이 사건 합병 계약'이라고 한다)을 체결하였다.",
            "000은 2001. 9. 29. 10:00 0000에 있는 000 회의실에서 임시주주총회(이하 이 사건 주주총회 라 한다)를 개최하여 별지 주주총회 참석 및 합병승인 찬, 반내역 기재와 같이 의결권 있는 발행주식 총수 303,305,662주의 83.19%인 252,319,955주를 소유한 주주들이 참석한 가운데 그 99.16%인 250,196,515주(발행주식 총수의 82.49%)를 소유한 주주들의 찬성으로 이 사건 합병계약을 승인하였다.",
            "000도 임시주주총회를 개최하여 이 사건 합병계약을 승인하였다. ",
            "000과 000은 2001. 10. 26. 합병에 관한 금융감독위원회의 인가를 받은 뒤, 2001. 11. 1. 000과 000을 해산하고 피고 000(이하 피고 은행 이라 한다)을 설립하는 합병(이하 이 사건 합병 이라 한다)등기를 마쳤다.",
            "그리고 피고 은행의 이사회는 2001. 11. 1. 피고 은행의 사외이사들로 구성된 행장후보추천위원회의 추천을 받아 소외 00를 신설된 피고 은행의 은행장으로 선임하였다.",
            "원고는 000의 주주이자 000 노동조합의 조합원(이하 노조원 이라 한다)이다.",
            "한편 을 4호증의 2의 기재에 의하면, 000은 이 사건 주주총회 소집통지를 하면서 실질주주의 의결권행사 안내문 을 첨부하였는데, 이 안내문에는 의사표시를 팩스를 통하여 할 수 있다는 문구와 함께 000의 팩스번호가 기재되어 있었던 사실을 인정할 수 있다.",
            "000은 경찰에 1주씩을 소지한 노조원들의 주주총회 참석을 막아달라는 공문을 보내 경찰병력을 동원하여 주주총회 현장을 원천봉쇄하는 방법으로 소액주주들의 주주총회장 입장을 불법적으로 저지하였고, 당일 주주나 대리인의 자격 여부를 확인하는 절차를 전혀 시행하지 않은 채 특정 주주 및 주주도 아닌 직원 일부만 지하비밀통로를 통해 입장시킨 다음 주주총회를 진행하였다.",
            "주주도 아닌 자들이 주주총회장에 입장하여 그들이 의안 표결 과정에서 찬성합니다, 이의 없습니다 라고 하면서 박수를 치는 등 주주 행세를 하였고, 이는 000이 진정한 주주들의 정당한 권리행사를 방해한 것이다.",
            "주주총회 당일 000의 요청에 따라 출동한 경찰이 주주총회가 시작되기 전 주주총회장 입구 및 주변에 도열하여 000의 주주 확인 창구 앞을 막아서는 등의 방법으로 노조원들의 주주총회장 입장을 저지한 사실을 인정할 수 있다.",
            "이 사건 합병에 대하여 000과 000 노동조합은 1만 5천여 명의 조합원이 000 연수원에서 농성을 벌이는 등의 방법으로 강경한 반대투쟁을 벌여 온 사실을 인정할 수 있다.",
            "두 은행의 합병계약이 주주들에 의하여 승인됨으로써 합병이 결정되는 마지막 단계인 이 사건 주주총회에 대하여 000 노동조합은 그 소유의 주식 13,214주에 대하여 1주씩의 주주총회 참석장 9,000매를 000으로부터 발급받아 이를 노조원들에게 나누어주고, 주주총회 당일 참석장을 소지한 수 천명의 노조원들이 주주총회장에 집결하여 주주총회를 저지하는 방법으로 합병승인 결의의 통과를 막으려고 하였던 사실을 인정할 수 있다.",
            "이와 같이 노조원들에 의한 주주총회 방해가 우려되자 000은 주주총회 전날인 2001. 9. 28. 서울지방법원으로 부터 노조원들이 000 주주 및 임직원들의 주주총회장 입장을 방해하는 행위를 금지한다는 주주총회개최등 방해금지가처분결정을 얻고 관할경찰서인 남대문경찰서에 질서유지를 위한 경찰병력의 출동을 요청한 사실을 인정할 수 있다.",
            "현장에 출동한 경찰은 000의 요청에 따라 노동조합 대표 1인을 제외한 1주씩의 참석장을 가진 노조원들의 주주총회장 입장을 막기 위하여 주주총회장 입구를 봉쇄하였고, 다른 한편으로 당일 주주총회 진행을 책임진 000의 총무부장 소외 00는 주주총회가 시작되기 전 도열한 경찰의 뒤편에서 소액주주들이 주주 확인 창구에서의 확인절차를 거쳐 주주총회장에 입장할 것을 핸드마이크를 통하여 수 차례 방송한 사실을 인정할 수 있다.",
            "당시 현장에 집결한 노조원 1,000여명은 주주총회장 입구에 도열한 경찰병력 앞에 길게 줄을 선 다음, 1주씩의 참석장을 가진 노조원 역시 주주임을 주장하며 주주총회장 입장을 저지하는 000측에 거칠게 항의하는 한편, 노조원들보다 뒤에 도착한 일반 소액주주들이 주주총회장에 입장하려 하자 줄을 서서 순서대로 입장할 것을 강변한 사실을 인정할 수 있다.",
            "이와 같은 상황에서 노조원뿐 아니라 일부의 일반 소액주주들도 주주총회장에 입장하지 못하게 된 사실을 인정할 수 있다."
        ]
    },
    "dcss": {
        "courtDcss": [
            "비록 합병계약체결, 합병승인결의, 합병등기 등 이 사건 합병절차의 진행에 따라 원고가 각기 그 청구를 변경하였을지라도, 원고가 이 사건 소를 통하여 달성하려는 목적은 결국 000과 000의 합병을 저지하려는 것이라 할 것이므로, 이 사건 변경전의 청구취지와 변경후의 청구취지 사이에 실질적인 분쟁이익이 공통된다고 할 것이고, 그 소송자료 또한 신청구와 구청구 사이에 심리의 계속적 시행을 정당화 할 정도의 공통성이 인정된다.",
            "피고 은행의 은행장이었던 00가 퇴임하고 주주총회에서 피고 은행의 후임 은행장으로 소외 00이 선임되어 2004. 11. 2. 그 선임등기까지 마쳐진 사실은 기록상 명백하다.",
            "같이 원고가 그 무효의 확인을 구하는 이사회에서의 00를 은행장으로 선임하기로 하는 결의가 이루어진 후에 새로 개최된 유효한 주주총회 결의에 의하여 후임 이사가 선임되어 선임등기까지 마쳐진 경우다.",
            "그 새로운 주주총회의 결의가 무권리자에 의하여 소집된 총회라는 하자 이외의 다른 절차상, 내용상의 하자로 인하여 부존재 또는 무효임이 인정되거나 그 결의가 취소되는 등의 특별한 사정이 없는 한, 당초의 00를 은행장으로 선임한 이사회 결의가 무효라 할지라도 이에 대한 무효확인을 구하는 것은 과거의 법률관계 내지 권리관계의 확인을 구하는 것에 귀착되어 확인의 소로서의 권리보호요건을 결여한 것으로 보아야 할 것이다.",
            "(대법원 1996. 10. 11. 선고 96다24309 판결 참조)",
            "원고의 이 사건 이사회결의 무효확인 청구는 확인의 이익이 없어 부적법하다 할 것이다.",
            "000이 소액주주들의 권리행사를 방해하기 위하여 의도적으로 2001. 9. 29.을 주주총회일로 정하였다고 인정할 만한 증거가 없고, 가사 원고 주장의 사유로 인하여 소액주주들의 주주총회 참석이 다소 곤란한 사정이 있었다 하더라도, 그것만으로 이 사건 주주총회에 어떠한 하자가 있었다고 보기 어렵다.",
            "을 23호증의 1 내지 4의 각 기재에 의하면, 000이 2001. 7. 31. 000와 000에, 000이 2001. 7. 28. 000과 000에 기준일이 2001. 8. 8.이라고 하는 내용의 기준일 및 주식명의개서 정지공고를 각 게재한 사실을 인정할 수 있으므로, 기준일을 정하는 절차에 위법이 있다고 할 수 없다.",
            "금산법은 금융기관의 합병, 전환, 정리 등 금융산업의 구조개선을 지원하여 금융기관간의 건전한 경쟁을 촉진하고 금융업무의 효율성을 높임으로써 금융산업의 균형있는 발전에 이바지함을 목적으로 하고 있다.",
            "이 사건 합병과 같은 우량 금융기관간의 합병 또한 금융기관간의 건전한 경쟁을 촉진하고 금융업무의 효율성을 높이는 금융산업의 구조개선 범주에 속하는 것이라고 보아야 하고, 또한 부실금융기관의 정비에 대해서는 금산법 제3장에서 별도의 규정을 두고 있는 점에 비추어 볼 때 금산법이 반드시 정부의 지원을 받았거나 부실한 금융기관의 합병에만 적용되는 것으로 볼 수 없으므로, 이 사건 합병에도 위 법률이 적용된다 할 것이다.",
            "주주총회 7일전에 소집통지를 할 수 있도록 한 위 법률 제5조 제4항은 IMF 이후인 1998. 9. 14. 금융산업의 구조조정을 제도적으로 뒷받침하고자 금융기관의 합병 절차에 소요되는 기간을 단축하겠다는 취지로 신설된 규정이어서 이는 상법 제 363조 제1항에 우선하여 이 사건 합병에 적용된다 할 것이므로, 000이 이 사건 주주총회일 8일전인 2001. 9. 21. 그 소집통지를 한 것은 금산법 제5조 제4항에 따른 것으로 적법하다 할 것이다.",
            "다음으로, 금산법 부칙(제5549호, 1998. 9. 14.) 제2항에 의하면, 금융기관의 정관에 주주총회의 소집통지 시기에 대하여 위 법률 제5조 제4항과 달리 규정되어 있는 경우에는 위 법률규정에 의한다고 되어 있으므로, 이 사건 주주총회 소집통지에는 위 규정이 적용될 뿐, 000의 정관 규정은 적용되지 않는다 할 것이다.",
            "마지막으로, 주주총회 7일전까지 소집통지를 할 수 있도록 한 금산법 규정이 증권거래법(2002. 1. 26. 법 제6623호로 개정되기 전의 것, 이하 같다.)에 규정되어 있는 국내 실질주주의 000(이하 '000'이라고만 한다)에 대한 의결권행사여부에 대한 의사표시에 필요한 시일에 비추어 다소 촉박한 점은 있다.",
            "실질주주들이 2001. 9. 24.까지 000에 의사표시를 하는 것이 불가능한 것은 아니고, 또한 증권거래법 제174조의 6 제5항 제4호는 실질주주가 주주총회에서 의결권을 직접 또는 대리행사하는 경우 그 실질주주의 주식에 대해서는 000이 의결권을 행사하지 못하도록 규정하고 있다.",
            "설사 시일이 촉박하여 2001. 9. 24.까지 000에 의사표시를 하지 못한 실질주주가 있다고 하더라도 그 실질주주의 의결권행사가 봉쇄되는 것이 아니라 주주총회 당일 직접 혹은 대리인을 통하여 얼마든지 자신의 의결권을 행사할 수 있는 것이다.",
            "단지 주주총회 소집통지가 국내 실질주주의 000에 대한 의결권행사여부의 의사표시에 필요한 시일에 비추어 다소 촉박했다는 사정만으로 그 소집통지를 주주의 권리를 침해하는 위법한 소집통지라고 볼 수는 없다.",
            "위 인정사실만으로는 000측이 경찰병력을 동원하여 소액주주들의 주주총회장 입장을 불법적으로 저지하였다고 보기 어렵다.",
            "위 인정사실에 의하면 노동조합에서 그 소유 주식 13,214주에 대하여 1주씩의 참석장 9,000매를 노조원들에게 나누어주어 의결권을 행사하게 하는 것이 비록 상법에 보장된 의결권 불통일 행사의 한 가지 방법이다.",
            "노동조합 대표자가 주주총회에 참석해서 13,214주의 의결권에 대한 불통일 행사를 하면 충분한데도 9,000매의 참석장을 발급받아 그 참석장을 소지한 노조원들로 하여금 의결권을 행사하게 하겠다는 것은 실력으로 주주총회를 저지하겠다는 의도가 있었다고 볼 수 있다.",
            "000이 법원으로부터 주주총회개최 등 방해금지 가처분결정을 얻어 이 사건 주주총회 당일 주주총회장 입구를 봉쇄하고 노조원들의 입장을 저지한 것은 주주총회 개최 및 진행을 위한 적법한 조치라고 볼 수 있다.",
            "당심 증인 소외 00의 증언에 변론전체의 취지를 종합하면, 주주총회장에 입장한 주주나 대리인에 대하여 000이 그 자격을 확인하는 절차를 제대로 시행하지 않은 사실을 인정할 수 있다.",
            "갑가 36호증, 갑가 63호증의 6의 각 기재와 제1심 증인 소외 00, 소외 00의 각 증언 및 제1심 법원의 비디오테이프 검증결과에 의하면, 일부 주주, 대리인 및 주주총회 관계자가 000 측의 안내를 받아 별도의 통로를 통해 이 사건 주주총회장에 입장한 사실을 인정할 수 있다.",
            "이는 당시 위에서 본 바와 같이 주주들의 정상적인 주주총회장 입장이 불가능해 보이는 상황에서, 000측이 주주 혹은 대리인으로 확인되는 자와 주주총회 관계자를 주주총회장에 입장시켜 정상적인 주주총회를 진행하기 위하여 취한 불가피한 조치라고 볼 수 있다 할 것이다.",
            "결국 위 인정사실만으로는 주주들의 이 사건 주주총회장 입장과 관련하여 이 사건 합병을 무효로 할 만한 어떠한 하자가 존재한다고 볼 수는 없다.",
            "제1심 증인 소외 00, 소외 00의 각 증언과 변론 전체의 취지를 종합하면, 000은 이 사건 주주총회 전에 000의 의결권 행사분에 대한 의안별 찬, 반내역을 000측에 미리 통지한 사실, 000의 주주총회 담당자들은 업무적인 관계로 인해 소외 00이 000의 의결권행사를 담당하는 직원임을 그전부터 알고 있었던 사실을 인정할 수 있다.",
            "주주총회 당일 소외 00은 지참한 주주총회 관련서류를 000의 주주총회 실무담당자인 소외 00 대리에게 제출하여 외국인 실질주주 및 000 DR의 의결권을 행사할 수 있는 적법한 권리자임을 확인받은 사실, 소외 00이 주주총회장소로 입장할 무렵 피고 은행의 소외 00 대리가 소외 00으로부터 제출받은 위 서류를 누군가에게 탈취당하였던 사실을 인정할 수 있다.",
            "따라서 이 사건 주주총회 당일 000은 000의 의결권 행사분에 대하여 미리 000측에 통지한 내용대로 의결권을 행사할 것이 예정되어 있었던 것이다.",
            "소외 00이 그 의결권을 행사할 사람이라는 것은 000측에서 미리 알고 있었던 이상 비록 이 사건 주주총회 표결당시 소외 00이 제출한 의안에 대한 찬, 반내역이나 대리인 자격을 입증하는 서류 원본을 000이 탈취당하였다 하더라도 소외 00의 이 사건 주주총회 참석과 의결권 행사는 적법하다고 보아야 할 것이다.",
            "또한 소외 00이 합병계약 승인안 표결 과정에서 위임받은 반대의 의사표시를 별도로 하지 않았다고 하더라도, 앞서 본 것처럼 소외 00의 의결권 행사 내용은 미리 예정되어 있었고, 그 내용이 그대로 표결 결과에 반영된 이상, 소외 00은 주주들로부터 위임받은 대로의 의결권 행사를 적법하게 한 것이라고 보아야 할 것이다."
        ]
    },
    "close": {
        "cnclsns": [
            "원고의 이 사건 소 중 이사회결의 무효확인 청구부분은 부적법하여 이를 각하하고, 원고의 나머지 청구는 이유 없어 이를 각 기각하기로 할 것인바, 제1심 판결은 이와 결론을 같이하여 정당하므로 원고의 항소를 기각하기로 한다. "
        ]
    }
}