{
    "info": {
        "caseField": "1",
        "detailField": "1",
        "trailField": "2",
        "caseNm": "조합원명의변경절차이행,부동산매매계약해제확인등",
        "courtNm": "부산고법",
        "judmnAdjuDe": "2003. 10. 17.",
        "caseNo": "2003나6521",
        "relateLaword": [
            "민법 제450조",
            "주택건설촉진법 제44조의3 "
        ],
        "qotatPrcdnt": [
            "대법원 1995. 6. 30. 선고 95다10570 판결(공1995하, 2566)",
            "대법원 1988. 9. 27. 선고 87다카1029 판결(집36-2, 민164)",
            "대법원 2003. 2. 14. 선고 2002다23451 판결(공2003상, 797)"
        ]
    },
    "concerned": {
        "acusr": "2",
        "dedat": "1"
    },
    "org": {
        "orgJdgmnCourtNm": "부산지법",
        "orgJdgmnAdjuDe": "2003. 5. 1.",
        "orgJdgmnCaseNo": "2001가합16299, 2002가합22888"
    },
    "disposal": {
        "disposalform": "1",
        "disposalcontent": [
            "원고(반소피고)의 피고 000에 대한 소를 각하한다.",
            "피고(반소원고) 00은 원고(반소피고)로부터 4,250만 원을 지급받음과 동시에 원고(반소피고)에게 0000 27.11㎡에 관한 2001. 9. 1.자 매매계약에 기하여 위 0000에 해당하는 재건축 상가 등을 분양받을 피고 000의 조합원의 지위 중 1÷2 지분에 관하여 조합원명의변경절차를 이행한다.",
            "원고(반소피고)의 피고(반소원고) 00에 대한 나머지 본소청구를 기각한다.",
            "피고(반소원고)의 반소에 관한 항소를 기각한다.",
            "원고(반소피고)와 피고(반소원고) 00 사이의 본소에 관하여 생긴 소송총비용은 원고(반소피고)가 20%, 위 피고(반소원고)가 80%를 부담하고, 원고(반소피고)와 피고 구서주공아파트재건축조합 사이에 생긴 소송총비용은 모두 원고가 부담하며, 반소에 관한 항소비용은 피고(반소원고) 00의 부담으로 한다."
        ]
    },
    "mentionedItems": {
        "rqestObjet": [
            "피고 00은 원고에게 2001. 9. 1.자 매매계약을 원인으로 한 피고 000의 조합원명의변경절차를 이행한다.",
            "피고 000은 피고 00이 원고로부터 8,500만 원을 지급받는 것을 조건으로 원고에게 피고 이규옥으로 되어 있는 조합원 명의를 원고로 변경한다.",
            "제 1심판결 중 반소부분인 원고는 피고 00으로부터 3,400만 원을 수령함과 동시에 2001. 9. 1.자매매계약이 해제되었음을 확인하는 부분을 취소한다.",
            "피고 00은 원고로부터 8,500만 원을 지급받음과 동시에 원고에게 2001. 9. 1.자 매매계약을 원인으로 한 피고 000의 조합원명의변경절차를 이행한다.",
            "피고 000은 피고 00이 원고로부터 8,500만 원을 지급받는 것을 조건으로 원고에게 피고 00으로 되어 있는 조합원 명의를 원고로 변경한다.",
            "피고 00 제1심판결 중 본소에 관한 피고 00 패소부분을 취소하고, 원고의 그 부분 본소청구를 기각한다. ",
            "제1심판결 중 반소에 관한 부분을 취소하고, 반소청구취지와 같은 판결을구한다."
        ]
    },
    "assrs": {
        "acusrAssrs": [
            "원고는 피고 00에 대하여 위 조합원의 지위 전부에 관하여 원고 단독 명의로의 조합원명의변경을 구하고 있다.",
            "그 근거로는 하나의 주택 등을 2인 이상이 공유지분으로 공동소유하는 경우에는 취득시기에 관계없이 그 중 1인을 조합원으로 보며, 공유지분소유자는 소유자 중의 1인을 조합원으로 등록하여야 한다. 는 위 조합의 규정을 들고 있다.",
            "원고는 피고 00을 상대로 한 소송에서 승소하더라도 피고 조합이 명의변경절차에 응하지 않으면 결국 소송으로 그 절차이행을 구할 수밖에 없으므로 피고 00이 위 잔금을 수령할 것을 조건으로 하여 피고 조합을 상대로 한 이 사건 소는 적법하다고 주장한다."
        ],
        "dedatAssrs": [
            "피고 00은, 이 사건 건물의 매수인이 원고와 00이고, 조합원 자격은 건물 소유자에게 부여되는 것인데도 이 사건 건물 에 대한 매매계약만 체결한 상태에서 아직 그 소유권을 취득하지 못한 원고가 단독 명의로 청구취지 기재와 같은 판결을 구하는 것은 당사자적격이 없는 자의 제소에 해당한다고 주장한다.",
            "피고 00은, 원고가 재건축지연시에는 피고 00이 그에 따른 손해를 배상한다는 내용의 각서 등 계약과 무관한 요구를 하면서 잔금지급을 거절하여 위 피고는 2001. 11. 8. 이 사건 매매계약 제4조에 따라 계약금의 배액인 3,400만 원을 부산지방 법원에 공탁하고 이 사건 계약의 해제를 통지하여 이 사건 계약이 적법하게 해제되었으므로 원고의 청구에 응할 수 없다고 주장한다."
        ]
    },
    "facts": {
        "bsisFacts": [
            "피고 000(이하 피고 조합 이라 한다)은 피고 00 소유의 00000 27.11㎡(이하 이 사건 건물 이라 한다)가 포함된 0000 외 47필지 상의 00000 단지 내의 재건축사업을 위하여 주택건설촉진법에 의해 설립된 재건축조합으로서 2001. 5. 2. 부산 금정구청장으로부터 설립인가를 받았다.",
            "피고 조합 규약(을 23호증)에 따르면, 피고 조합의 조합원은 사업시행구역 안의 노후, 불량주택 또는 상가 등 복리시설의 소유자로서 재건축결의에 동의한 자로 하고(제8조 제1항), 하나의 주택 등을 2인 이상이 공유지분으로 공동소유하는 경우 에는 취득시기에 관계없이 그 중 1인을 조합원으로 본다.",
            "공유지분 소유자는 소유자 중의 1인을 조합원으로 등록하여야 한다 (제8조 제3항)고 되어 있는데, 피고 00은 당시 이 사건 건물의 소유자로서 피고 조합의 조합원이었다.",
            "원고와 원고의 이사 00는 위와 같은 아파트재건축에 관한 사항을 잘 알고 2001. 9. 1. 피고 00으로부터 이하 이 사건 건물을 대금 1억 7천만 원에 공동으로 매수함에 있어서, 당일 계약금 1,700만 원을 피고 00에게 지급하였고, 잔금 1억 5,300만 원은 2001. 10. 15. 지급하기로 약정하였다.",
            "그런데 위 잔금지급기일 이전에 미리 잔금지급 및 소유권이전등기절차를 마치는 문제와 관련하여 당사자 사이에 분쟁이 발생하는 바람에 잔금지급기일을 경과하고서도 매매계약이 정상적으로 이행되지 못하고 있던 중 재건축사업의 추진을 위한 피고 조합의 요청에 따라 피고 00은 2001. 10. 23. 피고 조합에게 이 사건 건물에 대하여 신탁을 원인으로 한 소유권이전등기를 경료하였다.",
            "피고 조합은 그 이후인 2002. 6. 21. 위 아파트재건축에 대한 사업계획승인을 받았으며, 위 재건축사업 시공을 맡은 000는 그 무렵부터 재건축 대상 건물의 철거를 시작함으로써 이 사건 건물은 2002. 7. 31. 멸실되고, 2002. 9. 2. 그에 관한 등기도 마쳐졌다."
        ]
    },
    "dcss": {
        "courtDcss": [
            "이 사건과 같은 이행의 소에 있어서는 권리자라고 주장하는 자가 원고적격을 가지는 것이므로 위 피고가 주장하는 사유는 본안에서 판단될 사항이라 할 것이다.",
            "이 사건 건물을 원고와 00가 동업체로서 매수하였다면 원고와 00가 공동으로 제소하는 필수적 공동소송의 형태가 되어야 할 것이나 원고와 00가 이 사건 건물을 동업체로서 매수한 것이 아니므로 위 피고의 위 항변은 이유 없다",
            "이 사건 건물에 대하여 위와 같은 매매계약이 체결된 것은 이 사건 건물을 취득하여 이를 이용하려고 한 것이 아니라 재건축 대상인 이 사건 건물을 매수하여 피고 조합의 조합원 자격을 새로이 취득하고 나아가 그 조합원의 지위에서 이 사건 건물에 대 응하여 부여되는 재건축 후의 새로운 건물에 대한 분양권을 취득하고자 한 것이었을 뿐만 아니라 이 점은 피고 00으로서도 잘 알고 있었던 것으로 인정된다.",
            "한편 그 조합원 자격취득의 전제가 되는 이 사건 건물 소유권은 피고 조합 앞으로 이 사건 건물에 관한 신탁등기가 마쳐된 시점 또는 늦어도 이 사건 건물이 멸실된 시점에 이르러 이 사건 건물에 대응하는 재건축 건물을 분양받을 수 있는 조합원의 권리로 잠정적으로 변환되었다고 할 것이다.",
            "피고 00은 이 사건 건물의 1÷2 지분 매수자로 판단되는(민법 제408조 참조) 원고에게 위 매매계약에 기하여 이 사건 건물에 해당하는 재건축 상가 등을 분양받을 피고 조합의 조합원의 지위 중 1÷2 지분에 관하여 조합원명의변경절차를 이행할 의무가 있다 할 것이다.",
            "원고는 피고 00에 대하여 위 조합원의 지위 전부에 관하여 원고 단독 명의로의 조합원명의변경을 구하고 있다.",
            "그 근거로는 하나의 주택 등을 2인 이상이 공유지분으로 공동소유하는 경우에는 취득시기에 관계없이 그 중 1인을 조합원으로 보며, 공유지분 소유자는 소유자 중의 1인을 조합원으로 등록하여야 한다. 는 위 조합의 규정을 들고 있다.",
            "그 근거로는 하나의 주택 등을 2인 이상이 공유지분으로 공동소유하는 경우에는 취득시기에 관계없이 그 중 1인을 조합원으로 보며, 공유지분 소유자는 소유자 중의 1인을 조합원으로 등록하여야 한다. 는 위 조합의 규정을 들고있다.",
            "이 규정은 재건축조합원 중 1주택을 2인 이상이 공유지분으로 소유하는 경우에는 이를 1조합원 으로 보며 1주택만 공급한다 는 주택건설촉진법 제43조의3 제6항에 근거한 것으로서 재건축조합과 그 조합원 사이의 법률관계를 간명하게 처리하여 재건축사업을 추진하는 재건축조합의 업무편의를 도모하기 위하여 마련된 것으로 해석된다.",
            "1주택을 공유하는 공유자들은 그들 상호간 의 내부적인 의사합치에 따라 그 중의 1인을 조합원으로 등록하면 되는 것이므로 위 인정 범위를 넘는 원고의 주장은 받아들일 수 없다.",
            "피고 00은 매매계약서상의 매수인 란에 매수인의 성명이 000 외 1명 으로 되어 있어 부동산매도용 인감증명서를 발급받을 수 없다는 이유로 잔금수령 을 거절하였고, 원고는 그 후 같은 해 11. 8.경까지 수차례 걸쳐 위 피고에게 잔금수령을 최고하였으나, 위 피고는 그 수령을 거절하여 온 사실을 인정할 수 있을 뿐이다.",
            "매도인의 소유 권이전등기의무와 매수인의 잔금지급의무가 동시이행의 관계에 있으므로 매수인이 적법하게 잔금을 제공할 때까지는 매도인이 계약금액의 배액을 배상하고 계약을 해제할 수 있는 권능을 가진다는 취지로 해석된다.",
            "매수인측에서는 잔금지급기일에 잔금 전액을 준비하여 이를 피고 00에게 제공하였으나 그가 정당한 이유 없이 그 수령을 거절하여 잔금의 지급이 이루어지지 않았던 것일 뿐이므로 계약해제에 관한 위 피고의 주장은 이유 없다.",
            "매매계약 당사자 쌍방의 의무는 특별한 사정이 없는 한 상호 동시이행의 관계에 있다 할 것이므로 위 피고의 원고에 대한 앞서 본 조합원명의변경절차이행의무와 원고의 잔금 7,650만 원(1억 5,300만 원×1÷2) 지급의무는 일단 동시이행의 관계에 있는 것으로 판단된다.",
            "데 위 피고는 이 사건 건물에 근저당권을 설정하고 000로부터 이주비 6,800만 원을 대출받았고, 한편 주택건설 촉진법 제44조의3 제5항에 의하면, 재건축대상인 노후,불량주택이나 그 대지에 설정된 저당권 등 등기된 권리는 주택건설사업 계획승인 이후에는 새로이 건설되는 주택이나 그 대지에 설정된 것으로 본다고 되어 있다.",
            "결국 이 사건 건물에 대한 위 근저당권은 위 피고가 위 이주비를 변제하지 않는 한 이 사건 건물에 대응하여 원고와 00가 분양받게 되는 재건축 건물에 대 한 근저당권으로 권리의 동일성이 유지된 채 확정적으로 변환되어 원고와 00가 그 부담을 안게 되는 것이다.",
            "원고는 위 이주비 상당의 잔대금 중 자신의 지분에 해당하는 3,400만 원 (6,800만 원×1÷2) 부분에 대하여는 그 지급을 거절할 수 있다고 할 것이다(원고는 잔금에서 이주비 전액이 공제되어야 한다고 주장하나 위 인정 범위를 초과하는 부분은 받아들이지 아니한다).",
            "따라서 위 피고의 동시이행항변은 결국 4,250만 원 (7,650만 원 ㅡ 3,400만 원)의 범위 내에서 이유 있다.",
            "위 피고는 앞서 본 바와 같은 계약해제를 주장하면서 원고에 대하여 반소청구취지와 같은 청구를 하고 있으나 이미 언급한 바 대로 위 계약해제가 효력을 발생할 수 없는 것으로 판단되므로 위 피고의 반소청구는 이유 없다.",
            "원고가 주장하는 피고 조합에 대한 청구는 장래의 조건이 성취되었을 때에 임의의 이행을 기대할 수 없어 미리 청 구할 필요가 인정되어야 하는데, 피고 조합에 대해서는 이러한 필요성을 인정할 증거가 없다. ",
            "오히려 이 사건 기록에 의하면, 피고 조합은 처음부터 답변서도 제출하지 아니한 채 원고의 청구를 전혀 다투지 않고 있는 것으로 일관되어 있어서 피고 조합으로서는 원고와 피고 00 사이의 분쟁이 종결되면 그 결과에 따라 조합원명의변경절차를 이행할 의사인 것으로 보인다."
        ]
    },
    "close": {
        "cnclsns": [
            "원고(반소피고)의 피고 000에 대한 소를 각하한다.",
            "피고(반소원고) 00은 원고(반소피고)로부터 4,250만 원을 지급받음과 동시에 원고(반소피고)에게 00000 27.11㎡에 관한 2001. 9. 1.자 매매계약에 기하여 위 107호에 해당하는 재건축 상가 등을 분양 받을 피고 000의 조합원의 지위 중 1÷2 지분에 관하여 조합원명의변경절차를 이행하라.",
            "원고(반소피고)의 피고(반소원고) 00에 대한 나머지 본소청구를 기각한다.",
            "피고(반소원고)의 반소에 관한 항소를 기각한다.",
            "원고(반소피고)와 피고(반소원고) 00 사이의 본소에 관하여 생긴 소송총비용은 원고(반소피고)가 20%, 위 피고(반소 원고)가 80%를 부담하고, 원고(반소피고)와 피고 000 사이에 생긴 소송총비용은 모두 원고가 부담하며, 반소에 관한 항소비용은 피고(반소원고) 00의 부담으로 한다"
        ]
    }
}