{
    "info": {
        "caseField": "1",
        "detailField": "1",
        "trailField": "2",
        "caseNm": "배당이의",
        "courtNm": "대전고등법원",
        "judmnAdjuDe": "2003. 12. 03.",
        "caseNo": "2003나3452",
        "relateLaword": [
            "농업협동조합법 제134조",
            "은행법 제5조",
            "농림수산업자신용보증법 제4조",
            "농림수산업자신용보증법 제5조",
            "농림수산업자신용보증법 제8조",
            "공장저당법 제7조",
            "농림수산업자신용보증법 제5조의2"
        ],
        "qotatPrcdnt": [
            "대법원 2000. 12.26. 선고 2000다56204 판결",
            "대법원 1999. 9. 3. 선고 98다40657 판결",
            "청주지방법원 2001타경12495호"
        ]
    },
    "concerned": {
        "acusr": "2",
        "dedat": "2"
    },
    "org": {
        "orgJdgmnCourtNm": "청주지방법원",
        "orgJdgmnAdjuDe": "2003. 4. 18. ",
        "orgJdgmnCaseNo": "2002가합1090"
    },
    "disposal": {
        "disposalform": "1",
        "disposalcontent": [
            "제1심판결을 다음과 같이 변경한다.",
            "청주지방법원 2001타경12495호 부동산임의경매사건에 관하여 위 법원이 2002. 4. 16. 작성한 배당표 중 피고에 대한 배당액 금 1,621,595,645원을 금 1,597,557,552원으로 감액하고, 원고에게 금 24,038,093원을 배당하는 것으로 경정한다.",
            "원고의 나머지 청구를 기각한다.",
            "소송총비용은 이를 10분하여 그 1은 피고의, 나머지는 원고의 각 부담으로 한다."
        ]
    },
    "mentionedItems": {
        "rqestObjet": [
            "제1심 판결을 취소한다.",
            "주문 제1의 가.항 기재 배당표 중 피고에 대한 배당액 금 1,621,595,645원을 금1,184,506,652원으로 감액하고, 원고에게 금 437,088,993원을 배당하는 것으로 경정한다."
        ]
    },
    "assrs": {
        "acusrAssrs": [
            "원고는 위 초과 배당액 금 530,800,773원에서 제3 근저당권자로서 금 167,561,643원을 배당받고, 차순위 근저당권자인 000이 배당받게 되는 금 93,711,780원을 공제한 나머지 금 269,527,350원( = 금 530,800,773원 - 금167,561,643원 - 금 93,711,780원)을 가압류권자로서 배당받아야 하므로, 주문 제1항 기재 배당표는 청구취지 기재와 같이경정되어야 한다.",
            "가사 피고와 기금이 별개의 권리,의무 주체가 아니라고 하더라도, 기금이 피고의 초정에 대한 2000. 5. 13.자 대출금채무를 대위변제한 이상 그 대출금채무는 소멸하고 피고는 구상금채권을 새로이 취득하였다고 보아야 할 것인바, 임의경매절차에서 신청채권자의 청구채권이 교환적으로 변경되었을 경우에는 변경된 채권으로 다시 배당요구를 하여야 하므로 이러한 절차를 거치지 아니한 피고는 소멸된 대출금채권에 대해 배당받을 수 없다.",
            "원고는 근저당권자인 000에게 배당할 금 93,711,780원을 제외한 나머지 금 63,449,818원( = 금157,161,598원 - 금 93,711,780원)을 가압류권자로서 배당받아야 한다."
        ],
        "dedatAssrs": []
    },
    "facts": {
        "bsisFacts": [
            "피고는 1995. 12. 28. 00와 사이에 00 소유의 별지 목록 제1 기재 부동산(이하 이 사건 토지라고 한다)에 관하여 채권최고액을 금 260,000,000원, 채무자를 00, 근저당권자를 피고로 하는 근저당권설정계약(이하 제1 근저당권설정계약이라고 한다)을 체결하고 그에 기한 근저당권설정등기를 마친 후, 같은 달 29. 제1 근저당권을 담보로 00에게 금200,000,000원을 대출하였다.",
            "피고는 1996. 11. 2. 00와 사이에 이 사건 토지에 관하여 채권최고액을 금 130,000,000원, 채무자를 00, 근저당권자를 피고로 하는 근저당권설정계약(이하 제2 근저당권설정계약이라고 한다)을 체결하고 그에 기한 근저당권설정등기를 마쳤다.",
            "나아가 피고는 같은 날 000과 사이에 000이 피고에 대하여 현재 및 장래에 부담하는 모든 채무를 담보하기 위하여 공장저당법에 의하여 이 사건 토지, 건물 및 기계, 기구에 관하여 채권최고액을 금 1,040,000,000원, 채무자를 000, 근저당권자를 피고로 하는 근저당권설정계약(이하 제3 근저당권설정계약이라고 한다)을 체결하고 그에 기한 근저당권설정등기를 마쳤다.",
            "피고는 1997. 5. 28. 000과 사이에 00 소유의 별지 목록 제3 기재 부동산(이하 이 사건 임야라고 한다)에 관하여 채권최고액을 금 260,000,000원, 채무자를 초정, 근저당권자를 피고로 하는 근저당권설정계약(이하 제4 근저당권이라고 한다)을체결하고 그에 기한 근저당권설정등기를 마쳤다.",
            "000은 1998. 9. 9. 00와 사이에 공장저당법에 의하여 이 사건 토지, 건물 및 기계, 기구에 관하여 채권최고액을 금 120,000,000원, 채무자를 00, 근저당권자를 000으로 하는 근저당권설정계약을 체결하고 그에기한 근저당권설정등기를 마친 후 차창회에게 금 70,000,000원을 대출하였다.",
            "피고는 000에게 1999. 12. 29. 금 300,000,000원을, 2000. 5. 13. 금 800,000,000원을, 2000. 9. 21. 금200,000,000원을 각 대출하였다.",
            "이 사건 토지, 건물 및 기계, 기구에 관하여 2000. 11. 2. 청구금액 금 755,000,000원, 채권자 원고로 된 가압류기입등기( 청주지방법원 2000카단9228)가, 2001. 5. 18. 청구금액 금 842,191,780원, 채권자 피고로 된 가압류기입등기( 청주지방법원2001카단3812)가 각 마쳐졌다.",
            "피고는 2001. 6. 11. 000이 대출금채무를 변제하지 않는다는 이유로 이 사건 토지와 건물, 기계, 기구 및 임야에 관하여 부동산임의경매를 신청하여 2001. 6. 18. 청주지방법원으로부터 2001타경12495호로 경매개시결정을 받았다."
        ]
    },
    "dcss": {
        "courtDcss": [
            "피고는 기금의 관리기관으로서의 업무를 수행하므로 기금의 신용보증으로 인하여 발생하는 권리,의무의 귀속주체가 된다고 할 것이므로, 이 사건에 있어서 피고가 보증기관인 동시에 금융대출기관이 되는 경우에는 채권자로서의 지위와 보증인으로서의 지위를 겸하게 되어 나중에 피고가 기금관리기관의 지위에서 대위변제를 하게 되면 채권금융기관으로서보유하고 있던 대출금 채권은 그 성질이 법정대위변제권자로서의 구상금 채권으로 변하여 그 동일성이 유지된다고 봄이 상당하다.",
            "기금이 피고에게 대위변제함으로써 피고의 초정에 대한 2000. 5. 13.자 대출금채권이 소멸하였음을 전제로 하는 원고의 위주장은 더 나아가 살필 필요 없이 이유 없다.",
            "피고가 기금관리기관의 지위에서 대위변제를 하게 되면 채권금융기관으로서 보유하고 있던 대출금채권은 그 성질만이 구상금채권으로 변할 뿐 초정에 대한 관계에서는 그 대출금채권이 소멸되었다고 볼 수 없음은 앞서 본 바와 같으므로, 원고의 위 주장역시 더 나아가 살필 필요 없이 이유 없다.",
            "채무인수인이 근저당권의 피담보채무만을 면책적으로 인수하고 이를 원인으로 하여 근저당권의 변경등기가 마쳐진 경우 특별한 사정이 없는 한 그 근저당권은 당초 채무자가 근저당권자에 대하여 부담하고 있는 것으로서 채무인수인이 인수한 채무만을담보하는 것이지 채무인수인이 그 후 다른 원인으로 부담하게 된 새로운 채무까지 담보한다고 볼 수 없다.",
            "000이 제1, 2 근저당권의 피담보채무인 차창회의 피고에 대한 대출금채무를 인수하고 이를 원인으로 근저당권변경등기를 마칠 당시, 000과 피고 사이에 000이 인수한 채무 외에 그 후 000이 피고에 대하여 부담하는 채무까지 위 각 근저당권으로 담보하기로 하는 특약이 있었다는 점에 부합하는 당심 증인 00의 증언은 믿기 어렵고, 달리 이를 인정할 증거가 없다.",
            "갑 제3호증의 10의 기재에 의하면, 000은 1997. 4. 16. 피고와 사이에 00가 피고에 대하여 부담하고 있는 대출금채무(확정채무)를 면책적으로 인수하고 제1, 2 근저당권의 채무자를 00에서 000으로 변경하기로 하는 근저당권변경계약을 체결하면서 위 각 근저당권이 담보하는 채무의 범위를 위 면책적 채무인수로 말미암아 000이 피고에 대하여 부담하는 채무로한정한 사실을 인정할 수 있다.",
            "000의 피고에 대한 채무 중 제1, 2 근저당권에 의하여 담보되는 채무는 000이 00로부터 인수한 금 164,434,047원의 채무에 한정된다.",
            "원고가 2001. 8. 31. 000의 피고에 대한 2000. 9. 21.자 대출금채무 중 금 167,561,643원을 피고에게 대위변제하고 피고로부터 일부 대위변제에 따른 제3 근저당권의 일부 이전의 부기등기를 경료받은 사실은 앞서 본 바와 같다.",
            "갑 제3호증의 41의 기재에 의하면, 원고는 피고와 사이에 위 근저당권이전계약을 체결하면서, 위 근저당권에 관하여 배당일 현재 피고의 잔존 채권을 우선 변제받기로 하고 잔여가 있을 경우에 한하여 위 대출금채무 중 각자의 비율대로 안분하여 변제받기로 약정한사실을 인정할 수 있다.",
            "원고는 위 근저당권이전계약에 따라 우선 배당권이 있는 피고가 자신의 대출금채권액 중 제3 근저당권의 채권최고액을 배당받음으로 인하여 제3 근저당권에 기하여는 배당받을 수 없게 되었으므로, 이 사건 토지, 건물 및 기계, 기구에 관하여 피고에이어 근저당권을 취득하고 위 배당기일에서 이의한 000이 그 피담보채무 상당액인 금 93,711,780원을 배당받아야 한다.",
            "이 사건 토지, 건물 및 기계, 기구의 매각대금 중 나머지 금 63,449,818원( = 금 157,161,598원 - 금93,711,780원)은 위 경매사건의 가압류권자로서 위 배당기일에서 이의한 원고 및 피고가 그 청구금액 또는 실제 채권액 비율로 안분하여 배당받아야 한다.",
            "원고가 2000. 11. 2. 청구금액을 금 755,000,000원으로 하여, 피고가 2001. 5. 18. 청구금액을 금 842,191,780원으로 하여 각 가압류를 한 사실, 원고는 경매법원에 가압류권자로서의 청구채권을 금513,671,621원으로 신고한 사실은 앞서 본 바와 같다.",
            "원고는 금 24,038,093원을 배당받아야 한다."
        ]
    },
    "close": {
        "cnclsns": [
            "제 1심판결을 다음과 같이 변경한다. 청주지방법원 2001타경12495호 부동산임의경매사건에 관하여 위 법원이 2002. 4. 16. 작성한 배당표 중 피고에 대한 배당액 금 1,621,595,645원을 금 1,597,557,552원으로 감액하고, 원고에게 금 24,038,093원을 배당하는 것으로 경정한다.",
            "원고의 나머지 청구를 기각한다.",
            "소송총비용은 이를 10분하여 그 1은 피고의, 나머지는 원고의 각 부담으로 한다."
        ]
    }
}