{
    "info": {
        "caseField": "1",
        "detailField": "1",
        "trailField": "1",
        "caseNm": "손해배상(기)",
        "courtNm": "대구지방법원 ",
        "judmnAdjuDe": "2006. 06. 27.",
        "caseNo": "2003가합16041",
        "relateLaword": [
            "민사소송법 제150조",
            "상법 제382조 ",
            "상법 제399조",
            "상법 제401조",
            "민법 제681조"
        ],
        "qotatPrcdnt": []
    },
    "concerned": {
        "acusr": "2",
        "dedat": "1"
    },
    "org": {
        "orgJdgmnCourtNm": "",
        "orgJdgmnAdjuDe": "",
        "orgJdgmnCaseNo": ""
    },
    "disposal": {
        "disposalform": "1",
        "disposalcontent": [
            "원고에게 1, 2는 각자 1,000,000,000원을, 3, 4, 5, 6, 7,은 1, 2와 연대하여 위 돈 중 각자 300,000,000원 및 이에 대하여 피고 1은 2004. 1. 4.부터, 피고 2, 3, 5는 2003. 12. 4.부터, 피고 4는 2003. 12. 5.부터, 피고 6은 2003. 12. 30.부터, 피고 7은 2003. 12. 3.부터 각 다 갚는 날까지 연 20%의 비율에 의한 돈을 지급한다.",
            "소송비용은 피고들의 부담으로 한다.",
            "제1항은 가집행할 수 있다."
        ]
    },
    "mentionedItems": {
        "rqestObjet": [
            "원고에게 1, 2는 각자 1,000,000,000원을, 3, 4, 5, 6, 7,은 1, 2와 연대하여 위 돈 중 각자 300,000,000원 및 이에 대하여 피고 1은 2004. 1. 4.부터, 피고 2, 3, 5는 2003. 12. 4.부터, 피고 4는 2003. 12. 5.부터, 피고 6은 2003. 12. 30.부터, 피고 7은 2003. 12. 3.부터 각 다 갚는 날까지 연 20%의 비율에 의한 돈을 지급한다.",
            "소송비용은 피고들의 부담으로 한다.",
            "제1항은 가집행할 수 있다."
        ]
    },
    "assrs": {
        "acusrAssrs": [],
        "dedatAssrs": [
            "피고 00는, 피고는 1994. 8.경 000의 대표이사였을 뿐, 원고의 대표이사로 재직한 사실이 없으므로 위 1.나.(1)항 비자금 조성에 대해 알지 못했고, 위 비자금 조성은 피고 00, 00 의 지시에 의해 이루어진 것일 뿐 피고는 관여하지 않았으므로 이로 인한 손해배상책임을 지지 아니한다고 주장한다.",
            "피고 00는, 피고는 전문경영인으로서 사주인 피고 00의 비자금 조성사실을 알지 못했던 이상 책임이 없다고 주장한다.",
            "피고 00은 위 1. 나.(2), (4), (5), (6) 각 항의 사실들에 대하여 보고 받은 바 없고, 비자금의 조성 및 사용과 허위 회계처리는 경리담당 임원과 피고 00이 직접 처리하는 이상 피고는 이를 알지 못했다고 주장한다.",
            "피고 00는 위 1. 나.(2)항의 비자금 차액만큼 금액을 회수한 사실은 있으나, 비자금에 대해서는 전혀 알지 못했고, (3)항에 대해서는 알지 못하며, (4)(5)(6) 항에 대해서는 비자금 조성 없이 지출되는 사채이자 등을 회계처리 할 방법이 없어 그와 같이 처리하였고, (7)항에 관해서는 000산업개발의 회계실무자에게 그러한 방법에 대한 의사를 전달한 사실만 있을 뿐이라고 주장한다.",
            "피고 00은, 피고는 자금 지출결정에 참여할 위치가 아니고 조직의 일원으로서 경리결산 담당상무인 피고 00의 지시에 따를 수밖에 없었다고 주장한다."
        ]
    },
    "facts": {
        "bsisFacts": [
            "다음 사실은 원고와 피고 00, 00 사이에서는 민사소송법 제150조 제3항 에 의하여 위 피고들이 이를 자백한 것으로 보고, 나머지 피고들과 사이에서는 당사자 사이에 다툼이 없거나, 갑 1호증 내지 11호증(각 가지번호포함)의 각 기재에 변론 전체의 취지를 종합하여 인정할 수 있고, 이에 반하는 갑 1호증의 3, 갑 2호증의 6, 갑 9호증의 2의 각 일부기재와 을나 1호증의 1, 2의 각 기재는 이를 믿지 아니한다.",
            "원고는 종합건설업 등을 영위하는 주식회사이고, 피고 00은 1973. 2. 5.부터 1998. 6. 24.까지 소위 000 회장으로서 그룹을 총괄하면서 재직한 자이며, 피고 00는 1997. 3. 14.부터 1998. 6. 17.까지 원고의 대표이사 및 그룹 부회장으로서 원고의 경영을 총괄하여 담당하였던 자이고, 피고 00은 1977. 1. 1.부터 1998. 6. 24.까지 원고의 대표이사로 재직한 자이다.",
            "피고 00는 1992. 12. 16.부터 1994. 11. 15.까지는 000 주택의 대표이사로, 같은 달 16.부터는 원고의 사장으로 재직하다 1995. 3.경 원고의 대표이사로 선출되었던 자이고, 피고 00는 1994. 3. 16.부터 1998. 5. 9.까지 자금 및 회계업무를 담당한 이사였으며, 피고 00은 1995. 12. 1.부터 1997. 12. 31.까지 자금 및 회계업무를 담당한 이사대우였다.",
            "피고 00은 1995. 10. 21.부터 1998. 6. 24.까지 원고 대표이사로서 경영을 총괄한 자였다.",
            "원고는 1994. 8. 16. 00000 신축공사의 형틀공사를 소외 000(이하 '소외 00 회사'라 한다)에 공사대금 4,119,700,000원으로 하도급하였다.",
            "그런데 피고 00, 00 는 비자금을 조성할 목적으로 위 소외 00 회사 와 공모하여 실제 공사비보다 과다 계상한 위 금액으로 위 계약을 체결하고 약속어음으로 결제한 뒤, 위 피고들이 만들어준 소외 00 회사 명의의 000 통장으로 1994. 8. 26., 같은 달 8. 31., 같은 해 9. 2. 3차례에 걸쳐 1,201,600,000원을 되돌려 받았다.",
            "피고들은 이 돈을 1994. 8. 29.부터 같은 해 9. 9.까지 7차례에 걸쳐 전액 출금, 피고 00에게 전달되도록 하여 원고에게 동액 상당의 손해를 입혔다.",
            "피고 00는 당시 000주택(이하 'OOO'이라 한다)의 대표이사로 재직 중이었으나, 사실상 원고의 서울지역 사장 역할을 하였고, 위 하도급계약도 피고 00의 최종결제를 받아 체결되었다.",
            "원고는 1996. 12. 27.경 분당 00000 신축공사를 소외 000(이하 '소외 00 회사'라 한다)에 하도급 하였다가 계약을 변경하여 1997. 8. 14. 공사대금 3,512,300,000으로 최종 계약을 체결하고, 약속어음과 당좌예금 인출로 위 금액을 소외 00 회사 에 지급하였다.",
            "원고는 1997. 8. 25.경 00000 신축공사를 소외 00 회사 에 계약금액 11,286,000,000원으로 하도급하고, 위와 같은 방법으로 대금을 지급하였다.",
            "그런데, 피고 00, 00,3,5 는 비자금을 조성할 목적으로 실제 공사비보다 과다 계상하여 위 하도급 계약들을 체결한 것으로, 소외 00 회사 에게 지급한 약속어음중 어음금액 3억 원 2매와 4억 원 1매 합계 10억 원이 1997. 10. 31. 000 0000을 통하여 추심결제되자 같은 해 11. 10.경 소외 00 회사 직원 소외 00과장에게 현금으로 받아 원고 비서실 소외 00 상무를 통하여 피고 00에게 전달되게 하였다.",
            "1997. 11. 25. 위 000 지점을 통하여 추심 결제된 어음금중 10억 원 상당을 피고 00에게 전달되도록 하여 원고에게 20억 원 상당의 손해를 입혔다.",
            "원고는 1997. 7.2.경 000로부터 금 1,700,000,000원을 이자 연12%, 변제기를 1997. 11. 28.으로 정하여 차용하기로 하는 금전소비대차계약을 체결하였다.",
            "000 발행의 동액 상당의 당좌수표를 지급받았으며, 이를 변제하기 위하여 1997. 12. 3.경 000에게 소외 회사 소유의 000 보통주 180,000주를 금 1,796,071,232원에 매각하고, 당일 위 000에게 위 대여금 1,700,000,000원과 이자 금 86,071,232원을 변제하였다.",
            "그런데, 피고 00, 00 는 위와 같이 000로부터 차입한 금원을 원고에게 입금하지 않았음에도 정상적으로 입금한 것처럼 허위로 장부를 기재한 후 피고 00에게 교부하여, 원고에게 위 차용 원리금 1,786,071,232원 상당의 손해를 입혔다.",
            "피고 00, 00,5,6 은 회사 자금을 피고 00 개인 가지급금의 정리 및 000의 조합장에 대한 비자금의 제공 등에 사용한 후, 자금의 부족을 은폐하기 위하여 1996. 7. 3.부터 1996. 12. 26.까지 실제로는 대여한 사실이 없음에도 불구하고 6,500,000,000원 상당을 000의 조합원들에게 이주비로 대여하는 것처럼 회계처리토록 하여, 원고에게 동액 상당의 손해를 입혔다.",
            "피고 00, 00,3 및 피고 00는 1997년도에 지출된 피고 00의 비자금과 사업상 지출된 비자금의 정리 및 피고 00 개인 명의의 부동산 구입(서울 명동 소재 OOOOO 등)등을 위하여 회사 자금을 무단 횡령하였다.",
            "이와 같이 횡령한 자금의 부족을 은폐하기 위하여 1997. 3. 28.부터 1997. 12. 24.까지 실제로 대여한 사실이 없음에도 000에 사업비 8,416,158,948원을 대여한 것처럼 허위로 회계 처리하도록 업무를 집행하여, 원고에게 동액 상당의 손해를 입혔다.",
            "피고 00, 00,3,5 는 피고 00 회장 개인의 가지급금 정리, 000의 조합장에 대한 비자금 제공 및 비자금 조성목적으로 차입한 사채의 변제 등을 위해 회사 자금을 횡령하였다.",
            "그 후 이와 같이 횡령한 자금의 부족을 은폐하기 위하여 1997. 12. 9.부터 1998. 5. 26.까지 실제로 대여한 사실이 없음에도 불구하고 000에 사업비 8,337,000,000원 상당을 대여한 것처럼 허위로 회계 처리 하도록 업무를 집행하여, 원고에게 동액 상당의 손해를 입혔다."
        ]
    },
    "dcss": {
        "courtDcss": [
            "이사는 회사에 대하여 선량한 관리자의 주의로써 그 직무를 수행해야 하고(상법 제382조 제2항, 민법 제681조), 이사가 법령 또는 정관에 위반한 행위를 하거나 그 임무를 게을리 한 때에는 그 이사는 회사에 대하여 연대하여 손해를 배상할 책임이 있다.",
            "또한 이사는 이사회의 일원으로서 이사회에 상정된 의안에 대하여 찬부의 의사표시를 하는 데에 그치지 않고, 담당업무는 물론 다른 업무담당이사의 업무집행을 전반적으로 감시할 의무가 있으므로, 주식회사의 이사가 다른 업무담당이사의 업무집행이 위법하다고 의심할 만한 사유가 있음에도 불구하고 이를 방치한 때에는 이로 말미암아 회사가 입은 손해에 대하여 배상책임을 면할 수 없다.",
            "그리고, 이사가 아니면서 명예회장, 회장, 사장, 부사장, 전무, 상무, 이사 기타 회사의 업무를 집행할 권한이 있는 것으로 인정될 만한 명칭을 사용하여 회사의 업무를 집행한 자도 이사와 마찬가지로 회사에 대하여 손해를 배상할 책임이 있다.(상법 제401조의 2 제1항)",
            "이 사건에 관하여 보건대, 원고의 회장, 사장, 대표이사 및 이사였던 피고들은 위 인정사실에 나타난 바와 같이 원고 회사자금의 횡령과 비자금 조성에 직접적으로 관여하였거나, 그렇지 않다 하더라도 이를 방임 내지 방관하였다고 인정된다.",
            "이와 같은 피고들의 행위는 법령에 위반하여 그 임무를 해태한 행위로서 피고들은 상법 제399조 제1항, 제401조의 2 제1항, 제2항 에 따라 연대하여 원고에게 피고들의 위 1.나.항의 각 행위로 인한 손해를 배상할 책임이 있다.",
            "원고에 대한 구상금 채권 951,041,465원으로 피고의 손해배상액과 대등액에서 상계한다고 항변한다.",
            "먼저 피고가 위 1.나.(1)항의 비자금 조성에 관여하지 않았다는 주장에 관해 보면, 갑 1호증의 2내지 6, 갑 2호증의 6의 각 기재, 변론 전체의 취지에 의하면 피고는 위 비자금 조성 당시 000의 대표이사로 재직하였을 뿐, 원고의 대표이사나 이사로 재직하지는 않았다.",
            "000의 대표이사 업무를 하면서 원고의 서울지역 건설부문 업무를 총괄하고 실질적으로 원고의 서울지역 사장 업무를 하였던 사실 및 위 1.나.(1)항의 하도급계약의 결제선상에 있었던 사실을 인정할 수 있고, 이에 반하는 갑 1호증의 3, 갑 2호증의 6의 각 일부기재는 이를 믿지 아니한다.",
            "갑 1호증의 6, 갑 1호증의 2, 갑 9호증의 3의 각 일부기재와 을라 1호증의 기재만으로는 위 인정을 뒤집기에 부족한 바, 이러한 사실에 비추어 보면, 피고가 위 비자금 조성에 적극적으로 관여하지는 않았다 하더라도, 이를 알지 못했다고 보기는 어려우므로 피고의 위 주장은 이유없다.",
            "두 번째로 피고의 상계항변에 관해 보면, 채무가 고의의 불법행위로 생긴 것인 때에는 그 채무자는 상계로 채권자에게 대항하지 못하는 바, 피고는 위 비자금 조성에 적극적으로 관여하지 않았다 하여도 이를 알고 있었던 이상, 피고는 고의의 불법행위자로서 원고의 손해배상청구권을 수동채권으로 하여 상계하는 것이 금지된다.",
            "따라서 피고의 상계항변은 더 나아가 살필 필요 없이 이유없다.",
            "그러나, 위 가.항에서 본바와 같이, 주식회사의 이사는 이사회의 일원으로서 이사회에 상정된 의안에 대하여 찬부의 의사표시를 하는 데에 그치지 않고, 담당업무는 물론 다른 업무담당이사의 업무집행을 전반적으로 감시할 의무가 있다.",
            "주식회사의 이사가 다른 업무담당이사의 업무집행이 위법하다고 의심할 만한 사유가 있음에도 불구하고 이를 방치한 때에는 이로 말미암아 회사가 입은 손해에 대하여 배상책임을 면할 수 없다.",
            "이와 같은 의무를 다하지 못하여 피고 00 등의 위 횡령 및 비자금 조성을 알지 못하였거나 회사 자금 횡령 또는 허위 회계처리의 부정한 지시에 따른 이상, 피고들이 위 비자금 조성사실을 알지 못하였거나 지시에 따른 것이라 하여 그 책임이 면제된다고 할 수 없다. ",
            "따라서, 피고들의 위 주장은 더 나아가 살필 필요 없이 이유없다."
        ]
    },
    "close": {
        "cnclsns": [
            "그렇다면, 원고의 이 사건 청구는 모두 이유 있어 인용한다."
        ]
    }
}