{
    "info": {
        "caseField": "1",
        "detailField": "1",
        "trailField": "1",
        "caseNm": "부당이득금반환",
        "courtNm": "서울지법 의정부지원",
        "judmnAdjuDe": "2003. 12. 11.",
        "caseNo": "2003가합1332",
        "relateLaword": [
            "민법 제741조",
            "부동산실권리자명의등기에관한법률 제4조"
        ],
        "qotatPrcdnt": []
    },
    "concerned": {
        "acusr": "2",
        "dedat": "1"
    },
    "org": {
        "orgJdgmnCourtNm": "",
        "orgJdgmnAdjuDe": "",
        "orgJdgmnCaseNo": ""
    },
    "disposal": {
        "disposalform": "10",
        "disposalcontent": [
            "원고의 이 사건 청구를 기각한다.",
            "소송비용은 원고의 부담으로 한다."
        ]
    },
    "mentionedItems": {
        "rqestObjet": [
            "피고는 원고에게 1,100,000,000원 및 이에 대하여 이 사건 소장부본 송달 익일부터 이 판결 선고일까지는 연 5%, 그다음날부터 다 갚는 날까지는 연 25%의 각 비율에 의한 금원을 지급한다."
        ]
    },
    "assrs": {
        "acusrAssrs": [
            "원고는 이 사건 청구원인으로, 위와 같이 소외 금고가 피고를 상대로 제기한 소유권이전등기말소청구소송에서 이 사건 명의신탁약정 및 이에 기하여 이 사건 부동산에 관하여 경료된 피고 명의의 소유권이전등기가 무효라는 이유로 피고는 소외 금고로부터1,100,000,000원을 지급받음과 동시에 이 사건 부동산에 관한 소유권이전등기의 말소등기절차를 이행하라는 내용의 판결이 확정되었다.",
            "피고는 소외 1에게 이 사건 부동산의 매수자금으로 제공받은 1,100,000,000원을 부당이득으로서 반환할 의무가 있다 할 것이다.",
            "한편 앞서 인정한 바와 같이 원고는 소외 금고로부터 소외 금고의 소외 1에 대한 불법행위로 인한 손해배상채권을 양수하였으며 소외 1은 이 사건 변론종결일 당시 무자력 상태이므로, 원고는 소외 1에 대한 위 양수금채권을 보전하기 위하여 소외 1을 대위하여 피고에 대하여 위 1,100,000,000원 및 이에 대한 지연손해금의 지급을 구한다고 주장한다."
        ],
        "dedatAssrs": [
            "이에 대하여 피고는 소외 1에 대하여 이 사건 부동산에 관한 매수인 명의를 대여한 것이 아니라 실제로 소외 금고로부터 이 사건 부동산을 매수하였고, 그 대금 중 600,000,000원은 피고의 자금으로, 나머지 500,000,000원은 소외 3, 4로부터 각 차용하여 지급하였으므로 소외 1에 대하여 위 매매대금 상당의 부당이득반환채무가 없다고 다툰다."
        ]
    },
    "facts": {
        "bsisFacts": [
            "다음 각 사실은 당사자 사이에 다툼이 없거나, 갑 제1호증, 갑 제2호증의 1 내지 7, 갑 제3호증의 1, 2, 갑 제4호증, 갑 제5호증의1, 2, 갑 제6호증, 을 제1호증의 1 내지 3, 7 내지 15의 각 기재에 변론의 전취지를 종합하면 이를 인정할 수 있고, 이에 반하는 을 제1호증의 4 내지 6의 각 기재는 믿지 아니하며 달리 반증이 없다.",
            "소외 주식회사 000(이하 '소외 금고' 라고 한다)는 구 000법(2001. 3. 28. 법률 제6429호 OOO법 으로 개정되기 전의 것)에 기하여 서민과 소규모 기업의 금융편의를 도모하기 위하여 상호신용계 업무, 신용부금 업무, 예금및 적금의 수신 업무, 소액 신용대출, 어음할인 등을 영위할 목적으로 설립된 회사이다.",
            "원고는 예금자보호법에 의한 예금보호제도 등을 효율적으로 운영하기 위하여 위 법률 제3조에 의하여 설립된 무자본특수법인이다.",
            "소외 1은 1971. 6. 10. 소외 금고를 설립할 당시부터 총 주식의 30%를 보유한 최대주주 겸 대표이사로서 소외 금고를 경영하다가 1998. 6. 30. 대표이사에서 퇴임한 후에도 회장 직함을 가지고 소외 금고의 경영에 관여하였고, 피고는 소외 1의 매제이다.",
            "소외 금고는 소위 IMF 사태를 거치면서 대출금 회수에 곤란을 겪게 되고, 그로 인하여 부실이 심화되어 자본이 급격히 잠식되어 결국, 유동성 위기에 몰려 고객예탁금 부족으로 고객들의 예탁금을 제때 지급하지 못하는 상황에 처하게 되었다.",
            "2000. 6.15. 경에는 금융감독위원회로부터 업무정지 및 경영관리명령을 받고 위 위원회에서 선임된 관리인에 의한 관리를 받다가 같은해 11. 11. 구 000법 제21조 제4호에 의하여 해산되었다."
        ]
    },
    "dcss": {
        "courtDcss": [
            "그러므로 살피건대, 소외 1이 피고와 사이에 이 사건 명의신탁약정을 체결하고 피고를 계약당사자로 하여 위와 같은 명의신탁약정사실을 잘 알고 있는 소외 금고로부터 이 사건 부동산을 매수하여 피고 명의의 소유권이전등기를 경료한 사실은 앞서 인정한 바와 같으나, 과연 원고의 주장과 같이 소외 1이 피고에 대하여 이 사건 부동산 매매대금 상당의 부당이득반환채권을 갖는지 여부에 관하여 볼 수 있다.",
            "이 사건 부동산 매매대금 상당의 금원은 소외 1, 피고 및 소외 금고의 3자간 합의에 따라 소외 1로부터 단지 피고를 경유하여 소외 금고에게 지급된 것이다.",
            "그러므로 앞서 본 바와 같이 이 사건 매매계약이 무효가 되어 피고가 이 사건 부동산을 매도인인 소외 금고에게 반환할 의무를 지고 그 대신 소외 금고로부터 이 사건 부동산 매매대금 상당을 반환받을 권리를 갖는다 하더라도 곧바로 소외 1에게 피고에 대한 무조건적인 이 사건 부동산 매매대금 상당의 부당이득반환채권이 발생한다고 볼 수는 없다.",
            "오히려 소외 1은 피고가 소외 금고로부터 이 사건 부동산 매매대금을 반환받는 것을 정지조건으로 피고에 대하여 그 반환받은 매매대금의 지급을 구하거나 또는 피고가 소외 금고에 대하여 갖는 이 사건 부동산 매매대금 반환채권 그 자체를 부당이득으로서 그 반환을 구할 수 있을 뿐이라고 봄이 당사자의 의사에도 합치된다 할 것이다.",
            "또한, 위와 같이 해석하여야만 단지 매수인 명의만을 대여한 피고에게 전혀 예상하지 못한 부담을 지우게 되는 결과를 피할 수 있다 할 것이다.",
            "그런데 피고가 소외 금고로부터 이 사건 부동산 매매대금을 반환받았음을 인정할 아무런 증거가 없으므로 소외 1은 피고에 대하여이 사건 부동산 매매대금 상당의 지급을 구할 부당이득반환채권을 갖고 있다고 할 수 없고, 따라서 소외 1이 피고에 대하여 이사건 부동산 매매대금 상당의 부당이득반환채권을 가짐을 전제로 한 원고의 이 사건 청구는 이유 없다 할 것이다."
        ]
    },
    "close": {
        "cnclsns": [
            "원고의 이 사건 청구를 기각한다.",
            "소송비용은 원고의 부담으로 한다."
        ]
    }
}