{
    "info": {
        "caseField": "1",
        "detailField": "1",
        "trailField": "1",
        "caseNm": "손해배상(기)",
        "courtNm": "서울중앙지법",
        "judmnAdjuDe": "2006. 06. 23.",
        "caseNo": "2003가합58978",
        "relateLaword": [
            "개정된 국제항공운송에 있어서의 일부 규칙의 통일에 관한 협약(개정 바르샤바협약) 제1조",
            "개정된 국제항공운송에 있어서의 일부 규칙의 통일에 관한 협약(개정 바르샤바협약) 제22조",
            "개정된 국제항공운송에 있어서의 일부 규칙의 통일에 관한 협약(개정 바르샤바협약) 제25조"
        ],
        "qotatPrcdnt": [
            "대법원 1986. 7. 22. 선고 82다카1372 판결",
            "대법원 1994. 9. 9. 선고 94다28536 판결",
            "대법원 1994. 9. 9. 선고 94다28536 판결"
        ]
    },
    "concerned": {
        "acusr": "1",
        "dedat": "2"
    },
    "org": {
        "orgJdgmnCourtNm": "",
        "orgJdgmnAdjuDe": "",
        "orgJdgmnCaseNo": ""
    },
    "disposal": {
        "disposalform": "1",
        "disposalcontent": [
            "피고는 원고 원고 1에게 210,288,507원, 원고 2, 3, 4에게 각 133,192,338원, 원고 5에게 232,789,260원, 원고 6, 7에게 각 150,692,840원, 원고 8에게 72,048,241원, 원고 9, 10, 11에게 각 41,032,161원 및 위 각 돈에 대하여 2002. 4. 15.부터 2006. 6. 23.까지는 연 5%의, 그 다음날부터 다 갚는 날까지는 연 20%의 각 비율로 계산한 돈을 지급한다.",
            "원고들의 각 나머지 청구를 기각한다.",
            "소송비용 중 60%는 원고들이, 나머지는 피고가 각 부담한다.",
            "제1항은 가집행할 수 있다."
        ]
    },
    "mentionedItems": {
        "rqestObjet": [
            "피고는 원고 1에게 452,739,177원, 원고 2, 3, 4에게 각 301,826,118원, 원고 5에게 471,813,792원, 원고 6, 7에게 각 314,542,529원, 원고 8에게 201,786,482원, 원고 9, 10, 11에게 각 134,524,321원 및 각 금원에 대하여 2002. 4. 15.부터 이 사건 청구취지 확장신청서 부본 송달일까지는 연 6%, 그 다음날부터 다 갚는 날까지는 연 20%의 각 비율에 의한 금원을 지급한다."
        ]
    },
    "assrs": {
        "acusrAssrs": [
            "원고들은, 이 사건 사고는 피고의 고용인 또는 대리인이 가해할 의사로써 또는 무모하게 그리고 손해가 아마 발생할 것이라는 인식으로써 행한(done with intent to cause damage or recklessly and with knowledge that damage would probably result) 작위나 부작위로 인하여 발생하였다고 주장한다.",
            "피고 주장의 책임제한규정은 적용이 배제되고, 따라서 피고는 이 사건 사고로 인하여 원고들이 입은 모든 손해를 배상하여야 한다고 주장한다. "
        ],
        "dedatAssrs": [
            "피고는, 개정 바르샤바협약 제22조 제1항이 승객 운송에 있어서는 각 승객에 대한 운송인의 책임을 250,000 프랑스 골드 프랑(이하 '프랑'이라고만 한다)의 액을 한도로 한다고 규정하여 항공운송인의 책임을 제한하고 있으므로, 피고의 책임은 위 책임제한금액에 한정되어야 한다고 주장한다."
        ]
    },
    "facts": {
        "bsisFacts": [
            "피고는 대한민국에 영업소를 두고 있는 중화인민공화국의 법인으로서 보잉 767-200 기종 129편 항공기(이하 이 사건 항공기 라 한다)의 항공운송인이고, 망 소외 00, 00,3(이하 '이 사건 사망자들'이라 한다)은 피고와 출발지를 중화인민공화국의 베이징, 도착지를 대한민국 부산으로 하는 항공운송계약을 체결하고 이 사건 항공기에 탑승한 자들이다. ",
            "이 사건 항공기는 2002. 4. 15. 08:40 중국 베이징을 출발하여 같은 날 11:23 경 대한민국 김해공항에 착륙을 시도하였다.",
            "그런데 항공기의 꼬리 부분에서 부는 바람(배풍)의 강도가 커서 선회비행을 할 경우에는 선회비행의 원칙상 활주로가 육안으로 보이지 아니하면 즉시 선회비행을 중단하고 고도를 높여야 함에도 불구하고, 만연히 선회비행을 계속하다가 활주로 18R 시단으로부터 북쪽 4.6km지점인 김해공항 부근 0000 소재 돗대산 중턱(표고 204m)에 부딪혀 추락하였다.",
            "이 사건 사망자들은 모두 이 사건 사고로 인하여 사망하였는데, 원고 원고1은 망 소외 00의 처, 원고 00,3 은 망 소외 00의 자녀들이고, 원고 00는 망 2의 처, 원고 00,7은 망 2의 자녀들이며, 원고 00은 망3의 처, 원고 00,10,11은 망3의 자녀들로서 각 망인의 재산을 상속하였다."
        ]
    },
    "dcss": {
        "courtDcss": [
            "이 사건 당시 이 사건 항공기의 기장 등은 기상 상태의 불량으로 인하여 3선회 및 4선회를 실시하면서 활주로를 지속적으로 확인할 수 없던 중 구름을 통과하게 되면서 더욱 더 전방의 시야를 충분히 확보할 수 없게 되었을 것으로 보인다.",
            "많은 수의 승객이 탑승한 항공기의 안전운항과 관련한 모든 사항에 대하여 절대적인 권한과 책임을 지고 승무원들을 지휘, 감독하는 지위에 있는 이 사건 항공기의 기장 및 그러한 기장의 업무를 보조하는 지위에 있는 제1, 2부조종사에게는 선회접근 방식에 따른 절차와 조건을 수집 가능한 정보와 면밀하게 비교, 검토하여 사고기의 현재 위치와 경로를 파악하고 신속하게 복행하는 절차 등을 취함으로써 충돌사고를 막아야 할 업무상의 주의의무가 있다.",
            "그러나 위 인정 사실에 의하면, 이 사건 항공기의 기장 등은 사고기의 위치와 경로에 대하여 아무런 문제 제기나 토의를 하지 않은 채 선회 접근과 과련된 대형항공기의 착륙기상 최저치를 숙지하지 못하고 선회접근을 실시하고, 관제탑과의 통신도 원활히 하지 못한 상태에서 활주로 18R의 선회접근을 실시하는 동안 배풍경로에서 김해공항 선회접근범주 C 등급의 최대속도인 140노트를 초과하여 150~160 노트로 비행하였다.",
            "배풍경로 폭은 정상보다 좁았으나 적절한 수정조치를 하지 않은 채 상황인식을 상실하여 기장은 의도했던 시기에 3선회를 실시하지 못하고 선회접근 구역을 벗어났으며(기장 및 제1부조종사는 의도했던 시기에 3선회를 실시하지 못한 사실을 인식하였다.), 활주로 18R로의 선회접근 중 활주로를 시야에서 잃어버렸을 때 즉시 복행하여야 한다는 규정을 지키지 않은 채 장애물을 발견한 후에야 뒤늦게 기기를 조작함으로써 공항 인근의 높은 지형장애물(산)에 충돌하였다.",
            "당시, 제1, 2부조종사도 시각측정의 완료시점에 대한 확인 및 활주로 또는 시각참조물 등이 시야에서 보이지 않았을 때 기장에게 미리 복행하라는 적극적인 조언을 하지 않았고, 이에 대한 문제 제기도 없었으며, 기장은 제1부조종사가 복행할 것을 권고했을 때조차도 즉시 적극적으로 복행을 하는 조작을 하지 않았다.",
            "선회접근과 착륙에 있어서 정확한 지시속도 및 고도의 유지, 계속적인 시각참조물의 확인, 시기적절한 3선회 등이 그 필수적인 조건들이라는 점에 비추어 볼 때 위와 같은 기장 등의 행위는 단순한 과실을 넘어 무모하게 그리고 손해가 아마 발생할 것이라는 인식으로써 행하여진 것 으로 평가된다."
        ]
    },
    "close": {
        "cnclsns": [
            "피고는 원고 00에게 210,288,507원, 원고 00,3,4에게 각 133,192,338원, 원고 00에게232,789,260원, 원고 00,7에게 각 150,692,840원, 원고 00에게 72,048,241원, 원고 00,10,11에게 각 41,032,161원 및 위 각 돈에 대하여 2002. 4. 15.부터 2006. 6. 23.까지는 연 5%의, 그 다음날부터 다 갚는 날까지는 연 20%의 비율로 계산한 돈을 지급한다.",
            "소송비용 중 60%는 원고들이, 나머지는 피고가 각 부담한다. ",
            "원고들의 각 나머지 청구를 기각한다.",
            "제1항은 가집행할 수 있다. "
        ]
    }
}