{
    "info": {
        "caseField": "1",
        "detailField": "1",
        "trailField": "1",
        "caseNm": "하자보증금",
        "courtNm": "창원지방법원",
        "judmnAdjuDe": "2005. 10. 20.",
        "caseNo": "2003가합3133",
        "relateLaword": [
            "집합건물의 소유 및 관리에 관한 법률 제9조",
            "집합건물의 소유 및 관리에 관한 법률 제16조",
            "민법 제667조",
            "집합건물의 소유 및 관리에 관한 법률 제41조",
            "집합건물의 소유 및 관리에 관한 법률 제2조",
            "집합건물의 소유 및 관리에 관한 법률 제9조",
            "집합건물의 소유 및 관리에 관한 법률 제16조",
            "집합건물의 소유 및 관리에 관한 법률 제38조"
        ],
        "qotatPrcdnt": []
    },
    "concerned": {
        "acusr": "2",
        "dedat": "법인 외 1인"
    },
    "org": {
        "orgJdgmnCourtNm": "",
        "orgJdgmnAdjuDe": "",
        "orgJdgmnCaseNo": ""
    },
    "disposal": {
        "disposalform": "1",
        "disposalcontent": [
            "원고에게 피고 000은 1,332,147,469원 및 이에 대한 2005. 5. 13.부터 2005. 10. 20.까지 연 5%, 그 다음날부터 다 갚는 날까지 연 20% 각 비율에 의한 금원을 각 비율에 의한 금원을 각 지급한다.",
            "원고에게  피고 000는 피고 000과 각자 위 금원 중 1,227,226,305원 및 이에 대한 2005. 5.13.부터 2005. 10. 20.까지 연 5%, 그 다음날부터 다 갚는 날까지 연 20% 각 비율에 의한 금원을 각 지급한다",
            "원고의 피고 000에 대한 나머지 청구를 기각한다.",
            "소송비용 중 10%는 원고가, 나머지는 피고들이 각 부담한다.",
            "제1항은 가집행할 수 있다."
        ]
    },
    "mentionedItems": {
        "rqestObjet": [
            "원고에게, 피고000은 1,385,139,578원 및 이에 대한 이 사건 2005. 4. 2.자 청구취지 및 청구원인 변경신청서 부본 송달 다음날부터 이 판결선고일까지 연 5%, 그 다음날부터 다 갚는 날까지 연 20%의 각 비율에 의한 금원을 각 지급한다",
            "원고에게, 피고000는 피고000과 연대하여 위 금원 중 1,227,226,305원 및 이에 대한 이 사건 2005. 4. 2.자청구취지 및 청구원인 변경신청서 부본 송달 다음날부터 이 판결선고일까지 연 5%, 그 다음날부터 다 갚는 날까지 연 20%의 각 비율에 의한 금원을 지급한다."
        ]
    },
    "assrs": {
        "acusrAssrs": [],
        "dedatAssrs": [
            "피고들은, 원고는 피고 000에 구체적인 하자의 내역을 적시하며 그 보수를 요청하여 피고 000과 사이에 피고 000이 그 하자를 보수하면 피고 000의 하자보수의무를 종결시키고 이에 대하여 민·형사상 이의를 제기하지 않기로 합의하였는데, 피고 000이 위 합의에 따라 하자보수를 완료하고 하자보수완료확인을 받았다고 주장한다.",
            "그러므로 위 합의에 위반하여 제기한 이사건 소는 위와 같은 부제소 합의에 위반하여 제기된 것으로 부적법하거나, 피고들의 손해배상책임이나 보증책임이 면책되었다는 취지의 주장을 한다.",
            "피고들은, 각 동 옥상층 싱글이 탈락된 것은 태풍 매미로 인한 것이어서 이 사건 약관에 의하여 보증채무의 이행대상에서 제외되는 천재지변으로 인한 하자라고 주장한다.",
            "피고 000은, 위 미시공 부분은 설계도면에 표기되어 있지 않으므로 하자로 볼 수 없다고 주장한다."
        ]
    },
    "facts": {
        "bsisFacts": [
            "다음 사실은 당사자 사이에 다툼이 없거나, 갑 제1 내지 9호증, 을 제1, 2,5,6 내지 9호증(각 가지번호 포함)의 각 기재, 증인 00, 00의 각 증언, 이 법원의 현장검증 결과(이하 '현장검증 결과'라고 한다), 감정인 00의 감정 결과(이하 감정 결과 라고 한다), 이 법원의 00에 대한 각 사실조회 결과(이하 사실조회 결과 라고 한다)에 변론 전체의 취지를 종합하여 이를 인정할 수 있다.",
            "피고 000(이하 피고 000이라 한다)은 0000 지상에 0000 00000 12개동822세대(이하 '이 사건 아파트'라고 한다)를 신축하여 분양한 회사이다.",
            "원고는 구 주택건설촉진법(1999. 2. 8. 법률 제5908호로 개정되기 전의 것, 이하 '주촉법'이라 한다) 제38조 및 구 공동주택관리령(1998. 12. 31. 대통령령 제16069호로개정되기 전의 것, 이하 '관리령'이라 한다) 제10조의 규정에 따라 이 사건 아파트를 관리하기 위하여 그 입주자 등으로 구성된 단체이다.",
            "000은 주촉법 제47조의6의 규정에 의하여 설립되었는데, 구 주택건설촉진법(1999. 2. 8. 법률 제5908호로 개정된 것) 제47조의6 규정에 의하여 설립된 법인인 피고 000(이하 '피고 OOO'이라 한다)가 같은 법부칙 제6조에 의하여 공제조합의 모든 재산과 권리·의무를 포괄승계하였다.",
            "피고 000은 000의 조합원으로서 당시 시행되던 주촉법 제38조 제15항, 관리령 제17조에 따른 하자보수보증금 예치의무를 이행하여야했다.",
            "그러기 위하여 1998. 6. 13. 주택사업공제조합과 사이에 보증채권자를 마산시장으로 하여 다음과 같이각 하자보수보증계약(이하 '이 사건 보증계약'이라 하고, 그 기재순서에 따라 '제1보증계약', '제2보증계약'이라 한다)을 체결하고 주택사업공제조합으로부터 하자보수보증서를 발급받아 사용승인권자인 마산시장에게 예치하였다.",
            "피고 000은 이 사건 아파트에 관하여 1998. 6. 16. 마산시장으로부터 사용승인을 받아 주민들을 입주시켰는데, 그 무렵이 사건 아파트의 입주자대표회의인 원고가 구성되자 마산시장은 관리령 및 이 사건 약관에 따라 이 사건 보증계약에 따른 하자보수보증서의 보증채권자를 마산시장에서 원고로 변경하였다.",
            "이 사건 아파트에 수분양자 등의 입주가 시작된 후 많은 하자가 발견되자, 입주민들과 원고는 1999. 6. 2.경부터 피고 000에대하여 수차례에 걸쳐 하자보수를 요청하여 피고 000이 일부 하자를 보수하기도 하였으나, 그 하자보수가 제대로 이행되지 아니하여 그 이후에도 여전히 위 아파트에는 많은 하자가 남아 있다.",
            "이 사건 아파트 전체 822세대 중 81.63%에 상당한 671세대의 구분소유자들은 이 사건 소가 제기된 후인 2005. 6. 17.경 원고에게 이 사건 아파트의 공용부분은 물론 전유부분의 하자로 인한 피고 000에 대한 손해배상청구권을 양도하였다.",
            "(손해배상청구권을 양도한 위 671세대는 별지 2 제1 내지 12의 각 양도 여부란에 O 표시가 되어 있는 세대인데, 그들의 전유부분의면적은 별지 3 기재와 같이 전체 전유면적의 81.83%에 이른다. 이하 위 세대들을 '채권양도세대'라고 한다), 그 무렵 위 양도사실을 피고 000에 통지하였다.",
            "한편, 원고는 그 동안 이 사건 아파트와 그 부대시설 및 복리시설 등의 하자보수업무를 주도하여 왔는데, 피고 000으로부터 이 사건 하자보수에 갈음하는 손해배상금을 수령할 경우 원고가 그 금원으로 이 사건 아파트의 하자보수를 실시할 예정이다."
        ]
    },
    "dcss": {
        "courtDcss": [
            "먼저, 이 사건 아파트의 공용부분에 발생한 하자 등과 관련한 청구에 대하여 보건대, 민법 제265조에 의하면, 공유물의 관리에 관한 사항은 공유자의 지분의 과반수로써 결정하되, 보존행위는 각자가 할 수 있도록 되어 있고, 집합건물의 소유 및 관리에관한 법률(이하 집합건물법 이라 한다)에 의하면, 구분소유자 전원은 그가 가지는 전유부분의 면적비율에 따라 집합건물의 공용부분을 공유하고, 공용부분을 그 용도에 따라 사용할 수 있다.",
            "각자 공용부분의 보존행위를 할 수 있으나(제10조, 제12조 제1항, 제11조, 제16조 1항 단서), 건물의 보존에 해로운 행위 기타 건물의 관리 및 사용에 관한 구분소유자의 공동의이익에 반하는 행위를 하여서는 아니 되고(제5조), 한편 공용부분의 관리에 관한 사항은 보존행위가 아닌 한 구분소유자 전원의 집회결의로써 결정하도록 하고 있다(제16조).",
            "건물에 대하여 구분소유관계가 성립되면 구분소유자는 전원으로써 건물및 그 대지와 부속시설의 관리에 관한 사업의 시행을 목적으로 하는 관리단을 구성하게 되고(제23조), 관리단집회의 결의에의하여 선임된 관리인은 공용부분의 보존, 관리 및 변경을 위한 행위, 관리단의 사업시행에 관련하여 관리단을 대표하여 행하는 재판상 또는 재판 외의 행위 등을 할 수 있다(제25조).",
            "각 구분소유자의 의결권은 규약에 특별한 규정이 없는 경우에는그가 가지는 전유부분의 면적 비율에 의하고(제37조 제1항, 제12조), 관리단집회의 의사는 이 법 또는 규약에 특별한 규정이없는 경우에는 구분소유자 및 의결권의 각 과반수로써 의결한다(제38조).",
            "이 법 또는 규약에 의하여 관리단집회에서 결의할것으로 정한 사항에 관하여 구분소유자 및 의결권의 각 5분의 4 이상의 서면에 의한 합의가 있는 때에는 관리단집회의 결의가있는 것으로 보도록 되어 있다(제41조 제1항).",
            "위 각 규정에 의하면, 집합건물인 이 사건 아파트의 공용부분이 구분소유자들의 공유에 속하고, 각 구분소유자들이 공용부분의 보존행위로서 분양자에게 하자의 보수를 청구할 수 있다 하더라도, 분양자로부터 하자보수에 갈음한 손해배상금을 지급받아 이로써 직접 하자보수를 실시하는 경우 그 하자보수는 집합건물에 있어서 공용부분의 특성상 개개의 구분소유자들이 따로 실시할수는 없고 전체적으로 통일적으로 실시되어야 한다.",
            "그 점에서 이는 개개의 구분소유자들이 단독으로 행할 수 있는 보존행위라고보기는 어렵고, 전체 구분소유자들의 공동의 이익에 합치하도록 집단적인 의사결정방법에 의하여 행해져야 할 관리행위에 해당하고, 이와 같은 관리행위에 관하여는 관리단집회에서 전체 구분소유자 및 의결권의 각 과반수로써 의결한다.",
            "그렇되, 구분소유자 및의결권의 각 5분의 4 이상의 서면에 의한 합의가 있는 때에는 관리단집회의 결의가 있는 것으로 보도록 되어 있는바, 앞서 본 바와 같이 이 사건 아파트의 전체 구분소유자들 중 5분의 4 이상의 구분소유자들(이들의 의결권도 전체의 5분의 4 이상이다.)이 서면에 의하여 원고에게 이 사건 아파트의 하자로 인한 손해배상청구권을 양도하였다고 할 수 있다.",
            "그렇다면 이로써 이 사건 아파트의 실질적인관리주체인 원고로 하여금 피고 000을 상대로 그 공용부분의 하자로 인한 손해배상청구의 소를 제기하거나 수행하는 데에 대한 관리단집회의 서면에 의한 결의 요건이 충족되었다고 봄이 상당하다.",
            "따라서 원고는 이 사건 아파트의 전체 구분소유자들(원고에게 하자보수에 갈음한 손해배상청구권을 양도하지 아니한 세대들에 대한 것도 포함) 또는 그들로 구성된 관리단을대신하여 피고 000을 상대로 이 사건 아파트의 공용부분 하자로 인한 손해배상청구권을 행사할 수 있다 할 것이다.",
            "나아가 전유부분의 하자와 관련하여 보건대, 집합건물의 전유부분은 그 각 구분소유자의 구분소유권의 목적에 해당하고, 그 보존 또는 관리에 관한 사항은 관리단이나 관리인의 권한 범위를 벗어난 것이다.",
            "전유부분의 하자가 건물 전체의 안전 등에영향을 주는 것이 아닌 한 전유부분의 하자보수에 갈음한 손해배상청구권은 그 각 구분소유자의 구분소유권에 기초한 금전채권으로서, 가사 이에 관하여 관리단집회의 결의가 있다고 하더라도 개별 구분소유자의 동의나 승낙 없이 분양자에게 하자보수에 갈음한 손해배상청구를 할 수는 없다 할 것이다.",
            "따라서 원고는 구분소유자들로부터 하자보수에 갈음한 손해배상청구권을 양도받거나 또는 원고가 피고 000을 상대로 이사건 소송을 제기하는 데 대하여 동의를 받은 범위 내에서 그 각 전유부분의 하자보수에 필요한 비용 상당의 손해배상을 구할수 있을 뿐이므로 채권양도세대를 제외한 세대의 전유부분에 발생한 하자에 대하여는 손해배상을 구할 권원이 없다.",
            "앞서 채택한 증거에 변론 전체의 취지를 종합하면, 피고 000이 설계도면에 따라 시공하여야 할 부분을 시공하지 아니하였거나 부실시공 또는 설계도면과 다르게 변경시공함으로써 이 사건 아파트의 공용부분에는 별지 1 제1, 3항 각 하자항목 기재 하자가현존한다.",
            "이를 보수하는 데에 합계 1,138,896,150원(제1항 23,670,652원 + 제3항 1,115,225,498원)이 소요되는 사실, 이 사건 아파트의 전유부분에는 같은 별지 제2,4항 각 하자항목 기재 하자가 현존하고, 이를 보수하는 데에 합계235,203,865원(제2항 123,203,056원 + 제4항 112,000,809원)이 소요된다.",
            "그 중 채권양도세대의 각 전유부분에 발생한 하자를 보수하는 데에 소요되는 비용은 합계 193,251,319원인 사실(그 상세내역은 별지 2와 같다)이 인정되고, 한편 앞서 본 바와 같이 원고 및 입주자들이 입주 초기부터 계속하여 위 각 하자의 보수를 요구하여 온 점에 비추어 볼 수 있다.",
            "그러면 위 각 하자는 사용승인 당시부터 존재하였던 하자이거나 그 무렵 발생하여 현재까지 보수되지 않고 있는 하자로서 주택법 시행령에서 정한 하자보수책임기간이 경과하기 전에 발생한 사실을 인정할 수 있다.",
            "따라서 피고 000은 원고에게 특별한 사정이 없는 한, 공용부분에 발생한 하자보수비용 1,138,896,150원 및 채권양도세대의전유부분에 발생한 하자보수비용 193,251,319원 합계 1,332,147,469원 및 이에 대한 지연손해금을 지급할 의무가 있다.",
            "감정 결과에 의하면, 이 사건 아파트 지하주차장 바닥 트랜치 내에 부분적인 물고임 현상이 발생하고, 구배를 조정하는 방법으로 보수하는 데에 5,497,766원이 소요되는 사실, 이 사건 아파트 지상주차장 U형 측구에도 부분적인 물고임 현상이 발생하고, 역시 구배를 조정하는 방법으로 보수하는 데에 5,541,799원이 소요되는 사실은 인정된다.",
            "지하주자차장 바닥 트랜치나 지상주차장 U형 측구는 오수 및 우수 등을 집수정으로 유도하거나, 배수하기 위한 시설로 우천시에는 통상적으로 어느 정도 물고임현상이 발생하기 마련이고, 감정 결과에 의하더라도 현재까지 위와 같은 물고임으로 인하여 물이 넘치는 현상이 발견되지 않고, 배수에는 지장이 없다는 사실이 인정된다.",
            "위 감정 결과만으로는 이를 하자라고 인정하기에 부족하고, 달리 이를 인정할증거가 없으므로, 이를 피고 000이 책임을 지는 하자라고 볼 수는 없다.",
            "앞서 채택한 증거에 변론 전체의 취지를 종합하면, 이 사건 아파트에 발생하여 현존하고 있는 별지 1의 각 하자항목 기재 하자 중 제3,4항 기재 각 하자는 피고 000주택의 공사상의 잘못으로 인하여 이 사건 아파트의 기능상, 미관상 또는 안전상 지장을 초래할 수 있는 하자로서 사용승인일 이후로서 주택법 시행령 소정의 하자보수기간 및 제1보증계약에서 정한 보증기간인 사용승인일로부터 3년 이내에 발생하였음이 인정된다.",
            "그러므로 이 사건 보증대상이 되는 하자에 해당한다 할 것이고, 그 보수에 필요한 비용의 합계는 1,227,226,307원(제3항 공용부분 1,115,225,498원 + 제4항 전유부분 112,000,809원)이므로, 피고 대한주택보증은 원고에게 특별한 사정이 없다면 다음과 같다.",
            "피고 000과 각자 피고 000의 손해배상책임액 1,332,147,469원 중 이 사건 보증계약의 각 보증금액 합계인 1,387,116,090원(1,109,692,870원 + 277,423,220원) 범위 내로서 위 하자의 보수에필요한 비용 상당액인 1,227,226,307원 중 원고가 구하는 1,227,226,305원의 하자보수보증금 및 이에 대한 지연손해금을 지급할 의무가 있다.",
            "또한, 위 공사확인서를 작성하여 준 관리소장에게 당시 입주자들을 대표할 권한이나 원고를 대리할 권한이 있었음을 인정할 만한증거가 없다.",
            "오히려 갑 제4호증의 7의 기재에 변론 전체의 취지를 종합하여 인정되는 바와 같이 원고는 위 공사확인서가 작성된 때로부터 얼마 지나지 않은 2002. 1. 15.경 피고 000주택에 대하여 하자보수가 제대로 이루어지지 않았다는 이유로 위와같이 이루어진 원고와 피고 000주택의 합의가 무효임을 통지한 점 등에서 보면, 입주자들이나 원고가 피고 000의 손해배상책임을 면제하였다는 취지의 주장도 이유 없다.",
            "위와 같은 하자가 오로지 태풍에 의하여 발생하였다는 점을 인정할 증거가 없고, 오히려 감정 결과 및 사실조회 결과에 의하면, 공동주택의 옥상의 경우 외부환경에 노출되어 우수나 풍압 등의 자연적인 외부영향을 많이 받는 부분이고, 아스팔트 싱글은 옥상층박공지붕의 방수 역할을 하는 부분이므로 내구성을 유지하여 싱글이 탈락되는 등의 현상이 발생하지 않도록 시공되어야 한다는 사실을 인정할 수 있으므로, 피고들의 주장은 이유 없다.",
            "현장검증 결과및 감정 결과에 의하면, 전자의 경우 옥상 출입문과 바닥과의 높이 차가 1m 가량이나 경사진 옥상 바닥으로 내려가려고 할 경우 매우 위험한 상황이고, 후자의 경우 손잡이 홈이 없는 관계로 창문의 개폐에 상당한 불편이 있는 사실이 인정된다.",
            "위 인정과 같은 사정에 비추어 보면, 비록 설계도면에 옥상점검용 출입 사다리나 침실 목창문 손잡이 홈이 표시되어 있지 않다 하더라도 이는 옥상이나 창문에 당연히 필요한 요소가 누락된 하자로 봄이 상당하므로 피고 000주택의 주장은 이유 없다."
        ]
    },
    "close": {
        "cnclsns": [
            "원고에게 피고 000은 1,332,147,469원 및 이에 대한 2005. 5. 13.부터 2005. 10. 20.까지 연 5%, 그 다음날부터 다 갚는 날까지 연 20% 각 비율에 의한 금원을 지급하라.",
            "원고에게 피고 000는 피고 000과 각자 위 금원 중 1,227,226,305원 및 이에 대한 2005. 5.13.부터 2005. 10. 20.까지 연 5%, 그 다음날부터 다 갚는 날까지 연 20% 각 비율에 의한 금원을 각 지급하라.",
            "원고의 피고 000에 대한 나머지 청구를 기각한다.",
            "소송비용 중 10%는 원고가, 나머지는 피고들이 각 부담한다. ",
            "제1항은 가집행할 수 있다."
        ]
    }
}