{
    "info": {
        "caseField": "1",
        "detailField": "1",
        "trailField": "2",
        "caseNm": "손해배상(기)",
        "courtNm": "서울고등법원",
        "judmnAdjuDe": "2005. 08. 30.",
        "caseNo": "2004나76482",
        "relateLaword": [],
        "qotatPrcdnt": [
            "대법원 2000. 7. 28. 선고 99다6203 판결",
            "대법원 2004. 2. 27. 선고 2001다53387 판결"
        ]
    },
    "concerned": {
        "acusr": "2",
        "dedat": "1"
    },
    "org": {
        "orgJdgmnCourtNm": "수원지방법원",
        "orgJdgmnAdjuDe": "2004. 10. 5",
        "orgJdgmnCaseNo": "2002가합11611"
    },
    "disposal": {
        "disposalform": "10",
        "disposalcontent": [
            "제1심 판결 중 피고 패소 부분을 취소하고, 그 부분에 해당하는 원고의 청구를 기각한다.",
            "원고의 항소를 기각한다"
        ]
    },
    "mentionedItems": {
        "rqestObjet": [
            "피고는 원고에게 15억 원 및 이에 대한 제1심 판결선고일 다음날부터 다 갚는 날까지 연 20%의비율에 의한 돈을 지급한다.",
            "제1심 판결 중 원고 패소 부분을 취소한다.",
            "피고는 원고에게 14억 5,000만 원및 이에 대한 이 사건 판결선고일 다음날부터 다 갚는 날까지 연 20%의 비율에 의한 돈을 지급한다.",
            "피고는 원고에게 15억 원 및 이에 대한 제1심 판결선고일 다음날부터 다 갚는 날까지 연 20%의비율에 의한 돈을 지급한다."
        ]
    },
    "assrs": {
        "acusrAssrs": [
            "피고는 이 사건 각 논문과 인터뷰를 통하여, 1. 오모 의 혈장이 혈액응고 제9인자(이 사건 혈액제제)의 제조에 사용되었다는 내용(이하 '이 사건 제1내용'이라 한다), 2. 그리고 오모 HIV의 염기서열과 일부 혈우병 환자 HIV의 염기서열이 고도의 유사성을 보이며 모두 이른바 한국형 섭타입(Sub-type) B 집단에 속하고 있다는 내용(이하 이 사건 제2내용 라 한다).",
            "3. 따라서 일부 혈우병 환자가 HIV에 오염된 이 사건 혈액제제에 의하여 감염된 것이라는 내용(이하 '이 사건 제3내용'이라 한다)을 적시하였는데(이하 위 3가지의 내용을 통칭하여 '이 사건 적시내용 '이라 한다), 이 사건 제1의 사실은 진실이 아닌 허위의 사실이다.",
            "또한 피고는 이 사건 제1내용이 진실임을 전제로 하여 염기서열 분석대상을 선정한 후 그 분석을 통해 이 사건 제2내용을 이끌어 내고, 이 사건 제1내용과 이 사건 제2내용을 종합하여 이 사건 제3내용에 이르게 되었으므로, 이 사건 적시내용은 허위사실이거나 허위평가이다.",
            "그리고, 피고의 이러한 허위사실 내지 허위평가의 적시로 인하여 이를 접하는 사람들이 원고가 생산하는 제품에 중대한 하자가 있는 것으로 인식하는 등으로 원고의 명예 내지 신용이 훼손됨으로써 이 사건 혈액제제의 매출이 26억 원 상당 감소되는 손해를 입게 되었으므로, 피고는 그 손해배상의 일부로써 15억 원 및 그 지연손해금을 지하여야 한다.",
            "원고는, 소외 00로부터 매수한 혈액을 이 사건 혈액제제 제조에 사용한 사실이 없고, 완벽한 제조공정과 운영을 통해 이 사건 혈액제제가 HIV에 오염되어 있을 여지가 전혀 없었음에도 불구하고, 피고가 이 사건 적시내용과 같은 허위의 사실을 주장하여 원고의 명예를 명백하게 또는 더욱 침해하고 있다."
        ],
        "dedatAssrs": [
            "이 사건 적시내용은 모두 공공의 이익을 위한 것으로서 진실하거나, 피고는 그것을 진실이라고 믿었고 또 그렇게 믿을 만한 상당한 이유가 있었으므로 위법성이 없다."
        ]
    },
    "facts": {
        "bsisFacts": [
            "000(000가 2004. 9. 3. 그 상호를 변경한 회사이다, 이하 000 라고만 한다)는 의약품, 의약 부외품 등의 제조 및 판매 등의 영업을 하고 있는 제약회사이다.",
            "원고의 피소송수계인인 000는 000에 의하여 1999. 12. 10. 설립되고 1999. 12. 16.경 그 영업 중 혈액제제부분에 관한 일체의 권리·의무와 시설을 양수받아 혈액제제의 제조 및 유통 등의 영업을 하던 제약회사인데, 2003. 12. 31. 000에 합병되었다.",
            "000은 2004. 9. 30. 000에 합병되었으며, 000는 2004. 10. 4. 그 상호를 000(원고)로 변경하였다(이하, 원고가 OOO로부터 혈액제제와 관련한 권리·의무를 승계한 점을 참작하여, OOO와 그 승계인 000 및 그 소송수계인 OOO을 모두 원고로 통칭한다).",
            "원고는 1974.경부터 A형 혈우병 치료제인 0(O) 또는 0(O)를 개발하여 제조, 공급하였고, 1986년경에는 B형 혈우병 치료제인 0(O, 이하 '이 사건 혈액제제'라 한다)을 제조, 공급하였다가 수요 부족으로 제조를 중단한 이후, 1989. 12.경부터 다시 이 사건 혈액제제를 제조하여 공급하였다.",
            "그리고, 1991. 2. 11.경 혈우병 환자의 치료와 재활을 목적으로 하는 000(이하 'OOO'이라고 한다)을 설립한 바 있는데, 그 무렵 000에 회원으로 등록된 환자들에게 위 000을 통하여 자신이 제조한 혈우병 치료제를 무상 또는 유상으로 공급하였다.",
            "한편, B형 혈우병 치료제 중에 국산인 것은 원고가 생산하기 시작하여 현재 원고가 생산하고 있는 이 사건 혈액제제가 유일하다.",
            "000이 1992.경 혈우병 환자들에 대하여 HIV 감염검사를 실시한 결과, 1991. 등록 당시 음성이었던 환자 12인이 양성으로 확인되었고, 그 후 1994.까지 모두 16인이 HIV에 감염되었음이 확인되었으며(이하 '이 사건 감염'이라 한다), 위 16인의 환자들에 대한 HIV 최초의 양성결과 확인일은 아래 표와 같다.",
            "위 혈우병 환자 중 12인은 이 사건 감염 이전에 이 사건 혈액제제를 투여 받아오다가 이 사건 감염이 확인되었고, 위 혈우병 환자들의 어머니는 모두 HIV 감염자가 아니며, 이 사건 감염 당시 00은 만 4세, 00은 만 5세, 00은 만 11세, 00은 만 15세, 00은 만 3세, 00은 만 11세, 00는 만 3세 내지 만 4세, 00은 만 18세로 모두 성경험이 없었다.",
            "이 사건 감염사실이 밝혀지자, 당시 국립보건원은 1992. 12.경 피고를 포함한 혈액학자, 역학자, 분자유전학자 등의 전문가로 구성된 혈액제제안전성위원회 를 구성하여, 3차례의 회의와 원고의 이 사건 혈액제제의 제조공정 확인 절차를 거쳤다.",
            "그 후 위 위원회 조사의 연장선상에서 000 교수인 00가 1994. 4. 16.경 000에 등록되어 있는 혈우병 B형 환자들 사이에서 수혈과 혈액제제의 사용량에 따라 HIV 감염자의 수가 차이 나는지를 알아보기 위하여, HIV 항체 양성군과 음성군 또는 성인군과 미성년군으로 나누어 비교를 한 한국 혈우병 B형 환자들에게서 발생한 HIV 감염에 대한 역학적 연구 라는 결과보고서를 발표하였다.",
            "이에 따라 혈액제제안전성위원회는 1994. 5. 4.경 최종회의에서 현재까지의 조사 결과 감염원인은 수혈에 의한 것은 아닌 것으로 추정되며, 혈액제제에 의한 것으로 판단되나, 감염원에 대한 결론을 내리기는 어렵다 는 내용의 결과를 보고하였다.",
            "피고는 현재 000 부교수로 재직 중인 사람으로서, 1987. 2.경 000을 졸업하고, 이후 000의학석사, 박사 학위를 취득하였으며, 1990. 4.경부터 1993. 4.경까지 000에서 공중보건의로 근무하였고, 1993. 5.경 000에서 전임강사로 근무하기 시작하였다. ",
            "또한, 피고는 1997. 9.경부터 1998. 8.경까지 000에서 방문교수를 역임하기도 하고, 의학미생물학 교과서 일부를 집필한 것을 비롯하여 국내외의 학술지에 약 50편의 논문을 발표하였으며, 2000. 12.경 에이즈에 관한 연구의 공로로 000으로부터 올해의 에이즈퇴치상(연구부문)을 수상하였다.",
            "피고는 이 사건 혈우병환자들의 집단 HIV 감염 당시 공중보건의로 근무하면서, 전국의 에이즈 감염자를 대상으로 면담 및 역학조사를 하였고, 6개월마다 환자를 방문하여 면역검사를 하기도 하였는데, 이때 채혈한 혈액 샘플 중 일부를 제1차 역학조사위원회의 활동 이후에도 계속 보관하였다.",
            "피고는 홍삼이 에이즈에 미치는 영향을 밝히기 위하여 100여 명의 에이즈 환자를 상대로 연구를 하였는데, 피고가 보관하며 분석하던 혈액 중에는 혈우병 환자들과 소외 00을 포함한 매혈자들의 혈액도 포함되어 있었다. ",
            "피고는 이러한 연구도중 HIV에 감염된 혈우병 환자들의 HIV 유전자 염기서열과 매혈자들의 HIV 유전자 염기서열이 매우 유사하다는 사실을 발견하게 되었다.",
            "그리고, 이러한 연구결과가 포함된 별지 1 기재 논문(갑 제5호증의 1, 2,연구에 참여한 자와 감수한 자를 공동 저작자로 표시함, 이하 '이 사건 제1논문'이라 한다)을 2001년 발행된 에이즈 연구와 인간 레트로바이러스(AIDS RESEARCH AND HUMAN RETROVIRUSES) 라는 미국에서 발간하는 의학전문지 17권 16호에 발표하였다.",
            "피고는 이 사건 제1논문으로 2002. 4. 26. 000로부터 제12회 과학기술우수논문상을 수상하였고, 2002. 10.경 국제인명사전인 마르퀴즈 후즈후에 등재되기도 하였다. ",
            "피고가 수상한 위 과학기술우수논문상을 주목한 00 소속 기자 소외 00는 제1차 역학조사에 관한 내용을 확인한 후 피고에게 인터뷰 요청을 하여, 피고는 2002. 9.경 소외 00에게 별지 2 기재와 같은 내용을 말하였는데(이하 '이 사건 제1인터뷰'라고 한다), 그 내용이 2002. 9. 13.자 0 1면에 그대로 보도(갑 제6호증)되었으며, 0가 그 후 며칠동안 같은 주제를 다루면서 사회적으로 문제가 되었다.",
            "원고는 이 사건 혈액제제를 제조하여 2001년도에 16억 2,600만 원, 2002년도에 18억 2,000만 원의 매출실적을 올렸으나, 피고의 위 각 논문 발표와 언론의 보도 등으로 문제된 이후, 2003년도에 6억 8,000만 원, 2004년도에 3억 원 정도로 매출이 급감하였다."
        ]
    },
    "dcss": {
        "courtDcss": [
            "민법상 불법행위가 되는 명예훼손이란 사람의 품성, 덕행, 명성, 신용 등 인격적 가치에 대하여 사회로부터 받는 객관적인 평가를 침해하는 행위를 말하고, 그와 같은 침해행위는 피해자의 사회적 평가를 저하시킬 만한 구체적인 사실의 적시가 있어야 하나, 객관적인 평가를 침해하는 것인 이상, 의견 또는 논평을 표명하는 표현행위에 의하여도 성립할 수 있다.",
            "다만 의견 또는 논평의 표명이 사실의 적시를 전제로 하지 않은 순수한 의견 또는 논평일 경우에만 명예훼손 민법상 불법행위가 되는 명예훼손이란 사람의 품성, 덕행, 명성, 신용 등 인격적 가치에 대하여 사회로부터 받는 객관적인 평가를 침해하는 행위를 말하고, 그와 같은 침해행위는 피해자의 사회적 평가를 저하시킬 만한 구체적인 사실의 적시가 있어야 하나, 객관적인 평가를 침해하는 것인 이상, 의견 또는 논평을 표명하는 표현행위에 의하여도 성립할 수 있다.",
            "그러나, 다만 의견 또는 논평의 표명이 사실의 적시를 전제로 하지 않은 순수한 의견 또는 논평일 경우에만 명예훼손으로 인한 손해배상책임이 성립되지 않는다고 할 것이며(대법원 2000. 7. 28. 선고 99다6203 판결 참조), 학문연구에 속하는 사항이라 할지라도 구체적인 사실을 포함하고 있고, 그것이 언론 등을 통하여 발표됨으로써 개인의 명예를 훼손할 수 있는 것이라면 불법행위를 구성할 수 있다고 할 것이다.",
            "위 인정사실에 비추어 볼 때, 피고는 이 사건 각 논문과 인터뷰 내용을 통하여 원고 주장의 이 사건 적시내용을 발표하고 있다고 할 것이다.",
            "다만, 원고는 이 사건 제1논문에 이 사건 제3내용도 들어있다고 주장하나, 이 사건 제1논문에서 피고가, 혈우병환자를 감염시킨 오염된 혈액응고 제9인자를 원고회사 제조의 것이라거나 국산제제라고 하고 있는지에 관하여, 갑 제5호증의 1, 2의 각 기재만으로는 이를 인정하기에 부족하다.",
            "그리고 달리 이를 인정할 증거가 없으며, 국산인지도 명기하지 않은 채 단지 오염된 혈액응고 9인자라고만 하였다고 하여 이 사건 혈액제제를 가리킨다고 단정하기 어려우므로 이 부분 주장은 받아들이지 아니한다.",
            "그 중 이 사건 제1내용은 피고가 연구결과와는 별도로 단정적인 표현을 사용하고 있는 점에 비추어 볼 때, 사실의 적시에 해당한다고 할 것이다.",
            "다음으로, 이 사건 제3내용에 관하여 먼저 보면, 이는 피고의 전문적인 연구결과를 기초로(다만, 이 사건 제1인터뷰에 있어서는 이 사건 제3내용을 도출하는데 피고의 연구결과와 함께 혈우병환자 12명은 에이즈에 감염되지 않은 게 확인된 상태에서 국내제품을 주사 맞은 직후 에이즈에 감염됐다 는 별도의 근거를 제시하고 있는 것은 앞서 본 바와 같다) 추론하여 그러한 연구결과와 함께 표명된 것이기는 하다.",
            "그러나, 이러한 추론과정이 뒤에서 살펴보는 바와 같이 위법성을 조각시키는지 특별한 사정에 해당하는지는 별론으로 할 때, 녹십자가 제조한 이 사건 혈액제제로 인하여 일부 혈우병환자들이 HIV에 감염되었다 는 내용은 새로운 구체적 사실의 적시에 해당한다고 할 것이다.",
            "국산 혈액응고 9인자 제제는 녹십자가 제조한 이 사건 혈액제제만이 있었던 점에 비추어 볼 때, 피고가 국산 혈액응고 9인자 라는 용어로 이 사건 혈액제제를 지칭하고 있음은 일반인들이 쉽게 알 수 있다고 할 것이다.",
            "한편, 이에 비해 이 사건 제2내용는, 피고의 전문적인 유전자 분석연구의 결과로서 그 자체만으로는 사실이라기보다 의견에 해당된다고는 할 수 있으나, 그러한 의견도 결국 원고가 제조한 이 사건 혈액제제로 인하여 일부 혈우병환자들이 HIV에 감염되었다는 이 사건 제3내용을 암시하고 있을 뿐만 아니라 이 사건 제1내용 또는 이 사건 제3내용과 함께 적시될 경우에는 원고의 사회적 평가를 저하시킬 수 있는 구체적 사실의 적시에 해당한다고 볼 것이다.",
            "결국, 피고는 이 사건 적시내용을 통하여 원고의 사회적 평가를 저하시키고 있으므로, 특별한 사정이 없는 한 원고의 명예 내지 신용의 훼손으로 인한 불법행위가 성립한다고 할 것이다.",
            "원고가 소외 00로부터 구입한 혈액을 이 사건 혈액제제의 제조에 사용하였다는 이 사건 제1내용에 부합하는 갑 제25호증의 1, 2, 제26호증의 각 기재 부분은 을 제12호증, 제13호증의 1, 2, 제16, 17호증, 제18호증의 1 내지 5, 제19호증, 제22호증, 제26호증, 갑 제9호증, 제10호증의 1, 2, 제11호증의 각 기재에 비추어 믿기 어렵다.",
            "그리고, 갑 제9호증, 제10호증의 1, 2, 제11호증의 각 기재만으로는 이를 인정하기 부족하며 달리 이를 인정할 증거가 없으므로, 이 사건 제1내용은 허위라고 단정하기 어려워, 원고의 이 부분 주장은 이유 없다.",
            "이 사건 제2내용 및 제3내용이 허위라는 점을 인정할 증거는 없을 뿐만 아니라, 오히려 뒤에서 보는 바와 같이 진실한 것으로 인정되므로, 원고의 이 부분 주장 역시 이유 없다.",
            "앞서 본 바와 같이, 원고는 000을 설립하여 운영하면서 이 사건 혈액제제를 제공 또는 판매하고 있는 점, 원고가 혈우병 환자들을 상대로 판매하고 있는 이 사건 혈액제제는 국내에서 생산된 유일한 B형 혈우병 치료용 혈액제제인 점을 인정한다.",
            "이 사건 각 논문은 HIV 유전자 분석을 통하여 에이즈 치료 및 예방의 방법을 찾고, 감염원인을 밝히기 위한 목적에서 쓰여졌으며, 이 사건 각 인터뷰 역시 동일한 목적에서 이루어진 점, 이 사건 각 논문 및 인터뷰의 내용은 그 진실 여부에 따라 일부 혈우병 환자들의 HIV 감염원인을 밝힐 수 있고 향후 에이즈 예방에도 도움을 줄 수 있는 것인 점을 인정한다.",
            "이 사건 각 논문 및 인터뷰에 있어 피고에게 다른 목적이 있었음을 인정하기 어려운 점, 위에서 본 피고의 경력, 이 사건 각 논문 및 인터뷰의 경위 등의 여러 사정을 종합하여 보면, 이 사건 각 논문 및 인터뷰를 통한 이 사건 적시내용의 표시는, 현대사회에 있어 인류의 생존에 중대한 위협이 될 수 있는 질병인 에이즈의 치료 및 예방이라는 공공의 이해에 관한 사항으로서 그 목적이 오로지 공공의 이익을 위한 것으로 볼 수 있다.",
            "을 제18호증의 1 내지 5, 제12호증, 제13호증의 1, 2, 제16, 17호증, 제19호증, 제22호증, 제26호증, 갑 제9호증, 제10호증의 1, 2, 제11호증의 각 기재만으로는 이 사건 제1내용이 진실이라고 인정하기 부족하고, 달리 이를 인정할 증거가 없으므로, 이 부분에 관한 피고의 주장은 이유 없다.",
            "앞서 본 바와 같이, 이 사건 혈액제제에는 1,500명 이상의 혈액이 사용되는 점, HIV에 감염된 혈액이라도 잠복기간 중에는 음성으로 확인되어 이 사건 혈액제제의 제조에 사용되었을 가능성이 있다.",
            "갑 제12 내지 15호증의 각 기재에 의하면, 1990.경 이 사건 혈액제제의 제조시기에 사용되던 에이즈 진단시약인 제1세대 0는 개발 초기단계의 제품으로 민감도가 떨어져 위음성반응(양성임에도 음성으로 반응하는 것)이 나올 가능성이 컸던 사실을 인정할 수 있는 점을 인정한다.",
            "위 제1차 역학조사결과와 이 사건 제2논문의 내용에 의하면, 소외 00 HIV의 유전자와 높은 동일성을 보이는 HIV 감염자의 혈액이 이 사건 혈액제제의 제조에 사용된 경우에도 이 사건 제2내용과 유사한 결과가 나올 수 있는 점을 인정한다.",
            "이 사건 제2내용은 피고가 HIV의 유전자를 분석하여 내린 결론으로서 순수한 학문연구의 분야에 속한 것이어서, 그 연구방법 및 결론이 옳은 것인지 여부는 학계의 연구와 평가를 통하여 결정되어야 할 것이므로 현재로서는 그 당부를 확정할 수 없는 점을 인정한다.",
            "피고의 위와 같은 연구성과가 해당 분야의 전문가들로부터 의미 있는 것으로 평가되어 그 내용이 담긴 피고의 논문들이 권위 있는 외국 학술지에 게재되었으며, 000로부터 우수논문상까지 수상한 점, 현재까지 피고의 연구결과가 진실에 반한다는 학술적인 연구결과가 나타나지 않은 점 등에 비추어 보면, 이 사건 제2내용은 진실이라고 인정할 수 있다.",
            "이 사건 제3내용은 진실이라고 인정할 수 있다.",
            "앞서 본 바와 같이, 피고가 제1차 역학조사위원회에 참가하여 활동을 하면서, 이 사건 혈액제제의 제품을 제조할 시점에 원고가 구입한 혈액 중 소외 00, 00을 비롯한 4명의 혈액에서 HIV 양성반응이 나왔다.",
            "그리고, 그 중 소외 00의 혈액은 이 사건 혈액제제의 제조에 사용된 사실을 알게 된 점, 원고도 원고 회사를 상대로 불매운동을 벌이던 소외 00에 대한 고소장 및 0와의 인터뷰에서 소외 00의 혈액으로 제조한 혈액제제에는 이 사건 혈액제제가 포함된 것으로 인정한 점, 피고의 HIV 유전자분석 연구결과인 이 사건 제2내용은 진실로 인정할 수 있다.",
            "피고는 이 사건 제1내용이 진실이라고 믿었고, 또한 그렇게 믿은 데 상당한 이유가 있다고 할 것이다.",
            "을 제30호증의 기재 및 당심 증인 소외 00의 증언에 의하면, 0의 위와 같은 보도로 인하여 사회적인 파장이 커지자, 소외 00의 혈액이 이 사건 혈액제제에 사용되었다는 증거를 확보하지 못한 소외 00는 피고에게, 국회에서의 증언시 오모의 혈액이 혈우병 치료제 생산에 사용되었는지는 불확실하다고 증언하면 이를 인용해 0에도 해명하는 보도를 하겠다는 부탁을 받고 위와 같이 진술한 사실을 인정할 수 있으므로, 원고의 위 주장은 받아들이지 않는다.",
            "따라서, 이 사건 적시내용은 공공의 이해에 관한 사항으로서 그 목적이 오로지 공공의 이익을 위한 것이며, 적시된 사실이 진실이라는 증명이 있거나, 피고가 그것을 진실이라고 믿었고 또 그렇게 믿을 상당한 이유가 있다 할 것이므로 결국 위법성이 없어 불법행위가 되지 않는다고 할 것이다."
        ]
    },
    "close": {
        "cnclsns": [
            "제1심 판결 중 피고 패소 부분을 취소하고, 그 부분에 해당하는 원고의 청구를 기각한다.",
            "원고의 항소를 기각한다."
        ]
    }
}