{
    "info": {
        "caseField": "1",
        "detailField": "1",
        "trailField": "1",
        "caseNm": "손해배상(기)",
        "courtNm": "서울중앙지법",
        "judmnAdjuDe": "2006. 05. 10.",
        "caseNo": "2004가합67627",
        "relateLaword": [
            "저작권법 제4조",
            "저작권법 제10조",
            "저작권법 제12조",
            "저작권법 제13조",
            "저작권법 제16조",
            "저작권법 제94조",
            "저작권법 제95조",
            "민법 제756조",
            "민법 제757조"
        ],
        "qotatPrcdnt": []
    },
    "concerned": {
        "acusr": "1",
        "dedat": "국가, 법인"
    },
    "org": {
        "orgJdgmnCourtNm": "",
        "orgJdgmnAdjuDe": "",
        "orgJdgmnCaseNo": ""
    },
    "disposal": {
        "disposalform": "1",
        "disposalcontent": [
            "원고에게, 피고 3 주식회사는 81,750,000원, 피고 0000 도시철도공사는 피고 3 주식회사와 각자 위 금원 중 45,000,000원 및 위 각 금원에 대하여 피고 서울특별시 도시철도공사는 2002. 7. 11.부터, 피고 3 주식회사는 2001. 9. 1.부터 각 2006. 5. 10.까지는 연 5%의, 각 2006. 5. 11.부터 다 갚는 날까지는 연 20%의 각 비율에 의한 금원을 지급한다.",
            "피고 0000 도시철도공사는 이 판결 송달일로부터 7일 이내에 별지 제2목록 기재 각 벽화 우측 하단에 50cm × 50cm 이상의 크기로 원고의 이름, 약력, 벽화 제호를 표시한다.",
            "원고의 피고 0000에 대한 청구 및 피고 0000 도시철도공사, 3 주시회사에 대한 각 나머지 청구를 각 기각한다.",
            "소송비용 중 원고와 피고 0000 사이에 생긴 부분은 원고가 부담하고, 원고와 피고 0000 도시철도공사, 3 주식회사 사이에 생긴 부분의 2 3는 원고가, 나머지는 위 피고들이 각 부담한다.",
            "제1항은 가집행할 수 있다."
        ]
    },
    "mentionedItems": {
        "rqestObjet": [
            "주문 제2항 및 피고들은 각자 원고에게 200,000,000원 및 이에 대하여 2001. 9. 1.부터 이 사건 소장 부본 최후 송달일까지는 연 5%의, 그 다음날부터 다 갚는 날까지는 연 20%의 각 비율에 의한 금원을 지급한다.",
            "이 사건 판결 송달일부터 15일 이내에 000, 000, 000, 000 및 000의 각 사회면 광고란에 별지 제1목록 기재 공고문을 20cm × 20cm 이상의 크기로 각 3회 이상 게재한다."
        ]
    },
    "assrs": {
        "acusrAssrs": [
            "원고는, 피고 000, 피고 000가 원고의 이 사건 원화에 대한 공표권을 침해하였다고 주장한다.",
            "원고는, 000 예술저작권료 산정표에 의하면 이 사건 벽화들은 지하철역 광고판, 도로게시판, 차량외부, 버스 정류장 시설물 에 해당하는 것으로 보아야 하고, 이들 중 도로게시판의 경우 서울 및 수도권 지역에서 4m×3m(12㎡)로 사용하는데 매월 약 9,000,000원의 저작권료를 지급해야 한다고 말한다.",
            "이 사건 벽화의 면적을 모두 합하면 총 195㎡에 해당하고, 이 사건 벽화는 2001. 8. 31. 이전에 준공되어 2005. 10. 기준으로 약 4년 2개월(50개월)에 걸쳐서 전시되고 있으므로 피고 000의 경우 그 침해기간 동안 원고가 그 권리의 행사로 통상 받을 수 있는 금액에 상당하는 7,321,500,000원(= 9,000,000원 × 50개월 × 195㎡/12㎡)을 구한다.",
            "피고 000의 경우 3,217,500,000원(= 9,000,000원 × 22개월 × 195㎡/12㎡, 원고가 주장하는 2003. 12. 9.부터 기산)을 배상할 책임이 있고, 나아가 위 피고들이 원고의 저작인격권을 침해함으로써 원고가 입은 정신적 손해에 따른 배상으로 1,200,000,000원을 배상할 책임이 있는바, 그 재산적, 정신적 손해배상의 일부로 200,000,000원의 지급을 구한다고 주장한다.",
            "원고는, 피고들이 명예회복을 위한 조치로서 별지 제1목록 기재 공고문과 같은 내용을 신문에 게재할 의무가 있다고 주장한다.",
            "원고는, 피고 서울특별시가 피고 000, 피고 000와 공동으로, 또는 적어도 이 사건 벽화들의 제작 및 설치과정을 총괄하고 수급인인 피고 000의 업무를 구체적으로 지휘, 감독한 책임자이다.",
            "원고의 미술저작물인 이 사건 원화를 도용하여 제작한 피고 000의 설계도면을 토대로 이 사건 벽화를 시공함으로써 원고의 저작재산권인 복제권 내지 2차적 저작물 작성권을 침해하였다.",
            "이 사건 벽화를 계속하여 무단 전시함으로써 원고의 전시권을 침해하였으며, 3. 이 사건 벽화에 원고의 성명을 표시하지 않은 채로 시공하거나 원고의 성명이 표시되지 않은 상태로 전시함으로써 원고의 성명표시권을 침해하였다.",
            "원고의 연작 작품 중 일부만을 벽화로 설계, 시공하거나, 작품의 위, 아래를 거꾸로 설계, 시공하는 등 그 설계 및 시공 과정에서 작가의 작품의도를 크게 훼손하여 제작하거나 계속 전시하는 방법으로 원고의 동일성유지권을 침해하였다.",
            "이 사건 벽화를 무단으로 설치하여 공중이 오가는 곳에 전시함으로써 원고의 공표권을 침해하였다고 주장하면서 위 피고에 대하여 재산적, 정신적 손해에 대한 배상으로 200,000,000원의 지급과 별지 제1목록 기재 공고문과 같은 내용을 신문에 게재할 것을 구한다."
        ],
        "dedatAssrs": [
            "피고 000는, 턴키방식에 의한 일괄적인 설계, 시공의 방식(한강진역과 약수역) 또는 피고3 주식회사 의 설계도급방식(학동역)으로 위 각 역사 공사를 발주하였으므로 원고의 저작물에 대한 접근의 기회가 전혀 없었고, 또한 위 설계내용이 원고의 저작권을 침해하였는지 여부를 조사할 객관적인 의무가 있다고 할 수도 없으므로 저작권 침해의 주관적 요건이 결여되어 원고의 저작권을 침해하였다고 볼 수 없다고 주장한다.",
            "위 역사를 완공한 즉시 피고 도시철도공사에게 현물출자하여 그 관리, 운영권을 넘겼으므로 원고의 이 사건 원화에 대한 전시권을 침해하지 않았고, 이 사건 원화에 대한 성명표시권, 동일성유지권, 공표권 침해도 성립하지 않았다.",
            "위 역사공사의 발주자로서 단순한 도급인의 지위에 있음에 불과하고 이 사건 벽화들의 설치 시공에 있어서 도급인으로서 중대한 과실이 없으므로 수급인인 설계사무소의 저작권 침해의 불법행위에 대하여 그 책임이 없다고 주장한다."
        ]
    },
    "facts": {
        "bsisFacts": [
            "원고는 1972.경 처음으로 개인전을 연 후에 약 30년간 약 1,000점 이상의 작품을 제작하는 등 왕성한 창작활동을 통하여 풍속화가, 조형예술가로 국내외에 널리 알려진 작가로, 0,0,0,0,0,0 이라는 미술작품(이하 이 사건 원화 라 한다)을 제작하였다.",
            "피고 서울특별시는 별지 제2목록 기재 각 벽화(이하 이 사건 벽화 라 한다)가 설치되어 있는 00000, 00000,00000 건설공사의 사업주체이고, 피고 000(이하 000 라 한다)는 피고 서울특별시로부터 위 각 역사(驛舍)를 현물출자 받아 이를 관리, 운영하고 있는 자이며, 피고 000는 위 각 역사를 설계하였던 자이다.",
            "이에 대하여 피고 서울특별시는, 턴키방식에 의한 일괄적인 설계, 시공의 방식(00000과 00000) 또는 피고 000의 설계도급방식(00000)으로 위 각 역사 공사를 발주하였으므로 원고의 저작물에 대한 접근의 기회가 전혀 없었다고 말한다.",
            "또한 위 설계내용이 원고의 저작권을 침해하였는지 여부를 조사할 객관적인 의무가 있다고 할 수도 없으므로 저작권 침해의 주관적 요건이 결여되어 원고의 저작권을 침해하였다고 볼 수 없고, 위 역사를 완공한 즉시 피고 000에게 현물출자하여 그 관리, 운영권을 넘겼으므로 원고의 이 사건 원화에 대한 전시권을 침해하지 않았다.",
            "이 사건 원화에 대한 성명표시권, 동일성유지권, 공표권 침해도 성립하지 않으며, 위 역사공사의 발주자로서 단순한 도급인의 지위에 있음에 불과하고 이 사건 벽화들의 설치 시공에 있어서 도급인으로서 중대한 과실이 없으므로 수급인인 설계사무소의 저작권 침해의 불법행위에 대하여 그 책임이 없다고 주장한다."
        ]
    },
    "dcss": {
        "courtDcss": [
            "피고 000는 이 사건 원화가 원고의 작품임을 알았음에도 원고의 동의나 승낙 없이 이 사건 원화와 실질적으로 유사하게 이 사건 벽화를 설계하고 시공사인 소외 000와 소외 000에게 제공하여 위 시공사들에 의해 이 사건 벽화가 시공되도록 했다.",
            "각 역사에서 전시되도록 하였으며, 피고 000는 원고로부터 저작권 침해통지를 받은 이후에도 위 각 역사에서 이 사건 벽화가 전시되도록 하였으므로 피고 000와 피고 000는 원고의 저작재산권을 침해하였다고 할 것이다.",
            "이 사건 벽화 중 00000과 00000에 설치된 각 벽화의 작가란에는 작가미상 이라고 표시되어 있는 사실, 00000에 설치된 각 벽화의 경우에는 작가표시란 자체가 존재하지 않은 사실을 인정할 수 있으므로 피고 000, 피고 000는 원고가 이 사건 원화의 복제물에 자신의 실명 또는 이명을 표시할 수 있는 성명표시권을 침해하였다고 할 것이다.",
            "이 사건 벽화는 원고의 연작 작품 중 일부만을 벽화화하였거나 제작방식이 원고가 의도하지 않은 방식으로 되었으며(테라코타 방식에서 타일방식으로), 작품의 위, 아래를 거꾸로 설계, 시공함으로써 작가의 작품의도를 훼손하여 설치되거나 전시된 사실을 인정할 수 있으므로 피고 000, 피고 000는 원고의 이 사건 원화에 대한 동일성유지권을 침해하였다고 할 것이다.",
            "위 피고들이 이 사건 벽화를 지하철역사에 전시하여 일반공중에 공개하고 있음은 앞에서 본 바와 같으나, 공표권은 미공표의 저작물을 공표할 것인지 여부, 공표를 할 경우 언제 어떠한 형태나 방법으로 할 것인지를 결정하는 권리를 의미하는 것으로 그 성질상 미공표된 저작물에 대하여만 인정된다고 할 것이다.",
            "갑 제10호증 내지 갑 제17호증(가지번호 있는 것은 각 가지번호 포함)에 변론 전체의 취지를 종합하면 이 사건 원화는 이미 원고의 풍속화집 등에 공표된 저작물임을 인정할 수 있어 원고의 공표권 침해 주장은 이유 없다.",
            "따라서 위 피고들은 저작권 침해로 인한 재산적 손해를 배상하고 위자료를 지급할 의무가 있다.",
            "이 사건 벽화들의 면적 합계가 195㎡ 정도인 사실은 당사자들 사이에 다툼이 없고, 이 법원의 000에 대한 사실조회 결과에 의하면 위 협회의 저작권료 산정표에 의할 경우 미술작품을 4m × 3m(면적 12㎡)의 크기로 서울 및 수도권 지역에서 도로게시판으로 사용할 때의 저작권료가 1개월에 약 9,000,000원인 사실은 인정된다.",
            "한편 위 저작권료 산정표상 도로게시판은 도로 곳곳에 같은 게시판을 여러 개 세우는 경우를 의미하는 것으로 보이므로 이 사건 벽화가 이에 해당한다고 할 수 없고, 오히려 지하철역 광고판(4m × 3m로 210개 지하철역에서 사용하는 경우 1개월 사용료 약 9,400,000원)이나 기타게시판(2.4m × 3m로 1곳에 사용하는 경우 1년 사용료 약 2,400,000원)의 경우와 유사하다고 보아야 할 것이다.",
            "또한 위 산정표상 도로게시판의 경우에는 작품크기가 4m × 3m(면적 12㎡)인 한가지 경우의 기준만을 제시하고 있는 반면 광고나 홍보에 사용되는 일반포스터, 소형포스터, 상품진열대, 간판, 기타 게시판 의 경우에는 작품크기에 따른 저작권료를 제시하고 있는데, 그에 따르면 면적이 15배로 커짐에 따라 저작권료는 약 3.7배 내지 4.0배로 된다.",
            "면적이 9배로 커질 경우에는 저작권료가 약 2.5배 내지 2.8배로 되는 사실을 인정할 수 있어 저작권 사용료가 작품크기에 정비례하여 증가한다고 보기 어려우므로 결국 원고의 이 부분 주장은 받아들이기 어렵다.",
            "따라서 피고 000가 원고에게 배상하여야 할 손해액은 별지 제2목록 1항 및 2항 기재 벽화 3점의 경우 그 설치가 완료된 이후인 2001. 9.경부터 이 사건 변론종결일까지 55개월 동안의 저작권 사용료에 해당한다. 1,250,000원(3,000,000원 × 3점 × 55개월/12개월) ",
            "별지 제2목록 3항 기재 벽화 2점의 경우 그 설치가 완료된 2001. 3.경부터 이 사건 변론종결일까지 61개월 동안의 저작권 사용료에 해당하는 30,500,000원(3,000,000원 × 2점 × 61개월/12개월), 합계 71,750,000원(41,250,000원 + 30,500,000원)이 된다.",
            "피고 000가 원고에게 배상하여야 할 손해액은 피고 000가 원고의 이 사건 원화에 대한 저작권 침해 사실을 알게 된 날 이후로서 원고가 구하는 2003. 12.경부터 이 사건 변론종결일까지 28개월 동안의 저작권 사용료에 해당하는 35,000,000원(3,000,000원 × 5점 × 28개월/12개월)이 된다고 할 것이다.",
            "앞서 인정한 바와 같이 위 피고들이 원고의 동의나 승낙 없이 그 성명을 표시하지 않고 이를 무단 이용함으로써 원고는 이 사건 원화에 대하여 그 저작인격권인 성명표시권, 동일성유지권을 침해당하여 정신적 고통을 받았음이 경험칙상 명백하므로 피고들은 원고에게 이로 인한 정신적 손해를 배상할 의무가 있다.",
            "앞서 인정한 이 사건 벽화의 제작 경위, 무단 이용된 범위와 정도, 원고의 작가로서의 경력 등 기타 이 사건 변론에 나타난 제반 사정을 고려하면, 피고 000, 피고 000가 원고에게 배상하여야 할 위자료 액수는 각 금 10,000,000원이라고 봄이 상당하다.",
            "과실상계에서의 과실이란 손해의 확대를 방지하기 위해 사회통념상, 신의성실의 원칙상, 공동생활상 요구되는 약한 부주의까지 포함하는 것이지만, 원고가 피고 000, 피고 000의 저작권 침해사실을 알았다고 하여 바로 이 사건 벽화의 철거소송 등을 제기하여야 한다고는 볼 수 없다.",
            "오히려 앞서 든 증거들에 의하면 원고는 이 사건 원화의 도용사실을 알게 된 이후 여러 차례 피고 000에게 내용증명을 보내 원고의 이 사건 원화가 도용된 사실을 알리고 침해구제를 위한 조치를 요구하는 등 손해발생을 최소화하기 위한 조치를 취한 사실을 인정할 수 있는바, 이에 비추어 보면 원고에게 손해 발생을 최소화하기 위한 주의의무를 태만히 한 과실이 있다고 할 수 없어 피고 000의 주장은 이유 없다.",
            "피고 000가 원고의 이 사건 원화에 대한 성명표시권을 침해하였음은 앞서 본 바와 같고, 원고로서는 이 사건 원화 또는 그 복제물에 자신의 성명을 표시함으로써 저작물에 주어지는 사회적 평가를 저작자인 원고에게 귀속시킬 권리가 있다고 할 것이다.",
            "피고 000는 저작권법 제95조에 의하여 명예회복을 위하여 필요한 조치로서 이 사건 벽화 우측 하단에 원고의 이름, 약력, 벽화 제호를 표시할 의무가 있다.",
            "저작자는 고의 또는 과실로 저작인격권을 침해한 자에 대하여 손해배상에 갈음하거나 손해배상과 함께 명예회복을 위하여 필요한 조치를 청구할 수 있다 할 것이나, 한편 이때의 명예라 함은 저작자가 그 품성, 덕행, 명성, 신용 등 인격적 가치에 대하여 사회로부터 받는 객관적 평가 즉, 사회적 명예를 가리키는 것이다.",
            "저작자가 자기 자신의 인격적 가치에 대하여 갖는 주관적 평가 즉, 명예감정은 포함하지 않는다고 할 것인바, 이러한 견지에서 앞에서 인정한 사실을 살펴보면 이 사건 벽화가 원고의 저작인격권을 침해하고 가사 그 명예를 훼손하였다 하더라도, 원고의 작품에 대한 변형 정도가 크지 않은 점, 이 사건 벽화를 상업적 목적에 활용한 것은 아니다.",
            "위 피고들이 이 사건 벽화를 원고가 아닌 다른 사람의 작품이라고 주장한 것이 아니라 단순히 원작자인 원고의 표시를 누락한 것이라는 점 등에 비추어 그 명예훼손 정도는 크지 않다고 보이고, 앞에서 위자료 산정시 참작한 여러 사정과 인용한 위자료 액수 등을 종합하여 볼 때 위 피고들에게 원고의 저작 인격권을 침해함에 따른 위자료의 지급을 명한다.",
            "피고 000에게 이 사건 벽화에 원고의 성명 등을 표시하도록 명하는 것으로 충분하고, 별지 제1목록 기재 공고문 게재는 필요하지 않다고 할 것이므로 원고의 위 주장은 이유 없다.",
            "피고 서울특별시가 피고 000, 피고 000와 공동으로 이 사건 저작권을 침해하였는지에 관하여 보건대, 갑 제17호증, 을가 제1호증, 을다 제4호증의 각 기재만으로는 이를 인정하기에 부족하고 달리 이를 인정할 증거가 없다.",
            "피고 서울특별시는 이 사건 벽화에 관한 피고 000의 구체적인 설계 내용에 관하여 실질적으로 지휘, 감독권을 행사하였다고 볼 수 없다.",
            "위 각 역사가 완공된 이후에는 피고 000에게 그 관리, 운영권을 넘겨주어 위 역사 벽면에 설치되어 있는 이 사건 벽화를 무단전시하였다고 볼 수 없으며, 나아가 피고 서울특별시가 이 사건 원화들에 대한 성명표시권, 동일성유지권, 공표권을 침해하였다고 할 수 없어 원고의 주장은 이유 없다.",
            "따라서 원고에게, 피고 000 는 81,750,000원(재산상 손해 71,750,000원 + 위자료 10,000,000원)을, 피고 도시철도공사는 피고 000 와 각자 위 금원 중 45,000,000원(재산상 손해 35,000,000원 + 위자 료 10,000,000원) 및 위 각 금원에 대하여 피고 도시철도공사는 저작권 침해일인 2002. 7. 11.부터, 피고 000 는 저작권 침해일 이후로서 원고가 구하는 바에 따라야 한다.",
            "2001. 9. 1.부터 각 이 사건 이행의무의 존부 와 범위에 관하여 항쟁함이 상당한 2006. 5. 10.까지는 민법이 정한 연 5%의, 각 그 다음날부터 다 갚는 날 까지는 소송촉진 등에 관한 특례법이 정한 연 20%의 각 비율에 의한 지연손해금을 지급할 의무가 있다.",
            "피고 도시철도공사는 이 사건 판결송달일부터 7일 이내에 별지 제2목록 기재 각 벽화 우측 하단에 50cm × 50cm 이상의 크기로 원고의 이름, 약력, 벽화 제호를 표시할 의무가 있다."
        ]
    },
    "close": {
        "cnclsns": [
            "원고에게, 피고 000는 81,750,000원, 피고 서울특별시 000는 피고 000와 각자 위 금원 중 45,000,000원 및 위 각 금원에 대하여 피고 서울특별시 000는 2002. 7. 11.부터, 피고 000는 2001. 9. 1.부터 각 2006. 5. 10.까지는 연 5%의, 각 2006. 5. 11.부터 다 갚는 날까지는 연 20%의 각 비율에 의한 금원을 지급한다.",
            "피고 서울특별시 000는 이 판결 송달일로부터 7일 이내에 별지 제2목록 기재 각 벽화 우측 하단에 50cm × 50cm 이상의 크기로 원고의 이름, 약력, 벽화 제호를 표시하라.",
            "원고의 피고 서울특별시에 대한 청구 및 피고 서울특별시 000,3 주식회사에 대한 각 나머지 청구를 각 기각한다.",
            "소송비용 중 원고와 피고 서울특별시 사이에 생긴 부분은 원고가 부담하고, 원고와 피고 서울특별시 000,3 주식회사 사이에 생긴 부분의 2 3는 원고가, 나머지는 위 피고들이 각 부담한다.",
            "제1항은 가집행할 수 있다."
        ]
    }
}