{
    "info": {
        "caseField": "1",
        "detailField": "1",
        "trailField": "2",
        "caseNm": "손해배상(기)",
        "courtNm": "부산고등법원 ",
        "judmnAdjuDe": "2006. 05. 26.",
        "caseNo": "2004나10152",
        "relateLaword": [
            "신용협동조합법 제75조",
            "신원보증법 제4조",
            "신원보증법 제6조",
            "신용정보의 이용 및 보호에 관한 법률",
            "민법",
            "소송촉진 등에 관한 특례법"
        ],
        "qotatPrcdnt": [
            "대법원 2003. 5. 16. 선고 2003다5344 판결",
            "대법원 2001. 4. 24. 선고 2000다41875 판결",
            "대법원 2005. 7. 15. 선고 2002다34939 판결 ",
            "대법원 2004. 11. 11. 선고 2003다2789  판결"
        ]
    },
    "concerned": {
        "acusr": "2",
        "dedat": "1"
    },
    "org": {
        "orgJdgmnCourtNm": "울산지방법원",
        "orgJdgmnAdjuDe": "2004. 5. 19.",
        "orgJdgmnCaseNo": "2003가합3733"
    },
    "disposal": {
        "disposalform": "10",
        "disposalcontent": [
            "제1심 판결 중 다음에서 지급을 명하는 피고 7(대법원 판결의 피고 9)에 대한 원고 패소부분을 취소한다.",
            "피고 7은 피고 1, 2(대법원 판결의 소외 망인), 피고 3(대법원 판결의 피고 6), 피고 4, 5(대법원 판결의 피고 7), 피고 6(대법원 판결의 피고 8), 12와 연대하여 원고에게 150,000,000원 및 이에 대하여 2003. 11. 18.부터 2006. 5. 26.까지는 연 5%, 그 다음날부터 다 갚는 날까지는 연 20%의 비율에 의한 돈을 지급한다.",
            "제1심 판결 중 다음에서 지급을 명하는 부분을 초과하여 지급을 명한 피고 4(제1심 판결의 주문 제1.라.항의 신용보증책임), 피고 13, 14, 15, 16, 17(대법원 판결의 피고 13), 피고 18, 19, 20, 21, 22, 23의 패소부분을 취소하고, 위 취소부분에 해당하는 원고의 청구를 모두 기각한다.",
            "피고 1과 연대하여, 1. 피고 14는 350,000,000원 중 50,000,000원, 2. 피고 13은 피고 14와 연대하여 위 돈 중 20,000,000원, 3. 피고 15는 피고 14와 연대하여 위 돈 중 30,000,000원, 4. 피고 16은 20,000,000원을 지급한다.",
            "피고 12와 연대하여, 1. 피고 17은 250,000,000원 중 50,000,000원, 2. 피고 19는 피고 17과 연대하여 위 돈 중 30,000,000원, 3. 피고 18은 피고 17과 연대하여 위 돈 중 20,000,000원, 4. 피고 4는 피고 17, 18과 연대하여 위 돈 중 3,500,000원을 지급한다.",
            "제1심 공동피고 13과 연대하여, 1. 피고 20, 21은 연대하여 2,000,000원, 2. 피고 22, 23은 연대하여 32,274,300원 및 각 이에 대하여 2003. 11. 18.부터 2006. 5. 26.까지는 연 5%, 그 다음날부터 다 갚는 날까지는 연 20%의 비율에 의한 돈을 지급한다.",
            "제1심 판결 중 피고 8(대법원 판결의 10), 9, 10(대법원 판결의 11)에 대한 부분을 취소하고, 위 피고들에 대한 원고의 청구를 모두 기각한다.",
            "원고의 피고 7에 대한 나머지 항소 및 피고 11에 대한 항소와 피고 4(신용보증책임부분), 피고 13, 14, 15, 16, 17, 18, 19, 20, 21, 22, 23의 나머지 항소 및 피고 1, 2, 3, 4(이사의 손해배상책임부분), 피고 5, 6, 12의 항소를 모두 기각한다.",
            "제1심 판결의 주문 제1.다.항을 다음과 같이 변경한다.",
            "피고 12는 250,000,000원을 지급하되, 그 중 188,657,400원은 피고 1과 연대하여 지급한다."
        ]
    },
    "mentionedItems": {
        "rqestObjet": [
            "원고에게, 피고 1은 350,000,000원, 피고 13, 14, 15, 16은 각 피고 1과 연대하여 위 350,000,000원, 피고 1, 12와 연대하여, 피고 2, 4, 5, 6, 7, 11은 각 150,000,000원, 피고 3은 271,000,000원, 피고 8은 213,000,000원, 피고 9는 493,000,000원, 피고 10은 153,000,000원, ",
            "피고 12는 250,000,000원, 피고 12와 연대하여, 피고 17, 18, 19는 위 250,000,000원, 피고 4는 위 250,000,000원 중 89,707,000원, 제1심 공동피고 피고 13과 연대하여, 피고 20, 21은 40,331,000원, 피고 22, 23은 332,813,000원 및 위 각 돈에 대하여 이 사건 소장부본 최종 송달 다음날부터 제1심 판결선고일까지는 연 5%, 그 다음날부터 다 갚는 날까지는 연 20%의 각 비율에 의한 돈을 지급한다.",
            "제1심 판결 중 원고의 7, 11에 대한 패소부분(상업대출 부당취급 부분)을 취소한다.",
            "피고 7, 11은 피고 1, 12와 연대하여 각 150,000,000원 및 이에 대하여 이 사건 소장부본 최종 송달 다음날부터 제1심 판결선고일까지는 연 5%, 그 다음날부터 다 갚는 날까지는 연 20%의 각 비율에 의한 돈을 지급한다.",
            "제1심 판결 중 위 피고들에 대한 부분을 취소하고, 위 취소부분에 해당하는 원고의 청구를 모두 기각한다."
        ]
    },
    "assrs": {
        "acusrAssrs": [
            "원고는, 위 피고들은 파산자 조합의 감사로서 위2002. 2. 5.자및2002. 4. 30.자각 이사회에 참석하였으므로 상업대출의 시행이 관련 여신규정에 위반되는 것임을 잘 알고 있었을 것인데도 이를 상급기관에 보고하는 등 상업대출을 적발, 저지하지 않은 직무상 고의 또는 중과실이 있으므로, 파산자 조합에게 상업대출로 인한 손해를 연대하여 배상할 책임이 있다고 주장한다.",
            "원고는, 위와 같은 분식결산에 관하여, 피고 00, 00,9 는 파산자 조합의 임원인 감사로서 이를 발견하여 저지할 의무가 있음에도 불구하고 고의 또는 중과실로 이를 행하지 않은 잘못이 있으므로, 각 재직기간 동안 발생한 분식결산 및 부당배당으로 인한 손해를 연대하여 배상할 책임이 있다고 주장한다.",
            "피고들은, 피고 00은 1994. 12. 5. 이사장으로 취임한 이래 1995년경부터 2002. 10.경까지 무수히 많은 불성실한 행위를 하였고, 파산자 조합은 이를 알고 있었으므로 신원보증인들인 위 피고들에게 그러한 사실을 통지하여 신원보증계약을 해지할 기회를 주어야 함에도 이를 통지해 주지 않아 신원보증계약을 해지할 기회를 박탈당하였으므로 신원보증책임이 면책되어야 한다고 주장한다."
        ],
        "dedatAssrs": [
            "피고들은 여신업무방법서와 상업대출시행세칙은 모두 파산자 조합의 이사회결의를 통해 다 같이 제정된 규칙이므로 여신업무방법서가 상업대출시행세칙보다 우선한다고 볼 수 없고, 오히려 상업대출시행세칙이 여신 업무방법서 보다 최근에 제정되어우선하므로 상업대출시행세칙에 따른 상업대출은 적법한 것이라고 주장한다.",
            "피고들은, 상업대출시행세칙을 제정한 이사회결의가 파산자 조합에게 직접 손해를 발생시킨 것은 아니므로 이사회결의 자체와 파산자 조합의 손해와 사이에 상당인과관계가 없으니, 이사회결의에 참석한 임원들인 피고 00, 00,4,5,6,7 에 대하여는 법 제33조 제4항 의 이사회 결의에 반대표시를 하지 않은 임원들의 책임규정이 적용될 수 없다고 주장한다. ",
            "피고들은, 당시 상업대출이 경영상 파산자 조합의 고수익을 올리기 위한 가장 유효적절한 방법이라 판단하여 실행한 것이므로 위 피고들로서는 파산자 조합을 위하여 그 직무를 성실히 수행함과 아울러 선량한 관리자로서의 주의의무를 다하였다고 주장한다.",
            "피고들은, 소외 00,10,14,15,16 업체 에 대한 각 대출은 물적담보가 제공된 담보대출이므로, 신용대출의 동일인 초과한도 대출규정에 위반되지 않는다고 주장한다. ",
            "피고들은, 소외 00 업체, 소외 00,18 에 대출은 그 세대를 달리하는 자들에 대한 대출이므로, 동일인 대출한도 규정이 적용될 여지가 없다는 취지로 주장한다. ",
            "피고들은, 소외 00, 000,21 에 대한 대출은 담보대출이므로 연대보증인의 입보가 필요 없고, 대출금이 500만 원 이하의 소액인 경우에는 1인의 연대보증인으로도 충분하고, 또한 공무원에 대한 대출과 긴급 대출인 경우에는 그 대출금이 500만 원 이하이면 보증인을 입보시키지 않는 것이 관례라고 주장한다.",
            "어음발행인이 있는 경우에는 사실상 그 어음발행인이 보증인과 같은 역할을 하므로 따로 연대보증인을 입보시킬 필요가 없고, 소외 00 에 대한 대출의 경우에는 2명의 연대보증인이 입보하였으므로 더 이상 연대보증인의 입보가 필요 없으며, 소외 00 에 대한 대출 역시 현재 그의 개인택시를 압류해 두었으므로 손해가 발생되었다고 볼 수 없다고 주장한다."
        ]
    },
    "facts": {
        "bsisFacts": [
            "파산자 조합은 1972. 12. 30. 설립된 이래 000법에 의하여 조합원들에 대한 금융 및 생활의 편의를 제공하여 조합원의 복지사업 등을 주된 업무로 하여 오던 중 경영상태가 악화되어 2003. 5. 14. 울산지방법원으로부터 파산선고를 받았고, 원고는 같은 날 파산자 조합의 파산관재인으로 선임되어 현재 파산절차를 수행하고 있다.",
            "피고 00, 00,3, 4, 5,6,7,8,9,10,11,12 는 파산자 조합의 이사장, 이사, 감사, 전무 등으로 각 근무하였는데, 이들의 각 직책 및 재직기간은 아래와 같다.",
            "1. 피고 00,이사장, 1994. 12. 5.～2002. 11. 3., 8. 피고 00,감 사, 1991. 12. 8.～2002. 11. 3.",
            "2. 피고 00\t감사, 이사\t감사:1991. 12. 8.～2000. 12.11. 이사:2001. 2. 25.～2002. 11. 3.\t9. 피고 00\t감 사\t1997. 12. 11.～2002. 11. 3.",
            "3. 피고 00\t이 사\t1991. 12. 8.～2002. 11. 3.\t10. 피고 000\t감 사\t2001. 2. 25.～2002. 11. 3.",
            "4. 피고 00\t이 사\t1997. 12. 11.～2002. 11. 3.\t11. 피고 00\t감 사\t2002. 3. 25.～2002. 11. 3.",
            "5. 피고 00\t이 사\t2001. 2. 25.～2002. 11. 3.\t12. 피고 00\t상무, 전무\t1972. 7. 1.～2002. 11. 3.",
            "6. 피고 00\t이 사\t2001. 2. 25.～2002. 11. 3.\t13. 제1심 공동피고 00\t대 리\t1987. 5. 4.～2002. 11. 3.",
            "7. 피고 00\t이 사\t2001. 2. 25.～2002. 11. 3.\t？\t？\t？",
            "피고 00(이사), 피고 00,14,15,16,17,18,19,20,21,22,23 은 파산자 조합과 사이에 아래와 같이 피고 00,12, 제1심 공동피고 00 이 각 재직기간 중 파산자 조합에 입힌 손해를 연대하여 배상하기로 하는 내용의 신원보증계약을 체결하였다.",
            "13. 피고 00\t1994. 12. 4.～2000. 12. 3.\t피고 00\t19. 피고 00\t2000. 8. 7.～2004. 8. 6.\t피고 00",
            "14. 피고 00\t1994. 12. 4.～2000. 12. 3., 2001. 2. 26.～2005. 2. 25.\t″\t4. 피고 00(이사)\t1994. 8. 7.～1997. 8. 6.\t″",
            "15. 피고 00\t2001. 2. 26.～2005. 2. 25.\t″\t20. 피고 000\t1996. 5. 1.～1999. 4. 30.\t제1심 공동피고 00",
            "16. 피고 00\t2002. 8. 7.～2004. 8. 6.\t″\t21. 피고 00\t1996. 5. 1.～1999. 4. 30.\t″",
            "17. 피고 00\t1994. 8. 7.～2004. 8. 6.\t피고 00\t22. 피고 00\t1999. 5. 4.～2003.5. 3.\t″",
            "18. 피고 00\t1994. 8. 7.～2000. 8. 6.\t″\t23. 피고 00\t1999. 5. 4.～2003. 5. 3.\t″",
            "파산자 조합의 이사장 또는 이사, 감사들인 피고 00, 00,3, 4, 5,6,7,8,9,10,11 은 비상근, 무보수, 명예직으로 금융업무에 비전무가였는데, 이사장인 피고 00은 2001. 3. 이전까지는 비상근, 무보수로 일주일에 1～2회 파산자 조합에 들렀다.",
            "실무자들이 작성한 서류를 결재함과 아울러 이사회, 정기총회를 주재하는 등으로 업무를 보았으나 2001. 3. 이후부터는 다른 직원들과 마찬가지로 매일 출근을 하여 업무를 보았고 월 300만 원 정도의 월급을 지급받았다(상근, 보수직).",
            "이사 및 감사들은 몇 달에 한번씩 개최되는 이사회나 정기총회에 참석하여 필요한 업무를 보았고 대부분 각자의 생업에 종사하면서 파산자 조합의 임원으로 활동하였다.",
            "파산자 조합은 위와 같이 임원들이 금융업무에 전문적인 지식이 없는 비상임 임원들(2001. 3.부터 이사장인 피고 00은 제외)로만 구성되어 있어서, 그 구체적인 업무에 관한 실질적 및 전반적인 사항은 실무책임자로서 전무인 피고 00 가 처리하였다.",
            "파산자 조합이 제정한 상업대출시행세칙은 위 여신업무방법서의 상업대출금지규정에 위배될 뿐만 아니라 000에서 제정하여 파산자 조합에게 하달한 여신규정및여신규정시행세칙을 대폭 완화하여, 채무상환능력 등 기본적인 여신심사를 생략하고 신용대출한도액을 2,000만 원에서 5,000만 원으로 증액했다.",
            "아울러 등기부등본 또는 재직증명서를 첨부한 3인 이상의 연대보증을 요하던 것을 업주보증 또는 1～2명의 연대보증으로도 대출이 가능하도록 하였다.",
            "한편, 위2. 5.자 이사회에는 피고 00이 의장으로, 피고 00, 00 등이 임원으로, 피고 00 가 간부직원으로 각 출석하였다(갑 제17호증의 3, 갑 제37호증의 2에는 피고 00 도 위 이사회에 출석한 것으로 기재되어 있으나, 실제로 출석하지 않았다는 점에 대해 원, 피고 모두 다투지 않고 있다).",
            "위4. 30.자 이사회에는 피고 00이 의장으로, 피고 00, 00,4,5,6,7,8,10,11 이 임원으로, 피고 00 가 간부직원으로 각 출석하였다.",
            "그런데, 당시 위2002. 2. 5.자이사회에서는 피고 00이 상업대출의 적법성 여부에 의문을 제기하기도 하였으나 출석한 임직원들 모두는 그에 대한 적법성 여부를 검토하지 않고 오히려 상업대출시행에 별다른 문제점이 없는 것으로 결론짓고 상업대출을 시행하기로 결의하였다.",
            "그 결의에 대하여 별다른 반대의사를 표시하지 않았다(한편, 피고 00은 위 각 이사회에 출석하여 반대의견을 개진하였다고 주장하나, 갑 제37호증의 1 내지 4의 기재만으로는 이를 인정하기에 부족하고 달리 이를 인정할 만한 증거가 없으므로, 위 피고의 주장은 받아 들이지 않는다).",
            "파산자 조합은 2002. 1. 5.부터 2002. 11. 1.까지 총 533건의 상업대출을 실행하였는데 그 중 별지 1. 기재와 같이 2005. 9. 30. 현재 합계 12,424,319,000원의 회수불능 미상환액이 남아 있다.",
            "그 중 위 각 이사회결의 이전에 피고 00,12 가 실시한 소외 00, 00,8 에 대한 상업대출의 회수불능 미상환액은 합계 122,120,000원이다(계산상 편의를 위하여 천단위로 계산한 원고 제출의 갑 45호증의 상업대출현황에 따르기로 한다).",
            "파산자 조합은 위(1)항의 관련 규정을 위반하여 별지 2. 기재와 같이 1992. 6. 11.부터 1999. 12. 23.까지 사이에 동일인에 대한 대출한도를 초과하여 대출하였는데, 이로 인한 회수불능 미상환액은 합계 284,204,000원이다{원고는 그 손해가 313,351,000원이라고 주장한다.}",
            "{별지 2. 기재 중 소외 00의 한도초과액 24,989,000원, 소외 000의 한도초과액 7,916,000원, 소외 00의 한도초과액 4,000,000원을 넘는 각 미상환액(감축후 귀책금액)이 동일인 대출한도초과로 인한 것임을 인정할만한 아무런 증거가 없으므로, 위 인정금액을 초과하는 부분은 이유 없다}.",
            "한편, 위 284,204,000원은 모두 피고 00의 결재 및 전결에 의하여 실행된 것이고, 그 중 피고 00의 최종결재에 의한 것은 52,738,000원이다.",
            "그런데, 파산자 조합은 신용대출을 하면서 연대보증인을 입보시키지 않는 등 위(1)항의 규정을 위반하여 별지 3. 기재와 같이 1994. 5. 19.부터 2001. 12. 28.까지 사이에 총 16건 대출금 합계 179,200,000원의 대출을 실행하였는데, 위 대출금 중 회수불능 미상환액은 합계 116,671,000원이다.",
            "한편 위 116,671,000원은 모두 피고 00의 결재 또는 전결에 의하여 실행된 것이고, 그 중 피고 00의 최종결재에 의한 것은 46,196,000원이다."
        ]
    },
    "dcss": {
        "courtDcss": [
            "앞서 본 관련 제반 규정을 종합하면, 구 법의 개정 전후를 불문하고 000의 비상임 임원인 이사장, 이사 및 감사는 그 직무수행중 고의 또는 중대한 과실로 인하여 조합에 손해를 끼친 경우에 한하여 법 또는 민법상의 손해배상책임을 진다고 할 것이다.",
            "여기서 말하는 중과실이라 함은 고의에 준하여 통상 요구되는 정도에 미치지 못하는 약간의 주의만 하더라도 손쉽게 위법, 유해한 결과를 예견할 수 있음에도 만연히 이를 간과함과 같이 현저히 주의를 결여한 상태를 의미한다.",
            "중과실에 해당하는지 여부를 판단함에 있어서는 구체적 과실, 즉 주의의무를 부담하는 자의 능력이나 지식, 경험 등도 고려되어야 할 것이다.",
            "다만, 000의 이사장은 이사나 감사와는 달리 000의 업무를 통할하고 000을 대표할 뿐만 아니라, 전무 또는 상무에 대한 임면권을 가지고 있고, 전무 또는 상무 역시 이사장의 명을 받아 000의 재무 및 회계업무를 처리하여야 하도록 되어 있으므로(법 제27조, 제30조), 이와 같은 이사장의 권한 및 역할을 감안한다.",
            "그가 비록 비상임, 명예직이라 하더라도 000의 대표자로서 전무 등 간부직원을 감독하고, 회계업무 등이 규정에 맞게 제대로 시행되고 있는지 여부를 수시로 확인하여야 할 업무상 주의의무를 부담한다고 봄이 상당하다.",
            "이러한 점은 중과실 여부를 판단함에 있어서 다른 비상임 임원과는 달리 고려되어야 할 것이고, 이사장이 상임, 보수직이라면 경과실로 000에 손해를 끼친 경우에도 그 손해배상책임을 진다고 할 것이다.",
            "한편, 000의 임원이 아닌 전무, 상무 등의 직원은 법에 이사나 감사 등의 임원과는 달리 그 손해배상책임에 필요한 주의의무위반의 정도를 고의 또는 중과실로 제한하는 조항이 없으므로, 민법의 고용 또는 위임계약상의 일반원칙에 따라 선량한 관리자로서의 주의의무로서 경과실로 000에 손해를 입힌 경우에도 000에 대하여 손해배상책임이 있다 할 것이다.",
            "따라서 이러한 법리에 따라 파산자 조합의 임직원들에 대한 손해배상책임을 살펴보기로 한다.",
            "위 인정사실에 의하면, 피고 00은 1994. 12. 5.부터 오랫동안 파산자 조합의 이사장을 역임함과 아울러 각종 대출에 대한 최종결재권자로서 결재를 하여 왔고, 더욱이 이 사건 상업대출이 실시된 무렵에는 파산자 조합의 상근, 보수직으로 근무하였다.",
            "상업대출의 적법성 여부를 알고 있었거나 최소한 상업대출에 관한 여신규정이 있음을 알고 있어서 조금만 주의를 기울여 이러한 여신규정을 살펴보았더라면 상업대출이 허용되지 않음을 쉽게 알 수 있었음에도 그 주의의무를 현저히 게을리하여 상업대출을 그대로 승인, 결재함과 아울러 위 각 이사회에서 상업대출을 시행하도록 결의하는 잘못을 범하였다.",
            "이로 인하여 파산자 조합에게 상업대출로 인한 회수불능 미상환액 합계 12,424,319,000원 상당의 손해를 입혔으므로 이를 배상할 책임이 있다 할 것이다.",
            "위 인정사실에 의하면, 피고 00 는 파산자 조합의 실무책임자인 전무로서 오랫동안 파산자 조합의 여신업무 및 회계업무를 총괄하여 왔으므로 누구보다도 상업대출에 관한 여신규정을 잘 알고 있었음에도 이를 묵인, 방치하였거나 적어도 실무책임자로서 상업대출을 실행한 데에 대하여 과실이 있고 또한 위2002. 2. 5.자및 2002. 4. 30.자각 이사회 결의에 출석하였다.",
            "그 적법성에 대하여 아무런 이의도 제기하지 않고 상업대출시행결의를 묵인함으로써 파산자 조합으로 하여금 상업대출을 실행케 하여 위 대출금 중 합계 12,424,319,000원을 회수하지 못하도록 함으로써 파산자 조합에게 동액 상당의 손해를 입혔으므로, 이를 배상할 책임이 있다.",
            "위2002. 2. 5.자및2002. 4. 30.자 각 이사회는 상업대출시행여부가 그 주요안건이었을 뿐만 아니라 위2002. 2. 5.자 이사회 당시 피고 00이 상업대출의 적법성에 대하여 의문을 제기하였으므로 위 각 이사회에 참석한 이사들은 관련 규정을 토대로 그 적법성 여부를 검토하여 상업대출시행여부를 결정하여야 하고, 또한 조금만 주의를 기울였다면 그 적법성 여부를 쉽게 알 수 있었다.",
            "오로지 고수익을 올릴 목적으로 그 적법성 여부에 대한 검토를 현저히 게을리한 채 상업대출의 시행을 결의함과 아울러 기존(2002. 2. 5.이후부터 2003. 4. 30.까지 사이에)에 시행된 상업대출을 추인하는 중과실을 범하여 이 사건 상업대출을 시행하였고, 위 피고들은 파산자 조합의 이사들로서 중과실에 기인한 위 각 이사회결의에 참석하여 그 결의에 반대의사를 표시하지 않은 잘못이 있다.",
            "법 제33조 제4항 에 의하여 이로 인하여 파산자조합이 입은 손해인 2002. 2. 5.이후에 이루어진 상업대출로 인한 회수불능액 합계 12,302,198,000원에 대하여 책임이 있다 할 것이다. ",
            "원고는, 위 피고들은 파산자 조합의 감사로서 위2002. 2. 5.자및2002. 4. 30.자각 이사회에 참석하였으므로 상업대출의 시행이 관련 여신규정에 위반되는 것임을 잘 알고 있었을 것인데도 이를 상급기관에 보고하는 등 상업대출을 적발, 저지하지 않은 직무상 고의 또는 중과실이 있으므로, 파산자 조합에게 상업대출로 인한 손해를 연대하여 배상할 책임이 있다고 주장한다.",
            "앞서 본 바와 같이 구 법의 개정 전후를 불문하고 비상근, 명예직인 감사는 고의 또는 중과실로 조합에게 손해를 끼친 경우에 한하여 그 손해배상책임을 진다고 할 것이다.",
            "이 사건에서 위 피고들의 고의 또는 중과실이 인정되기 위해서는 위 피고들이 상업대출이 불법, 부당한 것임을 알았거나, 조금만 주의를 기울였다면 이를 알 수 있었을 것임에도, 위 피고들이 그러한 주의를 현저히 게을리 함으로써 감사로서의 임무를 해태하였음이 인정되어야 할 것이다.",
            "그런데 앞서 본 바와 같이 1. 위 피고들은 파산자 조합의 감사로, 비상근, 무보수, 명예직이었고, 파산자 조합의 실제 업무는 피고 00 에 의해 이루어졌던 점, 2. 위 피고들은 사실상 금융업무 등에 문외한으로서 감사로서의 임무를 제대로 수행하는 것이 사실상 불가능하였다.",
            "파산자 조합 역시 금융업무 등에 문외한인 피고들에게 실질적인 업무수행을 기대하지 않았던 것으로 보이는 점, 3. 상업대출의 시행은 사실상 위 2002. 2. 5.자 이사회 결의에서 확정되었고, 위 피고들이 참석한 위2002. 4. 30.자이사회에서는 기정사실화된 상업대출의 시행을 위하여 그 세칙을 제정하는 절차를 밟은 것에 불과하였다.",
            "당시 현실적으로 위 피고들이 상업대출이 여신업무방법서의 상업대출 금지규정에 위배되는 것임을 알았다거나 쉽게 알 수 있었다고 보기 어렵고, 또한 당시에나 그 이후까지 어느 누구도 상업대출이 위법한 것임을 알려주거나 설명해 주지 않은 것으로 보이는 점이 있다.",
            "4. 당시 위 피고들이 위2002. 4. 30.자이사회에 참석한 이유는 상업대출 시행결의를 위한 것이었다기보다는 주로 재무상태 및 감사와 관련된 안건을 청취하기 위한 것으로 보이고 상업대출시행결의는 기타 안건으로 제시되었던 점, 5. 특히 피고 00은 2002. 3. 25. 감사로 임명되어 그로부터 한달 뒤인 위2002. 4.30.자 이사회에 처음 출석하였으므로, 사실상 상업대출의 위법성을 몰랐을 개연성이 높다.",
            "또한 설령 감사인위 피고들이 이를 알았다고 하더라도 이를 저지한다는 것은 현실적으로 기대하기 어려운 점 등을 모두 고려해보면, 원고가 주장하는 사정 즉, 위 피고들이 위2002. 4. 30.자이사회에 참석하였다는 점만으로 위 피고들에게 고의 또는 중과실이 있었다고 보기는 어렵고, 달리 이를 인정할만한 증거도 없다.",
            "(법 제33조 제4항 은 감사에게 그대로 적용되기는 어렵다 할 것이므로 이를 이유로 하여 손해배상책임을 물을 수도 없을 것이다)",
            "따라서 원고의 위 피고들에 대한 주장은 더 나아가 살펴 볼 필요도 없이 이유 없다.",
            "위 피고들은 여신업무방법서와 상업대출시행세칙은 모두 파산자 조합의 이사회결의를 통해 다 같이 제정된 규칙이므로 여신업무방법서가 상업대출시행세칙보다 우선한다고 볼 수 없고, 오히려 상업대출시행세칙이 여신업무방법서 보다 최근에 제정되어우선하므로 상업대출시행세칙에 따른 상업대출은 적법한 것이라고 주장한다.",
            "앞서 본 바와 같이 여신업무방법서는 위 피고들 주장과 같이 파산자 조합이 이사회결의로 제정한 것이 아니라 000가 법 제75조 에 의하여 여신업무의 기본원칙 등을 제정하여 파산자 조합을 비롯한 각 단위 000에 하달한 것이다.",
            "각 단위 000은 위 여신업무방법서에 근거하여 각종 여신시행세칙을 제정하여 여신을 취급하고 있으므로 그 효력 또한 여신업무방법서가 각 단위 000의 각종 여신시행세칙 즉, 이 사건의 상업대출시행세칙에 우선한다 할 것이다.",
            "따라서 이와 다른 전제에 선 위 피고들의 위 주장은 이유 없다.",
            "피고 00:2,885,212,800원[= 14,426,064,000원{= 12,424,319,000원(부당상업대출-연대) + 52,738,000원(동일인한도초과-연대) + 46,196,000원(연보증인미입보-연대) + 7,990,000원(신용불량자대출-연대) + 1,894,821,000원(분식결산-연대)} × 0.2]",
            "피고 00:615,109,900{= 12,302,198,000원(부당상업대출-연대) × 0.05}",
            "피고 00:615,109,900{= 12,302,198,000원(부당상업대출-연대) × 0.05}",
            "피고 00:615,109,900{= 12,302,198,000원(부당상업대출-연대) × 0.05}",
            "피고 00:615,109,900{= 12,302,198,000원(부당상업대출-연대) × 0.05}",
            "피고 00:615,109,900{= 12,302,198,000원(부당상업대출-연대) × 0.05}",
            "피고 00:615,109,900{= 12,302,198,000원(부당상업대출-연대) × 0.05}",
            "피고 00:2,946,555,400원[= 14,732,777,000원{= 12,424,319,000원(부당상업대출-연대) + 284,204,000원(동일인한도초과-일부 연대) + 116,671,000원(연대보증인미입보-일부 연대) + 12,762,000원(신용불량자대출-일부 연대) + 1,894,821,000원(분식결산-연대)} × 0.2]",
            "피고 00, 00,10,11:각 책임 없음",
            "그렇다면, 원고에게 ① 피고 00는 2,946,555,400원{그 중 61,342,600원(= 피고 00 책임액 2,946,555,400원 - 피고 00의 책임액 2,885,212,800원)은 단독책임}, ② 피고 00은 피고 00와 연대하여 위 돈 중 2,885,212,800원, ② 피고 00, 00,4,5,6,7은 피고 00,12와 연대하여 위 돈 중 615,109,000원 및 이에 대한 지연손해금을 지급할 의무가 있다.",
            "앞서 본 바와 같이 파산자 조합과 사이에 ① 피고 00,14는 연대하여 1994. 12. 4.부터 2000. 12. 3.까지, ② 피고 00와 피고 00는 연대하여 2001. 2. 26.부터 2005. 2. 25.까지, ③ 피고 00은 2002. 8. 7.부터 2004. 8. 6.까지 사이에 ",
            "피고 00이 파산자 조합에 근무하는 동안의 행위로 인하여 파산자 조합이 입은 손해에 대하여 피고 00과 연대하여 배상하기로 하는 각 신원보증계약을 체결하였으므로, 위 피고들은 각 신원보증기간 동안 발생한 피고 00의 임무해태로 인한 손해를 피고 00과 연대하여 배상할 책임이 있다.",
            "위 피고들의 신원보증기간 동안 피고 00의 행위로 인한 파산자 조합의 손해는, ① 동일인에 대한 한도초과의 부당대출 행위로 인하여 입은 손해 52,738,000원, ② 연대보증 자격 및 입보에 관한 규정 위반 대출로 인하여 입은 손해 46,196,000원, ",
            "③ 분식결산 및 분식결산안과 배당을 승인한 이사회 결의로 인하여 입은 손해 1,894,821,000원, 합계 1,993,755,000원(= 52,738,000원 + 46,196,000원 + 1,894,821,000원)이다.",
            "위 피고들의 신원보증기간 동안 피고 00의 행위로 인한 파산자 조합의 손해는, ① 상업대출 실행으로 손해 12,424,319,000원, ② 신용불량자에 대한 대출로 인한 손해 중 2001. 3. 17.자 대출로 인한 손해 7,990,000원, 합계 12,432,309,000원(= 12,424,319,000원 + 7,990,000원)이다.",
            "위 피고의 신원보증기간 동안 피고 00의 행위로 인한 파산자 조합의 손해는 5,855,618,000원이다(원고는 위 신원보증기간내의 상업대출로 인한 손해는 6,237,443,000원이라고 주장하나, 위 인정 금액을 초과하는 손해가 발생한 것이라는 점을 인정할 만한 증거가 없다).",
            "따라서, 원고에게, 피고 00과 연대하여 ① 피고 00,14는 1,993,755,000원, ② 피고 00,15는 2001. 2. 26.부터 2005. 2. 25.까지 사이에 발생한 손해 12,432,309,000원 중 아래와 같이 피고 00이 부담하는 손해 1,951,872,000원을 제외한 10,480,437,000원, ",
            "③ 피고 00은 같은 기간의 신원보증인인 피고 00,15와 사이에 특별한 의사표시 없이 신원보증계약을 체결하였으므로 피고 00,15와 피고 00 사이에는 분별의 이익이 있다(신원보증법 제6조 제2항)할 것이어서 위 기간 동안 발생한 손해에 대하여는 피고 00,15와 피고 00이 그 책임을 안분하여 부담한다 할 것이므로, ",
            "피고 00은 위 기간 동안 발생한 손해 1,951,872,666원(= 5,855,618,000원 × 1/3,원 미만 버림)에 대하여 신원보증책임이 있다 할 것이다.",
            "살피건대, 사용자에게 신원보증법 제4조의 통지의무가 있다고 하더라도 사용자가 그 통지를 하지 아니하였다고 하여 막바로 신원보증인의 책임이 면제되는 것이 아니지만 신원보증인과 피보증인의 관계가 그러한 통지를 받았더라면 ",
            "신원보증계약을 해지하였을 것이라는 특수한 사정이 있음에도 불구하고 이를 통지하지 아니하여 신원보증인으로부터 계약해지의 기회를 박탈하였다고 볼 수 있는 경우에는 신원보증인의 책임이 부정된다 할 것이고, ",
            "법인 대표자를 피보증인으로 하는 신원보증에 있어서 대표자가 자신의 불법행위를 안 경우에도 법인이 그 사실을 안 것으로 보지 않을 수 없으므로 이때에 법인에게 위 통지의무가 발생하는 것으로 보아야 할 것이다(대법원 2003. 5. 16. 선고 2003다5344 판결 참조)."
        ]
    },
    "close": {
        "cnclsns": [
            "제1심 판결 중 다음에서 지급을 명하는 피고 00(대법원 판결의 피고 00)에 대한 원고 패소부분을 취소한다.",
            "피고 00은 피고 00, 00(대법원 판결의 소외 망인), 피고 00(대법원 판결의 피고 00), 피고 00, 피고 00(대법원판결의 피고 00), 피고 00(대법원 판결의 피고 00), 12 와 연대하여 원고에게 150,000,000원 및 이에 대하여 2003. 11. 18.부터 2006. 5. 26.까지는 연 5%, 그 다음날부터 다 갚는 날까지는 연 20%의 비율에 의한 돈을 지급하라.",
            "제1심 판결 중 다음에서 지급을 명하는 부분을 초과하여 지급을 명한 피고 00(제1심 판결의 주문 제1.라.항의 신용보증책임), 피고 00,14,15,16,17(대법원 판결의 피고 00), 피고 00,19,20,21,22 , 23 의 패소부분을 취소하고, 위 취소부분에 해당하는 원고의 청구를 모두 기각한다."
        ]
    }
}