{
    "info": {
        "caseField": "1",
        "detailField": "1",
        "trailField": "2",
        "caseNm": "구상금",
        "courtNm": "서울남부지방법원",
        "judmnAdjuDe": "2005. 09. 22.",
        "caseNo": "2004나9096",
        "relateLaword": [
            "산업재해보상보험법 제54조",
            "산업재해보상보험법 제4조",
            "근로기준법 제14조",
            "근로기준법 제15조",
            "구 산업재해보상보험법(1999. 12. 31. 벌률 제6100호로 개정되기 전의 것)  제9조",
            "민법 제618조",
            "민법 제664조",
            "산업재해보상보장법 제55조의2"
        ],
        "qotatPrcdnt": [
            "대법원 2004. 12. 24. 선고 2003다33691 판결(공2005상, 189)",
            "대법원 2003. 12. 26. 선고 2003다13307 판결(공2004상, 221)",
            "대법원 1986. 4. 8. 선고 85다카2429 판결(공1986, 759)",
            "대법원 1988. 3. 8. 선고 85다카2285 판결(공1988, 650)",
            "대법원 1997. 12. 26. 선고 97누16534 판결(공1998상, 431)",
            "대법원 1998. 5. 8. 선고 98다6084 판결(공1998하, 1599)",
            "대법원 1999. 2. 24. 선고 98두2201 판결(공1999상, 576)",
            "대법원 2002. 3. 21. 선고 2000다62322 전원합의체 판결(공2002하, 1317)"
        ]
    },
    "concerned": {
        "acusr": "2",
        "dedat": "1"
    },
    "org": {
        "orgJdgmnCourtNm": "서울남부지법",
        "orgJdgmnAdjuDe": "2004. 11. 23",
        "orgJdgmnCaseNo": "2003가단14212"
    },
    "disposal": {
        "disposalform": "10",
        "disposalcontent": [
            "1심판결 중 피고들로 하여금 각자 원고에게 18,762,060원 및 이에 대하여 2000. 8. 1.부터 2005. 9. 22.까지는 연5%, 그 다음날부터 완제일까지는 연 20%의 각 율에 의한 돈을 초과하여 지급하도록 명한 피고들 패소 부분을 취소하고, 그 부분에 해당하는 원고의 청구를 각 기각한다.",
            "피고들의 나머지 항소를 각 기각한다.",
            "소송총비용 중 30%는 원고가, 나머지는 피고들이 각 부담한다."
        ]
    },
    "mentionedItems": {
        "rqestObjet": [
            "피고들은 각자 원고에게 25,804,020원 및 이에 대한 2000. 8. 1.부터 이 사건 소장 부본 송달일까지는 연 5%, 그 다음날부터 완제일까지는 연 20%의 각 율에 의한 돈을 지급한다.",
            "제1심판결 중 피고들 패소 부분을 취소하고, 그 부분에 해당하는 원고의 청구를 각 기각한다."
        ]
    },
    "assrs": {
        "acusrAssrs": [
            "위 사고가 위 펌프카의 운전자인 피고 00의 과실로 인하여 발생한 것인데, 소외 회사는 피고 00로부터 위 펌프카를 임차하여 사용한 것에 불과하므로, 위 사고는 산재보험법 제54조 제1항 소정의 제3자의 행위로 인한 재해 에 해당한다."
        ],
        "dedatAssrs": [
            "소외 회사와 피고 00 사이의 중기사용계약이 노무도급에 해당하여 위 조항에 따라 하수급인인 피고 00 및 그 피용자인 피고 00이 제3자에 해당되지 않으므로, 원고의 구상권이 성립할 여지가 없다."
        ]
    },
    "facts": {
        "bsisFacts": [
            "원고는 산업재해보상보험법(이하 '산재보험법' 이라 한다)에 따라 노동부장관으로부터 산업재해보상사업을 위탁받은 법인이고, 피고 00는 000 라는 상호로 건설기계대여업을 하는 사람이다.",
            "피고 00은 피고 00에게 고용되어 그로부터 매월 임금을 받으면서 피고 00 소유의 (차량번호)호 콘크리트펌프카(이하 '위 펌프카' 라 한다)를 운전하던 사람이고, 피고 000(이하 '피고 회사' 라 한다)는 위 펌프카에 관하여 자동차보험계약을 체결한 보험자이다.",
            "0000 소재 성남 중앙도서관 및 여성회관 신축공사의 원수급인으로서 산업재해보상보험 가입 사업체인 소외 000로부터 위 신축공사 중 철근콘크리트 공사(이하 '위 공사' 라 한다)를 하도급받은 소외 000(이하 소외 회사 라 한다)는 위 공사를 위하여 시간당 또는 일당으로 일정액의 사용료를 지급하기로 하고 피고 00로부터 위 펌프카를 그 운전자인 피고 00과 함께 임차하였다.",
            "소외 00은 2000. 3. 11. 소외 회사와 사이에 일당을 90,200원으로 정하여 2000. 3. 11.부터 위 공사 완료일까지 위 공사 현장에서 비계 및 콘크리트공으로 일하기로 하는 내용의 근로계약을 체결하고, 그에 따라 위 공사 현장에서 콘크리트 타설작업을 하였다.",
            "00이 2000. 3. 15. 13:10경 위 공사 현장에서 도서관동 4층 옥상 부분의 콘크리트 타설작업을 하던 중, 피고 00이 운전하던 위 펌프카의 호스를 00이 들어서 옆으로 옮기는 일을 하면서, 위 호스를 1인이 들기엔 무거웠고 2인 이상이 들기엔 공간이 좁았기에 피고 00이 이를 도와주고자 위 펌프카의 리모콘을 작동하여 위 호스를 들어 올렸다.",
            "이 때 피고 00이 00의 작업 상태나 움직임 및 지시를 제대로 살피지 아니하여 00의 왼손 손가락이 위 펌프카 호스 아래에 낀 상태임에도 계속 위 호스를 들어 올려 손가락이 위 호스와 유로폼(건설용 거푸집의 일종) 사이에 끼어 눌리게 함으로써 00로 하여금 왼쪽 제2수지 원위지골 절단상을 입게 하였다(이하 '위 사고' 라 한다).",
            "위 사고로 인하여 원고는 00에게 2000. 5. 8.과 같은 해 6. 19.에 휴업급여로 5,808,880원을, 2000. 6. 22. 장해급여로 19,844,000원을, 2000. 7. 31. 요양급여로 151,140원을 각 지급하였다."
        ]
    },
    "dcss": {
        "courtDcss": [
            "산재보험법 제54조 제1항은 \"공단은 제3자의 행위에 의한 재해로 인하여 보험급여를 지급한 경우에는 그 급여액의 한도 안에서 급여를 받은 자의 제3자에 대한 손해배상청구권을 대위한다.",
            "다만, 보험가입자인 2 이상의 사업주가 같은 장소에서 하나의 사업을 분할하여 각각 행하다가 그 중 사업주를 달리하는 근로자의 행위로 재해가 발생한 경우에는 그러하지 아니하다.\" 고 규정하는데, 여기서 구상권 행사의 상대방이 되는 제3자 라 함은 피해 근로자와 산재보험관계가 없는 자로서 피해 근로자에 대하여 불법행위 등으로 인한 손해배상책임을 지는 자를 말한다( 대법원 2003. 12. 26. 선고 2003다13307 판결 참조).",
            "근로자가 동일한 사업주에 의하여 고용된 동료 근로자의 행위로 인하여 업무상의 재해를 입은 경우에 그 동료 근로자는 보험가입자인 사업주와 함께 직,간접적으로 피해 근로자와 산재보험관계를 가지는 자이므로, 위 '제3자' 에서 제외된다( 대법원 2004. 12. 24. 선고 2003다33691 판결 참조). ",
            "그러나 이는 그 사업주가 피해 근로자와 가해 근로자 모두에 대하여 보험가입자의 지위에 있어 당해 사업체 소속 가해 근로자와 피해 근로자가 모두 그 보험가입자와 산재보험관계에 있는 경우를 전제로 하는 것으로, 동일한 사업주가 피해 근로자에 대한 관계에서는 보험가입자의 지위에 있지만 가해자에 대한 관계에서는 보험가입자의 지위에 있지 아니한 경우에는 그 가해자는 구상권 행사의 상대방이 되는 제3자에 해당한다. ",
            "그리고 이 경우 그 사업주가 가해자의 행위에 대하여 사용자책임을 지는 경우가 있다 하더라도 결과는 달라지지 않는다( 대법원 2003. 12. 26. 선고 2003다13307 판결 참조, 위 대법원 2004. 12. 24. 선고 2003다33691 판결은 사업주가 피해 근로자와 가해 근로자 모두에 대하여 보험가입자의 지위에 있는 경우에 관한 것이다).",
            "산재보험관계가 인정되는 근로자에 해당하려면 재해 당시에 근로기준법에 의한 근로자로 인정되어야 하고, 근로기준법상의 근로자에 해당하는지는 계약의 형식에 관계없이 그 실질에 있어 근로자가 사업 또는 사업장에 임금을 목적으로 종속적인 관계에서 사용자에게 근로를 제공하였는지에 따라 판단된다( 대법원 1997. 12. 26. 선고 97누16534 판결, 1998. 5. 8. 선고 98다6084 판결 등 참조).",
            "소외 회사는 시간당 또는 일당으로 사용료를 지급하기로 하고 피고 00로부터 위 펌프카를 그 운전자인 피고 00과 함께 임차한 것에 불과한 사실, 피고 00은 피고 00에게 고용되어 그로부터 매월 임금을 받아 온 사실은 앞서 본 바와 같으므로, 피고 00은 피고 00의 근로자로 인정될 뿐 소외 회사 또는 000와의 관계에서 임금을 목적으로 종속적인 관계에서 근로를 제공한 근로자에 해당한다고 볼 수는 없다.",
            "산업재해가 보험가입자와 제3자의 공동불법행위로 인하여 발생한 경우, 근로복지공단은 제3자에 대하여 보험가입자의 과실비율만큼을 구상할 수 없고, 구체적으로는 피해자가 배상받을 손해액 중 보험가입자의 과실비율 상당액을 보험급여액에서 공제하고 그 차액에 대하여만 제3자로부터 구상할 수 있다( 대법원 2002. 3. 21. 선고 2000다62322 전원합의체 판결 참조).",
            "위 1.항에서 든 증거들에 의하면, 보험가입자인 000 및 그로부터 위 공사를 하도급받은 소외 회사는, 위 펌프카 작업이 경우에 따라 위험을 일으킬 수도 있으므로, 그 운전자에게 정확하고 확실한 신호의 전달이 가능하도록 작업자들에게 교육을 시키고 안전사고에 관한 주의를 환기시켜 사고를 미리 막을 주의의무가 있다.",
            "그리고 나아가 위 사고의 경우와 같이 위험성이 큰 작업을 할 때에는 실제로 작업을 하는 사람 외에 작업지시자나 안전관리자를 현장에 배치하여 그의 작업지시에 따라 안전하게 위 펌프카의 작동이 이뤄지도록 할 주의의무가 있음에도 불구하고, 이를 소홀히 한 채 위 사고 당일 아침에 일괄하여 작업지시를 하였을 뿐 위 사고 당시에는 작업지시자 등을 따로 현장에 배치하지 않고 00의 신호에만 의존하여 위 펌프카 작업을 하도록 한 잘못이 인정된다.",
            "그런데, 앞서 본 피고 00 및 00의 과실 정도, 위 작업의 난이도 및 위험도, 그 밖에 이 사건 변론에 나타난 모든 사정에 비추어 볼 때, 보험가입자측의 이러한 과실비율을 10%로 봄이 타당하다."
        ]
    },
    "close": {
        "cnclsns": [
            "제1심판결 중 피고들로 하여금 각자 원고에게 18,762,060원 및 이에 대하여 2000. 8. 1.부터 2005. 9. 22.까지는 연 5%, 그 다음날부터 완제일까지는 연 20%의 각 율에 의한 돈을 초과하여 지급하도록 명한 피고들 패소 부분을 취소하고, 그 부분에 해당하는 원고의 청구를 각 기각한다.",
            "피고들의 나머지 항소를 각 기각한다.",
            "소송총비용 중 30%는 원고가, 나머지는 피고들이 각 부담한다."
        ]
    }
}