{
    "info": {
        "caseField": "1",
        "detailField": "1",
        "trailField": "2",
        "caseNm": "부동산소유권확인, 공탁물출급청구권확인",
        "courtNm": "광주고등법원",
        "judmnAdjuDe": "2006. 03. 17.",
        "caseNo": "2004나7056",
        "relateLaword": [
            "민사소송법 제79조",
            "민법 제186조",
            "민법 제187조 ",
            "민법 제245조"
        ],
        "qotatPrcdnt": [
            "대법원 1969.2.18. 선고 68다2105 판결 ",
            "대법원 1997. 11. 14. 선고 96다25715 판결 ",
            "대법원 2002. 6. 28. 선고 2001다5296 판결 ",
            "대법원 1994.9.30. 선고 93다27703 판결 ",
            "대법원 1997. 12. 26. 선고 97다39742 판결",
            "대법원 1993. 10. 26. 선고 93다28638 판결",
            "대법원 1997. 12. 26. 선고 97다39742 판결",
            "대법원 199 7. 9. 26. 선고 95다6205 판결 ",
            "대법원 1993. 6. 25. 선고 92다14458 판결 ",
            "대법원 1965. 11. 23. 선고 65다2056 판결 ",
            "대법원 1981. 9. 22. 선고 80다3121 판결"
        ]
    },
    "concerned": {
        "acusr": "1",
        "dedat": "3"
    },
    "org": {
        "orgJdgmnCourtNm": "",
        "orgJdgmnAdjuDe": "",
        "orgJdgmnCaseNo": ""
    },
    "disposal": {
        "disposalform": "10",
        "disposalcontent": [
            "원고들의 항소 및 독립당사자참가인의 청구를 모두 기각한다.",
            "항소 이후의 소송비용 중 독립당사자참가로 인한 비용은 독립당사자참가인의 부담으로 하고, 그 나머지는 모두 원고들의 부담으로 한다."
        ]
    },
    "mentionedItems": {
        "rqestObjet": [
            "청구취지 : 피고는 원고들에게, 별지 목록 기재 부동산을 원고들이 각 1/4의 비율로 소유함을 확인하고, 전주지방법원 2001년 금제1369호 공탁금 327,865,000원 및 이에 대한 이자에 대하여 원고들이 각 4분의 1씩의 비율에 의한 출급청구권을 지니고 있음을 확인한다.",
            "항소취지 : 제1심판결을 취소한다. ",
            "피고는 원고들에게 전주지방법원 2001년 금제1369호 공탁금 327,865,000원 중 각 금 81,966,250원에 관한 출급청구권이 있음을 확인한다.",
            "독립당사자참가인의 청구취지 : 피고가 전주지방법원 2001년 금제1369호로 공탁한 금 327,865,000원에 관한 공탁금출급청구권이 독립당사자참가인에게 있음을 확인한다."
        ]
    },
    "assrs": {
        "acusrAssrs": [
            "위 00은 족보상으로는 00()이고, 그의 자손으로는 장남인 00(, 족보상), 손자 00(, 족보상)이 있으며, 위 00이 1933. 1. 31. 사망하였고, 위 00의 후손들로서 원고들을 포함한 상속인들이 0000임야를 협의분할한 결과 원고들이 이를 각 1 4 비율로 소유하기로 하였으므로 공탁금출급청구권이 원고들에게 있다."
        ],
        "dedatAssrs": [
            "독립당사자참가인은 0000 임야가 분할되기 이전의 0000 소재 임야(이하, '이 사건 부동산'이라고 한다)를 1929. 8. 30. 00에게 명의신탁하였다."
        ]
    },
    "facts": {
        "bsisFacts": [
            "0000 임야 1,926㎡(이하, 'OOOO 임야'라고만 한다)는 미등기 토지로서 그 토지대장에는 0000()에 주소를 둔 00()이 소유권자로 기재되어 있고, 피고가 이를 수용하면서 그 수용대금을 피공탁자 주소:0000, 성명:00으로 하여 공탁하였다."
        ]
    },
    "dcss": {
        "courtDcss": [
            "살피건대, 민법 시행 전에 있어서의 호주사망의 경우, 그 망인의 유산은 호주상속인에게만 상속된다(대법원 1969.2.18. 선고 68다2105 판결 참조) 할 것이다.",
            "갑 제2호증, 을 제6호증의 1 내지 4의 각 기재 및 변론 전체의 취지에 의하면, 위 00은 1933. 1. 31. 사망하였고, 위 00의 호주상속인은 그의 손자인 00{00), 그의 부(父)는 00(00)으로 위 00보다 먼저 사망하였다.",
            "그러므로, 위 00의 재산을 상속할 수 없다 가사 원고들의 주장과 같이 위 00으로부터 원고들까지의 신분관계가 인정되어 위 00이 실제로는 위 00의 장남이라고 하더라도 위 00의 자식으로 호적에 기재되어 있지 않는 한, 호주상속인이 될 수 없다 고 할 것이다.",
            "구 임야대장규칙(1920. 8. 2. 조선총독부령 제113호)에 의하여 준용되는 구 토지대장규칙(1914. 4. 25. 조선총독부령 제45호) 제2조에 의하면 토지에 대한 소유권의 이전은 등기공무원의 통지가 없으면 토지대장에 등록할 수 없으나 다만 국유지의 불하, 교환, 양여 또는 미등기토지의 수용으로 인하여 소유권이 이전되는 경우 및 미등기토지를 국유로 하는 경우는 그러하지 아니하다라고 규정하고 있다.",
            "그러므로 구 임야대장상 소유권을 양수, 취득받은 것으로 등재된 자는 원칙적으로 당해 임야에 관하여 소유권이전등기를 마치고 이를 소유한 자라고 추정할 수 있지만, 그 전소유자가 국()인 경우에는 그렇게 추정할 수 없고, 단지 국()으로부터 국유지를 교환, 불하, 양여받았다고 추정할 수 있을 뿐이다(대법원 1997. 12. 26. 선고 97다39742 판결, 1993. 10. 26. 선고 93다28638 판결 등 참조).",
            "돌이켜 이 사건에서 보건대, 갑 제1호증의 1 내지 11, 을 제1호증의 1 내지 45, 제2호증, 제3호증의 1, 2의 각 기재에 변론 전체의 취지를 더하여 보면, 이 사건 부동산으로 분할되기 이전의 0000소재 임야는 1914. 11. 10. 국() 명의로 사정된 사실, 1929. 5. 16. 이 사건 부동산이 위 0000 소재 임야로부터 분할되었다.",
            "이 사건 부동산의 구 토지대장의 사고(事故)란에 00이 1929. 8. 30. 국(國)으로부터 소유권이전 받은 것으로 기재된 사실, 1970. 10. 15. 이 사건 부동산이 각 분할된 사실, 위와 같이 이 사건 부동산으로부터 분할되어 나온 각 부동산의 토지대장의 사고란은 위와 같은 연유로 공란으로 처리되어 있음에도 대장의 첫장 표지에는 소유권의 변동원인이 1929. 8. 30.자 사정으로 기재되어 있는 사실 등을 인정할 수 있다.",
            "이러한 사실만으로는 00이 국(國)으로부터 1929. 8. 30. 이 사건 부동산을 불하, 교환, 양여받았음을 추정할 수 있을 뿐 00 앞으로 소유권이전등기가 경료되었다고 인정하기 어렵고, 부동산에 관한 법률행위로 인한 물권의 득실변경은 등기하여야 효력이 생긴다(민법 제186조)고 규정하고 있는 우리 법제 하에서는 독립당사자참가인이 00의 명의로 이 사건 부동산의 소유권을 취득하였다고 인정하기 어렵다."
        ]
    },
    "close": {
        "cnclsns": [
            "원고들의 항소 및 독립당사자참가인의 청구를 모두 기각한다.",
            "항소 이후의 소송비용 중 독립당사자참가로 인한 비용은 독립당사자참가인의 부담으로 하고, 그 나머지는 모두 원고들의 부담으로 한다."
        ]
    }
}