{
    "info": {
        "caseField": "1",
        "detailField": "1",
        "trailField": "2",
        "caseNm": "손해배상(기)",
        "courtNm": "인천지법",
        "judmnAdjuDe": "2004. 11. 18.",
        "caseNo": "2004나8500",
        "relateLaword": [
            "공증인법 제4조",
            "공증인법 제25조",
            "공증인법 제31조",
            "공증인법 제56조",
            "공증인법시행령 제12조",
            "공증인법시행령 제13조"
        ],
        "qotatPrcdnt": [
            "대법원 2002. 5. 31. 선고 2001다64486 판결(공2002하, 1529)"
        ]
    },
    "concerned": {
        "acusr": "1",
        "dedat": "2"
    },
    "org": {
        "orgJdgmnCourtNm": "인천지법",
        "orgJdgmnAdjuDe": "2004. 6. 4. ",
        "orgJdgmnCaseNo": "2003가단27831 "
    },
    "disposal": {
        "disposalform": "10",
        "disposalcontent": [
            "항소를 기각한다.",
            "항소비용은 원고의 부담으로 한다."
        ]
    },
    "mentionedItems": {
        "rqestObjet": [
            "제1심판결을 취소한다.",
            "피고는 원고에게 27,376,580원 및 이에 대하여 이 사건 소장 부본 송달 다음날부터다 갚는 날까지 연 20%의 비율에 의한 돈을 지급한다."
        ]
    },
    "assrs": {
        "acusrAssrs": [
            "피고가 작성한 이 사건 공정증서 중 약속어음 발행인란과 위임장의 채무자란에는 소외 00의 날인 부분에 ×표가 되어 있고, 그 옆에 다시 한명희의 도장이 날인되어 있다.",
            "그러므로 이러한 경우 공증인으로서는 연대보증인의 의사가 주채무자 변경에도 불구하고 계속 유지되는지, 보증의사가 있는지 여부를 조사·확인하고 공정증서 작성을 대리하는 채무자들의 대리인에게 적법한 대리권이 있는지 여부를 확인함으로써 무효의 공정증서에 의한 강제집행이 이루어지지 않도록 하여야 할 주의의무를 부담함에도 불구하고, 피고는 이와 같은 보증의사나 적법한 대리권의 유무에 대한 확인을 소홀히한 채 위 공정증서를 작성하였다.",
            "공증인은 대리인의 촉탁에 의하여 증서를 작성한 경우에는 증서를 작성한 날로부터 3일 이내에 증서의 건명, 번호, 작성연월일, 공증인의 성명, 사무소, 대리인과 상대방의 성명, 주소 등을 본인에게 통지하여야 하는데, 피고는 통지기한을 넘어 1996. 11. 4. 공정증서의 내용을 통지하였을 뿐만 아니라, 원고가 피고로부터 이 사건 공정증서의 내용을 통지를 받은 바도 없으므로, 피고는 위와 같은 통지의무를 해태하였다.",
            "원고의 처가 1998. 10. 12. 000과 사이에 00, 소외 00의 000에 대한 덤프트럭대금 채무에 대하여 합의하고 지급한 합의금 9,000만 원 중 소외 00 부분의 채무 68,389,182원를 공제한 나머지 21,610,000원을 000으로부터 반환받아야 하는데 현재 000의 파산으로 인하여 위 금원을 반환받지 못하고 있어 피고는 위 금액 상당의 손해도 원고에게 배상할 의무가 있다.",
            "공증인의 잘못으로 인하여 이 사건 주택에 대하여 강제경매가 진행되는 바람에 망 00이 그 소유권을 상실하여 그 시가 중 000이 배당받았다가 반환한 배당금 11,124,902원 및 근저당권자인 000의 배당금 3,075,357원을 공제한 17,299,741원 상당의 손해를 입었으므로 피고는 원고에게 그 중 원고의 상속지분인 1/3에 해당하는 5,766,580원을 배상할 의무가 있다.",
            "공증인은 대리인의 촉탁에 의하여 증서를 작성한 경우에는 증서를 작성한 날로부터 3일 이내에 증서의 건명, 번호, 작성연월일, 공증인의 성명, 사무소, 대리인과 상대방의 성명, 주소 등을 본인에게 통지하여야 하는데, 피고는 통지기한을 넘어 1996. 11. 4. 공정증서의 내용을 통지하였을 뿐만 아니라, 원고가 피고로부터 이 사건 공정증서의 내용을 통지를 받은 바도 없으므로, 피고는 위와 같은 통지의무를 해태하였다."
        ],
        "dedatAssrs": [
            "원고의 손해가 피고의 통지 지체로 인하여 발생하였다고 할 수 없다."
        ]
    },
    "facts": {
        "bsisFacts": [
            "소외 000(이하 'OOO'라 한다)의 관리과장이라는 직책을 맡고 있던 소외 00은 1996. 9. 중순경 000의 대표이사인 소외 00, 00 0(이하 'OOO'이라 한다)의 인천영업소 영업과장인 소외 00 등과 만난 자리에서 덤프트럭 2대를, 한 대는 소외 00 자신 명의로, 한 대는 소외 회사 명의로 구입하되 덤프트럭 매입에 필요한 보증서류는 자신이 준비하고 차량인도금 등은 소외 회사에서 지불하기로 하였다.",
            "소외 00의 매형인 소외 00는 1996. 9. 20.경 소외 00로부터 덤프트럭 1대를 구입하여 000에 지입하면 000가 덤프트럭을 관리해 주고 매월 이익금을 주겠다는 제의를 받자 이를 승낙하고, 1996. 9. 25.경 소외 00로부터 덤프트럭을 구입하는 데 필요한 서류라면서 자동차매매계약서 주요내용 설명확인서, 연대보증서, 약속어음, 약속어음의 공증촉탁에 관한 위임장 용지를 각 2매씩 교부받았다.",
            "소외 00는 그 날 위 설명확인서 및 연대보증서의 각 매수인란, 약속어음의 발행인란 및 위임장의 채무자란에 이름은 기입하지 아니한 채 자신의 도장을 날인하고, 아버지인 망 소외 00과 동생인 원고에게 000으로부터 덤프트럭 1대를 구입하는 데 연대보증을 서달라고 부탁하여 위 서류들의 각 연대보증인란에 도장을 날인받은 후, 위 서류들과 망 00, 원고의 인감증명서 각 8매를 소외 00에게 교부하였다.",
            "소외 00은 위와 같이 소외 00로부터 교부받은 서류들을 자신이 덤프트럭을 구입하는 데 필요한 보증서류로 이용할 마음으로, 다음날인 1996. 9. 26.경 소외 00에게 덤프트럭의 명의를 소외 00 앞으로 해야 지입료가 면제되는 등 유리하다면서 매수인 명의를 변경하자고 제의하였다.",
            "그러자, 소외 00는 이에 동의하고 위 서류들의 각 매수인란의 날인은 그대로 놔둔 채 각 연대보증인란에 다시 자신의 도장을 날인하였으나, 망 00에게는 위와 같은 사실을 알리지 않았다.",
            "소외 00은 1996. 9. 30. 소외 00로부터 교부받은 위 서류들의 각 매수인란에 한 장에는 자신의, 한 장에는 소외 00(위 임순옥의 약혼자인 소외 00의 형)의 도장을 각 날인한 다음 00에게 이를 교부하였고, 00은 위 서류들을 검토하다가 매수인란에 소외 00과 00의 도장 이외에 소외 00의 도장도 날인되어 있는 것을 발견하였다.",
            "그리고 소외 00의 동의하에 약속어음의 발행인란과 약속어음의 공증촉탁에 관한 위임장 용지의 채무자란에 각 날인되어 있는 소외 00의 날인 부분에 '×'라고 표시한 다음 소외 00 명의와 00 명의로 덤프트럭 각 1대씩을 000으로부터 구입하는 내용의 매매계약서를 작성하였다.",
            "소외 00은 1996. 10. 16. 00 명의로 매수한 덤프트럭의 대금지급을 담보하기 위하여 망 00과 원고의 승낙 없이 임의로, 000 직원인 소외 00를 위 약속어음의 채권자 및 채무자들의 대리인으로 삼아 위 약속어음 및 위임장, 인감증명서 등을 이용하여 액면금 123,180,952원, 발행인 00,연대보증인을 망 00, 원고, 소외 00, 소외 00,수취인 000으로 하는 약속어음 1매를 작성하게 하였다.",
            "그 다음, 공증인가 000(2001. 2. 20. 피고로 상호가 변경되었다)의 공증담당 변호사 소외 00에게 위 약속어음금 채무에 관하여 강제집행을 인낙하는 취지의 1996년 증서 제16836호 약속어음 공정증서(이하 이 사건 공정증서 라 한다)를 작성하도록 하였고, 이와 같이 작성된 집행증서를 00에게 교부하도록 하였다.",
            "피고 법무법인은 1996. 11. 4.경이 되어서야 위와 같은 내용의 약속어음 공정증서가 작성되었다는 통지서를 망 00, 원고, 소외 00 등에게 등기우편으로 발송하였는데, 소외 00에게 발송한 통지서는 1996. 11. 7.경 수취인 불명이라는 사유로 반송되었다.",
            "그 후 00가 덤프트럭의 할부금 채무이행을 지체하자, 000은 연대보증인으로 되어 있는 00, 소외 00, 원고에 대하여 할부금 납부를 독촉하는 한편, 1998. 1. 7. 인천지방법원 98카합9호로 00 소유의 0000 지상 철근콘크리트조 슬래브지붕 3층 연립주택 제105호(이하 이 사건 주택 이라 한다)와 소외 00, 원고 소유의 각 아파트에 관하여 부동산가압류를 하였다.",
            "그리고, 1998. 2. 23. 인천지방법원 98카합2097호로 원고의 급여에 대하여 채권가압류를 하였으며, 1998. 5.경에는 위 집행증서에 기하여 망 00 소유의 이 사건 주택 및 원고 소유의 아파트에 관하여 인천지방법원 98타경74386호로 강제경매신청을 하여 1998. 5. 27. 강제경매개시결정이 내려졌다.",
            "한편, 000은 원고를 상대로 1998. 5. 6. 인천지방법원 98가합7885호로 00에 대하여 보증채무금 청구의 소를 제기하였는데 그 소송이 계속되던 중 원고의 처인 소외 00은 000에게 합의를 요청하였다. ",
            "그리하여 소외 00이 원고의 대리인으로서 1998. 10. 12. 피고와 사이에 ① 원고가 이 사건 덤프트럭 2대에 대하여 연대보증한 사실을 인정하고, 위 각 덤프트럭의 연체된 할부금 중 금 90,000,000원을 1998. 10. 12.까지 지급하며 피고는 위 금원을 수령한 후 위 각 덤프트럭과 관련하여 원고에 대한 나머지 연대채무를 면제한다는 내용의 채무면제확인서를 작성·교부한다.",
            "그리고 ② 000이 위 금원을 수령한 후 원고를 상대로 제기한 인천지방법원 98가합7885호 보증채무금 청구의 소, 원고에 대한 채권가압류(98카합2097호)를 각 취하하고, 000이 신청한 부동산가압류(98카합9호) 및 부동산강제경매신청(98타경74386호) 사건 중 원고에 대한 부분은 각 취하한다는 내용으로 합의서를 위 소송의 소송대리인들 관여하에 작성한다.",
            "그리고, 000으로부터 원고의 채무면제확인서를 교부받은 다음 1998. 10. 12.경 피고에게 금 90,000,000원을 지급하였고, 이에 000은 1998. 10. 14.경 98가합7885호 소송을 취하하였다.",
            "망 00은 위 경매개시결정정본을 송달받자 1998. 8. 13. 인천지방법원 99가합11676호로 00와 000사이의 매매계약에 관하여 망 00의 000에 대한 연대보증채무는 존재하지 아니한다는 취지의 채무부존재확인의 소를 제기하여 2000. 5. 3. 제1심에서 승소판결을 받고 위 판결이 2000. 6. 1. 확정되었다.",
            "그러나, 당시 강제집행정지를 위한 잠정처분신청을 하지 아니한 탓에 경매절차는 계속 진행되어 2000. 1. 4.경 이 사건 주택이 16,500,000원에 낙찰되고 그 무렵 낙찰대금이 완납되었으며, 2000. 3. 17. 배당기일에서 이 사건 주택의 근저당권자인 소외 000에게 3,075,357원, 경매신청채권자인 000에게 11,124,902원이 각 배당되었다.",
            "한편, 소외 00은 원고로부터 형사고소 당하여 위와 같이 00 명의로 덤프트럭을 매수하고 그 매매대금채무를 담보하기 위하여 00를 발행인으로 하여 약속어음을 발행함에 있어 연대보증인으로 망 00 및 원고의 명의를 권한 없이 사용하였다는 취지의 공소사실로 사문서위조, 위조사문서행사, 유가증권위조, 위조유가증권행사 등의 죄명으로 기소되었다.",
            "그리고 2001. 11. 21. 인천지방법원 99고단8233호로 징역 10월에 집행유예 2년의 형을 선고받았다."
        ]
    },
    "dcss": {
        "courtDcss": [
            "공증인은 공정증서를 작성함에 있어서 청취한 진술(서면에 의한 진술의 경우에는 그 서면의 기재)에 의해서 알게 된 사실 등과 자신이 실제로 경험한 사실 및 당해 촉탁과 관련하여 과거의 직무집행의 과정에 있어서 실제로 경험한 사실을 자료로 해서 심사를 하면 족하다.",
            "그리고 그 결과 법률행위의 법령 위반, 무효 및 무능력에 의한 취소 등의 사유가 존재하는 것에 대하여 구체적인 의심이 생기는 경우에 한해서 촉탁인 등의 관계인에게 필요한 설명을 촉구하는 등의 조사를 해야 하는 것이고, 그와 같은 구체적인 의심이 없는 경우에 대해서까지 관계인에게 설명을 구하는 등의 적극적인 조사를 해야 할 의무가 있는 것은 아니다.",
            "공정증서 작성행위의 성질이나 위 규정에 비추어 보면 공정증서 작성에 있어 대리권 유무의 심사는 공증인의 직무상의 의무이다(대법원 2002. 5. 31. 선고 2001다64486 판결 참조).",
            "피고가 이 사건 공정증서 작성에 다른 방법으로 연대보증인의 의사를 더 확인하지 않은 조치에 주의의무 위반이 있다거나 이정기에게 이 사건 공정증서의 작성을 촉탁할 대리권 유무의 심사를 다 하지 아니한 잘못이 있다고 할 수 없다.",
            "피고는 이 사건 약속어음의 공정증서가 1996. 10. 16. 작성되었는데 20여 일이 지난 1996. 11. 4.경이 되어서야 이 사건 약속어음 공정증서가 작성되었다는 통지서를 본인인 망 00, 원고, 소외 00 등에게 등기우편으로 발송한 사실은 앞에서 인정한 바와 같으므로 피고에게는 일응 공증인법시행령 제13조 제1항을 위반한 잘못이 있다.",
            "이 사건 공정증서는 발행인 00,연대보증인 망 00, 원고, 00, 소외 00로 된 약속어음 공정증서의 작성을 촉탁할 대리권이 없는 00의 촉탁에 의하여 작성된 것으로 보아야 하므로 채무명의로서 효력이 없다.",
            "무효인 공정증서에 기하여 진행된 이 사건 주택에 대한 경매절차 역시 무효이며, 반면 망 00이 000을 상대로 채무부존재확인의 소를 제기하여 승소확정판결을 받으면서 단지 강제집행정지를 위한 잠정처분신청을 하지 아니하였을 뿐 경락인에 대하여 이 사건 공정증서가 유효하다는 신뢰를 부여하였다는 특별한 사정은 존재하지 아니한다.",
            "그러므로, 결국 위 강제경매절차의 경락인은 이 사건 주택의 소유권을 취득하지 못하였다고 할 것이고, 망 00은 이 사건 주택의 소유권을 상실하였다고 할 수 없다.",
            "파산채권은 파산절차에 의하지 아니하고 이를 행사할 수 없는 제한이 부과될 뿐 파산자가 면책되지 않는 이상 파산채권이 소멸하는 것은 아니라고 할 것인데, 000의 원고에 대한 위 부당이득금 채무가 면책되어 전부 소멸하였다는 주장·입증이 없으므로, 원고의 000에 대한 위 부당이득금 채권이 소멸하였다고 볼 수 없다.",
            "피고가 이 사건 약속어음 공정증서 작성 통지서를 망 00, 원고, 소외 00 등에게 등기우편으로 발송한 날이 1996. 11. 4.인데, 000이 이 사건 공정증서에 기하여 이 사건 주택에 대하여 강제경매신청을 한 날은 1998. 5.경이고, 원고의 처 소외 00이 000과 사이에 합의한 날은 1998. 10. 12.이므로, 원고의 손해가 피고의 통지 지체로 인하여 발생하였다고 할 수 없다."
        ]
    },
    "close": {
        "cnclsns": [
            "항소를 기각한다.",
            "항소비용은 원고의 부담으로 한다."
        ]
    }
}