{
    "info": {
        "caseField": "1",
        "detailField": "1",
        "trailField": "1",
        "caseNm": "손해배상(기)",
        "courtNm": "대전지법",
        "judmnAdjuDe": "2006. 04. 19.",
        "caseNo": "2004가합3493,4779",
        "relateLaword": [
            "민법 제758조",
            "국가배상법 제5조"
        ],
        "qotatPrcdnt": []
    },
    "concerned": {
        "acusr": "1",
        "dedat": "2"
    },
    "org": {
        "orgJdgmnCourtNm": "",
        "orgJdgmnAdjuDe": "",
        "orgJdgmnCaseNo": ""
    },
    "disposal": {
        "disposalform": "1",
        "disposalcontent": [
            "피고는 원고들에게 별지 목록  인용금액 란 기재 각 돈 및 이에 대한 2004. 3. 6.부터 2006. 4. 19.까지 연 5%, 그 다음날부터 다 갚는 날까지 연 20%의 비율에 의한 돈을 지급한다.",
            "원고들의 나머지 청구를 모두 기각한다.",
            "소송비용 중 3 4은 원고들이, 1 4는 피고가 각 부담한다.",
            "제1항은 가집행할 수 있다."
        ]
    },
    "mentionedItems": {
        "rqestObjet": [
            "피고는 원고들에게 별지 목록  청구금액 란 기재 각 돈 및 이에 대한 2004. 3. 6.부터 이 사건 소장 부본 송달일까지 연 5%, 그 다음날부터 다 갚는 날까지 연 20%의 비율에 의한 돈을 지급한다."
        ]
    },
    "assrs": {
        "acusrAssrs": [
            "피고는 고속도로의 관리주체로서 그 유지관리의무가 있으므로, 폭설이 내리면 신속하게 제설작업, 고속도로 진입통제, 고속도로 중앙분리대 개방, 교통정보 제공 등의 조치를 취하여 고속도로 이용자인 원고들로 하여금 고속도로 통행이 가능하도록 하는 등의 안전관리의무가 있음에도 이를 위반하였다.",
            "제설작업 지체, 사고현장의 방치, 잘못된 교통정보의 전달, 비상조치 미흡 등 잘못을 저지르는 바람에, 원고들을 별지 목록 고립시간 란 기재 각 해당 시간 동안 같은 목록 고립지점 란 기재 각 해당 장소에 고립되어 고통을 겪도록 하였으므로, 피고는 원고들에게 위자료로서 별지 목록 청구금액 란 기재 각 금원 및 이에 대한 지연손해금을 지급할 의무가 있다."
        ],
        "dedatAssrs": [
            "피고는 당시 가능한 인적, 물적 제반 여건하에서 제설장비와 피고 직원들을 총동원하여 제설작업을 실시하고, 도로차단, 중앙분리대 개방 등 고립된 피해자들을 구호하는 데에 최선을 다하였으므로, 이 사건에 관하여 아무런 과실이 없고, 아울러 이 사건 고속도로에는 당시 설치, 관리상의 하자도 존재하지 아니하였다.",
            "혹시 도로의 설치, 관리상 어떤 하자가 있다고 하더라도, 원고들은 피고의 안내방송에도 불구하고 이를 무시한 채 위 구간에 새로 진입하거나 그 후 도로에 차량을 방치하여 제설작업을 제대로 할 수 없게 한 과실이 있고, 아울러 원고들이 고립된 것은 피고가 예측할 수 없었던 천재지변에 의하여 발생된 것이므로, 이와 같은 사정을 참작하여 피고는 면책되거나 또는 책임이 인정된다고 하더라도 대폭 과실상계를 하여야 한다."
        ]
    },
    "facts": {
        "bsisFacts": [
            "피고는 대한민국의 위임에 의하여 고속도로의 신설, 개축, 유지 및 수선에 관한 공사의 시행과 관리 등의 업무를 행하면서, 고속도로에 관한 건설교통부장관의 권한을 대행하는 범위 내에서 경부, 중부, 호남 등 각 고속도로를 점유, 관리하고 있고, 원고들은 2004. 3. 5.부터 2004. 3. 6.까지 사이에 위 경부, 중부, 호남의 각 고속도로를 이용한 사람들이다.",
            "기상청은 2004. 3. 4. 15:00경 충청남북도 지방에 대한 대설주의보가 다음날 무렵 발표될 가능성이 있어 미리 예비특보(기상특보 발표가 예상될 때 특보발표에 대한 정보를 미리 예고하는 것)를 발표했다.",
            "이어 3. 5. 04:00경 위 지방에 총 예상적설량 5 내지 15cm의 대설주의보를, 3. 5. 09:00경 총예상적설량 5 내지 30cm의 대설경보를 각 발령하였다가, 3. 5. 17:00경 위 대설주의보 및 대설경보를 모두 해제하였다.",
            "그런데 0000 부근에는 2004. 3. 5. 00:00경부터 눈이 내리기 시작하여 위 기상청의 발표와는 달리 그 날 하루 동안 49㎝의 눈이 내렸다.",
            "그 전까지 대전지방의 3월 최대 적설량은 1969. 3. 4.경의 14.9cm와 1984. 3. 1.경 13.7cm이었다.",
            "피고는 2003. 12.경 자연재해대책법 제18조 제1항의 규정에 따라 다음과 같은 내용의 2004 방재세부집행계획을 수립하였다. ",
            "피고 산하 지역본부는 중부, 강원, 충청, 호남, 경북, 경남 총 6곳에 있었다.",
            "1,1등급, 수도권, 기타지역, 일강설량 30cm 이상 예상, 3개 본부 이상 대설경보 발령시, 노면압설 10cm 이상 노면결빙으로 교통차단 발생",
            "2,2등급, 수도권, 기타지역, 대설경보 발령시, 1개 본부 이상 대설경보 발령시 3개 본부 이상 대설주의보 발령시, 노면압설 5 내지 10cm ",
            "3,3등급, 수도권, 기타지역, 3cm 이상 강설 예상시, 지역별 10cm 이상 예상시 대설주의보 발령시, 국부적인 노면 압설",
            "4,4등급, 수도권, 기타지역, 3cm 미만 강설 예상시, 지역별 10cm 미만 예상시, 지사자체 제설작업 가능시",
            "1,1단계, 적설량 2cm 미만, 평상시 운행속도의 20% 감속운행, 1. 방송국과 협조 도로정보 수시방송, 2. 영업소에서 안내간판 설치, 3. 기타 홍보활동",
            "2,2단계, 적설량 2cm 이상 폭설, 안개등으로 시계가 100m 미만, 노면이 얼어붙을 때, 평상시 운행속도의 50% 감속운행, 1. 방송국과 협조 도로정보 수시방송, 2. 영업소에서 안내간판 설치, 3. 기타 홍보활동",
            "3. 3단계, 적설량 10㎝ 이상 폭설, 안개 등으띜 시계가 10m 미만, 폭설, 노면결빙 등으로 차량 통행이 불가능할 때, 교통제한 및 운행정지, 1. 지구순찰대장과 지역본부장 협의, 2. 지역본부장은 관내상황을 도로처장, 교통처장에게 통보, 3. 방송국과 협조 도로정보 수시방송, 4. 영업소 안내간판 설치. 5. 우회도로 지정우회 조치, 6. 우회도로 안전조치, 7. 기타 홍보활동",
            "경부고속도로 하행선 0000의 경우 경사도가 신설 고속도로 경사도 표준인 3%보다 높은 5.5%에 이르렀는데, 위와 같이 폭설이 내리기 시작하자 2004. 3. 5. 07:00경 대형화물차량들이 남이고개를 넘지 못하고 미끄러지면서 뒤엉킴 현상이 발생하였고, 대형차량 등이 고속도로로 많이 진입하여 정체가 심화되어 피고의 제설차량도 위 부근에 고립되어 더 이상 제설작업을 할 수 없었다.",
            "피고 도로본부는 2004. 3. 5. 10:10경 충청지역본부로부터 위 보고를 받고 0000 부근의 제설작업이 완료되면 소통이 가능하다고 판단하고 충청지역본부에 별다른 교통통제 지시를 내리지 않고 있다가, 2004. 3. 5. 12:30경 피고 본사 교통처로부터 교통통제의 필요성을 통보받은 후에 비로소 상황의 심각성을 인식하고 충청지역본부에 교통통제 지시를 내렸으나, 건설교통부와 행정자치부에는 위 상황의 심각성을 보고하지 않았다.",
            "2004. 3. 5. 10:35경 피고 충청지역본부 상황실에 중앙분리대 개방 및 톨게이트 차단 등을 협의하기 위하여 전화통화를 하였으나, 위 상황실은 피고 본사에 문의하라고 요구하였다. ",
            "그래서 2004. 3. 5. 11:00경 다시 피고 000에 중앙분리대 개방 및 톨게이트 차단을 요청하면서 경찰측에서 통제 부분을 협조하겠다고 통보하였으나, 위 000 직원으로부터 피고 본부장 및 건설교통부와 상의하여야 할 사안으로 자신들이 결정할 수 없다는 답변을 들었다.",
            "피고가 위와 같이 교통통제를 결정한 2004. 3. 5. 14:00경에는 이미 경부고속도로 하행선 0000 부근부터 0000,경부고속도로 상행선 00000(Service Area, 휴게소, 이하 같다) 부근부터 0000,중부고속도로 하행선 0000 부근부터 0000(이하 이 사건 제1고립구간 이라 한다)의 58km 정체구간에 약 6,350여 대의 차량들과 약 12,637명의 승객들이 고립되어 있었다.",
            "톨게이트 통제, 중앙분리대 철거 및 이 사건 제1고립구간의 해소 경위 충청지역본부는 충남경찰청 제2지구대와 협조하여 위와 같이 피고 000로부터 교통통제 지시를 받은 시각으로부터 1시간 30여 분이 지난 2004. 3. 5. 14:00경 경부고속도로 등의 톨게이트 9개소를 차단하기 시작했다.",
            "각 진입로를 차단하고 중앙분리대를 일부 철거하여 차량을 반대차선으로 유도하였음에도 불구하고, 2004. 3. 5. 14:00경부터 2004. 3. 5. 18:00까지 사이에 8,881대의 차량이 위 9개의 영업소를 통하여 고속도로에 진입하였다.",
            "그 와중에 추위와 기다림에 지친 운전자 등이 고속도로 갓길에 차량을 정차하거나 방치한 채 이탈하는 바람에 이 사건 제1고립구간의 정체 현상이 더욱 심화되어, 약 8,600여 대의 차량들과 17,114명의 승객들 및 호남고속도로 00000 부근부터 00000 부근까지 사이의 차량들이 고립되었으며, 2004. 3. 6. 10:00경에는 약 91.5km의 정체구간에서 약 9,850여 대의 차량들과 19,602여 명의 승객들이 고립되었다.",
            "피고는 2004. 3. 5. 16:00경부터 000 등 유관기관으로부터 5,273명의 구호 인력을 지원받아 고속도로에 고립된 운전자 및 승객들에게 빵, 음료수, 유류 등을 공급하는 동시에 제설작업을 시행하였으나, 이 사건 제1고립구간 내에 방치된 차량들로 인하여 제설차량 등이 진입하지 못하는 바람에 제설작업이 늦어졌을 뿐만 아니라, 위 차량들에 대한 견인작업이 조속히 이루어지지 아니하였다.",
            "그러나 위 사고를 수습하기 위하여 사고 지점의 양방향 통행을 차단함에 따라 그 부근을 지나가던 차량들이 정체하기 시작한데다, 사고가 수습된 10:20경에는 그 사고 장소에도 폭설이 내려 결국 사고 수습 후에도 차량의 정상소통이 어려웠다.",
            "위와 같은 고속도로 정체 당시 원고들은 고속도로를 이용하여 이 사건 각 고립구간을 지나가다가 별지 목록 고립시작일시 란 기재 각 해당 일시부터 고립종료일시 란 기재 각 해당 일시까지 같은 목록 고립지점 란 기재 각 해당 장소에 고립되어 고통을 겪었다.",
            "이 사건 제1고립구간에 관하여, 기상청이 2004. 3. 4. 15:00경 충청남북도 지방에 예비특보를 발표하였고, 같은 달 5. 04:00경 대설주의보를 발령하였으므로, 이 사건 각 고립구간 부근에 폭설이 내릴 것으로 어느 정도 예상되었던 점이 인정된다. ",
            "이 사건 제1고립구간에 위치한 남이고개의 경사도는 신설 고속도로 경사도 표준인 3%보다 높은 5.5%로서 고속도로 최대허용경사도인 6%에 가까우므로 폭설이 내릴 경우 차량들이 고개를 넘지 못할 가능성이 매우 높았던 점이 인정된다. ",
            "이 사건 제1고립구간의 정체는 과거 이 지방의 최대 적설량과 같은 약 15cm 정도의 눈이 내린 2004. 3. 5. 07:00경부터 이미 시작된 점이 인정된다. ",
            "2004. 3. 5. 07:00경부터 폭설로 인하여 대형화물차량들이 남이고개를 넘지 못하고 뒤엉켜 있었고, 2004. 3. 5. 09:00경에는 이 사건 제1고립구간에 신적설량 19㎝의 눈이 내린 상황이었음에도 불구하고 제설차량들이 고립되어 더 이상 제설을 할 수 없게 되었다.",
            "피고 충청지역본부는 2004. 3. 5. 07:00경 이 사건 제1고립구간에서 폭설로 인하여 차량이 뒤엉키는 등 교통정체가 시작되는 모습을 CCTV를 통하여 확인하였고, 2004. 3. 5. 09:20경 신적설량이 19㎝ 이상이고 차량정체구간이 16㎞나 되었음을 확인하였다., ",
            "피고가 제정한 교통정보센터 운영업무 기준 제11조, 제19조에 따라 지체 없이 피고 본사 소관부서 및 교통정보센터에 보고하여야 함에도 불구하고, 이 사건 제1고립이 시작된 2004. 3. 5. 07:00경보다 무려 3시간 후인 10:10경에 이르러서야 뒤늦게 도로본부에, 이어 11:20경 교통처에 각 본사 차원의 특단의 조치를 마련할 필요성이 있음을 보고한 점이 인정된다.",
            "피고 도로본부는 피고 충청지역본부로부터 위와 같은 상황을 보고받았으므로 2004 방재세부집행계획 재해상황별 ",
            "조치계획 3단계에 따라 지구순찰대장과 지역본부장이 협의하여 현재의 기상에 따른 정체 상황과 향후 고속도로로 진입하는 차량의 규모, 기상청에서 예측한 기상상황 등을 고려하여 교통제한 및 운행정지 조치를 취하여야 한다. ",
            "그럼에도 불구하고, 제설작업을 통하여 이 사건 제1고립구간의 정체구간이 쉽게 해소될 것으로 안일하게 판단한 채 별다른 조치를 취하지 않고 있다가, 2004. 3. 5. 12:30경 피고 본사 교통처로부터 교통통제 필요성을 보고받은 후 비로소 사태의 심각성을 인식하고 뒤늦게 피고 충청지역본부장에게 교통통제 지시를 내린 점이 인정된다. ",
            "충남경찰청 제2지구대로부터, 피고 충청지역 상황실은 2004.3.5. 10:35경, 피고 본사 정보센터는 2004.3.5. 11:00경 중앙분리대 개방 및 톨게이트 차단 등에 관하여 협의요청을 받았으나, ",
            "그로부터 3시간이나 지난 2004.3.5. 14:00경 비로소 충남경찰청 제2지구대와의 중앙분리대 개방 및 톨게이트 차단 등에 관한 협의를 통하여 뒤늦게 일부 구간의 진입 통제 및 중앙분리대를 개방하여 차량들을 우회시키기 시작했다.",
            "일부 구간의 진입 통제가 이루어졌음에도 불구하고 그 조치를 완전하게 실시하지 못하여 결국 2004. 3. 5. 14:00경부터 2004. 3. 6. 18:00까지 사이에 9개 영업소를 통하여 8,881대의 차량을 추가로 진입시키는 바람에 제설작업이 더욱 어려워지게 한 점이 인정된다. ",
            "이 사건 제2고립구간에 관하여, 2004. 3. 5. 05:00경 서울방향 옥천 부근에서 대형화물차량들의 5중 연쇄추돌사고를 수습하는 과정에서 사후 차량정체 등 후유증에 대한 대책 없이 그 부근 양방향을 완전히 차단하고 사고처리를 하는 바람에 차량 정체가 시작된 점이 인정된다. ",
            "2004. 3. 5. 10:20.경 위 사고차량들을 모두 견인함으로써 일단 양방향 모두 개통이 되었으나, 위 사고 여파로 여전히 차량들이 정체되어 있었고 그때 폭설까지 겹쳐 위 차량들의 정체가 계속하여 증가하게 된 점이 인정된다. ",
            "2004. 3. 5. 13:54경 위 부근의 부산방향 정체현상은 해소되었으나 서울방향의 정체현상은 계속하여 가중되었고, 이에 더하여 이 사건 제1고립구간의 정체현상 여파로 위 부근에도 이 사건 제2고립구간이 형성된 점이 인정된다."
        ]
    },
    "dcss": {
        "courtDcss": [
            "피고는 당시 이 사건 각 고립구간의 교통정체를 충분히 예견할 수 있었고, 따라서 미리 정해진 재해상황별 조치계획에 의하여 즉시 차량의 추가 진입을 통제하는 등 교통제한 및 운행정지조치를 취하여야 할 의무가 있었으며, 만약 피고가 적절하게 위와 같은 의무를 이행하였으면 이 사건 각 고립구간의 교통정체를 회피하거나, 또는 완전히 사고를 방지하지는 못한다 할지라도 적어도 그 고립시간을 상당히 줄일 수 있었다.",
            "그럼에도 불구하고, 안일한 태도로 교통제한 및 운행정지 등 필요한 조치를 충실히 이행하지 아니함으로써 원고들을 별지 목록 기재와 같이 고속도로에 장시간 고립시키는 사태를 야기하였으므로, 당시 피고에게는 고속도로의 관리상 하자가 있었던 것으로 인정된다.",
            "당시 원고들이 피고의 안내를 무시한 채 위 고립구간에 신규로 진입하거나 차량을 방치하고 이탈하였다는 점을 인정할 아무런 증거도 없을 뿐만 아니라, 설사 원고들에게 위와 같은 잘못이 있었다고 하더라도, 앞선 인정 사실에 의하면, 당시 고속도로에 대한 모든 관리책임을 지고 있는 피고가 차량진입통제 조치를 제대로 이행하지 아니하여 차량의 추가 진입이 가능하였다.",
            "원고들을 탓하기 전에 먼저 피고의 잘못이 훨씬 무겁다고 할 것이고, 아울러 이 사건 각 고립구간에 대한 제설작업 및 통제의 부재로 고립상태에 있던 원고들이 추위와 배고픔을 못 이겨 자신들의 차량을 방치하고 현장을 이탈하기에 이르렀다면 이는 결국 극한 상황의 고통과 위험을 피하기 위한 행동으로써 충분히 수긍할 만한 사정으로 인정이 되므로, 원고들의 과실은 피고의 책임을 면하게 할 정도에까지 이른 것이라고 볼 수 없다.",
            "또, 앞선 인정 사실과 같이 이 사건 폭설이 충청지역에 100년 만의 최대 강설량이기는 하나, 당시 피고는 이 사건 각 고립구간의 교통정체를 미리 예견하여 적절한 대비책을 세움으로써 이 사건 각 고립구간의 교통정체를 회피하거나, 적어도 그 고립시간을 상당히 줄이는 것이 충분히 가능하였던 것으로 보이므로, 이를 전혀 예측할 수 없는 천재지변이나 피할 수 없는 불가항력에 해당한다고 볼 수도 없다.",
            "따라서 피고의 과실상계 및 불가항력에 의한 면책 항변은 이유 없다(피고가 과실상계에 의한 면책 외에, 그 정도에 이르지 않은 과실로 인한 상계도 주장하고 있는 것으로 보이나, 정신적 피해에 대한 배상만을 구하는 이 사건에 있어서 이는 과실상계사유가 아니라 위자료 참작사유에 불과하므로, 아래 3. 손해배상의 범위에서 다시 판단하기로 한다.).",
            "위자료의 액수는 원고들 중 고립시간이 12시간 미만인 사람의 경우에는 350,000원, 12시간 이상 24시간 미만인 경우에는 400,000원, 24시간 이상일 경우에는 500,000원으로 정하고, 또한 여자와 사고 당시 70세 이상 고령자나 미성년자의 경우에는 위 각 해당금액에 100,000원을 가산한 금액으로 정함이 상당한바, 위와 같은 기준에 의하여 원고들의 위자료를 산정하면 별지 목록 인용금액란 기재 각 해당 금원이 된다.",
            "따라서 피고는 원고들에게 별지 목록 인용금액란 기재 각 해당 돈 및 위 각 돈에 대하여 이 사건 각 고립종료일인 2004. 3. 6.부터 피고가 이 사건 이행의무의 존부나 범위에 관하여 항쟁함이 상당한 이 사건 판결 선고일인 2006. 4. 19.까지는 민법이 정한 연 5%, 그 다음날부터 다 갚는 날까지는 소송촉진 등에 관한 특례법이 정한 연 20%의 각 비율에 의한 지연손해금을 지급할 의무가 있다."
        ]
    },
    "close": {
        "cnclsns": [
            "피고는 원고들에게 별지 목록 인용금액 란 기재 각 돈 및 이에 대한 2004. 3. 6.부터 2006. 4. 19.까지 연 5%, 그 다음날부터 다 갚는 날까지 연 20%의 비율에 의한 돈을 지급하라.",
            "원고들의 나머지 청구를 모두 기각한다.",
            "소송비용 중 3/4은 원고들이, 1/4는 피고가 각 부담한다.",
            "제1항은 가집행할 수 있다."
        ]
    }
}