{
    "info": {
        "caseField": "1",
        "detailField": "1",
        "trailField": "2",
        "caseNm": "손해배상(기)",
        "courtNm": "서울고법",
        "judmnAdjuDe": "2005. 09. 27.",
        "caseNo": "2004나80337",
        "relateLaword": [
            "국가배상법 제5조",
            "민법 제758조",
            "헌법 제34조",
            "장애인복지법 제22조",
            "장애인,노인,임산부 등의 편의증진보장에 관한 법률 제1조",
            "장애인,노인,임산부 등의 편의증진보장에 관한 법률 시행령 제1조"
        ],
        "qotatPrcdnt": []
    },
    "concerned": {
        "acusr": "1",
        "dedat": "2"
    },
    "org": {
        "orgJdgmnCourtNm": "인천지법",
        "orgJdgmnAdjuDe": "2004. 10. 7. ",
        "orgJdgmnCaseNo": "2004가합4511 "
    },
    "disposal": {
        "disposalform": "10",
        "disposalcontent": [
            "제1심판결 중 다음에서 지급을 명하는 금원에 해당하는 원고들 패소 부분을 각 취소한다.",
            "피고는  원고 00에게 55,034,570원,  원고 00에게 1,500,000원,  원고00, 00에게 각 500,000원 및 위 각 금원에 대하여 2000.1. 9.부터 2005. 9. 27.까지는 연 5%, 그 다음날부터 완제일까지는 연 20%의 각 비율에 의한 금원을 지급한다.",
            "원고들의 나머지 항소를 모두 기각한다.",
            "소송총비용은 이를 10분하여 그 중 7은 원고들의, 나머지는 피고의 각 부담으로 한다."
        ]
    },
    "mentionedItems": {
        "rqestObjet": [
            "제1심판결을 취소한다.",
            "피고는  원고 00에게 224,602,473원,  원고 00에게 3,000,000원,  원고 00, 00에게각 1,000,000원 및 위 각 금원에 대하여 2000. 1. 9.부터 제1심판결 선고일까지는 연 5%, 그 다음날부터 완제일까지는 연 20%의각 비율에 의한 금원을 지급한다."
        ]
    },
    "assrs": {
        "acusrAssrs": [
            "피고는 원고들에게 이 사건 사고로 인하여 원고들이 입은 손해를 배상할 의무가 있다."
        ],
        "dedatAssrs": [
            "원고 00은 시각장애인으로서 안전사고의 위험성이 있는 이 사건 승강장을 이용함에 있어서 안전선의 감지형 점형블럭을 재확인하거나 역무원 등에게 안전한 탑승을 유도해 주도록 요구하지 아니한 등의 과실이 있다."
        ]
    },
    "facts": {
        "bsisFacts": [
            "원고 00은 시각장애 1급의 장애인으로서 2000. 1. 9. 18:35경 0000(이하 '이 사건 승강장'이라 한다)에서 시각장애로 인하여 발을 헛디뎌 철로에 떨어지는 사고를 당하였고, 그로 인하여 제2요추 압박골절 및 대퇴경부 골절상을 입었다(이하 '이 사건 사고'라고 한다).",
            "사고 당시 이 사건 승강장에는 시각장애인을 위한 유도로가 승강장으로 연결되는 출입계단에서부터 탑승위치까지 설치되어 있었고, 승객들의 동태를 확인할 수 있는 폐쇄회로 텔레비전이 설치되어 있었으며, 승강장의 철로쪽 끝부분으로부터 약 1m 안쪽에는 노란색과 분홍색의 안전선이 표시되어 있었다.",
            "그런데, 위 안전선은 시각장애인을 위하여 승차위치에는 약 30㎝, 승차위치를 제외한 나머지 승강장에는 약 20㎝ 폭의 감지용 점형블럭으로 되어 있었다. 또한, 위 승강장에는 역무원이 고정적으로 배치되어 있지 않았고, 다만 1-2명의 공익근무요원이 승객들의 질서유지와 시설관리 등을 위하여 승강장을 순회하며 복무하고 있었으며, 승강장 추락사고를 방지하기 위한 안전펜스는 설치되어 있지 않았다.",
            "이 사건 사고가 발생한 이후인 2003. 11. 24.부터 2003. 12. 31.까지 영등포역 구내 승강장의 안전성을 보완하기 위한 시설공사가 시행되면서 안전선 점형블럭의 폭이 전체적으로 30㎝로 늘어나고, 승객의 추락을 방지하기 위한 안전펜스가 설치되었다.",
            "원고 00는 원고 00의 처, 원고 00,4는 원고 00의 자녀들이다.",
            "한국철도공사는 2005. 1. 1. 설립되어 공사 설립 전의 철도청 또는 한국고속철도건설공단의 권리·의무를 포괄적으로 승계하였다(승계 전후를 불문하고 이 사건 승강장의 관리주체를 피고라고 한다)."
        ]
    },
    "dcss": {
        "courtDcss": [
            "국가배상법 제5조 제1항 혹은 민법 제758조 제1항의 영조물 또는 공작물의 설치·보존상의 하자라 함은 영조물 등이 용도에 따라 통상 갖추어야 할 안전성을 갖추지 못한 상태에 있음을 말하는 것이다. ",
            "이와 같은 안전성의 구비 여부를 판단함에 있어서는 당해 영조물 등의 설치·보존자가 그 시설물의 위험성에 비례하여 사회통념상 일반적으로 요구되는 정도의 방호조치의무를 다하였는지 여부를 기준으로 삼아야 할 것인바, 구체적으로는 영조물 등의 이용 목적과 실제 이용 상황, 방호조치에 필요한 재정적 부담과 그로 인한 사고 방지의 가능성, 기타 관련 법규 등을 종합적으로 고려하여 판단하여야 한다.",
            "돌이켜 이 사건에 관하여 보건대, 환승역으로서 평소 유동인구가 많은 이 사건 승강장은 사고 당시 일부 안전설비가 갖추어져 있기는 하지만 '장애인·노인·임산부 등의 편의증진보장에 관한 법률'에 규정된 표준규격의 감지용 점형블럭(사고 당시 위 법률 시행규칙상의 규격에 미달된 점형블럭이 사고 후 규격에 맞도록 보수된 사실은 앞서 인정한 바와 같다)이나 안전펜스가 설치되어 있지 않았다. ",
            "뿐만 아니라, 비록 법률 등에 규정되어 있지는 않지만 피고로서는 승객의 실족 등 안전사고를 방지하기 위하여 역무원이나 공익근무요원 등 안전요원을 승강장에 상시 근무하도록 하여 위와 같은 사고를 방지하도록 함이 상당함에도 불구하고 피고는 위와 같은 안전조치를 이행하지 않았다.",
            "그리고, 위와 같은 안전시설 또는 안전조치로 인한 사고발생의 방지가능성과 그에 소용되는 시설비 등을 고려하면 위와 같은 방호조치의 이행이 피고에게 과도한 재정적 부담이 된다고 할 수 없는 점을 감안할 때 이 사건 승강장은 장애인 등을 포함한 승객의 안전을 보호하기 위하여 통상 갖추어야 할 안전성을 결여한 설치·보존상의 하자가 있다 할 것이므로, 피고는 원고들에게 이 사건 사고로 인하여 원고들이 입은 손해를 배상할 의무가 있다.",
            "그러나 원고 00도 시각장애인으로서 안전사고의 위험성이 있는 이 사건 승강장을 이용함에 있어서 안전선의 감지형 점형블럭을 재확인하거나 역무원 등에게 안전한 탑승을 유도해 주도록 요구하지 아니한 등의 과실이 있다고 할 것이다(원고들은 이 사건 사고가 원고 00이 다른 승객에게 떠밀려 발생한 것이고 원고 00의 실족에 의한 것이 아니라고 주장하나 이를 인정할 증거가 없다).",
            "이러한 원고 00의 과실과 아울러 이 사건 사고당시 관련 법규정이 제정되어 있기는 하였으나 공공시설에서의 장애인의 안전이나 이용의 편의성에 관한 요청이 크게 대두된 것은 비교적 최근의 일인 사정, 피고가 관리하는 전국의 역사에 관련 법규에 따른 안전시설을 설치하는 데 따른 시간적 또는 재정적 부담 등을 함께 감안하여 이 사건 사고에 대한 피고의 책임을 30%로 제한한다.",
            "원고 00이 이 사건 사고로 상실한 가동능력에 대한 금전적 총평가액 상당의 일실수입 손해는 아래와 같은 인정 사실 및 평가 내용을 기초로 하여 별지 손해배상액계산표 기재와 같이 월 5/12%의 비율에 의한 중간이자를 공제하는 단리할인법에 따라 이 사건 사고 당시의 현가로 계산한 170,598,297원이다.",
            "인정 사실 및 평가 내용",
            "성별:남자",
            "생년월일:1954. 8. 16.생",
            "연령:사고 당시 45세 4개월 남짓",
            "원고 00의 직업 및 소득:1988. 5.경부터 000 목사로 재직하면서 월 평균 400만 원의 월급을 받고 있었으므로, 70세가 될 때까지 동일한 직종에 종사하면서 최소한 위 월급 이상의 소득을 취득하리라 예상된다.",
            "후유장애 및 노동능력상실률:원고 00은 이 사건 사고 후 대퇴부 경골 골절 등에 대한 응급수술을 받았으나 고관절 부분강직 등으로 노동능력이 22.2% 감퇴되는 후유장애가 남게 되었다.",
            "고관절 부분 강직(맥브라이드 table 14,page 73,Ⅱ-B-2 또는 Ⅱ-C-2,직업계수 5):9%",
            "척추 손상(맥브라이드 table 14,page 79,Ⅰ-A-1-d, 직업계수 5):14.5%(기왕증 기여도 50% 참작)",
            "[증거] 다툼 없는 사실, 경험칙, 제1심법원의 카톨릭대학교 성모자애병원장에 대한 신체감정촉탁 결과, 변론 전체의 취지",
            "계산:별지 손해배상액계산표 기재와 같음(계산의 편의상 월 미만과 원 미만은 버림)",
            "적극적 손해",
            "기왕 치료비:수술비 1,200,000원",
            "향후 치료비:물리치료비 및 약물치료비 2,504,400원(계산의 편의상 당심 변론종결일 이후인 2005. 8. 17. 지출하는 것으로 보고 사고 당시의 현가로 계산하면 별지 손해배상액계산표 기재와 같이 1,957,689원이다)",
            "[증거] 위 신체감정촉탁 결과, 변론 전체의 취지",
            "과실상계",
            "재산적 손해:173,755,986원(＝170,598,297원＋1,200,000원＋1,957,689원)",
            "과실상계:70%",
            "과실상계 후 재산적 손해:52,126,795원",
            "공제",
            "피고가 지급한 응급치료비 131,750원 중 원고 과실분 92,225원(을 제3호증)",
            "위자료",
            "참작한 사유:이 사건 사고의 경위 및 결과, 원고들의 재산정도, 기타 이 사건 변론에 나타난 여러 사정",
            "결정 금액",
            "원고 00:3,000,000원",
            "원고 00:1,500,000원",
            "원고 00,4:각 500,000원"
        ]
    },
    "close": {
        "cnclsns": [
            "제1심판결 중 다음에서 지급을 명하는 금원에 해당하는 원고들 패소 부분을 각 취소한다.",
            "피고는 원고 00에게 55,034,570원, 원고 00에게 1,500,000원, 원고 00,4에게 각 500,000원 및 위 각 금원에 대하여 2000.1. 9.부터 2005. 9. 27.까지는 연 5%, 그 다음날부터 완제일까지는 연 20%의 각 비율에 의한 금원을 지급한다.",
            "원고들의 나머지 항소를 모두 기각한다.",
            "소송총비용은 이를 10분하여 그 중 7은 원고들의, 나머지는 피고의 각 부담으로 한다."
        ]
    }
}