{
    "info": {
        "caseField": "1",
        "detailField": "1",
        "trailField": "1",
        "caseNm": "손해배상(기)",
        "courtNm": "서울중앙지법",
        "judmnAdjuDe": "2004. 09. 24.",
        "caseNo": "2004가합27032",
        "relateLaword": [
            "상법 제724조"
        ],
        "qotatPrcdnt": []
    },
    "concerned": {
        "acusr": "2",
        "dedat": "2"
    },
    "org": {
        "orgJdgmnCourtNm": "",
        "orgJdgmnAdjuDe": "",
        "orgJdgmnCaseNo": ""
    },
    "disposal": {
        "disposalform": "1",
        "disposalcontent": [
            "피고는 원고에게 금 30,000,000원을 지급하라.",
            "원고의 나머지 청구를 기각한다.",
            "소송비용은 이를 4분하여 그 3은 원고의, 나머지는 피고의 각 부담으로 한다.",
            "제1항은 가집행할 수 있다."
        ]
    },
    "mentionedItems": {
        "rqestObjet": [
            "피고는 원고에게 금 127,724,805원 및 이에 대한 2003. 5. 1.부터 이 사건 지급명령결정 송달일까지 연 5%, 그 다음날부터 완제일까지 연 20%의 각 비율에 의한 금원을 지급한다."
        ]
    },
    "assrs": {
        "acusrAssrs": [],
        "dedatAssrs": [
            "피고는, 이 사건 사고로 인하여 원고 소유의 이 사건 화물차 외에 다른 차량도 파손되어 그로 인한 물적 손해가 발생하였으므로, 원고는 위 금 30,000,000원 중 이 사건 사고로 인한 물적 손해 전체에서 원고의 손해 부분이 차지하는 비율에 상응하는 금액에대하여만 권리를 주장할 수 있는 것이라 주장한다.",
            "나아가 그와 같이 계산된 금액에 대하여 원고측의 과실을 참작하여 이를 감액하여야한다고 주장한다."
        ]
    },
    "facts": {
        "bsisFacts": [
            "소외 망 00는 2003. 5. 1. 03:30경 소외 00 소유의(차량번호) 승용차(이하 '이 사건 승용차'라 한다)를 운전하고 0000 부근 경부고속도로 하행선을 부산에서 서울 방면으로 역주행하다가 서울에서 부산 방면으로 정상운행하던 소외 00 운전의 원고 소유(차량번호) 화물차량(이하 이 사건 화물차 라 한다)과 충돌하였다.",
            "그 충격으로이 사건 화물차가 중앙분리대를 들이받아 중앙분리대의 일부가 파손되어 반대차선으로 떨어짐으로써 반대차선을 따라 운행하던(차량번호) 차량 및(차량번호) 차량이 각 그 잔해와 충돌하였다(이하 '이 사건 사고'라 한다).",
            "이 사건 사고로 인하여 이 사건 화물차 및 그 적재물이었던 자동차부품들이 파손되었고, 위(차량번호) 차량과(차량번호) 차량도 파손되었다.",
            "피고는 보험업을 영위하는 자로서, 소외 00과의 사이에 2003. 3. 9.부터 2004. 3. 9.까지 이 사건 승용차의 운행으로 인하여00이 제3자에 대하여 부담하게 되는 손해배상책임을 보상하기로 하는 내용의 자동차보험계약을 체결하였는데, 대물배상에 대하여는 1건의 사고당 금 30,000,000원의 한도에서 보상해 주기로 약정하였다."
        ]
    },
    "dcss": {
        "courtDcss": [
            "위 인정 사실에 의하면, 이 사건 사고는 운전자 망 00가 역주행한 과실로 인하여 발생한 것이라 할 것이므로, 피고는00에 대한 보험자로서 원고에 대하여 위 사고로 인한 손해를 배상할 책임이 있다.",
            "한편, 을 제1호증의 6,9,11,12,13, 갑 제3호증의 각 기재에 변론의 전취지를 더하여 보면 이 사건 사고 무렵 이 사건 화물차의 운전자였던 00은 졸면서 운전을 하고 있었던 탓으로 이 사건 승용차와 충돌하기 전까지 이 사건 승용차를 발견하지 못하였던 사실을 인정할 수 있다.",
            "00의 이러한 과실은 이 사건 사고로 인한 손해의 발생 및 확대의 한 원인이 되었다 할 것이므로 이를 피고의 손해배상액을 정함에 있어 참작하기로 하고, 위와 같은 사실관계에 비추어 그 과실비율을 약 15%로 보아, 피고의 책임을 00의 과실비율을 제외한 나머지 비율 부분인 85%로 제한하기로 한다.",
            "이 사건 사고로 인하여 원고가 화물차의 파손으로 인하여 금 70,000,000원 상당의 손해를 입었고, 적재물의 파손으로 인하여 금107,724,805원 상당의 손해를 입었음은 당사자 사이에 다툼이 없고, 한편 원고는 이 사건 사고로 인하여 소외 000로부터 보험금 50,000,000원을 지급받았음을 자인하면서 피고에 대하여 이를 공제한 금원의 지급을 구하고 있다.",
            "그렇다면 00은 원고에게 전체 손해액인 금 177,724,805원 중 자신의 책임 부분인 금 151,077,084원(177,724,805원 x 0.85,원 미만 버림)에서 위 50,000,000원을 공제한 금 101,077,084원을 지급할 의무가 있다 할 것이므로, 피고는 위와 같이 피보험자 00이 부담하는 손해배상책임의 범위 내로서 약정한도액인 금 30,000,000원을 원고에게지급할 의무가 있다 할 것이다.",
            "살피건대, 이 사건 사고로 인하여 원고 소유의 이 사건 화물차 및 그 적재물 외에 다른 차량도 파손되었음은 앞서 본 바와 같고피고에게 인정되는 배상의 한도액은 원고의 손해를 전보하기에도 부족함은 명백하다.",
            "이와 같이 보험사고로 인하여 수인의 피해자가 발생하였는데 가해자의 보험자가 지급할 보험금이 당해 보험사고로 인한 전체 손해를 배상하기에 부족한 경우라 하더라도, 피해자들 상호간에는 우열이 있다고는 할 수 없고 각자 독립하여 보험자에 대하여 직접 보험금을 청구할 수 있는 지위에있다 할 것이다.",
            "자신의 손해액의 범위 내에서 보험금 전액에 대하여 지급청구를 하고 적법하게 이를 지급받을 수 있다 할 것이고, 보험자로서는 이들 중 누구에게라도 보험금 전액을 변제하면 다른 피해자들에 대한 관계에서도 유효하게 면책되는 것이며, 다른 피해자가 있다는 사정을 들어 보험금의 지급을 거절할 수는 없다고 보아야 할 것이다.",
            "(다만, 피해자들 상호간에는 법률상의 지위가 대등한 것이고 또한 가해자의 무자력 위험으로부터 보호되어야 할 필요성은 모든 피해자에게 공통된다 할 것이므로, 공평의 원칙상 피해자들 간의 관계에 있어서는 각 손해액에 안분하여 이를 내부적으로 다시 정산할 의무가 있다고 봄이상당하다).",
            "한편, 보험자의 피해자에 대한 책임은 피해자의 과실을 참작하여 정하여진 가해자의 손해배상책임 범위 내에서 인정되는 것이므로, 이에 대하여 다시 피해자의 과실을 참작하여 책임을 감축할 여지는 없는 것이다."
        ]
    },
    "close": {
        "cnclsns": [
            "피고는 원고에게 금 30,000,000원을 지급하라.",
            "원고의 나머지 청구를 기각한다.",
            "소송비용은 이를 4분하여 그 3은 원고의, 나머지는 피고의 각 부담으로 한다.",
            "제1항은 가집행할 수 있다."
        ]
    }
}