{
    "info": {
        "caseField": "1",
        "detailField": "1",
        "trailField": "1",
        "caseNm": "조치무효확인",
        "courtNm": "대전지방법원",
        "judmnAdjuDe": "2005. 06. 09.",
        "caseNo": "2004가합10699",
        "relateLaword": [
            "신용협동조합법 제89조",
            "신용협동조합법 제84조",
            "신용협동조합법 제28조",
            "신용협동조합법 제86조",
            "신용협동조합법 제83조",
            "구 신용협동조합법 제89조"
        ],
        "qotatPrcdnt": []
    },
    "concerned": {
        "acusr": "1",
        "dedat": "2"
    },
    "org": {
        "orgJdgmnCourtNm": "",
        "orgJdgmnAdjuDe": "",
        "orgJdgmnCaseNo": ""
    },
    "disposal": {
        "disposalform": "10",
        "disposalcontent": [
            "원고들의 피고 (단위조합 명칭 생략) 000에 대한 소를 각하한다.",
            "원고들의 피고 000에 대한 청구를 기각한다.",
            "소송비용은 원고들의 부담으로 한다.",
            "원고들에 대한 직무정지 및 임시임원 개선은 피고 (단위조합 명칭 생략) 000이 한 것이 아니라, 원고들은 피고 000의 피고 (단위조합 명칭 생략) 000에 대한 임원개선조치 요구에 따라 신협법 규정에 의해 자동적으로 직무정지된 것이고, 그로인하여 피고  (단위조합 명칭 생략) 00의 업무를 집행할 임원이 없는 상황에서 피고 000가 신협법 규정에 의거 직접 임시임원을 개선한 것인바, 피고 000의 조치에 따라 임원변경등기를 신청한 것에 지나지 않는 피고 (단위조합 명칭 생략) 00의 행위를 들어 직접 위와 같은 조치를 하였다고는 볼 수 없고, 달리 이를 인정할 증거도 없으므로, 결국 원고들의 피고 (단위조합 명칭 생략) 00에 대한 소는 확인의 대상이 없어 각하되어야 할 것이다."
        ]
    },
    "mentionedItems": {
        "rqestObjet": [
            "피고 000가 2004. 9. 14. 피고 (단위조합 명칭 생략)000에 대하여 한 원고들에 대한 징계조치 및 임원개선 조치는 무효임을 확인한다.",
            "피고 (단위조합 명칭 생략)000이 2004. 9. 15. 원고들에 대하여 한 직무정지 및 별지 기재 임시임원 개선 조치는 무효임을 확인한다."
        ]
    },
    "assrs": {
        "acusrAssrs": [
            "피고 중앙회는 신협법 제89조 제7항에 의거 ① 피고(단위조합 명칭 생략)000에게 임원개선의 징계조치를 요구하고, ② 피고(단위조합 명칭 생략)000의 임시임원을 선임하였으며, ③ 피고(단위조합 명칭 생략)000의 임원변경등기를 촉탁하였다(위 ①, ②, ③을 합하여 이하 '이 사건 조치들'이라 한다).",
            "피고(단위조합 명칭 생략)000은 위 촉탁에 따른 변경등기를 신청하였는데, 그 근거가 된 신협법 제89조 제7항은 같은 조 제5항에 규정된 금융감독위원회(이하 '금감위'라 한다)의 조합에 대한검사결과에 따라 시정 등 필요한 조치를 명하거나 제7항 각호 소정의 조치를 취할 수 있도록 규정하고 있다.",
            "피고 중앙회는 금감위의 검사 없이 피고(단위조합 명칭 생략)000에 대하여 이 사건 조치들을 한 것으로써, 이러한 조치들은 신협법의 규정에 위반하여 무효이고, 무효인 이 사건 조치들에 기초한 피고(단위조합 명칭 생략)000의 행위 또한 무효이다.",
            "원고들은 이 사건 조치들이 신협법 제89조의 규정에 위반한 것이라고 주장하고 있는 반면, 피고들은 위 신협법 제89조가 개정 과정에서 입법상의 착오가 있었던 것이며 이 사건 조치들은 신협법에 위반된 것이 아니라고 주장한다.",
            "원고들은 이 사건에서, 피고(단위조합 명칭 생략)000이 피고 중앙회의 조치에 따라 임원변경등기를 신청한 결과 원고들에 대한 직무정지의 등기 및 임시임원의 선임등기가 마쳐진 것을 들어, 피고(단위조합 명칭 생략)000이 원고들에 대한 직무정지 및 임시임원 개선 조치를 하였다고 주장하면서, 원고들에 대한 직무정지 및 임시임원 개선 조치에 대하여 무효확인을 구하고 있다."
        ],
        "dedatAssrs": [
            "피고(단위조합 명칭 생략)000은 2005. 1. 25.에 개최된 제33차 정기총회에서 소외 00를 이사장으로, 소외 00을 부이사장으로, 소외 00, 00,6,7,8,9,10을 이사로, 소외 00, 00, 00 를 감사로 각 선임하여, 2005. 2. 7. 그에 따른등기까지 마쳤는바, 원고들의 이 사건 확인의 소는 과거의 법률관계에 대한 확인을 구하는 것으로써 소의 이익이 없다고 주장한다.",
            "또한 원고 00은 업무상배임죄로 대전고등법원으로부터 징역 1년, 집행유예 2년의 판결을 선고받고 그 판결이 2005. 2. 17. 확정되어, 설사 이 사건 조치들이 무효라고 하더라도, 신협법 제28조 제1항 제3호에 의하여 피고(단위조합 명칭 생략)000의 이사장 직을 더 이상 수행할 수 없게 되었다.",
            "따라서 원고 00의 경우에는 이 점에 있어서도 이 사건 조치들의 무효확인을 구할 소의이익이 없다고 주장한다."
        ]
    },
    "facts": {
        "bsisFacts": [
            "원고들은 2004. 9. 15.까지 별지 기재와 같이 피고(단위조합 명칭 생략)000(이하 피고(단위조합 명칭 생략)OOO이라 한다)의 임원(상임이사장, 부이사장, 이사, 감사)으로 재직하였다.",
            "피고 000(이하 '피고 중앙회'라 한다)는 2004. 9. 15. 피고(단위조합 명칭 생략)000의 이사장에게 피고 중앙회가 피고(단위조합 명칭 생략)000에 대하여 2004. 8. 17.부터 2004. 8. 19.까지 실시한 부문검사의 결과를 통보했다.",
            "신용협동조합법(이하 '신협법'이라 한다) 제89조를 근거로 피고(단위조합 명칭 생략)000으로 하여금 임원인 원고들에 대하여 개선의 징계조치를 할 것을 요구하였고, 그에 따라 원고들은 신협법 제84조 제2항에 의하여 직무정지가 되었다.",
            "피고 중앙회는 2004. 9. 15. 신협법 제89조 제7항 등에 의거 소외 00을 임시이사장으로 선임하는 등 별지 기재와 같이 7명의 임시임원을 선임하였고, 대전지방법원(명칭 생략)등기소에 원고들의 직무정지를 원인으로 한 말소등기 및 피고(단위조합 명칭생략)000의 임시임원 7인에 대한 취임등기를 촉탁하였다.",
            "그 후 피고(단위조합 명칭 생략)000의 임시이사장으로 선임된소외 00이 2004. 9. 24. 위 등기소에 피고 중앙회의 촉탁서를 첨부하여 피고(단위조합 명칭 생략)000의 변경등기를 신청한결과 원고들에 대한 말소등기 및 임시임원에 대한 취임등기가 마쳐졌다."
        ]
    },
    "dcss": {
        "courtDcss": [
            "이 사건 조치의 효력이 부정되는 경우 원고들은 피고 중앙회의 임원개선조치 요구시인 2004. 9. 15.부터 원고 00의 경우에는 형사판결의 확정시까지, 나머지 원고들의 경우에는 피고(단위조합 명칭 생략)000의 새로운 임원들이 선임된 2005. 1.25.까지는 피고(단위조합 명칭 생략)000의 임원으로서의 권리를 행사할 수 있었던 것이다.",
            "그 권리 중 일부(급여채권 등)는원고들이 현재 피고(단위조합 명칭 생략)000에 대하여 행사할 수도 있는 것인바, 적어도 그러한 점에 있어서는 원고들에게이 사건 조치들의 무효확인을 구할 이익이 있고, 이를 과거의 법률관계로 보아 소의 이익이 없다고 단정할 수 없으므로, 피고들의 본안전 항변은 이유없다.",
            "현행 신협법 제89조 제7항은 그 문언에도 불구하고 중앙회장이 중앙회의 검사 결과에 따라 조합에 필요한 조치를 할 수 있다고 해석하여야 할 것임은 앞서 살펴본 것과 같은 바, 이러한 전제에서, 피고 중앙회가 금감원의 검사 없이 이 사건 조치들을한 것이 신협법 규정에 위반되어 효력이 없다는 원고들의 주장은 더 나아가 살펴볼 필요 없이 이유없다고 할 것이다.",
            "한편, 피고 중앙회가 2004. 8. 17.부터 2004. 8. 19.까지 피고(단위조합 명칭 생략)000에 대하여 부문검사를 실시하고 그검사에 따라 이 사건 조치들을 한 사실은 위 1.항에서 인정된 것과 같은 바, 피고 중앙회가 피고(단위조합 명칭 생략)000에대하여 검사를 실시헸다.",
            "그에 따라 이 사건 조치들은 한 이상, 이 사건 조치들은 검사의 내용과 그에 따른 이 사건 조치들의 적절성에 대한 판단은 별론으로 하고 신협법 규정에 따른 절차상의 적법성이 인정되므로, 이러한 점에서도 원고들의 주장은 이유없다.",
            "원고들에 대한 직무정지 및 임시임원 개선은 피고(단위조합 명칭 생략)000이 한 것이 아니라, 원고들은 피고 중앙회의 피고(단위조합 명칭 생략)000에 대한 임원개선조치 요구에 따라 신협법 규정에 의해 자동적으로 직무정지된 것이고, 그로 인하여 피고(단위조합 명칭 생략)000의 업무를 집행할 임원이 없는 상황에서 피고 중앙회가 신협법 규정에 의거 직접 임시임원을 개선한 것이다.",
            "피고 중앙회의 조치에 따라 임원변경등기를 신청한 것에 지나지 않는 피고(단위조합 명칭 생략)000의 행위를 들어 직접 위와 같은 조치를 하였다고는 볼 수 없고, 달리 이를 인정할 증거도 없으므로, 결국 원고들의 피고(단위조합 명칭 생략)신협에 대한 소는 확인의 대상이 없어 각하되어야 할 것이다."
        ]
    },
    "close": {
        "cnclsns": [
            "그렇다면 원고들의 피고(단위조합 명칭 생략)신협에 대한 소는 부적법하여 각하하고, 피고 중앙회에 대한 청구는 이유없어 기각하며, 소송비용은 원고들이 부담하기로 한다. "
        ]
    }
}