{
    "info": {
        "caseField": "1",
        "detailField": "1",
        "trailField": "1",
        "caseNm": "소유권이전등기",
        "courtNm": "청주지방법원",
        "judmnAdjuDe": "2006. 06. 02.",
        "caseNo": "2004가합1735",
        "relateLaword": [
            "상법 제172조",
            "민법 제539조",
            "민법 제186조",
            "민법 제449조",
            "민법 제568조",
            "민법 제120조",
            "민법 제130조",
            "민법 제543조",
            "민법 제544조 ",
            "민법 제548조",
            "민법 제263조",
            "민법 제547조"
        ],
        "qotatPrcdnt": [
            "대법원 1990. 12. 26. 선고 90누2536 판결(공1991, 660)",
            "대법원 1994. 1. 28. 선고 93다50215 판결(공1994상, 830)",
            "대법원 1998. 5. 12. 선고 97다56020 판결(공1998상, 1611) ",
            "대법원 1996. 1. 26. 선고 94다54481 판결(공1996상, 726),",
            "대법원 1997. 10. 24. 선고 97다28698 판결(공1997하, 3602)",
            "대법원 1994. 5. 24. 선고 93다47738 판결결(공1994하, 1800)",
            "대법원 1995. 8. 22. 선고 95다15575 판결결(공1995하, 3249)",
            "대법원 1997. 5. 16. 선고 97다485 판결(공1997하, 1836)",
            "대법원 1991. 12. 13. 선고 91다18316 판결결(공1992, 505)",
            "대법원 2005. 4. 29. 선고 2003다66431 판결(공2005상, 804)",
            "대법원 1990. 3. 27. 선고 88다카181 판결결(공1990, 948)",
            "대법원 1990. 4. 27. 선고 89다카2100 판결(공1990, 1151)",
            "대법원 1992. 10. 27. 선고 92다19033 판결(공1992, 3271)",
            "대법원 1994. 5. 10. 선고 93다47615 판결결(공1994상, 1650)",
            "대법원 1995. 9. 15. 선고 94다54894 판결(공1995하, 3378)",
            "대법원 2004. 7. 9. 선고 2004다13083 판결(공2004하, 1330)",
            "대법원 1994. 8. 12. 선고 92다41559 판결(공1994하, 2280)",
            "대법원 1995. 3. 28. 선고 94다59745 판결(공1995상, 1748)"
        ]
    },
    "concerned": {
        "acusr": "2",
        "dedat": "1"
    },
    "org": {
        "orgJdgmnCourtNm": "",
        "orgJdgmnAdjuDe": "",
        "orgJdgmnCaseNo": ""
    },
    "disposal": {
        "disposalform": "1",
        "disposalcontent": [
            " 소외 1로부터, 피고 1, 피고 2는 각 금 2,250,000,000원, 피고 3은 금 575,000,000원을 각 지급받음과 동시에 원고에게 별지 목록 기재 각 부동산 중 피고 1, 피고 2는 각 8분의 3 지분에 관하여, 피고 3은 8분의 2 지분에 관하여 각 1999. 6. 11.자 매매를 원인으로 한 소유권이전등기절차를 이행한다.",
            "원고의 주위적 청구 및 제1 예비적 청구와 원고의 피고 1, 피고 2에 대한 각 나머지 제2 예비적 청구를 각 기각한다.",
            "소송비용 중 원고와 피고 3 사이에 생긴 부분은 피고 3의 부담으로 하고, 원고와 피고 1, 피고 2 사이에 생긴 부분은 이를 3분하여 그 중 1은 원고의, 나머지는 피고 1, 피고 2의 각 부담으로 한다."
        ]
    },
    "mentionedItems": {
        "rqestObjet": [
            "원고로부터, 피고 1, 피고 2는 각 금 862,500,000원, 피고 3은 금 575,000,000원을 각 지급받음과 동시에 원고에게 별지 목록 기재 각 부동산(이하  이 사건 부동산 이라 한다) 중 피고 1, 피고 2는 각 8분의 3 지분에 관하여, 피고 3은 8분의 2 지분에 관하여 각 1999. 6. 11.자 매매를 원인으로 한 소유권이전등기절차를 이행한다.",
            "피고들은 각자 원고에게 금 7,700,000,000원 및 이에 대하여 1999. 6. 26.부터 2000. 7. 15.자 청구취지 및 청구원인 변경신청서부본 송달일까지는 연 5%, 그 다음날부터 다 갚는 날까지는 연 20%의 각 비율에 의한 금원을 지급한다.",
            "소외 1로부터, 피고 1, 피고 2는 각 금 862,500,000원, 피고 3은 금 575,000,000원을 각 지급받음과 동시에 원고에게 이 사건 부동산 중 피고 1, 피고 2는 각 8분의 3 지분에 관하여, 피고 3은 8분의 2 지분에 관하여 각 1999. 6. 11.자 매매를 원인으로 한 소유권이전등기절차를 이행한다."
        ]
    },
    "assrs": {
        "acusrAssrs": [
            "주위적 청구 : 이 사건 매매계약 체결 당시 원고 회사는 설립중의 회사였으므로 원고 회사의 발기인 겸 이사인 소외 1이 피고들과 사이에 이 사건매매계약을 체결하였고, 계약서 특약사항 제2항에 ‘매수인은 법인전환시 상호에 따라 결정되므로 매수인이 지정되는 대로 매도인 인감발급 및 등기서류를 제출한다",
            "피고들은 원고 회사로부터 이 사건 매매계약의 잔대금 2,300,000,000원을 피고들의 각 지분 비율에 따라 지급받음과 동시에 원고 회사에게 이 사건 부동산 중 피고들의 각 지분에 관하여 각 이 사건 매매계약을 원인으로 한 소유권이전등기절차를 이행할 의무가 있다.",
            "제1예비적청구 : 피고들의 주장대로 이 사건 매매계약이 적법하게 해제되었다면, 피고들은 각자 이 사건 부동산의 매수인인 원고 회사에게 그동안이 사건 매매대금으로 지급받은 7,700,000,000원(계약금 2,000,000,000원 + 1차 중도금 2,000,000,000원 + 2차 중도금 3,700,000,000원) 및 이에 대한 지연손해금을 반환할 의무가 있다.",
            "제2예비적청구 : 가사, 이 사건 매매계약의 매수인이 원고 회사가 아닌 소외 1이라고 하더라도, 이 사건 매매계약은 소외 1을 요약자, 피고들을 낙약자, 원고 회사를 수익자로 하는 소위 ‘제3자를 위한 계약’이고, 원고 회사는 이 사건 매매계약의 수익자로서 매도인인 피고들에게 2006. 3. 7.자 청구취지 및 청구원인 변경신청서의 송달로써 수익의 의사표시를 하였다. ",
            "소외 1은 피고들에게 이 사건 매매대금 중 2차 중도금까지 모두 지급하였으므로, 피고들은 소외 1로부터 이 사건 매매잔대금 2,300,000,000원을 피고들의 각 지분 비율에 따라 지급받음과 동시에 원고 회사에게 이 사건 부동산 중 피고들의 각 지분에 관하여 이 사건 매매계약을원인으로 한 소유권이전등기절차를 이행할 의무가 있다",
            "이 사건 매매계약의 매수인이 원고 회사가 아닌 소외 1이라고 하더라도, 이 사건 매매계약은 소외 1을 요약자, 피고들을 낙약자, 원고 회사를 수익자로 하는 소위 제3자를 위한 계약이고, 원고 회사는 이 사건 매매계약의 수익자로서 매도인인 피고들에게 2006. 3. 7.자 청구취지 및 청구원인 변경신청서의 송달로써 수익의 의사표시를 하였다.",
            "소외 1은 피고들에게 이 사건 매매대금 중 2차 중도금까지 모두 지급하였으므로, 피고들은 소외 1로부터 이 사건 매매잔대금 2,300,000,000원을 피고들의 각 지분 비율에 따라 지급받음과 동시에 원고 회사에게 이 사건 부동산 중 피고들의 각 지분에 관하여 이 사건 매매계약을원인으로 한 소유권이전등기절차를 이행할 의무가 있다.",
            "원고 회사는, 피고 1, 피고 2로부터 위임받은 소외 2의 2차 중도금 수령권한에 어떠한 하자가 있다고 하더라도, 피고 1, 피고 2는 소외 2를 횡령으로 형사고소한 사건에서 2차 중도금을 포함하여 소외 2가 받은 7,700,000,000원 모두 인정하는 것을 전제로 소외 2의 횡령금액을 계산한 점이 있다.",
            "피고 1은 1999. 11. 9. 수사기관에서 소외 2가 가지고 있는 8억원도 피고들의 지분대로 분배해 줬으면 좋겠고, 나머지 잔금은 이 사건이 종결된 후 다른 방법으로 지급받도록 하겠습니다.라는 등 소외 2의 2차 중도금 수령을 추인하는 듯한 진술을 한 점이 있다.",
            "원고 회사가 이 사건 공탁금출급채권을 가압류하자, 피고1, 피고 2는 원고 회사를 상대로 제소명령을 신청하는 등 이 사건 공탁금을 받으려고 한 점, 4. 피고 1, 피고 2는 피고 3이제기한 이 사건 공탁금에 관한 소송에서 적극적으로 반소를 제기하여 이 사건 공탁금 중 자신들의 지분 상당금액은 자신들에게있다는 확인을 구한 점이 있다.",
            "원고 회사가 잔금기일인 1999. 7. 9.경부터 2002. 4.경까지 피고들에게 잔금 2,300,000,000원을 받아갈 것을 요구하였으나, 피고 1, 피고 2는 2차 중도금 수령에 관하여 아무런 이의제기를 하지 않은 점 등에 비추어 보면, 피고 1, 피고 2는 소외 2의 2차 중도금 수령을 묵시적으로 추인하였다고 주장한다.",
            "이 사건 매매계약 체결 당시 원고 회사는 설립중의 회사였으므로 원고 회사의 발기인 겸 이사인 소외 1이 피고들과 사이에 이 사건매매계약을 체결하였고, 계약서 특약사항 제2항에 ‘매수인은 법인전환시 상호에 따라 결정되므로 매수인이 지정되는 대로 매도인 인감발급 및 등기서류를 제출한다.’라고 특약하였는데, 그 후 원고 회사가 설립되었으므로, 원고 회사가 이 사건 매매계약의 당사자가 된다고 할 것이다."
        ],
        "dedatAssrs": [
            "이 사건 매매계약의 매수인은 원고 회사가 아닌 소외 1 개인이므로, 원고 회사는 피고들에 대하여 소유권이전등기청구권이 없고, 2. 소외 1은 1999. 6. 21.에야 비로소 법인 설립등기를 경료한 원고 회사로 하여금 이 사건 부동산에 관한 소유권을 직접 취득하게 하기 위하여 1999. 6. 11. 피고들과 이 사건 매매계약을 체결한 것이다.",
            "이 사건 매매계약은 소외 1을 요약자, 피고들을 낙약자, 원고를 수익자로 하는 제3자를 위한 계약이라고 할 것인바, 이 사건 매매 계약의 잔대금을 지급할 사람은 원고회사가 아닌 소외 1이다.",
            "피고들은 소외 1로부터 이 사건 매매잔대금을 지급받음과 동시에 원고 회사에게 이 사건 부동산중 자신들의 각 지분에 관하여 소유권이전등기절차를 이행할 의무가 있을 뿐이므로, 원고 회사의 주위적 청구 및 제1 예비적 청구는 이유 없다.",
            "피고 1, 피고 2는 2006. 4. 13.자 및 2006. 5. 10.자 준비서면으로 원고 회사의 위 소유권이전등기청구권 양도또는 중간생략등기 합의에 관하여 이의를 보류하고 승낙하였으므로, 원고 회사의 이 사건 각 청구는 소유권이전등기청구권의양도로 그 권리를 상실한 자의 청구이거나, 순차 중간생략등기의 합의에 반하는 것으로써 이유 없다.",
            "피고 2가 1999. 6. 21. 소외 2에게 작성해 준 위임장(이하 이 사건 위임장이라 한다)은 백지에 피고 2의 서명 날인만 있었는데 나중에 소외 2가 그 내용을 보충하여 이를 위조한 것이다(위임장 위조의 주장).",
            "가사 이 사건 위임장이 위조되지 않았다고 할지라도, 소외 2는 피고 2로부터 다시 이 사건 매매대금 수령에 관한대리권을 수여받은 자로서 피고 1에 대하여는 복대리인의 지위에 있게 되는데, 피고 1의 대리인인 피고 2는 피고 1의 승낙이나 부득이한 사유 없이 소외 2를 복대리인으로 선임하였으므로, 결국 피고 2가 소외 2를 복대리인으로 선임한 것은 위법하다.",
            "소외 2의 1, 2차 중도금 수령행위 중 피고 1에 대한 부분(수령금액의 3/8)은 무권리자의 수령행위가 되어 피고 1에 대한 적법한 1, 2차 중도금의 지급이라고 볼 수 없다.(위법한 복대리의 주장).",
            "피고 1, 피고 2는 2차 중도금이 지급되기 이전에전화통화와 팩스로 소외 1에게 소외 2에게는 이 사건 매매대금 수령권한이 없으므로, 피고 1, 피고 2에게 직접 매매대금을지급할 것을 통고하였으나, 소외 1은 이를 무시하고 1999. 6. 28. 소외 2에게 2차 중도금 3,700,000,000원을 지급했다.",
            "이는 위임이 해지되어 매매대금 수령권한이 없는 자에 대한 2차 중도금의 지급이 되어 피고 1, 피고 2에 대한 적법한 2차중도금의 지급이라고 볼 수 없다.(위임 해지의 주장)",
            "이 사건 매매계약의 해제와 관련하여, 1. 소외 1은 2002. 7. 30. 및 2002. 9. 3. 두 차례에 걸쳐서 피고들에게 매수인이 지급한7,700,000,000원을 반환하고 이 사건 매매계약을 해제하자는 제의를 하였고, 피고들을 대표한 피고 3이 소외 8 주식회사를 방문하여 소외 1과 이 사건 매매계약을 해제하기로 합의하였으며, 가사 그러한 합의가 없었다고 친다.",
            "피고들은 이 사건 소송의 답변서 및 준비서면(피고 1, 피고 2는 2004. 10. 14.자 준비서면, 피고 3은 2006. 3. 10.자 준비서면)의 송달로써 소외 1의 계약해제의 제안을 승낙하였으므로, 이 사건 매매계약은 합의해제되었다고 할 것이다.(합의해제 주장)",
            "소외1은 2002. 7. 30. 및 2002. 9. 3. 두 차례에 걸쳐서 내용증명우편으로 피고들에게 피고들의 잔대금 수령지체를 이유로 이 사건 매매계약을 해제하겠다는 의사를 표시하였고, 이 사건 매매계약이 해제되었음을 전제로 이 법원에 이 사건 공탁금출급채권및 이 사건 부동산에 관하여 가압류신청을 하여 2003. 4. 22. 이 법원으로부터 가압류결정을 받았다.",
            "그 결정이 그 무렵 피고들에게 송달되었는바, 이로써 소외 1은 이 사건 매매계약을 해제하였고, 그 의사표시가 피고들에게 도달되었다고 할 것이므로이 사건 매매계약은 해제되었다(법정해제 주장)고 다툰다.",
            "피고 1, 피고 2는 소외 2는 소외 1, 9가 소외 8 주식회사에서 횡령한 돈을 은닉하는데 이 사건 매매계약을 이용하였으므로, 이 사건 매매계약은 반사회질서에 해당되어 무효라고 주장한다.",
            "피고 1, 피고 2는, 2차 중도금이 지급되지도 않은 상황에서 원고 회사가 피고들을 상대로 잔대금 2,300,000,000원의 수령과 상환으로 이 사건 부동산에 관하여 소유권이전등기를 구하는 것은 미리 자기의 채무를 이행하지 아니할 의사를 표명한 것이므로 2006. 4. 13.자 준비서면으로 이 사건 매매계약을 해제한다고 주장한다."
        ]
    },
    "facts": {
        "bsisFacts": [
            "망 소외 3은 이 사건 부동산의 소유자로서 위 부동산에서 (명칭 생략) 목장을, 0000에서 사료 및 식용유를 생산하는 소외4 주식회사를 각 운영하면서, 가족으로는 처인 피고 2와 사이에 딸 소외 5, 6, 7, 아들 피고 1, 피고 3을 두었고, 소외2는 소외 6의 남편이자 피고 2의 사위이며 1992. 2. 12.경부터 소외 4 주식회사에서 법정관리인으로 근무하였다.",
            "소외 3이 1985. 8. 10.경 사망하자, 딸들인 소외 5, 6, 7은 1985. 11. 5. 이 법원에 상속포기신고를 하였고, 나머지 상속인인 소외 3의 처 피고 2, 장남으로 호주상속인인 피고 1은 이 사건 부동산 중 각 8분의 3 지분, 차남인 피고 3은 이 사건 부동산 중 8분의 2 지분을 공동으로 상속하였다.",
            "1986. 2. 25.경 위 재산상속을 원인으로 이 사건 부동산에 관하여 피고들의 각 지분 비율에 따른 지분이전등기를 경료하였다.",
            "피고들은 소외 2가 참석한 가운데 1999. 6. 11.경 소외 8 주식회사 사무실에서 당시 소외 8 주식회사 대표이사였던 소외 1과 사이에 이 사건 부동산에 관하여 매매대금을 10,000,000,000원으로 하되, 계약금 2,000,000,000원은 1999. 6. 11., 1차 중도금 2,000,000,000원은 1999. 6. 18., 2차 중도금 3,000,000,000원은 1999. 6. 25., 받기로 했다.",
            "잔금 3,000,000,000원은 1999.7. 9.에 각 지급받기로 하고, 특약사항으로 잔금 지급시기는 등기부상 근저당권 및 기타 등기를 모두 말소한 후로 하고(제1항), 매수인은 법인전환시 그 상호에 따라 결정되므로 매수인이 지정되는 대로 인감발급 및 등기서류를 제출하기로 했다(제2항).",
            "기타 양도세신고 및 그 밖의 등기에 필요한 제반 인허가 사항은 매도인이 그 서류를 제공하기로(제3항) 하는 내용의 매매계약(이하 이 사건 매매계약이라 한다)을 체결하였다.",
            "원고 회사 설립을 위하여 소외 1, 9 등 발기인들은 1999. 6. 19.경 원고 회사의 정관을 작성하고 주식을 인수함과 동시에 창립총회를 개최하여 발기인 소외 9를 발기인 대표로 선임하고 원고 회사의 정관을 승인하였으며, 소외 1, 9, 10, 11을 원고회사의 이사로 선임하였다.",
            "원고 회사는 1999. 6. 21.경 본점 소재지 0000 (상세 주소 생략), 대표이사 소외 9, 목적 벤처집적단지 조성 및 운영 등으로 하는 법인 설립등기를 경료하였다.",
            "피고들은 1999. 6. 18.경 가족회의를 열어 이 사건 부동산의 매매대금은 피고 1, 피고 3의 어머니인 피고 2의 통장으로 입금하고, 소외 4 주식회사 및 피고들을 위하여 차용한 부채의 상환은 입금통장 명의자인 피고 2가 해당 차입자에게 돈을 건네주어 차입자의 명의로 부채를 상환하기로 하였다. ",
            "피고들은 부채를 모두 정리한 후 남은 돈에 대하여는 피고 2가 가족회의를 주재하여 그동안의 부채상환내역을 설명하고 이를 나누는 것으로 합의하였고, 그 내용을 확실히 하기 위하여 피고 1, 피고 3은 1999. 6. 19. 피고 2에게 이 사건 부동산 매매에 관한 모든 권한을 위임하였다. ",
            "피고 2는 1999. 6. 21. 다시 소외 2에게 이 사건부동산 매매에 있어서 매매대금 수령 및 처분에 관한 일체의 권한을 위임하였다.",
            "소외 1은 이 사건 매매대금으로, 계약체결일인 1999. 6. 11. 피고들에게 계약금 2,000,000,000원, 1999. 6. 21. 소외 2와 피고 3에게 1차 중도금 2,000,000,000원, 1999. 6. 28. 소외 2에게 2차 중도금 3,700,000,000원을 각 지급하였다.",
            "소외 2는 1999. 6. 11. 자신과 피고 2 명의의 000계좌를 개설하고, 소외 1로부터 위와 같이 수령한 매매대금을 피고 2 명의의 000 계좌( 계좌번호 생략)로 각 입금함과 동시에 같은 날 다시 자신 명의의 000 계좌( 계좌번호 생략)로 각 입금하였다.",
            "한편, 피고 1, 피고 2는 1999. 6. 26. 소외 1이 대표이사로 있는 소외 8 주식회사에 앞으로 지급될 2차 중도금 및 잔금에대하여 소외 2에게는 수령권한이 없으므로, 피고 1, 피고 2에게 직접 지급하도록 요구하는 내용의 팩스를 보냈다. ",
            "피고1은 1999. 6. 28.경 소외 8 주식회사에 전화하여 직원으로부터 소외 1이 위와 같은 내용의 팩스를 받았음을 확인하였다.",
            "피고1,피고2는 1999.8.3. 소외2가 소외1로부터 이 사건 부동산의 매매대금 중 계약금 2,000,000,000원, 1,2차 중도금 6,000,000,000원 합계 금 8,000,000,000원을 수령하였으며, 소외4 주식회사 및 피고들의 채무 약 금 5,720,000,000원을 변제하고 남은 금 2,280,000,000원을 피고들에게 반환할 의무가 있는데도 이를 반환하지 않고 있다는 내용으로 소외2를 서울지방검찰청에 고소하였다.",
            "소외 2는 2000. 12. 4.경 혐의없음 불기소처분을 받았다.",
            "소외 2는 위 형사고소사건으로 조사를 받던 중 1999. 11. 17.경 피고들을 피공탁자로 하여 이 법원 99년 금제1788호로자신이 수령한 매매대금 7,700,000,000원 중 피고들의 채무 합계 금 6,900,867,562원을 변제 후 남은 814,922,256원(가산된 이자를 포함한 금원)을 변제공탁(이하 이 사건 공탁이라 한다)하였다.",
            "피고 3은 2000. 10. 23.경 피고 1, 피고 2를 상대로 이 법원 2000가합4675호로 자신이 이 사건 부동산의 실질적 소유자이므로 위 부동산 매매대금 7,700,000,000원 중 피고들의 채무를 변제하고 남은 금원 또한 자신의 몫이라고 주장하면서 이 사건 공탁금에 관한 피고 1, 피고 2의 공탁금출급청구권에 대하여 채권양도를 구하는 소를 제기하였다.",
            "피고 1,피고 2도 위 소송계속중인 2001. 5. 23.경 피고 3을 상대로 이 법원 2001가합1895호로 자신들은 이 사건 부동산의 정당한지분 소유자이므로 이 사건 공탁금에 대한 출급청구권도 자신들에게 지분 비율대로 귀속된다고 주장하면서 반소를 제기하였다.",
            "피고들은 2001. 9. 26. 이 법원으로부터 이 사건 공탁금 중 금 305,595,846원의 출급청구권이 피고 1, 피고 2에게 있다.는 내용의 판결을 선고받았고, 피고 3은 이에 불복하여 항소하였으나 2002. 7. 26. 항소기각판결을, 다시 상고하였으나 2002.11. 22. 상고기각판결을 각 선고받아 그 무렵 위 판결이 확정되었다.",
            "소외 1은 소외 8 주식회사의 대표이사로 재직하면서 소외 8 주식회사의 자금으로 역외 000에 투자하여 보유하게 된 약 686억 원 상당의 순자산을 회사에 귀속시키지 않고 소외 9,12 등과 임의로 나누어 가지기로 합의했다.",
            "소외 1은 2000. 3.경 000가 주당 0.75불에 구입한 000 주식 200만 주를 000명의로 이전시킨 다음 주당 5불씩 합계 1,000만 불에 소외 8 주식회사에 매각한후 그 대금을 홍콩에 개설된 000 계좌에 입금시키고 그 중 992만 불을 국내에 반입했다.",
            "소외 1은 원고 회사의 신주를 액면가의 31배 이상가격으로 배정받는 방법으로 원고 회사에게 귀속시킨 뒤 자금을 임의로 인출, 사용하여 이를 횡령하였다는 공소사실 등으로 기소되어 2001. 9. 28.경 유죄의 판결( 사건번호 생략)을 선고받았고, 그 후 항소심( 사건번호 생략)에서 유죄가 확정되었다.",
            "소외 1은 자신이 실질적 대표이사로 있는 소외 8 주식회사 명의로 피고들에게 2002. 7. 30.경 이 사건 매매계약을 해제하고 이미 지급된 매매대금 7,700,000,000원을 매수인에게 반환하거나, 잔금의 지급 없이 이 사건 부동산을 매수인에게 이전하는 방안을 선택하여 2002. 8. 14.까지 답변을 요구하는 내용의 각 내용증명우편을 발송하였다. ",
            "소외 1은 2002. 9. 3.경 위와 같은 제안에 대한 피고들의 답변을2002. 9. 14.까지 요구하는 내용의 각 내용증명우편을 발송하였다.",
            "원고 회사는 2003. 4. 22.경 매매대금 반환채권을 피보전권리로 이 법원 2003카합244, 245호로 피고들의 이 사건 공탁금출급청구권과 이 사건 부동산에 관하여 가압류를 신청하여 이 법원으로부터 가압류결정을 받았고, 피고 1, 피고 2가 2004.7.경 원고 회사를 상대로 제소명령을 신청하자, 원고 회사는 이 사건 소송에서 이 사건 제1 예비적 청구를 추가하였다."
        ]
    },
    "dcss": {
        "courtDcss": [
            "피고들의 주장대로 이 사건 매매계약이 적법하게 해제되었다면, 피고들은 각자 이 사건 부동산의 매수인인 원고 회사에게 그동안이 사건 매매대금으로 지급받은 7,700,000,000원(계약금 2,000,000,000원 + 1차 중도금 2,000,000,000원 + 2차 중도금 3,700,000,000원) 및 이에 대한 지연손해금을 반환할 의무가 있다.",
            "당사자 사이에 계약의 해석을 둘러싸고 이견이 있어 처분문서에 나타난 당사자의 의사해석이 문제되는 경우에 그 해석은 문언의 내용, 그와같은 약정이 이루어진 동기와 경위, 약정에 의하여 달성하려는 목적, 당사자의 진정한 의사 등을 종합적으로 고찰하여 논리와경험칙에 따라 합리적으로 해석하여야 할 것이다( 대법원 2000. 4. 11. 선고 2000다4517 판결 등 참조).",
            "이 사건 매매계약에 관여했던 소외 1, 피고들, 소외 2의 진정한 의사도 소외 1이 이 사건 부동산의 매수인이라는 것이므로, 이 사건 매매계약의 당사자는 매도인 피고들과 매수인 소외 1이라고 할 것이다.",
            "설립중의 회사라 함은 주식회사의 설립과정에 있어서 발기인이 회사의 설립을 위하여 필요한 행위로 인하여 취득하게 된 권리의무가 회사의 설립과 동시에 그 설립된 회사에 귀속되는 관계를 설명하기 위한 강학상의 개념으로서 정관이 작성되고 발기인이적어도 1주 이상의 주식을 인수하였을 때 비로소 성립하는 것이다.",
            "이러한 설립 중의 회사로서의 실체가 갖추어지기 이전에 발기인이 취득한 권리, 의무는 구체적 사정에 따라 발기인 개인 또는 발기인조합에 귀속되는 것으로서 이들에게 귀속된 권리의무를 설립 후의 회사에 귀속시키기 위하여는 양수나 채무인수 등의 특별한 이전행위가 있어야 할 것이다( 대법원 1990. 12. 26.선고 90누2536 판결, 1998. 5. 12. 선고 97다56020 판결 등 참조).",
            "이 사건의 경우 소외 1이 설립중의 회사 발기인으로서 이 사건 매매계약을 체결하여 원고 회사가 당연히 이 사건 매매계약의당사자가 되는지에 관하여 보건대, 이 사건 매매계약 체결 당시 원고 회사가 설립중의 회사였다는 점에 관하여 이를 인정할 증거가 없다.",
            "따라서 이 사건 매매계약 체결 당시 원고 회사가 설립중 회사였음을 전제로 하는 원고 회사의 이 부분 주장은 이유 없다.",
            "민법 제539조의 제3자를 위한 계약이라 함은 통상의 계약이 그 효력을 당사자 사이에서만 발생시킬 의사로 체결되는 것과는 달리 계약 당사자가 자기 명의로 체결한 계약에 의하여 제3자로 하여금 직접 계약 당사자의 일방에 대하여 권리를 취득하게 하는것을 목적으로 하는 계약이다.",
            "이러한 계약은 그 내용이 사회질서에 반하거나 제3자의 이익을 해하지 않고, 다른 법령의 해석에 의하여 소유권이전등기청구권이 반드시 매수인에게로 귀속되어야 된다고 강제되지 않는 한, 당사자의 의사를 존중하는 사적 자치의 민법 대원칙상 그 효력을 부인할 이유가 없다.",
            "낙약자는 요약자와 사이에 제3자로 하여금 직접 소유권이전등기청구권을 취득하게 하기로 합의하였으므로, 계약체결 당시부터 스스로 제3자를 예견하고 있었다는 점에서 소유권이전등기청구권이 채권양도에 의하여 이전되는 경우와는 다르게 요약자에게 특히 불이익이 되지 않는다.",
            "계약의 당사자는 여전히 요약자와낙약자이므로, 소유권이전등기의 이행과정에 따르는 요약자의 신뢰관계를 훼손할 여지가 희박하고, 4. 실제 이 사건의 경우와같이 장래에 설립될 법인에게 그 소유권을 귀속시키기 위하여 현실적 필요성도 인정되는 점에서 소유권이전등기청구권을 제3자가 직접 취득하게 하는 계약이다.",
            "즉, 낙약자가 요약자와 사이에 제3자에게 부동산소유권을 이전하기로 약정하는 경우에도 위 규정이 준용된다고 할 것인바, 이 경우 제3자는 낙약자에 대하여 수익의 의사표시를 함으로써 부동산에 관한 소유권이전등기청구권을 취득한다고 할 것이다.",
            "이 사건매매계약은 소외 1이 요약자, 피고들이 낙약자, 원고 회사가 수익자인 일종의 제3자를 위한 계약이라 할 것이고, 제3자인 원고 회사는 이 사건 2006. 3. 7.자 청구취지 및 청구원인 변경신청서부본의 송달로써 피고들에게 수익의 의사표시를 하였으므로 피고들에 대하여 이 사건 부동산에 관한 소유권이전등기청구권을 취득하였다고 할 것이다.",
            "부동산이 전전 양도된 경우에 중간생략등기의 합의가 없는 한 그 최종 양수인은 최초 양도인에 대하여 직접 자기 명의로의 소유권이전등기를 청구할 수 없다.",
            "부동산의 양도계약이 순차 이루어져 최종 양수인이 중간생략등기의 합의를 이유로 최초 양도인에게 직접 그 소유권이전등기청구권을 행사하기 위하여는 관계 당사자 전원의 의사 합치, 즉 중간생략등기에 대한 최초 양도인과 중간자의 동의가 있는 외에 최초 양도인과 최종 양수인 사이에도 그 중간등기 생략의 합의가 있었음이 요구된다.",
            "비록 최종 양수인이 중간자로부터 소유권이전등기청구권을 양도받았다 하더라도 최초 양도인이 그 양도에 대하여 동의하지 않고 있다면 최종 양수인은 최초 양도인에 대하여 채권양도를 원인으로 하여 소유권이전등기절차 이행을 청구할 수 없다고 할 것이다( 대법원 1997. 5. 16. 선고 97다485 판결 등).",
            "소외 8 주식회사가 원고 회사로부터 소유권이전등기청구권을 양수받았음을 전제로 한 권리행사라고 볼 수 없는바, 위와 같은 약정사실과 내용증명우편 송달사실만으로는 피고들에 대한 소유권이전등기청구권을 소외 8 주식회사에게 양도하겠다는 원고 회사와 소외 8 주식회사 사이의 합의가 있었다고 인정하기에는 부족하고, 달리 소유권이전등기청구권 양도에 관한 합의를 인정할 증거가 없다.",
            "원고 회사는 소외 8 주식회사와 사이에 이 사건 부동산에 관하여 소외 8 주식회사에게 소유권이전등기를 하여주되그 방식은 중간생략등기 방식으로 하기로 약정한 사실이 인정되나, 위 약정은 원고 회사와 소외 8 주식회사 사이에 체결된 것으로 이러한 약정이 체결되었다는 사정만으로 원고 회사와 소외 8 주식회사, 위 피고들 3자간에 중간생략등기의 합의가 있었다고 볼 수 없고, 달리 이를 인정할 증거가 없다.",
            "1999. 6. 11. 소외 1과 피고들 사이에 체결된 이 사건 매매계약이 소외 1의 2000. 3.경의 횡령범죄에 적극적으로 이용되었다고 보기 어렵고, 달리 이를 인정할 증거가 없다.",
            "피고 1은 피고 2가 소외 2를 복대리인으로 선임하는 것에 관하여 묵시적 승낙을 한 것이라고 할 것이다.",
            "따라서 특별한 사정이 없는 한, 소외 1이 소외 2에게 지급한 2차 중도금 중 피고 1, 피고 2에 대한 부분은 위임이 해지되어 매매대금 수령권한이 없는 자에 대한 지급으로 그 효력이 없다고 할 것이다.",
            "그렇다면 특별한 사정이 없는 한 소외 1로부터, 피고 1, 피고 2는 이 사건 매매계약의 중도금 및 잔대금으로 각2,250,000,000원{2차 중도금 1,387,500,000원(3,700,000,000원 × 3/8) + 잔대금 862,500,000원(2,300,000,000원× 3/8)}, ",
            "피고 3은 이 사건 매매계약의 잔대금으로 575,000,000원(잔대금 2,300,000,000원 × 2/8)을 지급받음과 동시에 원고 회사에게 이 사건 부동산 중 피고들의 각 지분에 관하여 각 이 사건 매매계약을 원인으로 한 소유권이전등기절차를 이행할 의무가 있다고 할 것이다.",
            "이 사건 매매계약이 합의해제로 소멸되었다는 피고들의 주장은 모두 이유 없다.",
            "소외 1의 위와 같은 내용증명우편 통지가 이 사건 매매계약의 해제를 위한 적법한 최고임을 전제로 한 피고들의 법정해제주장은 이유 없다.",
            "원고 회사에게 이 사건 매매계약의 해제권이 있음을 전제로 원고 회사가 피고들을 상대로 제기한 채권 및 부동산 가압류가 이 사건 매매계약의 해제권 행사에 해당한다는 취지의 피고들의 주장은 더 나아가 살펴 볼 필요 없이 이유 없다.",
            "이행최고 및 이행제공 없이도 이 사건 매매계약을 해제할 수 있다는 피고 1, 피고 2의 이 부분 주장은 이유없다.",
            "하나의 부동산을 수인이 공유하는 경우 각 공유자는 각 그 소유의 지분을 자유로이 처분할 수 있으므로, 공유자 전원이 공유물에 대한 각 그 소유지분 전부를 형식상 하나의 매매계약에 의하여 동일한 매수인에게 매도하는 경우라도 당사자들의 의사표시에 의하여 각 지분에 관한 소유권이전의무, 대금지급의무를 불가분으로 하는 특별한 사정이 없을 때를 본다.",
            "실질상 각 공유지분별로별개의 매매계약이 성립되었다고 할 것이고, 일부 공유자가 매수인의 매매대금지급의무 불이행을 원인으로 한 그 공유지분에대한 매매계약을 해제하는 것은 가능하다고 할 것이다( 대법원 1995. 3. 28. 선고 94다59745 판결 참조).",
            "쌍무계약에 있어서당사자 일방이 미리 자기의 채무를 이행하지 아니할 의사를 표명한 때에는 상대방은 이행의 최고나 자기 채무의 이행의 제공 없이 계약을 해제할 수 있다."
        ]
    },
    "close": {
        "cnclsns": [
            "소외 1로부터, 피고 1, 피고 2는 각 금 2,250,000,000원, 피고 3은 금 575,000,000원을 각 지급받음과 동시에 원고에게 별지 목록 기재 각 부동산 중 피고 1, 피고 2는 각 8분의 3 지분에 관하여, 피고 3은 8분의 2 지분에 관하여 각 1999. 6.11.자 매매를 원인으로 한 소유권이전등기절차를 이행할 의무가 있다.",
            "고 회사의 피고 3에 대한 제2 예비적 청구는 이유 있어 이를 인용하고, 원고 회사의 피고 1, 피고 2에 대한 제2 예비적 청구는 위 인정 범위 내에서 이유있어 이를 인용하며, 원고 회사의 주위적 청구 및 제1 예비적 청구와 원고 회사의 피고 1, 피고 2에 대한 나머지 제2 예비적 청구는 이유 없어 이를 각 기각하기로 하여 주문과 같이 판결을 선고한다"
        ]
    }
}