{
    "info": {
        "caseField": "1",
        "detailField": "1",
        "trailField": "2",
        "caseNm": "손해배상(기)",
        "courtNm": "서울고등법원",
        "judmnAdjuDe": "2005. 10. 18.",
        "caseNo": "2004나84063",
        "relateLaword": [],
        "qotatPrcdnt": [
            "대법원 2003. 1. 24. 선고 2000다37647 판결",
            "대법원 2003. 8. 19. 선고 2001다3214 판결",
            "대법원2004. 8. 16. 선고 2002다16804 판결",
            "대법원 2002. 1. 22. 선고 2000다37524 판결",
            "대법원 2002. 1. 22. 선고 2000다37531 판결"
        ]
    },
    "concerned": {
        "acusr": "2",
        "dedat": "2"
    },
    "org": {
        "orgJdgmnCourtNm": "서울중앙지방법원",
        "orgJdgmnAdjuDe": "2004.11.3",
        "orgJdgmnCaseNo": "2003가합66450"
    },
    "disposal": {
        "disposalform": "10",
        "disposalcontent": [
            "제1심 판결 중 아래에서 지급을 명하는 금원에 해당하는 원고 패소부분을 취소한다.",
            "피고는 원고에게 10,000,000원 및 이에 대하여 2003. 9. 23.부터 2005. 10. 18.까지는 연 5%, 그 다음날부터 완제일까지는 연 20%의 각 비율에 의한 금원을 지급하라.",
            "원고의 나머지 항소를 기각한다.",
            "소송총비용은 이를 10분하여 그 9는 원고의, 나머지는 피고의 각 부담으로 한다.",
            "제1항은 가집행할 수 있다."
        ]
    },
    "mentionedItems": {
        "rqestObjet": [
            "제1심 판결을 취소한다.",
            "피고는 원고에게 210,000,000원 및 이에 대한 이 사건 소장부본 송달 다음날부터완제일까지 연 20%의 비율에 의한 금원을 지급한다."
        ]
    },
    "assrs": {
        "acusrAssrs": [
            "언론의 비판기능은 그것이 악의적이거나 현저히 상당성을 잃은 공격이 아닌 한 쉽게 제한되어서는 아니된다."
        ],
        "dedatAssrs": [
            "피고는 기사를 통하여 원고의 명예를 훼손한 불법행위로 인하여 원고가 입은 사회적 평가의 침해에 대하여 금전으로나마 위자할 의무가 있다."
        ]
    },
    "facts": {
        "bsisFacts": [
            "원고는 000(이하 'OOO'라고 한다)의 근로자들이 결성한 노동조합으로 2003년 7월경에는 약 39,000명의 조합원과 90명 정도의 전임자로 구성되어 있었고, 피고는 일간신문인 조선일보를 발행하는 신문사이다.",
            "OOO는 종업원 5만여 명을 거느리고 승용차 등을 제조, 판매하는 회사로서 시장점유율, 수출액 등에 있어 국내 자동차 업계의 1위 기업이다.",
            "원고와 OOO 사이의 2002년도 단체협약이 2003. 3. 31.자로 유효기간이 만료된 뒤에도 양측 사이에 2003년도 단체협약의 체결이 지연되자, 원고는 2003. 6. 13. 중앙노동위원회에 조정을 신청하였고 그 조정이 조정기간인 10일이 지나도록 종료되지 않음에 따라 2003. 6. 24. 조합원 찬반투표를 실시하여 54.8%에 이르는 조합원들의 찬성을 얻은 다음 2003. 6. 25. 쟁의행위에 돌입하였다.",
            "그리고, 원고가 약 한 달에 걸쳐 여러 차례 부분파업을 실시하였으나 2003년 7월 말경까지도 단체협약이 체결되지 않은 상태에서 직원들의 여름휴가마저 겹쳐 업무중단이 장기화될 조짐을 보이자 정부는 2003. 7. 30. 긴급조정권 발동을 검토하겠다고 발표하였다.",
            "그리고 그 이후에도 며칠간 부분파업이 이어지다가 마침내 2003. 8. 5. 원고와 OOO 사이에 다음과 같은 내용을 주요골자로 하는 잠정적인 합의가 성립되었고, 그 합의가 최종적인 2003년도 단체협약의 내용으로 되었다.",
            "피고는 원고의 쟁의행위가 계속 중이던 2003. 7. 28. 000 A27면 사설란에 \"OOO의 자해행위\"라는 제목으로 별지 1 기재와 같은 논설(이하 '제1기사'라고 한다)을 게재하였고, 다시 2003. 8. 1. 000 A27면 사설란에 \"OOO가 협력업체 부도낸다\"라는 제목으로 별지 2 기재와 같은 논설(이하 '제2기사'라고 한다)을 게재하였다.",
            "원고와 OOO사이에 2003. 8. 5. 위와 같은 잠정합의가 성립되자, 피고는 2003. 8. 7. 000 A1면 하단에 \"OOO 새 휴일수, 미, 일 훨씬 추월 남 165일, 여 177일\" 이라는 제목으로 별지 3 기재와 같은 기사(이하 '제3기사'라고 한다)를 게재하였다.",
            "그리고 같은 날 000 A4면 하단에 \"OOO 1인 연 1,000만원 올라, 평균연봉 5,000만원 넘어서\"라는 제목으로 별지 4-1 기재와 같은 기사(위 기사에는 구체적인 상승 내역을 나타낸 별지 4-2 표가 그려져 있다, 이하 위 표를 합하여 '제4기사'라고 한다)를 게재하였다."
        ]
    },
    "dcss": {
        "courtDcss": [
            "언론의 보도에 의한 명예훼손이 성립하려면 피해자의 사회적 평가를 저하시킬만한 구체적인 사실의 적시가 있어야 하는데, 여기에서 말하는 사실의 적시란 반드시 사실을 직접적으로 표현한 경우에 한정할 것은 아니다.",
            "그리고, 간접적이고 우회적인 표현에 의하더라도 그 표현의 전 취지에 비추어 그와 같은 사실의 존재를 암시하고, 또 이로써 특정인의 사회적 가치 내지 평가가 침해될 가능성이 있을 정도의 구체성이 있으면 족하다.",
            "그리고, 신문 등 언론매체가 특정인에 대한 기사를 게재한 경우 그 기사가 특정인의 명예를 훼손하는 내용인지의 여부는 일반 독자가 기사를 접하는 통상의 방법을 전제로 그 기사의 전체적인 취지와의 연관 하에서 기사의 객관적 내용, 사용된 어휘의 통상적인 의미, 문구의 연결방법 등을 종합적으로 고려하여 그 기사가 독자에게 주는 전체적인 인상을 기준으로 판단하여야 한다.",
            "그리고, 여기에다가 당해 기사의 배경이 된 사회적 흐름 속에서 당해 표현이 가지는 의미를 함께 고려하여야 한다(대법원 2003. 1. 24. 선고 2000다37647 판결 등 참조).",
            "언론의 보도에 의한 명예훼손이 성립하려면 피해자의 사회적 평가를 저하시킬만한 구체적인 사실의 적시가 있어야 한다.",
            "여기에서 말하는 사실의 적시란 반드시 사실을 직접적으로 표현한 경우에 한정할 것은 아니고, 간접적이고 우회적인 표현에 의하더라도 그 표현의 전 취지에 비추어 그와 같은 사실의 존재를 암시하고, 또 이로써 특정인의 사회적 가치 내지 평가가 침해될 가능성이 있을 정도의 구체성이 있으면 족한다.",
            "그리고 신문 등 언론매체가 특정인에 대한 기사를 게재한 경우 그 기사가 특정인의 명예를 훼손하는 내용인지의 여부는 일반 독자가 기사를 접하는 통상의 방법을 전제로 그 기사의 전체적인 취지와의 연관 하에서 기사의 객관적 내용, 사용된 어휘의 통상적인 의미, 문구의 연결방법 등을 종합적으로 고려하여 그 기사가 독자에게 주는 전체적인 인상을 기준으로 판단하여야 한다.",
            "그리고, 여기에다가 당해 기사의 배경이 된 사회적 흐름 속에서 당해 표현이 가지는 의미를 함께 고려하여야 한다(대법원 2003. 1. 24. 선고 2000다37647 판결 등 참조).",
            "언론·출판의 자유와 명예보호 사이의 한계를 설정함에 있어서는 표현된 내용이 사적() 관계에 관한 것인가 공적() 관계에 관한 것인가에 따라 차이가 있다고 할 것이다. ",
            "즉 당해 표현으로 인한 피해자가 공적인 존재인지 사적인 존재인지, 그 표현이 공적인 관심사안에 관한 것인지 순수한 사적인 영역에 속하는 사안에 관한 것인지, 그 표현이 객관적으로 국민이 알아야 할 공공성, 사회성을 갖춘 사안에 관한 것으로 여론형성이나 공개토론에 기여하는 것인지 아닌지 등을 따져보아 공적 존재에 대한 공적 관심사안과 사적인 영역에 속하는 사안 간에는 심사기준에 차이를 두어야 한다.",
            "당해 표현이 사적인 영역에 속하는 사안에 관한 것인 경우에는 언론의 자유보다 명예의 보호라는 인격권이 우선할 수 있으나, 공공적, 사회적인 의미를 가진 사안에 관한 것인 경우에는 그 평가를 달리하여야 하고 언론의 자유에 대한 제한이 완화되어야 하며, 피해자가 당해 명예훼손적 표현의 위험을 자초한 것인지의 여부도 또한 고려되어야 한다(대법원 2002. 1. 22. 선고 2000다37524,37531 판결 등 참조).",
            "제1, 2기사 및 제6, 7기사의 보도에 따라 각 그 적시된 사실을 전제로 한 의견 표명으로 인하여 원고에 대한 사회적 평가가 저하되었다고 할 것이고, 그 외에 제3, 4, 5기사에는 원고에 대한 명예훼손적 표현이 있다고 볼 수 없다.",
            "제6,7기사는 위법성이 조각되지 않으나, 제1, 2기사는 그 사실 적시 부분이 진실에 부합하거나 그렇지 않다고 하더라도 피고가 진실로 믿은 데 상당한 이유가 있어 위법성이 없다.",
            "피고는 제6,7기사를 통하여 원고의 명예를 훼손한 불법행위로 인하여 원고가 입은 사회적 평가의 침해에 대하여 금전으로나마 위자할 의무가 있다 할 것이다.",
            "나아가 그 위자료의 액수에 관하여 보건대, 위 각 기사의 보도 경위, 그 적시 내용과 표현방법, 조선일보의 영향력, 원고와 피고의 사회적 지위, 다른 언론사에서도 유사한 내용의 보도가 있었다가 그 후 정정보도 내지 반론보도가 이루어진 점 등 이 사건 변론에 나타난 여러 사정을 참작하면, 그 액수는 1,000만 원으로 정함이 상당하다.",
            "따라서 피고는 원고에게 위 1,000만 원 및 이에 대하여 불법행위일 이후로서 원고가 구하는 바에 따라 이 사건 소장부본 송달 다음날임이 기록상 분명한 2003. 9. 23.부터 피고가 그 이행의무의 존부 및 범위에 관하여 항쟁함이 상당한 당심 판결 선고일인 2005. 10. 18.까지는 민법이 정한 연 5%, 그 다음날부터 완제일까지는 소송촉진 등에 관한 특례법이 정한 연 20%의 각 비율에 의한 지연손해금을 지급할 의무가 있다."
        ]
    },
    "close": {
        "cnclsns": [
            "제1심 판결 중 아래에서 지급을 명하는 금원에 해당하는 원고 패소부분을 취소한다.",
            "피고는 원고에게 10,000,000원 및 이에 대하여 2003. 9. 23.부터 2005. 10. 18.까지는 연 5%, 그 다음날부터 완제일까지는 연 20%의 각 비율에 의한 금원을 지급하라",
            "원고의 나머지 항소를 기각한다.",
            "소송총비용은 이를 10분하여 그 9는 원고의, 나머지는 피고의 각 부담으로 한다."
        ]
    }
}