{
    "info": {
        "caseField": "1",
        "detailField": "1",
        "trailField": "2",
        "caseNm": "부동산지분이전등기말소등기",
        "courtNm": "대전고등법원",
        "judmnAdjuDe": "2005. 09. 07.",
        "caseNo": "2004나9501",
        "relateLaword": [
            "민사소송법 제420조"
        ],
        "qotatPrcdnt": []
    },
    "concerned": {
        "acusr": "1",
        "dedat": "1"
    },
    "org": {
        "orgJdgmnCourtNm": "대전지방법원 천안지원",
        "orgJdgmnAdjuDe": "2004. 10. 1.",
        "orgJdgmnCaseNo": "2004가합97"
    },
    "disposal": {
        "disposalform": "10",
        "disposalcontent": [
            "피고의 항소를 기각한다.",
            "원고의 당심에서의 청구취지 확장에 따라 제1심 판결 주문 제1의 가.항을 아래와 같이 변경한다.",
            "피고는 원고에게 0000 전 1,431㎡ 중 1/2 지분 및 같은 동 0000 전 823㎡ 중 1/2 지분에 관하여 2001. 10.23. 대전지방법원 천안지원 접수 제70008호로 마친 각 지분이전등기의 말소등기절차를 이행한다.",
            "항소비용 및 당심에서 확장된 청구로 인하여 생긴 소송비용은 모두 피고가 부담한다."
        ]
    },
    "mentionedItems": {
        "rqestObjet": [
            "주문 제2항과 같은 판결(원고는 당초 이 부분 말소등기절차의 이행도피고에 대한 121,636,790원의 지급과 상환으로 구하였다가 당심에 이르러 무조건 이행을 구하는 것으로 청구취지를 확장하였는데, 이는 확장된 청구부분에 대하여 부대항소를 제기한 것으로 의제된다).",
            "피고는 원고로부터 121,636,790원을 지급받음과 동시에 원고에게 0000 전 1431㎡ 중 1/2 지분 및 같은 동 0000 전 823㎡ 중 1/2 지분에 관하여 2000. 11. 23. 대전지방법원 천안지원 접수 제67484호로 마친 각 지분이전청구권가등기의 말소등기절차를 이행한다.",
            "피고는 원고에게 1,072,066,487원 및 이에 대하여 2003. 3. 8. 부터 이 사건 소장 송달일까지는 연 5%, 그 다음날부터 완제일까지는 연 20%의 각 비율에 의한 금원을 지급한다.",
            "제1심 판결 중 피고 패소부분을 취소하고, 위 취소부분에 대한 원고의 청구를 기각한다."
        ]
    },
    "assrs": {
        "acusrAssrs": [
            "피고는 원고에게 무효인 이 사건 본등기의 말소등기절차를 이행할 의무가 있다."
        ],
        "dedatAssrs": [
            "이 사건 가등기는 담보 목적 없이 진정한 매매예약을 원인으로 마쳐진 것이므로 가등기담보 등에 관한 법률(이하 '가담법'이라고 한다)의 적용을 받지 않는다."
        ]
    },
    "facts": {
        "bsisFacts": [
            "원고와 피고는 1998. 4. 10. 0000 전 1431㎡ 및 같은 동 0000 전 823㎡(이하 이 사건 토지 라 한다)를 공동으로 매수하여, 위 0000 토지에 관하여는 같은 달 14.에, 위 0000 토지에 관하여는 같은 달 20.에 각 1/2 지분씩 지분이전등기를 마쳤다.",
            "원고와 피고는 1999. 5. 13. 000에 이 사건 토지에 관하여 근저당권을 설정해주고 원고 명의로 450,000,000원을 대출 받아(이하 이 사건 대출금 이라 한다), 그 중 350,000,000원은 원고가, 나머지 100,000,000원은 피고가 각 사용하였다.",
            "한편 소외 000가 원고, 소외 00 등의 연대보증 하에 신용보증기금으로부터 발행 받은 신용보증서를 담보로 1억원을 대출 받았다가 그 원리금을 갚지 못하였다.",
            "그러자, 신용보증기금이 원고에 대하여 사전구상권을 취득하였음을 원인으로 이 사건 토지 중 원고 지분(이하 이 사건 지분 이라 한다)에 관하여 2000. 7. 12. 청구금액 30,000,000원의 가압류결정을 받아 같은 달 14. 가압류등기를, 2000. 9. 28. 청구금액 70,000,000원의 가압류결정을 받아 다음날 가압류등기를 각 마쳤다.",
            "원고는 이 사건 대출금 중 자신이 사용한 350,000,000원에 대한 이자를 1999. 11.분까지만 납입하고 그 이후로 이자를 연체하게 되었고, 피고 역시 자신이 사용한 100,000,000원에 대한 이자를 납입하여도 연체를 면할 수 없게 되어 결국 피고도 그 이자를 납입하지 않자, 000는 이 사건 토지에 관하여 임의경매를 신청하여 2000. 10. 27. 임의경매 개시결정을 받았다.",
            "이에 원고와 피고는 이 사건 토지를 매각하여 이를 해결하려 하였으나 여의치 않자 위 임의경매를 취하시키고 이 사건 토지에 건물을 공동으로 신축하기로 하고서, 2000. 11. 22.경 피고가 원고에게 200,000,000원을 대여하면, 그 돈으로 이 사건 대출금 전부에 대한 연체이자, 위약금, 경매취하비용 등 위 임의경매를 취하시키는 데 필요한 비용(원고의 이자 연체로 비롯된 것이다.",
            "그러므로 원고가 이를 전부 책임지기로 하였다, 갑 제5호증)과 이 사건 지분에 관하여 설정된 위 신용보증기금의 가압류를 해지하기 위한 비용 등으로 사용하고, 대신 피고는 담보로 이 사건 지분에 관하여 가등기를 설정 받되 만일 원고가 3개월 후인 2001. 2. 22.까지 위 대여금을 변제하지 못하면 본등기를 경료하기로 하는 내용의 약정을 하게 되었다(이하 이 사건 약정이라 한다).",
            "이 사건 약정에 따라 원고는 이 사건 지분에 관하여 피고 명의로 지분이전청구권 가등기와 본등기를 위해 필요한 서류를 교부하여 주었고, 피고는 2000. 11. 23. 위 서류를 이용하여 이 사건 지분에 관하여 이 법원 접수 제67484호로 2000. 11. 22. 매매예약을 원인으로 한 지분이전청구권가등기를 마쳤다(이하 이 사건 가등기라 한다).",
            "피고는 2000. 12. 2. 이 사건 약정에서 정한 대여금의 용도에 따라 이 사건 대출금 전부에 대한 연체이자와 위약금 합계 81,241,740원 및 경매취하비용 12,871,750원을 선영새마을금고에 변제하고 위 임의경매를 취하시켰으나, 원고에게 직접 건네주기로 하였던 나머지 대여금은 원고에게 지급하지 않았다.",
            "원고는 피고에게 나머지 대여금의 지급을 독촉하기도 하였으나, 피고와 공동으로 건물을 신축하는 관계로 더 이상 문제삼지 않다가, 공사 진행과정에서 피고와 갈등이 생기게 되자, 피고에게 자신의 채무를 정산하고 이 사건 가등기의 말소를 요구하였으나, 피고는 이를 미루다가 2001. 10. 23. 이 사건 가등기에 기하여 이 법원 접수 제70008호로 지분이전등기를 마쳤다(이하 이 사건 본등기 라 한다).",
            "이후 피고는 2001. 12. 12. 이 사건 대출금 450,000,000원과 이에 대한 연체이자 50,295,150원 및 위약금 12,217,690원을 000에 변제하고, 그 대출금의 담보로 이 사건 토지에 설정되어 있던 근저당권설정등기를 말소시켰다.",
            "또한 위 다.항과 관련하여 이 사건 지분에 설정된 신용보증기금의 가압류를 취소하기 위해, 신용보증기금에 자신의 부담비율 이상을 변제하여 원고에 대하여 구상금 채권을 취득한 소외 00에게 2001. 12. 13. 38,012,760원을, 2002. 10. 14. 1,190,058원을 각 변제공탁하였다."
        ]
    },
    "dcss": {
        "courtDcss": [
            "피고의 주장대로 담보 목적이 아닌 소유권 이전을 목적으로 이 사건 약정이 이루어지고 그에 기한 가등기가 마쳐진 것이라고 보기 위해서는 이 사건 약정의 체결 당시 매매의 요소인 대금에 관하여 당사자 사이에 의사의 합치가 있었음이 인정되어야 할 것이다.",
            "그런데, 피고 스스로 이 사건 약정서에 기재된 2억 원은 진실한 매매대금이 아님을 시인하고 있는데다가, 피고가 이 사건 소송과정을 통하여 주장하는 매매대금 역시 ① 위 경매취하에 소요된 연체이자, 위약금, 경매비용의 변제금 94,113,490원.",
            "② 그 이후 발생한 연체이자 및 위약금 중 원고 부담부분 48,621,097원, ③ 원고의 채무 원금 3억 5,000만 원의 인수금, ④ 가압류권자 신용보증기금에 대한 채무를 대위변제한 공동보증인 00에 대하여 구상채무의 이행으로서 변제공탁한 39,202,818원 등을 사후적으로 합산한 것에 불과하여, 이 사건 약정 당시 그 금액이 확정되었다고 볼 수 없음은 물론이고 그 산정의 기준조차 미리 합의되었다고 볼 증거가 없다",
            "{피고는 위와 같은 곤란을 회피하기 위하여 본등기 시점에 원고와 사이에서 별도의 청산합의가 이루어졌다고 주장하면서 원·피고 공동신청에 의하여 본등기가 마쳐진 사실을 내세우고 있으나, 앞서 본 각 증거에 의하면 본등기에 소요된 서류 중(검인)매매계약서는 가등기 당시 매매예약서와 함께 작성된 것이다.}",
            "{그리고, 인감증명서는 2001. 4. 26.경 종전 인감증명서의 유효기간이 만료됨에 따라 그때까지 채무를 상환하지 못하고 있던 원고로부터 교부받아 교체해 둔 것이며, 주민등록초본은 이 사건 약정 당시 원고로부터 교부받은 위임장과 위와 같이 2001. 4. 26.경 교부받은 인감증명서를 이용하여 본등기 신청절차를 대행한 법무사 사무실의 직원이 발급받은 사실을 각 인정할 수 있다.}",
            "{그러므로, 원·피고 공동신청의 형식으로 본등기가 마쳤다고 하여 위 본등기 당시 원고의 협력이 있었다고 볼 수 없다.}",
            "이러한 사정에 비추어 볼 때 이 사건 가등기가 담보 목적 없이 진정한 매매예약을 원인으로 마쳐진 것이라는 피고의 주장은 받아들일 수 없고, 앞서 인정한 바와 같이 이 사건 가등기는 피고가 000에 변제할 연체이자, 위약금, 경매비용 및 총 2억 원의 한도에서 추가 대여가 예정된 나머지 금액을 원고가 상환할 것을 전제로 이를 담보하기 위하여 설정된 것으로 봄이 상당하다."
        ]
    },
    "close": {
        "cnclsns": [
            "피고의 항소를 기각한다.",
            "원고의 당심에서의 청구취지 확장에 따라 제1심 판결 주문 제1의 가. 항을 아래와 같이 변경한다.",
            "피고는 원고에게 천안시 신방동 74-6 전 1,431㎡ 중 1/2 지분 및 같은 동 74-18 전 823㎡ 중 1/2 지분에 관하여 2001. 10.23. 대전지방법원 천안지원 접수 제70008호로 마친 각 지분이전등기의 말소등기절차를 이행하라",
            "항소비용 및 당심에서 확장된 청구로 인하여 생긴 소송비용은 모두 피고가 부담한다."
        ]
    }
}