{
    "info": {
        "caseField": "1",
        "detailField": "1",
        "trailField": "1",
        "caseNm": "손해배상(의)",
        "courtNm": "서울동부지방법원",
        "judmnAdjuDe": "2005. 12. 01.",
        "caseNo": "2004가합8263",
        "relateLaword": [
            "약사법 제75조 ",
            "약사법 제26조의 4",
            "약사법 제2조",
            "약사법 제26조"
        ],
        "qotatPrcdnt": []
    },
    "concerned": {
        "acusr": "1",
        "dedat": "2"
    },
    "org": {
        "orgJdgmnCourtNm": "",
        "orgJdgmnAdjuDe": "",
        "orgJdgmnCaseNo": ""
    },
    "disposal": {
        "disposalform": "1",
        "disposalcontent": [
            "피고들은 연대하여  원고들에게  별지  인용금액표  인용금액 란  기재 각  돈과  이에  대하여  2004. 5.  1.부터 2005. 12. 1.까지는 연 5%의, 그 다음날부터 다 갚는 날까지는 연 20%의 각 비율로 셈한 돈을 지급한다. ",
            "원고들의 피고들에 대한 나머지 청구를 각 기각한다."
        ]
    },
    "mentionedItems": {
        "rqestObjet": [
            "피고들은 연대하여  원고들에게  별지  인용금액표  청구금액 란  기재 각  돈과  이에  대하여  2004. 5.  1.부터 이 사건 청구취지 변경신청서 부본 송달일까지는 연 5%의, 그 다음날부터 다 갚는 날까지는 연 20%의 각 비율로 셈한 돈을 지급한다. "
        ]
    },
    "assrs": {
        "acusrAssrs": [
            "원고 00 등과 원고 00이 피고들의 불법행위를 원인으로 하여 입은 통상의 손해는, 위 환자들의 자기결정권 등 인격권 침해로 인한 위자료, 피고 00, 00가 식품의약품안전청장의 승인을 받아 줄기세포 이식수술을 시행하였다거나 위 피고들이 환자들에게 그 승인을 받지 않은 상태에서 약사법에서 정한 임상시험에 해당하는 시술을 행한다는 사실을 알려주었다면 환자들이 부담하지 않았을 것으로 보이는 줄기세포 구입비와 입원비 등 치료비 상당이 된다.",
            "원고들은 이에 추가하여 위 환자들이 상담을 받기 위하여 000에 내원하는 과정에서 지출한 교통비나 식비 상당의 손해{원고 00(금 140만 원), 원고 00(금 50만 원), 원고 00(금 50만 원), 원고 00(금 1,296,000원), 원고 00(금 100만 원), 원고 00(금 50만 원), 원고 00(금 50만 원), 소외 00(금 50만 원)}의 배상을 구한다."
        ],
        "dedatAssrs": [
            "위 피고들은 세포치료제가 약사법 소정의 의약품에 해당된다고 해석하는 근거가 되는 약사법 시행규칙 제21조 제1항 제10호 다목, 식품의약품안전청 고시 생물학적제제등허가및심사에관한규정은 약사법에 그 위임근거가 없고 위 고시의 규정 내용조차 불명확하여, 위 피고들이 제공한 줄기세포가 약사법에서 정한 의약품에 해당한다고 해석하는 것은 부당하다고 주장한다.",
            "그 위반행위에 대하여 형사벌을 규정하고 있는 약사법 제75조 제1항 제1호도 죄형법정주의에 위반된다는 취지로 주장한다."
        ]
    },
    "facts": {
        "bsisFacts": [
            "피고 000(이하 피고 000이라고 한다)은 0000에서 의료진을 고용하여 000을 설립, 운영하는 법인이고, 피고 00는 000으로서 이 사건 줄기세포 이식수술을 시술한 의사이다.",
            "피고 000(이하 피고 회사라고 한다)은 조직적합성 항원 형별검사 정밀화기술 연구개발업, 조혈모세포 배양기술 연구개발업 등을 목적으로 설립된 회사이다.",
            "피고 회사는 제대혈 보관기관인 000을 운영하고 있는데, 위 000에는 개인들한테서 유상으로 위탁받은 가족보관형 제대혈 7천여 개와 연구 등의 목적으로 무상 공여받은 제대혈 6만여 개가 보관되어 있다.",
            "피고 회사는 제대혈에서 줄기세포를 분리하여 배양하는 특수 기술을 보유하고 있고, 줄기세포를 이용한 임상시험에 줄기세포를 제공하고 있다. 피고 00는 피고 회사의 대표이사이다.",
            "원고 00은 다발성 경화증(척추 손상으로 신경조직에 이상이 생겨 하지신경에 마비가 오고 배뇨, 배변 장애 등의 증상이 생기는 질환), 원고 00, 00,3, 4, 5,7,소외 00(이하 원고 00 등이라고 한다)은 간경화증(간경변증)을 각 진단받아 투병하던 중에, 피고 회사가 공급한 줄기세포로 피고 00한테서 줄기세포 이식수술을 받은 환자들이다.",
            "피고 00,하지 마비 발생. 2002. 5.경부터 2003. 3.경까지 다른 병원에서 스테로이드, 인터페론 등의 치료 받음. 2003. 8. 15. 카톨릭의대 성모병원에서 자가말초혈액 줄기세포 이식술을 받았으나 효과를 얻지 못못하였다.",
            "피고 00, B형(중등도), 3도(파열 직전가장중한상태), 50%(출혈경향이 상당히 심각), 2년, 30년 전 이환된 B형간염과 복수 증상이 있",
            "피고 00,A형(경도), 1도, 61%, 5년, 이환 시기를 알 수 없는 비(非)바이러스성 간염과 복수 증상. 2002년 중증근무력증으로 흉선절제술 받음. 위염과 담석증.",
            "피고 00,B형, 2도, 61%, 2년, 15년 전부터 B형간염과 복수 증상. 당뇨와 만성사구체신염, 위염.",
            "피고 00,C형(말기중증), 38.8%(극단적으로 심각), 1년, 13년 전 이환된 B형간염과 복수·흉수 증상. 당뇨",
            "피고 00,B형, 2도, 68%, 2년, 20년 전 이환된 B형간염과 복수 증상. 당뇨, 위염. 어머니도 간암으로 사망하고, 쌍둥이형도 간경화증으로 간이식을 받은 가족력 있음.",
            "피고 00,A형\t1도, 37.5%, 5년, 16세때 급성 바이러스성 간염. B형간염. 2003. 9. 식도정맥류파열로 치료. 복수 증상, 간성 혼수.",
            "소외 00,C형, 33%, 6월, 20년 전 이환된 B형간염과 복수 증상. 2~3년 전 식도정맥류 파열로 치료. 급박한 간성 혼수, 당뇨. 1995년 간절제술.",
            "성명상태피고 00하지 마비 발생. 2002. 5.경부터 2003. 3.경까지 다른 병원에서 스테로이드, 인터페론 등의 치료 받음. 2003. 8. 15. 000에서 자가말초혈액 줄기세포 이식술을 받았으나 효과를 얻지 못한다.",
            "소외 00은 위 간경화증이 악화되어 2004. 5. 28. 사망하였고, 원고 00은 소외 00의 처, 원고 00,10은 소외 00과 원고 00 사이의 자녀들이다.",
            "피고 00는 2003. 9. 3.경 간경화증 환자인 소외 00(여, 당시 45세)에게, 2003. 10. 8. 같은 증세의 소외 00(남, 당시 58세)에게 각 피고 회사로부터 공급받은 제대혈 줄기세포를 환자 복부의 질환 부위에 주사로 주입하여 이식하는 수술(피고 00의 이러한 수술방법을 이하에서 줄기세포 이식수술이라고 줄여 부른다)을 시행하였다.",
            "피고 00는 위 수술 경과를 관찰하여 오다가 2003. 11. 4. 피고 00와 함께 공동 기자회견을 열어, 간기능에 관한 검사수치를 토대로 2명의 간경화환자에 대하여 제대혈 줄기세포 이식수술을 시행한 결과 간기능이 현저하게 호전되는 결과를 얻었다는 취지의 발표를 하였다.",
            "피고 000은 그 무렵 000 홈페이지를 통하여 탯줄혈액에서 분리한 줄기세포로 간경화증을 치료하는 기술이 세계 최초로 국내에서 임상실험에 성공했다고 알리면서, 위 소외 00와 소외 00(각 익명으로 게재함)에 대하여 시술 환자들에 대한 각종 검사 결과 간기능이 현저히 호전되었고 특히 소외 00는 간경화증 말기 판정을 받았음에도 불구하고 빠른 속도로 회복해 현재 한라산 등반이 가능할 정도로 완치되었다.",
            "이번 성공을 계기로 줄기세포의 효능이 입증되었다는 내용의 글을 게재하고, 같은 글 아래쪽에 줄기세포 이식 코디네이터라면서 소외 00 간호사의 연락처(전화번호와 팩시밀리번호)를 표시하여 두었다.",
            "이러한 기자회견 및 홈페이지 글의 내용은 2004. 11. 4.경 신문, 방송 등 여러 매체를 통하여 탯줄혈액에서 줄기세포를 이식해 간경화증을 치료하는 기술의 임상실험이 성공했다는 등의 내용으로 널리 보도되었다.",
            "원고 00 등은 위와 같이 신문, 방송, 인터넷 홈페이지의 게재내용 등을 통하여 000의 간경화증 줄기세포 이식수술 시행 및 임상결과를 접하고, 수술 가능 여부 및 치료효과에 대하여 000에 문의하여 왔다.",
            "원고 00 등은 아래와 같이 000에 내원하여 피고 00와 줄기세포 이식수술에 관하여 상담을 거친 다음 시술을 받기로 결정하였고, 입원 후 이식수술을 받고 퇴원하였다. ",
            "피고 00, 00003. 11. 11., 2003. 11. 27. - 검사 2003. 11. 28. - 수술 결정\t2003. 12. 29., 2003. 12. 30., \t2004. 1. 8",
            "피고 00, 00003. 11. 20., 2003. 12. 12. - 수술 결정, 2004. 1. 8., 2004. 1. 9., 2004. 1. 16.",
            "피고 00, 00003. 12. 12., 2003. 12. 5. - 상담 2004. 1. 7. - 수술 결정, 2004. 1. 26., 2004. 1. 27., 2004. 2. 3.",
            "피고 00, 00003. 11. 18., 2003. 11. 28. - 수술 결정, 2004. 1. 12., 2004. 1. 13., 2004. 1. 19",
            "피고 00, 00003. 11. 11., 2003. 12. 26. - 수술 결정, 2004. 1. 28., 2004. 1. 29., 2004. 2. 2.",
            "피고 00, 00003. 11. 24., 2003. 12. 19. - 수술 결정, 2004. 1. 28., 2004. 1. 29., 2004. 2. 2.",
            "소외 00, 00003. 11. 13., 2003. 12. 5. - 검사, 수술 결정, 2004. 1. 12., 2004. 1. 13., 2004. 1. 17.",
            "위 수술에 사용된 줄기세포는 피고 00의 소개로 원고 00 등이 피고 회사 직원과 직접 접촉하여 구입하였다. ",
            "즉, 피고 00가 내원한 환자에 대하여 유전자검사 등을 시행하여 그 결과를 피고 회사에게 전달하고, 피고 회사는 공여받아 보관하고 있는 제대혈 가운데 이식하기 적합한 것을 확인하여 이를 000을 통하여 환자들에게 통보하였다.",
            "그 후 원고 00 등 환자들이 수술을 받겠다고 수락하면 그들과 직접 만나 줄기세포 공급계약을 체결하고 대금으로 3,000만 원 내지 3,300만 원을 지급받은 후 해당 줄기세포를 배양, 공급하였다.",
            "결국 피고 00는 원고 00에 대하여 줄기세포 이식수술을 시행하기로 결정하였고, 위 원고는 2004. 2. 26. 입원하여 2004. 3. 10. 이식수술을 받았으며, 2004. 3. 12. 퇴원하였다.",
            "원고 00 등과 원고 00이 위 수술로 인하여 기존의 병세가 악화되었다거나 어떠한 부작용이 발생하였다고 볼 만한 사정도 없다.",
            "보건복지부와 식품의약품안전청은 2004. 3.경부터 이른바 세포치료제 실태조사에 착수하였고, 피고 00를 포함한 소위 바이오벤처 회사 관계자들을 식품의약품안전청장의 승인 없이 세포치료제를 이용하여 임상시험을 실시하였다는 등의 이유로 검찰에 고발하였다.",
            "그 후 피고 00는 식품의약품안전청장의 승인을 받지 아니하고 000에서 피고 00로 하여금 원고 00을 비롯한 총 53명의 환자를 상대로 의약품에 해당하는 동종유래 줄기세포치료제를 투여하여 임상시험을 하였다는 범죄사실에 대하여 약사법위반죄(적용법조:약사법 제75조 제1항 제1호, 제26조의4 제1항)로 기소되어 2005. 1. 13. 이 법원에서 벌금 200만 원의 형의 선고를 유예받는 유죄판결을 받았다."
        ]
    },
    "dcss": {
        "courtDcss": [
            "앞에서 인정한 사실들과 그 채택증거들에 의하면, 원고 00 등과 원고 00의 수술에 사용된 줄기세포는 피고 회사가 운영하는 000에서 저온보관 중인 제대혈로부터 피고 회사의 기술력을 이용하여 줄기세포를 따로 분리한 다음 줄기세포 이식수술 등 질병 치료 목적으로 체외에서 증식, 배양한 것임을 알 수 있다.",
            "위와 같은 제대혈의 보관관계, 줄기세포의 채취 및 증식, 배양과정, 이러한 일련의 과정이 추구하는 치료 목적, 위에서 본 약사법과 그 시행규칙, 식품의약품안전청 고시 각 규정의 취지, 내용 및 규정 상호간의 관계를 종합하여 검토해 보면, 위 사용된 줄기세포는 세포증식(cell expansion)을 통하여 세포나 조직의 원래의 생물학적 또는 관련되는 기능적 특성을 변화시키는 조작이 가해진 것이다.",
            "약사법 및 그 시행규칙의 위임을 받은 식품의약품안전청 고시인 생물학적제제등 허가및심사에 관한 규정 제2조 제13호가 정한 세포치료제 중 같은 규정 제20조 별표 3에서 정한 동종유래세포치료제(어떤 사람으로부터 적출된 세포나 조직을 다른 사람에게 제공하기 위해 공정 처리되어 만들어진 세포치료제)로서 약사법 제2조가 정한 의약품에 해당한다고 판단된다.",
            "나아가, 위 줄기세포가 의약품에 해당하는 이상 식품의약품안전청장의 의약품 품목허가를 받지 아니한 상태에서 이를 인체에 사용하려면, 약사법이 정한 바에 따라 식품의약품안전청장으로부터 임상계획승인을 받아야 한다.",
            "따라서, 피고 회사가 제공한 줄기세포는 혈액이나 골수와 같은 신체조직에 불과하여 약사법이 정한 의약품에 해당하지 아니하고, 나아가 위 줄기세포 이식수술은 수혈이나 장기이식처럼 임상계획승인이 필요 없는 적법한 의료행위에 해당한다는 취지의 주장은 이와 다른 전제에 있는 것으로서 받아들이지 아니한다.",
            "그러므로, 식품의약품안전청장의 임상계획승인 없이 세포치료제인 배양, 증식된 줄기세포를 이용한 시술행위는 약사법에 위반된다.",
            "살피건대, 세포치료제의 개념 정의는 약사법 제26조 제8항, 약사법 시행규칙 제21조 제1항 제10호에 의하여 식품의약품안전청 고시에 규정을 위임한 사항이다.",
            "의약품의 정의에 관한 약사법 제2조, 의약품의 제조품목허가에 관한 같은 법 제21조, 의약품을 이용한 임상시험을 규정한 같은 법 제26조의4(같은 조 제3항에 의약품에 해당함을 전제로 세포치료제에 관한 규정이 있다)의 각 규정내용, 입법취지 등에 비추어 본다.",
            "약사법 소정의 세포치료제는 질병의 치료, 진단, 예방 등과 같은 의료상의 목적으로 세포나 조직에 공정처리를 통하여 어떠한 조작을 가한 제제를 의미하는 것임을 쉽게 알 수 있다.",
            "그렇다면, 이 법률조항은 위 세포치료제의 개념에 관하여 현재의 의학수준과 기준에 맞는 세부적, 기술적 사항을 보건복지부령을 거쳐 식품의약품안전청 고시에 위임한 것이므로, 그 위반행위에 대한 처벌규정이 죄형법정주의에 위반된다거나 위임의 근거가 없다고 볼 수 없다.",
            "이러한 사정들에 피험자의 자기결정권을 보호하고 임상시험의 과학적 유효성과 안전성을 확보하기 위한 약사법 관련규정의 입법취지 등을 보태어 보면, 피고들의 위 각 행위는 원고들의 자기결정권 등을 위법하게 침해한 행위로서 서로 객관적 관련공동성이 있다고 판단된다.",
            "따라서, 피고들은 공동불법행위자로서 연대하여 원고들에게 원고들이 입은 손해를 배상할 의무가 있다.(다만, 원고들의 주장 중 피고 00, 00가 줄기세포 이식수술의 치료효과가 100%에 이른다는 등으로 적극적으로 기망하였다는 부분은, 갑 제16호증의 1 내지 7의 각 일부 기재는 그대로 믿기 어렵고 달리 이를 인정할 만한 증거가 없어 받아들이지 아니한다.)",
            "손해의 공평, 타당한 분담을 그 지도원리로 하는 손해배상제도의 이념에 비추어, 위 사정들을 참작하여 피고들의 손해배상책임을 제한함이 상당하다. 그 제한비율은 위와 같은 사정들 및 사실관계 등에 비추어, 원고 00 등에 대하여 1/3, 원고 00에 대하여 2/5로 정함이 상당하므로, 피고들의 책임을 나머지인 2/3 및 3/5으로 각 제한한다.",
            "이는 설사 원고들이 올바른 정보를 듣고 시술받지 않기로 결정하였더라도 그 판단 과정에서 지출될 수 있는 비용들이 대부분이어서 피고들의 불법행위와 상당인과관계가 있는 손해라고 보기 어려우므로, 이 부분 주장은 이유 없다."
        ]
    },
    "close": {
        "cnclsns": [
            "그렇다면, 피고들은 연대하여 원고들에게 불법행위로 인한 손해배상으로서 위자료 및 재산상 손해 합계액인 별지 인용금액표 \"인용금액\"란 기재 각 돈과 이에 대하여 불법행위일 이후로서 원고들이 구하는 2004. 5. 1.부터 피고들이 이행의무의 존부나 범위에 대하여 항쟁함이 상당한 판결선고일인 2005. 12. 1.까지는 민법이 정한 연 5%의 비율로 지연손해금을 지급할 의무가 있다.",
            "피고들은 연대하여 원고에게 그 다음날부터 다 갚는 날까지는 소송촉진등에 관한특례법이 정한 연 20%의 각 비율로 셈한 지연손해금을 지급할 의무가 있다.",
            "피고들은 연대하여 원고들에게 별지 인용금액표 인용금액란 기재 각 돈과 이에 대하여 2004. 5. 1.부터 2005. 12. 1.까지는 연 5%의, 그 다음날부터 다 갚는 날까지는 연 20%의 각 비율로 셈한 돈을 지급하라.",
            "원고들의 피고들에 대한 나머지 청구를 각 기각한다.",
            "소송비용 중 35%는 원고들이, 나머지는 피고들이 각 부담한다.",
            "제1항은 가집행할 수 있다."
        ]
    }
}