{
    "info": {
        "caseField": "1",
        "detailField": "1",
        "trailField": "2",
        "caseNm": "구상금",
        "courtNm": "부산고등법원",
        "judmnAdjuDe": "2005. 04. 28.",
        "caseNo": "2004나16792",
        "relateLaword": [
            "산업재해보상보험법 제54조",
            "민법 제425조"
        ],
        "qotatPrcdnt": [
            "대법원 1992. 2. 25. 선고 91다28726 판결 ",
            "대법원 2002. 3. 21. 선고 2000다62322 전원합의체 판결"
        ]
    },
    "concerned": {
        "acusr": "2",
        "dedat": "1"
    },
    "org": {
        "orgJdgmnCourtNm": "창원지방법원",
        "orgJdgmnAdjuDe": "2004. 10. 4.",
        "orgJdgmnCaseNo": "2003가단42940"
    },
    "disposal": {
        "disposalform": "10",
        "disposalcontent": [
            "피고의 항소를 기각한다.",
            "항소비용은 피고가 부담하고, 보조참가비용은 피고 보조참가인이 부담한다."
        ]
    },
    "mentionedItems": {
        "rqestObjet": [
            "피고는 원고에게 85,928,687원과 이에 대하여 1996. 12. 4.부터 이 사건 소장 부본 송달일까지는 연 5%, 그 다음날부터 갚는 날까지는 연 20%의 각 비율로 계산한 돈을 지급하라.",
            "제1심 판결 중 피고 패소부분을 취소하고, 위 취소부분에 해당하는 원고의 청구를 기각한다."
        ]
    },
    "assrs": {
        "acusrAssrs": [
            "원고는 000과 사이에 위 화물자동차에 대하여 보험계약을 체결한 보험자로서, 1996. 12. 4. 피고 보조참가인에게 위 판결에 따른 원리금 합계 120,119,000원(이 중 소외 2, 소외 3에 대한 보험급여에 해당하는 부분은 위 판결 원금 113,626,960원과 이에 대한 지연손해금 6,148,308원의 합계 119,775,268원이다.)을 지급하였다.",
            "000의 위 구상금 소송 수행을 위한 변호사 선임비용으로 1998. 1. 12.까지 합계 2,980,000원을 지출하였다. "
        ],
        "dedatAssrs": [
            "만일 피고가 원고의 이 사건 재구상 청구에 응하게 될 경우 피고나 보험가입자인 소외 회사가 다시 피고 보조참가인이나 위 화물자동차의 보험자인 000를 상대로 하는 재재구상 청구를 허용하게 하는 결과를 초래할 수 있고, 이는 대법원 2002. 3. 21. 선고 2000다62322 전원합의체 판결이 판시한 바와 같이 소송경제나 신의칙에 반하므로 원고의 청구에 응할 수 없다고 주장한다.",
            "원고가 위 구상금 소송에서 항소를 하였더라면 승소할 수 있었을 것임에도 항소를 포기한 채 피고 보조참가인에게임의로 위 구상금 소송의 판결 원리금을 지급한 과실이 있으므로, 원고의 청구에 응할 수 없다. ",
            "피고 보조참가인은 위 구상금 소송 판결이 선고된 이후부터 2005. 3. 30. 현재까지 소외 3에게 요양급여 등으로 합계429,334,670원을 지급하였으므로 산업재해보상보험법 제54조 제1항에 따라 원고에 대하여 이 사건 사고의 000의과실비율인 30%에 해당하는 128,800,401원의 구상금 채권이 있는바, 이 채권으로 원고의 이 사건 청구 채권과 그 대등액에서상계한다고 항변한다."
        ]
    },
    "facts": {
        "bsisFacts": [
            "소속 근로자인 피고가 1993. 3. 24. 14:30경 총무부 문서수발 업무를 위하여 소외 회사 소유인 경남 (차량번호 생략) 소형 승합자동차에 소외 회사 소속 근로자인 소외 2, 소외 3을 태우고 0000 소재 소외 회사 앞 도로를 0000 방면에서 000 방면으로 진행하다가 소외 회사로 진입하기 위하여 소외 회사 앞 교차로에서 시속 약 40km의 속도로 좌회전하였다.",
            "마침 그때 위 도로를 000 방면에서 0000 방면으로 시속 약 50km의 속도로 직진하던 소외 4 운전의 000 소유인 경남 (차량번호 생략) 화물자동차 앞부분을 위 소형 승합자동차 오른쪽 모서리 부분으로 들이받아 그 충격으로 인하여 소외 2로 하여금 기저골 골절, 허혈성 쇼크로 인한 뇌부종으로 1993. 3. 26. 사망에 이르게 하였다.",
            "소외 3으로 하여금 외상성뇌실질내출혈, 흉부좌상 등의 상해를 입게 하고, 피고 자신도 복부둔상, 두피열상 및 찰과상 등의 상해를 입게 되었다. (이하 위 교통사고를 이 사건 사고라 한다.",
            "이 사건 사고로 인하여 소외 2, 소외 3 및 피고는 000, 000 등에서 입원 및 통원치료를 받았고, 피고 보조참가인은 피보험자인 소외 회사의 보험자로서 산업재해보상보험법에 따라 소외 2에게 1993. 3. 24.부터 1993. 3. 26.까지의 요양급여로서 2,019,930원, 그의 수급권자인 유족에게 유족보상일시금으로 33,305,320원, 장의비로 3,074,330원,",
            "소외 3에게 1993. 3. 24.부터 1996. 2. 28.까지의 요양급여로 60,464,800원, 1993. 4. 1.부터 1996. 1. 31.까지의 휴업급여 및 상병보상연금으로 26,282,450원, 피고에게 1993. 3. 24.부터 1993. 4. 2.까지의 치료비 전액에 대하여 요양급여로 1,087,990원의 합계 126,234,820원을 지급하였다.",
            "지급한 다음, 1996년 3월경 산업재해보상보험법에 따라 보험급여를 지급한 보험자로서 위 화물자동차의 소유자인 000만을 상대로 창원지방법원에 96가합2187호로 구상금 청구 소송(이하 위 구상금 소송이라 한다.)을 제기하였다.",
            "그 보험급여액 전부인 113,626,960원{ 소외 2에 대한 요양급여 2,019,930원＋유족보상일시금 21,785,450원(33,305,320원에서 피고 보조참가인이 000 으로부터 지급받은 11,519,870원을 공제한 것임)＋장의비 3,074,330원＋ 소외 3에 대한 요양급여 60,464,800원＋휴업급여 및 상병보상연금 26,282,450원}과 이에 대한 지연손해금을 지급하도록 하는 내용의 판결을 선고하였고, 이 판결은 그 무렵 확정되었다.",
            "그 후 원고는 000과 사이에 위 화물자동차에 대하여 보험계약을 체결한 보험자로서, 1996. 12. 4. 피고 보조참가인에게 위 판결에 따른 원리금 합계 120,119,000원(이 중 소외 2, 소외 3에 대한 보험급여에 해당하는 부분은 위 판결 원금 113,626,960원과 이에 대한 지연손해금6,148,308원의 합계 119,775,268원이다.)을 지급하였다.",
            "000의 위 구상금 소송 수행을 위한 변호사 선임비용으로 1998. 1. 12.까지 합계 2,980,000원을 지출하였다."
        ]
    },
    "dcss": {
        "courtDcss": [
            "이 사건 사고는 피고와 000 소유인 위 화물자동차의 운전자인 소외 4의 공동과실로 인하여 발생하였으므로, 피고와 000은 모두 자기를 위하여 자동차를 운행하는 자로서 이 사건 사고로 인하여 소외 2와 그 유족들 및 소외 3이 입은 손해를 배상할 부진정연대책임이 있다 할 것이다.",
            "한편 그들의 내부관계에 있어서는 형평의 원칙상 쌍방의 과실 정도에 따라 손해배상책임을 분담하여야 하는 것이고, 어느 일방이 자신의 출재로 공동면책시킨 때에는 타방에 대하여 공동면책액 중 타방의 분담비율에 해당하는 만큼 상환을 구할 수 있다고 할 것인바, 위 인정사실에 나타난 피고 및 소외 4의 각 과실 정도를 고려하면, 그 분담비율은 7(피고) 대 3(000)으로 정함이 상당하다 할 것이다.",
            "그런데 원고가 보험자로서 피보험자인 000을 대위하여, 소외 2와 소외 3이 입은 업무상 재해와 관련하여 먼저 보험급여를 지급한 다음 산업재해보상보험법에 따라 구상권을 행사한 피고 보조참가인에게 위 판결 원리금 합계 119,775,268원을 지급함으로써 000과 부진정연대책임 관계에 있는 피고까지 공동면책이 되었다 할 것이다.",
            "그러므로, 원고는 상법 제682조에 의한 보험자대위의 법리에 따라 공동면책된 금액 중 피고가 부담하여야 할 부분에 대하여 피고 보조참가인이 피고에 대하여 가지는 구상권을 취득하였다 할 것이다.",
            "살피건대, 산업재해가 보험가입자와 제3자의 공동불법행위로 인하여 발생한 경우에 있어서, 근로복지공단이 제3자에 대하여 산업재해보상보험법 제54조 제1항에 의하여 보험급여액 전액을 이미 구상한 때에는 그 급여액 전액을 구상당한 제3자는 다시 공동불법행위자인 보험가입자를 상대로 그 과실 비율에 따라 그 부담 부분의 재구상을 할 수 있다고 봄이 타당하다.",
            "이와 같은 법리는 피고 보조참가인이 이미 보험가입자인 000의 과실비율 부분까지 포함하여 제3자인 원고에게 보험급여액 전부에 관하여 구상권을 행사한 이 사건과 같은 경우에는 적용될 수 없다 할 것이므로, 피고의 위 법률상 주장은 이유 없다.",
            "위 구상금 소송 당시는 위 대법원 전원합의체 판결이 선고되기 훨씬 이전으로, 위 구상금 소송 판결의 판시 취지와 같이 산업재해가 제3자와 보험가입자 또는 그 피용자와의 공동불법행위로 발생한 경우 국가는 보험가입자 또는 그 피용자의 과실비율에 따른 부담부분에 관계없이 구상권을 행사할 수 있다는 법리가 적용되었으므로(그 당시 대법원 판례도 위 대법원 전원합의체 판결로 모두 변경되었다.",
            "원고가 위 구상금 소송 판결에 대하여 항소하였더라도 반드시 승소하였을 것이라고 단정할 수 없고, 달리 이를 인정할 만한 증거가 없으므로 이를 전제로 한 피고의 위 주장은 나아가 판단할 것도 없이 이유 없다.",
            "피고와 000의 손해배상액에 대한 분담비율을 7 대 3으로 봄이 상당함은 이미 앞에서 본 바와 같고, 원고가 피고 보조참가인에게 지급한 구상금은 위 구상금 소송의 판결에 따라 지급한 것으로서 이 사건 사고로 인한 손해배상금으로 상당한 금액이라 할 것이고, 또한 위 구상금 소송에서 변호사 선임비용으로 지출한 것 역시 민법 제425조 제2항 소정의 피할 수 없는비용에 해당하여 구상할 수 있는 손해에 포함된다 할 것이다.",
            "결국 피고는 원고에게, 1 원고가 지급한 소외 2, 소외 3과 관련된 위 구상금 119,775,268원 중 피고의 책임비율 해당금액인 83,842,687원(119,775,268원×70÷100)과 이에 대하여 그 지급일인 1996. 12. 4. 이후의 지연손해금과 2 원고가 지출한 변호사 선임비용 2,980,000원",
            "중 피고의 책임비율 해당금액인 2,086,000원(2,980,000원×0.7)과 이에 대하여 그 최종지급일인 1998. 1. 12. 이후의 지연손해금을 지급할 의무가 있다 할 것이다.",
            "원고의 이 사건 청구 채권은 원고가 피보험자인 000을 대위하여 피고 보조참가인에게 보험금 전부를 지급함으로써 이 사건 사고의 공동불법행위자인 피고에 대하여 취득한 구상금 채권으로서, 피고 보조참가인이 주장하는 피고 보조참가인의 원고에 대한 위 구상금 채권과 상계적상에 있다고 보기 어려우므로 피고 보조참가인의 위 상계 항변은 나머지 점에 관하여 더 나아가 판단할 것 없이 이유 없다."
        ]
    },
    "close": {
        "cnclsns": [
            "피고의 항소를 기각한다.",
            "항소비용은 피고가 부담하고, 보조참가비용은 피고 보조참가인이 부담한다."
        ]
    }
}