{
    "info": {
        "caseField": "1",
        "detailField": "1",
        "trailField": "2",
        "caseNm": "건축주명의변경절차이행",
        "courtNm": "서울고등법원",
        "judmnAdjuDe": "2006. 04. 19.",
        "caseNo": "2004나56556",
        "relateLaword": [
            "민법 제717조",
            "민법 제720조"
        ],
        "qotatPrcdnt": [
            "대법원 1992. 10. 9. 선고 92다28075 판결",
            "대법원 1987. 6. 23. 선고, 86다카2951 판결 ",
            "대법원 1999. 3. 12. 선고 98다54458 판결 "
        ]
    },
    "concerned": {
        "acusr": "1",
        "dedat": "1"
    },
    "org": {
        "orgJdgmnCourtNm": "서울중앙지방법원",
        "orgJdgmnAdjuDe": "2004. 7. 15",
        "orgJdgmnCaseNo": "2003가합70855"
    },
    "disposal": {
        "disposalform": "1",
        "disposalcontent": [
            "제1심 판결을 취소한다.",
            "피고들은 000(소재지 : 0000, 법인등록번호 : (법인등록번호))에게 별지 기재 건축허가상의 건축주 명의를 000로 변경하는 절차를 이행하라.",
            "소송비용은 제1, 2심을 통틀어, 보조참가로 인한 비용은 피고들 보조참가인의, 그 나머지 부분은 피고들의 각 부담으로 한다."
        ]
    },
    "mentionedItems": {
        "rqestObjet": [
            "제1심 판결을 취소하고, 피고들은 000(소재지 : 0000, 법인등록번호 : (법인등록번호))에게 별지 기재 건축허가상의 건축주 명의를 000로 변경하는 절차를 이행하며, 소송비용은 제1, 2심을 통틀어, 보조참가로 인한 비용은 피고들 보조참가인의, 그 나머지 부분은 피고들의 각 부담으로 한다."
        ]
    },
    "assrs": {
        "acusrAssrs": [
            "이 사건 건물에 관하여 000기업에 대한 건축주명의변경청구권을 보전하기 위하여 000을 대위하여 피고들 명의의 이 사건 건물에 관한 건축주명의변경절차를 이행하여야 한다."
        ],
        "dedatAssrs": [
            "000은 조합원 전원의 합의하에 1996. 5. 14.경 이 사건 사업에서 탈퇴하여 조합원의 지위를 상실한 것이고, 그 후 000이 1998. 10. 9. 파산으로 당연 탈퇴되어 결국 망 소외 00만이 유일한 조합원으로 된 것인바, 따라서 000이 조합원의 지위에 있음을 전제로 한 이 사건 청구는 부당하다.",
            "원고들의 000에 대한 건축주명의변경청구권이 존재하지 않으므로 원고들의 채권자대위권에 기한 소는 부적법하다."
        ]
    },
    "facts": {
        "bsisFacts": [
            "원래 000(이하 000 이라 한다)는 0000 등 2필지 합계 794.3㎡를, 망 소외 00은 0000 토지 373.2㎡를, 000(이후 000로 상호가 변경되었다, 이하 'OOO'이라 한다)는 0000 등 5필지 합계 1,852.7㎡를 각 소유하고 있었다.",
            "000은 1994.경 000과 사이에, 각자가 소유하고 있는 위 0000 토지들을 제공하여 그 지상에 업무용 건물을 신축하되, 건축공사는 000이 맡아서 시공하기로 하는 내용의 공동건축사업(이하 '이 사건 사업'이라 한다)을 하기로 합의하였다.",
            "그 후 망 소외 00도 이 사건 사업에 참가하기로 하고 1994. 8. 16. 먼저 000과 사이에, 망 소외 00 소유의 위 0000 토지도 제공하여, 000과 망 소외 00 및 000 3자(이하 위 3자를 지칭할 때 이 사건 공동사업자 라 한다)가 나누어 소유하고 있는 위 0000 900평(2,975.2㎡) 지상에 지하 6층, 지상 20층 규모의 00000(이하 '이 사건 건물'이라 한다)을 신축하기로 합의하였다.",
            "위 합의에 따라 이 사건 사업이 진행되던 중인 1996. 5. 14.경, 이 사건 공동사업자 중 1인이자 이 사건 건물 신축공사의 시공자 지위에 있던 000은 시공자의 지위를 포기하고 000 및 망 소외 00과 마찬가지로 공동사업자의 지위에서만 사업을 진행하기로 하였고, 이에 따라 이 사건 공동사업자는 이 사건 사업에 관하여 다시 합의를 하였다.",
            "000과 000은 위 라.항 합의와 관련하여 1996. 5. 15. 다음과 같은 내용의 추가 합의를 하였다.",
            "이 사건 공동사업자는 1996. 7. 25.경 000(이하 'OOO'이라 한다)와 사이에, 이 사건 건물의 신축공사에 관한 이 사건 공동사업자의 구체적인 지분에 따른 도급금액을 특정하여 이 사건 건물의 신축공사에 대한 공사도급계약을 체결하였고, 서울특별시 강남구청장으로부터 이 사건 공동사업자 3인 명의로 별지 기재와 같은 건축허가(허가번호 93-2-025호)를 받았다.",
            "그 후 1996. 10. 1. 이 사건 공동사업자는 이 사건 공동사업의 구체적인 사업추진을 위하여 다시 다음과 같은 내용의 합의를 하였다.",
            "그 후 000이 1998. 10. 9. 서울지방법원으로부터 파산선고를 받게 되고, 이후 000의 파산관재인이 이 사건 사업의 부지 8필지 중 망 소외 00 소유 토지 0000을 제외한 나머지 7필지 2,602㎡와 이 사건 건물 허가면적 45,736.93㎡ 중 000과 000의 지분 합계 41,353.97㎡에 관하여 공매를 실시하였으나, 유찰되었고, 이 사건 건물의 신축공사도 2001. 11.경까지 재개되지 않았다.",
            "그러자 망 소외 00은 2001. 11. 19. 000기업의 위임을 받은 000의 파산관재인(OOO은 위 1996. 5. 14.자 합의를 통하여 자신은 대지지분에 의한 공동발주자로서 이 사건 사업에 참여하되 그 권한과 책임을 000에게 위임하기로 하여, 000이 자신의 지분과 000의 지분을 함께 관리하여 왔다.",
            "000이 1998. 10. 9. 파산선고를 받은 이후에도 파산자 000의 파산관재인이 000의 지분과 000의 지분을 계속 관리해 왔다)에게 기존 합의서를 해지한다 고 통지하면서, 같은 날 피고들 보조참가인(이하 참가인 이라 한다)에게 이 사건 사업의 부지 중 망 소외 00 소유의 토지, 이 사건 건물에 대한 망 소외 00의 지분과 함께 000 및 000과의 계약관계와 손해배상금 청구와 관련된 일체를 양도하였다.",
            "이후 000의 파산관재인 000(이하 'OOO'라고만 한다)는 000의 위임을 받아 수의계약으로 2002. 6. 3. 원고들에게 이 사건 사업의 부지 8필지 중 망 소외 00 소유 0000을 제외한 나머지 7필지와 이 사건 건물 허가면적 45,736.93㎡ 중 000과 000의 지분 합계 41,353.97㎡를 매매대금 48,028,342,500원에 매도하였다.",
            "그리고 그 특약으로 원고들은 매매대상인 부동산에 000의 지분이 포함되어 있는 사실과 별도 지분을 소유하고 있는 제3의 건축주가 존재한다는 사실을 잘 알고 있으며, 계약체결 이후 그로 인하여 어떠한 이의도 제기하지 아니하고 이를 계약해제 사유로 할 수 없다 는 것을 명시하였다.",
            "한편 000과 망 소외 00 및 000는 000과 사이에 이 사건 건물에 대한 기성공사대금을 19,324,798,900원으로 합의하였고, 이에 망 소외 00은 2002. 3. 7. 000에게 망 소외 00의 공사비 분담비율에 해당하는 공사대금 1,767,252,460원 중 미지급 공사대금 269,795,460원을 지급하고 공사대금의 정산을 완료하였다. ",
            "000과 000는 2002. 12. 31. 000과 000의 공사비 분담비율에 해당하는 공사대금 17,557,546,440원을 초과하여 더 지급한 515,701,860원을 000으로부터 각자의 공사비 분담비율에 따라 돌려받으면서 현장관리비 196,557,123원을 000가 지급받을 금원에서 공제함으로써 공사대금의 정산을 모두 마쳤다.",
            "그러나 이 사건 건물과 관련한 설계용역대금채무에 관하여는 000과 망 소외 00 및 000가 이 사건 건물의 설계를 담당한 000에게 이를 이행하지 아니하여 현재까지도 위 설계용역대금채무가 남아있는 상태이다.",
            "한편 망 소외 00은 2005. 9. 2. 사망하였고, 그의 처()인 피고 00,자녀들인 피고 피고 00, 00이 공동상속인으로 되었다.",
            "그 후 원고들은 2005. 10. 17. 000기업과 사이에, 이 사건 공동사업자 중 000은 1998. 10. 9. 파산함으로써 조합원 지위를 상실하였다.",
            "이에 따라 이 사건 건물은 잔존 조합원인 경남기업의 단독소유가 되었음을 확인한 다음 2002. 6. 3. 체결된 원고들과 신한종금의 파산관재인과의 매매계약(위 카.항 기재부분)을 추인하면서 신한종금사옥건물 매매계약과 관련한 합의를 하였는데, 그 주요 내용은 다음과 같다."
        ]
    },
    "dcss": {
        "courtDcss": [
            "이 사건 공동사업자는 1994.경부터 1996. 10. 1.경에 이르기까지 수차례에 걸친 합의를 통하여 각자가 소유하는 토지와 자금을 출자하여 이 사건 건물을 건축하여 분배하는 공동사업을 시행하기로 약정한 것으로서 이러한 약정은 일종의 조합계약에 해당한다고 할 것인데, 신한종금이 1998. 10. 9. 파산으로 인하여 민법 제717조에 따라 조합에서 당연히 탈퇴되어 000과 망 소외 00만이 조합원으로 남게 되었다.",
            "한편, 위 조합계약의 가장 중요한 부분인 이 사건 건물의 신축공사가 공정율 약 34% 정도에서 중단되어 조합의 목적달성이 불가능해지자, 망 소외 00이 2001. 11. 19. 000의 위임을 받은 000의 파산관재인에게 이 사건 사업에 관한 약정을 해지한다는 통지를 하여 민법 제720조에 의한 조합해산청구를 함으로써 000과 망 소외 00 사이의 조합계약이 2001. 11. 19. 종료되었다. ",
            "그러나 조합의 잔무로서 탈퇴 조합원인 000에 대한 지분환급, 설계용역대금채무의 이행 등이 남아있어 청산이 종료되지 않은 채 조합이 계속 존속하고 있었으나, 그 후 망 소외 00이 2005. 9. 2. 사망하여 민법 제717조에 따라 조합에서 당연히 탈퇴됨으로써 조합원으로 000만이 남게 된 것이므로, 결국 조합재산은 남은 조합원인 000의 단독소유로 귀속되었다 할 것이다.",
            "앞에서 본 바와 같이 이 사건 공동사업자 중 망 소외 00이 2005. 9. 2. 사망하여 조합에서 당연히 탈퇴됨으로써 조합원으로 000만이 남게 되어 이 사건 건물을 포함한 조합재산은 남은 조합원인 000의 단독소유로 귀속되었다.",
            "그러므로 피고들은 특별한 사정이 없는 한 000을 대위하여 이 사건 건물의 소유권에 기한 방해배제청구권을 행사하고 있는 원고들의 청구에 따라 이 사건 건물에 관하여 000에게 건축주명의변경절차를 이행하여 줄 의무가 있다."
        ]
    },
    "close": {
        "cnclsns": [
            "제1심 판결을 취소한다.",
            "피고들은 000(소재지:OOOO, 법인등록번호)에게 별지 기재 건축허가상의 건축주 명의를 000로 변경하는 절차를 이행한다.",
            "소송비용은 제1, 2심을 통틀어, 보조참가로 인한 비용은 피고들 보조참가인의, 그 나머지 부분은 피고들의 각 부담으로 한다."
        ]
    }
}