{
    "info": {
        "caseField": "1",
        "detailField": "1",
        "trailField": "2",
        "caseNm": "사해행위취소등",
        "courtNm": "청주지법",
        "judmnAdjuDe": "2004. 10. 21.",
        "caseNo": "2004나2404",
        "relateLaword": [
            "민법 제148조",
            "민법 제149조",
            "민법 제154조",
            "민법 제406조"
        ],
        "qotatPrcdnt": [
            "대법원 1998. 4. 14. 선고 97다54420 판결"
        ]
    },
    "concerned": {
        "acusr": "2",
        "dedat": "1"
    },
    "org": {
        "orgJdgmnCourtNm": "청주지법",
        "orgJdgmnAdjuDe": "2004. 6. 4. ",
        "orgJdgmnCaseNo": "2003가단20954"
    },
    "disposal": {
        "disposalform": "10",
        "disposalcontent": [
            "피고의 항소를 기각한다. ",
            "항소비용은 피고의 부담으로 한다. ",
            "제1심판결의 주문 제2항 중  원고에게 를  소외 1 에게 로 경정한다."
        ]
    },
    "mentionedItems": {
        "rqestObjet": [
            "피고와 소외 00 사이에 별지 목록 기재 부동산에 관하여 2001. 11. 5. 체결된 매매계약을 취소한다.",
            "피고는 소외 1 에게 위 부동산에 관하여 청주지방법원 2001. 11. 6. 접수 제69554호로 마친 소유권이전등기의 말소등기절차를 이행한다.",
            "제1심판결을 취소하고, 원고의 청구를 모두 기각한다. "
        ]
    },
    "assrs": {
        "acusrAssrs": [
            "피고는 소외 1 에게 위 부동산에 관하여 청주지방법원 2001. 11. 6. 접수 제69554호로 마친 소유권이전등기의 말소등기절차를 이행한다."
        ],
        "dedatAssrs": [
            "피고가 소외 1과 사이에 이 사건 부동산에 관하여 설정된 근저당권의 피담보채무와 가압류채무를 인수하기로 약정하고 그 적정한 시가에서 위 채무를 공제한 금원을 소외 1에게 모두 지급하고 위 부동산을 매수한 후 현재 피고 자식들의 주거용건물로 사용하고 있으므로, 이 사건 매매계약은 사해행위에 해당되지 않을 뿐만 아니라, 위 계약 당시 원고를 해할 의사가 없었다.",
            "이 사건 매매계약 당시에는 이 사건 대출계약의 주채무자인 소외 2가 이행지체에 빠져 있었으나, 그 후 소외 2가 원고와 사이에 변제기를 2005. 2. 9.까지로 연장하는 합의를 하고 그동안의 연체이자를 모두 납부한 결과, 현재 원고의 피보전채권은 그 변제기가 도래하지 않았을 뿐만 아니라 주채무의 이행지체도 해소되었다.",
            "이 사건 대출계약의 연대채무자인 소외 1과 피고 사이에 체결된 이 사건 매매계약이 사해행위임을 이유로 그 취소를 구할 이익이 없다."
        ]
    },
    "facts": {
        "bsisFacts": [
            "원고는 2001. 2. 9. 소외 2에게 15,000,000원을 이자율 연 13%, 지연배상금률 연 22%, 변제기 2003. 2. 9.로 정하여 대여하였고, 그 때 소외 1, 소외 3, 소외 4는 소외 2의 위 채무를 연대보증하였다(이하 '이 사건 대출계약'이라 한다).",
            "소외 1은 2001. 11. 5. 부친인 피고와 사이에 실질적으로 유일한 재산인 별지 목록 기재 부동산(이하 이 사건 부동산이라 한다)에 관하여 매매계약을 체결하고(이하 '이 사건 매매계약'이라 한다), 2001. 11. 6. 청주지방법원 접수 제69554호로 위 부동산에 관하여 피고 앞으로 소유권이전등기(이하 '이 사건 소유권이전등기'라 한다)를 마쳐주었다."
        ]
    },
    "dcss": {
        "courtDcss": [
            "을 제1, 2호증, 을 제3호증의 1, 2, 3의 각 기재에 의하면, 피고가 소외 1에게 2002. 1. 21.부터 2001. 2. 1.까지 사이에 합계 9,762,000원을 지급한 점, 이 사건 부동산에 관한 가압류권자로서 위 부동산에 관한 청주지방법원 2003타경22380호 강제경매사건의 경매신청인인 000이 2003. 10. 29. 위 경매신청을 취하하였다.",
            "피고의 아들인 소외 5와 소외 6이 이 사건 부동산에 거주하고 있는 점을 인정할 수 있고 반증이 없으나, 이 사건 부동산이 소외 1의 유일한 재산인 이상, 위 인정 사실만으로는 피고가 원고를 해할 의사 없이 이 사건 부동산을 취득하였다는 사실을 인정하기에 부족하고, 달리 피고의 선의를 인정할 만한 증거가 없으므로, 피고의 위 주장은 이유 없다.",
            "외 2가 원고와 사이에 위와 같이 변제기 연장의 합의를 하고 그 동안의 연체이자를 모두 납부한 사실은 당사자 사이에 다툼이 없다.",
            "기한 있는 법률행위의 당사자는 기한이 도래하지 않은 동안에 기한의 도래로 인하여 생길 상대방의 이익을 해하지 못하고, 기한이 도래하지 않은 권리도 일반규정에 의하여 이를 처분·보존할 수 있다( 민법 제154조, 제148조, 제149조 참조).",
            "채권자는 피보전채권의 변제기가 아직 도래하지 않았거나 그 변제기가 연장되었다 하더라도 그 보전을 위하여 채무자 등이 변제기 도래 전 또는 변제기 연장 전에 한 사해행위의 취소를 구할 수 있다고 봄이 상당하다.",
            "위와 같은 사해행위의 취소를 구함에 있어서 일반채권자를 위한 공동담보에 부족이 생기면 족하고 별도로 채무자가 채무불이행 상태에 있음을 요하지 않는다고 할 것이다.",
            "단순히 이 사건 대출계약상 주채무의 이행지체가 해소되고 그 변제기가 연장되었다는 사실만으로 원고가 이 사건 매매계약이 사해행위임을 이유로 그 취소를 구할 수 없다고 할 수는 없으므로, 피고의 위 주장 역시 이유 없다.",
            "피고가 소외 1 에게 2002. 1. 21.부터 2001. 2. 1.까지 사이에 합계 9,762,000원을 지급하였고, 이 사건 부동산에 관한 가압류권자로서 위 부동산에 관한 청주지방법원 2003타경22380호 강제경매사건의 경매신청인인 000이 2003. 10. 29. 위 경매신청을 취하하였으며, 피고의 아들인 소외 5 와 소외 6 이 이 사건 부동산에 거주하고 있는 점을 인정할 수 있고 반증이 없다.",
            "그러나, 이 사건 부동산이 소외 1 의 유일한 재산인 이상, 위 인정 사실만으로는 피고가 원고를 해할 의사 없이 이 사건 부동산을 취득하였다는 사실을 인정하기에 부족하고, 달리 피고의 선의를 인정할 만한 증거가 없으므로, 피고의 위 주장은 이유 없다.",
            "소외 2 가 원고와 사이에 위와 같이 변제기 연장의 합의를 하고 그 동안의 연체이자를 모두 납부한 사실은 당사자 사이에 다툼이 없다. 그러나 기한 있는 법률행위의 당사자는 기한이 도래하지 않은 동안에 기한의 도래로 인하여 생길 상대방의 이익을 해하지 못하고, 기한이 도래하지 않은 권리도 일반규정에 의하여 이를 처분, 보존할 수 있다.",
            "그러므로, 채권자는 피보전채권의 변제기가 아직 도래하지 않았거나 그 변제기가 연장되었다 하더라도 그 보전을 위하여 채무자 등이 변제기 도래 전 또는 변제기 연장 전에 한 사해행위의 취소를 구할 수 있다고 봄이 상당하고, 또한 위와 같은 사해행위의 취소를 구함에 있어서 일반채권자를 위한 공동담보에 부족이 생기면 족하고 별도로 채무자가 채무불이행 상태에 있음을 요하지 않는다고 할 것이다.",
            "따라서 단순히 이 사건 대출계약상 주채무의 이행지체가 해소되고 그 변제기가 연장되었다는 사실만으로 원고가 이 사건 매매계약이 사해행위임을 이유로 그 취소를 구할 수 없다고 할 수는 없으므로, 피고의 위 주장 역시 이유 없다."
        ]
    },
    "close": {
        "cnclsns": [
            "피고의 항소를 기각한다. ",
            "항소비용은 피고의 부담으로 한다. ",
            "제1심판결의 주문 제2항 중 원고에게 를 소외 1 에게 로 경정한다."
        ]
    }
}