{
    "info": {
        "caseField": "1",
        "detailField": "1",
        "trailField": "2",
        "caseNm": "손해배상(기)\n",
        "courtNm": "부산고등법원",
        "judmnAdjuDe": "2006. 05. 18.",
        "caseNo": "2004나5099",
        "relateLaword": [
            "구 토지구획정리사업법 제22조",
            "구 토지구획정리사업법 제23조",
            "구 토지구획정리사업법 제25조",
            "구 토지구획정리사업법 제26조",
            "구 토지구획정리사업법 제27조",
            "구 토지구획정리사업법 제54조",
            "구 토지구획정리사업법 제53조",
            "구 토지구획정리사업법시행령(2000. 8. 2. 대통령령 제16933호로 폐지되기 전의 것) 제17조",
            "구 토지구획정리사업법시행령(2000. 8. 2. 대통령령 제16933호로 폐지되기 전의 것) 제26조",
            "구 토지구획정리사업법시행령(2000. 8. 2. 대통령령 제16933호로 폐지되기 전의 것) 제18조",
            "구 토지구획정리사업법시행령(2000. 8. 2. 대통령령 제16933호로 폐지되기 전의 것) 제27조",
            "토지구획정리사업법 제54조",
            "토지구획정리사업법 제57조",
            "토지구획정리사업법 제62조"
        ],
        "qotatPrcdnt": [
            "대법원 2003. 3. 14. 선고 2000다32437 판결",
            "대법원 1998. 10. 23. 선고 98다36207 판결",
            "부산고등법원  2004나3536호 판결"
        ]
    },
    "concerned": {
        "acusr": "2",
        "dedat": "1"
    },
    "org": {
        "orgJdgmnCourtNm": "울산지방법원",
        "orgJdgmnAdjuDe": "2004. 2. 13.",
        "orgJdgmnCaseNo": " 2002가단27483"
    },
    "disposal": {
        "disposalform": "1",
        "disposalcontent": [
            "당심에서 확장된 원고의 청구를 포함하여 제1심 판결 주문 제1항을 다음과 같이 변경한다.",
            "원고에게, 피고 1,  2,  3,  4,  5,  6,  7, 8,  9, 10, 11, 12,  13, 14, 20(대법원판결의 피고 15), 21(대법원판결의 피고 16), 22(대법원판결의 피고 17), 23(대법원판결의 피고 18), 24(대법원판결의 피고 19), 25(대법원판결의 피고 20)는 연대한다.",
            "그리고 4,311,018,600원에 대하여 2002. 12. 21.부터 2006. 6. 18.까지는 연 5%, 그 다음날부터 다 갚는 날까지는 연 20%의 각 비율에 의한 돈을 지급한다.",
            "위의 피고들과 연대하여 위 4,311,018,600원 중, 피고 15는 1,175,732,345원, 피고 16, 17, 18, 19는 각 783,821,563원 및 각 이에 대하여 2002. 12. 21.부터 2006. 6. 18.까지는 연 5%, 그 다음날부터 다 갚는 날까지는 연 20%의 각 비율에 의한 돈을 지급한다.",
            "원고의 피고들에 대한 나머지 청구를 모두 기각한다.",
            "소송 총비용은 피고들의 부담으로 한다.",
            "제1항 중 금원지급 부분은 가집행할 수 있다."
        ]
    },
    "mentionedItems": {
        "rqestObjet": [
            "지연손해금으로 2002. 12. 21.부터 2005. 8. 9.자 청구취지 및 원인변경신청서 송달일까지는 연 5%, 그 다음날부터 다 갚는 날까지는 연 20%의 각 비율에 의한 돈의 지급을 구하는 외에는 주문 제1의 가.항과 같다(원고는 당심에서 청구취지를 확장하였다).",
            "제1심 판결을 취소한다. ",
            "피고들은 연대하여 원고에게 5억 원 및 이에 대하여 2003. 7. 3.부터 당심 판결 선고일까지는 연 5%, 그 다음날부터 다 갚는 날까지는 연 20%의 각 비율에 의한 돈을 지급한다."
        ]
    },
    "assrs": {
        "acusrAssrs": [
            "피고들은 연대하여 원고에게 5억 원 및 이에 대하여 2003. 7. 3.부터 당심 판결 선고일까지는 연 5%, 그 다음날부터 다 갚는 날까지는 연 20%의 각 비율에 의한 돈을 지급한다."
        ],
        "dedatAssrs": [
            "이 사건 체비지에 관한 매각결의를 한 것은 원고가 공사를 지연하였을 뿐만 아니라, 잦은 고소, 고발을 하여 소외 조합의 사업수행을 방해하고, 공사상의 하자가 중대한 사정에 기인한 것이므로, 위와 같은 원고의 과실을 참작하면, 피고들이 원고에게 배상하여야할 금액은 없다.",
            "피고 00,16,17,18,19는 소외 00 망인이 의사무능력 상태에서 2001. 7. 3. 열린 제16차 대의원회와 2002. 3. 14. 열린 제17차 대의원회에 참석하였을 뿐이어서 책임이 없다."
        ]
    },
    "facts": {
        "bsisFacts": [
            "피고 00은 1999. 8. 1.부터 현재까지 구 토지구획정리사업법(2000. 1. 28. 법률 제6252호로 폐지되기 전의 것, 이하, 같다)에 의하여 설립인가를 받은 소외 토지구획정리조합(이하, '소외 조합'이라 한다)의 조합장이다.",
            "피고 00, 00,4,5는 소외 조합의 이사, 소외 00 망인, 피고 00(2001. 7. 3. 감사로 선임됨), 8,9,10,11,12,13,14,20,21,22,23,24,25는 각 소외 조합의 대의원, 피고 00은 소외 조합의 감사로 재직하고 있는 자이다.",
            "소외 00 망인이 2004. 4. 25. 사망함으로써 그의 재산을 그의 처인 피고 00가 3/11 지분, 그의 자녀들인 피고 00,17,18,19가 각 2/11 지분씩 공동으로 상속하였다.",
            "소외 조합은 1990. 12.경 0000 군수로부터 같은 군 0000(이하 생략) 일대 83,200평에 대한 토지구획정리사업(이하, 이 사건 구획정리사업이라 한다)을 사업시행기간 1991. 7.경부터 1994. 7. 31.까지로 하여 허가받았다.",
            "소외 조합은 1991. 1. 23. 소외 000에 사업지구 내의 환지교부 기준이 될 토지 중 50%와 구 토지구획정리사업법 제53조 제2항 소정의 토지를 합한 면적에서 공공용지를 제외한 나머지 면적을 위수탁 도급액으로 정하여 이 사건 구획정리사업의 시행권을 위탁하고, 1991. 9.경 소외 000에 이 사건 구획정리사업의 시설공사를 도급주었다.",
            "원고의 대표이사 소외 00는 소외 000가 1992. 6.경 부도나자, 소외 000의 명의를 빌려 1993. 3. 17. 소외 조합으로부터 이 사건 구획정리사업의 시설공사를 공사대금 7,271,596,000원에 도급받았다.",
            "소외 00는 그 후 소외 000의 명의대여 사실이 적발되어 건설업 면허가 취소되자, 소외 000를 설립하여 그 명의로 1994. 10. 17. 소외 000의 지위를 승계하는 조건으로 소외 조합으로부터 이 사건 시설공사를 도급받았는데, 소외 조합은 같은 날 소외 000와 사이에 위 도급계약에 따른 정산금을 2,865,656,000원으로 합의하고 위 도급계약을 해지하였다.",
            "소외 조합은 1995. 6. 20. 소외 000와 사이에 위 위수탁계약에 따른 정산금을 4,595,494,000원으로 합의하고 위 위수탁계약을 해지하였다.",
            "소외 00는 소외 000를 설립하여 1995. 8. 31. 그 명의로 소외 조합으로부터 이 사건 구획정리사업 중 소외 000가 시행하던 나머지 부분에 대한 사업시행권을 소외 000의 도급액 중 위 정산금 4,595,494,000원을 뺀 나머지 금액을 도급액으로 정하여 위탁받았다.",
            "한편 소외 000는 1996. 3. 31. 소외 조합과 사이에 위 도급계약에 따른 정산금을 1,323,190,000원으로 합의하고 위 도급계약을 해지하였다.",
            "소외 00는 다시 소외 000를 설립하여 1996. 3. 30. 소외 000로부터 이 사건 시설공사 잔여분을 공사대금 30억 8,275만 원, 공사기간 1996. 3. 31.부터 1997. 3. 31.까지로 하여 도급받고, 같은 달 31. 소외 토지구획정리조합과 사이에서도 소외 000와 체결한 계약과 같은 조건으로 위 시설공사를 도급받는 계약을 체결하였는데, 위 공사기간은 두 차례에 걸쳐 변경되어 1999. 7. 31.까지로 연장되었다.",
            "소외 000는 1997. 5. 31. 소외 조합과 사이에 위 위수탁계약에 따른 정산금을 539,268,390원으로 합의하고 위 계약을 해지하였고, 원고는 같은 날 소외 조합과 사이에 소외 조합으로부터 이 사건 구획정리사업 중 소외 000가 시행하던 나머지 부분의 시행권을 위탁받기로 하는 위수탁계약(이하, 이 사건 위수탁계약이라 한다)을 체결하였다.",
            "원고는 그 후 이 사건 위수탁계약에 따라 이 사건 구획정리공사를 시공하다가 1998. 2. 6. 소외 조합에 26억 7,000만 원의 기성승인신청을 하였는데, 소외 조합은 그 무렵 감리자인 소외 000로부터 기성감리를 받은 후 1998. 4. 7. 개최된 제43차 이사회에서 2,671,572,000원의 당해분 기성고를 승인하였다.",
            "1998. 6. 18. 개최된 제11차 대의원회에서 피고 00, 00 , 4, 5, 7, 8, 9, 10, 11, 12, 13을 비롯한 18명의 대의원 및 감사인 피고 00, 조합장인 소외 000 등이 참석하여 26억 7,000만 원의 기성고를 승인하였다.",
            "이 사건 토지구획정리사업의 감독관청인 울산광역시 울주군수는 이 사건 토지구획정리사업에 대한 감사의 일환으로 2001. 2. 19.부터 같은 달 24.까지 현장 확인을 하고 같은 해 3. 12. 소외 조합에 확인 결과를 통보하였는데, 그 통보서에는 그 무렵 이 사건 구획정리사업의 진도가 92%라고 기재되어 있다.",
            "소외 조합은 2001. 7. 9. 0에 사업기간연장공고를 하였는데, 위 공고문에는 그때까지의 기성율이 92%라고 기재되어 있다.",
            "소외 조합이 원고를 상대로 울산지방법원 2001가합3425호로 이 사건 위수탁계약에 기한 채무는 존재하지 아니한다는 청구를 하여 위 법원이 2004. 1. 7. 이 사건 위수탁계약에 기한 소외 조합의 원고에 대한 채무는 433,907,920원을 초과하여서는 존재하지 아니한다는 취지의 판결을 선고하였다.",
            "이에 대하여 원고가 부산고등법원 2004나3529호로 항소하여 위 법원이 2005. 2. 18. 이 사건 위수탁계약에 기한 소외 조합의 원고에 대한 채무는 2,876,887,920원을 초과하여서는 존재하지 아니한다는 취지의 판결을 선고하였으며, 이에 대한 소외 조합의 상고는 기각되었다.",
            "한편 원고가 소외 조합을 상대로 울산지방법원 2002가합41호로 별지 제1목록 청구취지 부동산란 기재 체비지에 관하여 이 사건 위수탁계약을 원인으로 소외 조합의 체비지대장상의 소유자 명의변경절차를 이행하라는 청구를 하여 위 법원이 2004. 1. 7. 별지 제2목록 제1심 인용 부동산란 기재 체비지에 관하여만 원고의 청구를 인용하는 판결을 선고하였다.",
            "이에 대하여 원고가 부산고등법원 2004나3536호로 항소하여 위 법원이 2005. 2. 18. 같은 목록 당심 인용 부동산란 기재 체비지에 대하여 원고의 청구를 인용하는 판결을 선고하였으며, 이에 대한 소외 조합의 상고는 기각되었다.",
            "2001. 7. 3. 열린 소외 조합 제16차 대의원회에서는 감사인 피고 00,조합장인 피고 00이 참석한 가운데, 소외 00 망인, 피고 00, 00,9,10,11,12,13,14,20,21,22,23,24,25를 비롯한 22명의 대의원이 원고의 기성금청구에 관하여 과도한 기성청구라는 이유로 사업계획변경 후 관계 자료에 의하여 기성금을 지급하였다."
        ]
    },
    "dcss": {
        "courtDcss": [
            "채권은 특정인에 대하여 특정행위를 청구하는 권리여서 배타적 효력이 부인된다고 할 것이므로, 제3자에 의하여 채권이 침해되었다는 사실만으로 바로 불법행위로 되는 것은 아니지만, 채권도 법률이 보호하는 권리인 이상 일반인은 이를 존중하여야 하고 정당한 이유 없이 이를 침해하지 못할 법률상 의무가 있다 할 것이다.",
            "만약 제3자가 채권자를 해한다는 사정을 알면서도 선량한 풍속 기타 사회질서에 위반하는 등으로 위법한 행위를 함으로써 채권자의 이익을 침해하였다면 이로써 불법행위가 성립한다고 하지 않을 수 없고, 여기에서 채권침해의 위법성은 침해되는 채권의 내용, 침해행위의 태양, 침해자의 고의 내지 해의의 유무 등을 참작하여 구체적, 개별적으로 판단하여야 할 것이다(대법원 2003. 3. 14. 선고 2000다32437 판결 참조).",
            "제3자의 침해로 인하여 채무가 이행불능이 된 경우에는 채권자의 채무자에 대한 원 채권이 손해배상채권으로 전화되어 여전히 존재한다 하더라도 제3자의 행위는 그와 별도로 불법행위를 구성하고, 채권 자체는 소멸하지 않고 채무자의 일반재산이 감소된 경우에도 채권의 실행이 곤란하게 된다.",
            "그러므로 그 행위에 정당한 사유가 없는 한 채권의 침해행위로 불법행위를 구성하며, 집행 보전을 목적으로 하는 처분금지가처분결정에 위반되는 제3자의 행위는 그로 인하여 피보전권리가 침해되는 경우 가처분권리자에 대하여 불법행위를 구성한다고 할 것이다.",
            "토지구획정리사업법 제54조, 제57조 제4항, 제62조 제6항 의 규정에 의하여 환지처분 전에 구획정리사업시행자가 체비지 지정을 하여 이를 제3자에게 처분하는 경우, 매수인이 토지의 인도 또는 체비지대장에의 등재 등 어느 하나의 요건을 먼저 갖추었다면, 매수인은 다른 이중 양수인에게 그 권리취득을 대항할 수 있다.",
            "체비지를 이중매매한 경우에는 매도인이 매수인 앞으로 체비지대장상의 소유자 명의를 변경하여 준 시점에서 매도인의 다른 매수인에 대한 체비지에 관한 매도인으로서의 의무는 이행불능으로 된다고 할 것이다(대법원 1998. 10. 23. 선고 98다36207 판결 참조).",
            "소외 조합 의 대의원들인 소외 00 망인, 피고 00, 00,10,11,12,13,14,20,21,22,23,24,25 는 1998. 6. 18. 개최된 소외 조합 제11차 대의원회에서 감리자의 기성감리를 토대로 원고의 기성고가 26억 7,000만 원이라고 승인하였다.",
            "그 중 240,376,00원만 지급하여 소외 조합이 이 사건 위수탁계약에 따라 원고에게 나머지 기성금에 해당하는 체비지를 지급할 의무가 있다는 사정 및 소외 조합이 보유하고 있던 체비지를 타에 매도할 경우 원고의 소외 조합에 대한 채권이 유명무실하게 되거나, 소외 조합의 책임재산이 감소되어 원고의 채권이 실행 곤란에 빠지게 되리라는 사정을 잘 알았다.",
            "그러면서 앞서 본 바와 같이 2001. 7. 3. 열린 소외 조합 제16차 대의원회에서 뚜렷한 근거도 없이 원고에 대한 기성금의 지급을 거절하고, 조합이 보유한 체비지를 매각하여 조합이 스스로 잔여공사를 시공하기로 의결하면서 조합장의 체비지 처분에 아무런 제한을 가하지 아니하였다.",
            "이 사건 체비지의 매각을 금지하는 취지의 이 사건 가처분결정이 2001. 9. 말경 소외 조합 에 송달된 사실을 알고서도 2002. 3. 14. 개최된 제17차 대의원회 또는 2002. 7. 16. 개최된 대의원회에 참석하여 다시 이 사건 체비지의 처분권한을 피고 00에게 일임하는 의결을 하거나, 피고 00의 체비지 처분행위를 추인하는 의결을 하여 앞서 본 바와 같이 조합장인 피고 00 로 하여금 이 사건 체비지를 매도하였다.",
            "체비지대장상의 소유자 명의를 변경하게 함으로써 소외 조합 의 원고에 대한 기성금 지급채무를 이행불능에 빠지게 하였다 할 것인데, 위와 같은 소외 00 망인 과 위 피고들의 행위는 그 자체로 사회질서에 위반하거나 정당한 이유 없이 원고의 소외 조합에 대한 채권을 침해한 것으로서 불법행위를 구성할 뿐만 아니라, 피고 00의 불법행위에 가공 또는 방조한 것이라고 할 것이다.",
            "2 소외 조합의 이사인 피고 00, 00,4 는 앞서 본 바와 같이 원고의 소외 조합에 대한 채권이 침해될 것이라는 사정을 잘 알면서 2001. 8. 7. 열린 제52차 이사회에서 제16차 대의원회의 의결대로 이 사건 체비지의 매각에 관한 권한을 조합장인 피고 00에게 일임하는 의결을 하였다.",
            "이 사건 가처분결정이 소외 조합에 송달되고 원고가 이 사건 소를 제기한 이후인 2002. 11. 26. 열린 제55차 이사회 및 2002. 12. 11. 열린 제56차 이사회에서 재차 잔여 체비지의 매각을 피고 00에게 일임하거나, 추인함으로써 소외 조합의 원고에 대한 기성금 지급채무를 이행불능에 빠지게 하였다 할 것이다.",
            "위와 같은 위 피고들의 행위는 그 자체로 사회질서에 위반하거나 정당한 이유 없이 원고의 소외 조합에 대한 채권을 침해한 것으로서 불법행위를 구성할 뿐만 아니라, 피고 00의 불법행위에 가공 또는 방조한 것이라고 할 것이다.",
            "3 피고 00은 소외 조합의 조합장으로서 앞서 본 바와 같은 원고의 소외 조합에 대한 채권이 침해될 것이라는 사정을 잘 알면서 소외 조합의 상임이사인 피고 00,감사인 피고 00, 00 과 공동하여 소외 조합 제16차 대의원회 및 제52차 이사회의 체비지 처분 의결을 근거로 이 사건 체비지를 제3자에게 매도하였다.",
            "소외 조합이 보관하고 있는 체비지대장상의 소유자 명의를 각 매수인으로 변경함으로써 소외 조합의 원고에 대한 기성금 지급채무, 즉 위 부산고등법원 2004나3536호 판결 에 따라 이 사건 체비지대장상의 소유자 명의를 원고로 변경할 채무를 이행불능에 빠지게 하였다 할 것인바, 위와 같은 피고 00의 행위는 사회질서에 반하거나 정당한 이유 없이 원고의 소외 조합에 대한 채권을 침해한 것이다.",
            "그럼으로서 불법행위를 구성하고, 4 소외 조합의 상임이사인 피고 00,감사인 피고 00, 00 은 피고 00과 공동하여 이 사건 체비지를 매도하고 체비지 대장상의 소유자 명의를 각 매수인으로 변경함으로써 원고의 소외 조합에 대한 채권을 이행불능에 빠지게 하였다 할 것인바, 이와 같은 위 피고들의 행위는 사회질서에 위반하거나 정당한 이유 없이 원고의 소외 조합에 대한 채권을 침해한 것으로서 불법행위를 구성한다 할 것이다.",
            "소외 조합은 적어도 그 무렵에는 원고에게 기성금의 지급에 갈음하여 이 사건 체비지대장상의 소유자명의를 원고로 변경할 의무를 부담한다 할 것이고, 피고 00 등이 2001. 9. 20.부터 2002. 12. 20.까지 사이에 이 사건 체비지를 제3자에게 매도하고, 각 매도일에 체비지대장상의 소유자 명의를 각 매수인으로 변경함으로써 소외 조합의 원고에 대한 기성금 지급채무는 이행불능에 빠졌다고 할 것이다.",
            "피고들의 채권침해행위로 인하여 소외 조합의 원고에 대한 체비지대장상의 명의변경채무가 이행불능이 된 경우 이행불능 당시 각 체비지의 시가 상당액을 합한 금액이 그 손해배상액이라 할 것이다.",
            "당원에서의 소외 00 주식회사 의 감정평가회보에 의하면, 이 사건 체비지 11,159.5㎡의 체비지대장상의 소유자 명의가 각 매수인 명의로 변경될 당시 시가상당액을 합한 금액은 4,311,018,600원인 사실이 인정된다.",
            "피고 00, 00,3, 4, 5,6,7,8,9,10,11,12,13,14,20,21,22,23,24,25 는 연대하여 4,311,018,600원, 소외 00 망인 의 상속인들인 피고 00,16,17,18,19 는 위 피고들과 연대하여 위 4,311,018,600원 중 각자의 상속지분에 해당하는 금액 및 각 이에 대한 지연손해금을 원고에게 지급할 의무가 있다 할 것이다.",
            "이 사건 구획정리공사에 중대한 하자가 있다는 피고들의 주장은 이를 인정할 아무런 증거가 없고, 앞서 든 각 증거들에 의하면, 원고가 일부 공사를 지연하고, 피고 00 등 소외 조합의 임원들에 대하여 고소한 사실은 인정된다.",
            "다른 한편 위 각 증거들에 의하면, 원고는 소외 조합이 기성금을 제때 지급하지 아니함으로써 일부 공사를 지연한 사실, 원고는 피고 00 등이 이 사건 가처분결정에도 불구하고 이 사건 체비지를 타에 매도함으로써 자신의 채권이 침해당하자 위 매도행위와 관련하여 피고 00 등을 고소한 사실을 각 인정할 수 있다.",
            "뿐만 아니라, 위 인정사실에 의하면, 피고들이 공동하여 이 사건 체비지를 매도하여 원고의 소외 조합에 대한 채권을 침해한 것은 고의의 불법행위라 할 것이다.",
            "고의로 불법행위를 자행한 자가 피해자의 부주의를 이유로 자신의 책임을 감하여 달라고 주장하는 것은 허용될 수 없으므로, 위 주장은 어느 모로 보나 이유 없다.",
            "피고 00,16,17,18,19 는 소외 00 망인 이 의사무능력 상태에서 2001. 7. 3. 열린 제16차 대의원회와 2002. 3. 14. 열린 제17차 대의원회에 참석하였을 뿐이어서 책임이 없다는 취지로 주장하나, 을18호증의 1, 2의 각 기재만으로는 이를 인정하기에 부족하고, 달리 이를 인정할 아무런 증거가 없으므로, 위 주장도 이유 없다."
        ]
    },
    "close": {
        "cnclsns": [
            "당심에서 확장된 원고의 청구를 포함하여 제1심 판결 주문 제1항을 다음과 같이 변경한다.",
            "원고에게, 피고 00, 00,3, 4, 5,6,7,8,9,10,11,12,13,14,20(대법원판결의 피고 00), 21(대법원판결의 피고 00), 22(대법원판결의 피고 00), 23(대법원판결의 피고 00), 24(대법원판결의 피고 00), 25(대법원판결의 피고 000)는 연대한다.",
            "그리고 4,311,018,600원에 대하여 2002. 12. 21.부터 2006. 6. 18.까지는 연 5%, 그 다음날부터 다 갚는 날까지는 연 20%의 각 비율에 의한 돈을 지급한다.",
            "위의 피고들과 연대하여 위 4,311,018,600원 중, 피고 00는 1,175,732,345원, 피고 00,17,18,19는 각 783,821,563원 및 각 이에 대하여 2002. 12. 21.부터 2006. 6. 18.까지는 연 5%, 그 다음날부터 다 갚는 날까지는 연 20%의 각 비율에 의한 돈을 지급한다.",
            "원고의 피고들에 대한 나머지 청구를 모두 기각한다.",
            "소송 총비용은 피고들의 부담으로 한다.",
            "제1항 중 금원지급 부분은 가집행할 수 있다."
        ]
    }
}