{
    "info": {
        "caseField": "1",
        "detailField": "1",
        "trailField": "2",
        "caseNm": "사해행위취소등",
        "courtNm": "서울고법",
        "judmnAdjuDe": "2005. 04. 08.",
        "caseNo": "2004나41325",
        "relateLaword": [
            "민사소송법 제358조",
            "민사소송법 제202조",
            "민사소송법 제357조"
        ],
        "qotatPrcdnt": [
            "대법원 2003. 4. 11. 선고 2001다11406 판결(공2003상, 1141)",
            "대법원 2000. 6. 9. 선고 99다37009 판결(공2000하, 1617)",
            "대법원 1997. 6. 13. 선고 96재다462 판결(공1997하,2138)",
            "대법원 2003. 2. 11. 선고 2002다59122 판결(공2003상, 782)",
            "대법원 2003. 4. 8. 선고 2002다69686 판결(공2003상, 1082)",
            "대법원 1988. 4. 12. 선고 87다카576 판결(공1988상, 828)",
            "대법원 1988. 9. 27. 선고 85다카1397 판결(공1988,1315)",
            "대법원 1994. 10. 14. 선고 94다11590 판결(공1994하, 2974)",
            "대법원 1997. 12. 12. 선고 97다38190 판결(공1998상, 280)"
        ]
    },
    "concerned": {
        "acusr": "2",
        "dedat": "1"
    },
    "org": {
        "orgJdgmnCourtNm": "인천지법",
        "orgJdgmnAdjuDe": "2004. 4. 23. ",
        "orgJdgmnCaseNo": "2003가합5135 "
    },
    "disposal": {
        "disposalform": "10",
        "disposalcontent": [
            "제1심판결 중 아래에서 지급을 명하는 금원을 초과하는 피고 1 패소 부분을 취소하고, 그 취소 부분에 해당하는 원고의 청구를 기각한다.",
            "피고 1은 제1심 공동피고 000, 소외 1과 연대하여 원고에게 129,658,551원 및 그 중 128,870,971원에 대하여 2002. 12. 30.부터 완제일까지 연 18%의 비율에 의한 금원을 지급한다.",
            "피고 1의 나머지 항소와 피고 2의 항소를 모두 기각한다.",
            "원고와 피고 1 사이의 소송총비용은 이를 5분하여 그 3은 원고가, 나머지는 피고 1이, 피고 2의 항소비용은 피고 2가 각 부담한다."
        ]
    },
    "mentionedItems": {
        "rqestObjet": [
            "피고 1은 제1심 공동피고 000, 소외 1(이하 각 000  소외 1 이라고만 한다)과 연대하여 원고에게 302,699,920원 및 그 중 301,912,340원에 대하여 2002. 12. 30.부터 완제일까지 연 18%의 비율에 의한 금원을 지급한다.",
            "피고 1과 피고 2 사이에 별지 목록 기재 각 부동산(이하  이 사건 각 부동산 이라고 한다)에 관하여 2002. 8. 30. 체결된 매매계약을 취소한다.",
            "피고 2는 피고 1에게 이 사건 각 부동산에 관하여 춘천지방법원 양구등기소 2002. 9. 2. 접수 제4356호로 마친 소유권이전등기의 각 말소등기절차를 이행한다.",
            "피고 1제1심판결 중 피고 1에 대하여 원고에게 127,500,000원을 초과하여 지급을 명한 피고 1 패소 부분을 취소하고, 그 취소 부분에 해당하는 원고의 청구를 기각한다."
        ]
    },
    "assrs": {
        "acusrAssrs": [
            "소외 00은 2002. 4. 22. 원고의 남동지점을 방문하여, 원고의 직원들에게 보증원금 1억 7천만 원의 종전 신용보증 이외에 추가로 신용보증하여 줄 것 을 요청하였다.",
            "이에 원고는 000 와 사이에 새로 신용보증하게 될 금액과 종전 신용보증에 의하여 보증된 1억 7천만 원을 합한 3억 원을 한도거래로 하는 신용보증약정을 체결하자. 고 제의하였고, 소외 00과 피고 00이 위 신용보증약정에 대하여 연대보증하기로 하였다.",
            "000는 2002. 4. 29. 원고에게 기업실태표를 제출하였고, 원고의 직원인 소외 00는 2002. 5. 17. 000 사무실에방문하여, 000의 사업장을 조사하였는데, 그 때 소외 00는 피고 00에게 회사를 방문하게 된 동기에 관하여 이야기하면서 이번 신용보증은 종전 신용보증 금액인 1억 7천만 원을 포함하여 3억 원을 한도로 하는 거래 라고 자세히 설명하였다.",
            "소외 00과 피고 00은 2002. 5. 25. 원고의 위 지점을 방문하였는데, 그 자리에서도 소외 00는 소외 00과 피고 00에게 이미 보증된1억 7천만 원을 포함하여 한도거래 금액 3억 원에 대하여 연대보증하는 것 이라고 설명한 후, 이 사건 약정이 체결되었다.",
            "당시 이 사건 약정서 제2항 거래금액란에는 3억 원 이라고, 거래기간란에는 2002. 5. 25.부터 2003. 4. 24.까지 로, 제25조제7항 특약사항 아래 표에도 종전 신용보증서의 내역이 각 기재되어 있었고, 신용보증의뢰인 및 연대보증인란의 주소도 기재된 상태였다.",
            "이에, 소외 00과 피고 00은 이를 확인한 후 이 사건 약정서의 주채무자 및 연대보증인란에 각 서명, 날인하였다. ",
            "다만, 기재의 오류 등에 대비하여 위 해당란이 모두 공란으로 된 신용보증약정서 1부에 코리아딜러와 소외 00 및 피고 00의 서명, 날인을 받아두었을 뿐이다.",
            "그리고 즉시 현장에서 000,소외 00, 피고 00의 인감증명서와 인감이 서로 다르지 않음을 확인하고는, 공란이 모두 백지로 된신용보증약정서를 폐기하였으므로 피고 00은 원고에게 이 사건 약정에 따른 구상금채무 전체를 이행할 의무가 있다.",
            "이 사건 약정서의 각 기재 부분에 오류가 있었는지 여부를 확인한 후, 즉시 현장에서 주요 부분이 모두 공란으로 된 신용보증약정서 1부를 폐기하였다."
        ],
        "dedatAssrs": [
            "소외 00가 2002. 5. 17. 000의 사무실을 방문하였으나, 그 목적은 000를 위하여 신용보증해 주어도 되는지 여부를 판단하기 위하여서 였지, 장차 보증인이 될 피고 00에게 신용보증의 거래한도를 설명하기 위하여가 아니었다.",
            "또한, 실제로 소외 00는 피고 00에게 회사 경영 내지 재무상태에 대하여 경계의 말만 하였을 뿐, 신용보증약정의 신용한도 내지 기존보증의 연장 문제 등에 관하여는 전혀 말한바 없다.",
            "피고 00은 소외 00과 함께 2002. 5. 25. 원고의 남동지점을 방문하여, 소외 00가 요구하는 대로 신용보증약정서 2부의 주채무자란 및 연대보증인란에 서명, 날인하였을 뿐인데, 당시 신용보증약정서 제2조의 거래금액 및 거래기간란과 제27조 제7항의 표는모두 공란으로 되어 있는 상태였다.",
            "피고 00은 000가 금융기관으로부터 1억 5천만 원을 대출받는 것과 관련하여 원고가 신용보증하게 될 금액에 대하여 연대보증한 것으로, 당시 원고의 직원들로부터 0000 기존에 원고와 신용보증약정을 한 사실'에 대하여 전혀 설명을 듣지 못하였다.",
            "또한, 소외 00, 피고 00 및 소외 00는 모두 000가 원고로부터 신용보증서를 발급받아 1억 5천만 원을 대출받으려고 하는 사정 을 알고 있었기 때문에, 굳이 신용보증액이 얼마인지 등에 관하여 말하지 않았다.",
            "소외 00은 우리은행으로부터 종전 신용보증의 기한 연장을 요구받고, 소외 00와 종전 신용보증의 연장 문제를 논의하였는바, 소외 00는 연장을 하지말고 신규대출받는 것으로 하자. 결과는 마찬가지이다.",
            "소외 00 사장의 아버님은 연세가 많고 중풍을 앓고 있으니 연대보증에서 제외하자. 고 제의하였고, 이에 소외 00, 피고 00 및 000의 영업담당이사인 소외 00는 소외 00가 새로이 연대보증하기 로 결정하였고, 이에 따라 소외 00는 연대보증에 필요한 서류인인감증명서를 준비하기까지 하였다.",
            "따라서 피고 00은 원고에게 1차 신용보증에 따른 구상금채무만 부담할 뿐, 2차 신용보증에 따른 구상금채무는 부담하지 아니한다.",
            "피고 00는 피고 00로부터 7,500만 원에 매수한 것으로 그 대금도 정상적으로 지불하였는바, 채권자인 원고를 해할 의사가 없었다.고 항변한다."
        ]
    },
    "facts": {
        "bsisFacts": [
            "원고는 000의 금융기관에 대한 대출금채무를 보증하기 위하여 000와 사이에 2001. 8. 31.경 신용보증원금을1억 7천만 원으로, 신용보증기간을 2001. 8. 31.부터 2002. 8. 30.까지 하는 신용보증약정(이하 '종전 신용보증약정'이라고 한다)을 체결하였다.",
            "000의 대표이사인 소외 00과 소외 00의 부인 소외 00은 종전 신용보증약정에 따라 000가 원고에게 부담하게 될 구상금채무를 연대보증하였다.",
            "000는 원고로부터 발급받은 신용보증서(보증서번호:(보증서번호 1 생략), 보증원금:1억 7천만 원, 대출예정금액:2억 원, 보증비율:85%, 발행일자:2001. 8. 31., 이하 종전 신용보증서 라고 한다)를 제출하여 000(그 후 우000 으로 그 명칭이 변경되었다.",
            "이하 000 이라 한다)으로부터 2001. 9. 7. 2억 원을 여신기간 만료일 1년으로 정하여 대출받았다.",
            "000의 대표이사인 소외 00은 회사운영자금 등으로 1억 5천만 원이 필요하게 되어, 소외 00은 2002. 4. 22. 원고의 고객팀장인 소외 00를 만나 1억 5천만 원의 추가 대출에 필요한 신용보증 에 대하여 논의하였다. 그러한 과정에서 소외 00은 000의 이사 한 명을 보증인으로 세워라. 요구를 받게 되었다.",
            "그 후 소외 00은 피고 00에게 회사운영자금이 필요하여 1억 5천만 원을 대출받으려 하는데, 000가 원고와 신용보증약정을 체결할 때 연대보증하여 달라. 고 부탁하였다.",
            "원고의 고객팀 소속 직원인 소외 00는 2002. 5. 17. 000 사무실을 방문하여 피고 00을 만나면서, 000의 영업실태를 조사하였다.",
            "피고 00은 소외 00과 함께 2002. 5. 25. 원고의 공단지점을 방문하여, 그 곳에서 000가 원고에게 부담하게 될 구상금채무를 연대보증하는 의미로 신용보증약정서(이하 약정서를 이 사건 약정서 라고, 그 약정을 이 사건 약정 이라고 한다)의 연대보증인란에 서명, 날인하였다.",
            "000는 2002. 9. 20. 대출금에 대한 이자 지급을 연체함으로써, 신용보증사고가 발생하여, 000은 2002. 11. 18.원고에게 위 신용보증사고 발생사실을 통지하였다.",
            "원고는 2002. 12. 30. 000에게 1차 신용보증에 따라 129,829,931원(= 보증원금 127,500,000원 + 이자2,329,931원), 2차 신용보증에 따라 173,041,369원(= 보증원금 170,000,000원 + 이자 3,041,369원), 합계302,871,300원을 변제하였고, 1차 신용보증에 따른 대위변제와 관련된 보증료 환급금 958,960원을 1차 신용보증에 따른 대위변제금 129,829,931원에 충당하였다.",
            "현재 남은 대위변제금은 합계 301,912,340원{= 1차 신용보증에 따른 대위변제금128,870,971원(= 129,829,931원 - 충당금 958,960원) + 2차 신용보증에 따른 대위변제금 173,041,369원이다.",
            "원고는 000 및 피고들의 재산에 대한 채권보전조치비용으로 1,190,840원을 지출하였고, 보증료 환급금인 403,260원을 위 금액에 충당하여, 현재 남은 채권보전비용은 787,580원이다.",
            "피고 00은 2002. 9. 2. 피고 00 앞으로 자신의 유일한 재산인 이 사건 각 부동산에 관하여 2002. 8. 30. 매매를 원인으로 하여 춘천지방법원 양구등기소 접수 제4356호로 소유권이전등기를 경료해 주었다."
        ]
    },
    "dcss": {
        "courtDcss": [
            "이 사건 약정서의 연대보증인란에 피고 00이 직접 서명, 날인한 점은 인정되므로, 일응 이 사건 약정서 전체의진정 성립이 추정되는 것으로 보인다.",
            "그러나 을1, 2호증의 각 기재와 당심 증인 소외 00의 증언 및 당심 증인 소외 00의 일부 증언에 변론의 전취지를 종합하면, 이 사건 약정서 제27조 제7항 아래의 표가 공란인 상태에서 소외 00과 피고 00이 서명, 날인하였고, 그 후 작성명의자가 아닌 원고의 직원(고객팀장인 소외 00로 보인다)이 기재한 사실이 인정되고, 이에 반하는 제1심 증인 소외 00의 증언은 믿지 아니하며, 달리 반증이 없다.",
            "그렇다면 이 사건 약정서 제27조 제7항 아래의 표에 적혀져 있는 종전 신용보증서의 주요사항 에 대한 진정성립의 추정은 번복되었다.",
            "회사 운영자금 등으로 1억 5천만 원이 필요하였던 소외 00로부터 1억 5천만 원 대출과 관련한 신용보증약정의 연대보증을 서달라.는 부탁을 받고, 피고 00이 이 사건 약정에 연대보증하게 되었고, 원고도 000가 1억 5천만 원이 필요하였던 사정을 알고 이 사건 약정을 체결하는 등 이 사건 약정에 이르게 되었다.",
            "따라서 원고가 1억 5천만 원의 85%인 127,500,000원을 보증원금으로 하여 신용보증하게 될 것이라는 점을 원고의 직원들과 소외 00, 피고 00이 잘 알고 있었다고 보인다.",
            "이 사건 약정 당시, 원고의 주된 관심사는 000가 대출받을 1억 5천만 원에 대하여 새로이 신용보증할 것인지 여부였고, 그러한 관심의 일환으로 원고의 직원 소외 00를 000에 보내 신용조사를 하도록 하였다(갑13호증의 2에 출장목적이 신용조사로 명시되어 있다).",
            "그러므로 소외 00가 출장 신용조사를 할 때에는 종전 신용보증에 대한 보증기간 연장 내지 갱신 등에 대한 논의를 할 단계는 아니었다고 판단된다{종전 신용보증에 의한 대출상환기일(2002. 9. 6.경)이 3개월 넘게 남아 있었던 상태였기 때문에 더욱더 그러하다}.",
            "따라서 이 사건 약정 당시 피고 00에게 종전 신용보증약정에 의하여 보증된 1억 7천만 원을 포함하여 신용보증약정을 하는 것이다.라고 설명하였다.는 원고의 주장보다는, 당시 관계자들은 이미 원고가 신용보증할 대출금액 1억 5천만 원에 관하여 잘 알고 있었기 때문에, 신용보증할 금액에 대하여 굳이 논의를 할 필요가 없었고, 논의도 하지 않았다.는 피고 00의 주장이 보다 설득력이 있어 보인다.",
            "한편, 원고는 이 사건 약정서와는 별도로 소외 00과 피고 00로부터 거래금액, 거래기간, 특약사항란이 모두 공란인 신용보증약정서 1부에 서명, 날인을 받았는바(다툼 없는 사실), 문서의 중요 부분이 모두 공란인 상태에서 거래당사자로부터 서명, 날인만을 받는 극히 이례적이고 거래 관행과도 맞지 아니하는 일이 실제로 이 사건 약정시에 일어났다.",
            "원고의 직원이 즉시 현장에서 기재의 오류를 확인할 생각이었다면, 즉시 그 곳에서 기재된 사항을 확인하면 될 것으로, 굳이 주요 부분이 모두 공란으로 된 신용보증약정서 1부에 피고 00 및 소외 00로 서명, 날인받았다는 것은 심히 부자연스럽고, 납득이 잘 가지 아니한다.",
            "이 사건 약정서의 거래금액란에 기재된 삼억과 거래기간란에 기재된 2002. 5. 25., 2003. 5. 24. 및 신용보증의뢰인 및 연대보증인란에 기재된 각 주소와 주민등록번호는 모두 소외 00가 기재한 것이다(다툼 없는 사실, 당심 증인 소외 00의 일부 증언, 변론의 전취지).",
            "소외 00가 이 사건 약정을 체결할 때, 삼 억 내지 2002. 5. 25., 2003. 5. 24. 부분을 기재하였다는 것 이외에 000,소외 00 및 피고 00의 인적사항까지 적어 넣었다는 점은 쉽게 이해하기 어렵다.",
            "오히려 그 부분이 나중에 보충되었다는 피고 00의 주장이 신빙성이 있다고 판단된다.",
            "또한, 원고 주장(오류 확인을 위하여 백지 신용보증약정서에 서명, 날인을 받았다는 주장)이 사실이라고 가정하더라도, 원고 스스로 이 사건 약정 체결시 문서작성에 관하여 충분한 주의력을 행사하였다고는 보이지 않는다.",
            "원고가 피고 00과 소외 00에게 이 사건 약정서를 사본하여 교부하지 아니하였다(당심 증인 소외 00의 증언, 당심 증인 소외 00의 일부 증언).",
            "그 후 종전 신용보증서에 의하여 대출받은 금원의 상환기일이 다가오게 되어 소외 00는 소외 00과 종전 신용보증서의 갱신 내지 연장과 관련하여 보증인의 교체에 관하여 논의하여, 당시 종전 신용보증의 연대보증인인 소외 00을 보증에서 제외하기로 하였고, 소외 00은 종전 대출받은 금원과 관련하여 소외 00를 새로운 연대보증인으로 세울 계획이었던 사실을 인정할 수 있다.",
            "이에 반하는 갑17호증의 기재와 증인 소외 00의 제1심의 증언 및 당심에서의 일부 증언은 믿지 아니하고, 달리 반증이 없는바, 그렇다면 소외 00도 2차 신용보증서를 발급해 줄 당시 종전 신용보증인의 교체를 염두에 두고 있었다고 보이는데, 만일 피고 00이 종전 신용보증에 관하여서도 책임지는 것으로 이 약정시에 협의되었다면, 2차 신용보증시에 보여준 소외 00의 행위는 종전 협의와는 상충되는 행위라고 판단된다.",
            "피고 00이 이 사건 약정서에 서명, 날인할 때 거래금액과 거래기간란도 역시 공란이었다고 봄이 상당하다.",
            "결국, 위 부분에 대한 진정성립의 추정 역시 번복됨이 마땅하다.",
            "피고 00은 이 사건 약정서에 서명, 날인함으로써 000가 금융기관으로부터 1억 5천만 원을 대출받을 때 필요한 신용보증(대출금원의 85%에 해당하는 보증원금)에 관하여만 원고와 사이에 계약을 체결하였다고 봄이 상당하다.",
            "가사 원고 주장대로 거래금액란에 이미 3억 원이라고 기재된 상태에서 피고 00이 서명, 날인하였다고 가정하여도, 그 결론이 달라지는 것은 아니다.",
            "피고 00은 3억 원의 의미에 관하여 단지 원고가 향후 신용보증하게 될 1억 5천만 원에 대한 신용보증 금액과 종전 신용보증 금액을 사무 편의상 합산하여 기재한 것으로 여겼을 것이라고 보인다.",
            "이 사건 약정이 이루어진 동기와 경위, 이 사건 약정에 의하여 달성하려는 목적, 당사자의 진정한 의사 등을 종합적으로 고려하면, 피고 00은 원고가 신용보증할 보증원금 127,500,000원에 대한 000의 구상금채무에 대하여만 연대보증하였다고 봄이 당사자의 의사에 객관적으로 합치하는 해석이다.",
            "그렇다면 피고 00은 000,소외 00과 연대하여 원고에게 129,658,551원 및 그 중 대위변제금 잔액 128,870,971원에 대하여 2002. 12. 30.부터 완제일까지 연 18%의 비율에 의한 지연손해금을 지급할 의무가 있다.",
            "피고 00과 피고 00 사이의 매매계약이 체결된 2002. 8. 30.에는 원고의 피고 00에 대한 구상금채권은 아직 발생하지 아니하였으나, 구상금채권 성립의 기초가 되는 원고와 000 사이의 신용보증계약 및 피고 00의 연대보증계약은 이미 성립하여 있었고, 000가 위 매매계약 체결 후 한 달만인 2002. 9. 20. 대출금에 대한 이자를 납입하지 못하는 신용보증사고를 냈다.",
            "가까운 장래에 원고의 구상금채권이 성립되리라는 점에 대한 고도의 개연성이 있었으며, 그 후 000이 2002. 11. 18. 원고에게 신용보증사고 발생 사실을 통보함으로써 원고는 피고 00에 대하여 사전구상권을 취득하였다.",
            "그리고 원고는 2002. 12. 30. 000에게 2002. 5. 27.자 신용보증에 기하여 합계 129,829,931원을 대위변제함으로써 원고의 구상금채권이 현실화되었으므로, 원고의 피고 00에 대한 구상금채권은 채권자취소권의 피보전채권에 해당한다.",
            "채무자의 재산감소행위로 인하여 채무자가 무자력으로 되면 그 행위는 사해행위에 해당되고, 채무자가 채무 있음을 알면서 자신의 유일한 재산을 매각하는 행위는 특별한 사정이 없는 한 책임재산의 감소를 초래하는 행위로서 채권자인 원고에 대하여 사해행위가 되는바, 피고 00이 이 사건 각 부동산을 처분한 시점 등에 비추어 보면 피고 00의 사해의사도 인정되며, 채무자의 사해의사가 인정되는 이상 수익자인 피고 00의 악의 또한 추정된다.",
            "을3호증의 1, 2의 각 기재만으로는 앞서 본 악의의 추정을 뒤집고, 피고 00 주장의 선의를 인정하기에는 부족하고, 달리 이를 인정할 증거가 없다. 피고 00의 주장은 이유 없다.",
            "따라서 이 사건 각 부동산에 관하여 피고 00과 피고 00 사이에 2002. 8. 30. 체결한 매매계약은 사해행위로서 이를 취소하고, 원상회복으로 피고 00는 피고 00에게 이 사건 각 부동산에 관하여 춘천지방법원 양구등기소 2002. 9. 2. 접수 제4356호로 마친 소유권 이전등기의 각 말소등기절차를 이행할 의무가 있다."
        ]
    },
    "close": {
        "cnclsns": [
            "그렇다면 원고의 피고 00에 대한 청구는 위 인정 범위 내에서 이유 있어 이를 인용하고, 나머지 청구는 이유 없어 이를 기각하며, 원고의 피고 00에 대한 청구는 이유 있어 이를 인용할 것이다.",
            "그런데 제1심판결 중 피고 00에 대한 청구 부분은 이와 결론을 일부 달리 하여 부당하므로, 피고 00의 항소를 일부 받아들여 위 인정금원을 초과하여 지급을 명한 피고 00 패소 부분을 취소하고, 그 취소 부분에 해당하는 원고의 청구를 기각하며, 피고 00의 나머지 항소(주문 제1항 129,658,551원과 항소취지 127,500,000원의 차이)는 이를 기각한다.",
            "한편, 피고 00의 항소는 이유 없어 이를 기각한다."
        ]
    }
}