{
    "info": {
        "caseField": "1",
        "detailField": "1",
        "trailField": "2",
        "caseNm": "입금등",
        "courtNm": "대구고등법원 ",
        "judmnAdjuDe": "2004. 12. 23.",
        "caseNo": "2004나2114",
        "relateLaword": [
            "지방공무원법 제44조",
            "지방공무원법 제45조",
            "지방자치법 제9조",
            "지방재정법 제30조",
            "지방자치법 제35조",
            "지방재정법 시행령 제30조",
            "지방공기업법 제2조",
            "지방공기업법 제5조",
            "지방공기업법 제7조",
            "지방공기업법 제9조",
            "지방공기업법 제26조",
            "지방공기업법 제13조",
            "지방공기업법 제14조",
            "지방공기업법 제23조",
            "지방공기업법 제6조",
            "근로기준법 제14조"
        ],
        "qotatPrcdnt": [
            "대법원 1996. 4. 23. 선고 94다446 판결 "
        ]
    },
    "concerned": {
        "acusr": "1",
        "dedat": "3"
    },
    "org": {
        "orgJdgmnCourtNm": "대구지방법원",
        "orgJdgmnAdjuDe": "2004. 2. 3. ",
        "orgJdgmnCaseNo": "2002가합18125"
    },
    "disposal": {
        "disposalform": "10",
        "disposalcontent": [
            "원고들의 항소 및 당심에서 추가한 예비적 청구를 모두 기각한다.",
            "항소비용은 원고들의 부담으로 한다."
        ]
    },
    "mentionedItems": {
        "rqestObjet": [
            "제1심 판결을 취소한다.",
            "주위적으로는 수당으로, 예비적으로는 손해배상 또는 부당이득으로, 피고는 원고들에게 별지  청구취지 목록 (1)항 청구금액란 기재 해당 금원 및 각 이에 대하여 이 사건 소장부본 송달 다음날부터 다 갚는 날까지 연 20%의 비율에 의한 금원을 지급한다."
        ]
    },
    "assrs": {
        "acusrAssrs": [
            "지방공무원수당등에관한규정 제15 내지 17조는 피고에 대하여 현업대상자에게 예산의 범위안에서 실제 초과근무시간에 상응하는 수당을 지급할 의무를 부과하였고, 위 규정 소정의 예산의 범위안에서 라고 함은 수당을 특정하여 특정 수당항목으로 예산이 편성되어 있는 경우만을 의미할 뿐 실제로 책정,계상되어있는 예산의 범위와 무관하다 할 것이다.",
            "그러므로, 피고는 위 규정 및 지방공기업 예산편성지침에 따라 현업대상자들에게 실제 초과근무시간에 상응하는 초과근무수당을 지급할 의무가 있음에도 불구하고, 이 사건 지급요령에 따라 제한된 범위내에서만 이를 지급하였는바, 지방공무원보수규정 제30조 제2항 이 지방공무원의 수당에 관한 사항을 대통령령으로 정하도록 엄격히 규정하고 있다.",
            "뿐만 아니라, 2001. 1. 29.에야 지방공무원수당에관한규정 제15조 제4항 을 신설하여 시간외근무수당에 대한 지급기준 및 지급방법에 관한 사항만을 지방자치단체장에게 위임하였을 뿐인데도, 이 사건 지급요령은 상수도사업본부장이 아무런 법률의 위임 없이 대통령령으로 정할 초과근무수당에 관한 사항을 규정하고 있다.",
            "또한 현업대상자들에게 인정된 초과근무수당지급청구권을 근로기준법에서 정하고 있는 기준에도 미치지 못하는 범위로 제한함으로써 위임입법의 한계를 일탈하였거나, 재량권을 남용한 것으로서 위법하여 무효라고 할 것이므로, 피고는 현업대상자들에게 위와 같은 사유로 무효인 이 사건 지급요령에 따라 지급하지 아니한 1999. 8.경부터 2002. 3.경까지의 초과근무수당으로서 청구취지 기재 금액을 지급할 의무가 있다.",
            "피고는 지방재정법 제30조 제1항 에 따라 법령 및 조례가 정하는 범위안에서 합리적인 기준에 의하여 경비를 산정하여 예산에 계상할 의무가 있음에도 이를 위반하여 현업대상자들의 실제 근무시간에 상응하는 범위에서 초과근무수당의 지급을 위한 예산을 현실적으로 책정·계상하지 아니한 잘못이 있다.",
            "그러므로, 피고는 원고들에게 미지급 초과근무수당 상당의 손해배상금 또는 부당이득금을 지급할 의무가 있다."
        ],
        "dedatAssrs": [
            "상수도사업본부장이 이 사건 지급요령에 따라 초과근무수당에 관한 예산안을 작성하여 피고시장에게 제출하고, 피고시장은 이를 ㅇㅇ시의회에 제출하여 그 의결을 얻어 예산을 확정한 다음, 이에 따라 상수도사업본부장이 원고들에게 초과근무수당을 지급하였다."
        ]
    },
    "facts": {
        "bsisFacts": [
            "원고 81의 소송수계인 00,00,00,00 원고 292 , 293 , 294 를 제외한 나머지 원고들 및 망 원고 81 , 00 는 피고 산하 00광역시 상수도사업본부(이하 상수도사업본부 라고 한다)에 소속된 지방공무원으로서 출,퇴근시간 내에 근무를 원칙으로 하는 일반직공무원과 달리 상수도의 수질 및 안전 관리를 위한 업무의 성격상 초과근무가 제도화되어 있는 이른바 현업대상자로 분류되는 공무원들이다.",
            "원고 81의 소송수계인 00,00,00,00 은 망 원고 81 (2003. 3. 1. 사망)의 상속인들 겸 소송수계인들이며, 원고 292 , 293 , 294 는 망 00 (2002. 11. 2. 사망)의 상속인들이다.",
            "현업대상자들은 상수도사업본부 산하 각 상수도사업소에서 2일 3교대 또는 2교대의 형태로 근무를 하는데, 2일 3교대 근무자들은 3개조로 나뉘어 3일 중 1일은 09:00부터 18:00까지 주간근무를, 1일은 18:00부터 다음 날 09:00까지 야간근무를, 1일은 야간근무 후 09:00 퇴근하여 휴식을 취하는 형태로, 2교대 근무자들은 1일은 24시간 근무하고 1일은 휴식하는 형태로 각 근무한다.",
            "이에 따라 2일 3교대 근무자들은 매달 240시간(3일에 24시간 근무하므로 24시간 × 30일/3일) 가량을 근무하여 공무원복무규정에서 정하고 있는 공무원들의 월 평균 근무시간인 192시간을 48시간 가량 초과하여 근무하고, 2교대 근무자들은 매달 360시간(24시간 × 근무일인 15일) 가량을 근무하여 위 월 평균 근무시간보다 168시간 가량 초과하여 근무하며, 한편 야간 또는 휴일에도 근무하게 된다."
        ]
    },
    "dcss": {
        "courtDcss": [
            "공무원도 임금을 목적으로 근로를 제공하는 근로기준법 제14조 소정의 근로자이므로 그 성질에 반하지 아니하는 한 원칙적으로 근로기준법이 적용되나, 초과근무수당에 대하여는 지방공무원보수규정, 지방공무원수당등에관한규정 등에서 특별한 규정을 두고 있으므로, 피고의 원고들에 대한 초과근무수당의 지급의무 및 그 범위 등에 관하여는 지방공무원보수규정, 지방공무원수당등에관한규정 등에 따라야 할 것이다( 대법원 1996. 4. 23. 선고 94다446 판결 참조).",
            "초과근무수당의 지급에 관하여 구체적으로 규정하고 있는 지방공무원수당등에관한규정은, 초과근무수당은 어느 것이나 예산의 범위안에서 지급하도록 규정하고 있다(이는 행정자치부장관이 작성한 지방공무원수당업무처리요령과 2001. 1. 29. 지방공무원수당등에관한규정 제15조 제4항이 신설된 후 작성한 지방공무원수당등의업무처리지침에 있어서도 마찬가지이다).",
            "직무의 곤란성 및 책임의 정도와 재직기간 등에 따라 지급되는 기본급여인 봉급에 대하여는 위와 같은 제한을 두지 아니하면서 직무여건 및 생활여건 등에 따라 지급되는 부가급여인 수당에 대하여는 위와 같은 제한을 두고 있다.",
            "예산이 뒷받침되지 아니한다면 수당을 지급하도록 규정하고 있다 하더라도 실제로 실행될 수 없다.",
            "공무원에 대한 보수는 그 대부분을 국민 또는 주민들이 부담하는 조세 등의 세입예산에 의하여 지출될 수밖에 없다.",
            "초과근무수당의 지급에 관하여 위와 같이 예산의 범위안에서라는 제한을 둔 취지는 지방자치단체의 재정형편 등을 고려하여 그 예산으로 뒷받침할 수 있는 범위내에서만 초과근무수당을 지급한다는 취지라고 봄이 상당하다.",
            "이 사건 지급요령의 내용은 행정자치부장관이 작성한 지방공기업 예산편성지침에 비하여 현업대상자들에게 불리하게 보이는 점이 있기는 하나, 위 예산편성기본지침이란 것은 행정 내부적으로만 구속력을 가지는 것에 불과하다고 할 것이어서, 설사 그에 위배하여 예산이 편성되었다고 하여 그것만으로 위법하거나 무효라고 볼 수 없다.",
            "위 지방공무원수당업무처리요령 및 지방공무원수당등의업무처리지침도 그 내용을 보면 초과근무수당은 예산의 범위내에서 지급하는 것임을 대전제로 하고 있으므로, 이 사건 지급요령 및 그에 따른 예산 편성이 위 처리요령이나 처리지침에 위배된다고 할 수 없다.",
            "이 사건 지급요령이 피고가 마련한 이 사건 지급지침에 비하여 현업대상자들에게 불리하게 보이는 점이 있기는 하나, 상수도사업본부장이 이 사건 지급요령에 따라 작성하여 제출한 예산안을 피고시장이 00시의회에 제출하여 그 의결을 받은 이상 예산편성권자인 피고시장은 이 사건 지급지침에 불구하고 이 사건 지급요령에 따른 예산 편성을 용인하였다고 볼 것이므로, 위와 같은 사유만으로 그 예산 편성이 잘못되었다고 할 수 없다.",
            "2000년의 경우 상수도사업본부의 총수입은 1,848억 원, 총지출은 1,597억 원으로 250억 원의 당기순이익이 발생하였으나, 이는 고정부채 1,436억 원을 상환하거나 수질의 유지 및 개선, 수급안정 등을 위한 사업에 투자되어야 하는 사실, 원고들이 구하고 있는 기간 동안 이 사건 상수도사업본부의 현업대상자들에 대한 초과근무수당 지급수준은 00 등 다른 지방자치단체 상수도사업본부의 그것과 비교할 때 동일하거나 다소 높았다.",
            "상수도사업본부의 대부분 정수장내에 가동상황이 구체적인 수치로 표시되고 이상이 발생하면 경보음이 울리도록 고안된 모니터와 제어판이 설치되어 있고, 배수지나 가압장을 제외한 대부분의 사업장에서 2인 이상 근무하고 있으며, 주간에는 주간근무자와 같이 근무하는 등 원고들의 근무강도가 그리 높지는 아니하였다.",
            "피고가 원고들에 대하여 실제 초과근무한 모든 시간에 대하여 초과근무수당을 지급하지 아니하고 이 사건 지급요령에 따라 제한된 범위내에서만 지급한 것이 재량권을 남용하였다거나 생존권, 재산권, 행복추구권, 일반근로자들과의 평등권 등을 침해하였다고 할 수 없다.",
            "초과근무수당 지급을 위한 예산 편성에 있어서 피고에게 무슨 잘못이 있다 할 수 없으므로, 원고들의 주장은 이유 없다."
        ]
    },
    "close": {
        "cnclsns": [
            "원고들의 항소 및 당심에서 추가한 예비적 청구를 모두 기각한다.",
            "항소비용은 원고들의 부담으로 한다."
        ]
    }
}