{
    "info": {
        "caseField": "1",
        "detailField": "1",
        "trailField": "2",
        "caseNm": "사해행위취소",
        "courtNm": "서울고법",
        "judmnAdjuDe": "2005. 09. 14.",
        "caseNo": "2004나61053",
        "relateLaword": [
            "민사소송법 제349조",
            "민법 제406조"
        ],
        "qotatPrcdnt": [
            "1998. 3. 26. 서울지방법원 98카단71859호",
            "서울지방법원 98가합61864호"
        ]
    },
    "concerned": {
        "acusr": "2",
        "dedat": "1"
    },
    "org": {
        "orgJdgmnCourtNm": "서울동부지법",
        "orgJdgmnAdjuDe": "2004. 6. 10. ",
        "orgJdgmnCaseNo": "2003가합1937 "
    },
    "disposal": {
        "disposalform": "10",
        "disposalcontent": [
            "제1심판결 중 피고 패소 부분을 취소하고, 그 부분에 해당하는 원고의 소를 각하한다.",
            "소송총비용은 원고의 부담으로 한다.",
            "이 사건 소가 그로부터 1년이 경과한 2003. 2. 26. 제기된 사실은 기록상 명백하므로, 원고의 이 사건 소는 제척기간이 도과하여 제기된 것으로서 부적법하다고 할 것이다."
        ]
    },
    "mentionedItems": {
        "rqestObjet": [
            "피고와 00 사이에 별지 목록 기재 각 부동산에 관하여 1998. 2. 27. 체결된 매매계약을 취소한다. ",
            "피고는 원고에게 236,144,000원 및 이에 대하여 이 판결 확정일 다음날부터 다 갚는 날까지 연 5%의 비율에 의한 금원을 지급한다.",
            "제1심판결 중 피고 패소 부분을 취소한다.",
            "원고의 청구를 기각한다."
        ]
    },
    "assrs": {
        "acusrAssrs": [
            "피고와 00 사이의 매매계약은 사해행위에 해당하므로 매매계약의 취소 및 가액반환의 방법에 의한 원상회복으로서 금원을 지급하여야 한다."
        ],
        "dedatAssrs": [
            "원고가 00에게 이 사건 각 부동산에 관하여 소유권이전등기를 경료하여 준 1998. 2. 28.경 00의 사해행위를 알았다고 할 것인데도 그로부터 1년이 경과한 2003. 2. 26. 이 사건 소를 제기하였으니 이 사건 소는 제척기간이 도과하여 제기된 것으로서 부적법하다."
        ]
    },
    "facts": {
        "bsisFacts": [
            "000(이하 000 이라고 한다)는 서대문구로부터 00000 2차 신축공사를 도급받았다.",
            "그리고 서대문구에 대한 선급금 반환채무의 지급을 담보하기 위하여 1998. 1. 9. 원고(원래 000 였으나 1998. 11. 25.경 상호가 변경되었다.)와 사이에 피보험자를 서대문구로, 보험금액을 184,204,000원으로, 보험기간을 1998. 1. 9.부터 1998. 7. 26.까지로 하는 이행(선급금)보증보험계약(이하 '이 사건 보증보험계약'이라고 한다)을 체결하고, 원고로부터 이행보증보험증권을 발급받아 서대문구에 제출하였다.",
            "000은 이 사건 보증보험계약 당시 원고와 사이에 000이 서대문구에게 선급금 반환채무를 이행하지 아니함으로써 원고가 서대문구에게 보험금을 지급하는 경우에 원고에게 원고가 대위 지급한 보험금 및 이에 대하여 보험금지급 다음날부터 시중은행의 일반대출연체이율 중 최고의 연체이율 범위 내에서 원고가 정하는 이율에 따른 연체이자를 지급하기로 하였고, 00은 이 사건 보증보험약정에 따른 000의 원고에 대한 구상채무를 연대보증하였다.",
            "000이 1998. 2. 18. 부도처리되어 위 신축공사를 중단하였으나 서대문구에게 선급금을 반환하지 아니하자, 원고는 1998. 6. 9.서대문구에게 이 사건 보증보험계약에 따라 보험금으로 175,188,178원을 대위변제하였다.",
            "00은 1998. 2. 28. 피고에게 별지 목록 기재 각 부동산(이하 이 사건 각 부동산 이라고 한다)에 관하여 1998. 2. 27.자 매매를 원인으로 한 소유권이전등기를 경료하였다.",
            "원고의 '재산조사규정'에서는 다음과 같이 규정하고 있다.",
            "① 재산조사업무의 원칙:모든 보험사고건에 대하여는 재산조사를 실시하여야 한다. 조사업무는 모든 보험사고자에 대하여 변제촉구 및 집행보전의 자료를 확보하고자 주소(연락가능한 장소 포함) 및 모든 유형의 재산을 조사하여 사고자별로 관리한다(제060201조).",
            "② 재산조사시기:보험금 청구서를 접수하였거나 보험사고 발생이 예상되는 경우에는 지체 없이 재산조사를 실시하여야 한다. 채무자 소유 재산에 대한 권리관계의 변동유무 등을 확인하기 위하여 필요한 경우에는 동일지번 또는 동일건물에 대하여 수시로 재산조사를 실시한다(제060202조).",
            "③ 재산조사의 대상:재산조사의 인적 대상은 보험계약자(주채무자), 연대보증인 등이다. 대상재산조사의 물적 대상은 민사소송법상 강제집행이 가능한 전항의 대상자 소유의 모든 재산(동산, 부동산, 채권 및 기타권리)과 소득원으로 한다(제060203조).",
            "원고는 '재산조사규정'에 따라 보험금 청구서를 접수하였거나 보험사고 발생이 예상되는 경우에는 지체 없이 재산조사를 실시하는데, 연대보증인에 대한 재산조사의 경우 보증보험계약 체결시 연대보증인으로부터 제출받은 재산세과세증명서나 재직증명서와 주민등록상 주소지 등을 토대로 하여 조사가 이루어져 왔다.",
            "00은 1994. 4. 18.부터 1998. 4. 15.까지 사이에 이 사건 각 부동산에 주민등록을 전입하여 두었고, 이 사건 보증보험 약정서에도 이 사건 각 부동산을 주소지로 기재하였다.",
            "원고는 이 사건 보험사고가 발생하자 연대보증인인 00의 재산을 조사하였다.",
            "00은 1992. 8. 1. 000의 대표이사인 00으로부터 0000를 명의신탁받아 그 명의로 소유권이전등기를 경료하여 두었다. ",
            "그런데 원고는 1998. 3. 26. 서울지방법원 98카단71859호로 위 부동산을 가압류하였다.",
            "또한, 원고는 1998. 7.경 서울지방법원 98가합61864호로 주채무자 000과 연대보증인 00을 포함한 5인 등을 상대로 하여 구상금 청구를 하면서, 연대보증인 00에 대하여는 사해행위취소 청구를 하였다."
        ]
    },
    "dcss": {
        "courtDcss": [
            "원고가 재산조사규정에 따라 보험금 청구서를 접수하였거나 보험사고 발생이 예상되는 경우에는 지체 없이 재산조사를 하고 있는데, 이 사건의 경우에도 1998. 2. 18. 000이 부도처리된 후부터 원고가 1998. 6. 9. 서대문구에게 이 사건 보증보험계약에 따른 보험금을 지급하였을 무렵에 연대보증인인 00의 재산에 대하여 조사를 하였다.",
            "원고가 연대보증인의 재산에 대하여 조사를 할 때에는 보증보험계약 체결시 연대보증인이 제출한 재산세과세증명서나 주소(연락가능한 장소 포함) 등을 중심으로 하여 모든 유형의 재산을 조사하는데, 이 사건 보증보험약정서에 00의 주소지로 기재된 곳과 이 사건 보험사고 당시 00의 주민등록상 주소지 역시 이 사건 각 부동산의 소재지로서 이 사건 각 부동산에 대한 재산조사가 용이하였을 것으로 보인다.",
            "000이 부도처리된 후 원고가 1998. 3. 26.경 00 명의로 소유권이전등기가 경료되어 있던 0000에 관하여 가압류를 하였고, 서대문구에 보험금을 대위변제한 후인 1998. 7.경 주채무자 000과 연대보증인 00 등을 상대로 하여 구상금 청구를 하였다.",
            "연대보증인 정문현에 대하여는 사해행위취소 청구까지 하는 등 지체 없이 재산확보조치를 한 것으로 미루어 보아 이 사건 각 부동산에 대하여도 재산조사가 이루어졌을 것으로 보인다.",
            "제반 사정에 비추어 보면, 원고는 적어도 이 사건 보험사고 직후 00에 대한 재산조사를 통하여 00이 유일한 재산인 이 사건 각 부동산을 처분하였다는 사실 및 그와 같은 법률행위가 채권자인 원고를 해하는 행위라는 것을 알았다고 할 것이다.",
            "그런데 이 사건 소가 그로부터 1년이 경과한 2003. 2. 26. 제기된 사실은 기록상 명백하므로, 원고의 이 사건 소는 제척기간이 도과하여 제기된 것으로서 부적법하다고 할 것이다."
        ]
    },
    "close": {
        "cnclsns": [
            "제1심판결 중 항소의 대상이 된 피고 패소 부분만을 취소하고, 그 부분에 해당하는 원고의 소를 각하하기로 한다.",
            "소송총비용은 원고의 부담으로 한다.",
            "그렇다면 원고의 이 사건 소는 부적법하므로 이를 각하할 것인바, 제1심판결은 이와 결론을 달리하여 부당하므로, 제1심판결 중 항소의 대상이 된 피고 패소 부분만을 취소하고, 그 부분에 해당하는 원고의 소를 각하하기로 한다."
        ]
    }
}