{
    "info": {
        "caseField": "1",
        "detailField": "1",
        "trailField": "1",
        "caseNm": "매매대금",
        "courtNm": "인천지법 ",
        "judmnAdjuDe": "2004. 11. 12.",
        "caseNo": "2004가합3341",
        "relateLaword": [
            "민법 제163조",
            "상법 제47조",
            "상법 제64조"
        ],
        "qotatPrcdnt": [
            "대법원  2000.  5.  26.  선고  2000다10376  판결"
        ]
    },
    "concerned": {
        "acusr": "2",
        "dedat": "자연인, 법인"
    },
    "org": {
        "orgJdgmnCourtNm": "",
        "orgJdgmnAdjuDe": "",
        "orgJdgmnCaseNo": ""
    },
    "disposal": {
        "disposalform": "1",
        "disposalcontent": [
            "피고 000는 원고 000에게 금 200,000,000원 및 이에 대하여 2002.2.1.부터 2004.11.12.까지는 연 5%, 그 다음날부터 다 갚는 날까지는 연 20%의 각 비율에 의한 금원을 지급한다.",
            "원고 000의 피고 00에 대한 청구 및 피고 000에 대한 나머지 청구와 원고 000의 피고 00에 대한 청구를 각 기각한다.",
            "소송비용 중 원고 000와 피고 000 사이에 생긴 부분은 이를 5분하여 그 1은 위 원고의, 나머지는 위 피고의 각 부담으로 하고, 원고들과 피고 00 사이에 생긴 부분은 원고들의 각 부담으로 한다.",
            "제1항은 가집행 할 수 있다."
        ]
    },
    "mentionedItems": {
        "rqestObjet": [
            "피고들은 연대하여 원고 000에게 금 260,000,000원 및 이에 대하여 2002.2.1.부터 이 사건 소장 부본 송달일까지는 연 5%, 그 다음날부터 다 갚는 날까지는 연 20%의 각 비율에 의한 금원을 지급한다.",
            "피고 00은 원고 000에게 금 50,000,000원 및 이에 대하여 2002.2.1.부터 이 사건 소장 부본 송달일까지는 연 5%, 그 다음날부터 다 갚는 날까지는 연 20%의 각 비율에 의한 금원을 지급한다."
        ]
    },
    "assrs": {
        "acusrAssrs": [
            "원고 000은, 이 사건 부속장비 매매계약 당시 매매대금 액수를 부가가치세 6천만 원 포함 6억 6천만 원으로 정하였던바, 피고 000은 나머지 매매잔대금 2억 원뿐만 아니라 부가가치세 6천만 원도 지급해야 할 책임이 있다고 주장한다.",
            "원고 000은, 피고 00 역시 이 사건 부속장비 매매계약에 따른 매매잔대금을 지급할 채무를 부담한다고 주장한다.",
            "원고 000은 이 사건 임야 매매계약을 해제하기 위하여 피고 00을 피공탁자로 하여 액면가 5천만 원의 약속어음 1장(어음번호 : (어음번호), 지급기일 : 2000. 5. 31, 지급지 : 안산시, 지급장소 : 000)을 공탁하였다.",
            "앞선 소송(수원지방법원 2000가합3388, 서울고등법원 2001나42426, 대법원 2002다46492 판결)에서 해제 주장이 받아들여지지 않자 위 약속어음을 회수하였으나 이미 지급제시 기간이 도과하여 위 약속어음상의 권리가 소멸되었고, 위 약속어음은 다름아닌 이 사건 임야 매매계약시 계약금 및 중도금조로 피고로부터 교부받은 약속어음이다.",
            "결국 임야 매매대금 5천만 원을 지급받지 못한 결과가 되었으므로 피고 00은 원고 000에게 금 5천만 원을 지급해야 한다.",
            "위 약속어음상의 권리가 소멸함으로써 어음법 소정의 이득상환청구권이 발생하였다."
        ],
        "dedatAssrs": [
            "피고 000은, 원고 000의 피고 000에 대한 매매잔대금 채권이 민법 제163조 제6호 소정의 상인이 판매한 상품의 대가 에 해당하여 3년의 단기소멸시효가 적용되므로 위 채권은 이 사건 소 제기 이전에 이미 시효로 소멸하였다고 항변한다."
        ]
    },
    "facts": {
        "bsisFacts": [
            "원고 000(이하 원고 000 이라 한다) 및 000(이하 원고 000 이라 한다)는 토석 채취, 토석 판매, 골재 생산 등의 목적으로 설립된 회사들로서, 모두 소외 00(이하 00 이라 한다)이 대표이사로서 위 회사들을 운영하고 있었다.",
            "원고 000은 원고 000 소유의 별지 목록 기재 각 임야(이하 이 사건 각 임야 라 한다) 내에 있는 석산에서 토사 및 골재를 채취하고 있었는데, 1997. 12. 9. 피고 000(이하 피고 000 이라 한다)에게 토사 및 골재 채취에 필요한 파쇄기 1조를 비롯한 토사채굴장비, 석산 내의 부속건물 및 시설물 일체를 보증금 3억 원, 월 사용료 5,400만 원에 임대해 주었다.",
            "이후 피고 000이 월 사용료의 지급을 연체하기 시작하였는데 1999. 4.경까지 연체된 사용료가 금 374,000,000원에 이르렀다.",
            "이러한 사정에 00이 운영하던 원고 회사들의 자금난까지 겹쳐 급기야 00은 1999. 4. 3. 토사 및 골재채취업을 하는데 필요한 이 사건 각 임야, 토사채취를 위한 광업권, 토사채취에 필요한 부속장비 일체를 매매대금 총 13억 원에 위 임대차계약의 임차인인 피고 000과 000의 실경영주이면서 이사인 피고 00에게 매도하게 되었던바, 매매계약의 구체적인 내용은 다음과 같다.",
            "원고 000은 피고 00과 사이에, 이 사건 각 임야를 계약금 5천만 원, 중도금 2억5천만 원, 잔금 2억 원으로 하여 총 5억 원에 매도하기로 하고(이하 이 사건 임야 매매계약 이라 한다), 피고 00은 원고 000에게 계약당일 계약금과 중도금을 합한 금 3억 원의 지급을 위하여 소외 000 발행의 약속어음 3장(1장당 액면가 1억 원)을 교부해 주었다.",
            "원고 000은 피고 000(당시 대표이사 : 00)과 사이에, 토사채취에 필요한 장비{0(일명, 0) 4대 등 부속물 일체}를 계약금 5천만 원, 중도금 3억 5천만 원, 잔금 2억 원으로 하여 총 6억 원에 매도하기로 했다.(이하 이 사건 부속장비 매매계약 이라 한다)",
            "피고 000은 원고 000에게 계약당일 계약금과 중도금의 합계 4억 원 중 3억 원에 대해 소외 000 발행의 약속어음 5장(액면가 1억 원짜리 1장, 액면가 5천만 원짜리 4장)을 교부해 주고, 나머지 1억 원은 피고 000이 원고 000로부터 받을 임대차보증금 3억 원 중 대등액과 상계처리 하기로 하였다.",
            "소외 00은 피고 00에게 이 사건 각 임야 내에서 토사채취를 할 수 있는 광업권을 금 2억 원에 매도하면서, 매매대금은 피고 000이 원고 000로부터 받을 나머지 보증금 2억 원으로 갈음하기로 하였다.",
            "한편, 피고들이 원고 회사들에게 교부해 준 위 8장의 약속어음은 각 지급기일에 모두 지급되었다.",
            "피고 000은 원고 000에게 부담하고 있던 연체 사용료 374,000,000원의 채무를 변제하기 위해, 1999. 8. 10. 소외 000 발행의 액면가 5천만 원짜리 약속어음 4장을 교부해 주었다.",
            "1999. 10. 26. 피고 000 발행의 액면가 5천만 원짜리 약속어음 2장(1. 어음번호 : (어음번호), 지급기일 : 2000. 4. 30, 지급지 : 안산시, 지급장소 : 000, 2. 어음번호 : (어음번호), 지급기일 : 2000. 5. 31, 지급지 : 안산시, 지급장소 : 000) 및 액면가 74,000,000원짜리 약속어음 1장을 교부해주었다.",
            "(어음번호 : (어음번호), 지급기일 : 2000. 6. 30, 지급지 : 안산시, 지급장소 : 000)등 위 각 약속어음은 1장(어음번호 (어음번호), 이하 이 사건 약속어음 이라 한다)을 제외하고는 모두 지급기일에 정상적으로 지급되었다.",
            "한편, 원고 000은 피고 00과의 이 사건 임야 매매계약을 해제하기 위하여 매매계약금 5천만 원을 반환하려 하였으나 피고 00이 이를 거부하자 2000. 1. 18. 이 사건 약속어음을 피고 00을 수령권자로 지정하여 공탁하였다.",
            "이에 피고 00은 원고 000을 상대로 이 사건 임야 매매계약에 따른 소유권이전등기를 구하는 소(수원지방법원 2000가합3388)를 제기하였던바, 담당재판부에서는 원고 000의 해제 주장을 배척하면서 000은 00으로부터 잔금 2억 원을 지급받음과 동시에 00에게 이 사건 각 임야에 대한 소유권이전등기절차를 이행한다. 고 판결하였다.",
            "위와 같은 내용의 판결은 원고 000의 항소, 상고를 거쳐 확정되었으며(서울고등법원 2001나42426, 대법원 2002다46492 판결), 이후 피고 00은 2002. 12. 11. 이 사건 임야 매매계약의 잔금 2억 원을 수원지방법원 안산지원에 공탁한 다음 대법원으로부터 위 판결에 대한 집행문을 부여받았고, 곧 이 사건 각 임야에 대한 소유권이전등기를 경료하였다."
        ]
    },
    "dcss": {
        "courtDcss": [
            "매매잔대금 2억 원 청구 부분 위 인정 사실에 의하면, 피고 000은 원고 000에게 이 사건 부속장비 매매계약에 따른 매매잔대 금 2억 원을 지급해야 할 의무가 있다.",
            "살피건대, 위 법조 소정 단기소멸시효제도의 존재 이유는 위와 같은 채권은 거래단계에서 빈번히 발생하여 통상 그 추심이나 변제를 지체하는 경우가 드물어 이를 신속하게 확정시키는 것이 거래의 실정에 맞다는 점에 있는 것이다.",
            "단기소멸시효의 적용을 받는 채권의 채권자에게는 불이익이 크다는 점을 고려할 때 이를 제한적 으로 해석할 필요가 있다 할 것인바, 이러한 취지에 비추어 보면, 위 법조 소정의 상인이 판매한 상품의 대가 는 상인이 영리를 목적으로 계속, 반복적으로 상품을 판매하는 경우 그 상품의 대가라는 의미로 해석해야 할 것이다.",
            "이 사건의 경우 원고 000은 토사를 채취, 판매할 목적으로 설립된 회사이고, 토사채취에 필요 한 부속장비(예컨대, 크랏샤같은 장비)를 판매할 목적으로 설립된 회사는 아니므로, 토사 판매는 영업으로 하 는 것으로 볼 수 있지만, 토사채취에 필요한 장비의 판매는 위 원고의 자금난에 기해 일시적으로 이루어진 것으로 보인다.",
            "위 부속장비 매매잔대금 채권은 3년의 단기소멸시효가 적용되는 채권으로는 볼 수 없다 할 것 이다. 다만, 위 부속장비는 토사채취 및 판매라는 영업을 위하여 필수적인 영업용 시설 또는 설비라 할 것이 고, 이를 처분하는 것은 최소한 상법상 보조적 상행위에는 해당될 수 있을 것이므로 부속장비 매매잔대금 채 권은 상행위로 인하여 발생한 채권이다.",
            "상법 제64조 소정의 5년의 소멸시효가 적용된다고 할 것인데, 위 매매잔대금 채권이 5년의 시효기간 경과로 소멸하였는지 여부에 대해 살펴보면, 앞서 살핀 바와 같이 원고 000 과 피고 000이 1999. 4. 3. 이 사건 부속장비 매매계약을 체결하면서 잔금 2억 원의 지급시 기에 대해서는 특별히 약정한 바 없었다.",
            "위 부속장비의 인도시기는 1999. 12. 31.로 정하긴 하였으나 위 부 속장비는 위 계약체결일에 곧바로 인도되었던바, 사정이 이러하다면, 위 원고는 채권발생일인 위 계약체결일 1999. 4. 3.이나 늦어도 부속장비의 인도 약정 시점인 1999. 12. 31.부터는 권리를 행사할 수 있었다 할 것이다.",
            "이 사건 소는 위 각 시점으로부터 5년 내인 2004. 4. 1.에 제기된 것이 기록상 명백하므로 위 채권은 아직 5년의 시효기간이 경과하지 않았다 할 것이므로 피고 000의 위 소멸시효 항변은 결국 이유 없다.",
            "앞서 살핀 바와 같이 원고들의 실경영주였던 소외 00과 피고 000의 실경영주였던 피고 00은 1999. 4. 3. 토사 및 골재채취업을 하는데 필요한 이 사건 각 임야, 토사채취를 위한 광업권, 토사채취에 필요한 부속장비 일체를 매매대금 총 13억 원에 매매하기로 하는 계약을 체결하였던바, 이 중 임야 매매대금을 5억 원으로, 광업권 매매대금을 2억 원으로 했다 주장한다.",
            "나머지 부속장비 매매대금을 6억 원으로 정하였음이 분명하므로 부속장비에 대한 매매대금을 6억 6천만 원으로 정하였다는 위 주장은 받아들일 수 없고, 달리 부가가치세 지급에 관한 특별한 약정이 있었다는 점을 인정할 아무런 증거도 없으므로 원고 000의 위 주장은 이유 없다.",
            "원고 000은, 피고 00 역시 이 사건 부속장비 매매계약에 따른 매매잔대금을 지급할 채무를 부담 한다고 주장하면서 그 논거로 1. 피고 00이 피고 000의 명의를 이용하여 계약을 체결하였므로 실질 적인 매매계약의 당사자는 피고 00이라거나 2. 피고 00이 피고 000의 대주주 또는 실경영주라는 점을 각 내세우고 있다.",
            "우선 1. 주장에 관하여 보건대, 앞서 살핀 바와 같이 이 사건 부속장비 매매계약 당 시 피고 00은 피고 000의 이사였고, 대표이사는 소외 00이었는데, 피고 00이 원고 000 과 계약서를 작성하면서 계약서의 계약명의인란에 000 대표이사 00이라고 서명, 날인 하여 위 원고에게 교부하였다.",
            "계약상대방인 위 원고로서는 당연히 계약당사자를 피고 000으로 이해하였을 것이며, 피고 00 역시 피고 000에게 위 법률행위의 효과를 귀속시키려는 의사였음이 분명해 보이므로 이 사건 부속장비 매매계약의 당사자가 피고 00 개인이라는 주장은 이유 없다.",
            "회사의 실경영주에게 회사의 채무를 부담시키기 위하여는 경영주의 회사에 대한 지배의 형태와 정도 등에 비추어 회사가 외형상으로는 법인의 형태를 갖추고 있으나 실질에 있어서는 경 영주 개인기업에 불과하여, 비록 외면상으로는 회사의 행위라 하더라도 그 실질은 개인의 행위와 다를 바 없다.",
            "경영주 개인의 책임을 부정하는 것이 신의칙에 반할 정도로 법인격이 남용되어 법인격을 부인할 수 있는 경우이어야 할 것인바, 이 사건의 경우, 위와 같은 사정을 입증할 만한 아무런 증거가 없으므로 위 주장도 이유 없다.",
            "그렇다면 피고 000은 원고 000에게 이 사건 부속장비 매매잔대금 2억 원 및 이에 대하여 변제기 이후로서 위 원고가 구하는 바에 따라 2002. 2. 1.부터 위 피고가 그 이행의무의 존부 및 범위에 관하여 항쟁함이 상당한 이 사건 판결 선고일인 2004. 11. 12.까지는 민법 소정의 연 5%(위 원고는 연 5%의 지연이 자를 구하고 있다.),",
            "그 다음날부터 다 갚는 날까지는 소송촉진등에관한특례법 소정의 연 20%의 각 비율에 의 한 지연손해금을 지급할 의무가 있다.",
            "원고 000은 이 사건 임야 매매계약을 해제하기 위하여 피고 00을 피공탁자로 하여 액면가 5천만 원의 약속어음 1장(어음번호 : 자가01666836, 지급기일 : 2000. 5. 31, 지급지 : 안산시, 지급장소 : 000 )을 공탁하였는데, 앞선 소송(수원지방법원 2000가합3388, 서울고등법원 2001나42426, 대법원 2002다46492 판결)에서 해제 주장이 받아들여지지 않았다.",
            "위 약속어음을 회수하였으나 이미 지급제시 기간이 도과하여 위 약속어음상의 권리가 소멸되었고, 위 약속어음은 다름아닌 이 사건 임야 매매계약시 계약금 및 중도금조로 피고로부터 교부받은 약속어음이므로 결국 임야 매매대금 5천만 원을 지급받지 못한 결과가 되었 으므로 피고 00은 원고 000에게 금 5천만 원을 지급해야 한다.",
            "위 약속어음상의 권리가 소멸함으로써 어음법 소정의 이득상환청구권이 발생하였다.",
            "앞서 살핀 바와 같이, 위 약속어음은 원고 000이 피고 00으로부 터 이 사건 임야 매매계약 당시에 계약금 및 중도금조로 교부받은 것이 아니라 원고 000이 피고 000 으로부터 이 사건 임대차계약에 따른 연체 사용료를 지급받기 위하여 교부받은 것이다.",
            "한편 피고 00 이 원고 000에게 이 사건 임야 매매계약에 따른 계약금 및 중도금의 지급을 위하여 교부해 준 약속어 음 3장(1장당 액면가 1억 원)은 지급기일에 모두 지급되었고, 이후 피고 00은 잔금 2억 원을 변제하려 했 으나 위 잔금채권이 가압류가 되어 있는 바람에 매매잔대금조로 금 2억 원을 피공탁자 원고 000로 하여 수원지방법원 안산지원에 공탁하였다.",
            "이는 민법 제487조 소정의 변제공탁에 해당한다 할 것인바, 그렇다면 피고 00은 원고 000에게 이 사건 임야 매매계약에 따른 매매대금 5억 원을 모두 지급하였다 할 것 이므로 매매대금 중 5천만 원이 변제되지 않았다는 원고 000의 위 주장은 이유 없다.",
            "약속어음상의 발행인에 대한 청구권은 만기의 날로부터 3년간 행사하지 아니하면 소멸시효가 완성한다 할 것인데, 앞서 살핀 바와 같이 위 약속어음상의 지급기일은 2000. 5. 31.이 고, 이 사건 소가 2004. 4. 1. 제기된 사실은 기록상 명백하므로 위 청구권은 시효로 소멸하였음이 분명하고, 위 약속어음의 원인채권인 이 사건 임대차계약에 따른 연체 사용료 채권은 민법 제164조 소정의 1년의 단기 소멸시효가 적용될 것이다.",
            "임대인으로서는 위 연체 사용료 채권을 임대차계약이 종료된 1999. 4. 3.경부터는 행사할 수 있었다고 보여지므로 위 약속어음의 원인채권 역시 시효로 소멸되었다 할 것인바, 그렇다면 과연 위 약속어음의 최종소지인인 원고 000이 발행인인 피고 000에게 이득상환청구권을 행사할 수 있을지 문제된다.",
            "다만, 원고들은 이득상환청구권 발생 주장만 하고 있을 뿐, 구체적으로 원고들 중 누구에게 발생하였고, 피고들 중 누구를 상대로 청구하는 것인지에 관해 분명하게 주장하고 있지는 않다.",
            "원인관계상 의 채무를 담보하기 위하여 어음이 발행된 경우, 어음채권이 시효로 소멸되었다고 하더라도 이득상환청구권은 발생하지 않는다 할 것이며, 이러한 이치는 그 원인관계상의 채권 또한 시효로 소멸한 경우에도 마찬가지라 할 것이므로( 대법원 2000. 5. 26. 선고 2000다10376 판결 등 다수), 결국 이득상환청구권의 발생을 전제로 하는 원고 000의 위 주장도 이유 없다."
        ]
    },
    "close": {
        "cnclsns": [
            "피고 000는 원고 000에게 금 200,000,000원 및 이에 대하여 2002. 2. 1.부터 2004. 11. 12.까지는 연 5%, 그 다음날부터 다 갚는 날까지는 연 20%의 각 비율에 의한 금원을 지급하라.",
            "원고 000의 피고 00에 대한 청구 및 피고 000에 대한 나머지 청구와 원고 000의 피고 00에 대한 청구를 각 기각한다.",
            "소송비용 중 원고 000와 피고 000 사이에 생긴 부분은 이를 5분하여 그 1은 위 원고의, 나머지는 위 피고의 각 부담으로 하고, 원고들과 피고 00 사이에 생긴 부분은 원고들의 각 부담으로 한다.",
            "제1항은 가집행 할 수 있다."
        ]
    }
}