{
    "info": {
        "caseField": "1",
        "detailField": "1",
        "trailField": "2",
        "caseNm": "구상금",
        "courtNm": "대전지방법원",
        "judmnAdjuDe": "2005. 05. 27.",
        "caseNo": "2004나12880",
        "relateLaword": [
            "상법 제672조"
        ],
        "qotatPrcdnt": []
    },
    "concerned": {
        "acusr": "2",
        "dedat": "2"
    },
    "org": {
        "orgJdgmnCourtNm": "대전지방법원",
        "orgJdgmnAdjuDe": "2004. 11. 26.",
        "orgJdgmnCaseNo": "2004가단34759"
    },
    "disposal": {
        "disposalform": "10",
        "disposalcontent": [
            "피고의 항소를 기각한다.",
            "항소비용은 피고가 부담한다."
        ]
    },
    "mentionedItems": {
        "rqestObjet": [
            "피고는 원고에게 금 32,460,725원 및 이에 대하여 1998. 5. 29.부터 이 사건 소장부본 송달일까지는 연 5%의, 그 다음날부터 완제일까지는 연 20%의 각 비율에 의한 금원을 지급한다."
        ]
    },
    "assrs": {
        "acusrAssrs": [
            "원고 보험계약의 피보험자이자 피고 보험계약의 기명피보험자인 소외 2는 이 사건 각 무보험자동차상해담보특약에 따라 동일한 보험계약의 목적과 동일한 사고에 관하여 2개의 보험계약이 체결된 경우로서 상법 제672조에서 규정한 중복보험에 해 당하고 따라서 원고와 피고는 연대하여 소외 2에게 보험금을 지급할 의무가 있다고 할 것이다.",
            "원고가 소외 2에게 이미 지급한 보험금 및 응소비용의 합계액 중 피고의 부담비율인 1÷2에 해당하는 32,460,725원 및 이에 대한 지연손해금을 지급할 의무가 있다."
        ],
        "dedatAssrs": [
            "무보험자동차에 의한 상해담보특약의 경우 손해보험형 상해보험으로서 결국 그 본질은 상해보험으로서 인보험이고 이러한 인보험에 있어서는 피보험이익의 관념이 존재할 수 없어 상법 제672조의 중복보험규정이 적용될 수 없고, 따라서 중복보험에 따른 구상권 청구는 허용될 수 없다. ",
            "위 소외 2의 손해를 전보한 원고로서는 오로지 위 소외 2가 피고 피보험차량의 피보험자로서 피고에 대하여 가지는 무보험자동차상해담보특약에 따른 보험금청구권을 대위행사 할 수 있을 뿐이라고 할 것이나, 이러한 보험금청구권은 이 사건 소가 이 사건 사고 발생일로부터 2년 이상이 경과한뒤 제기되었음이 역수상 명백하므로 소멸시효가 완성되었다."
        ]
    },
    "facts": {
        "bsisFacts": [
            "원고는 소외 1과 사이에 그 소유의 (차량번호 생략) 차량(이하 원고 피보험차량이라 한다)에 관하여 기명피보험자 소외 1, 보험기간 1996. 9. 14.부터 1997. 9. 14.까지로 하는 무보험자동차상해담보특약부 자동차종합보험계약(이하 원고 보험계약이라 한다)을 체결하였다.",
            "피고는 소외 2와 사이에 그 소유의 (차량번호 생략) 차량(이하 피고 피보험차량이라 한다)에 관하여 기명피보험자 소외 2로 하는 무보험자동차상해담보특약부 자동차종합보험계약(이하 피고 보험계약이라 한다)을 각 체결하였다.",
            "소외 3은 1996. 10. 31. 20:00경 소외 4 소유의 (차량번호 생략) 0화물차량을 운전하여 0000 소재 편도 2차선도로의 2차로를 논산방면에서 대전방면으로 진행하던 중 그 곳은 좌측으로 굽은 커브길일 뿐만 아니라 비가 내리고 있었음에도 과속으로 진행하다가 급제동한 과실로 위 0화물차량이 미끄러지면서 중앙선을 침범하여 마침 반대차선에서 진행하여 오던 소외 2가 운전하던 원고 피보험차량의 앞부분을 위 0화물차량의 앞부분으로 충격하였다.",
            "이로 인하여 위 소외 2는 약 14주의 치료를 요하는 두개골 함몰골절 등의 상해를 입게 되었다(이하 이 사건 사고라 한다).",
            "원고는 위 0화물차량이 무보험자동차였으므로 원고 보험계약의 무보험자동차상해담보특약에 따른 보험금지급기준에 의하여 1998. 5. 28.까지 피보험자인 소외 2에게 61,192,550원의 보험금을 지급하였고, 소외 2가 원고를 상대로 제기한 소송에대한 응소를 위하여 3,728,900원을 지출하였다."
        ]
    },
    "dcss": {
        "courtDcss": [
            "이 사건 각 무보험자동차상해담보특약이란 앞서 본 바와 같이 피보험자가 무보험자동차에 의하여 생긴 사고로 죽거나 다쳤을 때 그 손해에 대하여 배상의무자가 있을 경우에 보험약관에서 정한 기준에 따라 보상하는 것을 그 내용으로 하는 보험으로서 피보험자의 생명 또는 신체에 대하여 발생한 위해를 보험사고로 한다는 점에서 피보험자 입장에서 본다면 인보험인 상해보험적 성격이 강하다.",
            "하지만, 다른 한편 이 사건 각 무보험자동차상해담보특약에 의한 보험은 앞서 본 바와 같이, 피보험자 1인당 보상한도가 1억 원으로 정하여져 있으나, 그 구체적인 지급기준은 보험약관이 정하는 바에 따라 실질적으로 피보험자가 무보험자동차에 의한 사고로 사망 또는 상해의 손해를 입게 됨으로써 전보되지 못하는 실손해를 보상하는 것을 그 내용으로 한다.",
            "또한, 무보험자동차상해담보특약에 있어서 손해액은 피보험자에 대하여 법률상 배상책임을 지는 배상의무자의 책임을 전제로 산정한다.",
            "무보험자동차상해담보특약은 피보험자가 다른 자동차의 사고로 신체의 손상을 입어 죽거나 다친 경우에 보험보호를 받을 수 없는 때에 그 손해를 보상하고자 하는 보험이므로 보험자는 무보험자동차인 가해차량의 책임보험자의 지위에서 그 손해를 보상하는 것과 같은 기능을 하고 있다.",
            "이러한 점에 비추어 보면, 보험금의 지급책임자인 보험자의 입장에서는 그 실질이 책임보험의 성격을 띠고 있는 측면이 강한 이른바 손해보험형 상해보험이라 할 것이다.",
            "따라서 무보험자동차상해담보특약의 이러한 2가지 측면 중 적어도 보험금지급당사자인 보험자의 다른 보험자 또는 배상의무자에 대한 구상관계에서는 책임보험적 성격이 강하다 할 것이므로, 이러한 측면을 고려한다면 이 사건 각 무보험자동차상해담보특약은 모두 이 사건 사고로 소외 2가 입은 손해를 담보하는 것으로서 동일한 보험계약의 목적과 동일한 사고에 관하여 수 개의 보험계약이 체결된 상법 제672조 제1항의 중복보험에 해당한다고 할 것이다.",
            "피고는 이 사건 각 무보험자동차상해담보특약에 따라 이 사건 사고로 인하여 손해를 입은 피보험자 소외 2에게 그 보험약관에서 정한 무보험자동차상해보상금을 지급할 의무가 있다 할 것이고, 이러한 원, 피고의 의무는 상법 제672조 제1항에 따라 연대채무의 관계에 있으며, 이 사건 각 무보험자동차상해담보특약의 보험금액의 한도가 같아 원, 피고의 부담비율은 같다 할 것이다.",
            "그런데, 원고가 원고 보험계약의 무보험자동차상해담보특약에 따라 피보험자인 소외 2에게 보험금 및 소외 2가 원고를 상대로 제기한 소송에 대한 응소비용으로 합계 64,921,450원을 지급하였다.",
            "그렇다면 피고는 원고에게 구상금으로 원고가 소외 2에게 지급한 보험금 및 응소비용의 합계액 중 피고의 부담비율인 1/2에 해당하는 32,460,725원",
            "및 이에 대하여 원고가 구하는 바에 따라 보험금을 최종지급한 다음날인 1998. 5. 29.부터 이 사건 소장 부본 송달일임이 기록상 분명한 2004. 7. 16.까지는 민법 소정의 연 5%, 그 다음날부터 다 갚는 날까지는 소송촉진등에관한특례법 소정의 연 20%의 각 비율에 의한 지연손해금을 지급할 의무가 있다 할 것이다.",
            "원고의 이 사건 청구는 소외 2가 각 피보험자로 되어 있는 이 사건 각 무보험자동차상해담보특약이 중복보험임을 전제로 하여 소외 2에게 보험금을 지급한 원고가 내부의 분담비율에 따라 다른 보험자인 피고에게 구하는 구상금청구임은 앞서 본 바와 같으므로, 피고의 위 주장은 더 나아가 살펴볼 필요 없이 이유 없다."
        ]
    },
    "close": {
        "cnclsns": [
            "피고의 항소를 기각한다.",
            "항소비용은 피고가 부담한다."
        ]
    }
}