{
    "info": {
        "caseField": "1",
        "detailField": "1",
        "trailField": "1",
        "caseNm": "구상금",
        "courtNm": "청주지방법원",
        "judmnAdjuDe": "2005. 07. 22.",
        "caseNo": "2004가단3970",
        "relateLaword": [
            "민법 제105조",
            "민법 제840조"
        ],
        "qotatPrcdnt": [
            "대법원 1992. 6. 13.자 92마290 결정 "
        ]
    },
    "concerned": {
        "acusr": "1",
        "dedat": "1"
    },
    "org": {
        "orgJdgmnCourtNm": "",
        "orgJdgmnAdjuDe": "",
        "orgJdgmnCaseNo": ""
    },
    "disposal": {
        "disposalform": "1",
        "disposalcontent": [
            "피고(반소원고)는 원고(반소피고)에게 50,115,582원과 이에 대하여 2004. 2. 14.부터 2004. 5. 31.까지는 연 5%, 그다음날부터 다 갚는 날까지는 연 20%의 각 비율로 계산한 돈을 지급한다.",
            "피고(반소원고)의 반소 중 별지 2 기재 각 자동차의 각 2분의 1 지분에 관한 소유권이전등록 청구 부분을 각하한다.",
            "원고(반소피고)는 피고(반소원고)에게 별지 2의 제2 기재 승용차를 인도한다.",
            "원고(본소피고)의 나머지 본소청구와 피고(반소원고)의 나머지 반소청구를 모두 기각한다."
        ]
    },
    "mentionedItems": {
        "rqestObjet": [
            "피고(반소원고, 이하  피고 라고만 한다)는 원고(반소피고, 이하  원고 라고만 한다)에게 50,115,582원과 이에 대하여 2003. 10. 31.부터 이 사건 소장 부본 송달일까지는 연 5%, 그 다음날부터 다 갚는 날까지는 연 20%의 각 비율로 계산한돈을 지급한다.",
            "원고는 피고에게, 별지 1 기재 각 동산을 인도하고, 별지 2 기재 각 자동차의 각 2분의 1 지분에 관하여 소유권이전등록절차를 이행하며, 위 각 자동차를 인도한다."
        ]
    },
    "assrs": {
        "acusrAssrs": [
            "원고는 2003. 10. 31.부터의 법정이자 또는 지연손해금을 지급할 것을 구한다.",
            "원고는, 피고의 반소는 위 제1의 가.의 (2)항의 부제소합의에 반하므로 각하되어야 한다는 취지로 주장한다."
        ],
        "dedatAssrs": [
            "피고는, 원고와 피고가 2004. 1. ~ 2.경 원, 피고 공동명의로 되어 있는 별지 2의 제2 기재 승용차를 원고가 소유하는대신 피고는 위 (1)의 2.항의 의무를 면하기로 하는 내용의 합의를 하였으므로, 피고의 위 의무는 소멸하였다는 취지로 주장한다.",
            "피고는, 원고가 피고 소유의 별지 1 기재 각 사진기자재를 보관하고 있으므로, 피고에게 위 사진기자재를 인도할 의무가 있다고 주장한다.",
            "피고가 별지 2 기재 각 자동차를 구입하면서 편의상 그 중 각 2분의 1 지분에 관하여는 원고 명의로 등록을 하였는데, 이 사건반소장 부본의 송달로서 원고에 대한 위 명의신탁을 해지하였으므로, 원고는 피고에게 위 각 지분에 관한 이전등록절차를 이행하고, 원고가 점유하고 있는 위 각 자동차를 인도할 의무가 있다고 주장한다."
        ]
    },
    "facts": {
        "bsisFacts": [
            "원고와 피고는 2003. 9. 8. 청주지방법원 2002너350호 이혼 등 사건의 조정기일에 다음과 같은 사항 등에 합의하여 조정이 성립되었다.",
            "피고는 원고에게, 2003. 10. 31.까지, 1. 위자료조로 0000 대 312.1㎡에 관한 소유권이전등기절차를이행하고, 2. 위 대지에 설정된 각종 제한물권등기를 말소한다.",
            "피고는 원고에 대하여 향후 재산분할, 부당이득반환 등 소송을 제기하지 아니한다.",
            "원고와 피고는 이혼한다.",
            "원고는 피고에 대한 이 법원 2003고단1591호 폭력행위등 관련사건의 고소를 취하한다.",
            "피고가 약정기일이 경과하도록 위 (1)의 2.항의 의무를 이행하지 않자, 원고는 2004. 2. 13. 위 대지를 담보로 피고가 차용한대출금의 원리금 합계 50,115,582원(48,972,766원 + 1,142,816원)을 대위변제하였다."
        ]
    },
    "dcss": {
        "courtDcss": [
            "위 인정 사실에 의하면, 피고는 원고에게 특별한 사정이 없는 한 위 대위변제금 50,115,582원 및 이에 대하여 대위변제일인 2004. 2. 13.부터 이 사건 소장 부본 송달일인 2004. 5. 31.까지는 민법 소정 연 5%의 비율로 계산한 법정이자, 그 다음날부터 다 갚는 날까지는 소송촉진 등에 관한 특례법 소정 연 20%의 비율로 계산한 지연손해금을 지급할 의무가 있다 할 것이다.",
            "피고가 2003. 10. 31.까지 위 대지에 설정된 제한물권등기를 말소하기로 약정하였는데 이를 이행하지 못하였다는 사정만으로는 법정이자 또는 지연손해금이 발생한다고 인정할 수 없다.",
            "달리 위 일시경부터 법정이자 등이 발생하였다고 인정할 만한 사정이 없으므로, 원고의 이 부분 청구는 받아들이지 않는다.",
            "이에 부합하는 소외 1 작성 을 제1호증의 기재 및 증인 소외 1의 증언은 위 증인과 피고와의 인적 관계(피고의 동생), 그 내용이 피고로부터 들었다는 것에 불과한 점 등에 비추어 믿기 어렵고, 달리 이를 인정할 만한 증거가 없으므로, 피고의 위주장은 받아들이지 않는다.",
            "이 사건 반소 중 별지 2 기재 각 자동차의 각 2분의 1 지분에 관한 소유권이전등록 청구 부분은 혼인기간 중 원고 명의로 취득한 재산을 피고에게 이전할 것을 구하는 것으로서 전형적인 재산분할의 대상이라 할 것이므로, 재산분할 등 소송을 제기하지 아니한다.는 위 제1의 가.의 (2)항의 부제소합의에 반하는 것으로서 부적법하다.",
            "이 사건 반소 중 각 인도청구 부분에 관하여 보면, 당사자 사이에 각 목적물의 소유권 또는 지분권이 피고에게 있음에는 사실상 다툼이 없다.",
            "위 조정에 이르게 된 경위 및 부제소 합의의 문언에 비추어 보았을 때, 위 조정 당시 소를 제기하지 않기로 합의된 부분은 재산분할, 부당이득 등 명목 여하를 불문하고 원고 명의로 등기, 등록된 재산 또는 원, 피고 사이에 소유권의 귀속에 관하여 다툼이 있는 재산에 관하여 피고가 원고를 상대로 소유권의 이전을 구하는 소송에 한정된다.",
            "피고 소유임이 명백한 재산에 관하여 그 소유권에 기하여 소를 제기하는 것까지 금하는 것은 아닌 것으로 판단되므로, 이 부분 원고의 본안전항변은 이유 없다.",
            "원고가 별지 1 기재 각 사진기자재를 보관하고 있었는지에 관하여 살피건대, 이에 부합하는 증인 소외 1의 증언은 믿기 어렵고, 을제4호증의 기재만으로는 이를 인정하기 부족하며, 달리 이를 인정할 만한 증거가 없으므로, 피고의 이 부분 주장은 이유 없다.",
            "피고가 위 화물차를 점유하고 있음은 피고도 자인하는 바이므로, 원고가 이를 점유하고 있음을 전제로 하는 이 부분 피고의 주장 또한 이유 없다",
            "위 승용차의 2분의 1 지분을 원·피고가 공유하고 있음은 원고도 이를 다투지 아니하고, 공유자 사이에 공유물을 사용, 수익할 구체적인 방법을 정하는 것은 공유물의 관리에 관한 사항으로서 공유자의 과반수로써 결정할 것임은 민법 제265조가규정한 바이다.",
            "공유물의 지분권자는 타지분권자와의 협의가 없는 한 그 공유물의 일부라 하더라도 이를 자의적, 배타적으로 독점사용할 수 없고, 나머지 지분권자는 공유물 보존행위로서 그 배타적 사용의 배제를 구할 수 있다.( 대법원 1992. 6.13.자 92마290 결정 등 참조)",
            "공유자의 1인으로서 공유물의 배타적 사용의 배제를 구하는 피고에게 공유물의 2분의 1 지분권자에 불과한 원고는 그 배타적 점유를 해제하고 위 승용차를 피고에게 인도할 의무가 있으므로, 이 부분 피고의 주장은 이유 있다."
        ]
    },
    "close": {
        "cnclsns": [
            "원고의 본소청구는 위 인정 범위 내에서 이유 있고, 피고의 반소 중 별지 2 기재 각 자동차의 각 2분의 1 지분에 관한 소유권이전등록 청구 부분은 부적법하며, 나머지 반소청구는 위 인정 범위 내에서 이유 있다"
        ]
    }
}