{
    "info": {
        "caseField": "1",
        "detailField": "1",
        "trailField": "2",
        "caseNm": "주차권존재확인",
        "courtNm": "서울고등법원",
        "judmnAdjuDe": "2005. 09. 06.",
        "caseNo": "2004나67129",
        "relateLaword": [
            "민사소송법 제420조"
        ],
        "qotatPrcdnt": [
            "대법원 1991. 7. 23. 선고 91다6757 등 판결"
        ]
    },
    "concerned": {
        "acusr": "2",
        "dedat": "2"
    },
    "org": {
        "orgJdgmnCourtNm": "서울동부지방법원",
        "orgJdgmnAdjuDe": "2004. 8. 20. ",
        "orgJdgmnCaseNo": "2003가합3469 "
    },
    "disposal": {
        "disposalform": "10",
        "disposalcontent": [
            "이 사건 소 중, 당심에서 교환적으로 변경된, 0000소재 00000 단지 내로 자동차들이 출입, 통행 및 주차할 수 있음의 확인을 구하는 부분을 각하한다.",
            "위 1.항 기재 아파트 단지 내 판매시설 및 00000에 있는 원고의 사무실에 출퇴근하기 위하여 사용되는 승용자동차 및 승합자동차와 위 사무실을 방문하는 자의 자동차(다만, 원고의 영업을 위하여 사용되는 화물자동차는 제외)에 대하여 위 아파트 단지 내로 출입, 통행 및 주차(다만, 특별한 사정이 없는 한 주차시간은 06:00부터 22:00까지로 한다)하는 것을 방해하는 일체의 행위를 하여서는 아니된다.",
            "원고의 나머지 청구를 기각한다.",
            "소송총비용(당심에서 확장된 청구에 관한 비용 포함)은 이를 3분하여 그 1은 원고의, 나머지는 피고의 각 부담으로 한다."
        ]
    },
    "mentionedItems": {
        "rqestObjet": [
            "원고에게, 0000 소재 00000 단지 내 판매시설 및 근린생활시설 0000에 있는 원고의 사무실에 출·퇴근하기 위하여 사용되는 승용자동차 및 승합자동차와 위 사무실을 방문하는 자의 자동차(다만 원고의 영업을 위하여 사용되는 화물자동차는 제외)에 대하여 위 00000단지 내로 출입, 통행 및 주차할 수 있음을 확인한다.",
            "피고는 위 자동차들이 위  00000 단지 내로 출입, 통행 및 주차하는 것을 방해하는 일체의행위를 하여서는 아니 된다(원고는 당심에서 확인청구의 대상을 주차권에서 위 자동차들이 위 아파트 단지 내로 출입, 통행 및 주차할 수 있음을 구하는 것으로 청구취지를 교환적으로 변경하였으므로, 주차권 확인 청구는 항소심 판단 대상으로 삼지 아니하며, 또한 원고는 주차 방해행위에 대한 금지 청구부분을 확장하였다).",
            "제1심 판결을 취소하고, 원고의 청구를 기각한다."
        ]
    },
    "assrs": {
        "acusrAssrs": [
            "원고가 이 사건 점포에 출·퇴근하기 위하여 사용하는 승용자동차 및 승합자동차와 위 사무실을 방문하는 자의 자동차(다만 원고의 영업을 위하여 사용되는 화물자동차는 제외)는 이 사건 아파트 단지 내로 출입, 통행 및 주차할 수 있다."
        ],
        "dedatAssrs": [
            "원고는 이 사건 대지에 대하여 가지고 있는 공유지분의 범위 내에서만 위 자동차들이 주차할 수 있을 뿐인데 이미 원고를 포함한 이 사건 상가 입주자들에게 이 사건 대지에 관한 그들의 공유지분 범위를 초과하여 주차할 수 있는 권리를 인정하고 있으므로 원고의 위 확인청구부분은 확인의 이익이 없다."
        ]
    },
    "facts": {
        "bsisFacts": [
            "원고는 화물자동차 운송알선사업 등을 주된 목적으로 하는 법인으로서, 1998. 7. 23.경 소외 00으로부터 그 소유의 주문 제1항 기재 00000 단지(이하 '이 사건 아파트 단지'라 한다) 내에 위치한 판매시설 및 근린생활시설(이하 '이 사건 상가'라 한다)의 00000 근린생활시설(면적 60.34㎡, 이하 '이 사건 점포'라 한다)을 임차보증금 4,000만 원, 차임 월 20만 원으로 정하여 임차하였다.",
            "1999. 8. 1.경 00과 사이에 이 사건 점포를 대금 1억 8,000만 원에 매수하는 계약을 체결하였다.",
            "그 후, 위 매매대금 중 계약금 4,000만 원은 이미 지급한 위 임차보증금으로 대체하고, 1999. 11. 20.경 중도금 4,000만 원은 00에게 현실지급하고, 2000. 11. 20.경 잔금 1억 원은 원고의 대표이사 00의 00에 대한 기존의 대여금채권 6억 원 중 1억 원의 변제로 대체함으로써 위 매매대금을 모두 지급하였다. ",
            "그러나, 00과의 합의하에 아직 소유권이전등기는 마치지 아니한 채 이 사건 점포를 사무실로 점유·사용하고 있고, 피고는 이 사건 00000(이하 '이 사건 아파트'라 한다)의 입주자대표들(이 사건 아파트의 동별로 2명씩 선출되어 총 12명임)로 구성된 단체이다.",
            "이 사건 아파트 및 그 부대시설, 복리시설(이 사건 상가 포함)은 1983. 5. 27.경 0000 대 27,139.9㎡ 및 0000 대 12,075.4㎡ 합계 39,215.3㎡(이하 '이 사건 대지'라 한다) 위에 준공되었는데, 이 사건 아파트와 이 사건 상가는 서로 별개의 건물로서 구조나 외관상 분리, 독립되고 그 기능이나 용도를 전혀 달리하고 있다.",
            "위 준공 후 이 사건 아파트는 바로 분양되어 1985. 12. 4.경 각 구분건물마다 이 사건 대지를 대지권의 목적인 토지로, 이 사건 대지에 대한 각 소유권 지분을 대지권으로 하는 대지권 등기가 마쳐졌다(그리하여 이 사건 아파트 전체에 대하여는 이 사건 대지 소유권 중 총 39,215.3분의 37,875.72 지분을 대지권으로 하여 대지권 등기가 마쳐졌다.)",
            "그러나 이 사건 상가는 건물 전체가 시공사인 000의 소유로 되어 있다가 1992. 1.경 이 사건 아파트와 별도로 일반에 분양되었다.",
            "그리고 1992. 1. 27.경 각 구분건물마다 이 사건 대지를 대지권의 목적인 토지로, 이 사건 대지에 대한 각 소유권 지분을 대지권으로 하는 대지권 등기가 마쳐졌다(그리하여 이 사건 상가 전체에 대하여는 이 사건 대지 소유권 중 총 39,215.3분의 1,339.58 지분을 대지권으로 하여 대지권 등기가 마쳐졌다.).",
            "이에 따라 이 사건 점포의 경우 이 사건 대지 중 39,215.3분의 54.98 지분에 관하여 대지권 등기가 마쳐져 있다.",
            "이 사건 아파트 및 그 부속시설(노인정, 관리사무소, 기계실, 공중변소, 가스실 등)은 건축연면적이 66,526.24㎡이고, 이 사건 상가는 건축연면적이 2,358.27㎡이다. ",
            "준공 당시 이 사건 아파트 단지에는 구 주차장법시행령(1982. 7. 2. 대통령령 제10858호로 개정되기 전의 것) 및 구 서울특별시주차장설치및관리조례에 의한 주차장설치기준(공동주택은 연면적 250㎡당 1대, 상가는 연면적 150㎡당 1대)에 기하여 법정주차설치대수 283대(이 사건 아파트의 법정주차설치대수 267대 + 이 사건 상가의 법정주차설치대수 16대)를 초과한 284대의 주차공간에 해당하는 주차장이 설치되었다.",
            "그런데 이 사건 상가가 일반에 분양된 후, 이 사건 아파트 입주자들(사용자들 포함, 이하 같다)과 이 사건 상가 소유자들(사용자들 포함, 이하 같다) 사이에는 주차공간 부족을 이유로 이 사건 아파트 단지 내 주차장 사용에 대한 다툼이 계속되었다.",
            "그러던 중 피고가 1999. 11.경 이 사건 상가 소유자들의 이 사건 아파트 단지 내 주차를 통제하려고 하자, 원고는 피고를 상대로 이 법원 99카합2830호로 출입방해금지가처분 신청을 하였다.",
            "그리고 1999. 12. 28. 피고는 이 사건 상가에 있는 원고의 사무실에 출, 퇴근하기 위하여 사용되는 승용자동차 및 승합자동차와 위 사무실을 방문하는 자의 자동차(다만, 신청인의 영업을 위하여 사용되는 화물자동차는 제외됨)가 00000 단지 내로 출입하는 것을 방해하여서는 아니된다. 라는 내용의 가처분결정을 받았다.",
            "피고는 2003. 2. 27.경 개최된 제20대 제9차 000에서 도난방지 및 주차설비 부족 해소를 위하여 이 사건 아파트 입주자들의 경우 주차스티커를 발부받아 차량에 부착하도록 하고, 이 사건 상가 소유자들의 경우 각 판매시설 내지 근린생활시설마다 1장의 주차스티커를 발부받아 차량에 부착하도록 하여, 위 주차스티커를 부착하지 아니한 차량들은 이 사건 아파트 단지의 정문을 통과하지 못하도록 결의하였다.",
            "이에 따라 2003. 2. 28.경 이 사건 상가 소유자들의 대표자에게 위 결의사항에 대한 협조요청공문을 발송하였고 2003. 2. 28.경부터 2003. 3. 15.경까지 홍보기간을 거친 후, 2003. 3. 16.경부터 이 사건 점포를 비롯한 이 사건 상가의 각 판매시설 내지 근린생활시설마다 1장의 주차스티커를 발급하였다.",
            "그러면서, 경비원들로 하여금 위 주차스티커를 부착하지 아니한 차량들은 이 사건 아파트 단지 내로 출입 내지 통행하지 못하도록 통제하게 하고 있고, 이로 인하여 이 사건 점포에 있는 원고의 사무실에 출·퇴근 또는 방문하는 자들은 그 사용차량들을 이 사건 아파트 단지 내에 주차하지 못하고 있다.",
            "한편, 구 주택건설기준등에관한규정(1999. 9. 29. 대통령령 제16559호로 개정되기 전의 것)은 주택단지 안에 설치가 가능한 복리시설을 슈퍼마켓, 세탁소 등 생활편익시설 위주로 한정하였으나, 1999. 9. 29. 대통령령 제16559호로 개정되면서 단란주점, 안마시술소 등을 제외한 대부분의 근린생활시설을 주택단지 안에 설치할 수 있도록 허용하였다(위 규정 제5조, 제6조 제1항).",
            "이에 따라 이 사건 점포는 1999. 12. 6. 그 용도가 판매시설에서 근린생활시설로 변경되어, 원고와 같은 화물자동차 운송알선사업 등을 목적으로 하는 법인도 이 사건 점포를 사용할 수 있게 되었다."
        ]
    },
    "dcss": {
        "courtDcss": [
            "확인의 소는 분쟁의 당사자 사이에 현재의 권리 또는 법률관계에 관하여 즉시 확정할 이익이 있는 경우에 허용되는 것인바, 이행청구를 할 수 있는 경우에 별도로 그 이행의무의 존재확인을 구하는 것은 불안제거에 별다른 실효성이 없고 소송경제에 비추어 유효적절한 수단이라 할 수 없으므로 법률상의 이익이 없어 부적법하다.",
            "이 사건에 있어서, 원고가 확인을 구하는 대상은 위 자동차들이 이 사건 아파트 단지내로의 출입, 통행 및 주차할 수 있다는 것인바, 원고는 위 확인청구와 별도로 위 자동차들의 이 사건 아파트 단지 내 출입, 통행 및 주차에 대한 방해 금지를 청구하고 있다.",
            "그리고 이 방해금지 이행청구는 위 확인 청구와 동일한 권리 또는 법률관계에 관한 것으로서 위 이행청구로써 위 확인 청구의 목적을 달성할 수 있으므로 별도로 그 확인을 구할 법률상의 이익이 없으며, 따라서 원고의 위 확인 청구 부분의 소는 부적법하다.",
            "위에서 인정한 사실에 의하면, 원고가 비록 소유권이전등기를 마치지는 못하였으나, 이 사건 점포의 소유자 및 이 사건 대지의 공유자로서 이 사건 대지 전부에 관한 대지사용권을 가진 소외 00으로부터 위 대지사용권을 포함한 이 사건 점포의 소유권을 매수하여 이를 인도받고 그 대금을 모두 지급함으로써 소유권 취득의 실질적 요건은 갖추었다.",
            "그러므로 소외 00에 대한 관계에서 그 대지사용권의 구체적 내용 중 하나로서 이 사건 점포에 소재한 원고의 사무실에 출·퇴근하기 위하여 사용되는 승용자동차 및 승합자동차와 위 사무실을 방문하는 자의 자동차(다만 원고의 영업을 위하여 사용되는 화물자동차는 제외)를 이 사건 아파트 단지 내에 출입, 통행 및 주차시킬 수 있다 할 것이다.",
            "그리고 나아가 위 소외 00을 대위하여 피고에 대한 관계에서도 위와 같이 자동차를 출입, 통행 및 주차시킬 수 있다고 할 것이다.",
            "따라서 피고로서는 위 자동차들이 이 사건 아파트 단지 내로 출입, 통행 및 주차하는 것을 방해하는 일체의 행위를 하여서는 아니 될 의무가 있다. 다만 원고는 특별한 사정이 없는 한 위 자동차들의 주차가 필요한 시간은 06:00부터 22:00까지라고 자인하고 있으므로, 피고의 주차 방해 금지는 위 범위 내로 제한함이 상당하다."
        ]
    },
    "close": {
        "cnclsns": [
            "이 사건 소 중, 당심에서 교환적으로 변경된, 0000소재 00000 단지 내로 자동차들이 출입, 통행 및 주차할 수 있음의 확인을 구하는 부분을 각하한다.",
            "위 1.항 기재 아파트 단지 내 판매시설 및 00000에 있는 원고의 사무실에 출퇴근하기 위하여 사용되는 승용자동차 및 승합자동차와 위 사무실을 방문하는 자의 자동차(다만, 원고의 영업을 위하여 사용되는 화물자동차는 제외)에 대하여 위 아파트 단지 내로 출입, 통행 및 주차(다만, 특별한 사정이 없는 한 주차시간은 06:00부터 22:00까지로 한다)하는 것을 방해하는 일체의 행위를 하여서는 아니된다.",
            "원고의 나머지 청구를 기각한다.",
            "소송총비용(당심에서 확장된 청구에 관한 비용 포함)은 이를 3분하여 그 1은 원고의, 나머지는 피고의 각 부담으로 한다."
        ]
    }
}