{
    "info": {
        "caseField": "1",
        "detailField": "1",
        "trailField": "2",
        "caseNm": "손해배상",
        "courtNm": "서울고등법원",
        "judmnAdjuDe": "2004. 12. 24.",
        "caseNo": "2004나33706",
        "relateLaword": [
            "국가배상법 제2조",
            "민사소송법 제176조",
            "민사소송법 제186조",
            "우편법 시행령 제42조",
            "우편법 시행령 제43조",
            "우편법 시행령 제25조",
            "우편법 시행령 제28조",
            "우편법 시행령 제62조",
            "우편법 시행령 제63조",
            "민사소송법 제170조"
        ],
        "qotatPrcdnt": [
            "서울지방법원 의정부지원 2001가단 61609호",
            "2002. 5. 17. 서울고등법원 2002나29789호",
            "2003. 5. 16. 서울고등법원(2003노532호)"
        ]
    },
    "concerned": {
        "acusr": "1",
        "dedat": "3"
    },
    "org": {
        "orgJdgmnCourtNm": "의정부지방법원 고양지원",
        "orgJdgmnAdjuDe": "2004. 4. 23.",
        "orgJdgmnCaseNo": "2003가합28 "
    },
    "disposal": {
        "disposalform": "10",
        "disposalcontent": [
            "제1심 판결 중 다음에서 지급을 명하는 돈에 해당하는 원고 패소 부분을 취소한다.",
            "피고는 원고에게 341,472,500원 및 이에 대한 2003. 3. 14.부터 2004. 12. 24.까지는 연 5%, 그 다음날부터 다 갚는 날까지는 연 20%의 각 비율에 의한 돈을 지급한다.",
            "원고의 나머지 항소를 기각한다.",
            "소송 총비용 중 20%는 원고가, 80%는 피고가 각 부담한다."
        ]
    },
    "mentionedItems": {
        "rqestObjet": [
            "제1심 판결 중 원고 패소 부분을 취소한다. ",
            "피고는 원고에게 441,472,500원 및 이에 대하여 이 사건 소장송달일 다음날부터 다 갚는 날까지 연 20%의 비율에 의한 돈을 지급한다."
        ]
    },
    "assrs": {
        "acusrAssrs": [
            "우편집배원 소외 00가 ① 소외 00 등의 토지사기 범행에 가담하거나 이를 방조하였다.",
            "② 소외 00이 송달장소에 거주하지 않는다는 사실을 알면서도 고의로 소외 00에게 소장 등 송달서류를 교부하였다.",
            "③ 소외 00이 송달장소에 거주하는지 여부를 확인하여야 할 의무가 있음에도 이를 게을리 한 잘못으로 소외 00에게 위 송달서류를 교부하였다.",
            "④ 송달받을 자가 소외 00으로 되어 있는 위 송달서류를 소외 00에게 교부하면서 우편송달통지서에는 소외 00 본인이 송달받은 것처럼 허위로 기재하였으며, 위와 같은 소외 00의 위법행위로 인하여 소외 00 등이 이 사건 소유권이전등기청구소송에서 승소판결을 받게 되었다.",
            "결국 이를 믿고 거래한 원고가, 소외 00에게 지급한 매매대금 5억원에서 공동불법행위자인 소외 00 등으로부터 배상받은 금액을 뺀 441,472,500원 상당의 손해를 입었으므로, 피고는 국가배상법 제2조 제1항에 따라 원고가 입은 손해를 배상할 책임이 있다."
        ],
        "dedatAssrs": [
            "① 소외 00가 우편송달통지서에 송달방법을 허위로 기재하지 아니하고 000으로부터 수령권한을 위임받은 소외 00이 000을 대리하여 송달서류를 받은 것으로 사실대로 기재하였다 하더라도 송달의 효력이 있기는 마찬가지여서 자백간주에 의한 소외 00의승소판결이 선고되었을 것이다.",
            "② 소외 00가 소외 00이 00을 대리하여 이 사건 송달서류들을 수령할 권한이 없다고 판단하여 수취인불명으로 인한 송달불능으로 처리하고 그와 같은 취지의 우편송달통지서를 작성하였다 하더라도 소외 00 등이 공시송달 신청을 하고 법원이 이를 받아들여 결국 소외 00의 승소판결이 선고되었을 것이다.",
            "소외 00의 우편송달업무 취급상의 고의(우편송달통지서를 허위로 작성한 것) 또는 과실(소외 00이 00을 대리하여 이 사건 송달서류들을 수령할 권한이 있는지를제대로 확인하지 아니한 것)과 원고가 입은 손해 사이에는 상당인과관계가 없다."
        ]
    },
    "facts": {
        "bsisFacts": [
            "소외 00, 00,2는 2001년 초가을 경 법원을 속여 사위판결을 받는 방법으로, 오래 전에 미국으로 이민 가서 살고 있는 소외 00소유인 0000(지번 생략) 임야 18,347㎡(다음부터 이 사건 임야라 한다)를 편취하기로 공모하여, 소외2를 매수인으로 한 매매계약서를 위조하였다.",
            "그런 다음, 서울지방법원 의정부지원 2001가단61609호로 소외 00를 원고, 소외 00을 피고로 하여 이 사건 임야에 관한 소유권이전등기절차이행을 구하는 소송(다음부터 이 사건 소유권이전등기청구소송이라 한다)을 제기하였다.",
            "소외 00의 주소를 '0000(이하 생략)'으로 허위로 신고하였다{반면 소외 00가 소장에 입증방법으로 첨부한 위조된 1962. 4. 6.자 매매계약서와 등기부등본(발행일 2001. 10. 29.), 임야대장(발행일 2001. 10. 31.)에는 소외 00의 주소가 모두 '0000(이하 생략)'으로 기재되어 있었다.",
            "소외 00는 '0000(이하 생략)'에 살고 있는 소외 00에게 소외 00 앞으로 송달되는 소송서류를 받아달라고 부탁하였고, 이 부탁을 받은 소외 00은 아래에서 보는 것처럼 소외 00 앞으로 송달되는 소장부본, 변론기일소환장, 판결정본을자신이 대신 받고도 소외 00에게 전해주거나 알려주지 않았다.",
            "결국 이 사건 소유권이전등기청구소송에서 2002. 3. 8. 자백간주에 따른 원고 승소판결이 선고되고, 2002. 4. 3. 위 판결이 확정되었다. ",
            "이 사건 소유권이전등기청구소송에서 위 법원으로부터 우편송달을 의뢰받은 문산우체국 소속 우편집배원 소외 00는 2001. 12. 4.위 소송의 소장부본 등을 송달하기 위하여 0000(이하 생략)으로 찾아갔다가 위 주소지에 살고 있는 소외6을 만나게 되었는데, 소외 00으로부터 소외 00이 위 주소지에 살고 있으므로 자신에게 송달서류를 주면 소외 00에게 전달해 주겠다는 말을 듣고 그에게 송달서류를 건네주었다.",
            "그런 다음, 우편송달통지서를 작성하면서 마치 소외 00 본인에게 직접 교부송달한 것처럼 영수인의 서명 또는 날인 난에 소외 00가 소외 00 본인이라고 적고, 소외 00으로 하여금 소외 00의 것인 것처럼 무인을 하게하였으며, 송달방법 난에도 송달받을 본인에게 건네주었다고 표시하였다.",
            "소외 00는 2002. 2. 8. 변론기일소환장을, 2002. 3. 19. 판결정본을 소외 00에게 송달하면서 마찬가지로 실제로는 위 주소지에서소외 00에게 송달하고서도 우편송달통지서는 위와 같은 방법으로 소외 00 본인에게 직접 송달한 것처럼 허위로 작성하였다.",
            "원고는 2002. 4. 19. 부동산 중개업자인 소외 00과 제1심 공동피고 00의 중개로 소외 00와 만나 그가 이 사건 소유권이전등기청구소송에서 받은 승소판결을 확인한 다음 소외 00가 이 사건 임야의 진정한 권리자라고 믿고서, 소외 00와 그로부터 위 임야를 대금 10억 3천만 원에 매수하기로 하는 매매계약(다음부터 이 사건 매매계약'이라 한다)을 체결하였다.",
            "같은 날 계약금 1억원, 2002. 5. 10. 중도금 4억 원을 각 지급하였다(위 판결에 소외 00의 주소가 잘못 기재되었다는 이유로 그 경정 절차가 끝나는 대로 원고 앞으로 소유권이전등기를 마쳐주기로 약정하였다).",
            "국내의 재산관리인을 통해 뒤늦게 위와 같은 판결 편취 사실을 알게 된 소외 00은 2002. 5. 17. 서울고등법원 2002나29789호로 추후보완항소를 제기하여 결국 소외 00의 패소판결이 선고·확정되었다.",
            "이에 따라 이 사건 소유권이전등기청구소송의 제1심 판결을 신뢰하여 이 사건 매매계약을 체결하고 계약금과 중도금을 지급한 원고는 이 사건 임야의 소유권을 취득할수 없게 되었다.",
            "소외 00이 위 사기사건에 관여한 사람들을 고소함에 따라 소외 00, 00,2는 2003. 2. 6. 서울지방법원 의정부지원(2002고합449호)에서 특정경제범죄가중처벌등에관한법률위반(사기)죄 등으로 유죄판결을 받았다.",
            "소외 00은 소외 00로부터 소외6이 거주하는 0000(이하 생략)으로 배달되는 우편물을 모두 받아 달라는 부탁을 받고 우편집배원 소외 00에게 소외 00 앞으로 온 소장부본 및 변론기일소환장 등의 우편물을 자신이 소외 00에게 직접 전달해 주겠다고 거짓말하여 우편물을 받은 다음 소외 00에게 전달하여 주지 않아 소외 00이 이 사건 소유권이전등기청구소송에서 패소하게 하였다.",
            "소외 00은 이 사건 임야를 편취하였다는 범죄사실에 대하여 유죄판결을 선고받았으며, 소외 00는 2001. 12. 4., 2002. 2. 8., 2002. 3. 19. 3회에 걸쳐 소외 00에게 발송된 소장부본, 변론기일소환장, 판결정본 등을 배달함에 있어 소외 00에게 위 우편물을 교부한 사실이없음에도 불구하고 우편송달통지서의 송달방법 난에 송달받은 본인에게 건네 주었다고 표시하였다.",
            "소외1은 공문서인 송달증명서류를 허위로 작성한 후 법원에 각 제출하였다는 범죄사실에 대하여 징역 8월에 집행유예 2년을 선고받았다 소외 00는 위 판결에 불복·항소하여 2003. 5. 16. 서울고등법원(2003노532호)에서 벌금 1,000만 원을 선고받았다."
        ]
    },
    "dcss": {
        "courtDcss": [
            "소외1가 이 사건 소유권이전등기청구소송의 송달업무를 처리하면서 관련 법규를 제대로 따르지 아니한 잘못이 있고, 이러한 직무상과실 때문에 소외 00 등이 법원을 기망하여 소외 00 앞으로 이 사건 임야에 관한 소유권이전등기절차이행을 명하는 판결을 편취할 수 있었다고 인정하는 것이 옳다. ",
            "소외 00는 이 사건 소유권이전등기청구소송의 송달서류를 소외 00에게 송달하면서 3회에 걸쳐 소외 00본인이 직접 송달을 받은 것처럼 우편송달통지서를 허위로 작성하였는데, 법원으로 하여금 소외 00 본인이 송달받은 것처럼 오신하게 만들 의도가 아니었다면 굳이 소외 00에게 송달서류를 전달하고서도 소외 00 본인에게 직접 전달한 것으로 송달방법 난에 기재할 다른 합리적 이유를 발견하기 어렵다.",
            "송달받을 본인에게 송달하는 것과 송달받을 본인 외의 다른 사람에게 송달하는 것을 구분하는 일은 가장 기본적인 것이라는 점과 소외 00가 10년 이상 우편집배원으로 일하면서 여러 차례 법원의 송달업무를 처리한 경험이 있는 점을 감안하면, 소외1가 단지 업무처리가 미숙하거나 실수로 이렇게 송달방법을 잘못 기재하였다고 보기는 어렵다.",
            "소외 00이 소외 00의 집에 거주하게 된 경위, 소외 00과 소외 00의 관계 등을 따져 물어 소외 00이 소외 00을 대리하여 소송서류를 수령할 적법한 권한이 있다고 믿을 만한 상당한 이유가있는 때에 한하여 보충송달을 하여야 하고, 이러한 확인이 불가능하다면 송달불능으로 처리하여 법원으로 하여금 다른 조치를강구하도록 하였어야 한다.",
            "갑 5의 21,24,35,38,41의 각 기재를 종합하면, 소외 00는 수사기관에서 조사받으면서 소외 00의 집에 찾아가 그에게 주소지에 소외 00이라는 사람이 살고 있냐고 물어보니 소외 00이 자신의 집에 소외 00이 살고 있다면서 자신에게 주면 소외 00에전달해 주겠다고 이야기하여 소외 00에게 송달하게 된 것이다라는 취지로 진술하였다.",
            "위 진술 내용에 따르면, 소외 00는 더이상 소외 00과 소외 00이 어떤 관계인지, 소외 00이 소외 00에게 어떤 경위로 위 소송서류의 수령 권한을 위임하였는지를 확인한 바가 없는 것으로 보인다.",
            "소외 00는 파주시에서 태어난 이후 계속 파주시에 살아왔고, 1991년경부터 문산우체국의 집배원으로 근무하면서 0000일대에 우편물을 배달해 왔으며, 소외 00 역시 '0000(이하 생략)'에 오랫동안 거주해 온 데다가 위 0000이었는데, 이러한 상황이라면 소외 00이 소외 00의 집에 실제로 거주하는지 여부를 소외 00가 알고 있었거나 적어도쉽게 확인할 수 있었던 것으로 보인다.",
            "갑 5의 27의 기재에 의하면, 소외 00는 2002. 10. 16. 검찰에서 2～3년 전부터 법원에서 다른 사람 앞으로 송달하는 우편물을소외 00의 집으로 배달하기 시작하였다고 진술하였는데, 다세대 주택이나 다가구 주택이 아닌 농촌의 개인 주택에 다른 사람 명의의 소송서류가 송달되는 것은 이례적인 일이다.",
            "소외 00로서는 더욱 주의를 기울여 송달받을 자로 표시된 사람이 소외 00의주소지에 실제로 살고 있는지, 소외 00이 그와 어떤 관계인지 등을 확인할 필요가 있었다.",
            "소외 00의 신청에 따라 이 사건 소유권이전등기청구소송의 제1심 판결에 대한 판결경정결정이 있었고, 법원이 그 결정정본을 '0000(이하 생략)'으로 우편송달하였는데, 이 때에는 '수취인불명으로 인한 송달불능'으로 처리되어 등기우편에 의한 발송송달이 이루어졌다.",
            "피고는 우편물 표면에 '소외 00 방 소외 00'이라고 기재되어 있어 소외 00이 소외 00 방에 세 들어 사는 것으로 소외 00가 오인하였다는 취지로 주장하나, 송달서류의 송달받을 자 난에 '소외 00 방 소외 00'이라고 표시되었다는 점을 인정할 증거는 전혀없다(소장이나 우편송달통지서에 전산 출력된 주소 모두 '0000(이하 생략)'으로 표시되어 있을 뿐이다).",
            "피고는, 소외 00가 소외 00이 소외 00을 대리하여 소송서류를 송달받을 권한이 있는지를 엄격히 심사하여 송달불능으로 처리하였다 하더라도 어차피 법원이 소외 00 등에게 속아 소외 00에게 소장 등을 공시송달한 다음 소외 00 승소판결을 선고하였을 것이라고 주장한다.",
            "소외 00이 미국에 거주하고 있고 그 거주지의 확인이 가능하며, 그의 주민등록초본에는 해외이주로 기재되어있는 점 등 이 사건 기록에 나타난 여러 가지 사정에 비추어, 소외 00 등이 공시송달의 방법으로 판결을 편취할 수 있었으리라고보기는 어렵다.",
            "소외 00의 불법행위로 원고가 입은 손해는 원고가 소외 00가 진정한 소유자라고 믿고 이 사건 매매계약에 따라 소외 00에게 지급한 계약금 및 중도금 합계 5억원이라고 봄이 상당하다.",
            "매도인 앞으로 소유권이전등기절차이행을 명하는 법원의 확정판결이 있는 경우에 그 판결대로 권리변동이 이루어질것이라고 신뢰하는 것이 보통이고, 매수인으로서는 특별한 사정이 없는 한, 그 판결이 법원을 기망하여 편취한 것일 수도 있다는 점까지 예상하여 매매계약을 체결하면서 매도인이 진정한 권리자인지 여부를 더 조사·확인할 의무가 있다고 보기는 어렵다.",
            "원고가 이 사건 매매계약을 체결하면서 확인하였다는 이 사건 소유권이전등기청구소송의 제1심 판결에 기재된 소외 00의 주소인 '0000(이하 생략)'은 매매목적물인 이 사건 임야의 소재지나 부동산등기부상 소외 00의 주소로 표시된 곳과 전혀 무관한 곳이었고, 위 판결상 소유권이전등기원인이 1962. 4. 6.자 매매였던 사실이인정된다.",
            "손해의 공평한 분담이라는 손해배상제도의 이념에 비추어 보면, 이처럼 매도인이 무려 40년 가까이 되도록 소유권이전등기를 하지 않고 있다가 이 사건 매매계약 직전에 비로소 위 소유권이전등기청구소송을 제기하여 승소판결만 받은 상태에서 전매하려는 상황이라면, 거액의 부동산을 매수하는 원고로서도 매도인이 진정한 권리자인지 여부에 대하여 좀더 주의를 기울여 확인할 의무가 있었다고 할 것이므로, 피고의 책임비율을 80%로 제한하는 것이 상당하다.",
            "공동불법행위자인 소외 00이 손해배상으로 2002. 10. 7. 원고에게 500만 원을 지급하고, 2002. 10. 11. 시가 23,527,500원인 0000(지번 생략) 임야 56,132㎡ 중 56,132분의 15,685 지분에 관하여 원고 앞으로 소유권이전등기를 마쳐 주었다.",
            "이 사건 매매계약의 중개 과정에 과실이 있는 다른 공동불법행위자인 소외 00이 2003. 4. 11. 원고에게3,000만 원을 지급한 사실은 원고가 스스로 인정하고 있으므로, 피고가 원고에게 배상할 금액은 341,472,500원 =(500,000,000 × 0.8) - 5,000,000 - 23,527,500 - 30,000,000 이 된다.",
            "피고는 원고에게 341,472,500원 및 이에 대하여 불법행위일 이후로써 원고가 구하는 이 사건 소장 송달 다음날인2003. 3. 14.부터 피고가 그 이행의무의 존부 및 범위에 관하여 항쟁함이 상당하다고 인정되는 이 판결 선고일인 2004. 12.24.까지는 민법이 정한 연 5%, 그 다음날부터 다 갚는 날까지는 소송촉진등에관한특례법이 정한 연 20%의 각 비율에 의한 돈을 지급할 의무가 있다."
        ]
    },
    "close": {
        "cnclsns": [
            "제1심 판결 중 다음에서 지급을 명하는 돈에 해당하는 원고 패소 부분을 취소한다.",
            "피고는 원고에게 341,472,500원 및 이에 대한 2003. 3. 14.부터 2004. 12. 24.까지는 연 5%, 그 다음날부터 다 갚는 날까지는 연 20%의 각 비율에 의한 돈을 지급한다.",
            "원고의 나머지 항소를 기각한다.",
            "소송 총비용 중 20%는 원고가, 80%는 피고가 각 부담한다."
        ]
    }
}