{
    "info": {
        "caseField": "1",
        "detailField": "1",
        "trailField": "2",
        "caseNm": "손해배상(기)",
        "courtNm": "서울고등법원",
        "judmnAdjuDe": "2005. 10. 28.",
        "caseNo": "2004나78549",
        "relateLaword": [
            "상법 제513조",
            "상법 제516조",
            "상법 제424조",
            "상법 제346조"
        ],
        "qotatPrcdnt": [
            "대법원 2004. 6. 25. 선고2000다37326 판결 "
        ]
    },
    "concerned": {
        "acusr": "1",
        "dedat": "2"
    },
    "org": {
        "orgJdgmnCourtNm": "서울중앙지방법원",
        "orgJdgmnAdjuDe": "2004.10.7",
        "orgJdgmnCaseNo": "2004가합25531"
    },
    "disposal": {
        "disposalform": "10",
        "disposalcontent": [
            "원고의 항소를 기각한다.",
            "항소비용은 원고의 부담으로 한다."
        ]
    },
    "mentionedItems": {
        "rqestObjet": [
            "제1심 판결을 취소한다.",
            "피고는 원고에게 500,000,000원과 이에 대하여 이 사건 소장부본 송달 다음날부터 완제일까지 연 20％의 비율로 계산한 금원을 지급한다."
        ]
    },
    "assrs": {
        "acusrAssrs": [
            "소외 00 회사는 이 사건 약정에 따라 주식전환을 청구한 원고에게 주식 20,000주를 발행해 줄 의무가 있고 만약 소외 00 회사가 이러한 의무를 이행하였다면 원고는 위 합병 당시 주식가치에 상당하는 금전적 이득을 얻을 수 있었을 것이다.",
            "그런데, 소외 00 회사가 이 사건 약정에 따른 주식발행의무를 이행하지 않음으로써 위와 같은 금전적 이득(소외 00 회사의 주식 20,000주×합병 당시 1주당 평가금액 234,788원=4,536,090,828원)을 상실하는 손해를 입었다.",
            "그러므로 합병에 따라 소외 00 회사의 권리와 의무를 승계한 피고가 소외 00 회사의 약정불이행으로 말미암은 원고의 손해를 배상할 의무가 있는데, 원고는 피고에 대하여 위 손해배상금 4,536,090,828원 중 명시적 일부 청구로써 5억 원 및 이에 대한 지연손해금의 지급을 구한다.",
            "이 사건 약정이 소외 00 회사의 지배권과 경영권의 변동을 가져오는 것으로서 무효라고 하더라도, 이 사건 약정에 의한 원고의 권리행사는 소외 00 회사의 지배권과 경영권의 변동을 가져오지 않는 범위 내에서는 유효하다. ",
            "소외 00 회사의 지배주주이던 피고는 전체 발행주식 10,000주의 98％에 해당하는 9,800주를 소유하고 있었으므로, 피고가 소외 00 회사의 지배권과 경영권을 행사하기 위하여는 전체 발행주식의 51％에 해당하는 주식을 소유하면 충분한 것이다.",
            "그리고 피고가 위 지분비율을 유지하도록 하기 위하여 소외 00 회사가 원고에게 발행할 수 있는 주식은 9,215주 상당이므로, 소외 00 회사는 원고에게 위 9,215주에 해당하는 신주 또는 전환사채를 발행하였어야 한다.",
            "피고가 위 의무를 이행하였을 경우 원고가 피고로부터 받을 금액은 2,163,571,420원(=9,215주×234,788원)이므로, 피고는 원고에게 위 금액에서 원고에게 공탁한 금액 중 위 주식수에 해당하는 금액인 73,567,570원(=159,669,172원×9,215주／20,000주)을 공제한 금액을 지급할 의무가 있다."
        ],
        "dedatAssrs": [
            "이 사건 약정은 소외 00 회사의 모회사인 소외 00 회사의 지배주주 겸 대표이사인 소외 00이 처인 원고를 내세워 소외 00 회사의 경영권을 불법적으로 박탈하기 위한 목적에서 체결된 것이다.",
            "그런데 1. 전환사채발행에 관한 상법의 규정을 위반하여 이사회 결의와 주주총회의 특별결의를 거치지 않았고, 2. 또한 원고의 주장에 따를 때 합병 당시 1주당 234,788원의 가치가 있는 소외 00 회사의 주식을 1주당 5,000원으로 계산하여 전환사채 발행가액을 정한 것이라고 할 수 있으므로 무효이다."
        ]
    },
    "facts": {
        "bsisFacts": [
            "1999. 2.경 소외 000(2003. 9. 8. 피고로 상호 변경되었다. 이하 '소외 00 회사'라 한다)가 자금사정 악화로 경영위기에 처하였다.",
            "당시 구치소에 수감 중이던 소외 00 회사의 실질적인 지배주주이자 대표이사이던 소외 00은 우선 소외 00 회사의 부도를 피하기 위한 운영자금을 마련하기 위하여 그와 그의 처 원고 등 특수관계인이 보유하던 소외 00 회사의 주식을 매각하여 그 매각자금 등 33억 원(그 중 원고의 몫은 6억 원 상당이다)을 소외 00 회사에 출연하였다.",
            "그 구체적 지원방식은 처음에는 소외 00 회사의 자회사 중 하나인 소외 000(이하 '소외 00 회사'라 한다)를 통하여 소외 00 회사가 소외 00 회사에 대여하는 형식을 취하였다가 나중에는 그 방식을 일부 바꾸어 대여 주체에 소외 00 회사 외에 소외 000(이하 '소외 00 회사'라 한다)등 다른 자회사도 포함시키는 것으로 하였다. ",
            "즉 소외 00과 원고 등은 소외 00 회사 등 계열 자회사에 위 주식매각자금 등 33억 원을 대여하고, 소외 00 회사 등은 그 돈을 다시 소외 00 회사에 운영자금으로 대여하면서 그 대여금채권과 소외 00 회사 등 소외 00 회사의 자회사들이 분사 당시부터 모회사인 소외 00 회사에 대하여 부담하고 있었던 영업권 등 자산매입대금 상환채무를 상계하는 것으로 처리하는 방식이다. ",
            "이와 같은 방식에 따라 원고는 1999. 3. 23. 소외 00 회사에게 1억 원을 이자 연 10％, 변제기 2011. 4. 30.로 정하여 대여하면서 소외 00 회사와 사이에 원고가 위 변제기까지 대여금액의 전부 또는 일부를 소외 00 회사의 주식으로 전환받기를 원하는 경우 소외 00 회사는 언제나 주식을 액면가(1주당 5,000원)로 발행하여 원고에게 이를 교부한다. ",
            "그리고 소외 00 회사는 원고의 동의를 받지 않고는 증자를 실시하지 않는다 는 약정(이하 이 사건 약정 이라 한다)을 하였다.",
            "이 사건 약정 당시 소외 00 회사는 소외 00 회사의 발행주식 총수 10,000주(1주당 액면가 5,000원) 중 9,800주(지분비율 98％)를 보유하고 있었다 당시 소외 00 회사의 나머지 주식 200주는 소외 00 회사의 대표이사였던 소외 00가 100주(지분비율 1％), 소외 00이 80주(지분비율 0.8％), 소외 00이 20주(지분비율 0.2％)를 각 보유하고 있었다.",
            "이 사건 약정 당시 소외 00 회사의 정관(을2호증)에는 주주 이외의 자에게 전환사채를 발행할 경우의 근거와 구체적인 내용(전환사채의 총액, 전환의 조건, 전환으로 인하여 발행할 주식의 내용, 전환을 청구할 수 있는 기간)에 관한 규정이 없었다.",
            "원고는, 을2호증이 1999. 3. 23. 개정되었고, 개정된 정관(갑17호증)은 개정된 당일부터 효력을 발생하였는바, 개정된 정관 제19조에는 전환사채의 발행에 관한 규정이 신설되었다고 주장하나, 을3,4호증의 각 기재에 변론 전체의 취지를 종합하면, 소외 00 회사는 주주총회의 소집을 위한 각 주주에 대한 아무런 서면통지나 소집공고 없이, 또 실제 결의를 한 바 없이, 허위의 주주총회 의사록을 작성한 사실을 인정할 수 있다.",
            "그리고 위 인정사실에 의하면 위 주주총회는 그 절차상의 하자가 너무 중대하여 그 주주총회에서 한 정관변경 결의는 무효 혹은 부존재한다고 봄이 상당하다(당시 소외 00 회사가 소외 00 회사 주식의 98％를 소유하고 있다고 하여 소외 00 회사가 1인 주주 회사라고 볼 수는 없다), 원고의 위 주장은 받아들이지 않는다.",
            "그러므로 소외 00 회사의 대표이사는 주주 이외의 자에게 전환사채를 발행하기 위한 주주총회의 특별결의절차를 전혀 거치지 않고 임의로 이 사건 약정을 하였다.",
            "원고는 1999. 3. 26.과 2001. 1. 5. 소외 00 회사에게 이 사건 약정에 따라 대여금 전부를 주식으로 전환해줄 것(즉, 소외 00 회사의 주식 20,000주를 발행해 달라는 취지임)을 청구하였으나 소외 00 회사는 1998년 결산 결과 자본잠식상태이므로 전환사채를 발행할 수 없다 는 등의 이유로 이를 거절하였다.",
            "한편, 피고는 2004. 2. 23. 소외 00 회사를 흡수합병하고 2004. 3. 3. 등기를 마쳤는데, 합병 당시 피고가 소외 00 회사의 발행주식 전체(발행주식 총수 10,000주)를 보유하고 있었으므로 신주를 교부하지 않는 무증자합병의 방식을 택하였고 소외 00 회사의 주식 1주를 234,788원으로 평가하여 합병기준가액을 산출하였다.",
            "원고는 위와 같이 흡수합병이 진행되던 도중은 물론 흡수합병이 종료된 이후에도 소외 00 회사에게 이 사건 약정에 따른 주식발행 또는 이 사건 약정에 따라 주식발행이 이루어졌을 경우 원고가 흡수합병과정에서 얻었을 금전적 이득(소외 00 회사의 주식 20,000주×합병 당시 1주당 평가금액 234,788원)의 지급 을 요청하였다.",
            "이에 대하여 소외 00 회사는 2004. 2. 19. 이 사건 약정에 대하여 소비대차의 효력만을 인정하고 원금 1억 원에 대여일로부터 2004. 2. 17.까지 연 10％의 이율(복리)에 따라 계산한 이자를 가산한 금액인 159,669,172원을 서울중앙지방법원에 공탁하였는데, 그 후 원고가 이의를 유보하고 이를 수령하였다."
        ]
    },
    "dcss": {
        "courtDcss": [
            "이 사건 약정은 소비대차의 형식을 띄고 있으나 실질적으로는 원고에게 위 대여금을 주식으로 전환할 수 있는 권리를 부여한 것으로 전환사채발행약정에 해당한다고 할 것이다.",
            "상법은 원칙적으로 이사회의 결의에 따라 사채를 발행하도록 하고 있으나(상법 제513조 제2항), 예외적으로 주주 이외의 자에게 전환사채를 발행하기 위해서는 정관에 그 근거와 발행을 위한 구체적인 내용(전환사채의 총액, 전환의 조건, 전환으로 인하여 발행할 주식의 내용, 전환을 청구할 수 있는 기간)에 관한 정함이 있어야 하고 만약 이러한 정함이 없는 경우 주주총회의 특별결의를 거쳐야 한다고 규정하고 있다(상법 제513조 제3항).",
            "그런데, 소외 00 회사의 대표이사가 소외 00 회사의 정관에 주주 이외의 자에 대한 전환사채발행에 관한 아무런 정함이 없는 상태에서 주주총회의 특별 결의도 거치지 않은 채 임의로 이 사건 약정을 하였음은 앞서 본 바와 같다.",
            "살피건대, 앞서 보았거나 앞서 채택한 각 증거에 변론 전체의 취지를 종합하면 인정되는 다음과 같은 여러 사정 즉, 1. 전환사채는 전환권의 행사에 의하여 장차 주식으로 전환될 수 있는 권리가 부여된 사채로서 이러한 전환사채발행은 주식회사의 물적 기초와 기존 주주들의 이해관계에 직접적인 영향을 미칠 수 있는 것으로서 사실상 신주발행과 같은 의미를 갖는 점을 인정한다.",
            "3. 상법이 주주총회의 특별결의사항으로 정하고 있는 것은 모두 주주의 이해관계에 특히 막대한 영향을 미치는 중요한 경영사항과 회사의 조직이나 자본을 근본적으로 변경하는 비상사항에 관한 것들인데, 만약 이 사건 약정에 따라 전환사채가 발행되었다면 원고가 소외 00 회사의 발행주식 총수 30,000주 중 20,000주를 보유하게 되어 지분비율 66.6％의 지배주주가 된다.",
            "그리고 이전에 98％의 지배주주였던 소외 00 회사는 9,800주, 지분비율 32.6％의 주주가 되는 결과가 된다.",
            "그런데, 이러한 전환사채발행은 달리 특별한 사정이 없는 한 법령이나 정관을 중대하게 위반한 것으로서 주식회사의 본질이나 회사법의 기본원칙에 반하거나 기존 주주들의 이익과 회사의 경영권 내지 지배권에 중대한 영향을 미치는 경우로서 전환사채와 관련된 거래의 안정, 주주 기타 이해관계인의 이익 등을 고려하더라도 도저히 묵과할 수 없는 정도라고 평가될 수 있어 무효라고 봄이 상당한 점(대법원 2004. 6. 25. 선고 2000다37326 판결 참조).",
            "4. 다만, 위 3.의 경우 실제로 전환사채나 신주가 발행된 경우 주식의 유통가능성과 집단적인 법률관계의 특성상 사후에 이를 무효로 하면 거래의 안전과 법적 안정성을 해칠 위험성이 크다는 점에서 전환사채 발행의 효력발생 후에는 원칙적으로 전환사채 발행 무효의 소에 의하여서만 이를 다툴 수 있다고 할 것이다.",
            "그러나, 이 사건과 같이 전환사채발행을 하기로 하는 약정은 있으나 실제 발행이 이루어지지 않은 경우에는 거래의 안전과 다수 이해관계인의 이익 등을 해칠 위험성이 전혀 없으므로, 그 무효원인을 보다 넓게 해석하는 것이 마땅한 점.",
            "5. 주주 외의 자에게 발행할 전환사채의 액과 그 전환조건에 의하여 그 전환으로 인하여 회사가 발행할 주식의 총수가 명확하게 되고, 회사는 전환청구기간 중에 이를 미발행주식의 수 중에 보류하고 있어야 한다(상법 제516조 제1항, 제346조 제2항).",
            "그런데, 위와 같이 주주 외의 자에게 발행할 전환사채의 액과 그 전환조건은 주주에게 중대한 이해관계 있는 사항이고 또 이는 수권주식과 관련되는 문제로서 주식회사의 본질에 관한 것이므로, 주주 외의 자에게 발행할 전환사채의 액과 그 전환조건은 전환으로 인하여 회사가 발행할 주식의 총수를 알 수 있을 정도로 구체적으로 정하여야 함에도 불구하고, 이 사건 약정에는 위와 같은 구체적인 정함이 없는 점.",
            "6. 회사가 법령 또는 정관에 위반하거나 현저하게 불공정한 방법에 의하여 주식을 발행함으로써 주주가 불이익을 받을 염려가 있는 경우에는 그 주주는 회사에 대하여 그 발행을 유지할 것을 청구할 수 있는 점(상법 제516조 제1항, 제424조).",
            "7. 만약 이 사건 약정의 유효성을 인정한다면 이는 사실상 주주의 신주인수권, 신주발행절차, 전환사채발행절차 등에 관한 상법의 여러 규정을 무력화시키고 이를 잠탈하는 취지의 약정을 용인하게 되는 점 등 기타 이 사건 변론에 나타난 제반 사정에 비추어 볼 때, 이 사건 약정은 무효라고 봄이 상당하다.",
            "따라서 이 사건 약정이 유효함을 전제로 한 원고의 이 사건 청구는 더 나아가 살필 필요 없이 이유 없다(위와 같은 여러 사정에 비추어 이 사건 약정에 의한 원고의 권리행사는 소외 00 회사의 지배권과 경영권의 변동을 가져오지 않는 범위 내에서는 유효하다는 원고의 주장도 역시 이유 없다)."
        ]
    },
    "close": {
        "cnclsns": [
            "원고의 항소를 기각한다.",
            "항소비용은 원고의 부담으로 한다."
        ]
    }
}