{
    "info": {
        "caseField": "1",
        "detailField": "1",
        "trailField": "1",
        "caseNm": "토지소유권확인",
        "courtNm": "서울중앙지법",
        "judmnAdjuDe": "2005. 12. 30.",
        "caseNo": "2004가합107921",
        "relateLaword": [
            "민법 제186조",
            "구 조선임야조사령(1918. 5. 1. 제령 제5호, 폐지) 제3조",
            "조선임야조사령시행수속(1918. 11.26. 조선총독부 훈령 제59호, 폐지) 제27조",
            " 구 삼림법(융희 2. 1. 21. 법률 제1호, 폐지) 제19조",
            "민법 제245조",
            "조선임야조사령시행수속 제79조"
        ],
        "qotatPrcdnt": [
            "대법원 1994. 6. 24. 선고 94다13152 판결(공1994하, 2074)",
            "대법원 1998. 7. 24. 선고 96다16506 판결(공1998하,2192)",
            "대법원 2005. 4. 15. 선고 2003다49627 판결(공2005상, 732)"
        ]
    },
    "concerned": {
        "acusr": "1",
        "dedat": "2"
    },
    "org": {
        "orgJdgmnCourtNm": "",
        "orgJdgmnAdjuDe": "",
        "orgJdgmnCaseNo": ""
    },
    "disposal": {
        "disposalform": "10",
        "disposalcontent": [
            "원고(선정당사자)의 청구를 기각한다.\n",
            "소송비용은 원고(선정당사자)의 부담으로 한다."
        ]
    },
    "mentionedItems": {
        "rqestObjet": [
            "피고 000은 원고(선정당사자, 이하  원고 라 한다)에게 0000 임야147,967㎡에 관하여 의정부지방법원 남양주등기소 1957. 1. 16. 접수 제297호로 마친 소유권보존등기의 말소등기절차를 이행한다."
        ]
    },
    "assrs": {
        "acusrAssrs": [
            "원고는, 이 사건 부동산은 선정자들의 조부 또는 증조부인 망 00이 1917. 10. 1. 사정받아 소유권을 취득한 후 그상속인 00를 거쳐(00은 1945. 3. 2. 사망) 1962. 11. 7. 00의 사망으로 그 상속인인 선정자들이 별지선정자 목록 기재와 같이 지분소유권을 취득한 재산이라고 말한다.",
            "6,25 사변으로 등기부가 소실되어 피고가 권원 없이 이 사건 소유권보존등기를 마쳤는바, 원인 무효인 위 등기의 말소를 구한다고 주장한다."
        ],
        "dedatAssrs": [
            "피고는, 망 00은 구한말부터 적극적으로 친일활동에 가담하여 한일합방 당시 조선총독부로부터 작위 및 은사금을 받기도하였고, 한일합방 후에도 지속적으로 친일활동을 벌였으며, 이 사건 부동산은 망인이 위와 같은 반민족행위로 취득한 재산이라고 말한다.",
            "따라서 망인의 상속인들인 선정자들이 위와 같이 반민족행위로 취득한 재산에 관한 보호를 구하는 것은 헌법 전문의 내용, 신의성실의 원칙, 정의의 원칙에 현저히 반하는 것으로 허용될 수 없어 원고의 이 사건 소는 부적법하다고 주장한다.",
            "피고는, 피고 사찰은 1917년 이전부터 현재 위치인 0000에 존재하고 있었고, 이 사건 부동산은 위 종토를 둘러싸고 토지로 사찰 건립 당시부터 피고가 사용하며 점유하여 왔으므로, 적어도 피고가 소유권보존등기를 마친 1957. 1. 16.경부터 10년이 경과한 시점에 등기부취득시효가 완성되었거나, 20년이 지난 시점에 점유취득시효가 완성되어 이 사건 소유권보존등기는 실체적 권리관계에 부합하는 유효한 등기라고 주장한다."
        ]
    },
    "facts": {
        "bsisFacts": [
            "0000 임야 147,967㎡(이하 '이 사건 부동산'이라 한다)에 관하여 1957. 1. 16. 피고 명의로 소유권보존등기가 마쳐진 사실은 당사자 사이에 다툼이 없다(의정부지방법원 남양주등기소 위 일자 접수 제297호. 이하 '이 사건 소유권보존등기'라 한다).",
            "일제시대에 작성된 0000 임야조사부에는, 이 사건 부동산에 관하여 아래와 같은 기재가 포함되어 있다.",
            "① 지목:‘林’",
            "② 면적:145정(町) 4700보(步)",
            "③ 등급:‘六’(사각형인 해당 기재란의 오른쪽 상단에 ‘下’자가 가필되어 있다)",
            "④ 신고 또는 통지 연월일:(大正) 6년(1917년) 10월 1일",
            "⑤ 국유사유구분:수기로 기재된 ‘國’자 위에 내용을 알아볼 수 없는 인장이 날인되어 있고, 사각형인 위 해당란 오른쪽 상단에 ‘私’자가 기재되어 있다.",
            "⑥ 처분견입:수기로 기재된 ‘貸無’ 위에 내용을 알아볼 수 없는 인장이 날인되어 있다.",
            "⑦ 소유자 또는 연고자:(주소) ‘0000’(씨명) ‘00’",
            "⑧ 비고:기재 없음",
            "00은 1945. 3. 2.경 사망하여 장남인 00가 호주상속인으로서 그 재산을 단독상속하였고, 00가 1962. 11. 7. 사망하여 당시 시행되던 민법에 정한 상속분에 따라 선정자들이 아래와 같은 지분 비율로 그 재산을 공동상속하였다.",
            "① 00, 00:각 1,638/21,294 지분 상속",
            "② 00이 1953. 6. 20. 사망하여 00 4,212/21,294 지분, 00 702/21,294 지분 대습상속",
            "③ 00이 1999. 3. 9. 사망하여 00, 00, 00, 00가 각 819/21,294 지분 상속",
            "④ 00이 1996. 7. 30. 사망하여 00(처) 1,092/21,294 지분, 00, 00, 00 각 728/21,294 지분 상속",
            "⑤ 00 1999. 11. 17. 사망하여 00(처) 756/21,294 지분, 00, 00, 00, 00, 00 각 504/21,294 지분 상속",
            "⑥ 00 1999. 9. 20. 사망하여 00(처) 1,404/21,294 지분, 00, 00 각 936/21,294 지분 상속"
        ]
    },
    "dcss": {
        "courtDcss": [
            "살피건대, 망 00이 1917. 10.경 이 사건 부동산을 사정받아 원시취득한 사실은 아래에서 보는 바와 같으나, 을 제1호증의 1, 2, 을 제2 내지 4호증의 각 기재만으로는 망 00이 일본제국주의에 협력한 대가로 이 사건 부동산을 취득하였다는 점을 인정하기에 부족하고, 달리 이를 인정할 증거가 없으므로, 위 주장은 나아가 살펴볼 필요 없이 이유 없다.",
            "구 조선임야조사령(1918. 5. 1. 제령 제5호, 폐지)의 시행 이전에 작성된 임야조사부의 국유·사유 구분란에 국, 소유자 또는 연고자란에 사인의 이름이 기재되었다가 위 국이 사로 정정되고 정정인이 찍혀 있으며, 그 비고란에 지적계출 없음이란 뜻이 기재되어 있지 않은 경우, 위 사인은 그 임야를 사정받은 것으로 보아야 한다(대법원 2005. 4. 15. 선고 2003다49627 판결 등 참조).",
            "위 법리와 인정 사실에 의하면, 선정자들의 조부 또는 증조부인 망 00은 1917. 10. 1.경 이 사건 부동산을 사정받아 그 소유권을 원시취득하였다고 할 것이어서, 위 부동산에 관하여 마쳐진 피고의 이 사건 소유권보존등기는 그 권리의 추정력이 소멸되었으므로, 피고는 특별한 사정이 없는 한 이 사건 부동산을 공동상속한 원고에게 원인무효인 위 등기의 말소등기절차를 이행할의무가 있다.",
            "적어도 1962. 12. 26.부터 피고가 이 사건 부동산을 소유의 의사로 평온·공연하게 점유하여 옴으로써 위 시점으로부터 20년이 경과한 1982. 12. 26. 이 사건 부동산에 관한 점유취득시효가 완성되었다고 할 것이므로, 피고의 이 사건 부동산에 관한 소유권보존등기는 실체적 권리관계에 부합하는 유효한 등기라고 할 것이어서, 이를 지적하는 피고의 위 주장은 이유 있고, 원고의 주장은 결국 이유 없음에 귀착된다."
        ]
    },
    "close": {
        "cnclsns": [
            "그렇다면 원고의 이 사건 청구는 이유 없으므로 기각하기로 한다."
        ]
    }
}