{
    "info": {
        "caseField": "1",
        "detailField": "1",
        "trailField": "2",
        "caseNm": "손해배상(자)",
        "courtNm": "서울고등법원",
        "judmnAdjuDe": "2006. 07. 06.",
        "caseNo": "2004나88478",
        "relateLaword": [
            "민사소송법 제420조",
            "자동차손해배상보장법 제13조"
        ],
        "qotatPrcdnt": [
            "대법원 2003. 2. 14. 선고 2002다63411 판결"
        ]
    },
    "concerned": {
        "acusr": "1",
        "dedat": "2"
    },
    "org": {
        "orgJdgmnCourtNm": "서울중앙지방법원",
        "orgJdgmnAdjuDe": "2004. 11. 17.",
        "orgJdgmnCaseNo": "2003가단334156"
    },
    "disposal": {
        "disposalform": "1",
        "disposalcontent": [
            "제1심 판결을 다음과 같이 변경한다.",
            "피고는 원고에게 261,099,473원과 이에 대하여 2003. 5. 13.부터 2006. 7. 6.까지는 연 5%의, 그 다음날부터 다 갚는 날까지는 연 20%의 각 비율로 계산한 돈을 지급한다.",
            "원고의 나머지 청구를 기각한다.",
            "소송비용은 제1, 2심 모두 이를 5분하여 그 3은 피고의, 나머지는 원고의 각 부담으로 한다.",
            "제1의 가,항 중 제1심에서 가집행이 선고되지 아니한 부분은 가집행할 수 있다."
        ]
    },
    "mentionedItems": {
        "rqestObjet": [
            "피고는 원고에게 432,120,675원과 이에 대하여 2003. 5. 13.부터 제1심 판결선고일까지는 연 5%의, 그 다음날부터 다 갚는 날까지는 연 20%의 각 비율로 계산한 돈을 지급한다.",
            "제1심 판결 중 피고에 대하여 원고에게 120,000,000원을 초과하여 지급할 것을 명한 피고 패소부분을 취소하고, 위 취소부분에 해당하는 원고의 청구를 기각한다.",
            "제1심 판결 중 다음에서 지급을 명하는 부분에 해당하는 원고 패소부분을 취소한다. ",
            "피고는 원고에게 89,659,614원과 이에 대하여 2003. 5. 13.부터 당심 판결선고일까지는 연 5%의, 그 다음날부터 다 갚는 날까지는 연 20%의 각 비율로 계산한 돈을 지급한다."
        ]
    },
    "assrs": {
        "acusrAssrs": [
            "가동연한은 만 65세가 될 때까지이다."
        ],
        "dedatAssrs": [
            "반흔 성형수술에에 대하여 피고는, 위 수술비용은 자동차보험 진료수가에 따라 산정한 액수에 한하여 인정되어야 한다고 주장한다."
        ]
    },
    "facts": {
        "bsisFacts": [
            "원고는 4년제 대학을 졸업한 후 각종 농업기계장비를 갖추고 인삼, 고추, 벼 등을 경작하면서 10년 이상 영농에 종사하였고 1994.경에는 농업인 후계자로 지정되기도 하였다."
        ]
    },
    "dcss": {
        "courtDcss": [
            "성별·생년월일·연령·기대여명:별지 계산표와 같다.",
            "한편 원고와 같은 자영농의 경우 현실수입액(순수입)은 그 자신의 가동능력 이외에도 가족 및 다른 농촌일용인력의 노동력, 특수재배를 위한 물적시설, 경작을 위한 농기계구입에 드는 비용, 기타 투하자본 등의 결합으로 얻어지는 것이다. ",
            "자영농 자신의 개인적인가동능력에 대한 평가액을 정함에 있어서는 그와 같은 정도의 학력, 경력, 수완 및 농사능력을 가진 사람을 대신 고용하여 그와 같은 규모의 농사를 경영하도록 하는데 드는 관리인비용, 이른바 대체고용비를 기준으로함이 상당하다 할 것이다.",
            "따라서 위와 같은 사정을 종합하여 원고의 월 소득으로 2003년 및 2004년 노동부 발행 임금구조기본통계조사보고서상의 농업숙련종사자(위 보고서 61. 직군) 10년 이상 경력자의 소득인 2003년 월 2,442,363원, 2004년 월 2,671,902원을 인정한다. ",
            "이 사건 사고 당시 원고의 나이, 농촌일용 노임 상당액이 아닌 위와 같은 농업숙련종사자로서의 소득을 얻을 수 있는 개연성 등을 고려하여 가동연한을 만 60세가 될 때까지 인정한다(따라서 가동연한이 만 65세가 될 때까지라는 원고의 주장은 받아들이지 아니한다).",
            "입원치료기간:사고일부터 2003. 12. 13.까지",
            "원고는 현재까지 인공관절치환술을 받지 아니하였으나, 위 사실조회결과에 의하면 2004. 5.경 현재 위 수술이 필요한 상태이므로, 사고일로부터 1년이 되는 시점까지 위 32%를 인정한다.",
            "기왕치료비 5,744,730원을 인정한다.",
            "원고의 위 부분 청구금액 중 비급여 식대 286,000원 및 병실차액 4,171,000원(갑16호증의 3 중 일부)은 인정하지 아니한다.",
            "자동차손해배상보장법 제13조 가 자동차보험진료수가에 관한 기준으로서 건설교통부장관이 진료수가의 인정범위, 청구절차, 지급절차 기타 건설교통부령이 정하는 사항을 포함시켜 고시할 수 있다고 규정하고 있다.",
            "그 기준은 교통사고 환자에 대한 적절한 진료를 보장하고 보험사업자 등과 의료기관 간의 교통사고 환자의 진료비에 관한 분쟁을 방지하기 위한 기준으로서의 의미를 가지는 것으로서 피해자가 사고로 인하여 입은 치료비 손해액 산정의 절대적 기준이 되는 것은 아니라 할 것이다(대법원 2003. 2. 14. 선고 2002다63411 판결 참조).",
            "위 비용은 보험관계 등의 청산을 전제로 피해자가 판결금액을 수령한 다음 일반환자로서 향후에 치료를 받을 경우 소요되는 치료비 상당액의 손해로서 피해자가 직접 병원에 지급하는 것이지 의료기관이 피고 등의 지급보증하에 치료를 하거나 그 진료수가상당액을 보험회사에 청구하는 것이 아니므로 피고의 위 주장은 이유 없다.",
            "원고의 나이, 상해의 부위 및 정도 등에 비추어 사고일로부터 120일간 성인 1인의 개호가 필요하였을 것으로 보이므로 위 기간 동안 도시 보통인부의 일용노임을 기초로 한 금액 상당을 인정한다.",
            "대물손해 1,900,000원(이 사건 사고로 폐차된 경운기의 중고가격 상당액)을 인정한다.",
            "위자료 원고의 연령, 직업, 과실 정도, 상해와 후유장해의 각 부위 및 정도, 가족관계, 사고발생 경위 등 이 사건 변론에 나타난 제반 사정을 참작하여 25,000,000원을 인정한다."
        ]
    },
    "close": {
        "cnclsns": [
            "제1심 판결을 다음과 같이 변경한다.",
            "가. 피고는 원고에게 261,099,473원과 이에 대하여 2003. 5. 13.부터 2006. 7. 6.까지는 연 5%의, 그 다음날부터 다 갚는 날까지는 연 20%의 각 비율로 계산한 돈을 지급하라.",
            "나. 원고의 나머지 청구를 기각한다.",
            "소송비용은 제1, 2심 모두 이를 5분하여 그 3은 피고의, 나머지는 원고의 각 부담으로 한다.",
            "제1의 가.항 중 제1심에서 가집행이 선고되지 아니한 부분은 가집행할 수 있다."
        ]
    }
}