{
    "info": {
        "caseField": "1",
        "detailField": "1",
        "trailField": "1",
        "caseNm": "매매대금등,부당이득금",
        "courtNm": "부산지방법원",
        "judmnAdjuDe": "2005. 08. 17.",
        "caseNo": "2004가합11295(본소),2005가합919(반소)",
        "relateLaword": [],
        "qotatPrcdnt": []
    },
    "concerned": {
        "acusr": "1",
        "dedat": "1"
    },
    "org": {
        "orgJdgmnCourtNm": "",
        "orgJdgmnAdjuDe": "",
        "orgJdgmnCaseNo": ""
    },
    "disposal": {
        "disposalform": "1",
        "disposalcontent": [
            "피고(반소원고)는 원고(반소피고)로부터 별지 목록 기재 각 부동산에 관하여 2003. 8. 11. 매매를 원인으로 한 소유권이전등기절차를 이행받음과 동시에 원고(반소피고)에게 250,000,000원을 지급한다.",
            "피고(반소원고)는 원고(반소피고)에게 83,477,310원 및 이에 대한 2004. 12. 8.부터 2005. 8. 17.까지는 연 5%, 그 다음날부터 완제일까지는 연 20%의 각 비율에 의한 금원을 지급한다.",
            "피고(반소원고)의 반소청구를 기각한다.",
            "소송비용은 본소, 반소를 합하여 모두 피고(반소원고)의 부담으로 한다."
        ]
    },
    "mentionedItems": {
        "rqestObjet": [
            "피고(반소원고)는 원고(반소피고)로부터 별지 목록 기재 각 부동산에 관하여 2003. 8. 11. 매매를 원인으로 한 소유권이전등기절차를 이행받음과 동시에 원고(반소피고)에게 250,000,000원을 지급한다.",
            "피고(반소원고)는 원고(반소피고)에게 83,477,310원 및 이에 대한 2004. 12. 8.부터 2005. 8. 17.까지는 연 5%, 그 다음날부터 완제일까지는 연 20%의 각 비율에 의한 금원을 지급한다.",
            "원고(반소피고, 이하  원고 라 한다)는 피고(반소원고, 이하  피고 라 한다)에게 500,000,000원 및 이에 대한 2004. 8. 19.부터 이 사건 반소장부본 송달일까지는 연 5%, 그 다음날부터 완제일까지는 연 20%의 각 비율에 의한 금원을 지급한다."
        ]
    },
    "assrs": {
        "acusrAssrs": [],
        "dedatAssrs": [
            "피고는, 위 매매계약 체결 당시 모텔의 1일 매상이 50여만 원 정도에 불과하여 경비 등을 제하고 나면 위 대출금의 이자도 다 변제하지 못할 상황이었음에도 불구하고, 원고가 모텔의 1일 매상이 150만 원 정도로서 위 대출금에 대한 이자와 경비를 제하더라도 한 달에 2,700만 원 상당의 순수익이 있다고 피고를 기망했다고 주장한다.",
            "이를 믿고 원고로부터 이 사건 모텔을 매수하였는바, 위 매매계약은 원고의 기망에 의한 것이므로 이 사건 답변서의 송달로써 이를 취소한다고 항변함과 아울러 반소로써 이 사건 매매계약에 기하여 원고에게 매매대금으로 지급한 5억 원 및 그에 대한 지연손해금의 반환을 구한다.",
            "피고는 또, 이 사건 모텔의 수입금이 원고의 말과는 달리 월 1,200만 원 정도에 불과하여 대출금에 대한 이자도 변제할 수 없다는것을 알고 2003. 10. 8. 원고에게 이를 항의하면서 기지급한 매매대금 합계 5억 원의 반환을 요구하자, 원고는 피고의 위 요청을 받아들여 이 사건 모텔을 타에 처분하여 위 대금을 반환하기로 약정했다.",
            "그리고 2003. 10. 말경 부동산중개사무소에 이 사건 모텔의 매도를 의뢰하기까지 하였는바, 이로써 이 사건 매매계약은 합의해제 되었다고 항변함과 아울러 반소로써 위 매매대금으로지급된 5억 원 및 그에 대한 지연손해금의 반환을 구한다."
        ]
    },
    "facts": {
        "bsisFacts": [
            "피고는 2003. 8. 11. 원고로부터 별지 목록 각 기재 부동산(이하 '이 사건 모텔'이라 한다)을 30억 원에 매수하면서, 계약금1억 원은 계약 당일, 중도금 2억 원은 같은 해 9. 10.에 각 지급하고, 잔금 27억 원 중 4억 5,000만 원은 같은 해 10. 15. 소유권이전등기절차를 이행받음과 동시에 지급하기로 하였다.",
            "나머지 22억 5,000만 원은 이 사건 모텔에 설정되어 있는 각 근저당권의 피담보채무인 원고의 000, 000에 대한 각 대출금채무 합계 22억 5,000만 원 상당을 피고가 승계하는 것으로 그 지급에 갈음하기로 약정하였다.",
            "피고는 위 매매계약에 따라 원고에게 계약금, 중도금을 각 지급한 후, 잔금 지급기일 전인 2003. 10. 2. 원고와 사이에 피고의 사정으로 인하여 소유권이전등기절차의 이행을 2004. 4.경으로 연기하고, 매매계약 체결 이후 이 사건 모텔에 관하여발생한 제세공과금과 위 대출금에 대한 이자는 피고가 부담하기로 하였다.",
            "원고는 이 사건 모텔을 제3자에게 이중으로 양도하지 아니하고, 피고가 2003. 10. 7. 원고로부터 이 사건 모텔을 인수받은 후 그 경영으로 인하여 발생하는 모든 문제는 피고가 부담하기로 약정하였다.",
            "그 후 피고는 2003. 10. 7. 원고에게 잔금 중 2억 원을 지급하였고, 나머지 잔금 2억 5,000만 원에 대하여는 원고와 사이에 위 금원을 변제기 2004. 4. 10. 이자 월 1%로 정하여 차용하기로 하는 준소비대차계약을 체결한 다음, 이 사건 모텔을 원고로부터 명도받아 같은 날부터 이를 운영하여 왔다."
        ]
    },
    "dcss": {
        "courtDcss": [
            "피고는 특별한 사정이 없는 한 원고로부터 이 사건 모텔에 관하여 위 매매를 원인으로 한 소유권이전등기절차를 이행받음과 동시에 원고에게 잔금 2억 5,000만 원을 지급할 의무가 있다.",
            "피고가 2003. 10. 2. 원고와 사이에 위 매매계약 체결 이후의 이 사건 모텔에 관한 제세공과금과 대출이자를 부담하기로 약정한사실은 앞서 본 바와 같고, 갑6호증의 1 내지 3, 갑7호증의 1 내지 3, 갑8 내지 11호증의 각 기재에 변론 전체의 취지를 종합하면, 피고가 2004. 7.분부터 제세공과금 및 대출이자를 지급하지 아니하여 원고가 다음 표 기재와 같이 이를 대위변제한 사실이인정된다.",
            "피고는 특별한 사정이 없는 한 원고에게 위 제세공과금 등 합계 83,477,310원을 지급할 의무가 있다.",
            "을5, 6호증의 각 기재와 증인 소외 2의 증언, 감정인 소외 3의 필적감정 결과만으로는 피고의 위 주장사실을 인정하기에 부족하고, 달리 이 사건 매매계약이 원고의 기망에 의하여 체결되었다고 인정할 다른 증거도 없으므로, 피고의 위 주장은 이유 없다.",
            "을2호증의 3, 을3호증의 각 기재만으로는 위 매매계약이합의해제되었다고 인정하기에 부족하고, 달리 이를 인정할 증거가 없으므로, 피고의 위 주장 역시 이유 없다."
        ]
    },
    "close": {
        "cnclsns": [
            "그렇다면 피고는 원고로부터 이 사건 모텔에 관하여 2003. 8. 11. 매매를 원인으로 한 소유권이전등기절차를 이행받음과 동시에 원고에게 250,000,000원을 지급한다.",
            "원고에게 위 대위지급한 제세공과금 등 83,477,310원 및 이에 대하여 위 각 대위변제일 이후로서 원고가 구하는 2004. 12. 8.부터 이 판결 선고일인 2005. 8. 17.까지는 민법 소정의 연 5%의, 그 다음날부터 완제일까지는 소송촉진등에관한특례법 소정의 연 20%의 각 비율에 의한 지연손해금을 지급할 의무가 있다 할 것이다.",
            "원고의 이 사건 본소청구는 이유 있어 이를 인용하고, 피고의 반소청구는 이유 없어 이를 기각하기로 한다."
        ]
    }
}