{
    "info": {
        "caseField": "1",
        "detailField": "1",
        "trailField": "2",
        "caseNm": "소유권확인등",
        "courtNm": "대전고법",
        "judmnAdjuDe": "2005. 01. 19.",
        "caseNo": "2004나2913",
        "relateLaword": [
            "민법 제188조",
            "민법 제249조",
            "민법 제204조"
        ],
        "qotatPrcdnt": [
            "대법원 2001다60385호"
        ]
    },
    "concerned": {
        "acusr": "1",
        "dedat": "1"
    },
    "org": {
        "orgJdgmnCourtNm": "대전지법 홍성지원",
        "orgJdgmnAdjuDe": "2004. 2. 13.",
        "orgJdgmnCaseNo": "2002가합691"
    },
    "disposal": {
        "disposalform": "10",
        "disposalcontent": [
            "제1심판결 중 점유권에 터잡아 별지 제1목록 기재 유체동산 중 순번 1 내지 4, 7 내지 16, 18번 유체동산에 대하여 한 인도청구 및 대상청구와 손해배상청구에 관한 원고 패소 부분을 취소하고, 그 취소 부분에 해당하는 원고의 소를 각하한다.",
            "원고의 나머지 항소를 모두 기각한다.",
            "항소비용은 원고의 부담으로 한다."
        ]
    },
    "mentionedItems": {
        "rqestObjet": [
            "별지 제1목록 기재 유체동산(순번 17번 유체동산은 제외)이 원고의 소유임을 확인한다.",
            "피고(선정당사자)(이하  피고 라고만 한다), 선정자 2, 선정자 3(이하 이들 모두를  피고들 이라 한다)은 연대하여 원고에게 별지 제1목록 기재 유체동산(순번 17번 유체동산은 제외)을 인도하고, 만일 위 동산의 인도가 불능할 때에는 피고들은 연대하여 원고에게 금 65,000,000원을 지급하라(원고는 소유권에 터잡은 청구와 점유권에 터잡은 청구를 선택적으로 한 것으로 본다).",
            "피고들은 연대하여 원고에게 금 40,000,000원 및 이에 대한 2000. 7. 1.부터 이 사건 소장 송달일까지는 연 5%의, 그 다음날부터 완제일까지는 연 25%의 각 비율에 의한 금원을 지급한다(원고는 소유권에 터잡은 청구와 점유권에 터잡은 청구를 선택적으로 한 것으로 본다).",
            "제1심판결 중 원고 패소 부분을 취소한다. "
        ]
    },
    "assrs": {
        "acusrAssrs": [
            "이 사건 동산들 중 이 사건 시설들을 제외한 나머지 시설(이하 이 사건 나머지 시설들이라 한다)도 원고가 경락받았으므로 원고의 소유이다.",
            "이 사건 나머지 시설들을 위 강제경매절차에서 경락받음으로써 평온·공연하게 취득하였고, 이 사건 나머지 시설들의 소유권이 위 소외인들에게 유보되어 선정자 선정자 3에게 처분권이 없다는 사정을 알지 못하였으며, 또한 이를알지 못한 데에 과실이 없으므로, 이 사건 나머지 시설들을 선의취득하였다.",
            "이 사건 동산들을 경락받은 소유권자일 뿐만 아니라, 유체동산인도단행가처분의 집행으로 이 사건 동산들을 적법하게 점유하게 된 점유권자인데 피고들이 이 사건 동산들에 대한 원고의 소유권 및 점유권을 침탈하였다(늦어도 □□□□ㅁ란 상호로 영업을 재개한 2000. 7. 1.경부터는 이 사건 동산들에 대한 점유를 침탈하였다.",
            "위 소유권 및 점유권에 터잡아 피고들에 대하여 이 사건 동산들의 인도를 구하고, 아울러 대상청구로서 그 인도불능시의 손해배상을 구한다.",
            "이 사건 시설들이 경락일로부터 상당한 시간이 지나 폐품화되었으므로 경락당시의 상태로 인도되어야 한다.",
            "원고 등은 별지 제2목록 기재 유기시설들의 소유권자 또는 점유권자인데 피고들이 2000. 7. 1.부터 3년간 별지 제2목록 기재 유기시설들 중 피고들이 해체한 유기시설들과 소외 00이 인도받은 유기시설을 제외한 11종을 불법적으로 점유·사용함으로써 1종당 월 21,847,250원씩 36월간 8,651,511,000원의 이득을 얻었다.",
            "이로 인하여 원고 등에게 같은 액 상당의 손해를 입혔다고 주장하면서, 소유권에 터잡은 부당이득반환청구 또는 점유권에 터잡은 손해배상청구로서 원고의 지분 24.2%에 해당하는 금액 중 일부인 40,000,000원의 지급을 구하고 있다."
        ],
        "dedatAssrs": [
            "."
        ]
    },
    "facts": {
        "bsisFacts": [
            "선정자 선정자 3은 1993. 7. 27.경부터 0000(지번 1 생략), (지번 2 생략), (지번 3 생략), (지번 4 생략), (지번 5 생략), (지번 6 생략) 지상에서 유기장업(종합유원시설업)의 허가를 그 당시 처남이던 피고 명의로 받은 후 0000랜드라는 유원지를 실질적으로 운영하여 왔다.",
            "선정자 2는 선정자 선정자 3의 전처(2000. 2. 26. 협의이혼)이자 피고의 누나로서 0000랜드의 실질적 운영 및 경리담당자이다.",
            "선정자 선정자 3은, (1) 1994. 10. 13. 소외 00과 사이에 소외 00이 자금을 투자하여 별지 제1목록 기재 1,8번 시설을 위 0000랜드 내에 설치하기로 하는 유기장기계 등 설치계약을 체결하면서 소외 00이 위 시설의 소유권을 보유하되, 선정자 선정자 3은 그 운영관리, 점유권 등을 가지고 위 시설을 운영하여 발생한 수익금의 일부를 소외 00에게 배분하기로 약정하였다.",
            "(2) 1996. 2. 2. 소외 00와 사이에 같은 목록 기재 2번 시설에 관하여, (3) 1995. 4. 18. 소외 00과 사이에 같은 목록 기재 3번시설에 관하여, (4) 1995. 5. 12. 및 1995. 6. 10. 소외 00와 사이에 같은 목록 기재 4,10,12,13,15,16,18번 시설에 관하여, (5) 1996. 2. 6. 소외 00와 사이에 같은 목록 기재 7,9번 시설에 관하여, 설치계약을 체결하였다.",
            "또(6) 1993. 7. 5. 소외 00과 사이에 같은 목록기재 11번 시설에 관하여, (7) 1994. 9. 3. 소외 00과 사이에 같은 목록 기재 14번 시설에 관하여, 위(1)항에서 본 위 피고와소외 00 사이의 유기장기계 등 설치계약과 같은 내용의 각 설치계약을 체결하였다.",
            "위 각 시설들의 소유권은 모두 각 시설을 설치한 해당 소외인들이 이를 각 보유하기로 하고 선정자 선정자 3은 위 각 시설을 이용해서 영업을 하여 위 소외인들에게 그에 따른 수익금을 분배하기로 각 약정하였다.",
            "원고와 소외 00, 소외 00, 소외 000,소외 00,소외 00(이하 원고 등이라 한다)는 선정자 선정자 3에 대하여 대전지방법원 홍성지원97머18호(95가합1917호) 투자금반환 사건의 집행력 있는 조정조서 정본에 터잡아 1997. 5. 2. 위 법원 97본310호로서 위 0000랜드 내 설치된 유기시설 등에 대한 유체동산경매신청을 하였다.",
            "별지 제2목록 기재 각 유기시설을 비롯한 21점의 시설물에 대하여 압류집행을 하고, 그 후 진행된 경매절차에서 원고 등이 1997. 9. 10. 각 유기시설들을 경락받았다.",
            "피고가 위 가처분집행 이후에도 이 사건 동산들과 별지 제2목록 기재 유기시설들을 사용하여 영업을 계속하자(피고와선정자 2는 위 가처분집행 이후에 위 가처분의 뜻을 게시한 공시문을 떼어내고 위 유기시설들을 정상 가동하여 영업을 하였다는 사유로 공무상표시무효죄 등으로 형사처벌을 받았다.",
            "원고 등은 다시 피고를 상대로 위 유기시설들에 대하여 유체동산인도단행가처분 신청을 하여 1998. 12. 18. 대전고등법원 98라34호로 위 시설들에 대하여 유체동산인도단행가처분 결정을 받고, 같은 달 30. 위 단행가처분 결정의 집행을 종료하였다.",
            "피고는 1999. 8. 1. 보령시청에 휴업신고를 하고 영업을 중단하였다.",
            "제1심 공동피고 소외 00는 2000. 4. 3.경 위 0000랜드의 실질적 운영자인 선정자 선정자 3과 동업계약을 체결하고(소외 00가 실질적으로 운영하던 0000의 채석장에 관한 1/2 지분과 0000랜드에 관한 1/2 지분을 서로 교환함으로써 0000랜드를 동업하기로 하였다.",
            "위 채석장 운영은 선정자 선정자 3이 주도적으로 하고 0000랜드의 운영은 소외14와 선정자 2가 운영하는데, 법률 및 계약사무 등 대외적 업무는 소외 00가, 경리업무는 선정자 2가 주관하기로 하였다. ",
            "위 동업계약 체결 당시 부지에 대한 임대차계약도 해제되어 유기장의 실체는 없고 단지 형식상의 영업허가만 남아 있는 상태였는데, 그 때부터 피고로부터 0000랜드의 인, 허가에 관한 일체의 업무대행권을 위임받은 후 유기장 시설물인 기구를 증설하기 위하여 시설부지를 다시 임차하고(토지 임대료로 소외 00는 14,000,000원을, 선정자 선정자 3은 6,000,000원을 각 투자하였다.",
            "보령시로부터 공작물 설치허가를 받고 공작물 설치 기초공사를 마친 다음 합계 금 184,000,000원을 투자하여 놀이기구인 바이킹, 댄싱플라이, 타가다디스코, 터미네이터, 제트보트 등 5종의 유기시설을 신설하여(기존 유기시설은 사용하지 아니하고 방치하였다.",
            "2000. 6. 23. 준공검사를 마치고, 같은 달 30. 보령시로부터 허가사항 변경허가를 받은 다음, 허가증을 다시 받아 2000. 7. 1. 해수욕장의 개업시기에 맞추어 00000라는 상호로 바꾸면서 피고의 명의로 사업자등록을 하여 다시 영업을 재개하였다(상호 변경에 관한 허가는 2002. 4. 22. 받았다).",
            "000가 개장되자 피고들은 소외 00와의 동업관계를 부인하면서 소외 00를 배제시킨 채 000를 점유하고 영업을 하면서 수익금 분배를 거부하고 이를 독차지하려 하였고, 이에 따라 소외 00가 피고들을 상대로 하여 대전지방법원 홍성지원 2000가합1157호로 동업지분 확인 등을 구하는 소송을 제기하였다.",
            "일부 승소판결을 받았으나 피고들이 항소하여(이 법원2001나7573호) 결국, 2002. 7. 8. 조정이 성립됨으로써 위 동업관계는 종료되었다.",
            "피고들은 □□□□ㅁ의 영업장소에 있던 이 사건 동산들 중 별지 제1목록 기재 순번 5,6,19 내지 24번 시설들(이하 이 사건 시설들 이라 한다) 및 별지 제2목록 기재 순번 6번 시설을 사용하지 않고 방치하였다.",
            "0000랜드 개업 당시부터 관리인으로 있었으며 피고의 형이자 선정자 2의 동생인 보조참가인은 피고들을 대리하여 2002. 9. 11. 및 같은 해 11. 5. 원고에게 00000 영업장소인 0000(지번 3 생략)에서 보조참가인의 입회하에 이 사건 시설들을 인수하여 갈 것을 통보하였다.",
            "보조참가인은 이 사건 제1심판결 선고 후인 2004. 3. 8. 같은 내용을 통보하였으나, 원고는 2002. 11. 17., 2003. 1.24., 및 2004. 3. 10. 인수를 거절하였다."
        ]
    },
    "dcss": {
        "courtDcss": [
            "이 사건 시설들이 원고의 소유인 점에 대하여 피고, 선정자 2가 다투고 있지 아니하므로, 원고와 피고, 선정자 2 사이에서는 이 사건 시설들의 권리관계에 관한 법적 불안이 있다고 할 수 없으므로, 이 부분의 소는 확인의 이익이 없어 부적법하다.",
            "이 사건 시설들에 관한 선정자 선정자 3에 대한 청구를 인용한 제1심판결에 대하여 선정자 선정자 3이 항소하지 아니하였으므로, 선정자 선정자 3에 대한 청구 부분에 관하여는 판단대상으로 삼지 아니한다.",
            "위 제1의 나.항에서 본 바와 같이 별지 제1목록 기재 순번 1, 8번 시설은 소외 00이, 같은 목록 기재 순번 2번 시설은 소외 00가, 같은 목록 기재 순번 3번 시설은 소외 00이, 같은 목록 기재 순번 4, 10, 12, 13, 15, 16, 18번 시설은 소외 00가 설치하였다.",
            "또 같은 목록 기재 순번 7, 9번 시설은 소외 00가, 같은 목록 기재 순번 11번 시설은 소외 00이, 같은 목록 기재 순번 14번 시설은 소외 00이 각 선정자 선정자 3과 사이에 위 각 유기시설들의 소유권을 유보하고 위 0000랜드에 설치하였다.",
            "그러므로, 비록 원고가 이 사건 나머지 시설들이 집행채무자인 선정자 선정자 3의 소유임을 전제로 이 사건 나머지 시설들에 대하여 위와 같이 강제경매절차를 진행하여 이 사건 나머지 시설들을 직접 경락받아 경락대금을 납부하기까지 하였다 하더라도, 경락인인 원고가 이 사건 나머지 시설들을 인도 받아 그에 관한 소유권을 선의취득하였다는 등의 특별한 사정이 없는 한 이 사건 나머지 시설들의 소유자는 여전히 원래의 소유자였던 위 소외인들이라 할 것이다.",
            "갑 제17호증, 을 제2 내지 4호증의 각 기재, 갑 제43호증의 일부 기재에 변론 전체의 취지를 종합하면, 유기시설은 유원지 허가권자가 그 소유자로부터 위탁받아 운영한 다음 서로 수익금을 나누어 갖는 형태로 운영되는 것이 일반적인 관례이다.",
            "원고 등도 1994. 4. 19.경 선정자 선정자 3과의 사이에 선정자 3이 소유자로서 설치, 운영하였던 00000에 투자하고 투자금에 따른 수익금을 분배받기로 약정하였을 뿐 아니라, 바로 그 투자금 반환에 관한 집행권원(대전지방법원 홍성지원 97머18호 조정조서)에 터잡아 별지 제2목록 기재 각 유기시설에 대하여 경매를 신청하여 1997. 9. 10. 원고 등이 이를 경락받고 다시 이 사건 동산들에 대하여 경매를 신청하였다.",
            "1998. 7. 14. 원고가 이 사건 동산들을 경락받은 사실, 또한 원고 등 중 소외 00은 위 경매에 앞서 선정자 선정자 3과 위 00000와 같은 내용의 계약을 체결하고 별지 제2목록 기재 순번 16번 시설을 설치하던 중 자금사정으로 인하여 이를 소외 00에게 매도한 사실, 원고 등 중 소외 00은 위와 같은 내용의 계약을 체결하고 위 목록 기재 순번 13번 시설을 설치, 운영하다가 이를 위 소외 00에게 매도하였다.",
            "선정자 선정자 3이 1993. 7.경부터 1998. 12.경까지 사이에 매월 1회 내지 2회씩 유기기구 소유자들을 전부 모아 놓고 각 유기시설별 수익금을 분배하면서 00000랜드의 전반적인 영업상황을 설명하기도 하였던 사실을 각 인정할 수 있고, 갑 제46호증의 기재 및 갑 제43호증의 일부 기재는 위 인정에 방해가 되지 아니하며, 달리 반증이 없다.",
            "그렇다면 원고는 이 사건 나머지 시설들의 소유권에 관한 선정자 선정자 3과 위 소외인들 사이의 약정을 알았거나, 알지 못하였다 하더라도 위 소외인들이 이 사건 나머지 시설들의 설치, 운영에 투자하였다는 사실 및 유원지에 설치된 유기기구의 운영형태를 알고 있었으므로, 원고로서는 이 사건 나머지 시설을 경락받음에 있어 위 소외인들에게 이 사건 나머지 시설들의 소유권 또는 처분권이 선정자 선정자 3에게 있는지 여부를 문의, 조사하여야 할 주의의무가 있다.",
            "만약 이를 확인하려고 하였다면 이 사건 나머지 시설들의 소유권이 위 소외인들에게 유보되어 있음을 쉽게 알 수 있었음에도 불구하고, 원고가 이를 조사하지 아니하였으므로, 이 사건 나머지 시설들에 대한 처분권이 선정자 선정자 3에게 있다고 믿은 데에 과실이 있다 할 것이다.",
            "따라서 원고가 이 사건 나머지 시설들을 선의취득하였다고 할 수 없으므로 원고의 위 주장은 이유 없으며, 이 사건 나머지 시설들에 대한 소유권확인청구는 이유 없다.",
            "피고들은 그 대리인인 보조참가인을 통하여 이 사건 시설들에 대한 원고의 소유를 인정하면서 원고에게 이를 인수하여 갈 것을 여러 차례 통보한 사실이 인정되는바, 원고가 이미 이 사건 시설들을 인수하여 갈 수 있었음에도 불구하고 굳이 이 사건 대상청구를 하고 있으므로, 이 부분 청구는 미리 청구할 필요가 있다고 할 수 없어 받아들일 수 없다.",
            "이 사건 나머지 시설들은 원고의 소유라고 할 수 없으므로, 이를 전제로 하는 인도청구 및 대상청구는 더 나아가 판단할 필요 없이 이유 없다(뿐만 아니라, 갑 제41호증의 1 내지 6,11의 각 영상만으로는 피고들이 이 사건 나머지 시설들을 점유하고 있다고 인정하기도 어렵다).",
            "민법 제204조 제1항 및 제3항의 규정에 의하면, 점유자가 점유의 침탈을 당한 때에는 그 물건의 반환 및 손해의 배상을 청구할 수 있으나, 그 청구권은 점유의 침탈을 당한 날로부터 1년 내에 행사하여야 한다.",
            "원고의 주장 자체에 의하더라도 유체동산인도단행가처분 결정의 집행종료 후 피고들이 00000란 상호로 영업을 재개한 2000. 7. 1.경에 이 사건 동산들에 대한 점유를 침탈하였다는 것인바, 위 2000. 7. 1.로부터 1년이 경과한 2002. 9. 5. 이 사건 소가 제기되었음은 기록상 명백하므로, 점유권에 터잡은 이 사건 동산의 인도 및 대상청구 부분의 소는 부적법하다.",
            "점유자가 점유의 침탈을 당하여 입은 손해의 배상청구권은 그 침탈을 당한 날로부터 1년 내에 행사하여야 함은 위 나.(3)항에서 본 바와 같은바, 피고들이 이 사건 계쟁 유기시설들에 대한 원고의 점유권을 침탈하였다고 원고가 주장하는 2000. 7. 1.경으로부터 1년이 경과한 2002. 9. 5. 이 사건 소가 제기되었음이 기록상 명백하므로, 점유권에 터잡은 손해배상청구는 부적법하다.",
            "피고들이 2000. 7. 1.부터 별지 제2목록 기재 각 유기시설들을 사용하여 이득을 얻었는지에 관하여 살펴보자면, 이에 부합하는 갑 제8호증의 1, 2, 제25호증의 1 내지 9, 갑 제30호증, 갑 제35호증의 12, 49, 50, 51의 각 기재와 갑 제41호증의 7 내지 10의 각 영상만으로는 이를 인정하기에 부족하고, 달리 이를 인정할 만한 증거가 없다.",
            "오히려 앞서 든 각 증거들과 갑 제35호증의 74, 을 제16호증의 1 내지 4의 각 기재 및 변론 전체의 취지에 의하면 피고들은 1999. 8. 1. □□□□랜드의 영업중단 이후 이 사건 계쟁 유기시설들을 사용하지 않고 그대로 두었다.",
            "2000. 7. 1. 00000로 영업을 개시하여 허리케인, 타가타, 바이킹, 점핑스마일, 터미네이터, 댄싱플라이, 젯트보트 등의 유기시설을 새로 설치하여 운영한 사실(위 시설들 중 타가타, 바이킹, 터미네이터, 댄싱플라이, 젯트보트 에 관하여는 2000. 6. 30., 허리케인 은 2000. 7. 20., 점핑스마일 은 2000. 7. 29. 각 유기기구 신설허가를 받았다.",
            "피고들은 2002. 4. 22. 별지 제2목록 기재 유기시설 중 순번 1, 2, 4, 5, 9 내지 12,16 내지 18과 바이킹 및 점핑스마일 등 13종의 유기기구를 폐기하는 변경허가를 받은 사실이 인정되므로, 이에 비추어 보면 피고들은 이 사건 계쟁 유기기설들에 대한 허가를 가지고 있기는 하였으나 2000. 7. 이후에는 이를 사용하지 아니하고 새로운 유기시설들을 설치하여 영업을 하여 왔다고 보인다.",
            "따라서 피고들이 이 사건 계쟁 유기시설들을 사용하여 이득을 얻었음을 전제로 하는 위 부당이득 반환청구는 더 나아가 판단할 필요 없이 이유 없다."
        ]
    },
    "close": {
        "cnclsns": [
            "제1심판결 중 점유권에 터잡아 별지 제1목록 기재 유체동산 중 순번 1 내지 4,7 내지 16,18번 유체동산에 대하여 한 인도청구 및 대상청구와 손해배상청구에 관한 원고 패소 부분을 취소하고, 그 취소 부분에 해당하는 원고의 소를 각하한다.",
            "원고의 나머지 항소를 모두 기각한다.",
            "항소비용은 원고의 부담으로 한다."
        ]
    }
}