{
    "info": {
        "caseField": "1",
        "detailField": "1",
        "trailField": "2",
        "caseNm": "손해배상(기)",
        "courtNm": "부산고등법원",
        "judmnAdjuDe": "2006. 03. 16.",
        "caseNo": "2005나16355",
        "relateLaword": [
            "행형법 제33조",
            "행형법 시행령 제62조"
        ],
        "qotatPrcdnt": [
            "전주지방법원 2004가소28388호",
            "창원지방법원 2005나8068호"
        ]
    },
    "concerned": {
        "acusr": "1",
        "dedat": "3"
    },
    "org": {
        "orgJdgmnCourtNm": "창원지방법원 ",
        "orgJdgmnAdjuDe": "2005. 9. 1.",
        "orgJdgmnCaseNo": "2005가합3052"
    },
    "disposal": {
        "disposalform": "10",
        "disposalcontent": [
            "제1심 판결 중 위자료 청구에 관한 피고 패소 부분을 취소한다.\n",
            "위 취소부분에 해당하는 원고의 청구를 기각한다.",
            "원고의 항소를 기각한다.",
            "소송총비용은 원고의 부담으로 한다."
        ]
    },
    "mentionedItems": {
        "rqestObjet": [
            "피고는 원고에게 20,000,100원 및 이에 대하여 2004. 5. 7.부터 이 사건 소장부본 송달일까지 연 5%, 그 다음날부터 다 갚는 날까지 연 20%의 각 비율로 계산한 금원을 지급하고, 피고 산하 교정기관은 원고의 사적 정보가 유출 또는 공개되지 않도록 한다.",
            "제1심 판결 중 아래에서 지급을 명하는 부분에 해당하는 원고 패소부분을 취소한다.",
            "피고는 원고에게 9,000,000원 및 이에 대하여 2004. 5. 7.부터 이 사건 소장부본 송달일까지는 연 5%의, 그 다음날부터 완제일까지는 연 20%의 각 비율에 의한 금원을 지급한다.",
            "제1심 판결 중 위자료 청구에 관한 피고 패소 부분을 취소하고,\n위 취소부분에 해당하는 원고의 청구를 기각한다."
        ]
    },
    "assrs": {
        "acusrAssrs": [
            "원고는, 피고가 전소에서 사건과 관련이 없음에도 원고의 범죄사실, 원고의 형사사건 기록, 원고의 고소사건 기록, 원고의 국가인권위원회 진정기록, 원고의 인권단체 등 질의서 발송기록, 원고의 청원기록, 원고의 정보공개청구 및 이의신청기록, 원고의 손해배상청구기록, 원고의 수용생활 중 징벌 내용 등 원고의 사적 정보가 기재된 답변서와 증거서류를 제출하여 공개하라고 주장한다.",
            "원고의 프라이버시와 명예등 인격권이 침해되어 이로 인하여 정신적 피해를 입었으므로 피고는 위자료로 20,000,100원을 지급하여야 한다고 주장한다. "
        ],
        "dedatAssrs": [
            "피고는 당초 수감의 원인이 된 원고의 범행이나 수감 중 발생한 추가적인 범행, 나아가 원고가 무차별적으로 다른 국가기관이나 언론기관, 인권단체 등에 서신을 보내거나 보내려고 하는가 하면 피고에 대하여 손해배상을 구하는 소송을 다수 제기한 점을 들어 안동교도소장의 서신발송 제한조치는 교정시설의 질서유지를 위한 불가피한 조치였다.",
            "오히려 원고가 전소를 제기한 것이 소권 남용에 해당한다는 주장을 뒷받침하려는 데 있었고, 이는 피고의 정당한 소송활동이라는 점에서 원고의 청구는 이유 없다고 주장한다."
        ]
    },
    "facts": {
        "bsisFacts": [
            "원고는 강도살인죄 등으로 무기징역형을 선고받고 1990. 10. 26. 그 형이 확정된 이래 0000, 0000, 0000, 0000, 0000, 0000, 0000 등지의 교도소를 거쳐 현재 000에 수감되어 있는 기결수이다.",
            "원고는 000에 수감 중이던 2002. 11.경 발송 복적으로 000에 대한 진정서, 민사소송서류 기타 우편물을 교도소 측에 제출하였으나, 교도소 측에서 그 발송 여부의 처리 및 이에 대한 확인을 지연시키는 것으로 보고 감사원에 이와 같은 지연행정에 대한 직무감찰심사를 청구하는 내용의 심사청구서를 작성하여 발송 목적으로 교도소 측에 제출하였다. ",
            "원고는 2002. 11. 21.경 000 편집장에게 그 동안 원고가 교도소측으로부터 당한 부당 내지 불법행위들을 알리는 내용의 서신을 작성하여 발송 목적으로 교도소 측에 제출한 것을 비롯하여 그 무렵부터 2003. 1. 29.경까지 사이에 0, 0, 00, 0 등에 같은 취지로 된 서신을 작성하여 마찬가지로 발송 목적으로 교도소 측에 제출하였다.",
            "교도소장은 위 심사청구서의 경우와 같은 이유로 모두 발송을 불허한 채 이를 폐기하였다."
        ]
    },
    "dcss": {
        "courtDcss": [
            "피고나 그 소송수행자가 전소에서 제출한 답변서 및 그 증거자료를 통해 원고의 프라이버시를 침해하거나 명예를 훼손할 목적으로 허위의 사실을 주장하거나, 모욕적인 언사 등 현저하게 부적절한 표현으로 사실을 주장하였다는 점에 관하여는 이를 인정할 아무런 증거가 없다.",
            "피고의 위 답변서 및 관련 증거 제출과 전소와의 관련성에 관하여 살피건대, 변론주의 원칙이 지배하는 민사소송절차에서 당사자는 자신이 주장하는 법률효과의 존부 판단에 직접 필요한 사실, 즉 요건사실에 해당하는 구체적 사실(=주요사실)뿐만 아니라 간접사실, 즉 주요사실의 경위, 내력 등에 관한 사실이나 주요사실의 존부를 추인케 하는 사실에 대하여도 이를 주장·입증할 필요가 있다.",
            "그러므로 어떤 주장 ·입증이 주요사실에 대한 것이 아니라고 하더라도, 당해 소송의 쟁점 및 요건사실과 이에 대한 쌍방의 주장·입증 등의 진행 경과, 당사자의 학력, 경력, 이해관계 등의 제반 사정에 비추어 당사자의 입장에서 이를 제출할 필요가 있다고 판단한 데에 수긍할 만한 사유가 있다면 그 주장·입증이 당해 소송과 관련이 없는 것이라고 할 수 없다.",
            "이는 오히려 정당한 변론활동의 범위 내에 있는 것이라고 보아야 할 것이다.",
            "원고의 형이 확정된 범죄사실과 교도소 내에서의 추가적인 범죄사실 및 징벌 내용은, 원고가 보내려고 한 심사청구서를 비롯한 서신들의 발송이 정당한 목적이 없고 행형법시행령 소정의 서신발송 불허가 사유인 ’기타 교도소 등의 안전과 질서에 중대한 해를 끼칠 우려가 있는 경우’에 해당하는지 여부를 판단함에 있어서 간접사실 또는 정황증거로서 제출할 필요가 있다고 볼 여지가 있다.",
            "전소의 진행 경과 등에 비추어 볼 때, 피고의 소송수행자가 이를 주장·입증한 것은 정당한 변론활동의 일환이라고 선해할 수 있다.",
            "그 밖에 원고의 고소사건 기록, 국가인권위원회 진정기록, 인권단체 등 질의서 발송기록, 청원기록, 정보공개청구 및 이의신청기록, 손해배상청구기록에 관한 주장을 하거나 이에 대한 증거를 제출한 행위도 위와 같은 서신발송 불허가사유나 또 다른 서신발송 불허가 사유인 ‘수용자의 처우 기타 교도소 등의 운영실태에 관하여 명백한 허위사실을 포함하는 경우’에 해당하는지 여부 및 원고의 전소 제기가 피고가 주장하는 바와 같다.",
            "소권 남용에 해당하는지 여부를 판단함에 있어 적어도 간접사실에 대한 주장·입증으로서 제출의 필요성이 있다고 볼 여지가 충분하므로, 이 부분 주장·입증 또한 전소와 관련이 없다고 할 수 없고, 전소의 진행 경과 등에 비추어 정당한 변론활동의 범위 내의 것이라고 봄이 상당하다.",
            "원고가 피고를 상대로 제기한 다른 소송절차에서 소가를 확장한 여러 전례가 있다는 객관적인 사실에 피고의 의견 내지 평가를 덧붙인 것에 불과하고, 그것이 원고의 전소 제기가 소권 남용에 해당한다는 피고의 주장과 전혀 무관하다고 할 수는 없으므로, 이로써 피고가 허위의 사실 또는 당해 사건과 관련 없는 사실을 주장하였다고도 보기 어렵다.",
            "피고가 전소의 답변서 및 그에 대한 증거자료를 제출함으로써 원고의 인격권을 침해하였다 하더라도 이는 사회통념상 변론활동으로 허용되는 범위를 일탈하였다고 인정되지 아니하므로 위법성이 없다고 봄이 상당하다."
        ]
    },
    "close": {
        "cnclsns": [
            "제1심 판결 중 위자료 청구에 관한 피고 패소부분을 취소한다.",
            "위 취소부분에 해당하는 원고의 청구를 기각한다.",
            "원고의 항소를 기각한다.",
            "소송총비용은 원고의 부담으로 한다."
        ]
    }
}