{
    "info": {
        "caseField": "1",
        "detailField": "1",
        "trailField": "2",
        "caseNm": "분양대금반환",
        "courtNm": "서울고등법원",
        "judmnAdjuDe": "2007. 01. 19.",
        "caseNo": "2005나108560",
        "relateLaword": [
            "구 주택건설촉진법(2002. 12. 30. 법률 제6852호로 개정되기 전의 것)",
            "민법 제706조",
            "민법 제709조"
        ],
        "qotatPrcdnt": [
            "대법원 1998. 3. 13. 선고 95다30345 판결",
            "대법원 2002. 1. 25. 선고 99다62838 판결 "
        ]
    },
    "concerned": {
        "acusr": "1",
        "dedat": "1"
    },
    "org": {
        "orgJdgmnCourtNm": "서울동부지방법원",
        "orgJdgmnAdjuDe": "2005. 10. 21.",
        "orgJdgmnCaseNo": "2004가합9174"
    },
    "disposal": {
        "disposalform": "10",
        "disposalcontent": [
            "제1심 판결 중 다음에서 지급을 명하는 금원에 해당하는  원고 1,  2,  5,  6의 패소부분을 취소한다.",
            "피고들은 각자  원고 1에게 40,000,000원, 원고 2에게 80,000,000원, 원고 5에게 60,000,000원,  원고 6에게 19,280,000원 및 위 각 금원에 대하여 2002. 7. 31.부터 2007. 1. 19.까지는 연 5%, 그 다음날부터 완제일까지는 연 20%의 각 비율로 계산한 금원을 지급한다.",
            "원고 3,  4의 항소와  원고 1,  2,  5,  6의 나머지 항소를 모두 기각한다.",
            "피고들은 각자  원고 3,  4의 승계참가인에게 80,000,000원 및 이에 대하여 2002. 7. 31.부터 2007. 1. 19.까지는 연5%, 그 다음날부터 완제일까지는 연 20%의 각 비율로 계산한 금원을 지급한다."
        ]
    },
    "mentionedItems": {
        "rqestObjet": [
            "제1심 판결을 취소한다. ",
            "주위적으로 피고들은 각자 원고 1에게101,700,000원, 원고 2에게 192,550,000원, 원고 3에게 5,000만 원, 원고 4에게 3,000만 원, 원고 5에게 159,800,000원, 원고 6에게 44,285,000원 및 위 각 금원에 대하여 2002. 7. 31.부터 이 사건 소장 부본 송달일까지는 연 5%, 그 다음날부터 완제일까지는 연 20%의 각 비율로 계산한 금원을 지급한다. ",
            "예비적으로 피고 5는 원고 1에게 101,700,000원, 원고 2에게 192,550,000원, 원고 5에게 159,800,000원, 원고 6에게 44,285,000원 및 위 각 금원에 대하여 2002. 7. 31.부터 이 사건 소장 부본 송달일까지는 연 5%, 그 다음날부터 완제일까지는 연 20%의 각 비율로 계산한 금원을 지급한다.",
            "(원고 1, 2, 5, 6은 당심에 이르러  피고 5에 대한 예비적 청구를 추가하였다)."
        ]
    },
    "assrs": {
        "acusrAssrs": [
            "피고 5는 00000재건축조합의 대표로서 원고들과 사이에 이 사건 분양승계계약을 체결하였으므로 이 사건 분양승계계약 및 이 사건 분양계약의 효력은 피고들 모두에게 귀속된다.",
            "피고들이 이 사건 분양승계계약에서 약정한 준공기일인 2002. 4. 30.까지 분양받은 상가건물을 준공하기는커녕 재건축공사를 중단한 채 현재까지도 전혀 공사를 진행하지 않고 있어, 원고들이 위와 같은 채무불이행을 이유로 피고들에게 이 사건 소장부본 송달로써 이 사건 분양계약을 해제하였다.",
            "피고들은 원고들 및 승계참가인에게 원고들이 분양대금 명목으로 납부한 모든 금원 및 이에 대한 지연손해금을 반환할 의무가 있다."
        ],
        "dedatAssrs": [
            "피고 5는 위 각 서증 중 자신의 명의 부분이 위조되었다는 취지의 증거 항변하고 있다."
        ]
    },
    "facts": {
        "bsisFacts": [
            "피고들은 0000 (이하 생략) 대 678㎡ 외 1필지(이하 '이 사건 사업부지' 라 한다)를 공유하면서(다만, 피고 3은2001. 5. 10. 당초의 공유자였던 소외 2로부터 그 공유지분을 상속받았다) 그 지상의 00000에 각 거주하던 자들이다.",
            "그 후 피고들은 소외 3 주식회사와 사이에서 분쟁이 발생하여 위 도급계약이 해제되자, 2001. 2. 초순경 소외 4 주식회사를새로운 시공사로 선정하기로 하여 피고 3, 5에게 이 사건 재건축사업에 있어 시공사와 가계약을 체결하기 위하여 피고 3,5를 건축주 대표로 선정하고 이에 따른 모든 권한 일체를 위임한다 는 취지의 위임장(을가 제3호증)을 작성,교부하여 주었다.",
            "소외 회사와의 계약 체결에 반대하던 피고 3은 2001. 5. 31. 소외 회사가 위 재건축공사와 관련하여 이행보증보험증권을 제출할 것을 조건으로 이 사건 도급계약에 동의하였다(이 사건 도급계약에도 소외 회사가 착공 전에 이행보증보험증권을 제출하기로 하는 약정이 존재한다)",
            "이에 소외 회사는 2001. 6. 12. 000로부터 위 재건축공사에 관하여 피보험자를 피고 5로 한 이행보증보험증권을 발급받아 피고들에게 교부하였다.",
            "소외 회사는 이 사건 도급계약에서 정한 일반분양분에 관하여 수분양자를 모집하는 과정에서 2001. 9. 말경부터 2001. 11. 말경까지 원고들과 사이에 별지 분양계약 내역표 분양목적물 란 기재 각 해당 부동산에 관하여 같은 표 분양대금 란 기재 각해당 금원을 분양대금으로 하는 각 분양계약(이하 이를 통틀어 ‘이 사건 분양계약’이라 한다)을 체결하였다.",
            "소외 회사로부터 토목 등 공사를 하도급받은 소외 6 주식회사는 하도급 공사대금의 지급이 지체되자 공사를 중단하였다.",
            "이에 피고 5는 2001. 12. 18., 2002. 1. 9., 2002. 2. 4. 3차에 걸쳐 소외 회사에게 이 사건 도급계약에 따른 의무의 불이행을 이유로 이 사건 도급계약을 해지하는 한편, 2002. 1. 31. 소외 6 주식회사에게 이 사건 공사의 시행대행권과 시공권을 부여하였다.",
            "그러나 소외 회사가 2002. 3.경 이 사건 도급계약 해지의 효력을 부인하면서 이 사건 재건축공사 현장으로 다시 무단 진입하여 공사를 강행하려고 하는 등 피고들과 사이에 분쟁이 계속하여 발생하였고, 피고들은 이로 인하여 원고들의 독촉에도 불구하고 이 사건 소 제기 당시까지 이 사건 재건축공사를 완공하지 못하였다.",
            "승계참가인은 이 사건 소송 계속 중 원고 3, 4로부터 그들이 분양받은 0000 (이하 생략) 소재 상가 203호 및204호와 관련된 모든 권리를 양수한 후 당심에 이르러 원고 3, 4에 대한 소송승계참가를 신청하였다."
        ]
    },
    "dcss": {
        "courtDcss": [
            "피고들은 이 사건 사업부지의 공유자들로서 이 사건 사업부지를 상호 출자하여 그 지상에 건립된기존의 00000을 철거한 후 아파트와 상가를 재건축하는 공동사업을 경영하기로 약정하였다.",
            "민법 제706조는 조합계약으로 업무집행자를 정하지 아니한 경우에는 조합원의 3분의 2 이상의 찬성으로 이를 선임한다고 규정하고있는데, 앞서 본 바에 의하면 피고 5는 피고들 조합의 업무집행자로서 상당한 기간 동안 활동하여 왔다.",
            "피고 5는 적어도 피고 10을 .제외한 나머지 피고들로부터 위 위임장을 교부받을 무렵 조합원 3분의 2 이상의 찬성으로 피고들이 결성한 조합의 업무집행자로 선임되었다고 봄이 상당하다.",
            "조합의 업무집행에 관하여 조합원 전원의 동의를 요하도록 하는 약정이 있다는 등의 특별한 사정이 없는 한, 그 업무집행조합원은조합의 목적을 달성하는 데 필요한 범위에서 조합을 위하여 모든 행위를 할 대리권이 있는 것으로 추정된다.",
            "피고들 조합의이 사건 재건축사업과 관련된 업무집행을 위한 행위에 해당한다 할 것이므로, 피고 5는 나머지 피고들을 대리하여 이 사건 분양승계계약을 체결할 적법한 권한이 있었다고 할 것이다.",
            "원고들이 이와 같은 피고들의 채무불이행을 이유로 이 사건 소장부본 송달로써 이 사건 분양계약을 해제하여 그 무렵 이 사건소장이 피고들에게 모두 송달되었음은 기록상 명백하므로, 피고들은 이 사건 분양계약의 해제로 인한 원상회복의무로서 원고들에게 분양대금으로 납부한 금원 및 이에 대한 지연손해금을 반환할 의무가 있다.",
            "원고 3, 소외 7이 피고들에 대하여 가지는 이 사건 임대차계약의 해제로 인한 원상회복청구권은 승계참가인에게 이전되었다고 할 것이고, 이로써 원고 3, 소외 7의 피고들에 대한 위 권리는 모두 소멸되었다.",
            "피고들은 원고들과 사이에 이 사건 분양승계계약을 체결함으로써 원고들이 그 전에 소외 회사에게 지급한 위 분양대금을 그대로 승계하기로 하였다고 보아야 할 것이므로, 위 각 금원은 이 사건 분양계약의 해제에 따라 피고들에게 모두 반환되어야 할 것이다.",
            "원고 3, 4가 이 사건 분양승계계약 체결 후인 2002. 2. 6. 00000재건축조합 대표의 자격에서 피고 5가 한 요청에 따라 피고 5로부터 이 사건 재건축사업의 시행대행권 및 시공권을 부여받기로 한 소외 6 주식회사의 대표이사 소외 9에게 각 2,000만 원씩의 분양대금을 지급한 사실을 인정할 수 있고, 반증이 없으므로, 위 각 금원 역시 정상적으로 지급된 분양대금으로서 이 사건 분양계약의 해제에 따라 원고 3, 4에게 반환되어야 할 것이다.",
            "원고들의 소외 회사에 대한 위 금원의 지급은 이 사건 분양계약에 따른 분양대금 지급의무의 이행으로서 유효하다고 보이지 아니하여 원고들로서는 피고들에 대하여 위 각 금원을 반환을 구할 수 없다고 할 것이다.",
            "원고 3, 4의 피고들에 대한 이 사건 분양계약 해제에 따른 원상회복청구권은 소멸하였고, 그 권리는 승계참가인에게 이전되었다고 할 것이다.",
            "따라서 피고들은 각자 원고 1에게 위 4,000만 원, 원고 2에게 위 8,000만 원, 원고 5에게 위 6,000만 원, 원고 6에게 위 1,928만 원,",
            "원고 3, 4로부터 이 사건 분양계약상의 모든 권리를 양수한 승계참가인에게 8,000만 원{ 원고 3으로부터 양수한 금액 5,000만 원(이 사건 분양승계계약 전에 지급한 금액 3,000만 원 + 소외 9에게 지급한 금액 2,000만 원) + 원고4로부터 양수한 금액 3,000만 원(이 사건 분양승계계약 전에 지급한 금액 1,000만 원 + 소외 9에게 지급한 금액 2,000만 원)}",
            "및 위 각 금원에 대하여 위 각 분양대금의 지급일 이후로서 원고들이 구하는 2002. 7. 31.부터 그 지급의무의 존부 및 범위에 관하여 항쟁함이 상당한 당심 판결 선고일인 2007. 1. 19.까지는 민법 소정의 연 5%, 그 다음날부터 완제일까지는 소송촉진 등에 관한 특례법 소정의 연 20%의 각 비율로 계산한 지연손해금을 지급할 의무가 있다."
        ]
    },
    "close": {
        "cnclsns": [
            "제1심 판결 중 다음에서 지급을 명하는 금원에 해당하는 원고 1, 2, 5, 6의 패소부분을 취소한다.",
            "피고들은 각자 원고 1에게 40,000,000원, 원고 2에게 80,000,000원, 원고 5에게 60,000,000원, 원고 6에게 19,280,000원 및 위 각 금원에 대하여 2002. 7. 31.부터 2007. 1. 19.까지는 연 5%, 그 다음날부터 완제일까지는 연20%의 각 비율로 계산한 금원을 지급한다.",
            "원고 3, 4의 항소와 원고 1, 2, 5, 6의 나머지 항소를 모두 기각한다.",
            "피고들은 각자 원고 3, 4의 승계참가인에게 80,000,000원 및 이에 대하여 2002. 7. 31.부터 2007. 1. 19.까지는 연5%, 그 다음날부터 완제일까지는 연 20%의 각 비율로 계산한 금원을 지급한다.",
            "원고 3, 4의 승계참가인의 피고들에 대한 나머지 주위적 청구를 기각한다.",
            "원고 3, 4의 항소비용은 위 원고들이 부담하고, 원고 1, 2, 5, 6과 피고들 사이에 생긴 소송총비용은 이를 5분하여 그 3은 위 원고들이, 나머지는 피고들이 부담하며, 원고 3, 4의 승계참가인과 피고들 사이에 생긴 소송비용은 모두 피고들이 각 부담한다.",
            "제1항 중 금원지급 부분과 제3항은 각 가집행할 수 있다."
        ]
    }
}