{
    "info": {
        "caseField": "1",
        "detailField": "1",
        "trailField": "2",
        "caseNm": "손해배상(기)",
        "courtNm": "부산고등법원 ",
        "judmnAdjuDe": "2006. 07. 13.",
        "caseNo": "2005나14434",
        "relateLaword": [
            "신용협동조합법 제27조",
            "신용협동조합법 제30조",
            "신용협동조합법 제33조",
            "민법 제35조",
            "상법 제382조",
            "상법 제386조",
            "상법 제399조",
            "상법 제414조",
            "구 신원보증법(2002. 1. 14. 법률 제6592호로 전문 개정되기 전의 것) 제1조",
            "구 신원보증법(2002. 1. 14. 법률 제6592호로 전문 개정되기 전의 것) 제4조",
            "구 신원보증법(2002. 1. 14. 법률 제6592호로 전문 개정되기 전의 것) 제5조"
        ],
        "qotatPrcdnt": [
            "대법원 1999. 8. 24. 선고 99다28340 판결",
            "대법원 2003. 5. 16. 선고 2003다5344 판결",
            "대법원 2001. 4. 24. 선고 2000다41875 판결",
            "대법원 1996. 4. 9. 선고 95다52611 판결",
            "대법원 1994. 4. 26. 선고 93다5741 판결"
        ]
    },
    "concerned": {
        "acusr": "1",
        "dedat": "1"
    },
    "org": {
        "orgJdgmnCourtNm": "부산지방법원",
        "orgJdgmnAdjuDe": "2005. 7. 15.",
        "orgJdgmnCaseNo": "2004가합7531"
    },
    "disposal": {
        "disposalform": "1",
        "disposalcontent": [
            "제1심 판결 중 피고 2, 피고 3, 4(대법원 판결의 피고 1, 2), 피고 5, 6, 7, 피고 8, 9, 10(대법원 판결의 피고 3, 4, 5), 피고고 12 , 13 , 14 , 15 , 16 , 17 , 18 , 19 , 20 , 21 , 22 , 23 , 24 , 25 , 26에 대한 부분을 다음과 같이 변경한다.",
            "원고에게, 피고들은 각 금원 및 각 금원에 대하여 피고 8은 2004. 5. 18.부터, 피고 2, 9, 10은 각 2004. 5. 19.부터, 피고 5, 7, 3은 각 2004. 5. 20.부터, 피고 4는 2004. 7. 9.부터 2006. 7. 20.까지는 연 5%, 그 다음날부터 다 갚는 날까지는 연 20%의 각 비율로 계산한 돈을 지급한다.",
            "원고의 위 피고들에 대한 나머지 청구 및 피고 고 6 , 12 , 13 , 14 , 15 , 16 , 17 , 18 , 19 , 20 , 21 , 22 , 23 , 24 , 25 , 26 에 대한 청구를 각 기각한다.",
            "원고의 피고 1, 11, 27에 대한 항소를 각 기각한다."
        ]
    },
    "mentionedItems": {
        "rqestObjet": [
            "별지 제1목록(청구취지) 기재와 같다.",
            "별지 제2목록 (원고의 항소취지) 기재와 같다.",
            "제1심 판결 중 위 피고들 패소부분을 취소하고, 그 취소부분에 해당하는 원고의 청구를 각 기각한다."
        ]
    },
    "assrs": {
        "acusrAssrs": [
            "제 1심 판결 중 피고들 패소부분을 취소하고 그 취소부분에 대한 원고의 청구를 기각한다."
        ],
        "dedatAssrs": [
            "원고와 피고 00,12,13,14,15,16,17,18,19,29,21,22,23,24,25,26 사이에 생긴 소송총비용은 원고의 부담으로 한다, ",
            "원고와 피고 00,11,27 사이에 생긴 항소비용은 원고의 부담으로 한다."
        ]
    },
    "facts": {
        "bsisFacts": [
            "소외 00 000은 조합원에 대한 금융 및 생활의 편의를 제공함으로써 조합원의 복지 향상과 지역경제의 균형있는 발전에 기여함을 목적으로 1982. 8. 11. 설립인가를 얻어 1985. 7. 10. 성립된 비영리법인이다.",
            "소외 00 000은 조합원들로부터 예탁금 및 적금의 수납, 조합원에 대한 대출 등의 업무를 수행하여 오던 중 2004. 3. 19. 부산지방법원으로부터 파산선고를 받아 같은 날 원고와 00이 파산관재인으로 선임되었는데, 파산관재인 00은 2004. 12. 14. 사임하였다.",
            "신용보증인들은 소외 00 000과 사이에 각 신원보증기간 중 해당 피보증인들인 피고들이 재직 중 소외 00 000에 손해를 끼쳤을 때에는 해당 피고들과 연대하여 그 손해를 배상하기로 하는 내용의 신원보증계약을 각 체결하였다.",
            "피고 00의 신원보증인 소외 00(주민번호 생략) 이 2005. 12. 24. 사망함으로써 망인의 재산을 그 처인 피고 00 이 3/11,피고 00, 000,21,22 가 각 2/11의 지분비율로 공동 상속하였는데, 위 피고들이 부산지방법원 가정지원에 망 소외 00을 피상속인으로 하는 상속한정승인 신고를 하여 2006. 2. 9. 위 법원에 의하여 신고가 수리되었다.",
            "소외 00 000의 임원들은 비상임, 명예직이고 대부분 금융업무에 관한 비전문가들이었다.",
            "소외 00 000은 실무책임자로서 상무를 두고 소외 00 000의 업무를 전반적으로 관리하도록 하였다.",
            "000 영남지역본부는 2002. 4. 경 소외 00 000에 대하여 종합검사를 실시하였다."
        ]
    },
    "dcss": {
        "courtDcss": [
            "원고에게, 피고 00은 이사장으로 근무하던 1994년부터 1996년까지의 분식결산으로인한 손해 133,794,000원, 피고 00는 이사장으로 근무한 1997년의 분식결산으로 인한 손해 50,111,000원 중 원고가 구하는 5,000만원을 배상할 책임이 있다.",
            "피고2는 원고에게 분식결산으로 인한 손해 188,794,000원(그 중 138,794,000원은 피고 00과 연대하여, 5,000만 원은 피고 00와 연대하여)을 배상할 책임이 있다.",
            "원고에게, 피고 00, 00,5는 피고 00, 00 와 연대하여 1994년, 1995년, 1996년 분식결산으로 인한 손해 합계 138,794,000원을 피고 00, 00,8은 피고 00, 00 와 연대하여 1997년 분식결산으로 인한 손해 5,000만 원을 배상할 책임이 있다.",
            "원고에게, 위 각 대출에 관여하여 소외 00 000에게 입힌 손해로서 피고 00은 50억 6,600만 원, 피고 00는 피고 00과 연대하여 위 50억 6,600만 원 중 45억 9,800만 원을 배상할 의무가 있다.",
            "피고 000은 피고 00과 연대하여 위(가)항의 50억 6,600만원 중 위 기간 동안에 이루어진 부당 대출로 인한 손해 4억 6,800만 원을 배상할 책임이 있다.",
            "피고 00, 00 은 소외 00 000의 감사들로서 소외 00 000의 정관 등에 따라 매 분기마다 소외 00 000의 대출서류 등을 가마하였더라면 주채무자나 연대보증인 중 상당수가 주점업에 종사하는 젊은 여종업원들로서 공동유대에 속하지 않는 대출비적격자이다.",
            "피고 00가 위 각 대출에 실제 관여하지 않은 이상 위와 같은 결재 과정에 피고 00에게 무슨 잘못이 있었다고 하더라도 그러한 과실과 다른 피고 등에 의하여 실행된 대출로 말미암아 소외 00 000 이 입은 손해 사이에 상당인과관계가 있다고 보기 어렵다.",
            "갑 3호증, 을마2호증의 30의 각 기재만으로는 피고 00 이 고의 또는 과실로 그 임무를 해태하여 유흥업소 종사자에 대한 대출에 관여하여 소외 00 000 에 손해를 가하였음을 인정하기에 부족하고 달리 이를 인정할 증거가 없다."
        ]
    },
    "close": {
        "cnclsns": [
            "제1심 판결 중 피고 00, 피고 00, 00(대법원 판결의 피고 00, 00), 피고 00, 00,7,피고 00, 00,10(대법원 판결의 피고 00, 00,5), 피고 00,13,14,15,16,17,18,19,20,21,22,23,24,25,26 에 대한 부분을 다음과 같이 변경한다. ",
            "(가) 피고 00는 18,879,400원, (나) 피고 00와 연대하여 위(가)항의 금원 중, (거) 피고 00는 10,000,000원, (너) 피고 00, 00,4 는 6,939,700원, (너) 피고 00, 00,4 는 2,500,000원 지급한다.",
            "(가) 피고 00은 240,000,000원, (나) 피고 00과 연대하여 위(가)항의 금원 중, (거) 피고 00은 240,000,000원(너) 피고 000은 46,800,000원, (더) 피고 00는 200,000,000원, (러) 피고 00는 200,000,000원, 지급한다.",
            "(가) 피고 00은 88,200,000원, (나) 피고 00는 피고 00과 연대하여 위(가)항의 금원 중 31,700,000원, 지급한다.",
            "(가) 피고 00은 1,800,000원, (나) 피고 00는(거) 800,000원, (너) 피고 00과 연대하여 위(가)항의 금원 중 900,000원 지급한다.",
            "(가) 피고 00은 16,400,000원, (나) 피고 00는 피고 00과 연대하여 위(가)항의 금원 중 8,200,000원 지급한다.",
            "(가) 피고 00은 7,400,000원, (나) 피고 00는(거) 1,274,646원, (너) 피고 00과 연대하여 위(가)항의 금원 중 3,725,354원, (다) 피고 00, 00 는 피고 00와 연대하여 위(나)항의 금원 중 2,500,000원 및 위 각 금원에 대하여 피고 00은 2004. 5. 18.부터 지급하라.",
            "피고 00, 9, 10 은 각 2004. 5. 19.부터, 피고 00, 7, 3 은 각 2004. 5. 20.부터, 피고 00는 2004. 7. 9.부터 2006. 7. 20.까지는 연 5%, 그 다음날부터 다 갚는날까지는 연 20%의 각 비율로 계산한 돈을 지급하라.",
            "원고의 위 피고들에 대한 나머지 청구 및 피고 00,12,13,14,15,16,17,18,19,20,21 , 22,23,24,25,26 에 대한 청구를 각 기각한다.",
            "원고의 피고 00,11,27 에 대한 항소를 각 기각한다.",
            "소송총비용 중, (1) 원고와 피고 00 사이에 생긴 부분은 이를 5등분하여 그 4는 원고의, 나머지는 위 피고가, 부담한다.",
            "(2) 원고와 피고 00 사이에 생긴 부분은 이를 5등분하여 그 2는 원고의, 나머지는 위 피고가 부담한다.",
            "(3) 원고와 피고 000 사이에 생긴 부분은 이를 10등분하여 그 9는 원고가, 나머지는 위 피고가 부담한다.",
            "(4) 원고와 피고 00, 00,8 사이에 생긴 부분은 이를 2등분하여 그 1는 원고의, 나머지는 위 피고들이 부담한다.",
            "(5) 원고와 피고 00, 00 사이에 생긴 부분은 이를 20등분하여 그 19는 원고의, 나머지는 위 피고들이 각 부담한다",
            "원고와 피고 00, 12, 13, 14, 15, 16, 17, 18, 19, 20, 21, 22, 23, 24, 25, 26 사이에 생긴 소송총비용은 원고의 부담으로 한다. ",
            "원고와 피고 00,11,27 사이에 생긴 항소비용은 원고의 부담으로 한다.",
            "제1항 중 금원지급 부분은 가집행할 수 있다."
        ]
    }
}