{
    "info": {
        "caseField": "1",
        "detailField": "1",
        "trailField": "1",
        "caseNm": "손해배상(기)",
        "courtNm": "부산지법",
        "judmnAdjuDe": "2006. 03. 27.",
        "caseNo": "2005가단42886",
        "relateLaword": [
            "상법 제789조",
            "상법 제790조",
            " 실화책임에 관한 법률"
        ],
        "qotatPrcdnt": [
            "대법원 2000. 5. 26. 선고 99다32431 판결",
            "대법원 2002. 12. 10. 선고 2001다9298 판결"
        ]
    },
    "concerned": {
        "acusr": "2",
        "dedat": "2"
    },
    "org": {
        "orgJdgmnCourtNm": "",
        "orgJdgmnAdjuDe": "",
        "orgJdgmnCaseNo": ""
    },
    "disposal": {
        "disposalform": "1",
        "disposalcontent": [
            "피고 2 주식회사, 피고 3 주식회사는 연대하여 원고에게 3,489,675원과 이에 대하여 2005. 5. 10.부터 2006. 3. 27.까지는 연 5%, 그 다음날부터 갚는 날까지는 연 20%의 각 비율로 계산한 금액을 지급한다.",
            "원고의 피고 000에 대한 청구와 피고 2 주식회사, 피고 3 주식회사에 대한 각 나머지 청구를 각 기각한다.",
            "소송비용 중, 원고와 피고 1 주식회사 사이에 생긴 부분은 원고가 부담하고, 원고와 피고 2 주식회사, 피고 3 주식회사 사이에 생긴 부분은 그 80%를 원고가, 20%를 피고들이 각 부담한다.",
            "제1항은 가집행할 수 있다."
        ]
    },
    "mentionedItems": {
        "rqestObjet": [
            "피고들은 연대하여 원고에게 25,569,960원과 이에 대하여 이 사건 소장 최후송달 다음날부터 갚는 날까지 연 20%의 비율로 계산한 금액을 지급한다."
        ]
    },
    "assrs": {
        "acusrAssrs": [
            "이 사건 화물은 그 성질상 영하 18도의 냉동상태로 보관되어야 함에도 불구하고 그 해상운송인인 피고 3 주식회사은 피고 2 주식회사에게 이를 인도하면서 그와 같은 사항을 고지하지 아니하였고, 터미널운영업자인 피고 2 주식회사는 그 냉동컨테이너의 위험물관리코드를 제대로 살피지 아니한 채 이를 상온에 방치함으로써 이 사건 화물을 소훼시킨 불법행위를 저질렀으므로, 피고들은 연대하여 원고에게 이로 인한 모든 손해를 배상할 책임이 있다."
        ],
        "dedatAssrs": [
            "화재로 인한 이 사건 화물의 손해는 상법 제788조 제2항 본문에 따라 면책된다.",
            "피고는 이 사건 화물을 소훼시킨 데 대하여 중과실이 있는 것은 아니므로 실화책임에 관한 법률에 따라 면책된다.",
            "원고는 이 사건 화물을 그 성질에 비추어 컨테이너 자체에 2대의 냉동기를 갖추고 자가발전기가 부착된 냉동컨테이너에 보관하였어야 함에도 불구하고 일반 냉동컨테이너에 보관한 과실이 있으므로, 이러한 원고의 과실비율 상당액을 손해배상액에서 상계하여야 한다."
        ]
    },
    "facts": {
        "bsisFacts": [
            "원고는 중화민국의 000 유한공사로부터 안경렌즈첨가제인 IPP-27 3,000kg(이하 '이 사건 화물' 이라고 한다)을 미화 22,200달러(1kg당 미화 7.4달러)에 수입하는 계약을 체결하였다.",
            "이 사건 화물은 소외 000(이하 'OOO' 라고만 한다)의 중국대리점인 000의 운송의뢰에 따라 2004. 9. 23. 중국 상하이항에서 피고 3 주식회사의 선박에 선적되어 2004. 9. 26. 부산항에 도착하였다.",
            "피고 3 주식회사은 위 화물선적 당시 이 사건 화물에 대하여, 송하인 000, 수하인 피고 1 주식회사, 선적항 상하이, 도착항 부산으로 기재된 마스터 선하증권을 발행하였다.",
            "그리고, 000는 같은 날 OOO를 대리하여 이 사건 화물에 대하여, 송하인 000 유한공사, 수하인 000, 통지처 원고, 인도지대리점 피고 1 주식회사, 선적항 상하이, 도착항 부산으로 기재된 하우스 선하증권을 발행하였다.",
            "그런데 이 사건 화물은 유기과산화물인 디이소프로필 퍼옥시디카보네이트(Di-iso-propyl- peroxydicarbonate)를 함유하고 있어 상온에서는 자연발화하는 성질을 가지고 있었으므로, 피고 3 주식회사은 000의 의뢰에 따라 이를 냉동컨테이너에 적재하여 영하 18도의 냉동상태로 보관, 운송하였다.",
            "그런데, 부산항에 도착하여 양하 및 화물의 장치업무를 하는 터미널운영업자인 피고 2 주식회사에게 이를 인도할 당시 위 냉동컨테이너에 위험물관리코드만 부착한 채 이 사건 화물이 영하 18도의 냉동상태로 보관되어야 한다는 사실을 고지하지 아니하였다.",
            "피고 3 주식회사과의 용역계약에 따라 이 사건 화물을 인도받은 피고 2 주식회사는 위 냉동컨테이너에 부착된 위험물관리코드를 제대로 살피지 아니한 과실로 따로 온도를 관리할 필요가 없는 화물로 생각하여 위 냉동컨테이너에 전원을 연결하지 아니한 채 상온 상태로 0000 (상세 주소 생략) (상호 생략)컨테이너터미널의 일반위험물 임시장치장에 이 사건 화물을 보관하였다.",
            "그런데, 이 사건 화물은 2004. 9. 30. 냉동컨테이너 안에서 자연발화하여 모두 소훼되었다.",
            "원고는 000으로부터 이 사건 화물에 대한 하우스 선하증권을 인도받아 현재 이를 소지하고 있다.",
            "선하증권 소지인에 불과한 원고에게(원고 주장에 의하더라도 운송의뢰인에 불과하다) 위 피고들이 주장하는 바와 같은 주의의무가 있다고 볼 수는 없다."
        ]
    },
    "dcss": {
        "courtDcss": [
            "이 사건 화물이 화재로 멸실되기는 하였으나, 위 피고들이 선장 등 선박사용인의 과실이 아니라 그 자신들이 이 사건 화물의 보관에 관한 주의의무를 제대로 준수하지 아니한 과실로 이를 소훼시켰고, 이러한 경우 상법 제788조 제2항 단서에 따라 해상운송인 등은 화재로 인한 면책을 주장할 수 없다.",
            "실화책임에 관한 법률은 실화로 인하여 일단 화재가 발생한 경우 부근 가옥 기타 물건에 연소함으로써 그 피해가 예상외로 확대되어 실화자의 책임이 과다하게 되는 점을 고려하여 그 책임을 제한함으로써 실화자를 지나치게 가혹한 부담으로부터 구제하고자 하는 데 그 입법 취지가 있으므로, 발화점과 불가분의 일체를 이루는 물건의 소실, 즉 직접 화재에는 적용되지 않는다( 대법원 2000. 5. 26. 선고 99다32431 판결 등 참조)."
        ]
    },
    "close": {
        "cnclsns": [
            "피고 2 주식회사, 피고 3 주식회사는 연대하여 원고에게 3,489,675원과 이에 대하여 2005. 5. 10.부터 2006. 3. 27.까지는 연 5%, 그 다음날부터 갚는 날까지는 연 20%의 각 비율로 계산한 금액을 지급하여야 한다.",
            "원고의 피고 000에 대한 청구와 피고 2 주식회사, 피고 3 주식회사에 대한 각 나머지 청구를 각 기각한다.",
            "소송비용 중, 원고와 피고 1 주식회사 사이에 생긴 부분은 원고가 부담하고, 원고와 피고 2 주식회사, 피고 3 주식회사 사이에 생긴 부분은 그 80%를 원고가, 20%를 피고들이 각 부담한다.",
            "제1항은 가집행할 수 있다."
        ]
    }
}