{
    "info": {
        "caseField": "1",
        "detailField": "1",
        "trailField": "1",
        "caseNm": "손해배상(의)",
        "courtNm": "서울북부지법",
        "judmnAdjuDe": "2006. 06. 15.",
        "caseNo": "2005가합3568",
        "relateLaword": [
            "민법 제750조",
            "민법 제393조",
            "민법 제763조"
        ],
        "qotatPrcdnt": [
            "대법원 1995. 2. 10. 선고 93다52402 판결",
            "대법원 1999. 6. 11. 선고 99다3709 판결",
            "대법원 1999. 9. 3. 선고 99다10479 판결",
            "대법원 2000. 1. 21. 선고 98다50586 판결",
            "대법원 2000. 9. 8. 선고 99다48245 판결",
            "대법원 2002. 8. 27. 선고 2001다19486 판결",
            "대법원 2003. 1. 24. 선고 2002다3822 판결",
            "대법원 2005. 9. 30. 선고 2004다52576 판결"
        ]
    },
    "concerned": {
        "acusr": "1",
        "dedat": "2"
    },
    "org": {
        "orgJdgmnCourtNm": "",
        "orgJdgmnAdjuDe": "",
        "orgJdgmnCaseNo": ""
    },
    "disposal": {
        "disposalform": "1",
        "disposalcontent": [
            "피고는 원고 1, 2에게 각 121,354,037원, 원고 3에게 3,000,000원 및 각 이에 대한 2004. 6. 4.부터 2006. 6. 15.까지는 연 5%의, 그 다음날부터 완제일까지는 연 20%의 각 비율에 의한 금원을 지급한다.",
            "원고들의 나머지 청구를 모두 기각한다.",
            "소송비용 중 2/5는 원고들이, 3/5는 피고가 각각 부담한다.",
            "제1항은 가집행할 수 있다."
        ]
    },
    "mentionedItems": {
        "rqestObjet": [
            "피고는 원고 1에게 194,151,090원, 원고 2에게 191,151,090원, 원고 3에게 10,000,000원 및 각 이에 대한 2004. 6. 4.부터 청구취지변경신청서 송달일까지는 연 5%의, 그 다음날부터 완제일까지는 연 20%의 각 비율에 의한 금원을 지급한다."
        ]
    },
    "assrs": {
        "acusrAssrs": [
            "원고들은 피고의 의료진이 수술을 시행함에 있어 수술 이후에 발생할지도 모르는 위험과 수술 실패의 경우에 대한 설명 없이 간단한 수술과 며칠간의 입원으로 치료가 가능하다고만 설명하는 등 설명의무를 위반하였다고 주장한다.",
            "원고들은 소송피수계인이 이 사건 의료사고로 발생한 마미증후군을 비관하여 자살하였으므로, 소송피수계인의 자살로 인한 손해에 대하여도 피고가 이를 배상하여야 한다고 주장한다.",
            "원고들은 제2-3요추간 유합술 후의 상태도 이 사건 불법행위로 인한 후유장해에 해당된다고 주장한다.",
            "원고들은 원고 00가 소송피수계인 의 입원기간 동안 소송피수계인을 개호하였다고 주장하면서 개호비 상당액의 손해배상을 구한다.",
            "원고들은 소송피수계인이 입원치료와 통원치료를 위해 교통비 등 부대비용을 지출하였다고 주장한다.",
            "원고 00은 소송피수계인의 장례비로 지출한 금액 상당액을 손해배상으로 구한다."
        ],
        "dedatAssrs": [
            "피고는, 소송피수계인은 심한 추간판탈출증을 앓고 있었는데 그와 같이 기압증이 심한 환자는 정상적인 하자의 경우 전혀 문제가 되지 않을 부종, 입창, 소량의 출혈만으로도 신경압박이 발생하고, 소송피수계인 이 이미 극심한 요통과 우측하지 방사통을 느끼고 있었던 것으로 보아 마미증후군이 이 사건 수술 위에 이미 발생하였을 가능성을 배제할 수 없다.",
            "방광은 제2천추 이하 신경에서 관여하고 있는 장기인데 소송피수계인은 제2-3요추간을 수술하였을 뿐이므로, 이 사건 마미증후군은 수술 도중의 경막 파열이 아닌 다른 원인으로 생긴 것이라고 주장한다."
        ]
    },
    "facts": {
        "bsisFacts": [
            "원고 00, 00는 소송피수계인 의 부모이고 원고 00은 소송피수계인의 동생이며, 피고{지방공사(병원명 생략) 병원에서 2004. 11. 17. 현재의 명칭으로 변경되었다.}놔 피고가 운영관리업무를 맡아 하고 있는(병원명 생략) 병원의 의사 소외 00의 사용자이다.",
            "소송피수계인은 2004. 5. 27. 하지 방사통과 요통을 호소하면서(병원명 생략) 병원에 내원하여, 위 병원의 정형외과 의사 소외 00의 진단을 받았다.",
            "소외 00는 소송피수계인 에 대해 요추부 방사선 촬영과 요추부 자기공명영상(MRI)검사를 실시한 결과 1. 제2-3요추간 추간판 탈출증, 2. 제3-4요추간 추간판 탈출증, 3. 제4-5요추간 추간판 탈출증과 좌측 추간공 협착증, 4. 제5요추-제1천추간 추간판 탈출증과 좌측 추간공 협착증으로 진단하고 입원과 수술적 치료를 권유하였다.",
            "이에 소송피수계인 은 2004. 6. 3. 제2-3요추간 추간판 탈출증과 불안정성에 대해서 수술을 받기 위해 위 병원에 입원하였는데, 당시 소송피수계인 에 대한 이학적 검사 결과 하지의 운동과 감각에 장애가 없었고, 고환과 회음부의 감각, 하지 근력, 안장 감각, 항문 기능, 방광 기능에도 특별한 이상이 없었다.",
            "소외 00는 소송피수계인에게 제2-3요추간에 대하여 후방감압술과 유합술을 시행하고, 수술시 예상되는 합병증, 후유증으로는 출혈, 감염, 신경손상, 불유합, 부정유합, 재골절, 지연유합, 폐렴, 무기폐, 패혈증, 폐위색증, 심부정막혈위증, 관절강직 등이 있으며, 제3-4요추간, 제4-5요추간, 제5요추-제1천추간 추간판 탈출증에 대하여 추후 수술이 필요할 수 있다는 내용 등을 설명하였다.",
            "2004. 6. 4. 소송피수계인 에 대해 제2-3요추의 '후방감압 및 유합술' 을 시행하였는데, 척추후궁절제술을 시행하던 중 후방부의 중앙부에 있는 경막(신경다발을 싸고 있는 막)이 파열되어 이를 봉합하였다.",
            "위 병원의 의료진은 수술 후 혈종이나 부종에 의한 신경압박을 방지하기 위해 수술 부위에 배액관을 삽입하고 스테로이드 치료를 했다.",
            "소송피수계인은 수술을 받은 다음날인 2004. 6. 5. 우측 무릎의 신위 약화, 좌측 발목의 굽힘 약화, 발가락의 신전과 굽힘 약화, 우측 경골의 저린감, 좌측 대퇴부·장딴지의 감각 이상 등의 증상을 보였고, 2004. 6. 6.과 6. 7. 신경학적 증상은 다소 호위되었으나, 2004. 6. 8. 유치도뇨관 제거 후 자가배뇨가 이루어지지 않자 소외 00는 마미증후군 의증으로 진단하였다.",
            "소송피수계인은 2004. 7. 12. 000 000으로 전원하여 2004. 7. 23.까지 마미증후군, 신경인성 방광, 요추부 신경근 병증 등에 대하여 입원치료를 받았다.",
            "그 후에도 통원치료를 받았으나 범발성 요추간과 요천추간 신경근병증, 불완전 천추묘사궁 손상, 방광벽 비후 소견, 방광근육 무반사 소견, 구해면체반사지연검사와 시청각자극 발기검사, 야간수면 중 발기검사에서의 이상 소견을 나타내고 있었고, 배뇨장애와 발기부전의 장애가 남게 되었다.",
            "소송피수계인은 이 사건 소제기 후인 2006. 2. 4. 배뇨 장애, 성기능 장애 등을 겪고 있는 자신의 처지를 비관하여 서울(상세 행정구역 및 아파트명 생략) 아파트 102동에서 뛰어내려 자살하였다."
        ]
    },
    "dcss": {
        "courtDcss": [
            "설명의무란 의사가 하자에 대해 침습을 동반하는 의료행위를 실시하려고 하는 경우에 그 하자의 동의를 얻는 것을 위제로 하여 예정되어 있는 의료행위의 내용, 목적, 결과 등에 관해 중요한 사실을 설명하여야 할 의무를 말한다.",
            "환자의 질환을 치료하기 위해 수술을 실시하려고 함에 있어서는 의사가 환자에 대해 당해 질병의 진단, 실시 예정인 수술의 내용, 수술에 따른 위험성, 달리 선택 가능한 치료방법이 있으면 그 내용과 이해득실, 수술의 예후 등에 대해서 설명하여야 하는바, 앞서 인정한 바와 같이 의사 소외 00 소송피수계인 에게 시행하게 될 수술과, 수술시 예상되는 합병증과 후유증 등에 관하여 구체적으로 상세하게 설명한 것으로 보이므로 위 주장은 이유 없다.",
            "의료행위에 있어서 주의의무 위반으로 인한 불법행위책임이 있다고 하기 위해서는 의료행위상 주의의무의 위반, 손해의 발생 및 주의의무의 위반과 손해발생과의 사이에 인과관계가 이재하여야 한다.",
            "의료행위가 고도의 전문적 지식을 필요로 하는 분야이고 그 의료의 과정은 대개의 경우 하자 본인이 그 일부를 알 수 있는 외에 의사만이 알 수 있을 뿐이다.",
            "치료의 결과를 달성하기 위한 의료기법은 의사의 재량에 달려 있기 때문에 손해발생의 직접적인 원인이 의료상의 과실로 말미암은 것인지 여부는 위문가인 의사가 아닌 보통인으로서는 도저히 밝혀낼 수 없는 특수성이 있어서 하자측이 의사의 의료행위상의 주의의무 위반과 손해발생과 사이의 인과관계를 의학적으로 완벽하게 입증한다는 것은 극히 어려운 일이다.",
            "의료사고가 발생한 경우 피해자측에서 일련의 의료행위 과정에 있어서 저질러진 일반인의 상식에 바탕을 더 의료상의 과실이 있는 행위를 입증한다.",
            "그 결과와 사이에 일련의 의료행위 외에 다른 원인이 개재될 수 없다는 사정을 증명한 경우에는 의료행위를 한 측이 그 결과가 의료상의 과실로 인한 것이 아니라 전혀 다른 원인에 의한 것이라는 입증을 하지 않는 이상, 의료상 과실과 결과 사이의 인과관계를 추정함이 상당하다(대법원 1995. 2. 10. 선고 93다52402 판결, 2005. 9. 30. 선고 2004다52576 판결 등 참조).",
            "소송피수계인은 수술 도중 경막이 파열되었는데 수술 도중의 경막 파열은 집도의의 술기 부족으로 발생하므로 소송피수계인의 경막 파열은 소외 00의 과실로 인한 것이라고 봄이 상당하다.",
            "소송피수계인이 이 사건 수술 후에 보였던 마미증후군 증상은 수술 도중 경막이 파열되어 신경이 손상되었기 때문이라고 추인함이 상당하다.",
            "갑4호증의 기재에 의하면, 소송피수계인 이 2004. 6. 7. 신경학적증상의 호전을 보였고, 2004. 6. 21. 우측 엉덩이의 감각이상 증상의 호전을 보였으며 2004. 7. 5. 보조기를 이용한 보행이 가능하게 된 사실을 인정할 수 있으나, 그러한 사실들만으로는 소송피수계인 이 경막이 파열되었음에도 신경에는 손상을 입지 않았다고 보기에 부족하다.",
            "피고는, 소송피수계인의 마미증후군 증상이 소외 00의 의료상의 과실로 인한 것이 아니라 전혀 다른 원인에 의한 것이라는 입증을 하지 아니하는 이상, 소외 00의 사용자로서 민법 제756조 에 따라 소외4의 과실로 인해 소송피수계인 이 마미증후군 증상을 보임으로써 원고들이 입은 손해를 배상할 책임이 있다.",
            "추간판 탈출증에 마미증후군이 동반되면 반드시 수술치료를 해야 하고, 수술방법은 수핵 제거와 함께 마미신경의 충분한 감압을 위한 절제술을 시행하는 것이며, 이로 인해 요추 분절이 불안정하게 되면 유합술도 필요한 사실을 인정할 수 있는데, 소송피수계인 은 후방감압술과 유합술을 받은 후 비로소 마미증후군의 증상을 나타냈으므로 소송피수계인의 기압증이 이 사건 마미증후군의 원인이 되었다고 보기 어렵다.",
            "또한 방광에 관여하는 자율신경에는 교감신경과 부교감신경이 있는데 이 중 교감신경에는 제1요추신경과 제2요추신경이, 부교감신경에는 제2천추신경부터 제4천추신경이 관여하는 것이고 소송피수계인 은 제2-3요추간을 수술하였으므로, 피고의 주장은 받아들일 수 없다.",
            "의료사고 피해자의 자살과 의료사고 사이에 상당인과관계가 있다고 인정하기 위해서는 반드시 의료사고로 인한 우울증의 발생과 그로 인한 자살이라는 2단의 인과관계를 필요로 하지는 않는다.",
            "의료사고로 인한 정신적, 육체적 후유장해가 매우 중대하여 폐인과 마찬가지의 상태에 있거나 그렇지 않다고 하더라도 정신적, 육체적 고통이 극심하여 보통 일반인의 대부분이 살아갈 희망을 잃고 자살을 선택할 수밖에 없다고 수긍할 수 있는 상합이 인정되는 경우에 해당하여야 한다고 봄이 상당하다.",
            "소송피수계인이 이 사건 의료사고로 발생한 마미증후군으로 인해 배뇨를 카테터(도관)에 의이해서 하고 있었고, 발기가 불가능하게 되었으며, 양쪽 다리의 감각이 저하되어 있었고, 보조기의 도움 없이 걷기 어려운 상태에 있어 정신적, 육체적으로 상당한 고통을 받고 있었기 때문에 그러한 고통이 원인이 되어 자살을 하게 된 것으로 인정할 수 있다.",
            "소송피수계인 의 수술 위의 생한, 정신상태와 자살 당시의 소송피수계인을 둘러싼 일, 가족 문제 등의 상태가 밝혀지지 않은 이 사건에서 앞서 본 사정만으로는 일반인이 살아갈 희망을 포기하고 자살을 선택할 수밖에 없다고 수긍할 수 있는 상합에 있었다고 추인하기에 부족하고, 달리 이를 인정할 증거가 없다.",
            "따라서 소송피수계인 의 자살은 이 사건 의료사고와 상당인과관계가 있다고 단정하기 어렵다.",
            "의료사고의 피해자가 사고로 인한 후유장해로 노동능력의 일부를 상실한 경우에 재산상 손해를 산정함에 있어서 그 후 피해자가 사망하였다고 하더라도 그 사망이 질병, 사고, 자살, 천재지변 등의 어떠한 사유로 기인한 것인지, 사망에 관해 불법행위 등에 기초한 책임을 지는 제3자가 이재하는지 여부등의 특별한 사정이 없는 한 그와 같은 사망의 사실은 가동연한의 산정에서 고려할 것이 아니라고 보는 것이 맞다.",
            "의료사고와 사망 사이에 상당인과관계 내지 조건관계가 이재하는지 여부와 같은 사정에도 불구하고 의료사고의 시점에 그 사망의 원인이 되는 구체적 사유가 이재하고 가까운 장래에 사망이 객관적으로 예측되고 있었다는 등의 특별한 사정이 없는 한 그와 같은 사망의 사실은 가동연한의 산정에서 고려할 것이 아니라고 보는 것이 맞다.",
            "의료사고의 피해자가 사고로 인한 후유장해로 노동능력의 일부를 상실한 후에 사망한 경우 노동능력 일부 상실에 의한 재산상 손해의 산정에 있어서는 의료사고와 피해자의 사망 사이에 상당인과관계가 있어 사망에 의한 손해의 배상도 청구할 수 있는 경우에 한하여 사망 후의 생계비를 공제할 수 있다고 해석함이 상당하다.",
            "제2-3요추간 유합술 후의 상태는 정상적인 치료 후에도 나타나는 일반적인 사항을 판단한 것에 불과한 사실을 인정할 수 있으므로, 이 사건 손해의 산정에 있어서 고려할 것이 아니고, 달리 소송피수계인 이 소외 00의 과실로 인해 척추에 장해를 입었음을 인정할 증거가 없다.",
            "소송피수계인이 이 사건 수술 이후 기대여명의 범위 내에서 가동연한인 2034. 9. 30.까지 30년 3개월(363개월)에 대하여 상실한 노동능력에 대한 총 평가액을 월 5/12%의 비율에 의한 중간이자를 공제하는 호프만식 계산법에 따라 이 사건 수술 당시의 현가로 계산하면 다음과 같이 219,738,100원이다.",
            "다만, 원고들이 구하는 방식에 따라 원 미만 및 마지막 월 미만은 버리고, 계산의 편의상 중간의 월 미만은 일실수입액이 적은 계산기간에 포함시킨다.",
            "소송피수계인이 입원기간 동안 개호가 필요한 상태에 있었다는 사실을 인정할 증거가 없을 뿐만 아니라, 개호가 필요하였다고 하더라도 원고 00가 소송피수계인을 개호한 사실을 인정할 증거가 없다.",
            "소송피수계인이 치료를 위해 교통비 등을 지출한 사실을 인정할 증거가 없다.",
            "소송피수계인의 자살은 이 사건 불법행위와 상당인과관계가 있다고 볼 수 없으므로, 소송피수계인의 사망으로 인한 장례비 지출은 이 사건 불법행위와 상당인과관계가 있는 손해라고 볼 수 없다."
        ]
    },
    "close": {
        "cnclsns": [
            "피고는 손해배상으로서 원고 00, 00에게 각 121,354,037원(상속분 116,354,037원 + 위자료 5,000,000원), 원고 00에게 3,000,000원(위자료) 및 지연손해금을 지급할 의무가 있다.",
            "이에 대하여 이 사건 불법행위일인 2004. 6. 4.부터 피고가 이 사건 이행의무의 범위에 관해 항쟁함이 상당하다고 인정되는 이 판결 선고일인 2006. 6. 15.까지는 민법에 정해진 연 5%의, 그 다음날부터 완제일까지는 소송촉진 등에 관한 특례법에 정해진 연 20%의 각 비율에 의한 지연손해금을 지급할 의무가 있다.",
            "원고들의 피고에 대한 청구는 이 인정 범위 내에서 이유 있어 받아들이고, 나머지 청구는 이유 없으므로 이를 기각한다."
        ]
    }
}