{
    "info": {
        "caseField": "1",
        "detailField": "1",
        "trailField": "2",
        "caseNm": "관리비등",
        "courtNm": "부산지방법원",
        "judmnAdjuDe": "2006. 07. 06.",
        "caseNo": "2005나13667",
        "relateLaword": [
            "집합건물법 제18조",
            "소송촉진등에관한특례법"
        ],
        "qotatPrcdnt": [
            "대법원 2001. 9. 20. 선고 2001다8677 전원합의체 판결"
        ]
    },
    "concerned": {
        "acusr": "2",
        "dedat": "1"
    },
    "org": {
        "orgJdgmnCourtNm": "부산지방법원",
        "orgJdgmnAdjuDe": "2005. 9. 12.",
        "orgJdgmnCaseNo": "2004가소483286"
    },
    "disposal": {
        "disposalform": "1",
        "disposalcontent": [
            "제1심 판결 중 피고는 원고에게 837,372원 및 이에 대하여 2005. 1. 16.부터 완제일까지 연 20%의 비율에 의한 금액을 지급한다는 피고 패소부분을 취소한다.",
            "제1심 판결 중 피고는 원고에게 837,372원 및 이에 대하여 2005. 1. 16.부터 완제일까지 연 20%의 비율에 의한 금액을 지급한다는 부분에 해당하는 원고의 청구를 기각한다.",
            "피고의 나머지 항소를 기각한다.",
            "제1항 중 금원지급 부분은 가집행할 수 있다."
        ]
    },
    "mentionedItems": {
        "rqestObjet": [
            "피고는 원고에게 6,361,130원 및 이에 대하여 청구취지변경신청서 송달 다음날부터 완제일까지 연 20%의 비율에 의한 금액을 지급한다.",
            "제1심 판결을 취소한다.",
            "원고의 청구를 기각한다."
        ]
    },
    "assrs": {
        "acusrAssrs": [
            "원고는, 이 사건 점포의 특별승계인인 피고가 그동안 체납되어 있던 공용부분에 관한 관리비 채무를 모두 승계하였다고 주장한다.",
            "1999. 11.이래 피고가 위 점포의 소유권을 취득하기 전까지 연체되어 있던 관리비의 지급도 구한다."
        ],
        "dedatAssrs": [
            "자신은 이 사건 점포의 소유권을 2004. 10. 8. 소외인에게 이전함에 따라 현재 위 점포를 소유하고 있지 아니하며 피고가 점포를 소유하기 이전에 체납되어 있던 관리비 채무는 소외인에게 면책적으로 이전되었다고 할 것이므로 원고의 청구 중 피고가 소유하고 있던 기간 동안의 관리비를 초과하는 부분에 관하여는 응할 수 없다고 주장한다."
        ]
    },
    "facts": {
        "bsisFacts": [
            "원고는 0000 (지번 생략) 외 14필지 지상 OO 상가건물(이하 이 사건 건물이라고 한다)의 운영 및 관리를 목적으로 설립된 회사로서, 이 사건 건물의 구분소유자들이 정한 (주) OO 관리규약(이하 이 사건 관리규약이라고 한다)에 따라관리비 산정 및 납부기준을 마련하여 매월 각 점포별로 일반관리비, 직접비, 간접비 등의 항목으로 구성된 관리비를 산정,부과하여 징수하고 있다.",
            "피고는 2004. 6. 29. 이 사건 건물 중 3306호 점포(이하 이 사건 점포라고 한다)를 경매절차에서 낙찰받고 그 대금을 완납하여 위 점포에 관한 소유권을 취득하였고, 그 후 피고는 2004. 10. 8. 소외인에게 위 점포를 매도하여 같은 날 소외인 명의로 소유권이전등기가 경료되었다.",
            "피고가 이 사건 점포의 소유권을 취득할 당시 이전 소유자들에 의하여 체납되어 있던 공용부분에 관한 관리비는 1999. 11.분,1999. 12.분, 2002. 3.분부터 2003. 2.분까지의 관리비,",
            "2003. 4.분부터 2004. 5.분까지의 관리비 및 2004. 6. 1.부터2004. 6. 28.까지의 관리비(2004. 6.분 관리비인 214,730원 x 28/30, 원 미만은 반올림 = 200,415원)를 모두 합한5,937,172원(연체료 및 최고액은 제외한 금액)이었다.",
            "피고는 위 점포의 소유권을 취득한 2004. 6. 29.부터 소외인에게그 소유권을 넘긴 2004. 10. 8.까지의 기간 동안 관리비를 납부하지 않고 있었다.",
            "피고가 위 기간 동안 납부하지 아니한 관리비, 연체료 등 체납액은 합계 837,372원(2004. 6. 29.부터 2004. 6. 30.분: 16,742원 + 2004. 7.분: 270,220원 +2004. 8.분: 253,860원 + 2004. 9.분: 235,990 + 2004. 10. 1.부터 2004. 10. 8.분: 60,560)이다."
        ]
    },
    "dcss": {
        "courtDcss": [
            "피고는 이 사건 점포의 소유권을 취득한 2004. 6. 29.부터 소외인에게 그 소유권을 넘겨 준 2004. 10. 8.까지 사이에 발생한 관리비, 연체료 등의 체납액 합계 837,372원 및 이에 대하여 원고가 구하는 바에 따라 이 사건 청구취지변경신청서 송달 다음날인 2005. 1. 16.부터 완제일까지 소송촉진등에관한특례법 소정의 연 20%의 비율에 의한 지연손해금을 지급할 의무가 있다고 할 것이다.",
            "원고는, 이 사건 점포의 특별승계인인 피고가 그동안 체납되어 있던 공용부분에 관한 관리비 채무를 모두 승계하였다고 주장하며 1999. 11.이래 피고가 위 점포의 소유권을 취득하기 전까지 연체되어 있던 관리비의 지급도 구함에 대하여 피고는, 자신은 이 사건 점포의 소유권을 2004. 10. 8. 소외인에게 이전함에 따라 현재 위 점포를 소유하고 있지 아니한다.",
            "피고가 점포를 소유하기 이전에 체납되어 있던 관리비 채무는 소외인에게 면책적으로 이전되었다고 할 것이므로 원고의 청구 중 피고가 소유하고 있던 기간 동안의 관리비를 초과하는 부분에 관하여는 응할 수 없다고 주장한다.",
            "그러므로 보건대, 이 사건 관리규약에서 등기부등본상 00000의 소유권 이전을 받은 자와 규약에 따라 임차한 영업입점자는 구분소유자의 권리의무를 승계하는 것으로 되어 있는 사실은 1항에서 본 바와 같다.",
            "여기에 집합건물의 공용부분은 전체 공유자의 이익에 공여하는 것이어서 공동으로 유지, 관리해야 하고 그에 대한 적정한 유지, 관리를 도모하기 위하여는 소요되는 경비에 대한 공유자 간의 채권은 이를 특히 보장할 필요가 있다.",
            "공유자의 특별승계인에게 그 승계의사의 유무에 관계없이 청구할 수 있도록 집합건물의소유및관리에관한법률(이하 '집합건물법'이라고 한다) 제18조에서 공유자가 공용부분에 관하여 다른 공유자에 대하여 가지는 채권은 그 특별승계인에 대하여도 행사할 수 있다고 규정하고 있다.",
            "원고는 위 법 제18조에 정한 공유자는 아니지만 이 사건 건물의 구분소유자들이 정한 이 사건 관리규약에 따라 각 점포별로 관리비를 부과, 징수하는 것이므로 공유부분의 관리비 부과, 징수에 관하여 위 법 제18조에 정한 공유자에 준한 지위를 가진다고 봄이 상당하다.",
            "집합건물의 관리규약 중 상가나 아파트 등의 특별승계인이 전(前) 입주자의 체납관리비에 관하여 이를 승계하여야 한다고 정하고 있는 경우 그러한 관리규약 중 공용부분 관리비에 관한 부분은 위 법 제18조에 터잡은 것으로서 유효하다고 할 것이다.",
            "다만, 집합건물법 제18조의 특별승계인이라고 함은 공용부분에 관한 관리비 채무를 담보할 수 있는 구분소유권을 사실심 변론 종결일 현재 보유하고 있으면서 공용부분의 관리로 인하여 수혜를 받고 있는 자로 한정된다고 봄이 타당하다.",
            "따라서 구분소유권을 이미 제3자에게 넘겨버려 사실심 변론 종결 당시에 구분소유권을 보유하고 있지 아니한 중간 승계인은 집합건물의 소유권을 넘김으로써 전 입주자가 체납하고 있던 공용부분에 관한 관리비채무 역시 현재의 소유자에게 면책적으로 승계시켰다고 볼 것이다.",
            "이 사건에 있어 피고가 이 사건 점포에 관한 구분소유권을 2004. 10. 8. 소외인에게 이전하여 줌으로써 이 사건 사실심 변론 종결일 현재 위 점포의 구분소유권을 보유하고 있지 아니한 이상 전 입주자가 체납하고 있던 공용부분에 관한 관리비채무를 부담한다고 할 수는 없으므로 원고의 이 부분 청구는 이유 없다."
        ]
    },
    "close": {
        "cnclsns": [
            "제1심 판결 중 아래에서 지급을 명하는 금액을 초과하는 피고 패소부분을 취소하 고, 그 부분에 해당하는 원고의 청구를 기각한다.",
            "피고는 원고에게 837,372원 및 이에 대하여 2005. 1. 16.부터 완제일까지 연 20%의 비율에 의한 금액을 지급하라. ",
            "피고의 나머지 항소를 기각한다.",
            "소송총비용은 각자의 부담으로 한다.",
            "제1항 중 금원지급 부분은 가집행할 수 있다."
        ]
    }
}