{
    "info": {
        "caseField": "1",
        "detailField": "1",
        "trailField": "2",
        "caseNm": "물품대금등",
        "courtNm": "서울고등법원",
        "judmnAdjuDe": "2005. 07. 22.",
        "caseNo": "2005나17336",
        "relateLaword": [],
        "qotatPrcdnt": [
            "대법원 1996. 10. 29. 선고 96다23207 판결",
            "대법원 2001. 12. 27. 선고 2001다33734 판결 ",
            "대법원 2003.7.11. 선고 2003다19572 판결 "
        ]
    },
    "concerned": {
        "acusr": "2",
        "dedat": "1"
    },
    "org": {
        "orgJdgmnCourtNm": "수원지방법원 성남지원",
        "orgJdgmnAdjuDe": "2005. 1. 12",
        "orgJdgmnCaseNo": "2004가합137"
    },
    "disposal": {
        "disposalform": "10",
        "disposalcontent": [
            "피고의 항소를 기각한다.",
            "항소비용은 피고의 부담으로 한다.",
            "제1심 판결 주문 제2의 가.항은 당심에서 원고의 청구 감축에 의하여 제1심 공동피고 00과 피고 사이에 별지 목록 기재 부동산에 관하여 2003. 7. 5. 체결된 매매계약은 금 30,004,560원의한도 내에서 이를 취소한다고 변경되었다."
        ]
    },
    "mentionedItems": {
        "rqestObjet": [
            "제1심 공동피고 00과 피고 사이에 별지 목록 기재 부동산에 관하여 2003. 7. 5. 체결된 매매계약은 금 30,004,560원의 한도 내에서 이를 취소하고, 피고는 원고에게 금 30,004,560원 및 이에 대하여 이 사건 판결 확정일다음날부터 다 갚는 날까지 연 20%의 비율에 의한 금원을 지급한다(원고는 당심에서 청구취지를 감축하였다).",
            "제1심판결 중 피고 패소 부분을 취소하고, 그 취소 부분에 해당하는 원고의 청구를 기각한다."
        ]
    },
    "assrs": {
        "acusrAssrs": [
            "원고에게 지연손해금을 지급할 의무가 있다."
        ],
        "dedatAssrs": [
            "피고는 위 대물변제행위는 사해행위가 아니거나 사해행위에 대하여 선의라는 취지로 주장한다."
        ]
    },
    "facts": {
        "bsisFacts": [
            "원고는 손목시계 제조 및 판매업을 영위하는 회사로서 2001. 6. 22. 제1심 공동피고 00(이하 'OO' 이라고 한다)이 대표이사로 있는 소외 000(이하 'OOO' 라고 한다)와 사이에 거래기간을 1년으로 하되 계약 만료일 1개월 전까지별도의 해지 통보가 없으면 동일한 조건으로 거래기간이 연장되는 것으로 정하여 손목시계 등을 공급하는 대리점계약을 체결하였다.",
            "그 후 원고는 000와 2001. 11.경 대리점계약서를 새로 작성하였는데, 당시 00과 제1심 공동피고 00(이하 'OO'이라고 한다)은 000의 원고에 대한 위 대리점 계약에 기한 물품대금채무를 연대보증하고, 원고에게 액면 5,000만 원 권약속어음 1장을 공증하여 발행,교부하였다.",
            "000는 위 대리점계약에 따라 원고로부터 손목시계 등을 공급받아 오던 중, 자금사정의 악화로 2003. 8. 8. 당좌거래가 정지되었는데, 2003. 9. 현재 외상물품대금이 합계 금 30,004,560원에 이르게 되었다.",
            "00은 000가 당좌거래정지처분을 받기 약 10여 일 전인 2003. 7. 26. 자신의 유일한 재산인 별지 목록 기재 아파트(이하 '이 사건 아파트' 라고 한다)에 관하여 사돈관계에 있는 피고( 00은 피고의 딸인 소외 00의 시누이인 00의남편이다) 앞의 수원지방법원 성남지원 광주등기소 접수 제43281호로 2003. 7. 5.자 매매계약을 원인으로 한 소유권이전등기를 경료하였다.",
            "당시 위 아파트에는 채무자를 00으로 하여 채권최고액이 1억 1,480만 원인 소외 국민은행 명의의 근저당권이 설정되어 있었다.",
            "00은 원고에 대한 연대보증채무를 부담하는 것과는 별도로 000의 소외 000에 대한 구상금채무를 연대보증한 관계로 위 아파트를 처분할 무렵 000에 대하여도 금 256,110,040원 상당의 구상금채무를 부담하는 상황에놓여 있었다."
        ]
    },
    "dcss": {
        "courtDcss": [
            "채권자취소권의 주관적 요건인 채무자가 채권자를 해함을 안다는 사해의사는 채무자의 재산처분 행위에 의하여 그 재산이 감소되어 채권의 공동담보에 부족이 생기거나 이미 부족상태에 있는 공동담보가 한층 더 부족하게 됨으로써 채권자의 채권을 완전하게 만족시킬 수 없게 된다는 사실을 인식하는 것을 의미한다.",
            "만약 주채무의 연대보증인이 자신의 자산상태가 채권자에 대한 연대보증채무를 담보하는데 부족이 생기게 되리라는 것을 인식하면서도 자신의 유일한 재산인 부동산을 타인에게 처분하였다면 그러한 행위는 채권자에 대한 사해행위가 된다고 할 것이다.",
            "나아가 그 사해행위 당시에 이미 채권 성립의 기초가 되는 법률관계가 형성되어 있고 가까운 장래에 그 법률관계에 기하여 채권이 성립될 고도의 개연성이 있으며 실제로 가까운 장래에 그 개연성이 현실화되어 채권이 성립된 경우에는 그 채권도 예외적으로 채권자취소권의 피보전채권이 될 수 있다고 할 것이다.",
            "그런데 앞서 본 바와 같이 00이 피고와 이 사건 아파트 매매계약을 체결할 당시 이미 원고에게는 00에 대한 물품대금채권이 발생할 대리점계약이 체결되어 있었고, 또한 000의 자금사정이 매우 악화되어 조만간 추가 물품대금채권이 발생할 고도의 개연성도 있었다.",
            "실제로 얼마 후 그 대금채권이 현실적으로 발생한 점, 00이 000의 거래정지처분 약 10여 일 전에 위 아파트를 긴급하게 처분함으로써 무자력 상태에 놓이게 된 점, 이병섭이 신용보증기금에 금 256,110,040원 상당의 구상금채무를 부담하고 있었다.",
            "00과 피고와의 인적 관계 등을 종합하면, 00이 위 아파트를 사돈관계에 있는 피고에게 매도한 것은 원고를 해하는 사해행위가 된다고 봄이 상당하고, 따라서 원고로서는 물품대금채무의 연대보증인인 00에 대한 채권의 보전을 위하여 000 및 피고에게 위 매매계약에 관하여 채권자취소권을 행사할 수 있다고 할 것이다.",
            "이미 채무초과의 상태에 빠져 있는 채무자가 그의 유일한 재산인 부동산을 채권자들 가운데 어느 한 사람에게 대물변제로 제공하는 행위는 다른 특별한 사정이 없는 한 다른 채권자들에 대한 관계에서 사해행위가 된다고 할 것이다( 대법원 1996. 10. 29. 선고 96다23207 판결 참조).",
            "피고가 00에게 실제로 그 주장 일시에 돈을 각대여하였다고 하더라도 00의 그와 같은 대물변제행위가 사해행위에 해당하지 않는다고 할 수는 없고, 한편 피고 명의의 계좌에서 그 주장 일시에 돈이 인출되었다는 사실만으로는 피고가 00에게 실제로 돈을 대여하였다고 인정하기 어렵다{00 명의의 각 영수증은 이 사건 소송이 제기되자 한꺼번에 작성된 것이다(을10호증)}.",
            "딸의 시누이 남편에게 5,000만 원의 돈을 대여하고서 그 대여금에 대한 약정이자를 전혀 지급받지도 못한 상태에서 또 다시 3회에 걸쳐 추가 금원을 더 대여하였다는 것은 선뜻 납득하기 어렵다.",
            "00이 대물변제를 제안하면서 추가 금원의 대여를 요청하였다는 피고의 주장에 비추어 볼 때 당시 피고로서도 00이나 000의 자금사정이 좋지 않다는 사실을 알고 있었던 것으로 보인다.",
            "000에 대한 거래정지 처분일로부터 불과 10여 일 전에 피고 명의로 소유권이전등기가 경료된 점 등 제반 사정에 비추어 볼 때 위 인정사실만으로는 피고가 위 사해행위에 대하여 선의이었다고 인정하기 부족하고 달리 이를 인정할 증거가 없다.",
            "따라서 00과 피고 사이의 대물변제 약정이 사해행위가 아니라거나 피고가 사해행위에 대하여 선의이었다는 주장은 모두 받아들일 수 없다.",
            "00과 피고 사이의 이 사건 아파트 매매계약이 체결된 후 위 아파트에 설정되어 있던 국민은행 명의의 근저당권이 말소된 이 사건에 있어서도 원고는 이 사건 아파트의 당심 변론종결시에 가까운 시점의 시가인 1억 7,500만 원(제1심 감정인 박용수의 시가감정 결과)에서 말소된 국민은행 명의의 근저당권 피담보채무액인 89,104,326원을 공제한 잔액인 금 85,895,674원(175,000,000원 - 89,104,326원)",
            "중 원고가 구하는 바에 따라 원고의 00에 대한 물품대금채권(30,004,560원)의 한도 내에서 사해행위를 취소하고, 그 가액의 배상을 구할 수 있다고 할 것이다.",
            "한 채권자가 채무자를 상대로 그 채무의 이행을 구하는 소를 제기하여 승소판결이 확정되면 채권자취소소송의 상대방인 수익자나 전득자는 그와 같이 확정된 채권자의 채권의 존부나 범위에 관하여 다툴 수 없으므로( 대법원 2003.7.11. 선고 2003다19572 판결 참조), 피고는 원상회복의 방법으로 원고에게 위 금 30,004,560원 및 이에 대한 지연손해금을 지급할 의무가 있다."
        ]
    },
    "close": {
        "cnclsns": [
            "피고의 항소를 기각한다.",
            "항소비용은 피고의 부담으로 한다.",
            "제1심 판결 주문 제2의 가.항은 당심에서 원고의 청구 감축에 의하여 다음과 같이 변경되었다.",
            "제1심 공동피고 00과 피고 사이에 별지 목록 기재 부동산에 관하여 2003.7.5 페결된 매매계약은 금 30,004,560원의 한도 내에서 이를 취소한다."
        ]
    }
}