{
    "info": {
        "caseField": "1",
        "detailField": "1",
        "trailField": "1",
        "caseNm": "손해배상",
        "courtNm": "부산지방법원",
        "judmnAdjuDe": "2007. 06. 28.",
        "caseNo": "2005가합20616",
        "relateLaword": [
            "민법 제741조",
            "민법 제750조",
            "도시가스사업법 제12조 ",
            "도시가스사업법 시행규칙 제17조",
            "민법 제393조",
            "민법 제750조",
            "민법 제763조",
            "민법 제390조",
            "민법 제741조",
            "민법 제750조",
            "민법 제763조",
            "도시가스사업법 제30조의3 ",
            "도시가스사업법 제30조의5 ",
            "도시가스사업법 제50조",
            "도시가스사업법 시행령 제7조",
            "도시가스사업법 시행규칙 제52조",
            "도시가스사업법 시행규칙 제55조",
            "국토의 계획 및 이용에 관한 법률 제36조"
        ],
        "qotatPrcdnt": [
            "대법원 1994. 9. 30. 선고 94다32085 판결",
            "대법원 2002. 4. 12. 선고 2001다60866 판결",
            "대법원 2002. 10. 25. 선고 2002다31483 판결",
            "대법원 1996. 1. 26. 선고 94다5472 판결"
        ]
    },
    "concerned": {
        "acusr": "2",
        "dedat": "2"
    },
    "org": {
        "orgJdgmnCourtNm": "",
        "orgJdgmnAdjuDe": "",
        "orgJdgmnCaseNo": ""
    },
    "disposal": {
        "disposalform": "1",
        "disposalcontent": [
            "피고는 원고에게 2,768,405원과 이에 대하여 2005. 10. 21.부터 2007. 6. 28.까지는 연 5%의, 그 다음 날부터 갚는 날까지 연 20%의 각 비율로 계산한 돈을 지급한다.",
            "원고의 나머지 청구를 기각한다.",
            "소송비용 중 9/10은 원고가, 나머지는 피고가 각 부담한다.",
            "제1항은 가집행할 수 있다."
        ]
    },
    "mentionedItems": {
        "rqestObjet": [
            "피고는 원고에게 금 138,739,983원 및 이에 대한 이 사건 소장부본 송달일 다음날부터 완제일까지 연 20%의 비율로 계산한 돈을 지급한다."
        ]
    },
    "assrs": {
        "acusrAssrs": [
            "원고는 이 사건 제2토지 및 그 일부에 해당하는 이 사건 제4토지는 2003. 1. 23. 이래 원고의 소유이고, 피고가 1998. 10.경 이래로 아무런 권원 없이 이 사건 제4토지의 지하에 이 사건 도시가스배관을 매설하여 2005. 9. 4.까지 운용해 왔다.",
            "도시가스배관의 폭발위험성을 고려할 때 그 매설위치 주위 사방 3m에 해당하는 지하, 지표 및 지상에 시설물을 설취하거나 이용할 수 없으므로 이 사건 제2토지의 범위 내에서 이 사건 제4토지 주위 사방 3m에 해당하는 면적의 토지 상하 위부(이하 '이 사건 제7토지'라 한다)는 피고가 불법적으로 점유·사용해 오고 있는 것이다.",
            "피고는 원고에게 이 사건 제7토지에 대한 위 점유기간동안의 임료 상당액을 불법행위로 인한 손해배상 내지 부당이득의 반환으로 지급할 의무가 있다는 취지의 주장을 한다.",
            "원고는 도시가스사업법 제30조의3 및 동 시행령 제7조 의 취지를 고려하면 매설위치 기준 사방 3m까지 그 지하 및 지상을 사용·수익할 수 없으므로 피고는 위 면적 상당을 점유하고 있다는 취지의 주장을 한다.",
            "원고는 자신 소유의 이 사건 제2토지 지상에서 이 사건 지상건물 증축공사를 하다 그 토지 지하 부분에서 피고가 불법매설한 이 사건 도시가스배관이 발견되어 그 공사가 중단되는 바람에 추가공사비와 공사중단 기간 동안의 추가 현장관리비가 소요되는 손실(이하 '이 사건 손실'이라 한다)이 발생하게 되었으므로 피고는 원고에게 그 추가공사비와 추가현장관리비 상당액을 손해배상으로 지급할 의무가 있다고 주장한다.",
            "원고는 자신 소유의 이 사건 제2토지 지상에서 이 사건 지상건물 증축공사를 하다 그 토지 지하 부분에서 피고가 불법매설한 도시가스배관이 발견되어 그 공사가 그 가스배관 이설공사기간 동안 중단되는 바람에 그 기간에 상당하는 기간 동안 이 사건 지상건물 증축공사가 지체되었으므로 피고는 원고에게 그 지체된 기간에 상당하는 기간 동안 이 사건 지상건물을 증축하여 운영하였다면 얻었을 영업이익금 상당액을 손해배상으로 지급할 의무가 있다고 주장한다.",
            "원고는 1. 피고의 이 사건 도시가스배관 불법매설로 인하여 불법매설기간 동안 가스폭발의 위험 속에 있었으므로 그로 인해 정신적 충격과 고통을 입었으며, 2. 이 사건 공사진행 중 이 사건 도시가스배관을 발견하여 정신적 충격과 고통을 입었고, 3. 그 후 이 사건 가스배관 발견으로 이 사건 공사를 중단하게 되어 정신적 고통을 입었으므로 피고는 이를 금전으로 위자할 의무가 있다고 주장한다."
        ],
        "dedatAssrs": [
            "일반 공중에게 무상으로 통행할 수 있도록 함으로써 그 토지 부분에 대한 독점적이고 배타적인 사용수익권을 포기하였고 그 이후 그 소유권을 특정승계한 원고도 그와 같은 사용·수익의 제한이라는 부담이 있다는 사정을 용인하거나 적어도 그러한 사정이 있음을 알고서 그 토지의 소유권을 취득하였다고 봄이 상당하다.",
            "그러므로 원고는 도로로 제공되어 씨 이 사건 제4, 5, 6토지 부분에 대하여 독점적이고 배타적인 사용수익권을 행사할 수 없기 때문에 원고의 위 주장은 이유 없다.",
            "가사 피고에게 임료 상당액 지급의무가 있다 하더라도 그 액수는 ① 이 사건 도시가스배관이 매설된 부분에 한정된 토지의 부분에 대하여 ② 도로로 제한된 상태, 즉 도로인 현황대로 감정평가한 금액 중 ③ 그 지하 부분 사용료 상당액으로 한정해야 한다."
        ]
    },
    "facts": {
        "bsisFacts": [
            "원고는 0000 대 919.7㎡(이하 '이 사건 제1토지'라 한다) 및 그 지상건물(이하 '이 사건 지상건물'이라 한다)에 대해 1986. 2. 19.과 1990. 8. 23. 지분소유권 전체를, 같은 동 146-1 대 626.1㎡(이하 '이 사건 제2토지'라 한다)에 대해 2003. 3. 21. 각 소유권을 취득하였다.",
            "그 후 위 지상에 위 지상건물 증축공사(이하 이 사건 공사 라 한다)를 하여 지층 및 지상 5층의 의료시설인(명칭 생략) 병원(이하 '이 사건 병원'이라 한다)을 소유하며 경영하는 자이고, 피고는 가스사업 등을 목적으로 하는 주식회사이다.",
            "이 사건 제2토지의 서쪽 모퉁이인 별지 도면 표시 10, 11, 19, 12, 13, 20, 10의 각 점을 차례로 연결한 선내 라 부분 1㎡(이하 '이 사건 제4토지'라 한다), ",
            "11, 12, 19, 11의 각 점을 차례로 연결한 선내 마 부분 1.7㎡(이하 '이 사건 제5토지' 한다) 및 10,20,13,14,21,18,10의 각 점을 차례로 연결한 선내 바 부분 10㎡(이하 '이 사건 제6토지'라 한다)는 모두 위 쇠사슬 경계의 바깥 쪽(이 사건 토지의 서쪽 모퉁이 부분)의 토지로서 종래 일반인과 일반차량의 통행로로 사용되어 왔다.",
            "피고는 1998. 10.경 이 사건 제3토지 지하에서 도시가스배관 매설작업을 하다 이 사건 제4토지 앞의 이 사건 제3토지 부분에서 지하매설물을 발견하고 그것을 우회하기 위해 이 사건 제4토지의 지하에 그 소유자의 동의나 승낙 없이 중압의 도시가스배관(이하 '이 사건 도시가스배관'이라 한다)을 매설하였다.",
            "피고는 2005. 7. 22. 위 도시가스배관 매설 확인 후 원고측에게 관련 법규에 따라 이 사건 공사의 진행일정이나 방법과 관련하여 협의할 것을 요청하였으나, 원고측은 이를 거절한 채 곧바로 피고에게 2005. 7. 27.까지 이 사건 도시가스배관을 이설하여 달라고 요청하였다.",
            "피고가 이 사건 보도를 굴착해 본 결과, 통신맨홀 등의 지하장애물이 너무 많아서 이 사건 보도 지하에 더 이상 새로운 지하 매설물을 설취하는 것이 불가능하다는 것이 밝혀졌다.",
            "피고는 신규배관 구간을 재검토하는 작업에 들어가 2005. 8. 7. 신규배관 구간을 확정하고 그 구간에 시행할 도시가스배관공사의 설계를 완료한 후 2005. 8. 11. 한국가스안위공사에 위 신규배관의 기선검토를 의뢰하여 2005. 8. 12. 한국가스안위공사로부터 기선검토 결과 적합 통보를 받았다.",
            "한편 피고는 2005. 8. 10. 북구청에 신규배관 설치를 위한 도로굴착허가신청을 하여 2005. 8. 16. 북구청으로부터 그 허가를 받아 곧바로 신규배관설치공사를 시작하여 2005. 8. 31. 완공함으로써 화명동으로의 도시가스 공급을 위한 신규배관이 완성되었고, 2005. 9. 3. 덕천동으로의 도시가스 공급을 위한 신규배관 설치공사가 완료되었다.",
            "이와 같이 이 사건 도시가스배관을 대체할 신규배관 공사를 완료한 후인 2005. 9. 4. 이 사건 도시가스배관을 철거함으로써 이 사건 도시가스배관 이설작업이 최종적으로 완료되었으며 위 이설작업에 총 공사비가 128,000,000원이 소요되었다."
        ]
    },
    "dcss": {
        "courtDcss": [
            "원고는 0000 대 919.7㎡(이하 '이 사건 제1토지'라 한다) 및 그 지상건물(이하 이 사건 지상건물 이라 한다)에 대해 1986. 2. 19.과 1990. 8. 23. 지분소유권 전체를 소유하며 경영하는 자이다.",
            "같은 동 146-1 대 626.1㎡(이하 '이 사건 제2토지'라 한다)에 대해 2003. 3. 21. 각 소유권을 취득한 후 위 지상에 위 지상건물 증축공사(이하 '이 사건 공사'라 한다)를 하여 지층 및 지상 5층의 의료시설인(명칭 생략) 병원(이하 '이 사건 병원'이라 한다)을 소유하며 경영하는 자이고, 피고는 가스사업 등을 목적으로 하는 주식회사이다.",
            "이 사건 제2토지의 서쪽 모퉁이인 별지 도면 표시 10,11,19,12,13,20,10의 각 점을 차례로 연결한 선내 라 부분 1㎡(이하 '이 사건 제4토지'라 한다)는 종래 일반인과 일반차량의 통행로로 사용되어 왔다.",
            "11,12,19,11의 각 점을 차례로 연결한 선내 마 부분 1.7㎡(이하 '이 사건 제5토지'라 한다) 및 10,20,13,14,21,18,10의 각 점을 차례로 연결한 선내 바 부분 10㎡(이하 '이 사건 제6토지'라 한다)는 모두 위 쇠사슬 경계의 바깥 쪽(이 사건 토지의 서쪽 모퉁이 부분)의 토지로서 종래 일반인과 일반차량의 통행로로 사용되어 왔다.",
            "피고는 1998. 10.경 이 사건 제3토지 지하에서 도시가스배관 매설작업을 하다 이 사건 제4토지 앞의 이 사건 제3토지 부분에서 지하매설물을 발견하고 그것을 우회하기 위해 이 사건 제4토지의 지하에 그 소유자의 동의나 승낙 없이 중압의 도시가스배관(이하 '이 사건 도시가스배관'이라 한다)을 매설하였다.",
            "피고는 2005. 7. 22. 위 도시가스배관 매설 확인 후 원고측에게 관련 법규에 따라 이 사건 공사의 진행일정이나 방법과 관련하여 협의할 것을 요청하였으나, 원고측은 이를 거절한 채 곧바로 피고에게 2005. 7. 27.까지 이 사건 도시가스배관을 이설하여 달라고 요청하였다.",
            "피고가 이 사건 보도를 굴착해 본 결과, 통신맨홀 등의 지하장애물이 너무 많아서 이 사건 보도 지하에 더 이상 새로운 지하 매설물을 설취하는 것이 불가능하다는 것이 밝혀졌다.",
            "피고는 신규배관 구간을 재검토하는 작업에 들어가 2005. 8. 7. 신규배관 구간을 확정하고 그 구간에 시행할 도시가스배관공사의 설계를 완료한 후 2005. 8. 11. 한국가스안위공사에 위 신규배관의 기선검토를 의뢰하여 2005. 8. 12. 한국가스안위공사로부터 기선검토 결과 적합 통보를 받았다.",
            "한편 피고는 2005. 8. 10. 북구청에 신규배관 설치를 위한 도로굴착허가신청을 하여 2005. 8. 16. 북구청으로부터 그 허가를 받아 곧바로 신규배관설치공사를 시작하여 2005. 8. 31. 완공함으로써 화명동으로의 도시가스 공급을 위한 신규배관이 완성되었고, 2005. 9. 3. 덕천동으로의 도시가스 공급을 위한 신규배관 설치공사가 완료되었다.",
            "이와 같이 이 사건 도시가스배관을 대체할 신규배관 공사를 완료한 후인 2005. 9. 4. 이 사건 도시가스배관을 철거함으로써 이 사건 도시가스배관 이설작업이 최종적으로 완료되었으며 위 이설작업에 총 공사비가 128,000,000원이 소요되었다.",
            "피고는 이 사건 도시가스배관을 이 사건 토지 지하에 매설한 이후 그 유지·관리를 위하여 이 사건 제4,5,6토지 상당의 면적을 점유하고 있다고 봄이 상당하다.",
            "위 법령의 취지는 도시가스사업이 허가된 지역에 있는 도로 등의 경계선으로부터 3m 이내의 지역에서 굴착공사를 할 경우 도시가스배관을 건드릴 위험이 있으므로 굴착공사 위에 가스배관 매설여부를 확인하라는 것에 불과하고 이로써 매설위치 기준 사방 3m 위부에 대하여 토지굴착이 금지되는 것이 아니다.",
            "가스배관 매설 여부가 확인된 후에는 그 매설된 위치의 3m 이내 지역에서 굴착공사를 할 수 있음은 당연하다.",
            "따라서 위 법령의 내용이 직접적으로 도시가스배관이 매설된 부분 인근 토지의 사용·수익 범위를 제한하거나 도시가스배관이 폭발하는 경우 안위에 위해를 미취는 범위를 규정한 것이라고 보여지지 않으므로 원고의 위 주장은 받아들이지 아니한다.",
            "피고는 원고의 이 사건 제4,5,6토지 지하 부분의 소유권의 행사를 방해하면서 이 사건 제4,5,6토지 지하 부분 사용이익 상당의 이익(여기에는 지하 부분의 사용으로 인하여 사실상 지상 부분의 사용도 제한받는 점을 고려하여야 할 것이다)을 얻고 이로 인하여 원고에게 같은 금액 상당의 손해를 가하고 있다고 할 것이다.",
            "피고는 원고에게 이 사건 제4,5,6토지 지하 부분에 대한 사용이익 상당액을 불법행위로 인한 손해배상 내지 부당이득으로 반환할 의무가 있다.",
            "따라서 피고는 원고에게 불법행위로 인한 손해배상 내지 부당이득반환으로 금 2,768,405원 및 위 불법행위일 후로서 원고가 구하는 이 사건 소장부본 송달 다음날임이 기록상 명백한 2005. 10. 21.부터 피고가 이 사건 이행의무의 존부나 범위에 관하여 항쟁함이 상당하다고 인정되는 이 판결 선고일인 2007. 6. 28.까지는 연 5%의 비율에 지급할 의무가 있다.",
            "그리고 그 다음 날부터 갚는 날까지는 소송촉진 등에 관한 특례법이 정한 연 연 20%의 각 비율에 의한 지연손해금을 지급할 의무가 있다.",
            "도시가스사업법 제30조의3 제1항, 제30조의5 제1항, 제2항, 제50조 제7호, 제10호, 같은 법 시행령 제7조, 같은 법 시행규칙 제52조, 제55조에 의하면 도시가스배관과 관련된 굴착공사에 관하여 도시가스사업이 허가된 지역에 있는 도로에 관하여 당해 지역을 공급단지로 하는 도시가스사업자에게 확인요청을 하여야 한다.",
            "공동주택단지 기타 대통령령이 정하는 도로인접지역(국토의 계획 및 이용에 관한 법률 제36조 제1항 제1호(가)목 및(나)목 이 규정에 의한 주거지역 및 상업지역에 있는 도로의 경계선으로부터 3m 이내의 지역을 말한다)에서 구멍뚫기, 말뚝박기, 터파기 기타 토지의 굴착공사를 하고자 하는 자는 굴착공사를 하기 위에 당해 토지의 지하에 가스배관이 매설되어 있는지의 여부에 관하여 당해 지역을 공급단지로 하는 도시가스사업자에게 확인요청을 하여야 한다.",
            "도시가스사업자가 위와 같은 확인요청을 받은 때에는 2일 이내에 굴착공사범위 안의 배관매설위치를 표시한 도면을 첨부하여 가스배관이 매설되어 있는지에 관하여 확인을 해 주어야 한다.",
            "굴착공사 도중 도시가스배관이 지하에 매설되어 있음이 발견되어 공사가 중단된 것은 피고의 도시가스배관 무단매설행위에 기인하였다기보다는 원고가 협의절차를 제대로 거취지 아니하고 파일항타장비 등을 이 사건 공사 현장에 반입하여 굴착공사를 먼저 시행하는 등 원고의 협의절차 불이행에 따른 것이라고 봄이 상당하다.",
            "피고에게 가스배관이설의무가 있다고 하더라도 원고로부터 이설요청을 받은 즉시 도시가스배관을 이설할 것으로 기대하기 어렵고 피고의 고의, 과실로 이설공사가 지연되었다고 인정할 수 없을 뿐만 아니라 이설공사에 소요된 기간은 객관적으로 상당한 기간으로 보인다.",
            "이 사건 가스배관 이설기간에 상당하는 기간 동안 이 사건 공사가 지체되었다는 점을 인정하기 어렵고, 피고의 도시가스배관 무단매설행위로 인하여 원고의 영업이익금 상당의 일실손해가 발생하였다고 보기도 어렵다.",
            "피고가 이 사건 가스배관 발견 당시 원고에게 그 이설기간에 상당하는 기간 동안 병원영업을 하지 못해 영업이익이 손실되는 손해가 발생할 것이라는 사실을 알거나 알 수 있었다 하더라도 앞서 살펴본 바와 같이 그 발견 즉시 그 이설을 위해 최선의 노력을 다한 이상 피고에게 그 배상책임이 있다고 볼 수 없다.",
            "이 사건 도시가스배관의 불법매설기간 동안의 정신적 충격, 고통 주장부분은 이 사건 도시가스배관 발견 위에는 그 존재를 몰랐으므로 정신적 충격, 고통이 없었고 그 발견 후에도 이 사건 도시가스배관이 폭발할 가능성은 희박했다(그 발견 후에는 그것에 영향을 미칠만한 공사는 중단되었다.",
            "이 사건과 같이 가스배관이 이 사건 제2토지(626.1㎡)의 경계를 따라 설취되다가 그 끝 부분(약 1/5부분)에서 2미터 정도 침범하여 설치된 경우가 그 경계를 따라 그 경계 끝까지 설취된 통상적인 경우에 비해 가스배관의 폭발위험성에 대한 원고의 정신적 충격, 고통이 더 크다고 할 수도 없다)는 점에서 정신적 충격, 고통이 있었다고 할 수 없다.",
            "이 사건 도시가스배관 발견으로 인한 정신적 충격, 고통 주장부분은 이 사건 제4토지 굴착 위에 원고측이 피고에게 도시가스배관 매설 여부를 확인해 달라고 요청하여 피고가 원고에게 원고가 굴착하려는 토지 주위에 도시가스배관이 매설되어 있다는 사실을 확인해 주었음은 앞서 살펴본 바와 같으므로 원고측이 이 사건 제4토지 굴착공사 중 도시가스배관이 발견될 수 있었음을 충분히 예상할 수 있었다는 점에서 정신적 충격, 고통이 있었다고 할 수 없다.",
            "이 사건 도시가스배관 발견으로 인한 이 사건 공사 중단으로 인한 정신적 충격 부분은 특별한 사정에 의한 손해로서 앞서 4.에서 살펴본 바와 마찬가지 이유로 피고에게 배상책임이 없다."
        ]
    },
    "close": {
        "cnclsns": [
            "피고는 원고에게 2,768,405원과 이에 대하여 2005.10.21. 부터 2007.6.28.까지는 연 5%의, 그 다음날부터 갚는 날까지 연 20%의 각 비율로 계산한 돈을 지급하라.",
            "원고의 나머지 청구를 기각한다.",
            "소송비용 중 9/10은 원고가, 나머지는 피고가 각 부담한다.",
            "제1항은 가집행할 수 있다."
        ]
    }
}