{
    "info": {
        "caseField": "1",
        "detailField": "1",
        "trailField": "2",
        "caseNm": "부당이득금반환",
        "courtNm": "서울고등법원",
        "judmnAdjuDe": "2005. 12. 08.",
        "caseNo": "2005나37422",
        "relateLaword": [
            "집합건물의 소유 및 관리에 관한 법률 제20조",
            "부동산등기법 제135조"
        ],
        "qotatPrcdnt": [
            "대법원 2001. 7. 10. 선고 2000다24986 판결 "
        ]
    },
    "concerned": {
        "acusr": "1",
        "dedat": "3"
    },
    "org": {
        "orgJdgmnCourtNm": "서울중앙지방법원",
        "orgJdgmnAdjuDe": "2005. 4. 27.",
        "orgJdgmnCaseNo": "2004가단236327 "
    },
    "disposal": {
        "disposalform": "10",
        "disposalcontent": [
            "원고들의 항소를 모두 기각한다.",
            "항소비용은 원고들의 부담으로 한다."
        ]
    },
    "mentionedItems": {
        "rqestObjet": [
            "제1심 판결을 취소한다.",
            "피고는 원고들에게 73,152,410원 및 이에 대하여 2000. 5. 17.부터 이 사건 소장부본 송달일까지는 연 5%의, 그 다음날부터 다 갚는 날까지는 연 20%의 각 비율에 의한 금원을 지급한다."
        ]
    },
    "assrs": {
        "acusrAssrs": [
            "원고들은, 이 사건 연립주택과 분리하여 이 사건 대지 지분 중 위 208.26 지분만을 대상으로 한 위 증여 및 이를 원인으로 한 원고 00 명의의 위 소유권일부이전등기는 집합건물의 소유 및 관리에 관한 법률 제20조 제2항 및 부동산등기법 제135조의2 제1항에위반하여 무효이고, 따라서 피고 산하 성북세무서장의 위 증여세 등 부과처분 또한 당연무효이므로, 피고를 상대로 부당이득 반환으로 청구취지 기재 금원을 지급할 것을 청구한다."
        ],
        "dedatAssrs": [
            "피고가 위 과세처분에 의하여 망 소외인 및 원고 00로부터 납부받은 증여세 등은 모두 법률상 원인이 없는 것으로 부당이득에 해당한다고 주장한다."
        ]
    },
    "facts": {
        "bsisFacts": [
            "망 소외인은 1977. 7. 4. 집합건물인 0000 벽돌조슬래브 2층 연립주택 중 제1, 2층 제8호 벽돌조1층, 2층 각 59.93㎡, 지하실 19.97㎡에 관하여 서울지방법원 성북등기소 같은 날 접수 제28462호로 소유권보존등기를 경료하였는데, 1986. 5. 22. 위 연립주택의 대지인 위 0000 대 1,547㎡ 중 1,547분지 701.2 지분에 관하여 대지권등기가 경료되었다.",
            "그 후 망 소외인이 1990. 5. 14. 자신의 아들인 원고 00에게 위 연립주택과 분리하여 위 대지 지분 중 208.26 지분을 증여하고 위 증여를 원인으로 하여 위 대지 지분에 관하여 같은 등기소 1990. 5. 18. 접수 제19970호로 원고 00 명의의 소유권일부이전등기를 경료하여 주었는데, 위 소유권일부이전등기는 이 사건 대지 등기부상 현재까지 존속하고 있다.",
            "피고 산하 성북세무서장이 위 증여에 대하여 증여세 등 부과 처분을 하자, 망 소외인 및 원고 00는 연대채무자로서 2000. 5. 17. 성북세무서에 증여세 51,533,160원, 교육세 8,588,860원, 가산금 13,030,390원 합계 73,152,410원을 납부하였다.",
            "망 소외인이 이 사건 소송계속중인 2004. 8. 10. 사망함에 따라 그 상속인들인 원고들이 이 사건 소송을 수계하였다"
        ]
    },
    "dcss": {
        "courtDcss": [
            "집합건물의 소유 및 관리에 관한 법률 제20조 제2항 본문은 구분소유자는 전유부분과 분리하여 대지사용권을 처분할 수 없다고 규정하고 있고, 부동산등기법 제135조의2 제1항은 대지권등기가 경료된 경우 그 토지의 등기부에는 소유권이전등기를 경료하지 못한다고 규정하고 있다.",
            "망 소외인이 이 사건 대지에 관하여 대지권등기가 경료된 이후인 1990. 5. 14. 원고 00에게 이 사건 연립주택과 분리하여 위 대지 지분을 증여하고 위 소유권일부이전등기를 경료하여 준 사실은 앞서 본 바와 같으므로, 위 증여 및 그에 따른 위 소유권일부이전등기는 위와 같은 법률규정에 반하여 무효라고 할 것이어서, 위 증여를 원인으로 한 성북세무서장의 위 증여세 등 부과처분에는 위법사유가 있다고 할 것이다.",
            "그러나, 나아가 위 증여세 등 부과처분의 하자가 중대하고도 명백한가에 관하여 살피건대, 망 소외인이 실제로 1990. 5. 14. 원고 00에게 위 대지 지분 중 208.26 지분을 증여한 사실, 이에 따라 이 사건 대지 등기부상 위 대지 지분에 관하여 원고 00 명의의 소유권일부이전등기가 경료된 후 현재까지 존속하고 있다.",
            "그 후 성북세무서장이 증여세 등 부과 처분을 하여, 망 소외인 및 원고 00가 2000. 5. 17. 증여세 등으로 73,152,410원을 납부한 사실은 앞서 본 바와 같고, 갑제5호증, 을제6호증의 각 기재에 의하면, 원고 00가 1999. 9. 2. 위 지분에 관한 소유자로서 서울지방토지수용위원회로부터 위 대지 가운데 도로로 편입된 부분에 대한 보상금까지 수령한 사실을 또한 인정할 수 있다.",
            "위와 같은 인정사실 및 이 사건 변론에 나타난 제반 사정에 비추어 보면, 성북세무서장의 위 증여세 등 부과처분은 과세대상이 되지 아니하는 법률관계나 사실관계에 대하여 이를 과세대상이 되는 것으로 오인할 만한 객관적인 사정이 있는 경우에 해당하여 사실관계를 정확히 조사하여야 비로소 과세대상이 되는지 여부를 밝힐 수 있다고 할 것이므로, 그 하자가 외관상 명백하다고 볼 수는 없다고 할 것이다.",
            "따라서, 위 과세처분이 당연무효임을 전제로 한 원고들의 이 사건 각 청구는 나머지 점에 관하여 더 나아가 살필 필요 없이 모두 이유 없다."
        ]
    },
    "close": {
        "cnclsns": [
            "원고들의 항소를 모두 기각한다.",
            "항소비용은 원고들의 부담으로 한다."
        ]
    }
}