{
    "info": {
        "caseField": "1",
        "detailField": "1",
        "trailField": "2",
        "caseNm": "소유권보존등기말소등",
        "courtNm": "서울고등법원",
        "judmnAdjuDe": "2005. 11. 01.",
        "caseNo": "2005나30971",
        "relateLaword": [
            "민사소송법 제420조"
        ],
        "qotatPrcdnt": []
    },
    "concerned": {
        "acusr": "2",
        "dedat": "1"
    },
    "org": {
        "orgJdgmnCourtNm": "서울중앙지방법원",
        "orgJdgmnAdjuDe": "2005. 3. 16.",
        "orgJdgmnCaseNo": "2004가합53956 "
    },
    "disposal": {
        "disposalform": "10",
        "disposalcontent": [
            "피고의 항소를 기각한다.",
            "항소비용은 피고의 부담으로 한다."
        ]
    },
    "mentionedItems": {
        "rqestObjet": [
            "피고는 원고에게, 제1심 공동피고 000의 별지 2. 목록 기재 각 부동산에 관하여 서울중앙지방법원 강남등기소 2004. 5. 10. 접수 제36797호로 경료한 소유권보존등기의 각 말소등기에 대하여 각 승낙의 의사표시를 한다."
        ]
    },
    "assrs": {
        "acusrAssrs": [
            "피고는 원고에게, 제1심 공동피고 000의 별지 2. 목록 기재 각 부동산에 관하여 서울중앙지방법원 강남등기소 2004. 5. 10. 접수 제36797호로 경료한 소유권보존등기의 각 말소등기에 대하여 각 승낙의 의사표시를 하라"
        ],
        "dedatAssrs": []
    },
    "facts": {
        "bsisFacts": [
            "이 법원이 설시할 이유는 제1심 판결 제5쪽 차. 항을 다음과 같이 다시 쓰고, 제6쪽 10행의 \"원고가 000을 시공자로 정하여 나머지 공사를 모두 완료한 후\" 로 고쳐쓴다. ",
            "\"원고가 기존의 시공자인 000으로 하여금 나머지 공사를 모두 완료하게 한 후\" 로 고쳐 쓰는 외에는 제1심 판결의 이유란의 기재와 같다."
        ]
    },
    "dcss": {
        "courtDcss": [
            "한편, 위 아파트 19세대 중 '0000, 0000'를 제외한 나머지 17세대에 관하여 원고 보조참가인들은 2002. 12.부터2003. 1.경 피고 000과 사이에 각 분양계약을 체결하였다.",
            "0000에 관하여는 원고 보조참가인 1과 소외 00이 공동수분양자로 분양계약을 체결하였고, 0000에 관하여는 당초 소외 00가 2002. 12. 30. 분양계약을 체결하였다가 2004. 4. 20. 원고 보조참가인 2에게 수분양자의 권리를 양도하였다.",
            "그렇다면, 이 사건 아파트 19세대에 관한 청구취지 기재 각 소유권보존등기의 명의자인 제1심 공동피고 유니버스토건은 원고에게 위 각 소유권보존등기를 말소할 의무가 있고, 위와 같이 말소될 소유권보존등기에 기하여 가처분등기를 경료한 피고는 등기상 이해관계 있는 제3자로서 원고에 대하여 위 말소등기절차에 필요한 승낙의 의사표시를 할 의무가 있다.",
            "원고의 이 사건 청구는 이유 있어 이를 인용할 것인바, 제1심 판결은 이와 결론을 같이 하여 정당하므로, 피고의 항소는 이유 없어 이를 기각하기로 한다."
        ]
    },
    "close": {
        "cnclsns": [
            "피고의 항소를 기각한다.",
            "항소비용은 피고의 부담으로 한다."
        ]
    }
}