{
    "info": {
        "caseField": "1",
        "detailField": "1",
        "trailField": "2",
        "caseNm": "건물명도",
        "courtNm": "수원지방법원",
        "judmnAdjuDe": "2006. 09. 21.",
        "caseNo": "2005나24711",
        "relateLaword": [
            "민사소송법 제420조"
        ],
        "qotatPrcdnt": []
    },
    "concerned": {
        "acusr": "1",
        "dedat": "1"
    },
    "org": {
        "orgJdgmnCourtNm": "수원지방법원 안산지원",
        "orgJdgmnAdjuDe": "2005. 11. 22",
        "orgJdgmnCaseNo": "2005가단14892"
    },
    "disposal": {
        "disposalform": "10",
        "disposalcontent": [
            "원고의 항소를 기각한다",
            "항소비용은 원고가 부담한다"
        ]
    },
    "mentionedItems": {
        "rqestObjet": [
            "제1심 판결을 취소하여, 피고는 원고에게 별지 목록 기재 건물을 명도하고, 이 사건 소장 송달 다음날부터위 건물 명도 완료일까지 월 600,000원의 비율에 의한 금원을 지급한다"
        ]
    },
    "assrs": {
        "acusrAssrs": [
            "피고는 원고에게 별지 목록 기재 건물을 명도한다."
        ],
        "dedatAssrs": []
    },
    "facts": {
        "bsisFacts": [
            "이 법원이 이 사건에 관하여 설시할 이유는 제1심 판결 4쪽 열째줄 ‘할 것이다’ 다음에 를 추가하는 외에는 제1심 판결의 그것과 같다."
        ]
    },
    "dcss": {
        "courtDcss": [
            "근저당권자인 000으로서는 위 근저당권을 취득할 당시 이 사건 다세대주택이 다가구주택에서 다세대주택으로 변경된 사실을 등기부상 확인할 수 있었으므로, 지번 기재만으로 이 사건 다세대주택에 주소 또는 거소를 가진 자로 등록되어 있는 자가 존재할 가능성을 인식할 수 있었다고 할 것이다)’를 추가하는 외에는 제1심 판결의 그것과 같으므로 민사소송법 제420조에 의하여 이를 그대로 인용한다."
        ]
    },
    "close": {
        "cnclsns": [
            "원고의 항소를 기각한다.",
            "항소비용은 원고가 부담한다."
        ]
    }
}