{
    "info": {
        "caseField": "1",
        "detailField": "1",
        "trailField": "2",
        "caseNm": "대여금등",
        "courtNm": "서울고등법원 ",
        "judmnAdjuDe": "2007. 04. 24.",
        "caseNo": "2005나112187",
        "relateLaword": [
            " 민사소송법 제358조",
            "민법 제126조"
        ],
        "qotatPrcdnt": [
            "대법원 2000. 3. 14. 선고 99다67376 판결 참조",
            "대법원 2002. 12. 10. 선고, 2001다58443 판결 참조",
            " 대법원 2004. 8. 20. 선고 2004다21008 판결 참조"
        ]
    },
    "concerned": {
        "acusr": "2",
        "dedat": "1"
    },
    "org": {
        "orgJdgmnCourtNm": "서울중앙지방법원",
        "orgJdgmnAdjuDe": "2005. 11. 4",
        "orgJdgmnCaseNo": "선고 2004가단356436 판결"
    },
    "disposal": {
        "disposalform": "10",
        "disposalcontent": [
            "제1심 판결을 취소한다.",
            "원고의 주위적 청구를 기각한다.",
            "당심에서 추가된 예비적 청구에 따라, 피고는 원고에게 446,178,082 원 및 이에 대하여 2004. 1. 20.부터 2007. 4.24.까지는 연 5%의, 그 다음날부터 갚는 날까지는 연 20%의 각 비율에 의한 금액을 지급한다.",
            "원고의 나머지 예비적 청구를 기각한다.",
            "가. 가지급물반환신청에 따라, 원고는 피고에게 1,007,592,965 원 및 이에 대하여 2005. 11. 10.부터 2007. 4. 24.까지는 연 5%의, 그 다음날부터 갚는 날까지는 연 20%의 각 비율에 의한 금액을 지급한다.",
            "나. 피고의 나머지 가지급물반환신청을 기각한다.",
            "다. 위 가항은 가집행할 수 있다.",
            "4. 소송총비용(가지급물반환신청비용 포함) 중 70%는 원고가, 나머지는 피고가 각 부담한다."
        ]
    },
    "mentionedItems": {
        "rqestObjet": [
            "청구취지 주위적 및 예비적으로, 피고는 원고에게 1,200,000,000 원 및 이에 대하여 2004. 1. 20.부터 2004. 11. 18.까지는 연 6%, 그 다음날부터 갚는 날까지는 연 20%의 각 비율에 의한 금액을 지급한다.",
            "항소취지 제1심 판결을 취소한다.",
            "원고의 청구를 기각한다.",
            "가지급물반환신청취지 원고는 피고에게 1,494,049,314 원 및 이에 대하여 2005. 11. 9.부터 이 사건 가지급금반환신청서부본 송달일까지는 연 5%의, 그 다음날부터 갚는 날까지는 연 20%의 각 비율에 의한 금액을 지급한다."
        ]
    },
    "assrs": {
        "acusrAssrs": [
            "주위적 청구 : 피고회사는 이 사건 당좌수표에 보증하였고, 이 사건 약속어음에 배서하였으므로 원고에게 수표금 또는 어음금으로서 12억 원 및 그에 대한 이자 등을 지급할 의무가 있다.",
            "피고회사는 제1심 공동피고000의 3대주주이고, 제1심 공동피고 000는 피고회사의 중요한사업부문인 전자화폐단말기 사업과 밀접한 관계가 있다.",
            "원고 직원 소외 4는 이러한 피고회사가 제1심 공동피고 000를 지원하기 위하여 이 사건 당좌수표에 지급보증을 하여 주겠다고 하여 피고회사를 직접 방문하여 피고회사의 상무이사인 소외 1로부터 보증관계 서류를 받았으므로 원고로서는 소외 1이 피고회사를 대리하여 예비적 청구 : 이 사건 당좌수표의 보증행위 및 약속어음배서를 할 권한이 있다고 믿었다.",
            "그와 같이 믿은 데에 정당한 이유가 있으니, 표현대리 법리에 따라 피고회사는 원고에게 위수표금 또는 어음금을 지급할 의무가 있다.",
            "이 사건 당좌수표의 보증부분 및 약속어음상의 배서가 소외 1 등에 의하여 위조되었다고 하더라도 원원고는 피고회사의 보증이나 배서가 진정한 것으로 믿고 제1심 공동피고 000에게 12억 원을 대출함으로써 동액 상당의 손해를 입었으므로 피고회사는 소외 1의 사용자로서 원고가 입은 손해를 배상할 의무가 있다."
        ],
        "dedatAssrs": [
            "피고회사는 소외 1이 이 사건 당좌수표 및 약속어음상 피고회사의 인영을 임의로 날인한 것이라고 주장한다."
        ]
    },
    "facts": {
        "bsisFacts": [
            "제1심 공동피고 000는 각종 전자화폐용 단말기의 개발·제조·판매 등을 목적으로 하는 기업이고, 소외 2는 2002.12. 30. 제1심 공동피고 000의 대표이사로 취임하였다.",
            "피고회사는 정부의 물류정보화 시책에 따라 해양수산부의 주도로 최대 주주인 000등 공,사기업이 공동출자하여 1994. 3. 30. 설립되어 2002. 3. 12. 코스닥시장에 등록된 법인으로서, 전산장비 판매 등의 사업을 목적으로 하는 자본금 120여억 원의 회사이다",
            "소외 3은 1999. 12. 경부터 2004. 3.경까지 피고회사의 대표이사로 근무하였고, 소외 1은 피고회사의 비등기 상근임원으로서 2002. 1. 14.부터 신규사업을 관장하는 전략기획본부장으로 근무하던 중 2003. 1. 2. 상무이사가 되었다.",
            "피고회사는 전자화폐사업을 신규사업으로 추진하는 과정에서 당시 이 분야에서 기술력과 연구인력을 보유하고 있어 벤처기업기술인증의 자격요건을 갖춘 제1심 공동피고 000와 전략적인 협력관계 구축을 위하여 2001. 8. 1. 제1심 공동피고 1 주식회사의 발행주식 중 9.35%인 30만 주를 8억 원에 매입하는 방식으로 출자하였다.",
            "원고의 대출담당자인 소외 4는 2002. 12.경 000의 대출담당자인 소외 5의 소개로 제1심 공동피고 000의 자금담당직원인 소외 6으로부터 피고회사가 백지당좌수표에 전면보증하는 것을 조건으로 제1심 공동피고 000에게 15억 원을 대출하여 줄 것을 요청받았다.",
            "원고는 제1심 공동피고 000의 재산상태, 매출관계, 신용상태, 주주관계 등 기업신용도를 검토한 후 제1심 공동피고 000자체만으로는 신용도가 미흡하나 피고회사가 지급보증하면 제1심 공동피고 000에게 15억 원을 대출하여 주기로 결정하였다.",
            "소외 4는 2003. 1. 9. 제1심 공동피고 000의 대표이사인 소외 2로부터 여신거래약정서(채무자 제1심 공동피고 000, 연대보증인 소외 2, 여신한도금액 15억 원, 여신기간만료일 2004. 1. 12. 이자율 연 10%), 소외 2가 제1심 공동피고 000의 채무를 연대보증하기로 하는 근보증서에 서명날인을 받는다.",
            "발행인 제1심 공동피고 000, 지급지 000 0000 개인고객지점, 발행일 및 액면금 백지인 당좌수표(이하 '이 사건 당좌수표'라 한다)를 교부받았다.",
            "소외 4는 2003. 1. 10. 소외 6과 함께 피고회사를 방문하여 소외 6의 소개로 소외 1을 만났다. ",
            "당시 소외 1은 자신을 피고회사의 자금담당이사인데, 피고회사가 제1심 공동피고 000에 파견하여 제1심 공동피고 000의 자금차입 및 경영전반에 관여하고 있다고 소개하면서, 피고회사의 상무로 기재된 명함을 주었다.",
            "소외 1은 자신이 이 사건 당좌수표에 대하여 대표이사의 결제를 받아 준다면서 이 사건 당좌수표를 받아 대표이사실로 들어 갔다가 ① 좌측 하단에 피고회사의 명판 및 법인인감이 날인되었다.",
            "그 아래 2003년 1월 10일 지급보증 소외 3이라는 문구가 기재된이 사건 당좌수표, ② 피고회사의 법인인감증명서, ③ 제1심 공동피고 000의 대출금 채무에 대하여 제1심 공동피고 000가 발행한 당좌수표에 배서하는 형태로 지급보증한다는 내용의 2003. 1. 10.자 피고회사 이사회의사록을 소외 4에게 교부하였다.",
            "원고는 2003. 1. 13. 위 어음거래약정에 따라 제1심 공동피고 000 발행의 액면 15억 원 약속어음을 할인하여 주는 방식으로 제1심 공동피고 000에게 15억 원을 대출하였다 (이하 '이 사건 대출'이라 한다).",
            "이때, 대출금 15억 원에서 별지목록 순번 제1번 기재와 같이 할인료 12,739,726 원을 공제하고 1,487,260,274 원을 뷰택에게 지급하였다. ",
            "제1심 공동피고 000는 대출일로부터 1개월마다 할인료를 지급하면서 자신 발행의 새로운 약속어음과 기존 약속어음을 교환하였다.",
            "제1심 공동피고 000는 2003. 12. 1.부터 2003. 12. 29.까지 원고에게 대출금 중 합계 3억 원을 상환하였다.",
            "소외 4는 2004. 1. 초경 제1심 공동피고 000로부터 나머지 대출금 12억 원의 상환기일을 1주일 연장하여 달라는 요청을 받고, 2004. 1. 8. 소외 2, 6과 사이에 지급기일을 2004. 1. 19.로 연장하되 피고회사가 배서한 약속어음과 배서확인서및 제1심 공동피고 000, 소외 1 및 피고회사 공동 명의의 약속어음공정증서를 원고에게 교부하기로 합의하였다.",
            "이에 따라 같은 날 원고 사무실에서 소외 2는 액면 12억 원, 발행일 2004. 1. 12. 지급기일 2004. 1. 19.로 된 제1심 공동피고 000발행의 약속어음(이하 '이 사건 약속어음'이라 한다)과 액면 15억 6천만 원, 발행일 2004. 1. 18.로 된 제1심 공동피고 000 발행의 일람출급식 약속어음을 작성하였고, 소외 4가 피고회사와 소외 1의 배서를 받아오라면서 이를 소외2에게 주었다.",
            "소외 1은 2004. 1. 12. 소외 4에게 피고회사 명의의 배서가 기재된 이 사건 약속어음, 피고회사 및 소외 1이 공동발행인으로추가된 위 액면 15억 6천만 원의 약속어음, 이 사건 약속어음에 대한 배서확인서, 피고회사의 인감증명서를 교부하였다.",
            "또한 소외 1은 제1심 공동피고 000의 채무를 15억 6천만 원 한도에서 근보증하기로 하는 근보증서를 작성일을 2003. 1.13.로 소급 기재하여 작성하여 원고에게 교부하였다.",
            "원고는 제1심 공동피고 000에 대한 대출금 변제기일을 2004. 1. 19.로 연장하여 주었다.",
            "원고는 이 사건 당좌수표의 지급기일을 2004. 1. 19. 액면금을 12억 원으로 보충하고, 2004. 1. 19. 이 사건 당좌수표 및 약속어음을 지급제시하였으나 모두 지급거절되었다."
        ]
    },
    "dcss": {
        "courtDcss": [
            "사문서에 날인된 작성명의인의 인영이 그의 인장에 의하여 현출된 것이라면 특별한 사정이 없는 한 그 인영의 진정성립, 즉 날인행위가 작성명의인의 의사에 의한 것임이 추정되고, 일단 인영의 진정성립이 추정되면 민사소송법 제358조에 의하여 그 문서전체의 진정성립이 추정된다.",
            "그러나 그와 같은 추정은 사실상의 추정이므로, 인영의 진정성립을 다투는 자가 반증을 들어 인영의 진정성립, 즉 날인행위가 작성명의인의 의사에 의한 것임에 관하여 의심을 품게 할 수 있는 사정을 증명하면 그 진정성립의 추정은깨어지고, 날인행위가 작성명의인 이외의 사람에 의하여 이루어진 것임이 밝혀진 경우에도 인영의 진정성립에 대한 추정은 더이상 유지될 수 없는 것이다.",
            "그러므로, 문서제출자가 그 날인행위가 작성명의인으로부터 위임받은 정당한 권원에 의한 것이라는 사실까지 증명할 책임이 있다.",
            "제1심 감정인 소외 7의 감정결과에 변론 전체의 취지를 종합하면, 이 사건 당좌수표의 표면, 이 사건 약속어음의 배서란에 각날인된 피고회사 인영이 피고회사의 법인인감에 의하여 현출된 것임을 인정할 수 있으므로, 일단 위 각 인영은 피고회사 대표이사인 소외 3의 의사에 의하여 날인된 것으로 추정된다.",
            "이에 대하여 피고회사는 소외 1이 이 사건 당좌수표 및 약속어음상 피고회사의 인영을 임의로 날인한 것이라고 주장한다.",
            "먼저, 이 사건 당좌수표에 관하여 본다.",
            "을 제11호증, 을 제19호증의 각 기재에 변론 전체의 취지를 종합하면, 소외 3은 2003. 1. 6. 출국하였다가 2003. 1. 13. 입국한사실을 인정할 수 있다.",
            "그러므로 이 사건 당좌수표에 피고회사 인영이 날인된 2003. 1. 10.에는 소외 3이 국내에 체류하지 않았음이 명백하여, 이 사건당 좌수표상 피고회사 인영은 소외 3 이외의 사람에 의하여 날인된 것이 분명하다.",
            "이에 대하여 원고는, 원고 직원 소외 4가 피고회사를 직접 방문하여 이 사건 당좌수표에 피고회사 법인인감을 날인받은 것이고, 이 때 함께 교부된 이사회회의록, 법인인감증명서는 아무런 권한 없이 작성, 발급될 수 있는 것이 아니다.",
            "피고회사 직원 소외 8이 피고회사 법인인감을 철저히 관리하고 있었으므로 소외 8이 소외 1에게 법인인감을 교부하여만 소외 1이 이를 사용할 수 있고, 소외 8이 소외 1에게 이를 교부하였다는 것은 소외 1에게 이를 사용할 권한이 있기 때문이라고 주장한다.",
            "원고 주장과 같은 사실만으로는 이 사건 당좌수표에 날인된 피고회사의 인영이 소외 3의 위임에 의하여 정당한 권원에 따라 날인된 것이라고 인정하기 어렵고, 이를 인정할 증거도 없다.",
            "오히려 다음과 같은 사정을 종합하면 소외 1이 권한 없이 이 사건 당좌수표에 피고회사의 법인인감을 날인하였다고 보인다.",
            "피고회사는 2002. 3. 28. 제1심 공동피고 000와 공동으로 대구 개인택시운송조합에 전자화폐단말기를 공급, 설치하는 사업(이하 '0000' 사업이라 한다)을 추진하기로 하고, 이사회결의를 거쳐 2002. 4. 8. 제1심 공동피고 000가 000으로부터 35억 원을 대출받는데 보증기간을 3개월로 하여 보증하였다가 2002. 7. 8. 보증기간을 3개월 연장하였다.",
            "그 후 0000 사업은 성과없이 사실상 종결되었는데, 2002. 12. 초순경 위 대출금이 변제되자(당시 대출금 잔액이 25억 원 정도였는데, 뒤에 볼 제1심 공동피고 000가 000으로부터 빌린 30억 원 중 일부가 그 변제에 쓰인 것으로 보인다), 피고회사는 같은 달 6. 000으로부터 보증책임이 해소되었다는 확인을 받은 다음, 위 채무보증사실, 보증기간 연장 및 보증책임 소멸에 관한 사항을 모두 금융감독원에 전자공시하였다.",
            "제1심 공동피고 000는 2002. 9. 11. 000으로부터 제1심 공동피고 000가 발행하고 피고회사의배서가 기재된 액면 백지인 약속어음을 담보로 금 10억 원을 대출받았다가, 2003. 1. 27. 상환하였다(이 역시 000으로부터 빌린 30억 원 중 일부로 상환한 것으로 보인다).",
            "제1심 공동피고 000가 2002. 10. 16. 000으로부터 30억 원을 대출받음에 있어, 피고회사 부사장인 소외 9는 소외 1의 부탁을 받고 소외 3(당시 해외출장 중이었다)의 승낙없이 이사회결의도 거치지 아니한 채, 피고회사인감을 보관중인 경영지원실장 소외 8로부터 소외 3의 결재를 받았다고 하여 인감을 교부받은 다음, 제1심 공동피고 000가 발행한 액면 백지인 약속어음에 피고회사의 배서를 하였고, 소외 3이 귀국하자 이를 추인받았다.",
            "(다만, 소외 9는 보증금액을 20억 원이라고 보고하였다.)",
            "소외 2는 2002. 12. 30. 제1심 공동피고 000의 신임 대표이사로 취임한 후 1개월 가량 소외 1, 6과 동행하면서 원고로부터 15억 원, 2003. 1. 13. 000으로부터 10억 원(피고회사의 배서가 기재된 약속어음 교부), 2003. 1.20. 000으로부터 20억 원(피고회사의 배서가 기재된 약속어음 교부),",
            "2003. 1. 30. 000으로부터 10억 원(피고회사의 보증이 기재된 당좌수표 교부) 등 합계 55억 원을 제1심 공동피고 000 명의로 대출받았는데, 그때마다 제1심 공동피고 000가 발행하고 피고회사의 배서(또는 지급보증문구)가 기재된 약속어음(또는당좌수표)을 교부하였다.",
            "그런데, 피고회사는 위 각 대출의 보증에 관한 사항을 공시한 사실이 없다.",
            "소외 1은 소외 2, 6과 함께 피고회사의 배서나 지급보증 취지가 기재된 제1심 공동피고 000 발행 약속어음 또는 당좌수표와 배서확인서, 대출보증에 관한 이사회결의서 등 피고회사의 보증 관련서류를 000들에게 직접 또는 소외 2를통하여 교부하였다.",
            "그러나 위 각 000들로부터 대출을 받을 때 피고회사는 각 보증여부를 결정하기 위한 이사회를 개최한 사실이 없었다.",
            "소외 1은 피고회사 전략기획본부장직에 있으면서, 2003. 3. 28. 제1심 공동피고 000 이사로 등기되었고, 그 무렵 제1심 공동피고 000와 함께 한국통신공사가 추진하는 스마트카드 단말기 구매계약에 관한 공개입찰에 참가하기로 하는 공동사업{이하 '000사업'이라 한다}을 추진하였다. ",
            "피고회사는 위 공개입찰에서 낙찰받는 것을 전제로 2003. 8. 1. 제1심 공동피고 000와 사이에 스마트카드 단말기 16만 5천대를 1,363,725,000 원에 공급받기로 계약하면서 계약당일과 2003. 8. 4.에 걸쳐 합계 1,275,082,875 원을 제1심 공동피고 000에게 선지급하였다."
        ]
    },
    "close": {
        "cnclsns": [
            "원고의 이 사건 주위적 청구는 이유 없어 이를 기각하여야 한다.",
            "이와 결론을 달리한 제1심 판결은 부당하므로 피고의 항소를 받아들여 제1심 판결을 취소하고 원고의 주위적 청구를 기각한다.",
            "당심에서 추가된 원고의 예비적 청구는 위 인정범위 내에서 이유 있어 이를 인용하고, 나머지 예비적 청구는 이유 없어 이를 기각한다.",
            "원고의 가지급물반환신청은 위 인정범위 내에서 이유 있어 이를 인용하고, 나머지는 이유 없어 이를 기각한다."
        ]
    }
}