{
    "info": {
        "caseField": "1",
        "detailField": "1",
        "trailField": "2",
        "caseNm": "손해배상(지)",
        "courtNm": "서울고등법원",
        "judmnAdjuDe": "2006. 03. 15.",
        "caseNo": "2005나48392",
        "relateLaword": [
            "저작권법 제78조",
            "저작권법 제2조",
            "저작권법 제67조",
            "저작권법 제72조",
            "저작권법 제62조"
        ],
        "qotatPrcdnt": []
    },
    "concerned": {
        "acusr": "2",
        "dedat": "1"
    },
    "org": {
        "orgJdgmnCourtNm": "서울중앙지방법원",
        "orgJdgmnAdjuDe": "2005. 5. 20.",
        "orgJdgmnCaseNo": "2004가합36876"
    },
    "disposal": {
        "disposalform": "10",
        "disposalcontent": [
            "원고의 피고들에 대한 항소를 모두 기각한다.",
            "항소비용은 원고의 부담으로 한다."
        ]
    },
    "mentionedItems": {
        "rqestObjet": [
            "제1심 판결을 취소하고 피고들은 각자 원고에게 149,478,928원 및 이에 대한 2002. 4. 23.부터 이 사건 청구취지 및 원인 변경 신청서 부본 송달일까지는 연 5%, 그 다음날부터 다 갚는 날까지는 연 20%의 각 비율에 의한 금원을 지급한다."
        ]
    },
    "assrs": {
        "acusrAssrs": [
            "피고들은 이 사건 편집음반의 제작 판매를 위하여는 저작권자인 원고로부터 다시 이용허락을 받아야 함에도 불구하고 원고로부터 이러한 이용허락을 받지 아니하였으니 피고들은 각자 원고에게 저작권 침해에 따른 손해를 배상하여야 한다고 주장한다",
            "원고는 이 사건 편집음반은 이 사건 원반에 실린 총 53곡 중 39곡만을 선정하였을뿐만 아니라 비록 가수의 노래와 반주는 바꾸지 않았지만 전주와 후주 부분과 중간 브릿지를 줄여 원래 4분 분량의 곡을 3분 30초 정도로 줄였을뿐만 아니라 그 배열순서를 바꾸었으며 거기에다 신곡 2곡을 삽입하였다",
            "이러한 편집음반의 제작은 음반제작자의 인접저작권의 범위에 속하는 원반 복제행위가 아니므로 별도로 저작권자의 동의를 받아야 한다고 주장한다",
            "원고는 가사 이 사건 편집음반의 제작·판매가 저작권침해행위에 해당하지 않는다 하더라도 피고들은 원고가 저작재산권을 보유하고 있는 이 사건 음악저작물을 사용하고 있는 것이므로 원고의 저작권징수규정에 의한 사용료를 지급할 의무가 있다고 주장한다",
            "①피고 1 이 이 사건 원반을 제작할 당시에 이 사건 저작자들로부터 이 사건 음악저작물에 대한 이용허락을 받지 않았고, ② 설령, 피고 1 이 이 사건 원반 제작에 대해 이용허락을 받았다 하더라도 그 허락을 받은 시점이 원고가 위 저작자들과 저작권신탁계약을 체결한 이후이므로 위 이용허락은 무권리자로부터의허락으로서 그 효력이 없다.",
            "③ 이 사건 원반 제작에 대한 이용허락이 유효라 하더라도 그 이용허락의 범위 및 피고 1 이 저작인접권자로서 가지는 복제·배포권의 범위는 이 사건 원반의 제작·판매에만 미칠 뿐이고, 이 사건 원반에 고정된 음원에 일부 변형을 가하고 곡의 배열 순서를 바꾸어 다른 신곡과 함께 새로운 편집음반을 제작하는 것은 위 허락의 범위를 벗어나는 것이다.",
            "피고들은 이 사건 편집음반의 제작·판매를 위하여는 저작권자인 원고로부터 다시 이용허락을 받아야 함에도 불구하고, 원고로부터 이러한 이용허락을 받지 아니하였으니, 피고들은 각자 원고에게 저작권 침해에 따른 손해를 배상하여야 한다고 주장한다."
        ],
        "dedatAssrs": [
            "피고들은 ① 피고1은 이 사건 저작자들로부터 이 사건 원반 제작 당시에 이용허락을 받았고 ② 위 이용허락 당시에는 음반제작자가 신보음반을 제작할 경우에는 음악저작자로부터만 음악저작물의 이용허락을 받으면 되고, 별도로 원고로부터 이용허락을 받지 않더라도 그 이용허락은 유효한 것으로 취급되어 원고는 음반제작자에게 음악저작물의 사용료를 청구하지 않는 것이 관행이었다.",
            "③ 피고들의 이 사건 편집음반 제작·판매 행위는 이 사건 원반 제작 당시의 이용허락의 범위 내에서 이 사건 원반에 대하여 저작인접권자로서 가지는 복제 배포권을 정당하게 행사한 것이므로 피고들은 원고의 저작권을 침해한 것이 아니라고 주장한다."
        ]
    },
    "facts": {
        "bsisFacts": [
            "원고는 1988. 2. 23. 저작권법 제78조 제1항에 기하여 문화관광부장관으로부터 허가를 받아 음악저작물의 관리, 사용승인 등 저작권신탁관리업을 영위하는 법인이고, 피고1은 000이라는 상호로 음반기획업을 하는 자이며, 피고 000(이하 '피고회사'라 한다)는 음반제작 및 유통업 등을 영위하는 법인이다.",
            "원고는 1991. 8경부터 1999. 8경 사이에 별지 목록 긱재의 각 음악저작물 중 위 목록 위탁여부란 0표시의 음악저작물(이하 '이 사건 음악저작물'이라 한다)의 각 작사자 및 작곡자(이하 '이 사건 저작자들'이라 한다)와 사이에, 이 사건 저작자들이 기왕에 보유하거나 장차 취득하게 되는 저작권을 계약기간(계약기간은 5년으로 하고 상호 이의가 없는 한 10년 단위로 기간이 자동 연장된다.",
            "저작권 존속기간 만료시까지로 한다)동안 원고에게 신탁하여 관리하도록 하였다.",
            "원고는 그 관리로 얻은 저작물 사용료 등을 이 사건 저작자들에게 분배하기로 하는 내용의 저작권신탁계약을 체결하였다.",
            "피고1은 2002. 4 경 이 사건 음악저작물이 포함된 음반명 '000 5.5집 스페셜 앨범'을 기획하였다.",
            "피고 회사에게 도급을 주어 위 앨범을 CD 및 TAPE 각 3편, VCD 1편에 나누어 수록하는 방식으로 이를 제작한 후 2002. 4. 13부터 2002. 12. 31까지 위 CD(VCD 포함) 및 TAPE 합계 240,349개(CD 131,592개 및 TAPE 108,757개, 이하 '이 사건 편집음반'이라 한다)를 CD는 개당 14,900원에 TAPE는 개당 7,600원에 판매하였다.",
            "이 사건 편집음반에 수록된 곡 중 별지 목록 CD1 및 TAPE1의 순번 1 '0'과 순번 2 ‘0'(이하 ’이 사 건 신곡‘이라 한다)를 제외한 나머지 곡들은 피고1이 1997경부터 2001경까지 그 원반(원반, Master Tape)을 제작한 000 1집 내지 5집(이하 ’이 사건 원반‘이라 한다)에 수록된 총 58곡 중 39곡을 위 원반에 고정된 음을 그대로 복제하였다.",
            "그 후 가수의 노래와 반주는 바꾸지 않고 전주와 후주 부분의 일부를 줄이거나 곡과 곡 사이의 브릿지를 없애는 등으로 인해 4분 분량의 곡을 3분 30초 정도로 줄이고 그 순서를 바꿔 수록한 것이다.",
            "이 사건 신곡은 피고들이 이 사건 편집음반을 제작하면서 그 작사자 및 작곡자인 소외1, 소외2의 이용허락을 받아 최초로 그 음을 고정하여 수록한 것이다.",
            "한편 이 사건 원반은 이 사건 음악저작물의 음이 맨 처음 고정된 ’신보음반‘이며, 이 사건 원반과 이 사건 편집음반은 ’000‘라는 가수가 부른 노래 또는 가수의 노래가 생략된 반주만으로 구성되어 있다.",
            "피고 1은 이 사건 편집음반의 제작을 기획하였고 피고 회사는 피고1로부터 의뢰를 받고 피고 1이 제공한 원반을 이용하여 판매용 음반을 제작한 다음 이를 전국 도매상에 공급하는 업무를 담당하였는데, 피고들은 이 사건 편집음반을 제작 판매함에 있어 원고로부터 이 사건 음악저작물에 관한 별도의 이용허락을 받지는 않았다."
        ]
    },
    "dcss": {
        "courtDcss": [
            "피고1은 이 사건 원반 제작 당시에 이 사건 저작자들 모두로부터 이 사건 음악저작물에 대한 이용허락(이하 ’이 사건 이용허락‘이라 한다)을 받았던 것으로 봄이 상당하다.",
            "신보인세제가 시행되기 이전에는 원고가 이 사건 저작권자들에게 ‘저작권자 자신이 신보음반의 제작자에 대하여 음악저작물의 이용을 허락할 수 있는 권리’를 묵시적으로 유보시킨 것으로 봄이 상당하므로 이 사건 저작자들이 피고 1에게 한 이 사건 이용허락은 유효하다고 할 것이다.",
            "이 사건 이용허락에는 원반제작자인 피고1이 제3자에게 이 사건 음악저작물의 이용을 허락하거나 이 사건 음악저작물의 이용권을 양도할 수 있는 권한 또는 스스로 위 이용허락을 받아 최초로 제작한 음반에 수록된 곡을 ‘000’ 이외의 다른 가수가 부른 곡 등과 혼합하여 새로운 음반(편집음반 등)을 제작할 수 있는 권한까지는 포함되지 않았다.",
            "그렇다고 하더라도 이 사건 원반에 수록된 곡들을 이용하여 ‘000’가 부른 노래만으로 구성된 편집음반을 제작·판매 할 수 잇는 권한은 포함된다고 봄이 상당하다.",
            "이 사건 편집음반에 수록된 곡들은 재생시간을 고려하여 곡과 곡 사이의 브릿지 부분과 전주와 후주 부분 중 일부를 생략되기는 하였다.",
            "그러나 그와 같이 생략된 부분은 이 사건 저작자들의 창작 부분이라기보다는 저작물을 편곡하여 원반을 제작하는 과정에서 프로듀서 등의 창작활동으로 형성된 부분으로 보여지고 이 사건 편집음반에 수록된 곡들은 저작자가 자신의 저작물을 가창하도록 허락한 '000'가 실연한 곡을 그대로 수록한 곳으로서 서로 다른 앨범에 수록된 곡들 및 이 사건 신곡 2곡과 혼재되어 이 사건 편집앨범에 수록되었다고 하였다.",
            "저작자의 고유한 음악적 영감 등이 변질되거나 음악적 느낌이 저감되었다고 보기는 어려우며 달리 이를 인정할 아무런 증거가 없으므로 원고의 위 주장은 이유 없다.",
            "피고1이 이 사건 원반을 재생하여 이를 다른 음반에 녹음하는 방식으로 이 사건 편집음반을 제작하고 판매한 행위는 특별한 사정이 없는 한 음반제작자의 복제·배포권의 범위 내의 행위라 할 것이다.",
            "피고들이 이 사건 원반에 수록된 곡과 이 사건 신곡을 재배열하여 이 사건 편집음반을 제작 판매한 것은 이 사건 저작권자들이나 원고의 저작재산권을 침해한 것이라 할 수 없다.",
            "이 사건 저작자들은 신보인세계 시행 이전에 이 사건 음악저작물에 관하여 음반제작자인 피고1에게 이용을 허락하면서 위 피고로부터 정액의 곡비를 지급받았는바 이 사건 저작자들이 위 이용허락 당시 수수된 곡비 이외에 별도로 이 사건 원반 또는 이 사건 편집음반의 제작·판매에 대하여 저작권사용료를 지급하기로 약정하였다는 점을 인정할 아무런 증거가 없다."
        ]
    },
    "close": {
        "cnclsns": [
            "원고의 피고들에 대한 항소를 모두 기각한다.",
            "항소비용은 원고의 부담으로 한다."
        ]
    }
}