{
    "info": {
        "caseField": "1",
        "detailField": "1",
        "trailField": "2",
        "caseNm": "소유권이전등기말소",
        "courtNm": "청주지법",
        "judmnAdjuDe": "2006. 04. 11.",
        "caseNo": "2005나1972",
        "relateLaword": [
            "민법 제406조",
            "부동산등기법 제171조",
            "부동산등기법 제172조"
        ],
        "qotatPrcdnt": [
            "대법원 2001. 2. 9. 선고 2000다57139 판결"
        ]
    },
    "concerned": {
        "acusr": "2",
        "dedat": "1"
    },
    "org": {
        "orgJdgmnCourtNm": "청주지법 충주지원",
        "orgJdgmnAdjuDe": "2005. 3. 17. ",
        "orgJdgmnCaseNo": "선고 2003가단10561 판결"
    },
    "disposal": {
        "disposalform": "10",
        "disposalcontent": [
            "원고 및 피고의 항소를 모두 기각한다.",
            "항소비용은 각자의 부담으로 한다."
        ]
    },
    "mentionedItems": {
        "rqestObjet": [
            " 피고와  소외 1 사이의 충주시 (상세 행정구역 생략) 전 1,448㎡(이하  이 사건 부동산 이라 한다)에 관한 2003. 3.3.자 매매계약을 취소한다",
            "피고는 원고에게 이 사건 부동산에 관하여 청주지방법원 충주지원 2003. 4. 3. 접수 제14093호로 마친소유권이전등기(이하  이 사건 소유권이전등기 라고 한다)의 말소등기절차를 이행한다.",
            "피고는 원고에게 15,000,000원 대하여 이 사건 2005. 1. 24.자 소변경신청서 부본송달 다음날부터 2005. 3. 17.까지는 연 5%, 그 다음날부터 다 갚는 날까지는 연 20%의 각 비율의 금원을 지급한다."
        ]
    },
    "assrs": {
        "acusrAssrs": [
            "원고는 소외 1이 피고에게 이 사건 부동산을 위와 같이 매도한 후 소유권이전등기를 마쳐준 것은 강제집행을 면할 목적으로 행한통정허위표시에 해당한다고 주장한다.",
            "채무초과상태에 있는 채무자가 적극재산을 부당한 염가로 매도하여 채무자의 재산상태를 악화시키는 것은 사해행위가 된다."
        ],
        "dedatAssrs": [
            "소외 1은 피고에게 이 사건 부동산을 대금 3,100만 원에 매도하여 소외 3, 4 부부에 대한 기존 채무 1,000만 원 및 추가 차용금채무 1,000만 원, 소외 6, 피고 부부에 대한 채무 600만 원을 변제하고 나머지 500만 원을 매매대금으로 지급받은 것이다.",
            "피고가 2002. 10. 24. 소외 1이 충주시로부터 정책자금 1,500만 원의 대출을 받는 것을 연대보증한 점 등에 비추어 보면, 피고는 소외 1이 무자력이었다거나 이 사건 매매대금이 이 사건 부동산의 시가보다 현저히 낮은 것을 알지 못하였다."
        ]
    },
    "facts": {
        "bsisFacts": [
            "소외 1은 2003. 3. 3. 피고에게 자신의 소유였던 이 사건 부동산을 매도하고(이하 '이 사건 매매' 라고 한다) 같은 해 4. 3.이를 원인으로 하여 이 사건 소유권이전등기를 마쳐 주었다.",
            "매매 당시 소외 1의 적극재산으로는 ① 시가 52,000,000 ~ 53,000,000원 상당의 이 사건 부동산, ② 시가14,640,000원 상당의 충북 답 1220㎡, ③ 시가 21,267,000원 상당의 전2363㎡, ④ 2003. 1. 1. 기준의 공시지가 7,273,200원(= 11,400원/㎡ × 638㎡) 상당의 충주시 대638㎡이 있었으므로, 그 시가의 합계는 95,180,200 ~ 96,180,200원 상당이었다.",
            "소외 3의 처 소외 4, 소외 1의 처 소외 5, 피고의 남편 소외 6은 형제자매 간이다.",
            "피고는 2003. 5. 2. 소외 7 000(이하 '이 사건 금고' 라고 한다)에게 이 사건 부동산 및 0000 (상세 행정구역 생략)지상 건물 등에 관하여 청주지방법원 충주지원 같은 날 접수 제18771호로 채권최고액 21,000,000원, 채무자 피고의 근저당권(이하 '이 사건 근저당권' 이라 한다)설정등기를 마쳐준 다음, 이 사건 금고로부터 약 15,000,000원을 대출받았다."
        ]
    },
    "dcss": {
        "courtDcss": [
            "사해행위에 있어 수익자가 선의였다는 점에 대한 입증책임은 수익자에게 있다 할 것인바, 앞서 본 소외 1과 피고와의 관계, 이 사건 매매 당시의 이 사건 부동산 시가 등에 비추어 보면, 제1심 및 당심 증인 소외 1, 제1심 증인 소외 4의 각 일부 증언은 믿기 어렵다.",
            "을 제1호증의 1, 2, 을 제2, 4, 5, 6, 8, 9, 12 내지 18, 21호증, 을 제3호증의 1, 2, 3의 각 기재, 을 제19호증의 1 내지 7의 각 영상, 제1심 및 당심 증인 소외 1, 제1심 증인 소외 4의 각 일부 증언만으로는 피고가 선의라는 점을 인정하기에 부족하고, 달리 이를 인정할 증거가 없으므로 피고의 위 주장은 이유 없다.",
            "(또한 을 제8호증의 기재에 의하면 피고가 2002. 10. 24. 연대보증한 채무의 주채무자는 소외 1이 아닌 소외 5인 사실을 알 수 있다.)",
            "따라서 이 사건 매매는 사해행위로서 원고의 채권자취소권 행사에 의하여 취소되어야 한다. ",
            "사해행위 후 그 목적물에 관하여 제3자가 저당권을 취득한 경우에는 수익자가 목적물을 저당권의 제한이 없는 상태로 회복하여 이전하여 줄 수 있다는 등의 특별한 사정이 없는 한 채권자는 수익자를 상대로 원물반환 대신 그 가액 상당의 배상을 구할 수도 있다고 할 것이다.",
            "그러나 그렇다고 하여 채권자가 스스로 위험이나 불이익을 감수하면서 원물반환을 구하는 것까지 허용되지 아니하는 것으로 볼 것은 아니고, 그 경우 채권자는 원상회복 방법으로 가액배상 대신 수익자 명의의 등기의 말소를 구할 수도 있다고 할 것이다( 대법원 2001. 2. 9. 선고 2000다57139 판결).",
            "따라서 이 사건에서 원고가 사해행위취소의 원상회복으로 원물반환 즉 소유권이전등기의 말소를 구하는 이상, 추가적으로 이 사건 근저당권 피담보채무액 상당의 가액배상을 구하는 것은 허용되지 아니한다",
            "(피고 명의의 소유권이전등기를 말소하려면 부동산등기법 제171조, 제172조 제2항에 따라 등기상 이해관계 있는 제3자, 즉 이 사건 근저당권자의 승낙서 등을 첨부하여야 하고, 그 근저당권도 함께 말소되어야 하는 것이므로, 이로써 원상회복은 이미 이루어지는 것이고, 여기에 추가로 가액배상을 구하는 것은 이중의 배상을 구하는 결과가 되어 허용될 수 없다).",
            "따라서 이 사건 매매를 취소하고, 피고는 원고에게 이 사건 소유권이전등기의 말소등기절차를 이행할 의무가 있다"
        ]
    },
    "close": {
        "cnclsns": [
            "원고 및 피고의 항소를 모두 기각한다.",
            "항소비용은 각자의 부담으로 한다."
        ]
    }
}