{
    "info": {
        "caseField": "1",
        "detailField": "1",
        "trailField": "2",
        "caseNm": "손해배상(기)",
        "courtNm": "부산지방법원",
        "judmnAdjuDe": "2006. 02. 10.",
        "caseNo": "2005나142",
        "relateLaword": [
            "민법 제750조",
            "민법 제751조",
            "정신보건법 제24조",
            "정신보건법 제26조",
            "정신보건법 제29조",
            "정신보건법 제30조",
            "정신보건법 제39조",
            "국가배상법 제2조"
        ],
        "qotatPrcdnt": [
            "대법원 1993. 2. 12. 선고 91다43466 판결",
            "대법원 1998. 9. 22. 선고 98다2631 판결",
            "대법원 2003. 4. 25. 선고 2001다59842 판결"
        ]
    },
    "concerned": {
        "acusr": "1",
        "dedat": "3"
    },
    "org": {
        "orgJdgmnCourtNm": "부산지법",
        "orgJdgmnAdjuDe": "2004. 12. 15. ",
        "orgJdgmnCaseNo": "2004가단32493 "
    },
    "disposal": {
        "disposalform": "10",
        "disposalcontent": [
            "제1심판결 중 다음에서 지급을 명하는 금원에 해당하는 원고 패소 부분을 취소한다. ",
            "피고는 원고에게 500만 원 및 이에 대한 2004. 3. 30.부터 2006. 2. 10.까지는 연 5%, 그 다음날부터 다 갚는 날까지는 연 20%의 각 비율로 계산한 돈을 지급한다.",
            "원고의 나머지 항소를 기각한다.",
            "소송총비용 중 80%는 원고가, 나머지 20%는 피고가 각 부담한다."
        ]
    },
    "mentionedItems": {
        "rqestObjet": [
            "제1심판결을 취소하고, 피고는 원고에게 39,064,000원 및 이에 대한 소장부본 송달 다음날부터 다 갚는 날까지 연 20%의 비율로 계산한 돈을 지급한다."
        ]
    },
    "assrs": {
        "acusrAssrs": [
            "제1병원 이나 제2병원 에서 원고를 입원시킨 데 대하여 보호의무자의 동의를 받는 절차 및 계속입원 치료심사를 청구하는 절차에 위법이 있다.",
            "원고의 퇴원심사청구절차를 알려주지 아니하여 의견진술권을 침해한 위법이 있었는바, 위 각 병원에 대한 지도·감독자인 피고 소속 공무원들 또한 그 지도·감독의무를 소홀히 한 직무상 위법행위로 위 병원들의 불법행위를 야기하였으므로 피고는 국가배상법 제2조 제1항에 의하여 원고가 입은 손해를 배상할 책임이 있다고 주장한다."
        ],
        "dedatAssrs": []
    },
    "facts": {
        "bsisFacts": [
            "제1심판결 3면 13행부터 같은 면 15행까지의 다의 (1) 항을 삭제하는 외에는 제1시판결 2면 1행부터 4면 1행까지의 제1항 기재와 같으므로 민사소송법 제420조 에 의하여 이를 그대로 인용한다."
        ]
    },
    "dcss": {
        "courtDcss": [
            "제1병원장 은 원고를 최초 응급입원시킨 2000. 11. 22.부터 72시간이 훨씬 지난 2000. 12. 11.에야 보호의무자인 부산 사상구청장의 동의를 받았다.",
            "제2병원장 은 원고가 최초 입원한 2000. 11. 22.부터 6개월이 경과하기 전에 계속입원치료의 필요성 여부를 판단하고 그 필요성이 인정될 경우 보호의무자의 동의를 받고 계속입원치료에 대한 심사를 청구하여야 한다.",
            "그럼에도 불구하고 2000. 11. 22.부터 6개월이 경과한 이후인 2001. 7. 23.경 정신과전문의의 진단을 받고 같은 해 8. 6.경 보호의무자인 사상구청장의 동의를 받아 같은 해 8. 13. 계속 입원치료심사청구를 함으로써 계속 입원치료에 필요한 절차를 위반했다.",
            "또한 제1병원장과 제2병원장 은 원고가 입원 직후부터 수차례에 걸쳐 퇴원을 희망하는 의사를 명백히 밝혔음에도 퇴원심사청구 등의 절차를 적절히 고지하여 주지 않음으로써 원고가 본인의 의사에 반하는 입원상태에서 벗어나기 위하여 마련된 절차를 밟을 기회를 제대로 보장하여 주지 아니한 사실이 인정된다.",
            "이에 의하면 제1병원장 과제2병원장 은 정신질환자의 인간으로서의 존엄과 가치를 기본이념으로 하는 정신보건법의 취지에 비추어 볼때 엄격히 준수되어야 할 인신구속에 관련된 위 정신보건법에 규정된 법적 절차들을 위반한 잘못이 있다 할것이다.",
            "이로써 위 각 병원장들은 원고의 최초 입원시로부터 72시간이 경과한 2000. 11. 25.경부터 사상구청장의 입원동의서가 제출된 2000. 12. 11.까지의 17일간과 최초 입원시로부터 6개월이 경과한 2001. 4. 21.경부터 계속입원심사를 청구한 2001. 8. 13.까지의 115일, 합계 132일 정도 기간 동안 원고를 불법입원시켰다.",
            "원고의 신체의 자유를 침해하는 한편, 원고의 퇴원심사청구 및 의견진술권이라는 중대한 절차적 권리를 침해하는 불법행위를 하였다 할 것이다",
            "원고는, 원고에 대한 최초의 응급입원이 불법인 이상 원고의 입원기간전체가 불법강제입원이라는 취지로 주장하나, 정신과전문의의 진단 결과에 따라 입원이 되었으며 그 이후 계속입원심사를 통하여 계속입원의 필요가 인정되어 입원조치된 점 등 원고의 입원 사유나 그 경위에 비추어 볼때, 위 인정 기간을 초과한 원고의 입원기간 전체가 불법입원이라고 볼 수는 없다 할 것이다",
            "공무원에게 부과된 직무상 의무의 내용이 단순히 공공 일반의 이익을 위한 것이거나 행정기관 내부의 질서를 규율하기 위한 것이 아니고 전적으로 또는 부수적으로 사회구성원 개인의 안전과 이익을 보호하기위하여 설정된 것이라면, 공무원이 그와 같은 직무상 의무를 위반함으로 인하여 피해자가 입은 손해에 대하여는 상당인과관계가 인정되는 범위 내에서 국가가 배상책임을 지는 것이다.",
            "이 때 상당인과관계의 유무를 판단함에 있어서는 일반적인 결과 발생의 개연성은 물론 직무상 의무를 부과하는 법령 기타 행동규범의 목적이나 가해행위의 태양 및 피해의 정도 등을 종합적으로 고려하여야 한다",
            "이 사건에 관하여 보건대, 정신보건법 제39조 에서 보건복지부장관, 시, 도지사 또는 시장, 군수, 구청장에게 정신보건시설의 설치, 운영자에 대한 소관 업무에 관하여 지도, 감독의무를 부과하고 있고, 동법 시행규칙 제21조에서는 시, 도지사 또는 시장, 군수, 구청장은 반기마다 1회 이상 관할구역안의 소관 정신의료기관 등에 대하여 그 운영에 관한 지도, 감독을 행하여야 한다.",
            "그 지도, 감독 결과를 보건복지부장관에게 보고하여야 하는 것으로규정하고 있다.",
            "이에 의하면 피고가 정신보건시설의 설치 및 운영에 대한 최종적인 지도, 감독의무를 부담한다 할 것인바, 피고의 이러한 지도, 감독의무를 규정한 위 법률의 입법 취지나 목적 등을 고려할 때, 피고의 위와 같은 지도, 감독의무는 공공의 이익이나 일반 국민을 위한 것일 뿐만 아니라 나아가 정신보건시설 등에 수용된 특정 국민 개개인의 안전과 이익을 위한 것이기도 하다 할 것이다.",
            "을 11호증의 기재, 당심 법원의 부산광역시에 대한 사실조회 결과에 변론 전체의 취지를 종합하면, 피고 소속 공무원 또는 그 지도, 감독권한을 위임받은 소관 공무원은 2002년도 하반기부터 위 법령에 규정된 지도, 감독의무를 이행한 사실이 인정될 뿐이고, 그 이전인 원고가 입원하고 있던 동안에는 그러한 지도, 감독의무를 이행하였음을 인정할 아무런 증거가 없는바, 이러한 소관 공무원의 지도, 감독의무 위반은 위법하다 할 것이다.",
            "또한 그러한 지도, 감독의무 위반이 정신보건시설인 제1병원장 과 제2병원장 의 위와 같은 불법행위를 초래하였거나 이에 기여하였다고 봄이 상당하므로, 그 직무상 의무 위반과 원고의 위와 같은 신체의 자유 및 절차적 권리의 침해로 인한 손해 사이에 상당인과관계가 있다 할 것이고, 따라서 그로 인한 원고의 손해를 그 지도, 감독사무의 귀속주체인 피고가 배상할 책임이 있다 할 것이다",
            "원고는, 원고가 2000. 11. 22.부터 2002. 8. 1.까지 618일간 불법입원되었으므로 피고는 원고에게 그 기간동안의 일실수입손해로서 29,046,000원을 지급할 의무가 있다고 주장하므로 살피건대, 먼저 앞서 본 바와 같이 원고의 입원기간 전체를 불법입원이라고 볼 수 없는 이상 앞서 인정한 기간을 초과하는 입원기간 동안의 일실수입에 관한 주장 부분은 더 나아가 살필 필요 없이 이유 없다.",
            "을4호증의 4의 기재에 비추어 볼 때, 갑3내지 10호증의 각 기재, 제1심법원의 대도토건 주식회사에 대한 사실조회 결과만으로는 최초 입원 당시 원고에게 계속하여 일정한 수입을 얻을 수 있는 노동능력이 있었다는 점을 인정하기에 부족하고 달리 이를 인정할증거가 없었다.",
            "뿐만 아니라 앞서 본 바와 같이 정신과전문의의 진단에 따라 원고의 전 입원기간 동안 입원치료의필요성이 인정된 이상, 위 불법입원 기간 동안에도 피고에게 계속적으로 일정한 수입을 얻을 수 있는 노동능력이 있었다고 보기는 어려우므로 결국 원고의 위 일실수입 손해 주장은 모두 이유 없다 할 것이다",
            "소관 공무원의 위와 같은 지도, 감독의무 위반으로 인하여 원고의 신체의 자유와 중대한 절차적 권리가 침해됨으로써 원고가 정신적 고통을 입었을 것임은 경험칙상 명백하다고 할 것이므로, 피고는 그 정신적 손해를 금전으로나마 위자할 의무가 있다 할 것이다.",
            "나아가 피고가 원고에게 배상할 위자료의 액수에 관하여 보건대, 원고의 입원 사유와 그 경위, 위 각 병원장들의 위법행위의 정도 및 피고의 지휘, 감독의무 위반의 정도, 원고의 불법입원 기간 등 이 사건의 변론에 나타난 여러 가지 사정들을 고려할 때 500만 원으로 정함이 상당하다."
        ]
    },
    "close": {
        "cnclsns": [
            "제1심판결 중 다음에서 지급을 명하는 금원에 해당하는 원고 패소 부분을 취소한다. 피고는 원고에게 500만 원 및 이에 대한 2004. 3. 30.부터 2006. 2. 10.까지는 연 5%, 그 다음날부터 다 갚는 날까지는 연 20%의 각 비율로 계산한 돈을 지급한다.",
            "원고의 나머지 항소를 기각한다. "
        ]
    }
}