{
    "info": {
        "caseField": "1",
        "detailField": "1",
        "trailField": "2",
        "caseNm": "전부금",
        "courtNm": "서울고등법원",
        "judmnAdjuDe": "2007. 03. 14.",
        "caseNo": "2005나110556",
        "relateLaword": [],
        "qotatPrcdnt": [
            "대법원 2000. 10. 6. 선고 2000다31526 판결"
        ]
    },
    "concerned": {
        "acusr": "1",
        "dedat": "1"
    },
    "org": {
        "orgJdgmnCourtNm": "인천지방법원",
        "orgJdgmnAdjuDe": "2005. 11. 17. ",
        "orgJdgmnCaseNo": "2004가합15672"
    },
    "disposal": {
        "disposalform": "10",
        "disposalcontent": [
            "제1심 판결 중 아래에서 지급을 명하는 금원에 해당하는 원고 패소부분을 취소한다.",
            "원고에게, 피고 1은 금 150,000,000원 및 이에 대하여 1997. 11. 20.부터 2007. 3. 14.까지는 연 5%, 2007. 3. 15.부터 다 갚는 날까지는 연 20%의 각 비율에 의한 금원을, 피고 2는 금 70,000,000원 및 이에 대하여 1997. 11. 20.부터 2007. 3. 14.까지는 연 5%, 2007. 3. 15.부터 다 갚는날까지는 연 20%의 각 비율에 의한 금원을, 피고 3은 금 50,000,000원 및 이에 대하여 1997. 11. 20.부터 2007. 3. 14.까지는 연 5%, 2007. 3. 15.부터 다 갚는날까지는 연 20%의 각 비율에 의한 금원을, 각 지급한다.",
            "원고의 피고들에 대한 나머지 항소를 모두 기각한다.",
            "소송총비용은 피고들이 부담한다."
        ]
    },
    "mentionedItems": {
        "rqestObjet": [
            "제1심 판결을 취소하고, 원고에게, 피고 1은 150,000,000원 및 이에 대하여 1997. 11. 20.부터 2004.1. 8.까지는 연 5%, 2004. 1. 9.부터 다 갚는 날까지는 연 20%의 각 비율에 의한 금원을, 피고 2는 70,000,000원 및 이에 대하여 1997. 11. 20.부터 2004. 6. 9.까지는 연 5%, 2004. 6. 10.부터 다 갚는 날까지는 연 20%의 각 비율에 의한 금원을 지급한다.",
            "원고에게 피고 3은 50,000,000원 및 이에 대하여 1997. 11. 20.부터 2002. 1. 30.까지는 연 5%, 2002. 1. 31.부터 다 갚는 날까지는 연20%의 각 비율에 의한 금원을 지급한다."
        ]
    },
    "assrs": {
        "acusrAssrs": [
            "소외 1 주식회사(나중에 OOO로 상호가 변경되었다. ",
            "이하 '소외 1 주식회사' 라고 한다)는 1997. 11. 15. 아파트를 신축하기 위하여 피고들과 사이에 아래와 같은 내용의 토지 매매계약(이하 '이 사건 각 계약' 이라고 한다)을 체결하였다.",
            "소외 1 주식회사는 계약금으로 피고 1에게는 1997. 11. 15. 50,000,000원, 1997. 11. 20. 100,000,000원, 합계150,000,000원을 지급하였고, 피고 종중에게는 1997. 11. 15. 20,000,000원, 1997. 11. 20. 50,000,000원, 합계70,000,000원을 지급하였다.",
            "피고 3에게는 1997. 11. 15. 20,000,000원, 1997. 11. 20. 30,000,000원, 합계50,000,000원을 지급하였다."
        ],
        "dedatAssrs": [
            "피고 1로부터 0000 (이하 1 생략) 답 3,326㎡를 대금 905,400,000원에 매수하되, 계약금 150,000,000원은 계약시, 잔금755,400,000원은 1998. 2. 28. 각 지급한다.",
            "피고 2(이하 피고 종중 이라고 한다)로부터 같은 동 (이하 4 생략) 답 2,425㎡를 대금 545,000,000원에 매수하되, 계약금70,000,000원은 계약시, 잔금 475,000,000원은 1998. 1. 31. 각 지급한다.",
            "피고 3으로부터 같은 동 (이하 3 생략) 전 1,679㎡를 대금 354,900,000원에 매수하되, 계약금 50,000,000원은 계약시, 잔금 304,900,000원은 1998. 4. 30. 각 지급한다."
        ]
    },
    "facts": {
        "bsisFacts": [
            "소외 1 주식회사는 1998. 8. 24. 피고 1과 피고 3에게, 1998. 9. 8. 피고 종중에게 위 각 매매목적토지(이하 '이 사건 각 토지' 라고 한다)를 원래의 목적인 아파트 신축사업에 사용할 수 없게 되었음을 이유로 매매계약상의 특약에 근거하여 이 사건 각 계약을 해제할 테니 계약금을 반환하라는 내용의 통고서를 보냈다(이하 '이 사건 1차 해제통지' 라 한다).",
            "그 후 소외 1 주식회사는 1999. 1. 7.경 피고들을 상대로 하여 의정부지방법원 99가합226호로 초고층아파트를 건축하기 위하여 피고들로부터 이 사건 각 토지를 매수하였고 매매계약 당시 이러한 목적이 표시되어 있었는데, 결국 아파트 신축사업이 불가능하게 되었다.",
            "이 사건 각 계약에는 법률행위의 중요부분에 착오가 있어 이를 이유로 이 사건 각 계약을 취소한다고 하면서 위 각 계약금의 반환을 구하는 매매대금 청구의 소를 제기하였으나, 착오가 있었음을 인정할 만한 증거가 없다는 이유로2000. 10. 5. 패소판결을 선고받았다.",
            "판결에 대하여 항소하였으나 2001. 6. 19. 그 항소가 기각되었으며(항소심에서 토지거래허가를 받을 수 없어 이 사건 각 계약이 확정적으로 무효가 되었다는 주장을 추가하였으나 받아들여지지 아니하였다),이에 대한 상고도 2001. 10. 10. 기각되어 위 제1심 판결은 그대로 확정되었다.",
            "원고는 인천지방법원 2001차2629호 양수금 사건의 집행력 있는 지급명령 정본에 기하여 2001. 6. 23. 같은 법원 2001타기4233호로 이 사건 각 계약 해제에 따라 소외 1 주식회사가 피고들로부터 반환받을 위 각 계약금반환채권(이하 이 사건 각계약금채권 이라 한다)에 대한 압류 및 전부명령(이하 '이 사건 전부명령' 이라 한다)을 받았다.",
            "피고 1은 2004. 1. 8. 소외 5에게 위 (이하 1 생략) 토지에 관하여 2003. 12. 4.자 매매를 원인으로 한 소유권이전등기를, 피고종중은 2004. 6. 9. 소외 6에게 위 (이하 4 생략) 토지에 관하여 2004. 5. 30.자 매매를 원인으로 한 소유권이전등기를,피고 3은 2002. 1. 30. 소외 7에게 위 (이하 3 생략) 토지에 관하여 2001. 12. 10.자 매매를 원인으로 한 소유권이전등기를각 마쳐 주었다.",
            "이 사건 제1심 판결에 대하여 원고가 항소하여 항소심 계속 중이던 2006. 7. 3. 소외 1 주식회사는 피고들에게, 피고들이 이 사건각 토지를 제3자에게 처분함으로써 피고들이 원고에 대하여 부담하는, 이 사건 각 토지에 관한 소유권이전등기의무가 이행불능이 되었다.",
            "이를 이유로 이 사건 각 계약을 해제한다는 내용의 내용증명우편을 보냈고(이하 ‘이 사건 2차 해제통지’라 한다), 위 우편은 그 무렵 피고들에게 도달하였다."
        ]
    },
    "dcss": {
        "courtDcss": [
            "이 사건 각 계약은 피고들의 이 사건 각 토지 이중매매로 인한 이행불능을 이유로 한 이 사건 2차 해제통지에 의하여 그 무렵 적법하게 해제되었으므로, 피고들은 특별한 사정이 없는 한 이 사건 각 계약의 해제에 따른 이 사건 각 계약금반환채권을 압류·전부받은 원고에게, 이 사건 각 계약금 반환금 및 이에 종된 권리로서 같이 전부된 수령일 이후의 법정이자를 지급할 의무가 있다.",
            "이 사건 1차 해제통지 당시 소외 1 주식회사가 명시적으로이 사건 각 계약금의 반환을 요구하였고, 후에 피고들을 상대로 이 사건 각 계약 취소를 원인으로 한 계약금반환 청구소송까지제기한 점에 비추어 볼 때, 이 사건 1차 해제통지에 이 사건 각 계약금을 포기하고서라도 이 사건 각 계약을 해제하겠다는 뜻이포함되어 있다고 쉽사리 단정 짓기 어렵고, 달리 이를 인정할 증거가 없다.",
            "위 증거들에 의하면 이 사건 전부명령에는 피전부채권으로 채무자( 소외 1 주식회사)가제3채무자(피고)들에 대하여 가지고 있는, 매매계약해제에 따라 반환받을 아래 내역과 같은 매매대금반환청구채권 이라고만기재되어 있는 사실은 인정이 된다.",
            "소외 1 주식회사는 위 토지소유자들에 대하여는 위 특약에 따른 매매계약해제를 주장하면서 계약금 반환청구소송을 하여 승소한 사실을 인정할 수 있고, 위 인정사실에 비추어 보면 이 사건 각 계약시 약정하지도 아니한 아파트 신축사업 불가능으로 인한 해제특약’에 근거하여 한 피고들에 대한 이 사건 1차 해제통지는 적법한 해제로 볼 수 없고, 따라서 이 사건 2차 해제통지무렵까지는 이 사건 각 계약은 유효하게 존속하고 있었다고 할 것이다.",
            "소외 1 주식회사의 채권자인 원고 역시 소외 1 주식회사가 피고들에 대하여 가지는 기존의 계약금반환채권이 아니라 소외 1 주식회사가 장래 이 사건 각 계약의 해제를 조건으로 피고들에 대하여 가지게 될 각 계약금반환채권을 그 피전부채권으로 보아 이사건 전부명령을 신청하여 그 명령이 발령된 것으로 봄이 상당하므로, 이 부분 주장 역시 이유가 없다.",
            "매매계약이 해제되는 경우 발생하는 매수인의 매도인에 대한 기지급 매매대금의 반환채권은 매매계약이 해제되기 전까지는 채권 발생의 기초가 있을 뿐 아직 권리로서 발생하지 아니한 것이기는 하지만 일정한 권면액을 갖는 금전채권이라 할 것이므로 전부명령의 대상이 될 수 있다( 대법원 2000. 10. 6. 선고 2000다31526 판결 참조)할 것이다.",
            "이 사건 각 계약금 채권은 이 사건 각 계약이 해제된 2006. 7. 3.경 이전에는 그 채권 발생의 기초가 있을 뿐이긴 하나 일정한 권면액을 갖는 금전채권이므로, 이 사건 전부명령 당시 이 사건 각 계약 해제가 이루어지지 않았다는 사정만으로 위 전부명령이 무효라고 볼 수는 없다."
        ]
    },
    "close": {
        "cnclsns": [
            "제1심 판결 중 아래에서 지급을 명하는 금원에 해당하는 원고 패소부분을 취소한다.",
            "원고에게, 피고 1은 금 150,000,000원 및 이에 대하여 1997. 11. 20.부터 2007. 3. 14.까지는 연 5%, 2007. 3. 15.부터 다 갚는 날까지는 연 20%의 각 비율에 의한 금원을, 각 지급하라.",
            "피고 2는 금 70,000,000원 및 이에 대하여 1997. 11. 20.부터 2007. 3. 14.까지는 연 5%, 2007. 3. 15.부터 다 갚는날까지는 연 20%의 각 비율에 의한 금원을, 각 지급하라. ",
            "피고 3은 금 50,000,000원 및 이에 대하여 1997. 11. 20.부터 2007. 3. 14.까지는 연 5%, 2007. 3. 15.부터 다 갚는 날까지는 연 20%의 각 비율에 의한 금원을, 각 지급하라.",
            "원고의 피고들에 대한 나머지 항소를 모두 기각한다. ",
            "소송총비용은 피고들이 부담한다.",
            "제1항의 금원 지급을 명한 부분은 가집행할 수 있다."
        ]
    }
}