{
    "info": {
        "caseField": "1",
        "detailField": "1",
        "trailField": "2",
        "caseNm": "손해배상(기)",
        "courtNm": "서울고등법원",
        "judmnAdjuDe": "2005. 10. 13.",
        "caseNo": "2005나1447",
        "relateLaword": [
            "고등교육법 제34조",
            "고등교육법 시행령 제36조"
        ],
        "qotatPrcdnt": []
    },
    "concerned": {
        "acusr": "1",
        "dedat": "자연인,국가"
    },
    "org": {
        "orgJdgmnCourtNm": "서울중앙지방법원",
        "orgJdgmnAdjuDe": "2004.12.1",
        "orgJdgmnCaseNo": "2003가단137096"
    },
    "disposal": {
        "disposalform": "10",
        "disposalcontent": [
            "제1심 판결 중 아래에서 지급을 명하는 부분에 해당하는 원고들 패소부분을 취소한다.",
            "피고들은 각자 원고들에게 각 5,000,000원과 이에 대하여 2004. 10. 16.부터 2005. 10. 13.까지는 연 5%의, 그 다음날부터 다 갚는 날까지는 연 20%의 각 비율로 계산한 돈을 지급하라.",
            "원고들의 나머지 항소를 각 기각한다.\n",
            "소송총비용은 이를 10분하여 그 중 1은 피고들의, 나머지는 원고들의 각 부담으로 한다.\n",
            "제1항의 금원지급 부분은 가집행할 수 있다.\n"
        ]
    },
    "mentionedItems": {
        "rqestObjet": [
            "제1심 판결을 취소한다.",
            "피고들은 각자 원고들에게 각 100,000,000원과 이에 대하여 이 사건 청구취지 및원인변경신청서 부본 송달일 다음날부터 다 갚는 날까지 연 20%의 비율로 계산한 돈을 지급한다."
        ]
    },
    "assrs": {
        "acusrAssrs": [
            "피고들의 불법행위로 인하여 원고들이 2003학년도 대학입학 전형에서 점수가 역전되어 불합격하게 되었으므로, 피고들은 각자 원고들이 입은 정신적 손해를 배상할 책임이 있다고 주장한다."
        ],
        "dedatAssrs": [
            "수능시험의 시행과 관련한 교육인적자원부장관과 피고 000의 재량에 속하는 사항이고, 이러한 재량권을 행사함에 있어 내용적으로나 절차적으로나 합리성과 공정성을 준수하였으므로, 피고한국교육과정평가원이 수능시험 성적(원점수)을 정수로 산정하여 대학에 제공한 행위가 위법함을 전제로 한 원고들의 청구는이유 없다고 다툰다."
        ]
    },
    "facts": {
        "bsisFacts": [
            "원고들은 2003학년도 대학수학능력시험(이하 '수능시험'이라고만 한다)에 응시한 자들이다.",
            "피고 000은 정부출연기관등의설립, 운영및육성에관한법률에 근거하여 초·중·고등학교의 교육과정, 교수·학습 방법 및 교과용 도서를 연구·개발하고, 초·중·고 교육평가 및 대학수학능력시험 등 각종 평가를 교육과정과 연계하여 실시하기 위한 목적으로 설립된 법인이다.",
            "행정권한의위임및위탁에관한규정에 따라 피고 000이 교육인적자원부장관으로부터 그 업무를 위탁받아 수능시험의 시험영역, 출제문항, 배점 및 시험시간, 출제형식, 성적통지 등 기술적인 사항에 관한 세부시행계획을 수립하고 이를 기초로 수능시험을연 1회 실시하고 있다.",
            "원점수를 반올림한 정수로 표기할 경우, 실제 획득한 점수가 제공되지 않기 때문에 정수로 표기된 동일한 원점수라도 백분위점수, 표준점수, 변환표준점수, 등급에서 차이가 발생할 수 있는 현상에 대하여 수험생이 납득할 수 있도록 수험생에게는 원점수를 소수점 이하까지 그대로 통보한다.",
            "그리고 대학 배포용 성적자료(CD)에는 대학에서 소수점 이하 원점수를입학전형에 사용하지 못하도록 원점수의 소수점을 반올림하여 정수로 표기하기로 하였고, 2003학년도 수능시험 역시 같은 점수체제를 유지하기로 하였다.",
            "원고들이 지원한 000(현 000,이하 'OOO'라고 한다) 한의예과의 2003학년도 정시모집 일반전형의경우 수능시험 성적을 60%, 학교생활기록부(교과) 성적(이하 '내신성적'이라고만 한다)을 40%의 비율로 반영하여 고득점자순으로 선발한다.",
            "원고들은 모두 000 한의예과에 지원하였는데, 위와 같은 000의 입학사정 기준에 따라 점수를 환산한 결과 수능시험 반영 총점이 595.46점이 되었고 여기에 내신성적 환산점수 원고들 각 398.92점을 더하여 1000점을 기준으로 한 총점이 각 994.38점이 되었으나, 996.72점이 합격선이 됨에 따라 모두 불합격하였다.",
            "원고들과 마찬가지로 OOO 한의예과에 지원한 소외인은 위 통보된 성적을 기초로 대구한의대의 입학사정 기준에 따라 점수를 환산한 결과 수능시험 반영 총점이 567.19점이 되었고 여기에 내신성적 환산점수 397.58점을 더하여 1000점을 기준으로 한 총점이 각997.02점이 되어 합격하였다.",
            "피고 한국교육과정평가원은 2004학년도 수능시험부터는 시험시간, 출제문항, 출제범위 등은 2003학년도와 동일체제를 유지하되 문항당 배점을 모두 정수로 하여 각 영역별 원점수는 정수로 표기하고 원점수에 의한 백분위점수, 표준점수, 변환표준점수, 변환표준점수에 의한 백분위점수도 모두 소수 첫째 자리에서 반올림하여 정수로 표기하였으며, 대학에 제공되는 성적자료(CDROM)에도 수험생에게 통지하는 성적과 동일한 점수를 표기하여 제공하였다."
        ]
    },
    "dcss": {
        "courtDcss": [
            "수능시험문제의 출제, 문항당 배점, 성적의 평가 및 측정 등은 원칙적으로 교육인적자원부장관 및 수능시험의 출제 및관리를 위탁받은 피고 000의 재량에 속하는 사항이라 할 것이다.",
            "수험생이 취득한 수능시험점수를 소수점까지나타내고 석차화하는 기존의 대학입학전형관행에 따라 수험생의 대학입학당락이 소수점 몇 점에 따라 결정되는 것을 지양함으로써 수능시험점수가 입학여부 결정에 주는 영향력을 낮추고 다양한 전형요소를 반영하도록 유도한다는 정책적 판단에 따라 시행한 이른바 소수점폐지정책 또한 그 적절성 여부에 대한 논란의 여지가 전혀 없지는 않지만 일응 이러한 재량권의 범위 내에 있다고 판단된다.",
            "대학입시에서의 반영비율에 따른 수능성적 환산에 있어서는 소수점 이하 자리 숫자가 수개 이상 발생할 수밖에 없어 시험 관리상 특정자리에서 반올림하는 것이 불가피하고 이때 소수점 이하 몇째 자리에서 반올림할 것인지는 입시요강에서 미리 정하여 공시하는 한 입시를 주관하는 대학의 전적인 재량에 속한다 할 것이다.",
            "그러나 이 사건 수능시험의 원점수는 소수점 첫째자리까지 배점이 되었으므로 반올림 등 점수가공이 입시관리상 불가피하다고 할 수는 없으므로(다만 백분위점수, 표준점수, 변환표준점수 등은 시험관리상 일정자리에서의 반올림이 불가피해 보인다), 위 피고의 주장은 이유없다.",
            "피고 000의 변형 내지 가공된 원점수 통보계획에 대하여 아무런 시정조치도 취하지 아니하고 이를 그대로 받아들여 2003학년도대학입학전형기본계획에 관한 교육인적자원부고시를 발표하고 이에 따라 업무 수탁기관인 피고 한국교육과정평가원을 통하여수능시험을 시행하고 대학에 변형 내지 가공된 원점수를 통보함으로써 원고들의 대학입학전형에서 점수역전 현상을 초래하여그들의 정당한 이익을 침해한 잘못이 있다고 할 것이다.",
            "피고들은 각자 위와 같은 피고들의 위법행위로 인하여 원고들이 2003학년도 OOO 한의예과 입학전형에서 점수역전 현상으로 입은 정신적 손해를 배상할 책임이 있다고 할 것이다."
        ]
    },
    "close": {
        "cnclsns": [
            "제1심 판결 중 아래에서 지급을 명하는 부분에 해당하는 원고들 패소부분을 취소한다.",
            "피고들은 각자 원고들에게 각 5,000,000원과 이에 대하여 2004. 10. 16.부터 2005. 10. 13.까지는 연 5%의, 그 다음날부터 다 갚는 날까지는 연 20%의 각 비율로 계산한 돈을 지급하라. ",
            "원고들의 나머지 항소를 각 기각한다. ",
            "소송총비용은 이를 10분하여 그 중 1은 피고들의, 나머지는 원고들의 각 부담으로 한다. ",
            "제1항의 금원지급 부분은 가집행할 수 있다."
        ]
    }
}