{
    "info": {
        "caseField": "1",
        "detailField": "1",
        "trailField": "2",
        "caseNm": "손해배상(기)",
        "courtNm": "서울고등법원 ",
        "judmnAdjuDe": "2006. 06. 20.",
        "caseNo": "2005나106687",
        "relateLaword": [
            "상법 제401조",
            "민법 제750조",
            "주식회사의 외부감사에 관한 법률 제13조",
            "주식회사의 외부감사에 관한 법률 제3조",
            "주식회사의 외부감사에 관한 법률 제5조 ",
            "주식회사의 외부감사에 관한 법률 제27조",
            "주식회사의 외부감사에 관한 법률 제118조",
            "구 회사정리법(2005. 3. 31. 법률 제7428호 채무자 회생 및 파산에 관한 법률의 제정으로 2006. 4. 1. 폐지되기 전의 것) 제126조",
            "구 회사정리법(2005. 3. 31. 법률 제7428호 채무자 회생 및 파산에 관한 법률의 제정으로 2006. 4. 1. 폐지되기 전의 것) 제125조",
            "구 회사정리법(2005. 3. 31. 법률 제7428호 채무자 회생 및 파산에 관한 법률의 제정으로 2006. 4. 1. 폐지되기 전의 것) 제132조",
            "구 회사정리법(2005. 3. 31. 법률 제7428호 채무자 회생 및 파산에 관한 법률의 제정으로 2006. 4. 1. 폐지되기 전의 것) 제147조"
        ],
        "qotatPrcdnt": []
    },
    "concerned": {
        "acusr": "2",
        "dedat": "1"
    },
    "org": {
        "orgJdgmnCourtNm": "서울중앙지방법원 ",
        "orgJdgmnAdjuDe": "2005. 11. 4.",
        "orgJdgmnCaseNo": "2003가합51700"
    },
    "disposal": {
        "disposalform": "10",
        "disposalcontent": [
            "제1심 판결 중 피고들 패소부분을 취소한다.",
            "위 취소부분에 해당하는 원고의 피고들에 대한 청구를 모두 기각한다.",
            "소송총비용은 원고의 부담으로 한다."
        ]
    },
    "mentionedItems": {
        "rqestObjet": [
            "피고 1, 2, 3, 4, 5, 6은 제1심 공동피고 1, 2과 연대하여 원고에게 1,970,000,000원, 위 피고들과 연대하여, 망 피고 5의 소송수계인 피고 5-1은 394,000,000원, 피고 5-2, 5-3, 5-5, 5-6, 5-7은 각 262,666,666원 및 위 각 금원에 대한 소장 부본 송달일 다음날부터 다 갚는 날까지 연 20%의 비율에 의한 금원을 지급한다.",
            "제1심 판결 중 피고들 패소부분을 취소한다.",
            "위 취소부분에 해당하는 원고의 피고들에 대한 청구를 모두 기각한다."
        ]
    },
    "assrs": {
        "acusrAssrs": [
            "원고는, OOO이 피고 00과 그의 사실상 1인 주주 회사인 OOO, 이미 완전자본잠식상태에 이른 OOO등에게 자기 자본의 5배에 달하고 총 자산의 1.5배를 초과하는 7,070억 원의 채무를 보증하고 현금과 예금의 절반 이상인 319억 원을 담보로 제공하는 등, 도산의 위험이 있는 계열사에 직, 간접적으로 자금지원을 함으로써 OOO의 재무안정성이 매우 취약해졌는바이다.",
            "피고들은 OOO의 회장, 부회장, 이사 내지 감사들로서, 자본충실의무 및 감시 의무 등을 소홀히 한 채 계열사에 부당대출, 지급보증을 하여, OOO으로 하여금 지급불능 상태에 빠지게 하였고, 이로 인해 원고에게 채권액 상당의 손해를 입게 하였으므로, 상법 제401조 내지 민법 제750조에 따라 원고에게 손해를 배상할 책임이 있다고 주장한다.",
            "피고 00은 OOO의 회장으로서, 피고 00는 OOO의 부회장, 피고 00은 OOO의 대표이사로서, 회사의 재무상태와 경영성과를 명확히 보고하기 위하여 OOO의 모든 자산과 부채 및 자본을 적정하게 표시하고, 기업회계준칙에 맞게 회계기간에 속하는 모든 거래내역을 적정하게 표시한 재무제표를 작성하여 공시할 의무가 있다.",
            "OOO의 재무상태를 사실대로 공시할 경우 금융기관으로부터 자금지원이 어려워질 것으로 판단하고 1996 회계연도에 대하여 주석사항의 기재를 누락하는 방법으로 분식결산한 재무제표를 작성하도록 지시하였다.",
            "피고 00, 망 피고 00, 피고 00은 OOO의 감사들로서 악의 또는 중대한 과실로 감사의 직무를 수행하지 않은 채 위와 같이 주석사항의 기재가 누락된 재무제표가 작성, 공시되도록 하였다.",
            "원고는 위와 같이 주석사항의 기재가 누락된 재무제표를 적정한 것으로 믿고 이 사건 지급보증을 하였고 그에 따라 OOO을 위하여 보험금 52억 1,000만 원을 지급하는 손해를 입게 되었으므로, 피고들은 상법 제401조 제1항, 제414조 제3항에 따라 연대하여 원고에게 원고가 회수하지 못한 구상금 19억 7,000만 원 상당의 손해를 배상할 의무가 있다고 주장한다."
        ],
        "dedatAssrs": []
    },
    "facts": {
        "bsisFacts": [
            "피고 00은 1993. 10. 24.부터 1995. 1. 31.까지 000(아래에서 'OO'이라고 한다)의 대표이사이자, 1993. 10. 4.경부터 1998. 1. 14.경까지 000,000(아래에서 'OOO'이라고 한다), 000(아래에서 'OOO'이라고 한다) 등 13개 계열사를 둔 000의 회장으로서 위 회사의 주요 정책을 결정하고 집행하던 사람이다.",
            "피고 00는 1988. 11. 1.부터 1995. 9. 11.까지는 OOO의 사장, 1996. 4. 22.부터 1998. 4. 10.까지는 OOO 패션부문 총괄부회장, 1998. 4. 10.부터 1998. 7. 28.까지는 OOO의 감사로 재직하였다.",
            "또한 피고 00은 1994. 1. 1.부터 1995. 9. 10.까지는 OOO의 부사장, 1995. 9. 11.부터 1997. 4.30.까지는 OOO의 사장으로, 피고 00는 1986. 1. 1.부터 1998. 4. 10.까지 OOO의 감사로 각 재직하였다.",
            "망 피고 00는 1988. 5. 2.부터 1998. 4. 10.까지 각 OOO의 감사로, 피고 00은 1994. 11. 1.부터 1995. 12. 31.까지는 OOO 비서실 상무이사, 1996. 1. 1.부터 1996. 12. 31.까지는 OOO 비서실 총괄 전무이사, 1997. 1. 1.부터 1997. 4.30.까지는 OOO 비서실장 부사장으로 근무하면서 동시에 1996. 3. 15.부터 1998. 4. 10.까지 OOO의 감사로 각 재직하였다.",
            "OOO의 법인등기부상 피고 00은 1993. 10. 24.부터 1995. 1. 31.까지 OOO의 대표이사로, 피고 00는 1992. 3. 12.부터 1995. 9. 11.까지는 대표이사로, 1995. 9. 12.부터 1997. 4. 30.까지는 이사로, 1997. 5.1.부터 1998. 4. 10.까지는 대표이사로 각 등기되어 있었다.",
            "1998. 4. 10.부터 1998. 7. 28.까지는 감사로, 피고 00은 1992. 3. 12.부터 1999. 1. 27.까지 이사로, 1995. 9. 11.부터 1997. 4. 30.까지 대표이사로, 망 피고 00는 1994. 3. 11.부터 1998. 4. 10.까지 감사로, 피고 00는 1994. 3. 11.부터 1998. 4. 10.까지 감사로, 피고 00은 1996. 3. 15.부터 1998. 4. 10.까지 감사로 각 등기되어 있었다.",
            "망 피고 00는 이 사건 소송 계속 중이던 2004. 12. 31. 사망하였고, 사망 당시 유족으로는 그의 처 피고 00,1 과 자녀들인 피고 00, 00,5,3,5,4,5,5,5,6,5,7 이 있었는데, 그 중 피고 00, 00,5,3,5,4 , 5,5,5,6 은 2005. 2. 15. 서울가정법원에 상속포기 신고를 하였다.",
            "피고 00은 상장기업인 OOO의 주식 35%를 보유하고 있던 최대주주로서, OOO 외에도 OOO의 주식 99.9%(나머지 0.1%는 그의 처인 피고 00가 보유하였다), OOO의 주식 50%(나머지 주식 중 30%는 OOO이, 10%는 000이 보유하였다)을 보유하여, OOO을 실질적으로 지배하고 있었다.",
            "OOO은 피고 00이 1991. 10.경 OOO을 인수하여 설립한 회사로서, 인수당시 법정자본금이 30억 원 미만이고 매출규모도 100억 원 미만인 중소 건설업체이나, 인수 당시 예상과 달리 공사현장에 미지급금 채무가 많았던 데다가 피고 00,OOO 등에 대한 과다한 자금지원 등으로 인하여 1994년 말 현재 차입금 규모가 1,828억 원 상당에 이르러 영업이익만으로는 금융비용도 감당하지 못하는 상황이었다.",
            "또한 OOO은 1993년 000을 인수하여 설립한 회사로서 인수 당시부터 자본잠식 상태였는데 이와 같은 재무상황이 인수 후에도 전혀 개선되지 못하여, 인수 후 5년 연속 영업이익을 내지 못하여 자본잠식이 심화되었다.",
            "OOO은 1996. 3. 27. OOO와 한도액 400억 원의 어음거래약정을 체결하고, 1996. 10.10. OOO이 발행한 액면 100억 원의 어음에 OOO 명의의 배서를 하여 할인받는 등 1996. 10.경부터 1996. 12.경까지 000,000,000 등의 금융기관으로부터 OOO 또는 OOO 등 계열사가 발행한 어음에 배서하여 할인받는 방법으로 합계 1,010억 원의 채무를 보증하였다.",
            "또한 OOO은 OOO, OOO 등 계열사가 금융기관으로부터 자금을 차입할 때 연대보증을 하거나 피고 00의 재건축사업 등을 지원하기 위하여 피고 00이 체결한 이행보증보험계약 등에 연대보증을 하는 등 1996. 12. 31. 현재 합계 6,060억 원의 채무를 보증하였다.",
            "OOO은 1982년경 설립되어 000 등의 유명 브랜드로 여성의류를 제조, 판매하는 회사로서 계열사 중에서는 가장 재무구조가 양호하였으나, 이와 같이 OOO의 각 계열사에 연대보증을 하거나 간접적으로 자금지원을 함으로써, OOO의 계열사 중 한 회사에 부도가 나면 다른 회사도 연쇄적으로 부도가 날 위험이 높은 구조를 유지하고 있었다.",
            "OOO은 1997년 초순경 OOO과 OOO의 부도로 재무상황이 다시 악화되기 시작하였고, 결국 1997년 말경의 외환위기 사태로 인한 영업부진과 자금경색으로 1998. 1. 14. 계열사들이 동반 부도처리되었다.",
            "피고 00, 00,3 은 1997. 1.경 000의 1996회계연도에 대한 결산을 하면서, 실제로는 앞서 본 바와 같이 계열사에게 대출명의를 대여해 주는 방법으로 1,010억 원, 직접 보증계약을 체결하는 방법으로 6,060억 원 등 합계 7,070억 원의 계열사 채무를 보증하였다.",
            "그럼에도 사업보고서 공시 기준일인 1996. 12. 31.에 맞추어 계열사 단기 대여금이 회수된 것으로 회계 처리하는 등의 방법으로 자금거래를 축소 기재하여 재무제표의 주석사항에는 총 1,316억 원만을 채무보증한 것으로 기재했다.",
            "1996. 12. 31. 현재 000의 현금과 예금 합계 704억 원 중 391억 원은 계열사인 000에 자금을 지원하기 위하여 OOO이 종합금융사로부터 어음할인의 방법으로 자금을 차입하면서 OOO이 그 종합금융사 발행의 무담보발행어음을 매입한 것으로서 그 사용이 제한되어 있음에도 이를 재무제표의 주석사항에 기재하지 않기로 하고, OOO 재경부 직원들로 하여금 그와 같은 내용의 재무제표를 작성하게 하였다.",
            "OOO은 1998. 1. 14.경 최종 부도처리되어 1998. 2.경 회사정리절차가 개시되었고, 원고는 이 사건 지급보증 약정에 기하여 1998. 2. 28.부터 2000. 8. 28.까지 11회에 걸쳐 피보험자인 증권예탁원에 보험금 합계 52억 1,000만 원을 지급하였다.",
            "원고는 OOO이 담보로 제공한 국민주택채권을 매각하여 7억 4,363만 9,455원을 회수하였고, OOO의 회사 정리절차에서 나머지 구상금 44억 4,636만 545원 중 OOO 주식의 가액을 액면가인 10억 원으로 평가하여 동액 상당을 정리담보권으로, 나머지 34억 6,636만 545원을 정리채권으로 각 신고하였다",
            "1999. 9. 18. OOO으로부터 정리담보권 원금 10억 원 및 그 이자 1억 1,539만 7,260원 합계 11억 1,539만 7,260원을 조기에 변제받는 것을 조건으로 OOO 주식에 관한 질권을 해제하고 이를 OOO에 반환하였으며, OOO에 대한 나머지 채권은 SG ABS 자산유동화 주식회사에게 액면가의 약 30%인 8억 원에 양도하였고, 이로써 원고의 OOO에 대한 구상금 채권은 19억 7,308만 8,436원이 남게 되었다.",
            "OOO의 정리계획안에 따르면 정리담보권의 원금은 4차년도부터 10차년도까지, 이자는 준비년도부터 10차년도까지 분할하여 변제하는 것으로 되어 있었다.",
            "OOO은 1999. 9. 10. 원고로부터 반환받은 OOO 주식 20만 주를 주당 12,500원 합계 25억 원에 매각하였는데, 당시 OOO 주식은 곧 장외시장에 등록될 것이라고 예상되었고, 실제로 OOO 주식은 1999. 12. 초순경 장외시장에 등록되어 1주당 약 50,000원에 시세가 형성되었다."
        ]
    },
    "dcss": {
        "courtDcss": [
            "OOO이 계열사에게 자금을 지원하였다가 결과적으로 이를 회수하지 못하게 되어 지급불능 상태에 이르게 되었다고 하더라도, 그와 같은 사실만으로 곧바로 자금 지원을 결정하고 실행한 업무담당자들에게 선관주의의무 내지 충실의무의 위반이 인정되는 것은 아니다.",
            "당시 얻을 수 있던 합당한 정보를 바탕으로 자금지원의 필요성, 규모와 내용, 변제계획, 담보나 회수 가능성 여부, OOO과 계열사와의 관계, 당시 경영상황 등 여러 가지 사정에 비추어 OOO의 이익을 위하여 신의성실의 원칙에 따라 적합한 절차에 따라 자신의 재량의 범위 내에서 결정한 것인지 여부를 따져보아야 할 것인다.",
            "갑 제5호증, 제6호증의 1의 각 기재만으로는 OOO의 계열사에 대한 자금 지원이 위와 같은 의무에 위반하여 이루어진 것이라는 사실을 인정하기 부족하고, 달리 피고들의 행위가 선관주의의무 내지 충실의무에 반하거나, 그 외 불법적으로 이루어진 것이라는 사실을 인정할 만한 아무런 증거가 없다.",
            "따라서 원고의 위 주장은 이유 없다.",
            "주식회사의 외부감사에 관한 법률 제13조 제1항, 제3항에 의하면 주식회사는 금융감독위원회가 정한 회계처리기준에 따라 재무제표를 작성하여야 하고, 이에 따라 제정된 기업회계기준에 의하면, 회계처리 및 보고는 신뢰할 수 있도록 객관적인 자료와 증거에 의하여 공정하게 처리하여야 한다.(제3조 제1호)",
            "재무제표에는 이를 이용하는 자에게 충분한 회계정보를 제공하도록 중요한 회계방침 등 필요한 사항에 대하여는 주석을 하여야 하며(제5조 제5항), 사용이 제한된 현금과 예금에 관하여는 그 내용을 주석으로 기재하여야 한다.(제27조)",
            "자기 또는 타인을 위하여 제공하고 있거나 타인으로부터 제공받은 담보, 보증의 내용을 보충적 주석으로 기재하여야 한다(제118조의3 제12호). 또한 거래의 법적 형식에도 불구하고 자금의 실질적인 사용 및 이자부담을 하지 않는다면 형식상의 차주는 차입금으로 회계처리하지 않고 동 차입금의 실질적인 사용자에 대한 지급보증으로 주석에 기재하여야 한다.",
            "OOO의 1996 회계연도 재무제표는 OOO이 계열사인OOO 또는 OOO이 발행한 어음에 배서를 하여 금융기관으로부터 어음할인 대출을 받음으로써 실질적으로 OOO 또는 OOO이 사용한 부분을 OOO의 지급보증으로 주석에 기재하지 않고, OOO이 계열사와 피고 00 등을 위하여 보증한 내용의 일부와 사용이 제한된 예금을 주석에 기재하지 아니하였다.",
            "피고 00, 00,3은 위와 같은 재무제표의 작성을 지시하였고, 피고 00, 망 피고 00, 피고 00은 조금만 주의를 기울였더라면 위와 같은 분식결산을 쉽게 알 수 있었을 것인데도 그 주의의무를 게을리하여 위와 같이 주석사항이 누락된 재무제표가 주주총회의 결의를 거쳐 공시되도록 하였다.",
            "피고 00, 00,3,4,망 피고 00, 피고 00(아래에서 피고 00 등 이라고 한다)은 상법 제401조 제1항, 제414조 제3항에 따라 악의 또는 중과실로 인하여 그 임무를 해태하였다 할 것이다.",
            "이 사건 지급보증은 OOO이 신규 자금을 조달하기 위해서가 아니라 이미 1994년에 발행된 회사채의 만기가 도래함에 따라 차환을 위하여 발행된 회사채의 지급보증이다.",
            "OOO의 계열사인 OOO과 OOO의 재무상태가 1995년경부터 악화 일로에 있었고, OOO은 OOO과 OOO에 거액의 지급보증 등을 한 상태였으므로 OOO의 재무상태에 대하여 주주와 채권자, 지급보증기관 등 주요 회계정보 이용자들은 1997년 초순경 이미 OOO의 재무상태가 불안정하다는 것을 알고 있었다.",
            "이에 따라 원고 스스로도 1996 회계연도 재무제표를 검토한 후 기업평가기준상 OOO의 신용도가 하락하였음을 이유로 OOO에 대하여 재보증 불가 통보까지 하였다가 OOO이 담보를 제공하자 이 사건 지급보증을 하게 되었다.",
            "이 사건 지급보증 당시 OOO이 제공한 담보 중 OOO 주식의 시가는 약 60억 원(=20만 주×30,000원), 국민주택채권의 시가는 약 10억 원으로서, 그 시가 합계는 이 사건 지급보증으로 담보되는 회사채 원리금 53억 2,000만 원의 약 130%에 이르러, 이 사건 지급보증의 담보로서 충분하였다고 보인다.",
            "이 사건 지급보증 당시의 분식결산 관행에 비추어 일반적으로 주식회사의 재무제표가 그 회사의 재무상태를 적절히 반영하고 있다는 신뢰가 시장에 형성되어 있었다고 보기 어려운 점 등에 비추어 보면, 원고가 주석사항의 기재가 누락된 OOO의 1996 회계연도 재무제표를 믿고 그에 비추어 OOO의 재무상태가 양호한 것으로 판단하여 이 사건 지급보증을 하였다고 보기는 어렵다 할 것이다.",
            "또한 구 회사정리법(2005. 3. 31. 법률 제7428호 채무자 회생 및 파산에 관한 법률의 제정으로 2006. 4.1. 폐지되기 전의 것)상 회사정리절차가 개시되면 정리회사의 담보채권자는 담보물의 가치를 적절히 평가하여그 담보물의 가액의 범위 내에서 정리담보권으로 신고한다.(제126조)",
            "나머지 채권은 정리채권으로 신고하게되며(제125조), 관리인은 담보물의 가치에 관한 평가를 거쳐 정리담보권의 시인 여부를 결정하게 되고(제132조), 담보물의 가액에 관하여 이견이 있어 정리담보권으로 인정하는 채권의 범위에 다툼이 생기게 되면정리담보권 확정의 소(제147조)로써 담보물의 가액을 확정하도록 되어 있다.",
            "회사정리절차에서는 정리담보권이 정리채권보다 그 변제금액이나 변제기 등에 있어서 우대받는 것이 일반적이므로, 통상 채권자는 담보물의 가액을 높게 평가하여 최대한 정리담보권으로 인정받으려 하고, 관리인은 담보물의 가액을 낮게 평가하여 정리담보권으로 인정되는 채권의 범위를 축소하려 하는 경향이 있다.",
            "원고는 OOO에 대한 회사정리절차에서 담보물인 OOO 주식의 가치를 액면가로 평가하여 OOO에 대한 구상금채권 중 10억 원만을 정리담보권으로 신고한 다음, 위와 같이 정리담보권으로 신고한 금액만을 변제받으면서 곧 장외시장에 등록될 것으로 예상되어 주가 상승이 기대되던 위 주식에 관한 질권을 해제하였다.",
            "만약 원고가 OOO의 주식을 적정하게 평가하고 그에 따라 정리담보권 신고를 하였더라면, 위 주식을 적절한 시기에 적절한 가격으로 처분함으로써 이 사건 구상금채권의 전부를 회수할 수도 있었을 것으로 보이므로, 원고의 손해는 위와 같은 채권관리상의 잘못에 의하여 자초된 것이라고 볼 여지도 있다 할 것이다.",
            "피고 00 등의 앞서 본 바와 같은 이사 또는 감사로서의 임무해태와 이 사건 지급보증 및 그로 인한 손해 사이에 상당인과관계가 있다고 볼 수 없으므로, 원고의 위 주장은 다른 점에 관하여 더 나아가 살필 필요 없이 이유 없다."
        ]
    },
    "close": {
        "cnclsns": [
            "제1심 판결 중 피고들 패소부분을 취소한다.",
            "취소부분에 해당하는 원고의 피고들에 대한 청구를 모두 기각한다.",
            "소송총비용은 원고의 부담으로 한다."
        ]
    }
}