{
    "info": {
        "caseField": "1",
        "detailField": "1",
        "trailField": "1",
        "caseNm": "손해배상(기)",
        "courtNm": "서울서부지방법원",
        "judmnAdjuDe": "2007. 06. 27.",
        "caseNo": "2005가합8699",
        "relateLaword": [
            "외감법 제2조",
            "증권거래법 제186조 3",
            "외감법 제5조",
            "외감법 제17조",
            "외감법 제1조",
            "공인회계사법 제23조",
            "외감법 제3조"
        ],
        "qotatPrcdnt": []
    },
    "concerned": {
        "acusr": "법인, 자연인",
        "dedat": "2"
    },
    "org": {
        "orgJdgmnCourtNm": "",
        "orgJdgmnAdjuDe": "",
        "orgJdgmnCaseNo": ""
    },
    "disposal": {
        "disposalform": "10",
        "disposalcontent": [
            "원고들의 청구를 모두 기각한다.",
            "소송비용은 원고들이 부담한다."
        ]
    },
    "mentionedItems": {
        "rqestObjet": [
            "피고는 원고들에게 금 21,605,129,865원 및 이에 대한 2004. 10. 6.부터 이 사건 소장부본 송달일까지는 연 6%의, 그 다음날부터 다 갚는 날까지는 연 20%의 각 비율에 의한 금원을 지급한다."
        ]
    },
    "assrs": {
        "acusrAssrs": [
            "피고는 1999년부터 2004년까지 매년 원고 하나캐피탈과 이 사건 외부감사계약을 체결하고 원고의 1999년 회계연도부터 2004년 회계연도까지의 재무제표에 대한 외부감사를 실시하면서 이 사건 외부감사계약상 선량한 관리자의 주의를 다하여 위임사무를 처리하여야 한다.",
            "외감법 제3조 에 정한 감사인으로서 외감법, 회계감사기준 및 회계감사준칙(이하 준칙이라 한다)에 따라 그 임무를 수행하여야 함에도 불구하고 입증감사절차 설계 및 수행에 있어서 아래와 같은 감사절차 위반 또는 주의의무 해태로 소외 00의 위 제1의 나.항 기재 횡령 사실을 밝혀내지 못한 채 1999년부터 2003년까지 매년 그 다음해 2~3월경 원고들에게 적정의견을 표시한 이 사건 감사보고서를 제출하였다.",
            "피고는 이 사건 외부감사계약에 기하여 원고 OOO에 대한 외부감사를 수행하면서, 원고 OOO의 내부통제제도가 제대로 작동되고 있지 아니하여 피고가 전문가적 의구심을 가지고 원고 000의 내부통제제도의 취약성을 발견하였어야 함에도 감사인으로서의 임무를 게을리하여 이를 발견하지 못하고, 이를 발견하기 위한 내부통제제도 및 통제위험의 평가를 하지 아니하였다. ",
            "피고는 원고 OOO의 현금및현금등가물에 대한 감사 당시 거래 상대방인 금융기관에 대한 외부 조회만을 수행하고, 예금통장 실물 확인절차를 실시하거나 OOO 담당자에게 예금잔액을 확인하지 아니하여 원고 하나캐피탈의 현금및현금등가물 중 OOO 계좌 잔액의 실재성을 확인하지 아니하였다.",
            "현금 및 현금등가물에 대한 입증감사절차에 있어 은행 조회와 관련된 감사절차 위반 및 주의의무 해태피고는 2000년 회계연도부터 2004년 회계연도의 원고 OOO의 금융기관 예금잔액 확인을 위한 외부조회를 실시하면서 금융기관 조회처를 직접 선택하고, 조회서를 직접 작성, 발송한 후 직접 회수하여야 할 감사인으로서의 임무 또는 선량한 관리자의 주의의무가 있다.",
            "그럼에도 불구하고 조회처 선택 및 조회서 작성, 발송, 회수에 있어 피고의 직접 통제 없이 원고 OOO에 의존하여 소외 00가 제시하는 허위의 000 0000 주소를 확인하여 보지 아니한 채 이를 만연히 믿고 위 주소로 금융기관 조회서를 발송하고, 소외 00가 위조한 허위의 예금잔액증명서를 회신받음으로써 000 0000에 대한 직접 조회 확인절차를 실시하지 아니하여 소외 00의 횡령행위를 밝혀내지 못하였다.",
            "피고가 소외 00의 횡령행위가 있었던 2000년 회계연도의 재무제표에 대한 외부감사를 실시하면서 감사인으로서의 임무를 게을리하지 아니하고 선량한 관리자의 주의의무를 다하였더라면, 2001. 1. 31.경 소외 00의 횡령행위를 쉽게 적발할 수 있었다.",
            "그렇다면 원고 OOO은 피고의 2000년 회계연도 감사보고서의 제출일에 가까운 2001. 1. 31.까지 발생하였던 회계장부상 000 계좌의 잔액과 실제 잔액과의 차이인 금 25,654,408,060원의 손해를 입었음에 그쳤을 것이다.",
            "그런데도 피고는 위와 같은 감사절차 위반 및 주의의무 해태로 인하여 소외 00의 횡령행위를 밝혀내지 못하여 원고 OOO의 손해는 소외 00의 횡령행위가 실제로 적발된 2004. 9. 14.경까지 금 47,259,537,925원으로 확대되었다.",
            "피고는 원고 OOO에 대하여 이 사건 외부감사계약상 채무불이행, 외감법 제17조 제1항 또는 불법행위로 인한 손해배상으로서 위와 같은 확대 손해 금 21,605,129,865원(47,259,537,925원 - 25,654,408,060원) 및 이에 대한 지연손해금을 지급할 의무가 있다.",
            "원고 OOO을 제외한 나머지 원고들은 피고가 위 가. 1)항 기재와 같은 감사절차 위반 및 주의의무 해태로 인하여 소외 00의 횡령행위를 발견하지 못한 채 제출한 이 사건 감사보고서를 신뢰하여 제1의 라.항기재와 같이 000과 사이에 이 사건 주식양도계약을 체결할 당시 원고 OOO의 재무 상황에 대한 진술 및 보장 약정을 하였다.",
            "그리고 소외 00의 횡령행위 발각 이후 제1의 바.항 기재와 같은 원고 OOO의 유상 증자, 발행 주식의 무상 소각을 결의하여 신주 인수 대금으로 금 473억 원을 납입하였다.",
            "피고가 소외 00의 횡령행위가 있었던 2000년 회계연도의 재무제표에 대한 외부감사를 실시하면서 감사인으로서의 임무를 게을리하지 아니하고 선량한 관리자의 주의의무를 다하였더라면, 소외 00의 횡령행위를 쉽게 적발할 수 있었다.",
            "그렇다면 원고 OOO을 제외한 나머지 원고들은 2000년 회계연도 감사보고서의 제출일에 가까운 2001. 1. 31.까지 발생하였던 회계장부상 원고 OOO의 000 계좌의 잔액과 실제 잔액과의 차액인 금 25,654,408,060원에 상당하는 주식 가치 감소의 손해를 입었음에 그쳤을 것이다.",
            "피고는 1999년부터 2004년까지 매년 원고 OOO과 이 사건 외부감사계약을 체결하고 원고의 1999년 회계연도부터 2004년 회계연도까지의 재무제표에 대한 외부감사를 실시하면서 이 사건 외부감사계약상 선량한 관리자의 주의를 다하여 위임사무를 처리하여야 하고, 외감법 제3조 에 정한 감사인으로서 외감법, 회계감사기준 및 회계감사준칙(이하 준칙이라 한다)에 따라 그 임무를 수행하여야한다.",
            "그럼에도 불구하고 입증감사절차설계 및 수행에 있어서 아래와 같은 감사절차 위반 또는 주의의무 해태로 소외 00의 위 제1의 나.항 기재 횡령 사실을 밝혀내지 못한 채 1999년부터 2003년까지 매년 그 다음해 2~3월경 원고들에게 적정의견을 표시한 이 사건 감사보고서를 제출하였다.",
            "피고는 이 사건 외부감사계약에 기하여 원고 000에 대한 외부감사를 수행하면서, 원고 000의 내부통제제도가 제대로 작동되고 있지 아니하여 피고가 전문가적 의구심을 가지고 원고 OOO의 내부통제제도의 취약성을 발견하였어야 함에도 감사인으로서의 임무를 게을리하여 이를 발견하지 못하고, 이를 발견하기 위한 내부통제제도 및 통제위험의 평가를 하지 아니하였다",
            "피고는 원고 OOO의 현금및현금등가물에 대한 감사 당시 거래 상대방인 금융기관에 대한 외부 조회만을 수행하고, 예금통장 실물 확인절차를 실시하거나 000 담당자에게 예금잔액을 확인하지 아니하여 원고 하나캐피탈의 현금및현금등가물 중 000 계좌 잔액의 실재성을 확인하지 아니하였다.",
            "현금및현금등가물에 대한 입증감사절차에 있어 은행 조회와 관련된 감사절차 위반 및 주의의무 해태 피고는 2000년 회계연도부터 2004년 회계연도의 원고 OOO의 금융기관 예금잔액 확인을 위한 외부조회를 실시하면서 금융기관 조회처를 직접 선택하고, 조회서를 직접 작성, 발송한 후 직접 회수하여야 할 감사인으로서의 임무 또는 선량한 관리자의 주의의무가 있다.",
            "그럼에도 불구하고 조회처 선택 및 조회서 작성, 발송, 회수에 있어 피고의 직접 통제 없이 원고 OOO에 의존하여 소외 00가 제시하는 허위의 OOO 과천지점 주소를 확인하여 보지 아니한 채 이를 만연히 믿고 위 주소로 금융기관 조회서를 발송하고, 소외 00가 위조한 허위의 예금잔액증명서를 회신받음으로써 000 0000에 대한 직접 조회 확인절차를 실시하지 아니하여 소외 00의 횡령행위를 밝혀내지 못하였다.",
            "피고가 소외 00의 횡령행위가 있었던 2000년 회계연도의 재무제표에 대한 외부감사를 실시하면서 감사인으로서의 임무를 게을리하지 아니하고 선량한 관리자의 주의의무를 다하였더라면, 2001. 1. 31.경 소외 00의 횡령행위를 쉽게 적발할 수 있었다.",
            "그렇다면 원고 OOO은 피고의 2000년 회계연도 감사보고서의 제출일에 가까운 2001. 1. 31.까지 발생하였던 회계장부상 000 계좌의 잔액과 실제 잔액과의 차이인 금 25,654,408,060원의 손해를 입었음에 그쳤을 것이다.",
            "그런데도 피고는 위와 같은 감사절차 위반 및 주의의무 해태로 인하여 소외 00의 횡령행위를 밝혀내지 못하여 원고 OOO의 손해는 소외 00의 횡령행위가 실제로 적발된 2004. 9. 14.경까지 금 47,259,537,925원으로 확대되었다.",
            "그러므로 피고는 원고 OOO에 대하여 이 사건 외부감사계약상 채무불이행, 외감법 제17조 제1항 또는 불법행위로 인한 손해배상으로서 위와 같은 확대 손해 금 21,605,129,865원(47,259,537,925원 - 25,654,408,060원) 및 이에 대한 지연손해금을 지급할 의무가 있다."
        ],
        "dedatAssrs": []
    },
    "facts": {
        "bsisFacts": [
            "원고 000는 할부금융업무, 시설대여업무, 신용대출 또는 담보대출업무 등을 영위하는 주식회사로서 1987. 2. 13. 000 라는 명칭으로 설립된 후, 1995. 12. 7. 000, 2001. 7. 20. 000 로 명칭을 변경하여 사용하여 오다가 2005. 4. 8.부터 그 명칭을 현재의 000 로 변경, 사용하고 있다.",
            "(이하 명칭 변경 위후를 불문하고 원고 OOO이라 한다), 주식회사의 외부감사에 관한 법률(이하 외감법이라 한다) 제2조 에 정한 회계감사(이하 외부감사라 한다) 대상 회사이다.",
            "원고 000(이하 원고 OOO이라 한다), 000(이하 OOO 이라 한다), 000(이하 OOO이라 한다), 000(이하 OOO이라 한다), 원고 00(이하 위 원고들을 통틀어 원고 OOO을 제외한 나머지 원고들이라 한다) 및 소외 000(이하 OOO이라 한다)은 각 아래 라.항 기재 소외 000(이하 OOO이라 한다)과의 주식양도계약일인 2004. 8. 12. 당시 원고 OOO의 발행 주식 중 원고 OOO이 9,259,919주, ",
            "원고 OOO이 1,878,094주, 원고 OOO이 1,481,053주, 원고 000이 1,600,066주, 원고 00이 1,203,355주, OOO이 235,000주 합계 15,693,487주인 원고 OOO의 발행 주식 위부를 소유하고 있었으며, OOO은 2005. 6. 1. 원고 OOO에 흡수 합병되어 해산되었다.",
            "피고는 회계감사업무 등을 영위하는 공인회계사법 제23조 의 규정에 의한 회계법인으로서 외감법 제3조 제1항 제1호 에서 정한 감사인이다.",
            "소외 00는 원고 OOO의 사용인감을 보관, 관리하였고, 원고 OOO 기획팀에서 관리하던 위 회사의 법인인감도 최종적으로는 소외 00가 관리하던 금고에 보관하고 있음을 기화로, 위 사용인감 및 법인인감을 임의로 사용하여 1998. 12. 11. 000에 원고 OOO 명의로 증권계좌(계좌번호, 이하 OOO 계좌라 한다)를 개설하였다.",
            "원고 OOO 명의로 000 0000으로부터 금 20억 원을 대출받아서 위 000 증권계좌에 이체시킨 뒤 위 금원으로 주식투자 등 자기의 용도로 임의로 소비하는 등 그 무렵부터 2004. 1. 8.까지 별지 범죄 일람표 1 기재와 같이 총 13회에 걸쳐 같은 방법으로 합계 금 82,896,953,973원을 임의로 소비하였다.",
            "그리고 1999. 4. 27. 0000(지번 1 생략) 00000 2층 소재 000 0000(이하 000 0000이라 한다)에서 원고 OOO의 명의로 MMF(Market Money Fund, 초단기금융상품) 계좌(계좌번호:생략, 이하 OOO 계좌라 한다)를 개설하였다.",
            "원고 OOO이 보유하고 있는 자금으로 국공채 유가증권을 매입하여 위 계좌에 입금하여 두어 보관하였다.",
            "그러다가 2000. 1. 8.부터 위 계좌에서 금 50억 원을 인출하여 000 계좌로 송금한 후 주식투자 등 자기의 용도로 임의 소비하여 이를 횡령하는 등 그 무렵부터 2004. 7. 7.까지 별지 범죄 일람표 2 기재와 같이 총25회에 걸쳐 000 계좌에 입금되어 있는 원고 OOO 소유의 합계 금 160,547,143,976원을 자기의 용도에 임의로 소비하여 횡령하였다.",
            "원고 OOO 내의 자체 감사팀은 각 금융사별 예금·차입금 현황이 기재되어 있는 잔액조견표에 기해 각 금융사별로 예금잔고증명서와 부채잔액증명서를 각 작성한 다음 위 감사팀 담당직원이 각 금융사를 직접 순회하면서 위와 같이 미리 작성해 간 예금잔고증명 및 부채잔액증명에 확인을 받은 다음 그 확인서에 의거해 예·결산보고서를 작성하였다.",
            "이를 원고 OOO의 대표이사에게 보고하였던 관계로 소외 00가 위 2)항 기재와 같이 000 계좌에서 회사 자금을 인출하여 주식에 투자한 사실이 발각될 위기에 처하였다.",
            "그러자 소외 00는 평소 원고 OOO의 회계과나 감사팀 직원들에게 회사의 중요 자금 또는 고액의 자금에 대하여는 자금팀장으로서 자신이 직접 특별 관리를 한다는 취지로 말하며 000,000 등의 잔고증명을 직접 받아다주겠다면서 2000. 2. 무렵 원고 OOO 감사팀의 직원 소외 00 으로부터 그가 작성한 예금잔액증명서를 교부받았다.",
            "이를 가지고 000 0000에 방문하여 잔액증명의 확인을 받는 대신, 그 예금잔액증명서하단에 미리 조각하여 가지고 있던 000 0000 지점장 소외 00 라는 고무명판을 찍었다.",
            "그리고 소외 00이름 옆에 미리 조각하여 가지고 있던 위 000 0000지점의 법인인감을 날인하여 현대증권 과천지점장 명의의 예금잔액증명서를 위조한 것을 비롯하여 별지 범죄 일람표 3 기재와 같이 위와 같은 방법으로 000 0000 명의의 예금잔액증명서 2매, 예금증명의뢰서 36매를 각 위조, 행사하였다.",
            "2003. 7. 9. 컴퓨터로 잔고증명서, 계좌번호:생략, 성명:000,2003년 6월 30일 현재 잔고금액 32,309,516,327원’이라고 작성한 다음 그 하단에 미리 조각하여 가지고 있던 위 000 0000 지점장 소외 00 ’의 고무명판을 찍고, 소외 00이름 옆에 미리 조각하여 가지고 있던 위 000 0000의 법인인감을 날인하여 000 0000 명의의 잔고증명서를 위조하였다.",
            "그 무렵부터 2004.9. 7.까지 별지 범죄 일람표 4 기재와 같이 위와 같은 방법으로 000 0000장 명의의 잔고증명서 15매를 각 위조, 행사하여 원고 000 내 감사팀의 000 0000에 대한 실제 잔고 확인 작업을 저지하였다.",
            "또한, 원고 OOO에 대한 피고의 아래 다.항 기재와 같은 외부감사가 진행되는 동안, 소외 00는 위 2)항 기재 배임 및 횡령사실을 숨기기 위하여, 소외 00가 000계좌에서 회사 자금을 인출하였다.",
            "그 인출 자금으로 주식투자를 시작한 2000년경부터 피고에게 예금잔액조회의뢰서를 발송할 000 0000의 소재지를 실제 주소인 0000(지번 1 생략) 00000 2층과 달리 0000(지번 2 생략) 00000 4층 또는 같은동(지번 2 생략) 00000 4층 등으로 허위로 알려주어 피고로 하여금 위 허위 주소에 예금잔액조회의뢰서를 발송케 했다.",
            "소외 00는 우편물 배달시간에 맞추어 미리 위 허위 주소에서 대기하고 있다가 자신이 마치 000 0000의 담당직원인 것처럼 위 의뢰서를 수령한 후, 사실은 000 계좌에서 소외 00가 금원을 인출하여 잔고가 거의 없음에도 잔고가 많이 들어있는 것처럼 허위의 예금잔액증명서를 작성하여 피고에게 회신함으로써 피고의 외부감사에 의한 적발도 모면하였다. ",
            "원고 OOO에는 아래 라.항 기재와 같은 주식양도계약 후 2004. 9.경 소외 00, 00 이 원고 OOO의 주식을 인수한 000에서 파견되어 새로 위 회사의 대표이사 및 부사장으로 각 선임되었고, 소외 00, 00은 2004. 9. 9. 원고 OOO의 재무조사 과정에서 통장 실물 확인 작업을 하였는데, 소외 00는 같은 달 000 계좌 통장을 가지고 회사 밖으로 나갔다.",
            "그리고 그 사이 소외 5 , 6 이 000에 현대증권 계좌의 실제 잔고를 문의하여 확인한 결과 회사 장부와 예금잔고증명서에 금 473억 원이 남아 있는 것으로 기재되어 있는 것과는 달리 실제 잔액은 약 금 4000만 원에 불과하다는 사실을 알게 되어 조사 결과 소외 2의 횡령행위는 모두 발각되었다.",
            "소외 00는 위 2) 내지 4)항 기재 범죄사실로 2005. 1. 31. 수원지방법원에서 징역 8년의 유죄판결을 선고받았고, 서울고등법원에서 항소기각, 대법원에서 상고기각 판결을 선고받고 위 1심 판결이 그대로 확정되었다.",
            "원고 OOO은 1999년 사업연도(제13기, 1999. 1. 1. ~ 1999. 12. 31.)부터 2004년 사업연도(제18기, 2004. 1. 1. ~ 2004. 12. 31.)의 재무제표에 관하여 피고와 사이에 위부감사계약이 체결되었다.",
            "또한 외감법 제2조에 의한 재무제표에 대한 회계감사 업무, 증권거래법 제186조의 3에 의한 분기보고서 및 반기보고서의 제출을 위한 분기재무제표 및 반기재무제표에 대한 검토 업무에 관하여 외부감사계약(이하 이 사건 외부감사계약이라 한다)을 체결하였고, 그 계약에는 아래와 같은 내용이 포함되어 있었다.",
            "이 사건 외부감사계약에 의하여 피고가 행하는 감사는 외감법 제2조 의 규정에 의한 재무제표에 대한 감사를 목적으로 한다.",
            "이 경우 증권거래법 제186조의 3 의 규정에 의한 분기재무제표 및 반기재무제표 등의 검토를 포함한다.(제1조 제1항)",
            "이 사건 외부감사계약에 기한 피고의 감사는 원고 OOO의 재무제표가 한국의 기업회계기준에 따라 표시되고 있는가의 여부에 대하여 의견을 표명하는 데 있으며, 회계처리상 모든 부정이나 허위의 적발에 있는 것은 아니다."
        ]
    },
    "dcss": {
        "courtDcss": [
            "외감법은 주식회사로부터 독립된 외부의 감사인이 그 주식회사에 대한 회계감사를 실시하여 회계처리의 적정을 기하게 함으로써 이해관계인의 보호와 기업의 건전한 발전에 기여함을 목적으로 직전 사업연도말의 자산총액이 일정 기준액 이상인 주식회사에 대하여 의무적으로 재무제표를 작성하여 외부감사를 받도록 하고 있다.(제1, 2조)",
            "한편 회사는 신뢰할 수 있는 회계정보의 작성 및 공시를 위해 내부회계관리제도를 갖추어야하고 감사인은 위 제도의 운영실태를 검토하여 감사보고서에 의견을 표명하여야 하며(제2조의 2, 3), 감사인은 일반적으로 공정·타당하다고 인정되는 회계감사기준에 따라 감사를 실시하여야 한다.",
            "피고가 행하는 외부감사도 외감법 제2조 에 의한 재무제표에 대한 회계감사를 목적으로 하고, 외감법 제5조 의 규정에 의한 회계감사기준 및 준칙을 감사의 기준으로 적용하도록 하고 있다.",
            "피고는 감사인으로서 원고 OOO의 각 재무제표에 대한 외부감사를 실시함에 있어서 외감법과 감사인이 감사를 실시함에 있어 준수하여야 할 사항을 정하기 위하여 금융감독위원회가 증권선물위원회의 심의를 거쳐 제정한 회계감사기준(1999. 12. 24. 개정된 것, 이하 같다) 및 회계감사기준 제34조에 의하여 한국공인회계사회가회계감사기준의 시행에 필요한 사항을 정한 준칙에 따라 감사하여야 할 의무가 있다.",
            "준칙은 2003. 7. 14. 개정되었는데, 개정 후의 준칙은 원고의 2003년, 2004년 회계연도의 각 재무제표에 대한 외부감사에, 개정 전의 준칙은 1999년 내지 2002년 회계연도의 각 재무제표에 대한 외부감사에 적용된다. 이하 적용시기나 개정 여부와 관련하여 구별이 필요할시2003. 7. 14. 개정된 준칙은 신 준칙, 개정 전의 것은 구 준칙이라 한다.",
            "피고는 원고 OOO과의 사이에 이 사건 외부감사계약을 체결하고 원고 000이 작성한 재무제표의 적정성을 검토하는 사무의 처리를 수임한 자로서 선량한 관리자의 주의를 다하여 수임업무를 처리할 의무가 있다고 할 것이다.",
            "위에서 본 이 사건 외부감사계약의 목적과 기준에 비추어 볼 때 피고가 원고 OOO과의 사이의 이 사건 외부감사계약에 따라 부담하는 주의의무는 외감법의 규정에 따른 감사인으로서의 임무와 같다고 봄이 상당하다.",
            "다만, 외부감사는 감사대상 재무제표가 감사대상 회사의 재무상태와 경영 성과 및 기타 재무정보를 기업회계기준에 따라 적정하게 표시하고 있는지에 대한 의견을 표명하기 위하여 필요한 증거자료를 수집하고 평가하는 일련의 절차로 구성된다는 점과 외감법이 규정한 감사인의 독립성 및 전문성을 감안할 때, 외부감사과정에서 회계감사기준 및 준칙에 정한 모든 절차를 반드시 실시하여야 한다고 볼 수는 없다.",
            "감사인은 외부감사 절차에서 필요한 감사증거를 수집하고 평가하는 감사 방법을 적용함에 있어서 상당한 재량권을 가진다고 할 것이므로, 회계감사기준 및 준칙은 감사인이 그 임무 또는 주의의무를 다하였는지 판단하는 일응의 기준이 될 뿐이라고 보아야 할 것이다.",
            "감사대상 회사 관계자 등이 고의로 부정을 은폐하려고 한 경우 현실적으로 자금부정 등에 대해 심도있는 조사권한이 없는 회계 법인으로서는 주어진 자료와 당사자의 진술을 토대로 감사할 수밖에 없어 당사자의 부정을 발견하기가 불가능한 한계가 있다고 할 것이다.",
            "피고가 원고 OOO에 대한 외부감사를 수행함에 있어 내부통제제도의 평가에 관하여 감사절차 위반 또는 주의의무 해태가 있다는 원고의 주장은 이유 없고, 또한 피고가 2003년 내지 2004년 회계연도의 중간감사를 실시하지 않았다는 사정만으로 피고가 원고의 주장과 같이 내부통제제도 및 통제위험의 평가절차를 소홀히 한 것으로 볼 수는 없다.",
            "피고로서는 보관자인 원고 000 측이 보관하고 있으며 조작이 용이한 통장 원본 내지는 사본을 제출받는 방법 대신, 신뢰도가 높은 금융기관인 000 과천지점으로부터 예금 잔액 조회와 같은 절차를 통하여 000 계좌에 들어있는 잔액의 실재성을 입증할 수 있는 것이다.",
            "이로써 현금 및 현금등가물의 실재성에 관한 충분하고 적합한 감사증거가 확보되었다고 볼 수 있어 피고의 이러한 행위에 감사절차 위반 내지 주의의무 해태가 있다고 할 수 없다.",
            "피고는 조회서 작성 및 조회처에 대한 조회서 발송, 회수의 절차를 피고의 지배 범위 내에 두어 필요한 통제를 다하였다고 할 것이므로, 1999년 내지 2002년 회계연도의 회계감사에 있어 피고에게 감사절차 위반 및 주의의무 해태가 있다고 할 수 없다.",
            "비록 그 문서가 객관적인 사실과 다르게 표시된 허위의 주소로 발송되는 경우에는, 우편물이 반송되거나 우편집배원에 의하여 수취할 공공기관 또는 금융기관의 명칭에 알맞은 주소에 송달되는 것이 보통이다.",
            "피고로서는 위 컨트롤 쉬트상 금융기관의 주소가 허위로 기재되어 있거나, 그 허위 주소로 조회서를 발송할 시 소외 00가 그 장소에 대기하였다가 조회서를 수령하는 것은 극히 이례적인 일로서 소외 00가 위 장소에 대기하여 조회서를 수령하리라는 점까지 예상하여 모든 금융기관의 주소가 정확하게 기재되었는지를 일일이 확인할 것을 기대하기는 어렵다.",
            "피고가 직접 조회 확인절차를 실시하지 아니한 과실이 있다는 원고들의 위 주장은 이유 없다.",
            "가사 피고에게 외부감사인으로서의 임무 또는 수임인으로서의 선량한 관리자의 주의의무를 게을리한 과실이 인정된다고 하더라도, 나아가 피고의 위와 같은 과실 또는 감사보고서의 허위 기재와 원고들의 손해 발생 사이에 상당인과관계가 있어야 피고에게 손해배상책임이 있다고 할 것이다.",
            "피고의 주의의무 해태 또는 감사보고서의 허위 기재와 원고들의 손해 사이에 아래와 같은 이유로 상당인과관계가 있다고 할 수 없어 원고들의 주장은 이 점에서도 이유 없다.",
            "피고가 원고 OOO의 2000년 내지 2004년 회계연도 각 재무제표에 대한 외감법에 정한 외부감사를 실시함에 있어서, 가사 피고에게 임무해태 또는 주의의무위반의 과실이 있다고 하더라도 그러한 과실이 그 후 발생한 원고 OOO의 위 손해와 사이에 상당인과관계가 있다고 보기는 어렵다.",
            "원고 OOO을 제외한 나머지 원고들은 이 사건 감사보고서를 검토하고 이를 신뢰하여 이 사건 주식양도계약을 체결하기로 결정한 것이라기보다는 위와 같은 자금조달 비용 하락, 은행 보유 영업자산 한용, 위문 인력 수혈 및 원고 OOO을 제외한 나머지 원고들의 투자금 회수, 000 그룹의 대외 신인도 제고 등의 목적으로 계약한 것으로 보인다.",
            "원고 OOO의 자산가취가 얼마인지 여부에 관계없이 외환위기의 여파, 구조조정 정책 등 외부의 사정으로 인해 그들이 보유한 원고 OOO 발행 주식을 매도하려는 의사가 있었다.",
            "설령 원고 OOO의 자산가취가 원고 OOO을 제외한 나머지 원고들의 주식양도계약 체결 여부의 의사결정에 기여하였다고 하더라도 위 원고들은 피고가 이 사건 외부감사계약에 기해 원고 OOO에 대한 외부감사의 결과로 작성한 이 사건 감사보고서가 아닌 별도의 용역계약에 기한 실사보고서를 신뢰하여 이 사건 주식양도계약을 체결하였다고 볼 것이다.",
            "달리 원고 OOO을 제외한 나머지 원고들이 피고가 허위 계상된 자산을 발견하지 못하고 작성한 이 사건 감사보고서를 신뢰하여 이 사건 주식양도계약을 체결하였거나, 이 사건 주식양도계약 중 진술 및 보장 약정을 체결하였다는 점을 인정할 만한 증거가 없다.",
            "외감법 제17조 제2항 본문은 감사인이 중요한 사항에 관하여 감사보고서에 기재하지 아니하거나 허위의 기재를 함으로써 이를 믿고 이용한 제3자에게 손해를 발생하게 한 경우에는 그 감사인은 제3자에 대하여 손해를 배상할 책임이 있다고 규정하고 있다.",
            "외감법상 외부감사인이 제3자에 대하여 손해배상책임을 지는 경우라 하더라도 그 손해의 범위는 민법의 일반법리가 통상의 손해의 한도로 제한한다.",
            "특별한 사정으로 인한 손해는 채무자가 그 사정을 알았거나 알 수 있었을 때에 한하여 배상의 책임을 인정하는 것과 달리 볼 이유가 없다.",
            "원고 OOO을 제외한 나머지 원고들이 위 무상 소각, 유상 증자로 인하여 입었다는 신주 인수 대금 중 원고 000을 제외한 나머지 원고들이 구하는 금 21,605,129,865원 상당액의 손해는 스스로의 판단에 기인한 것일 뿐 피고의 이 사건 감사보고서의 허위 기재에 기인하였다고 보기 어렵다.",
            "그 손해는 특별 손해로서 피고가 이 사건 외부감사 당시 그러한 사정을 알았거나 알 수 있었다는 점에 대한 아무런 주장, 입증이 없는 이상 위 원고들의 위 손해는 피고가 배상해야 할 손해에 해당하지 아니한다.",
            "원고들의 주장은 피고에게 주의의무 위반의 과실이 이재하지 아니하는 점 외에도 피고의 주의의무 해태 또는 감사보고서 허위 기재와 원고들의 손해 사이에 상당인과관계가 없는 점에 비추어 이유 없다."
        ]
    },
    "close": {
        "cnclsns": [
            "원고들의 청구를 모두 기각한다.",
            "소송비용은 원고들이 부담한다."
        ]
    }
}