{
    "info": {
        "caseField": "1",
        "detailField": "1",
        "trailField": "2",
        "caseNm": "손해배상(자)",
        "courtNm": "서울고법",
        "judmnAdjuDe": "2006. 03. 16.",
        "caseNo": "2005나23133",
        "relateLaword": [
            "민법 제396조",
            "민법 제750조",
            "민법 제763조"
        ],
        "qotatPrcdnt": []
    },
    "concerned": {
        "acusr": "1",
        "dedat": "2"
    },
    "org": {
        "orgJdgmnCourtNm": "서울중앙지법 ",
        "orgJdgmnAdjuDe": "2005. 1. 27.",
        "orgJdgmnCaseNo": "2003가단392800"
    },
    "disposal": {
        "disposalform": "1",
        "disposalcontent": [
            "당심에서 확장된 원고의 청구를 포함하여 제1심판결의 주문 제1, 2항을 다음과 같이 변경한다.\n",
            "피고는 원고에게 85,968,113원과 이에 대하여 2002. 5. 6.부터 2006. 3. 16.까지는 연 5%, 그 다음날부터 다 갚는 날까지는 연 20%의 각 비율로 계산한 돈을 지급하고, 원고의 나머지 청구(당심에서 확장된 청구 포함)를 기각한다.",
            "소송비용은 제1, 2심 모두 이를 2분하여 그 1은 원고의, 나머지는 피고의 각 부담으로 한다.\n",
            "위 제1항의 가. 부분 중 제1심에서 가집행이 선고되지 아니한 부분은 가집행할 수 있다."
        ]
    },
    "mentionedItems": {
        "rqestObjet": [
            "피고는 원고에게 177,583,415원 및 이에 대하여 2002. 5. 6.부터 2005. 1. 27.까지는 연 5%, 그 다음날부터 다 갚는 날까지는 연 20%의 각 비율로 계산한 돈을 지급한다.",
            "제1심판결 중 원고 패소 부분을 취소하고 피고는 원고에게 52,773,878원 및 이에 대하여 2002. 5. 6.부터 2005. 1. 27.까지는 연 5%, 그 다음날부터 다 갚는 날까지는 연 20%의 각 비율로 계산한 돈을 지급한다.",
            "제1심판결 중 피고에 대하여 원고에게 50,000,000원 및 이에 대하여 2002. 5. 6.부터 당심 판결 선고일까지는 연 5%, 그 다음날부터 다 갚는 날까지는 연 20%의 각 비율로 계산한 돈을 초과하여 지급할 것을 명한 피고 패소 부분을 취소하고, 위 취소 부분에 해당하는 원고의 청구를 기각한다."
        ]
    },
    "assrs": {
        "acusrAssrs": [
            "제1심판결 중 원고 패소 부분을 취소한다.",
            "피고는 원고에게 52,773,878원 및 이에 대하여 2002. 5. 6.부터 2005. 1. 27.까지는 연 5%, 그 다음날부터 다 갚는 날까지는 연 20%의 각 비율로 계산한 돈을 지급해라."
        ],
        "dedatAssrs": [
            "제1심판결 중 피고에 대하여 원고에게 50,000,000원 및 이에 대하여 2002. 5. 6.부터 당심 판결 선고일까지는 연 5%, 그 다음날부터 다 갚는 날까지는 연 20%의 각 비율로 계산한 돈을 초과하여 지급할 것을 명한 피고 패소 부분을 취소하고, 위 취소 부분에 해당하는 원고의 청구를 기각한다."
        ]
    },
    "facts": {
        "bsisFacts": [
            "소외인은 2002. 5. 6. 07:25경 0000소재 카바레 건물 2층 계단에서, 성명불상자로부터 칼로 팬티를 찢고 말을 안들으면 찔러 죽여버리겠다는 위협을 받아 강간을 당하기 진전의 상황에 처해있는 원고를 발견하고 위 성명불상자를 건물 밖으로 쫒아내었다.",
            "울면서 \"살려달라\"고 하는 원고를 경찰서까지 데려가 주겠다고 말하며 원고를 그 곳에 세워둔 소외인 소유의 피고 피보험차량인 0000(차량등록번호생략) 호 0 승합차량 조수석에 태우게 되었다.",
            "갑자기 욕정을 일으킨 나머지 원고를 유혹하여 성교할 마음을 먹고, 위 차량을 운전하여 은평경찰서 방향이 아닌 구파발 방향으로 진행하고, 이를 알아챈 원고로부터 차에서 내리게 해 달라는 부탁을 받고도 위 차량을 정차하지 아니한 채 그대로 약 15분간 진행하였다.",
            "이에 겁을 먹은 원고로 하여금 0000 소재 구파발검문소 앞에서 주행 중인 위 차량의 문을 열고 뛰어 내리게 함으로써 원고에게 두개골골절상 등의 상해를 입게 하였다."
        ]
    },
    "dcss": {
        "courtDcss": [
            "이 사건 사고는 전적으로 소외인이 원고를 납치, 성폭행할 목적으로 차량 내에 감금함으로써 초래된 것으로 이 사건 사고와 관련한 원고의 과실은 없다고 할 것이다.",
            "원고가 이 사건 사고 당시 도시지역인 0000에 거주하고 있었으므로 20세가 되는 2002. 6. 6.부터 60세가 되기 전날인 2042. 6. 5.까지 원고가 계산하는 바에 따라 사고 당시 도시 보통인부의 일용 노임에 월 가동일수 22일을 곱한 금액 상당인 월 1,115,026원을 인정한다.",
            "정신과 감정에 따른 후유장해 및 노동능력상실률을 인정하는 이상 위 신경외과 감정결과는 위 정신과 감정결과에 포함된다고 할 것이어서 별도로 인정하지 아니한다.",
            "원고는 2년간의 정신요법 및 투약비 등으로 6,910,000원의 향후치료비를 구하므로 보건대, 위 기간 중에 실제로 이루어진 치료에 대하여는 그 비용을 앞서 본 기와치료비에 포함하였으므로 위 부분 향후치료비는 따로 인정하지 아니한다.",
            "원고의 위 증상에 대하여 성상신경절차단술 및 스테로이드 분무제 치료가 가능하나 원고의 위 증상은 이미 3년 이상 경과한 상태여서 위 각 치료법으로 인한 치료의 가능성이 회의적인 사실을 인정할 수 있고, 한편 그 치료가 어렵다는 전제하에 앞서 본 바와 같은 영구적인 노동능력상실을 인정하는 바이므로 위 향후치료비도 인정하지 아니한다.",
            "원고의 연령, 사고발생의 경위, 상해와 후유장해의 부위 및 정도, 치료기간, 과실의 정도, 가해자로부터 이 사건 사고와 관련하여 형사합의금으로 5,000,000원을 받은 점 등 이 사건 변로에 나타난 제반 사정을 참작하여 14,000,000원을 인정한다."
        ]
    },
    "close": {
        "cnclsns": [
            "당심에서 확장된 원고의 청구를 포함하여 제1심판결의 주문 제1, 2항을 다음과 같이 변경한다.",
            "피고는 원고에게 85,968,113원과 이에 대하여 2002.5.6부터 2006.3.16까지는 연 5%, 그 다음날부터 다 갚는 날까지는 연 20%의 각 비율로 계산한 돈을 지급하라.",
            "원고의 나머지 청구(당심에서 확장된 청구 포함)를 기각한다.",
            "소송비용은 제1, 2심 모두 이를 2분하여 그 1원고의, 나머지는 피고의 각 부담으로 한다.",
            "위 제1항의 가.부분 중 제1심에서 가집행이 선고되지 아니한 부분은 가집행할 수 있다."
        ]
    }
}