{
    "info": {
        "caseField": "1",
        "detailField": "1",
        "trailField": "2",
        "caseNm": "손해배상(기)",
        "courtNm": "서울고등법원",
        "judmnAdjuDe": "2007. 04. 11.",
        "caseNo": "2005나21403",
        "relateLaword": [
            "민사소송법 제420조",
            "민법 제764조"
        ],
        "qotatPrcdnt": []
    },
    "concerned": {
        "acusr": "1",
        "dedat": "법인 외 4인"
    },
    "org": {
        "orgJdgmnCourtNm": "서울중앙지방법원",
        "orgJdgmnAdjuDe": "2005. 1. 7",
        "orgJdgmnCaseNo": "2003가합42560"
    },
    "disposal": {
        "disposalform": "1",
        "disposalcontent": [
            "제1심 판결 중 정정보도에 관하여 다음에서 인용하는 부분에 해당하는 원고 패소부분을 취소한다. ",
            "피고 000는 이 판결 확정일로부터 14일 이내에 000 신문의 제2면 중 광고란을 제외한 기사 게재 부분에 정정보도문이라는 제목을 20급 고딕체 활자로 게재한 다음 그 아래에 별지3 정정보도문 기재와 같은 정정보도문을 12급 명조체 활자로 1회 게재한다",
            "피고 000가 위 가.항 기재 의무를 이행하지 아니할 때에는 피고 000는 원고에게 위 기간 만료일 다음날부터 이행완료일까지 매일 2,000,000원의 비율에 의한 금원을 지급한다",
            "원고의 나머지 항소와 피고들의 항소를 모두 기각한다.",
            "피고 2, 3, 4, 5의 항소로 인한 비용은 위 피고들이 부담하고, 원고와 피고 000 사이의 소송총비용은 이를 5분하여 그 3은 원고가, 나머지는 피고 000가 각 부담한다."
        ]
    },
    "mentionedItems": {
        "rqestObjet": [
            "피고들은 각자 원고에게 200,000,000원 및 이에 대하여 이 사건 소장부본 송달일 다음날부터 다 갚는 날까지 연 20%의 비율에 의한 금원을 지급한다\n",
            "피고 000(이하 피고 신문사라 한다)는 이 판결 송달 후 최초로 발행되는 편집이 완료되지 아니한 000 신문의 광고란을 제외한 제1면 기사 게재 부분에 정정보도문이라는 제목을 20급 고딕체 활자로 게재한 다음 그 아래에 별지2 정정보도문(원고청구)을 12급 명조체 활자로 1회 게재한다",
            "만약 피고 신문사가 위 나.항 기재 기간 안에 위 나.항 기재 사항을 이행하지 아니할 경우 피고 신문사는 원고에게 위 기간 만료일 다음날부터 이행완료일까지 매일 3,000,000원의 비율에 의한 금원을 지급한다",
            "제1심 판결 중 원고 패소부분을 취소한다. ",
            "피고들은 각자 원고에게 175,000,000원 및 이에 대하여 이 사건 소장부본 송달일 다음날부터 다 갚는 날까지 연 20%의 비율에 의한 금원을 지급하라는 판결 및 위 청구취지 나., 다.항 기재와 같은 판결을 원한다.",
            "제1심 판결 중 피고들 패소부분을 취소하고, 위 취소부분에 해당하는 원고의 청구를 기각한다."
        ]
    },
    "assrs": {
        "acusrAssrs": [
            "원고는 피고 신문사에게 명예훼손에 따른 손해배상과 아울러 명예회복을 위한 적당한 처분으로서 별지2 정정보도문(원고청구) 기재와 같은 정정보도를 청구한다."
        ],
        "dedatAssrs": [
            "피고는 금전으로나마 이를 위자할 의무가 있다 한다."
        ]
    },
    "facts": {
        "bsisFacts": [
            "원고가 이 사건 기사로 인하여 명예를 훼손당하였다."
        ]
    },
    "dcss": {
        "courtDcss": [
            "이 사건 변론에 나타난 여러 사정을 참작하여 보면, 피고들에게 금전 배상을 명하는 것만으로는 훼손된 원고의 명예를 회복하는 데 부족하다 할 것이므로, 원고는 민법 제764조에 따라 명예회복을 위한 적당한 처분으로서 피고 신문사에게 정정보도문의 게재를 구할 권리가 있다.",
            "나아가 정정보도문의 크기, 게재방법 및 내용에 관하여 보건대, 이 사건 기사가 구체적으로 게재된 방식과 그 비중, 표현방법 및 내용 기타 이 사건 변론에 나타난 여러 사정을 종합하여 보면, 피고 신문사는 이 판결 확정일로부터 14일 이내에 000 신문의 제2면 중 광고란을 제외한 기사 게재 부분에 ‘정정보도문’이라는 제목을 20급 고딕체 활자로 게재한다.",
            "그 다음 그 아래에 별지3 정정보도문 기재와 같은 정정보도문을 12급 명조체 활자로 1회 게재함이 상당하다고 인정된다(원고의 이 부분 청구 중 위에서 인용한 내용을 넘어서는 부분은 받아들이지 아니한다).",
            "한편, 이 사건 변론에 나타난 여러 사정을 고려하여 보면, 피고 신문사가 이 판결이 확정된 이후에도 단기간 내에 위 정정보도문을 게재하지 아니할 개연성이 있고, 원고의 사회적 지위에 비추어 조속한 명예회복의 필요성도 인정되므로, 피고 신문사가 위 정정보도문의 게재의무를 이행하지 아니할 때에는 피고 신문사는 원고에게 위 기간 만료일 다음날부터 이행완료일까지 매일 2,000,000원의 비율에 의한 금원을 지급하게 함이 상당하다.",
            "피고들은 각자 원고에게 손해배상금으로 25,000,000원 및 이에 대하여 이 사건 기사가 보도된 불법행위일 이후로서 원고가 구하는 이 사건 소장부본 송달일 다음날인 2003. 6. 28.부터 피고들이 그 이행의무의 존부 및 범위에 관하여 항쟁함이 상당하다고 인정되는 제1심 판결 선고일인 2005. 1. 7.까지는 민법 소정의 연 5%,",
            "그 다음날부터 다 갚는 날까지는 소송촉진 등에 관한 특례법 소정의 연 20%의 각 비율에 의한 지연손해금을 지급할 의무가 있다.",
            "피고 신문사는 원고의 명예회복을 위하여 위와 같이 정정보도를 하고, 이를 이행하지 아니하는 경우 원고에게 위와 같이 간접강제금을 지급할 의무가 있다."
        ]
    },
    "close": {
        "cnclsns": [
            "제1심 판결 중 정정보도에 관하여 다음에서 인용하는 부분에 해당하는 원고 패소부분을 취소한다.",
            "피고 000는 이 판결 확정일로부터 14일 이내에 000 신문의 제2면 중 광고란을 제외한 기사 게재 부분에 정정보도문이라는 제목을 20급 고딕체 활자로 게재한 다음 그 아래에 별지3 정정보도문 기재와 같은 정정보도문을 12급 명조체 활자로 1회 게재하라.",
            "만약 피고 000가 위 가.항 기재 의무를 이행하지 아니할 때에는 피고 000 사는 원고에게 위 기간 만료일 다음날부터 이행완료일까지 매일 2,000,000원의 비율에 의한 금원을 지급하라.",
            "원고의 나머지 항소와 피고들의 항소를 모두 기각한다.",
            "피고 00, 00,4,5 의 항소로 인한 비용은 위 피고들이 부담하고, 원고와 피고 000 사이의 소송총비용은 이를 5분하여 그 3은 원고가, 나머지는 피고 000가 각 부담한다."
        ]
    }
}