{
    "info": {
        "caseField": "1",
        "detailField": "1",
        "trailField": "2",
        "caseNm": "건물명도등",
        "courtNm": "서울고등법원",
        "judmnAdjuDe": "2005. 12. 22.",
        "caseNo": "2005나31356",
        "relateLaword": [],
        "qotatPrcdnt": [
            "대법원 2005. 5. 26. 선고 2005다4048, 4055 판결 "
        ]
    },
    "concerned": {
        "acusr": "1",
        "dedat": "2"
    },
    "org": {
        "orgJdgmnCourtNm": "수원지방법원 성남지원",
        "orgJdgmnAdjuDe": "2005. 1. 14.",
        "orgJdgmnCaseNo": "2003가합2099"
    },
    "disposal": {
        "disposalform": "10",
        "disposalcontent": [
            "제1심 판결 중 다음에서 지급을 명하는 금원에 해당하는 원고 패소부분을 취소한다.",
            "피고는 원고에게 금 65,000,000원 및 이에 대하여 2005. 1. 15.부터 2005. 12. 22.까지는 연 5%, 그 다음날부터 완제일까지는 연 20%의 각 비율에 의한 금원을 지급한다.",
            "원고의 나머지 항소를 기각한다.",
            "소송비용은 제1, 2심 모두 이를 5분하여 그 1은 원고의, 나머지는 피고의 각 부담으로 한다."
        ]
    },
    "mentionedItems": {
        "rqestObjet": [
            "제1심 판결을 취소한다.",
            "피고는 원고에게 금 7,800만 원 및 이에 대하여 제1심 판결 선고 다음날부터 완제일까지 연 20%의 비율에 의한 금원을 지급한다."
        ]
    },
    "assrs": {
        "acusrAssrs": [
            "원고는, 피고회사와 000가 2002. 12. 9. 이 사건 계약을 무효화하기로 합의함에 따라 이 사건 계약은 합의해제되었고 이 사건 계약체결 후 이 사건 공장에 대한 임차권은 000에서 원고에게 다시 양도되었는바, 피고회사는 이 사건 공장을 점유할 아무런 권원 없이 피고회사 소유의 가방부품제조 기계설비를 보유하기 위해 이 사건 공장을 점유, 사용함으로써 차임 상당의 부당이득을 취득하였다 할 것이다.",
            "피고회사는 원고가 2002. 7. 19. 소외 00에게 연체차임으로 지급한 1,300만 원 및 같은 날부터 2003. 5. 18.까지 10개월간의 연체차임으로 소외 00로부터 공제된 이 사건 공장에 대한 임대차보증금 6,500만 원 합계 7,800만 원 상당의 부당이득을 취득하였으므로, 피고회사는 위 금원 상당액을 원고에게 반환할 의무가 있다고 주장한다."
        ],
        "dedatAssrs": [
            "원고가 소외 00에게 지급한 것이어서 피고회사가 법률상 원인 없이 부당이득하였다고 볼 수 없다, "
        ]
    },
    "facts": {
        "bsisFacts": [
            "피고회사는 2002. 5. 22. 당시 설립중의 회사(2002. 5. 24. 설립등기)로서 소외 00로부터 0000(지번 생략) 외 7필지 지상에 있는 가방 부품 제조 공장 및 창고(이하 이 사건 공장이라 한다)를 임대차보증금 6,500만 원, 월 차임 650만 원, 임대차기간 2002. 11. 22.까지로 정하여 임차하였다.",
            "000는 2002. 7. 18. 피고회사에게 위 임대차보증금 6,500만 원 중 3,500만 원은 당좌수표로 지급하고, 나머지3,000만 원 중 1,700만 원은 피고회사로부터 000가 지급받아야 할 부가가치세 1,700만 원의 채권과 서로 상계하고 1,300만 원은 피고회사가 소외 00에게 지급하여야 할 2개월 간의 연체차임 1,300만 원을 인수하는 것으로 대체하도록 해 달라고 부탁하여 피고회사로부터 승낙을 받았다.",
            "000의 대표이사 소외 00의 형으로서 000를 실질적으로 경영하고 있던 소외 00는 2002. 7. 19. 원고에게 이 사건 계약상의 목적물인 임차권과 기계설비를 대금 3억 1,000만 원에 양도하되, 대금 중 2억 원은 계약당일, 1억 1,000만 원은같은 해 9. 11. 각 지급받기로 약정하고(다만 계약명의는 소외 00로 하였다), 한편으로 이 사건 공장을 다시 원고로부터 전차하고 기계설비를 임차하기로 약정하였다.",
            "원고는 2002. 7. 19. 소외 00에게 000를 대신하여 연체 차임 1,300만 원을 지급하였고, 원고와 소외 00은 같은 날, 2002. 7. 1.자로 소급해서 임대차보증금 6,500만 원, 월차임 650만원, 임대차기간 2002. 12. 31.까지로 정하여 이 사건 공장에 관한 새로운 임대차계약을 체결하였으며, 000는 같은날 피고회사에게 액면금 3,500만 원의 당좌수표를 교부하였다.",
            "고로부터 임차권 및 기계설비 양도대금 중 일부로 지급받을 1억 원을 원고로 하여금 피고회사 구좌에 입금하도록 하면서, 피고회사에게 그 중 5,000만 원은 다른 채무를 우선 변제할 수 있도록 000로 다시 송금해 달라고 부탁하여 피고회사로부터 승낙을 받은 후, 피고회사에게 액면금 5,000만 원의 당좌수표(발행인 소외 00,지급기일 같은 해 8. 8.)를 교부하였다.",
            "후 피고회사가 계속하여 이 사건 공장을 점유하여 운영하던 중, 원고는 소외 00와 사이에 위 다.항 기재 약정에 따라 2002. 9. 19. 전대차보증금 3,000만 원, 월차임 550만 원, 전대차기간 2003. 3. 18.까지로 정하여 이 사건공장을 전대하는 내용으로 계약서를 작성하였다(역시 임차인 명의는 소외 00로 하였다.",
            "피고회사는 2003. 2.경까지 이 사건 공장을 점유하기로 하고 이 사건 공장에 대한 연체차임 및 피고회사가 이사갈 때까지의 차임을 모두 000가 부담하는 것으로 약정하였다.",
            "이후 소외 00은 원고 및 피고회사 대표이사인 소외 00을 상대로 이 사건 공장의 명도청구소송을 제기하여 그 소장이 소외 00에게2003. 5. 19. 도달하였고, 피고회사는 2003. 7.경 이 사건 공장을 소외 00에게 명도하였으며, 소외 00은 2002. 7. 19.부터2003. 5. 18.까지 원고가 그 지급을 연체한 이 사건 공장에 대한 10개월간의 차임 합계 금 6,500만 원을 임대차보증금에서 공제하였다."
        ]
    },
    "dcss": {
        "courtDcss": [
            "원고가 2002. 7. 19. 소외 00에게 연체차임으로 지급한 1,300만 원에 관하여 살피건대, 위 금원은 이 사건 계약의 양도대금 명목으로 000가 피고회사에게 지급하는 것에 가름하여 원고와 피고회사 및 000 사이의 합의에 따라 원고가 소외 00에게 지급한 것이어서 피고회사가 법률상 원인 없이 부당이득하였다고 볼 수 없으므로, 이 부분에 관한 원고의 주장은 이유 없다.",
            "소외 00에 의하여 공제된 임대차보증금 상당 6,500만 원에 관하여 살피건대, 앞서 인정한 사실에 의하면, 원고는 소외 00로부터 이 사건 공장에 관한 임차권을 양수하였다.",
            "그 후 소외 00에게 다시 전대하였음에도 불구하고 소외 00이나 소외 00의 승낙하에 점유하고 있는 피고회사로부터 월차임을 전혀 지급받지 못한 상태에서 소유자 소외 00에 의하여 임대차보증금 6,500만 원 전액을 2002. 7. 19.부터 2003. 5. 18.까지 10개월간의 연체차임으로 공제됨으로써 동액 상당의 손해를 입었다 할 것이다.",
            "피고회사는 이 사건 계약 이후 2003. 7.경까지 이 사건 공장을 점유하여 운영함으로써 그 차임 상당의 이익을 얻었다 할 것인바, 비록 피고회사가 2003. 2.경까지는 전차인인 소외 00의 승낙하에 이 사건 공장을 점유하였다 하더라도 전대인인 원고로부터 그 점유에 관하여 동의를 받았다고 볼 만한 아무런 증거가 없다.",
            "위 기간은 물론 그 후 소외 00로부터 명도청구를 받은 2003. 5. 19.까지의 기간에 대하여도 피고회사는 원고에 대하여 아무런 점유권원 없이 점유하였다고 볼 것이다.",
            "따라서 원고의 위 손해는 피고회사의 이득에 기인하였다고 할 것이므로, 피고회사는 2003. 5. 19.까지 이 사건 공장을 점유함으로 인한 금 6,500만 원 상당의 부당이득을 원고에게 반환할 의무가 있다고 할 것이다. ",
            "(다만, 피고회사가 소유자인 소외 00로부터 명도청구를 받은 2003. 5. 19. 이후에는 원고에 대한 관계에서 피고회사는 더 이상 차임 상당 부당이득을 반환할 의무가 있다고 할 수 없다, 대법원 2005. 5. 26. 선고 2005다4048,4055 판결 참조)",
            "결국 이 부분에 관한 원고의 주장은 이유 있다."
        ]
    },
    "close": {
        "cnclsns": [
            "제1심 판결 중 다음에서 지급을 명하는 금원에 해당하는 원고 패소부분을 취소한다. 피고는 원고에게 금 65,000,000원 및 이에 대하여 2005.1.15부터 2005.12.22까지는 연 5%, 그 다음날부터 완제일까지는 연 20%의 각 비율에 의한 금원을 지급하라.",
            "원고의 나머지 항소를 기각한다.",
            "소송비용은 제1, 2심 모두 이를 5분하여 그 1은 원고의, 나머지는 피고의 각 부담으로 한다.",
            "제1항 중 금원지급 부분은 가집행할 수 있다."
        ]
    }
}