{
    "info": {
        "caseField": "1",
        "detailField": "1",
        "trailField": "2",
        "caseNm": "건물등철거",
        "courtNm": "서울고등법원",
        "judmnAdjuDe": "2006. 02. 07.",
        "caseNo": "2005나46945",
        "relateLaword": [
            "민법 제197조",
            "사립학교법 제28조"
        ],
        "qotatPrcdnt": []
    },
    "concerned": {
        "acusr": "3",
        "dedat": "1"
    },
    "org": {
        "orgJdgmnCourtNm": "서울서부지방법원",
        "orgJdgmnAdjuDe": "2005. 4. 13. ",
        "orgJdgmnCaseNo": "2003가합9285 "
    },
    "disposal": {
        "disposalform": "10",
        "disposalcontent": [
            "1. 제1심 판결을 취소한다.",
            "2. 원고의 피고들에 대한 청구를 모두 기각한다.",
            "3. 소송비용은 제1, 2심 모두 원고의 부담으로 한다."
        ]
    },
    "mentionedItems": {
        "rqestObjet": [
            "피고 1은 0000(지번 생략) 대 866㎡ 중, (1) 별지도면 표시 1, 2,3, 4, 5, 6, 1의 각 점을 순차로 연결한 선내 1.부분 지상 시멘트블럭조 와가지붕 주택 218.9㎡, (2) 같은 도면 표시 6, 5, 8, 9,7, 6의 각 점을 순차로 연결한 선내 2.부분 지상 목조 함석지붕 창고 19.1㎡를 각 철거하고, 위 대지를인도한다.",
            "같은 도면 표시 10, 11, 12, 3, 2, 10의 각 점을순차로 연결한 선내 3.부분 지상 시멘트벽돌 슬래브지붕 현관 8.9㎡와 시멘트벽돌 함석지붕 창고 10㎡를 각 철거하고, 위 대지를인도하며,  피고 2는 위 기재 각 건물에서 퇴거한다."
        ]
    },
    "assrs": {
        "acusrAssrs": [
            "원고는, 피고 1이 000을 상대로 하여 이 사건 대지에 관하여 소유권이전등기의 소를 제기하였으나 패소하였으므로, 그 당시부터는 소유의 의사가 없었다고 주장한다.",
            "원고는 피고들이 위 소송 이후 이 사건 대지가 피고들의 소유가 아님을 자인한 바 있으므로 소유의 의사가 번복된다는 취지로 주장한다."
        ],
        "dedatAssrs": [
            "피고들은, 000이 피고들에게 이 사건 대지를 매도하였음에도 불구하고 피고들이 망 소외 2의 가족이라는 이유로,1986. 11. 14. 제5공화국 정권의 강압에 의하여 적법한 절차도 거치지 아니한 채 부당하게 원고에게 이 사건 대지를 증여한 것이므로, 위 증여를 원인으로 한 원고 명의의 소유권이전등기는 무효라고 주장한다.",
            "다음으로 피고들의 시효취득을 주장한다."
        ]
    },
    "facts": {
        "bsisFacts": [
            "감정인 소외 1의 측량감정결과, 변론 전체의 취지를 종합하면, 원래 000(이하 'OOO'이라고 한다)의 소유 명의로 되어 있던 0000(지번 생략) 대 866㎡(이하 '이 사건 대지'라고 한다)에 관하여 1986. 11. 14. 증여를 원인으로 한 원고 명의의 소유권이전등기가 경료되었다.",
            "현재 피고 1은 이사건 대지 위에 허가 없이 건축된 별지도면 표시 1, 2, 3, 4, 5, 6, 1의 각 점을 순차로 연결한 선내 ①부분 지상 시멘트블럭조와가지붕 주택 218.9㎡를, 같은 도면 표시 6, 5, 8, 9, 7, 6의 각 점을 순차로 연결한 선내 ②부분 지상 목조 함석지붕 창고19.1㎡를, 같은 도면 표시 10, 11, 12, 3, 2, 10의 각 점을 순차로 연결한 선내",
            "③부분 지상 시멘트벽돌 슬래브지붕 현관8.9㎡와 시멘트벽돌 함석지붕 창고 10㎡(이하 위 각 건물을 합하여 '이 사건 건물'이라고 한다)를 소유하고 있다.",
            "어머니인 피고 2와 함께 이 사건 건물에서 거주하면서 이 사건 대지를 점유하고 있는 사실을 인정할 수 있는 바, 위 인정사실에 의하면,특별한 사정이 없는 한 원고에게, 피고 1은 이 사건 건물을 철거하고 이 사건 대지를 인도하며, 피고 2는 이 사건 건물에서 퇴거할 의무가 있다"
        ]
    },
    "dcss": {
        "courtDcss": [
            "원고 명의의 소유권이전등기는 무효라고 주장하나, 이를 인정한 만한 증거가 없으므로, 피고들의 위 주장은 이유 없다",
            "피고 1은 이 사건 대지를 사실상 취득한 것으로 보이는 1970. 11. 9.부터 지금까지 30년 이상 점유하여 왔고, 점유자는소유의 의사로 평온 및 공연하게 점유한 것으로 추정되므로( 민법 제197조 제1항), 특별한 사정이 없는 한 위 피고가 이 사건대지를 시효취득하였다고 볼 것이다.",
            "점유자가 본권에 관한 소에서 패소하였다고 하더라도 그 점유가 소제기시부터 악의로 인정될 뿐이고( 민법 제197조 제2항 : 점유 취득시효의 완성에 선의는 그 요건이 아니다) 그것만으로 자주점유의 추정이 번복되는 것은 아니므로 원고의 위 주장은 이유없다.",
            "피고 1이 줄곧 이 사건 대지를 소유의 의사로 점유하여 왔다고 인정되며, 피고 2가 대부나 매수신청, 각서의 제출을 한 것은 진정한 의사에 기한 것이 아니거나 또는 단지 위 피고가 이 사건 건물에서 계속 거주하기 위하여원고 측 직원의 요구에 따라, 이 사건 대지를 사실상 취득하여 점유하여 오면서 그 당시 이미 성년이 된 아들인 피고 1의 의사에반하여 한 것으로 보인다.",
            "그러한 사정만으로는 피고 1의 점유가 소유의 의사에 의한 것이 아니게 되어 타주점유로 전환되는 것은 아니라고 할 것이다(단 위에서 인정한 바와 같이 1990. 11. 9. 피고 1이 20년의 점유기간 경과로 시효취득을 하였다고 보는 경우에는 그후에 이루어진 피고 2의 위 대부신청 등 행위가 시효이익의 포기에 해당되는지 여부가 문제된다고 할것이다.",
            "그러나 위 피고가 시효완성을 알고 위와 같은 행위 등을 하였다고 볼 수 없을 뿐만 아니라 앞에서 적시한 바와 같은 이유로 시효이익의 포기로서의 효력을 인정할 수도 없다.",
            "결국 피고들의 점유에 의한 시효취득 항변은 이유 있고, 원고의 타주점유에 관한 재항변은 받아들일 수 없다.",
            "1980년 소외 2의 사망으로 소외 2 및 피고 2 소유의 재산이 몰수되는 상태에 처하자, 1982년 경 피고 2의 주도로 피고 1이 000을 상대로 하여 서울민사지방법원 82가합6471호로 이 사건 대지에 관하여 1970. 11. 9. 매매를 원인으로 한 소유권이전등기청구의 소를 제기하였다.",
            "그러나, 위 법원이 1983. 4. 7.위 매매사실은 인정하되 이에 관하여 사립학교법 제28조 제1항에 따른 감독청의 허가를 받았음을 인정할 증거가 없다는 이유로 피고 1의 청구를 기각하는 판결을 선고하였다.",
            "그 항소심인 서울고등법원은 1984. 6. 29. 피고 1과 000 사이에 이사건 대지에 관한 실질적인 매매관계가 있었던 것으로 보기 어려울 뿐만 아니라, 제1심과 마찬가지로 감독청의 허가가 없었다는 이유로 피고 1의 항소를 기각하는 판결을 선고하였으며, 그 무렵 상고기각으로 위 판결이 확정된 사실을 인정할 수 있다.",
            "그러나 점유자가 본권에 관한 소에서 패소하였다고 하더라도 그 점유가 소제기시부터 악의로 인정될 뿐이고( 민법 제197조 제2항 : 점유 취득시효의 완성에 선의는 그 요건이 아니다) 그것만으로 자주점유의 추정이 번복되는 것은 아니므로 원고의 위 주장은 이유 없다.",
            "피고 1은 1993. 6. 경 이 사건 대지 및 건물은 피고 1의 소유이고 피고 2가 1993. 4.경 기제출한 분납 각서를 취소한다는 내용의 변상금 납부독촉에 대한 반박서면을 중부교육청장에게 보낸 사실을 인정할 수 있고, 피고들이 이 사건 대지의 점유에 따른 변상금을 일체 납부한 적이 없음은 당사자 사이에 다툼이 없다.(원고는 현재까지 변상금체납액이 8억 원에 이른다고 주장한다)",
            "비록 피고 2가 이 사건 대지에 관하여 대부신청이나 매수신청을 한 바 있다고 하더라도 구체적으로 대부나 매매가 이루어졌거나 대부료나 매수대금이 정하여졌다고 인정할 증거가 없고, 갑 제6호증의 2(각서)에 표시된 피고 1의 기명,날인 부분은 그 진정성립을 인정할 증거도 없다(위 피고의 이름 옆에 찍힌 인영은 피고 2의 도장에 의한것이고 필적 역시 위 피고에 의한 것인지 알 수 없다)",
            "피고 1이 줄곧 이 사건 대지를 소유의 의사로 점유하여 왔다고 인정되며, 피고 2가 대부나 매수신청, 각서의 제출을 한 것은 진정한 의사에 기한 것이 아니거나 또는 단지 위 피고가 이 사건 건물에서 계속 거주하기 위하여 원고 측 직원의 요구에 따라, 이 사건 대지를 사실상 취득하여 점유하여 오면서 그 당시 이미 성년이 된 아들인 피고 1의 의사에반하여 한 것으로 보일 뿐이다.",
            "그러므로, 그러한 사정만으로는 피고 1의 점유가 소유의 의사에 의한 것이 아니게 되어 타주점유로 전환되는 것은 아니라고 할 것이다.",
            "결국 피고들의 점유에 의한 시효취득 항변은 이유 있고, 원고의 타주점유에 관한 재항변은 받아들일 수 없다. "
        ]
    },
    "close": {
        "cnclsns": [
            "제1심의 판결을 취소한다.",
            "원고의 피고들에 대한 청구를 모두 기각한다.",
            "소송비용은 제1, 2심 모두 원고의 부담으로 한다."
        ]
    }
}