{
    "info": {
        "caseField": "1",
        "detailField": "1",
        "trailField": "2",
        "caseNm": "소유권말소등기",
        "courtNm": "서울고등법원",
        "judmnAdjuDe": "2006. 03. 31.",
        "caseNo": "2005나26613",
        "relateLaword": [
            "민법 제1118조",
            "민법 제1008조"
        ],
        "qotatPrcdnt": [
            "대법원 1995. 3. 10. 선고 94다16571 판결 "
        ]
    },
    "concerned": {
        "acusr": "1",
        "dedat": "1"
    },
    "org": {
        "orgJdgmnCourtNm": "서울중앙지방법원",
        "orgJdgmnAdjuDe": "2005. 2. 16. ",
        "orgJdgmnCaseNo": "2001가단52344 "
    },
    "disposal": {
        "disposalform": "10",
        "disposalcontent": [
            "제1심 판결 중 피고 1 패소부분을 취소하고, 그 취소부분에 해당하는 원고의 청구를 기각한다.",
            "원고의 피고들에 대한 항소를 모두 기각한다.",
            "원고와 피고 1 사이의 소송총비용과 원고의  피고 2에 대한 항소비용은 모두 원고의 부담으로 한다."
        ]
    },
    "mentionedItems": {
        "rqestObjet": [
            "피고 2는 원고에게, 별지 부동산 목록의 순번 1, 2 부동산(이하, 별지 부동산 목록 기재 부동산을 이 사건 부동산이라고 하고, 개별적으로 언급할 때는 별지 부동산 목록의 각 순번에 따라 이 사건 제1부동산이라는 형식으로 표시한다.)에 관하여 1986. 10. 29. 전주지방법원 군산지원 접수 제27127호로 마친 소유권이전등기의 말소등기절차를 이행한다.",
            "피고 1은, 원고에게, 이 사건 제1, 2부동산에 관하여 같은 법원 1987. 3. 10. 접수 제6974호로 마친 소유권이전등기의, 이 사건 제3, 4부동산에 관하여 같은 법원 1991. 7. 26. 접수 제2692호로 마친 소유권이전등기의, 이 사건 제5부동산에 관하여 같은 법원 1992. 10. 14. 접수 제33156호로 마친 소유권이전등기의, 이 사건 제6, 7부동산에 관하여 같은 법원 1995. 6. 24. 접수 제24629호로 마친 소유권이전등기의, 이 사건 제8 내지 11부동산에 관하여 같은 법원 1995. 7. 12. 접수 제27535호로 마친 소유권이전등기의 각 말소등기절차를 이행하고, 이 사건 제12부동산의 1/3지분에 관하여 부당이득반환을 원인으로 한 소유권이전등기절차를 이행한다.",
            "소외 2에게, 이 사건 제13부동산에 관하여 서울지방법원 1982. 10. 18. 접수 제42223호로 마친 소유권이전등기의 말소등기절차를 이행한다.",
            "피고 1은 원고에게, 이 사건 제1 내지 5, 7 내지 11, 13부동산 중 각114,693,717/710,596,700 지분에 관하여 이 사건 소장 부본 송달일 유류분 반환청구를 원인으로 한 소유권이전등기절차를 이행하고, 20,575,560원 및 이에 대하여 이 사건 소장 부본 송달일부터 2003. 5. 31.까지는 연 5%, 그 다음날부터 다 갚는 날까지는연 20%의 각 비율로 계산한 돈을 지급한다."
        ]
    },
    "assrs": {
        "acusrAssrs": [
            "주위적 주장: 원고는 소외 1의 재산상속인 중 일인으로서 공유물의 보존을 위하여 피고들에 대하여 위 각 소유권이전등기의 말소를 구한다.",
            "주위적 주장: 원고는 매도인인 소외 2에 대한 소유권이전등기청구권을 준공유하는 자의 지위에서 위 청구권을 보전하기 위하여 소외2를 대위하여 피고 1에게 그 명의로 마쳐진 위 소유권이전등기의 말소등기절차의 이행을 구한다.",
            "예비적 주장: 이 사건 제1 내지 11, 13부동산에 관한 피고 1 명의의 소유권이전등기가 유효하다 하더라도, 소외 1이 생전에 피고 1에게 위 각부동산을 증여함으로써 원고의 유류분이 부족하게 되었으므로, 피고 1은 원고에게 이 사건 제1 내지 5, 7 내지 11, 13부동산에 관하여는 유류분 부족액에 상응하는 지분에 대한 소유권이전등기절차를 이행한다.",
            "예비적 주장: 그리고, 원물 반환이 불가능하게 된 이 사건 제6부동산에 관하여는 유류분 부족액에 상응하는 금원을 반환할 의무가 있다고 주장한다.",
            "예비적 주장: 원고는, 피고 1이 1991. 7.경과 1994. 1.경 소외 1이 치매로 인한 심신상실의 상태에 있음을 기화로 소외 1의 유언서를 위조, 은닉함으로써 민법 제1004조 제5항에 의하여 상속결격자가 되었으므로 원고의 법정상속분은 3분의 1, 유류분 비율은 6분의 1이 되어야 한다고 주장한다."
        ],
        "dedatAssrs": [
            "주위적 주장: 피고 1은 원고에게 위 부동산의 3분의 1 지분에 관하여 부당이득반환을 원인으로 한 소유권이전등기절차를 이행하여야 한다.",
            "예비적 주장: 피고 1은, 원고가 늦어도 이 사건 소를 제기한 2001. 3.경에는 이 사건 제1, 2, 13부동산과 관련하여 반환하여야 할 증여가 있었다는 사실을 알았다 할 것인데, 그로부터 1년 이상이 지난 2004. 10. 27.에야 비로소 위 각 부동산에 관한 유류분반환을 구하는 예비적 청구취지확장 및 원인보정서를 제출, 진술하였으므로, 원고의 위 부동산에 관한 유류분반환청구권은 시효로 소멸되었다고 항변한다",
            "예비적 주장: 피고 1은, 원고가 소외 1로부터 1976년경 쌀 80가마, 1987. 1.경 700만 원, 1989년경 900만 원을 각 증여받았고, 소외 1이 1991년경 위 산월리 (지번 6 생략) 답 5,501㎡을 매도한 후 원고에게 증여한 매도대금은 8,900만 원이 아니라 1억 6,000만 원이므로, 위와 같은 증여 내역도 유류분 산정의 기초되는 재산에 포함되어야 한다고 주장한다.",
            "예비적 주장: 피고 1은, 소외 1은 소외 3이 소외 13과 사이에 낳은 소외 10, 12를 자신과 소외 3 사이의 친자로 입적하였으므로 소외 10, 12도 소외 1의 양자로서 공동상속인이 되었고, 그에 따라 원고의 법정상속분은 6분의 1, 유류분 비율은 12분의 1이 되어야 한다고 주장한다."
        ]
    },
    "facts": {
        "bsisFacts": [
            "원고의 모 소외 1은 소외 3(1976. 2. 11. 사망하였다)과 사이에 소외 4, 원고, 피고 1, 소외 5의 4남매를 두고 2000. 3.6. 사망하였고, 피고 2는 소외 5의 남편이다.",
            "이 사건 제1 내지 11부동산에 관하여는, 소외 1 명의의 소유권보존등기 또는 소유권이전등기에 이어 주위적 청구취지 기재와같이 ① 이 사건 제1, 2부동산에 관하여 각 1986. 10. 28.자 매매를 원인으로 한 피고 2 명의의 소유권이전등기와 1987. 3.6.자 매매를 원인으로 한 피고 1 명의의 소유권이전등기가 순차로 각 경료되었다.",
            "② 이 사건 제3, 4부동산에 관하여 1991.7. 25.자 증여를 원인으로, ③ 이 사건 제5부동산에 관하여 1992. 10. 7.자 증여를 원인으로, ④ 이 사건 제6, 7부동산에 관하여 1995. 6. 24.자 증여를 원인으로, ⑤ 이 사건 제8 내지 11부동산에 관하여 1995. 6. 17.자 증여를 원인으로 각 피고 1명의의 소유권이전등기가 경료되었다.",
            "ㅇㅇ마을회는 2003년경 전주지방법원 군산지원에 피고 1을 상대로, ㅇㅇ마을회가 1979. 3. 1. 소외 1로부터 이 사건 제10부동산 중 마을회관 부지인 72㎡를 매수하였고, 피고 1은 위 매매를 인정하며 이 사건 제10부동산을 증여받았다고 주장한다.",
            "위 매수 부분에 관한 소유권이전등기를 구하는 소를 제기하여 2003. 11. 5. 승소 판결을 받았고, 피고 1이 항소하였으나2004. 11. 11. 항소 기각되어 위 판결은 그 무렵 확정되었다.",
            "이 사건 제12부동산에 관하여는 소외 6 명의의 소유권이전등기에 이어 1988. 3. 18.자 매매를 원인으로 피고 1 명의의 소유권이전등기가 경료되고, 그 후 위 부동산은 2000. 8. 11. 농업기반등정비사업에 의하여 같은 리 (지번 3 생략) 답 3867.8㎡로 환지되었다.",
            "이 사건 제13부동산에 관하여는 소외 2 명의의 소유권이전등기에 이어 1982. 10. 18.자 매매를 원인으로피고 1 명의의 소유권이전등기가 경료되었다."
        ]
    },
    "dcss": {
        "courtDcss": [
            "주위적 판단: 피고 1이 소외 1의 심신상실 상태 등을 기화로 이 사건 제1 내지 11부동산에 관하여 소유권이전등기에 필요한 서류를 위조하여 피고 2 및 본인 명의의 각 소유권이전등기를 경료하였는지에 관하여 살펴보겠다.",
            "주위적 판단: 갑 제6호증의 1 내지 4, 갑 제11호증, 갑 제15호증의 1, 2, 갑 제16호증의 1 내지 5, 갑 제17호증의 1 내지 3, 갑 제18호증의 1 내지 6, 갑 제19호증, 갑 제28호증의 2, 3, 5, 갑 제35호증의 각 기재, 제1심 증인 소외 7, 8의 각 증언만으로는 위 주장사실을 인정하기에 부족하다.",
            "주위적 판단: 달리 이를 인정할 증거가 없으며, 다만 갑 제15호증의 1, 2, 갑 제16호증의 1 내지 5, 갑 제17호증의 1 내지 3, 갑 제18호증의 1 내지 6, 갑 제19호증의 각 기재에 의하면, 소외 1이 1989년경 이후 뇌경색, 심근경색 등으로 진료를 받아 왔고 1990. 10. 24.경에는 집주소와 전화번호도 모를 정도로 의식이 떨어진 상태를 보인 바 있고, 이후에도 신경학적 치료를 계속 받은 사실이 있기는 하다.",
            "주위적 판단: 그러나 피고 1 명의의 위 소유권이전등기가 이루어진 기간의 대부분에는 일시 병세가 악화되면 입원을 하였다가 다시 증상이 호전되어 통원 치료를 받아왔으며, 그 의식상태에 특별한 문제는 없었던 사실을 인정할 수 있을 뿐이므로, 원고의 위 주장은 이유 없다.",
            "주위적 판단: 피고 1이 1987. 4.경 소외 1 몰래 소외 1 소유 부동산을 매도한 후 그 대금으로 이 사건 제12부동산을 매수하여 피고 1 명의로 소유권이전등기를 경료하였다는 주장에 관하여, 앞에서 든 증거들이나 갑 제4호증의 23, 24, 갑 제13호증의 1의 각 기재, 제1심 증인 소외 7의 증언만으로는 이를 인정하기에 부족하고, 달리 위 주장사실을 인정할만한 증거가 없으므로, 위 주장도 받아들이지 아니한다.",
            "주위적 판단: 원고가 소외 1과 함께 이 사건 제13부동산을 공동매수한 후 그 소유명의만을 피고 1에게 신탁한 것인지 여부에 관하여 보건대, 갑 제6호증의 1 내지 4, 갑 제13호증의 10, 11, 갑 제28호증의 2, 3, 5의 각 기재, 제1심 증인 소외 7의 증언만으로는 이를 인정하기에 부족하다.",
            "주위적 판단: 달리 위 주장사실을 인정할만한 증거가 없으며, 오히려 갑 제13호증의 10, 11, 을 제13호증의 각 기재에 의하면, 원고가 1982. 10. 13.경 자신 명의로 되어 있던 서울 관악구 봉천동 (지번 5 생략) 대 42평 및 그 지상주택을 매도한 후 그 매매대금 중 280여만 원을 소외 1에게 교부하였다.",
            "소외 1은 1982. 10. 18.경 피고 1의 명의로 이 사건 제13부동산을 매수한 후 그 무렵 원고에게 위 금원제공에 대한 대가로 430여만 원을 반환한 사실을 인정할 수 있을 뿐이므로, 원고의 위 주장도 받아들이지 아니한다.",
            "예비적 판단: 유류분은 피상속인의 상속 개시시의 재산 가액에 증여재산의 가액을 더하고 상속채무액을 공제한 금액을 기초로 산정하되, 공동상속인 중의 1인이 피상속인으로부터 증여를 받은 경우에는 민법 제1008조의 취지에 비추어 민법 제1114조의 적용이 배제된다.",
            "예비적 판단: 그 증여는 상속 개시 전의 1년간에 행해진 것인지 여부에 관계없이 모두 유류분 산정을 위한 기초재산에 산입되는바( 대법원 1995. 6. 30. 선고 93다11715 판결 참조), 원고와 피고 1에게 증여된 위 각 증여 재산과 소외 1이 사망당시 보유하고 있었던 이 사건 제14부동산이 이 사건 유류분 산정의 기초가 되는 재산에 산입된다 할 것이다.",
            "예비적 판단: 피고 1은, 원고가 늦어도 이 사건 소를 제기한 2001. 3.경에는 이 사건 제1, 2, 13부동산과 관련하여 반환하여야 할 증여가 있었다는 사실을 알았다 할 것인데, 그로부터 1년 이상이 지난 2004. 10. 27.에야 비로소 위 각 부동산에 관한 유류분반환을 구하는 예비적 청구취지확장 및 원인보정서를 제출, 진술하였으므로, 원고의 위 부동산에 관한 유류분반환청구권은 시효로 소멸되었다고 항변한다.",
            "예비적 판단: 민법 제1117조는 유류분반환청구권은 유류분권리자가 상속의 개시와 반환하여야 할 증여 또는 유증을 한 사실을 안 때로부터 1년 내에 행사하지 아니하면 시효에 의하여 소멸한다고 규정하고 있다.",
            "여기서 “반환하여야 할 증여 등을 한 사실을 안 때”라 함은 증여 등의 사실 및 이것이 반환하여야 할 것임을 안 때라고 해석하여야 할 것이므로, 원고가 증여 등이 무효라고 믿고 소송상 항쟁하고 있는 경우에는 증여 등의 사실을 안 것만으로 곧바로 반환하여야 할 증여가 있었다는 것까지 알고 있다고 단정할 수는 없다.",
            "예비적 판단: 원고가 피고 1의 주장과 같이 이 사건 소 제기 당시부터 이 사건 제1, 2, 13부동산에 대한 소외 1의 증여 사실을 알았다고 단정할 수는 없고( 대법원 1994. 4. 12. 선고 93다52563 판결 참조), 달리 원고가 위 부동산에 관한 증여사실을 알고도 1년이 경과한 후 위 예비적 청구취지 확장 및 원인보정서를 제출하였음을 인정할 증거가 없으므로, 위 소멸시효 항변은 이유 없다.",
            "예비적 판단: 피고 1은, 원고가 소외 1로부터 1976년경 쌀 80가마, 1987. 1.경 700만 원, 1989년경 900만 원을 각 증여받았고, 소외 1이 1991년경 위 산월리 (지번 6 생략) 답 5,501㎡을 매도한 후 원고에게 증여한 매도대금은 8,900만 원이 아니라 1억 6,000만 원이다.",
            "그러므로, 위와 같은 증여 내역도 유류분 산정의 기초되는 재산에 포함되어야 한다고 주장하나, 을 제13, 14호증의 각 기재만으로는 위 주장사실을 인정하기에 부족하고, 달리 이를 인정할 증거가 없으므로 위 주장은 이유 없다.",
            "예비적 판단: 공동상속인 중 피상속인의 재산의 유지 또는 증가에 관하여 특별히 기여하거나 피상속인을 특별히 부양한 자가 있는 경우라도 그 기여분의 산정은 공동상속인들의 협의 또는 기여자의 신청에 의하여 가정법원이 심판으로 이를 정하도록 되어 있고, 이와 같은 방법으로 기여분이 결정되기 전에는 유류분반환청구소송에서 피고가 된 기여상속인은 상속재산 중 자신의 기여분을 공제할 것을 항변으로 주장할 수 없는 것이다.",
            "(대법원 1994. 10. 14. 선고 94다8334 판결 참조.)",
            "예비적 판단: 나아가 을 제13, 14호증의 각 기재만으로는 피고 1이 어머니인 소외 1을 위하여 자신의 계산으로 위 각 금원을 지출하고 소외 1에 대하여 그 반환채권을 가지게 되었다고 인정하기에 부족하고 달리 이를 인정할 증거도 없으므로, 피고 1의 위 주장도 받아들이지 아니한다."
        ]
    },
    "close": {
        "cnclsns": [
            "제1심 판결 중 피고 1 패소부분을 취소하고, 그 취소부분에 해당하는 원고의 청구를 기각한다.",
            "원고의 피고들에 대한 항소를 모두 기각한다.",
            "원고와 피고1 사이의 소송총비용과 원고의 피고 2에 대한 항소비용은 모두 원고의 부담으로 한다."
        ]
    }
}