{
    "info": {
        "caseField": "1",
        "detailField": "1",
        "trailField": "2",
        "caseNm": "청구이의",
        "courtNm": "서울고등법원",
        "judmnAdjuDe": "2006. 10. 11.",
        "caseNo": "2005나106724",
        "relateLaword": [
            "민사집행법 제58조"
        ],
        "qotatPrcdnt": [
            "대법원 2001. 11. 13. 선고 99다32899판결 "
        ]
    },
    "concerned": {
        "acusr": "2",
        "dedat": "2"
    },
    "org": {
        "orgJdgmnCourtNm": "서울중앙지방법원",
        "orgJdgmnAdjuDe": "2005. 11. 3",
        "orgJdgmnCaseNo": "2004가합19390"
    },
    "disposal": {
        "disposalform": "1",
        "disposalcontent": [
            "제1심 판결 중 아래에서 강제집행을 불허하는 부분에 해당하는 원고 패소부분을 취소한다.\n",
            "피고의 원고에 대한 서울지방법원 2001. 12. 1. 결정 2001차22294호 지급명령에 기한 강제집행은 1,199,283,759원 및 그 중 1,090,260,008원에 대하여 2001. 12. 18.부터 2006. 10. 11.까지는 연 5%의, 그 다음날부터 다 갚는 날까지는 연 20%의 비율에 의한 금원을 초과하는 부분에 한하여 이를 불허한다.",
            "피고의 원고에 대한 서울지방법원 2002. 9. 24. 결정 2002차23345호 지급명령에 기한 강제집행은 429,375,842원 및 그 중 390,342,460원에 대하여 2002. 10. 29.부터 2006. 10. 11.까지는 연 5%의, 그 다음날부터 다 갚는 날까지는 연 20%의 비율에 의한 금원을 초과하는 부분에 한하여 이를 불허한다.",
            "원고의 나머지 항소를 기각한다",
            "소송총비용은 이를 10분하여 그 6은 원고의, 나머지는 피고의 각 부담으로 한다."
        ]
    },
    "mentionedItems": {
        "rqestObjet": [
            "제1심 판결을 취소한다. ",
            "피고의 원고에 대한 서울지방법원 2001. 12. 1. 결정 2001차22294호, 같은 법원 2002. 9. 24. 결정 2002차23345호 각 지급명령에 기한 강제집행은 이를 불허한다."
        ]
    },
    "assrs": {
        "acusrAssrs": [
            "분양이 완료되어 소유권이전등기까지 경료된 임대위임 점포 및 스낵층 미입점 점포에 대한 관리비는 원고가 아닌그 점포의 소유자(수분양자)가 그 관리비를 납부할 의무가 있다.",
            "원고가 관리비를 납부할 의무가 있는 미분양 점포 및 잔금미납 점포의 경우에도 그에 대한 관리비를 이미 입점이 되어 있는 점포와 같은 수준으로 부과하는 것은 부당하다.",
            "입점이 된 점포의 50%의 정도로 부과하거나 아니면 최소한 전기료, 수도세, 가스비 등은 부과해서는 안 될 것임에도 피고가 이를 과다하게청구하여 위 각 지급명령을 받은 것으로서, 위 각 지급명령은 채무명의로서의 효력이 없어 그에 따른 강제집행은 불허되어야 한다.",
            "원고가 위 각 지급명령에 대하여 이의신청을 하지 못한 것은 당시 원고의 조합장인 소외 00가 피고의 대표이사를겸하고 있어 피고의 이익을 위하여 고의로 이의신청기간을 도과시켰기 때문이므로 위 각 지급명령에 의한 강제집행은 권리남용내지 신의칙에 반하는 강제집행으로서 불허되어야 한다고 주장한다.",
            "미분양 점포 및 잔금미납 점포의 경우 공실로 있는 점포이므로, 그에 대한 관리비를 이미 입점이 되어 있는 점포와 같은 수준으로 부과하는 것은 부당하고 입점이 된 점포의 50%의 정도로 부과하거나 아니면 최소한 전기료, 수도세, 가스비 등은 부과해서는 안 될 것이므로 피고가 부과한 관리비를 적당히 감액하여야 한다고 주장한다."
        ],
        "dedatAssrs": [
            "피고는 이에 대하여, 이 사건 각 지급명령으로 구하고 있는 관리비는 모두 정당하게 부과된 것이라고 주장한다.",
            "원고는 원고와 소외 000 및 수분양자 대표자로 구성된 3자협의체 회의에서 향후 스낵상가 문제를 자신이 전적인 책임을 지고 해결하기로 약정하였고, 이에 따라 2000. 7. 21. 스낵층 미입점 점포에 대하여도 관리비를 부담하기로 결의하고 실제로 위 점포에 대한 2000. 6.까지의 관리비를 피고에게 지급하였다.",
            "현재까지 7,8층 스낵상가 문제가 해결되지 않고 있으므로 원고는 3자협의체 회의에서 약정한 내용에 따라 관 리비를 지급할 의무가 있다.",
            "이 사건 분양계약서 제16조는 원고가 수분양자들에게 입점기간을 정하여 통보를 하고, 수분양자의 신청을 받아 입점증을 발급하는 것을 전제로 하여 그 기간이 경과하면 입점여부와 상관없이 수분양자들이 관리비지급의무를 부담한다고 규정한 것이다.",
            "분양자인 원고가 수분양자들에게 영업이 가능하도록 점포를 배정하지 아니하고 입점통보 또는 입점증의 발급을 하지 아니하거나 적극적으로 수분양자들의 입점을 거절하는 등 원고의 귀책사유로 인하여 수분양자들의 입점이 이루어지지 않고 있는 이사건과 같은 경우에는 분양계약서상 수분양자들이 점포에 관하여 소유권을 취득한 이후라 하더라도 원고의 귀책사유가 소멸될때까지 원고가 그 관리비를 지급할 의무를 부담한다.",
            "원고가 이 사건 분양계약서 제16조에 따른 수분양자에 대한 입점절차를 이행하지 못한 이상 분양자인 원고가 위 점포를 여전히 점유하고 있다 할 것이고, 또한 원고는 위 점포들에 대하여 리모델링 공사를 추진하겠다고 약정한 바 있으므로, 원고는 관리비를 지급할 의무가 있다."
        ]
    },
    "facts": {
        "bsisFacts": [
            "원고는 1995. 2.경 0000(지번 생략) 외 12필지의 지주들을 조합원으로 하여 위 토지들 지상에 지하 6층, 지상 15층의 상가건물(이하, '00000'라고 한다)을 신축하여 분양할 목적으로 설립된 조합이고, 피고는 1999. 12. 11. 00000의유지, 관리 및 상가활성화 관련 업무의 수행 등을 위하여 설립된 후 현재까지 00000의 관리업무를 수행하고 있는 법인이다.",
            "원고는 1996. 9.경부터 00000의 시공자를 소외 000로 정하여 신축공사를 진행하였으나, 분양이 순조롭게 진행되지 아니하여 원고가 공사비를 소외 000에 제때에 지급하지 못하자 1998. 1.경 공사가 중단되었다.",
            "이러한 사태를 해결하기 위하여 1998. 11.경 원고와 소외 000, 수분양자들의 각 대표들로 3자협의체가 구성되어 3자 합의에 따라 공사가 재개되었으며, 그 후 공사 등 사업시행에 관한 모든 사항은 3자협의체의 협의를 거쳐 진행되었다.",
            "3자협의체는 1999. 8. 27. 수분양자들에 대한 영업지원서비스의 제공과 00000의 관리를 위하여 관리법인을 설립하기로 협의하고, 피고의 설립절차를 진행하여 소외 00, 00을 대표이사로 선임하여 설립등기를 마쳤다.",
            "피고는 설립 직후 분양계약서에서 정한 바에 따라 '관리규약' 및 '관리비 산정 및 납부기준' 을 제정하였다.",
            "수분양자들은 분양계약을 체결할 때 분양계약서 제12조 관리계약체결규정에 따라 피고에게 '위 관리규약에 동의하고 성실히 준수할 것을 확약한다'는 취지의 서면을 작성, 제출하였다(위 조항에 따라 피고와 각 수분양자 사이에는 관리규약의 내용에 따른관리계약이 체결되었다).",
            "원고는 1999. 12. 20. 수분양자들이 납입한 개발비의 임시관리자로 피고를 선정하고, 1999. 12. 21. 피고에게 개발비 임시관리자로 선임되었음을 통보하고 개발비관리업무를 위임하였으며, 같은 날 피고를 분양계약서 제12조 제1항 소정의 상가운영관리자로 지정하고 00000의 운영관리업무를 위임하면서, 원고 또한 피고의 위 관리규약을 따르기로 약정하였다.",
            "원고는 1998. 1. 00000의 공사가 중단될 때까지 7,8층 스낵상가 점포의 분양을 계속하여 등기분양과 임대분양을 모두 합쳐 0000, 0000를 분양하였다.",
            "그 분양면적의 배정과 해석을 둘러싸고 수분양자들과 원고 사이에 이견이 발생하여 정상적인 입주, 영업이 이루어지지 않는 상황이었는바, 이후 00000의 공사가 중단된 후 개최된 위 3자협의체 회의에서는 상호간의 이해관계를 조정하고 합의를 통하여 공사를 계속 진행하도록 하면서 향후 위 스낵상가 문제는 원고가 전적인 책임을 지고 해결하기로 합의하였다.",
            "원고는 2000. 7. 21. 임시총회에서 미분양점포 이외에 ① 스낵층(지상 7,8층) 중 분양이 완료되어 수분양자들에게 소유권이전등기까지 경료되었으나, 아직 입점하지 아니한 점포(이하, '스낵층 미입점 점포'라 한다)에 대한 관리비를 수분양자가 납부하도록 한다는 내용의 결의를 하였다.",
            "② 소유권이전등기를 경료받은 수분양자가 원고에게 점포의 임대를 위임하였으나 아직 세입자를 구하지 못한 점포(이하, '임대위임 점포'라 한다)에 대한 관리비를 수분양자가 납부하도록 한다는 내용의 결의를 하였다.",
            "③ 분양계약은체결되었으나, 잔금 미납으로 입점이 불허된 점포(이하, '잔금미납 점포'라 한다) 등 현재 공실로 되어 있는 점포점포(이하 ①, ②, ③ 점포를 합쳐서 ‘특이점포’라고 한다)에 대한 관리비도 준공(사용)검사 이전까지는 원고가 납부하되, 준공검사 이후부터는 위 특이점포에 대한 관리비를 수분양자가 납부하도록 한다는 내용의 결의를 하였다.",
            "원고는 2000. 6.까지는 미분양 점포뿐만 아니라 특이점포에 대한 관리비도 모두 납부하였으나, 그 이후부터 2000. 11.분까지는 미분양 점포에 대한 일부 관리비만을 납부하였다.",
            "원고는 00000에 대한 준공검사일인 2000. 12. 30.이 경과하자 그 다음달에 부과된 2000. 12.분부터는 미분양 점포에대한 관리비도 납부하지 아니하면서 2001. 2. 5. 원고의 이사회를 열어 미분양점포에 대한 관리비는 전기료만 납부하고, 특이점포 중 잔금미납 점포는 관리법인인 피고가 조합 및 계약자의 사전 동의를 구하여 입점자를 선정하여 관리비를 부과하도록 한다.",
            "스낵층 미입점 점포는 잔금납부 및 입점 전까지는 원고가 전기료만 납부하기로 하는 내용의 결의를 하고, 2002. 8.분까지일체의 관리비를 납부하지 아니하였다.",
            "위 미분양 점포와 특이점포의 경우에는 입점이 된 점포와는 달리 일반관리비와 공용부분에 대한 전기, 수도, 가스비 등의 사용료만을 부과하였다(따라서, 피고가 아직 입점이 되지 아니한 미분양 점포에 대하여도 전용부분에 대한 전기, 수도, 가스비까지 부과하였다는 원고의 주장은 받아들이지 아니 한다).",
            "피고는 원고를 상대로 이 사건 제1차 관리비에 대하여 서울지방법원 2001차 22294호 용역비 지급명령 신청을 하여 2001. 12.1. 위 법원으로부터 원고는 피고에게 1,564,308,747원 및 위 금원 중 1,422,101,814원에 대하여 이 사건 지급명령 정본 송달 다음날부터 다 갚는 날까지 연 25%의 비율에 의한 금원을 지급하라 는 내용의 지급명령을 받았다.",
            "그 후 다시 피고는 이 사건 제2차 관리비에 대하여 위 법원 2002차23345호 용역비 지급명령 신청을 하여 2002. 9. 24. 위 법원으로부터 원고는 피고에게 786,585,929원 및 위 금원 중 715,079,780원에 대하여 이 사건 지급명령 정본 송달 다음날부터 다 갚는 날까지 연 25%의 비율에 의한 금원을 지급하라 는 내용의 지급명령을 받았다.",
            "위 지급명령 정본이 2002. 10. 28. 원고에게 송달되었으나 원고가 이의신청기간 내에 이의신청을 하지 아니하여 위 결정은 그 무렵 확정되었다.",
            "원고는 이후 피고의 대표이사와 원고의 조합장을 겸하고 있던 소외 00를 조합장에서 해임하고 새로운 조합장을 선임하였다."
        ]
    },
    "dcss": {
        "courtDcss": [
            "미분양 점포 및 잔금미납 점포의 소유자인 원고는 특별한 사정이 없는 한 피고에게 위 점포들에 대하여부과된 관리비와 연체료를 지급할 의무가 있다.",
            "점포의 경우에도 일반관리비와 상가의 공용부분에 대하여 부과되는 관리비는 함께 납부하여야 할 것으로 보여지는데, 앞서 본 바와 같이 피고가 공실로 남아 있는 미분양 점포 등의 경우에는 일반관리비와 공용부분에 대한 전기, 수도, 가스비만을 부과한 사실이 인정되고, 위와 같이 부과된 관리비가 과다하다고 볼 아무런 자료도 없으므로, 원고의 위 주장은 이유 없다.",
            "임대위임 점포의 관리비에 관하여 보건대, 위 점포의 경우는 원고가 점포의 임대에 관한 일체의 권한을 부여받아 수분양자에 대하여임차인을 구해 줄 의무를 부담하는데 원고가 임대 알선의무를 이행하지 못하여 점포가 공실로 남아 있게 됐다.",
            "원고가 2000.6.분까지는 임대위임 점포에 대한 관리비를 납부하였던 점, 그런데 2000. 7. 21. 원고의 임시총회에서 임대위임 점포를 포함한 특이점포에 대한 관리비를 준공검사 이전까지는 원고가 이를 납부하되, 준공검사 이후부터는 위 점포에 대한 관리비를 수분양자가 납부하도록 한다는 내용의 결의를 하였다.",
            "이에 따라 피고도 준공검사 이후인 2001. 1.분부터는 임대위임 점포에 대한관리비를 원고에게 부과하지 아니하고 있는 점 등을 종합하여 볼 때, 00000에 대한 준공검사 전까지는 임대위임 점포에 대한 관리비를 원고가 납부하기로 하는 원고와 피고 사이의 묵시적인 약정이 있었던 것으로 봄이 상당하다.",
            "원고는 2000.7.분부터 2000. 12.분까지 임대위임 점포에 대한 관리비를 납부할 의무가 있다(앞서 본 바와 같이 피고는 2001. 1.분부터는위 점포들에 대한 관리비를 원고에게 부과하지 않고 있다).",
            "원고가 3자협의체 회의에서 00000 7,8층 문제를 전적으로 책임지고 해결하기로 약정한 사실은 앞서 본 바와 같으나, 이러한 사정만으로 원고가 00000 7,8층 전체 점포에 대한 관리비 납부의무를 부담하기로 약정하였다고 볼 수는 없다.",
            "을 10호증의 1 내지 6, 을 33호증의 각 기 다만 위와 같은 3자 협의체의 약정 내용과 아울러 원고가 2000. 6.분까지는 스낵층 미입점 점포에 대한 관리비를 납부하였다.",
            "그런데 2000. 7. 21. 원고의 임시총회에서 스낵층 미입점 점포를 포함한 특이점포에 대한 관리비를 준공검사 이전까지는 원고가 이를 납부하되, 준공검사 이후부터는 위 점포에 대한 관리비를 수분양자가 납부하도록 한다는 내용의 결의를 했다.재 및 제1심 증인 소외 00의 증언만으로는 원고의 귀책사유로 인해 입점절차가 마쳐지지 않았다는 피고의 주장사실을 인정하기에 부족하고, 달리 이를 인정할 증거가 없다.",
            "원고가 00000의 준공검사 전까지는 스낵층 미입점 점포에 대한 관리비를 부담하기로 약정한 것으로 봄이 상당하므로, 원고는 위 약정에 따라 준공검사 이전까지는 위 점포들에 대한 관리비 납부의무를 부담한다고 할 것이다.",
            "을 10호증의 1 내지 6, 을 33호증의 각 기재 및 제1심 증인 소외 00의 증언만으로는 원고가 수분양자들에게 영업이 가능하도록 점포를 배정하지 아니하고 입점통보 또는 입점증의 발급을 하지 아니하거나 적극적으로 수분양자들의 입점을 거절하는등 원고의 귀책사유로 인하여 수분양자들의 입점이 이루어지지 않고 있다는 피고의 주장사실을 인정하기에 부족하다(갑 7,8호증 판결문 참조)",
            "달리 이를 인정할 증거가 없을 뿐 아니라, 분양계약이 원·피고 간의 법률관계에 직접 적용되어 원고가 피고에대한 관계에서 제3자 소유 점포에 대한 관리비를 납부할 의무를 부담하게 된다고 볼 수는 없다.",
            "원고, 피고 및 수분양자들 사이의 법률관계에 대하여는 이 사건 관리규약이 적용된다 할 것인데 이 사건 관리규약에 의하면 00000점포의 소유권자 및 임차인인 영업입점자가 관리비를 납부할 의무를 부담한다고 규정하고 있다.",
            "원고가 제3자 소유점포에 대하여 임차인인 영업입점자에 해당한다는 점에 대한 주장·입증이 없는 이상 이 사건 관리규약에 의하더라도 원고가 위점포에 대한 관리비를 납부할 의무는 없다 할 것이다.",
            "따라서 피고의 위 주장은 이유 없다.",
            "앞서 본 바와 같이 을 10호증의 1 내지 6, 을 33호증의 각 기재 및 제1심 증인 소외 00의 증언만으로는 원고의 귀책사유로 인해 입점절차가 마쳐지지 않았다는 피고의 주장사실을 인정하기에 부족하고, 달리 이를 인정할 증거가 없다.",
            "만일 원고의 귀책사유로 인해 입점절차가 지연되고 있다고 하더라도, 소유권이전등기를 경료한 수분양자들이 단지 입점절차를 거치지 않았다는 사정만으로는 분양자인 원고가 이들 점포를 점유하고 있다고 단정할 수는 없을 뿐만 아니라, 이 사건 관리규약상단지 점유자라는 사실만으로 관리비 납부의무를 부담하는 것도 아니라 할 것이다.",
            "앞서 채택한 증거와 변론 전체의 취지에 의하면 원고가 00000 7,8층의 리모델링 공사를 추진하고 있는 사실이 인정되기는 하지만, 그와 같은 사정만으로 원고에게 00000 7,8층 점포에 대한 관리비 납부의무가 발생하는 것은 아니라 할 것이다.",
            "결국 피고의 위 주장 또한 어느 모로 보나 이유 없다.",
            "따라서 원고는 00000의 준공검사일인 2000. 12. 30.까지는 위 점포들에 대한 관리비를 지급할 의무가 있고(계산의 편의상2000. 12.분까지 지급의무가 있다고 본다), 그 이후인 2001. 1.분부터는 위 점포들에 대한 관리비를 납부할 의무가 없다 할것이다.",
            "이 사건 각 지급명령에 기한 강제집행은 권리남용 내지 신의칙에 반하는 것으로서 불허되어야 한다는 원고의 주장에 관하여 살피건대, 확정판결에 의한 권리라 하더라도 신의에 좇아 성실히 행사되어야 한다.",
            "확정판결의 내용이 실체적 권리관계에 배치되는 경우 그 판결에 의하여 집행할 수 있는 것으로 확정된 권리의 성질과 그 내용, 판결의 성립 경위 및 판결 성립 후 집행에 이르기까지의 사정, 그 집행이 당사자에게 미치는 영향 등 제반 사정을 종합하여 본다.",
            "그 확정판결에 기한 집행이 현저히 부당하고 상대방으로 하여금 그 집행을 수인하도록 하는 것이 정의에 반함이 명백하여 사회생활상 용인할 수 없다고 인정되는 경우, 그 집행은 권리남용으로서 허용되지 않는다고 할 것이다.",
            "집행채무자는 청구이의의 소에 의하여 그 집행의 배제를 구할 수 있고(대법원 2001. 11. 13. 선고 99다32899판결 등 참조), 이는 확정된 지급명령에 의하여 강제집행을 구하는 경우에도 마찬가지로 적용된다고 할 것인데, 이 사건 각 지급명령 당시 원·피고의 대표자가 소외 00로서 동일한 사실은 앞에서 인정한 바와 같다.",
            "소외 00가 피고의 이익만을 위하여 고의로 위 각 지급명령에 대한 이의신청 기간을 도과시켜 허위의 채권을 확정시켰다는 점을 인정할 아무런 증거가 없으며, 달리 위 각 지급명령에 기한 강제집행이 명백히 정의에 반하고 사회생활상 용인할 수 없는 권리남용에 해당한다고 볼 사유가 없으므로 원고의 위 주장은 이유 없다.",
            "원고는 피고에게, (1) 피고가 서울지방법원 2001차22294호 지급명령 신청사건으로 구하는 관리비에 관하여, 관리비와 연체료 금원을 지급할 의무가 있다.",
            "합계 1,199,283,759원 및 피고가 구하는 바에 따라 그 중 관리비 1,090,260,008원에 대하여 위 사건 지급명령 정본송달 다음날인 2001. 12. 18.부터 원고가 이행의무의 존부 및 범위에 관하여 항쟁함이 상당한 당심 판결 선고일인 2006. 10.11.까지는 민법 소정 연 5%의, 그 다음날부터 다 갚는 날까지는 소송촉진 등에 관한 특례법 소정 연 20%의 비율에 의한 금원을 지급할 의무가 있다.",
            "(2) 피고가 서울지방법원 2002차23345호 지급명령 신청사건으로 구하는 관리비에 관하여, 관리비와연체료 429,375,842원 및 피고가 구하는 바에 따라 그 중 관리비 390,342,460원에 대하여 금원을 지급할 의무가 있다고 할 것이다.",
            "위 사건 지급명령 정본 송달 다음날인 2002. 10. 29.부터 원고가 이행의무의 존부 및 범위에 관하여 항쟁함이 상당한 당심 판결 선고일인 2006. 10. 11.까지는 민법 소정 연 5%의, 그 다음날부터 다 갚는 날까지는 소송촉진 등에 관한 특례법 소정 연 20%의 비율에 의한 금원을 지급할 의무가 있다고 할 것이다.",
            "피고의 원고에 대한 이 사건 각 지급명령에 기한 강제집행은 위 각 금원을 초과하는 부분에 한하여 허용될 수 없다."
        ]
    },
    "close": {
        "cnclsns": [
            "제1심 판결 중 아래에서 강제집행을 불허하는 부분에 해당하는 원고 패소부분을 취소한다.",
            "피고의 원고에 대한 서울지방법원 2001. 12. 1. 결정 2001차22294호 지급명령에 기한 강제집행은 1,199,283,759원및 그 중 1,090,260,008원에 대하여 2001. 12. 18.부터 2006. 10. 11.까지는 연 5%의, 그 다음날부터 다 갚는 날까지는연 20%의 비율에 의한 금원을 초과하는 부분에 한하여 이를 불허한다.",
            "피고의 원고에 대한 서울지방법원 2002. 9. 24. 결정 2002차23345호 지급명령에 기한 강제집행은 429,375,842원 및그 중 390,342,460원에 대하여 2002. 10. 29.부터 2006. 10. 11.까지는 연 5%의, 그 다음날부터 다 갚는 날까지는 연20%의 비율에 의한 금원을 초과하는 부분에 한하여 이를 불허한다.",
            "원고의 나머지 항소를 기각한다.",
            "소송총비용은 이를 10분하여 그 6은 원고의, 나머지는 피고의 각 부담으로 한다."
        ]
    }
}