{
    "info": {
        "caseField": "1",
        "detailField": "1",
        "trailField": "2",
        "caseNm": "손해배상(기)",
        "courtNm": "부산고등법원",
        "judmnAdjuDe": "2005. 10. 28.",
        "caseNo": "2005나190",
        "relateLaword": [
            "구 수산업협동조합법 제56조",
            "구 수산업협동조합법 제58조의 2",
            "구 수산업협동조합법 제58조의 2 ",
            "수산업협동조합법 제56조",
            "수산업협동조합법 제63조",
            "수산업협동조합법 제57조"
        ],
        "qotatPrcdnt": []
    },
    "concerned": {
        "acusr": "2",
        "dedat": "2"
    },
    "org": {
        "orgJdgmnCourtNm": "창원지방법원 통영지원",
        "orgJdgmnAdjuDe": "2004.12.2",
        "orgJdgmnCaseNo": "2003가합1768"
    },
    "disposal": {
        "disposalform": "10",
        "disposalcontent": [
            "원고의 이 사건 청구는 이유 없어 항소를 기각한다."
        ]
    },
    "mentionedItems": {
        "rqestObjet": [
            "청구취지 피고는 원고에게 3,495,839,197원과 이에 대한 이 사건 소장부본 송달 다음날부터 제1심 판결선고일까지는 연 5%, 그 다음날부터 다 갚는 날까지는 연 20%의 각 비율에 의한 돈을 지급한다.",
            "항소취지 제1심 판결을 취소하고, 피고는 원고에게 3,495,839,197원과 그 중 3,443,000,000원에 대하여는 2000. 5. 8.부터, 나머지 52,839,197원에 대하여는 2000. 11. 21.부터 각 당심 판결선고일까지는 연 5%, 그 다음날부터 다 갚는 날까지는 연 20%의 각 비율에 의한 돈을 지급한다."
        ]
    },
    "assrs": {
        "acusrAssrs": [
            "피고는 원고에게 위와 같은 자신의 임무위배행위로 인하여 원고가 입은 손해액 합계 3,495,839,197원(= 21억 4,300만원 + 13억 원 + 52,839,197원)을 배상할 의무가 있다.",
            "원고의 주장 중 이사건 치어를 부당하게 고가로 매수한 데 따른 책임이 피고에게 있다.",
            "원고의 주장 중 입식되지 아니한 치어에 대한 대금을 소외 00에게 선지급한 데 따른 이자 상당 손해에 관한 책임이 피고에게 있다."
        ],
        "dedatAssrs": [
            "피고의 이 사건 치어양식사업과 관련한 위와 같은 행위들이 위법하다거나, 그 직무수행에 있어 어떠한 고의 또는 중대한과실이 있다고 보기 어렵다."
        ]
    },
    "facts": {
        "bsisFacts": [
            "원고는 1993. 2. 20. 어류 양식업 및 수조식 육상 종묘 생산업에 종사하는 조합원들의 공동 이익을 증진하여 그 경제적·사회적 지위를 향상시키고, 생산력의 증가를 도모하여 국민경제발전에 기여함을 목적으로 하여 설립된 법인이고, 피고는 1993. 3.22.부터 2001. 3. 21.까지 무보수·비상근·명예직인 원고의 조합장으로 재직하였던 자이다.",
            "원고는 1998년경 출하물량 조절을 통한 어가하락 방지 등을 목적으로 0000의 가두리양식장 4ha를 구입하여 성어양식사업을 하였는데, 1999년부터는 이를 치어양식사업으로 전환하였다.",
            "원고는 1999. 11. 10.경 임시대의원회를 개최하여 2000년도의 치어양식사업에 대한 예산을 8억 원으로 의결하였으나, 2000.5. 8.경 이사회를 개최하여 예산에 관계없이 치어를 구입하기로 결정하였다.",
            "2000. 6. 10.경 수의계약을 통하여 조피볼락(우럭) 치어를 소외 00, 00,4로부터 각 100만 마리, 소외 00로부터 20만 마리, 피고의 처 소외 00{(이름 생략)업체}로부터 980만마리 합계 1,300만 마리(이하, 이 사건 치어라 한다)를 마리당 350원(합계:1,300만 마리 × 350원 = 45억 5,000만 원)에구매하기로 약정하였다.",
            "원고는 2000. 6. 26.부터 같은 해 7. 5.까지 소외 00, 00, 4, 5로부터 매수한 물량의 전부에 해당하는 320만 마리의 치어와 소외 00로부터 245만 마리의 치어를 여러 차례에 걸쳐 납품받아 이들의 입식을 마쳤으나, 같은 해 7. 10. 입식된치어 중 30만 내지 50만 마리 가량이 산소부족 등으로 폐사하는 사고가 발생하였다.",
            "입식을 중단하고 가두리양식장을 먼바다 쪽으로 옮기는 한편, 양식장에 해수펌프 및 산소교방기 등을 설치하는 조치를 취한 다음, 소외 00로부터 같은 해 7. 22.치어 60만 마리, 같은 달 23. 45만 마리를 납품받아 추가 입식을 마쳤다.",
            "그러나 그 후, 원고는 적조현상을 이유로 다시 치어의 입식을 중단하기에 이르렀고, 이에 원고는 2000. 8. 1. 소외 00에게 이미 입식을 끝낸 치어 350만 마리를 포함하여 구매계약을 체결한 치어 980만 마리의 대금 합계 34억 3,000만 원(= 980만 마리 × 350원)을 한꺼번에 지급한 다음, 같은 달 7.부터 같은 해 11. 20.까지 사이에 여러 차례에 걸쳐 나머지 치어 630만 마리의 입식을 마쳤다."
        ]
    },
    "dcss": {
        "courtDcss": [
            "원고 조합이 2000년도의 치어양식사업을 진행함에 있어, 조합원총회나 대의원회의 의결을 거치지 아니한 채 사업비를 증액하여 집행하였고, 그 중 상당 부분을 당시 조합장이던 피고의 처인 소외 00이 대표로 있던 업체로부터 치어를 매수하는 데 사용한 사실, 이 사건 치어의 구매를 경쟁입찰방식에 의하지 아니하고 수의계약방식으로 행한 사실, 소외 00로부터 치어를 전부 납품받기 전에 치어구입대금이 전액 지급된 사실은 당사자 사이에 다툼이 없다.",
            "그러나 위와 같은 치어양식사업을 수행함에 있어 피고에게 원고 주장과 같이 원고 조합의 내부절차를 위반한 잘못이 있다고 하더라도 곧바로 피고의 위와 같은 행위가 위법하다고 볼 수는 없고, 피고가 위 치어양식사업을 추진함에 있어 직무와 관련하여 고의 또는 중과실로 임무를 해태하여 원고에게 손해를 입힌 경우에만 그 위법성이 인정될 수 있다.",
            "이 사건 치어의 폐사량에 관하여 보건대, 원고는 2002. 7. 10.부터 같은 달 14.까지 이 사건 치어 중 5,729,000마리 가량이 폐사하였다고 주장한다.",
            "그러나 이에 부합하는 갑 제1호증의 1 내지 4,6, 갑 제5,7,8,25,68호증, 갑 제18호증의 1, 갑 제33호증의 1 내지 3, 을 제6호증의 6,13의 각 전부 또는 일부 기재는 2002. 7. 14.까지 원고에게 입식된 치어가 565만 마리에 불과한 점 및 아래 인정사실에 비추어 이를 믿기 어렵다.",
            "그리고 달리 이를 인정할 증거가 없으며, 단지 갑 제18호증의 3,5,11,12,14의 각 기재와 당심 증인 소외 00, 00의 각 증언에 의하면, 2002. 7. 10. 이 사건 치어 중 30만 내지 50만 마리의 치어가 폐사된 사실만을 인정할 수 있을 뿐이다.",
            "이 사건 치어의 폐사원인에 관하여 보건대, 이 사건 치어가 일부 폐사한 것이 원고의 가두리양식장에 치어를 적정량보다 과다하게 입식하였다.",
            "이로 인하여 산소부족이 발생하였음에도 가두리양식장을 옮기는 등 적절한 조치를 취하지 아니한 데 따른 것이라는 점에 부합하는 갑 제1호증의 1 내지 3,6, 갑 제18호증의 1의 기재는 이를 그대로 믿기 어렵고, 이에 부합하는 듯한 갑 제41,56 내지 58호증의 각 기재, 당심 증인 소외 00의 증언만으로는 이를 인정하기에 부족하며, 달리 이를 인정할 증거가 없다.",
            "따라서 이를 전제로 하는 원고의 이 부분 주장은 더 나아가 살펴 볼 필요 없이 이유 없다",
            "비록 앞서 본 바와 같이 소외 00이 경쟁입찰방식에 의하지 아니하고 이 사건 치어를 매수한 잘못은 있지만, 소외 00이 이 사건 치어를 부당하게 고가로 매수하였다는 점에 부합하는 갑 제1호증의 1 내지 3,5, 갑 제18호증의 1의 기재는 이를 그대로 믿기 어렵다.",
            "이에 부합하는 듯한 갑 제6, 9, 36, 39, 40, 42호증, 갑 제34호증의 1 내지 3, 갑 제35, 43호증의 각 1,2, 갑 제44호증의 1 내지 4, 갑 제49호증의 1 내지 11의 각 기재와 당심 증인 소외 00의 증언만으로는 이를 인정하기에 부족하며, 달리 이를 인정할 증거가 없다.",
            "따라서 원고의 위 주장 또한 더 나아가 살펴 볼 필요 없이 이유 없다.",
            "원고가 2000. 6. 10.경 소외 00로부터 이 사건 치어 중 980만 마리를 구매하면서 2000. 7. 31.까지 전량 입식을 끝내기로 약정하였음에도, 이 사건 치어 중 일부가 폐사하는 바람에 그에 대한 조치를 취하느라 입식이 미루어졌고, 이로 인하여 소외 00은 입식 예정인 치어를 관리하는데 따른 비용을 부담하여야 하고 다른 종묘도 배양하지 못하는 등의 손해를 입게 되었다.",
            "이에 소외 00이 위와 같은 손해를 원고에게 청구하지 아니하는 대신 납품할 치어대금 전액을 일시에 지급하여 줄 것을 요청하였고, 이에 따라 소외 00에게 치어대금 전액이 지급된 사실을 각 인정할 수 있다.",
            "위 인정사실에 의하면, 위와 같이 원고가 구입한 치어 전부가 입식되지 아니하였음에도 소외 00에게 그 대금 전부를 지급한 것은 원고의 귀책사유로 인하여 입식이 지연됨으로 인하여 소외 00에게 발생하게 될 손해에 대한 전보의 의미를 가지는 것으로서 그와 같은 선지급에 정당한 이유가 있다 할 것이므로, 결국 피고에게 이로 인한 책임을 물을 수는 없다 할 것이다.",
            "따라서 원고의 위 주장 또한 이유 없다.",
            "결국, 피고의 이 사건 치어양식사업과 관련한 위와 같은 행위들이 위법하다거나, 그 직무수행에 있어 어떠한 고의 또는 중대한 과실이 있다고 보기 어려우므로, 이를 전제로 하는 원고의 청구는 받아들일 수 없다."
        ]
    },
    "close": {
        "cnclsns": [
            "원고의 항소를 기각한다.",
            "항소비용은 원고의 부담으로 한다."
        ]
    }
}