{
    "info": {
        "caseField": "1",
        "detailField": "1",
        "trailField": "1",
        "caseNm": "소유권이전등기등",
        "courtNm": "대구지방법원",
        "judmnAdjuDe": "2008. 06. 13.",
        "caseNo": "2005가합19587",
        "relateLaword": [
            "도시정비법 제16조",
            "도시정비법 제39조",
            "도시정비법 제48조, ",
            "도시정비법 제61조",
            "집합건물의 소유 및 관리에 관한 법률 제47조",
            "집합건물의 소유 및 관리에 관한 법률 제48조"
        ],
        "qotatPrcdnt": [
            "대법원 1997. 2. 25. 선고 96다38322 판결 ",
            "대법원 1988. 9. 27. 선고 87다카1029 판결",
            "대법원 1967. 7. 11. 선고 67다813 판결",
            "대법원 2006. 2. 23. 선고 2005다19552, 19569 판결",
            "대법원 1996. 1. 23. 선고 95다38172 판결"
        ]
    },
    "concerned": {
        "acusr": "2",
        "dedat": "1"
    },
    "org": {
        "orgJdgmnCourtNm": "",
        "orgJdgmnAdjuDe": "",
        "orgJdgmnCaseNo": ""
    },
    "disposal": {
        "disposalform": "10",
        "disposalcontent": [
            "원고에게, 피고 9는 원고로부터 218,150,940원을 지급받음과 동시에 별지 목록 제1, 2항 기재 부동산에 관하여 2006. 1. 19.자매매를 원인으로 한 각 소유권이전등기절차를 이행하고, 별지 목록 제1항 기재 부동산을 인도하고, 별지 목록 제2항 기재 부동산을 명도한다.",
            "원고에게, 피고 1은 원고로부터 80,900,000원을 지급받음과 동시에 별지 목록 제3, 4, 5, 6항 기재 부동산에 관하여 2006. 1.19.자 매매를 원인으로 한 각 소유권이전등기절차를 이행하고, 별지 목록 제3, 5항 기재 부동산을 각 인도하고, 별지 목록 제4, 6항 기재 부동산을 각 명도한다.",
            "원고에게, 피고 2는 원고로부터 43,800,000원을 지급받음과 동시에 별지 목록 제7, 8항 기재 부동산에 관하여 2006. 1. 19.자 매매를 원인으로 한 각 소유권이전등기절차를 이행하고, 별지 목록 제7항 기재 부동산을 인도하고, 별지 목록 제8항 기재 부동산을 명도한다.",
            "원고에게, 피고 10은 원고로부터 174,920,450원을 지급받음과 동시에 별지 목록 제9, 10항 기재 부동산에 관하여 2006. 1.19.자 매매를 원인으로 한 각 소유권이전등기절차를 이행하고, 별지 목록 제9항 기재 부동산을 인도하고, 별지 목록 제10항 기재 부동산을 명도한다.",
            "원고에게, 피고 3은 원고로부터 59,600,000원을 지급받음과 동시에 별지 목록 제11, 12항 기재 부동산에 관하여 2006. 1. 19.자매매를 원인으로 한 각 소유권이전등기절차를 이행하고, 별지 목록 제11항 기재 부동산을 인도하고, 별지 목록 제12항 기재 부동산을 명도한다.",
            "원고에게, 피고 11은 원고로부터 106,281,550원을 지급받음과 동시에 별지 목록 제13, 14항 기재 부동산에 관하여 2006. 1.19.자 매매를 원인으로 한 각 소유권이전등기절차를 이행하고, 별지 목록 제13항 기재 부동산을 인도하고, 별지 목록 제14항기재 부동산을 명도한다.",
            "원고에게, 피고 4는 원고로부터 259,924,480원을 지급받음과 동시에 별지 목록 제15, 16항 기재 부동산에 관하여 2006. 1.19.자 매매를 원인으로 한 각 소유권이전등기절차를 이행하고, 별지 목록 제15항 기재 부동산을 인도하고, 별지 목록 제16항기재 부동산을 명도한다.",
            "원고에게, 00는 원고로부터 211,330,854원을 지급받음과 동시에 별지 목록 제17, 18항 기재 부동산에 관하여 2006. 1.19.자 매매를 원인으로 한 각 소유권이전등기절차를 이행하고, 별지 목록 제17항 기재 부동산을 인도하고, 별지 목록 제18항기재 부동산을 명도한다.",
            "원고에게, 00는 원고로부터 173,381,560원을 지급받음과 동시에 별지 목록 제19, 20항 기재 부동산에 관하여 2006. 1.19.자 매매를 원인으로 한 각 소유권이전등기절차를 이행하고, 별지 목록 제19항 기재 부동산을 인도하고, 별지 목록 제20항 기재 부동산을 명도한다.",
            "원고에게, 00은 원고로부터 288,745,770원을 지급받음과 동시에 별지 목록 제21, 22항 기재 부동산에 관하여 2006. 1.19.자 매매를 원인으로 한 각 소유권이전등기절차를 이행하고, 별지 목록 제21항 기재 부동산을 인도하고, 별지 목록 제22항기재 부동산을 명도한다.",
            "원고에게, 00은 원고로부터 844,962,040원을 지급받음과 동시에 별지 목록 제23, 24, 25항 기재 부동산에 관하여 2006. 1.19.자 매매를 원인으로 한 각 소유권이전등기절차를 이행하고, 별지 목록 제23, 24항 기재 부동산을 각 인도하고, 별지 목록 제25항 기재 부동산을 명도한다.",
            "원고에게, 00은 원고로부터 582,010,078원을 지급받음과 동시에 별지 목록 제26, 27, 28항 기재 부동산에 관하여 2006. 1.19.자 매매를 원인으로 한 각 소유권이전등기절차를 이행하고, 별지 목록 제26, 27항 기재 부동산을 각 인도하고, 별지 목록 제28항 기재 부동산을 명도한다.",
            "원고의  00에 대한 나머지 청구를 기각한다.",
            "소송비용 중 시가감정비용은 원고가, 나머지는 피고들이 각 부담한다.",
            "제1항 중 부동산 인도 및 명도부분은 가집행할 수 있다."
        ]
    },
    "mentionedItems": {
        "rqestObjet": [
            "매매원인일자를 이 사건 소장 부본 송달일자로 구하는 외에는 주문 제1의 가.나.다.라.마.바.사.자.차.카.타.항과 같고,  00는 원고로부터 181,865,100원을 지급받음과 동시에 별지 목록 제17, 18항 기재 부동산에 관하여 2006. 3. 7.자 매매를 원인으로 한 각 소유권이전등기절차를 이행하고, 별지 목록 제17항 기재 부동산을 인도하고, 별지 목록 제18항 기재 부동산을 명도한다."
        ]
    },
    "assrs": {
        "acusrAssrs": [],
        "dedatAssrs": [
            "도시정비법 제39조의 매도청구권이 성립되기 위해서는 유효한 재건축결의가 존재하여야 하는데, 원고 조합은 재건축결의시집합건물법 제47조에 따른 건물의 철거 및 신건물의 건축에 소요되는 비용의 개산액과 그 분담에 관한 사항을 정하지 않았으므로 원고 조합의 재건축결의는 무효이다( 피고 1, 2, 3, 4, 8, 9, 12)",
            "피고들은 원고 조합의 2005. 11. 14.자 최고서를 수령한 바 없으므로, 매도청구권이 성립하기 위한 전제로서의 적법한 최고가 없었다( 피고 1, 2, 3, 4, 8, 9, 12).",
            "최고서에는 재건축결의사항이 구체적으로 적시되어야 함에도 이 사건 최고서에는 재건축결의사항이 구체적으로 적시되지 아니하였으므로 이는 매도청구권이 성립하기 위한 전제로서의 적법한 최고로서의 효력이 없다( 피고 4, 8, 9, 12).",
            "가사 이 사건 매도청구권의 행사가 적법하다 하더라도, 이 사건 각 부동산의 매매대금은 원고 조합과 피고들 사이의 협의로 결정되어야 하고 위 각 부동산이나 인근 토지의 실제 거래가격을 기준으로 하여야 할 것임에도, 원고 조합이 피고들과 아무런 협의 없이 일방적으로 소송을 제기하고 신축건물여부, 임대수익, 개발이익 및 인근의 토지거래시세가 반영되지 않은 감정평가액을 매도대금으로 정함은 부당하다.",
            "(피고 1, 2, 3, 4, 5, 7, 8, 9, 10, 12)",
            "재건축사업에 참여하지 아니한다는 이유만으로 피고들의 의사와는 상관없이 원고 조합이 일방적으로 매도청구권을 행사하여 피고들 소유의 이 사건 각 부동산에 대한 소유권을 이전해 가는 것은 피고들의 헌법상 보장된 재산권을 침해하는 위헌적 행위이다(피고 4, 8, 9, 12)."
        ]
    },
    "facts": {
        "bsisFacts": [
            "원고 조합은 도시 및 주거환경정비법(이하 '도시정비법' 이라 한다)에 따라 0000 외 263필지 39,687㎡ 일대(이하 '이 사건 정비구역' 이라 한다)에 건립되어 있는 노후,불량한 기존의 건축물을 철거하고 새로운 공동주택의 재건축을위하여 설립된 주택재건축정비사업조합이고, 피고들은 이 사건 정비구역 내에서 별지 목록 기재 각 부동산(이하 '이 사건 각 부동산' 이라 한다)을 소유하고 있는 자들이다.",
            "원고 조합은 이 사건 정비구역 내 토지 또는 건축물 소유자들 249명 중 208명으로부터 다음과 같은 내용의 정비사업을 목적으로 하는 조합설립 동의를 받아, 2005. 8. 13. 창립총회에서 같은 내용의 재건축결의(이하 '이 사건 재건축결의' 라고 한다),원고 조합 설립 결의 및 정관 제정 결의를 하였다.",
            "원고 조합은 그 후 조합설립에 관하여 이 사건 정비구역 중 주택단지(00000) 안의 공동주택의 각 동별 구분소유자 및 의결권의 각 3분의 2 이상의 동의(A동 91.67%, B동 95.83%)와 주택단지 안의 전체 구분소유자 및 의결권의 각 5분의 4 이상의 동의(93.75%)를 얻었다.",
            "이 사건 정비구역 내 주택단지 아닌 지역 안의 토지 또는 건축물 소유자의 5분의 4 이상(토지 70.78%,건축물 81.28%), 토지면적의 3분의 2 이상의 토지 소유자의 동의(72.27%)를 얻어 2005. 11. 11. 대구광역시 수성구청장으로부터 설립인가를 받았다.",
            "원고 조합은 재건축에 참가하지 아니한 피고들에게 2005. 11. 15. 재건축에 참가할 것인지 여부를 수령일로부터 2월 이내에 회답할 것과 만일 이에 응하지 않을 경우 재건축에 참가할 의사가 없는 것으로 간주하여 시가로 매도할 것을 청구하는 소송을제기하겠다는 내용이 기재된 최고서를 조합설립동의서를 첨부하여 내용증명 우편으로 최고하였다.",
            "원고 조합은 2005. 12. 26. 이 사건 소를 제기하면서 다시 한번 피고들에게 재건축사업에 대한 참가 여부를 최고하는 한편 도시정비법 제39조, 집합건물의 소유 및 관리에 관한 법률(이하 '집합건물법' 이라 한다) 제48조의 규정에 따른 매도청구를 하였다.",
            "위 의사표시가 기재된 이 사건 소장 부본은 2006. 1. 6. 피고 1, 2, 3, 4, 5, 6, 8, 9, 11, 12에게, 2006. 1. 9.피고 7, 10에게 각 송달되었다.",
            "이후 피고들은 원고 조합으로부터 2005. 11. 15.자 최고서를 수령한 후 2개월의 기간이 경과하도록 재건축 참가 여부의 뜻을 밝히지 아니하다가 이 사건 소장 부본이 송달된 후 재건축에 참가할 의사가 없다는 취지가 기재된 답변서를 제출하였다."
        ]
    },
    "dcss": {
        "courtDcss": [
            "이 사건 정비구역 내 토지 및 건축물에 대한 재건축과 관련하여 도시정비법 제16조 제2항, 제3항에서 정한적법한 조합 설립의 동의가 있었고, 조합설립에 동의하지 않은 피고들에 대하여 원고 조합은 2005. 11. 15. 재건축 참가 여부에 대한 회답을 최고하는 내용의 최고서를 내용증명 우편으로 발송한 사실은 앞서 본 바와 같다.",
            "내용증명으로 우편물을 발송한 경우 반송되는 등의 특별한 사정이 없는 한 그 발송일로부터 3일 이내에 송달되었다고 할 것이다.",
            "원고 조합은 이 사건 소장에 피고들에게 재건축사업에 대한 참가여부를 최고한다는 취지의 내용을 기재하였고, 이 사건 소장 부본이 피고들에게 각 송달된 사실은 앞서 본 바와 같으며, 이에 대하여 피고들은 원고 조합의 2005. 11. 15.자 최고를 받고도 2개월의 회답기간 내에 아무런 회답을 하지 않았다.",
            "이 사건 소장 부본을 송달받은 이후에는 재건축사업에 참가할 의사가 없다는 취지가 기재된 답변서를 제출하였으므로, 원고 조합은 도시정비법 제39조에 따라 피고들에 대하여 각 피고들의 소유인 별지 목록 기재 각 부동산을 시가에 따라 매도할 것을 청구할 수 있다고 할 것이다.",
            "도시정비법 제39조에 의하면 매도청구를 위한 전제로 조합 설립 동의 여부에 대한 최고가 필요하다.",
            "원고 조합의 최고서에는 원고 조합 설립에 동의하는지 여부를 회답하여 달라는 내용이 명시적으로 기재되어 있지는 않으나 피고들에게 재건축사업에 참여할 것인지 여부를 회답할 것과 이에 응하지 않을 경우 재건축에 참가할 의사가 없는 것으로 간주하여 시가로 매도하는 것을 청구하는 소송을 제기하겠다는 내용이 기재되어 있다.",
            "조합설립동의서가 첨부되어 있음으로써 그 참가 여부의 회답을 조합 설립 동의의 방법으로 하도록 한 사실은 앞서 본 바와같고, 이 사건 소장에 기재된 최고의 취지 역시 그와 같다.",
            "여기에는 피고들에게 원고 조합의 설립에 동의하는지 여부의 회답을 요청하는 취지가 묵시적으로 포함되어 있었다고 할 것이어서, 원고 조합의 최고는 적법하다.",
            "원고 조합은 피고들에 대하여 2005. 11. 18. 재건축 참가여부에 대한 회답을 최고하고, 이 사건 소장 부본 송달로써 재건축 참가 여부에 대한 회답의 최고와 동시에 도시정비법 제39조에의한 매도청구권을 행사한 사실은 앞서 본 바와 같다.",
            "원고 조합이 피고들에게 재건축 참가여부에 대한 회답의 최고일인 2005. 11. 18.로부터 2개월의 회답기간이 지나기 전인2005. 12. 26. 이 사건 소를 제기하면서 소장 부본의 송달로써 매도청구권을 행사하였고, 따라서 위 회답기간 내에는 원고 조합에게 매도청구권이 확정적으로 발생할 것인지 여부가 불명한 상태였다.",
            "이 사건 소제기 당시에 이미 재건축과 관련한적법한 조합 설립 동의가 있었고 원고 조합이 피고들에게 매도청구에 관한 최고를 함으로써 매도청구권 발생의 전제요건을 구비하였다.",
            "매도청구권 행사 당시 원고 조합의 의사표시에는 회답기간이 경과할 때까지 위 피고들로부터 조합 설립 동의가없어 확정적으로 매도청구권이 발생하게 되는 것을 정지조건으로 하여 매도청구권을 행사한다는 취지도 포함되어 있다 할 것이다.",
            "피고들에 대한 각 소장 부본 송달일 이후 회답기간이 경과한 날인 2006. 1. 19.에 각 매도청구권 행사의 효과가 발생하여 원고 조합과 피고들 사이에 각 매매계약이 성립되었다고 봄이 상당하다.",
            "원고 조합의 2005. 11. 15.자 최고서가 피고들에게 송달되지 않았다고 하더라도 적어도 피고들이 이 사건 소장 부본을 송달받은 날로부터 회답기간인 2개월이 경과한 날에는 매도청구권 행사의 효과가 발생하였다.",
            "2005. 12. 26. 당시 이 사건 각 부동산의 시가는 별지 목록 각 해당 부동산에 대한 각 해당 감정가인 사실을 인정할 수 있고,이후 위 각 매매계약 성립일 무렵의 시가도 같은 액수일 것으로 추인된다.",
            "원고 조합이 구하는 바에 따라, 주문 제1항 기재 각 해당란 기재와 같이 피고들은 원고 조합으로부터 이 사건 각 부동산의 각 해당 감정가액 또는 감정가액에서 피담보채무 및 피보전 채권액을 공제한 금액을 지급받아야 한다.",
            "원고 조합에게이 사건 각 부동산에 관하여 2006. 1. 19.자 매매를 원인으로 한 소유권이전등기를 경료하고, 각 토지를 인도 및 건물을 명도할 의무가 있다.",
            "원고 조합의 2005. 11. 15.자 최고서 또는 최고의 뜻이 담긴 이 사건 소장 부본이 피고들에게 각 도달한 사실은 앞서 본 바와 같으므로, 피고 1, 2, 3, 4, 8, 9, 12가 원고 조합의 최고장을 수령한 바 없음을 전제로 한 위 피고들의 각 주장은 이유 없다.",
            "도시정비법 제16조 및 동법 시행령 제26조 제1항에서는 주택재건축조합을 설립하면서 건축물의 철거 및 신축에 소요되는 비용의 개략적인 금액과 그 비용분담에 관한 사항, 사업완료 후의 소유권 귀속에 관한 사항에 대하여 토지 등 소유자의 동의를 받아야 한다고 규정하고 있다.",
            "이러한 건물의 철거 및 신건물의 건축에 소요되는 비용의 분담에 관한 사항은 토지 등 소유자들로하여금 상당한 비용을 부담하면서 재건축에 참가할 것인지, 아니면 시가에 의하여 소유권 등을 매도하고 재건축에 참가하지 않을 것인지를 선택하는 기준이 되는 것이므로 조합설립의 동의를 받음에 있어 누락하여서는 아니 되는 것이기는 하다.",
            "이를 정하는 방법은 재건축의 실행단계에서 다시 비용분담에 관한 합의를 하지 않아도 될 정도로 그 분담액 또는 기준을 정하면 족하고,매도청구권을 행사하기 위한 전제로서의 최고는 반드시 서면으로 하여야 하고 최고서에는 위와 같은 사항이 구체적으로 적시되어 있어야 한다.",
            "다만 그러한 사항들이 재건축사업의 추진과정에서 총회의 결의나 재건축에의 참여 권유 또는 종용 등을 통하여최고의 대상자들에게 널리 알려지고, 소송의 변론과정에서도 주장이나 입증 등을 통하여 그 내용이 알려짐에 따라 재건축 참가의 기회가 충분히 부여되었다면, 재건축결의사항이 누락되었다고 하더라도 그 참가 최고는 적법하다.( 대법원 2006. 2. 23. 선고 2005다19552, 19569 판결 등 참조).",
            "이 사건 재건축결의는 신축건물의비용부담 및 신축상가의 소유권 귀속에 관한 사항을 나중에 다시 합의하지 않아도 될 정도로 정하고 있다고 봄이 상당하므로피고 1, 2, 3, 4, 8, 9, 12의 각 주장도 이유 없다.",
            "도시정비법 제39조 및 집합건물법 제48조에 의한 매도청구권은 형성권으로서 그 매도청구권 행사의 의사표시가 도달함과 동시에 재건축에 참가하지 않은 자 소유의 토지 또는 건축물에 관하여 그 시가를 매매대금으로 하는 매매계약이 성립하게 된다.",
            "여기에서 시가란 매도청구권이 행사된 당시의 토지 또는 건축물의 객관적 거래가격으로서, 재건축으로 인하여 발생할 것으로예상되는 개발이익이 포함된 가격을 말하는 것이므로( 대법원 1996. 1. 23. 선고 95다38172 판결 등 참조), 성립된 매매계약상의 매매대금을 원고 조합과 피고들 사이의 협의로 결정하여야 하는 것이라고는 할 수 없다.",
            "감정인은 2005. 12. 26.을 기준으로 하여 이 사건 각 부동산의시가를 평가함에 있어 인근지역의 표준공시지가를 기준으로 공시기준일로부터 가격시점까지의 지가변동률과 지역요인, 개별요인 등의 제반 가격형성요인 및 평가선례, 별지 목록 기재 각 부동산이 도시정비법상의 정비구역에 포함되어 재건축사업 대상지가 된 사실 및 인근지가수준 등을 종합적으로 고려하여 평가한다.",
            "평가선례, 재건축사업추진단계별 개발이익, 공시지가의 시가반영율 등을 참작하여 기타 요인으로 약 270%의 상향보정이 필요하다고 보고 이를 감정평가에 반영한 사실이 인정되므로, 위감정결과는 예상되는 개발이익도 포함된 가격으로서 그 평가에 이른 과정이나 참작된 여러 요소 등에 비추어 합리성을 갖춘 적정한 것이라 할 것이다.",
            "결국 피고 1, 2, 3, 4, 5, 7, 8, 9, 10, 12의 위 주장도 이유 없다.",
            "도시정비법상의 매도청구권은 재건축을 가능하게 하기 위한 최소한의 필요조건으로서 재건축제도를 인정하는 이상 재건축에 동의하지 아니한 자에 대한 매도청구권 행사는 불가피하고, 이는 재건축에 동의하지 아니한 자의 재산권에 대한 합리적범위 내의 제한이라 할 것이다.",
            "원고 조합의 매도청구권행사가 피고들의 재산권을 침해한다는 취지의 피고 4, 8, 9, 12의위 주장도 이유 없다."
        ]
    },
    "close": {
        "cnclsns": [
            "원고에게, 가. 피고 9는 원고로부터 218,150,940원을 지급받음과 동시에 별지 목록 제1, 2항 기재 부동산에 관하여 2006. 1. 19.자매매를 원인으로 한 각 소유권이전등기절차를 이행하고, 별지 목록 제1항 기재 부동산을 인도하고, 별지 목록 제2항 기재 부동산을 명도하라.",
            "원고에게, 나. 피고 1은 원고로부터 80,900,000원을 지급받음과 동시에 별지 목록 제3, 4, 5, 6항 기재 부동산에 관하여 2006. 1.19.자 매매를 원인으로 한 각 소유권이전등기절차를 이행하고, 별지 목록 제3, 5항 기재 부동산을 각 인도하고, 별지 목록 제4, 6항 기재 부동산을 각 명도하라.",
            "원고에게, 다. 피고 2는 원고로부터 43,800,000원을 지급받음과 동시에 별지 목록 제7, 8항 기재 부동산에 관하여 2006. 1. 19.자 매매를 원인으로 한 각 소유권이전등기절차를 이행하고, 별지 목록 제7항 기재 부동산을 인도하고, 별지 목록 제8항 기재 부동산을 명도하라.",
            "원고에게, 라. 피고 10은 원고로부터 174,920,450원을 지급받음과 동시에 별지 목록 제9, 10항 기재 부동산에 관하여 2006. 1.19.자 매매를 원인으로 한 각 소유권이전등기절차를 이행하고, 별지 목록 제9항 기재 부동산을 인도하고, 별지 목록 제10항 기재 부동산을 명도하라.",
            "원고에게, 마. 피고 3은 원고로부터 59,600,000원을 지급받음과 동시에 별지 목록 제11, 12항 기재 부동산에 관하여 2006. 1. 19.자매매를 원인으로 한 각 소유권이전등기절차를 이행하고, 별지 목록 제11항 기재 부동산을 인도하고, 별지 목록 제12항 기재 부동산을 명도하라.",
            "원고에게, 바. 피고 11은 원고로부터 106,281,550원을 지급받음과 동시에 별지 목록 제13, 14항 기재 부동산에 관하여 2006. 1.19.자 매매를 원인으로 한 각 소유권이전등기절차를 이행하고, 별지 목록 제13항 기재 부동산을 인도하고, 별지 목록 제14항기재 부동산을 명도하라.",
            "원고에게, 사. 피고 4는 원고로부터 259,924,480원을 지급받음과 동시에 별지 목록 제15, 16항 기재 부동산에 관하여 2006. 1.19.자 매매를 원인으로 한 각 소유권이전등기절차를 이행하고, 별지 목록 제15항 기재 부동산을 인도하고, 별지 목록 제16항기재 부동산을 명도하라.",
            "원고에게, 아. 피고 12는 원고로부터 211,330,854원을 지급받음과 동시에 별지 목록 제17, 18항 기재 부동산에 관하여 2006. 1.19.자 매매를 원인으로 한 각 소유권이전등기절차를 이행하고, 별지 목록 제17항 기재 부동산을 인도하고, 별지 목록 제18항기재 부동산을 명도하라.",
            "원고에게, 자. 피고 5는 원고로부터 173,381,560원을 지급받음과 동시에 별지 목록 제19, 20항 기재 부동산에 관하여 2006. 1.19.자 매매를 원인으로 한 각 소유권이전등기절차를 이행하고, 별지 목록 제19항 기재 부동산을 인도하고, 별지 목록 제20항 기재 부동산을 명도하라.",
            "원고에게, 차. 피고 6은 원고로부터 288,745,770원을 지급받음과 동시에 별지 목록 제21, 22항 기재 부동산에 관하여 2006. 1.19.자 매매를 원인으로 한 각 소유권이전등기절차를 이행하고, 별지 목록 제21항 기재 부동산을 인도하고, 별지 목록 제22항기재 부동산을 명도하라.",
            "원고에게, 카. 피고 7은 원고로부터 844,962,040원을 지급받음과 동시에 별지 목록 제23, 24, 25항 기재 부동산에 관하여 2006. 1.19.자 매매를 원인으로 한 각 소유권이전등기절차를 이행하고, 별지 목록 제23, 24항 기재 부동산을 각 인도하고, 별지 목록제25항 기재 부동산을 명도하라.",
            "원고에게, 타. 피고 8은 원고로부터 582,010,078원을 지급받음과 동시에 별지 목록 제26, 27, 28항 기재 부동산에 관하여 2006. 1.19.자 매매를 원인으로 한 각 소유권이전등기절차를 이행하고, 별지 목록 제26, 27항 기재 부동산을 각 인도하고, 별지 목록제28항 기재 부동산을 명도하라.",
            "원고의 피고 12에 대한 나머지 청구를 기각한다.",
            "소송비용 중 시가감정비용은 원고가, 나머지는 피고들이 각 부담한다.",
            "제1항 중 부동산 인도 및 명도부분은 가집행할 수 있다."
        ]
    }
}