{
    "info": {
        "caseField": "1",
        "detailField": "1",
        "trailField": "2",
        "caseNm": "손해배상(기)",
        "courtNm": "부산지법",
        "judmnAdjuDe": "2006. 05. 26.",
        "caseNo": "2005나12107",
        "relateLaword": [
            "구 부패방지법(2005. 7. 21. 법률 제7612호로 개정되기 전의 것) 제2조 ",
            "구 부패방지법(2005. 7. 21. 법률 제7612호로 개정되기 전의 것) 제11조",
            "구 부패방지법(2005. 7. 21. 법률 제7612호로 개정되기 전의 것) 제30조",
            "민법 제750조",
            "민법 제756조",
            "국가배상법 제2조"
        ],
        "qotatPrcdnt": []
    },
    "concerned": {
        "acusr": "1",
        "dedat": "3"
    },
    "org": {
        "orgJdgmnCourtNm": "부산지법 동부지원",
        "orgJdgmnAdjuDe": "2005. 8. 10.",
        "orgJdgmnCaseNo": "2005가소24192"
    },
    "disposal": {
        "disposalform": "10",
        "disposalcontent": [
            "원고의 항소를 기각한다.",
            "항소비용은 원고가 부담한다."
        ]
    },
    "mentionedItems": {
        "rqestObjet": [
            "제1심판결을 취소한다. ",
            "피고는 원고에게 20,000,000원 및 이에 대하여 이 사건 소장 부본 송달 다음날부터 다 갚는 날까지 연 20%의 비율에 의한 금원을 지급한다."
        ]
    },
    "assrs": {
        "acusrAssrs": [
            "원고는, 부패방지위원회 소속 공무원들이(1) 원고의 위 2002. 1. 30.자 신고서에 대하여 이를 진정서로 고쳐 답변하고, 대법원에 상고된 바가 없는데도 상고된 사안이라고 허위로 기재하여 허위공문서를 작성하였다.",
            "2002. 3. 30.자 신고서에 대하여는 아무런 답변도 하지 아니함으로써 원고의 권리행사를 막아버렸다.",
            "행정대집행영장(감5호증)이 소외인에 의하여 위조된 사실을 조사하여 밝히지 아니하는 등의 불법행위를 저질렀으므로, 부패방지위원회 소속 공무원들의 사용자인 피고는 국가배상법에 기하여 원고에게 위자료 2,000만원 및 이에 대한 지연손해금을 지급할 의무가 있다고 주장한다."
        ],
        "dedatAssrs": [
            "부패방지위원회 소속 공무원들의 사용자인 피고는 국가배상법에 기하여 원고에게 위자료 2000만원 및 이에 대한 지연손해금을 지급할 의무가 있다고 주장한다."
        ]
    },
    "facts": {
        "bsisFacts": [
            "원고는 2002. 2. 1. 000(현 국가청렴위원회)에 '(명칭 생략) 주택개량재개발조합장 소외인 이 1995. 11. 13. 위 재개발조합장 명의로 1995. 11. 16.자 행정대집행영장(갑5호증)을 위조하여 발부한 다음 원고가 살고 있는 거주지를 철거하였다. ",
            "원고가 소외인 을 공문서위조죄로 검찰에 1995년 형제32511호로 고소하기 시작하여 10여차례 고소하였으나 담당 검사들이 전부 불기소처분 또는 각하처분을 하였는데 이는 검사들이 법을 준수하지 않은 부패행위에 해당하므로 담당 검사와 소외인 을 처벌하여야 한다'는 취지의 2002. 1. 30.자 신고서를 제출하였다.",
            "이에 000는 원고의 위 신고서를 2002년 진정 제274호로 접수한 다음 2002. 3. 20. 진정사항 처리결과 통지라는 제목으로 '원고의 위 진정은 대법원에 상고된 사안으로 부패방지위원회에서 추가로 조치할 사항이 없어 종결한다.'는 취지로 원고에게 통지하였다.",
            "원고는 위 진정사항 처리 결과 통지를 받은 다음 위 신고서의 내용은 상고된 사안이 아니므로 부패방지위원회는 새로운 답변을 하여야 한다는 취지로 2002. 3. 30.자 신고서를 부패방지위원회에 2002. 4. 4 제출하였다."
        ]
    },
    "dcss": {
        "courtDcss": [
            "000는 부패방지법의 목적과 취지에 따라 마련한 사무운영지침에 의하여 그 신고내용이 부패행위와 관련된 것인지 단순한 민원이나 진정 등에 해당하는 것인지를 나름대로 판단할 수 있고, 따라서 이 사건 원고의 위 신고서를 진정사건으로 접수한 다음 이를 종결처리한 것은 정당하여 거기에 어떠한 위법이 있다고 할 수 없다.",
            "또한 원고가 위 재개발조합이 시행하는 주택철거작업에 대응한 000의 홍보부장을 맡아 주택철거에 반대하는 과정에서 재개발조합장 소외인 으로부터 업무방해행위로 고소당하여 형사처벌을 받았다.",
            "그리하여 그 형사절차에 관여한 경찰관들이나 증인들을 허위공문서작성, 위증 등으로 반복하여 고소하였으며, 이로 인해 무고죄로 형사처벌까지 받았는데, 이에 그치지 않고 원고의 고소에 대한 검사의 각하처분등이 위법하다는 이유로 국가배상청구를 일삼아 오는 등 1995년경 이래 계속하여 민·형사 분쟁을 반복한 사실은 이 법원에 현저했다.",
            "000가 이 사건 진정도 위와 같은 반복된 고소와 이로 인한 무고 피고사건과 무관하지 않다고 판단하고 당시 무고사건이 최종적으로 대법원에 계속중이어서, 그와 같은 이유로 이사건 진정을 종결처리한 것이므로 거기에 어떠한 위법이 있다고 할 수 없다.",
            "따라서 이 사건 진정사항 처리 결과 통지가 허위로 작성되었다는 원고의 이 부분 주장은 이유 없다.",
            "그리고 2002. 3. 30.자 신고서는 위 사실관계에 나타난 바와 같이 이 사건 진정내용과 별도의 부패행위에 대한 신고라고 볼 수 없고, 이미 이 사건 진정에 대한 처리 결과가 통지된 이상 별도의 답변을 할 필요가 없으므로, 000가 위 신고서에 대한 별도의 답변을 하지 않아 원고의 권리행사에 장애가 발생하였다는 원고의 이 부분 주장도 이유 없다.",
            "한편, 원고는 행정대집행영장(갑5호증)이 소외인 에 의하여 위조된 사실을 000가 조사하여 밝히지 아니한 것이 불법행위라고 주장하나, 행정대집행영장이 공무원도 아닌 소외인 에 의하여 위조되었는지의 여부를 밝혀 달라는 것은 부패방지법의 규정 취지, 000의 기능 등에 비추어 000의 권한과 책임의 범위 내에 있다고 보이지 아니하므로, 원고의 이 부분 주장도 이유 없다."
        ]
    },
    "close": {
        "cnclsns": [
            "원고의 항소를 기각한다.",
            "항소비용은 원고가 부담한다."
        ]
    }
}