{
    "info": {
        "caseField": "1",
        "detailField": "1",
        "trailField": "2",
        "caseNm": "손해배상(기)",
        "courtNm": "서울고등법원",
        "judmnAdjuDe": "2006. 01. 26.",
        "caseNo": "2005나44451",
        "relateLaword": [],
        "qotatPrcdnt": []
    },
    "concerned": {
        "acusr": "1",
        "dedat": "1"
    },
    "org": {
        "orgJdgmnCourtNm": "수원지방법원 \n ",
        "orgJdgmnAdjuDe": " 2005. 5. 13.",
        "orgJdgmnCaseNo": "2003가단69191"
    },
    "disposal": {
        "disposalform": "10",
        "disposalcontent": [
            "제1심 판결 중 피고는 원고에게 금 5,000,000원 및 이에 대한 2003. 11. 21.부터 2006. 1. 26.까지 연 5%, 그 다음날부터 다 갚는 날까지 연 20%의 각 비율에 의한 금원을 지급하라 명하는 금원에 해당하는 원고 패소부분을 취소한다.",
            "원고의 나머지 항소를 기각한다.",
            "소송총비용은 이를 5분하여 그 1은 피고의, 나머지는 원고의 각 부담으로 한다."
        ]
    },
    "mentionedItems": {
        "rqestObjet": [
            "제1심 판결을 취소하고 피고는 원고에게 금 1억 원 및 이에 대한 이 사건 소장부본 송달 다음날부터 다 갚는 날까지 연 20%의 비율에 의한 금원을 지급한다."
        ]
    },
    "assrs": {
        "acusrAssrs": [
            "원고가 소외 1 의 말에 동조한 사실이 없음에도 불구하고 피고가 이 사건 유인물에 허위의 사실을 적시하여 원고의 명예를 훼손하였고, 이로 인하여 원고의 처 소외 7 이 동네주민들로부터 배척되어 정신적 고통을 받다가 2003. 5. 7. 뇌출혈을 일으켜 뇌수술을 받는 등 원고로서는 극심한 정신적 고통을 입었으므로, 피고는 원고에게 위자료로 금 1억 원을 지급할 의무가 있다.",
            "원고는, 이 사건 유인물로 인하여 원고의 처가 뇌출혈을 일으켜 원고가 정신적 고통을 받았다고 주장한다"
        ],
        "dedatAssrs": [
            "피고는, 이 사건 유인물의 내용이 사실을 적시한 것으로서 공공의 이익을 위하여 적시된 것이므로 위법성이 없다고 주장한다"
        ]
    },
    "facts": {
        "bsisFacts": [
            "원고와 피고는 1997. 2. 26. 설립인가를 얻은 0000에 있는 00000의 재건축조합 조합원들인데, 피고는 2000. 3. 4. 위 조합의 조합장으로 선출되었다.",
            "피고는 2002. 12. 15. 및 같은 달 16. 2회에 걸쳐 '재건축주택조합소식'이라는 제목의 유인물(이하 '이 사건 유인물'이라고 한다)을 조합원 약 120세대에게 발송하고 이를 확대 복사하여 조합 게시판에 공고하였다.",
            "단지내 도로를 경락받은 소외 1과 위 조합 사이에 위 도로의 매매여부를 놓고 이해관계가 대립되어 조합원들이 위 도로의 매수가격에 대하여 민감한 입장에 있었던 사실 및 원고와 소외1이 피고의 조합장으로서의 업무 수행에 대하여 비판적인 입장을 취하여 피고와 사이에 갈등이 있었다.",
            "피고는 소외2로부터 원고가 소외 1의 말에 동조하였다는 취지의 말을 듣고 이를 조합원들에게 알려야겠다는 생각에서 이 사건 유인물을 발송하고 게시하였다."
        ]
    },
    "dcss": {
        "courtDcss": [
            "이 사건 유인물의 내용은, 원고를 특정하여 지목하면서, 원고가 자신의 경제적 이익을 위하여 조합원들에게 손해를 가하는 행동을 하여 온 사람으로서 위 아파트에 함께 거주할 자격이 없다는 취지로 되어 있어, 원고의 명예를 실추시켰음이 명백하다 할 것이므로, 특별한 사정이 없는 한 피고는 원고에게 이 사건 유인물로 인하여 원고가 입은 정신적 손해를 위자할 의무가 있다 할 것이다.",
            "2002. 12. 6. 소외 1 이 단지내 도로를 14억 원 정도는 받아야 한다고 말한 데에 대하여 원고가 동조하는 취지의 말을 한 사실이 인정될 뿐이다.",
            "또한 원고는, 이 사건 유인물로 인하여 원고의 처가 뇌출혈을 일으켜 원고가 정신적 고통을 받았다고 주장하나, 원고 처의 뇌출혈이 사실이라 하더라도 그것이 이 사건 유인물 또는 피고의 다른 불법행위로 인하여 발생한 것이라는 점을 인정할 아무런 증거가 없으므로 원고의 위 주장은 받아들일 수 없다.",
            "원고 처의 뇌출혈이 사실이라 하더라도 그것이 이 사건 유인물 또는 피고의 다른 불뮕행위로 인하여 발생한 것이라는 점을 인정할 아무런 증거가 없으므로 원고의 위 주장은 받아들일 수 없다",
            "사인인 원고가 사석에서 동석자의 말에 단지 동조하는 취지의 말을 한 사실을 공개하여 원고의 명예를 훼손한 행위가 공공의 이익을 위한 것으로서 정당한 행위라고 할 수 없다"
        ]
    },
    "close": {
        "cnclsns": [
            "제1심 판결 중 다음에서 지급을 명하는 금원에 해당하는 원고 패소부분을 취소한다. 피고는 원고에게 금 5,000,000원 및 이에 대한 2003.11.21부터 2006.1.26까지 연 5%, 그 다음날부터 다 갚는 날까지 연 20%의 각 비율에 의한 금원을 지급하라.",
            "원고의 나머지 항소를 기각한다.",
            "소송총비용은 이를 5분하여 그 1은 피고의, 나머지는 원고의 각 부담으로 한다.",
            "제1항 중 금원지급 부분은 가집행할 수 있다."
        ]
    }
}