{
    "info": {
        "caseField": "1",
        "detailField": "1",
        "trailField": "1",
        "caseNm": "대여금",
        "courtNm": "수원지방법원",
        "judmnAdjuDe": "2005. 10. 20.",
        "caseNo": "2005가단21117",
        "relateLaword": [
            "민법 제168조"
        ],
        "qotatPrcdnt": []
    },
    "concerned": {
        "acusr": "2",
        "dedat": "1"
    },
    "org": {
        "orgJdgmnCourtNm": "",
        "orgJdgmnAdjuDe": "",
        "orgJdgmnCaseNo": ""
    },
    "disposal": {
        "disposalform": "1",
        "disposalcontent": [
            "원고에게, 피고 1은 금 2억 원과 이에 대하여 1991. 8. 27.부터 다 갚는 날까지 연 22%의 비율로 계산한 돈을, 00는 피고 1과 연대하여 위 금원 중 5,000만 원과 이에 대하여 1991. 8. 27.부터 다 갚는 날까지 연 22%의 비율로 계산한 돈을 각 지급한다.",
            "원고의 00에 대한 나머지 청구를 기각한다.",
            "소송비용 중 원고와 피고 1 사이에 생긴 부분은 피고 1의, 원고와 00 사이에 생긴 부분은 이를 4분하여 그 1은 00의, 나머지는 원고의 각 부담으로 한다.",
            "제1항은 가집행할 수 있다."
        ]
    },
    "mentionedItems": {
        "rqestObjet": [
            "피고들은 연대하여 원고에게 금 2억 원과 이에 대하여 1991. 8. 27.부터 다 갚는 날까지 연 22%의 비율로 계산한 돈을 지급한다."
        ]
    },
    "assrs": {
        "acusrAssrs": [
            "피고들은 연대하여 원고에게 2억 원을 지급하여야 한다."
        ],
        "dedatAssrs": [
            "피고 1을 주 채무자로 하는 대출약정은 통정허위표시에 해당하여 무효이고, 또한 이 사건 대출계약의 실질적인 당사자는 피고 2이어서 위 대출금 채무는 변제기일인 1991. 8.로부터 5년이 경과함으로써 소멸시효가 완성되었다."
        ]
    },
    "facts": {
        "bsisFacts": [
            "피고 1은 1991. 5. 28. 소외 000(그 후 1993. 7. 26. 설립된 000가 그 권리, 의무를 승계하였다, 아래에서는 '소외 회사' 라 한다)와 사이에 어음할인에 의한 대출한도액을 금 2억 원, 이자할인료는 연 18%, 연체 이자는 연 22%, 변제기는 1991. 8. 6.로 각 정하여 어음할인거래약정을 체결한 뒤 금 2억 원을 대출받았고, 피고 2는 위 약정에 기한 대출금 채무에 대하여 연대보증을 하였다.",
            "피고들은 위 약정 당시 소외 회사에게 (어음번호), 발행인 피고 2 액면금 2억 원, 지급기일 2001. 8. 6., 발행일 1991. 5. 28., 지급지 및 발행지 각 부천시, 지급장소 000 0000지점으로 된 약속어음 1장을 교부하여 주었다.",
            "소외 회사는 1991. 9. 6. 위 약속어음을 소지하고 지급장소에서 지급제시하였으나 무거래를 이유로 그 지급이 거절되었고, 한편 소외 회사는 피고들로부터 1991. 8. 26.까지의 약정이자 및 연체이자를 지급받았다.",
            "소외 회사는 1996. 6. 21. 수원지방법원 96카단20748호로 청구채권을 1991. 5. 28.자 약속어음금 중 일부금 5,000만 원으로 하여 자동차가압류 결정을 받아 피고 1 소유의 (차량번호) 0 승용차를 가압류하였다.",
            "소외 회사는 1999. 6. 29. 수원지방법원 99하29호로 파산선고 결정을 받았고, 원고가 그 파산관재인이 되었다."
        ]
    },
    "dcss": {
        "courtDcss": [
            "이 사건 대출약정이 통정허위표시라는 점에 부합하는 듯한 을제3호증의 1 내지 8의 각 기재는 이를 믿지 아니하고, 을제2호증의 1, 2의 각 기재만으로는 이를 인정하기에 부족하며, 달리 이를 인정할 만한 증거가 없으므로 피고 2의 위 주장은 이유 없다.",
            "가사 위 주장과 같이 이 사건 대출약정이 통정허위표시라고 하더라도, 파산자가 상대방과 통정한 허위의 의사표시를 통하여 가장채권을 보유하고 있다가 파산이 선고된 경우 그 가장채권도 일단 파산재단에 속하게 된다. ",
            "그리고, 파산선고에 따라 파산자와는 독립한 지위에서 파산채권자 전체의 공동의 이익을 위하여 직무를 행하게 된 파산관재인은 그 허위표시에 따라 외형상 형성된 법률관계를 토대로 실질적으로 새로운 법률상 이해관계를 가지게 된 민법 제108조 제2항의 제3자에 해당하므로, 피고 2는 이 사건 대출약정이 무효라는 사유를 들어 소외 회사의 파산관재인인 원고에게 대항할 수 없다.",
            "가압류에 의한 시효중단의 효력은 가압류의 집행보전의 효력이 존속하는 동안은 계속되는 것이고 또한 주채무자에 대한 소멸시효 중단의 효력은 보증인에게까지 미치는 것인바, 소외 회사가 피고 1의 자동차에 대하여 한 가압류의 집행보전의 효력이 소멸하였다는 점에 대한 주장, 입증이 없는 이상 위 가압류의 효력은 존속하고 있다.",
            "채권자가 가분채권의 일부분을 피보전채권으로 주장하여 채무자 소유의 재산에 대하여 가압류를 한 경우에 있어서는 그 피보전채권 부분에 한하여 시효중단의 효력이 있다 할 것이고 가압류에 의한 피보전채권에 포함되지 아니한 나머지 채권에 대하여는 시효중단의 효력이 발생할 수 없다.",
            "소외 회사가 피고 1의 자동차에 대하여 한 가압류의 피보전채권이 1991. 5. 28.자 약속어음금 중 일부인 5,000만 원인 점은 앞서 본 바와 같으므로 위 일부 채권을 제외한 나머지 1억 5,000만 원에 대하여는 이 사건 대출금 채무의 변제기일인 1991. 8. 6.로부터 10년이 경과하였음이 역수상 명백한 2001. 8. 6. 그 소멸시효가 완성되었다고 봄이 상당하다 할 것이다.",
            "피고 2는 위 대출금 채권이 상사채권이어서 그 소멸시효기간이 5년이라고 주장하나, 피고들에 대한 위 대출금 채권은 일반채권으로 10년이 소멸시효기간이 적용된다."
        ]
    },
    "close": {
        "cnclsns": [
            "원고에게, 피고 1은 금 2억 원과 이에 대하여 1991. 8. 27.부터 다 갚는 날까지 연 22%의 비율로 계산한 돈을, 피고 2는 피고 1과 연대하여 위 금원 중 5,000만 원과 이에 대하여 1991. 8. 27.부터 다 갚는 날까지 연 22%의 비율로 계산한 돈을 각 지급하여야 한다.",
            "원고의 피고 2에 대한 나머지 청구를 기각한다.",
            "소송비용 중 원고와 피고 1 사이에 생긴 부분은 피고 1의, 원고와 피고 2 사이에 생긴 부분은 이를 4분하여 그 1은 피고 2의, 나머지는 원고의 각 부담으로 한다.",
            "제1항은 가집행할 수 있다."
        ]
    }
}