{
    "info": {
        "caseField": "1",
        "detailField": "1",
        "trailField": "1",
        "caseNm": "손해배상(기)",
        "courtNm": "수원지방법원 성남지원",
        "judmnAdjuDe": "2007. 06. 22.",
        "caseNo": "2005가합5399",
        "relateLaword": [
            "민법 제671조",
            "구 집합건물법 제9조 ",
            "민법 제667조 ",
            "구 주택건설촉진법 제38조 ",
            "구 공동주택관리령 제16조 ",
            "구 공동주택관리령 제16조의2 ",
            "집합건물법 제9조",
            "주택관리령 제16조",
            "주택법 제46조 ",
            "건축법 제18조",
            "주택법시행령 제59조 ",
            "민법 제667조",
            "주택법시행령 제46조 ",
            "주택법 제29조",
            "주택법시행령 제62조 "
        ],
        "qotatPrcdnt": [
            " 대법원 2002. 2. 28. 선고 99다69662 판결",
            " 대법원 2004. 1. 27. 선고 2001다24891 판결 "
        ]
    },
    "concerned": {
        "acusr": "2",
        "dedat": "2"
    },
    "org": {
        "orgJdgmnCourtNm": "",
        "orgJdgmnAdjuDe": "",
        "orgJdgmnCaseNo": ""
    },
    "disposal": {
        "disposalform": "10",
        "disposalcontent": [
            "원고의 청구를 기각한다.",
            "소송비용은 원고가 부담한다."
        ]
    },
    "mentionedItems": {
        "rqestObjet": [
            "피고는 원고에게 798,751,676원 및 이에 대한 이 사건 소장 송달 다음날부터 2007. 4. 20.자 청구취지 및 청구원인 변경 신청서 송달일까지는 연 5%, 그 다음날부터 갚는 날까지는 연 20%의 각 비율로 계산한 돈을 지급한다"
        ]
    },
    "assrs": {
        "acusrAssrs": [
            "원고는, 피고가 이 사건 아파트를 건축, 분양함에 있어 사업승인 당시의 설계도면과 다르게 임의로 변경시공하거나 미시공 또는 부실시공을 한 탓으로 이 사건 아파트에 하자보수책임기간이 1, 2, 3, 5, 10년에 해당하는 하자가 발생하였고, 이를 보수하는데 합계 798,751,676원 상당의 비용이 소요된다.",
            "사업주체인 피고는 원고에게 하자보수에 갈음하는 손해배상으로 그 하자보수비용 및 이에 대한 지연손해금을 지급할 의무가 있다고 주장한다.",
            "사용검사위 하자보수비용 포함, 총 보수비용 955,216,069원 중 원고가 양수받은 하자보수에 갈음하는 손해배상채권의 비율 83.62%에 해당하는 금원이다."
        ],
        "dedatAssrs": [
            "하자보수기간이 1, 2, 3, 5년인 시설에 대한 하자보수를 완료하고 원고로부터 하자보수종료확인서(을 제1호증의 1내지 3, 을 제2호증의 1 내지 5)를 발급받았으므로 하자보수기간이 5년 이하인 하자에 대하여는 보수가 완료되었다."
        ]
    },
    "facts": {
        "bsisFacts": [
            "원고는 0000(지번 생략)에 있는(단지 이름 생략) 6개동 525세대(이하 이 사건 아파트 라 한다)의 동별 입주자 대표들로 구성된 자취관리기구이고, 피고는 위 아파트를 건축, 분양한 사업주체이다.",
            "원고는 0000(지번 생략)에 있는(단지 이름 생략) 6개동 525세대(이하 이 사건 아파트 라 한다)의 동별 입주자 대표들로 구성된 자취관리기구이고, 피고는 위 아파트를 건축, 분양한 사업주체이다. 나. 피고는 이 사건 아파트에 관하여 1997. 5. 16. 관할관청으로부터 사용검사를 받았고 그 무렵 주민들의 입주가 완료되었다.",
            "피고가 이 사건 아파트를 신축·분양한 후 이 사건 아파트의 공용부분에는 건물 외벽과 계단실, 복도, 옥상부 바닥 및 방수턱, 동지하 벽체 및 바닥 등에 건·습식 균열, 철근노출 등 하자들이 발생하여 현재까지도 하자가 남아 있는데, 원고는 피고로부터 그 하자보수에 갈음하는 손해배상금을 지급받기 위하여 2005. 7. 5. 이 사건 소를 제기하였다.",
            "이 사건 아파트 525세대 중 439세대의 구분소유자들은 2006. 12. 14. 피고에 대하여 가지는 하자보수에 갈음하는 손해배상청구권을 원고에게 양도하고(면적에 따른 양수비율은 83.62%), 그 무렵 위 채권양도 통지가 피고에게 도달하였다.",
            "원고 주장의 하자들이 하자보수책임기간내에 발생하였다 하더라도 상사 소멸시효가 적용되어 하자 보수에 갈음하는 손해배상청구권은 이미 소멸시효가 완성되었다고 주장한다."
        ]
    },
    "dcss": {
        "courtDcss": [
            "구 집합건물의 소유 및 관리에 관한 법률(2005. 5. 26. 법률 제7502호로 변경되기 위의 것, 이하 구 집합건물법 이라 한다) 제9조 제1항 에서는 건물을 건축하여 분양한 자의 담보책임에 관하여는 민법 제667조 내지 제671조의 규정을 준용하도록 규정한다.",
            "제2항 에서는 제1항 의 분양자의 담보책임에 관하여는 민법에 규정하는 것보다 매수인을 불리하게 한 특약은 그 효력이 없다고 규정하였으며, 부칙 제6조 에서는 집합주택의 관리방법과 기준에 관한 주택건설촉진법의 특별한 규정은 그것이 이 법에 저촉하여 구분소유자의 기본적인 권리를 해하지 않는 한 효력이 있다고 규정하였다.",
            "구 주택건설촉진법은 손해배상에 관하여, 제38조 제16항 에서 제14항 의 규정에 의한 사업주체와 건축주는 공동주택의 내력구조부에 중대한 하자가 발생한 때에는 10년의 범위 내에서 이를 보수하고, 그로 인한 손해를 배상할 책임이 있으며, 이 경우 구조별 하자보수기간과 하자의 범위는 대통령령으로 정한다고 규정하였다.",
            "이에 따라 구 공동주택관리령 제16조의2 제1항 에서는 법 제38조 제16항 의 규정에 의한 내력구조별 하자보수기간을 기둥, 내력벽(힘을 받지 아니하는 조적벽 등을 제외한다)은 10년, 보, 바닥, 지붕은 5년으로 하되, 하자의 범위를 내력구조부에 발생한 결함으로 인하여 당해 공동주택이 무너진 경우와 안위진단 실시결과 당해 공동주택이 무너질 우려가 있다고 판정된 경우로 한정하였다.",
            "주택법(2005. 5. 26. 법률 제7520호로 개정된 것)은 하자보수에 관하여, 제46조 제1항 에서 사업주체는 건축물 분양에 따른 담보책임에 관하여 민법 제667조 내지 제671조 의 규정을 준용하도록 했다.",
            "집합건물법 제9조 의 규정에 불구하고 공동주택의 사용검사일 또는 건축법 제18조 의 규정에 의한 공동주택의 사용승인일부터 공동주택의 내력구조부별 및 시설공사별로 10년 이내의 범위에서 대통령령이 정하는 담보책임기간 안에 공사상 잘못으로 인한 균열·침하·파손 등 대통령령으로 정하는 하자가 발생한 때에는 공동주택의 입주자 등 대통령령이 정하는 자의 청구에 따라 그 하자를 보수하도록 규정하고 있다.",
            "하자로 인한 손해배상에 관하여 는 제46조 제3항 에서 사업주체는 제1항 의 규정에 의한 담보책임기간 안에 공동주택의 내력구조부에 중대한 하자가 발생한 때에는 하자발생으로 인한 손해를 배상할 책임이 있다고 규정하고 있다.",
            "주택법은 부칙 제1조 에서 공포한 날로부터 시행하되, 부칙 제3조 에서 이 법 시행 위에 주택법 제29조 의 규정에 의한 사용검사 또는 건축법 제18조 의 규정에 의한 사용승인을 얻은 공동주택의 담보책임 및 하자보수에 관하여는 제46조 의 개정규정을 적용하도록 규정하였다.",
            "주택법의 개정에 따라 개정된 집합건물법(2005. 5. 26.법률 제7502호로 개정됨) 부칙 제6조 는 집합주택의 관리방법과 기준에 관한 주택법의 특별한 규정은 그것이 이 법에 저촉하여 구분소유자의 기본적인 권리를 해하지 않는 한도에서 효력이 있지만, 공동주택의 담보책임 및 하자보수에 관하여는 주택법 제46조 의 규정이 정하는 바에 따른다고 규정하였다.",
            "개정된 주택법 부칙에서는 공포한 날로부터 위 법을 시행하되, 담보책임 및 하자보수에 관하여는 위 법 시행 위에 사용검사 또는 사용승인을 얻은 공동주택에 대해서도 제46조 의 개정된 내용을 적용한다고 규정하고 있다.",
            "주택법의 개정에 따라 개정된 집합건물법 부칙에서는 공동주택의 담보책임 및 하자보수에 관하여는 주택법 제46조에 정하는 바에 따른다고 규정하고 있다.",
            "결국 개정된 주택법과 집합건물법은, 공동주택의 담보책임 및 하자보수에 관하여 집합건물법과 그에 의하여 준용되던 민법 제667조 내지 제671조 의 규정의 적용을 명문으로 배제하고 통일적으로 주택법 제46조 의 규정만이 적용되도록 하였다 할 것이다.",
            "개정 주택법에 따른 주택법 시행령 제59조 제1항 은 별표 6,7에서 사업주체가 보수책임을 부담하는 하자의 범위와 하자담보책임기간을 규정하면서, 구 공동주택관리령의 별표 7과 달리 별표 6에서는 1, 2, 3년차 하자만을 규정한다.",
            "내력구조부의 5,10년차 하자에 관하여는 별표 7에서 무너질 염려가 있는 등의 한정된 경우에만 보수책임을 인정함으로써 명문으로 내력구조부의 하자에 대한 책임을 제한하고 있다.",
            "현행법에 의하면 내력구조부의 하자라고 하더라도 모든 하자에 대하여 5년 내지 10년의 담보책임이 인정되는 것이 아니라, 그 결함이 중대한 경우에 한하여서만 5년 내지 10년의 담보책임이 인정된다고 할 것이다.",
            "이 사건 아파트의 내력구조부에 존재하는 하자가 아파트가 무너질 우려가 있다고 판정될 정도에는 이르지 아니하였다고 보이고, 달리 이를 인정할 증거가 없다.",
            "원고가 5년차 및 10년차 하자라고 주장하는 부분은 그 하자가 1년차, 2년차 또는 3년차 하자에 해당하는지를 살펴 그에 해당하면 그 부분의 하자로서 청구할 수 있을 뿐이고, 5년차, 10년차 하자로서는 청구할 수 없다 할 것이다.",
            "한편, 원고는 사용검사일 이전에 발생한 하자에 대하여는 주택법이 적용되지 아니하고 집합건물법 제9조 제1항, 민법 제671조 가 적용되어 인도일로부터 10년간의 하자담보책임기간을 인정하여야 한다고 주장하나, 주택법에서는 사용검사일 이전의 하자와 이후의 하자를 구분하여 규정하고 있지 아니하므로 위 주장은 받아들이지 아니한다.",
            "피고는 원고에게 이 사건 아파트의 하자로 인한 손해를 개정된 주택법 및 그 시행령이 정한 바에 따라 배상할 책임을 진다.",
            "이 사건 아파트에 대하여 발생하였다는 1,2년차 하자는 사용검사일로부터 2년이 지나 발생한 것으로 추정되며, 달리 위 하자들이 사용검사일로부터 2년 이내에 발생하였다고 볼 증거가 없으므로 피고의 이 부분 주장은 위 인정범위 내에서 이유 있다(3년차 하자에 관하여도 하자보수를 완료하였다는 피고의 주장은, 진정한 것임을 인정할 수 없는 을 제1호증의 3 외에는 이를 인정할 증거가 없다).",
            "피고는 일단 원고에게 이 사건 아파트의 하자 중 3년차 하자로 평가될 수 있는 부분에 대한 손해배상금을 지급할 의무가 있다.",
            "이 사건 아파트의 사용검사일인 1997. 5. 16.인 사실은 앞서 본 바와 같으므로 원고는 위 일시로부터 담보책임 기간인 3년이 경과한 다음날인 2000. 5. 17.부터는 위 청구권을 행사할 수 있었음이 명백하다.",
            "이 사건 아파트를 피고가 수분양자들에게 분양한 행위는 상행위에 해당하므로, 그로 인하여 생긴 채무의 불이행에 터잡은 손해배상채무도 5년의 상사 소른시효가 적용된다 할 것이다.",
            "원고가 2000. 5. 17.부터 위 소른시효기간 5년이 경과한 후인 2006. 12. 14.에 비로소 이 사건 아파트의 각 구분소유자들로부터 손해배상채권을 양도받은 사실은 위에서 인정한 바와 같으므로, 위 3년차 하자들로 인한 원고의 손해배상청구권은 모두 시효가 완성되어 소멸하였다 할 것이어서, 피고의 위 항변은 이유 있다."
        ]
    },
    "close": {
        "cnclsns": [
            "원고의 청구를 기각한다.",
            "소송비용은 원고가 부담한다."
        ]
    }
}