{
    "info": {
        "caseField": "1",
        "detailField": "1",
        "trailField": "1",
        "caseNm": "손해배상(기)",
        "courtNm": "서울중앙지법",
        "judmnAdjuDe": "2006. 07. 04.",
        "caseNo": "2005가합88362",
        "relateLaword": [
            "대한민국과 아메리카합중국 간의 상호방위조약 제4조에 의한 시설",
            "구역 및 대한민국에서의 합중국군대의 지위에 관한 협정 제23조",
            "한미행정협정의 시행에 관한 민사특별법  제2조",
            "국가배상법 제2조"
        ],
        "qotatPrcdnt": []
    },
    "concerned": {
        "acusr": "1",
        "dedat": "3"
    },
    "org": {
        "orgJdgmnCourtNm": "",
        "orgJdgmnAdjuDe": "",
        "orgJdgmnCaseNo": ""
    },
    "disposal": {
        "disposalform": "1",
        "disposalcontent": [
            "피고는 원고에게 금 54,405,000원 및 그 중 금 7,425,000원에 대하여는 2001. 3. 6.부터, 금 42,000,000원에 대하여는 2001. 3. 5.부터, 금 4,980,000원에 대하여는 2001. 2. 23.부터 각 2006. 7. 4.까지는 연 5%, 그 다음날부터 다 갚는 날까지는 연 20%의 각 비율에 의한 금원을 지급한다.",
            "원고의 나머지 청구를 기각한다.",
            "소송비용 중 9 10는 원고가, 나머지는 피고가 각 부담한다.",
            "제1항은 가집행할 수 있다."
        ]
    },
    "mentionedItems": {
        "rqestObjet": [
            "피고는 원고에게 금 987,095,000원 및 그 중 금 7,425,000원에 대하여는 2001. 3. 6.부터, 금 42,000,000원에 대하여는 2001. 3. 5.부터, 금 4,980,000원에 대하여는 2001. 2. 23.부터, 나머지 금 932,690,000원에 대하여는 2002. 2. 5.부터 각 이 사건 소장부본 송달일까지는 연 5%, 그 다음날부터 다 갚는 날까지는 연 20%의 각 비율에 의한 금원을 지급한다."
        ]
    },
    "assrs": {
        "acusrAssrs": [
            "원고는, 위 헬기소음으로 인하여 타조의 산란율이 저하되어 금 932,690,000원(= 부화감소수 5,527개 × 육성타조가격(3개월령 가격) 200,000원 - 부화 및 사육비용 172,710,000원)의 손해를 입었으므로 피고는 원고에게 이를 배상할 책임이 있다고 주장한다."
        ],
        "dedatAssrs": []
    },
    "facts": {
        "bsisFacts": [
            "주한미공군 특수작전사령부 353 특수작전위대 31특수작전대대 소속 엠에이취53(MH-53)기입의 헬기가 2001.2. 1.과 같은 달 5. 저녁 8시경 원고가 경영하는 0000(상세 주소 생략) 소재 타조농장 상공을 100피트 이하로 저공비행하였는데, 위 헬기의 소음정도는 61m 이격거리에서는 90dB(A) 이상, 152m 이격거리에서는 80dB(A) 이상에 이른다.",
            "타조농장에 있던 타조들이 그 비행소음에 놀라 서로 부딪히는 등 열상 및 타박상을 입었다.",
            "그 치료비로 2001. 2. 5. ~ 같은 달 7. 각 금 730,000원, 같은 달 8~ 같은 달 14. 금 3,360,000원, 같은 해 3. 6. 금 1,275,000원, 검안서 등 비용으로 같은 해 3. 5. 금 600,000원 합계 금 7,425,000원을 지출하였다.",
            "위 소음으로 인해 외상을 입은 타조 10마리(시가 합계 42,000,000원 = 6년생 타조 6마리 × 6,000,000원 + 1년생 타조 4마리 × 1,500,000원)가 2001. 2. 14.부터 같은 해 3. 5.까지 별지 목록 기재와 같이 스트레스로 인한 식욕부진 등으로 인해 폐사하였다.",
            "원고는 2001. 2. 17.부터 같은 달 23.까지 타조들이 놀라 뛰는 바람에 파손된 농장 울타리 등을 수리하는 비용으로 합계 금 4,980,000원(= 철근비용 1,480,000원 + 인건비 3,500,000원)을 지출하였다.",
            "타조의 특성상 신경이 날카롭기 때문에 평소에 느끼지 못한 소음을 접하게 되면, 놀라서 뛸 수 있고, 스트레스를 받아 폐사할 수 있으며, 그외 산란율 감소, 수정률 감소, 설사, 탈장, 외상 등의 피해가 발생할 수 있다.",
            "한편, 원고의 위 타조농장 주위에는 별다른 소음원이 없다."
        ]
    },
    "dcss": {
        "courtDcss": [
            "주한미군이 야간에 헬기훈련을 함에 있어 소음으로 인하여 제3자가 피해를 입지 않도록 주의할 의무가 있음에도 불구하고 이를 위반하여 피해에 대한 아무런 예방조취 없이 야간에 타조농장이 있는 곳을 저공비행함으로써 원고로 하여금 위와 같이 타조폐사 등의 손해를 입게 하였다.",
            "피고는 대한민국과 아메리카합중국 간의 상호방위조약 제4조에 의한 시설과 구역 및 대한민국에서의 합중국군대의 지위에 관한 협정(이하 한미행정협정 이라 한다) 및 제23조 및 한미행정협정의 시행에 관한 민사특별법 제2조 제1항과 국가배상법 제2조 제1항 에 따라 주한미군 소속 헬기의 비행으로 인하여 원고가 입은 손해를 배상할 의무를 부담한다.",
            "피고는 원고에게 손해배상금 54,405,000원(= 치료비 7,425,000원 + 폐사한 타조손해 42,000,000원 + 농장수리비 4,980,000원) 및 그 중 금 7,425,000원에 대하여는 2001. 3. 6.부터, 금 42,000,000원에 대하여는 2001. 3. 5.부터, 금 4,980,000원에 대하여는 2001. 2. 23.부터 각 이 판결선고일인 2006. 7. 4.까지는 민법이 정한 연 5%의 비율로 지급할 의무가 있다.",
            "또한 그 다음날부터 다 갚는 날까지는 소송촉진 등에 관한 특례법이 정한 연 20%의 각 비율에 의한 지연손해금을 지급할 의무가 있다.",
            "갑 제4호증의 1, 2, 갑 제15호증의 각 기재, 이 법원의 대한수의사협회에 대한 사실조회 결과만으로는 위 헬기소음으로 인하여 원고 소유 타조의 산란감소가 그 주장과 같다는 점을 인정하기에 부족하고 달리 이를 인정할 아무런 증거가 없으므로, 위 주장은 더 나아가 살필 필요 없이 이유 없다."
        ]
    },
    "close": {
        "cnclsns": [
            "피고는 원고에게 금 54,405,000원 및 그 중 금 7,425,000원에 대하여는 2001. 3. 6.부터, 금 42,000,000원에 대하여는 2001. 3. 5.부터, 금 4,980,000원에 대하여는 2001. 2. 23.부터 각 2006. 7. 4.까지는 연 5%, 그 다음날부터 다 갚는 날까지는 연 20%의 각 비율에 의한 금원을 지급한다.",
            "원고의 나머지 청구를 기각한다.",
            "소송비용중 9/10는 원고가, 나머지는 피고가 각 부담한다.",
            "제1항은 가집행할 수 있다."
        ]
    }
}