{
    "info": {
        "caseField": "1",
        "detailField": "1",
        "trailField": "2",
        "caseNm": "손해배상(기)",
        "courtNm": "서울고등법원",
        "judmnAdjuDe": "2006. 01. 19.",
        "caseNo": "2005나43106",
        "relateLaword": [],
        "qotatPrcdnt": []
    },
    "concerned": {
        "acusr": "1",
        "dedat": "1"
    },
    "org": {
        "orgJdgmnCourtNm": "서울중앙지방법원",
        "orgJdgmnAdjuDe": "2005. 5. 17.",
        "orgJdgmnCaseNo": "2004가합86529"
    },
    "disposal": {
        "disposalform": "10",
        "disposalcontent": [
            "피고의 항소를 기각한다.",
            "항소비용은 피고가 부담한다."
        ]
    },
    "mentionedItems": {
        "rqestObjet": [
            "피고는 원고에게 144,815,068원 및 이에 대하여 이 사건 소장 부본 송달 다음날부터 제1심 판결 선고일까지 연 5%, 그 다음날부터 다 갚는 날까지 연 20%의 각 비율로 계산한 돈을 지급한다.",
            "제1심 판결 중 피고 패소부분을 취소하고, 그 취소부분에 해당하는 원고의 청구를 기각한다."
        ]
    },
    "assrs": {
        "acusrAssrs": [
            "원고는, 피고와 소외 3 등은 공동불법행위자로서 원고의 손해액 전부에 대하여 부진정연대책임을 부담하여야 할 뿐만 아니라, 소외 3 등의 채권가압류는 허위채권이거나 가압류금액이 소외 2 가 보관하고 있는 금액 중 일부에 지나지 아니하여 원고의 이 사건 약정금채권 회수에 지장을 주지 아니하였다고 주장한다."
        ],
        "dedatAssrs": [
            "피고는, 원고가 이 사건 약정금 1,270,000,000원을 제때에 지급받지 못한 것은 피고의 이 사건 가압류 뿐만 아니라 소외 2 가 보관하고 있던 소외 1 의 2,400,350,000원에 관하여 원고, 소외 3 , 소외 4 의 각 채권가압류가 있었기 때문이므로, 피고는 면책이 되거나 소외 3 , 소외 4 등과 그 손해액을 분담하여야 한다고 주장한다."
        ]
    },
    "facts": {
        "bsisFacts": [
            "원고가 제1심에서 ① 부당한 가압류로 인한 94,815,068원의 손해배상청구와 ② 부당소송 등으로 인한 50,000,000원의 위자료청구를 하였다",
            "① 부분의 청구는 일부 인용되고, 위 ② 부분의 청구는 기각된 제1심 판결에 대하여, 피고만 항소하였다."
        ]
    },
    "dcss": {
        "courtDcss": [
            "소외 2 가 보관하고 있던 위 2,400,350,000원 중 1,947,000,000원이 최종적으로 소외 2 가 소외 1 에게 지급할 보관금으로 확정되었는데, 원고가 서울지방법원 (사건번호 생략) 호로 소외 1 의 소외 2 에 대한 1,270,000,000원의 보관금반환채권에 관하여 가압류신청을 하여 그 가압류결정이 2001. 9. 28. 소외2에게 송달되었다.",
            "그 후 피고가 이 사건 가압류신청을 하여 그 가압류결정이 2002. 5. 10. 소외 2 에게 송달되었으며, 소외 3 이 서울지방법원 (사건번호 생략) 호로 소외 1 의 소외 2 에 대한 1,857,107,946원의 보관금반환채권에 관하여 가압류신청을 하여 그 가압류결정이 2002. 10. 25. 소외 2 에게 송달되었다가, 2003. 1. 20. 가압류가 해제되었다.",
            "소외 4 가 수원지방법원 성남지원 (사건번호 생략) 호로 소외 3 의 소외 2 에 대한 207,321,983원의 보관금반환채권에 관하여 가압류신청을 하여 그 가압류결정이 2003. 2. 26. 소외 2 에게 송달되었다.",
            "이에 소외 2 는 2003. 11. 4. 위 1,947,000,000원에서 피공탁자 원고, 소외 5 , 소외 3 의 동의를 받아 소외 1 에게 지급한 돈을 제외한 나머지 보관금 1,878,547,468원을 피공탁자를 원고, 소외 1 , 소외 5 , 소외 3 으로 하여 서울지방법원 (사건번호 생략) 호로 공탁하였다.",
            "원고는 피공탁자 소외 1, 소외 5, 소외 3 을 상대로 서울중앙지방법원 (사건번호 생략) 호로 위 공탁금 1,878,547,468원 중 1,426,227,396원의 출급권자가 원고임의 확인을 구하는 소송을 제기하여, 소외 1, 소외 3 은 2005. 5. 25. 원고의 청구를 인낙하였고, 소외 5 에 대하여는 2005. 6. 15. 원고 승소판결이 선고된 사실을 인정할 수 있다.",
            "원고의 신청에 따른 가압류는 원고의 이 사건 약정금채권확보를 위한 것이므로 이 사건 약정금채권회수에 지장을 주는 것이 아닌 점, 소외 3 의 신청에 따른 가압류는 허위채권에 기한 것으로서 2002. 10. 25. 가압류집행이 이루어졌다가 2003. 1. 20. 해제되었다.",
            "소외 4 의 신청에 따른 가압류는 소외 3 을 채무자로 한 것일 뿐만 아니라 그 가압류금액도 위 보관금 1,878,547,468원 중 일부인 207,321,983원에 지나지 아니한 점, 피고의 이 사건 가압류가 없었더라르 소외 2 가 위 공탁을 하지 아니하였을 것으로 보인다.",
            "피고의 이 사건 가압류가 주된 원인이 되어 원고가 이 사건 약정금 1,270,000,000원을 제때에 지급받지 못하게 되었다고 봄이 상당하고, 또한 피고의 이 사건 가압류에 소외 3 , 소외 4 의 가압류가 더하여져 원고가 이 사건 약정금 1,270,000,000원을 제때에 지급받지 못하게 되었다고 하더라도, 피고와 소외 3 , 소외 4 는 공동불법행위자로서 원고의 손해액 위부에 대하여 부진정연대책임을 부담하여야 할 것이다."
        ]
    },
    "close": {
        "cnclsns": [
            "피고의 항소를 기각한다.",
            "항소비용은 피고가 부담한다."
        ]
    }
}