{
    "info": {
        "caseField": "1",
        "detailField": "1",
        "trailField": "1",
        "caseNm": "신용장대금지급",
        "courtNm": "서울중앙지방법원",
        "judmnAdjuDe": "2007. 01. 26.",
        "caseNo": "2005가합53441",
        "relateLaword": [
            "어음법 제1조",
            "국제사법 제53조"
        ],
        "qotatPrcdnt": [
            "대법원 1998. 9. 4. 선고 96다6240 판결",
            "대법원 2002. 6. 28. 선고 2000다63691 판결 ",
            "대법원 2005. 5. 27. 선고 2002다3754 판결 ",
            "대법원 1997. 8. 29. 선고 96다37879 판결"
        ]
    },
    "concerned": {
        "acusr": "2",
        "dedat": "2"
    },
    "org": {
        "orgJdgmnCourtNm": "",
        "orgJdgmnAdjuDe": "",
        "orgJdgmnCaseNo": ""
    },
    "disposal": {
        "disposalform": "1",
        "disposalcontent": [
            "피고는 원고에게 미화 25,952,232.02 달러 및 이에 대하여 2005. 3. 31.부터 2005. 7. 13.까지는 연 6%의, 그 다음날부터 다 갚는 날까지는 연 20%의 각 비율에 의한 금원을 지급한다.",
            "소송비용은 피고의 부담으로 한다.",
            "제1항은 가집행할 수 있다."
        ]
    },
    "mentionedItems": {
        "rqestObjet": [
            "피고는 원고에게 미화 25,952,232.02 달러 및 이에 대하여 2005. 3. 31.부터 2005. 7. 13.까지는 연 6%의, 그 다음날부터 다 갚는 날까지는 연 20%의 각 비율에 의한 금원을 지급한다.",
            "소송비용은 피고의 부담으로 한다.",
            "제1항은 가집행할 수 있다."
        ]
    },
    "assrs": {
        "acusrAssrs": [],
        "dedatAssrs": [
            "개설은행인 피고의 지시에 위반하여 LOI를 매입한 원고는 피고에게 상환청구권을 행사할 수 없다.",
            "피고는 위 부가조건의 삭제로 인하여 수익자가 여타 은행에 신용장의 매입을 청구할 수는 없다 하더라도 신용장개설자인 피고에 대하여 직접 신용장 대금을 청구할 수 있는 길이 열려 있으므로 수익자의 권리에 영향을 미치는 것이 아니라고 주장한다.",
            "원고가 제시한 상업송장과 LOI에 '원본' 혹은 'Original'이라는 기재가 없으므로 원본이 아니다.",
            "원고가 제시한 서류표지에는 수익자의 명칭 및 주소가 0000 로 기재되어 있는데 반하여, 이 사건 각 신용장 및 상업송장에는 0000 로 기재되어 있다.",
            "이는 원고가 이 사건 신용장이 정한 수익자가 아닌 제3자로부터 이 사건 신용장 관련서류들을 매입하였거나, 서류 상호간 모순이 존재하는 경우에 해당하므로 피고가 원고의 상환 청구를 거부한 것은 정당하다.",
            "피고는, 국제상업회의소 은행위원회의 의견집 1995ㅡ2001(Collected Opinions 1995ㅡ2001) 252항에서 매입은행이 신용장 유효기간 내에 서류가 제시되었는지 반드시 표시하여야 하며 서류표지에 이를 표시하지 않은 경우에는 개설은행이 거절통지를 할수 있다고 판단하였으므로 표지 역시 신용장 관련서류 중에 포함된다는 취지의 주장을 한다.",
            "이 사건 상업송장에는 서명이 하나(Medalla)만 있으나 LOI에는 두 개의 서명(Tarcisio M. Medalla / Nelson T. Yap)이 존재하므로, 서류 상호간에 서로 불일치하는 경우에 해당한다.",
            "이 사건 신용장의 화물명세에는 \"KL\" 이라고 기재되어 있으나, 이 사건 상업송장에는 \"KLS\" 로 기재되어 있이므로 서로 일치하지 않는다.",
            "이 사건 신용장의 부가조건 78항은 매입은행에 대한 지시사항으로서 모든 서류를 피고에게 연속된 2개의 꾸러미로 송부해야 한다고 지시하고 있는바, 이는 피고가 신용장 개설은행으로서 서류의 분실을 방지하고 심사에 신속을 기하기 위하여 정한 지시사항으로서 매입은행은 위 지시에 따라야 할 의무가 있다.",
            "이 사건 신용장은 선하증권을 요구서류로 명시하고 있을 뿐만 아니라 신용장 금액이 선하증권상의 물품 수량과 비례하여 증감되도록 되어 있으므로 선하증권은 이 사건 신용장 관련서류의 매입을 요청함에 있어 반드시 제시되어야 할 서류인데, 피고가 매입은행으로부터가 아니라 다른 경로를 통하여 입수한 선하증권의 기재에 의하면 수하인이 피고가 아닌 제3자로 되어 있다.",
            "어음법 제1조 제1호는 증권의 본문 중에 그 증권의 작성에 사용하는 국어로 환어음임을 표시하는 문자를 반드시 기재하도록 요구하고 있으나, 이 사건 신용장에 기하여 수익자가 발행한 환어음에는 위와 같은 환어음 표시 문자가 없으므로 무효이다.",
            "원고는 필요한 서류가 구비되지 않은 상태에서 신용장 관련 서류들을 매입한 것이므로 피고에게 신용장 대금의 상환을청구할 수 없다.",
            "별지 1 목록 기재 11번 신용장 금액은 미화 2,000,000달러인데 비하여 그에 기한 환어음 금액은 미화 2,072,593.25달러로서 위신용장 금액을 초과한다.",
            "피고는 위 신용장대금의 지급을 거절할 수 있고, 가사 피고에게 신용장대금 지급 의무가 있다 하더라도 신용장통일규칙은 제39조 b항은 신용장 화물 수량의 과부족을 5% 한도에서 허용하더라도 신용장 대금의 상한은 신용장금액에 한정된다고 규정하고 있으므로, 원고는 신용장에 기재된 금액을 초과하는 부분을 청구할 수 없다.",
            "원고는 수익자의 사기행위의 공동불법행위자로서 피고에 대하여 신용장대금의 상환을 청구할 수 없거나, 피고는 원고에 대한 위 손해배상채권으로 원고 청구의 이 사건 신용장대금과 상계하는 바이다."
        ]
    },
    "facts": {
        "bsisFacts": [
            "피고는 농업협동조합법에 의하여 설립되어 은행업 등에 종사하는 법인으로서 아래 13건의 신용장(이하 '이 사건 신용장'이라 한다)의 개설은행이고, 원고는 프랑스에 본점을 둔 은행으로서 이 사건 신용장의 수익자로부터 이 사건 신용장에 기한 환어음 및 선적서류를 매입한 매입은행이다.",
            "피고의 전북 함열지점(이하 '000'이라 한다)은 000 주식회사(이하 '000'라 한다)의 신청을 받아 다음과 같은 조건으로 별지 1 목록 기재 13건의 이 사건 신용장을 개설하였다.",
            "원고는 2005. 3. 18. 수익자인 00로부터 이 사건 신용장에 기한 환어음과 상업송장(Commercial Invoice) 및 LOI 등의 선적서류(별지 2 기재와 같다)를 매입하였다.",
            "원고는 2005. 3. 18. 피고에게 환어음을 포함한 이 사건 신용장 관련서류를 발송하여, 위 서류는 같은 달 21. 피고에게 도달하였다.",
            "피고는 2005. 3. 28. 원고에게 위 신용장 관련서류에 신용장 조건과 다음과 같은 불일치가 있다는 이유로 지급 거절의 통지를발송하였다.",
            "이 사건 신용장에는 1993년 제5차 개정 신용장통일규칙(Uniform Customs and Practice for Commercial DocumentaryCredits, 1993 Revision, ICC Publication No. 500, 이하 신용장통일규칙이라 한다)이 적용된다고 명시되어 있다."
        ]
    },
    "dcss": {
        "courtDcss": [
            "신용장에 첨부되어 서류만으로 자유롭게 유통되고 처분되는 것이 원칙적인 거래의 모습이라 할 것이나, 한편 일명 백투백 신용장을 이용한 중개무역의 경우처럼 선적서류보다 신용장이 먼저 도달하여 환어음의 매입을청구하는 시점에서 선적서류를 제시하지는 못하지만 다른 방법으로 지급을 담보할 수 있어 선적서류를 제시하지 않고도 환어음의 매입이 이루어지는 경우가 있을 수 있다.",
            "개설은행이 화환신용장을 개설하면서 매수인으로 하여금 선하증권에 갈음하여 LOI를 제시하는 것과 상환으로 매입을 청구할 수 있도록 조건을 정하였다면 선하증권에 의한 담보를 스스로 포기하고 신용장대금의 지급을 확약한 것으로 볼 수 있어, 그러한 부가조건이 원칙적인 모습은 아니라 하더라도 무효라고 할 것은 아니다.",
            "위와 같은 부가조건을 포함하여 취소불능신용장을 개설한 개설은행이 위 부가조건을 삭제하는 것으로 신용장 내용을 변경하는 경우, 이는 수익자가 신용장 관련서류의 매입을 요청하면서 제시해야 하는 요구서류에 변화를 가져오는 것이 된다.",
            "취소불능신용장은 개설은행, 확인은행(있는 경우) 및 수익자의 동의 없이 변경 또는 취소될 수 없다고 규정한 신용장통일규칙 제9조d항 i호에 따라 수익자의 동의가 없이는 변경할 수 없다 할 것이다.",
            "다른 국가에 소재하는 격지자 간의 거래에서 매도인이 자신의 거래은행에 선적서류를 제시하고 환어음을 할인받아신속히 물품대금을 회수할 수 있도록 하는 매입신용장(Negotiable Credit)의 기능을 고려한다.",
            "그 때 ,위 부가조건을 삭제하여 수익자로 하여금 개설은행에 대하여만 신용장 대금을 청구할 수 있도록 하는 것은 매입신용장인 이 사건 신용장의 성질을 신용장 개설자에 대하여만 지급을 청구할 수 있는 지급신용장(Straight Credit)으로 변경하는 것이다.",
            "수익자가 자신의 편의에 따라 매입은행을 선택할 수 있는 권리를 박탈하는 것이 되어 수익자에게 아무런 불이익이 없는 것이라고 할 수 없다.",
            "수익자의 동의가 없는 피고의 위 부가조건 삭제 요구는 효력이 없고, 선하증권에 갈음하여 LOI를 제시하여 매입청구를할 수 있도록 하는 위 부가조건은 여전히 효력이 있다 할 것이므로, 피고는 선하증권이 첨부되지 아니한 서류를 매입하였다는 이유로 원고의 상환 청구를 거부할 수 없다.",
            "신용장거래에 참여하게 되는 다른 은행들, 예를 들어 수익자가 있는 나라의 은행으로서 수익자에게 신용장 발행을 단순히 통지하여 주는 통지은행, 개설은행의 요청에 따라 수익자에 대하여 신용장대금 지급을 확약하고 신용장대금 지급 의무를 지는 확인은행,개설은행의 위탁을 받아 지급행위만을 대행하는 지급은행 등의 경우에는 개설은행과의 관계가 신용장 밖의 은행간 계약관계에 따라 규율된다.",
            "신용장의 수익자와의 관계에서 위 은행들은 개설은행의 대리인의 지위에 있다고 볼 수 있으나, 매입은행은 자신의 계산과 위험부담으로 매입행위를 하게 되므로 매입할 권리를 수권받을 뿐매입의 의무를 지지 않고, 개설은행의 대리인의 지위에 있다고 할 수 없다.",
            "원고가 피고의 대리인의 지위에 있음을 전제로 원고가 피고의 지시 사항을 위반하였으므로 상환청구권을 행사할 수 없다는 주장은 이유 없다.",
            "이 사건 신용장의 조건에 따라 제시된 상업송장에는 수익자인 00의 성명 아래 서명란에 Medalla의 서명이, LOI에는 00의 성명 아래 Tarcisio M.Medalla 와 Nelson T. Yap 의 서명이 있으므로, 위 서류들은 작성자의 서명이 있는 원본으로 보아야 할 것이다.",
            "상업송장과 면책서의 원본 서류들이 제출되지 않았으므로 피고는 원고의 상환 청구를 거절할 수 있다는 피고의 주장은 이유 없다.",
            "피고 주장의 서류표지는 원고가 수익자로부터 매입한 서류들을 피고에게 송부하면서 송부하는 서류의 목록을 표시한 것임을 알 수 있으므로, 위 서류들은 위 조항에서 말하는 신용장에 명시된 서류가 아닐뿐만 아니라 신용장 매입을 위하여 수익자로부터 제시된 서류도 아니어서 은행의 심사 대상의 범주에 속하지 않는다 할 것이다.",
            "위 의견은 신용장통일규칙이 선적서류가 은행에 언제 접수되었는지 혹은 언제 선적서류를 매입하였는지를 증명하는데 대한 아무런 규정을 하고 있지 않다.",
            "선적서류를 제시받은 은행이 그 표지에 서류가 유효기간 내에 제시되었다는 것을 표시하면 다른 특별한 사정이 없는 한 신용장의 선적서류는 신용장 서류제시를 위한 유효기간 내에 제시된 것으로 보는 것이 상당하다는 취지로 이해되어야 하고( 대법원 2005. 5. 27. 선고 2002다3754 판결 참조), 서류표지가 은행의 서류심사의 대상이 된다는 취지로는 이해되지 않으므로, 피고의 위 주장은 이유 없다.",
            "신용장통일규칙 제37조(상업송장)은 \"신용장에 별도의 규정이 없는 한, 상업송장은 i. 문면상 신용장에 지정된 수익자에 의하여 발행된 것으로 표시되어 있어야 하고, ii. 신용장 개설의뢰인 앞으로 작성되어야 하며, iii 서명을 요하지 아니한다\"고 규정되어 있다.",
            "이 사건 신용장에서 별도로 \"서명된 상업송장\" 을 요구하지 않는 한, 상업송장에 나타난 수익자의 서명은 무익적기재사항이거나 원본임의 표시에 불과한 것으로 보는 것이 타당하다.",
            "단위 기재의 불일치는 같은 단위에 대한 다른 표현을 혼동하여사용한 것일 뿐 신용장 조건을 해하는 것이 아니라는 것을 쉽게 알 수 있는 경우에 해당한다고 보아야 한다.",
            "불일치로 인하여 이 사건 신용장의 조건과 상업송장이 합치하지 않는다는 피고의 주장은 이유 없다.",
            "매입은행에 의하여 적법한 매입이 이루어졌다면, 이후 개설은행에 우송되기까지 일어나는 지연 또는 분실의 위험은 개설은행이 부담하는 것이다.",
            "개설은행이 신용장에 기한 서류를 두 차례에 나누어 송부하도록 지시하거나, 명백한 지시가 없더라도 두 차례에 나누어 송부하는 관행은 우송 도중 분실을 방지하고 개설은행으로 하여금 신속하게 서류를 심사하게 하려는 편의를 위한 것일 뿐, 이를 너머서 신용장 관계서류 매입 또는 상환청구의 효력에 영향을 미치는 조건의 일부라고 해석되지는 않는다.",
            "원고의 매입 당시 심사한 서류의 대상에 선하증권이 포함되지 않는 이상, 선하증권에 이 사건 신용장의 조건과 불일치하는 기재가 있다 하더라도 원고가 적법하게 취득한 매입은행으로서의 지위에 어떠한 영향을 미칠 수는 없다 할 것이고, 피고는이를 이유로 원고의 신용장대금 상환 청구를 거부할 수 없다.",
            "이 사건 환어음이 형식적 요건을 갖추어 유효하게 발행되었는지 여부는 발행지인 싱가폴의 어음법 규정에 따라 판단하여야 할 것이다.",
            "싱가폴의 어음법은 환어음의 형식에 대하여 \"환어음은 발행자가 서명을 부가하여 지시를 받는 자로 하여금, 청구시 또는 특정하거나 장래 특정가능한 시점에, 일정 금액을 지정된 자 또는 그가 지정하는 자, 또는 어음의 소지인에게 지급하도록 하는 서면에 의한 무조건의 지시를 말한다\"고 규정하고 있을 뿐, 환어음임을 표시하는 문구를 문면상 반드시 기재하도록요구하고 있지 않다.",
            "피고 주장과 같이 신용장에서 요구하는 서류를 검토하는 것만으로는 신용장 금액, 즉 상업송장에 기재된 화물의 가격이 올바르게 계산되었는지 검증할 수 없으나, 한편 이 사건 신용장에서 Platt 가격에 대한 자료들을 요구하고 있지는 않다.",
            "Platt 가격이 원유 가격 평가 자료로서 광범위하게 쓰이고 일반에게 공개되는 자료인 점 등에 비추어 볼 때, Platt 가격에 대한 자료들이피고의 영업 범위 밖의 사항을 다루고 있어 수익자로부터 제시되지 아니하면 신용장 조건의 충족 여부를 판단할 수 없는 필수적인 서류들이라고 볼 수는 없다.",
            "용장통일규칙 39조 b항이 규정하고 있는 바는 신용장에서 달리 명시하고 있지 않는 경우 신용장에 기재된 수량을 초과한다 하더라도 그 초과한 부분에 대한 대금 지급을 청구할 수 없다는 것으로서 신용장대금이 선적 수량에 따라 자동적으로 변동하도록 명시적으로 규정한 위 신용장에는 적용할 수 없는 조항이라 할 것이다.",
            "수익자가 제시한 상업송장 및 면책서에 기재된 화물이 개설의뢰인에게 실제로 송부된 바 없다 하더라도, 그것이 개설은행을 기망하였다거나 실제로 대금지급을 받을 권리가 없음에도 불구하고 청구하여 권리남용에 해당하는 경우라고는 할 수없다.",
            "피고의 신용장 대금에 대한 상환 거절 사유는 모두 이유가 없고, 피고는 원고에게 이 사건 신용장 금액의 합계 미화25,952,232.02달러 및 이에 대하여 피고가 원고로부터 서류들을 수령한 때로부터 서류 심사에 필요한 일주일이 경과한 2005. 3. 31.부터 이 사건 소장부본 송달일인 2005. 7. 13.까지는 상법에 정한 연 6%의, 그 다음날부터 다 갚는 날까지 연 20%의 각 비율에 의한 금원을 지급할 의무가 있다",
            "1,181,558.82달러+2,756,941.51달러+388,213.60달러+2,232,913.54달러+2,430,016.83달러+2,226,047.34달러+1,071,420.90달러+2,531,504.94달러+1,757,459.98달러+2,702,117.48달러+2,072,593.25달러+2,166,358.09달러+2,435,085.74달러다."
        ]
    },
    "close": {
        "cnclsns": [
            "피고는 원고에게 미화 25,952,232.02 달러 및 이에 대하여 2005. 3. 31.부터 2005. 7. 13.까지는 연 6%의, 그 다음날부터 다 갚는 날까지는 연 20%의 각 비율에 의한 금원을 지급하라.",
            "소송비용은 피고의 부담으로 한다.",
            "제1항은 가집행할 수 있다."
        ]
    }
}