{
    "info": {
        "caseField": "3",
        "detailField": "5",
        "trailField": "2",
        "caseNm": "폐기물처리시설설치비용부담금부과처분취소",
        "courtNm": "광주고등법원",
        "judmnAdjuDe": "2016. 11. 07.",
        "caseNo": "(전주)2015누757",
        "relateLaword": [
            "행정소송법 제8조",
            "민사소송법 제420조"
        ],
        "qotatPrcdnt": []
    },
    "concerned": {
        "acusr": "2",
        "dedat": "3"
    },
    "org": {
        "orgJdgmnCourtNm": "전주지방법원",
        "orgJdgmnAdjuDe": "2015. 7. 22.",
        "orgJdgmnCaseNo": "2014구합1786"
    },
    "disposal": {
        "disposalform": "10",
        "disposalcontent": [
            "원고와 피고의 항소를 모두 기각한다.",
            "항소비용은 각자 부담한다."
        ]
    },
    "mentionedItems": {
        "rqestObjet": [
            "피고가 2013. 10. 22. 원고에 대하여 한 0000혁신도시개발사업 폐기물처리시설 설치비용부담금 2,046,528,000원의 부과처분 중 846,491,000원을 초과하는 부분을 취소한다.",
            "원고 제1심 판결 중원고 패소부분을 취소하고, 그 취소부분에 해당하는 피고가 2013. 10. 22. 원고에 대하여 한 0000혁신도시개발사업 폐기물처리시설 설치비용부담금 부과처분을 취소한다.",
            "피고 제1심 판결 중 피고 패소부분을 취소하고, 그 취소부분에 해당하는 원고의 청구를 기각한다."
        ]
    },
    "assrs": {
        "acusrAssrs": [],
        "dedatAssrs": []
    },
    "facts": {
        "bsisFacts": [
            "\"2016. 3.경 현재 이 사건 사업지구에서 발생되는 폐기물은 0000 (주소 1 생략)에 설치되어 있는 '전주시 음식물류폐기물자원화시설장' 및 0000 (주소 2 생략)에 설치되어 있는 '전주권 소각자원센터'에서 처리되고 있다.",
            "위 음식물류폐기물자원화시설장은 1일당 300톤의 음식물류폐기물을 처리할 수 있는데, 2015년을 기준으로 1일당 271톤을 처리하고 있고, 2016. 3.경을 기준으로 0000에서 발생되는 음식물류폐기물을 전량 정상 처리하고 있다.",
            "전주시가 공사 시행 중인 000(음식물류자원화시설, 하수슬러지자원화시설, 재활용품선별시설)이 2016. 9. 30. 준공되면 0000으로 이전하여 신공법으로 처리할 계획에 있다.",
            "위 000에 설치되는 음식물류자원화시설은 현대화된 시설로서 0000에서 발생되는 음식물쓰레기의 전량 처리가 가능하다.",
            "한편 0000는 다량배출사업장(200㎡ 이상 규모의 휴게 및 일반음식점, 집단급식소)에 대하여는 2016년도 상반기부터 별도로 민간위탁처리를 추진 중이다.",
            "위 소각자원센터는 1일당 400톤의 생활폐기물을 처리할 수 있는데, 2015년을 기준으로 1일당 282톤을 처리하고 있고, 그 운영기간은 000와의 협약에 따른 2026년까지이며, 그 이후에는 대수선 정비하여 10년을 연장하여 처리할 계획이다.",
            "위 소각자원센터는 향후 단기간 내에는 생활폐기물을 충분히 소각 처리할 수 있으나, 1일당 400톤의 처리량이 초과되어 포화상태에 도달할 경우에는 신규 소각장이 건설될 예정이다."
        ]
    },
    "dcss": {
        "courtDcss": [
            "1일당 300톤의 처리능력을 감안하더라도 2015년을 기준으로 이미 1일당 271톤이 처리되고 있고, 그 이후에도 0000의 도시개발에 따라 음식물류폐기물이 지속적으로 증가함으로써 1일당 처리량이 거의 포화상태에 이를 것으로 보인다.",
            "위와 같이 전주시가 새로운 장소인 0000에 리싸이클링타운 공사를 시행하고 다량배출사업장에 대하여는 별도로 민간위탁으로 처리하는 방안을 추진하고 있는 것은 기존의 음식물류폐기물자원화시설장만으로는 향후 0000에서 배출되는 폐기물을 전량 처리할 수 있는 능력이 한계치에 이를 것으로 판단하였기 때문으로 보인다.",
            "위 리싸이클링타운 공사의 시행이나다량배출사업장의 민간위탁 처리 사업에는 추가적인 비용이 소요될 수밖에 없다.",
            "이에 더하여 전주시는 이 사건 처분이 있기 이전인 2013. 7.경에도 향후 해마다 이 사건 사업지구 내에 공공기관, 공동주택, 단독주택 및 상가 등이 이전·조성됨에 따라인구가 증가함으로써 생활폐기물 발생량이 지속적으로 증가할 것으로 예상하였다.",
            "이 사건 처분 당시 이 사건 사업지구에서 발생될 음식물류폐기물을 기존의 0000 음식물류폐기물자원화시설장에서 처리하는것이 확정되었다고 볼 수 없다.",
            "위 소각자원센터가 비록 1일당400톤의 처리능력에 비하여 2015년을 기준으로 1일당 282톤을 처리하고 있어 향후 어느 정도의 기간 동안은 그 처리량이 한계에 이르지는 않을 것으로 보이기는 하나, 0000의 도시개발에 따라 생활폐기물이 지속적으로 증가함으로써 1일당 처리량이 포화상태에 이를 가능성을 배제할 수는 없다.",
            "위 소각자원센터는 2026년경에 대수선을 통한 정비가 계획되어 있어 추가적인비용 지출이 이미 예정되어 있다.",
            "이에 더하여 앞서 본 바와 같이 전주시는 이 사건 처분이 있기 이전인 2013. 7.경에도 향후해마다 이 사건 사업지구 내에 공공기관, 공동주택, 단독주택 및 상가 등이 이전·조성됨에 따라 인구가 증가함으로써 생활폐기물 발생량이 지속적으로 증가할 것으로 예상하였다.",
            "이 사건 처분 당시 이 사건 사업지구에서 발생될 소각가능한 생활폐기물을 위 소각자원센터에서 처리하는 것이 확정되었다고 볼 수 없다.",
            "폐기물처리시설을 운영함에 있어 이 사건 조례 별표에서 규정한 '관리동' 및 '세차동 등 기타시설'의 부대시설이 어느 정도 필요한 것으로 보이기는 하나, 아래와 같은 사정들을 고려하면 폐기물처리시설의 부대시설 면적은 폐기물처리시설의 1일 처리능력에 따라 달라지는 것이라기보다는 개개의 폐기물처리시설의 특성, 직원 수, 운영 방식 등 보다 다양한 요소들을 전체적으로고려하여 결정되어야 한다고 봄이 상당하다.",
            "위 표준조례 및 이 사건 조례는 위에서 본 바와 같은 '관리동' 및 '세차동 등 기타시설'의 세부항목에 해당하는 여러건물 등의 면적을 전부 포함하여 이를 합한 면적이 최소한의 부대시설 확보 공간임을 기초로 제정된 것으로 보인다.",
            "이는 개개의 폐기물처리시설의 특성과 직원 수, 운영방식 등 제반 상황들이 구체적으로 고려되지 아니한 것으로, 위와 같은 여러 건물등이 각 폐기물처리시설마다 일률적으로 모두 필요한 것이라고 볼 만한 아무런 근거가 없다.",
            "이 사건 사업지구 중 0000에서 발생하는 1일 예상 폐기물량(소각폐기물 3.43톤, 음식물류폐기물 6.75톤)과 처리용량이 비교적 유사한 폐기물처리시설이 설치된 지방자치단체들에 대한 이 법원의 사실조회결과는 아래와 같다.",
            "위 사실조회결과에 의하면, 이 사건 사업지구 중 0000에서 발생하는 1일 예상 폐기물량과 처리용량이 유사한 폐기물처리시설에있어 '관리동' 및 '세차동 등 기타시설'은 아예 설치되지 아니하였거나, 설치되었더라도 각 폐기물처리시설에 따라 필요한 건물의 종류가 다를 뿐만 아니라 이 사건 조례에서 정한 기준면적인 500㎡에 현저히 미치지 못하는 면적으로도 운영되고 있음을 알 수 있다.",
            "한편 이 사건 조례에서는 관리동의 경우 처리용량이 '500톤/일 이하'일 때 작업인원을 '35명 내지 50명'을 기준으로 하여 소요면적을 산정하였으나, 실제로는 위 표의 기재와 같이 위 기준에 현저히 미치지 못하는 인원만으로도 폐기물처리시설이 운영되고 있음을 알 수 있다.",
            "특별히 위 폐기물처리시설들의 운영에 있어 '관리동' 및 '세차동 등 기타시설' 면적이 부족하다거나 작업인원이 부족하다는 등의 문제로 인하여 폐기물 처리업무에 지장이 초래되고 있다고 볼 만한 사정이 존재하지 아니한다.",
            "인근 주민이 폐기물처리시설의 설치로 받게 되는 경제적, 환경적 불이익 등은 시장 등이 그 시설을 스스로 설치하든 사업시행자를 대신하여 설치하든 동일한 점에 비추어 볼 때, 인근 주민의 불이익을 전보하려는 법의 취지가 몰각되어 부당하다."
        ]
    },
    "close": {
        "cnclsns": [
            "원고와 피고의 항소를 모두 기각한다.",
            "항소비용은 각자 부담한다."
        ]
    }
}