{
    "info": {
        "caseField": "3",
        "detailField": "5",
        "trailField": "2",
        "caseNm": "경정청구거부처분취소",
        "courtNm": "부산고등법원",
        "judmnAdjuDe": "2016. 05. 04.",
        "caseNo": "(창원)2014누11758",
        "relateLaword": [
            "행정소송법 제8조"
        ],
        "qotatPrcdnt": [
            "민사소송법 제420조 "
        ]
    },
    "concerned": {
        "acusr": "2",
        "dedat": "3"
    },
    "org": {
        "orgJdgmnCourtNm": "창원지방법원",
        "orgJdgmnAdjuDe": "2014. 10. 17.",
        "orgJdgmnCaseNo": "2013구합20606 "
    },
    "disposal": {
        "disposalform": "10",
        "disposalcontent": [
            "피고의 항소를 기각한다.",
            "피고가 당심에서 추가로 제출한 증거들을 감안하여 보더라도 제1심의 판단과 달리 볼 것은 아니다.",
            "항소비용은 피고가 부담한다.",
            "제1심 판결 중 주문 제1항 제2행의 26,761,096,305원 을 26,761,096,302원 으로 경정한다."
        ]
    },
    "mentionedItems": {
        "rqestObjet": [
            "피고가 2013. 7. 1. 원고에게 한, 2010 사업연도에 남아있는 2006 사업연도 결손금 미공제 잔액을 26,761,096,302원(다만 소장 기재 2013. 7. 2. 은 2013. 7. 1. 의, 26,761,096,305원 은 26,761,096,302원 의 각 오기로 보인다)",
            "에서 28,252,503,432원으로, 2009 사업연도 결손금 미공제 잔액을 58,039,196,392원에서 78,200,811,292원으로 증액하고, 2010 사업연도 발생 결손금을 33,298,258,804원에서 53,459,873,704원으로 증액하는 경정청구에 대한 거부처분을 취소한다.",
            "처분일자가 2012. 2. 2.(소장 기재 2012. 2. 6. 은 2012. 2. 2. 의 오기로 보인다)인 것 외에는 주위적 청구취지 기재와 같다.",
            "제1심 판결을 취소한다.",
            "원고의 청구를 기각한다."
        ]
    },
    "assrs": {
        "acusrAssrs": [],
        "dedatAssrs": []
    },
    "facts": {
        "bsisFacts": [
            "이 법원이 이 사건에 관하여 설시할 이유는 제1심 판결 이유를 아래 가.항과 같이 고치고, 아래 나.항 부분을 추가하는 이외에는 제1심 판결의 이유 기재와 같으므로, 행정소송법 제8조 제2항, 민사소송법 제420조 본문에 의하여 이를 그대로 인용한다(피고가당심에서 추가로 제출한 증거들을 감안하여 보더라도 제1심의 판단과 달리 볼 것은 아니다)"
        ]
    },
    "dcss": {
        "courtDcss": [
            "원고의 이 사건 경정청구는 피고의 당초 2012. 2. 2.자 경정·결정을 다투기 위한 일련의 과정에서 청구한 것으로서 피고의 2012.2. 2. 경정·결정은 위 대법원판례에서 말하는 “확정된 과세처분과는 독립한 별개의 처분인 그 뒤 사업연도의 법인세 부과처분”에 준하는 것으로 볼 수 있다."
        ]
    },
    "close": {
        "cnclsns": [
            "피고의 항소를 기각한다.",
            "항소비용은 피고가 부담한다.",
            "제1심 판결 중 주문 제1항 제2행의 “26,761,096,305원”을 “26,761,096,302원”으로 경정한다."
        ]
    }
}