{
    "info": {
        "caseField": "3",
        "detailField": "5",
        "trailField": "2",
        "caseNm": "취득세 등 부과처분취소",
        "courtNm": "부산고등법원",
        "judmnAdjuDe": "2013. 01. 24.",
        "caseNo": "(창원)2011누1033",
        "relateLaword": [
            "행정소송법 제8조",
            "민사소송법 제420조",
            "구 지방세법 시행령(2010. 1. 1. 대통령령 21975호로 개정되기 전의 것) 제82조의3 ",
            "구 지방세법(2007. 12. 31. 법률 제8835호로 개정되기 전의 것) 제82조",
            "구 국세기본법(2010. 1. 1. 법률 제9911호로 개정되기 전의 것) 제20조"
        ],
        "qotatPrcdnt": []
    },
    "concerned": {
        "acusr": "2",
        "dedat": "3"
    },
    "org": {
        "orgJdgmnCourtNm": "창원지방법원 ",
        "orgJdgmnAdjuDe": "2011. 9. 1.",
        "orgJdgmnCaseNo": "2010구합991"
    },
    "disposal": {
        "disposalform": "10",
        "disposalcontent": [
            "피고가 2009. 2. 26. 000에 대하여 한 취득세 636,068,640원, 농어촌특별세 63,606,830원(각 가산세 포함)의 부과처분 중 취득세 551,591,060원, 농어촌특별세 55,159,106원(각 가산세 포함)을 초과하는 부분을 각 취소한다.",
            "원고의 나머지 청구를 기각한다.",
            "소송총비용 중 80%는 원고가, 20%는 피고가 각 부담한다."
        ]
    },
    "mentionedItems": {
        "rqestObjet": [
            "피고가 2009. 2. 26. 000에 대하여 한 취득세 636,068,640원, 농어촌특별세 63,606,830원 합계 699,675,470원의 부과처분 중 307,481,900원을 초과하는 부분을 취소한다.",
            "원고 제1심 판결 중 원고 패소부분을 취소한다.",
            "피고가 2009. 2. 26. 원고에 대하여 한 취득세 636,068,640원, 농어촌특별세 63,606,830원 합계 699,675,470원의 부과처분중 60,796,241원을 초과하는 부분을 취소한다. ",
            "피고 제1심 판결 중 피고 패소부분을 취소하고, 위 취소부분에 해당하는 원고의 청구를 기각한다."
        ]
    },
    "assrs": {
        "acusrAssrs": [
            "이 사건 골프장의 건설에 사용된 차입금 550억 원(이하 '이 사건 차입금' 이라 한다)에 대한 이자 중 취득세 과세표준에 산입할이자는 위 골프장의 건설에 이 사건 차입금 중 일부를 사용할 때마다 그 시점부터 취득완료시까지의 이자를 계산하여 이를 합산하는 방법으로 산정하여야 할 것이다.",
            "계산상 편의를 위하여 1개월 단위로 이를 계산하여 합산하더라도 이 사건 차입금 이자는3,075,632,507원에 불과한데, 원고는 이미 위 금액을 초과하는 4,121,622,243원을 차입금 이자로서 취득세 과세표준에 합산하여 신고·납부하였다.",
            "그럼에도 피고가 이 사건 차입금에 대한 총 이자비용 7,566,563,697원(= 2006년도 이자 4,411,000,000원+2007년도 이자3,115,563,697원) 중 운영비용에 사용된 차입금에 대한 이자를 제외한 나머지 이자 6,159,151,737원 전액을 건설자금이자로 봤다.",
            "여기에서 원고가 이미 신고한 위 4,121,622,243원을 뺀 2,037,529,494원(= 6,159,151,737원 -4,121,622,243원)을 과세표준에 추가로 합산한 것은 위법하다.",
            "원고가 2007. 7. 31. 및 같은 해 8. 31. 000에 지급한 코스관리비용 합계 163,374,541원과 2007. 8. 31. 000에 지급한 17,000,000원은 이 사건 골프장의 운영을 위하여 지출된 비용일 뿐 골프장 건설에 지출된 비용이 아니므로, 피고가 위 각 외주비용을 판매비와 관리비의 일부로써 이 사건 골프장의 취득세 과세표준에 합산한 것은 위법하다.",
            "피고가 취득세 과세표준에 합산한 원고의 기타 판매비와 관리비 중 ① 서울에서 골프협회 임원들과 식사한 비용이나 이 사건 골프장 건설 과정에서 발생한 인근 주민들의 민원을 무마하기 위하여 식사한 비용 등의 접대비 106,173,997원 이를 과세표준에 합산한 것은 위법하다.",
            "②노인회 찬조금, 마을회관에서 열린 주민설명회 비용 및 기원제 비용 등의 잡비 2,944,574원 이를 과세표준에 합산한 것은 위법하다.",
            "③총무 등 일반관리부서 직원들의 인건비인급여 129,280,765원과 상여금 3,600,000원 이를 과세표준에 합산한 것은 위법하다.",
            "④총무식대와 간식비 등 복리후생비 79,185,703원 이를 과세표준에 합산한 것은 위법하다.",
            "⑤회원권 분양 등의 업무를 처리하기 위하여 직원들이 이동하거나 연락하는 데 소요된 여비교통비 38,924,281원, 차량유지비 37,115,618원, 통신비12,716,249원 이를 과세표준에 합산한 것은 위법하다.",
            "⑥사무실 유류비용과 가스비용 등으로 사용된 수도광열비 12,683,363원 이를 과세표준에 합산한 것은 위법하다.",
            "⑦일반 관리직원들에 대한 고용보험료와 산재보험료 등의 각종 보험료 8,942,950원 이를 과세표준에 합산한 것은 위법하다.",
            "⑧서울에 있는 사무실의 집기를 이 사건 골프장의 현장 사무소로 옮기는데 소요된 운반비 794,709원 이를 과세표준에 합산한 것은 위법하다.",
            "⑨회원권 분양 및 카탈로그 제작에 관한 도서인쇄비 558,800원은 골프장 건설에 소요된 비용이 아니라 일상적 경비이므로 취득세 과세표준에서 제외해야 함에도, 피고가 이를 과세표준에 합산한 것은 위법하다."
        ],
        "dedatAssrs": [
            "기업회계기준에 의하면 특정차입금의 금융비용 중 자본화하여 취득원가에 계상할 수 있는 금액은 자본화기간 동안 특정차입금으로부터 발생한 전체금융비용이다.",
            "그러므로 이 사건 골프장 도시계획시설 실시계획인가 고시일인 2006.1. 24.부터 이 사건 골프장의 취득일인 2007. 9. 6.까지 지급된 총 대출이자 및 대출수수료 6,506,448,638원 전액이 과세표준에 합산되어야 할 것이다.",
            "이 사건 처분 당시 위 금액에서 원고가 취득가격의 일부로 이미 신고한 이자비용4,121,622,243원을 뺀 나머지 2,384,826,395원(= 6,506,448,638원 - 4,121,622,243원) 전액을 과세표준에 가산할 수있었으나, 2,037,529,494원만 과세표준에 가산하였다.",
            "코스관리비용과 컨설팅용역비용은 이 사건 골프장의 잔디와 조경의 관리에 따른 용역이고, 그 용역은 000의 공사지연으로 인하여 골프장 건설에 지출된 외주비로서 골프장 완성과 개장을 위하여 지출된 비용이므로, 취득세 과세표준에 포함되어야 한다.",
            "원고가 부당하게 과세표준에 포함되었다고 주장하는 기타 판매비와 관리비 중 ①접대비 106,173,997원은 이 사건 골프장에대한 세무조사 당시 접대비 관련 명세서와 영수증을 원고측 회계담당자와 피고의 세무조사팀이 일일이 대조하여 골프장 취득과관련된 부분만을 취득세 과세표준에 합산한 것이다.",
            "② 잡비 2,944,574원은 노인회 찬조금, 주민설명회비 및 기원제비용 등이 사건 골프장 조성사업을 진행하지 아니하였다면 지출할 필요가 없는 금액이다.",
            "③ 원고의 직원들 급여, 상여금, 복리후생비, 여비교통비, 차량유지비, 통신비, 수도광열비, 보험료, 운반비, 도서인쇄비 등은 원고가 지출한 각종 비용 중 골프장건설 현장사무소 임직원들의 급여 등 골프장 건설과 관련되는 비용만을 취득세 과세표준에 합산하였다.",
            "그리고 본사의 관리비용은 제외한 것이므로, 위 각 비용은 모두 취득세 과세표준에 포함되어야 한다.",
            "설사 위 나), 다)항 기재 비용 중 일부가 취득세 과세표준에서 제외된다고 하더라도 제외되는 금액이 위 가)항에서 본 누락된차입금 이자 347,296,901원을 초과하지 아니하는 한 이 사건 처분은 적법하다."
        ]
    },
    "facts": {
        "bsisFacts": [
            "원고는 2005. 4. 22. 골프장 관련 사업과 기타 레저시설운용사업 및 그와 관련된 부대사업 일체를 목적으로 설립된 회사로서, 이 사건 골프장 개장 이전인 2005년도 및 2006년도 매출총이익은 각 0원이었고, 이 사건 골프장을 개장한 2007년도 매출총이익은 1,693,511,592원 이었다.",
            "원고(시행사), 000 및 000(공동시공사), 000(대주 및 자금관리기관, 이하 'OOO' 이라고만한다)은 2005. 10. 17. 이 사건 골프장 조성사업에 관한 프로젝트 금융약정을 체결하였는데, 그 주요 내용은 아래와 같다.",
            "000는 2005. 10. 28. 000으로부터 위 대출채권(550억 원)을 양수하고, 2005.11. 3. 이를 기초로 '000 제1-1회 무보증사채' 를 발행하였으며, 같은 날 원고에게 이사건 프로젝트 금융약정의 대출이자율이 연 8.02%, 만기일이 2008. 5. 1.로 확정되었다고 통보하였다.",
            "원고와 000, 000은 2006. 1.경 원고가 위 두 회사에게 이 사건 골프장 조성공사를 대금 420억 원(부가가치세포함)에 도급주는 내용의 공사도급계약을 체결하였다.",
            "원고는 2006. 10.경 000(이하 'OOO' 라 한다)와 이 사건 골프장 운영·코스관리컨설팅 계약을 체결하였는데, 그 주요 내용은 아래와 같다.",
            "원고는 2006. 10. 31.부터 2007. 7. 31.까지 000에게 컨설팅료 등의 명목으로 11회에 걸쳐 합계 168,500,000원을 지급하고, 2007. 10. 8. 피고에게 이를 취득세 과세표준에 합산하여 신고하였다.",
            "그러나 2007. 8. 31. 000에게 컨설팅료 명목으로 지급한 17,000,000원은 취득세 과세표준에 합산하지 아니하였는데, 피고는 이 사건 처분시 위 17,000,000원을 과세표준에 합산하였다.",
            "원고는 2007. 6. 3. 000(이하 'OOO'이라 한다)과 이 사건 골프장 골프코스 관리용역계약을 체결하였는데, 그 주요내용은 아래와 같다.",
            "원고가 지급한 이 사건 차입금 관련 이자 중 2006. 1. 24.부터 2007. 9. 6.까지 발생한 이자비용과 원고가 당초 취득세 신고·납부 당시 과세표준에 포함하여 신고한 이자비용은 아래와 같다(이자비용의 상세내역은 별지3 이자비용 기재와 같다).",
            "이 사건 차입금을 보관한 원고의 공사비예금계좌에서 2006. 1. 24.부터 2007. 9. 6.까지 발생한 이자수익 합계액은1,067,178,523원이다(이자수익의 상세내역은 별지4 이자수익 기재와 같다).",
            "접대비 106,173,997원이다.",
            "잡비 2,944,574원이다.",
            "급여 129,280,765원과 상여금 3,600,000원이다.",
            "복리후생비 79,185,703원이다.",
            "여비교통비 38,924,281원이다.",
            "차량유지비 37,115,618원이다.",
            "통신비 12,716,249원이다.",
            "수도광열비 12,683,363원이다.",
            "보험료 8,942,950원이다.",
            "운반비 794,709원이다.",
            "도서인쇄비 558,800원이다."
        ]
    },
    "dcss": {
        "courtDcss": [
            "구 지방세법 시행령(2010. 1. 1. 대통령령 21975호로 개정되기 전의 것) 제82조의3 제1항은 취득세의 과세표준이 되는 취득가격에건설자금에 충당한 금액의 이자 등을 포함시키고 있으나, 위 법령에서는 건설자금이자의 정의나 산정방법에 대한 규정을 두고있지 않다.",
            "그런데, 구 지방세법 제82조(2007. 12. 31. 법률 제8835호로 개정되기 전의 것, 이하 같다)에 의하여 준용되는 구 국세기본법 제20조(2010. 1. 1. 법률 제9911호로 개정되기 전의 것)에서는 국세의 과세표준을 조사·결정함에 있어서 당해 납세의무자가 계속 적용하고 있는 공정·타당하다고 인정된 기업회계의 기준 또는 관행은 이를 존중하여야 한다고 규정하고 있다.",
            "기업회계기준서 제7호 제11조는 \"특정차입금에 대한 금융비용 중 자본화할 수 있는 금액은 자본화기간 동안 특정차입금으로부터 발생한 금융비용에서 동 기간 동안 자금의 일시적 운용에서 생긴 수익을 차감한 금액으로 한다\"고 규정하고 있으며, 제7호 제8조에서는특정차입금에 대하여 \"자본화대상자산을 취득할 목적으로 직접 차입한 자금\"이라고 규정하고 있다.",
            "이 사건 차입금은 이 사건 골프장의 부지 매입비용, 공사비, 금융비용 및 초기사업비를 조달하기 위한 것임은 앞서 본 바와 같다.",
            "그러므로 이 사건 차입금은 이 사건 골프장을 취득할 목적으로 직접 차입한 자금으로서 위 기업회계기준서제7호 제8조의 특정차입금으로 볼 수 있고, 따라서 위 구 지방세법 시행령 제82조의3 제1항, 구 지방세법 제82조, 구 국세기본법 제20조, 기업회계기준서 제7호 제11조에 의하여 자본화기간동안 이 사건 차입금으로부터 발생한 모든 이자비용에서 같은기간 동안 발생한 이자수익을 차감한 금액을 건설자금이자로 취득가격에 합산해야 할 것이다.",
            "자본화기간의 개시시점은 자본화대상자산에 대한 지출이 있었다.",
            "금융비용이 발생하였다.",
            "자본화대상자산을 의도된 용도로 사용하거나 판매하기 위한 취득활동이 진행 중이라는 조건이 모두 충족되는 시점으로 하는데, 여기에는 물리적인 제작뿐만 아니라 그 이전단계에서 이루어진 행정, 기술상의 활동, 예를 들어 설계활동, 각종 인허가를 얻기 위한 활동 등도 포함한다(기업회계기준서 제7호 제17조).",
            "금융비용자본화의 종료시점은 자본화대상자산의 취득이 완료되어 당해 자산을 의도된 용도로 사용할 수 있거나 판매가 가능한 시점인데(기업회계기준서 제7호 제18조), 자본화대상자산이 물리적으로 완성된 경우라면 일상적인 건설 관련 후속관리업무 등이 진행되고 있더라도 당해 자산을 의도된 용도로 사용할 수 있거나 판매할 수 있기 때문에 자본화를 종료한다(기업회계기준서 제7호 제19조).",
            "갑 제4, 7, 16호증의 각 기재에 의하면, 원고는 2005. 11. 3. 이 사건 차입금에 대한 초기이자63,287,671원을 지급하고, 2006. 1. 3. 설계용역료 92,400,000원을 지출한 사실 등이 인정된다.",
            "이에 의할 때 이 사건 차입금이자의 자본화기간은 늦어도 이 사건 골프장의 도시계획시설사업 실시계획인가 고시일인 2006. 1. 24. 개시되었고, 경상남도지사로부터 조건부등록 수리통보를 받은 2007. 9. 6. 종료하였다고 봄이 상당하다.",
            "그런데 위 자본화기간 동안 발생한 총 이자비용은 6,887,924,599원, 총 이자수익은 1,067,178,523원인 사실은 앞서 본 바와 같으므로 이 사건 차입금에 대한 이자 비용 중 자본화할 수 있는 금액은 5,820,746,076원(= 6,887,924,599원 -1,067,178,523원)이라고 할 것이다.",
            "원고가 이미 4,121,622,243원을 이자비용으로 신고하였으므로 누락된 이자비용은1,699,123,833원(= 5,820,746,076원 - 4,121,622,243원)이다.",
            "000이 제공한 용역의 주된 내용이 잔디관리 및 조경관리 등의 관리업무이고 특히 공사성 작업은 제외되고 있다.",
            "000의 코스관리 용역기간이 2007. 6. 15.부터 2008. 12. 31.로서 이 사건 골프장의 취득일 이후의 기간을 주된 대상으로 하고 있다.",
            "골프장의 취득일 이전에도 이미 완성된 골프코스의 잔디관리, 조경관리, 맨홀, 스프링클러의 보수 및 유지·관리 등의 필요성이 있는 점 등을 종합해보면, 코스관리비용 163,374,541원은 이 사건 골프장 개장 후 운영을 위한 것으로서 이 사건 골프장 자체의 취득을 위하여 지급되었다거나 그에 준하는 취득절차비용으로 볼 수없으므로, 취득세 과세표준에서 제외되어야 한다.",
            "000 컨설팅 용역의 주요내용이 클럽운영진행, 캐디관리에 대한 교육 및 자문, 서비스 기본교육, 환경안전진단 등 운영부문에 관한 사항과 코스관리 Data-Base구축, 코스품질평가 보고서 제출, 토양분석 등 코스부문에 관한 사항이다.",
            "컨설팅 용역비용 17,000,000원이 이 사건 골프장취득일(2007. 9. 6.) 이전에 지급되기는 하였으나, 이 사건 골프장의 개장 후의 운영을 준비하는 과정에서 미리 집행할 필요가 있을 수 있다.",
            "이런 점 등을 종합해 보면, 컨설팅 용역비용 17,000,000원은 이 사건 골프장 개장 후 운영을 위한 것으로서 이 사건골프장 자체의 취득을 위하여 지급되었다거나 그에 준하는 취득절차비용으로 볼 수 없으므로, 취득세 과세표준에서 제외되어야 한다.",
            "위 인정사실에서 본 바와 같이 접대비의 주된 용도가 골프협회 임원들과 식사한 비용이거나 골프장 인근 주민들과 식사한 비용 등이고, 잡비의 주된 용도는 노인회 찬조금, 마을회관에서 열린 주민설명회 비용, 기원제 비용, 수습급여 등인데, 그 중 이 사건 골프장의 취득을 위하여 지출한 비용과 그 이외의 비용을 구분할 근거가 없다.",
            "특히 접대비의 경우 피고는 2005. 4. 21.부터2007. 12. 31.까지 지출한 총 접대비의 5/7를 비과세로 하고, 나머지를 취득세 과세표준에 산입하였으나, 그와 같은 계산방식에 합리적 근거가 있어 보이지도 않으므로, 위 접대비 106,173,997원과 잡비 2,944,574원은 취득세 과세표준에서 제외되어야 한다.",
            "원고가 이 사건 골프장 관련 사업을 목적으로 설립된 회사이고, 그 이외 다른 사업을 수행하지 않았으므로, 이 사건 골프장의 조건부 등록수리 이전에는 주로 이 사건 골프장의 취득에 관한 업무를 수행하였을 것으로 보인다.",
            "이 사건 골프장조성공사를 다른 회사에 하도급주어 진행하였다고 하더라도, 원고의 직원들이 골프장 공사의 준비,  인·허가 관련업무, 시공업체의 공사 진행에 대한 감독 및 협의 등의 업무를 진행했을 것이고, 그와 관련하여 급여 및 각종 부대비용 등이 지출되었을 것으로 보인다.",
            "원고 스스로도 처음 취득세를 신고·납부할 때 2005년 직원급여 95,527,795원 중 42,400,000원을, 2006년 직원 급여 323,748,846원 중 117,319,170원을,2007년 1월분 직원급여 28,521,505원 중 10,621,505원을, 2005년 복리후생비 14,478,890원 중 6,582,438원을, 2006년복리후생비 53,710,680원 중 22,425,408원을 각 취득가격에 포함시켰다.",
            "이는 원고의 직원 상당수가 이 사건 골프장 조성공사 관련 업무를 수행하고, 그와 관련한 부대비용이 발생한 것을 인정한 것으로 보인다.",
            "이 사건 처분 당시 피고의 직원들이 원고 직원들과 함께 위 각 지출항목들의 구체적인 지출내역을 검토하여 현장사무소 관련 경비만 취득가격에 포함시키고, 나머지 비용은 비과세대상으로 인정하였다.",
            "원고도 위 각 비용을 취득가격의 일부로 인정하였기 때문에 제1심에서 위 부분에대하여 다투지 않았던 것으로 보이는 점 등을 종합하면, 위 각 비용을 취득세 과세표준에 산입한 부분은 적법하다.",
            "다만, 앞서 본 바와 같이 복리후생비 중 2007. 9. 7.자 미화직원 유니폼 구입비 71,400원, 여비교통비 중 2007. 9. 7. 이후 발생하였거나, 2007. 9. 6. 이전까지 발생한 비용인지 여부가 불분명한 112,900원 및 운반비 중 2007. 9. 13. 지출원인이 발생하여 같은 달 24. 지출한 운반비 50,000원을 취득가격에 포함시킨 부분은 위법하므로, 이는 취득세 과세표준에서 제외되어야 한다.",
            "이자비용 2,037,529,494원은 1,699,123,833원(= 전체 이자비용 6,887,924,599원 - 이자수익 1,067,178,523원 - 원고가 신고한 이자비용 4,121,622,243원)으로 각 변경되어 중과세부분에 대하여 누락된 과세표준은 3,743,175,393원이 되어야 한다.",
            "여기에 구 지방세법에 따라 10%의 취득세 본세, 신고불성실가산세, 납부불성실가산세 등을 합하면, 원고에게 부과되어야 할 정당한 세액은 별지5 정당한 세액 및 산출근거 기재와 같이 취득세 551,591,060원, 농어촌특별세 55,159,106원(각 가산세 포함)이 되므로, 이 사건 처분 중 위 각 금액을 초과하는 부분은 위법하여 취소되어야 한다."
        ]
    },
    "close": {
        "cnclsns": [
            "제1심 판결을 다음과 같이 변경한다.",
            "피고가 2009. 2. 26. 000에 대하여 한 취득세 636,068,640원, 농어촌특별세 63,606,830원(각 가산세 포함)의 부과처분 중 취득세 551,591,060원, 농어촌특별세 55,159,106원(각 가산세 포함)을 초과하는 부분을 각 취소한다.",
            "원고의 나머지 청구를 기각한다.",
            "소송총비용 중 80%는 원고가, 20%는 피고가 각 부담한다."
        ]
    }
}