{
    "info": {
        "caseField": "3",
        "detailField": "5",
        "trailField": "2",
        "caseNm": "부가가치세등부과처분취소",
        "courtNm": "대전고등법원",
        "judmnAdjuDe": "2011. 04. 13.",
        "caseNo": "(청주)2010누468",
        "relateLaword": [
            "국세기본법 제81조의4",
            "국세기본법 제14조"
        ],
        "qotatPrcdnt": [
            "대법원1984. 6. 26. 선고 84누68 판결"
        ]
    },
    "concerned": {
        "acusr": "2",
        "dedat": "3"
    },
    "org": {
        "orgJdgmnCourtNm": "청주지방법원",
        "orgJdgmnAdjuDe": "2010. 6. 3.",
        "orgJdgmnCaseNo": "2009구합1353"
    },
    "disposal": {
        "disposalform": "10",
        "disposalcontent": [
            "제1심 판결을 취소한다.",
            "피고가 2008. 5. 1. 원고에 대하여 한 2005년 2기분 부가가치세 4,118,540원, 2006년 1기분 부가가치세 27,855,650원, 2006년 2기분 부가가치세 171,279,750원, 2007년 1기분 부가가치세 10,830,630원, 2006년 사업년도 법인세 173,345,390원의 부과처분을 각 취소한다.",
            "소송총비용은 피고가 부담한다."
        ]
    },
    "mentionedItems": {
        "rqestObjet": [
            "제1심 판결을 취소한다.",
            "피고가 2008. 5. 1. 원고에 대하여 한 2005년 2기분 부가가치세 4,118,540원, 2006년 1기분 부가가치세 27,855,650원, 2006년 2기분 부가가치세 171,279,750원, 2007년 1기분 부가가치세 10,830,630원, 2006년 사업년도 법인세 173,345,390원의 부과처분을 각 취소한다.",
            "소송총비용은 피고가 부담한다."
        ]
    },
    "assrs": {
        "acusrAssrs": [
            "국세기본법에서 규정한 특별한 사유가 없으면 같은 세목 및 같은 과세기간에 대하여 재조사를 할 수 없음에도, 대전지방국세청장은 이 사건 1차 조사에서 원고에 대하여 과세표준을 확정하고 납세고지서까지 송달한 뒤 다시 이유 없이 이 사건 2차 조사를하였는바, 이는 국세기본법 제81조의4에 위배되는 부당한 재조사이다.",
            "원고는 소외 1에게 이 사건 대전영업소에서 원고 명의로 영업하는 것을 허락하였으나, 실제로 소외 1은 원고와 독립된 지위에서정제유를 판매하였다.",
            "소외 1의 거래분을 원고에게 귀속시킨 이 사건 처분은 실질과세 및 근거과세의 원칙에 위배되어 위법하다. ",
            "설령 원고가 이 사건 대전영업소의 사업주라고 하더라도 정확한 확인절차 없이 단순히 2 계좌에 입금 및 다른 계좌로 송금한 금액을 기준으로 매출 및 매입 누락금액을 산정한 것은 부당한 추정과세로서 근거과세 원칙에 위배되어 위법하다. ",
            "대전지방국세청장은 이 사건 1차 조사에서 원고에 대한 과세표준을 확정하고 납세고지서를 송달함으로써 공적 견해를 표명하였는데, 피고는 이에 반하여 이 사건 처분을 하였는바, 이는 신뢰보호 원칙에 위배되어 위법하다."
        ],
        "dedatAssrs": []
    },
    "facts": {
        "bsisFacts": [
            "소외 1은 2004. 4.경부터 대전 중구 (주소 1 생략) 소재 건물 2층을 임차하여 원고의 영업이사 직함으로 이 사건 대전영업소를운영하기 시작하였다.",
            "소외 1은 2004. 10. 28. 같은 장소에서 ‘주식회사 대륙에너지’라는 상호로 법인을 설립하고 소외 3을 대표이사로 등재한다음 정제유와 석유류 등의 판매업을 하였다.",
            "소외 1은 2004.경부터 원고의 대표이사 소외 2로부터 충북 청원군 (주소 2 생략)에 있는 유류저장탱크 6기 중 3, 4번 유류저장탱크를 무상으로 임차하여 관리, 사용하였다.",
            "원고는 대금 결제 등을 위하여 신용카드의 사용이 필요하다는 소외 1의 요청에 따라 2004. 9. 원고 명의의 직불카드를 만들어소외 1에게 제공하였으며, 위 직불카드의 결제는 2 계좌에서 되도록 하였다.",
            "소외 1은 2005.부터 2006.까지 원고로부터 매수한 정제유를 원고 명의로 판매하였고, 원고 명의로 세금계산서를 발행하였으며, 발행된 세금계산서는 원고에게 보냈다.",
            "금강유역환경청장은 소외 1의 정제유 판매 행위와 관련하여 2006. 3. 22. 원고에게 폐기물관리법 위반을 이유로 과징금 및 과태료 합계 22,000,000원을 부과하였다.",
            "이에 대하여 소외 1은 2006. 4. 2 계좌에서 1 계좌로 22,000,000원을 이체하고 원고로 하여금 과징금 및 과태료를 납부하게 하였다.",
            "소외 1은 2 계좌를 독자적으로 관리, 사용하였으며, 원고와의 거래가 있는 경우에는 2 계좌와 1 계좌를 통하여 자금을 이체하였다.",
            "2005. 1. 25.부터 2006. 4. 27.까지 2 계좌에서 1 계좌로 109,304,000원이 이체되었고, 2005. 1. 4.부터 2005. 9. 23.까지 1계좌에서 2 계좌로 139,560,000원이 이체되었다.",
            "한편, 원고는 소외 1과의 거래가 중단됨에 따라 2 계좌와 사용인감, 고무인 등의 반환을 요청하였으나, 소외 1은 미수대금의 수령등을 위하여 그 반환의 유예를 요청하였고, 결국 원고는 2007. 7. 18. 2 계좌의 통장 분실신고를 함으로써 계좌를 폐쇄하였다.",
            "소외 1은 2008. 2. 15.자로 원고에게 통고서를 보내어, 원고의 유류저장탱크에 보관되어 있던 2006. 12.분, 2007. 3.분 정제유와 이동형 트레일러 1대에 있던 유류의 대금을 정산하여 줄 것을 요구하였고, 원고는 2008. 2. 27. 소외 1에게12,500,000원을 송금함으로써 이를 정산하였다."
        ]
    },
    "dcss": {
        "courtDcss": [
            "국세기본법 제14조가 천명하고 있는 실질과세 원칙에 비추어 과세의 대상이 되는 소득, 수익, 재산, 행위 또는 거래의 귀속이명의일 뿐이고 사실상 귀속되는 자가 따로 있을 때에는 사실상 귀속되는 자를 납세의무자로 하여 세법을 적용하여야 한다.",
            "사실상의 사업자 외에 따로 명의자에게 과세하는 것은 허용되지 않는다.",
            "그러나 명의대여는 실사업자와 합의 하에 탈세를 조장하는 행위로서 외부에서는 그 실체를 파악하기 어려우므로 과세관청은 특별한 사정이 없는 한 사업명의자를 실사업자로 보아 과세를 하면 되는 것이다.",
            "이것이 실체관계와 다르다는 이유로 사업명의자가아닌 별개의 실사업자에게 실질과세가 가능하다는 점에 대한 주장, 입증책임은 명의자 과세를 다투는 자에게 있다(대법원1984. 6. 26. 선고 84누68 판결 등 참조).",
            "위 인정사실 등에 의하여 추인되는 다음과 같은 사정을 종합하여 보면, 이 사건 대전영업소의 거래는 실질적으로 소외 1에게 귀속된다고 보는 것이 타당하다.",
            "이 사건 판매약정서는 '독립채산제' 에 의하여 거래하는 것임을 명확히 하고 있을 뿐만 아니라, 그 내용의 전체적인 취지는 원고가 소외 1에게 협의된 마진을 붙여 정제유를 공급하면 소외 1이 이를 판매하여 수익을 얻고 관련된 세금은 소외 1이 부담한다는것이며, 판매약정서에 위반된 행위에 대해서는 소외 1이 독자적으로 법적인 책임을 진다는 것이다",
            "또한, 소외 1의 판매가 증가하면 원고의 이익도 늘어나므로 원고가 소외 1에게 판매지원금을 지급한다고 하여 소외 1이 원고의 대리인이나 수임인의 지위에 있다고 단정할 수 없을 뿐만 아니라, 원고가 소외 1과 판매에 대하여 정산한 다음 판매지원금을 지급했음을 인정할 증거가 없다.",
            "원고는 원고의 사용인감과 고무인, 그리고 원고 명의의 2 계좌와 직불카드를 개설하여 이를 소외 1에게 교부하였다.",
            "그러나, 이는 폐기물관리법상 소외 1이 본인 명의로 정제유를 판매할 수 없고, 또한 소외 1이 신용불량자이기 때문에 원고 명의로거래할 필요성이 있어 취한 부득이한 조치로 보일 뿐만 아니라, 사용인감과 고무인의 사용 용도를 세금계산서, 금융기관 행정업무, 업체와의 공급판매계약 등으로 한정한 점, 2 계좌는 소외 1이 이를 관리하면서 필요한 때는 원고의 1 계좌와 이체 거래를 하였다. ",
            "원고가 소외 1에게 교부한 직불카드는 소외 1이 관리하던 2 계좌에서 결제되었으며 2 계좌에 잔액이 없는 경우에는 결제될 수 없도록 신용카드가 아닌 직불카드를 발급받아 주었다.",
            "원고가 소외 1과의 거래 중단에 따라 2 계좌의 반환을 요청하였으나, 소외 1이 그 유예를 요청하여 원고가 통장 분실신고를 함으로써 계좌를 폐쇄한 점 등에 비추어 보면, 원고가 소외 1에게 사용인감과 고무인, 원고 명의의 2 계좌와 직불카드를 준 사정만으로 소외 1을 원고의 직원으로 볼 수는 없다.",
            "소외 1은, 이 사건 대전영업소의 운영을 위하여 0000 (주소 1 생략) 소재 건물 2층을 임차하였는데, 그 차임을 원고가아닌 소외 1이 부담하였고, 소외 2로부터 임차하여 관리, 사용하던 0000 (주소 2 생략) 소재 유류저장탱크의 폭발로청소하던 망 소외 5가 사망하자 원고가 아닌 소외 1이 유족들과 합의하여 유족들이 제기한 소를 취하하게 하였다.",
            "금강유역환경청장이 소외 1의 정제유 판매 행위와 관련하여 원고에게 22,000,000원의 과징금 및 과태료를 부과하자 원고가 아닌 소외 1이 그 비용을 부담하였고, 원고의 유류저장탱크에 보관되어 있던 정제유 등 유류대금을 정산하여 줄 것을 요청하여, 원고로부터 12,500,000원을 송금받았는바, 이는 소외 1이 원고의 직원이라는 피고의 주장과 부합되지 아니하는 사정이다.",
            "소외 1의 거래처에서 자신들이 원고와 거래한 것으로 알고 있었다거나, 원고의 대표이사 소외 2를 만난 바 있다는 진술이 있는데, 소외 1이 원고 명의로 거래하였으므로 거래처에서 거래상대방을 원고로 알고 있었다는 것이 경험칙에 반하지 아니하고, 소외 1이 원고로부터 정제유를 구매하여 이를 판매하는 이상, 소외 1의 매출이 상승하면 원고에게도 이익이 될 뿐만 아니라 거래명의자가 원고이다. ",
            "원고의 대표이사 소외 2가 소외 1의 거래처를 만나 영업을 했다고 하더라도, 그것이 소외 1이 원고의 직원이었다는 결정적인 증거가 되기에는 부족하다.",
            "소외 1은 자신이 세금을 부과받을 수 있음에도 불구하고 이 사건 1차 조사에서는 이 사건 대전영업소의 영업이 원고의 명의만 빌린 자신의 독립된 사업이라고 주장하다가, 이 사건 2차 조사에 이르러 원고의 직원으로서 판매수당을 받았다며 입장을 번복하였는바, 소외 1이 그 입장을 번복함에 따라 거액의 세금을 회피하고 원고에게 이를 부담시킬 수 있게 된 점에 비추어 보면, 번복된 소외 1의 진술을 쉽사리 신빙하기 어렵다.",
            "따라서, 원고의 나머지 주장에 대하여 더 나아가 살필 필요 없이, 이 사건 대전영업소의 거래가 원고에게 실질적으로 귀속됨을 전제로 한 이 사건 처분은 실질과세의 원칙에 위배되어 위법하다."
        ]
    },
    "close": {
        "cnclsns": [
            "제1심 판결을 취소한다.",
            "피고가 2008. 5. 1. 원고에 대하여 한 2005년 2기분 부가가치세 4,118,540원, 2006년 1기분 부가가치세 27,855,650원, 2006년 2기분 부가가치세 171,279,750원, 2007년 1기분 부가가치세 10,830,630원, 2006년 사업년도 법인세173,345,390원의 부과처분을 각 취소한다.",
            "소송총비용은 피고가 부담한다."
        ]
    }
}