{
    "info": {
        "caseField": "3",
        "detailField": "4",
        "trailField": "1",
        "caseNm": "권리범위확인(실)",
        "courtNm": "특허법원",
        "judmnAdjuDe": "2001. 03. 23.",
        "caseNo": "2000허2279",
        "relateLaword": [
            "실용신안법 제9조",
            "실용신안법 제39조",
            "실용신안법 제42조",
            "실용신안법 제50조"
        ],
        "qotatPrcdnt": [
            "대법원 1993. 3. 23. 선고 92후1493 판결(공1993상, 1300)",
            "대법원 1997. 11. 14. 선고 96후2135 판결(공1997하,3859)"
        ]
    },
    "concerned": {
        "acusr": "1",
        "dedat": "1"
    },
    "org": {
        "orgJdgmnCourtNm": "",
        "orgJdgmnAdjuDe": "",
        "orgJdgmnCaseNo": ""
    },
    "disposal": {
        "disposalform": "10",
        "disposalcontent": [
            "특허심판원이 2000. 2. 28. 99당835호 사건에 관하여 한 심결을 취소한다.",
            "복수의 구성요소로 된 등록고안 중 하나의 구성요소를 결여한 (가)호 고안이 등록고안의 권리범위에 속하지 않는다.",
            "소송비용은 피고의 부담으로 한다."
        ]
    },
    "mentionedItems": {
        "rqestObjet": [
            "특허심판원이 2000. 2. 28. 99당835호 사건에 관하여 한 심결을 취소한다."
        ]
    },
    "assrs": {
        "acusrAssrs": [
            "이 사건 등록고안은 그 출원 전 공지 공용 기술인 일본국 특허청 실용신안공보 소61-32744호에 기재된 고안(이하 '인용고안1' 이라 한다), 대한민국 특허청 실용신안 공개공보 공개 번호 제93-21268호에 기재된고안(이하 '인용고안 2' 라 한다) 및 갑제8호증의 1 내지 4에 기재된 'TWM-7200 초음파 봉착기' 에 관한 고안에 의하여 신규성을 상실하였다.",
            "이 사건 등록고안의 받침대, 안내지지봉, 절단칼, 이동구, 에어실린더, 로드 등은 이미 각 분야에서 다양하게 실시하는 장치들이다.",
            "이 사건 등록고안의 유일한 특징적인 기술은 들림판과 공압기에 있는바, 이러한 요소를 갖추지 않은 (가)호 고안은 이 사건 등록고안의 권리범위에 속하지 아니한다."
        ],
        "dedatAssrs": [
            "이 사건 등록고안은 인용고안 등과 전혀 다른 것이므로, 출원 전에 공지된 기술이아니다.",
            "(가)호 고안은 이 사건 등록고안의 핵심적인 구성요소인 받침대, 초음파 공구혼, 안내지지봉, 이동구, 절단칼, 에어실린더를 그대로 가지고 있다.",
            "단지 침해를 회피하기 위하여 이 사건 등록고안의 들림판(5, 5 )만을 사용하고 있지 아니할 뿐이므로, 이 사건 등록고안의 권리범위에 속한다."
        ]
    },
    "facts": {
        "bsisFacts": [
            "갑 제2, 3호증, 을 제1호증(갑 제1호증과 같지만, 갑 제1호증은 도면의 일부가 누락됨)의 각 기재에 변론의 전취지를 종합하면, 다음 사실이 인정된다.",
            "피고는 명칭이 수세미 접착 및 절단장치 이고 실용신안 등록청구의 범위가 다음나.항과 같은 등록 제102991호 실용신안(출원일 1994. 7. 11., 등록일 1997. 1. 20., 이하 '이 사건 등록고안' 이라 한다)의 실용신안권자이다.",
            "원고는 별지 4.의 ('가)호 도면 및 설명서' 에 기재된 수세미 제조장치 {이하 '(가)호 고안' 이라 한다}는 이 사건 등록고안과 기술적 구성이 다른 것이므로 (가)호 고안은 이 사건 등록고안의 권리범위에 속하지 아니한다는 내용의 권리범위확인 심판을 청구하였다.",
            "특허심판원은 위 심판청구 사건을 99당835호로 심리하여 2000. 2. 28. 다음 라. 항과 같은 이유로 이 사건 심판청구를 기각한다는 심결(이하 '이 사건 심결 '이라 한다)을 하였다.",
            "기체(1)의 상측 공급판(2)의 중앙부 상에 2개의 받침대(3)(3 ) 사이에 접동공간부(4)가 형성되게 고정 설치하고, 전, 후면에는들림판(5)(5 )을 형성하여 연결시키고 상측부에는 초음파 발진기에 의하여 상, 하 작동되는 공구혼(6)을 설치하였다.",
            "받침대(3)(3 )의 직하방부에는 양측지지대(7)(7 )간에 횡설된 안내지지봉(8)에 상단부에 절단칼(9 )이 착설된 이동구(9)를 끼워 설치하여 일측부에 고정 설치된 에어실린더(10)의 로드(10 )단부를 이동구(9)에 연설하여 이동 작동되게 구성하여서 된 것을 특징으로 한 수세미 접착 및 절단장치.",
            "제1항에 있어서 들림판(5)(5 )을 연결하여 공압기로 상승시킬 수 있게 한 것을 특징으로 한 수세미 접착 및 절단장치이다.",
            "이송된 수세미 부재를 받쳐 주는 2개의 받침대(11)를 그 사이에 공간부가 형성되도록 기대(17)의 상판부에 고정 설치하고, 받침대(11)의 상측에는 상, 하로 작동하며 초음파로 수세미 부재를 접착시키며 저면에는 요홈(101)이 형성된 초음파 공구혼(10)을 설치하였다.",
            "받침대(11)의 하측에는 에어실린더{도면에는 에어실린더 로드(123)만 도시됨}에 의해 작동되어 초음파 공구혼의 요홈(101)을 왕복 운동하면서 접착된 수세미를 절단하는 절단칼(12) 및 초음파 공구혼(10)의 과열을 방지하기 위한 흡입환풍기(13)로 구성된 수세미 제조장치이다.",
            "원고는 별지 4.의 (가)호 도면 및 설명서 에 기재된 수세미 제조장치 {이하 '(가)호 고안' 이라 한다}는 이 사건 등록고안과 기술적 구성이 다른 것이므로 (가)호 고안은 이 사건 등록고안의 권리범위에 속하지 아니한다는 내용의 권리범위확인 심판을 청구하였다."
        ]
    },
    "dcss": {
        "courtDcss": [
            "이 사건 등록고안은 재질의 특성상 접착이 불가능하여 종래에 재봉기를 사용하여 절단부를 봉착하던 폴리에스텔 필름과 화학사로 재직된 수세미포 내에 폴리우레탄 스펀지 심체를 넣은 수세미의 접착 및 절단장치에 관한 것이다.",
            "1982. 3. 9. 일본국 특허청 소57-43137호로 공개된 인용고안 1은, 간헐적으로 이송되는 합성수지재 원단(2)의 길이 방향 두 곳을 동시에 용착하는 용착장치(8)와 이 두 곳의 용착부 사이를 절단하는 절단장치로 구성되는 용착절단장치에 관한 것이다.",
            "절단장치는 용착작용을 하는 부분의 부근에 설치된 줄톱(band saw)으로 된 유단도체(, 17), 유단도체(17)를 정방향과 역방향으로 이동시키는 구동장치 및 이를 절단 작용을 하는 곳으로 이동시키는 승강 구동장치로 구성된다. ",
            "인용고안 2의 성형장치는 부재(A)가 구멍(11) 위로 진입되면 가열기(17)는 하강하고인두받침(19)은 상승되어 가열기(17) 저면에 구비된 인두(16)와 인두받침(19) 사이에서 부재(A)의 중간 중간을 열압착시킨다.",
            "열압착 순서가 끝난 뒤 압핀대(10)에 의하여 부재(A)가 구멍(12) 위로 이동하면, 절단도(20)는 하강되고 받침목(23)은 상승되어 열압착부의 중간이 절단되어 단위 수세미(B)가 완성되는 구성으로 되어 있다. ",
            "한국타미나' 라는 상호로 수세미 제조업을 하는 원고가 1993. 10. 4.경 전자 기계 등의 제조업체인 '동아초음파' 로부터 초음파용착기 1대를 3,400만 원에 매수하기로 약정하여, 같은 해 12. 8.경 밑바닥에 길이 방향으로 요입홈이 형성된 구조의 초음파용착기 1대를 인도 받아 수세미 제작에 사용하였다.",
            "이 사건 등록고안 출원 전인 1994. 6.경 발행된 '상품시장' 이라는 간행물(갑 제9호증의 1 내지 3)에는 '한국타미나' 에서, 수세미의 재질을 겉은 폴리에스터 필름, 속은 스펀지 및 부직포로 하고, 수세미의 양끝을 초음파로 처리하여 제조한다는 내용 및 수세미 완제품의 사진이 실려 있다. ",
            "이 사건 등록고안과 인용고안 1, 2를 대비하면, 모두 합성수지 소재의 접착 및 절단장치인 점에서 어느 정도 공통점이 있지만,다음과 같은 차이점이 있다.",
            "이 사건 등록고안은 초음파에 의하여 수세미를 접착시킨다. 반면, 인용고안 1은 가열판(15)에 내장된 히터(16) 등으로 구성된 용착장치에 의하여 수세미를 용착시키고, 인용고안 2는 저면에 인두(16)를 구비한 가열기(17)로 가열하여 열압착시키는 구성으로서, 이 사건 등록고안과 인용고안들은 수세미 소재의 접착 방식이 다르다.",
            "또한, 이 사건 등록고안은 이동구(9)에 부착된 절단칼(9 )이 수세미(14)가 공급판(2)으로 공급되는 방향을 기준으로 할 때 좌우왕복 운동을 함으로써 수세미를 절단하는 방식이다.",
            "인용고안 1은 줄톱(band saw)으로 된 유단도체( 17)가 승, 하강 운동 및 좌우 왕복 운동을 하여 소재를 절단하는 방식이고, 인용고안 2는 절단도(20)가 상하로 오르내리면서 절단하는 방식으로서, 이 사건 등록고안과 인용고안들은 소재의 접착 부분을 절단하는 절단칼의 구조 또는 그 작동 방식도 다르다.",
            "갑 제9호증의 1 내지 3에 기재된 기술에는 이 사건 등록고안과 대비할 수 있을 만큼 구체적으로 그 수세미 제조방법에 관한 기술내용이 나타나 있지 아니하다.",
            "원고가 이 사건 등록고안의 초음파 공구혼과 같이 그 밑바닥에 길이 방향으로 요입홈이 형성된 구조의초음파 용착기를 사용하여 수세미를 제작함으로써 이에 관한 기술이 이 사건 등록고안출원 전에 개시되었다.",
            "그렇다 하더라도 이 사건 등록고안에서 초음파 공구혼을 제외한 나머지 구성과 대비할 수 있는 기술 내용이 나타나 있음을 인정할 자료가 없는 이상, 그 점만으로는 이 사건 등록고안과 동일한 수세미 제조장치가 그 출원 전에 국내에서 공연히 실시되었다고 볼 수 없다.",
            "이 사건 등록고안은 수세미 소재를 연속적으로 공급하는 공급판, 가열 접착 방식으로는 접착이 불가능한 폴리에스텔사를 사용하여 재직한 수세미포와 스펀지 심체를 일체로 접착시키는 초음파 공구혼, 접착 부위를 절단하는 절단칼과 그 구동부, 절단된 부위를 확실하게 분리시켜 주는 들림판의 각 구성 부분이 유기적으로 결합되어 있다.",
            "그런데 이 사건 등록고안출원 전 공지 공용 기술은 모두 이 사건 등록고안과 전체적인 기술 구성이 동일하지 아니하다.",
            "따라서 이 사건 등록고안은 인용고안들을 포함한 공지 공용 기술에 비하여 새로운 기술 이라고 볼 수 있다.",
            "수세미 소재를 연속적으로 공급하는 공급판, 가열 접착 방식으로는 접착이 불가능한 폴리에스텔사를 사용하여 재직한 수세미포와 스펀지 심체를 일체로 접착시키는 초음파 공구혼, 접착 부위를 절단하는 절단칼과 그 구동부, 절단된 부위를 확실하게 자동 분리시켜 주는 들림판의 각 구성요소가 유기적으로 결합된 하나의 장치가 그 기술적 특징을 인정받아 실용신안 등록된 것이지, 어느 일부분의 구성에 기술적 특징이 있다고 볼 수 없다.",
            "이러한 이 사건 등록고안의 특징과 앞에서 본 바와 같은 들림판 구성의 작용효과, 공구 혼의 초음파 파장 조절로 들림판 기능을 대체하는 것의 한계 및 이 사건 등록고안의 출원 전 공지 공용 기술의 내용 등을 아울러 고려하면, 들림판 구성이 이 사건 등록고안의 구성요소 중에서 기술적 중요도가 낮은, 단순한 부가 요소에 불과하다고 할 수 없다.",
            "그리고 (가)호 고안에서 이 사건 등록고안의 들림판 구성과 균등한 것으로 볼만한 구성이 있다고 볼 수도 없다.",
            "그렇다면 들림판 구성을 갖추고 있지 않은 (가)호 고안은 이 사건 등록고안과 구성 및 그에 따른 작용효과가 다른 고안에 해당된다.",
            "따라서 (가)호 고안이 들림판 구성을 결여하고 있더라도 이 사건 등록고안의 권리범위에 속한다는 취지의 피고 주장은 이유 없다.",
            "(가)호 고안은 이 사건 등록고안의 권리범위에 속하지 아니한다."
        ]
    },
    "close": {
        "cnclsns": [
            "원고의 청구는 이유 있어 인용한다."
        ]
    }
}