{
    "info": {
        "caseField": "3",
        "detailField": "5",
        "trailField": "2",
        "caseNm": "개발부담금부과처분취소",
        "courtNm": "대전고등법원",
        "judmnAdjuDe": "2004. 10. 08.",
        "caseNo": "2000누1650",
        "relateLaword": [
            "산업입지및개발에관한법률(이하 산업입지법이라 한다) 제18조",
            "구 산업입지법(1995. 12. 29. 법률 제5111호로 개정되기 전의 것) 제37조",
            "구 산업입지법(1999. 2. 5. 법률 제5803호로 개정되기 전의 것) 제37조",
            "소득세법 시행령 제53조",
            "건축법 제16조",
            "수도권정비계획법 제2조",
            "지가공시및토지등의평가에관한법률 제10조",
            "지가공시및토지등의평가에관한법률 제12조의2",
            "구 개발이익환수에관한법률 시행령 제9조",
            "구 개발이익환수에관한법률 시행령 제14조의2",
            "구 개발이익환수에관한법률 시행령 제8조",
            "구 개발이익환수에관한법률 시행령 제13조",
            "구 개발이익환수에관한법률 제10조",
            "구 개발이익환수에관한법률 제7조",
            "구 개발이익환수에관한법률 제14조",
            "구 개발이익환수에관한법률 제15조",
            "구 개발이익환수에관한법률 제9조",
            "구 개발이익환수에관한법률 제8조",
            "구 개발이익환수에관한법률 제13조"
        ],
        "qotatPrcdnt": [
            "대법원 1995. 4. 25. 선고 93누13728 판결 ",
            "대법원 2001. 4. 24. 선고 99두10834 판결",
            "대법원 1997. 10. 10. 선고 95누2968 판결"
        ]
    },
    "concerned": {
        "acusr": "2",
        "dedat": "3"
    },
    "org": {
        "orgJdgmnCourtNm": "대전지방법원",
        "orgJdgmnAdjuDe": "2000. 7. 14",
        "orgJdgmnCaseNo": "99구289"
    },
    "disposal": {
        "disposalform": "10",
        "disposalcontent": [
            "당심에서의 청구취지 변경에 따라, 제1심판결을 다음과 같이 변경한다.",
            "피고가 2001. 3. 8. 원고에게 한 개발부담금 14,434,786,800원의 부과처분 중 7,937,736,480원을 초과하는 부분은 이를 취소한다.",
            "원고의 나머지 청구를 기각한다.",
            "소송총비용은 이를 9분하여 그 5는 원고의, 나머지는 피고의 각 부담으로 한다."
        ]
    },
    "mentionedItems": {
        "rqestObjet": [
            "피고가 2001. 3. 8. 원고에게 한 개발부담금 14,434,786,800원의 부과처분은 이를 취소한다(원고는 당초 1999. 10. 8.자 개발부담금 10,197,961,090원의 부과처분의 취소를 구하다 항소제기 후 위와 같이 청구취지를 변경하였다).",
            "제1심판결을 취소하고, 원고의 청구를 기각한다."
        ]
    },
    "assrs": {
        "acusrAssrs": [
            "개발이익환수에관한법률(이하 '법' 이라 한다)이 1997. 1. 13. 법률 제5285호로 개정되면서 신설된 제7조 제3항은 산업단지개발사업에 대한 개발부담금을 면제하도록 규정하고 있다.",
            "위 개정법 부칙(1997. 1. 13.) 2. 는 부과종료시점부터 3월이 경과하지 아니한 경우에는 위 개정규정을 적용하도록 규정하고 있는데, 부과종료시점부터 3월이 경과하지 아니한 경우는 법 제14조 소정의 부담금 결정, 부과기간을 경과하지 아니한 경우라고 해석하여야 한다.",
            "당해 개발사업이 대규모사업의 일부로서 개발비용의 내역을 산출할 수 없는 경우에 해당하므로 법 제15조 제2항 후문, 개발이익환수에관한법률시행령(이하 '시행령'이라 한다) 제14조의2 제1호에 따라 전체사업이 완료된 때(1997. 12. 24.)가 부과종료시점이다.",
            "위 개정법 시행일인 1997. 1. 13. 당시에는 부담금의 결정, 부과기간이 경과되지 아니하였을 뿐만 아니라 부담금이 부과된 바도 없어 제1, 2토지의 개발사업에 대하여는 개발부담금이 면제된다고 보아야 한다.",
            "개발사업의 준공 전 부과종료시점에 대하여 정하고 있는 법 및 시행령에 의하면 토지만을 개발하는 개발사업의 경우 준공인가 전 사용승인을 받은 경우를 부과종료시점으로 본다는 규정이 없다.",
            "제2토지 개발사업의 부과종료시점은 전체토지의 개발이 완료된 1997. 12. 24.이 되고, 따라서 제2토지 개발사업은 위 개정된 법 제7조 제3항에 의하여 개발부담금이 면제된다.",
            "제1 토지에 대한 개발부담금을 결정, 부과할 수 있는 날은 부과종료시점인 1995. 5. 6.부터 3월이 경과하는 1995. 8. 6.이다.",
            "그날부터 5년이 경과한 2000. 8. 6. 이후에는 부과제척기간이 도과되어 개발부담금을 결정, 부과할 수 없다 할 것인데, 이 사건 처분은 부과제척기간 경과 후인 2001. 3. 8. 부과고지된 것이어서 위법하다.",
            "제1, 2토지의 종료시점지가를 산정할 때 적용할 법은 그 각 종료시점 당시에 시행되던 법이다.",
            "따라서 제1 토지에 대하여는 1997. 8. 30. 법률 제5409호로 개정되기 전의 구 법 제10조 제1항을 적용하여 1996년 개별공시지가를 기준으로 산정되어야 한다.",
            "제2토지에 대하여는 부과종료시점이 1997. 12. 24.이므로 1997. 1. 13. 법률 제5285호로 개정된구 법 제10조 제1항, 제3항, 제5항 및 1997. 6. 25. 대통령령 제15395호로 개정된 구 시행령 제9조 제6항 제2호를 적용하여 매입가격으로 개시시점지가를 산정한 경우의 산정방법에 따라 같은법시행규칙(이하 '시행규칙' 이라 한다) 제4조의3 제2항의 규정에 의하여 2개의 감정기관의 평균감정가격으로 산정하여야 한다.",
            "피고는 이 사건 개발부담금을 부과하면서 위 1997. 8. 30. 개정된 법 제10조 제1항만을 적용하여 제1, 2토지의 종료시점지가를 산정하였으니 위법하다.",
            "제1, 2, 4토지의 부과종료시점이 각 상이하므로 법 제9조 제3항 각호의 규정에 따라 각 토지별로 부과종료시점지가와 개시시점지가, 개발비 등을 산정하여 개발이익과 부담금을 산정하여야 한다.",
            "피고는 기부채납토지를 제외한 제1, 2, 4토지 전체의 개발이익을 산정한 다음 이를 부과종료시점지가비율로 안분하는 방식으로 개발부담금을산정한 잘못이 있다.",
            "전체토지에 대한 총개발비용은 산정되지만 토지별로 개발비용을 구분 산정할 수 없는 경우에는 지출한 전체토지의 총개발비용을 제1, 2, 4토지의 각 면적비율로 안분하여 부과대상 토지별 개발이익을 산정하여야 함에도, 피고는 이를 부과종료시점지가비율로 안분한 잘못이 있다."
        ],
        "dedatAssrs": [
            "1997. 1. 13. 법률 제5285호로 개정된 법 부칙(1997. 1. 13.) 2.에 의하면 위 개정으로 신설된 위 제7조 제3항의 규정은 제1, 2토지의 개발사업에는 적용되지 아니한다.",
            "법 및 시행령은 개발사업의 준공 전 부과종료시점에 대하여 개발사업의 목적용도로 사용을 개시한 때라고 규정하고 있다.",
            "원고가 제2토지를 그 개발목적용도인 완성차대기장으로 사용하기 위하여 준공인가 전 사용허가를 받은 날이 제2토지의 부과종료시점이 된다.",
            "제1 토지에 대한 개발부담금을 결정, 부과할 수 있는 날은 시행령 제14조의2 제1호, 제13조 제4항의 규정에 의하여 부담금을 부과하게 되는 이 사건의 경우에는 전체개발사업이 완료된 날인 1997. 12. 24.을기준으로 하여야 하므로 2001. 3. 8. 부과고지된 이 사건 처분은 부과제척기간 경과 후의 부과처분이 아니다.",
            "1997. 8. 30. 법률 제5409호로 개정된 법 부칙(1997. 8. 30.) 2.에 의하면제1, 2토지의 개발부담금 산정은 위 개정법에 따르게 되어 있다.",
            "위 개정법 제10조 제1항의 규정에 정한 절차에 따라 제1, 2토지의 종료시점지가를 산정한 피고의 조치는정당하다.",
            "피고가 제1, 2, 4토지의 부과종료시점지가의 합산액에서 제1, 2, 4토지 전체의부과개시시점 지가의 합산액 등 법 제8조 소정의 항목을 공제하여 제1, 2, 4토지 전체의 개발이익을 산정한 다음 이를 부과종료시점지가비율로 안분하는 방식으로 부과대상토지별 개발이익 및 개발부담금을 산정한 것은 관계 법령의 규정에 적합한 것으로 합리적인 방식이다."
        ]
    },
    "facts": {
        "bsisFacts": [
            "원고는 1994. 8. 31. 충청남도지사로부터 산업입지및개발에관한법률(이하 '산업입지법'이라 한다) 제18조에 의한 지방산업단지개발실시계획승인을 받았다.",
            "그리하여 0000, 0000, 0000 일대 토지1,812,634㎡(1997. 4. 26. 면적이 1,811,585.8㎡로 감소되었다, 이하 '전체토지' 라 한다)에 대한 사업시행자로서 0000공업단지 2공구 개발사업(이는 토지개발부담금부과처분취소 (판례, 2000누1650)만을 개발하는 사업이다)을 시행하였다.",
            "원고는 1995. 3. 21. 위 개발대상토지 중 827,224㎡에 대하여 구 산업입지법(1995. 12. 29. 법률 제5111호로 개정되기 전의 것) 제37조 제5항에 의하여 공장건물 및 부대시설 건축목적으로 준공인가 전 사용허가를 받았다.",
            "1995. 5. 6. 그 중826,462㎡(이하 '제1토지' 라 한다)에 대하여 건축법 제16조 제1항에 의한 건축착공신고를 함으로써 그 목적용도로 사용을개시하였다.",
            "원고는 다시 1996. 2. 13. 위 개발대상토지 중 203,957㎡(이하 '제2토지' 라한다)에 대하여 구 산업입지법(1999. 2. 5. 법률 제5803호로 개정되기 전의 것) 제37조 제7항에 의하여 완성차대기장(하역장) 목적으로 준공인가 전 사용허가를 받아 그 목적용도로 사용을 개시하였다.",
            "원고는 1997. 12. 24. 전체토지에 대한 개발사업을 완료하고, 충청남도지사로부터 위 전체면적에 대하여 산업입지법 제37조에 따른 준공인가를 받았다.",
            "그 인가조건에 따라 위 전체토지 중 12.96%인 234,867.4㎡(이하 '제3토지' 라 하고, 제1, 2, 3토지를 제외한 나머지 546,299.4㎡를 제4토지 라 한다)는 피고 등에게 기부채납되었고 전체토지 중 87.04%인 제1, 2, 4토지 1,576,718.4㎡(그 중 제1, 2, 4토지의 면적비율은 순서대로 52.42%, 12.93%, 34.65%이다)만이 원고에게 남게 되었다."
        ]
    },
    "dcss": {
        "courtDcss": [
            "개발부담금부과처분은 재산권보장이나 납부의무자의 기득권존중 또는 신뢰보호를 위하여 조세부과처분과 마찬가지로 부칙 등에 특별한 규정이 없는 이상 부과요건 완성 당시의 법령을 적용하여야 한다(따라서 개발부담금납부의무는 그 당시 시행되는 법에서 정한 요건사실이 충족됨에 따라 성립하고 행정청의 부과처분으로 확정되는 것이다).",
            "개발부담금에 관련된 법규는 그것이 부과요건이든 면제요건이든 납부의무자에게 불리하지 않도록 엄격하게 해석하여야 하는 것이 원칙이며, 경과규정인 부칙의 해석에 있어서도 마찬가지이다.",
            "그런데 위에서 본 바와 같이 1차 개정법 부칙(1997. 1. 13.) 2.는 1차 개정법시행 당시 부과종료시점으로부터 3개월이 경과하지 아니한 경우 에 위 제7조 제3항을 적용하도록 규정하고 있다.",
            "1차 개정법 시행일인 1997. 1. 13. 당시 부과종료시점으로부터 3개월이 경과하지 않았는지 여부의 판단 기준에 관하여 본다.",
            "위 관계 법령에 의하면 부과종료시점은 개발사업의 준공인가 등을 받거나 사실상 개발이 완료된 토지를 타인에게 양도하거나 또는 건축물을 건축하는 때를 말한다고 할 것이다.",
            "법이 당해 사업은 준공되었으나 그것이 대규모사업의 일부에 해당하는 경우 전체 개발사업이 완료된 후 개발부담금을 부과할 수 있다고 규정하고 있더라도 이는 개발비용의 산출이 곤란하여 개발부담금 산정이 어려울 것이라는 사정을 감안하여 부과권의 행사를 전체사업의 개발이 완료된 후에 할 수 있다는 취지에 불과한 것이다.",
            "이러한 경우에도 전체사업의 완료시가 아니라 당해 사업의 준공시가 부과종료시점이 된다고 할 것이다.",
            "마찬가지로 구 시행령 제14조의2의 규정이 위와 같은 경우 개발부담금을 부과고지할 수 있는 날로 전체개발사업이 완료된 날로부터 3월이 경과한 때를 들고 있으나 이는 법 제15조 제2항에서 정한 부과권의 제척기간의 기산일을 그렇게 산정한다는 의미이지 위와 같은 경우 전체사업의 완료시가 먼저 준공된 사업의 부과종료시점이 된다는 취지는 아니다.",
            "또한, 법 제14조 제1항과 구 시행령 제14조의2는 건설부장관은 부과종료시점으로부터 3월 이내에 개발부담금을 결정, 부과하여야 한다 , 부담금을 부과고지할 수 있는 날은 부과종료시점으로부터 3월을 경과한 날로 한다. 다만 제13조 제4항의 규정에 의하여 부담금을 부과하는 경우에는 전체개발사업이 완료된 날로부터 3월이 경과한 날로 한다 고 각 규정함으로써 부과종료시점과 개발부담금의 결정, 부과시점을 엄격히 구분하고 있다.",
            "1차 개정법 부칙(1997. 1. 13.) 2.는 법 제14조 소정의 부담금의 결정, 부과기간이 경과하지 아니한 경우 가 아니라 부과종료시점부터 3월이 경과하지 아니한 경우 라고 명시하고 있고, 법 제9조 제3항에서 일부준공일, 목적용도 사용개시일을 부과종료시점으로 명시하고 있는 이상 개발부담금의 결정, 부과시점 이 아니라 법 제9조 제3항 소정의 부과종료시점 을 기준으로 부과종료시점으로부터 3월 이내에 해당하는지 여부를 판단하여야 할 것이다.",
            "따라서 1차 개정법 제7조 제3항의 적용에 있어 부칙(1997. 1. 13.) 2. 소정의 부과종료시점으로부터 3개월이 경과하지 아니한 경우 는 전체개발사업이 완료된 날이 아니라 부과대상토지의 일부가 준공된 경우로서 법 제9조 제3항 소정의 부과종료시점으로부터 3월이 경과하지 아니한 경우 로 해석함이 상당하다 할 것이다.",
            "시행령 제8조 제1항 제1호 나목에 의하면, 토지만을 개발하는 사업의 경우 사실상 개발이 완료된 토지에 건축물을 건축하는등 토지의 사용을 개시하는 경우 가 부과종료시점이 된다.",
            "위 건축물을 건축하는 등 토지의 사용을 개시하는 경우 에 개발완료된 토지를 건축물의 건축 외의 목적용도로 사용하는 경우도 포함되는지가 문제된다.",
            "시행령 제8조 제1항 제1호 나목은 일견 건축물의 건축 외 토지의 사용을 개시하는 경우도 부과종료시점에 해당한다는 취지로 보이기도 한다.",
            "그러나 개발부담금의 부과요건에 관한 규정은 법률에 명확하게 규정하여야 하고 그 규정의 해석도 엄격하여야 한다는 점이나 법 제9조 제3항은 원칙적인 부과종료시점은 개발사업의 준공인가일이되 다만 예외적으로 납부의무자가 부과대상토지를 개발사업의 목적용도로 사용하는 경우로서 대통령령이 정하는 경우에는 부과종료시점으로 본다는 취지이다.",
            "이러한 경우 예외규정은 함부로 확장하여 해석할 수 없고, 특히 시행령 제8조 제2항 제1, 2호에서 토지만을 개발하는 사업의 부과종료시점에 대하여 소득세법시행령이 정한 날(토지양도의 경우) 또는 건축법에 의한 착공신고를 한 날(토지사용의 경우)이라고 두 가지 경우만을 특정하여 규정하고 있다.",
            "비록 위 시행령 제8조 제1항 나목이 건축물을 건축하는 등 토지의 사용을 개시하는 경우 라고 포괄적으로 규정하고 있는 듯이 보인다고 하더라도 이에는 건축물의 건축만이 포함되는 것이고 건축 외에 당해 토지를 개발사업의 목적용도로 사용하는 경우까지를 포함한다고 해석할 수는 없다.",
            "따라서 이러한 경우의 부과종료시점은 법 제9조 제3항이 정한 원칙에 따라 개발사업의 준공인가일이 된다.",
            "제2토지의 부과종료시점은 원고의 위 전체개발사업이 준공인가된 1997. 12. 24.이 된다 할 것이다.",
            "그런데 위 준공인가 당시에는 1차 개정법이 시행되고 있었으므로, 신설된 1차개정법 제7조 제3항에 의하여 제2토지의 개발사업에 대하여는 결국 개발부담금이 면제된다.",
            "시행령 제8조 제2항은 토지만을 개발하는 사업의 개발종료시점에 대하여 건축법에 의한 착공신고를 한 날로 규정하고 있고, 원고가 1995. 5. 6. 제1토지에 대하여 건축법 제16조 제1항에 의한 건축착공신고를 한 사실은 앞에서 본 바와 같다.",
            "제1토지의 부과종료시점은 위 1995. 5. 6.이라 할 것이고, 이는 1차개정법 시행 당시 부과종료시점으로부터 3개월이 경과하지 아니한 경우에 해당하지 아니함이 명백하여 위 제7조 제3항의 적용이 배제된다 할 것이다.",
            "결국 제1토지의 개발사업에 대하여는 개발부담금이 면제되지 아니한다.",
            "시행령 제14조의2에서는 법 제15조 후단의 규정에 의한 부담금을 부과고지할 수 있는 날을 부과종료시점으로부터 3월이 경과한 날이라고 규정하고 있다.",
            "개발부담금의 부과제척기간은 원칙적으로 부과종료시점으로부터 3월이 경과한 날로부터 5년이라 할 것이다.",
            "그런데 법 제9조 제3항 단서에 해당하는 경우로서 이 사건과 같이 당해 사업이 대규모사업의 일부에 해당되어 제11조의 규정에 의한 개발비용의 내역을 제출할 수 없는 경우에는 대통령령이 정하는 바에 따라 개발부담금을 결정, 부과할 수 있다( 법 제14조 제1항 단서).",
            "건설부장관은 법 제14조 제1항 단서에 해당하는 사업에 대하여 부담금을 부과하는 경우에는 전체 개발사업이 완료된 후에 법 제9조 제3항 각호의 1에 해당하는 토지별로 부담금을 산정하여 부과할 수 있다( 시행령 제13조 제4항).",
            "이에 의하여 부담금을 부과하게 되는 경우에는 전체 개발사업이 완료된 날부터 3월이 경과한 날로 한다( 시행령 제14조의2)고 규정하고 있다.",
            "이는 공업단지 조성사업 등 대규모사업의 경우 사업단위별로 분할하여 순차적으로 개발이 실시되는데 위와 같은 경우 각 사업단위별로 개발비용을 구분하여 제출하는 것이 곤란하기 때문에 전체 개발사업이 완료된 후 개발비용내역서를 제출하도록 하여 이를 기초로 개발부담금을 부과할 수 있도록 제척기간의 기산점을 전체 개발사업이 완료된 날부터 3월이 경과한 날로 한다는 취지로 해석된다 할 것이다.",
            "따라서 시행령 제14조의2 제1호, 제13조 제4항의 규정에 의하여 부담금을 부과하게 되는 이 사건의 경우 제1토지에 대한 개발부담금을 결정, 부과할 수 있는 날은 제1토지에 대한 부과종료시점인 1995. 5. 6.이 아니라 전체개발사업이 완료된 날인 1997. 12. 24.을 기준으로 하여야 하고, 그로부터 3월이 경과한 후인 1998. 3. 24.이 개발부담금의 부과기산점이 된다.",
            "2001. 3. 8. 부과고지된 이 사건 처분은 위 부과기산점으로부터 5년 내에 부과고지되었음이 역수상 명백하여, 결국 이 사건 처분은 부과제척기간 내에 이루어진 것으로 적법하다."
        ]
    },
    "close": {
        "cnclsns": [
            "당심에서의 청구취지 변경에 따라, 제1심판결을 다음과 같이 변경한다. ",
            "피고가 2001. 3. 8. 원고에게 한 개발부담금 14,434,786,800원의 부과처분 중 7,937,736,480원을 초과하는 부분은 이를 취소한다. ",
            "원고의 나머지 청구를 기각한다.",
            "소송총비용은 이를 9분하여 그 5는 원고의, 나머지는 피고의 각 부담으로 한다. "
        ]
    }
}