{
    "info": {
        "caseField": "3",
        "detailField": "4",
        "trailField": "1",
        "caseNm": "거절사정(특)",
        "courtNm": "특허법원",
        "judmnAdjuDe": "2001. 09. 13.",
        "caseNo": "2001허89",
        "relateLaword": [
            "구 특허법(2000. 2. 3. 법률 제6411호로 개정되기 전의 것) 제62조",
            "구 특허법(2000. 2. 3. 법률 제6411호로 개정되기 전의 것) 제63조",
            "구 특허법(2000. 2. 3. 법률 제6411호로 개정되기 전의 것) 제170조",
            "구 특허법(2000. 2. 3. 법률 제6411호로 개정되기 전의 것) 제6조",
            "구 특허법(2000. 2. 3. 법률 제6411호로 개정되기 전의 것) 제11조",
            "구 특허법(2000. 2. 3. 법률 제6411호로 개정되기 전의 것) 제47조",
            "구 특허법(2000. 2. 3. 법률 제6411호로 개정되기 전의 것) 제65조"
        ],
        "qotatPrcdnt": [
            "대법원 1995. 12. 26. 선고 94후203 판결"
        ]
    },
    "concerned": {
        "acusr": "2",
        "dedat": "3"
    },
    "org": {
        "orgJdgmnCourtNm": "",
        "orgJdgmnAdjuDe": "",
        "orgJdgmnCaseNo": ""
    },
    "disposal": {
        "disposalform": "10",
        "disposalcontent": [
            "원고의 청구를 기각한다.",
            " 이 사건 심결 절차에 거절사정의 거절이유와 다른 거절이유를 발견하여 이를 이유로 원 거절사정을 유지하는 심결을 하면서도 이러한 거절이유를 사전에 출원인인 원고에게 통지하지 아니한 위법이 있다고 할 수 없고 이 사건 출원발명 중 청구항 제41 내지 44항에 대한 출원의 취하는 효력이 없다 할 것인바, 이 사건 출원발명 중 위 청구항 제41 내지 44항이 인용발명으로부터 당업자가 용이하게 발명할 수 있어 특허될 수 없는 것임은 당사자 사이에 다툼이 없고 이 사건 출원발명의 여러 청구항 중 하나의 항이라도 거절이유가 있으면 그 출원 전부가 거절되어야 하는 것이므로 이와 결론을 같이 하여 원고의 심판청구를 기각한 이 사건 심결은 적법하다.",
            "소송비용은 원고의 부담으로 한다."
        ]
    },
    "mentionedItems": {
        "rqestObjet": [
            "특허심판원이 2000. 11. 30. 99원1215호 사건에 대하여 한 심결을 취소한다."
        ]
    },
    "assrs": {
        "acusrAssrs": [
            "특허심판원은 이 사건 심결의 심결 이유에서 이 사건 출원발명의 청구항 가운데 제1내지 40항은 진보성이 있으나 제41 내지 44항이 진보성이 없어 전체 출원이 거절되어야 한다고 판단하였다.",
            "이러한 심결이유는 이 사건 출원발명의 청구항 전체가 진보성이 없어 거절되어야 한다는 원 거절사정의 거절이유와는 명백히 다른 거절이유로서 이 사건 심결은 결국 원 거절사정이 잘못 된 것임을 인정한 것이다.",
            "따라서 특허심판원으로서는 거절이유가 잘못되었음을 이유로 구 특허법 제176조에 따라원 거절사정을 취소하고 재심사하도록 하는 결정을 하거나, 같은 법 제170조의 규정에 따라 출원인인 원고에게 이와 같은새로운 거절이유를 통지하고 보정의 기회를 부여함으로써 원고로 하여금 진보성이 없다고 판단되는 청구항을 삭제할 것인지의여부를 결정하도록 한 후에 보정의 결과에 따라 심결을 하였어야 한다.",
            "그와 같은 보정 절차를 거치지 않고 원고의 청구를 기각하고 원 거절사정을 유지하는 내용의 심결을 하였으므로 이 사건 심결은 구 특허법 제170조의 절차를 위반한 것으로서 위법하다.",
            "원고는 이 사건 출원발명의 청구항 중 이 사건 심결에서 진보성이 없다고 판단된제41 내지 44항에 대하여는 그 특허를 받을 권리를 포기하고 그 출원을 취하한다는 취하서를 특허청에 제출하였다.",
            "권리의 포기 및 절차의 취하는 단독행위로서 누구의 승 낙이나 동의가 필요한 것은 아니며 법률에 의하여 특별히 제한을 가하지 않는 한허용되는 것이라 할 것인데 구 특허법은 특허 받을 권리의 일부 포기나 특허출원의 일부 취하에 대하여 아무런 제한을 두고 있지아니하므로 원고의 특허출원의 일부 취하는 유효한 것이다.",
            "다만, 구 특허법 제47조 제1항은 특허출원서의 명세서 또는 도면을 보정할 수 있다고 하면서 거절이유의 통지를 받거나 거절사정을 받은 경우에는 보정할 수 있는 기간에 제한을 두고 있으며 같은 조 제3항은 특허청구범위를 감축하는 경우를 특허청구범위에 관한 보정의 한 경우로서 예시하고 있다. ",
            "그러나 특허청구범위에 관하여 다항제를 택하고 있는 현행 특허제도에서는 다수의 청구항 중 일부 청구항에 대하여 출원을 취하하는 것은 위 법조 소정의 특허청구범위의감축에 해당한다고는 할 수 없으므로 보정의 제 한에 관한 위 조항은 출원의 일부 취하에는 적용될 수 없다.",
            "또한 구 특허법 제215조는 2 이상의 청구항이 있는 특허 또는 특허권에 관하여 제65조제6항 및 제119조 제1항 등을 적용함에 있 어서 청구항마다 특허가 되거나 특허권이 있는 것으로 본다고 규정한다.",
            "제65조 제6항에서는 \"출원공개 후 특허출원이 포기, 무효 또는 취하된 때, 특허출원의 거절사정이 확정된 때, 제74조 제3항의 규정에 의한 취소결정이 확정된 때 및 제133조 의 규정에 의한 특허를 무효로 한다는 심결이 확정된 때에는 제2항의 규정에 의한 청구권은 처음부터 발생하지 아니한 것으로 본다.고 규정하고 있다.",
            "제119조 제1항은 특허권자는 전용실시권자, 질권자 또는 제39조제1항, 제100조 제4항 또는 제102조 제 1항의 규정에 의한 통상실시권자의 동의를 얻지 아니하면 특허권을 포기할 수 없다.\" 고 각 규정하고 있다.",
            "위 조항들은 결국 여러 개의 청구항 중에 일부 항에 대한특허출원의 포기나 취하가 언제든지 가능한 것을 전제로 한 것이다.",
            "따라서 이 사건 출원발명은 이 사건 심결에서 진보성이 없다고 인정된 청구항 제41 내지 44항에 대한 출원이 출원인의 적법한 취하에 의하여 소급하여 소멸되었다 할 것이다.",
            "제41 내지 44항 발명이 진보성이 없음을이유로 한 이 사건 심결도 그 이유로 삼은 거 절이유가 해소되었으므로 취소되어야 한다."
        ],
        "dedatAssrs": []
    },
    "facts": {
        "bsisFacts": [
            "특허청은 1999. 2. 26. 이 사건 출원발명의 특허청구범위(이하 '청구항'이라 한다) 제1 내지 44항에 기재된 발명이 이 사건 출원발 명 우선권 주장일 이전에 공개된 미국 특허 3,360,220호 발명(이하 '인용발명'이라 한다)에 의하여 그 발명이 속하는 기술분야 에서 통상의 지식을 가진 자(이하 '당업자'라고 한다)가 용이하게 발명할 수 있는것이므로 특허를 받을 수 없다는 이유로 이 사 건 출원발명을 거절사정 하였다.",
            "심사전치단계에서도 동일한 이유로 원 거절사정을 유지하였다.",
            "이 사건 출원발명의 독립항인 청구항 중 제1항과 제20항 및 제40항은 인용발명에대하여 진보성이 인정된다 할 것이다.",
            "또한 상기 제1항과 제20항에 대한 종속항인 제2 내지 19항, 제21 내지 39항도 진보성이 인정된다.",
            "그러나 이 사건 출원발명의 청구항 제41 내지 44항은 인용발명의 기재내용으로부터당업자가 용이하게 발명할 수 있는 것에 불 과하여 구 특허법(2000. 2. 3. 법률 제6411호로 개정되기 전의 것, 이하 같다)제29조 제2항의 규정에 의하여 특허 받을 수 없는 것이다.",
            "따라서 특허청구범위가 둘 이상인 경우 하나의 항이라도 거절이유가 있는 경우에는그 특허출원 전부가 거절되어야 한다(대법원 1995. 12. 26. 선고 94후203 판결 등 참조).",
            "이 사건 출원발명의 나머지특허청구범위를 포함한 이 사건 출원발명 전체 는 특허 받을 수 없다 할 것이다"
        ]
    },
    "dcss": {
        "courtDcss": [
            "갑 제1 내지 7호증의 각 기재에 변론의 전취지를 종합하면, 특허청은 1998. 12. 2.이 사건 출원발명의 청구항 제1 내지 44항은 인 용발명에 의하여 당업자가 용이하게 발명할 수 있는 것으로 인정되어 특허를 받을수 없음을 이유로 원고에게 이에 대한 의견을 제출할 것을 통지하였다.",
            "이에 대하여 원고가 1999. 2. 2.자로 의견서를 제출하자이를 기초로 이 사건 출원을 재심사한 후 같 은 달 26. 위 통지된 거절이유가 전혀 해소되지 못하였음을 이유로 이 사건 특허출원을 거절사정한 사실이 인정된다.",
            "특허심판원은 원고가 제기한 위 거절사정에 대한 불복심판(99원1215)에서 위에서 본 바와 같이 이 사건출원발명 중 청구항 제1 내지 40항의 발명은 인용발명에 비하여 진보성이 인정되나, 제41 내지 44항은 인용발명에 의하여 당업자가 용이하게 발명할 수 있는 것으로 진보성 이 없음을 이유로 원고의 심판청구를 기각한 사실을 인정할 수 있다.",
            "구 특허법 제63조는 심사관은 제62조에 의하여 거절사정을 하고자 할 때에는 그 특허 출원인에게 거절이유를 통지하고 기간을 정 하여 의견서를 제출할 수 있는 기회를 주어야 한다.고 규정하는 한편, 같은 법 제170조 제1항 및 제2항은 거절사정에 대한 불복심판 절차에 있어서도 거절사정의 거절이유와 다른 거절이유를 발견한 경우에는 위 제63조의 규정을 준용하여 새로운 거절이유를 출원인에게 통지하여야 한다고 규정하고 있다.",
            "위 각 규정의 취지는 특허출원된 발명이 특허를 받을 수 있는 발명에 해당하는지 여부의 판단에는 고도의 전문지식을 요하고 심사관이나 심판관이라 하여도 그와 같은 지식을 두루 갖출 수는 없으므로 이로인한 과오를 예방함에 있다.",
            "또 출원인에게 설명 하여 선원주의제도에서 야기되기 쉬운 과오를 보정할 기회도 주지 않고 곧바로 거절사정하거나 거절사정의 이유와 다른 거절이 유를 들어 거절사정 불복심판청구를 기각하는 것은 출원인에게 지나치게 가혹하므로출원인에게 심사관 또는 심판관이 발견한 거절이유에 대하여 의견을 제출하거나 보정을 할 기회를 부여한다. ",
            "다만 이로 인한 심사절차의 지연을 막기 위하여 심판절차에 있어서는 심사절차에서 거절이유로 통지된 바가 없어 의견제출의 기회나 보정의 기회를 부여받지 못한 새로운 거절이유를 발견한 경우 에 한하여 이를 통지하도록 한 것이라고 해석된다.",
            "따라서 심판절차에서 거절이유를 통지하여야 하는 거절사정의 거절이유와 다른 거절 이유라는 것은 원 거절사정의 거절이유와 조금이라도 다른 점이 있는 모든 거절이유를 일률적으로 의미하는 것이 아니라 거절사정 절차에서 신규성이나 진보성이 없다는 근거로 한 인용문헌과는 완전히 다른 문헌을 인용문헌으로 하여 신규성이나 진보성이 없다고 하는 경우를 의미하는 것이라고 할 것이다. ",
            "또한 거절사정에서는 신규성이 없다고 하여 거절하였는데 신규성은 있으나 진보성이 없음이 발견된 경우와 같이 심판절차에서 발견된 거절이유에 대하여 심사절차에서 의견을 제출하거나 보정을 할 수 있는 기회를 전혀 부여받지 못한 경우를 의미하는 것이라고 할 것이다.",
            "이 사건 심결에서 이 사건 출원발명의 청구항 제41 내지44항이 진보성이 없다는 근거로 내세운 인용 발명의 문헌과 원 거절사정의 거절이유에서 내세운 인용발명의 문헌이 동일한 발명에 관한 동일한 문헌인 이상, 심사절차에서 원고에게 의견제출 통지를 하면서 이유로 내세운 이 사건 출원발명 청구항 제1 내지44항의 발명 전체가 인용발명에 비하여 진보성이 없다고 하는 거절이유에는 이하와 같다.",
            "그러므로 이 사건 출원발명의 청구항 제41 내지 44항이 진보성이 없어서 거절되어야 한다는 심결 이유 에서의 거절 이유가 당연히 포함되는 것으로서 심사절차에서의 거절이유통지 및 의견제출의 기회에 이 사건 출원발명의 청구항 중 제41 내지 44항이 인용발명에 비하여 거절되어야 한다는 심결에서의 거절이유에대해서도 그 통지가 이루어지고 그에 대한 의견제출이나 보정의 기회가 충분히 부여되었다 할 것이다.",
            "이 사건 심결에서의 거절이유가 구 특허법 제170조 제2항 소정의 거절사정의 거절이유와 다른 거절이유라고 할 수 없다. ",
            "따라서 이 사건 심결에서의 거절이유가 거절사정의 거절이유와 다른 거절이유임을 전제로 하는 원고의 주장은 이유 없다.",
            "출원발명의 청구항이 둘 이상인 경우 하나의 청구항이라도 거절이유가 있는 경우에는 그 특허출원 전부가 거절되어야 하는 것이다.",
            "이 사건에서와 같이 진보성이 없다고 판단된 다수의 청구항 가운데 일부의 청구항에 대해서 심결에서 진보성이 인정되었다고 하더라도 다른 청구항에 대하여 진보성이 없다고 한 거절사정의 판단이 옳다고 판단 된 이상은 일부 청구항에 대한 거절이유가 잘못되었다는 사정만으로는 거절사정을취소할 수는 없는 법리라 할 것이다.",
            "원고의 주장은 받아들일 수 없다.",
            "구 특허법은 1개의 특허출원에 대하여 전부 취하를 예정하여 이에 관한 여러규정을 두고 있을 뿐( 구 특허법 제6조, 제 11조, 제65조 제6항), 특허출원의 일부 취하에 대하여는 아무런 규정을 두지않고 있다.",
            "출원의 일부 취하를 인정하는 경우 에는 아무런 시기적 제한 없이 청구항의 일부를 삭제하는 보정을 별도로 허용하는 것이 되어 보정에 대하여 엄격한 시기적 제한 을 가함으로써 특허심사 절차의 신속을 도모하려는 구 특허법 제47조의 취지에반하여 심사를 부당하게 지연하고 절차의 안정 성을 해치게 된다.",
            "따라서 구 특허법 제47조 제1항 각 호의 기간 내에 같은 조 제3항 제1호에 따라 특허청구범위를 감축하는 방법에 의하여 일부 청 구항을 삭제하는 것은 별론으로 하고 출원의 일부 취하는 특허법상 허용될 수없는 것이라고 할 것이다.",
            "따라서 원고의 이 사건 제41 내지 44항 발명에 대한 출원의 취하는 실질적으로는 구 특허법 제47조 제3항 제1호 소정의 특허청구범 위를 감축하는 방법에 의한 보정에 해당하는 것이라 할 것이다.",
            "보정은 구 특허법 제47조의 규정에 따라 정해진 기간내에 하여 야 하는 것인데 그 정해진 보정기간을 도과하여 이 사건 출원 취하서를 제출하였음은 원고 스스로 이를 인정하고 있는 바이므로 위 출원의 일부취하는 어느 모로 보나 그 효력이 없다.",
            "그리고 구 특허법 제215조가 2 이상의 청구항이 있는 특허 또는 특허권에 관하여 제65조 제6항 및 제119조 제1항 등을 적용함에 있어서 청구항마다 특허가 되거나 특허권이 있는 것으로 본다고 규정한다.",
            "제65조 제6항에서는 \"출원 공개 후 특허출원 이 포기, 무효 또는 취하된 때, 특허출원의 거절사정이 확정된 때, 제74조 제3항의 규정에 의한 취소결정이 확정된 때 및 제 133조의 규정에 의한 특허를 무효로 한다는 심결이 확정된 때에는 제2항의 규정에의한 청구권은 처음부터 발생하지 아니한 것 으로 본다.\"고 규정한다.",
            "제119조 제1항은 \"특허권자는 전용실시권자·질권자 또는 제39조 제1항, 제100조 제4항 또는 제102조 제1항의 규정 에 의한 통상실시권자의 동의를 얻지 아니하면 특허권을 포기할 수 없다.\"고 각 규정하고 있음은 원고가 주장하는 바와 같으나 구 특허법 제215조는 다수의 항으로 구성된 출원발명에 대하여 출원의 일부 취하, 일부 포기 또는 일부 거절이 언제든지 가능함을 전제로 한 규정이라고 해석할 수 없다. ",
            "단지 다수의 항으로 구성된 특허발 명이 등록사정이 되거나 등록이 되어 청구항의 일부에 대한 무효, 취소 및 포기가가능하게 된 후에 일부의 청구항이 심결 등에 의하여 무효, 취소되거나 또는 특허권자가 이를 포기하는 경우에 나머지 청구항에대해서는 제65조 제6항 또는 제119조 제 1항이 적용되지 않는다는 것을 명확히 한 것에 지나지 않는다고 해석하여야 할 것이다.",
            "따라서 이 사건 심결 절차에 거절사정의 거절이유와 다른 거절이유를 발견하여 이를 이유로 원 거절사정을 유지하는 심결을 하면서도 이러한 거절이유를 사전에 출원인인 원고에게 통지하지 아니한 위법이 있다고 할수 없고 이 사건 출원발명 중 청구항 제41 내지 44항에 대한 출원의 취하는 효력이 없다 할 것이다.",
            "이 사건 출원발명 중 위 청구항 제41 내지 44항이 인용발명으로부터 당업자가 용이하게 발명할 수 있어 특허될 수 없는 것임은 당사자 사이에 다툼이 없고 이 사건 출원발명의 여러 청구항 중 하나의 항이라도 거절이유가 있으면 그 출원 전부가 거절되어야 하는 것이다.",
            "이와 결론을 같이 하여 원고의 심판청구를 기각한 이 사건 심결은 적법하다."
        ]
    },
    "close": {
        "cnclsns": [
            "원고의 청구를 기각한다.",
            "소송비용은 원고의 부담으로 한다."
        ]
    }
}