{
    "info": {
        "caseField": "3",
        "detailField": "5",
        "trailField": "2",
        "caseNm": "산업재해보상보험료부과처분취소",
        "courtNm": "부산고법",
        "judmnAdjuDe": "2001. 12. 07.",
        "caseNo": "2001누2485",
        "relateLaword": [
            "구 산업재해보상보험법(1999. 12. 31. 법률 제6100호로 개정되기 전의 것) 제4조",
            "구 산업재해보상보험법(1999. 12. 31. 법률 제6100호로 개정되기 전의 것) 제65조",
            "구 산업재해보상보험법(1999. 12. 31. 법률 제6100호로 개정되기 전의 것) 제67조",
            "근로기준법 제18조"
        ],
        "qotatPrcdnt": []
    },
    "concerned": {
        "acusr": "2",
        "dedat": "3"
    },
    "org": {
        "orgJdgmnCourtNm": "창원지법",
        "orgJdgmnAdjuDe": "2001.5.17. ",
        "orgJdgmnCaseNo": "2000구2003 "
    },
    "disposal": {
        "disposalform": "10",
        "disposalcontent": [
            "원고의 항소를 기각한다.",
            "항소비용은 원고의 부담으로 한다.",
            "이 사건 상여금은 나중에 원고가 그 지급의무를 면하게 되어현실적으로 지급하지 않았다 하더라도 여전히 위 관계 법령 소정의 보험료 산정의 기초가 되는 임금총액에는 포함되는 것으로보아야 할 것이다.",
            "따라서 원고의 위 주장은 이유 없다."
        ]
    },
    "mentionedItems": {
        "rqestObjet": [
            "원심판결을 취소한다.",
            "피고가 1999. 12. 28. 원고에 대하여 한 산업재해보상보험료 61,444,430원의 부과처분을 취소한다.\n"
        ]
    },
    "assrs": {
        "acusrAssrs": [
            "원고는, 이 사건 상여금은 위 1. 다.항 판시 합의 당시 그 금액만큼 1998년도 상여금을 삭감하기로 한 것, 즉 이를 아예 지급하지 않기로 한 것이고, 이에 따라 실제로 근로자들에게 지급된 바가 없다.",
            "이 사건 상여금에 해당하는 금액만큼은 아래나. (2)항 판시 관계 법령 소정의 보험료 산 정에 산입되는 임금총액에서 제외되어야 할 것임에도 불구하고, 피고가 이를 그 임금총액에 포함되는 것으로 보아 보험료 등을 산정, 부과하였다.",
            "이 사건 처분은 위법하다고 주장하면서, 그 취소를 구하고 있다."
        ],
        "dedatAssrs": []
    },
    "facts": {
        "bsisFacts": [
            "원고는 원고 회사 000(이하 'OOO'이라 한다)과의 1997년도 단체협약 당시 OOO 소속 근로자들에 게 1998년도 상여금을 통상임금 기준으로 연 750% 지급하되 짝수달 월급일에 각100%, 설날에 50%, 추석에 100%로 나누 어 지급하기로 합의하였다.",
            "원고는 위 근로자들에게 위 가.항 판시의 1998년도 상여금 중에서 설날에 지급하기로 한 50%만 제대로 지급하였다.",
            "1998년 2월, 4월, 6월에 지급하기로 한 합계 300%(100%×3, 이하 '이 사건 상여금'이라 한다)는 경영상의 어려움으로 자금 사정이 여의치 아니하여 이를 제때 지급하지 못하였다.",
            "원고 OOO은 1998. 4. 17. 000에 원고가 1997년도 성과급 및 1998년도 상여금일부를 체불하는 등 근로기준법을 위반하였다. 하여 원고 00를 고소하였다.",
            "원고와 원고 OOO은 1998. 7. 31. 1998년도 임금인상은 동결하기로 하면서 1998년도 상여금에 관하여 아래와 같은 내용의 합의를 하였다.",
            "1998년도 상여금 750% 중에서 300%를 반납하기로 하되, 위와 같이 체불된 이 사건 상여금을 반납하며, 나머지 400%는 위 가. 항 판시 합의대로 그 짝수달 월급일에 각 지급한다.",
            "이 사건 상여금 반납분에 대한 세금은 원고가 부담하고, 퇴직금 산정에는 영향을미치지 아니한다(퇴직금 산정시 반납하기 전의 임금을 기준으로 한다는 뜻으로 해석됨).",
            "원고 OOO은 위 다. 항 판시의 고소를 취하한다.",
            "위 라. 항 판시 합의에 따라, 원고 OOO은 그 합의 당일 위 다. 항 판시의 고소를 취하하였고, 그 후 원고는 위 근로자들에게 이 사건 상여금을 지급하지 아니하였다. ",
            "원고와 원고 OOO은 1999. 7. 31. 1999년도 임금은 동결하기로 하면서 1999년도상여금은 원래대로 전액 지급하기로 합의하였다.",
            "원고는 산업재해보상보험가입자로서 1999. 11. 15.경까지 피고에게 그 보험료를납부함에 있어서, 이 사건 상여금에 해당하는 금액만큼을 아래 2. 나. (2)항 판시 관계 법령 소정의 임금총액에서 제외하여 그보험료를 산정하는 방법으로, 1998년도분 확정보험료 및 1999년도분 개산보험료 등을 신고·납부하였다.",
            "피고는 1999. 12. 28. 원고에 대하여, 이 사건 상여금도 그 보험료 산정에 산입되는 임금총액에 포함되어야 한다고 보아, 아래 2. 나. 항 판시 관계 법령에 의하여, 이 사건 상여금에 상응하는 1998년도분 확정보험료 44,731,990원과 이에 대한 가산금 4,473,190원 및 연체금 5,868,830원, 1999년도분 개산보험료 연체금6,370,420원 등 합계 61,444,430원을 부과하였다(이하 '이 사건 처분'이라 한다)."
        ]
    },
    "dcss": {
        "courtDcss": [
            "이 사건 상여금은 원래 원고가근로자들에게 지급하여야 할 임금으로서, 근로자들이 원고 회사의 경영상의 어려움을 덜어주기 위하여 이미 체불중인 이 사건상여금을 반납하기로 한 것일 뿐 당초 정해진 임 금을 이 사건 상여금 금액만큼 삭감하여 다시 그 임금을 정한 것으로 볼 수 없다.",
            "이와 같이 상여금 반납의 형태를 취함으로 써 당사자 사이에 실제로 이 사건 상여금이 지급되지는 않더라도 이에서 파생될수 있는 세금, 퇴직금 등 다른 법률관계에서는 지급된 것과 마찬가지의 효과를 가져올 수 있게끔 그 임금 관계를 정리한 것인 만큼 이 사건 상여금은 실제 원고가 그 지급의무를 면하게 되었다 하더라도 이와는 관계없이 여전히 근로기준법 소정의 임금, 평균임금 등을 기초로 규율되는 법률관계에서는 그러한 임금에 포함될 성질의 것이다.",
            "법 제41조, 제42조 등에 의하여 피고가 원고 소속 근로자들에게 지급하여야 할 보험급 여가 이 사건 상여금이 포함되어 산정되는 평균임금의 액수에 따라 정해지는 데 상응하여 원고가 피고에게 납부하여야 할 보험료도 거기에 맞추어 정해져야 할 것이다. ",
            "이러한 점 등을 종합하면, 이 사건 상여금은 나중에 원고가 그 지급의무를 면하게 되어 현실적으로 지급하지 않았다 하더라도 여전히 위 관계 법령 소정의 보험료 산정의 기초가 되는 임금총액에는 포함되는 것으로 보아야 할 것이다.",
            "따라서 원고의 위 주장은 이유 없다."
        ]
    },
    "close": {
        "cnclsns": [
            "원고의 항소를 기각한다.",
            "항소비용은 원고의 부담으로 한다."
        ]
    }
}