{
    "info": {
        "caseField": "3",
        "detailField": "5",
        "trailField": "2",
        "caseNm": "건축(이축)허가반려처분취소",
        "courtNm": "부산고등법원",
        "judmnAdjuDe": "2003. 02. 07.",
        "caseNo": "2001누3907",
        "relateLaword": [
            "농지법 제10조",
            "농지법 제39조 ",
            "농지법 시행령 제38조",
            "농지법 제11조 ",
            "농지법 제65조 "
        ],
        "qotatPrcdnt": [
            "대법원 1994. 1. 14. 선고 93누13315 판결 "
        ]
    },
    "concerned": {
        "acusr": "1",
        "dedat": "3"
    },
    "org": {
        "orgJdgmnCourtNm": "창원지방법원 ",
        "orgJdgmnAdjuDe": "2001. 8. 30.",
        "orgJdgmnCaseNo": "2000구3969 "
    },
    "disposal": {
        "disposalform": "10",
        "disposalcontent": [
            "제1심 판결을 취소한다.",
            "원고의 청구를 기각한다.",
            "소송비용은 1, 2심 모두 원고의 부담으로 한다."
        ]
    },
    "mentionedItems": {
        "rqestObjet": [
            "피고가 2000. 7. 31. 원고에 대하여 한 개발제한구역내 건축(이축)허가신청반려처분을 취소한다."
        ]
    },
    "assrs": {
        "acusrAssrs": [
            "법과 그 시행령의 규정취지 및 입법목적에 비추어 농지의 전용허가에 있어서는 별지4., 5. 항 기재 법 제39조와 시행령 제38조제1항이 정한 소정의 심사기준 외의 사유를 들어 농지전용을 불허할 수 없다.",
            "이 사건 주택의 건축으로 인한 대청계곡의 수질오염 및 자연경관훼손의 정도와 불허가시 원고의 이축권 등 재산권 침해의 정도를비교 교량하고, 이 사건 토지보다 대청천에 더 근접한 인근 토지(같은 리 544 토지를말한다)상에 이미 피고의 건축허가를 받아 주택이 건축되어 있는 등 대청계곡의 개발 정도 등에 비추어 보면 이 사건 건축(이축)허가신청 반려처분은 형평에 반하며 재량을 일탈·남용하였다."
        ],
        "dedatAssrs": [
            "원고가 실지 영농의사없이 사위 기타 부정한 방법으로 농지취득자격증명을 발급받아 이 사건 토지를 취득하고 농지취득자격증 명신청시의 영농계획을 이행하지 않은 채 이 사건 신청에 이르러 법 제10조제1항 제6, 7호가 정하는 바에 따라 이 사건 토지 를 처분할 의무가 있게 되었다.",
            "별지 관계법령 등 6.항 기재 처분의무부과농지등에 대한 업무처리지침(이하 ‘지침’이라 한다)에 비추어 이 사건 농지의 전용을 구할 수 없을 뿐만 아니라, 법 제39조 제2항 제4호, 시행령 제38조 제1항 제1호가 정하는 농지전용허가 제한사유인 ‘전용목적의 실현을 위한 사업계획 및 자금조달계획이 불확실한 경우’에 해당한다.",
            "설령 이 사건 토지의 전용을 제한할 개별규정이 없다 하더라도, 이 사건 주택의 건축은 수질오염과 자연경관 훼손의 우려가 있다.",
            "농지영농의사없이 사위 기타 부정한 방법으로 이 사건 토지에 대한 농지취득자격증명을 발급받은 원고로서는 형평의 원칙이나 재량권의 남용을 원용할 수 없다.",
            "원고가 오로지 개발제한구역 내의 이 사건 토지상에 주택을 건축하려는 목적으로 또다른 개발제한구역 내에 있는 인근의 0000 지상의 폐가를 취득하고 실제로 거주하지도않은 채 이축허가신청을 하기에 이른 것이다.",
            "원고에게는 별지 관계법령 1., 2., 3. 항 기재 도시계획법상의 이축권이 인정될 수 없다(이는 당심에 이르러 추가한 처분사유이다)."
        ]
    },
    "facts": {
        "bsisFacts": [
            "원고는 이 사건 토지를 이 사건 이축 등 허가신청 전인 2000. 4. 21. 그 아버지00으로부터 증여받았다.",
            "같은 달 27. 이사건 토지에 대한 농지취득자격증명을 신청하면서 이 사건 토지에 대하여, 주재배 예정작목을 ‘벼’, 농업경영에 필요한 노동력확보방안을 ‘자기노동력에 의한 평생영농’으로 한 농업경영계획서를 제출하였다.",
            "‘이 사건 토지를 취득함에 있어 농작물 경작이 적합한 상태로 복구한 다음 농작물 경작을 이행할 것을 확약하며, 만약 불이행시 농지법이 정하는 바에 따라 어떠한 처분도감수하겠습니다’라는 기재의 각서를 첨부하였다.",
            "그에 따라 피고는 같은 달 27. 원고에게 이 사건 토지에 대한 농지취득자격증명을 발급하면서, ‘상기 신청자는 하천의 범람과 자연적으로 황무지상태로 되어 있어 현상태로서는 농작물 경작이 어려운 지역이므로 신청인으로 하여금 농작물 경작에 적합한 상태로 복구한 다음 농작물경작에 이용하겠다는 의사를 농업경영계획서 특기사항란에 기록하도록 하였다.",
            "농지로의 복구를 조건으로 당해 농지를 취득한다는 점을 분명히 고지합니다, (,,,,,)귀하께서 취득한 당해 농지를 취득목적대로 이용하지 아니할 경우에는 법 제11조 제1항 및 제65조의 규정에 따라 당해 농지의 처분명령및 이행강제금이 부과될 수 있습니다’라는 기재의 농지취득자격증명 발급조건 및 유의사항을 교부하였다.",
            "이 사건 토지의 국토이용계획법상 용도지역은 도시지역이고, 도시계획법상 용도지역은 녹지지역이며, 도시계획상 개발제한구역내로서 토지거래허가구역으로 지정되어 있다.",
            "이 사건 토지는 종래 계단식 천수답으로영농하였으나 그 면적이 농업기계화에따른 영농에 적합하지 못하고 하천의 범람이 잦은 탓에 1980. 경 이후 묵답으로 방치되어 오다가 현재는 원고가 그 일부 지상에야채를 재배하는 정도로 영농하고 있으며, 그 전체가 경사가 고르지 못한 부정형의 토지이다.",
            "이 사건 토지를 포함한 0000 외 696필지의 장유 대청계곡 주변 일대는 피고가 김해시자연발생유원지관리 규정(1995. 5. 15. 훈령 제19호)에 의하여 자연발생유원지로 지정하여 관리하고있으나, 이 사건 토지에 이르는 대청계곡의 입구에서부터 상류까지는 이미 각종 음식점이 십 여 군데 이상 들어서는 등 상당한 정도로 개발이 이루어진 상태이다.",
            "이 사건 토지와 서쪽으로 연접한 같은 리 554 토지에는 2층 단독주택이 건축되어 있는데, 이 또한 사실상 음식점영업 용도로 쓰이고 있다.",
            "원고 가족은 이 사건 토지보다 북쪽으로 불모산 중턱에 있는 같은 리 0000에서 단감등을 재배하고 있다. ",
            "원고 가족은 이 사건 토지보다 북쪽으로 불모산 중턱에 있는 같은 리 0000에서 단감등을 재배하고 있다. ",
            "원고는 위 응달리 00000을 취득한 약 6개월 후인 2000. 4. 21. 위 ⑴항 판시와같이 농지취득자격증명을 갖추어 그 아버지로부터 이 사건 토지를 증여받았다.",
            "다시 2개월여 후인 같은 해 6. 22. 별지 관계법령 등1., 2., 3.항 기재 도시계획법 등이 규정한 개발제한구역 내 주택용 건축물의 이축권을 근거로 위 1.가.⑴항 판시와 같이 이 사건 주택의 이축허가 등의 신청을 하였다."
        ]
    },
    "dcss": {
        "courtDcss": [
            "우선 이 사건 토지에 대한 전용허가 제한 등 위 1.가.⑵항 판시의 처분사유가 존재하는지 여부에 대하여 본다.",
            "농림부 예규인 지침의 영농계획 이행없이 한 농지전용허가신청 반려에 관한 규정(이하 ‘이 사건 반려규정’이라 한다)은 법규로서의 효력이 없는 행정청 내부의 사무처리준칙에 불과하다.",
            "다만 관련법규의 규정내용과 규정취지에 적합한 경우에는 유효한 해석기준으로 적용할 수 있다고 할 것이다(대법원 1994. 1. 14. 선고 93누13315판결 등 참조).",
            "그런데, 위 나. 항 판시 사실관계에 나타나는 응달리 00000과 이 사건 토지의취득목적 및 이 사건 신청 시점간의 간격과 응달 리 00000의 구조, 현상과 원고의 실제 주거지·농지 및 이 사건 토지와의 거리, 이사건 농지취득자격증명 신청경위와 당시의 정황, 이 사건 토지와 인근의 현황 등을 대비하여 사회통념에 좇아 판단하면 이하와 같이 판단한다.",
            "원고는당초부터이 사건 토지상에서 영농할 계획·의사나 응달리 00000에 실제로 거주할 의사없이 오로지 도시계획법상의 이축권을 빙자하여 이 사건 토지를 대지로 형질변경하여 그 지상에 이 사건 주택을 이축할 의사로 순차 응달리 주택을 매수하고, 이 사건 토지에 대한 농지취득자격증명을 얻어 이 사건 토지를 취득하였다고 봄이 상당하다.",
            "위와 같은 사정을, 위 ㈎항 판시의 법리와 농지의 보전과 그를 위한 소유제한 등을규정한 법의 규정내용과 규정취지에 대비하여 판단하면, 법 제10조 제1항 제6호 소정의 ‘사위 기타 부정한 방법으로 이 사건 토지에대한 농지취득자격증명을 얻은 때’에 해당하여 애초부터 농지를 보유할 수 없다. ",
            "그리고 나아가 영농에 이용하지 않는 이 사건 토지를처분할 의무를 부담하게 된다고 보아 그러한 원고에 대하여서는, 이 사건 토지의 전용과 형질변경 및 이 사건 00000의 건축허가를 거부할 수 있다고 하여야 할 것이다.",
            "따라서, 이 사건 토지에 대한 전용허가 제한 등 위 1.가.⑵항 판시의 처분사유가 존재한다고 할 것이다.",
            "원고의 위 가.⑴㈎항 주장은 이유없다.",
            "나아가 이 사건 처분이 형평에 반하거나 그밖의 사정으로 재량을 일탈·남용한경우에 해당하는지의 점에 대하여 보건대, 위 ⑴㈏항 판시와 같은 사정 및 이 사건 처분경위 등에 비추어 보면, 이 사건 처분이형평에 반하는 등으로 재량을 일탈·남용한 경우에 해당한다고 보기도 어렵다.",
            "따라서, 원고의 위 가.⑴㈏항 주장도 이유없다.",
            "그러므로, 원고의 위 가.⑴항 주장은 결국 모두 이유없고, 이 사건 처분은 적법하다. "
        ]
    },
    "close": {
        "cnclsns": [
            "제1심 판결을 취소한다.",
            "원고의 청구를 기각한다.",
            "소송비용은 1, 2심 모두 원고의 부담으로 한다."
        ]
    }
}