{
    "info": {
        "caseField": "3",
        "detailField": "4",
        "trailField": "1",
        "caseNm": "거절결정(상)",
        "courtNm": "특허법원",
        "judmnAdjuDe": "2003. 01. 10.",
        "caseNo": "2002허5708",
        "relateLaword": [
            "상표법 제6조 "
        ],
        "qotatPrcdnt": [
            "대법원 2003. 5. 14. 선고 2003후403 판결 "
        ]
    },
    "concerned": {
        "acusr": "2",
        "dedat": "3"
    },
    "org": {
        "orgJdgmnCourtNm": " ",
        "orgJdgmnAdjuDe": "",
        "orgJdgmnCaseNo": ""
    },
    "disposal": {
        "disposalform": "10",
        "disposalcontent": [
            "특허심판원이 2002. 7. 30. 2002원2141호 사건에 관하여 한 심결을 취소한다."
        ]
    },
    "mentionedItems": {
        "rqestObjet": [
            "특허심판원이 2002. 7. 30. 2002원2141호 사건에 관하여 한 심결을 취소한다."
        ]
    },
    "assrs": {
        "acusrAssrs": [
            "이 사건 출원상표는 상단의' A. G. S' 부분이 상표의 주된 부분으로서 하단의 'Ace Golf Service' 부분보다 훨씬 큰 글씨로 표기되어 있다.",
            "하단의 'Ace Golf Service'는 상단의 'A. G. S' 부분보다 작은 글씨로표기된, 위 주된 부분을 설명하는 부분에해당한다.",
            "이 사건 출원상표 상단의 'A. G. S' 부분은 그 지정상품인 골프용품이나 골프 자체와 관련하여 어떠한 의미도 갖지 않는 조어로서 식별력이 있다.",
            "오히려 영어사전에는 AGS에 대하여 abort guidance system의 약자로서 보조유도장치라고만 설명되어 있을 뿐이다.",
            "식별력 있는 표장과 식별력 없는 표장이 결합하여 된 상표의 경우에, 식별력 있는부분이 부기적이거나 보조적인 것에 불과하고식별력 없는 표장이 주된 것인 경우에는 수요자들에게 전체적으로 식별력 없는 표장이주로 인식되고 식별력 있는 부분은 잘 인식되지 않는다.",
            "결합된 상표 전체적으로 자타상품의 출처표지로서의 역할을 할 수 없는 것이지만, 이 사건 출원상표의 경우,식별력 있는 부분이 식별력 없는 부분에 대하여 부기적이거나 혹은 보조적인 부분이 아니다.",
            "기존의 다른 상표들의 등록례에 관하여 보더라도 식별력을 인정받기 어려운 영문문구와 그 첫 글자를 따서 만들어진 영문자의결합상표가 식별력을 인정받아 등록된 사례가 대단히 많다.",
            "KDI(Korea Development Institute), ETRI(Electronics and Telecommunications Research Institute), KAIST(Korea Advanced Institute of Science and Technology) 등과 같이 법인 명칭 중에도 식별력이 없는 영어 문구들의 첫 머리 글자를 따서 만든 것이 많은데 이들을 모두 식별력이 없는 것이라고 할 수 없다."
        ],
        "dedatAssrs": [
            "이 사건 출원상표는 상단의 A. G. S 부분 아래에 Ace Golf Service라고 표기되어 있어서 일반 소비자들이 직감적으로 최고의 골프서비스라는 의미를 나타내는 영어 단어 첫 글자를 표시하는 것으로 인식하므로 그 지정상품의 효능, 품질 등을 표시하는 표장이다.",
            "특히 Ace Golf Service는 우리 나라의 영어 보급 수준을 볼 때 매우 쉬운 영어 단어일 뿐 아니라, 그 발음 자체가 국어사전에등재되어 있는 외래어이므로 지정상품의 효능, 품질 등을 표시하는 표장이다.",
            "원고는 이 사건 출원상표와 유사한 형태의 구성을 보이고 있는 상표들이 다수 등록되어 있다고 주장하지만, 상표의 등록적격성 유무는 지정상품과의 관계에서 각 상표에 따라 개별적으로 판단되어야 하는 것으로서 다른 상표의 등록례에 구애받지 아니하는 것이다.",
            "오히려 기술적 단어들의 일부를 생략하여 구성한 표장의 상표 등록적격성을 부인한 사례도 있다."
        ]
    },
    "facts": {
        "bsisFacts": [
            "피고는 원고의 이 사건 출원상표에 대하여 상표법 제6조 제1항 제3호를 적용하여 거절 결정하였다.",
            "원고는 이에 대하여 불복심판을 청구하였다.",
            "특허심판원은 위 심판청구사건을 2002원2141호로 심리하여 2002. 7. 30. 아래 다.항과 같은 이유로 위 심판청구를 기각하는 이 사건 심결을 하였다.",
            "이 사건 출원상표는 영문자 'A. G. S'와 'Ace Golf Service'가 상하로 결합된 문자상표로서 일반 수요자는 물론, 거래업계에서 A.G.S와 Ace Golf Service로 쉽게 분리 관찰이 가능하다.",
            "이 사건 출원상표의 하단에 위치한 'Ace Golf Service'는 우리 나라의 영어 보급 수준 을 감안하면 최고의 골프서비스, 일류의골프서비스 등의 뜻으로 인식되어 지정상품인 골프용품과 관련하여 볼 때 상품의 성질(품질, 효능 등)을 보통의 방법으로 표시한 것으로 직감된다.",
            "이 사건 출원상표의 상단에 위치한 영문자 'A. G. S'는 그 하단에 위치한 영어문구 'Ace Golf Service'의 각 단어에서 첫 글자만을 표시한 것으로서 이 영어문구의 약어로 누구나 쉽게 인식하게 되는 것은 자명하다.",
            "그렇다면 이 사건 출원상표는 영문자 'A. G. S'가 비록 식별력이 있는 문자라 할지라도 영어문구 'Ace Golf Service'가 상품의 성질을 표시하는 것으로서 위 영문자를 설명하는 것으로 직감되는 이상 전체적으로 상품의 성질 등을 표시한 표장으로 인식된다."
        ]
    },
    "dcss": {
        "courtDcss": [
            "이 사건 출원상표는 전체 면적의 약 3분의 2를 차지하는 상단의 'A. G. S' 부분과 전체 면적의 약 3분의 1을 차지하는 하단의 'Ace Golf Service' 부분이 결합된 문자상표로서, 상단 부분과 하단 부분이 불가분적으로 결합되었다거나 혹은 위 상단 부분과 하단 부분이 결합하여 새로운 의미를 가진다고는 볼 수 없으므로 이를 쉽게 분리하여 관찰할 수 있을 것이다.",
            "이 사건 출원상표를 이와 같이 분리하여 관찰하는 경우 상단 부분은 3글자의 영문자와 마침표 2개가 결합한 것으로 이 사건 출원상표의지정상품인 골프용품과 관련하여 어떠한 의미를 가지는 것으로는 보이지 아니하여 기술적인 표장으로 보이지 아니한다.",
            "따라서 그 지정상품과 관련하여 볼 때 식별력을 가지는 반면, 그 하단 부분은 우리나라의 영어보급 수준을 감안할 때 일반수요자들이 직감적으로 최상의 골프서비스라고 인식할 것이어서 그 지정상품의 품질을 보통으로 사용하는 방법으로 표시한기술적 표장에 해당하여 식별력을 인정할 수 없을 것이다.",
            "따라서 이 사건 출원상표는 식별력이 있는 상단 부분과 식별력이 없는 하단 부분이 결 합된 표장으로 이루어진 것인바, 이 사건 출원상표의 식별력 있는 부분인 상단 부분은 전체 표장에서 차지하는 면적이 2분의 1을 넘고있고, 그 위치도 보는 사람의 눈을 끌 기 쉬운 위쪽에 자리잡고 있다는 점에서 이 사건 출원상표의 식별력 없는 부분인 하단 부분의 보조적, 부수적인 것에 불과하다고할 수 없다.",
            "이 사건 출원상표의 요부의 일부 또는 전부를 이룬다고 보아야 할 것이다.",
            "이 사건 출원상표는 그 요부가 식별력을 가지고 있으므로 전체로서도 식별력을 가지고 있다고 할 것이다.",
            "이에 대하여 피고는, 이 사건 출원상표의 하단 부분 'Ace Golf Service'라는 표기에의하여 일반 수요자들이 그 상단 부분 'A.G. S'가 'Ace Golf Service'의 약어라고 직감적으로 인식할 것이고 그러한 경우 이 사건출원상표는 그 지정상품과 관련하여 볼때 식별력을 상실한다고 주장한다.",
            "어떤 표장이 여러 부분으로 분리 관찰되는 경우 각 분리된 부분은 독자적으로 관찰되어 외관과 호칭 및 관념이 인식된다고 할 것이지 분리된 어느 한 부분에 의하여 그와 분리된 다른 부분의 의미가 본래와는 달리 인식된다고는 할 수 없다.",
            "이 사건 출원상표의 상단 부분과 하단 부분을 분리 관찰하는 경우 상단 부분의'A. G. S'가 하단 부분의 'Ace GolfService'의 약어라는 것도 하나의 유력한 추론이라고는 할지언정 그것이 위 상단 부분'A. G. S'가 반드시 'Ace GolfService'의 약어이어야 한다고 단정할 수 없다.",
            "이 사건 출원상표의 하단부분 'Ace Golf Service'를 보고 다시 상단 부분 'A. G. S'가 그 하단 부분의 약어일 것이라고 추론하는 과정은 적어도 하나의 인식단계를 거쳐야만 가능한 것으로서이 사건 출원상표를 보고 바로 느끼는 직감적인 인식이라고는 할 수 없을 것이므로 어느모로 보나 피고의 위 주장은 이유 없다.",
            "(따라서 설령 이 사건 출원상표가 등록되는 경우 그 권리범위가 지정상품과 관련하여 식별력을 가지는 상단 부분에만 미치고 식별력 없는 부분인 하단 부분에는 미치지 아니한다고 하더라도 그것은 이 사건 출원상표가 전체로서 식별력을 가지는지 여부와는 무관한 것이라고 볼 것이다.)"
        ]
    },
    "close": {
        "cnclsns": [
            "그렇다면 이 사건 출원상표는 상표법 제6조 제1항 제3호가 규정하는 기술적 상표에 해당한다고 할 수 없고, 따라서 이와 결론을 달리한 이 사건 심결은 위법하므로 이를 취소한다."
        ]
    }
}