{
    "info": {
        "caseField": "3",
        "detailField": "5",
        "trailField": "2",
        "caseNm": "원인자부담금부과처분취소",
        "courtNm": "부산고등법원",
        "judmnAdjuDe": "2005. 01. 28.",
        "caseNo": "2002누4631",
        "relateLaword": [
            "하수도법 제32조 ",
            "헌법 제75조",
            "지방자치법 제15조",
            "지방세법 제30조의4",
            "도시계획법",
            "주택건설촉진법",
            "도시개발법 ",
            "도시공원법",
            "토지구획정리사업법",
            "행정소송법",
            "헌법 제117조"
        ],
        "qotatPrcdnt": [
            "울산지방법원 98구765호",
            "부산고등법원 99누3904호",
            "대법원 1990. 12. 11. 선고 90누3560 판결",
            "대법원 1991. 8. 27. 선고 90누6613 판결",
            "헌법재판소 2004. 9. 23. 자 2002헌바76 결정",
            "대법원 1999. 5. 25. 선고 99두1052 판결 ",
            "대법원 2004. 8. 24. 선고 2003두6849 판결"
        ]
    },
    "concerned": {
        "acusr": "2",
        "dedat": "3"
    },
    "org": {
        "orgJdgmnCourtNm": "울산지방법원",
        "orgJdgmnAdjuDe": "2002. 9. 25",
        "orgJdgmnCaseNo": "2002구합107"
    },
    "disposal": {
        "disposalform": "10",
        "disposalcontent": [
            "원심판결 중, 피고가 2001. 10. 13. 원고 0000 000에 대하여 한 금 3,557,883,090원의 원인자부담금부과처분 중 금 3,090,384,301원, 원고 0000 000에 대하여 한 금 1,373,596,870원의 원인자부담금 부과처분 중 금 1,219,808,001원을 각 초과한 부분에 관하여 취소를 명한 피고 패소 부분 및 원고 0000 000, 0000 000, 0000 000에 대한 피고 패소 부분을 각 취소한다.",
            "그에 해당하는 원고들의 청구를각 기각한다.",
            "원고들의 항소 및 피고의 나머지 항소를 각 기각한다.",
            "소송총비용은, 원고 0000 000, 0000 000과 피고 사이에서는 이를 7분하여 그 6은 위 원고들의 부담으로 하고 나머지는 피고의 부담으로 하고, 원고 0000 000, 0000 000, 0000 000과 피고 사이에서는 위 원고들의 부담으로 한다.",
            "위 원고들에 대한 이 사건 처분 중 위 각 금원을 초과한 부분은 위법하다고 할 것이다(위 원고들은, 부과처분의 전제사실이 대폭 변경되었으므로 위 원고들에 대한 이 사건 처분 전부가 위법하다고 주장 하나, 위 위법사유만으로 위 원고들에 대한 이 사건 처분 전체가 위법하다고는 볼 수 없다.)"
        ]
    },
    "mentionedItems": {
        "rqestObjet": [
            "피고가 2001. 10. 13. 자로 원고 0000 000(이하 000이라 한다)에 대하여 한 금 1,125,249,280원, 원고 0000 000(이하 000이라 한다)에 대하여 한 금 3,557,883,090원 같은 달 23. 원고 0000 000(이하 000이라 한다)에 대하여 한 1,684,568,280원의 각 원인자부담금 부과처분을 취소한다.",
            "원고 0000 000(이하 000이라 한다)에 대하여 한 금 1,373,596,870원, 원고 0000 000(이하 000이라 한다)에 대하여 한 금 987,163,280원의 같은 달 23. 원고 0000 000(이하 000이라 한다)에 대하여 한 1,684,568,280원의 각 원인자부담금 부과처분을 취소한다.",
            "원심판결을 청구취지 기재와 같이 변경한다.\n",
            "원심판결 중 피고 패소 부분을 취소하고, 그에 해당하는 원고들의 청구를 기각한다"
        ]
    },
    "assrs": {
        "acusrAssrs": [
            "이 사건 각 부과처분 중 원고 000을 제외한 나머지 원고들에 대한 부분은 위 종전 항소심 판결의 기속력에 저촉되는 흠이 있고 그 흠이 중대 · 명백하여 당연무효인 처분이다.",
            "가사, 이 사건 처분이 위 판결의 기속력에 저촉되는 것은 아니라 하더라도, 이미전소에 대하여 확정판결이 있고 후소가 실질적으로 전소를 반복하는 것에 불과한 것이라면 신의칙상 허용되지 않는다.",
            "이에 비추어 원고 000을 제외한 원고들에 대한 부과처분은 신의칙에 반하는 위법한 것이다.",
            "법률이 국민의 의무 등에 관하여 시행령, 조례 등에 위임을 하는 경우에는 구체적인 기준을 설정하고 세부적인 사항에 대해서만 위임을 하여야 함에도 하수도법 제32조 제5항은 구체적인 위임의 범위도 정하지아니하고 단지 \"위 부담금에 관하여 필요한 사항은 당해 지방자치단체의 조례로 정한다\"고만 규정하고 있어 헌법 제75조에 위반한 위헌규정이고, 이러한 위헌규정에 근거하여 한 이 사건 각 처분은 위법하다.",
            "국가나 지방자치단체가 국민에게 부담을 지우는 처분을 함에는 법치국가의 원리에따라 법률주의와 재산권보장에 관한 헌법규 정에 구속을 받는 것은 당연하고 국민의 경제활동에 관한 법적 안정성과 예측가능성이 보호되어야 하며 법률의 해석은 엄격하여야 할 것이다.",
            "이 사건 처분의 근거 규정인 하수도법 제32조 제2항은 원인자부담금의 부과요건인 \"타공사\", \"타행위\"의 내 용이 무엇인지 규정하지 않은 채 제5항에서 조례로 위임하여 놓았고, 원고들은 위타공사 또는 타행위자에 해당하는 원인자가 아닐 뿐더러 원고들에 대한 사업인가 시기인 1995 ~ 1996년 사이의 울산시하수도사용조례에는 그 내용을 구체적으로 규정하지 않았다.",
            "그러다 1997. 3. 29. 환경부의 표준하수도사용조례기준에 따라 조례를 개정하면서 비로소 \"타행위\"의 대상사업 중 하나로 토지구획정리사업을 규정하기에 이르렀다.",
            "이는 원고들의 토지구획정리사업이 완공될 단계에 와서 개정된 조례를 근거로 원인자부담금을 부과한 것으로서 결국 이 사건 처분은 국민의 권리에 영향을 미치는 법률을 소급적용한 것이므로 위법하다.",
            "토지구획정리사업의 경우 관할관청으로서는 사업시행자가 비용계획 등을 포함해 사업계획서를 제출할 때 당연히 비용계획안에 원인자부담금도 포함되어야 함을 지적하여야 하는데도 인가당시에는 원인자부담금의부과의 관하여 전혀 언급이 없다가 이미 감보율이 법정상한선인 50%에 육박하여 감보율을 조절할 수 없는 상태에 처해 있어달리 재원을 조달할 방법이 없었다.",
            "뿐 아니라 사업이 시행된 후 상당한 기간이 지난 후에야 비영리법인인 000에 이 사건 각 처분을 하는 것은 재량권을 남용한 것이고, 신뢰의 원칙에 반하는 것이므로 이 사건 각 처분은 위법하다.",
            "하수도법 제32조 제5항의 규정은 부담금의 부과절차, 징수 등에 필요한 사항을 조례로 정하라는 취지이고 하수배출량의 산정 기준까지 조례로 정할 수 있다는 것은 아닌데도, 울산광역시하수도 사용조례는 원인자부담금의 산출에 있어 개발지역내 하수 발생량은 하수도 정비기본계획, 기본 또는 실시설계보고서 상의 수량을 기준으로한다라고 규정하고 있다.",
            "2001년(2011년 의 오기로 보인다)을 목표로 정한 피고의 일방적인 기본계획 실시설계보고서로서하수배출량 등 중요부분을 산정하여 국민에게 의무부담을 지우는 원인자부담금을 산출하도록 한 위 조례사항은 무효라 할 것이고무효인 규정을 근거로 부과한 이 사건 각 처분은 위법하다.",
            "울산광역시하수도사용조례 시행규칙에 원인자부담금은 공사착공일 이전에 부과, 징수하도록(원고들은, 위 조례 시행규칙에 원인자부담금은 공사착공일로부터 10일 이내에 1개월의 납기를 정하여 부과, 징수한다고 규정하고 있다고 주장하나, 이 사건 각 부과처분 당시의 시행규칙에 대한 주장으로 선해하여 살펴본다) 규정하고 있다.",
            "그리하여 원고들이 1993. 1. 내지 1996. 8. 경으로부터 공사에 착공하여 이미 완공단계에 이른 2001. 10. 경에 이 사건 각 처분을한 것은 피고의 조례상의 부과절차에 어긋나 위법하다.",
            "또한 울산광역시하수도사용조례시행규칙에 따를 때, 원인자부담금의 부과시기는 원고들이 공사에 착공한 날로부터 10일 이내 라고 할 것이고, 위 원인자부담금의 부과에 관하여 조례에 정함이 없는 경우에는지방세의 예에 의한다고 규정하고 있다.",
            "일반적인 조세의 경우 조세를 부과할 수 있는 날로부터 5년이 경과되면 조세를 부과할 수 없고, 원고들은 1995년경부터 1996년 사이에 공사에 착공하였으므로 착공일로부터 10일이 경과된 날로부터 5년이 경과된후에 이 사건 처분을 하였으므로 원고들에게 대한 원인자부담금은 5년의 부과제척기간이 지났음에도 불구하고 부과된 것으로 위법하다.",
            "피고는 원고들이 사업시행인가를 받을 당시 신고한 계획인구에 의하여 하수발생량을정하고 그 하수발생량을 근거로 원인자부담금의 액수를 결정하였다.",
            "원인자부담금 등 조세는 부과의 근거가 명확하여야 함에도 피고는 단지 예상인구에 근거하여 원인자부담금을 산출하여 부과한 것이므로 조세법률주의에 위배된 처분으로 위법하다.",
            "원고들의 토지구획정리사업지구 내에 주택시설만이 건축될 것이 아니고 숙박시설, 병원시설, 점포 등이 건축될 수 있고 이러한 건축물들은 인구를 근거로 하여 원인자부담금을 부과하는 것이 아니고 건물의 면적등을 기준으로 하여 부과되는 것이므로 인구만을 근거로 이 사건각 처분을 한 것은 위법하다.",
            "주택시설 등 인구를 근거로 하는 부과처분도 건물용도나 거주인구가 특정될 때만 부과할 수 있는계획인구만에 부과된 것은 위법하다.",
            "하수도법상 원인자부담금은 타공사 또는 타행위로 인하여 필요하게 된 공공하수도에 관한 공사가 요하는 비용이 발생하는 경 우에 있어서 그 발생한 비용의 전부 또는 일부를 당해 타공사의 시행자 또는 타행위자에게 부담시키는 것인데도, 이 사건 각 처 분은 이 사건 각 토지구획정리사업으로 인하여 필요하게 된 공공하수도에 관한공사에 해당하지도 않는 온산하수종말처리장의 시설공사비를 원고들에게 각 부담시키고 있으므로 위 부분의 각 처분은 위법하다.",
            "피고는 원고들의 준공년도가 아니라 2011년을 기준으로 발생하는 하수발생량을 기준으로 원인자부담금을 산출하였는바, 장 래 불특정한 시점의 하수발생량을 근거로 한 이 사건 처분은 위법하다.",
            "원고 명곡2조합 및 주남조합의 경우, 최초 사업시행인가 후에 사업계획인구가 대폭 감소되었으므로, 최초의 계획인구만을 고려하여 부과한 이 사건 처분은 위법하다."
        ],
        "dedatAssrs": [
            "피고는, 원고들의 발생계획하수량의 70% 정도에 대하여만 원인자부담금의 산정기초로 삼았으므로 일부 계획인 구가 감소되었다 하더라도 그 변경된 계획인구가 최초 계획인구의 70%를 초과하는이상 이 사건 부과처분의 감액요인이 없다고 주장한다."
        ]
    },
    "facts": {
        "bsisFacts": [
            "원고들은 0000에 있는 0000, 0000, 0000, 0000 일대의 토지소유자들을 구성원으로 하여 결성된 토지구획정리 조합으로서, 1995. 5. 경부터 1996. 4. 경까지 사이에 경상남도지사로부터 그 조합설립 및 사업시행 인가를 받아 위 일대의 토지들에 대하여 토지구획정리사업을 시행하여 왔다.",
            "그런데, 0000가 이 사건 토지구획정리사업 및 택지개발사업 등이 예정된 0000지역의 하수처리를 위하여 독자적인 하수처리장 을 건설하려 하였으나 그 지역의 하수처리를 담당하는 000이 있어 동일한 구역에 하수처리장을 병설하지 못한다는 이유로 환경부장관으로부터 하수처리장 설치계획에 대한 인가를 받지 못하자 1995.7. 10. 경 피고에게 000을 증설하여 장차 0000지역에서 발생할 하수를 처리하여 주도록 협조요청을 하였다.",
            "이에 피고는 0000 관내에 0000 지역뿐만 아니라 0000 관내의 0000택지개발지구와 0000지역에서 발생될 하수를 처리할 수 있도록 기존의 000의 처리시설과 그곳까지의 차집관거를 증설하기로 하고 환경부장관으로부터 1995. 12. 27. 0댐 상류 하수도정비 기본계획의 변경승인을 받았다.",
            "그 후, 1996. 6. 4. 주식회사 000에 000 증설사업 기본 및 실시 설계용역을 주어 위 회사로부터 제출 받은 보고서를 기초로 같은 해 12.31. 000에 대한 증설허가를 받았다.",
            "피고는 000 시설을 증설함에 있어 당초에는 그 사업비를 국비와 피고 및 0000의 지방비분담금으로 충당할 계획이었으나, 1997. 3. 29. 토지구획정리사업의 경우에도 원인자부담금을 부과할 수 있음을 명시한 내용으로 울산광역시하수도사용조례가 개정되자, 그 사업비를 국비 및 지방비분담금 외에 원고들을 비롯한 토지구획정리조합에게 원인자부담금을 징수하는 방법으로 조달하기로 하여 이들에게 원인자부담금을 부과(이하 당초의 원인자부담금이라한다)하였다.",
            "원고 000을 제외한 원고들은 울산지방법원 98구765호로 위 원인자부담금부과처분 취소소송을 제기하였다가 일부 승소판결을 받았으나, 이들은 이에 불복하여 항소하였다.",
            "위 감사원의 권고에 따라, 피고는 2000. 8.경부터 000 공사를 중단하고관로공사만 시행하다가 000의 증설공사를 포기하였다.",
            "그 대신 원고들의 이 사건 각 공사구역과 온산하수종말처리장사이에 유입관로를 개설하는 방식의 공사 (이하 변경된 공사라 한다)로 대체하기로 하여 사업계획 및 설계를 변경한 다음,2000. 11. 경 환경부장관으로부터 희야하수 종말처리시설 사업변경인가를 신청하여 인가를 받아 이에 따른 차집관로 및 이송관로공사를 시행하고 있다.",
            "그런데, 이 법원 위 항소심에서는 2001. 9. 14. 피고가 당초 계획하였던 공사와변경된 공사의 규모 · 내용 · 공사비 · 위치 등 여러 가지 면에서 전혀 다른 공사로 평가되어야 할 정도로 현저히 달라 이 원인자부담금 부과처분의 적법한 처분사유가 더 이상 존재하지 아니한다.",
            "위 처분에는 부과고지의 방법 등이 관계법령에 위반되어 그절차에도 위법사유가 있다는 이유로 원심을 파 기하고 원고 000토지구획정리조합을 제외한 원고들에 대한 전부승소 판결을 하였고 위 판결은 그대로 확정되었다.",
            "이에, 피고는 위 판결취지에 따라, 원고 000을 제외한 원고들에게 부과한 당초의 원인자부담금 부과처분을 모두 취소하고 , 2001. 5. 21. 원고들을 포함한 이해관계인들에게 설계변경에 따른 원인자부담금 재산출 관련 설명회를 개최하였다.",
            "그 후, 2001. 10. 13. 및 같은 달 23. 하수도법 제32조 제2항, 울산광역시하수도사용조례 제24조 제2항에 근거하여 별지 제1 내지 5. 각 기재와 같이 산출한 각 원인자부담금을 원고들에게 각 부과하는 이 사건 각 처분을 하였다.",
            "하수도법 제32조는 제2항에서 공공하수도관리청은 타공사 또는 타행위(공공하수도에 영향을 미치는 공사 외의 행위를 말한다)로 인하여 필요하게 된 공공하수도에 관한 공사에 요하는 비용의 전부 또는 일부를 당해 타공사의 시행자 또는 타행위자에게 부담 시키거나 당해 공사를 시행하게 할 수 있다고 하고 제5항에서 위 부담금에 관하여 필요한 사항은 당해 지방자치단체의 조례로 정한다고 규정하고 있다.",
            "한편, 1997. 3. 29. 조례268호로 개정되기 전의 구 울산시하수도사용조례 제22조 제1항 제2호는 하수도법 제32조 제2항에 따라 원인자부담금을 부과할 수 있는 원인이 되는 타행위의 내용에 대하여는 규정함이 없이 공사비 전액을 하수도법 제32조에 해당하는 원인자에게 부담시킬 수 있다고만 규정하였다.",
            "그러나, 1997. 3. 29. 개정된 이후, 현재의 울산광역시하수도사용조례(조례 제505호)에는 제24조 제1항에서 법 32조의 규정에 의한 원인자부담금은 공공하수도(하수관거 및 펌프시설, 하수종말처리시설)의 신, 증설에 필요한 기본 및 실시설계비, 환경평가비, 용지비(지장물보상비 포함), 공사비(부대공사비 포함), 시공감리비 기타 부대비로 한다.",
            "다만, 하수관거는 개발지역에서 하수종말처리시설까지 유입시키기 위한 하수관거설치비로 한다고 하여 원인자부담금으로 부과할 수 있는 공사비의 범위에 대하여 규정하고, 제2항에서 제1항의 규정에 의한 원인자부담금은 다음 각 호의 기준에 따라 별표 6과 같이 산정한다고 하였다.",
            "그 다음, 제2호에서 시장은 법 제32조 제2항의 규정에의한 타공사 또는 타행위로 인하여 필요하게 된 공공하수도에 관한 공사에 요하는 비용의 전부를 당해 타공사의 시행자 또는 타행위자가부담하게 하여야 함 이라고 한다.",
            "나.목에서 타행위에 의한 공공하수도 공사는 도시의 개발산업(도시계획법, 주택건설촉진법, 도시개발법, 도시공원법 등)…, 기타 하수처리구역에서 제외된 지역에서 타행위자가 하수처리구역으로 포함시키도록요청하여 공공하수도 신, 증설이 필요한 경우를 말한다고 규정하였다. ",
            "그리고, 다.목에서 하수발생량은 하수도정비 기본계획 및 당해사업의 기본 또는 실시 설계보고서 상의 수량을 기준으로 한다고 규정하고 있는바, 별표6에서 원인자부담금의 산정방식을 별지 6.과 같이 규정하고 있다.",
            "또한 제5항에서 원인자부담금은 원칙적으로 당해사업 또는 시설물의 완공 전에 징수하며, 그 납부시기 및 납부방법은 조례시행규칙으로 정한다고 규정하고, 그 위임에 따라 울산광역시하수도사용조례시행규칙(규칙 제272호) 제17조 제1항 제1호는 원인 자부담금은 공사착공일 이전에 부과, 징수한다고 하여 부과절차를 규정하고 있다."
        ]
    },
    "dcss": {
        "courtDcss": [
            "원고 000을 제외한 각 원고들이 기속력, 신의칙 위반 주장에 대한 판단 취소판결이 확정된 후에 그 기속력에 위반하여 한 동일한 내용의 처분은 위법하고 무효라 할 것이다( 대법원 1990. 12. 11. 선고90누3560 판결 등 참조).",
            "위 인정 사실에 비추어 보면 위 항소심 판결의 전제가 되는 처분과 이 사건 처분은 별개의 사실관계에 기한 것이라 할 것이다.",
            "위 두 처분이 별개의 사실관계에 기한 것인 이상, 이 사건 처분은 위 항소심 원 판결의 기속력에 저촉된다고 볼 수 없을 뿐만 아니라, 신의칙에도 위반된다고볼 수는 없다 할 것이므로 위 원고들의 (1), (2) 주장은 모두 이유 없다. ",
            "헌법 제117조 제1항은 지방자치단체는 주민의 복리에 관한 사무를 처리하고 재산을 관리하며, 법령의 범위 안에서 자치에 관한 규정을 제정할 수 있다고 규정하고 있다.",
            "법률이 주민의 권리의무에 관한 사항에 관하여 구체적으로 아무런 범위도 정하지 아니한 채 조례로 정하도록 포괄적으로 위임하였다고 하더라도, 행정관청의 명령과는 달리, 조례는 주민의 대표기관인 지방의회의 의결로 제정되는 지방자치단체의 자주법인 만큼, 지방자치단체가 법령에 위반되지 않는 범위 내에서 주민의 권리의무에 관한 사항을 조례로 제정할 수 있다 할 것이다( 대법원 1991. 8. 27. 선고 90누6613 판결 참조).",
            "따라서 하수도법 제32조 제5항이 단지 부담금에 관하여 필요한 사항이라고만 규정하여,원인자부담금의 기준 등에 관하여 구체적으로 범위를 정하지 아니한 채 이를 조례에 위임하고 있다고 하여도 이를 들어 헌법 제75조에 위배된 포괄위임의 규정이라고 할 수는 없다 할 것이고(이 사건 원고들이 제기한 헌법소원에 대한 심판인 헌법재판소 2004. 9. 23. 자 2002헌바76 결정 참조), 결국 원고들의 주장은 이유 없다.",
            "위 인정사실과 같이 비록 하수도법 제32조 제2항의 타행위의 하나로 토지구획정리사업이 구체적으로 열거되기시작한 것은 1997. 3. 29.의 조례개정에 의한 것이다. ",
            "하지만, 위 조례개정 이전인 원고들이 사업시행 인가를 받고 공사를 시작할 당시에도 피고는 하수도법 제32조 제2항 및 당시의 울산시하수도사용조례 제22조 제1항 제1호에 의거하여 타행위를 한 자에게 그로 인하여 필요하게 된 하수시 설공사에 요하는 비용의 전부 또는 일부를 부담시킬 수 있었음은 당연하다 할 것이다.",
            "나아가 공공하수도관리청인 피고가 변경 공사를 하게된 가장 큰 이유가 000의 배수구역에 해당하는 0000지역이원고 등의 토지구획정리사업 등으로 인하여 개발됨으로써 종래의 처리용량만으로는 장차 위 지역에서 발생할 오, 폐수를 처리하는 데 한계가 있을 것이라고 생각한 0000가 피고에게 요청을 하였다는 점에 있다는 사정을 감안해 보면 이하와 같다.",
            "원고들이 비영리법인이라고 하더라고 원고들의 토지구획정리사업은 공공하수도 공사인 하수처리장 증설공사를 필요로 하게 한 타행위에 해당한다할 것이다.",
            "이에 따라 피고가 위 법 및 조 례 소정의 타행위자에 해당하는 원고들에 대하여 원인자부담금 부과처분을 한 것을두고 조례를 소급적용한 것이라고는 할 수 없다 할 것이므로, 원고들의 위 주장도 이유 없다.",
            "(또한, 조세법령불소급의 원칙은 그 조세법령의 효력발생 전에 완성된 과세요건사실에 대하여 당해 법령을 적용할 수 없다는 의미일 뿐 계속된 사실이나 그 이후에 발생한 과세요건사실에 대한 법령적용까지를 제한하는 것은아니라고 할 것인바, 위 조례 개정시까지 원고들의 사업이 완성되지 아니한 이상 원고들의 주장은 이 점에서도 이유 없다고 할 것이다)",
            "일반적으로 행정상의 법률관계에 있어서 행정청의 행위에 대하여 신뢰보호의 원칙이 적용되기 위해서는, 첫째 행정청이 개인에 대하여 신뢰의 대상이 되는 공적인 견해표명을 하여야 한다.",
            "둘째 행정청의 견해표명이 정당하다고 신뢰한 데에 대하여 그 개인에게 귀책사유가 없어야 한다.",
            "셋째 그 개인이 그 견해표명을 신뢰하고 어떠한 행위를하였어야 하고, 넷째 행정청이 위 견해표명에 반하는 처분을 함으로써 그 견해표명을 신뢰한 개인의 이익이 침해되는 결과가 초래되어야 한다.",
            "어떠한 행정처분이 이러한 요 건을 충족할 때에는 공익 또는 제3자의 정당한 이익을 현저히 해할 우려가 있는경우가 아닌 한, 신뢰보호의 원칙에 반하는 행 위로서 위법하게 된다고 할 것이다( 대법원 1999. 5. 25. 선고 99두1052 판결등 참조).",
            "먼저 피고가 원고들에게 원인자부담 금을 부과하지 않겠다는 공식적인 견해 표명을 하였는지에 대하여 살피건대, 원고들 주장의 위 사유만으로는 피고가 원고들에 게 원인자부담금을 부과하지 않겠다는 공식적인 견해를 표명하였다는 점을 인정하기에는 부족하고, 달리 이를 인정할 증거가 없으므로, 원고들의 위 주장은 나머지 요건에 대하여는 더 살펴볼 것도 없이 원고들의 위 주장도 이유 없다.",
            "하수도법은 하수도를 개량하고 정비하기 위하여 그 설치 및 관리의 기준 등을정함으로써 도시 및 지역사회의 건전한 발전 과 공중위생의 향상에 기여하고 공공수역의 수질을 보전하기 위하여 제정된 것으로서, 오늘날 환경을 보전하여야 할 필요성에 비추어 볼 때, 하수도 시설의 확충을 위한 원인자부담금 등의 재원마련은 대단히 중요한것이라 할 것다.",
            "그리고, 여기에 이 사건 사업시행당시 하수도법이 이미 제정되어 있어 원고들로서는 위 사업시행에 따라 원인자부담금을 부과고지 받을 수 있음을 예측할수 있었다 할 것이다.",
            "따라서 피고의 이 사건 각 부과처분에 재량권의 일탈 남용이 있다고 할 수는 없다 할 것이므로 원고들의 위 주장도 이유 없다.",
            "하수도법 제32조 제2항이 공공하수도관리청은 타공사 또는 타행위로 인하여필요하게 된 공공하수도에 관한 공사에 요하는 비용의 전부 또는 일부를 당해 타공사의 시행자 또는 타행위자에게 부담시키거나 당해 공사를 시행하게 할 수 있다고 규정하고 있다.",
            "현재의 울산광역시하수도사용조례(조례 제505호)는 제24조 제1항에서 법 제32조의 규정에 의한 원인자부담금은 공공하수도(하수관거 및 펌프시설 , 하수종말처리시설)의 신, 증설에 필요한 기본 및 실시설계비, 환경평가비, 용지비(지장물보상비 포함), 공사비(부대공사비 포함), 시공감리비 기타 부대비로 한다고 규정한다.",
            "그리고, 제2항 제2호에서 시장은 법 제32조 제2항의 규정에 의한 타공사 또는 타행위로 인하여 필요하게 된 공공하수도에 관한 공사에 요하는 비용의 전부를 당해 타공사의 시행자 또는 타행위자가 부담하게 하여야 한다고 규정하고 있다.",
            "이러한 원인자부담금은 국민의 재산권에 제약을 가하는 것이어서 그의 부과요건과 부과금액에 관한 규정은 엄격하게 해석하여야 할것이다.",
            "하수도법 제32조 제2항에서 타공사 또는 타행위로 인하여 필요하게 된 공공하수도에 관한 공사비용은 타공사나타행위로 인하여 직접 필요하게 된 공사비용에 한정되는 것으로 해석하여야 할 것으로 보여지기는 하나, 앞에서 본 바와같이 000이 이사건 원고들의 각 토지구획정리사업 지구에서 배출된 하수처리를 위하여 사용되게 되어 있다.",
            "그리고, 위 하수처리장 구역 내에 새로운 하수처리 수요가발생되는 경우에는 새로운 하수종말처리시설의 신, 증설이 불가피하다고 보여지는 이상,기존의 000 시설공사 비용 역시 원고들이 시행하는 공사로 인하여 직접 필요하게 된 공사비용으로 봄이 상당하다 할 것이다.",
            "단지 이미 건설이 완료되었다는 이유만으로 이를 간접적인 비용으로 보아 위 공사비용에서 제외할 수는 없다고 할 것이므로, 원고들의 위 주장 역시 이유 없다.",
            "앞서 본 바와 같이 울산광역시하수도사용조례에 의하여 하수발생량을 하수도정비기본계획 및 당해사업의 기본 또는 실시 설계 보고서 상의 수량을 기준으로 보는 이상, 피고는 하수도정비기본계획서상의 목표연도의 수량을 기준으로 하수발생량을 산정할 수 있다 할 것이므로, 원고들의 위 주장 역시 이유 없다.",
            "피고 스스로가 하수도정비 기본계획 및 원고들 사업의 기본 또는 실시 설계보고서상의 수량을 토대로 하여 계획인구 1인당 232L라는 기준 등을 자체적으로 정하여 이 사건 하수발생량을 산정하는 이상, 만약 원고들의 사업이 변경승인되어 그 계획인 구수가 변경되었다면 그에 해당하는 부분은 마땅히 이 사건 처분에 반영되어야할 것이다.",
            "피고가 위와 같은 기준을 적용하여 원고들 모두에 대하여 이 사건해수발생량을 각 산정하고 나아가 이 사건 각 처분까지 한 경위에 비추어, 법 적용의 공정성 및 형평성을 유지하기 위해서라도피고 스스로 정한 위 기준은 지켜져야 할 것이므로, 피고의 위 주장은 이유 없다. ",
            "나아가 그 구체적인 사업계획인구의 감소에 대하여 보건대, 갑제15호증, 제16호증, 제17호증, 제19호증의 각 기재에 변론의 전취지를 종합하면, 원고 명곡2조합이 이미2001. 5. 17. 공동주택용지 중 일부를 단독주택지로 변경하는 내용으로 사업변경 인가신청을 하여 같은 해 7. 8. 경상남도로부터 변경승인을 받았고, 위 변경인가에 따라 최초 사업인가시 계획인구 11,378인 에서 9,885인으로 감소된 사실이 인정된다.",
            "원고 000 역시 사업변경으로 인하여 계획인구가 4,425인에서 3,930인으로 변경된 사실이 각 인정된다.",
            "원고 명곡2조합의 소송대리인은, 위 사업변경승인 이후 원고 명곡2조합의 계획인구가 다시 6,593인으로 감소되었다고 주장하나, 계획인구 감소를 내용으로 하는 원고 명곡2조합의 사업변경승인이 이루어졌다고 볼 증거가 없다.",
            "(갑제20호증, 제21호증의 1, 2의 각 기재에 의하면 위 조합의 공동주택 건설사업자인 소외 000 주식회사가 0000에 주택건설사업 승인신청을 하였고 그 과정에서 용적률 적용 등으로 인하여 공동주택의 가구수가 축소될 것으로 보여지는 사실은 인정되나, 이러한 사실만으로 원고 명곡2조합의 사업변경승인이 된 결과와 동일시 할 수는 없다고 할 것이다)",
            "계획인구가 감소될 가능성이 있다는 사정만으로 나머지 원고들에 대한 이 사건 처분을 다툴 수는 없다고 할 것이다.",
            "위와 같은 계획인구 변경을 반영하여 별지 7. 계획하수량과 같이 하수량을 산정하여 위 원고들에 대한 원인자부담금을 계산하면, 원고 명곡2조합의 경우 별지 8, 기재와 같이 합계 금 3,090,384,301원, 원고 주남조합의 경우 별지 9. 기재와 같이 합계 금 1,219,808,001원이 각 산정된다.",
            "따라서, 위 원고들에 대한 이 사건 처분 중 위 각 금원을 초과한 부분은 위법하다고 할 것이다(위 원고들은, 부과처분의 전제 사실이 대폭 변경되었으므로 위 원고들에 대한 이 사건 처분 전부가 위법하다고 주장 하나, 위 위법사유만으로 위 원고들에 대한 이 사건 처분 전체가 위법하다고는 볼 수 없다.)."
        ]
    },
    "close": {
        "cnclsns": [
            "그렇다면 원고 명곡2조합에 대하여 한 금 3,557,883,090원의 원인자부담금 부과처분중 금 3,090,384,301원, 원고 000에 대하여 한 금 1,373,596,870원의 원인자부담금 부과처분 중 금1,219,808,001원을 각 초과한 부분은 위법하여 이를 취소하여야 할 것이고, 위 원고들의 나머지 청구 및 나머지 원고들의 청구는 이유 없어이를 기각할 것인바, 이와 일부 결론을 달리 한 원심 판결은 부당하다.",
            "원심판결 중 원고 명곡2조합, 000에 대하여 위 각 금원을 초과한 부분에 관하여 취소를 명한 피고 패소 부분 및 원고 000, 000, 000에 대한 피고 패소 부분을 각 취소하고, 그에 해당하는 원고의 청구를 각 기각하며, 원고들의 항소 및 피고의 나머지 항소를 각 기각하기로 한다."
        ]
    }
}