{
    "info": {
        "caseField": "3",
        "detailField": "4",
        "trailField": "1",
        "caseNm": "권리범위확인(상)",
        "courtNm": "특허법원",
        "judmnAdjuDe": "2004. 01. 15.",
        "caseNo": "2003허4191",
        "relateLaword": [
            "상표법 제75조 ",
            "행정소송법 제27조"
        ],
        "qotatPrcdnt": [
            "대법원 1992. 10. 27. 선고 92후605 판결(공1992하,3302)",
            "대법원 2001. 5. 8. 선고 98후1921 판결",
            "대법원 2002. 4.12. 선고 99후2211 판결\n"
        ]
    },
    "concerned": {
        "acusr": "2",
        "dedat": "2"
    },
    "org": {
        "orgJdgmnCourtNm": "",
        "orgJdgmnAdjuDe": "",
        "orgJdgmnCaseNo": ""
    },
    "disposal": {
        "disposalform": "10",
        "disposalcontent": [
            "이 사건 소를 각하한다.",
            "소송비용은 원고의 부담으로 한다."
        ]
    },
    "mentionedItems": {
        "rqestObjet": [
            "특허심판원이 2003. 7. 1. 2002당3009호 사건에 대하여 한 심결을 취소한다."
        ]
    },
    "assrs": {
        "acusrAssrs": [
            "(가)호 표장과 동일성이 있는 상표인 (이하 소외 등록상표라 한다)가 2003. 10.31. 등록되어 피고의 권리범위확인심판청구는 확인의 이익이 없게 되었다.",
            "이 사건 소는 부적법하여 각하되어야 한다.",
            "(가)호 표장은 다음과 같은 이유로 이 사건 등록상표의 권리범위에 속하지 아니한다.",
            "이 사건 등록상표의 SPA는 일반거래계에서 '온천수' 또는' 온천수', 광천수를 통한 마사지 효과라는 뜻으로 널리 알려져 있다.",
            "지정상품인 '화장비누' 등과 관련하여 원재료의 성분, 효능 등을 보통으로 표시하는표장일 뿐만 아니라 온천으로 유명한벨기에 국가의 세계적인 휴양지를 나타내는 현저한 지리적 명칭으로 일반인들에게 널리인식되어 있는 표장이므로 상표법 제6조 제1항 제3호, 제4호에 의하여 식별력이 없는 부분이다.",
            "따라서 이 사건 등록상표의 SPA와 (가)호 표장의 'SP△'를 비교하여 양 상표의 유사 여부를 결정할 수 없다.",
            "(가)호 표장의 'SP△'는 'SPA'로 인식될 수 없다.",
            "가사 그렇게 인식된다 하더라도 위가.항에서 본 바와 같이 SPA는 현저한 지리적 명칭이고 그 사용상품의 품질, 효능 등을 보통으로 사용하는 방법으로 표시하는 표장이므로 상표법 제51조 제2호, 제3호에 의하여 이 사건 등록상표의 효력이 미치지 아니한다.",
            "(가)호 표장은 'Relax'와 'SP△''로 분리되어 인식되기보다는 그 전체로서 릴랙스에스피 또는 릴랙스파로 호칭·관념될 것이다.",
            "나무모양의 도형과 'SPA' 및 스파라는 문자의 결합상표인 이 사건 등록상표와 유사하다고 할 수 없다.",
            "이 사건 등록상표의 지정상품과 (가)호 표장의 사용상품은 그 형상, 용도, 판매부문, 수요자의 범위 등이 상이하여 서로 유사하지 아니하다."
        ],
        "dedatAssrs": [
            "소외 등록상표는 사각형의 도형 안에 첫 글자만 대문자이고 나머지인 소문자인Relaxspㅁ가 들어 있는 형태의 상표로서 (가)호 표장과 동일하지 아니할 뿐만 아니라 곧 무효가 될 상표이다.",
            "권리범위확인심판을청구할 이익이 있는지 여부는 심결시를기준으로 판단하여야 한다.",
            "소외 등록상표가 이 사건 심결시 이후에 등록되었다는 점을 들어 이 사건 소가 부적법하게 되었다 할 수 없다.",
            "이 사건 등록상표는 도형과 문자부분으로 분리될 수 있고 문자부분의 SPA가 지정상품의 성분, 효능 등을 보통으로 표시하는표장이거나 현저한 지리적 명칭만으로 된 표장이라 할 수 없다.",
            "(가)호 표장은 Relax와 SPㅁ로 분리되고 SPㅁ는 SPA로 인식될 수 있어 이 사건 등록상표와 (가)호 표장은 유사하다.",
            "이 사건 등록상표의 지정상품과 (가)호 표장의 사용상품또한 유사하므로, (가)호 표장은 이 사건 등록상표의 권리범위에 속한다."
        ]
    },
    "facts": {
        "bsisFacts": [
            "피고는 (가)호 표장은 'SP△'만에 의하여 '스파'로 호칭될 수 있어 이 사건 등록상표의 한요부인 'SPA'와 칭호, 관념에서 동일하다.",
            "그 사용상품도 이 사건 등록상표의 지정상품과 유사하므로 이 사건 등록상표의 권리범위에 속한다는 취지의 적극적 권리범위확인심판을 청구하였다.",
            "특허심판원은 이를 2002당3009호로 심리하여, 2003. 7. 1.아래 라.항 기재와 같은 이유로 피고의심판청구를 인용하는 내용의 이 사건 심결을 하였다.",
            "이 사건 등록상표는 도형 부분과 문자 부분으로 분리되어 관찰될 수 있고 문자 부분에 의하여 스파로 호칭 및 관념될 수 있다.",
            "(가)호 표장 역시 'Relax' 부분과 'SP△' 부분으로 분리되어 관찰될 수 있을 뿐만 아니라 그 중 'SP△' 부분의 '△'이 'A'로인식되어 위 부분은 '스파'로 호칭되고 관념될 수 있다.",
            "양 상표는 그 호칭 및 관념이동일한 상표이고, 'SPA'가 이 사건 등록상표의 지정상품의 성질을 보통으로 표시하는 표장이거나 현저한 지리적 명칭으로 된상표라 할 수 없다.",
            "또한, 이 사건 등록상표의 지정상품과 (가)호 상표의 사용상품은 그 용도, 품질, 형상, 수요자, 판매장소 등이 동일하여 유사한 상품이다.",
            "따라서 (가)호 표장은 이 사건 등록서비스표의 권리범위에 속한다."
        ]
    },
    "dcss": {
        "courtDcss": [
            "상표권의 권리범위확인은 등록된 상표를 중심으로 어떠한 미등록상표가 적극적으로 등록상표의 권리범위에 속한다거나 소극적으로 이에 속하지 아니함을 확인하는 것이다.",
            "상대방의 상표가 등록상표인 경우에는 설사 그것이 청구인의 선등록상표와 동일 또는 유사한 것이라 하더라도 상대방의 상표 내용이 자기의 등록상표의 권리범위에 속한다는 확인을 구하는 것은 상대방의 등록이 상표법 소정의 절차에 따라 무효심결이 확정되기까지는 그 무효를 주장할 수 없는 것임에도 그에 의하지 아니하고 곧 상대방의 등록상표의 효력을 부인하는 결과가 된다.",
            "상대방의 등록상표가 자신의 등록상표의 권리범위에 속한다는 확인을 구하는 심판청구는 부적법하다( 대법원 1992. 10. 27. 선고 92후605 판결 등 참조).",
            "한편, 특허심판원 심결의 취소소송에서 심결의 위법여부는 심결 당시의 법령과 사실상태를 기준으로 판단하여야 한다.",
            "원칙적으로 심결이있은 이후 비로소 발생한 사실을 고려하여 판단의 근거로 삼아 심결이 부적법하다는 이유로 이를 취소할 수는 없다( 대법원2002. 4. 12. 선고 99후2211 판결 등참조).",
            "그러나 취소소송 자체를 구할 이익이 있는지 여부 등 소송요건의 존부는 원칙적으로 사실심의 변론종결시를 기준으로 하여 판단하되 사실심 변론종결시 이후 소의 이익 등 소송요건이 흠결되는 경우 그러한 사정도 고려하여 소의 이익이 없다고 보는 것이대법원 판례의 일반적인 경향이라 할 것이다( 대법원 1999. 6. 8. 선고 99다17401,17418 판결, 대법원 2001. 5. 8. 선고98후1921 판결 등 참조).",
            "소외 등록상표가 이 사건 심결의 심결시 이후인 2003.11. 19. 한국화장품 주식회사를 상표권자로, 지정상품을 상표법시행규칙 제6조 제1항의 별표 1 상품류 구분 제3류인 나리싱크림, 립스틱, 마스카라, 마스크팩, 바디안에센스, 스킨밀크, 스킨프레시너, 아이라이너, 아이섀도, 콤팩트용고형분으로하여 등록된 사실 및 같은 달 28. 위 상표에 대한 상표권이 원고에게 이전·등록된 사실을 인정할 수 있다.",
            "소외 등록상표는 사각형의 도형과 문자가 결합된 상표이다.",
            "문자부분인 Relaxspㅁ는 첫 글자만 대문자이고 나머지는 모두 소문자이며 전혀 띄어쓰기가 되어 있지 않다는 점에서 (가)호 표장과 차이가 있다.",
            "그러나 사각형의 도형은 식별력이 없는 윤곽에 불과하고 문자크기가 변경되거나 띄어쓰기를 하지 않았다는 점만으로상표의 칭호나 관념이 변경된다고 할수 없다.",
            "양 상표는 거래사회의 통념상 동일한 상표로 보아야 할 것이다.",
            "(가)호 표장이 이 사건 등록상표의 권리범위에 속한다는 확인을 구하는 것은실질에 있어서 소외 등록상표가 이 사건 등록상표의 권리범위에 속한다는 확인을 구하는 적극적 권리범위확인청구에 해당하여확인의 이익이 없다 할 것이다.",
            "이 사건 심결의 심결 당시에는 소외 등록상표가 등록되어 있지 않았으므로 심결 이후에 소외등록상표가 등록된 점을 들어 이 사건권리범위확인심판청구를 각하하지 아니한 이 사건 심결이 위법하다고 할 수는 없다.",
            "그러나 이 사건 소송의 변론종결시 및 그 이후의사실 및 권리상태를 기준으로 할 때 (가)호 표장이 이 사건 등록상표의 권리범위에 속한다는 확인을 구하는 것은 부적법하게 되었다 할 것이다.",
            "따라서 이 사건 소를 통하여 (가)호 표장이 이 사건 등록상표의 권리범위에 속한다고 판단한 이 사건 심결의당부를 구할 이익 또한 없어졌다고 봄이 타당하다.",
            "결국 이 사건 소는 부적법하다 할것이다(한편, 피고는 소외 상표가 곧 무효가 될 상표이므로 이 사건 심판청구가 권리 대 권리의 적극적 권리범위확인심판이 될수 없다는 취지로 주장하나, 등록된 상표에 관하여는 상표법 소정의 절차에 따라 무효심결이 확정되기까지는 그 무효를 주장할수 없는 것이므로, 위 주장은 그 자체로 이유 없다)."
        ]
    },
    "close": {
        "cnclsns": [
            "이 사건 소를 각하한다.",
            "소송비용은 원고의 부담으로 한다."
        ]
    }
}