{
    "info": {
        "caseField": "3",
        "detailField": "5",
        "trailField": "2",
        "caseNm": "개발부담금부과처분취소",
        "courtNm": "서울고등법원",
        "judmnAdjuDe": "2004. 07. 22.",
        "caseNo": "2003누11461",
        "relateLaword": [
            "구 도시계획법 제4조",
            "구 개발이익환수에관한법률(1997. 8. 30. 법률 제5409호로 개정되기 전의 것) 제5조",
            "구 개발이익환수에관한법률(1997. 8. 30. 법률 제5409호로 개정되기 전의 것) 제15조",
            "국세기본법 제26조",
            "구 개발이익환수에관한법률 시행령(1997. 6. 25. 대통령령 제15398호로 개정되기 전의 것) 제4조",
            "구 개발이익환수에관한법률 시행령(1997. 6. 25. 대통령령 제15398호로 개정되기 전의 것) 제14조의2"
        ],
        "qotatPrcdnt": [
            "서울행정법원 2001. 1. 9. 선고 99구34563호 판결",
            "대법원 1999. 9. 21. 선고 97누1211 판결",
            "대법원 1996. 9. 24. 선고 96누68 판결 ",
            "서울고등법원 2002. 6. 20.선고 2001누1927호"
        ]
    },
    "concerned": {
        "acusr": "1",
        "dedat": "3"
    },
    "org": {
        "orgJdgmnCourtNm": "서울행정법원",
        "orgJdgmnAdjuDe": "2003. 6. 3",
        "orgJdgmnCaseNo": "2002구합43506"
    },
    "disposal": {
        "disposalform": "10",
        "disposalcontent": [
            "제1심 판결 중 원고 임장현 패소 부분을 취소하고, 피고가 2002. 9. 30. 원고 임장현에 대하여 한 별지 목록 기재 개발부담금 부과처분 중 금 42,291,900원(원고 패소부분)을 취소한다.",
            "피고의 원고들에 대한 항소를 각 기각한다.",
            "원고00과 피고 사이에 생긴 소송총비용은 피고의 부담으로 하고, 원고 00을 제외한 나머지 원고들에 대한 항소비용은 피고의 부담으로 한다."
        ]
    },
    "mentionedItems": {
        "rqestObjet": [
            "피고가 2002. 9. 30. 원고들에 대하여 한 별지 목록 기재 각 개발부담금 부과처분을 취소한다."
        ]
    },
    "assrs": {
        "acusrAssrs": [
            "이 사건 처분은 개발부담금을 부과고지할 수 있는 날부터 5년이 경과한 후에 이루어져 위법하다.",
            "원고들은 원고 00이 제1토지를 352,980,130원에, 원고 00가, 00가 제2토지 중 1,077분의 96지분씩을 24,000,000원, 31,500,000원에 각 매수한 다음 이 사건 처분이 있기 전에 당초 처분에 대하여 피고를 상대로 하여 제기한 서울고등법원 2001누1927호 개발부담금부과처분취소 등의 소송절차에서 이러한 사실을 주장하였다.",
            "피고는 개발부담금을 산정함에 있어 부과개시시점의 지가는 매입가액 주장 부분에 대해 이를 기준으로 산정하고, 부과종료시점의 지가를 산정함에 있어서도 매입가액 주장 부분에 대해 2인의 감정평가업자가 감정평가한 가액을 산술평균하여야 한다.",
            "개발비용으로 지출된 519,135,869원 전액을 계상하였어야 함에도 그러하지 아니한 이 사건 처분은 위법하다."
        ],
        "dedatAssrs": []
    },
    "facts": {
        "bsisFacts": [
            "원고 00은 1995. 1. 9.경 도시계획구역내인 0000 합계 3,547㎡ 지상에 000을 인가 받아 운영하여 오던 중 1996. 1. 18. 원고들 소유로서 위 학원의 부지와 연접하여 있는 0000답 1,190㎡, 같은 동 2059 답 864㎡, 같은 동 2231 답 1,170㎡, 같은 동 224 답 615㎡, 같은 동 29316답 1,077㎡(이상 전부를 이하 이 사건 토지라 한다)에 대하여, 자동차 중장비 학원 확장을 목적으로 구 도시계획법",
            "법 제4조소정의 토지형질 변경허가를 받아, 그 무렵 토지형질 변경사업(이하 '이 사건 사업'이라한다)에 착공하여 1996. 3. 2. 준공검사를 받았다.",
            "이에 피고는 \"이 사건 사업은 구 개발이익환수에관한법률(1997. 8. 30. 법률 제5409호로 개정되기 전의 것, 이하 '법'이라 한다) 제5조 제1항 제11호, 구 개발이익환수에관한법률시행령(1997. 6. 25. 대통령령 제15398호로 개정되기 전의 것) 제4조제1항 관련 별표 1 제11호 소정의 도시계획법에 의한 '자동차 또는 중기 운전학원 설치사업'에 해당한다\"는 이유로 이하와 같이 하였다.",
            "1998.9. 3. 이 사건 토지의 개시시점지가를 1,001,237,025원, 종료시점지가를 3,497,469,292원, 정상지가상승분을11,882,813원, 개발비용을 250,304,729원으로 하여 산정된 개발부담금 총액1,117,022,360원을 원고별 토지 소유면적에안분하여 개발부담금을 각 부과(이하 '당초 처분'이라 한다)하였다.",
            "그리고 원고들의 불복으로 제기된 서울고등법원 2002. 6. 20.선고 2001누1927호 개발부담금부과처분취소 판결(그 제1심판결은 서울행정법원 2001.1. 9. 선고 99구34563호 판결)의 취지에 따라 2002. 9. 30. 이 사건 토지의 개시시점지가를 1,001,237,025원으로 산정하였다.",
            "또한, 종료시점지가를 2,615,312,000원, 정상지가상승분을 11,882,813원, 개발비용을 250,304,729원으로 하여 산정된 개발부담금 총액 675,925,560원을 원고별 토지 소유면적에 안분하여 별지 목록 기재 각 개발부담금을 부과하는 이 사건 처분을 하였다."
        ]
    },
    "dcss": {
        "courtDcss": [
            "먼저 이 사건 처분이 개발부담금을 부과고지할 수 있는 날부터 5년이 경과한 후에 이루어져 위법하는 주장에 관하여 살펴본다.",
            "법 제15조 제2항은 \"개발부담금은 이를 부과고지할 수 있는 날부터 5년이 경과한 후에는 부과할 수 없다.",
            "이 경우 개발부담금을 부과고지할 수 있는 날은 대통령령으로 정한다.\"고 규정하고 있다.",
            "그 위임을 받은 법 시행령 제14조의2는 \"법 제15조 제2항 단서의 규정에 의한 개발부담금을 부과고지할 수 있는 날은 부과종료시점부터 3월이 경과한 날로 한다.\"고 규정하고 있다.",
            "법 제15조 제2항이 규정하고 있는 이러한 부과권의 존속기간은 법문의 내용과 형식 등에 비추어 볼 때 부과권의 제척기간을 규정하고 있는 것이라고 할 것이다( 대법원 1999. 9. 21. 선고 97누1211 판결 참조).",
            "따라서, 이 사건 개발사업에 대하여 개발부담금을 부과고지할 수 있는 날{개발부담금의부과종료시점(준공검사일)인 1996. 3.2.부터 3월이 경과한 날}인 1996. 6. 2.부터 5년의 제척기간이 경과한 후임이 역수상명백한 2002. 9. 30. 이루어진 이 사건처분은 그 하자가 중대하고 명백하여 당연무효라 할 것이다.",
            "이에 대하여 피고는, 개발부담금 부과에 대한 제척기간에 관하여 1993. 6. 11. 법률 제4563호로 개정되면서 법 제15조 제2항으로 규정된 것인데, 이미 부과처분을 하였으나 판결 등에 의하여 취소된 경우를 규정하고 있지 아니한다.",
            "이런 때에는 일반법인 예산회계법 또는 국세기본법 등을 당연히 유추 적용하여 제척기간에도 불구하고 행정소송에 대한 판결이 있는 경우 판결이 확정된 날로부터 1년이 경과하기 전까지는 당해 결정 또는 판결 등에 따라 경정결정기타 필요한 처분을 할 수 있다.",
            "부과제척기간이 일단 만료되면 부과권자는 새로운 결정이나 증액경정결정은 물론 감액경정결정 등 어떠한 처분도 할 수 없다 할 것이다( 대법원 1996. 9. 24. 선고 96누68 판결 참조).",
            "그 결과 부과처분에 대한 행정심판청구 또는 행정소송 등의 쟁송절차가 장기간 지연되어 그 판결등이 부과제척기간이 지난후에 행하여지는 경우 그 판결 등에 따른 처분조차도 할 수 없게 되는 불합리한 사례가 발생하는 것을 방지하기 위하여 2002.12. 26. 법률 제6832호로 법 제15조제2항을 \"개발부담금은 이를 부과고지할 수 있는 날부터 5년이 경과한 후에는 부과할 수없다.",
            "이 경우 행정심판 또는 소송에 의한 재결 또는 판결이 확정된 날부터 1년이 경과되기전까지 개발부담금을 정정부과 또는 그 밖에필요한 처분을 할 수 있다.\"고 개정하기에 이르렀다.",
            "법 개정 이전에 아무런 근거 없이 위와 같은 내용을 담고있는 국세기본법 제26조 제2항의 규정을준용할 수 없다.",
            "나아가 납세자의 이익 보호라는 측면에서 이를 함부로 유추 적용할 수도 없다 할 것이어서 피고의 위 주장은 이유 없다."
        ]
    },
    "close": {
        "cnclsns": [
            "1. 제1심 판결 중 원고 00 패소 부분을 취소하고, 피고가 2002. 9. 30. 원고 00에 대하여 한 별지 목록 기재 개발부담금 부과처분 중 금 42,291,900원(원고 패소부분)을 취소한다. ",
            "2. 피고의 원고들에 대한 항소를 각 기각한다. ",
            "3. 원고 00과 피고 사이에 생긴 소송총비용은 피고의 부담으로 하고, 원고 00을 제외한 나머지 원고들에 대한 항소비용은 피고의 부담으로 한다. "
        ]
    }
}