{
    "info": {
        "caseField": "3",
        "detailField": "5",
        "trailField": "2",
        "caseNm": "행정처분(건물용도불허처분)취소",
        "courtNm": "광주고등법원 ",
        "judmnAdjuDe": "2004. 05. 13.",
        "caseNo": "2003누2075",
        "relateLaword": [],
        "qotatPrcdnt": []
    },
    "concerned": {
        "acusr": "1",
        "dedat": "3"
    },
    "org": {
        "orgJdgmnCourtNm": "전주지방법원",
        "orgJdgmnAdjuDe": "2003. 11. 20.",
        "orgJdgmnCaseNo": "2003구합459"
    },
    "disposal": {
        "disposalform": "10",
        "disposalcontent": [
            "제1심 판결을 취소한다.",
            "피고가 2002. 8. 19. 원고에 대하여 한 건물용도변경불허처분을 취소한다.",
            "소송총비용은 피고의 부담으로 한다."
        ]
    },
    "mentionedItems": {
        "rqestObjet": [
            "제1심 판결을 취소한다.",
            "피고가 2002. 8. 19. 원고에 대하여 한 건물용도변경불허처분을 취소한다.",
            "소송총비용은 피고의 부담으로 한다."
        ]
    },
    "assrs": {
        "acusrAssrs": [
            "이 사건 주택단지는 통행거리 300m 이내에 다른 영유아 보육시설이 있어 이 사건 주택단지 내의 영유아 보육시설은 설치의무시설이 아닌 임의시설에 해당한다.",
            "이 사건 주택단지 내의 영유아 보육시설이 설치의무시설임을 이유로 한 이 사건 처분은 위법하다.",
            "이 사건 주택단지 인근에 설치된 영유아 보육시설들로 인하여 이 사건 쟁점부분에 영유아 보육시설을 설치, 운영한다고 하더라도 이미 경쟁력을 상실하여 수익성을 기대하기 어렵다.",
            "이 사건 처분으로 얻는 공익보다 원고가 입는 피해가 현저희 크다고 할 것이어서, 이 사건 처분은 재량권을 일탈하거나 남용한 것으로 위법하다. "
        ],
        "dedatAssrs": [
            "피고는 이 사건 처분이 위 처분사유 및 관계법령에 따른 것으로서 적법하다고 주장한다."
        ]
    },
    "facts": {
        "bsisFacts": [
            "원고는 2002. 5. 4.경 000로부터 전주시 완산구(주소 생략) 소재 ○○○○○○ 아파트 단지( 이하 '이 사건 주택 단지'라 한다) 내의 독립된 영유아 보육시설1, 2층 합계 401.68㎡ 분양받았다.",
            "같은 달 21. 피고에게 위 분양건물의 용도를 영유아 보육시설에서 근린생활시설로 변경하는 것에 관하여 신고하여 같은 달 27. 피고로부터 위 분양건물 123.26㎡( 이하 '이 사건 쟁점부분'이라고 한다) 를 제외한 나머지 부분에 관하여 신고필증을 교부받았다.",
            "원고는 2002. 8. 10. 다시 피고에게 이 사건 쟁점부분의 용도에 관하여 영유아 보육시설에서 근린생활시설(소매점)로 변경하는 것에 하여 신고하였다.",
            "피고는 같은 달 19. 이 사건 쟁점부분의 용도인 영유아 보육시설은 주택건설기준등에관한규정 제55조 4항 소정의 설치의무시설이므로 용도변경이불가하다는 이유로 수리거부처분(이하 '이 사건 처분'이라 한다)을 하였다.",
            "이 사건 주택단지는 639세대로 구성되어 있는데, 이 사건 주택단지에 대한 주택건설사업계획 승인시에는 이 사건 주택단지로부터 통행거리 300m 이내에 영유아 보육시설이 없었다.",
            "그 후 이사건 주택단지로부터 통행거리 280m 정도 떨어진 곳에 하와이 어린이집, 약 230m 정도 떨어진 곳에 아이들세상 어린이집 등영유아 보육시설이 각 설립, 운영되고 있다."
        ]
    },
    "dcss": {
        "courtDcss": [
            "위 주택건설기준등에관한규정 제55조 제4항에 의하면, 500세대 이상의 공동주택을건설하는 주택단지에는 상시 30인 이상의 영유아를 보육할 수 있는 시설규모를 갖춘 영유아보육법에 의한 보육시설을 당해 주택의 사용검사시까지 설치하도록 하되, 당해 주택단지로부터 통행거리 300미터 이내에 보육시설이 있는 경우에는 예외적으로 영유아 보육시설을 설치하지 않아도 무방하다고 규정하고 있다.",
            "위 규정은 영유아 보육시설이 공동주택 거주자들의 생활복리를 위하여 필요한 공동시설임에 비추어 반드시 최초 주택건설사업계획 승인시에만 한정하여 적용되는 규정이라고 해석할 수는 없다.",
            "주택건설사업계획승인 이후에당해 주택단지로부터 통행거리 300m 이내에 영유아 보육시설이 새로이 생긴 경우에도 마찬가지로 적용된다고해석하여야 할 것이다.",
            "위 각 인정사실에 의하면, 원고의 원고의 2002. 08. 10. 자 위 용도변경신고 당시 이 사건 주택단지로부터 통행거리 280m 정도 떨어진 곳에 하와이 어린이집, 통행거리 약 30m 정도 떨어진 곳에 아이들세상 어린이집등 영유아 보육시설이 각 설립, 운영되고 있다.",
            "원고의 위 용도변경신고는 위 공동주택관리령 제6조 제2항, 별표 2의 입주자공유가 아닌 복리시설에 대한 것으로서 주택건설기준등에관한규정에서 정한 복리시설의설치기준에 적합한 범위 안에서 용도를 변경하고자 하는 때에 해당한다고 할 것이어서 이를 수리거부한 이설치기준에 적합한 범위 안에서 용도를 변경하고자 하는 때에 해당한다고 할 것이어서 이를 수리거부한 이사건 처분은 위법하여 취소되어야 할 것이다.",
            "따라서, 더 나아가 살필 필요 없이 원고의주장은 이유 있고 피고의 주장은 이유 없음으로 돌아간다."
        ]
    },
    "close": {
        "cnclsns": [
            "1. 제1심 판결을 취소한다. ",
            "2. 피고가 2002. 8. 19. 원고에 대하여 한 건물용도변경불허처분을 취소한다. ",
            "3. 소송총비용은 피고의 부담으로 한다. "
        ]
    }
}