{
    "info": {
        "caseField": "3",
        "detailField": "4",
        "trailField": "1",
        "caseNm": "거절결정(상)",
        "courtNm": "특허법원",
        "judmnAdjuDe": "2003. 08. 21.",
        "caseNo": "2003허1291",
        "relateLaword": [
            "상표법 제6조 "
        ],
        "qotatPrcdnt": [
            "대법원 1994. 8. 26. 선고 93후1100 판결",
            "대법원 1999. 9. 17. 선고 99후1645 판결",
            "대법원 2003. 5. 16. 선고 2002후1768 판결"
        ]
    },
    "concerned": {
        "acusr": "2",
        "dedat": "3"
    },
    "org": {
        "orgJdgmnCourtNm": "",
        "orgJdgmnAdjuDe": "",
        "orgJdgmnCaseNo": ""
    },
    "disposal": {
        "disposalform": "10",
        "disposalcontent": [
            "원고의 청구를 기각한다.",
            "소송비용은 원고의 부담으로 한다."
        ]
    },
    "mentionedItems": {
        "rqestObjet": [
            "특허심판원이 2003. 2. 3. 2002원2672호 사건에 관하여 한 심결을 취소한다."
        ]
    },
    "assrs": {
        "acusrAssrs": [
            "이 사건 출원상표는 독특한 필기체로 구성되어 있으므로 지정상품의 성질을 보통으로 사용하는 방법으로 표시하는 표장에 해당하지 아니한다.",
            "이 사건 출원상표는 원고가 임의의 영어 단어를 나열하여 만든 조어상표로서 특별한 관념이 직감되지 아니하거나 시원한물, 서늘한 물이라는 관념으로 인식되는 정도에 불과하다.",
            "그 지정상품인 화장품과 관련하여 시원한 느낌을 주는 화장품, 시원하고 수분이 있는 화장품, 시원한 느낌과 수분을 함유한 화장품 등의 관념을 직감하게한다고 볼 수 없다.",
            "가사 그렇다 하더라도 화장품에 있어서 시원하거나 서늘하다.는 것은 화장품이 일반적으로 가지고 있거나 필요로 하는 품질 또는 효능이 아니고, 시원하게 하기 위한 용도로 화장품을 사용한다고 볼 수도 없다.",
            "이 사건 출원상표가 지정상품의 품질, 용도, 효능 등과 같은 성질을 보통으로 표시한 것으로 볼수 없다.",
            "이 사건 출원상표가 성질을 표시하는 상표라 하더라도, 그 지정상품에 대하여 출원인(원고)의 표장으로 일반 수요자들에게 널리 알려진 표장이다.",
            "상표법 제6조 제2항에 의하여 상표로서 등록될 수 있다."
        ],
        "dedatAssrs": []
    },
    "facts": {
        "bsisFacts": [
            "특허청은 2002. 4. 9. 이 사건 출원상표가 \"시원하고 수분이 있는(보습기능이 있는)\"등의 뜻이 있어 지정상품의 성질(품질, 효능, 용도)을 표시하는 것이므로 상표법 제6조 제1항 제3호에 해당하여 상표등록을 받을수 없다는 이유로 같은 법 제23조의 규정에 의하여 상표등록거절결정을 하였다.",
            "원고가 2002. 7. 8. 위 거절결정에 불복하여 특허심판원에 거절결정불복심판을 청구하였으나, 특허심판원은 이를 2002원2672호사건으로 심리한 후 2003. 2. 3. 아래 (나)항과 같은 이유로 원고의 심판청구를 기각하는 내용의 이 사건 심결을 하였다.",
            "이 사건 출원상표는 그 지정상품 중 \"일반화장수, 향수, 나리싱크림, 립스틱, 스킨밀크, 애프터셰이브제 로션, 핸드크림\" 등과 관련하여 \"시원한 느낌을 주고, 수분을 유지시키는\" 등의 의미를 직감하게 한다.",
            "그 서체가일반인의 특별한 주의를 끌어 문자 부분의 기술적 또는 설명적인 의미를 직감할 수 없게 할 정도로 도안화되었다고 보기도 어렵다.",
            "위 상표는 지정상품의 성질을보통으로 사용하는 방법으로 표시한 상표로서 상표법 제6조 제1항 제3호에 해당한다.",
            "이 사건 출원상표가 그 상표등록출원전에 사용되어 수요자간에 그 상표가 누구의 업무와 관련된 상품을 표시하는 것인가 현저하게 인식되어 있는 상표로서 상표법 제6조 제2항의 규정에 의하여 등록을 받을 수 있는 상표라고 볼 수도 없다.",
            "그러므로, 이 사건 출원상표의 등록을 거절한 원결정은 정이 사건 출원상표가 그 상표등록출원 전에 사용되어 수요자간에 그 상표가 누구의 업무와 관련된 상품을 표시하는 것인가 현저하게 인식되어 있는 상표로서 상표법제6조 제2항의 규정에 의하여 등록을 받을 수 있는 상표라고 볼 수도 없으므로, 이 사건 출원상표의 등록을 거절한 원결정은 정당하다."
        ]
    },
    "dcss": {
        "courtDcss": [
            "상표법 제6조 제1항 제3호에 의하면 지정상품의 품질, 효능, 용도 등을 보통으로 사용하는 방법으로 표시한 표장만으로 된 상표는그 상표등록을 받을 수 없도록 규정되어 있다.",
            "위 규정의 취지는 지정상품의 품질, 효능, 용도, 사용방법 등을 보통으로 사용하는 방법으로 표시한 표장만으로 된 상표는 상품의 특성을 기술하는 목적으로써 표시되어 있는 기술적 표장이기 때문에 자타 상품을 식별하는 기능을 상실하는 경우가 많다.",
            "가사 상품 식별의 기능이 있는 경우라 하더라도 상품 거래상 누구나 필요한 표시이기에 어느 특정인에게만 독점적으로 사용시킨다는 것은 공익상으로 타당하지 않기 때문에 그 등록을거절한다는 점에 있다 할 것이다.",
            "어떤 상표가 지정상품의 품질, 효능, 용도 등을 보통으로 사용하는 방법으로 표시하는 표장만으로 된 상표인지의 여부는 그 상표가 지니고 있는 관념, 지정상품과의 관계, 거래사회의 실정 등을 감안하여 객관적으로 판단하여야 할 것이다.",
            "이 사건 출원상표는 서늘한, 시원한, 냉정한, 서늘한 기운, 차게하다.등의 의미가 있는 Cool과 물, 냉수, 화장수 등의 의미가 있는 Water를 결합하여 약간 도안화 것이다.",
            "전체적으로 보아그 도안화된 정도가 일반인의 주의를 끌 정도에 이르러 문자의 기술적 또는 설명적인 의미를 직감할 수 없을 만큼 문자인식력을압도하는 것이라 보기 어렵다.",
            "일반인이 보통의 주의력을 가지고 이 사건 출원상표를 접하는 경우 Cool Water로 쉽게 인식할수 있다 할 것이다.",
            "우리 나라의 영어 보급수준에 비추어 볼 때 일반수요자들은 위 상표를 보고 \"시원한 물 또는 서늘한 물\"이라는 관념을 쉽게 연상하게 될 것이다.",
            "또한, 일반적으로 '화장품'은 인체를 치장할 목적과 아울러 피부를 보존·보호할 목적으로 사용되는 것이라 할 것이다.",
            "피부의 보존등을 위해서는 적절한 영양분 및 수분의 공급이 필수적이라 할 것이다.",
            "계절에 따라서는피부에 영양분 및 수분을 공급,유지시켜주는 기능과 아울러 사용 후에 청량감을 주는 기능 또한 화장품 선택에 있어 상당히중요한 역할을 한다 할 것이다(을 2 내지 10호증 참조).",
            "\"사용에 따른 시원함\" 또한 수분 공급 및 유지 기능 등과 더불어 화장품이 일반적으로 지닌 품질 내지 효능의하나로 보아야 할 것이다.",
            "위와 같은 점에 비추어 보면, 일반수요자들은 이 사건 출원상표가 부착되어 있는 지정상품 중 '일반 화장수'와 관련하여서는 '시원한 화장수, 서늘한 화장수, 시원한 느낌을 가진 화장수' 등으로, '향수'와 관련하여서는 '시원한 (느낌을 주는) 향수, 서늘한 느낌의 향수' 등의 의미로 직감하게 된다고 할 것이다.",
            "또, 얼굴이나 피부에 사용하는 '나리싱 크림, 립스틱, 스킨밀크, 애프터셰이브제 로션, 핸드크림 등의 화장품과 관련하여서는 '시원하고 수분이 있는 (화장품)', 시원한 느낌과 수분을 함유한 (화장품)등'의 의미로 직감하게 된다고 할 것이다.",
            "이 사건 출원상표가 위와 같은 지정상품에 사용될 경우에는 상표법 제6조 제1항제3호의 지정상품의 품질, 효능, 용도등의 성질을 보통으로 사용하는 방법으로 표시하는 표장만으로 된 상표라고 할 것이다.",
            "상표법 제6조 제2항에서 상표를 출원 전에 사용한 결과 수요자간에 그 상표가 누구의 상표인지 현저하게 인식되었을 경우 그 제1항제3, 5, 6호의 각 규정에도 불구하고 등록을 받을 수 있게 한 것은 원래 특정인의 독점사용이 부적당한 표장에 대세적인 권리를 부여하는 것이므로 그 기준은 엄격하게 해석 적용되어야 할 것이다.",
            "수요자간에 그상표·서비스표가 누구의 상표,서비스표인지 현저하게 인식되었다는 사실은 그 상표,서비스표가 어느 정도 선전 광고된 사실이 있다거나 또는 외국에서 등록된 사실이 있다는 것만으로는 이를 추정할 수 없고 구체적으로 그 상표·서비스표 자체가 수요자간에 현저하게 인식되었다는 것이 증거에의하여 명확하게 되어야 할 것이다.",
            "한편 이와 같은 사용에 의한 식별력의 구비 여부는등록사정시 또는 거절사정시를 기준으로하여 판단되어야 할 것이다( 대법원 2003. 5. 16. 선고 2002후1768 판결 등 참조).",
            "이 사건 출원상표가 해외 120여 나라에서 등록되고 또 해외 및 국내에서 위 상표를 부착한 상품들이여러 잡지 등에 선전 광고되고 판매된사실은 인정된다.",
            "그러나 그와 같은 점만으로는 이 사건 출원상표에 대한 거절결정시(2002. 4.9.)를 기준으로 이 사건 출원상표가그 지정상품 전체 또는 최소한 위 2. 나 (1)항에서 본 상품들에 관하여 수요자간에 원고의 표장으로 현저하게 인식되었다고 보기에 부족하고 달리 이를 인정할 만한 증거도 없다.",
            "따라서 이 사건 출원상표가 상표법 제6조 제2항이 규정하는 사용에 의한 식별력을 취득하였다고 볼 수 없다.",
            "그렇다면 이 사건 출원상표에 상표법 제6조 제1항 제3호에 해당하는 등록거절사유가 있다고 보아 원고의 거절결정불복심판청구를기각한 이 사건 심결은 적법하다.",
            "(이 사건 출원상표가 그 지정상품 중 위 2. 나 (1)항에서 본 지정상품을 제외한 나머지 지정상품에 대하여는 그 성질을 직접적으로 표시한 표장에 해당하지 아니한다 하더라도 거절결정불복심판의 심결 취소소송에서의 소송물은 지정상품 각각이 아니라 전부라고 할 것이어서 일부 지정상품에 거절이유가 있는경우에도 전체에 대하여 등록을 거절하여야 하므로 결과에 있어서는 영향이 없다)"
        ]
    },
    "close": {
        "cnclsns": [
            "1. 원고의 청구를 기각한다. 2. 항소비용은 원고의 부담으로 한다."
        ]
    }
}