{
    "info": {
        "caseField": "3",
        "detailField": "5",
        "trailField": "2",
        "caseNm": "개발부담금부과처분취소",
        "courtNm": "서울고등법원",
        "judmnAdjuDe": "2003. 11. 28.",
        "caseNo": "2003누225",
        "relateLaword": [
            "개발이익환수에관한법률 제5조",
            "농업협동조합법 제8조",
            "개발이익환수에관한법률 시행령 제20조의2",
            "구 개발이익환수에관한법률(2002. 12. 26. 법률 제6832호로 개정되기 전의 것) 제14조",
            "구 개발이익환수에관한법률시행령(2003. 4. 7. 대통령령 제17963호로 개정되기 전의 것) 제14조의2",
            "지방세법 제290조",
            "엔지니어링기술진흥법 제10조",
            "건설기술관리법 제28조",
            "구 개발이익환수에관한법률시행령(2002. 12.26. 대통령령 제17816호로 개정되기 전의 것) 제4조 ",
            "개발이익환수에관한법률 제21조",
            "개발이익환수에관한법률 제7조",
            "개발이익환수에관한법률 제3조",
            "개발이익환수에관한법률 제6조",
            "개발이익환수에관한법률 제13조",
            "개발이익환수에관한법률 시행령 제4조",
            "개발이익환수에관한법률 시행령 제5조",
            "개발이익환수에관한법률 시행령 제10조",
            "구 개발이익환수에관한법률(2002. 12. 26. 법률 제6832호로 개정되기 전의 것) 제9조",
            "구 개발이익환수에관한법률(2002. 12. 26. 법률 제6832호로 개정되기 전의 것) 제11조",
            "구 개발이익환수에관한법률(2002. 12. 26. 법률 제6832호로 개정되기 전의 것) 제15조"
        ],
        "qotatPrcdnt": [
            "대법원 1997. 2. 14. 선고96누7298 판결",
            "대법원 2001. 11. 9. 선고 2001두7251 판결",
            "대법원 1995. 3. 14. 선고 94누4981 판결"
        ]
    },
    "concerned": {
        "acusr": "2",
        "dedat": "3"
    },
    "org": {
        "orgJdgmnCourtNm": "수원지방법원",
        "orgJdgmnAdjuDe": "2002. 11. 25",
        "orgJdgmnCaseNo": "2002구합36"
    },
    "disposal": {
        "disposalform": "10",
        "disposalcontent": [
            "제1심 판결 중 피고 패소부분을 취소한다.",
            "위 취소부분에 해당하는 원고의 청구를 기각한다.",
            "원고의 항소를 기각한다.",
            "소송비용은 제1심, 제2심 모두 원고의 부담으로 한다."
        ]
    },
    "mentionedItems": {
        "rqestObjet": [
            "피고가 2001. 10. 9. 원고에 대하여 한 개발부담금 218,205,000원의 부과처분을 취소한다.",
            "제1심 판결 중 원고 패소부분을 취소하고, 피고가 2001. 10. 9. 원고에 대하여 한 개발부담금 218,205,000원의 부과처분 중 제1심 판결에서 취소되지 아니한 나머지 금 114,236,000원의 개발부담금 부과처분 부분을 취소한다.",
            "제1심 판결 중 피고 패소부분을 취소한다.",
            "위 취소부분에 해당하는 원고의 청구를 기각한다."
        ]
    },
    "assrs": {
        "acusrAssrs": [
            "이 사건 토지는 이 사건 개발사업 전후를 통하여 지목이 대지였다.",
            "토지의 성상 역시 도로면과 수평을 이루고 있어 절토, 성토, 정지 등의 토지형질변경행위가 필요 없는 토지였다.",
            "다만 이 사건 토지 중 일부에 대하여 병원 신축을 위한 터파기공사가 이미 되어 있었던 관계로 그 원상회복을 위한 토지매립을 하는 과정에서 토지형질변경허가를 받은 것일 뿐이므로 이 사건 개발사업은 개발이익환수에관한법률 제5조 제1항에 열거된 개발부담금 부과대상인 사업에 해당하지 않는다. ",
            "원고는 000법에 의하여 설립된 조합으로서, 원고에 대하여는 000법 제8조에 따라 조세 외의 부담금이 면제된다.",
            "이 사건 개발사업에 대한 개발부담금 역시 면제되어야 한다.",
            "개발이익환수에관한법률 제21조 제1항, 같은 법 시행령 제20조의2, 같은 법 시행규칙 제15조의2에 따라 행정청은 개발사업 인가 등의 통보가 있은 후 15일 이내에 개발부담금 납부의무자에게 부과사항을 고지하여야 하는데도, 피고는 원고가 2000. 6. 28. 토지형질변경허가를 받고, 같은 해 9. 4. 식당과 예식장 건물을 완공하여 임시사용승인까지 받아 영업을 개시한 이후인 2001.7. 4.에야 원고에게 개발부담금 부과사항을 고지하였다.",
            "이 사건 처분은 절차규정을 위배하였다.",
            "원고는 이 사건 토지에 식당과 예식장 등을 건축하는 것이 관계법령상 가능한지 여부 등에 관하여 피고에게 검토를 요청하는 민원예비심사를 신청하였는데 피고는 이에 대하여 지적민원과에서 검토한 결과 개발이익 환수에관한법률에 저촉사항 없다고 함으로써 이 사건 개발사업에 개발부담금이 부과되지 않는다는 취지로 공적인 견해를 표명하였다.",
            "원고는 이를 신뢰하고서 이 사건 토지를 구입하여 이 사건 개발사업을 시행하였다.",
            "피고는 위와 같은 선행 견해표명에 반하는 이 사건 처분을 하였을 뿐 만 아니라, 관행과 달리 토지형질변경허가시 개발부담금 부과에 관해 원고에게 아무런 언급도 하지 않았다.",
            "피고는 이 사건 토지의 부과개시시점 지가를 원고가 신고한 이 사건 토지 매입가액을 기초로 산정하였으나, 원고가 이 사건 개발사업을 통하여 이 사건 토지의 정상지가상승분을 초과하여 얻은 실제 이익은 이 사건 토지의 개발종료시점 감정가격에서 부과개시시점 감정가격을 차감하고 남은 금원이라고 할 것이다.",
            "이 사건 토지의 개시시점지가는 원고가 이 사건 토지를 구입하기 전에 감정평가한 금액으로 산정해야 한다.",
            "원고는 이 사건 개발사업과 관련하여 소외 000(이하, ‘000’이라 한다)와 공사대금 950,000,000원에 토목공사 도급계약을 체결한 후 실제로 토목공사를 실시하고 그 대금으로 금 949,754,000원을 지급하였음에도, 피고는 개발비용 금 320,432,821원만을 인정하였다."
        ],
        "dedatAssrs": []
    },
    "facts": {
        "bsisFacts": [
            "원고는 0000 14,070㎡(이하, 이 사건 토지 라 한다)에 근린생활시설인 한우전문식당과 예식장을 건설하기 위하여 2000. 6. 28.경 이 사건 토지에 대한 토지형질변경허가를 받았다.",
            "같은해 9. 4.경 이 사건 토지 위에 식당과 예식장 건물을 완공하고(이하, 이 사건 개발사업 이라 한다) 임시사용승인을 받았다.",
            "피고는, 이 사건 개발사업에 관하여 2001. 10. 9. 원고에게 개발부담금218,205,000원(개발종료시점 2000. 9. 4., 종료시 점지가 금 2,835,105,000원, 개발개시시점 2000. 6. 28., 개시시점지가 금 1,617,915,509원, 개발비용 금 320,432,821원, 정상지가상승분 금 23,934,945원)을 부과하는 이 사건 처분을 하였다."
        ]
    },
    "dcss": {
        "courtDcss": [
            "개발부담금 부과대상사업으로, 개발이익환수에관한법률 제5조 제1항, 제2항, 구 개발이익환수에관한법률시행령(2002. 12.26. 대통령령 제17816호로 개정되기 전의 것) 제4조 제1항 별표1에 의하면, 지목변경이 수반되는 개발사업과 도시계획법에 의한 개발행위허가사업을 각각 별개의 개발부담금 부과대상사업으로 규정하고 있다.",
            "구 개발이익환수에관한법률시행규칙(2002. 12. 31. 부령 제345호로 개정되기 전의 것) 제3조의2 제6항 별표2에 의하면, 근린생활시설 등의 건축물을 건축하기 위한 용도로 토지를 개발하는 사업은 개발부담금 부과대상사업으로 한다고 규정하고 있다.",
            "이 사건 토지형질변경허가시 원고가 제출한 공사계획설계서에 의하면 토량공사 성토량이 10,315㎥였으나, 이 사건 개발사업을 완료한 후 원고가 제출한 개발비용산출내역서상 토량공사 성토량이 17,701㎥임은 당사자 사이에 다툼이 없다.",
            "여기에다가 앞서 본 인정사실을 보태어 보면, 이 사건 개발사업은 근린생활부지 조성을 위해 토지형질변경허가를 받고 그와 같은 용도로 토지를 개발하여 근린생활시설 등을 설치한 개발사업이라고 보여진다(따라서 이 사건 개발사업의 시행으로 인하여 이 사건 토지를 원상복구했을 뿐 대지로서의 효용을 높이지는 않았다는 취지의 원고 주장은 받아들이지 않기로 한다).",
            "이는 개발부담금 부과대상 사업이라고 할 것이다. ",
            "그러므로 원고의 위 주장은 이유 없다.",
            "농업협동조합법 제8조의 규정은 부과금의 일종인 개발부담금 부과의 일반법인 개발이익환수에관한법률 제3조, 제5조, 제6조,제13조에 대한 특별규정이다.",
            "한편 국가, 지방자치단체 등 특정한 주체에 대하여 개발부담금의 전부 또는 일부를 감면하도록한 개발이익환수에관한법률 제7조, 같은 법 시행령 제5조의 각 규정 역시 개발부담금부과의 일반법에 대한 특별법의 성격을가지는 것으로서 위 각 규정들은 상호 모순, 저촉되는 관계에 있다.",
            "000에대한 부과금 면제에 관한 000법 제8조의 규정은 1961. 7. 29. 법률 제670호로 000법이 제정될 당시부터 존재하던 규정임에 반하여, 000, 000, 000, 000에 대한 개발부담금 부과와 관련하여서는 1993. 6. 11. 법률 제4563호로 개정된 개발이익환수에관한법률 제7조, 1993. 8. 12. 대통령령 제13956호로 개정된 개발이익환수에관한법률시행령 제5조에서 일정한 경우 개발부담금을 감면할 수 있도록 규정하고 있다.",
            "그리하여 신법우선의 원칙에 따라 위 개발이익환수에관한법령상의 규정이 000법 제8조의 규정보다 우선적으로 적용된다고 할 것이다.",
            "개발이익환수에관한법률 제7조 제2항 제2호, 같은 법 시행령 제5조 제2항, 제3항에서 000이 시행하는 특정개발사업에 대하여 개발부담금의 100분의 50을 경감하도록 규정하고 있는 이상 원고와 같은 000은 개발부담금의 면제대상이 될 수 없는 것이므로( 대법원 1997. 2. 14. 선고 96누7298 판결 참조), 원고의 위 주장도 받아들일 수 없다.",
            "행정절차에 관한 규정을 위배한 행정처분의 효력 인정여부는 당해 조문의 표현, 목적 뿐만 아니라 그 법률 전체의 목적, 구조 등도 함께 고려하여 판단하여야 할 것이다.",
            "위 관계법령란에서 보는 바와 같이 개발이익환수에관한법률 및 그 시행령 등 규정은 원고 주장과 같은 절차 규정을 두고 있다.",
            "이는 그 규정 내용, 취지 등에 비추어 볼때 강행규정이라기 보다는 행정청에 대한 직무상 훈시규정이라고 봄이 상당하다.",
            "따라서 원고 주장과 같은 대상사업의 고지가 없었다고 하여 개발부담금 부과권 자체가 소멸하는 것이라고 볼 수는 없으므로 원고의 이 부분 주장도 받아들일 수 없다.",
            "관련부서 중 지적민원과 의견으로 개발이익환수에관한법률에 저촉사항 없음이라고 되어 있는 사실은 인정할 수 있으나, 이는 원고가 피고에게 이 사건 개발사업에 대한 개발부담금 부과여부에 대하여 특정하여 질의를 하고 이에 대해 피고가 원고에게 개발부담금 부과대상이 아니라는 취지를 명시적으로 밝힌 답변을 한 경우가 아니다.",
            "위 민원예비심사 결과통보서에는 참고사항으로 본 예비심사는 현행법령과 관련부서 협의결과에 의한것으로 차후 관계법령과 조례제정, 사업계획의 구체화 등으로 인하여 변동될 수 있다고 기재된 점 등에 비추어 볼 때, 위 사 실 인정만을 갖고는 피고가 원고에게 신뢰 의 대상이 되는 공적인 견해표명을 한 것이라고는 보기 어렵다.",
            "(원고가 이 사건 개발사업 시행에 앞서 피고에게 이 사건 토지가 아닌 다른 토지에 관하여 한 민원예비심사 결과 통보서 상에는 관련부서 협의결과 내용 중 지적민원과에서 개발이익환수에관한 법률과 관련하여 개발사업완료일로부터 40일 이내에 개발비용산출내역서를 제출해야 한다는 의견을 제시한 것과 비교하더라도 마찬가지이다.)",
            "가사 원고가 피고에게 공적인 견해를 표명한 것으로 본다 하더라도 원고 는 피고로부터 다의적으로 해석될 수 있는 문구인 개발이익환수에관한법률에 저촉사항 없다는 의견을 받았을 뿐임에도 그 의미를 명확하게 질의, 확인하지도 않은 채 이를 이 사건 개발사업이 개발부담금 부과대상이 아니라는 취지로 믿었다는 것이다.",
            "피고의 견해표명이 정당하다고 신뢰한데에 대하여 원고에게 귀책사유가 없다고도 할 수 없다.",
            "원고 주장과 같이 토지형질변경허가시 개발부담금 부과 내용에 관해 처분 상대방에게 알려주어야 한다는 행정관행이 존재한다고 볼 수도 없다.",
            "원고의 이 부분 주장도 이유가 없다.",
            "피고가 이 사건 토지의 부과개시시점 지가를 산정함에 있어 원고가 신고한 이 사건 토지의 실제 매입가액에 매입일부터 부과개시시점까지의 정상지가상승분을 더하여 산정한 사실은 원고 스스로 인정하고 있다.",
            "이와같은 산정방법은 위 관련규정에 비추어 보면 적법한 것으로 인정된다.",
            "반면, 원고 주장과 같은 방법으로 부과개시시점 지가를 산정하여야 한다고 볼 아무런 근거를 찾아 볼 수 없으므로, 이 부분 원고의 주장 역시 이유가 없다.",
            "개발부담금의 산정의 기초가 되는 개발이익이란 것은 개발사업을 통하여 얻게 되는 토지의 가치증진으로 인한 이득이어서 개발대상이 되는 토지의 편익을 증진시키기 위하여 지출된 비용에 한해 개발비용으로 인정하도록하여야 할 것이다( 대법원 1995. 3. 14. 선고 94누4981 판결 참조).",
            "피고는 이 사건 처분에 앞서 이 사건 개발사업상의 개발비용 액수를 산출하기 위하여 한국기업정책연구소에 그 비용 산출용역을 의뢰한 사실을 인정할 수 있다.",
            "이에 따라 한국기업정책연구소에서는 개발이익환수에관한법률 제11조, 같은 법 시행령 제10조, 국가를당사자로하는계약에관한법률시행령 제9조 등 관련법규 및 근거자료에 터잡아 이 사건 개발사업상의 개발비용으로 순공사비 289,927,575원, 조사비및설계비 11,401,692원, 일반관리비 17,395,654원, 지적측량비 1,707,900원 합계 320,432,821원을 산출한 사실을 인정할 수 있다.",
            "이와같이 산출된 개발비용을 기초로 이 사건 처분상의 개발부담금액이 산정된 사실을 인정할 수 있고 반증이 없는바, 이에 의하면 이 사건 처분을 함에 있어 정해진 위 개발비용 산정은 정당하게 산출된 것으로 보인다.",
            "{갑 제3, 23호증, 갑 제22호증의 1 내지 8, 갑 제24호증의 1 내지 14의 각 기재 및 제1심 증인 임세영의 증언에 변론 전체의 취지를 종합하면, 원고가 2000. 6. 28. 이 사건 개발사업의 시행과 관련하여 000과 사이에 금950,000,000원에 토목공사 도급을 주는 계약을 체결하고, 그 공사대금으로 금 949,754,000원을 지급한 사실을 인정할 수 있고 반증이 없다.",
            "그러나, 원고 주장과 같이 원고가 위 시행령 제10조 제4항 제1호 소정의 감면기관이라거나, 000이 같은 항 제3호 소정의 건설산업기본법에 의하여 등록을 한 건설업자라고 하더라도 1. 위 도급계약상의 대금액이000에서 산출한 위 개발비용금액과 금액상 현격한 차이가 나는 점.",
            "2. 위 도급계약서(갑 제3호증)상의 공사대금 내역을 보더라도 부지조성을 위한 토목공사비용 외에 건축물부대시설인 상, 하수도, 오수, 조경 등에 관한 공사비용이 다수 포함되어 있는 점, 3. 위와 같이 공사대금으로 지급된 금원이 위 도급공사 중 어느 공사부분에 대한 대금인지를 특정할 수 없는 점.",
            "이러한 점 등에 비추어 보면, 위 도급공사계약서상의 공사대금액과 위 공사대금 지급액을 위 시행령 제10조 제4항 제1호 소정의 지방자치단체 또는 감면기관이 지방재정법 또는 정부투자기관관리기본법의 규정에 의하여 지출한 비용 또는 같은 항 제3호 소정의 건설산업기본법에 의하여 등록을 한 건설업자와의 도급계약 등 명백한 원인에 의하여 지출한 비용을 근거로 산정한 개발비용이라고 보기 어려우므로 이를 개발비용 산정의 기준으로 삼을 수 없다고 할 것이다.",
            "따라서 원고의 이 부분 주장 역시 이유 없다."
        ]
    },
    "close": {
        "cnclsns": [
            "1. 제1심 판결 중 피고 패소부분을 취소한다.",
            "2. 위 취소부분에 해당하는 원고의 청구를 기각한다.",
            "3. 원고의 항소를 기각한다.",
            "4. 소송비용은 제1심, 제2심 모두 원고의 부담으로 한다."
        ]
    }
}