{
    "info": {
        "caseField": "3",
        "detailField": "5",
        "trailField": "2",
        "caseNm": "유족보상금부지급결정처분취소",
        "courtNm": "서울고법",
        "judmnAdjuDe": "2005. 07. 07.",
        "caseNo": "2004누15439",
        "relateLaword": [
            "공무원연금법 제61조"
        ],
        "qotatPrcdnt": [
            "대법원 1997. 4. 11. 선고 96누19840 판결"
        ]
    },
    "concerned": {
        "acusr": "1",
        "dedat": "3"
    },
    "org": {
        "orgJdgmnCourtNm": "서울행법",
        "orgJdgmnAdjuDe": "2004. 7. 6. ",
        "orgJdgmnCaseNo": "2004구합5195 판결"
    },
    "disposal": {
        "disposalform": "10",
        "disposalcontent": [
            "제1심판결을 취소한다.",
            "피고가 2004. 1. 19. 원고에 대하여 한 유족보상금부지급결정처분을 취소한다.",
            "소송총비용은 피고의 부담으로 한다."
        ]
    },
    "mentionedItems": {
        "rqestObjet": [
            "제1심판결을 취소한다.",
            "피고가 2004. 1. 19. 원고에 대하여 한 유족보상금부지급결정처분을 취소한다.",
            "소송총비용은 피고의 부담으로 한다."
        ]
    },
    "assrs": {
        "acusrAssrs": [
            "망인이 참가하였다가 사망한 2003년 '스카우트 소년 소녀대 지도자 래프팅 체험 ' 행사는 한국스카우트 남원지구 지역대연합회가 개최한 것으로서 그 행사의 주최자가 공적기관은 아니지만 그 참가대상에 관내 학교 학생 및 지도교사를 포함하는 것이고, 망인은 한국스카우트에 가입한 (학교명 생략)초등학교 학생들의 지도교사로 활동하고 있기 때문에 스카우트 지도교사의 자격으로 참가하였다.",
            "각급 학교에서는 스카우트 등 청소년 단체활동의 지도교사를 공식적으로 임명하여 업무를 담당케 하고 있고, 지도교사에 대하여는 각종 포상, 업무경감 등 우대방안이 존재하고 있다. 따라서 망인은 공무수행 내지 그 연장선상에서 위 래프팅 행사에 참여하였다가 사망하였으므로 이를 공무원연금법 제61조 제1항소정의 공무상 사망으로 인정하여야 한다."
        ],
        "dedatAssrs": []
    },
    "facts": {
        "bsisFacts": [
            "원고의 남편인 망 소외인(이하 '망인' 이라 한다)는 전북 남원교육청 소속 (학교명 생략)초등학교 교사로 재직하면서 아울러 한국스카우트에 가입한 (학교명 생략)초등학교 학생들의 지도교사로도 활동하던 중, 2003. 7. 13. 2003년 한국스카우트 남원지구 지역대연합회가 개최한 2003년 스카우트 소년 소녀대 지도자 래프팅 체험 행사에 참가하여 남원 요천에서 섬진강 탐사래프팅을 하였다.",
            "그러던 중 같은 날 16:30경 00000 앞에서 보트가 전복되어 익사하였다.",
            "원고는 피고에게 망인의 사망이 공무상 재해에 해당한다고 주장하면서 유족보상금의 지급을 청구하였는데, 피고는 2004. 1.19. 망인이 공무와 무관하게 사망하였다는 이유로 그 지급을 거부하는 이 사건 처분을 하였다."
        ]
    },
    "dcss": {
        "courtDcss": [
            "공무원연금법 제61조 제1항 소정의 유족보상금 지급요건이 되는 공무상 질병 또는 부상으로 인한 사망이라 함은 공무수행과 관련하여 발생한 재해를 뜻하고, 이러한 공무상 재해에는 근무장소나 근무시간에 관계없이 담당업무 또는 이와 관련이 있는 업무수행으로 인하여 발생한 재해 등을 포함하는 것이다 ( 대법원 1997. 4. 11. 선고 96누19840 판결 등 참조),",
            "위에서 본 바와 같이망인은 (학교명 생략)초등학교의 교사로 재직하면서 위 학교 학생 33명이 가입되어 있는 청소년단체인 한국스카우트의 지도교사로 활동하여 왔다.",
            "청소년단체활동은 교육인적자원부의 7차 교육과정에서 제시된 특별활동의 하나로서 남원교육청교육장은 관내 초·중학교 교장에게 학생들의 청소년단체 가입 적극 권장, 청소년단체 수련활동기간을 체험학습기간으로의 인정,청소년단체활동 지도교사에 대한 출장비 지급 등 지도교사에 대한 지원을 지시한 바 있다.",
            "이에 따라 실제 관내의 많은 초·중학교에서는 청소년단체활동 지도교사에 대하여 업무를 경감하여 주고, 출장비 등을 지급하고 있으며, 망인이 재직하던 초등학교에서도 교육청 주관 스카우트대원회의 등 참석시에 지도교사에게 출장비를 지급하였다.",
            "망인이 소속되어 있던위 한국스카우트 남원지구 연합회는 약 200명의 초,중,고등학생의 참가가 예정되어 있는 청소년단체활동인 0000 '청소년 어울마당' 행사 중 하나인 래프팅에 대한 사전탐사를 목적으로 그 자체로서 청소년단체활동이라 할 수 있는 대원 단합, 인공호흡구조법 구명승을 이용한 구조법 익히기 를 행사내용으로 하여 학생인 스카우트 대원의 학부모들을 포함하여 대원, 대장에게 래프팅 체험행사를 통보하고서 위 행사를 개최하였다.",
            "망인은 위 0000' 청소년 어울마당' 행사의 부서책임자로서 행사의 사전준비 및 초등학교 한국스카우트의 7월 행사인 섬진강탐사를 위 행사로 대체하고자 하는 목적으로 학교장의 승낙하에 위 행사에 참가하게 되었으며 망인이 사망한 이후 위 0000 '청소년 어울마당 ' 행사가 당초의 계획대로 개최되었고 000 학생 28명이 위 행사에 참가하였다.",
            "망인은 당초 계획된 1차 래프팅 실시 후 2차 래프팅을 실시하다 보트가 전복되어망인이 사망에 이르게 되었는데 망인을 비롯한 래프팅 참가자들은 스카우트 지도자들이 래프팅을 좀더 체험함으로써 향후 대원들에 대한 래프팅 지도에 있어 도움이 되고자 2차 래프팅을 실시하게 된 점 등을 종합하여 본다.",
            "초등학교 한국스카우트의 지도교사인 망인은 청소년단체인 위 한국스카우트 남원지구 연합회가 청소년단체활동을 위하여 개최한 위 래프팅 체험행사에 참가하여 래프팅을 실시하다가 사망한 것이다.",
            "망인의 위 행사 참가 및 위 행사에서의 1, 2차 래프팅 실시는 교육과정의 하나인 청소년단체활동을 위한 초등학교 한국스카우트의 지도교사로서의 업무수행 또는 이와 관련이 있는 업무수행이라 할 것이므로 망인의 사망은 공무원연금법 제61조 제1항 소정의 공무상 사망 에 해당한다 할 것이다.",
            "따라서 이와달리 망인이 공무와 무관하게 사망하였다는 이유로 원고에 대한 유족보상금의 지급을 거부한 이 사건 처분은 위법하다 할 것이다."
        ]
    },
    "close": {
        "cnclsns": [
            "제1심판결을 취소한다.",
            "피고가 2004. 1. 19. 원고에 대하여 한 유족보상금부지급결정처분을 취소한다.",
            "소송총비용은 피고의 부담으로 한다."
        ]
    }
}