{
    "info": {
        "caseField": "3",
        "detailField": "4",
        "trailField": "1",
        "caseNm": "거절결정(상)",
        "courtNm": "특허법원",
        "judmnAdjuDe": "2004. 06. 25.",
        "caseNo": "2004허1120",
        "relateLaword": [
            "상표법 제6조"
        ],
        "qotatPrcdnt": [
            "대법원 1999. 9. 17. 선고 99후1645 판결",
            "대법원 2004. 5. 14. 선고 2002다13782 판결",
            "대법원 1997. 3. 28. 선고 96후1460 판결",
            "대법원 2000. 11. 28. 선고 2000후1658 판결"
        ]
    },
    "concerned": {
        "acusr": "2",
        "dedat": "3"
    },
    "org": {
        "orgJdgmnCourtNm": "",
        "orgJdgmnAdjuDe": "",
        "orgJdgmnCaseNo": ""
    },
    "disposal": {
        "disposalform": "10",
        "disposalcontent": [
            "원고의 청구를 기각한다.",
            "소송비용은 원고의 부담으로 한다.",
            "서비스표의 등록적격성의 유무는 지정서비스업과의 관계에서 각 서비스표에 따라 개별적으로 판단되어야 하므로 설령, 문제된 서비스표와 동일,유사한 요부를 가진 다른 서비스표가 등록된 바 있다고 하더라도 당해 서비스표의 경우에도 반드시 그 등록이 허용되어야 하는 것은 아니므로( 대법원 1997. 3. 28. 선고 96후1460 판결,  2000. 11. 28. 선고 2000후1658 판결 참조), 원고의 위 주장은 나아가 살필 필요 없이 이유 없다."
        ]
    },
    "mentionedItems": {
        "rqestObjet": [
            "특허심판원이 2004. 1. 28. 2003원2514호 사건에 관하여 한 심결을 취소한다."
        ]
    },
    "assrs": {
        "acusrAssrs": [
            "원고는, 원고 회사가 1999. 9. 28. 설립되어 같은 해 11. 17. (사이트주소)라는 도메인 이름을 등록한 직후부터 000 혹은 000 라는 이름으로 현재에 이르기까지 인터넷 성인전용 영화관을 운영해왔으며, 원고의 인터넷 성인전용 영화관은 이미 2000.경부터 이 업계에서 점유율이 상위에 랭크되어 서비스를 제공하여 왔는바, 이러한 사실은 언론에서도여러 차례 보도되었다.",
            "000이 2000. 5. 29. 네티즌이 뽑은 최고 인터넷 사이트의 인터넷극장 분야에서 이 사건 출원서비스표 000 가 4위에 올랐음을 보도한 바 있다.",
            "000가 2000. 11. 17. 클럽리치컴 인터넷사이트 분야별 평가 순위의 인터넷 방송 분야에서 000 가 4위에 올라 있음을 보도한 바 있는데, 특히 상위 1, 2, 3위는 모두 무료 서비스였음을 감안하면 000 의 순위는 더욱 가치있는 것이다.",
            "000도 2001. 1. 16. 인터넷 영화상영관사이트 인기순위에서 000 를 6위로 보도한 바 있을 뿐 아니라, 000 이라는 인터넷 사이트의 카테고리별 순위를 집계하는 사이트도 2000. 5. 엔터테인먼트 항목에서 000 를 온라인 영화 감상 분야의 1위로 집계 한 바도 있다.",
            "결국 이 사건 출원서비스표의 한글음역인 000 와 이 사건 출원서비스표에 식별력이 없는 부분인 www 나 co.kr 을 부가한 (사이트주소) 는 1999.부터 원고 회사에 의하여 사용된 결과이다.",
            "출원인인 원고가 제공하는 서비스업의 출처표시로 일반수요자 및 거래자에게 널리 알려져 상표법 제6조 제2항이 정하는 사용에 의한 식별력을 가지게 되었으므로 이러한 점에서도 이사건 출원서비스표는 등록되어야 한다고 주장한다.",
            "제3자의 2003. 5. 19.자 서비스표등록출원 제***-****-****1호(표장 : )에 대하여 지정서비스업을 상표법시행규칙 제6조 제2항 별표 2 의 서비스업류 구분 제41류 온라인게임서비스업, 온라인영화상영업, 온라인영화제작업, 온라인만화제공업, 온라인만화제공업, 온라인 전자출판물제공업(읽기전용) 으로 하였다.",
            "특허청 심사관의 심사를 거쳐 2004. 5. 4. 공고가 이루어졌는바, 이러한 심사 결과는 한글 000 가 식별력이 있음을 피고 스스로 인정한 것이므로 이러한 사정을 보더라도 이 사건 출원서비스표는 식별력이 있어 등록되어야 한다고 주장한다."
        ],
        "dedatAssrs": []
    },
    "facts": {
        "bsisFacts": [
            "특허청 심사관은 이 사건 출원서비스표가 지정서비스업의 성질을 보통으로 표시한 표장에 해당한다는 이유로 상표법 제6조 제1항제3호 및 제7호를 적용하여 2003. 5. 27. 거절결정하였으며, 원고는 이에 대하여 불복심판을 청구하였는바, 특허심판원은 위심판청구 사건을 2003원2514호로 심리하였다.",
            "2004. 1. 28. 이 사건 출원서비스표는 야한 이라는 의미로 사용되는 속어의 일종으로서 이 사건 출원서비스표의 지정서비스업 중 인터넷을 통한 영화 제공업, 인터넷을 통한 영상 제공업, 케이블망을 통한 영상 제공업 과 관련하여 볼 때 그 성질을 보통으로 표시한 서비스표라는 이유로 상표법 제6조 제1항 제3호를 적용하여 위 심판청구를 기각하는 이 사건 심결을 하였다."
        ]
    },
    "dcss": {
        "courtDcss": [
            "이 사건 출원서비스표와 관련하여 원고가 사용하여 왔다는 서비스표 중 한글 문자표장인 000 는 이 사건 출원서비스표와대비할 때 이 사건 출원서비스표의 음독에 해당하여 그 호칭이 동일하므로 유사한 표장이라고 할지언정 이를 가리켜 이 사건 출원서비스표와 동일한 표장이라고는 할 수 없을 것이다.",
            "갑13호증의 1 내지 20, 갑14호증의 각 기재에 의하면, 원고가 (사이트주소) 이라는 도메인 이름 아래 성인용 영화나 영상등을 제공하는 서비스업을 영위한 사실 및 그와 관련하여 원고의 주장과 같이 원고의 위 인터넷 사이트나 혹은 그 한글 음역인 000 가 여러 차례 언론에 보도된 바 있는 사실은 인정할 수 있다.",
            "그러나 그런 사실만으로 나아가 원고가 위 서비스업의 제공과관련하여 표장 000 를 자신의 서비스업 출처의 식별표지로 사용하였다고 추단할 수 없고, 나아가 위 인터넷 도메인 이름이나 한글 음역이 아닌 로마자 표장 000 의 사용 사실에 대하여는 원고의 전 입증으로도 이를 인정하기에 부족하고 달리 이를 인정할 아무런 증거가 없으므로 표장 000 에 관한 원고의 주장도 이유 없다.",
            "원고가 (사이트주소) 이라는 도메인 이름 아래 성인용 영화나 영상 등을 제공하는 서비스업을 제공한 바 있다고 하더라도, 도메인 이름은 원래 인터넷상에 서로 연결되어 존재하는 컴퓨터 및 통신장비가 인식하도록 만들어진 인터넷 프로토콜주소(IP 주소)를 사람들이 인식,기억하기 쉽도록 숫자,문자,기호 또는 이들을 결합하여 만든 것이다.",
            "상품이나 영업의 표지로서 사용할 목적으로 하는 것이 아니므로, 특정한 도메인 이름으로 웹사이트를 개설하여 서비스업을 영위하는 경우 설령, 그 도메인 이름이 곧 일반 수요자들을 그 도메인 이름으로 운영하는 웹사이트로 유인하는 역할을 한다고 하더라도, 도메인 이름 자체가 곧바로 서비스의 출처표시로서 기능한다고 할 수는 없는 것이다( 대법원 2004. 5. 14. 선고 2002다13782 판결 참조).",
            "위 도메인 이름 역시 식별력이 없는 부분인 www 와 co.kr 를 제외하더라도 이 사건 출원서비스표와 로마자의 대문자, 소문자 관계로 서로 유사한 서비스표라고는 할 수 있을지언정 동일한 서비스표라고는 할 수 없을 것이어서 그 사용이 곧 이 사건 출원서비스표의 사용이라고는 할 수 없을 것이므로 어느 모로 보나 원고의 도메인 이름 사용과 관련한 주장도 이유 없다.",
            "피고의 주장에 의하더라도 원고는 이 사건 출원서비스표를 그 지정서비스업 중 인터넷을 통한 영화 제공업 및 인터넷을 통한 영상 제공업 과 관련하여 사용하였다는 것이지 케이블망을 통한 영상 제공업 과 관련하여 사용하였다는 것이 아니다.",
            "이 사건 출원서비스표의 지정서비스업 케이블망을 통한 영상 제공업 에 관하여는 여전히 사용에 의한 식별력을 얻을 수 없는 것이어서 원고의 사용에 의한 식별력에 관련된 주장은 어느 모로 보더라도 모두 이유 없다.",
            "서비스표의 등록적격성의 유무는 지정서비스업과의 관계에서 각 서비스표에 따라 개별적으로 판단되어야 하므로 설령, 문제된 서비스표와 동일·유사한 요부를 가진 다른 서비스표가 등록된 바 있다고 하더라도 당해 서비스표의 경우에도 반드시 그 등록이 허용되어야 하는 것은 아니므로( 대법원 1997. 3. 28. 선고 96후1460 판결, 2000. 11. 28. 선고 2000후1658 판결 참조), 원고의 위 주장은 나아가 살필 필요 없이 이유 없다."
        ]
    },
    "close": {
        "cnclsns": [
            "이 사건 심결이 이 사건 출원서비스표에 대하여 상표법 제6조 제1항 제3호를 적용하여 이 사건 출원서비스표가 등록될 수없다고 한 결론은 정당하고, 따라서 그 취소를 구하는 원고의 이 사건 청구는 이유 없다."
        ]
    }
}