{
    "info": {
        "caseField": "3",
        "detailField": "5",
        "trailField": "1",
        "caseNm": "건축허가반려처분취소",
        "courtNm": "서울행정법원",
        "judmnAdjuDe": "2005. 03. 22.",
        "caseNo": "2004구합33091",
        "relateLaword": [
            "건축법 제8조",
            "건축법 제33조",
            "건축법 제37조",
            "건축법 제45조",
            "건축법 제47조",
            "건축법 제49조",
            "건축법 제51조",
            "건축법 제53조",
            "건축법 제54조",
            "건축법 제67조",
            "국토의 계획 및 이용에 관한 법률 제54조",
            "국토의 계획 및 이용에 관한 법률 제56조",
            "국토의 계획 및 이용에 관한 법률 제62조",
            "국토의 계획 및 이용에 관한 법률 제76조",
            "국토의 계획 및 이용에 관한 법률 제82조",
            "개발제한구역의 지정 및 관리에 관한 특별조치법 제11조",
            "개발제한구역의 지정 및 관리에 관한 특별조치법 제12조",
            "개발제한구역의 지정 및 관리에 관한 특별조치법 제14조",
            "농지법 제34조",
            "농지법 제36조"
        ],
        "qotatPrcdnt": []
    },
    "concerned": {
        "acusr": "2",
        "dedat": "3"
    },
    "org": {
        "orgJdgmnCourtNm": "",
        "orgJdgmnAdjuDe": "",
        "orgJdgmnCaseNo": ""
    },
    "disposal": {
        "disposalform": "10",
        "disposalcontent": [
            "원고의 청구를 기각한다.",
            "소송비용은 보조참가로 인한 부분을 포함하여 원고가 부담한다."
        ]
    },
    "mentionedItems": {
        "rqestObjet": [
            "피고가 2003. 10. 2. 원고에 대하여 한 건축허가신청반려처분을 취소한다."
        ]
    },
    "assrs": {
        "acusrAssrs": [
            "피고가 이 사건 처분 사유로 하고 있는 사유는 관계법규상 건축허가의 제한 사유가 아니다.",
            "피고는 원고의 건축허가 신청을 거부할 수 없음에도 이를 거부한 이 사건 처분은 위법하다."
        ],
        "dedatAssrs": []
    },
    "facts": {
        "bsisFacts": [
            "원고는 2003. 9. 25. 0000, 0000 대지 7,175.2㎡(이하 위 두 필지의 토지를 합하여 '이 사건 토지'라고 한다) 지상에 지하 1층 지상 4층(변전소 1동, 부속창고 1동)의 154kV 변전소의건축허가신청을 하였다.",
            "피고는 이에 대하여 위 지구는 지구단위계획에 의하여 위 토지 및 같은 동 0000일부(00000 B동 부지)가 함께 공공시설부지로 지정되었는데, 원고 신청처럼 같은 동 0000, 0000 대지 7,175.2㎡ 지상에만변전소를 건축할 경우 위 00000B동 부지가 공공시설 부지로 계속 존치되는 문제점이 예상되어 지구단위계획의 결정취지에 부합되지 아니한다는 이유로,2003. 10. 2. 위 건축허가 신청을 반려하는 이 사건 처분을 하였다.",
            "서울특별시장은 2000. 7. 6.부터 2000. 7. 19.까지 사이에 서울특별시 공고 제2000,447호로 이 사건 토지가 포함된 0000단위계획공람공고를 하고 주민 및 이해관계인의 의견을 청취하였으나 원고는 의견을 제시한 바 없다.",
            "서울특별시장은 2001. 7. 11. 서울특별시 고시 제2001,229호로 용산지구단위계획을 결정·고시하면서 원고가 변전소 건축부지로 소유하고 있던 0000 대지 8,190.40㎡의 일부인 6,739.41㎡(2003. 7. 28. 원고가 지구단위계획상 공공시설 건축부지에 해당하는 부분을 분할한 후 0000의 지번을 부여받은 토지)에 대하여는 지구단위계획상의 토지이용계획에서 건축물의 용도를 공공시설로 정하였다. ",
            "또한 같은 동 0000 대지 일부(약 740㎡, 00000 B동 부지의 일부)에 대하여는 지구단위계획상의 토지이용계획에서 건축물의 용도를 공공시설로 정하였다.",
            "반면 원고 소유인 위 0000 대지 중 나머지 1,450.99㎡(2003. 7. 28. 원고가 이 지번에서 공공시설 부지로 결정된 0000을 분할하고 남은 화살촉 모양의 토지)는 지구단위계획상의 용도지역을 일반주거지역에서건폐율과 용적률이 상향되는 준주거지역으로 조정하였다.",
            "위와 같은 지정 이전의 원고 소유 토지와 00000 부지의 경계는 부정형이었는데, 위 지정으로 인하여 공공시설 부지와 준주거지역의 경계는 일직선이 되었다.",
            "원고는 1997. 8. 28. 도시계획사업 시행자지정 및 실시계획인가를 받았고 2001.8. 30. 이 사건 토지에 0000변전소를 설치하기 위한 전 단계공사인 송전, 배전 지하전력구 공사를 완료하였다.",
            "원고는 0000(분할전)와 0000 대지 8.626.10㎡ 지상에 변전소를 건축하고자 2003. 6. 26. 제1차 건축허가신청을 하였다.",
            "피고는 당해 지역 일대는 지구단위계획구역으로서 인근의 00000 부지와 원고 소유부지 일부를 용도지역 상향(일반주거지역→ 준주거지역)조정하고, 00000 부지 일부의 건축물 용도를 공공시설로 결정한 것은00000 주변의 연접한 대지와의 공동건축을 유도하고, 부정형 토지의 모양을 정형화하여 토지의 효율성 제고를 위한 것이다. ",
            "준주거지로 조정된 원고 소유 토지와공공시설 건축부지로 결정된 00000부지 일부의 대토 또는 교환을 전제로 지구단위계획이수립되었음을 감안할 때 원고의 건축허가 신청의 내용이 00000 부지 중 공공시설 건축물 부지를 제외한 원고 소유 토지만으로 계획되어 있어 공공시설 건축부지로 결정된 00000 부지의 계속존치로 연접한 준주거지역의 개발에 지장이 예상된다는사유로 2003. 7. 14. 1차로 건축허가 신청을 반려하였다.",
            "원고는 2003. 8. 4. 0000 대 8,190.4㎡를 같은 동 0000 대 1,450.9㎡와 같은 동 0000 대 6,739.5㎡로 지적분할하여 지구단위계획상의 용도지역이 준주거지역에 해당하는 부분인같은 동 0000 대지 1450.9㎡를건축허가 대상 부지면적에서 제외한다.",
            "그리고 공공시설 건축부지인 같은 동 0000 대지6,739.5㎡와 일반상업용지인 같은 동0000 대지 435.70㎡ 등 합계 7,175.20㎡ 지상에 제2차 변전소 건축허가 신청을 하였다.",
            "피고는 2003. 8. 7. 위 제1차 건축허가 신청 반려처분과 같은 사유로 제2차 건축허가 신청 반려처분을 하였다.",
            "원고는 2003. 9. 25. 제2차 건축허가 신청과 동일한 내용의 제3차 건축허가신청을 하였다.",
            "피고는 당해 지역 일대는 서울특별시 고시 제2001,229호로 결정된 지구단위계획구역으로서 원고 소유부지 및 00000 부지 일부가 토지이용계획 중 건축물의 용도를 공공시설부지로 결정된 지역으로 준주거지역을 제외한 원고 소유의 부지만으로토지이용계획이 수립되어 있어 삼각연립 부지 일부가 공공시설부지로 계속 남게되는 문제점이 예상된다. ",
            "그래서 위 건축허가 신청이 지구단위계획의 결정취지에 부합하지 아니하는 건축계획이라는 이유로 2003. 10. 2. 건축허가신청을 반려하는 이 사건처분을 하였다."
        ]
    },
    "dcss": {
        "courtDcss": [
            "건축허가권자는 건축허가신청이 건축법, 도시계획법 등 관계 법규에서 정하는 어떠한 제한에 배치되지 않는 이상 당연히 같은법조에서 정하는 건축허가를 하여야 하고 위 관계 법규에서 정하는 제한사유 이외의 사유를 들어 거부할 수는 없다고 할 것이다.",
            "국토의 계획 및 이용에 관한 법률 제54조, 건축법 제8조 제4항에 의하면 지구단위계획구역안에서 건축물을 건축하거나 건축물의 용도를 변경하고자 하는 경우에는 그 지구단위계획에 적합하게 건축하거나 용도를변경하여야 하며, 건축허가권자는 당해 용도·규모 또는 형태의 건축물을 그 건축하고자 하는 대지에 건축하는 것이 지구단위계획구역에 적합한 지의 여부를 확인하도록 하고 있다.",
            "그런데 지구단위계획은 도시계획구역의 일부에 대하여 토지이용을 합리화하고 도시의 기능 및 미관을 증진시키며 양호한 환경을 확보하기 위하여 수립하는 도시계획이다( 국토의 계획 및 이용에 관한 법률 제2조 제5호).",
            "평면적으로 지역·지구만 지정하고구체적인 토지이용계획을 수립하지 아니한 채 개별적인 건축행위를 규제하는 지역·지구제에 의한 건축규제와 달리 해당 지구단위계획구역의 입체적인 토지이용계획을 수립하고 이에 따라 건축규제를 하고자 하는 제도이다.",
            "건축허가가 위 지구단위계획에 적합한지 판단하기 위해서는 건축허가 대상 토지만을 가지고 개별적으로 판단할 것이아니라 당해 지구단위계획구역 내의전체 토지와 조화를 이루는지를 전체적으로 판단하여야 할 것이다.",
            "위 인정사실에 의하면 이 사건 토지 일대의 토지를 용도에 따라 정형화하고 토지의 이용의 효율을 제고하고자 이 사건 토지 주변 용산2지역 지구단위계획결정에서 원고의 소유인 0000과 인근 00000 B동 부지인 같은 동0000 대지 일부가 공공시설 건축부지로 결정되었다.",
            "원고 소유의 같은 동 0000와 00000부지인 같은 동 0000 대지일부는 용도지역이 일반주거에서 준주거지역으로 조정하는 지구단위계획이 지정되었다.",
            "원고의 신청대로 건축을 허가하는경우 공공시설 건축부지로 입안되었고 변전소 외에는 공공시설의 소요가 없는 00000 B동 부지 일부는 건축이 불가능한 토지가 되어 지구단위계획 이해관계 일방의 재산권을 심각하게 훼손하는 결과를 가져오게 된다.",
            "부정형 토지의 모양을 정형화하여토지의 효율성 제고를 하고자 하는 지구단위계획의 취지를 몰각하게 된다 할 것이다.",
            "결국 원고의 건축허가신청서를 반려한이 사건 처분은 건축법 제8조 제4항, 국토의 계획 및 이용에 관한 법률 제54조에 따른 적법한 처분이라고 할 것이다.",
            "이와 배치되는 원고의 위 주장은 이유 없다."
        ]
    },
    "close": {
        "cnclsns": [
            "원고의 청구를 기각한다.",
            "소송비용은 보조참가로 인한 부분을 포함하여 원고가 부담한다."
        ]
    }
}