{
    "info": {
        "caseField": "3",
        "detailField": "5",
        "trailField": "2",
        "caseNm": "개발행위불허가처분취소",
        "courtNm": "부산고법",
        "judmnAdjuDe": "2005. 04. 01.",
        "caseNo": "2004누3588",
        "relateLaword": [
            "국토의계획및이용에관한법률 제56조",
            "국토의계획및이용에관한법률 제58조",
            "국토의계획및이용에관한법률시행령 제56조",
            "행정소송법 제27조"
        ],
        "qotatPrcdnt": [
            "대법원 1998. 9. 25. 선고 98두6494 판결",
            "대법원 2001. 9. 28. 선고 2001두472 판결",
            "대법원 2002.12. 26. 선고 2002두7272 판결",
            "대법원 2004. 11. 26. 선고 2004두4482 판결"
        ]
    },
    "concerned": {
        "acusr": "1",
        "dedat": "3"
    },
    "org": {
        "orgJdgmnCourtNm": "부산지법 ",
        "orgJdgmnAdjuDe": "2004. 8. 12. ",
        "orgJdgmnCaseNo": "2003구합4318"
    },
    "disposal": {
        "disposalform": "10",
        "disposalcontent": [
            "원심판결을 취소한다.",
            "원고의 청구를 기각한다.",
            "소송총비용은 원고의 부담으로 한다."
        ]
    },
    "mentionedItems": {
        "rqestObjet": [
            "피고가 2003. 6. 27. 원고에 대하여 한 개발행위불허가처분을 취소한다.",
            "원심판결을 취소한다.",
            "원고의 청구를 기각한다.",
            "소송총비용은 원고의 부담으로 한다."
        ]
    },
    "assrs": {
        "acusrAssrs": [
            "원고는 아래와 같은 사유를 내세워 이 사건 처분이 위법하다며 그 취소를 구하고 있다. ",
            "관련 법령의 허가기준에 적합 이 사건 신청지는 그 등고선, 표고 등이 인근 개발지보다 높지 않고, 그 임상 또한 양호하지 않다.",
            "원고는 이 사건 신청지 내에 설치되어 있는 2,000㎡ 상당의 체육시설을 이 사건 임야 내의 적당한 위치로 옮겨 재설치하고, 건축물이나 공작물 설치장소를 제외한 나머지 부분은 조경수 등을 식재하여 주변환경과 조화를 이루도록 할 계획이다.",
            "나아가 이 사건 신청지는 이 사건 임야의 2.4%(원고는 2.6%로 표기하고 있으나 착오로 보인다.)에 불과한 소규모의 면적이다. ",
            "이러한 점을 종합할 때, 이 사건 신청지는 부산광역시도시계획조례 제24조 제1호 소정의 주변환경 및 미관을 크게 해칠 우려가 없는 지역에 해당한다."
        ],
        "dedatAssrs": []
    },
    "facts": {
        "bsisFacts": [
            "이 사건 임야는 엄광산의 표고 167m 지점에서 시작하여 산 정상 표고 503m 지점까지 걸쳐 있고, 이 사건 신청지는 그 중 표고167m 내지 218m 지점에 해당한다. 이 사건 임야 일대는 남해지선고속국도로 연결되는 동서고가로를 사이에 두고 백양산(표고 641m)과 마주 하고 있다.",
            "동서고가로에서 보아 한 눈에 조망되는 지역으로서 산이 많고 상대적으로는 평지가 적어 고지대까지 주거지가 형성되어 있는 부산광역시의 도시미관형성에 많은 기여를 하고 있다.",
            "이 사건 임야를 좌우한 일대의 임야는 이 사건 임야의 하단부 표고 167m의 지점과 대체로 평행한 표고 지점을 하단부로 하여산 정상까지 넓게 형성되어 있다. 다만, 이 사건 신청지로부터 300m 떨어진 곳에 표고 177∼210m의 부산진구 종합사회복지관과 표고 194∼209m의 이엠(EM)발효제 생산연구소가 있다.",
            "한편, 원고의 신청내용에 따르면, 이 사건 신청지 중 연습타석이 들어설 골프연습장 본체건물은 표고 167~191m 지점에, 상단부그물지지대는 표고 218m 지점에 설치되게 된다.",
            "이 사건 신청지의 아래쪽에는 급경사에 걸쳐 고지대 영세민의 주거지역이 밀집되어 있는데, 차량으로 위 신청지에 이르려면 위주거지역을 지나야 하고, 그 접근도로는 폭이 5∼6m의 현황도로로서 진입로가 협소할 뿐만 아니라, 경사가 심하고, 노폭이 좁다.",
            "이에 더하여 이 사건 신청지의 바로 아래쪽에는 교통운수시설인 주식회사 영남통운의 주차장이, 조금 떨어진 아래쪽에는 000의 주차장이 있는 관계로 평소에도 교통량이 많아 주민들의 통행에 다소간 불편이 있는 실정이다.",
            "이 사건 신청지의 중간부분 2,000㎡ 상당에는 1999.경부터 조성된 배드민턴장, 체력단련시설 등이 있다. 이는 원고의 동의나 피고의 허가 없이 불법으로 조성된 것으로서 승학공원으로 불리면서 시민들의 휴식·체력단련 공간으로 이용되고 있다.",
            "이 사건 신청지 하단에서부터 상단 끝까지 등산로가 이어져 있는데 등산로 주변에는 수령이 20~30년 가량된 리기다 소나무들이 드문드문 서있고, 계곡물이 등산로 주변으로 흐르고 있다. 이 사건 신청지의 하단부 형질변경부지 3,800㎡에는 리기다 소나무 231그루가 식재되어 있고, 그 나머지 신청지 부분에는 아카시아 38그루, 참나무 91그루 등 잡목이 혼재되어 있다.",
            "그 입목도는 48.29%인바, 피고는 2002. 2. 27.경 원고에게 산림자원화에 가치가 없고, 도시경관이 크게 저해됨을 이유로 이 사건 임야 중 2만㎡에 대하여 수종갱신을 위한 벌채와 대체조림을 제의한 바 있다."
        ]
    },
    "dcss": {
        "courtDcss": [
            "주변환경 및 미관을 크게 해칠 우려가 있는지의 여부에 대하여 별지 관계 법령 기재의 구 부산광역시도시계획조례 제24조 제1호에 의하면, 등고선, 표고 등이 인근 개발지보다 높은 곳으로 지역여건으로 보아 형질변경을 함으로써 주변환경 및 미관을 크게 해칠 우려가 있는 지역은 개발행위허가대상에서 제외할 것으로규정하고 있다.",
            "위 인정 사실에 의하여 알 수 있는 다음과 같은 사정들 즉, 1. 이 사건 신청지 부근은 고지대까지 주거지가 형성되어 있고 주변 간선도로에서 보아 한 눈에 조망되는 지역으로서 부산광역시 전체의 도시미관을 고려해 볼 때 불가피한 사정이 없다면 개발행위가제한되어야 하는 지역으로 판단된다.",
            "골프연습장의 상단부 그물지지대 설치지점의 표고가 218m인 점에 비추어 볼 때 이사건 신청지의 표고는 위 복지관 부지나 위 생산연구소 부지의 표고보다 높다고 인정된다.",
            "원고의 계획과 같이 이 사건 신청지 내의 기존 체육시설을 이 사건 임야 내의 적당한 장소로 이설한다고 가정할지라도, 그러한 경우 이설할 장소에 대한 새로운 형질변경허가가 필요할 것인데, 만약 허가를 얻을 수 없다면 새로운 불법형질변경의 문제가 남게 된다.",
            "이 사건 신청지는 제반 사정을 고려할 때 수목의 관리를 철저히 하여 자연녹지지역으로 남아 있어야만이 도시전체나 인근의 환경과 미관에도움이 된다는 점, 따라서 현재의 입목상태로 보아 그 입목도가 저조하고 산림자원화에 가치가 없다.",
            "이로 인하여 도시경관이 저해되어 수종갱신이 필요한 지역이라면 수종갱신 등을 통한 산림보존을 하여야지 거꾸로 현재의 입목상태가 좋지 않다는 이유로입목상태의 개선을 포기하고 형질변경으로 산림을 없애 버릴 수는 없다.",
            "원고가 형질변경부지를 제외한 나머지 사업부지에는 조경수, 잔디 등을 식재할 계획이라 하더라도 그러한 조치만으로는 도시전체나 인근지역과의 환경이나 미관과 상호 조화되기 어렵다고 보인다.",
            "이 사건 임야 중 이 사건 신청지가 차지하는 면적이 2.4%에 불과한 작은 면적이라 하더라도 그 면적의 형질변경만으로도 도시전체나 인근지역의 환경이나 미관과 상호 조화되기 어렵다고 보인다.",
            "이 사건 신청이 허가될경우, 그 인근은 물론 부산광역시 일대의 임야에 대한 난개발이 예상되는 점, 8. 이 사건 신청지 아래의 주거현황, 운수회사의 주차장 이용상황 등에 비추어 이 사건 신청지의 개발로 교통사정이 더욱 악화될 것이 예상되고 결과적으로 인근의 환경에 영향을 미칠 것이 확실하다고 보이는 점 등을 종합할 때, 이 사건 신청지는 주변환경 및 미관을 크게 해칠 우려가 있는 지역이라고인정되므로, 피고의 이 사건 처분은 정당하다.",
            "원고는 이 사건 신청의 적법성을 판단함에 있어 피고의 처분사유에 나타나지 않은 교통장애 등의 사유는 기본적 사실동일성이없는 처분사유의 추가에 해당하므로, 이러한 사유는 이 사건 처분의 적법성을 판단함에 있어 고려되어서는 아니된다고 주장한다. 그러나 피고가 명시한 이 사건 처분사유는 주변환경 및 미관을 해칠 우려가 있다 는 것이다.",
            "등고선의 높낮이나 임상의 양호 등은 위 처분사유의 정당함을 설시하는 중요사항이기는 하나 그 전부는 아닌 것이며 이 사건재결절차에서부터 줄곧 거론되어 온 위 교통환경 문제 또한 위 처분사유의 하나로 고려되었다고 봄이 상당하다. ",
            "따라서 이 사항도 주변환경 문제의 하나로 볼 수 있다 할 것이고, 가사 교통환경 문제를 고려하지 않는다고 할지라도 앞에서인정된 나머지 사정들만으로도 이 사건 신청지가 주변환경 및 미관을 크게 해칠 우려가 있는 지역에 해당함을 인정할 수 있으므로 어느 모로 보나 원고의 첫 번째 주장은 이유 없다.",
            "재량권의 일탈·남용에 대하여 이 사건 신청지의 면적이 이 사건 임야의 2.4%에 불과하고, 원고가 이 사건 임야를 상속으로 취득한 후 그 세금만 내면서 그 사용수익에 따른 특별한 이익을 얻지 못하고 있다는 사실은 위에서 본 바와 같다. 그러나 원고 주장의 모든 사정을 참작하더라도 이 사건 신청을 불허가한 이 사건 처분으로 달성하고자 하는 공익이 원고가 입는 사적 불이익에 비하여 월등히 크다고 할 것이다."
        ]
    },
    "close": {
        "cnclsns": [
            "원심판결을 취소한다.",
            "원고의 청구를 기각한다.",
            "소송총비용은 원고의 부담으로 한다."
        ]
    }
}