{
    "info": {
        "caseField": "3",
        "detailField": "4",
        "trailField": "1",
        "caseNm": "거절결정(상)",
        "courtNm": "특허법원",
        "judmnAdjuDe": "2004. 11. 12.",
        "caseNo": "2004허3164",
        "relateLaword": [
            "상표법 제6조 "
        ],
        "qotatPrcdnt": [
            "대법원 1986. 7. 22. 선고 85후103 판결 "
        ]
    },
    "concerned": {
        "acusr": "2",
        "dedat": "3"
    },
    "org": {
        "orgJdgmnCourtNm": "",
        "orgJdgmnAdjuDe": "",
        "orgJdgmnCaseNo": ""
    },
    "disposal": {
        "disposalform": "10",
        "disposalcontent": [
            "특허심판원이 2004. 5. 10. 2003원1971호 사건에 관하여 한 심결을 취소한다.",
            "소송비용은 피고가 부담한다."
        ]
    },
    "mentionedItems": {
        "rqestObjet": [
            "특허심판원이 2004. 5. 10. 2003원1971호 사건에 관하여 한 심결을 취소한다.",
            "소송비용은 피고가 부담한다."
        ]
    },
    "assrs": {
        "acusrAssrs": [
            "원고는, 이 사건 출원상표의 표장인 용평 은 용평스키장의 명칭에서 나온 것이지 지리적 명칭인 0000과는 관련이 없다고 주장한다."
        ],
        "dedatAssrs": [
            "피고는 이 사건 출원상표는 0000의 이름으로서, 그 인근에 위치한 용평스키장 혹은 용평리조트(이하 '용평스키장' 이라고만 한다)에서는 각종 국제 스키경기도 자주 개최되며 스키를 즐기는 많은 사람들이 방문하고, 각종 신문, 방송, 잡지 등을 통하여 널리 알려진 바 있고, 실제에 있어서도 지리적 명칭으로 널리 사용되고 있으므로 이 사건 출원상표는 현저한 지리적 명칭만으로 된 것이라고 주장한다."
        ]
    },
    "facts": {
        "bsisFacts": [
            "특허청 심사관은 이 사건 출원상표의 구성 용평 은 대한민국 강원도에 소재하는 잘 알려진 스키장의 명칭 을 표시하는 것으로 현저한 지리적 명칭으로 된 것이라는 이유로 상표법 제6조 제1항 제4호를 적용하여 2003. 4. 24. 거절결정하였다.",
            "원고는 이에 대하여 불복심판을 청구하였는바, 특허심판원은 위 심판청구 사건을 2003원1971호로 심리하여 2004. 5. 10. 이 사건출원상표는 0000의 이름으로서, 유명한 용평스키장이 용평면의 인근에 위치하고 있고, 위 스키장에는 각종 스키 관련 국제경기도 자주 개최된다.",
            "아울러 매년 겨울 스키를 즐기려는 많은 사람들이 방문하고, 이 같은 사실은 많은 신문, 방송, 잡지 등을 통하여 널리 알려진 바 있으므로 이 사건 출원상표는 현저한 지리적 명칭에 해당한다는 이유로 위 심판청구를 기각하는 이 사건 심결을 하였다."
        ]
    },
    "dcss": {
        "courtDcss": [
            "스키장이 상대적으로 큰 시설로서 상당한 면적의 토지를 점유하는 체육,휴양시설이라고 하더라도 스키장이 곧 어떤 지방이나 지역을 구성하는 것은 아니므로 이 사건 출원상표와 동일한 명칭의 스키장이 널리 알려져 있다는 사정만으로 곧 그 스키장의 명칭이 지리적인 명칭으로 되거나 나아가 현저한 지리적 명칭으로 된다고 볼 수는 없다.",
            "평스키장은 0000에 소재하고 있어 000 에는 위치하고 있지 아니할 뿐 아니라, 위 0000은 0000과 인접하고 있는 행정구역도 아니고 용평면과 사이에 진부면이 소재하고 있어 상당한 거리로 떨어져 있다.",
            "서울 등지에서 영동고속국도를 이용하여 용평스키장으로 가기 위하여 이용하는 나들목의 이름도 용평이 아니라 장평인 사실을 인정할 수 있을 뿐(설령 장평나들목이 용평면에 소재하고 있다고 하더라도 그러한 사정만으로 용평면이 널리 알려진 것이라고 볼 수 없음은 분명하다.",
            "용평스키장이 널리 알려짐에 따라서 위 스키장이 소재하고 있지도 아니한 0000 이 일반 수요자들 사이에널리 알려졌다는 점에 대하여는 피고의 전입증으로도 이를 인정하기 어렵다.",
            "피고가 제출한 을2호증의 1, 2, 3은 모두 용평스키장에서 스키대회가 열렸다거나 그에 위치한 숙박시설 혹은 스키장이 텔레비전 드라마의 촬영장소가 되는 등으로 인하여 널리알려졌다는 점에 관한 것으로 보이고 용평면 그 자체와 관련된 것으로 보이지 않는다.",
            "지리적 명칭이 그 자체로 또는 그 지역에 소재한 지형이나 시설 등이 널리 알려졌다는 이유로 현저하게 알려진 것이 아니라, 우연히 다른 지역에 소재한 시설의 이름으로 사용되고 그 시설의 이름이 현저하게 알려진 결과 그반사적인 효과로 현저하게 알려진 경우에는 위 규정 소정의 현저한 지리적 명칭이라고 볼 수 없다고 할 것이다."
        ]
    },
    "close": {
        "cnclsns": [
            "이 사건 출원상표에 대하여 상표법 제6조 제1항 제4호를 적용하여 이 사건 출원상표가 등록될 수 없다고 한 이 사건 심결은 위법하여 이를 취소한다."
        ]
    }
}