{
    "info": {
        "caseField": "3",
        "detailField": "5",
        "trailField": "1",
        "caseNm": "재건축조합설립추진위원회승인취소처분에대한취소재결취소청구",
        "courtNm": "울산지법",
        "judmnAdjuDe": "2005. 04. 20.",
        "caseNo": "2004구합798",
        "relateLaword": [
            "도시및주거환경정비법 제2조",
            "도시및주거환경정비법 제11조",
            "도시및주거환경정비법 제13조",
            "도시및주거환경정비법 제14조",
            "도시및주거환경정비법 제15조",
            "도시및주거환경정비법 제16조",
            "도시및주거환경정비법 제77조",
            "행정소송법 제12조"
        ],
        "qotatPrcdnt": []
    },
    "concerned": {
        "acusr": "2",
        "dedat": "3"
    },
    "org": {
        "orgJdgmnCourtNm": "",
        "orgJdgmnAdjuDe": "",
        "orgJdgmnCaseNo": ""
    },
    "disposal": {
        "disposalform": "10",
        "disposalcontent": [
            "피고가 2004. 2. 5.에 한 울산광역시 동구청장의 2003. 11. 19.자 소외 000에 대한 재건축조합설립추진위원회 승인취소처분을 취소한 재결(울산행심 제2003,155호)을 취소한다.",
            "소송비용은 피고의 부담으로 한다."
        ]
    },
    "mentionedItems": {
        "rqestObjet": [
            "피고가 2004. 2. 5.에 한 울산광역시 동구청장의 2003. 11. 19.자 소외 000에 대한 재건축조합설립추진위원회 승인취소처분을 취소한 재결(울산행심 제2003,155호)을 취소한다.",
            "소송비용은 피고의 부담으로 한다."
        ]
    },
    "assrs": {
        "acusrAssrs": [
            "소외 추진위원회가 도정법 시행 및 그 내용을 미리 알면서도 이를 정면으로 위반하여 이 사건 계약을 체결하여 000공영으로부터편법적인 자금지원을 받았음에도 불구하고, 이 사건 재결은 소외 추진위원회가 법규정을 미처 숙지하지 못한 상태에서 이 사건계약을 체결한 후에 그것이 도정법에 위반된다는 사실을 인식하고 곧바로 계약을 파기하였다고 인정하는 등 사실을 오인한 위법이 있다.",
            "도정법 제11조는 재건축사업 초기단계부터 시공사가 재건축사업에 개입하여 각종 비리가 발생하는 것을 방지하기 위하여, 본계약 또는 가계약 등 명칭에 관계없이 시공사를 미리 선정하거나 그를 위한 일체의 준비행위를 금지하는 데 그 취지가 있는데, 소외 추진위원회는 이를 위반하여 000공영을 시공사로 선정하는 내용의 이 사건 계약을 체결하였다.",
            "비록 이 사건 계약이 해지되었다 하더라도 비용상환약정 등을 통하여 결국 조합원의 재산상 손해로 귀결되므로, 동구청장이 법 제77조 제1항을 근거로 소외 추진위원회의 승인을 취소한 이 사건 원처분은 적법한 것이고, 따라서 이를 취소한 이 사건 재결은 위법하다.",
            "동구청장은 소외 추진위원회가 도정법 제11조를 위반하였다는 이유를 들어 도정법 제77조 제1항을 근거로 이 사건 원처분을 한것임에도, 피고는 도정법 제77조 제2항을 근거로 이 사건 원처분에 재량권을 남용한 위법이 있다고 판단하였는바, 이는 이 사건 원처분의 처분사유에 대하여 판단하지 아니하고 다른 처분사유의 존부에 대하여 판단함으로써 법령적용의 하자 또는 처분사유의 추가·변경의 한계를 벗어난 위법이 있다.",
            "피고는 산하 지방자치단체장인 동구청장에 대하여 재건축조합과 시공사의 편법적 자금지원행위를 적발하여 고발조치, 승인취소등의 조치를 취하라는 내용의 업무지시를 하고서도, 동구청장이 이러한 업무지시에 따라서 한 이 사건 원처분을 취소하였으므로, 이는 신뢰보호의 원칙 또는 금반언의 원칙에 반하여 위법하다.",
            "소외 추진위원회는 도정법 시행 이후에도 이 사건 대행사로 하여금 재건축 대행업무를 계속하도록 하여 경쟁입찰의 방법으로 대행사를 선정하도록 한 도정법 제14조 및 제15조 제2항에 따른 운영규정을 위반하였다. ",
            "그리고, 소외 추진위원회가 이 사건 대행사와 체결한 재건축조합 업무관리대행계약은 소외 추진위원회의 추진위원 26명 중 5명과만 계약하였을 뿐 아니라 그 내용 또한 토지등 소유자에게 부담을 주는 사항이어서 총회의 의결을 거쳐야 함에도 이를 거치지 아니한 위법이 있다."
        ],
        "dedatAssrs": [
            "피고는, 이 사건 재결은 이 사건 원처분으로 인하여 상실된 소외 추진위원회의 승인권을 회복하여 주는 것일 뿐, 이 사건 재결이취소된다 하더라도 곧바로 원고가 이 사건 아파트의 재건축조합설립 추진위원회로 승인받게 되는 것이 아니라 단지 승인신청을할 수 있는 기회가 회복되는 것에 지나지 않는다.",
            "소외 추진위원회가 먼저 주민 2분의 1 이상의 동의를 얻어 동구청장으로부터승인을 받은 이상, 원고는 도정법 제85조에 따라 재건축조합설립추진위원회 활동이 금지되어 이 사건 재결로 자신의 권리를 침해받는다고 볼 수 없고, 다만 이 사건 원처분으로 얻은 반사적 이익을 상실하는 것에 지나지 아니하므로, 이 사건 소는 원고적격이 없는 자가 제기한 것이거나 소의 이익이 없어 부적법하다고 항변한다.",
            "피고는 이 사건 재결이 위와 같은 처분사유와 관계 법령에 의하여 이루어진 것으로서 적법하다고 주장함에 대하여, 원고는 다음과 같은 사유로 이 사건 재결은 위법하다고 주장한다."
        ]
    },
    "facts": {
        "bsisFacts": [
            "동구청장은 울산광역시장의 지시에 따라 이 사건 아파트를 포함한 관내 6개 재건축사업지구에 대하여 전반적인 실태조사를 실시한 결과, 소외 추진위원회가 도정법 제11조를 위반하여 이 사건 계약을 체결한 사실을 적발하였다.",
            "2003. 11. 17. 고문변호사인 소외 2에게 법률자문을 의뢰한 결과, 위법의 정도, 이익침해의 정도, 재건축사업의 진행, 도정법의 입법 취지 등을 종합적으로 고려하여, 시정권고, 계약의 취소·중지, 추진위원회 승인의 철회·취소 등의 처(이하 '이 사건 원처분'이라 한다)을 하였다.",
            "이에 소외 추진위원회는, 2003. 12. 5. 피고에게 이 사건 원처분을 취소해달라는 내용의 행정심판을 제기하면서, 그 이유로 ①2003. 6. 22. 창립총회에서 000공영을 시공사로 선정함에 따라 000공영과 이 사건 계약을 체결하게 된 것이다.",
            "② 2003. 7.1.부터 시행되는 도정법 규정을 미처 숙지하지 못한 상태였으며, ③ 2003. 10.경 이 사건 계약이 도정법에 위반되는 것임을 알게 된 후 곧바로 이를 해지하였으므로 재건축사업을 계속 시행하더라도 공익을 해할 우려가 없다.",
            "④ 동구청장은 먼저 위반사항을 지도하고 개선을 권고한 후 위법상태가 시정되지 아니할 때 비로소 소외 추진위원회에 대한 승인을 취소할 수 있음에도 불구하고 아무런 사전조치 없이 곧바로 승인을 취소하는 처분을 한 잘못이 있으므로, 결국 이 사건 원처분은 재량권을 남용한 위법이 있다고 주장하였다.",
            "울산광역시 행정심판위원회는 2004. 1. 26. 소외 추진위원회의 주장을 받아들여 이 사건 원처분을 취소하기로 의결하였고, 이에 따라 피고는 2004. 2. 5. 이 사건 원처분을 취소하는 인용재결(이하 '이 사건 재결'이라 한다)을 하면서, 그 이유에서 ① 소외 추진위원회가 2003. 7. 1.부터 시행된 도정법을 미처 숙지하지 못하고 이 사건 계약을 체결하였지만 그것이 법에 위반된다는 것을 인지하고 곧바로 계약을 파기한 점이 있다.",
            "② 향후 재건축조합이 설립되면 그 때 경쟁입찰의 방법으로 시공자를 선정하면 되므로 정비사업의 계속시행이 현저히 공익을 해할 우려가 있다는 특별한 사정변경도 없는 점이 있다.",
            "③ 동구청장은 소외 추진위원회에대한 승인처분 이후에 이 사건 계약체결사실을 적발한 이상, 일단 행정지도 또는 시정명령을 통하여 이 사건 계약을 파기하게하는 등의 방법으로 소외 추진위원회로 하여금 관계 법규를 준수하게 할 수 있음에도 불구하고, 그러한 사전조치 없이 곧바로소외 추진위원회의 승인을 취소한 점이 있다.",
            "원고의 사업내용이 소외 추진위원회의 사업내용보다 우월하고, 소외 추진위원회에 대한 동의율과 원고에 대한 동의율에 큰 차이가 없으며, 이 사건 재결로 인하여 오히려 분쟁이 장기화될 우려가 있음에도 불구하고, 이 사건 원처분을 취소한 이 사건 재결은 위법하다."
        ]
    },
    "dcss": {
        "courtDcss": [
            "행정처분의 직접 상대방이 아닌 제3자라도 당해 행정처분의 취소를 구할 법률상의 이익이 있는 경우에는 원고적격이인정되고, 수익적 행정처분을 신청한 수인이 서로 경원자 관계에 있어서 일방에 대한 허가 등의 처분이 타방에 대한 불허가 등으로 귀결될 수밖에 없는 때에는, 허가 등의 처분을 받지 못한 자는 그 처분의 상대방이 아니라 하더라도 당해 처분의 취소를구할 당사자적격이 있다 할 것이다.",
            "도정법은 조합설립추진위원회의 난립을 방지하기 위하여 토지 등 소유자 2분의 1 이상의 동의를 얻어 시장·군수의 승인을 받은 경우에만 재건축조합설립추진위원회를 구성할 수 있게 함으로써 1개의 정비구역에 1개의재건축조합설립추진위원회만을 허용하고 있다.",
            "앞서 본 바와 같이 원고와 소외 추진위원회가 경쟁적으로 재건축사업을 추진하여 오다가 소외 추진위원회가 동구청장으로부터 승인을 받게 되어 결국 원고는 이 사건 아파트의 재건축조합설립추진위원회로승인받지 못하게 되었는데, 이 사건 원처분으로 소외 추진위원회에 대한 승인이 취소됨에 따라, 재건축사업의 최초 진행단계와같이 원고와 소외 추진위원회 어느 쪽도 승인을 얻지 못한 상태로 돌아갔다.",
            "이로 인해 이미 상당수의 동의를 획득하고 있던 원고에게도 재건축조합설립추진위원회로 승인될 기회가 회복되었던 것인데, 다시 이 사건 재결로 인하여 이 사건 원처분이 취소됨에 따라 소외 추진위원회의 지위가 회복된 결과, 원고로서는 승인신청의 기회를 상실하게 되었다 할 것이다. ",
            "비록 이 사건 재결로인하여 원고의 권리가 직접 침해되었다고는 할 수 없지만, 원고는 이 사건 재결이 취소되면 재건축조합설립추진위원회로 승인받을 수 있는 기회를 얻게 되는 법률상 이익이 있다 할 것이므로, 피고의 본안전 항변은 이유 없다.",
            "먼저, 원고의 첫 번째 주장에 관하여 살피건대, 을 36호증의 기재에 의하면, 소외 추진위원회는 도정법이 시행되면 사업시행인가 이후에 시공사를 선정해야 하므로 주민들이 스스로 필요한 자금을 마련해야 하는 부담이 생기는 등 재건축 절차가 전반적으로 까다로워진다는 점을 주민들에게 적극적으로 홍보한 사실이 인정된다.",
            "위 인정 사실 및 도정법은 2002. 12. 30. 공포되어그로부터 6개월이 경과한 2003. 7. 1. 시행되었는데 그 내용 및 시행시기에 관하여 재건축사업과 관련된 주민, 재건축조합, 건설회사 등 이해관계인들의 관심이 집중되어 있었고, 관련 내용이 수시로 언론에 보도되기까지 하였다.",
            "이에 비추어 보면 소외추진위원회는 도정법 시행 당시 그 내용을 상세히 알고 있었던 것으로 봄이 상당한 데도, 이 사건 재결은 소외 추진위원회가 도정법 규정을 미처 숙지하지 못한 상태에서 이 사건 계약을 체결한 후에야 뒤늦게 위법사실을 인식하였다고 인정함으로써, 그 판단의 기초가 되는 사실을 오인한 위법이 있다 할 것이다.",
            "원고의 두 번째 주장에 대하여 살피건대, ① 종전의 관련 법규가 재건축사업을 민간의 자율에 맡김으로써, 조합·조합장의 비리, 시공사 선정의 비리, 재건축조합의 임원과 시공사, 용역업체 등이 공모하여 부당한 이득을 취하는 등 재건축사업 자체가 하나의 큰 비리 경연장으로 변모되어 온 폐단을 시정하기 위하여, 도정법은 재건축사업의 공공성을 강화하는 입법태도를 취하고 있다.",
            "특히 도정법 제11조는 재건축사업의 초기 단계에서 시공사가 선정됨에 따라 공사비 상승, 조합원 반발, 재건축수주시장의 혼탁 등의 문제점이 적지 않았기 때문에 이를 규제하기 위하여 입법된 조항인 점이 있다.",
            "② 소외 추진위원회는 앞서 본 바와 같이 도정법 제11조의 입법 취지를 잘 알고 있으면서도 그 시행일로부터 40일 이상이나 경과한 시점에 법률을 정면으로 위반하는 내용의 이 사건 계약을 체결하였으므로, 그 법규위반의 정도가 상당히 중하다고 보여지는 점이 있다.",
            "③ 갑 5호증, 갑 54호증의기재에 이 법원의 울산광역시 동구청장에 대한 사실조회결과를 종합하면, 소외 추진위원회가 2003. 6. 22. 창립총회를 개최하면서 참석자에게 거액의 상품권을 경품으로 제공한 사실, 소외 추진위원회는 000공영으로부터 사업시행인가 이전 단계에 필요한 사업비를 지원받고, 사업시행인가 후 경쟁입찰을 통하여 000공영이 아닌 다른 시공사가 선정될 경우 지원받은 사업비를 정산·반환하기로 약정한 사실이 있다.",
            "위 약정에 따라 이 사건 계약서는 제14조에서 000공영이 소외 추진위원회에게 사업추진에 필요한각종 비용을 무상 대여하고, 제31조에서 계약이 해지될 경우 소외 추진위원회가 000공영으로부터 차입한 대여금을 상환하기로 정하고 있는 사실이 각 인정되고, 위 인정 사실에 의하면 소외 추진위원회는 이 사건 계약을 해지함에 따라 000공영에 막대한 비용을 상환할 의무를 부담하게 된다.",
            "추진위원회가 행한 업무와 관련된 권리와 의무는 조합이 포괄승계하므로(도정법 제15조 제4항), 만약 향후 경쟁입찰을 통하여 제3의 업체가 시공자로 선정되고 000공영이 최종적으로 시공사로 선정되지 못하게 될 경우, 이는 조합원의 비용부담으로 귀결되거나, 새로이 선정된 시공사에게 비용상환의 부담이 전가되어 불필요하고 과다한 분양가 상승으로 이어질 가능성이 매우 높다.",
            "결국에는 재건축사업의 공공성을 현저히 해하는 결과를 가져오는 점, ④ 소외추진위원회가 조합설립인가 후 경쟁입찰을 통하여 시공사를 다시 선정하는 과정을 거치더라도, 소외 추진위원회는 000공영에대한 비용상환의무를 회피하기 위하여 000공영이 시공사로 선정되도록 최대한 노력하게 될 것이고, 이는 사실상 시공사를 사전선정하는 것과 동일한 결과가 된다.",
            "따라서 비록 이 사건 계약의 해지로 인하여 도정법 위반의 위법상태가 형식적으로는 소멸하였다. 하더라도, 실질적인 위법상태는 여전히 지속되고 있다고 보여지는 점이 있다.",
            "이 법원의 울산광역시 동구청장에 대한 사실조회결과에 의하면, 이 사건 계약서는 제48조 제1항에서 계약체결일 즉시 효력이 발생한다고 정하고 있는 사실이 인정되는바, 이 사건 계약의 명칭이 가계약으로 되어 있다고는 하나, 위와 같은 내용으로 보아 사실상 본계약의 성격을 가지는 점이 있다.",
            "이 사건과같이 시공사와 추진위원회가 도정법 제11조를 정면으로 위반하여 시공사 선정계약을 체결하고 자금을 지원받은 후 그 계약내용에 비용상환약정을 포함시켜 두었다가, 행정기관으로부터 위법행위가 적발되면 곧바로 계약을 해지하여 형식적으로만 위법상태를 소멸시키는 경우에, 반드시 사전적으로 행정지도나 시정권고를 거쳐야 한다.",
            "그리고 이를 거치지 아니한 승인취소처분은 재량권의일탈·남용으로 위법한 것이 된다면, 행정기관으로서는 위와 같이 도정법 규정을 정면으로 위반하는 탈법행위를 제재할 효과적인 수단이 전혀 없게 되는 점이 있다.",
            "이 사건과 관련된 제반 사정을 모두 종합하여 보면, 이 사건 원처분으로 인하여 달성되는 공익상의 목적이 소외 추진위원회가 입게 되는 불이익에 비하여더욱 크다고 할 것이어서, 도정법 제11조 위반에 대한 제재로 소외 추진위원회에 대한 승인을 취소한 이 사건 원처분이 재량권을 일탈·남용하여 위법하다거나 합목적성을 결여한 부당한 처분이라고 볼 수는 없다. ",
            "그러므로, 그 위법, 부당을 이유로 이 사건 원처분을 취소한 이 사건 재결은 원고의 나머지 주장에 관하여 더 나아가 살필 필요 없이 위법하다."
        ]
    },
    "close": {
        "cnclsns": [
            "피고가 2004. 2. 5.에 한 울산광역시 동구청장의 2003. 11. 19.자 소외 일산아파트1지구 재건축조합설립추진위원회에 대한 재건축조합설립추진위원회 승인취소처분을 취소한 재결(울산행심 제2003-155호)을 취소한다. ",
            "소송비용은 피고의 부담으로 한다."
        ]
    }
}