{
    "info": {
        "caseField": "3",
        "detailField": "5",
        "trailField": "2",
        "caseNm": "장해보상연금부지급처분취소",
        "courtNm": "서울고등법원",
        "judmnAdjuDe": "2005. 06. 14.",
        "caseNo": "2004누10717",
        "relateLaword": [],
        "qotatPrcdnt": []
    },
    "concerned": {
        "acusr": "1",
        "dedat": "1"
    },
    "org": {
        "orgJdgmnCourtNm": "서울행정법",
        "orgJdgmnAdjuDe": "2004. 5. 11. 선고",
        "orgJdgmnCaseNo": "2001구39943 "
    },
    "disposal": {
        "disposalform": "1",
        "disposalcontent": [
            "원고는  소외 1이 모터보트 운전에 서투른 점을 알고 있었음에도 그가 운전하는 모터보트에 수상스키를 연결하여 탄 잘못이 있는바, 그 참작 비율은 30%로 정함이 상당하다"
        ]
    },
    "mentionedItems": {
        "rqestObjet": [
            "청구취지 피고가 2001. 2. 2. 원고에 대하여 한 장해보상연금 부지급처분을 취소한다.",
            "항소취지 주문과 같다"
        ]
    },
    "assrs": {
        "acusrAssrs": [
            "이 사건 재해에서의 원고의 재산상 손해액은 원고의 과실비율을 60%로 참작할 경우 159,922,852원{=399,807,130원×(100-60)%}이다",
            "반면, 피고가 원고에게 지급하여야 할 원고의 여명기간까지의 장해연금의 합계액은 기왕에 수령한 장해연금11,502,410원에다가 2000. 10. 17.부터 2005. 3. 31.까지의 장해연금 146,273,914원 및 2005. 4. 1.부터 2030. 6.까지의 장해연금 524,171,928원을 합한 670,445,842원에 이르고 있으므로 원고의 장해연금급여청구권이 소멸하였다는 이유에서 한 이 사건 부지급 처분은 위법하다."
        ],
        "dedatAssrs": [
            "이 사건 재해에서의 원고의 재산상 손해액을 원고의 위 주장과 같이 159,922,852원으로 본다 하더라도 이를 손해배상액 산정 당시의 평균임금 99,922.85원을 기초로 환산하여 보면 모두 1,600일분(=위 손해액 159,922,852원÷ 위 평균임금99,922.85원)에 해당하는 금액이 된다.",
            "반면, 피고가 원고에게 지급하여야 할 장해연금액은 법 제48조 제2항 후단의 취지에따라 장해보상일시금을 기초로 하여야 할 것인데 이는 위 평균임금의 1,474일분에 불과하므로 양자를 비교하여 보면 피고가지급하여야 할 장해급여액을 이미 원고가 모두 손해배상을 받은 경우로서 원고의 장해연금급여청구권은 이미 소멸하였으므로이를 이유로 한 이 사건 처분은 적법하다."
        ]
    },
    "facts": {
        "bsisFacts": [
            "원고는 1989. 7. 11. 소외 2 주식회사에 입사하여 영업담당 상무로 근무하여 오던 중, 1995. 7. 29. 15:30경 0000 소재 속칭 모래섬 앞 북한강에서 위 회사가 개발한 제품품평회를 겸한 거래처 관계자들의 친목행사의 일환으로 계획된 수상스키의 코스를 점검하기 위하여 소외 1이 운전하는 모터보트에 연결된 수상스키를 탔다.",
            "그러던 중 소외 1이 과속으로 우회전하는 바람에 모터보트의 스크류에 부딪쳐 우측 치골 개방성분쇄골절, 양측 회음부 심부열상, 좌측 하지슬관절하 절단상태, 좌측 대퇴골 원위부 개방성골절, 좌측 상완골 분쇄골절 등의 부상을 입는 업무상 재해(이하 ‘이 사건 재해’라 한다)를 당하였다.",
            "원고는 1995. 10. 16. 가해자인 소외 1을 대리한 소외 3으로부터 위자료로 금 50,000,000원, 같은 달 30. 민·형사 합의금으로 금 120,000,000원을 각 지급받고 이 사건 재해와 관련하여 치료비를 비롯한 일체의 청구를 하지 않기로 합의하였다.",
            "원고는 피해자측과 위와 같은 합의를 하기 이전인 같은해 9. 12. 피고에게 요양승인신청을 하였는데 피고는 1995. 11. 16. 이를업무상의 재해로 볼 수 없다는 이유로 요양불승인처분을 하였다가 1996. 2. 15. 위 불승인처분이 재결로써 취소된 뒤, 원고에게 휴업급여로써 1996. 5. 23. 5,246,100원(지급기간 1995. 10. 18.부터 1995. 12. 31.까지)을 지급하였다.",
            "1997. 3. 5. 5,525,890원 (지급기간 1995. 7. 31.부터 1995. 10. 17.까지) 등 합계 10,771,990원을 지급하였다.",
            "요양급여로써 1996. 5. 30. 개호료1,686,060원, 1996. 6. 4. 치료비 2,257,140원 등 합계 3,943,200원을, 장해보상연금(장해1급)으로써 1996. 8. 5.11,502,410원[=131,502,410원(지급기간 1996. 4. 1.부터 2000. 3. 31.까지)에서 위 120,000,000원을 공제한 금액]을지급하였다.",
            "원고는 2000. 10. 17. 또다시 피고에게 4년 선급 장해연금기간이 만료되었다는 이유로 그 이후의 기간에 대한 장해보상연금을청구하였으나, 피고는 2001. 2. 2. 원고가 가해자로부터 이 사건 재해로 인한 손해배상금을 수령하고 가해자의 나머지 손해배상채무를 면제함으로써 산업재해보상보험법에 의한 보험급여청구권이 소멸하였다는 이유로 이를 지급하지 않는다는 이 사건처분을 하였다.",
            "원고는 이에 앞서 1997. 3. 4. 피고에게 이 사건 재해로 인한 요양비로 17,851,480원(1995. 7. 31.부터 같은 해 10. 18.까지의 요양비)을 청구하였다가, 보험급여청구권이 소멸하였다는 전항 기재와 같은 사유로 1997. 9. 9. 피고로부터 요양비부지급처분을 받고 이에 불복하여 그 취소를 구하는 소( 서울행정법원 98구9515호)를 제기하였으나 패소하였고 이 판결은 그후 상고심에서 확정된 바 있다."
        ]
    },
    "dcss": {
        "courtDcss": [
            "원고는 1989. 7. 11. 소외 2 주식회사에 입사하여 영업담당 상무로 근무하여 오던 중, 1995. 7. 29. 15:30경 0000 소재 속칭 모래섬 앞 북한강에서 위 회사가 개발한 제품품평회를 겸한 거래처 관계자들의 친목행사의 일환으로 계획된 수상스키의 코스를 점검하기 위하여 소외 1이 운전하는 모터보트에 연결된 수상스키를 탔다.",
            "그러던 중 소외 1이 과속으로 우회전하는 바람에 모터보트의 스크류에 부딪쳐 우측 치골 개방성분쇄골절, 좌측 상완골 분쇄골절 등의 부상을 입는 업무상 재해(이하 ‘이 사건 재해’라 한다)를 당하였다.",
            "원고는 1995. 10. 16. 가해자인 소외 1을 대리한 소외 3으로부터 위자료로 금 50,000,000원, 같은 달 30. 민·형사 합의금으로 금 120,000,000원을 각 지급받고 이 사건 재해와 관련하여 치료비를 비롯한 일체의 청구를 하지 않기로 합의하였다.",
            "원고는 피해자측과 위와 같은 합의를 하기 이전인 같은해 9. 12. 피고에게 요양승인신청을 하였는데 피고는 1995. 11. 16. 이를업무상의 재해로 볼 수 없다는 이유로 요양불승인처분을 하였다가 1996. 2. 15. 위 불승인처분이 재결로써 취소된 뒤, 원고에게 휴업급여로써 1996. 5. 23. 5,246,100원(지급기간 1995. 10. 18.부터 1995. 12. 31.까지)을 지급하였다.",
            "1997. 3. 5. 5,525,890원(지급기간 1995. 7. 31.부터 1995. 10. 17.까지) 등 합계 10,771,990원을 지급하였다.",
            "요양급여로써 1996. 5. 30. 개호료1,686,060원, 1996. 6. 4. 치료비 2,257,140원 등 합계 3,943,200원을, 장해보상연금(장해1급)으로써 1996. 8. 5.11,502,410원[=131,502,410원(지급기간 1996. 4. 1.부터 2000. 3. 31.까지)에서 위 120,000,000원을 공제한 금액]을 지급하였다.",
            "원고는 2000. 10. 17. 또다시 피고에게 4년 선급 장해연금기간이 만료되었다는 이유로 그 이후의 기간에 대한 장해보상연금을청구하였으나, 피고는 2001. 2. 2. 원고가 가해자로부터 이 사건 재해로 인한 손해배상금을 수령하고 가해자의 나머지 손해배상채무를 면제함으로써 산업재해보상보험법에 의한 보험급여청구권이 소멸하였다는 이유로 이를 지급하지 않는다는 이 사건처분을 하였다.",
            "원고는 이에 앞서 1997. 3. 4. 피고에게 이 사건 재해로 인한 요양비로 17,851,480원(1995. 7. 31.부터 같은 해 10. 18.까지의 요양비)을 청구하였다가, 보험급여청구권이 소멸하였다는 전항 기재와 같은 사유로 1997. 9. 9. 피고로부터 요양비부지급처분을 받고 이에 불복하여 그 취소를 구하는 소( 서울행정법원 98구9515호)를 제기하였으나 패소하였고 이 판결은 그후 상고심에서 확정된 바 있다."
        ]
    },
    "close": {
        "cnclsns": [
            "제1심 판결을 취소한다",
            "원고의 청구를 기각한다.",
            "소송비용은 제1, 2심을 합하여 모두 원고의 부담으로 한다."
        ]
    }
}