{
    "info": {
        "caseField": "3",
        "detailField": "4",
        "trailField": "1",
        "caseNm": "거절결정(상)",
        "courtNm": "특허법원",
        "judmnAdjuDe": "2005. 01. 13.",
        "caseNo": "2004허6019",
        "relateLaword": [
            "상표법 제6조"
        ],
        "qotatPrcdnt": [
            "대법원 2000. 2. 22. 선고 99후2440 판결"
        ]
    },
    "concerned": {
        "acusr": "1",
        "dedat": "3"
    },
    "org": {
        "orgJdgmnCourtNm": "",
        "orgJdgmnAdjuDe": "",
        "orgJdgmnCaseNo": ""
    },
    "disposal": {
        "disposalform": "10",
        "disposalcontent": [
            "특허심판원이 2004. 8. 31. 2003원4497호 사건에 대하여 한 심결을 취소한다.",
            "소송비용은 피고의 부담으로 한다."
        ]
    },
    "mentionedItems": {
        "rqestObjet": [
            "특허심판원이 2004. 8. 31. 2003원4497호 사건에 대하여 한 심결을 취소한다.",
            "소송비용은 피고의 부담으로 한다."
        ]
    },
    "assrs": {
        "acusrAssrs": [
            "이 사건 출원상표의 도형은 톱날의 기본적인 형상이라고 할 수 있는 절단기능의 날 의 형상이라기 보다는 가로로 긴 평행사변형 막대에, 끝에 홈이 패인 형상으로 독특하고 간결한 시각적 인상을 느끼게 하는바, 도형 자체로서 식별력을 갖춘 표장이고, 그 지정상품인 톱날 의 일반적인 형상을 보통으로 사용하는 방법으로 표시한 표장이 아니어서 자타 상품 식별력이 있다.",
            "아울러 그독점사용이 공익에 반한다고도 할 수 없으므로 이 사건 출원상표는 상표법 제6조 제1항 제3호에 해당하지 아니한다."
        ],
        "dedatAssrs": []
    },
    "facts": {
        "bsisFacts": [
            "원고는 2001. 12. 24. 이 사건 출원상표를 등록출원하였으나, 특허청은 2003. 10. 21. 이 사건 출원상표가 톱날의 형상을 나타내어 그 지정상품인 톱날에 사용할 경우 성질(형상)의 표시만으로 된 것으로서 상표법 제6조 제1항 제3호에 해당하는 상표라는 이유로 거절결정을 하였다.",
            "이에 원고가 2003. 11. 18. 위 거절결정에 불복하여 특허심판원에 거절결정불복심판을 청구하였다.",
            "특허심판원은 이를 2003원4497호 사건으로 심리한 후 2004. 8. 31. 이 사건 출원상표는 어떠한 문자나 숫자의 표시도 없고 상하의 폭이 좁고 좌우로 길이가 긴 평행사변형으로 우측 끝 부분에 홈이 패여 있는 도형상표로서 도형 끝 부분의 패인 홈이 마치 지정상품인 톱날 과 관련하여 톱의 날카로운 여러 개의 날 중에서 하나의 날 형상을 나타내고 있는 형상으로 직감된다.",
            "독특한 식별력을 갖춘 것으로 인정되지 아니한다고 할 것이어서 상표법 제6조 제1항 제3호에 해당한다는 취지에서 원고의 심판청구를 기각하는 내용의이 사건 심결을 하였다."
        ]
    },
    "dcss": {
        "courtDcss": [
            "위 규정의 취지는 지정상품의 형상 등을 보통으로 사용하는 방법으로 표시한 표장만으로 된 상표는 상품의 특성을 기술하는 목적으로써 표시되어 있는 기술적 표장이기 때문에 자타 상품을 식별하는 기능을 상실하는 경우가 많다.",
            "가사상품 식별의 기능이 있는 경우라 하더라도 상품 거래상 누구나 필요한 표시이기에 어느 특정인에게만 독점적으로 사용시킨다는 것은 공익상으로 타당하지 않기 때문에 그 등록을 거절한다는 점에 있다 할 것이다.",
            "어떤 상표가 지정상품의 형상 등을 보통으로 사용하는 방법으로 표시하는 표장만으로 된 상표인지의 여부는 그 상표가 지니고 있는 관념, 지정상품과의 관계, 거래사회의 실정 등을 감안하여 객관적으로 판단하여야 할 것이다(대법원 2000. 2. 22. 선고 99후2440 판결 등 참조).",
            "이 사건 출원상표는 톱날의 기본적인 절단 기능을 가진 날의 형상이라기 보다는 긴 막대 끝에 갈고리가 있는 듯한 형상 정도로 인식될 것이어서, 일반 수요자가 이 사건 출원상표를 보고 그 지정상품인 톱날의 일반적인 형상에 미세한 어떤 변형을 가한 것이라거나 이 사건 출원상표의 우측 끝 홈 부분을 보고 톱날의 형상이 직감된다고 보기는 어렵다 할 것이다.",
            "이 사건출원상표는 그 구성에 톱날의 형상을 어느 정도 내포하고 있다 하더라도 그 성질을 직감하게 하는 것이 아니라, 그 형상을 매우단순하고 간결하게 도안화하여 암시적으로 드러낸 것으로서 식별력 있는 표장에 해당한다 할 것이어서, 상품의 형상을 보통의방법으로 표시한 표장에 해당하지 아니한다 할 것이다.",
            "이 사건 출원상표는 상품의 형상을 보통으로 사용하는 방법으로 표시한 표장만으로 된 상표라 할 수 없어 상표법 제6조 제1항 제3호에 해당하지 않는다 할 것인바, 이와 결론을 달리 한 이 사건 심결은 위법하다."
        ]
    },
    "close": {
        "cnclsns": [
            "특허심판원이 2004. 8. 31. 2003원4497호 사건에 대하여 한 심결을 취소한다.",
            "소송비용은 피고의 부담으로 한다."
        ]
    }
}