{
    "info": {
        "caseField": "3",
        "detailField": "4",
        "trailField": "1",
        "caseNm": "권리범위확인(실)",
        "courtNm": "특허법원",
        "judmnAdjuDe": "2005. 07. 21.",
        "caseNo": "2004허6897",
        "relateLaword": [
            "특허법 제135조",
            "특허법 제140조",
            "특허법 제141조"
        ],
        "qotatPrcdnt": [
            "특허심판원 2004. 9. 24. 2003당945호",
            "대법원 2005. 4. 29. 선고 2003후656 판결"
        ]
    },
    "concerned": {
        "acusr": "1",
        "dedat": "1"
    },
    "org": {
        "orgJdgmnCourtNm": "",
        "orgJdgmnAdjuDe": "",
        "orgJdgmnCaseNo": ""
    },
    "disposal": {
        "disposalform": "10",
        "disposalcontent": [
            "특허심판원이  2004. 9. 24. 2003당945호 사건에 대하여 한 심결을 취소한다.",
            "소송비용은 피고의 부담으로 한다."
        ]
    },
    "mentionedItems": {
        "rqestObjet": [
            "특허심판원이  2004. 9. 24. 2003당945호 사건에 대하여 한 심결을 취소한다."
        ]
    },
    "assrs": {
        "acusrAssrs": [
            "확인대상고안의 문자형 경고수단(35)은 발광체를 이용하여 운전자에게 신호를 보내는 것으로서 이 사건 제1항 고안의 신호등과 그 구성이 동일하므로, 확인대상고안은 이 사건 제1항 고안의 모든 구성요소를 포함하고 있다 할 것이어서 이 사건 등록고안의 권리범위에 속한다.",
            "이 사건 등록고안은 횡단보도상에 위치하는 차량용 신호등에 적용되는 것으로, 조명이 도로 중앙부까지 미치고 거치대에 신호등과 조명등이 함께 부착되는 것이나, 비교대상고안 1은 횡단보도 양측에 설치되는 보행자용 신호등에 관한 것으로 도로 중앙부까지 조명이 미치지 아니하다.",
            "비교대상고안 2는 거치대에 신호등과 조명등이 함께 부착 설치되는 것이 아니어서 이 사건 등록고안은 비교대상고안들에 의하여 공지된 기술에 해당하지 않는다."
        ],
        "dedatAssrs": [
            "이 사건 등록고안은 조명등이 신호등과 함께 거치대에 부착되어 신호와 함께 횡단보도상의 조명이 이루어지는 것인데 반하여,확인대상고안은 신호등과 거치대가 구비되어 있지 않으며, 문자형 경고수단을 신호등으로 보더라도 조명등과 별도로 설치되어있으므로 확인대상고안은 이 사건 등록고안의 권리범위에 속하지 아니한다.",
            "이 사건 등록고안은 비교대상고안들에 의하여 그 출원 전에 공지된 기술만으로 구성된 것이어서 등록고안의 권리범위를 인정할수 없다."
        ]
    },
    "facts": {
        "bsisFacts": [
            "피고는 2003. 5. 13. 횡단보도 경고 및 조명장치 에 관한 피고의 고안(이하 '확인대상고안' 이라 한다)은 원고의 보행자 보호용조명등을 부착한 신호등 철주 조립체 에 관한 고안(이하 '이 사건 등록고안' 이라 한다)과 구성을 달리하고 물품의 형상 및 구조에 차이가 있으며 그 작용효과도 다르므로 이 사건 등록고안의 권리범위에 속하지 않는다고 주장하며 권리범위확인심판을 청구하였다.",
            "특허심판원은 이를 2003당945호 사건으로 심리한 후 2004. 9. 24. 확인대상고안에는 이 사건 등록고안의 청구항 제1항의 필수구성요소인 신호등 이 결여되어 있고, 청구항 제2항 내지 제4항은 제1항의 종속항으로 그 일부 구성요소를 보다 구체화하고 한정하는 것이므로, 확인대상고안은 이 사건 등록고안의 청구항 제1항 내지 제4항의 권리범위에 속하지 않는다는 취지에서 피고의 심판청구를 인용하는 내용의 이 사건 심결을 하였다."
        ]
    },
    "dcss": {
        "courtDcss": [
            "실용신안 등록고안의 권리범위확인심판을 청구함에 있어서 심판청구의 대상이 되는 확인대상고안은 당해 등록고안과 서로 대비할 수 있을 만큼 구체적으로 특정되어야 하는 것인바, 그 특정을 위하여 대상물의 구체적인 구성을 전부 기재할 필요는 없다 하더라도 등록고안의 구성요건에 대응하는 부분의 구체적인 구성을 기재하여야 한다.",
            "그 구체적인 구성의 기재는 등록고안의 구성요건에 대비하여 그 차이점을 판단함에 필요한 정도는 되어야 할 것이고, 만약 확인대상고안이 불명확하여 등록고안과 대비대상이 될 수 있을 정도로 구체적으로 특정되어 있지 않다면 특허심판원으로서는 요지변경이 되지 아니하는 범위에서 확인대상고안의 설명서 및 도면에 대한 보정을 명하는 등의 조치를 취하여야 할 것이다.",
            "그럼에도 불구하고, 확인대상고안의 기술구성이 등록고안과 대비할 수 있을 정도로 특정되지 않았다면 그 심판청구를 각하하여야 할 것인바, 확인대상고안이 적법하게 특정되었는지 여부는 특허심판의 적법요건으로서 당사자의 명확한 주장이 없더라도 의심이 있을 때에는 특허심판원이나 법원이 이를 직권으로 조사하여 밝혀보아야 할 사항이다( 대법원 2005. 4. 29. 선고 2003후656 판결).",
            "이 사건 제1항 고안에는 신호와 조명등의 동작에 관한 구성이 기능적으로 표현되어 있고, 제4항 고안에는 신호등과 조명등의제어부에 관한 구성이 포함되어 있으므로, 이 사건 등록고안에서 신호등과 조명등이 연동하여 동작하는 것은 제1항 내지 제3항고안의 특징이 아니고 제4항 고안의 특징으로 볼 수 있는지 여부에 관하여 살핀다.",
            "이 사건 제1항 고안에는 신호와 함께 횡단보도상의 조명이 이루어지는 것이라고 기재되어 있어 신호등과 조명등의 동작에 대한 기능적 표현만으로도 그 기능을 실현시키는 구체적인 구성이 특정될 수 있는 것이고, 제4항과 관련하여 그 상세한 설명에는 조명등의 제어구성에 대하여 조명등은 야간 시간대에만 점등되도록 제어된다.",
            "제어장치로서 별도의 제어장치를 부착하여 점등,소등시키거나 기존 가로등의 점등,소등회로에 병합하여 통합 제어되도록 구성할 수 있고, 도6에 제시된 바와 같이 신호등제어기(10)의 출력단자(10a)에 연결하는구성으로 할 수 있다.",
            "별도의 제어장치는 외부조도나 시간에 따라 점등,소등되도록 제어하는 제어장치를 안정기에 부가하여 결합하는 방식으로 운영되고, 가로등제어회로에 연결하는 방식은 가로등과 통합 관리된다.",
            "그러나 이들 방식은 추가적인 비용요소가 발생하고, 가로등이 설치되지 않은 교외 지역에서는 사용할 수 없는 단점이 있기 때문에 신호등제어기에 의하여 신호등과 함께 제어되도록 하는 방식이 보다 바람직한 실시형태라 할 수 있다.",
            "기존 신호등제어기는 내부시계회로에 의하여 주야간 시간대별로 조명등의 점등,소등제어가 가능하여 여유 출력단자에 조명등회로를 접속함으로써 추가비용 없이도 조명등의 점등,소등 제어가 가능한 이점이 있다\"고 기재되어 있는 점에 비추어 본다.",
            "이 사건 제4항 고안은 제1항 또는 제2항 고안의 조명등 제어구성을 이루는 장치의 설치위치가신호등제어기(10)로 공간적, 물리적으로 한정된 것에 불과하므로, 이 사건 제1항 고안 및 그 종속항인 제2항 내지 제4항 고안은 신호등과 조명등이 연동하여 작동하도록 하는 구성 이 포함된 것이라 할 것이다.",
            "이 사건 확인대상고안은 이 사건 등록고안과 대비되어 특정되어야 하는 일부 구성이 명확하지 아니하여 특허심판원으로서는 이 사건 권리범위확인심판 절차에서 요지를 변경하지 않는 범위 내에서 보정을 명하는 등의 방법으로 그 흠결을 치유한 후에 본안판단을 하거나 보정에 응하지 아니하는 경우에는 이를 각하하였어야 함에도 불구하고 본안으로 나아가 이 사건 심결에이른 것은 위법하다 할 것이다."
        ]
    },
    "close": {
        "cnclsns": [
            "그렇다면 이 사건 심결을 취소하기로 한다.",
            "특허심판원이 2004. 9. 24. 2003당945호 사건에 대하여 한 심결을 취소한다.",
            "소송비용은 피고의 부담으로 한다."
        ]
    }
}