{
    "info": {
        "caseField": "3",
        "detailField": "5",
        "trailField": "2",
        "caseNm": "보안림해제신청반려처분취소",
        "courtNm": "서울고등법원",
        "judmnAdjuDe": "2005. 12. 29.",
        "caseNo": "2004누18872",
        "relateLaword": [
            "산림법 제16조",
            "산림법 제18조",
            "산림법 시행령 제24조",
            "산림법 제57조",
            "산림법 시행령 제57조",
            "산림법 제2조",
            "산림법 시행령 제3조"
        ],
        "qotatPrcdnt": []
    },
    "concerned": {
        "acusr": "1",
        "dedat": "3"
    },
    "org": {
        "orgJdgmnCourtNm": "수원지방법원",
        "orgJdgmnAdjuDe": "2004. 8. 11.",
        "orgJdgmnCaseNo": "2004구합1422"
    },
    "disposal": {
        "disposalform": "10",
        "disposalcontent": [
            "제1심 판결을 취소한다.",
            "피고가 2004. 2. 25. 원고에 대하여 한 0000 임야 25,219㎡, 0000 임야 4,739㎡에 대한 보안림해제신청반려처분을 취소한다.",
            "소송비용은 제1, 2심 모두 피고의 부담으로 한다."
        ]
    },
    "mentionedItems": {
        "rqestObjet": [
            "제1심 판결을 취소한다.",
            "피고가 2004. 2. 25. 원고에 대하여 한 0000 임야 25,219㎡, 0000 임야 4,739㎡에 대한 보안림해제신청반려처분을 취소한다.",
            "소송비용은 제1, 2심 모두 피고의 부담으로 한다."
        ]
    },
    "assrs": {
        "acusrAssrs": [
            "이 사건 신청지는 공부상의 지목만이 임야일 뿐 실제로는 20여 년 전부터 농작물을 재배하는 농경지로 사용되었으므로 농지법 소정의 농지로 규율되어야 함에도, 피고는 이 사건 신청지를 산림에 해당하는 것으로 그릇 평가한 나머지 1990. 4. 3. 수원함양보안림으로 지정하였으므로, 위 보안림 지정은 당연 무효이다.",
            "설령 그렇지 않다고 하더라도, 이 사건 신청지는 이 사건 처분 당시까지 장기간 농경지로 이용되었으므로 더 이상 산림법의 규율을 받는 산림에 해당한다고 볼 수 없고, 이로써 당초 수원함양보안림으로 지정한 목적도 상실하였다 할 것이다.",
            "피고는 산림법 제57조 제1호에 따라 이 사건 신청지의 보안림 지정을 해제하여야 함에도 이를 불허하였으니, 이는 산림법에 위배되거나 재량권을 일탈, 남용한 것으로서 위법하다."
        ],
        "dedatAssrs": []
    },
    "facts": {
        "bsisFacts": [
            "동방저수지는 0000, 0000 일대 약 228㏊의 농경지를 관리면적으로 하여 연간 765,000㎥의 용수를 공급하는 역할을 하고 있다. ",
            "이 사건 신청지는 인근의 산림들과 더불어 1966. 1. 5. 동방저수지의 제1종 수원함양보안림으로 지정·고시되었다.",
            "그 후 1989. 6. 19.자 산림법 시행규칙의 개정에 따라(제1종 수원함양보안림의 지정 대상이 종전의 저수지 만수위로부터2,000m 이내의 산림 에서 1,000m 이내의 산림 으로 변경됨) 관내 보안림을 재정비하면서 경기도지사로부터 그 권한을 위임받은 피고는 1990. 4. 3. 고시번호 제20호로 이 사건 신청지와 그 인근의 산림을 동방저수지의 제1종 수원함양보안림으로 재지정하였다.",
            "보안림 관리요령 제4조에 의하면, 산림법 시행규칙 제44조 제2항 소정의 보안림 지정기간은 20년으로 하되, 위 지정기간이 만료되어도 보안림의 지정목적이 달성되지 않았을 경우에는 보안림 지정기간을 20년의 범위 내에서 연장할 수 있도록 되어 있다.",
            "피고는 이 사건 신청지와 동일한 조건이면서 이 사건 신청지와 경계를 이루고 있는 0000 토지(0000로부터 분할된 0000에서 1991. 3. 11. 그 지번이 0000으로 등록전환된 토지임)에 대하여는 보안림 지정을 해제한 바 있다.",
            "이 사건 신청지보다도 동방저수지에 훨씬 더 근접해 있는 0000토지(1996. 7. 1. 0000에서 등록전환된 토지임)에 대하여도 비록 불법전용 산림에 관한 임시특례규정에 의거한 것이기는 하지만 구 산림법(1994. 12. 31. 개정된 것) 부칙 제9조 및 구 산림법시행령(1995. 6. 23. 개정된 것) 부칙 제8조 보안림 지정을 해제한 바 있다.",
            "이 사건 신청지와 비슷한 조건의 인근 0000 15,219㎡(기존의 산136에서 등록전환된 것임)는 보안림지정고시지역에서 제외되어 있다."
        ]
    },
    "dcss": {
        "courtDcss": [
            "비록 이 사건 신청지가 동방저수지로부터 약 700m 거리에 위치한 총 29,958㎡에 이르는 토지이고, 산림법상 보안림에 관한 규정은 산림이 아닌 산악·원야 기타의 토지에 대하여도 적용될 수 있는 것으로 규정되어 있어( 산림법 제2조 제2항, 산림법 시행령제3조 제1호) 이 사건 신청지와 같이 현황이 산림이 아닌 토지에 대하여도 보안림의 지정이 가능하다고는 할 것이다.",
            "하지만 보안림의 지정은 원칙적으로는 산림법 제2조 제1항 제1호 소정의 산림을 대상으로 하는 것이라 할 것인데 이 사건 신청지는 이미1980년대 이전부터 이 사건 처분 당시에 이르기까지 장기간동안 그 현황이 산림이 아닌 농경지로 이용되어 왔다.",
            "앞서 본 우수유입량 변동 예측결과에 비추어 보면 이 사건 신청지가 그 보안림 지정이 해제되고 원고가 계획하는 창고 부지 등으로 개발된다고 하더라도 그것이 동방저수지의 저수량에 절대적인 영향을 미칠 것으로는 보이지 않는다(이 사건 신청지가 저수지의 저수량에 절대적인 영향을 미친다는 점에 관한 피고 측의 입증은 없다).",
            "이 사건 신청지 인근의 다른 토지들에 대하여는 이미 보안림지정이 해제된 사례도 있는 점 등의 제반 사정에 비추어보면, 이 사건 신청지에 대하여는 그 보안림 지정목적이 상실되었다고 보이므로 원고의 보안림 해제신청을 반려한 피고의 이 사건 처분에는 재량권의 일탈 또는 남용의 위법사유가 있다고 할 것이다."
        ]
    },
    "close": {
        "cnclsns": [
            "제1심 판결을 취소한다. ",
            "피고가 2004. 2. 25. 원고에 대하여 한 0000 임야 25,219㎡, 같은 0000 임야 4,739㎡에 대한 보안림해제신청반려처분을 취소한다.",
            "소송비용은 제1, 2심 모두 피고의 부담으로 한다."
        ]
    }
}