{
    "info": {
        "caseField": "3",
        "detailField": "4",
        "trailField": "1",
        "caseNm": "거절결정(상)",
        "courtNm": "특허법원",
        "judmnAdjuDe": "2004. 07. 30.",
        "caseNo": "2004허1755",
        "relateLaword": [
            "상표법 제7조"
        ],
        "qotatPrcdnt": [
            "대법원 2000. 4. 11. 선고 98후2627 판결 "
        ]
    },
    "concerned": {
        "acusr": "2",
        "dedat": "3"
    },
    "org": {
        "orgJdgmnCourtNm": "",
        "orgJdgmnAdjuDe": "",
        "orgJdgmnCaseNo": ""
    },
    "disposal": {
        "disposalform": "10",
        "disposalcontent": [
            "원고의 청구를 기각한다.",
            "소송비용은 원고의 부담으로 한다.",
            "이 사건 출원상표에는  상표법 제7조 제1항 제7호에 해당하는 등록거절사유가 있다고 할 것이므로, 이와 결론을 같이 한 이사건 심결은 정당하다."
        ]
    },
    "mentionedItems": {
        "rqestObjet": [
            "특허심판원이 2004. 2. 26. 2003원3111 사건에 관하여 한 심결을 취소한다."
        ]
    },
    "assrs": {
        "acusrAssrs": [
            "이 사건 출원상표는 이태리 출신의 전설적인 미국 영화배우의 성명에 해당하는 상표로서 이태리에서 흔한 성인 Valentino 에 이름인 Rudolph 가 결합되어 항상 일체로만 사용되어지고 있고, Valentino 를 포함하는 표장이 국내외에서 서로 다른 사람에 의하여 이 사건 출원상표의 지정상품과 다른 상품에 다수 병존 등록되어 있다.",
            "국내에서 이 사건 출원상표의 지정상품에도 4개나 등록되어 있으므로, 이 사건 출원상표는 분리관찰하여서는 안되고 전체와 전체로서 대비하여야 하는바, 이와 같이 대비할 경우 선등록상표와 유사하지 아니하다."
        ],
        "dedatAssrs": []
    },
    "facts": {
        "bsisFacts": [
            "특허청은 원고가 출원한 아래 나(1)의 이 사건 출원상표가 아래 나(2)의 선등록상표와 표장과 지정상품이 유사하여 상표법제7조 제1항 제7호에 해당한다는 이유로 거절결정을 하였다.",
            "특허심판원은 위 거절결정에 대한 원고의 불복심판청구에 대하여이 사건 출원상표와 선등록상표는 분리관찰이 가능한 데 그 한 요부가 VALENTINO 로 동일하고 그 지정상품도 유사하여 특허청의 등록거절결정이 타당하다는 이유로, 원고의 청구를 기각하는 청구취지 기재의 이 사건 심결을 하였다."
        ]
    },
    "dcss": {
        "courtDcss": [
            "이 사건 출원상표의 구성은 위에서 본 바와 같고, 선등록상표는 라틴어 valentino 와 garavani 가 일정한 간격을 두고 결합된 상표인바, 양 상표가 그 외관에 있어서 시각상 특히, 식별표지로 강하게 인상에 남는 부분이 없어서 전체적으로 관찰하여 보면 양 상표의 일부 문자 구성이 달라 유사하지 아니하나, 그 호칭과 관념에 있어서는 이 사건 출원상표가 분리관찰이 가능함은 위에서 본 바와 같다.",
            "선등록상표도 일정한 간격으로 떨어져 있어 분리하여 관찰하면 자연스럽지 못할 정도로 일체 불가분적으로 결합되어 있지 않아 valentino 와 garavani 로 분리관찰이 가능하다. 그렇다면 이 사건 출원상표와 선등록상표는 한 요부가 valentino 로 같아 그 호칭과 관념이 같으므로 전체적으로 유사하다고할 것이고, 그 지정상품도 동일하거나 상품류가 같아 유사하다고 할 것이다."
        ]
    },
    "close": {
        "cnclsns": [
            "이 사건 출원상표에는 상표법 제7조 제1항 제7호에 해당하는 등록거절사유가 있다고 할 것이므로, 이와 결론을 같이 한 이사건 심결은 정당하다.",
            "원고의 청구를 기각한다.",
            "소송비용은 원고의 부담으로 한다."
        ]
    }
}