{
    "info": {
        "caseField": "3",
        "detailField": "5",
        "trailField": "2",
        "caseNm": "요양불승인처분취소",
        "courtNm": "서울고법",
        "judmnAdjuDe": "2006. 06. 15.",
        "caseNo": "2005누23918",
        "relateLaword": [
            " 근로기준법 제14조",
            "산업재해보상보험법 제4조",
            "행정소송법 제27조"
        ],
        "qotatPrcdnt": [
            "대법원 1995. 6. 30. 선고 94도2122 판결(공1995하, 2685)",
            "대법원 2004. 3. 11. 선고 2004두916 판결"
        ]
    },
    "concerned": {
        "acusr": "1",
        "dedat": "3"
    },
    "org": {
        "orgJdgmnCourtNm": "서울행법",
        "orgJdgmnAdjuDe": "2005.9.26.",
        "orgJdgmnCaseNo": "2005구단2585 판결"
    },
    "disposal": {
        "disposalform": "10",
        "disposalcontent": [
            "제1심판결을 취소한다.",
            "피고가 2004. 8. 6. 원고에 대하여 한 요양불승인처분을 취소한다.",
            "소송총비용은 피고가 부담한다.",
            "피고가 이 소송에 이르러 비로소 이 사건 상병과 업무와의 상당인과관계 여부를 이 사건 처분사유로 주장하는 것은 허용되지 아니한다 할 것이고, 법원으로서도 이를 이 사건 처분사유로 인정하여 위법한 행정처분의 하자를 치유시킬 수 없다 할것이므로, 피고의 위 주장은 나아가 살필 필요도 없이 이유 없다.",
            "앞서 본 바와 같이 원고가 산업재해보상보험법상의 근로자에 해당하는 이상, 피고로서는 원고의 이 사건 상병이 업무상사유로 인한 것인지에 관하여 살핀 후 이 사건 상병의 업무상 재해 여부를 판단하였어야 함에도 불구하고, 이와 같은 판단에 나아가지 아니한 채 원고가 위 근로자가 아니라는 이유로 이 사건 처분에 이른 것은 위법하다."
        ]
    },
    "mentionedItems": {
        "rqestObjet": [
            "제1심판결을 취소한다.",
            "피고가 2004. 8. 6. 원고에 대하여 한 요양불승인처분을 취소한다.",
            "소송총비용은 피고가 부담한다."
        ]
    },
    "assrs": {
        "acusrAssrs": [
            "원고는 이 사건 회사에 입사하여 월급제로 근무를 하다가, 2004. 2. 1.부터 일체의 기본급 없이 하루에 90,000원을 입금하면 나머지 운행수입은 모두 원고가 가지는 도급제 형식으로 근무형태를 변경하였다.",
            "그러나 위와 같은 근무형태는 택시업계에서 관행적으로 이루어지는 변형된 근로형태로서, 원고는 여전히 이 사건 회사에 임금을 목적으로 종속적인 관계에서 근로를 제공하였으므로 근로자에 해당한다. 따라서 원고가 근로기준법상의 근로자에 해당하지 아니함을 전제로 한 이 사건 처분은 위법하여 취소되어야 한다."
        ],
        "dedatAssrs": [
            "피고는 이 소송에 이르러 이 사건 처분시에 명시한 위 처분사유 외에 추가로, 원고의 이 사건 상병은 당뇨병, 고혈압 등 기존질환과 과도한 흡연이 원인이 되어 자연경과적으로 발생한 것일 뿐 업무상 과로나 스트레스로 인하여 발생한 것이 아니므로 업무와의 상당인과관계가 인정되지 아니하여 업무상 재해에 해당하지 아니한다고 주장한다"
        ]
    },
    "facts": {
        "bsisFacts": [
            "원고는 2003. 9. 2. 삼용운수 주식회사(이하 ‘이 사건 회사’라 한다)에 입사하여 택시운전기사로 근무하던 중, 2004. 6. 13.22:50경 식당에서 식사를 하고 나오다가 쓰러져 병원으로 후송된 후 ‘좌측 내경동맥 경색증’(이하 ‘이 사건 상병’이라 한다)진단을 받고, 2004. 7. 21. 피고에게 요양신청을 하였다.",
            "이에 피고는, 원고가 2004. 2. 1. 이후에는 사납금 이외의 영업수입을 전액 본인의 수입으로 하고, 이 사건 회사의 출·퇴근시간, 복무규정, 인사규정 등을 적용받지 않는 등 사용자의 지휘·감독을 받지 않고 자주적으로 업무를 수행하였으므로 근로기준법상의 근로자에 해당하지 않는다는 이유로, 2004. 8. 6. 원고의 위 요양신청을 불승인하였다(이하 ‘이 사건 처분’이라 한다)"
        ]
    },
    "dcss": {
        "courtDcss": [
            "산업재해보상보험법은 같은 법상의 보험급여를 받을 수 있는 근로자에 대하여 근로기준법에 의한 근로자를 말한다고 규정(산업재해보상보험법 제4조 제2호)하는 외에 다른 규정을 두고 있지 않으므로 보험급여대상자인 근로자는 근로기준법에 의한근로자에 해당하는지의 여부에 의하여 결정된다( 대법원 1999. 2. 24. 선고 98두2201 판결)",
            "근로기준법상의 근로자에 해당하는지 여부는 그 계약의 형식이 민법상의 고용계약인지 또는 도급계약인지에 관계없이 그 실질에 있어 근로자가 사업 또는 사업장에 임금을 목적으로 종속적인 관계에서 사용자에게 근로를 제공하였는지 여부에 따라 판단하여 한다",
            "종전에는 단순한 근로자에 불과하였다가 어떠한 계기로 하나의 사업주체로서의 외관을 갖추고 종전의 사용자와 근로계약이아닌 다른 형태의 계약을 맺는 방법으로 종전과 동일 내지 유사한 내용의 근로를 제공하게 된 경우에는 이하를 고려한다. ",
            "근로기준법상의 근로자에 해당하는지 여부를 판단함에 있어서 스스로 종전의 근로관계를 단절하고 퇴직한 것인지 아니면 그 의사에 반하여 강제적·형식적으로 퇴직하게 되었는지 여부를 고려한다.",
            "사업계획·손익계산·위험부담 등의 주체로서 사업운영에 독자성을 가지게 되었는지 여부, 작업수행과정 등에 있어서 종전의 사용자의 개입 내지 간섭의 정도, 보수지급방식과 보수액이 종전과 어떻게 달라졌는지를 고려한다.",
            "또한 같은 종류의 일을 하는 종전의 사용자 소속 근로자에 비하여는 어떠한 차이가 있는지 여부 등도 아울러 참작하여야 한다( 대법원1995. 6. 30. 선고 94도2122 판결 등 참조).",
            "위 법리를 바탕으로 이 사건에 관하여 보건대, 원고는 이 사건 상병의 발병 당시 도급제로 근무하면서, 이 사건 회사의 취업규칙, 복무규정, 인사규정 등의 적용을 받지 아니하고 그 업무수행과정에서도 이 사건 회사로부터 구체적·개별적인 지시·통제를 받지 아니한 채 근무시간과 휴무 등을 자율적으로 결정할 수 있었다.",
            "이 사건 회사로부터 보수도 지급받지 않았으며, 또한 위 도급제 근무는 원고 본인의 사정과 의사에 기한 것으로서, 그 과정에서 원고는 이 사건 회사로부터 퇴직처리되어 위 도급제 근무 당시에는 건강보험, 국민연금, 고용보험, 산업재해보상보험에도 미가입된 상태에 있었기는 하다.",
            "그러나 이러한 도급제 근무방식과 원고에 대한 퇴직처리절차 등은 이 사건 회사가 택시기사 부족에 따른 경영사정의 악화를 방지하고자 소속 택시기사에대한 급여 부담을 줄이고 위 각 보험료, 연료비 등 비용을 절감하기 위한 방편에서 비롯된 것이기도 하므로, 위와 같은 사정만으로 원고가 근로자에 해당하지 않는다고 단정하기는 어렵다.",
            "원고의 위 도급제 근무는 근본적으로 이 사건 회사가 제공하는 택시를 운행하는 업무에 종사하는 것일 뿐 아니라, 이 사건 회사에 대하여 1일 90,000원씩 매월 2,340,000원의 사납금을 납부하여야 하므로, 원고는 이 사건 회사에게 위 사납금 상당의 근무를 제공하는 것이 강제되어 있다.",
            "실제로도 원고는 정해진 출근일이 없었지만 위 사납금 납부의무로 인하여08:00~09:00경 위 회사에 출근하는 형태로 한 달에 26일 정도를 고정적·계속적으로 근무해왔다.",
            "원고는 도급제로 근무함에 있어 이 사건 회사로부터 그 업무수행과 관련하여 구체적·개별적으로 지시·통제를 받지 않았으나, 그 전에 월급제(1인1차제)로 근무할 당시에도 사납금만 납부하면 특별히 그 업무수행에 있어 이 사건 회사로부터 지시·통제를 받지는 않았다.",
            "그 전에 월급제(1인1차제)로 근무할 당시에도 사납금만 납부하면 특별히 그 업무수행에 있어 이 사건 회사로부터 지시·통제를 받지는 않았다.",
            "원고는 이 사건 회사로부터 직접적으로 보수를 지급받지 않았으나, 운송수입금 중 사납금을 공제한 나머지 금액은 이를 자신의 수입으로 할 수 있으므로, 위 운송수입금 잔액은 사실상 원고의 근무에 대한 보수의 성격을 갖는 것이다.",
            "원고가 월급제로 근무할 당시와 도급제로 근무할 당시를 비교하면 보수를 받지 않는 대신 회사에 납부해야 할 사납금의 액수가 1일129,000원에서 90,000원으로 감소된 것 외에는 근무형태에 있어서 실질적으로 별다른 차이가 없다.",
            "원고는 월급제로근무할 당시나 도급제로 근무할 당시 모두 제3자를 고용하여 택시를 대신 운행하게 할 수는 없었던 까닭에 업무의 대체성도 인정되지 아니한 점 등에 비추어 보면, 원고는 도급제로 근무형태를 변경한 이후에도 여전히 이 사건 회사에 대하여 임금을 목적으로 종속적인 관계에서 근로를 제공하였다고 봄이 상당하다.",
            "행정처분의 취소를 구하는 항고소송에 있어서는 실질적 법치주의와 행정처분의 상대방인 국민에 대한 신뢰보호라는 견지에서 처분청은 당초의 처분사유와 기본적 사실관계에 있어서 동일성이 인정되는 한도 내에서만 새로운 처분사유를 추가하거나 변경할 수 있고, 그 기본적 사실관계와 동일성이 전혀 없는 별개의 사실을 들어 처분사유로 주장함은 허용되지 않는다.",
            "법원으로서도 당초 처분사유와 기본적 사실관계의 동일성이 없는 사실은 이를 처분사유로서 인정할 수 없다고 보아야 할 것이다.",
            "그러므로 피고가 당초 이 사건 처분사유로 삼은 원고의 근로자성 여부와 이 소송에서 추가로 주장하는 이 사건 상병과 업무와의 상당인과관계 여부는 그 기본적 사실관계가 동일하다고 볼 수 없다.",
            "피고가 이 소송에 이르러 비로소 이 사건 상병과 업무와의 상당인과관계 여부를 이 사건 처분사유로 주장하는 것은 허용되지 아니한다 할 것이고, 법원으로서도 이를 이 사건 처분사유로 인정하여 위법한 행정처분의 하자를 치유시킬 수 없다 할것이므로, 피고의 위 주장은 나아가 살필 필요도 없이 이유 없다.",
            "앞서 본 바와 같이 원고가 산업재해보상보험법상의 근로자에 해당하는 이상, 피고로서는 원고의 이 사건 상병이 업무상사유로 인한 것인지에 관하여 살핀 후 이 사건 상병의 업무상 재해 여부를 판단하였어야 함에도 불구하고, 이와 같은 판단에 나아가지 아니한 채 원고가 위 근로자가 아니라는 이유로 이 사건 처분에 이른 것은 위법하다."
        ]
    },
    "close": {
        "cnclsns": [
            "이 사건 처분의 취소를 구하는 원고의 청구는 이유 있어 이를 인용하여야 할 것인바, 제1심판결은 이와 결론을 달리하여 부당하므로, 제1심판결을 취소하고 이 사건 처분을 취소하기로 한다.",
            "제1심판결을 취소한다. 피고가 2004. 8. 6. 원고에 대하여 한 요양불승인처분을 취소한다.",
            "소송총비용은 피고가 부담한다."
        ]
    }
}