{
    "info": {
        "caseField": "3",
        "detailField": "5",
        "trailField": "1",
        "caseNm": "유족보상등청구서반려처분취소",
        "courtNm": "서울행정법원",
        "judmnAdjuDe": "2006. 09. 07.",
        "caseNo": "2005구합40102",
        "relateLaword": [
            "근로기준법 제14조",
            "근로기준법 제16조",
            "근로기준법 제18조"
        ],
        "qotatPrcdnt": [
            "대법원 2006. 5. 11. 선고 2005다20910 판결"
        ]
    },
    "concerned": {
        "acusr": "1",
        "dedat": "3"
    },
    "org": {
        "orgJdgmnCourtNm": "",
        "orgJdgmnAdjuDe": "",
        "orgJdgmnCaseNo": ""
    },
    "disposal": {
        "disposalform": "10",
        "disposalcontent": [
            "원고의 청구를 기각한다.",
            "소송비용은 원고가 부담한다.",
            "망인의 업무가 레미콘 원자재 등의 운반 업무로 한정되어 있고, 망인이 이 사건 차량을 다른 레미콘 회사의 운송업무에 이용할수 없는 등 업무수행 과정에 있어서 일정 부분 소외회사의 구체적인 지휘,감독을 받고 있기는 하나, 아래의 여러 사정을 종합하면, 망인은 사용·종속적인 관계에서 노무에 종사하고 그 대가로 임금 등을 받아 생활하는 근로자가 아니라 자기 책임하에 독자적인 사업을 영위하는 사업자라 하겠다."
        ]
    },
    "mentionedItems": {
        "rqestObjet": [
            "피고가 2005. 9. 14. 원고에 대하여 한 유족보상 및 장의비 부지급처분을 취소한다."
        ]
    },
    "assrs": {
        "acusrAssrs": [
            "망인이 소외회사와 화물자동차운전용역(도급)계약(이하 이 사건 도급계약이라 한다)을 체결하고 개인사업자 형태로 이 사건차량을 운행하였으나, 그 실질은 소외회사의 지휘·감독 아래 종속적인 관계에서 임금을 목적으로 근로를 제공한 것이므로, 망인은 소외회사의 근로자임이 명백하다. 따라서 이 사건 도급계약 등의 형식적인 면만을 기초로 하여 망인을 근로자가 아닌 사업자라고 판단한 피고의 이 사건 처분은위법하다"
        ],
        "dedatAssrs": []
    },
    "facts": {
        "bsisFacts": [
            "망 소외 2(이하 망인이라 한다)는 2005. 5. 3. 02:10경 0000 앞 급커브길에서 소외 1 주식회사(이하 소외회사라 한다) 소유 0000 99사 ㅇㅇㅇㅇ호 트레일러 차량(이하 이 사건 차량이라 한다)을 운전하고 태안화력쪽에서 원복면 이곡리쪽으로 진행하던 중 운전 부주의로 차량이 뒤집히는 바람에 그 충격으로 사망하였다.",
            "망인의 처인 원고는 피고에게, 망인이 업무상 재해로 인하여 사망하였다고 주장하면서 유족급여 및 장의비 지급을 청구하였다.",
            "피고는 2005. 9. 14. 망인이 근로자가 아닌 사업주에 해당된다는 이유로 위 유족급여 및 장의비 지급을 거부하였다(이하 이 사건처분이라 한다)"
        ]
    },
    "dcss": {
        "courtDcss": [
            "근로자란 타인과의 사용종속관계하에서 노무에 종사하고 그 대가로 임금 등을 받아 생활하는 자를 말한다 할 것이고, 그 사용종속관계는 당해 노무공급계약의 형태가 고용, 도급, 위임, 무명계약 등 어느 형태이든 상관없이 사용자와 노무제공자 사이의 지휘·감독 여부, 보수의 노무대가성 여부, 노무의 성질과 내용 등 그 노무의 실질관계에 의하여 결정된다 할 것이다( 대법원 2006.5. 11. 선고 2005다20910 판결 등 참조)",
            "망인의 업무가 레미콘 원자재 등의 운반 업무로 한정되어 있고, 망인이 이 사건 차량을 다른 레미콘 회사의 운송업무에 이용할수 없는 등 업무수행 과정에 있어서 일정 부분 소외회사의 구체적인 지휘·감독을 받고 있기는 하나, 아래의 여러 사정을 종합하면, 망인은 사용,종속적인 관계에서 노무에 종사하고 그 대가로 임금 등을 받아 생활하는 근로자가 아니라 자기 책임하에 독자적인 사업을 영위하는 사업자라 하겠다.",
            "(1) 망인이 사업자등록을 하고 망인 명의(000)의 세금계산서를 발행하는 등 사업주로서의 외관을 갖추고 사업소득세및 부가가치세를 납부하였다.",
            "(2) 망인이 소외회사와 근로계약을 체결한 적이 없을 뿐 아니라 소외회사의 취업규칙, 복무규정, 인사규정 등의 적용을 받지 않고,국민연금 및 의료보험도 소외회사와 관계 없이 개별적으로 가입하였다.",
            "(3) 망인이 소외회사로부터 정해진 기본급이나 고정급을 지급받는 것이 아니라, 자신이 제공한 용역의 양(운반물량, 운반실적)에따른 용역비를 지급받을 뿐 아니라 소외회사 또한 망인으로부터 근로소득세를 원천징수한 사실이 없다",
            "(4) 차량의 운행경로나, 방법, 운행시간, 회사로의 복귀 여부 등을 소외회사의 구체적인 지시나 감독 없이 망인이 자율적으로 선택하여 결정한다",
            "(5) 업무수행 과정에서 소외회사로부터 일정 부분의 구체적 지휘·감독을 받기는 하나, 이는 이 사건 도급계약이나, 레미콘 운송의특성상 불가피한 것으로 보인다",
            "(6) 이 사건 차량이 소외회사의 소유이고 소외회사가 이 사건 차량운행에 수반되는 비용을 부담하기는 하나, 차량에 대한 운전 및관리 책임이 전적으로 망인에게 있을 뿐 아니라 사고로 인한 비용이나 벌과금 등도 모두 망인이 부담한다",
            "(7) 망인 스스로 제3자를 고용하여 업무를 대행하게 하는 것이 불가능하지 않다"
        ]
    },
    "close": {
        "cnclsns": [
            "원고의 청구를 기각한다.",
            "소송비용은 원고가 부담한다."
        ]
    }
}