{
    "info": {
        "caseField": "3",
        "detailField": "5",
        "trailField": "1",
        "caseNm": "평균임금산정처분취소",
        "courtNm": "서울행법",
        "judmnAdjuDe": "2005. 11. 01.",
        "caseNo": "2005구합7044",
        "relateLaword": [
            "산업재해보상보험법 제14조",
            "산업재해보상보험법 제38조",
            "근로기준법 제19조",
            "행정소송법 제3조"
        ],
        "qotatPrcdnt": []
    },
    "concerned": {
        "acusr": "1",
        "dedat": "3"
    },
    "org": {
        "orgJdgmnCourtNm": "",
        "orgJdgmnAdjuDe": "",
        "orgJdgmnCaseNo": ""
    },
    "disposal": {
        "disposalform": "10",
        "disposalcontent": [
            "이 사건 소를 각하한다.",
            "소송비용은 원고들이 부담한다.",
            "000가 지급한 성과금은 회사의 영업실적에 따라 그 지급 여부나 지급액이 달라지는 경영성과의 일부 분배로 볼수 있을 뿐, 근로의 대상으로서의 임금이라 할 수는 없으므로, 이를 평균임금에 산입하여야 한다는 원고들의 주장은 이유 없다(비록 000가 퇴직금 산정시 경영성과금을 기초임금에 합산하여 산정하여 왔다고 하더라도, 이는 포스코가 근로기준법이 정한 퇴직금 기준을 초과하는 퇴직금을 지급하기 위하여 임의적으로 정한 것일 뿐이므로 이로 인하여 경영성과금의 성질이 임금으로 전환되는 것은 아니라 할 것이다)."
        ]
    },
    "mentionedItems": {
        "rqestObjet": [
            "피고가 2004. 11. 2. 원고  1에 대하여 한 평균임금결정처분, 2004. 11. 12. 원고  2,  3에 대하여 한 각 평균임금정정거부처분을 각 취소한다."
        ]
    },
    "assrs": {
        "acusrAssrs": [
            "망인들이 포스코로부터 지급받아 온 경영성과금은, 일정한 요건에 해당하는 근로자에게 계속적·정기적으로 일률적인 기준에따라 지급하여 와 포스코에게 지급의무가 부과되는 금품이라 할 것이므로, 이는 근로의 대가인 임금으로 보아야 할 것인데, 이를 임금으로 볼 수 없음을 전제로 망인들의 평균임금을 산정한 이 사건 각 처분은 위법하다."
        ],
        "dedatAssrs": []
    },
    "facts": {
        "bsisFacts": [
            "원고 1의 남편인 망인 1(1968. 3. 20.생), 원고 2의 남편인 망인 2(1968. 10. 10.생), 원고 3의 남편인 망인 3(1970.3. 8.생)은 모두 주식회사 포스코의 근로자였는데, 2004. 6. 8. 중국 히말라야 K2봉 등반 중 눈사태가 발생하여 눈에 매몰되어 사망하는 업무상 재해를 당하였다.",
            "원고 1은 피고에게 망인 1에 관한 유족급여 및 장의비의 지급청구를 하였는데, 피고는 2004. 11. 2. 원고 1에게 지급할 유족급여를 산정함에 있어, 위 망인이 포스코로부터 지급받은 금원 중 경영성과금은 근로의 대가가 아니라 회사의 영업이익에 따라 지급여부가 결정되는 것으로서 근로기준법상 임금에 해당하지 아니한다는 이유로 이를 공제한 94,072.64원을 망인 1의 평균임금으로 하여 산정한 유족급여를 지급하였다.",
            "원고 2와 3 역시 피고에게 망인 2, 망인 3에 관한 유족급여 및 장의비의 지급청구를 하였고, 피고는 전항과 같은 이유로 경영성과금을 공제한 평균임금 87,484.40원( 망인 2), 84,941.78원( 망인 3)을 각 기준으로 산정된 유족급여를 지급하였으며, 이에 대하여 위 원고들이 경영성과금을 포함하여 평균임금을 계산하여 그 차액분을 추가 지급하여 달라고 신청하였는바, 피고는2004. 11. 12. 위 신청을 거부하였다."
        ]
    },
    "dcss": {
        "courtDcss": [
            "그러나 피고는 원고 1이 피고에게 유족급여 및 장의비의 청구를 하여 오자 망인 1의 평균임금이 94,072.64원임을 전제로 유족급여를 계산하여 지급을 한 사실은 있으나, 그 이외에 망인 1의 평균임금이 94,072.64원임을 확정하여 이를 위 원고에게 통지한 사실이 있음을 인정할 아무런 자료가 없다.",
            "또한 피고는 원고 2, 3이 피고에게 유족급여 및 장의비의 청구를 하여 오자 망인 2의 평균임금이 87,484.40원임을 전제로, 망인 3의 평균임금이 84,941.78원임을 전제로 각 유족급여를 계산하여 지급을 하였다.",
            "위 원고들이 경영성과금을 포함하여 평균임금을 계산하여 유족급여를 산정하는 것이 타당하다는 전제 아래 그러한 평균임금에 기하여 산정된 유족급여에서 이미 지급한 유족급여를 공제한 나머지 금원을 추가적으로 지급하여 달라고 청구하여 오자 위 추가적 지급청구를 거부한 사실은 있다.",
            "피고의 위와 같은 유족급여의 지급사실이나 추가적 유족급여청구의 거부라는 사실행위 자체에 평균임금의 결정행위나평균임금의 정정거부행위라는 확인으로서의 성질을 갖는 행정처분까지 포함되어 있는 것으로 처분 상대방은 일반적으로 쉽사리인식할 수 없으며, 상당한 정도의 법적 지식을 갖고 있는 사람이나 탁월한 판단력을 갖고 있는 사람만이 예외적으로 그러한 해석에 도달할 가능성을 갖고 있을 뿐이다.",
            "행정처분이 적법하기 위하여서는 그 내용이 명확하고 확정되어 있어야 한다. ",
            "내용이 불명확한 행정처분은 무효이다. 불명확 행정처분은 처분 상대방이 그 내용과 의미를 쉽게 인식할 수 없고, 그 결과 그 처분의 내용을 따를 수 없거나 그에 대하여 적절하게 불복할 수 없기 때문이다.",
            "만약 위와 같은 유족급여의 지급사실이나 추가적 유족급여청구의 거부라는 사실행위 자체에 평균임금의 결정행위나 평균임금의 정정거부행위라는 확인으로서의 성질을 갖는 행정처분까지 포함되어 있는 것으로 해석한다면 그러한 해석에까지 도달하지못하는 일반적인 처분 상대방은 별다른 잘못 없이 잘못된 평균임금의 인정에 관하여 불복할 기회를 상실하게 되는 불합리한 결과에 이르게 된다",
            "따라서 유족급여의 지급사실이나 추가적 유족급여청구의 거부라는 사실행위 자체에 평균임금의 결정행위나 평균임금의 정정거부행위라는 확인으로서의 성질을 갖는 행정처분까지 포함되어 있다고 해석하는 것은 행정처분은 명확하고 확정되어 있어야 한다는 원칙에 위반되어 허용될 수 없다",
            "나아가 유족급여의 지급사실이나 추가적 유족급여청구의 거부라는 사실행위 자체에 평균임금의 결정행위나 평균임금정정의 거부행위라는 확인으로서의 성질을 갖는 행정처분까지 포함되어 있다고 해석하게 되면 급여신청인의 권리구제에도 현저한불이익으로 작용한다는 점을 지적할 수 있다",
            "만약 그와 같이 해석하게 되면 유족급여의 결정에 따라 유족급여의 지급이 있게 되면 그와 동시에 평균임금의 결정이라는 행정처분이 함께 행하여진 것이 되고, 90일의 불복기간이 지나게 되면 더 이상 평균임금산정의 잘못을 다툴 수 없기 때문이다. ",
            "그러나 이 경우 유족급여라는 사실행위만이 있고, 잘못된 평균임금의 인정에 의하여 지급받지 못한 나머지 유족급여를 시효가완성되지 아니한 한 당사자소송으로 곧바로 청구할 수 있다고 해석한다면 이러한 불이익은 생겨나지 아니한다.",
            "평균임금정정의 거부행위가 행정처분이 되기 위하여서는 평균임금정정신청권이 급여신청권자에게 인정되어져야 하는데, 산업재해보상보험법 등의 법률에 이러한 절차나 이에 대한 피고의 결정절차를 규정하고 있음을 발견할 수 없을 뿐만 아니라, 이론적으로도 이를 인정하여야 할 요구도 있지도 아니하다.",
            "평균임금정정행위나 거부행위를 행정처분이라고 한다면 피고의 정정행위나 거부행위가 일단 행하여진 후 행정처분으로서 불가쟁력이 발생하게 되면 이후 더 이상 다툴 수 없는 불이익이 생겨나는 반면, 당사자소송으로 지급받지 못한 급여를 청구할 수 있다고 한다면 시효가 완성되지 아니한 한 이러한 불이익은 생겨나지 아니한다.",
            "또한, 평균임금결정행위 내지 평균임금정정거부행위를 행정처분으로 파악할 경우 피고가 결정행위나 거부행위를 하지 아니한채 그 결정을 보류하고 있는 경우에는 먼저 부작위위법확인소송을 거쳐야 하고, 그 후 정정거부행위가 행하여지면 다시 그 취소를 구하는 소송을 제기하여야 하게 되어 권리구제의 절차가 매우 우회적이 됨에 반하여, 당사자소송으로 곧바로 구할 수 있게되면 그러한 결함이 사라진다.",
            "아울러 평균임금결정취소나 평균임금정정거부행위취소라는 항고소송에 의하게 할 경우 원고청구 인용의 확정판결에도 불구하고 피고가 이를 이행하지 아니하면 행정소송법 제34조 에 의한 간접강제만이 가능하나, 당사자소송에 의하게 할 경우 직접적인 강제집행이 가능하게 되어 권리실현에 있어서의 우월성을 갖는다는 점도 지적할 수 있다.",
            "결론적으로 급여의 인정 여부에 관한 결정에 대하여서는 취소소송 등 항고소송을 통하여, 그러한 급여지급의 결정이 있었음에도 지급하지 않는 경우나 지급금액의 수액에 대하여 다툼이 있는 경우에는, 항고소송을 통한 권리구제를 인정하여야 할 법률의규정이나 특별한 사정이 존재하지 아니하는 한, 원칙적으로 당사자소송을 통하여 권리구제를 받도록 하는 것이 이론적, 실천적으로 타당한 것으로 생각된다.",
            "결국 피고가 원고 1에 대하여 평균임금을 결정하는 행정처분을 하여 통지한 사실이 있다고 할 수 없고, 원고 2, 3에 대하여평균임금정정의 거부라는 행정처분을 한 사실이 있다고 할 수 없는 이상 그러한 처분이 존재함을 전제로 하여 그 취소를 구하는원고들의 이 사건 소는 부적법하다.",
            "가사 위에서 본 바와 달리 피고의 유족급여지급행위에 평균임금의 결정이라는 행정처분이, 추가적 유족급여청구의 거부라는행위에 평균임금정정의 거부라는 행정처분이 포함되어 있다고 볼 수 있다 하더라도 원고들의 위 주장은 아래에서 보는 바와 같이 이유 없다.",
            "포스코의 성과금은 '직원들의 근로의욕 제고를 통하여 경영성과를 향상시키고 노사관계를 강화하기 위한' 목적으로회사의 영업이익 중 일부를 직원들에게 분배하여 주기 위하여 도입된 제도인 점, 성과금지급률은 영업이익에 따라 정해지고 있어 해마다 변동되어 왔으며, 영업이익이 발생하지 아니할 경우 지급하지 아니할 수도 있어 사용자에게 지급의무가 있다고 볼 수 없다.",
            "지급률이 결정되더라도 그 근로자들에게 적용되는 실제 지급률은 개인별 상벌에 따라 차등이 있었던 점 등의 사정을종합하면, 포스코가 지급한 성과금은 회사의 영업실적에 따라 그 지급 여부나 지급액이 달라지는 경영성과의 일부 분배로 볼 수 있을 뿐, 근로의 대상으로서의 임금이라 할 수는 없다.",
            "이를 평균임금에 산입하여야 한다는 원고들의 주장은 이유 없다(비록 포스코가 퇴직금 산정시 경영성과금을 기초임금에 합산하여 산정하여 왔다고 하더라도, 이는 포스코가 근로기준법이 정한 퇴직금 기준을 초과하는 퇴직금을 지급하기 위하여 임의적으로 정한 것일 뿐이므로 이로 인하여 경영성과금의 성질이 임금으로 전환되는 것은 아니라 할 것이다)."
        ]
    },
    "close": {
        "cnclsns": [
            "그렇다면 이 사건 소는 부적법하여 이를 각하하기로 한다.",
            "이 사건 소를 각하한다.",
            "소송비용은 원고들이 부담한다."
        ]
    }
}