{
    "info": {
        "caseField": "3",
        "detailField": "5",
        "trailField": "1",
        "caseNm": "정보공개거부처분취소",
        "courtNm": "서울행법",
        "judmnAdjuDe": "2006. 01. 05.",
        "caseNo": "2005구합16833",
        "relateLaword": [
            "공공기관의 정보공개에 관한 법률 제9조"
        ],
        "qotatPrcdnt": []
    },
    "concerned": {
        "acusr": "2",
        "dedat": "1"
    },
    "org": {
        "orgJdgmnCourtNm": "",
        "orgJdgmnAdjuDe": "",
        "orgJdgmnCaseNo": ""
    },
    "disposal": {
        "disposalform": "10",
        "disposalcontent": [
            "피고가 2005. 4. 9. 원고에 대하여 한 별지 2 목록 기재 정보에 대한 공개거부처분을 취소한다.",
            "소송비용은 피고의 부담으로 한다."
        ]
    },
    "mentionedItems": {
        "rqestObjet": [
            "피고가 2005. 4. 9. 원고에 대하여 한 별지 2 목록 기재 정보에 대한 공개거부처분을 취소한다.",
            "소송비용은 피고의 부담으로 한다."
        ]
    },
    "assrs": {
        "acusrAssrs": [
            "우리나라는 의료기관의 무분별한 항생제 처방 등 항생제의 오·남용으로 말미암아 국민들의 항생제 내성률이 다른 나라들에 비하여 매우 높은 실정이므로 그 실태를 파악하기 위하여 피고 산하 건강보험심사평가원에서 한약제급여 적정성 평가 내용을공개할 필요가 있다.",
            "특히 원고가 이 사건 소로써 공개를 구하는 지역별, 요양기관 종별, 의원급 표시과목별 급성상기도감염의 항생제 평가등급에서 1등급(상위 4%)과 9등급(하위 4%)에 속한 요양기관의 수, 명단 및 각 요양기관이 사용한 항생제 사용지표 에 관한 정보(이하 '이 사건 정보' 라 한다)는 국민의 알권리와 진료선택권, 건강권 등을 위하여 적극적으로 공개되어야 한다."
        ],
        "dedatAssrs": [
            "이 사건 정보가 공개될 경우 당해 요양기관들에 대하여 의료에 대한 전문적 지식과 정보를 갖지 못한 일반 환자들은 자칫 이를 항생제 남용기관 또는 적정사용기관으로 오해를 하거나 의료인들을 불신하게 될 위험이 크다.",
            "더욱이 이 사건 정보는 정보공개법이 비공개대상정보로 규정하고 있는 개인의 사생활의 비밀 또는 자유를 침해할 우려가 있다고 인정되는 정보 ( 정보공개법 제9조 제1항 제6호) 또는 경영,영업상 비밀에 관한 사항으로서 공개될 경우 법인 등의 정당한 이익을 현저히 해할 우려가 있다고 인정되는 정보’( 정보공개법 제9조 제1항 제7호)에 해당하기 때문에 공개대상이 아니다."
        ]
    },
    "facts": {
        "bsisFacts": [
            "원고는 2005. 3. 29. 피고에 대하여 공공기관의 정보공개에 관한 법률(이하 정보공개법 이라 한다) 제10조 제1항에 의하여별지 1 목록 기재 정보의 공개를 청구하였다.",
            "피고는 2005. 4. 9. 별지 1 목록 기재 정보 가운데 요양기관별, 의원급 표시과목별, 지역별 항생제 사용지표 및 급성상기도감염(upper respiratory infection, URI)에 관한 항생제 사용지표에 관한 정보(별지 1 목록 순번 1, 7항 기재 정보와 4항 기재 일부 정보)는 공개하되 나머지 정보는 공개하지 않기로 하는 부분공개결정을 하고 이를 원고에게 통지하였다.",
            "원고는 2005. 4. 18. 피고의 부분공개결정에 대하여 정보공개법 제18조 제1항에 의하여 이의신청을 하였으나, 피고는 2005. 5.3. 이를 기각하는 결정을 하였다.",
            "피고 산하 건강보험심사평가원은 2001년부터 국민건강보험법 제56조 제2항, 법 시행규칙 제21조에 의한 요양급여의 적정성평가를 실시하고 있으며, 2002년 이후에는 약제사용의 오,남용 문제를 해결하기 위하여 항생제, 주사제, 약제비 등 3가지 항목에 대한 약제급여적정성평가를 실시하였다.",
            "이를 통해 요양기관별, 진료과목별 및 상병별 지표를 산출하고 그 지표에 따라 해당 요양기관을 스테나인(Stanine) 기법에 의하여 1등급(4%) 내지 9등급(4%)으로 등급평가를 하고 있다."
        ]
    },
    "dcss": {
        "courtDcss": [
            "첫째로, 이 사건 정보는 요양기관의 개설자인 의료인의 이름, 주민등록번호, 주소 등 개인에 관한 사항이 포함되어 있지 않다. 이 사건 정보에 포함되어 있는 요양기관의 명칭은 의료인이 소비자들에게 대하여 자신이 개설한 의료기관을 표시하는 것이므로이를 공개한다 하더라도 의료인의 사생활의 비밀 또는 자유가 침해될 우려가 있다고 보기 어렵다.",
            "둘째로, 이 사건 정보는 의료인이 보유하고 있는 자신의 기능이나 기술 혹은 진단 및 치료방법에 관한 것이 아니므로 이를 요양기관의 경영,영업상의 비밀에 해당한다고 볼 수 없다.",
            "000가 이 사건 정보의 공개에 반대하는 이유도 항생제 지표에 관한 정보가 공개될 경우 의료계에 대한 국민의 신뢰가 무너지고 이로 인하여 의료의 자율성과 전문성이 침해될 위험이 있다는 것이지 영업상의 비밀이 누출될 것을 염려하는 것은 아니다.",
            "이 사건 정보를 비공개로 하는 데에 가사 요양기관이 법률상 보호받을 이익이 있다 하더라도 그 공개 여부는 국민의 알권리와진료선택권이라는 공익과 비교,형량하여 결정하지 않으면 안 된다. 의료인은 전문적 의학지식과 기술을 토대로 환자와 질병의 특수성을 감안하여 적절한 진료방법을 선택할 재량을 가지며, 이러한 의료인의 전문성과 자율성은 가능한 한 존중되어야 한다.",
            "그러나 의료행위는 사람의 신체와 생명을 대상으로 하는 것이므로 환자의 자기결정권 혹은 치료행위에 대한 선택의 기회를 보호하기 위하여 의료소비자들에게 충분한 의료정보를 제공하는 것이 보다 중요하다. 의료소비자들에게 사실에 기초한 정확한 의료정보를 제공하고 이를 통하여 의료시장에서 공정한 경쟁을 촉진할 수 있을 때에공익을 증진시킬 수 있을 뿐만 아니라 의료계에 대한 국민의 이해와 신뢰도 더욱 깊어지리라고 본다."
        ]
    },
    "close": {
        "cnclsns": [
            "그렇다면 피고가 이 사건 정보의 공개를 거부한 것은 위법하므로 이를 취소하기로 한다.",
            "피고가 2005. 4. 9. 원고에 대하여 한 별지 2 목록 기재 정보에 대한 공개거부처분을 취소한다.",
            "소송비용은 피고의 부담으로 한다."
        ]
    }
}