{
    "info": {
        "caseField": "3",
        "detailField": "5",
        "trailField": "1",
        "caseNm": "진료비삭감처분등취소",
        "courtNm": "서울행법",
        "judmnAdjuDe": "2007. 09. 13.",
        "caseNo": "2005구합27925",
        "relateLaword": [
            "국민건강보험법 제39조 ",
            "국민건강보험법 제52조 ",
            "국민건강보험법 제42조 ",
            "국민건강보험법 제43조의2 ",
            "국민건강보험법 제79조 ",
            "민법 제162조"
        ],
        "qotatPrcdnt": [
            "대법원 2005. 10. 28. 선고 2003두13434 판결(공2005하, 1869)"
        ]
    },
    "concerned": {
        "acusr": "2",
        "dedat": "2"
    },
    "org": {
        "orgJdgmnCourtNm": "",
        "orgJdgmnAdjuDe": "",
        "orgJdgmnCaseNo": ""
    },
    "disposal": {
        "disposalform": "10",
        "disposalcontent": [
            "피고가 2004. 4. 17. 원고에 대하여 한 소외 1에 관한 진료비용 50,893,461원의 환불처분 중 48,033,230원을 초과하는부분을 취소한다.",
            "원고의 나머지 청구를 기각한다.",
            "소송비용 중 9 10는 원고가, 나머지는 피고가 각 부담한다."
        ]
    },
    "mentionedItems": {
        "rqestObjet": [
            "피고가 2004. 4. 17. 원고에 대하여 한 소외 1에 관한 진료비용 50,893,461원의 환불처분을 취소한다."
        ]
    },
    "assrs": {
        "acusrAssrs": [
            "(1) 미결정비급여항목(별지 도표 1항 관련)에 관하여 원고는 2000. 1. 1.부터 국민건강보험법에 의한 건강보험제도가 시행된 이후 기존의 의료보험제도와 달라진 부분을 반영하여 더이상 임의비급여로 인정이 되지 않는 항목에 대하여 임의비급여항목의 수가 코드를 삭제하면서 환자들에게 의료보험제도가 시행되던 항목에 대한 진료비 지급 요구를 중지하였다.",
            "그러나 매우 많은 임의비급여 항목이 있었고 임의비급여 항목들이 모두 비급여로 인정될지 여부가 불분명한 상황속에서 보건복지부의 행정지도에 따라 소외 1에 대한 진료 내역의 비급여 항목들에 대하여미결정행위지정신청이나 신기술의료행위지정신청을 하였다.",
            "이에 대하여 보건복지부는 이러한 원고의 신청에 대하여 아무런 답변도 하지 않다가 2000-73호(2000. 12. 30.) 고시로 기결정되어 있는 내용이므로 요양급여로 인정할 수 없다고 하였는바, 이러한 원고의 미결정 또는 신기술의료행위 신청은 보건복지부의결정 전까지는 비급여대상으로서 소외 1의 가족의 동의하에 원고가 진료비를 징수한 것은 정당함에도, 이를 삭감한 피고의 처분은 원고의 재산권과 진료권 등을 침해한 것이어서 위법하다.",
            "(2) 별도산정불가(별지 도표 2항 관련), 불인정(별지 도표 3항 관련) 항목에 관하여 원고 병원의 경우 대한민국에서 가장 중환자를 많이 치료하는 곳이고, 원고 병원의 의료진이 아니었다면 생명연장조차도 불가능했을 소외 1에 대하여 의료진이 학회 참석 일정이나 세미나 일정까지 조정해 가면서 환자에 대하여 최선의 처치를 하고 그 결과환자를 살려내고 상당기간을 살 수 있게 하였다.",
            "그럼에도 불구하고 피고가 요양급여기준에서 정한 기준을 넘어 의료행위를 시행했다는 이유로 진료비를 삭감한다면, 병원 입장에서는 진료를 하면 당연히 손실이 발생한다",
            "진료하지 아니할 경우 진료를 했다면 사람을 살릴 수 있었음에도 불구하고, 진료하지 아니하여 사람을 사망에 이르게 하였다는 이유로 민,형사상 책임을 부담하게 되는바, 피고는 원고 병원의 진료의 적절성을 고려하여 그에 상응하는 처분을 하여야 함에도 단순히 민원이 들어오고 국민건강보험법에서 확인행위를 할 수 있는 권한을 위탁받았다는 이유만으로 원고 병원이 징수한 진료비를 삭감하는 것은 위법하다",
            "(3) 이중병실사용(별지 도표 4항 관련)에 관하여 보건복지부 고시 2000-73호에 의하면 이중병실을 사용하는 경우 환자가 병실료 차액을 지급하게 되어 있고, 2000. 10. 15. ~2002. 4. 25. 사이의 입원비용 중 원고가 소외 3 등으로부터 수령한 1,523,000원은 환자가 중환자실에 있을 때 보호자가 일반병실을 사용한 경우에 해당함에도, 피고가 이를 삭감한 것은 위법하다",
            "(4) infusion pump set(별지 도표 5항 관련)에 관하여 2002. 7. 27. ~ 2003. 8. 9. 사이에 원고가 사용한 infusion pump set는 호흡곤란이 심하여 대수술을 3번이나 받은 6kg 영아인소외 1에게 정확한 양의 약물을 투여하여 중환자의 생명을 유지하기 위한 기본적인 장비이다",
            "이에 따른 세트의 사용은 당연한것임에도 피고가 infusion pump set 비용 228,800원을 삭감한 것은 부당하다",
            "(5) 요양급여(별지 도표 ⑦항 관련)에 관하여 이 부분 해당 항목은 원고 병원 의료진의 의학적 소견에 의하여 진료를 시행하고, 소외 3 등과 합의한 후 소외 3 등에게 징수한 것이므로 적정한 진료비의 징수이다",
            "원고 병원은 소외 1에게 의학적으로 필요한 치료를 하고 그에 상응하는 치료비를 받았으며 이로 인하여 원고가 부당하게 이득을 취한 것이 없다.",
            "원고 병원이 허위로 진료비를 청구하지 않고 진료한 내용 그대로 청구한 점, 원고의 치료로 소외 1의 건강상태가 호전되어 생명을 연장할 수 있었으므로 환자와 그 가족에게 피해가 발생하지 아니한 점, 요양급여기준 등에 기초한 이 사건 관련 고시는 일반적인 질환을 예상한 것이다",
            "소외 1과 같은 중증의 환자에게 그대로 적용할 경우 환자의 생명을 유지하는것 자체가 불가능할 정도였으므로 원고 병원의 의료진이 위 고시의 내용대로 처치하는 것 자체가 불가능한 점, 피고에 의해 삭감된 급여와 피고가 소외 3에게 지급한 금액이 상계처리되면 소외 3은 원고로부터 해당 금액에 대한 진료를 전부 받고서도 진료비를 돌려받게 되어 부당이득을 취하게 된다.",
            "의료인의 진료재량권이 보장되어야 하는 점 등에 비추어 보면, 이 사건 처분은 구체적 타당성을 전혀 고려하지 않고 요양급여기준만을 기계적으로 적용한 것이어서 재량권을 일탈·남용한 것이다"
        ],
        "dedatAssrs": []
    },
    "facts": {
        "bsisFacts": [
            "원고는 고등교육법에 의한 의학,간호학 및 약학 등에 관한 교육,연구와 진료를 통하여 의학발전을 도모하고 국민보건향상에기여하게 함을 목적으로 000 설치법(법률 제3056호)에 의하여 1978. 7. 15. 설립된 국민건강보험법 제40조 제1항 제2호 소정의 요양기관이고, 피고는 요양급여비용을 심사하고 요양급여의 적정성을 평가하기 위하여 국민건강보험법 제55조에 의하여 2000. 6. 29. 설립된 법인이다",
            "소외 1(1999. 3. 30.생)은 선천성 기관지 기형 상병으로 별지 도표 입원기간란 기재와 같이 모두 11차례에 걸쳐 원고 병원에입원하여, 원고 병원 의사 소외 2 등으로부터 기도 폐색 치료를 위한 의료행위( 소외 1은 1999. 10.경 쌕쌕거림과 청색증이 심하였다.",
            "소아 중환자실에 입원하여 CT 등의 검사상 기관용골하부의 폐동맥슬링, 2개의 상행대정맥, 식도중앙부위의 낭성병변 등이 진단되었고, 1999. 11. 12. 전신마취하에 주폐동맥에 대한 문합술과 기관확장시술 및 개방성 동맥관 절단봉합수술등이 시행되었다",
            "1999. 12. 30. 기관지 내시경 소견상 기관확대수술부위에 협착이 발견되어 보강수술이, 2000. 1. 11. 기관종격동류폐쇄수술이 각 시행되었고, 그 후 여러 차례에 걸쳐 기관협착부위에 stent를 삽입하거나 육아조직을 제거하는 시술이 거듭되어 합계 102회의 수술을 받았다)·약제,치료재료·검사 등을 받았으나, 2003. 8. 9. 사망하였다.",
            "원고는 소외 1에 대한 진료에 관하여 그의 가족으로부터 합계 79,118,101원을 징수하였는데, 소외 1의 어머니 소외 3은 2003.10. 9. 피고에게 요양급여대상여부확인신청을 하였다.",
            "그리고, 피고는 2004. 4. 17. 원고에게 원고가 징수한 위 금액 중 정당하게 징수한 것으로 판정한 28,224,640원을 제외한 나머지 50,893,461원(구체적인 항목과 액수는 별지 도표의 기재와 같다)을 소외 1의 가족에게 환불하도록 통보하였다(이하 '이 사건 처분' 이라고 한다).",
            "원고는 이에 불복하여 2004. 7. 9. 피고에게 이의신청을 하였으나, 피고는 2004. 8. 10. 원고의 이의신청을 기각하였고, 원고는 이에 불복하여 2004. 11. 8. 보건복지부장관에게 제04-심-2379호로 보험급여비용삭감처분취소에 관한 심사청구를 하였으나, 보건복지부장관은 2005. 5. 24. 위 청구를 기각하였다."
        ]
    },
    "dcss": {
        "courtDcss": [
            "(1) 미결정비급여에 관하여 이 사건에서 원고는 2000. 6. 27. 치료재료에 대하여 결정신청을 하였고 따라서 158호 규칙 부칙 제6조 제2항에 의거 결정 신청된치료재료에 대하여 보험급여 여부에 대한 결정이 있기 전까지 비급여로 징수한 것은 정당하다 주장한다",
            "원고가 결정신청한 치료재료는 의료보험진료수가 및 약제비산정기준(보건복지부 고시 제1999-32호, 1999. 11. 15.)과 건강보험요양급여행위 및그 상대가치점수 (보건복지부 고시 제2000-67호, 2000. 12. 8.)에 이미 규정되어 있던 재료로서 새로운 치료재료가 아닌 이상 158호 규칙 부칙 제6조 제2항의 적용대상이 되지 아니한다.",
            "또한, 의료보험진료수가 및 약제비산정기준 (보건복지부 고시 제1999-32호, 1999. 11. 15.)은 IV. 진료용 재료대의 산정 진료용 재료대는 제2부 제1장 내지 제15장에서 별도로 산정할 수 있도록 규정한 경우와 장관이 불가피하다고 인정하는 경우를 제외하고는 소정 진료수가에 포함되므로 별도 산정하지 아니한다. 고 규정하고 있다",
            "약제 및 치료재료의 구입금액에 대한 산정기준 제3조는 구입 치료재료대는 요양급여기준 제8조 제2항의 규정에 의한 상대가치점수표 중에서 별도로 산정할 수 있도록 규정한 경우와 장관이 불가피하다고 인정하는 경우를 제외하고는 소정 행위수가에 포함되므로 별도로 산정하지 아니한다. 고 규정하고 있는바, 위 규정에 의하면 원고가 결정신청한 치료재료는 별도산정이 불가한 품목에 해당한다",
            "(2) 별도 산정 불가 항목 및 infusion pump set에 관하여 건강보험법 관계 법령과 판례( 대법원 2005. 10. 28. 선고 2003두13434 판결 등)의 태도에 따르면, 요양기관이 진료행위에 대한비용과 별도로 산정할 수 없는 치료재료비용을 환자에게 별도로 지급받는 행위는 환자측의 동의 여부를 불문하고 건강보험법제52조 제1항의 규정에 의한 ‘사위 기타 부당한 방법’에 의하여 요양급여비용을 받은 경우에 해당하여 정당하다고 할 수 없다",
            "위 판례의 취지는 건강보험법 관계 법령에 의하여 인정되지 아니한 치료재료대의 무분별한 사용으로 인하여 환자나 건강보험재정에 대하여 발생할 수 있는 피해를 사전에 예방하기 위하여, 당해 법령이 제정될 당시 예상되었던 통상적인 질병의 치료에 필요한 일체의 진료행위와 관련하여 지출한 치료재료비용은 별도로 산정할 수 없다는 것이므로, 위와 같은 법리가 모든 경우에 일체의 예외 없이 적용되어야 한다고는 할 수 없다",
            "통상적인 질병의 치료 범위를 넘어서는 아주 특별한 사정이 인정되는 경우에는위 질병의 진료행위와 관련하여 합리적인 범위 내에서 지출한 특수한 비용은 환자측의 사전동의를 받았거나 사전동의를 받지못했더라도 환자측에게 사전에 동의 여부를 문의하였다면 동의를 하였을 것으로 보이는 경우에는 비급여대상으로서 별도로 산정할 수 있다고 봄이 상당하다",
            "원고로서는 보험자인 국민건강보험공단이나 환자측으로부터아무런 보전도 받지 못한 채 위와 같은 특수한 비용을 지출하여 치료를 하거나(앞에서 본 바와 같은 요양급여비용 지급제도의성격에 비추어 볼 때, 위와 같은 특수한 비용은 국민건강보험공단에 그 지급을 청구할 수 없을 것이고, 그 점에 관하여는 원고와 피고 사이에 다툼이 없다), ",
            "위와 같은 특수한 비용은 지출하지 않은 채 통상적인 방법에 의한 치료를 할 수밖에 없을 것인데, 원고에게 전자의 방법을 강요한다면 이는 원고의 재산권의 본질적인 부분을 침해하는 것으로서 헌법에 위반될 가능성이 높고, 원고에게 후자의 방법을 허용한다면 이는 환자의 그 무엇과도 바꿀 수 없는 귀중한 생명에 대한 권리를 침해하는 것으로서 역시 헌법에 위반될 가능성이 높다는 점에서, 위 법리 적용의 예외를 인정하여야 할 것이다",
            "약제의 경우에는 식품의약품안전청의 허가범위 내에서 필요, 적절하게 사용하는 경우 요양급여로 인정하는 것이 원칙이다",
            "구연산펜타닐의 식약청 허가사항(효능, 효과)을 살펴보면, 구연산펜타닐은 마취, 마취전투약, 마취유도, 마취유지 및 수술직후(회복실)의 단시간 진통, 전신 또는 국소마취시 마약성 진통보조, Dreperidol과 같은 신경이완제와 병용하여 마취유도 국소 및전신마취시 마취유지를 위한 마취전 투약제, 개심술, 복잡한 신경계 및 정형외과 수술과 같은 선택된 고위험환자군에서 산소와병행하여 마취제로 사용한다고 되어 있다",
            "그런데 원고 병원의 의료진은 소외 1에게 기도내 삽관을 하면서 소외 1에게 통증방지 및 일시적 수면을 위하거나 혈역학적인 안정상태를 위한 수면을 유도하기 위하여 구연산펜타닐을 사용하였다.",
            "이는 원고가 특이한 상태에 있었던 중환자 소외 1에 대한고난이도의 시술에 필요하여 위 약제를 사용한 이상 보건복지부 고시의 허가범위를 초과한 경우에도 요양급여로 인정되어야 할것이다(별지 도표 5항 기재 228,800원). 따라서 원고의 위 주장은 이유 있다",
            "(4) 급여에 관하여 치료행위 등은 전문적인 지식과 기술을 갖춘 요양기관이 질병 등에 대하여 전문지식이 없는데다가 질병 등으로 곤궁한 상태에있는 불특정 다수자인 환자를 상대로 베푸는 행위로서, 치료행위 등의 내용이나 그 비용 부담 등에 관하여는 당사자의 계약에의하여 정하게 할 수는 없는 것이므로, 요양기관이 치료행위를 하고, 그 비용을 징수함에 있어서는 요양급여기준과 진료수가기준에서 정한 기준과 절차에 따라야 한다",
            "급여대상에 대하여 임의로 비급여대상으로 진료행위를 하고 환자 본인과 사이에 보험비급여로 하기로 상호 합의하여 그 진료비용 등을 환자 본인으로부터 지급받는 행위를 허용할 수는 없다",
            "급여 부분 항목에 관하여 피고가 원고 병원의 의료진이 소외 1에 대하여 시행한 시술이 의학적으로 적정하였다는 점을 인정하고 있는 이상, 원고로서는 요양급여로 처리하여 소외 3 등이 20%의 비용을 부담하고 건강보험공단이 80%의 비용을 부담하도록하였어야 할 것임에도, 소외 3과 사이에 비급여로 처리하기로 합의한 후 그 진료비용을 소외 3 등에게 청구하는 것은 부당하다. 따라서 원고의 위 주장은 받아들이지 아니한다.",
            "원고는 소외 1이 중환자실에 있을 때 그의 보호자가 일반병실을 사용하였다는 점을 입증하지 못하고 있는 이상, 피고가 이를 삭감한 것은 적법하므로, 이에 대한 원고의 주장은 받아들이지 아니한다",
            "요양급여대상 여부에 대한 확인신청과 이와 관련된 과다징수금액환불청구권은 국민건강보험법 제43조 제3항이 아니라 제43조의2에 터잡은 것이어서 국민건강보험법 제79조 제1항 소정의 권리에 포함되지 아니한다",
            "그 법적 성질은 부당이득반환청구라 할것이어서, 위 법 제79조 제3항, 민법 제162조 제1항에 따라 10년간 행사하지 아니하면 소멸시효가 완성된다고 할 것이니, 이와 다른 전제에 선 원고의 위 주장은 이유 없다.",
            "국민건강보험법 제43조의2 제1항은 가입자 또는 피부양자는 본인일부부담금 외에 부담한 비용이 제39조 제3항의 규정에 의하여요양급여의 대상에서 제외되는 것인지에 대하여 제55조의 규정에 의한 건강보험심사평가원에 확인을 요청할 수 있다. 고 규정하고 있다",
            "제2항은 제1항의 규정에 의한 확인요청을 받은 건강보험심사평가원은 그 결과를 확인요청한 자에게 통보하여야 한다. 이 경우 확인요청한 비용이 요양급여의 대상에 대한 비용에 해당하는 것으로 확인된 때에는 그 내용을 공단 및 관련 요양기관에 통보하여야 한다 고 규정하고 있다",
            "위 확인업무의 기준이 되는 것은 국민건강보험법 제39조 제2항, 제3항, 제42조, 국민건강보험법 시행령제24조, 국민건강보험요양급여기준에 관한 규칙 제8조, 제9조, 제11조, 제13조, 치료재료급여·비급여목록 및 급여상한금액표, 약제급여·비급여목록 및 급여상한금액표, 건강보험요양급여행위 및 그 상대가치점수, 건강보험요양급여비용의 내역, 신의료기술 등의 결정 및 조정기준 등이다",
            "피고는 위 기준에 따라 원고가 행한 의료행위·약제 및 치료재료의 지급이 급여대상인지비급여대상인지만을 확인하는 것이므로, 피고의 요양급여대상 여부에 대한 확인 및 환불처분은 기속행위로 보아야 할 것이다.",
            "따라서 피고의 이 사건 처분이 재량행위임을 전제로 한 원고의 위 주장은 이유 없다."
        ]
    },
    "close": {
        "cnclsns": [
            "원고의 이 사건 청구는 위에서 인정하는 부분에 한하여 이유 있으므로 이를 받아들이고, 나머지 청구는 이유 없으므로 이를 기각하기로 한다",
            "피고가 2004. 4. 17. 원고에 대하여 한 소외 1에 관한 진료비용 50,893,461원의 환불처분 중 48,033,230원을 초과하는부분을 취소한다.",
            "원고의 나머지 청구를 기각한다",
            "소송비용 중 9/10는 원고가, 나머지는 피고가 각 부담한다"
        ]
    }
}