{
    "info": {
        "caseField": "3",
        "detailField": "5",
        "trailField": "1",
        "caseNm": "감리자지위확인등",
        "courtNm": "서울행법",
        "judmnAdjuDe": "2006. 03. 15.",
        "caseNo": "2005구합26502",
        "relateLaword": [
            "행정소송법 제7조",
            "행정소송법 제20조",
            "구 주택법(2005. 7. 13. 법률 제7600호로 개정되기 전의 것) 제24조",
            "주택법 시행령 제26조"
        ],
        "qotatPrcdnt": [
            "대법원 1997. 5. 30. 선고 95다28960 판결(공1997하, 1997)",
            "대법원 1999. 11. 26. 선고 97다42250 판결(공2000상,14)"
        ]
    },
    "concerned": {
        "acusr": "2",
        "dedat": "3"
    },
    "org": {
        "orgJdgmnCourtNm": "",
        "orgJdgmnAdjuDe": "",
        "orgJdgmnCaseNo": ""
    },
    "disposal": {
        "disposalform": "10",
        "disposalcontent": [
            "원고의 청구를 기각한다.",
            "소송비용은 보조참가로 인한 비용을 포함하여 모두 원고의 부담으로 한다."
        ]
    },
    "mentionedItems": {
        "rqestObjet": [
            "피고가 2005. 5. 11. 피고 보조참가인에 대하여 한 감리자지정처분을 취소한다."
        ]
    },
    "assrs": {
        "acusrAssrs": [
            "주택건설공사현장에서 감리업무를 수행할 수 있는 감리원은 다른 공사의 감리원으로 지정되지 아니한 자이어야 하므로 감리용역입찰에 참가한 감리자가 다른 공사현장에서 감리원으로 지정되어 근무하고 있는 감리원을 입찰대상인 감리용역에 다시 배치한다면 그 감리원은 주택법 관련 법규가 규정하고 있는 감리원으로서의 자격을 구비하지 못했을 것이다.",
            "뿐만 아니라 중복배치금지규정에 위반된다고 할 것이고, 특히 중복배치 여부는 감리자지정신청 시점을 기준으로 판단할 것이다.",
            "그런데 참가인이 감리자지정신청 당시 이 사건 공사의 보조감리원으로 배치하겠다고 신고한 사람들 중 00, 00, 00, 00, 00 등 5명(이하 '이 사건 보조감리원들' 이라 한다)은 이미 다른 공사현장의 감리원으로 배치되어 근무하고 있었다.",
            "따라서 감리원의 자격이 없음에도 피고가 참가인을 1순위 낙찰자로 결정한 후 이 사건 처분을 한 것은 주택법 제24조 제1항, 주택법 시행령 제26조 제3항, 이 사건 감리자지정기준 제4조 제2항의 규정에 위배되어 위법한 처분이므로 취소되어야 한다."
        ],
        "dedatAssrs": [
            "주택법, 주택법 시행령 및 이 사건 감리자지정기준에 의하면, 이 사건 보조감리원들의 경우 비록 감리자지정신청 당시 이미 다른 공사현장의 감리원으로 지정되어 있다 하더라도 다른 공사현장과 이 사건 공사현장의 해당 공종 및 배치계획기간이 중복되지 않는 한 보조감리원으로 허용된다고 할 것이므로 이 사건 처분은 적법하다."
        ]
    },
    "facts": {
        "bsisFacts": [
            "피고는, 00000 재건축정비사업조합이 시행하는 0000 일대 아파트 6,864세대 등의 재건축신축공사(이하 '이 사건 공사' 라 한다)와 관련하여 2005. 3. 14. 주택법 제24조, 동법 시행령 제26조 및 건설교통부 고시 제2005-23호 주택건설공사 감리자지정기준(이하 '이 사건 감리자지정기준' 이라 한다)의 규정에 의하여 주택건설공사 감리자 모집공고를 하였다.",
            "이에 원고와 피고 보조참가인(이하 '참가인' 이라 한다) 등의 감리업체가 피고에게 감리자지정신청을 하였는바, 피고는 2005.3. 28. 감리비 예정가격 추첨을 하여 참가인을 1순위자로, 000을 2순위자로, 원고를 3순위자로 결정한 후, 같은 해 5. 11. 참가인에 대하여 감리자지정통보를 하였다(이하 '이 사건 처분' 이라 한다)."
        ]
    },
    "dcss": {
        "courtDcss": [
            "이 사건 보조감리원들은 비록 이 사건 감리자지정신청 당시 이미 다른 공사현장에 감리원으로 지정되어 있었으나 그 공사현장과 이 사건 공사현장의 해당 공종 및 배치계획기간이 중복되지 않은 사실은 명백하다고 할 것인바, 이 사건 감리자지정기준 부표가 명문으로 명백히 규정하고 있는 바와 같이 보조감리원의 경우에는 다른 공사현장과 당해 공사현장의 해당 공종 및 배치계획기간이 중복되지 않은 경우는 제외하도록 하고 있다.",
            "이 경우 감리자지정신청자는 다른 공사현장의 감리자지정권자가 발급한 예정공정표 및 감리원배치계획서를 당해 감리자지정신청시 제출하여야 하며, 당해 감리자지정권자는 당해공사현장의 해당분야 공종 및 배치계획기간의 중복 여부를 확인하여야 한다고 규정하고 있다.",
            "또한 달리 감리자지정신청 당시 다른 주택건설공사에 배치되어 있는 경우에 달리 본다는 규정이 없는 이 사건에 있어서 이 사건 감리자지정기준 제4조 제2항은 보조감리원의 경우 다른 공사와 당해 공사의 해당 공종 및 배치계획기간이 중복되지 않으면 감리자지정신청 당시 다른 공사현장에 배치되어 근무하고 있다 하더라도 ‘다른 공사의 감리원으로 지정되지 아니한 자’에 해당하는 것으로 해석함이 타당하다.",
            "원고는, 건설교통부가 종래 감리자 응모 당시 감리원으로 배치되지 않은 경우 다른 공사와 공정 및 배치계획이 중복되지 않은 범위 내에서 당해 주택건설공사에 배치될 수 있는 것 으로 유권해석하여 왔다.",
            "그러나 이 사건 감리자지정기준 제4조 제2항의 취지가신규감리자 지정 신청을 하기 위하여 일부 감리자가 다른 공사의 예정공정 및 배치계획을 변경하는 등의 폐단을 방지하기 위한것인데, 건설교통부 고시 제2004-483호(2004. 12. 30.) 감리자지정기준 이후 이 사건 감리자지정기준에 이르기까지 그 부표에서 보조감리원의 경우 다른 공사현장과 당해 공사현장의 해당 공종 및 배치계획기간이 중복되지 않으면 중복배치에 해당하지 않는다.",
            "이 경우 감리자지정신청자로 하여금 다른 공사현장의 감리자지정권자가 발급한 예정공정표 및 감리원배치계획서를 당해 감리자지정 신청 시 제출토록 한 것은 감리자지정신청 당시 다른 공사에 배치중인 감리원이라 하더라도 그 임무를 종료하고 난 후에는 그 외의 공사에 대한 감리를 할 수 있도록 허용하는 것을 전제로 하는 취지임에는 변함이 없다 할 것이다.",
            "같은 취지의건설교통부 2005. 5. 12.자 업무처리지침에 어떤 잘못이 있다 할 수 없으므로 원고의 위 주장 역시 이유 없다.",
            "따라서 이 사건 보조감리원들은 다른 공사의 감리원으로 지정되지 아니한 자에 해당하므로 피고가 참가인에 대하여 한 이 사건처분은 적법하다고 할 것이다."
        ]
    },
    "close": {
        "cnclsns": [
            "그렇다면 원고의 이 사건 청구는 이유 없어 기각하기로 한다.",
            "원고의 청구를 기각한다.",
            "소송비용은 보조참가로 인한 비용을 포함하여 모두 원고의 부담으로 한다."
        ]
    }
}