{
    "info": {
        "caseField": "3",
        "detailField": "5",
        "trailField": "1",
        "caseNm": "양도소득세부과처분취소",
        "courtNm": "대구지법",
        "judmnAdjuDe": "2007. 05. 23.",
        "caseNo": "2005구합4436",
        "relateLaword": [
            "구 소득세법(2005. 12. 31. 법률 제7837호로 개정되기 전의 것) 제89조",
            "구 소득세법 제94조",
            "구 소득세법 시행령(2002. 10. 1. 대통령령 제17751호로 개정되기 전의 것)제154조",
            "구 소득세법 시행령(2003. 12. 30. 대통령령 제18173호로 개정되기 전의 것) 제155조 "
        ],
        "qotatPrcdnt": [
            "대법원 1998. 7. 10. 선고 97누20816 판결"
        ]
    },
    "concerned": {
        "acusr": "1",
        "dedat": "3"
    },
    "org": {
        "orgJdgmnCourtNm": "",
        "orgJdgmnAdjuDe": "",
        "orgJdgmnCaseNo": ""
    },
    "disposal": {
        "disposalform": "10",
        "disposalcontent": [
            "피고가 2004. 11. 1. 원고에 대하여 한 2003년도 귀속 양도소득세 66,987,210원의 부과처분을 취소한다.",
            "소송비용은 피고의 부담으로 한다."
        ]
    },
    "mentionedItems": {
        "rqestObjet": [
            "피고가 2004. 11. 1. 원고에 대하여 한 2003년도 귀속 양도소득세 66,987,210원의 부과처분을 취소한다.",
            "소송비용은 피고의 부담으로 한다."
        ]
    },
    "assrs": {
        "acusrAssrs": [
            "이에 대하여 원고는, 원고의 재건축개나리아파트분양권의 양도가 양도소득세의 비과세대상인 1세대 1주택의 양도로 의제할 수 있음에도 불구하고, 피고가 원고의 재건축개나리아파트분양권의 양도에 관하여 양도소득세를 부과한 이 사건 처분은 위법하여취소되어야 한다. 고 주장한다"
        ],
        "dedatAssrs": [
            "피고는, 구 소득세법 시행령(2003. 12. 30. 대통령령 제18173호로 개정되기 전의 것, 이하 구 시행령 이라 한다) 제155조 제16항은 구 주택건설촉진법에 의한 주택재건축조합의 조합원이 사업계획승인일 현재 기존주택 이외에 다른 주택을 소유하지 아니한 상태이다.",
            "즉 1세대 1주택을 보유한 상태에서 당해 조합을 통하여 취득한 입주자로 선정된 지위(이하 분양권 이라 한다)를양도하는 경우에 한하여 분양권이 부동산을 취득할 수 있는 권리임에도 불구하고, 그 분양권의 양도를 1세대 1주택의 양도로의제하여 양도소득세의 비과세대상으로 보도록 규정하고 있다",
            "따라서 원고의 재건축개나리아파트분양권의 양도가 위 규정에 의한 1세대 1주택의 양도로 의제되어 양도소득세의 비과세대상에 해당하려면, 원고가 00000재건축사업계획승인일인 2003. 3. 11. 현재 기존00000 이외에 다른 주택을 보유하지않아야 한다",
            "그런데 앞서 인정한 사실에 의하면, 원고는 그 당시 기존00000 이외에 대덕맨션을 소유하고 있음으로써 1세대 2주택을 보유하고 있었다",
            "따라서 원고의 재건축00000분양권의 양도가 양도소득세의 비과세대상인 1세대 1주택의 양도로 의제할 수 없다는 이유에서 한 피고의 원고에 대한 이 사건 처분은 관련 법령의 규정에 따른 처분으로서 적법하다. 고 주장한다"
        ]
    },
    "facts": {
        "bsisFacts": [
            "원고는 1990. 12. 15. 00000 (동호수 생략)(이하 기존00000라 한다)를 취득하여 이를 보유하고 있었고, 1991. 12. 16. 00000 (동호수 생략)(이하 00000이라고만 한다)를 취득하여 이를 보유하고 있었다.",
            "00000의 소유자들은 2003년 초에 00000를 재건축하기로 결의하고 00000재건축조합(이하 00000재건축조합’이라 한다)을 결성하였다.",
            "00000재건축조합은 2003. 3. 11. 강남구청장으로부터 구주택건설촉진법(2002. 12. 30. 법률 제6841호로 개정되기 전의 것, 이하 같다) 제33조 제1항의 규정에 따라 00000재건축사업에 관한 사업계획승인(이하 00000재건축사업계획승인 이라 한다)을 받았다.",
            "이에 따라 원고는 재건축사업대상아파트인 기존00000의 소유자로서 기존00000에 관한 재건축아파트의 분양권(이하 재건축00000분양권’이라 한다)을 취득하게 되었다",
            "한편, 원고는 2003. 7. 1. 00000을 양도하고, 그 무렵 00000의 양도에 관한 양도소득세 금 2,323,970원을 신고·납부하였다.",
            "원고는 2003. 7. 29. 소외인에게 재건축00000분양권을 금 600,000,000원에 양도하였는데, 그 당시 자신이 재건축00000분양권 이외에 다른 주택을 보유하고 있지 않았기 때문에 재건축 00000 분양권의 양도는 비과세대상인 1세대 1주택의 양도로 의제되어 양도소득세의 부과대상이 되지 않는다고 판단하고 피고에게 재건축 00000 분양권의 양도에관한 양도소득세를 신고·납부하지 않았다.",
            "그런데 피고는, 원고가 00000재건축사업계획승인일인 2003. 3. 11. 기존00000 이외에 00000도 소유하고 있음으로써 1세대 2주택을 보유하고 있다.",
            "그래서 원고의 재건축00000분양권의 양도를 비과세대상인 1세대 1주택의 양도로 의제할 수 없다는 이유로 2004. 11. 1. 원고에게 재건축00000분양권의 양도에 관한 2003년 귀속 양도소득세66,987,210원(00000의 양도에 관한 기납부 양도소득세 금 2,323,970원을 제외한 금액임)을 추가로 부과하기로 하는 경정결정(이하 이 사건 처분 이라 한다)을 하고, 그 무렵 원고에게 이를 고지하였다."
        ]
    },
    "dcss": {
        "courtDcss": [
            "구 소득세법(2005. 12. 31. 법률 제7837호로 개정되기 전의 것, 이하 같다) 제89조 제3호는 대통령령이 정하는 1세대 1주택의 양도로 인하여 발생하는 양도소득에 대하여는 양도소득세를 과세하지 아니하도록 규정하고 있다",
            "다만, 재건축00000분양권의 양도 당시는 2002. 10. 1. 대통령령 제17751호로 개정된 구 시행령이 시행되고 있었다. 그런데 개정된 구 시행령 제154조 제1항의 규정에 따르면 1세대 1주택의 양도로서 비과세대상에 해당하기 위해서는 보유기간 3년이상 의 요건 이외에 거주기간 1년 이상 의 요건을 충족하여야 한다",
            "그러나 개정된 구 시행령(2002. 10. 1.자 대통령령 제17751호) 부칙 제3조 제1항은 개정된 구 시행령 시행 후 1년이 되는 날까지당해 주택을 양도하는 경우에는 제154조 제1항의 개정규정에도 불구하고 종전의 규정을 적용한다고 규정하고 있으므로, 원고의 재건축00000분양권의 양도에 관하여 개정전 구 시행령 제154조 제1항의 규정이 적용된다.",
            "원고의 재건축00000분양권의 양도가 1세대 1주택의 양도로 의제되어 양도소득세 비과세대상이 되는지의 여부는사업계획승인 당시에는 분양권 이외 다른 주택을 추가로 소유하고 있었다",
            "그 후 분양권의 양도 전에 다른 주택을 양도하여분양권의 양도 당시에는 분양권 이외에 다른 주택이 없는 경우에 그 조합원을 주택재건축사업의 경우 사업계획승인일 현재 개정전 구 시행령 제154조 제1항의 규정에 해당하는 기존주택을 소유하는 조합원 에 해당하는 것으로 해석할 수 있을지의 여부에 달려 있다고 할 것이다",
            "양도소득세를 과세함에 있어 양도차익은 자산의 양도 당시를 기준으로 산출하게 되므로 당해 자산의 양도가 과세요건 내지 면세요건에 해당하는지 여부도 양도 당시를 기준으로 판정하여야 한다고 봄이 상당하다( 대법원 1998. 7. 10. 선고 97누20816 판결 참조),",
            "개정전 구 시행령 제154조 제1항은 1세대 1주택 양도의 양도소득세 비과세요건을 충족하였는지의 여부를 당해 주택의 ‘양도일’ 현재 1세대 1주택의 보유 여부에 따라 결정하도록 규정하고 있다",
            "구 시행령 제155조 제16항은 정비사업조합을 통하여 취득한 입주자로 선정된 지위, 즉 분양권을 양도하는 경우 1세대 1주택의 양도로 의제할 것인지의 여부를 분양권의 양도일 현재 다른 주택을 보유하고 있는지의 여부에 따라 결정하도록 명시적으로 규정하고 있다",
            "구 시행령 제155조 제16항은 정비사업조합의 조합원을 사업계획승인일 현재 개정전 구 시행령 제154조 제1항의 규정에 해당하는 기존주택을 소유하는 자에 한한다고 규정하고 있을 뿐 1세대 1주택을 보유하는 자에 한한다고 규정하고 있지는 아니하다",
            "구 시행령 제155조 제16항은, 재개발조합 또는 재건축조합의 조합원이 분양권을 양도하는 경우 그 분양권은 부동산을 취득할 수 있는 권리 에 불과하고 이는 주택 과는 구별되므로 1세대 1주택 에 관한 비과세규정인 구 소득세법 제89조 제3호 및 개정전 구 시행령 제154조 제1항을 직접 적용하여 양도소득세 비과세대상으로 하는 데에 어려움이 있다",
            "이를 해소하여 일반 주택의 양도와 형평성을 유지하고 서민가계를 지원할 목적으로 분양권의 양도에 관하여도 개정전 구 시행령 제154조 제1항의 규정을 적용하여 분양권 양도를 양도소득세 비과세대상으로 삼으려는 데에 그 입법 취지가 있다",
            "구 소득세법 제89조 제3호는 1세대 1주택 을 비과세 대상으로 규정하고, 그 위임에 따른 개정전 구 시행령 제154조 제1항은 1세대가 양도일 현재 1주택을 보유하고 보유기간이 3년 이상 인 경우에 이를 1세대 1주택 으로 본다고 규정한다",
            "구 시행령 제155조는 상속, 혼인 등으로 일시적으로 2주택이 되거나 또는 대체취득을 위하여 일시적으로 2주택이 되는 경우와 같이 예외적으로 1세대 2주택 이 되는 경우에도 일정한 요건하에서 이를 1세대 1주택 으로 취급하여 비과세한다고 규정하고 있다",
            "구 시행령 제155조 제16항은 분양권은 주택 이 아니기 때문에 개정전 구 시행령 제154조 제1항 소정의 1세대 1주택 에 해당하지는 않지만 예외적으로 이를 주택 으로 취급(의제)하여 개정전 구 시행령 제154조 제1항 소정의 요건, 즉 양도일 현재 다른 주택이 없고 사업계획승인일 현재 기존주택에 관한 3년 이상 보유기간요건을갖춘 경우에는 양도소득세를 비과세한다는 규정으로 해석된다",
            "구 시행령 제155조 제16항은 같은 조의 다른 항과 마찬가지로 개정전 구 시행령 제154조 제1항 소정의 1세대 1주택 의 범위를 확장하는 특례조항의 하나로 봄이 상당하다",
            "종전 주택이 노후하여 이를 멸실하고 재건축하던 중에 새로운 주택을 취득한 경우 재건축한 주택을 종전 주택의 연장으로 보아서 재건축주택 완공 후부터 일정한 기간 내에 재건축한 주택을 양도하면 양도소득세를 부과하지 않고 있는 것이 과세실무이다",
            "구 시행령 제155조 제16항의 규정 중 정비사업조합의 조합원의 자격을 제한하는 부분에 해당하는‘주택재건축사업의 경우 사업계획승인일 현재 개정전 구 시행령 제154조 제1항의 규정에 해당하는 기존주택을 소유하는 자’라 함은 분양권 취득 당시인 사업계획승인일 당시 1세대 1주택을 보유하는 자로 한정하는 취지는 아니다",
            "주택재건축사업을시행하기 위한 정비사업조합의 조합원을 사업계획승인일 현재 개정전 구 시행령 제154조 제1항 소정의 기존주택에 관한 보유기간 3년 이상의 요건을 갖춘 자로 한정하는 취지라고 봄이 상당하다 할 것이다.",
            "1 사업계획승인일 현재 기존주택의 보유기간이 3년 이상일것, 2 양도일 현재 다른 주택이 없을 것의 요건을 충족하면 되고, 사업계획승인일 현재 분양권 이외에 다른 주택이 없어야 하는 것은 아니라고 할 것이다",
            "00000재건축사업계획승인 당시 00000을소유하고 있었지만 재건축00000분양권 양도 이전에 이미 이를 양도하여 재건축00000분양권 양도 당시에 재건축00000분양권 이외에 다른 주택을 보유하지 않았고, 원고가 재건축00000분양권 취득일인 사업계획승인일 현재기존00000를 3년 이상 보유하고 있었다",
            "원고의 재건축개나리아파트분양권 양도는 구 소득세법 제89조 제3호,개정전 구 시행령 제154조 제1항, 구 시행령 제155조 제16항의 각 규정에 따라 1세대 1주택 에 의한 양도소득세의 비과세대상으로 의제됨에도 불구하고, 원고에게 재건축00000분양권의 양도에 관한 양도소득세를 부과한 피고의 이 사건 처분은위법하다고 할 것이다"
        ]
    },
    "close": {
        "cnclsns": [
            "피고가 2004. 11. 1. 원고에 대하여 한 2003년도 귀속 양도소득세 66,987,210원의 부과처분을 취소한다.",
            "소송비용은 피고의 부담으로 한다."
        ]
    }
}