{
    "info": {
        "caseField": "3",
        "detailField": "4",
        "trailField": "1",
        "caseNm": "정정(특)",
        "courtNm": "특허법원",
        "judmnAdjuDe": "2005. 10. 28.",
        "caseNo": "2005허2441",
        "relateLaword": [
            "구 특허법(1997. 4. 10. 법률 제5329호로 개정되기 전의 것) 제136조",
            "구 특허법 제42조 "
        ],
        "qotatPrcdnt": [
            "대법원 2001. 12. 11. 선고 99후2815 판결 ",
            "대법원 2004. 10. 14. 선고 2002후2839 판결 "
        ]
    },
    "concerned": {
        "acusr": "2",
        "dedat": "2"
    },
    "org": {
        "orgJdgmnCourtNm": "",
        "orgJdgmnAdjuDe": "",
        "orgJdgmnCaseNo": ""
    },
    "disposal": {
        "disposalform": "10",
        "disposalcontent": [
            "특허심판원이 2005. 2. 28. 2004당1939호 사건에 관하여 한 심결을 취소한다.",
            "소송비용은 피고의 부담으로 한다."
        ]
    },
    "mentionedItems": {
        "rqestObjet": [
            "특허심판원이 2005. 2. 28. 2004당1939호 사건에 관하여 한 심결을 취소한다.",
            "소송비용은 피고의 부담으로 한다."
        ]
    },
    "assrs": {
        "acusrAssrs": [],
        "dedatAssrs": []
    },
    "facts": {
        "bsisFacts": [
            "피고의 이 사건 특허발명{등록번호 제187566호, 1991. 8. 19. 출원(우선권주장일 1990. 8. 20.), 1999. 1. 5. 등록}은 안경재료 또는 광디스크, 광섬유, 프리즘 등을 위한 광학재료로서 사용될 수 있는 알릴에스테르 올리고머 조성물 및 광학재료로서 용도에 가치 있는 비교적 높은 굴절률과 높은 내충격성을 가진 유기글라스에 관한 것이다",
            "발명의 명칭이 '알릴에스테르 올리고머 조성물 및 이들로 이루어진 광학재료용 유기글라스'이다",
            "그 특허청구범위( 특허심판원의 2004. 7. 28.자 2003당2378호심결에 의하여 정정되었고, 그 심결은 같은 해 8. 4. 확정되었다)는 별지 2 기재와 같다",
            "피고는 이 사건 특허발명의 최초 명세서의 특허청구범위(별지 1)를 별지 2 기재와 같이 정정하여 달라는 정정심판을 청구하였고, 특허심판원은 이를 2003당2378호로 심리하여, 2004. 7. 28. 위 정정심판청구는 특허청구범위를 축소하는 것이고, ",
            "그로 인하여 새로운 목적, 기술적 구성 및 효과가 부가 또는 삭제되는 것으로 볼 수 없어 특허청구범위를 실질적으로 확장 또는 변경하는것으로 볼 수 없다",
            "정정 후 특허청구범위에 기재된 사항이 특허출원시 특허받을 수 없는 것으로 볼 수 없다는 이유로 이 사건특허발명의 명세서를 별지 2 기재 특허청구범위와 같이 정정한다는 심결을 하였고, 위 심결은 같은 해 8. 4. 확정되었다.",
            "원고는 피고를 상대로, 이 사건 특허발명의 명세서의 정정은 특허청구범위를 실질적으로 확장하는 것이고, 정정 후의 특허청구범위는 그 실시가 불가능한 것이며, 비교대상발명 1, 2에 의하여 신규성 내지 진보성도 결여된 것이므로, ",
            "위 정정이 무효로 되어야한다는 이유를 들어 정정무효심판을 청구하였고, 특허심판원은 이를 2004당1939호로 심리하여, 2005. 2. 28. 아래와 같은이유로 원고의 심판청구를 기각하는 이 사건 심결을 하였다."
        ]
    },
    "dcss": {
        "courtDcss": [
            "앞서 본 정정 심결에 의한 정정의 요지는, 이 사건 제1항 발명의 특허청구범위 중 (a)성분을 '말단에 결합된 알릴기 및 하기 구조식I 내지 III으로 표시되는 적어도 하나의 반복단위를 갖는 알릴에스테로 올리고머'로 정정하고, (c)성분을 삭제하며, 조성물의 점도 범위를 \"200~50,000cP\"에서\"200~5,000cP\"으로 정정하고, 특허청구범위 제2 내지 6, 10항을 삭제하는 것이다",
            "그 중 정정사항 ①은 (a)성분인 '알릴에스테르 올리고머'의 앞에 '말단에 결합된 알릴기 및 하기 구조식 I 내지 III으로 표시되는 적어도 하나의 반복단위를 갖는'이라는 한정사항을 추가하는 것이다",
            "정정 전후의 특허청구범위만을 기준으로 할 때 위 정정은 알릴에스테르의 말단구조와 그 반복단위를 더 구체화함으로써 포괄적으로 기재된 상위개념을 구체적인 화학구조를 갖는하위개념으로 감축한 것이라 할 것이므로, 정정사항 ①은 형식상 특허청구범위의 감축에 해당한다고 할 것이다",
            "정정사항 ②는 (c)성분을 삭제하는 것인바, 정정 전의 이 사건 제1항 발명은 (c)성분에 관하여 \"비닐 벤조에이트, 알릴벤조에이트,페틸(메타)아크릴레이트 및 벤질(메타)아크릴레이트 중에서 선택된 적어도 한가지의 일관능 중합성 모노머 40중량%까지\"라고 기재하고 있을 뿐 ",
            "그 하한선에 관하여 특별한 기재가 없어 (c)성분이 반드시 필요한 필수적 구성성분인지 여부가 외견상 불분명하다",
            "정정 전의 이 사건 제1항 발명에 있어서 (c)성분이 전체 조성물의 구성에 반드시 필요한 필수성분이라면 (c)성분의삭제는 구성요소의 삭제로서 특허청구범위의 확대에 해당할 것이나, 만일 (c)성분이 필요에 따라 선택될 수 있는 임의의 구성성분이라면 이는 택일적인 발명의 일부를 삭제한 것이 되므로 특허청구범위의 감축으로 볼 수 있을 것이다.",
            "정정 전의 이 사건 제1항 발명의 특허청구범위에는 (c)성분이 (a), (b)성분과 함께 병렬적으로 기재되어 있으면서도 상한과 하한이모두 특정된 (a), (b)성분과는 달리 '40중량%까지'라고만 기재되어 있어 그 상한만 특정되어 있을 뿐 하한에 관하여는 아무런 한정이 없다",
            "정정 전의 이사건 제1항 발명에서 '40중량%까지'로 기재되어 있는 (c)성분은 전체 조성물에 전혀 배합되지 않은 0중량%이거나 또는 배합되어 지더라도 최대 40중량%까지 포함될 수 있는 임의의 선택적인 구성성분으로 보아야 할 것이다",
            "결국 정정 전의 이 사건제1항 발명은 (a), (b)성분으로만 이루어진 조성물 및 (a), (b), (c)성분으로 이루어진 조성물의 2가지의 택일적인 형태의 발명이 모두 포함된 것으로 해석하여야 할 것이고, 따라서 임의의 구성성분인 (c)성분을 삭제하는 정정사항 ②는 택일적인 발명의 일부를 삭제한 것으로서 특허청구범위의 감축에 해당한다고 할 것이다",
            "또한 정정사항 ③은 조성물의 점도 범위를 '200~50,000cP'에서 '200~5,000cP'으로 줄인 것임이 수치상 명백하므로, 특허청구범위의 감축에 해당하고, 정정사항 ④는 종속항인 특허청구범위 제2 내지 6, 10항을 모두 삭제하는 것이므로, 특허청구범위의감축으로 볼 수 있다",
            "따라서 정정 심결에 의한 이 사건 특허발명의 명세서의 정정사항들은 모두 일응 구 특허법 제136조 제1항 제1호의 특허청구범위를감축하는 경우에 해당한다고 할 것이다",
            "특허청구의 범위를 확장하거나 변경하는 경우에 해당하는지 여부를 판단함에 있어서는 특허청구의 범위 자체의 형식적인 기재만을 가지고 대비할 것이 아니다",
            "발명의 상세한 설명을 포함하여 명세서 전체 내용과 관련하여 실질적으로 대비하여 그 확장이나 변경에 해당하는지 그리고 이와 같이 정정되는 경우 특허의 요건에 해당되고 특허출원 당시 특허를 받을 수 있는 것인지 여부를판단하는 것이 합리적이라 할 것이다 대법원 2001. 12. 11. 선고 99후2815 판결 참조), ",
            "정 전의 명세서에 전혀 개시되어 있지 않고 또 그 명세서상 자명하다고 볼 수도 없는 기술적 사항을 특허청구범위에 새로 포함시키는 정정은 정정의 기회를 편승하여 새로이 발명을 만들어 내는 것으로서 특허청구범위를 실질적으로 확장하거나 변경하는 경우에 해당한다고 할 것이다",
            "정정전의 특허청구범위에 기재된 상위개념을 하위개념으로 감축하는 정정의 경우 정정 전후의 특허청구범위만을 기준으로 한다면형식적으로는 특허청구범위의 감축에 해당하더라도 만일 그 하위개념이 정정 전의 특허발명의 명세서에 전혀 개시되어 있지 않다",
            "그 명세서상 자명하다고 볼 수도 없는 경우에는 그 정정은 정정 전의 상위개념 중 최초 명세서에 의해 뒷받침되지 않는 부분을 정정에 의해 추가하는 것으로서 특허청구범위를 실질적으로 확장하거나 변경하는 경우에 해당한다고 할 것이다",
            "정정 전의 이 사건 특허발명의 발명의 상세한 설명에는 (a)성분을 구조식 I의 반복단위를 갖는 알릴에스테르 올리고머(㉮), 구조식 II의 반복단위를 갖는 알릴에스테르 올리고머(㉯), 구조식 III의 반복단위를 갖는 알릴에스테르 올리고머(㉰) 등 3가지 유형의 올리고머에 관한 것만 개시되어 있다고 할 것이다",
            "따라서 정정사항 ①에 의하여 정정 후의 이 사건 제1항 발명의 (a)성분에 새로 포함된 ㉱ 내지 ㉴ 등 4가지 유형의 알릴에스테르 올리고머는 비록 정정 전의 (a)성분인 알릴에스테르 올리고머에 포함되는 하위개념이라 하더라도 그것이 정정 전의 이 사건 특허발명의 명세서에 전혀 개시되어 있지 않던 것이고 또 명세서상 자명하다고 볼 수도 없다",
            "결국 정정사항 ①은 정전 전의 상위개념 중 최초 명세서에 의해 뒷받침되지 않는 부분을 정정에 의해 새로 추가하는 것으로서 이 사건 제1항 발명의 특허청구범위를 실질적으로 확장하거나 변경하는 경우에 해당한다고 할 것이다",
            "따라서 특정한 형태(㉱ 내지 ㉴)의 올리고머가 포함된 조성물을 청구하고 있는 이 사건 특허발명의 명세서 중 발명의 상세한 설명에는 당해 기술분야에서 통상의 지식을 가진 자가 특수한 지식을 부가하지 않고서도",
            "정정 후의 이 사건 제1항 발명 및 이를 인용하고 있는 종속항인 이 사건 제7~9, 11~14항 발명을 이해하고 과도한 시행착오 없이 그 발명을 재현할 수 있을 정도로 위 특정한 형태의 올리고머의 출발물질, 반응조건 및 제조공정 등 그 제조방법을 구체적으로 기재하여야 한다",
            "그럼에도 불구하고 이사건 특허발명의 발명의 상세한 설명에는 위 특정한 형태의 올리고머의 제조방법 내지 제조 실시예에 관하여 아무런 기재가 없으므로, 위 발명의 상세한 설명은 이 사건 특허발명이 속하는 기술분야에서 통상의 지식을 가진 자가 그 기재만으로 이를 용이하게 실시할 수 있을 정도로 발명의 목적·구성 및 효과를 기재하지 않았다고 보아야 할 것이다",
            "또한 정정 후의 이 사건 제1항발명 및 이를 인용하고 있는 종속항인 이 사건 제7~9, 11~14항 발명의 특허청구범위는 그 조성물의 하나인 (a)성분 중 특정한 형태(㉱ 내지 ㉴)의 알릴에스테르 올리고머에 관하여 명세서의 발명의 상세한 설명에 의하여 뒷받침되지 않는 것으로서 그 특허청구범위의 기재가 불비하다고 할 것이다",
            "정정 후의 이 사건 특허발명은 그 명세서 중 발명의 상세한 설명 및 특허청구범위의 기재가 구 특허법 제42조 제3항, 제4항에 위배되는 이상, 정정 후의 이 사건 특허발명은 그 실시불가능 여부, 나머지 기재불비의 존부 및 신규성 내지 진보성 유무등에 관하여 더 나아가 살필 필요 없이 특허출원시 특허를 받을 수 없는 경우에 해당한다고 할 것이다.",
            "결국 이 사건 특허발명의 명세서의 정정은 일응 구 특허법 제42조 제1항 제1호의 특허청구범위의 감축하는 경우에 해당한다고할 것이나, 실질적으로는 그 특허청구범위를 확장하거나 변경하는 경우에 해당할 뿐만 아니라, ",
            "정정 후의 이 사건 특허발명은그 명세서의 상세한 설명 및 특허청구범위에 기재불비가 있어 특허출원시 특허를 받을 수 없는 경우에 해당한다고 할 것이다",
            "위 정정은 구 특허법 제136조 제2항, 제3항에 위배되는 것으로서 허용될 수 없다고 할 것인바, 이와 결론을 달리 한 이 사건심결은 위법하다."
        ]
    },
    "close": {
        "cnclsns": [
            "이 사건 심결은 위법하므로 이를 취소하기로 한다",
            "특허심판원이 2005. 2. 28. 2004당1939호 사건에 관하여 한 심결을 취소한다.",
            "소송비용은 피고의 부담으로 한다."
        ]
    }
}