{
    "info": {
        "caseField": "3",
        "detailField": "5",
        "trailField": "1",
        "caseNm": "유족급여등부지급처분취소",
        "courtNm": "서울행법",
        "judmnAdjuDe": "2006. 08. 08.",
        "caseNo": "2005구합34701",
        "relateLaword": [
            "산업재해보상보험법 제4조 "
        ],
        "qotatPrcdnt": []
    },
    "concerned": {
        "acusr": "1",
        "dedat": "3"
    },
    "org": {
        "orgJdgmnCourtNm": "",
        "orgJdgmnAdjuDe": "",
        "orgJdgmnCaseNo": ""
    },
    "disposal": {
        "disposalform": "10",
        "disposalcontent": [
            "피고가 2005. 8. 3. 원고에 대하여 한 유족급여 및 장의비 부지급처분을 취소한다.",
            "소송비용은 피고가 부담한다."
        ]
    },
    "mentionedItems": {
        "rqestObjet": [
            "피고가 2005. 8. 3. 원고에 대하여 한 유족급여 및 장의비 부지급처분을 취소한다.",
            "소송비용은 피고가 부담한다."
        ]
    },
    "assrs": {
        "acusrAssrs": [
            "망인은 사업주인 소외 회사가 소속 근로자의 숙소로 사용하기 위하여 소외 회사의 비용부담하에 제공된 203호에서 잠을 자다가 그곳의 창문이 낮게 설치되어 있었음에도 추락방지시설 등이 없는 바람에 창문을 통해 주차장 바닥으로 추락하여 사망하였다.",
            "망인의 사망은 사업주가 관리하고 있는 시설의 결함 또는 사업주의 시설관리 소홀로 인하여 발생한 업무상 재해에 해당함에도, 이와 다른 전제에서 망인의 사망이 업무상 재해에 해당하지 아니한다는 이유로 원고의 청구를 거부한 피고의 이 사건 처분은 위법하다"
        ],
        "dedatAssrs": []
    },
    "facts": {
        "bsisFacts": [
            "원고의 남편인 망 소외 1(1967. 2. 4.생, 사망 당시 38세 5개월, 이하 '망인' 이라 한다)는 000(이하 '소외회사' 라 한다)에서 일용근로자로 근무하던 중 2003. 7. 4. 밤에 소외 회사에서 숙소로 제공한 0000에 있는(숙소명 생략) 203호(이하 '203호' 라 한다)에 투숙하여 잠을 자던 중이었다",
            "2005. 7. 5. 04:38경 위 203호 아래에 있는 주차장 바닥에서 선행사인 다발성 늑골골절, 안면골 골절로 사망한 채로 발견되었다",
            "이에 원고는 망인이 낮게 설치된 203호의 창문 때문에 주차장 바닥으로 떨어져 사망하였으므로 망인의 사망은 업무상 재해에해당한다는 이유로 2005. 7. 13. 피고에게 유족급여 및 장의비 지급을 청구하였으나, 피고는 2005. 8. 3. 원고에게 망인이업무상 또는 작업 중에 사망하지 아니하였다.",
            "사업주가 관리하고 있는 시설의 결함 또는 사업주의 시설관리 소홀, 기타 행사 중에 발생한 재해가 아니라는 이유로 원고의 청구를 거부하는 이 사건 처분을 하였다."
        ]
    },
    "dcss": {
        "courtDcss": [
            "망인은 추락방지시설을 갖추지 못한 203호의 창문 때문에 추락사하였을 것으로 추단된다",
            "한편, 산업재해보상보험법 시행규칙 제35조 제2항에서 작업시간외 사고에 대하여 사업주가 관리하고 있는 시설의 결함 또는사업주의 시설관리 소홀로 인하여 재해가 발생한 경우 에 해당하여야 비로소 업무상 재해로 인정한다고 규정하고 있다 하더라도, 위 조항은 그 성질 및 내용으로 보아 행정청 내부의 사무처리준칙을 정하고 있는 것에 불과하여 대외적으로 일반 국민이나법원을 기속하는 효력이 없는 것이다",
            "위 조항에서의 사업주가 관리하고 있는 시설의 결함 또는 사업주의 시설관리소홀 은 민법상의 공작물의 설치 또는 보존상의 하자로 인한 책임과 같은 것으로 볼 것은 아니고, 근로자의 보호에 이바지함을목적으로 하는 산업재해보상보험법의 목적에 비추어 이를 넓게 해석하여야 할 것이다.",
            "따라서 사업주가 근로자에게 시설물을 제공하는 경우라면, 비록 이를 임차하여 제공하는 것이어서 그에게 공작물 설치,보존등의 책임이 없는 경우라고 하더라도, 사업주로서는 해당 시설물을 미리 점검하여 그것이 안전성을 갖추지 못한 상태에 있을 경우 시설물의 관리주체에게 그 시정을 요구하였다.",
            "만일 그 시설물의 관리주체가 이에 응하지 아니할 경우에는 안전한 다른 시설을 마련하여 근로자에게 제공할 의무가 있다 할 것이므로, 사업주가 이러한 주의의무를 게을리하였다면 사업주가 관리하고 있는 시설의 결함 또는 사업주의 시설관리 소홀 에 해당하는 것으로 해석하여야 할 것이다",
            "3) 이 사건에서 망인은 사업주인 소외 회사가 제공한 203호에서 잠을 자다가 앞서 인정한 바와 같은 경위로 추락사한 것으로 추단되므로, 이는 사업주가 관리하고 있는 시설의 결함 또는 시설관리 소홀로 인하여 재해가 발생한 경우에 해당한다 할 것이다. 따라서 망인의 사망은 업무상 사유로 인하여 발생한 재해에 해당한다 할 것임에도, 이와 다른 전제에서 원고의 유족급여 및 장의비 청구를 거부한 피고의 이 사건 처분은 위법하다"
        ]
    },
    "close": {
        "cnclsns": [
            "그렇다면 원고의 이 사건 청구는 이유 있으므로 이를 인용하기로 한다",
            "피고가 2005. 8. 3. 원고에 대하여 한 유족급여 및 장의비 부지급처분을 취소한다.",
            "소송비용은 피고가 부담한다."
        ]
    }
}