{
    "info": {
        "caseField": "3",
        "detailField": "5",
        "trailField": "1",
        "caseNm": "건축허가신청불허가처분취소",
        "courtNm": "창원지법",
        "judmnAdjuDe": "2006. 02. 09.",
        "caseNo": "2005구합676",
        "relateLaword": [
            "건축법 제4조",
            "구 건축법 시행령(2005. 7. 18. 대통령령 제18951호로 개정되기 전의 것) 제5조",
            "행정소송법 제2조",
            "환경,교통,재해 등에 관한 영향평가법 제17조",
            "환경,교통,재해 등에 관한 영향평가법 제20조",
            "환경,교통,재해 등에 관한 영향평가법 제21조",
            "환경,교통,재해 등에 관한 영향평가법 제26조"
        ],
        "qotatPrcdnt": [
            "대법원 2003. 9. 23. 선고 2001두10936 판결",
            "대법원 2003. 11. 28. 선고 2003두674 판결",
            "대법원 1992. 5. 8. 선고 91누13274 판결",
            "대법원 1992. 9. 25. 선고 91누13083 판결"
        ]
    },
    "concerned": {
        "acusr": "2",
        "dedat": "3"
    },
    "org": {
        "orgJdgmnCourtNm": "",
        "orgJdgmnAdjuDe": "",
        "orgJdgmnCaseNo": ""
    },
    "disposal": {
        "disposalform": "10",
        "disposalcontent": [
            "피고가 2004. 7. 23. 원고에 대하여 한 0000 000 신축공사에 대한 건축심의불가처분을 취소한다.",
            "소송비용은 피고의 부담으로 한다."
        ]
    },
    "mentionedItems": {
        "rqestObjet": [
            "피고가 2004. 7. 23. 원고에 대하여 한 0000 000 신축공사에 대한 건축심의불가처분을 취소한다.",
            "소송비용은 피고의 부담으로 한다."
        ]
    },
    "assrs": {
        "acusrAssrs": [
            "행정청은 당사자에게 의무를 과하거나 권익을 제한하는 처분을 하는 경우에는 처분의 내용 등에 관하여 당사자에게 사전통지를 하고( 행정절차법 제21조 제1항 참조) 의견제출의 기회를 주어야 함에도( 행정절차법 제22조 제3항 참조) 피고는 이 사건처분을 함에 있어서 이러한 절차를 거치지 아니한 위법이 있다.",
            "(나) 건축심의신청이 있는 경우 허가권자인 피고로서는 건축심의에 회부하여야 할 의무가 있을 뿐 건축심의에 회부할 것인지 여부를 결정할 수 있는 권한이 있는 것은 아니고, 피고에게 건축심의에 회부할 것인지 여부를 결정할 수 있는 재량이 있다.",
            "① 교통영향평가 협의내용의 이행은 사업완료시까지 이행하면 되고 건축심의를 받기 위해서 교통영향평가 협의내용을 미리 이행하여야 하는 것은 아니므로 교통영향평가 협의 내용을 이행하지 아니하였다는 이유로 건축심의를 반려할 수 없고, ② 원고는 지하입체 횡단보도를 설치하는 것을 조건으로 교통영향평가를 마친 사실이 있다.",
            "피고는 이 사건 건축물로 인하여 교통체증이 가중된다는 이유로 건축허가 또는 건축심의를 거부할 수 없다.",
            "③ 시의회와 시민 등의 집단민원 발생이 예상된다거나 소규모 영세상인의 도산우려가 있다는 사유는 건축심의 내지 건축허가를 거부할 정당한 사유가 될 수 없으므로, 이 사건 처분은 위법하다.",
            "(다) 가사 그렇지 않다고 하더라도, 피고는 인근의 롯데백화점과 이마트 창원점에 대하여는 건축을 허가한 사실이 있음에도 이사건 건축물에 대하여는 이를 허가할 수 없다는 입장을 취하고 있어 평등의 원칙에 반하는 점, 피고의 이 사건 처분은 이 사건건축물의 신축에 대하여 이해관계가 있는 자들이 제기한 민원을 무마시키기 위한 것인 점 등에 비추어 보면, 피고의 이 사건 처분에는 재량권을 일탈·남용한 위법이 있다."
        ],
        "dedatAssrs": [
            "피고는 이 사건 처분은 권리의 설정 또는 의무의 부담을 명하거나 기타 법률상의 효과를 직접 발생하게 하는 등 국민의 권리·의무에 직접 관계가 있는 행위가 아닐 뿐 아니라 원고에게는 건축심의를 신청할 법규상 또는 조리상의 신청권이 존재한다고 할 수도 없으므로, 이 사건 처분은 취소소송의 대상이 되는 처분이라 할 수 없어 그 취소를 구하는 이 사건 소는 부적법하다고 주장한다.",
            "(가) 건축허가 및 건축허가를 위한 사전단계인 건축심의는 수익적 행정행위에 해당하므로 침익적 행정행위를 하는 경우와는 달리 반드시 사전통지나 의견제출의 기회를 제공하여야 하는 것은 아니다.",
            "(나) 피고는 건축심의신청이 있는 경우 반드시 건축심의에 회부하여야 하는 것은 아니고 이를 거부할 재량이 있는데, 원고는 건축심의신청을 함에 있어서 교통영향평가의 협의내용을 이행하지 않았을 뿐 아니라, 법령상의 장애 등으로 인하여 창원광장 주변에 지하입체 횡단보도를 설치하는 것이 불가능하다.",
            "피고는 이를 이유로 건축심의신청을 거부할 수 있고, 또한 이 사건 건축물이 건축될 경우 교통체증이 가중되고 시민 등의 집단민원 발생과 소규모 영세상인의 도산 우려가 있으므로 이 사건 건축물에대한 건축허가는 불가하고 따라서 피고는 건축허가신청의 전단계인 건축심의단계에서 건축심의를 반려할 수 있다."
        ]
    },
    "facts": {
        "bsisFacts": [
            "원고는 창원시 중앙동 92 지상에 지상 7층, 지하 2층 연면적 55,956.99㎡ 규모의 롯데마트 창원점(이하 ‘이 사건 건축물’이라한다)을 신축하기 위하여 교통영향평가 등의 절차를 거친 후 2004. 6. 7. 피고에게 건축심의를 신청하였다(이하 ‘이 사건 신청’이라 한다).",
            "피고는 2004. 7. 23. ① 경상남도 교통영향심의위원회의 심의결과인 ‘사업지 남측 중앙로에 지하입체 횡단보도(장애자 등 교통약자 시설 포함)를 개설하고 개설조건 등은 창원시와 협의할 것’이라는 협의 내용에 관하여 사업시행자인 원고가 구체적인사업계획을 수립하여 사업시행 가능 여부를 피고와 협의하여야 함에도 이를 이행하지 않았다.",
            "② 창원광장을 중심으로 대형할인점이 집단화되어 있는 상태에서 추가 대형할인점이 입점할 경우 도심의 교통체증이 가중되고 입점계획에 따른 시의회 반대건의문 채택과 시민 등 집단민원 발생이 예상되며 소규모 영세상인의 도산우려가 있다는 이유로 이 사건 신청을 반려하였다(이하‘이 사건 처분’이라 한다).",
            "원고는 2004. 10. 12. 이 사건 처분의 취소를 구하는 행정심판을 청구하였으나, 경상남도지사는 2004. 12. 10. 경상남도 행정심판위원회의 의결내용에 따라 청구를 기각하는 재결을 하였다."
        ]
    },
    "dcss": {
        "courtDcss": [
            "행정절차법 제21조 제1항은 행정청은 당사자에게 의무를 과하거나 권익을 제한하는 처분을 하는 경우에는 미리 처분의 제목, 당사자의 성명 또는 명칭과 주소, 처분하고자 하는 원인이 되는 사실과 처분의 내용 및 법적 근거, 그에 대하여 의견을 제출할 수 있다는 뜻과 의견을 제출하지 아니하는 경우의 처리방법, 의견제출기관의 명칭과 주소, 의견제출기한 등을 당사자 등에게 통지하도록 하고 있다.",
            "같은 법 제22조 제3항은 행정청이 당사자에게 의무를 과하거나 권익을 제한하는 처분을 함에 있어서 청문을실시하거나 공청회를 개최하는 경우 외에는 당사자등에게 의견제출의 기회를 주도록 하고 있다.",
            "신청에 따른 처분이 이루어지지 아니한 경우에는 아직 당사자에게 권익이 부과되지 아니하였으므로 특별한 사정이 없는 한 신청에 대한 거부처분이라고하더라도 직접 당사자의 권익을 제한하는 것은 아니어서 신청에 대한 거부처분을 여기에서 말하는 ‘당사자의 권익을 제한하는처분’에 해당한다고 할 수 없는 것이다.",
            "처분의 사전통지대상이 된다거나 의견제출 등의 기회를 주어야 한다고 할 수는 없으므로( 대법원 2003. 11. 28. 선고 2003두674 판결 참조), 원고의 이 부분 주장은 이유 없다.",
            "해당 건축물에 대한 건축허가가 객관적으로 명백히 불가능하다는 등의 사정이 있다면 해당 건축물에 대한 건축심의는 불필요하므로 허가권자인 피고로서는 사전에 이를 반려할필요성이 있다고 할 것이므로 원고의 이 부분 주장은 이유 없고, 따라서 나아가 피고의 이 사건 처분 사유가 적법한 것인지에 관하여 본다.",
            "승인기관의 장인 피고로서는 협의내용의 이행 여부를 확인하여야 하고, 원고가 협의내용을이행하지 아니한 때에는 그 이행을 위하여 필요한 조치를 명할 수 있다고 할 것이나( 환경·교통·재해 등에 관한 영향평가법 제26조 제1항, 제3항 참조), 승인기관의 장은 사업계획 등에 대하여 승인 등을 하고자 하는 때에는 협의내용이 사업계획 등에 반영되었는지의 여부를 확인하여, 협의내용이 반영되지 아니한 때에는 이를 반영하도록 되어 있다.",
            "사업자는 대상사업을 시행함에 있어서 사업계획 등에 반영된 협의내용을 이행하도록 되어 있을 뿐이고( 같은 법 제25조 제1항 참조), 위에서 본 바와 같은 건축심의의 성격, 대상 등에 비추어 보면 건축심의 이전에 위 협의 내용이 이행되어야만 하는것은 아니므로 원고가 단순히 교통영향평가의 협의내용을 이행하지 않았다는 그 이유만으로 건축심의신청을 반려할 수는 없다고 할 것이다.",
            "승인기관의 장인 피고는 통보받은 협의내용에 대하여 이의가 있는 때에는 평가서협의기관장에게 이의를 신청할 수 있기는 하나( 환경·교통·재해 등에 관한 영향평가법 제22조 제1항) 피고가협의내용에 대하여 이의를 신청한 사실은 없다.",
            "따라서 피고는 협의내용을 지체 없이 사업자인 원고에게 통보하여 협의내용에따른 필요한 조치를 하여야 하고( 같은 법 제20조 제4항), 사업계획 등에 대하여 승인 등을 하고자 하는 때에는 협의내용이 사업계획 등에 반영되었는지의 여부를 확인하여 협의내용이 반영되지 아니한 때에는 이를 반영하도록 하여야 한다.",
            "임의내용의 이행 여부를 확인하여 원고가 협의내용을 이행하지 아니한 때에는 그 이행을 위하여 필요한 조치를명하여야 하는 등으로( 같은 법 제26조 제1항, 제3항) 협의내용의 이행을 관리·감독할 의무가 있다.",
            "그러므로 법률상 장애 등으로인하여 협의내용의 이행이 불가능하다는 등의 특별한 사정이 없는 이상 협의내용의 이행을 관리·감독할 의무가 있는 피고가 그스스로 협의내용의 이행을 거부하는 것은 허용될 수 없다고 봄이 상당하다.",
            "따라서 피고가 그 자유재량에 의하여 교통영향평가협의내용인 지하입체 횡단보도의 설치를 거부할 수 있음을 전제로 한 이 부분 처분사유는 이유 없다.",
            "지하공공보도시설의 결정·구조 및 설치기준에 관한 규칙은 2005. 10. 7. 공포되어 같은 날부터 시행되므로( 같은 규칙 부칙 제1조 참조) 이 사건에 적용될 수 없는 것이다.",
            "뿐만 아니라 가사 위 규칙이 그대로 적용된다고 하더라도 지상의 평면횡단보도에 대체하여 단순히 보행인의 통행에 제공할 목적으로 설치하는 지하횡단보도는 도시관리계획으로 결정한 후 이에 따라 설치하여야 할 지하공공보도시설에는 포함되지 아니하므로( 같은 규칙 제2조 제1호, 제2호단서 참조) 피고의 이 부분 처분사유도 이유 없다.",
            "이러한 계획이 있다고 하여 곧바로 위 계획이 확정적으로 실행되는 것은 아니고, 위 같은 증거와 갑6호증의 기재에 의하면, 창원시도시기본계획은 경상남도지사가 건설교통부장관의 승인을 얻어 결정한 것이고, 경상남도 교통영향심의위원회의 심의 당시 지하차도 및 지하주차장 설치 계획이 포함된 창원시 지구단위계획안이 제출되었다.",
            "경상남도 교통영향심의위원회는 피고 주장과같은 내용의 계획이 있음을 잘 알면서 지하입체 횡단보도가 이와 모순되지 않게 설치될 수 있다고 판단하여 위와 같이 조건부가결을 한 사실을 각 인정할 수 있다.",
            "달리 이 사건 지하입체 횡단보도 설치가 위 계획과 모순·저촉될 수밖에 없다고 볼 증거가부족하며, 구체적인 지하입체 횡단보도 설치방법은 원고와 피고가 충분히 협의할 수 있으므로, 피고의 이 부분 처분 사유 역시 이유 없다.",
            "이러한 교통영향평가의 내용이 객관적으로명백히 부당한 것으로 볼 증거도 부족하므로, 교통영향평가의 협의내용인 지하입체 횡단보도의 설치가 가능한 이상 이 사건 건축물로 인하여 교통체증이 가중되어 건축허가가 불가함을 전제로 한 이 부분 처분 사유 역시 이유 없다.",
            "시민 등의 집단민원 발생이 예상된다거나 소규모 영세상인의 도산우려가 있다는 사유만으로는 이 사건 건축물에 대한 건축허가가 불가하다고 할 수는 없으므로( 대법원 1992. 5. 8. 선고 91누13274 판결, 1992. 9. 25. 선고 91누13083 판결 등참조) 이 부분 처분 사유 역시 이유 없다.."
        ]
    },
    "close": {
        "cnclsns": [
            "그렇다면 원고의 이 사건 청구는 이유 있으므로 이를 인용하기로 한다.",
            "피고가 2004. 7. 23. 원고에 대하여 한 창원시 중앙동 92 지상 롯데마트 창원점 신축공사에 대한 건축심의불가처분을 취소한다.",
            "소송비용은 피고의 부담으로 한다."
        ]
    }
}