{
    "info": {
        "caseField": "3",
        "detailField": "5",
        "trailField": "1",
        "caseNm": "유족보상및장의비부지급처분취소",
        "courtNm": "서울행법",
        "judmnAdjuDe": "2006. 09. 05.",
        "caseNo": "2005구합41150",
        "relateLaword": [
            "산업재해보상보험법 제4조"
        ],
        "qotatPrcdnt": []
    },
    "concerned": {
        "acusr": "1",
        "dedat": "3"
    },
    "org": {
        "orgJdgmnCourtNm": "",
        "orgJdgmnAdjuDe": "",
        "orgJdgmnCaseNo": ""
    },
    "disposal": {
        "disposalform": "10",
        "disposalcontent": [
            "피고가 2005. 7. 5. 원고에 대하여 한 유족급여 및 장의비 부지급처분을 취소한다.",
            "소송비용은 피고가 부담한다.",
            "망인의 사망은 업무수행과 상당인과관계가 있다고 할 것이어서 업무상 재해에 해당한다 할 것임에도, 피고가 이와 달리망인의 사망이 업무상 재해에 해당하지 아니한다는 이유로 이 사건 처분을 한 것은 위법하다. "
        ]
    },
    "mentionedItems": {
        "rqestObjet": [
            "피고가 2005. 7. 5. 원고에 대하여 한 유족급여 및 장의비 부지급처분을 취소한다.",
            "소송비용은 피고가 부담한다."
        ]
    },
    "assrs": {
        "acusrAssrs": [
            "망인은 도장 1팀장의 지시에 따라 파트장인 소외 1의 주관하에 선주 측의 감독관을 접대하고 아울러 실무책임자와 협력업체 직원들의 노고를 위로하기 위하여 마련된 회식자리에 참석하였다가 다량의 술을 마신 상태에서 소변을 보고 집으로 전화도 걸기 위하여 0 단란주점에서 나와 그곳에서 50m 떨어진 골목길 안으로 들어간 다음 소변을 보기 위하여 바지춤을 내리려고 하다가 1, 2차 회식에서 마신 술로 인해 몸의 중심을 잃었다.",
            "높이 40~50㎝ 정도의 가정집 담장 너머 아래로 추락하는 바람에 사망하였는바, 선주 측의 감독관을 접대하기 위한 위 회식은 소외 회사의 업무의 원활한 진행을 위해 반드시 필요하였던 점, 그 비용도모두 소외 회사의 업무추진비로 보전되었다.",
            "망인의 참석도 상사의 지시에 의해 이루어졌던 점 등에 비추어 망인이 참석한1, 2차 회식은 소외 회사의 업무수행의 하나로 이루어진 것으로서 그와 같은 업무수행 과정에서 발생한 망인의 사망은 업무상재해에 해당함에도 불구하고, 이와 달리 망인의 사망과 업무 사이에 인과관계가 없다는 이유로 원고의 청구를 거부한 이 사건처분은 위법하다"
        ],
        "dedatAssrs": []
    },
    "facts": {
        "bsisFacts": [
            "원고의 남편인 망 (이름 생략)(1966. 8. 30.생, 사망 당시 38세 6개월, 이하 망인 이라 한다)은 000(이하 소외 회사 라 한다)에서 도장 1팀 과장으로 재직하던 사람으로서 2005. 3. 21. 21:00경 팀장의 지시로 파트장인 소외1의 주관하에 실시된 1차 회식에 이어 0 단란주점 에서 가진 2차 회식에 참석하였다.",
            "여흥을 즐기던 중 2차 회식이 끝날 무렵 보이지 않다가 그 다음 날 회사 동료직원에 의해 회식장소에서 48m 정도 떨어진 골목길 안에 설치되어 있는 가정집 담장 너머 아래로 추락하여 사망한 채로 발견되었고, 부검결과 망인은 복부손상에 의한 하대정맥파열로 사망한 것으로 추정되었다",
            "이에 원고는 2005. 5. 11. 피고에게 망인이 소외 회사의 회식 중에 사망하여 업무상 재해에 해당한다는 이유로 유족급여 및 장의비를 청구하였으나, 피고는 2005. 7. 5. 원고에게 회식비용은 팀의 운영비로 지출하였을 뿐 회식에 대한 품의서나 소외 회사가 지출한 경비가 없다.",
            "참석 여부가 강제되지 아니하여 행사 중 사업주의 지배·관리하에서 일어난 재해로 볼 수 없다는 이유로원고의 청구를 거부하는 이 사건 처분을 하였다(원고는 이 사건 처분에 불복하여 2005. 7. 26. 피고에게 심사청구를 하였으나2005. 9. 22. 기각되어 그 다음 날 그 결정문이 발송되었다)."
        ]
    },
    "dcss": {
        "courtDcss": [
            "(1) 위 인정 사실에서 본 바와 같이 망인이 참석한 1차 회식은 선주 측의 감독관을 접대함과 아울러 선박 건조를 성공리에 수행하고있는 소외 회사의 실무책임자와 협력업체 직원들의 노고를 위로하기 위하여 소외 회사의 도장 1팀장인 소외 2의 지시에 따라이루어졌고, 이후 2차 회식도 접대를 받은 선주 측의 감독관의 제의에 따라 이루어진 것이다.",
            "선주 측 감독관을 접대하는 차원에서 회식을 주관하는 소외 회사의 소외 1로서는 이를 거절하기 어려울 것으로 보이며, 2차 회식의 경비도 도장 1팀에서 관리하고 있는 업무추진비 등에서 지출된 점, 팀장의 지시에 따라 선주 측의 감독관을 접대하고 실무책임자와 협력업체 직원들의 노고를 위로하기 위해 마련된 회식 자리에 과장직책을 맡고 있는 망인이 팀장 또는 파트장의 지시를 거부하고 불참하기란 어려웠을 것으로 보인다.",
            "이러한 점 등에 비추어 망인이 1차 회식은 물론 2차 회식에 참석한 행위는 사업주인 소외 회사가 지배하는 행사에 참여한 것으로서 업무수행에 해당한다 할 것이다.",
            "또한, 앞서 본 바와 같이 망인은 2차 회식의 막바지에 이르러 원고로부터 걸려온 전화를 받은 직후 2차 회식장소에서 보이지 아니하다가 망인의 귀가방향과는 전혀 무관하고 2차 회식장소에서는 약 48m 정도 되는 곳에서 추락하여 사망한 채로 발견되었다",
            "위와 같이 1, 2차 회식에서 망인이 마신 음주의 양과 주취의 정도, 0 단란주점에서 추락한 장소까지의 거리, 추락한 장소의 위치, 2차 회식의 진행 정도, 망인이 보이지 아니한 시점, 망인의 직책, 0 단란주점의 구조, 망인의 정상적인 귀갓길과 추락한 장소와의 방향관계 등 이 사건 변론과정에서 나타난 제반 사정에 비추어 본다.",
            "망인이 2차 회식장소인 0 단란주점에서 나와추락사를 한 장소까지 가게 된 것은 룸과 홀에서 모두 노래를 부를 수 있도록 되어 있는 0 단란주점의 구조상 시끄러운 음악소리 때문에 원고로부터 걸려온 전화를 제대로 받지 못하여 술도 깨고 아울러 원고로부터 걸려온 전화 내용도 확인하기 위하여 밖으로 나와 천천히 걸었다.",
            "때마침 마려운 소변을 보기 위하여 추락한 지점까지 걸어간 후 소변을 보기 위해 자세를 취하다가 1,2차 회식에서 혈중 알코올 농도 0.16%에 이를 정도로 과음을 하여 취한 탓으로 몸을 제대로 가누지 못하는 바람에 중심을 잃고 추락한 것으로 추단된다.",
            "달리 망인이 회식 장소에서 완전히 이탈하여 귀가 중에 있었다고 인정할 만한 자료도 없으므로, 망인은 2차 회식에 참석하던 중 1, 2차 회식에서의 과음으로 인해 추락하여 사망하였다고 봄이 상당하다.",
            "(3) 따라서 망인의 사망은 업무수행과 상당인과관계가 있다고 할 것이어서 업무상 재해에 해당한다 할 것임에도, 피고가 이와 달리망인의 사망이 업무상 재해에 해당하지 아니한다는 이유로 이 사건 처분을 한 것은 위법하다."
        ]
    },
    "close": {
        "cnclsns": [
            "그렇다면 원고의 이 사건 청구는 이유 있으므로 이를 인용하기로 한다.",
            "피고가 2005. 7. 5. 원고에 대하여 한 유족급여 및 장의비 부지급처분을 취소한다.",
            "소송비용은 피고가 부담한다."
        ]
    }
}