{
    "info": {
        "caseField": "3",
        "detailField": "5",
        "trailField": "2",
        "caseNm": "법인세등부과처분취소",
        "courtNm": "서울고등법원",
        "judmnAdjuDe": "2007. 04. 20.",
        "caseNo": "2006누16139",
        "relateLaword": [
            "법인세법 시행령 제89조",
            "상속세 및 증여세법 제63조",
            "법인세법 제24조",
            "법인세법 시행령 제35조",
            "구 외국인투자촉진법(2000. 12. 29. 법률 제6317호로 개정되기 전의것, 이하  구 외촉법 이라 한다) 제2조",
            "외국환거래법 제18조",
            "국제조세 조정에 관한 법률(이하  국조법 이라 한다) 제2조",
            "구 국조법 시행령(2002. 12. 30. 대통령령 제17832호로 개정되기 전의 것, 이하 같다) 제2조",
            "구 국조법(2002. 12. 18. 법률 제6779호로 개정되기 전의 것,이하 같다) 제7조",
            "국제조세 조정에 관한 법률 제4조",
            "국제조세 조정에 관한 법률 제5조",
            "국제조세 조정에 관한 법률 시행령 제4조",
            "국제조세 조정에 관한 법률 시행령 제6조",
            "구 국제조세 조정에 관한 법률 제9조",
            "구 국제조세 조정에 관한 법률 시행령 제15조",
            "구 상속세 및 증여세법 제63조",
            "법인세법 시행령 제88조"
        ],
        "qotatPrcdnt": [
            "대법원 1992. 10. 27. 선고 92누1971 판결",
            "대법원 1997. 11. 14. 선고 97누195 판결",
            "대법원 2003. 5. 30. 선고 2002도235 판결",
            "서울중앙지방법원 2001노9717"
        ]
    },
    "concerned": {
        "acusr": "2",
        "dedat": "3"
    },
    "org": {
        "orgJdgmnCourtNm": "서울행정법원",
        "orgJdgmnAdjuDe": "2006. 6. 15.",
        "orgJdgmnCaseNo": "2003구합35588"
    },
    "disposal": {
        "disposalform": "10",
        "disposalcontent": [
            "이 사건 기록에 나타난 자료만으로는 0 신주 200만 주의 정상가격을 평가할 수 없으므로, 당원으로서는 이 사건에서 정당한 법인세 및 원천징수액을 산정할 수 없어, 결국 이 사건 법인세 부과처분 및 원천징수처분을 모두 취소할 수밖에 없다. 피고의 항소를 기각한다.",
            "항소비용은 피고가 부담한다."
        ]
    },
    "mentionedItems": {
        "rqestObjet": [
            "청구취지 피고가 원고에 대하여 한, 2003. 2. 3.자 2001 사업연도 귀속 법인세 27,302,102,405원의부과처분, 2001년 제1기분 부가가치세 7,122,490원의 부과처분 및 2003. 12. 9.자 2001 사업연도분 원천징수기타소득세19,982,568,110원의 부과처분을 모두 취소한다.",
            "항소취지 제1심 판결 중 피고 패소부분을 취소하고, 위 취소부분에 해당하는원고의 청구를 기각한다."
        ]
    },
    "assrs": {
        "acusrAssrs": [
            "이 사건 비상장법인들은 모두 인터넷 업체이고, 인터넷 업체들의 가치는 그 기업의 장부에 계상된 자산가치만으로 평가할 수 없으며, 시장상황, 성장가능성 등 제반요인을 고려하여 그 가치가 평가되어야 한다.",
            "원고는 이 사건 비상장주식을 취득할 때 그와 같은 제반요인이 참작된 이 사건 비상장주식의 시가로 이를 취득한 것이지, 정상가격을 초과하여 고가로 매입한 것이 아니고, 가사 이 사건 비상장주식의 취득가액이 정상가격을 초과하였다고 하더라도 위 취득가액은 현금매수가 아닌 주식교환의 방법으로 이 사건 비상장법인을 인수하는 과정에서 평가된 금액이어서 그와 같은 금액으로 취득할만한 정당한 사유가 있다고 할 것이다.",
            "어느 모로 보나 법인세법 시행령 제35조 제2호 를 적용하여 정상가격을 산출하여야 할 고가매입에 해당되지 않는다.",
            "법인세법 시행령 제35조 제2호 의 적용대상이 된다고 하더라도, 같은 조에서 ‘시가’를 정하는 방법을 규정하고 있지 아니함에도 부당행위계산부인과 관련된 시가 규정인 같은 시행령 제89조 를 그대로 적용한 것은 위법하며, 가사 같은 시행령 제89조 제2항 제2호 에 따라 구 상증세법 제63조 규정에 의한 보충적 평가방법으로 시가를 평가하는 것이 타당하다고 하더라도, 구체적인 보충적 평가방법의 적용에 위법이 있다.",
            "원고는, 국조법 제4조 에 의한 과세조정은 거주자와 국외특수관계자의 거래를 기본 전제로 하는 것인데, 이 사건 국외거래는 그 실질이 원고와 국조법 소정의 국외특수관계가 없는 000 구주주 사이의 주식교환거래이므로, 실질과세의 원칙에 따라 이 사건 국외거래는 국조법 소정의 과세조정의 대상이 되지 않는다고 주장한다.",
            "원고는, 출자의 납입·환급에 해당하는 자본거래는 원칙적으로 부당행위계산부인의 대상이 되지 아니하는 점 등에 비추어 보면, 국제거래에서의 부당행위계산부인에 상응하는 국조법상의 과세조정 역시 원칙적으로 자본거래를 그 대상에 포함하지 않는다고 할 것이다.",
            "이 사건 국외거래는 원고가 000으로부터 신주 200만 주를 인수하는 자본거래에 해당하게 되어 국조법의 과세조정 대상이 될 수 없고, 가사 과세조정의 대상이 된다고 하더라도 법인세법 시행령 제88조 제1항 제8호 의 ‘주주 등인 법인과 특수관계자인 다른 주주 등’의 거래인 경우에 한하여 과세조정의 대상이 될 수 있다는 취지로 주장한다.",
            "원고는, 자본거래가 국조법상 과세조정의 대상인 국제거래의 범위에 포함된다고 하더라도, 국조법의 과세조정은 국내소득의 국외이전을 방지하기 위한 제도인 점에 비추어 본다.",
            "이 사건의 경우처럼 내국법인인 원고가 국외특수관계자인 000의 신주를 인수함으로써 000의 100% 주주가 되는 경우에는 그 거래가격인 13억 달러는 000의 주식에 화체된 채 거주자인 원고의 지배 하에 있게 되어 국외로 소득이 이전되었다고 할 수 없으므로, 000 신주인수가액이 정상가격에 부합하는지 여부는 애초에 문제가 되지 않는다고 주장한다.",
            "원고는, 이 사건 국외거래가 과세조정의 대상이 되는 행위유형에 속한다고 하더라도, 그 거래가격인 13억 달러는 세계 유수의 금융기관인 000의 평가결과에 따른 정상가격이므로 과세조정이 불필요하다는 취지로 주장한다.",
            "원고는, 이 사건 국외거래에 대하여 과세조정을 하는 것이 타당하다고 하더라도, 원고는 이 사건 국외거래의 종료와 동시에 000에 대한 출자자의 지위에 있게 되므로 그 익금산입액은 구 국조법 시행령 제15조 제3호 가 아닌 같은 조 제2호 를 적용하여 ‘출자의 증가’로 소득처분 되어야 한다.",
            "출자의 증가로 소득처분될 경우 원고의 법인세 과세표준에 산입되거나 000의 기타소득을 구성할 인정이자는 없게 되므로, 이 사건 원천징수처분은 위법하다고 주장한다.",
            "원고는, 피고가 000 신주 200만 주의 정상가격을 산정한 방법이 국조법의 정상가격 산정방법에 위반된 것이라고 주장한다.",
            "원고는, 소외 10이 원고의 대표이사의 지위에서 이 사건 외국인 현금투자를 수반한 원고와 000 구주주 사이의 간접적 주식교환거래를 총괄 지휘하였고, 그 점 때문에 주가조작혐의로 기소된 것이므로 원고 대표이사로서의 직무수행과 관련하여 기소된 것이다.",
            "이 사건 선임료는 위 형사사건을 변론하기 위하여 원고가 지출한 변호사 보수이므로, 이 사건 선임료는 원고의 업무와 관련된 비용으로서 손금으로 산입되어야 한다고 주장한다.",
            "원고는 이 사건 국외거래가 종국적으로는 원고와 000의 구주주가 상호주식을 교환하는 것과 같은 결과로 완결되었다는 이유로 그 실질이 원고와 000의 구주주 사이의 거래라고 주장한다."
        ],
        "dedatAssrs": []
    },
    "facts": {
        "bsisFacts": [
            "원고는, 피고의 2003. 2. 3.자 2001 사업연도 귀속 법인세 27,302,102,405원 및 2001년 제1기분 부가가치세 7,122,490원의 부과처분, 2003. 12. 9.자 2001 사업연도분 원천징수기타소득세 19,982,568,110원의 부과처분의 취소를 구하는 이 사건 소를 제기하였다.",
            "제1심 법원은 2003. 2. 3.자 법인세 및 2003. 12. 9.자 원천징수기타소득세 부과처분에 대하여는 원고의 청구를 인용하여 각 부과처분을 취소하고, 2003. 2. 3.자 부가가치세 부과처분에 대하여는 원고의 청구를 기각하였다.",
            "1998년 설립된 000은 2000. 1. 31. 그 계열사인 000(000)를 통하여 000 1988. 6. 보일러 강제배출기 등 제조업을 주된 사업목적으로 설립되어 1991. 3. 장외시장(후에 코스닥 시장으로 전환되었다)에 등록되었으나 1999년경부터 영업손실이 발생하고 있었다의 주식 180,000주(전체 주식의 50.6%)를 990,000,000원(주당 5,500원)에 매수하여 코스닥시장에 우회진입하였다.",
            "그 후 000은 주된 사업목적을 인터넷 관련업종으로 변경하고, 상호를 원고로 변경하였으며, 당시 코스닥시장의 벤처열풍, 원고의 관련 기업인수 및 홍보전략 등에 편승하여 2000. 1.경 1주당 3,700원이었던 원고의 주가는 2000. 5.경에는 1주당 362,000원으로 폭등하였다.",
            "원고는 위와 같이 폭등한 주가를 이용하여 주식교환의 방법으로 국내기업 및 국외기업을 인수하였고, 이 사건은 피고가 원고의 기업인수 과정에서의 거래에 대한 세무조정을 통하여 한 조세부과처분에 대한 것이다.",
            "원고는 2000 사업연도에 이 사건 비상장법인의 주식을 그 인수가액에 취득한 것으로 회계처리하고, 2001 사업연도에 처분한 이 사건 비상장법인의 주식(이하 ‘이 사건 비상장주식’이라 한다)에 대하여는 그 인수가액과 처분가액의 차액을 투자유가증권 처분손실로 계상하였다.",
            "나아가 피고는 원고의 2001 사업연도 회계처리에 대하여, 이 사건 비상장주식 처분에 대하여 위와 같이 산정된 정상가격을 취득원가로 계산하여 산정된 양도차액을 익금 또는 손금산입하고, 원고가 투자유가증권 처분손실로 계상한 금액은 이를 손금불산입하는 세무조정을 하였다.",
            "원고의 2000 사업연도 및 2001 사업연도에 관한 회계처리 및 피고의 세무조정 내용을 요약하면 다음 표와 같다.",
            "000은 1999년 미국 나스닥(NASDAQ)시장 상장을 목표로 아시아 지역 인터넷 관련 지주회사인 버뮤다 법인 000(이하 000 이라 한다)를 설립하였으나, 1999년 말경부터 나스닥시장의 주가지수가 하락함에 따라 나스닥시장에의 상장절차 진행을 일단 유보한 채, 2000. 5.경 당시 장세가 활황국면에 있던 우리나라 코스닥시장에 간접적으로 상장하는 방안을 강구하였다.",
            "이에 000은 외국인의 출자목적물과 관련하여 구 외촉법 제2조 에 규정된 외국인투자의 현금출자요건을 충족시키면서 동시에 위에서 본 방안과 같은 주식교환거래의 효과를 달성하기 위하여 룩셈부르크에 특수목적법인(Special Purpose Corporation)인 000를 설립하고, 2000. 7. 21. 23:50경부터 다음 날 2:20경까지 약 2시간 30분 만에 아래와 같은 일련의 거래를 종결하였다.",
            "000는 000로부터 차입한 미화 1,342,519,946억 달러 (약 1조 5천억 원, 이하 ‘13억 달러’라 한다)를 000에게 증자대금으로 납입하고, 000으로부터 신주 200만 주를 인수하였다.",
            "000은 000로부터 납입받은 위 13억 달러를 원고에게 증자대금으로 납입하고, 원고로부터 신주 860만 주를 인수하였다.",
            "000은 구주 6,000만 주를 버뮤다 상법에 따라 강제소각하고, 그 소각대가로 자신이 보유한 원고의 신주 860만 주를 000의 구주주들에게 교부하였다.",
            "원고는 000으로부터 증자대금으로 받은 13억 달러로 000로부터 000의 신주 200만 주를 인수함으로써, 000의 100% 주주 지위를 취득하였다(이하 ‘이 사건 국외거래’라 한다).",
            "000는 원고로부터 지급받은 13억 달러로 000에 대한 차입금 13억 달러를 상환하고 해산하였다.",
            "피고는 국조법 제5조 제1항 제4호 , 국조법 시행령 제4조 제3호 를 적용하여 다음과 같이 000의 신주 200만 주의 정상가격을 평가하였다.",
            "원고는 2001. 3.경 당시 원고의 대표이사였던 소외 10이 주가조작행위 등과 관련하여 증권거래법위반죄 등으로 구속기소되자 소외 10의 형사변론을 위하여 변호사를 선임하고 선임료로 50,000,000원(이하 ‘이 사건 선임료’라 한다)을 지급한 후, 위 50,000,000원을 2001 사업연도 법인세 과세표준을 산정하는 데 손금산입하였다.",
            "그러나 피고는, 이 사건 선임료는 원고를 위한 업무수행에 소요된 비용이 아니라는 이유로 원고에 대한 2001 사업연도 세무조정에서 이를 손금불산입하였다.",
            "피고는 이 사건 비상장주식에 대한 처분손실금 손금불산입금 3,730,456,265원, 이 사건 인정이자로 익금산입된 72,663,884,066원, 손금불산입된 이 사건 선임료 50,000,000원 합계 76,444,340,331원을 원고의 2001 사업연도 법인세 과세표준에 추가하여, 2003. 2. 3.자로 원고의 2001 사업연도 귀속 법인세로 27,302,102,405원의 부과처분(이하 ‘이 사건 법인세 부과처분’이라 한다)을 하였다.",
            "또한 피고는 000에 대하여 소득처분된 이 사건 인정이자에 대하여 원고가 원천징수세액을 납부하지 않자 2003. 9. 18. 2001 사업연도분 원천징수기타소득세로 15,986,054,490원을 부과·고지하였다가, 2003. 12. 9. 위 원천징수기타소득세를 3,996,513,620원 증액하는 부과처분을 하였다(이하 추가 고지되어 19,982,568,110원으로 증액된 원천징수기타소득세 처분을 ‘이 사건 원천징수처분’이라 한다)."
        ]
    },
    "dcss": {
        "courtDcss": [
            "시가로 거래된 주식에 대하여 법인세법 시행령 제35조 제2호 가 적용될 수 없음은 규정의 내용상 명백한바, 증권거래소에 상장되지 아니하고 거래의 선례가 없는 주식에 대한 거래가 이루어진 경우라도 그 거래가 일반적이고 정상적인 방법에 의하여 이루어진 것이다.",
            "당시의 객관적인 교환가치를 적정하게 반영하고 있다고 볼 수 있는 사정이 있으면 그 거래가격을 당시의 시가로 볼 수 있는 것이다( 대법원 1992. 10. 27. 선고 92누1971 판결 등 참조).",
            "원고와 이 사건 비상장법인의 주주들 사이에 이 사건 비상장주식을 고가로 평가하여야 할 특수관계가 없고, 거래 후 000의 주주들인 소외 2 등이 원고를 상대로 자신들의 주식과 교환한 원고 발행 주식이 과대평가되어 손해를 입었다는 등의 이유로 손해배상청구 소송을 제기하였으나 패소한 사정 등에 비추어 본다.",
            "원고와 이 사건 비상장법인의 주주들은 각자 자신의 이익을 최대화 할 목적으로 대등한 협상을 통하여 상호 주식의 가치를 평가하고 가격을 결정하였던 것으로 보인다.",
            "한편, 법인이 특수관계 없는 자로부터 매입한 주식의 가격이 정상가격보다 높은 가액이라 하더라도, 그 주식을 매입한 것이 특수한 상황 하에서 이루어진 거래라고 한다면 법인으로서는 위 주식을 그 가액으로 매입할 만한 정당한 사유가 있다고 봄이 상당하다고 할 것이다( 대법원 1997. 11. 14. 선고 97누195 판결 등 참조).",
            "가사 이 사건 비상장주식의 취득가액이 정상가격보다 높다고 하더라도, 원고가 이 사건 비상장주식을 취득한 것은 실제적인 현금의 투자 없이 상호 주식을 교환하는 방법으로 이 사건 비상장법인을 인수하기 위한 목적에 기인한 것이다.",
            "이와 같은 특수상황 하에서 원고로서는 이 사건 비상장주식을 그 취득가액으로 매입할 만한 정당한 사유가 있었다고 봄이 상당하다고 할 것이다.",
            "이 점에서도 이 사건 비상장주식의 취득에 대하여 법인세법 시행령 제35조 제2호 를 적용할 수는 없다.",
            "그와 같은 결과는 이 사건 국외거래 외에서 이루어진 000과 000의 거래, 원고와 000의 거래 및 000의 구주 소각과 원고의 신주 교부 등의 과정이 추가되어 종합적으로 이루어진 결과여서, 국조법 제7조 에 의하여 간주될 수 있는 거래의 범위를 벗어난다. 한편, 위와 같이 이 사건 국외거래가 원고와 000의 거래로 간주되기 때문에 피고의 기타소득의 소득처분도 000에 대하여 하게 된 것이다.",
            "또한, 법인세법 시행령 제88조 제1항 제8호 가 직접 국제거래에 적용되는 것은 아니고 국조법에 그와 같은 제한이 없는 이상, 과세조정의 대상인 국제거래에 그와 같은 거래의 제한이 있다고 할 수 없다.",
            "따라서 이 사건 국외거래가 자본거래이기 때문에 또는 법인세법 시행령 제88조 제1항 제8호 의 요건을 갖추지 못한 자본거래이기 때문에 국조법의 과세조정의 대상이 아니라는 원고의 주장은 이유 없다.",
            "살피건대, 원고가 인수한 000 신주 200만 주의 인수가액 13억 달러가 국내에서 국외로 지급된 이상 그 소득이 이전되지 않았다고 할 수도 없으며, 나아가 뒤에서 보는 바와 같이 주식의 가치평가 자체가 잘못된 경우에는 여전히 국조법에 의한 과세조정이 필요하다고 할 것이므로, 원고의 위 주장 역시 이유 없다.",
            "살피건대, 을 제4호증의 2, 을 제14호증의 2, 을 제15호증의 4의 각 기재 및 변론 전체의 취지를 종합하면, 원고와 000 주식의 교환비율을 1:7로 평가한 000는 오래전부터 원고가 속한 000의 밀접한 금융파트너로서 000의 나스닥 상장 주간사로 활동하였다.",
            "나스닥 상장이 좌절되어 코스닥으로 눈을 돌린 후 이 사건 국외거래가 성사되는 것을 조건으로 평가의견서 제출에 대한 수수료를 받기로 되어 있었으며, 나아가 13억 달러를 실질적으로 대여하여 그 이자를 수수하였다.",
            "그렇다면, 위 평가의견서는 원고와 000 주식의 객관적인 가치를 평가한 것이라기 보다는 주식교환이라는 궁극적 목적을 이루기 위한 방편으로 원고와 000의 의사에 따라 그 내용이 부실하게 기재되었을 개연성이 높다고 할 것이므로, 원고가 매수한 000 신주 200만 주의 정상가격이 13억 달러라는 000사의 평가가 적정하다는 전제에 선 원고의 이 부분 주장도 이유 없다.",
            "피고가 000 신주 200만 주의 정상가격을 산정한 방법[그 내용은 위 2.나(4)(나)항에서 설명하였다.]이 국조법 제5조 제1항 제4호 , 국조법 시행령 제4조 제3호 소정의 ‘기타 거래의 실질 및 관행에 비추어 합리적이라고 인정되는 방법’에 해당한다고 볼 수 있는지 살펴본다.",
            "덧붙여, 갑 제11호증의 1, 2의 각 기재에 변론 전체의 취지를 종합하여 보면, 000 주식이 분할된 이후인 2000. 3. 14.경 홍콩의 000가 000 주식 1,920,000주를 미화 28,800,000달러(1주당 15달러)에 매입하였고, 홍콩의 000도 000 주식 930,000주를 미화 13,950,000달러(1주당 15달러)에 매입한 사실을 인정할 수 있다.",
            "이러한 사실에 비추어 보아도 피고가 000 주식이 분할될 당시의 1주당 가격이 4.5909달러라는 전제 하에서 위 나스닥 상장회사들의 주가하락률을 적용한 것은 합리적인 평가방법이라고 할 수 없다.",
            "따라서 피고가 000 신주의 정상가격을 평가한 위와 같은 방법은 국조법 제5조 제1항 제4호 , 같은 법 시행령 제4조 제3호 소정의 ‘기타 거래의 실질 및 관행에 비추어 합리적이라고 인정되는 방법’에 해당한다고 볼 수 없으므로, 이를 토대로 이루어진 이 사건 원천징수처분은 위법하다.",
            "법인의 구성원은 적법한 방법으로 그 법인을 위한 업무를 수행하여야 하므로, 법인의 구성원이 업무수행에 있어 관계 법령을 위반함으로써 형사재판을 받게 되었다면 그의 개인적인 변호사비용을 법인자금으로 지급하는 것은 횡령에 해당한다.",
            "그 변호사비용을 법인이 부담하는 것이 관례라고 하여도 그러한 행위가 사회상규에 어긋나지 않는다고 할 만큼 사회적으로 용인되어 보편화된 관례라고 할 수 없다( 대법원 2003. 5. 30. 선고 2002도235 판결 등 참조).",
            "이 사건에 관하여 보건대, 을 제13호증의 1, 2의 각 기재에 의하면, 소외 10에 대한 기소요지는, ⅰ) 1999. 9.경 000의 주식을 국내에 판매하는 증권사 직원에게 모집금액의 3%를 제공하기로 약속하였다.",
            "이에 따라 2000. 1.경 위 모집금액 3%에 해당하는 000 주식 18,000주를 인수할 수 있는 권리 등을 공여하였다는 점(금품공여약속 및 금품공여), ⅱ) 1999. 7.경부터 1999. 12.경까지 증권사를 통하여 000 주식을 국내에 판매하면서 유가증권신고서를 제출하지 아니하였다(증권거래법위반).",
            "소외 10에 대한 기소요지 중 금품공여약속 및 금품공여의 점과 증권거래법위반의 점은 소외 10이 000 주식을 국내에 판매하는 과정에서 발생한 것들로서 원고의 업무와 직접적인 관련이 없다.",
            "주가조작의 점 역시 소외 10이 위법한 방법으로 주가를 조작했다는 혐의로 재판을 받은 이상 이를 원고를 위한 업무로 볼 수는 없다고 할 것이어서, 결국 위 형사재판과 관련된 이 사건 선임료는 모두 원고의 업무와 관련이 없는 비용이라고 할 것이다.",
            "따라서 이 사건 선임료를 손금으로 산입하여야 한다는 원고의 주장은 이유 없다.",
            "원고에 대한 이 사건 각 처분 중 법인세 부과처분은 그 과세표준으로 삼은 금액 중 이 사건 비상장주식에 대한 처분손실금의 손금불산입이 위법하고, 이 사건 인정이자 산정의 전제가 된 000 신주 200만 주의 정상가격 평가가 위법하여 결과적으로 위법하다.",
            "피고로서는 000 신주 200만 주의 정상가격을 평가하여 정당한 인정이자를 산정한 후 여기에 이 사건 선임료를 합산한 금액을 과세표준으로 하여 정당한 법인세를 산정하였어야 할 것이다.",
            "또한, 이 사건 원천징수처분 역시 000에 대한 기타소득처분의 전제가 된 000 신주 200만 주의 정상가격 평가가 위법하므로, 피고로서는 000 신주 200만 주에 대한 정상가격을 평가하여 정당한 기타소득처분액 및 원천징수액을 산정하였어야 할 것이다.",
            "그런데 이 사건 기록에 나타난 자료만으로는 000 신주 200만 주의 정상가격을 평가할 수 없으므로, 당원으로서는 이 사건에서 정당한 법인세 및 원천징수액을 산정할 수 없어, 결국 이 사건 법인세 부과처분 및 원천징수처분을 모두 취소할 수밖에 없다."
        ]
    },
    "close": {
        "cnclsns": [
            "피고의 항소를 기각한다.",
            "항소비용은 피고가 부담한다."
        ]
    }
}