{
    "info": {
        "caseField": "3",
        "detailField": "5",
        "trailField": "2",
        "caseNm": "건축물표시변경신청불가취소",
        "courtNm": "부산고등법원",
        "judmnAdjuDe": "2007. 03. 16.",
        "caseNo": "2006누4578",
        "relateLaword": [
            "행정소송법 제8조 제2항",
            "민사소송법 제420조"
        ],
        "qotatPrcdnt": []
    },
    "concerned": {
        "acusr": "1",
        "dedat": "3"
    },
    "org": {
        "orgJdgmnCourtNm": "부산지방법원",
        "orgJdgmnAdjuDe": "2006.09.28.",
        "orgJdgmnCaseNo": "2006구합1518"
    },
    "disposal": {
        "disposalform": "10",
        "disposalcontent": [
            "보조참가신청의 적법 여부에 대한 판단을 아래와 같이 추가하는 외에는 제1심판결의 이유와 같다."
        ]
    },
    "mentionedItems": {
        "rqestObjet": [
            "피고가 2006. 2. 10. 원고에 대하여 한 건축물표시변경신청 거부처분을 취소한다.",
            "제1심판결을 취소한다.",
            "원고의 청구를 기각한다."
        ]
    },
    "assrs": {
        "acusrAssrs": [],
        "dedatAssrs": []
    },
    "facts": {
        "bsisFacts": [
            "이 사건에 있어서 피고보조참가인들(선정당사자)의 참가신청 이유에 의하면, 피고보조참가인들 및 별지 선정자목록 기재 선정자들은 원고 소유인 0000 (지번 생략) 소재 지상 1층 건물(이하 '이 사건 건물'이라 한다)의 인근 주택에 거주하고 있는 자들이다.",
            "원고는 장차 액화석유가스 판매사업허가를 받아 액화석유가스를 판매할 목적으로 이 사건 건물의 용도를창고시설에서 위험물저장 및 처리시설로 변경하고자 하였다."
        ]
    },
    "dcss": {
        "courtDcss": [
            "행정소송사건에서 제3자가 소송참가를 하거나, 민사소송법이 정하는 보조참가를 하려면 당해 소송의 결과에 따라 권리 또는이익의 침해를 받는 등 이해관계가 있어야 하는 것이고, 여기에서의 이해관계라 함은 사실상, 경제상 또는 감정상의 이해관계가 아니라 법률상의 이해관계를 의미한다.",
            "법률상의 이해관계라 함은 당해 소송의 판결의 기판력이나 집행력을 당연히 받는 경우 또는 당해 소송의 판결의 효력이 직접 미치지 않는다 하더라도 적어도 그 판결을 전제로 하여 보조참가를 하려는 자의 법률상의 지위가 결정되는 관계에 있는 경우를 말한다고 할 것이다.",
            "원고가 이 사건 건물에서 위험물질인 액화석유가스를 판매할 경우거주의 안녕과 건전한 생활환경을 침해받게 되므로 이 사건 보조참가신청에 이르게 되었다는 것이다.",
            "위 주장과 같은 내용의 참가이유는 앞서 본 바와 같이 이 사건 소송의 결과에 대하여 사실상, 경제상 또는 감정상의 이해관계가 있는 사유가 될 수 있을지언정 이른바 법률상의 이해관계가 있는 사유가 될 수는 없다고 할 것이므로, 피고보조참가인들(선정당사자)의 보조참가신청은 결국 참가의 요건을 갖추지 못하여 부적법하다 할 것이다."
        ]
    },
    "close": {
        "cnclsns": [
            "그렇다면, 피고보조참가인들(선정당사자)의 보조참가신청은 부적법하여 각하하고, 제1심판결은 이와 결론을 같이하여 정당하므로, 피고의 항소는 이유 없어 이를 기각한다."
        ]
    }
}