{
    "info": {
        "caseField": "3",
        "detailField": "5",
        "trailField": "1",
        "caseNm": "직업훈련비용지원신청반려처분취소",
        "courtNm": "서울행법",
        "judmnAdjuDe": "2007. 04. 11.",
        "caseNo": "2006구합26899",
        "relateLaword": [
            "구 산업재해보상보험법(2007. 4. 11. 법률 제8373호로 개정되기 전의 것) 제1조",
            "구 산업재해보상보험법(2007. 4. 11. 법률 제8373호로 개정되기 전의 것) 제78조"
        ],
        "qotatPrcdnt": [
            "대법원 1991. 2. 12. 선고 90누5825 판결",
            "대법원 1996. 7. 30. 선고95누12897 판결"
        ]
    },
    "concerned": {
        "acusr": "1",
        "dedat": "3"
    },
    "org": {
        "orgJdgmnCourtNm": "",
        "orgJdgmnAdjuDe": "",
        "orgJdgmnCaseNo": ""
    },
    "disposal": {
        "disposalform": "10",
        "disposalcontent": [
            "피고가 2006. 7. 5. 원고에게 한 직업훈련비용지원신청 반려처분을 취소한다.",
            "소송비용은 피고가 부담한다.",
            "직업훈련사업의 목적이 오로지 근로자의 복지증진을 위한 재활 뿐 아니라 사회복귀로 인한 사회 안정 등을 도모하기 위한 측면도 있다는 점에서 외국인 근로자의 경우 체류목적,자격,기간과 한국어 소통능력, 훈련방법의 적합성,효율성 등을 고려한 기준을 적용할 수 있을지 여부(또는훈련원운영사업에서의 외국인 훈련생 선발기준을 유추적용할지 여부)는 별론으로 하더라도, 외국인이라는 이유만으로 피고가직업훈련사업으로서 사실상 유일하게 실시하고 있는 비용지원사업의 대상이 될 수 없음이 명백하다고 할 수는 없는 노릇이다."
        ]
    },
    "mentionedItems": {
        "rqestObjet": [
            "피고가 2006. 7. 5. 원고에게 한 직업훈련비용지원신청 반려처분을 취소한다.",
            "소송비용은 피고가 부담한다."
        ]
    },
    "assrs": {
        "acusrAssrs": [
            "원고는, 직업훈련비용지원 사업은 산업재해보상보험법(이하 '법' 이라고 한다)에 따라 피고가 재해근로자의 재활을 위하여 실시하는 사업인데, 관계 법령 및 직업훈련비용지원과 관련한 피고의 규정 어디에도 외국인은 대상자가 아니라는 규정이 없는바, 원고가 외국인이라는 이유만으로 지원신청을 반려한 이 사건 처분은 위법하다고 주장한다."
        ],
        "dedatAssrs": [
            "피고가 법 제1조, 제78조에 따라 ‘직업재활’로서 실시하는 사업(이하 ‘직업훈련사업’이라 한다)은 법상 산재근로자에게 당연히 보장되는 것이 아니라 한정된 예산의 범위 내에서 운영되는 복지사업이므로 위 지원사업의 일부인 직업훈련비용지원을 받는 것은 원고의 공법상 권리가 아니다.",
            "둘째, 직업재활 은 단순히 산재장해자에 대한 직업훈련을 지원하는 것만을 목적으로 하는 것이 아니라 직업훈련에 따른 재취업 등으로 사회에 복귀하는 것을 목적으로 하는 것이다.",
            "더욱이 피고가 실시하는 직업훈련사업의 세부적 내용으로는 직업훈련비용 지원사업 (이하 '비용지원사업' 이라 한다)과 재활훈련원에서의 직업재활훈련 운영사업 (이하 '훈련원운영사업' 이라 한다)이 있는바 외국인 산재장해자의 경우에는 교육훈련의 목적 달성, 자격 관리, 숙식 등 편의제공 및 수혜의 범위 등에 있어서 더 많은 혜택을 누릴 수 있는 재활훈련원에서의 직업재활훈련의 기회가 보장된다.",
            "외국인 근로자를 직업훈련비용 지원사업의 대상에서 제외하여 그 신청을 반려한 것은 위법하지 않다.",
            "공공의 이익을 위한 복지사업이라는 이유로 원고에게 비용지원신청을 할 공법상의 권리가 없다."
        ]
    },
    "facts": {
        "bsisFacts": [
            "원고는 방글라데시 국적의 외국인으로서, 1998. 2. 25. 0000 소재 (명칭 생략)회사에서 근로를 하던 중 상병명 요추수핵탈출증 4~5, 추간판탈출증 제4~5요추간 인 업무상 재해를 입었다. ",
            "원고는 피고로부터 1998. 2. 27. 산재요양승인을 받아 2000. 7. 31.까지 1차 요양을, 2001. 3. 22. 재요양승인을 받아 2002. 10. 4.까지 2차 요양을 각 하였고, 1차 요양의 치료종결시 장해등급 8급 2호(척주에 경도의 기형이나 기능장해가 남은 사람)의 후유장해판정을 받았다.",
            "위 재해로 인하여 피고로부터 합계 111,902,470원(휴업급여 43,487,530원, 요양급여 41,833,260원, 장해일시금 21,116,600원, 후유증상 5,465,080원)의 보험급여 등을 지급받았다.",
            "원고는 2006. 6. 30. 피고에게 주민등록등본, 서약서, 직업계획서 등의 구비서류를 첨부하여 직업훈련비용지원 신청서를 제출하였으나(이하 '이 사건 신청' 이라 한다), 피고의 안산지사장은 외국인은 체류자격의 합·불법 여부를 불문하고 직업훈련비용지원사업의 대상 근로자가 아니라는 이유로 원고가 제출한 신청서를 반려하였다(이하 '이 사건 처분' 이라 한다).",
            "피고는 종래 직업훈련사업으로서 비용지원사업과 훈련원운영사업을 시행하면서, 각 사업에 관한 피고의 규정으로는 '직업훈련비용지원규정' 과 '재활훈련원운영규정' 을 두고 있다가 2005. 11. 7. 이를 통합하여 산재근로자 직업복귀촉진을 위한 지원규정 을 제정하였다.",
            "피고는 종래 훈련원의 훈련대상에 외국인 근로자가 포함되는지에 관하여 명시적인 규정을 두지 않고 있던 중, 2003. 3.경 국가인권위원회로부터 외국인이라는 이유로 직업재활훈련의 대상에서 제외하는 것은 평등권 침해로 차별행위에 해당한다는 권고를 받은 후, 2004. 12. 20. 재활훈련원운영규정을 개정하여 외국인이라도 일정한 요건이 되면 훈련원의 훈련대상이 될 수 있도록 하였다.",
            "그러한 내용이 산재근로자 직업복귀촉진을 위한 지원규정 (이하 '직업복귀촉진 지원규정' 이라 한다)의 훈련원 운영사업 관련 부분에도 같은 취지로 규정되었다.",
            "피고는 종전의 직업훈련비용지원규정 이나 현행 직업복귀촉진 지원규정상 비용지원사업 관련 부분에서는 외국인 근로자가 지원의 대상이 되는지에 관하여 명시적인 규정을 두고 있지 않은바, 직업복귀촉진 지원규정의 주요 내용은 다음과 같다.",
            "한편, 피고는 2004. 12. 23. 위 '재활훈련원운영규정 의 개정과 관련하여 외국인 근로자의 경우에는 훈련원에서의 입소교육만 가능하고 비용지원사업에 의한 재활훈련은 불가하다' 는 내용의 피고 내부의 업무처리지침(을 제2호증)을 시달하였다.",
            "피고는 훈련원 운영사업과 관련하여 안산재활훈련원과 광주재활훈련원을 운영하여 왔는데, 위 두 훈련원은 2006. 4.경 및 2006. 7.경 각 신규훈련생 모집을 중단하면서 산재장해자에 대한 직업훈련은 비용지원사업을 통해 지원한다고 공지하였고, 피고의 인터넷 홈페이지에서도 훈련원운영사업에 관한 안내가 삭제되었다."
        ]
    },
    "dcss": {
        "courtDcss": [
            "법은 제1조 에서 재해근로자의 재활 및 사회복귀를 촉진하기 위하여 근로자의 복지증진을 위한 사업을 행함으로써 근로자 보호에 이바지함을 그 목적으로 한다고 규정하고 있다.",
            "제78조 에서 노동부장관은 근로자의 복지증진을 위한 직업재활에 관한 시설의 설치·운영 등의 사업을 행하도록 하고 있는바, 위와 같은 관련 법규와 피고의 설립 목적 및 취지 등을 종합적으로 고려하면, 피고가 시행하는 직업훈련사업은 오로지 공공의 이익을 위한 것이라고 볼 수 없고 적어도 재해근로자 개인의 이익도 보호하고자 하는 것으로 봄이 상당하다.",
            "또한, 직업훈련사업의 목적 및 취지와 한정된 예산 및 시설 등에 비추어 피고가 직업훈련사업을 시행함에 있어 구체적인 방법과 대상자 선정의 기준을 정하는 것은 피고의 재량에 속하는 것으로 봄이 상당하지만, 자유재량에 속하는 행위일지라도 재량권의 한계를 넘거나 남용이 있을 때에는 위법한 처분으로서 항고소송의 대상이 되는 것이다( 행정소송법 제27조 ).",
            "적어도 선정권자인 피고에게 이러한 재량권의 한계일탈이나 남용이 없는 위법하지 않은 응답을 할 의무가 있고 이에 대응하여 원고로서도 재량권의 한계일탈이나 남용이 없는 적법한 응답을 요구할 권리가 있다고 할 것이다( 대법원 1991. 2. 12. 선고 90누5825 판결 참조).",
            "그럼에도 공공의 이익을 위한 복지사업이라는 이유로 원고에게 비용지원신청을 할 공법상의 권리가 없다는 피고의 주장은 받아들이지 아니한다.",
            "앞서 살핀 바와 같이 원고에게 이 사건 신청을 할 공법상의 권리가 있고, 위 인정 사실에 의하면 직업복귀촉진 지원규정은 산재장해자가 서약서, 직업계획서 등을 구비하여 비용지원사업의 신청서를 제출하면 재활상담을 통하여 훈련생을 선발하도록 하면서, 다만 일정한 선발제외 대상자만을 규정하고 있으나 외국인 근로자가 선발제외 대상자로 규정되어 있지는 않다.",
            "피고는 형식적 요건을 갖춘 원고의 신청을 일단 수리하여 재활상담 및 피고의 선발기준에 따라 훈련생 선발 여부를 심사하여야 할 것인데 원고가 외국인이라는 이유만으로 이를 반려한 이 사건 처분은 원고에게 보장된 절차적 신청권을 침해한 것으로 위법하다.",
            "다만, 이 사건 처분은 단순히 형식상의 하자를 이유로 한 것이 아니고 실질적으로 원고가 외국인 근로자로서 비용지원사업의 대상자가 되지 않는다는 것을 이유로 한 것이다.",
            "이처럼 반려처분이 단순히 형식적인 절차상의 것에 그치는 것이 아니고 실질적으로 원고가 대상자에 해당하지 아니하는 사실이 명백함에 기인한 것이라면 그 처분의 적법 여부는 절차상의 위법만으로 판단할 것이 아니고 실질적인 내용에 들어가 판단함이 당사자의 의사나 소송경제적인 면에서 상당하다( 대법원 1996. 7. 30. 선고 95누12897 판결 등 참조).",
            "외국인 근로자가 비용지원사업의 대상자가 되지 않음이 명백한지 여부를 살펴본다.",
            "그런데 관계 법령과 위 인정 사실들에 의하여 인정되는 바와 같이, 법은 근로자의 복지증진을 위하여 노동부장관에게 직업재활에 관한 시설을 설치·운영하는 사업을 하도록 하고 있고, 피고는 노동부장관의 위탁을 받아 위와 같은 사업을 효율적으로 시행하기 위하여 설립되었다.",
            "피고의 규정은 관계 법령 및 정관에 의하여 노동부장관의 승인을 받게 되어 있으므로 사인에 대하여도 법규성을 갖는 것으로 보이며 피고의 직업복귀촉진 지원규정에서 외국인 근로자를 선발제외 대상자로 규정하고 있지 않을 뿐 아니라 관계 법령에서 산재장해자에 외국인 근로자는 포함되지 않는다는 규정을 전혀 두고 있지 않다.",
            "직업복귀촉진 지원규정 중 훈련원운영사업과 관련하여서는 외국인 산재장해자 중 일정한 자격을 갖춘 자를 훈련대상으로 규정하고 있으나 비용지원사업과 관련해서는 이러한 규정이 없다는 사정만으로는 외국인 근로자가 비용지원사업의 대상이 되지 않는다는 것이 명백하다고 할 수는 없다.",
            "직업복귀촉진 지원규정에서 비용지원사업의 선발제외 대상자로서 직업훈련비용지원 훈련생으로 적합하지 않다고 소속기관장이 인정하는 자 를 규정하고 있고, 피고의 내부 업무처리지침상 외국인 근로자는 비용지원사업의 대상이 될 수 없다고 되어 있기는 하나, 이러한 피고의 내부 지침을 법령에 의하여 승인을 받도록 되어 있는 피고의 규정과 같게 볼 수는 없다.",
            "피고의 직업훈련사업은 비용지원사업을 원칙으로 하고 있을 뿐 아니라, 이 사건 신청이 있던 무렵에는 피고가 종래 운영하던 훈련원들이 사실상 모두 폐원된 점 등을 종합적으로 고려한다.",
            "직업훈련사업의 목적이 오로지 근로자의 복지증진을 위한 재활 뿐 아니라 사회복귀로 인한 사회 안정 등을 도모하기 위한 측면도 있다는 점에서 외국인 근로자의 경우 체류목적,자격,기간과 한국어 소통능력, 훈련방법의 적합성,효율성 등을 고려한 기준을 적용할 수 있을지 여부(또는 훈련원운영사업에서의 외국인 훈련생 선발기준을 유추적용할지 여부)는 별론으로 한다.",
            "외국인이라는 이유만으로 피고가 직업훈련사업으로서 사실상 유일하게 실시하고 있는 비용지원사업의 대상이 될 수 없음이 명백하다고 할 수는 없는 노릇이다."
        ]
    },
    "close": {
        "cnclsns": [
            "피고가 2006. 7. 5. 원고에게 한 직업훈련비용지원신청 반려처분을 취소한다.",
            "소송비용은 피고가 부담한다."
        ]
    }
}