{
    "info": {
        "caseField": "3",
        "detailField": "5",
        "trailField": "2",
        "caseNm": "법인세등부과처분취소",
        "courtNm": "서울고등법원",
        "judmnAdjuDe": "2007. 04. 25.",
        "caseNo": "2006누12137",
        "relateLaword": [
            "부가가치세법 제7조",
            "구 부가가치세법 제17조",
            "부가가치세법 시행령 제60조",
            "구 법인세법 제25조",
            "구 부가가치세법 제17조의2",
            "구 부가가치세법 시행령 제63조의2",
            "법인세법 제52조",
            "구 법인세법 시행령 제88조",
            "법인세법 제28조",
            "구 법인세법 시행령 제53조",
            "국세기본법 제14조",
            "구 부가가치세법 제7조",
            "구 부가가치세법 제12조",
            "구 부가가치세법 제3조"
        ],
        "qotatPrcdnt": [
            "대법원 2000. 11.14. 선고 2000두5494 판결",
            "대법원 2003. 3. 11. 선고 2002두4068 판결",
            "대법원 2003. 12. 11. 선고 2002두7227 판결 "
        ]
    },
    "concerned": {
        "acusr": "1",
        "dedat": "3"
    },
    "org": {
        "orgJdgmnCourtNm": "서울행정법원",
        "orgJdgmnAdjuDe": "2006. 4. 28.",
        "orgJdgmnCaseNo": "2003구합33179"
    },
    "disposal": {
        "disposalform": "10",
        "disposalcontent": [
            "피고가 원고에 대하여, (1) 2001. 9. 1.에 한 1997 및 1998 사업연도 각 법인세의 별지1 부과처분내역의  경정세액 란 기재 각 금액 중  정당세액 란 기재 각 금액을 초과하는 부분을 취소한다.",
            "피고가 원고에 대하여, 2002. 5. 1.에 한 1999 사업연도 법인세의 별지1 부과처분내역의  경정세액 란 기재 금액 중  정당세액 란 기재 금액을 초과하는 부분을 취소한다.",
            "피고가 원고에 대하여, 001. 9. 1.에 한 1997년 제1기부터 1999년 제2기까지의 각 부가가치세의 별지1 부과처분내역의  세액 란 기재 각 금액중  정당세액 란 기재 각 금액을 초과하는 부분을 취소한다.",
            "위 매입세액 805,844,816원은 광고를 게재하는 지면의 제작과 직접적인 관련없이 월간지 기사의 제작과 관련된 출력비, 아트비 등으로 사용된 것이어서 면세사업과 관련하여 지출된 매입세액으로 보아야 할 것이므로, 위 매입세액을 공통매입세액으로 보아 안분공제하여야 한다는 원고의 주장은 이유 없다. 원고의 나머지 청구를 기각한다.",
            "소송비용은 제1, 2심을 통틀어 40%는 원고가, 나머지는 피고가 각 부담한다."
        ]
    },
    "mentionedItems": {
        "rqestObjet": [
            "청구취지 피고가 원고에 대하여, 2001. 9. 1.에 한 1997 및 1998 사업연도 각 법인세의 별지1 부과처분내역의  경정세액 란 기재 각 금액을, 2002. 5. 1.에 한 1999 사업연도 법인세의  경정세액 란 기재 금액을, 2001. 9. 1.에 한1997년 제1기부터 1999년 제2기까지의 각 부가가치세의  세액 란 기재 각 금액을 각 취소한다.",
            "항소취지 원고: 제1심 판결 중 원고 패소 부분을 취소한다. 피고가 원고에 대하여, 2001. 9. 1.에 한 1997 및 1998 사업연도 각 법인세의 별지1 부과처분내역의  경정세액 란 기재 각 금액 중  정당세액 란 기재 각 금액을 초과하는 금액을, 2002. 5. 1.에 한 1999 사업연도 법인세의 \n 경정세액 란 기재 금액 중  정당세액 란 기재 각 금액을 초과하는 금액을, 2001. 9. 1.에 한 1997년 제1기부터 1999년 제2기까지의 각 부가가치세의  세액 란 기재 각 금액 중  정당세액 란 기재 각 금액을 초과하는 금액을 각 취소한다. ",
            "피고: 제1심 판결 중 피고 패소부분을 취소하고, 위 취소부분에 해당하는 원고의 청구를 기각한다."
        ]
    },
    "assrs": {
        "acusrAssrs": [
            "피고가 위와 같이 익금산입한 금액 중 아래 항목에 해당하는 부분은 광고주에 대하여 광고료를 청구할 권리가 없거나 부가가치세법 제7조 제3항 소정의 대가를 받지 않고 용역을 공급한 경우 등에 해당하여 매출로 계상할 수 없으므로, 이에 대한 법인세 및 부가가치세를 부과하는 것은 부당하다.",
            "단가할인광고(공급가액 328,745,456원) : 원고가 광고주와 연(년)단위나 수회 광고를 묶어 광고계약을 체결하는 경우 당초부터 할인된 단가에 광고계약이 이루어지지만 일단 광고게재원표(광고를 수주하여 광고용역을 제공하고 외상매출금을 수금하는 장부)에는 정상가격으로 계상하였다가 할인분에 상응하는 광고를 사후에 취소 또는 이월하는 방식으로 조정하고 있으므로 매출을 누락하였다고 볼 수 없다.",
            "이의제기된 광고(공급가액 68,522,726원) : 원고가 게재한 광고의 인쇄품질불량 등의 하자로 인하여 매출취소된 경우이므로 매출을 누락하였다고 볼 수 없다.",
            "단행본광고(공급가액 3,270만원) : 단행본의 경우 기획부터 출판까지 시간적 간극이 있으므로 기획단계에서 광고수주가 이루어질 때에는 광고매체명을 일단 ‘단행본’이라고 기재하여 광고게재원표를 작성하였다가 광고료를 지급받고 세금계산서를 교부하는 단계에서 확정된 단행본명으로 광고게재원표를 다시 작성하고 이전의 광고게재원표를 취소한다.",
            "따라서 이러한 경우 취소된 광고게재원표상의 금액을 매출로 다시 계상하면 이중으로 매출이 계상되는 것이어서 부당하다.",
            "원고가 단행본 및 월간지를 제작판매하는 사업의 속성상 단행본 및 월간지의 홍보·견본 및 판매촉진, 광고게재 내용 확인 등의 목적을 위한다.",
            "단행본의 경우 저자, 신문, 방송잡지 등의 문학담당자, 대형서점의 신간담당자, 주요기업체의 사보담당자 등에게, 월간지의 경우 주로 광고주, 광고대행사, 외부프리랜서, 인터뷰당사자 등에게 도서를 무상으로 배부한 것이므로, 이는 판매촉진비 또는 광고선전비에 해당하여 손금으로 인정되어야 한다.",
            "원고가 공통영업비등 손금으로 계산한 비용 중 ① 공통영업비, 판촉행사비, 영업행사비는 광고수주를 위한 사전경비로서 광고사업에 있어 필수불가결하게 발생하는 비용이다.",
            "개인회의비는 부서내의 인원관리 및 업무추진을 위하여 직책간부에게 지급한 비용으로 그 실질은 손금으로 인정한 부서회의비와 마찬가지로 복리후생비에 해당하며, ③ 판촉물제작비는 월간지의 구독자에게 추첨 등을 통해 경품으로 제공하기 위해 구입한 김치냉장고 등의 구입비용, 별책부록제작비 등이다.",
            "일반행사비는 지역총판 대표자를 대상으로 한 신간 잡지의 설명회 개최비용이며, 자료수집비는 일부 거래처 선물비 등 접대성 경비도 포함되어 있으나 대부분은 직원들의 고충상담과 인턴사원의 성향분석을 위해 상급자들이 면담하는 과정에서 지출한 비용으로 복리후생비에 해당한다.",
            "일반취재비는 기사취재과정에서 취재대상으로부터 기사를 제공받고자 지출한 비용이며, 소모품비 중 화환구입을 위해 지출된 비용 중에는 원고의 직원들 경조사를 위해 지출한 비용도 포함되어 있으므로 이를 모두 접대비로 본 것은 잘못이다.",
            "원고가 광고대행사를 통하여 광고를 수주한 경우(이른바 ‘위수탁광고대행’)에는 광고대행사에 대하여만 광고료채권이 있고 광고주에 대하여는 광고료채권을 직접 행사할 수 없는바, 광고대행사가 부도를 내고 도산하거나 광고대행사로부터 받은 어음·수표의 부도로 광고료를 지급받을 수 없게 된 경우에 한하여 대손처리요건이 충족되는 사업연도에 대손금으로 처리한 것이므로 이는 손금으로 인정되어야 한다.",
            "원고와 광고대행사 사이에 체결한 위수탁계약 및 광고업계의 관행에 따라 원고가 광고주에 대하여 직접 광고료를 청구할 권리가 없고 광고대행사에게만 지급청구권이 있다 할 것인데, 광고대행사의 파산 등으로 인하여 채권을 회수하지 못하게 된 것이므로 그에 상응한 이 사건 대손세액을 매출세액에서 공제해야 한다.",
            "원고는, 부당행위계산부인의 대상인지 여부는 행위 당시를 기준으로 판단하여야 하는 것인바, 위 사업양수 당시 소외 19 등에 대한 외상매출채권이 정상채권이었고, 도서의 반품률을 예상하여 도서의 외상매출채권을 평가하는 것이 사실상 어려웠을 뿐만 아니라 영업권의 대가를 별도로 지급한 바도 없으므로 도서의 외상매출채권을 높게 평가한 것이 아니다.",
            "또한 위 사업양수는 소외 2 주식회사의 출판사업부문을 계속성을 유지하면서 그대로 원고에게 양도한 것이어서 향후 발생할 반품도 원고의 책임하에 처리하기로 한 것이었으므로 부당행위계산부인의 대상이 될 수 없다고 주장한다.",
            "원고가 월간지를 소외 2 주식회사의 해외지사에 판매한 경우는 국내총판에 판매하는 경우와 달리 월간지 면수가 국내판매분의 60%에 불과함에도 불구하고 국내판매분과 같은 가격에 판매하고, 미판매분에 대하여도 반품을 허용하지 아니하며, 발송 이후 도달까지 평균 45일이 소요되는 등 판매조건이 상이하다.",
            "따라서 원고가 이와 같은 판매조건의 차이를 반영하여 채권회수기간을 국내판매분보다 장기로 정한 행위가 경제적 합리성을 무시한 경우에 해당한다고 볼 수 없고, 소외 2 주식회사의 해외지사에게 무이자로 자금을 사용하게 하려는 것도 아니었다.",
            "원고가 인수 당시 위 소외 24에 대한 외상매출채권의 회수가 가능하다고 판단하였고 현재까지도 회수가 진행되고 있으므로 부당행위계산부인의 대상이 될 수 없어 인정이자를 익금산입하고 지급이자를 손금불산입한 것은 위법하다.",
            "잡지에서 광고와 기사는 서로 따로 떼어 존재할 수 없는 불가분의 것이고, 월간지 기사의 제작에 관련된 비용은 월간지의 출판뿐만 아니라 광고료 수입을 창출하기 위하여도 사용된 것이라 할 것이므로, 그에 관한 매입세액은 실지귀속을 구분할 수 없는 매입세액으로서 공통매입세액의 안분규정에 따라 과세사업에 관련된 매입세액을 공제하여야 한다.",
            "원고는, 협찬업체가 협찬품의 게재로 인하여 반사적 광고효과를 얻었다고 하더라도, 추첨을 통한 협찬품의 제공은 원고의 잡지의 판매량을 증가시키기 위한 판매촉진전략의 하나이고, 원고가 협찬품의 소유권을 취득하는 것도 아니므로, 광고용역의 대가로 협찬품을 지급받은 것이라고 볼 수 없다고 주장한다."
        ],
        "dedatAssrs": [
            "피고는 원고가 임의로 선정한 특정언론의 임원 등에게 무상으로 배부한 것이므로 접대비에 해당한다는 취지로 주장한다.",
            "이에 대하여 피고는, 소외 19 등은 사업양수 후 신규광고가 전혀 없는 거래처이고, 위 사업양수도계약을 조정한 1997. 12.까지는 위 소외 19 등에 대한 외상매출채권을 사업양수 대상 자산에서 제외할 수 있었는데도 제외하지 아니하였다고 주장한다.",
            "당시의 출판업계가 전국의 판매대행사에 출간도서의 대부분을 외상으로 출고한 후 출고 익월에 출고금액 중 반품예상량을 감안하여 출고량의 80 내지 85%에 상당하는 금액만을 3개월 어음으로 수령하는 등 계속하여 반품을 인정하고 있었다.",
            "원고가 이러한 출판업계의 반품 관행을 잘 알고 있어 예상반품량을 추정할 수 있었음에도 반품예상금액을 전혀 감안하지 아니한 채 도서의 외상매출채권을 장부가액대로 인수한 후 반품된 부분을 제품폐기손실로 계상하는 것은 경제적으로 비합리적인 행위라고 주장한다.",
            "이에 대하여 피고는 협찬품을 게재하는 것은 구독자에게 협찬품 또는 협찬업체의 지명도와 신뢰도를 제공하여 구매의욕을 유발시키는 효과가 있고 협찬사도 그에 따른 광고효과를 기대하고 반대급부로 협찬품을 제공하고 있으므로, 이는 부가가치세법상 광고용역을 제공하는 것에 해당한다고 주장한다."
        ]
    },
    "facts": {
        "bsisFacts": [
            "원고는 1997. 3. 11. 정기 간행물 잡지의 출판 및 판매, 광고대행사업 등을 목적으로 설립된 법인으로서, 단행본과 월간지로 패션잡지인 ㅇㅇ, ㅁㅁ, ㅁㅁ 등과 생활잡지인 ㅇㅇ, ㅁㅁ 등을 발행하고 있다.",
            "피고는 2001. 2.경부터 2001. 6.경까지 원고에 대하여 세무조사를 한 결과, 아래 표와 같이 수입금액의 누락 및 접대비 한도초과액의 손금산입 등 세무조정 누락 사실이 밝혀졌다는 이유로, 2001. 9. 1. 원고에 대하여 별지1 부과처분내역 중 ‘① 당초처분’란 기재와 같이 1997년부터 1999년까지의 각 법인세 및 부가가치세를 증액경정·고지하였다(이하 ‘당초처분’이라 한다).",
            "피고는 서울지방국세청장의 위 결정에 따라 2002. 5. 1. 별지1 부과처분내역 중 ‘② 경정처분’란 기재와 같이 1997, 1998 사업연도 법인세는 감액경정하고, 1999 사업연도 법인세는 증액경정하였다(이하 2001. 9. 1.자 1997, 1998 사업연도 각 법인세 부과처분 중 감액경정되고 남은 부분과 각 부가가치세 부과처분, 2002. 5. 1.자 1999 사업연도 법인세 부과처분을 ‘이 사건 각 처분’이라 한다).",
            "이 사건 각 처분의 구체적인 쟁점별 산출내역은 아래 3.의 가. 내지 사.항의 각 ‘처분내용’의 기재와 같다.",
            "원고는 그 발행의 월간지 및 단행본에 광고주로부터 수주한 광고를 게재한 후 게재된 광고수입금액 중 아래 매출취소된 부분 등 위 (1)항 기재 금액을 포함한 일부 금액에 대하여 매출취소 또는 이월로 처리하고 수입금액을 신고하지 아니하였다.",
            "피고는 원고에 대한 세무조사과정에서, 원고가 신고하지 아니한 수입금액 중 사전약정에 의하여 단가할인을 하였거나 용역의 공급 이전에 세금계산서를 교부하여 ‘선매상 취소’로 확인된 부분은 과세대상에서 제외하고, 그 외의 371건 합계 804,144,721원에 대하여는 광고주 및 광고대행사에 대한 접대비로 보아 수입금액(매출액)에 산입하였다.",
            "소모품비 중 1999. 6.에 지출된 38만원은 원고의 임직원의 결혼 혹은 부모상 등에 화환을 보낸 비용이나 나머지는 특정거래처의 임직원의 경조사에 지출된 비용인 사실을 인정할 수 있고, 갑 제9호증의 1, 갑 제22호증의 각 기재만으로는 위 인정을 뒤집기에 부족하다.",
            "원고는 1998.경 광고대행사인 소외 1 주식회사(대법원판결의 소외 주식회사)를 통하여 광고를 수주하고 그에 대한 광고대금 5,610,000원을 위 회사의 어음으로 지급받았으나, 이후 위 어음이 부도가 나 위 광고대금을 받지 못하는 등 광고대행사를 통하여 광고를 공급한 후 광고대행사들로부터 받은 어음이 부도가 나 합계 134,061,000원 상당의 광고대금을 지급받지 못하였다.",
            "원고는 1999.경 광고대행사인 소외 1 주식회사를 통하여 광고를 수주하고 그에 대한 광고대금 1,275,000원을 위 회사의 어음으로 지급받았으나, 이후 위 어음이 부도가 나 위 광고대금을 받지 못하는 등 광고대행사를 통하여 광고를 공급한 후 광고대행사들로부터 받은 어음이 부도가 나 합계 476,589,000원 상당의 광고대금을 지급받지 못하였다.",
            "위와 같이 원고에게 광고대금을 어음으로 지급한 광고대행사 중 소외 11 주식회사, 12 주식회사, 13 주식회사, 14 주식회사, 15 주식회사, 16 주식회사 등은 사업을 폐지하였고, 원고가 받은 어음은 모두 부도발생일로부터 6월 이상 경과하였다.",
            "원고는 위 나. (4)항 기재와 같이 광고대행사로부터 매출채권으로 받은 어음이 부도가 발생하였다는 사유 등으로 1999. 1기분 부가가치세를 경정하면서 40,921,000원을 대손세액으로 공제(이하 ‘이 사건 대손세액’이라 한다)하였다.",
            "이에 피고는 공급받는 자인 광고주가 아니라 광고대행사에 대한 어음채권이라는 이유로 대손세액공제를 부인하여 각 부가가치세를 부과하였다.",
            "이에 피고는 원고가 위 사업양수 당시 소외 19 등이 이미 부실거래처이었고, 도서의 반품이 예상되어 위 각 외상매출채권이 불량채권이었음에도 이를 특수관계자인 소외 2 주식회사로부터 정상채권으로 인수함으로써 원고의 조세 부담을 부당하게 감소시킨 것으로 보아 법인세법상 부당행위계산부인 규정을 적용하여 위 외상매출채권을 전액 손금불산입하였다.",
            "위 양도·양수계약에 따라, 원고는 1997. 5. 1. 소외 2 주식회사와 사이에 자산·부채에 관한 사항에 관하여 소외 19 등에 대한 외상매출채권 5,814만 원, 도서의 외상매출채권 1,906,070,469원 등을 장부가액대로 평가하여 총 계약금액을 11,109,670,369원으로 하고, 잔금을 1997. 12. 31.까지 지급하기로 약정하였다.",
            "그 후 원고는 1997. 12. 30. 소외 2 주식회사와 사이에, 제공품, 선금금계정 가운데 제작이 불가능하거나 부적절하여 발행이 취소된 도서분을 반영하여 총 계약금액을 10,194,174,414원으로 감액하는 내용의 변경계약을 체결하였다.",
            "원고는 위 부실채권 중 소외 20에 대한 채권 700만원, 소외 19에 대한 채권 2,783만원, 소외 23 등에 대한 채권 2,331만원 합계 5,814만원의 채권을 회수할 수 없는 채권이라고 하여 대손금으로 손금산입하였다.",
            "갑 제3호증의 1의 기재에 변론 전체의 취지를 종합하면, 일반적으로 주문생산방식에 따른 판매의 경우 제품상의 하자를 제외하고는 반품을 인정하지 않는데, 이 사건 해외판매분은 소외 2 주식회사의 해외지사의 주문에 의하여 별도로 제작된 제품인 사실, 또한 이 사건 해외판매분은 해외 광고수주분을 해외에서 별도로 인쇄하기 때문에 국내판매분에 비하여 그 지면이 60% 정도로 적다.",
            "갑 제27호증의 1 내지 4의 각 기재에 의하면, 소외 24가 1997. 12. 31. 폐업되고 1998. 6. 30. 부도가 발생한 사실, 원고가 1997. 4. 30. 소외 2 주식회사로부터 위 출판사업부문을 양수하면서 소외 2 주식회사의 소외 24에 대한 외상매출채권 192,000,000원을 양수하고, 그 중 일부를 회수하여 2002. 12. 31. 현재 미회수잔액이 61,534,310원인 사실을 인정할 수 있다.",
            "원고는 특정업체로부터 기증받은 상품(협찬품)을 월간지 등의 지면에 게재하고 추첨을 통하여 독자에게 제공하였고, 이에 대하여 피고는 게재한 협찬품이 사실상 광고대가를 현물로 받은 광고수입에 해당한다고 보아 위 협찬품 가액에 상응한 매출세액 265,691,094원을 가산하여 이 사건 각 부가가치세를 부과하였다.",
            "또한 피고가 이 사건 각 부가가치세를 경정·고지하면서 매출세액에 가산한 단가할인광고매출, 이의제기된 광고매출, 단행본광고매출, 협찬품 부분 매출세액과 광고대행사부도로 인한 대손금 부분 중 일부에 대한 매출세액을 공제하고, 매입세액에 판촉물제작비 부분을 가산하여 정당한 부가가치세액을 계산하면 별지1 부과처분내역 중 부가가치세 해당부분 및 별지2-4 내지 2-9의 각 세액계산표와 같다."
        ]
    },
    "dcss": {
        "courtDcss": [
            "먼저, 무리게재광고 주장 부분에 관하여 보건대, 원고가 발행하는 월간지에 대한 광고 게재는 그 특성상 편집부터 간행까지 통상 수일이 소요되므로 광고주의 일방적인 계약해지로 인하여 갑작스런 공면(공면)이 발생하더라도 광고주와 충분한 사전협의 등을 거쳐 광고게재 여부 및 게재면에 대한 조정이 가능하다.",
            "또한 월별·계절별 광고전략 및 유행의 변화에 따라 새로이 디자인된 광고물 인쇄용 필름을 사용하여야 하므로 필름의 수수단계에서 이미 광고주 또는 광고대행사의 광고수주에 대한 승인이 있었다고 보아야 하는 점, 피고가 이 사건 세무조사 당시 공면채우기광고, 서비스광고, 클레임광고 등에 대하여는 익금산입 대상에서 제외한 점 등에 비추어 본다.",
            "이 부분에 대한 피고의 조치는 적법하고, 갑 제4호증의 1, 2, 갑 제12호증의 3의 각 기재만으로는 원고의 무리게재광고에 해당하여 매출로 볼 수 없다는 주장을 인정하기에 부족하다. ",
            "따라서 원고의 이 부분 주장은 이유 없다.",
            "앞서 인정된 사실에 의하면, 원고는 소외 7 주식회사 등 거래처에 대하여 거래수량 또는 거래금액에 따라 광고게재원표에는 임시로 정상가격을 기재하였다가 추후 매출취소하는 방법으로 매출에누리 또는 매출할인을 해준 사실이 인정된다.",
            "이와 같은 접대비에 해당하기 위하여는 지출의 상대방이 사업에 관계가 있는 자 등이고, 지출의 목적이 사업관계자 등과의 사이에 친목을 도모하고 거래관계를 원활히 진행하기 위한 것이며, 행위의 형태가 접대·향응·위안·증정 기타 이와 유사한 행위로 지출하는 비용이어야 할 것이고, 위 요건에 해당하는지 여부는 지출의 동기, 금액, 형태, 효과 등 구체적 사정을 종합하여 이를 판단하여야 한다.",
            "반면 광고선전비란 자기의 상품·제품·용역 등의 판매촉진이나 기업 이미지 개선 등 선전효과를 위하여 불특정다수인을 상대로 지출하는 비용을 말하고, 접대비와는 불특정다수인을 상대로 구매의욕을 자극하기 위한 목적의 지출이라는 점에서 구별된다.",
            "위에서 인정한 바와 같이, 출판사업과 광고사업을 영위하고 있는 원고로서는 그가 발행하는 단행본 및 월간지의 홍보·견본 및 판매촉진을 위하여 여론주도층인 언론매체의 신간담당자 및 문학평론가 등에게 무상으로 단행본 및 월간지를 배부할 필요가 크다고 할 것이다.",
            "위 인정사실에 의하면, 원고가 공통영업비등으로 계상한 비용 가운데 판촉물제작비 중 196,691,918원은 원고 발행의 월간지 등의 판매와 관련하여 지급하는 사은품, 답례품 등의 증정에 따른 지출액으로 판매부대비용에 해당하고, 경조화환비 중 38만원은 원고 직원의 복리후생비로 손금에 산입되어야 할 것이다. ",
            "그러나 위 금액 이외의 나머지 비용은 위 계상액 등의 지출건별로 그것이 원고 주장의 업무처리에 소요되었고 또한 불가피한 지출이었음을 입증할 수 있는 객관적인 자료(품의서, 출장복명서 등)가 없는 이상, 지출대상이 거래처 등 특정인에게 한정되고 지출내용이 주로 음식·숙박비 등이므로 접대비에 해당한다고 봄이 상당하다. 따라서 원고의 이 부분 주장은 위 인정범위 내에서 이유 있다.",
            "위 인정사실에 의하면, 원고가 위와 같이 소외 1 주식회사 등 광고대행사들을 통하여 광고를 공급한데 대한 광고대금채권은 채무자인 광고대행사들의 사업의 폐지 또는 부도로 인하여 회수할 수 없는 채권이 되었다고 할 것이므로 위 광고대금채권은 대손금으로서 손금에 산입되어야 할 것이다. 따라서 원고의 이 부분 주장은 위 인정범위 내에서 이유 있다.",
            "위 나.의 (4)항에서 본 바와 같이, 원고가 대손세액공제 신고한 매출채권이 대손금으로 보아야하는 이상, 그 대손금 중 규정에 따라 계산한 그 금액의 일부를 대손세액으로 매출세액에서 차감하여야 할 것이다.",
            "따라서 피고가 이 사건 1999. 1기분 대손세액의 매출세액 공제를 부인한 것은 위에서 원고가 대손사실을 증명하는 서류를 제출한 사실이 인정되는 388,710,366원(1,275,000원 + 379,123,548원 + 8,311,818원)의 매출채권에 대한 매출세액인 35,337,306원(388,710,366원 ⅹ 10/110)에 한하여 위법하다 할 것이고, 결국 원고의 이 부분 주장은 위 인정범위 내에서 이유 있다.",
            "납세자가 정상적인 경제인의 합리적 거래형식에 의하지 아니하고 부자연스럽고 불합리한 행위계산을 하여 경제적 합리성을 무시하였다고 인정되는 경우에 적용되는 것으로, 경제적 합리성의 유무는 거래행위의 제반 사정을 구체적으로 고려하여 과연 그 거래행위가 건전한 사회통념이나 상관행에 비추어 경제적 합리성을 결여한 것인지 여부에 의하여 판단하여야 할 것이다( 대법원 2000. 11. 14. 선고 2000두5494 판결 등 참조).",
            "그리고 구 법인세법 시행령 제88조 제1항 제4호 소정의 불량채권을 양수한 경우라 함은 거래일 현재 채무자의 재산 및 영업상태로 보아 정상적인 회수가 곤란하다고 인정되는 채권으로서 사실상 휴·폐업상태에 있는 거래처에 대한 매출채권, 부도 어음 및 수표금채권 등을 적정한 평가 없이 장부가액으로 인수하는 경우 등을 말한다.",
            "그러나 소외 23 등에 대한 나머지 외상매출채권 2,331만 원의 경우는 원고가 소외 2 주식회사와 출판사업부문의 변경계약을 체결한 후인 1998. 3.경부터 채권회수의 가능성이 없게 된 것이므로, 원고가 소외 23 등에 대한 나머지 외상매출채권을 장부가액대로 인수하였다고 하여 경제적 합리성을 결여한 행위에 해당한다고 보기 어렵고, 따라서 피고가 이 부분을 손금불산입한 것은 위법하다.",
            "그러므로 원고의 이 부분 주장은 위 인정범위 내에서 이유 있다.",
            "업무무관가지급금에 관한 법인세법(1998. 12. 28. 법률 제5581호로 전문 개정되어 2006. 12. 30. 법률 제8141호로 개정되기 전의 것) 제28조 제1항 제4호 나목 , 구 법인세법 시행령 제53조 제1항 의 규정은 특수관계에 있는 자에게 명칭여하에 불구하고 당해 법인의 업무와 관련이 없는 자금을 대여한 경우 그 대여액에 해당하는 차입금의 지급이자에 대하여는 이를 손금불산입하도록 규정하고 있다.",
            "여기서 당해 법인의 업무와 관련이 없는 자금의 대여액에는 순수한 의미의 대여금은 물론 채권의 성질상 대여금에 준하는 것도 포함되고, 또 특수관계에 있는 자로부터 적정한 이자율에 따른 이자를 받으면서 가지급금을 제공한 경우도 포함되며, 이때 가지급금의 업무관련성 여부는 당해 법인의 목적사업이나 영업내용을 기준으로 객관적으로 판단하여야 한다( 대법원 2003. 3. 11. 선고 2002두4068 판결 참조).",
            "특수관계에 있는 자에게 금전을 대여하였는지 여부를 판단함에 있어서는 세법 중 과세표준의 계산에 관한 규정은 소득·수익·재산·행위 또는 거래의 명칭이나 형식에 불구하고 그 실질내용에 따라 적용하도록 규정한 국세기본법 제14조 제2항 소정의 실질과세의 원칙에 입각하여 해석하여야 할 것이다.",
            "따라서 피고가 적정회수기간 75일을 초과한 매출채권에 대하여 부당행위계산부인을 하고 업무무관가지급금으로 보아 그에 대한 인정이자를 익금산입하고 지급이자를 손금불산입한 것은 적법하고, 원고의 이 부분 주장은 이유 없다.",
            "이 사건에 있어, 소외 2 주식회사가 불량채권을 정상채권으로 양도함으로써 이면의 경제적인 관점에서는 양도차익 상당을 대여받았다고 볼 수도 있으나, 원고의 위 외상매출채권의 양수행위를 무효로 보아야 할 아무런 근거가 없는 이상 이를 소외 2 주식회사에 대한 우회적, 간접적 대여행위로 해석할 수는 없다 할 것이다.",
            "따라서 피고가 위 외상매출채권의 미회수기간 동안 소외 2 주식회사에 대한 대여금으로 보아 인정이자를 익금산입하고 지급이자를 손금불산입한 것은 위법하므로, 원고의 이 부분 주장은 이유 있다.",
            "원고가 협찬업체로부터 기증받은 협찬품을 원고의 월간지 등의 지면에 게재하고 추첨을 통하여 독자에게 제공한 사실에 대하여는 당사자 사이에 다툼이 없다.",
            "구 부가가치세법 제7조 제3항 은 대가를 받지 아니하고 타인에게 용역을 공급하거나 고용관계에 의하여 근로를 제공하는 것은 용역의 공급으로 보지 아니한다고 규정하고 있는바, 원고의 협찬품 게재행위가 대가를 받은 유상의 광고용역의 공급에 해당하는 경우에는 부가가치세 과세대상이 된다고 할 것이다.",
            "협찬품 게재행위가 대가를 받고 이루어진 것이라고 하기 위해서는 그 공급한 용역과 협찬업체로부터 제공받은 협찬품의 취득이 서로 실질적, 경제적 대가관계에 있어야 한다.",
            "따라서 협찬품 게재행위는 구 부가가치세법 제7조 제1항 , 제12조 제1항 제7호 단서 규정에 의하여 과세대상이 되는 용역의 공급인 광고에 해당된다.",
            "다만, 구 부가가치세법 제13조 제1항 은 재화 또는 용역의 공급에 대한 부가가치세의 과세표준은 다음 각호의 가액의 합계액으로 한다고 규정하면서, 그 제2호 로 금전 이외의 대가를 받은 경우에는 자기가 공급한 재화 또는 용역의 시가를 들고 있다.",
            "따라서 사업자가 용역을 공급하고 금전 이외의 대가를 받은 경우에는 그 대가로 받은 현물 등의 가액이 아니라 자기가 공급한 용역의 시가가 과세표준으로 되고, 그 시가는 정상적인 거래에 의하여 형성된 객관적인 교환가격을 의미한다 할 것이다.",
            "결국 이 사건 협찬품 게재행위의 과세표준은 협찬품 게재행위의 시가인 당해 협찬품에 대한 광고료를 기준으로 계산하여야 할 것임에도, 피고가 협찬품의 가액을 기준으로 협찬품 게재행위의 과세표준을 산정한 것은 위법하고(달리 이 사건 협찬품 게재행위의 시가를 산정할 수 있는 아무런 자료가 없다), 원고의 이 부분 주장은 이유 있다."
        ]
    },
    "close": {
        "cnclsns": [
            "제1심 판결을 다음과 같이 변경한다.",
            "가. 피고가 원고에 대하여, ",
            "(1) 2001. 9. 1.에 한 1997 및 1998 사업연도 각 법인세의 별지1 부과처분내역의 경정세액 란 기재 각 금액 중 정당세액란 기재 각 금액을 초과하는 부분을 취소한다.",
            "(2) 2002. 5. 1.에 한 1999 사업연도 법인세의 별지1 부과처분내역의 경정세액 란 기재 금액 중 정당세액 란 기재 금액을, 초과하는 부분을 취소한다.",
            "(3) 2001. 9. 1.에 한 1997년 제1기부터 1999년 제2기까지의 각 부가가치세의 별지1 부과처분내역의 세액 란 기재 각 금액 중 정당세액 란 기재 각 금액을 각 초과하는 부분을 취소한다.",
            "원고의 나머지 청구를 기각한다.",
            "소송비용은 제1, 2심을 통틀어 40%는 원고가, 나머지는 피고가 각 부담한다."
        ]
    }
}