{
    "info": {
        "caseField": "3",
        "detailField": "5",
        "trailField": "2",
        "caseNm": "부가가치세환급경정거부처분취소",
        "courtNm": "부산고등법원",
        "judmnAdjuDe": "2007. 06. 22.",
        "caseNo": "2006누4776",
        "relateLaword": [
            "부가가치세법(2006. 3. 24. 법률 제7876호로 개정되기 전의 것, 이하  법 이라 한다) 제9조 ",
            "부가가치세법 제16조",
            "부가가치세법 제17조",
            "부가가치세법 시행령 제60조"
        ],
        "qotatPrcdnt": []
    },
    "concerned": {
        "acusr": "1",
        "dedat": "3"
    },
    "org": {
        "orgJdgmnCourtNm": "창원지방법원",
        "orgJdgmnAdjuDe": "2006. 9. 14.",
        "orgJdgmnCaseNo": "2006구합314"
    },
    "disposal": {
        "disposalform": "10",
        "disposalcontent": [
            "원고가 000에게 공사대금을 제때 지급하지 못하여 원고와 000의 사이가 나빠졌고, 그로 인하여 000이 위 과세기간내에 원고에게 쟁점 세금계산서를 교부하지 아니하였을 뿐만 아니라 원고도 000에 대하여 쟁점 세금계산서를 교부해 줄것을 요구하지 아니하였던 사실이 인정된다. 따라서, 원고가 000로부터 쟁점 세금계산서를 위 과세기간 내에 교부받았음을 전제로 하는 원고의 주장은 이유 없다. 원고의 항소를 기각한다.",
            "항소비용은 원고가 부담한다."
        ]
    },
    "mentionedItems": {
        "rqestObjet": [
            "제1심 판결을 취소한다. 피고가 2005. 9. 30. 원고에 대하여 한 부가가치세 103,258,181원의 환급경정거부처분을 취소한다."
        ]
    },
    "assrs": {
        "acusrAssrs": [
            "원고는 000로부터 위 근린생활시설의 공급시기가 속하는 과세기간 내인 2004. 9. 16. 쟁점 세금계산서를 교부받았으나 이를 분실하였고, 원고는 그 분실사실조차 알지 못하여 2004. 2기분 부가가치세 신고시 이를 누락하였다가, 그 후 000로부터 그가 보관하고 있던 공급자 보관용 세금계산서에 원본과 같다는 확인을 받은 다음 이를 첨부하여 위와 같은 경정청구를 하였던 것이다.",
            "이처럼 원고가 000로부터 위 근린생활시설의 공급시기가 속하는 과세기간 내에 쟁점 세금계산서를 교부받은 것은 틀림없는 사실이므로, 이와 다른 전제에서 나온 이 사건 처분은 위법하다."
        ],
        "dedatAssrs": []
    },
    "facts": {
        "bsisFacts": [
            "원고는 (이름 생략) 이라는 상호로 부동산매매업 등에 종사하는 자로서, 000(이하 'OOO' 이라 한다)에게 0000 (이하 생략) 지상의 근린생활시설 신축공사를 공사대금 2,226,400,000원(부가가치세 포함)에 도급하여, 2004. 9. 21. 그 준공검사를 마치고 2004. 9. 21. 위 근린생활시설에 대한 소유권보존등기를 마쳤다.",
            "한편, 원고는 2005. 7. 29. 피고에 대하여, 2004. 2기분 부가가치세 신고시 위 공사대금 중 잔금에 대한 매입세액 공제가 누락되었다고 주장하면서 000이 2004. 9. 16. 발행하였다는 세금계산서(공급가액 1,032,581,818원, 부가가치세액 103,258,182원, 이하 '쟁점 세금계산서' 라고 한다)를 첨부하여 과세표준 및 세액의 경정청구를 하였다.",
            "이에 피고는 2005. 9. 28. 쟁점 세금계산서는 위 근린생활시설의 공급시기가 속하는 과세기간 내에 교부되지 아니한 세금계산서로서 그 계산서상의 매입세액은 공제대상이 아니라는 이유로 원고의 경정청구를 거부하는 통지(이하 '이 사건 처분' 이라 한다)를 하였다."
        ]
    },
    "dcss": {
        "courtDcss": [
            "부가가치세법(2006. 3. 24. 법률 제7876호로 개정되기 전의 것, 이하 '법' 이라 한다) 제9조 제2항 은 용역이 공급되는 시기는 역무가 제공되거나 재화·시설물 또는 권리가 사용되는 때로 한다. 고 규정하고 있다.",
            "제16조 제1항 은 납세의무자로 등록한 사업자가 재화 또는 용역을 공급하는 때에는 제9조 에 규정하는 시기에 다음 각 호의 사항을 기재한 계산서(이하 '세금계산서' 라 한다)를 대통령령이 정하는 바에 의하여 공급을 받은 자에게 교부하여야 한다. ",
            "다만, 대통령령이 정하는 경우에는 그 교부시기를 달리할 수 있다. 고 규정하며, 제17조 제2항 은 다음 각 호의 매입세액은 매출세액에서 공제하지 아니한다 고 하였다.",
            "그 1의2호 에서 제16조 제1항 및 제3항 의 규정에 의한 세금계산서를 교부받지 아니한 경우 또는 교부받은 세금계산서에 제16조 제1항 제1호 내지 제4호 의 규정에 의한 기재사항(이하 필요적 기재사항 이라 한다)의 전부 또는 일부가 기재되지 아니하였거나 사실과 다르게 기재된 경우의 매입세액. 다만, 대통령령이 정하는 경우의 매입세액은 제외한다. 고 규정하고 있다.",
            "법 시행령 제60조 제2항 은 법 제17조 제2항 제1호의2 단서에 규정하는 대통령령이 정하는 경우는 다음 각 호의 1에 해당하는 경우를 말한다. 고 하면서 그 제3호 에서 재화 또는 용역의 공급시기 이후에 교부받은 세금계산서로서 당해 공급시기가 속하는 과세기간내에 교부받은 경우 로 규정하고 있다.",
            "이와 같은 관계 법령에 비추어 보면, 원고가 쟁점 세금계산서에 기하여 매입세액의 공제를 받기 위하여는 000로부터 위 근린생활시설 신축공사가 완공된 때가 속하는 과세기간인 2004. 7. 1.부터 2004. 12. 31.까지 사이에 쟁점 세금계산서를 교부받은 경우라야만 할 것이다.",
            "원고의 주장과 같이 원고가 000로부터 쟁점 세금계산서를 위 과세기간내인 2004. 9. 16.에 교부받은 사실이 있는지에 관하여는, 이에 부합하는 갑5호증, 갑8호증, 갑13호증, 갑15호증의 각 기재와 당심 증인 소외 1, 소외 2의 각 증언 및 제1심 법원의 000에 대한 사실조회결과는 믿지 아니하고, 갑9호증의 1, 2, 3의 각 기재만으로는 이를 인정하기에 부족하다.",
            "달리 이를 인정할 만한 증거가 없고, 오히려, 을1호증의 기재에 변론 전체의 취지를 종합하면, 원고가 000에게 공사대금을 제때 지급하지 못하여 원고와 000의 사이가 나빠졌고, 그로 인하여 000이 위 과세기간 내에 원고에게 쟁점 세금계산서를 교부하지 아니하였을 뿐만 아니라 원고도 000에 대하여 쟁점 세금계산서를 교부해 줄 것을 요구하지 아니하였던 사실이 인정된다.",
            "따라서, 원고가 000로부터 쟁점 세금계산서를 위 과세기간 내에 교부받았음을 전제로 하는 원고의 주장은 이유 없다."
        ]
    },
    "close": {
        "cnclsns": [
            "원고의 항소를 기각한다.",
            "항소비용은 원고가 부담한다. "
        ]
    }
}