{
    "info": {
        "caseField": "3",
        "detailField": "5",
        "trailField": "2",
        "caseNm": "상속세부과처분취소",
        "courtNm": "서울고등법원",
        "judmnAdjuDe": "2007. 07. 10.",
        "caseNo": "2006누4976",
        "relateLaword": [
            "구 국세기본법(1993. 12. 31. 법률 제4672호로 개정되기 전의 것. 이하 같다.) 제26조의2",
            "국세기본법 시행령 제12조의2",
            "구 상속세법(1993. 12. 31. 법률 제4662호로 개정되기 전의 것. 이하 같다.) 제25조의2",
            "구 상속세법시행령(1992. 12. 31. 대통령령 제13801호로 개정되기 전의 것. 이하 같다.) 제19조",
            "구 상속세법 제20조",
            "구 국세기본법시행령(1991. 12. 31. 대통령령 제13539호로 개정되기 전의 것. 이하 같다.) 제12조의2",
            "구 상속세법 제32조의2",
            "구 상속세법시행령 제5조"
        ],
        "qotatPrcdnt": [
            "서울고등법원 1999. 6. 29. 선고 97나37144 판결",
            "대법원 2000. 1. 14. 선고 99다43462 판결",
            "대법원 1990.1. 23. 선고, 89누 923 판결",
            "대법원 1993. 5. 27. 선고 93누3387 판결 ",
            "대법원 1999. 5. 28. 선고 97누16329 판결",
            "대법원 2000. 9. 8. 선고 98두16149 판결 ",
            "대법원 1993. 12. 21. 선고 93누10316 판결",
            "대법원 2000. 3. 10. 선고 98두19650 판결",
            "대법원 2000. 11. 28. 선고 99두3089 판결",
            "대법원 2006. 8. 24. 선고 2004두3625 판결 ",
            "대법원 1996. 9. 24. 선고 96누68 판결",
            "대법원 2002. 7. 12. 선고 2001두3570 판결 ",
            "대법원 2004. 9. 24. 선고 2002두12137 판결 ",
            "대법원 1996. 5. 10. 선고 93누4885 판결",
            "대법원 2006. 2. 9. 선고 2005두1688 판결",
            "대법원 2000. 11. 28. 선고 98두17937 판결",
            "대법원 1995. 3. 10. 선고 94누14896 판결 ",
            "대법원 1993. 3. 23. 선고 92누2653 판결",
            "대법원 1993. 12. 7. 선고 93누16925 판결 ",
            "대법원 1996. 8. 23. 선고 96누4411 판결"
        ]
    },
    "concerned": {
        "acusr": "1",
        "dedat": "1"
    },
    "org": {
        "orgJdgmnCourtNm": "서울행정법원",
        "orgJdgmnAdjuDe": "2006. 1. 18.",
        "orgJdgmnCaseNo": "2004구합29771 "
    },
    "disposal": {
        "disposalform": "10",
        "disposalcontent": [
            "피고가 2004. 3. 3. 1991년 귀속 상속세로서 원고 2에 대하여 한 161,338,677원의 부과처분 중 62,668,525원을 초과한 부분,  원고 3에 대하여 한 119,140,038원의 부과처분 중 57,679,636원을 초과한 부분을 각 취소한다.",
            "원고 2, 3의 각 나머지 청구를 모두 기각한다.",
            "피고의  원고 1, 4, 5에 대한 항소를 모두 기각한다.",
            "원고 2, 3과 피고 사이에 생긴 소송총비용은 이를 2분하여 그 1은 위 원고들이, 나머지는 피고가 각 부담하고, 원고 1,4, 5와 피고 사이에 생긴 항소비용은 모두 피고가 부담한다."
        ]
    },
    "mentionedItems": {
        "rqestObjet": [
            "피고가 2004. 3. 3. 1991년 귀속 상속세로서 원고 1에 대하여 544,622,255원, 원고 2에 대하여 161,338,677원, 원고 3에 대하여 119,140,038원, 원고 4에 대하여 300,538,537원, 원고 5에 대하여 88,848,308원을각 부과한 처분을 취소한다.",
            "제1심 판결을 취소한다. ",
            "원고들의 청구를 모두 기각한다."
        ]
    },
    "assrs": {
        "acusrAssrs": [
            "다음과 같은 사유로 이 사건 부과처분은 위법하다.",
            "이 사건 부과처분은 당초처분인 제1차 부과처분의 증액경정처분 형식으로 이루어졌는데, 피고가 제1차 부과처분을 함에 있어 납세고지서에 상속인들이 개별적으로 납부하여야 할 세액을 특정하지 아니하였고, 과세표준 및 세액의 계산명세서도 첨부하지 아니하여 위법한 부과처분을 하였다.",
            "이 사건 부과처분은 위와 같이 위법한 제1차 부과처분을 근거로 이루어진 것으로서 제1차 부과처분의 위법을 그대로 이어 받아 위법하고, 또한 이 사건 부과처분을 함에 있어서도 납세고지서에 원고들 등의 개별 상속세액이 특정된 상속세 계산명세서를 첨부하지 않아 위법하다.",
            "원고들에 대한 상속세부과처분은 피고 세무서장이 하여야 함에도 불구하고, 피고 세무서장은 2004. 3. 2. 원고 1에 대하여만 증액된 세액을 2,284,426,142원으로 하여 총 결정세액을 5,567,724,790원으로 한 이 사건 부과처분을 하였다.",
            "이에 따라 원고들에게 위 증액된 세액 전체가 표시된 납세고지서가 송달되었을 뿐이며, 원고들에게 별도로 송부된 상속세 과세표준과 세액의 계산명세서 와 상속인 또는 수유자별 상속세액 및 연대납세의무자 명단 은 피고의 직원이 피고 세무서장의 결재 없이 임의로 작성한 것이므로, 원고 1 외 나머지 원고들에 대하여는 상속세 부과처분이 부존재하거나 무효이다.",
            "국세기본법 제26조의2 제1항 제1호 나목 에 상속세 부과 제척기간이 10년인 경우로 대통령령이 정하는 허위신고 또는 신고누락 한 경우를 규정하고 있고, 국세기본법 시행령 제12조의2 제2호 에 권리의 이전이나 그 행사에 등기 등을 요하는 재산을 상속인 또는 수증자의 명의로 등기 등을 하지 아니한 경우이다.",
            "그 재산을 상속재산 또는 증여재산의 신고에서 누락한 경우 로 규정하고 있는바, 피고가 신고 누락되었다고 주장하는 부동산들은 모두 상속인 내지 수증자들 명의로 등기 등이 이루어진 것들이므로, 위 규정에 해당되지 않고 제척기간 5년에 해당하는 경우로 보아야 한다. 따라서 이 사건 부과처분은 제척기간을 도과한 후에 이루어진 것으로 무효이다.",
            "가사 그렇지 않다 하더라도, 원고들에 대한 제2차 부과처분은 총결정세액에서 제1차 부과처분의 고지세액 3,331,987,060원을 차감하여 증액된 부분을 고지세액으로 부과한 것이 아니라, 서울지방국세청장의 과세자료통보에 기재된 고지세액 3,283,298,640원을 차감하여 증액된 부분을 고지세액으로 부과한 것이다.",
            "제2차 부과처분은 제1차 부과처분을 당초 처분으로 한 것이 아니고 존재하지 아니한 처분을 당초 처분으로 하여 증액경정처분을 한 것으로 당연 무효라 할 것이다. 따라서 이 사건 부과처분은 국세기본법 제26조의2 제2항 이 적용되지 않아 제척기간인 10년을 도과한 것이 되어 무효이다.",
            "0000 임야 496,264㎡, 0000 잡종지 6,611.57㎡, 0000 답 2,979㎡, 0000 임야 5,266㎡는 상속개시일전 3년 이전에 증여된 것으로서 상속재산에 포함되는 사전증여재산이 아님에도 이 사건 부과처분을 함에 있어 위 토지들을 명의신탁재산으로 보아 상속재산에 포함하였다. ",
            "가사 명의신탁재산이라 하더라도 이미 당시 시행되던 상속세법에 따라 증여의제된 재산이므로 증여재산가액에 포함되어 상속세과세가액에 가산될 수는 있으나 상속재산 자체는 아니다.",
            "피상속인 소외 1이 1990. 2. 15. 소외 12와 사이에 0000 답 1217㎡ 토지에 관하여 매수인을 자신과 원고 1 공동 명의로( 소외 1 : 642/1217 지분, 원고 1 : 575/1217 지분) 매매대금 3,300만 원에 계약한 다음 위 매매대금을 모두 지급한 상태에서 이 사건 상속이 이루어졌다.",
            "그 이후 1996. 5. 16. 원고 1 명의로 위 토지에 대한 소유권이전등기가 경료 되었는바, 위 토지에 대한 구입자금 3,300만 원을 증여재산으로 증여세 부과하든지 상속개시 당시 소유권이전등기청구권의 시가를 상속재산으로 과세하여야 함에도 위 토지 자체를 상속재산으로 보아 이 사건 부과처분을 하였다.",
            "원고 1은 소외 1의 처가 아님에도 불구하고 소외 1의 상속인으로 보아 원고 1에게 이 사건 상속세를 부과한 것은 잘못이다.",
            "이 사건 부과처분을 함에 있어 0000 잡종지 6,611.57㎡에 대하여 1990년도 개별공시지가 10만 원(㎡당)을 적용하여 상속재산을 평가하였으나, 1991년도 개별공시지가(1991. 6. 29.고시)는 45,000원(㎡당)인바, 개발공시지가의 고시가 상속개시시점 이후에 있었다 하더라도 상속개시일이 속한 1991년도 개별공시지가를 적용하여 상속재산을 평가하여야 한다."
        ],
        "dedatAssrs": [
            "원고 5는 이 사건 부과처분과 관련하여 전심절차를 거치지 않았으므로 위 원고의 이 사건 소는 부적법하여 각하되어야 한다.",
            "다른 한편, 피고는 별지 제5목록 상속받은 재산가액표 순번 22) 기재 부동산도 추가로 드러난 소외 1의 상속재산 또는 유증재산이라는 취지로 주장하며 위 부동산의 가액을 추가상속재산 가액에 산입하여 이 사건 부과처분 세액을 산정하고 있다."
        ]
    },
    "facts": {
        "bsisFacts": [
            "소외 1은 1970. 12. 6. 원고 1과 혼인하여 그 사이에 2남 1녀의 자녀인 원고 2, 3, 4를 두었는데 고등학교 교사로 재직 중이던 1981. 8.경 원고 1과 이혼한 후 1983년경 0000에서 영어교재 등을 발간하는 소외 6 주식회사를 설립하여 출판업에 종사하였다. ",
            "그 후 소외 1은 1987년경 서울로 이전하여 소외 7 주식회사를 설립하여 자신의 동생들인 소외 2, 3, 4(이하 소외 1의 동생 3인을 모두 지칭할 경우 동생들 이라고 한다) 등과 함께 이를 운영하다가 1990. 11.경 폐암진단을 받았고, 한편, 같은 해 9.경 소외 8과 사이에 원고 5를 출산하기도 하였다.",
            "소외 1은 1991. 4. 30. 000에서 입원치료를 받았다.",
            "1991. 5. 초순경 병세가 악화되자 동생인 소외 3으로 하여금 자신 또는 자신의 형제들 명의로 되어 있는, 자신이 관여된 부동산에 관한 등기부등본, 토지대장 등본, 건축물관리대장 등본을 발급받아 오게 하였다.",
            "이에 터잡아 위 각 부동산과 출판사의 운영 및 그 수익금의 처리에 관한 유언서 초안을 완성한 다음 이를 유언공정증서로 작성하기로 하였다.",
            "소외 3을 통하여 변호사 소외 9에게 유언서 초안을 교부하고 유언공정증서의 작성을 의뢰하였다.",
            "한편, 변호사 소외 9는 소외 1 소유의 부동산 중 이미 원고들과 소외 1의 동생들 명의로 소유권이전등기가 경료된 부동산에 대하여 상속세, 증여세 등의 세금이 부과될 것을 방지하기 위한 세무관련 자료로 활용할 목적으로 소외 1 명의로 남아있는 부동산에 대해서만 따로 유언공정증서(증서 1991년 제772호)를 작성하였다.",
            "이 사건 유언공정증서에 의하면, 소외 1은 자신이 사망할 경우 그 명의로 된 부동산에 대하여 이를 자녀들에게 각 유증하는 한편, 다른 사람 명의의 부동산에 대하여 이를 각 명의자 소유로 인정하되 일부 부동산에 대하여는 명의자 외의 사람의 소유로 인정한다고 기재되어 있는바, 그 주요 내역을 보면 아래와 같다.",
            "첫째, 소외 1 자신의 명의로 되어 있는 별지 제2목록 당초과세대상재산내역 기재 순번 1 내지 12 기재 각 부동산은 자녀들인 원고 2에게 40/100, 원고 3에게 30/100, 원고 4에게 16/100, 원고 5에게 14/100 지분씩 각 유증한다.",
            "같은 목록 순번 14 기재 부동산은 원고 2에게, 순번 15, 16 기재 각 부동산은 원고 3에게, 순번 18 기재 부동산은 원고 5에게 각 유증한다.",
            "둘째, 별지 제5목록 상속받은 재산가액표 기재 순번 8) 내지 33) 기재 각 부동산과 같이 동생들 명의로 된 각 부동산은 각 명의자의 소유로 인정한다. ",
            "셋째, 동생들 공유로 등기된 0000 답 593평{별지 제5목록 순번 10) 부동산}에 대하여는 자녀들에게 위 지분비율에 따라 유증한다.",
            "넷째, 원고 소외 3 명의로 된 0000 36.99㎡{별지 제5목록 순번 19) 부동산}에 대하여는 장남인 원고 2에게 유증한다.",
            "그런데 위 소송의 제1심은 1997. 7. 3. 위 부동산이 실질적으로 소외 1 소유로서 동생들에게 명의신탁된 것으로 사실인정을 하면서도 이 사건 유언공정증서가 적법 유효하게 작성되었다는 이유로 위 원고들의 청구를 기각하였다.",
            "이 사건 유언공정증서에서 자녀들에게 유증한다고 기재된 0000 답 593평 및 0000 36.99㎡에 대하여는 원고 2, 3, 4의 청구를 인용하는 판결을 선고하였다.",
            "위 원고들이 볼복하여 계속된 항소심( 서울고등법원 1999. 6. 29. 선고 97나37144 판결 )에서도 같은 이유로 항소기각 판결이, 상고심( 대법원 2000. 1. 14. 선고 99다43462 판결 )에서도 같은 이유로 상고기각 판결이 각 선고됨으로써 제1심 판결이 그대로 확정되었다.",
            "한편, 원고들은 1991. 11. 9. 피고에게 장남인 원고 2를 신고인으로 하고 상속인을 원고 2 외 4인 으로 기재하여 상속세 1,949,933,592원을 신고하였는데(별지 제1목록 상속세 부과처분 경위 ①란 기재 참조), 위와 같이 상속세 신고를 하면서 원고 1이 망 소외 1의 처로, 나머지 원고들이 망인의 직계비속으로 각 등재되어 있는 망인의 호적등본을 첨부하였다.",
            "서울지방국세청은 1993. 5.경 피고에게, 위 상속세 신고에 대한 세무조사결과 일부 상속재산 누락이 발견되는 등 상속세 신고가 잘못되었다는 이유로, 원고들에 대하여 상속세 3,283,298,658원{=상속세 결정세액 2,589,808,768원 + 신고불성실 가산세 125,863,809원 + 납부불성실 가산세 567,686,081원(1997. 5. 15. 결정 기준)}을 부과할 것을 통보하였다.",
            "원고들은 위와 같은 형식의 납세고지에 대하여 아무런 이의를 하지 아니한 채 1993. 7. 24. 상속세 연부연납신청을 하자, 이에 피고는 같은 해 7. 31. 이미 납부한 4,000,000원을 차감한 3,327,987,060원에 대하여 3년 동안 3회에 걸쳐 납부하는 연부연납을 허가하고, 같은 해 8월 이를 통지하였다.",
            "그 후, 서울지방국세청장은 2001. 10.경 피고에게, 망 소외 1이 원고 5를 제외한 나머지 원고들과 소외 1의 동생들인 소외 3, 2, 4에게 명의신탁한 상속재산 등이 추가로 발견되었다며 원고들과 소외 3 등에 대하여 상속세 2,408,774,470원(=상속세 결정세액 4,204,406,531원 + 신고불성실가산세 등 1,487,666,600원 - 제1차 부과처분 3,283,298,658원)을 증액경정할 것을 통보하였다."
        ]
    },
    "dcss": {
        "courtDcss": [
            "공동상속의 경우 상속세 부과처분에 대한 불복은 상속인 각자가 자기의 납부의무 있는 세액에 관하여 제기하는 것이 원칙이나 심사청구와 심판청구 등 전심절차에 있어서는 공동상속인을 대표하여 상속세의 과세표준과 세액의 결정통지를 받을 수 있는 자가 통지를 받고 전심절차를 거친 때에는 나머지 상속인들은 구태여 동일한 전심절차를 거칠 필요가 없다.",
            "과세관청이 과세표준과 세액을 결정한 후 그 과세표준과 세액에 탈루 또는 오류가 있는 것이 발견되어 이를 증액하는 경정처분이 있다.",
            "그 증액결정처분은 당초 처분을 그대로 둔 채 당초처분에서의 과세표준과 세액을 초과하는 부분만을 추가로 확정하는 처분이 아니고 재조사에 의하여 판명된 결과에 따라서 당초처분에서의 과세표준과 세액을 포함시켜 전체로서의 과세표준과 세액을 결정하는 것이다.",
            "한편 공동상속인에 대하여 각자의 납세의무를 구체적으로 확정시키는 효력을 지니는 납세고지는 공동상속인별로 각자에게 개별적으로 납부하여야 할 세액을 구분, 특정하여야 하고 상속세 총액을 상속인들에게 일괄 부과하는 것은 위법하다 할 것이다( 대법원 1993. 12. 21. 선고 93누10316판결 , 2000. 3. 10. 선고 98두19650판결 등 참조).",
            "이 사건의 경우, 위에서 인정한 바와 같이 피고는 1993. 7. 1. 원고들에 대하여 제1차 부과처분을 함에 있어 납세의무자를 원고 2 외 4 로만 표시된 납세고지서를 원고 2에게만 송달하였고, 또한 위 납세고지서에는 상속세총액과 그 산출근거만을 기재하였을 뿐이다.",
            "원고들의 각 상속지분에 따른 납부세액과 계산의 명세서가 첨부되어 있지 아니한 이상, 제1차 부과처분의 납세고지는 원고들 각자에 대하여 그 상속재산의 점유비율에 상응하여 세분된 세액을 특정하지 아니하여 위법하다 할 것이다.",
            "다만, 구 상속세법(1993. 12. 31. 법률 제4662호로 개정되기 전의 것. 이하 같다.) 제25조의2 , 구 상속세법시행령(1992. 12. 31. 대통령령 제13801호로 개정되기 전의 것. 이하 같다.) 제19조 제1항 , 제2항 제1호 에 의하면, 세무서장은 과세표준과 세액의 통지를 함에 있어서 상속인이 2인 이상인 경우에는 법 제20조 의 규정에 의하여 상속세에 관한 신고서를 제출한 자 등 1인에게만 통지할 수 있다.",
            "또한 피고가 위 부과처분 당시 각 상속인별로 부담할 구체적 세액을 납세고지서에 기재하거나 그것이 기재된 계산명세서를 첨부하지 아니한 것은 납세고지절차상의 하자에 불과한 것으로, 그러한 하자는 중대·명백한 하자라고는 볼 수 없어 제1차 부과처분이 당연무효라고 할 수도 없다( 대법원 2000. 11. 28. 선고 99두3089 판결 참조).",
            "위와 같은 방식에 따라서 공동상속인에 대하여 한 납세고지는 적법한 부과고지와 징수고지로서의 효력을 아울러 가진다고 할 것이다( 대법원 1993. 12. 21. 선고 93누10316 전원합의체 판결 , 1996. 9. 24. 선고 96누68 판결 , 2002. 7. 12. 선고 2001두3570 판결 등 참조).",
            "따라서 원고들의 위 부분 주장도 이유 없다.",
            "이 부분 원고들의 주장 내용과 같은 사실을 인정할 증거가 없을 뿐만 아니라, 오히려 을 1호증, 을 2호증의 1 내지 9, 을 18호증의 각 기재에 변론 전체의 취지를 종합하면, 이 사건 부과처분은 피고 내부의 정당한 결재권을 가진 공무원의 정당한 결재과정을 거쳐 이루어진 사정이 인정되므로, 원고들의 이 부분 주장도 이유 없다.",
            "구 국세기본법 제26조의2 제1항 제1호 단서 (나)목에 의하면, 상속세는 이를 부과할 수 있는 날부터 5년간의 제척기간이 만료된 날 후에는 부과할 수 없는 것으로 하고, 다만, 구 상속세법 제20조 의 규정에 의하여 신고서를 제출한 자가 대통령령이 정하는 허위신고 또는 신고누락을 한 경우에는 그 제척기간이 10년으로 연장된다고 규정하고 있다.",
            "이 사건 상속재산으로 신고가 되지 아니 하고 누락된 부동산들에 관하여 모두 상속인 내지 수유자인 원고들 또는 동생들 명의로 소유권이전등기가 마쳐져 있었다고 하더라도, 이러한 부동산을 상속재산으로 신고하지 아니한 이상 위 국세기본법 소정의 허위신고 또는 신고누락 에 해당한다고 할 것이어서, 이를 바로잡기 위한 상속세부과처분의 제척기간은 10년이 된다고 할 것이다.",
            "또한 납세의무가 승계되는 등의 특별한 사정이 없는 한, 당해 판결 등을 받은 자로서 그 판결 등이 취소하거나 변경하고 있는 과세처분의 효력이 미치는 납세의무자에 대하여서만 그 판결 등에 따른 경정처분 등을 할 수 있을 뿐이다.",
            "그 취소나 변경 대상이 되고 있는 과세처분의 효력이 미치지 아니하는 제3자에 대하여서까지 위 규정을 적용할 수 있는 것은 아니라 할 것이다( 대법원 1996. 9. 24. 선고 96누68 판결 , 2006. 2. 9. 선고 2005두1688 판결 등 참조).",
            "따라서, 과세제척기간이 도과된 후의 부과처분이라는 취지의 원고들의 주장 중 원고 5 부분은 이유 있고 나머지 원고들 부분은 이유 없다.",
            "토지에 대한 상속개시 당시에는 당해 연도의 개별공시지가가 고시되지 아니하였다가 상속개시 이후에 비로소 공시기준일을 같은 해 1. 1.로 한 개별공시지가가 고시되었다고 한다.",
            "상속개시 당시 고시되어 있던 전년도 개별공시지가보다는 당해 연도의 개별공시지가가 상속개시 당시 토지의 현황을 더 적정하게 반영하여 시가에 근접한 것이라고 보아야 할 것이다( 대법원 1996. 8. 23. 선고 96누4411 판결 , 2000. 2. 11. 선고 98두16774 판결 등 참조).",
            "따라서, 원고들의 위 주장들 중 원고 5에 대한 부과처분은 과세제척기간을 도과하여 무효라는 점, 원고 1은 소외 1의 상속인이 아니라는 점, 0000 토지가 원고 1의 상속재산 또는 수유재산이 아니라는 점, 0000 잡종지에 대한 평가는 1991년도 개별공시지가인 ㎡당 45,000원을 기준으로 이루어져야 한다는 점 등은 이유 있고 나머지 부분은 모두 이유 없다.",
            "피고가 제1차 부과처분의 기준이 된 소외 1의 상속재산을 합계 6,292,599,074원으로 평가하여 상속세를 결정한 사실은 위에서 인정한 바와 같다.",
            "한편, 같은 목록 순번 17 기재 부동산은 당초 과세처분시에는 ㎡당 100,000원으로 하여 그 가액을 산정하였으나, 위에서 살펴본 바와 같이 그 ㎡당 가액을 45,000원으로 하여 새로 산정한 가액을 각 해당자인 원고 1, 4에게 각 2분의 1 지분씩 귀속되게 함이 타당할 것인바, 그렇다면 당초과세처분대상재산의 가액합계는 별지 제2목록에서 보는 바와 같이 5,928,962,724원이 된다.",
            "살피건대, 갑 제14호증의 기재에 변론 전체의 취지를 종합하면, 소외 1이 작성한 이 사건 유언공정증서에 위 각 부동산에 대하여 동생들의 소유임을 인정한다는 취지의 문언이 기재되어 있는 사실이 인정되나, 한편 을 26호증, 을 32호증의 1, 을 33호증의 1, 을 제34호증, 을 제36호증의 6, 을 38호증, 을 39호증의 1, 2, 을 40, 을 42호증의 1, 2, 3의 각 기재에 변론 전체의 취지를 종합한다.",
            "위 인정 사실에 의하여 알 수 있는 다음과 같은 사정, 즉, 첫째, 소외 2 명의로 등기된 별지 제5목록 기재 순번 17) 부동산에 관하여 보면, 위 부동산의 취득 당시인 1983. 6. 17.경에는 아직 소외 1이 출판업을 통하여 자력을 충분히 형성하기 이전으로서 경찰공무원이던 소외 2가 그 소유의 0000 소재 주택을 처분하여 그 자금으로 마련한 것으로 볼 수 있다.",
            "나아가 위 부동산의 수분양권 역시 소외 1로부터 소외 4에게 명의신탁된 것이라고 볼 충분한 증거도 없는 점 등을 고려해 볼 때, 위 3건의 각 부동산은 동생들 각자의 고유의 재산이라고 봄이 타당하다 할 것이므로, 상속인 또는 수유자별 귀속재산 가액을 산정함에 있어서 위 각 부동산의 가액은 모두 공제되어야 할 것이다.",
            "위에서 본 바와 같이 위 부동산은 피고가 제1차 과세처분을 할 때 이미 과세대상 상속재산에 포함되었으므로(별지 제2목록 순번 17 기재 부동산 참조), 이 사건 과세처분과 관련하여 새로이 과세대상 상속·수유재산으로 평가할 수는 없다.",
            "위 인정 사실에 따라 알 수 있는 여러 사정을 참작하여 원고들 및 동생들에게 부과할 수 있는 정당한 세액을 새로이 산정해 보면, 별지 제1목록 상속세 부과처분 경위 표 순번 ⑥의 각 난의 기재와 같다.",
            "다만 위 부과처분이 상속인 별로 분할납입액의 특정 없이 이루어졌음에도 불구하고 이에 대하여 원고들이 아무런 이의를 제기하지 아니한 채 피고로부터 연부연납을 허가를 받아 물납 등의 방법으로 위 세액을 사실상 납입완료한 사실 역시 앞서 본 바와 같다.",
            "그런데, 원고 2, 3과 동생들의 부담부분에 관하여 보건대, 원고 2, 3은 위 계산결과에 의할 때 이 사건 부과처분에 의한 개별세액보다 많은 금액의 상속세를 납부하여야 할 의무를 부담하게 되어 있으므로 이 사건 부과처분이 일응 적법한 것처럼 보인다.",
            "따라서 원고 1, 4, 5에 대하여는 추가로 부담시킬 상속세가 더 이상 남아 있지 않고, 또한 원고 5에 대한 이 사건 부과처분은 과세제척기간을 도과한 후에 이루어진 것으로 무효이므로, 위 원고들에 대한 이 사건 부과처분은 모두 위법하다.",
            "반면, 원고 2에 대한 이 사건 부과처분은 62,668,525원 범위 내에서, 원고 3에 대한 이 사건 부과처분은 57,679,636원 범위 내에서 각 적법하고, 위 각 금액을 초과한 부분은 위법하다 할 것이다."
        ]
    },
    "close": {
        "cnclsns": [
            "제1심 판결 중 원고 2, 3에 대한 부분을 다음과 같이 변경한다.",
            "가. 피고가 2004. 3. 3. 1991년 귀속 상속세로서 원고 2에 대하여 한 161,338,677원의 부과처분 중 62,668,525원을 초과한 부분, 원고 3에 대하여 한 119,140,038원의 부과처분 중 57,679,636원을 초과한 부분을 각 취소한다.",
            "나. 원고 2, 3의 각 나머지 청구를 모두 기각한다.",
            "피고의 원고 1, 4, 5에 대한 항소를 모두 기각한다. ",
            "원고 2, 3과 피고 사이에 생긴 소송총비용은 이를 2분하여 그 1은 위 원고들이, 나머지는 피고가 각 부담하고, 원고 1, 4, 5와 피고 사이에 생긴 항소비용은 모두 피고가 부담한다."
        ]
    }
}