{
    "info": {
        "caseField": "3",
        "detailField": "5",
        "trailField": "2",
        "caseNm": "법인세부과처분취소등",
        "courtNm": "대전고등법원",
        "judmnAdjuDe": "2007. 05. 16.",
        "caseNo": "2006누1874",
        "relateLaword": [
            "법인세법 시행령 제106조",
            "조세특례제한법 제46조",
            "구 법인세법 시행령 제94조의2",
            "구 법인세법 제32조",
            "소득세법 제20조",
            "소득세법 제39조",
            "소득세법 시행령 제49조",
            "국세기본법 제21조",
            "소득세법 제70조",
            "국세기본법 제26조의2",
            "조세범처벌법 제9조의2"
        ],
        "qotatPrcdnt": [
            "대법원 2006. 4. 20. 선고 2002두1878 판결",
            "서울중앙지방법원 2003고합751호",
            "서울고등법원 2003노2992호",
            "대법원 2004도1557호",
            "대법원 2006. 7. 13. 선고 2004두4604 판결",
            "대법원 2003. 2. 14. 선고 2001도3797 판결",
            "대법원 1999. 5. 25. 선고 97누19151 판결"
        ]
    },
    "concerned": {
        "acusr": "2",
        "dedat": "3"
    },
    "org": {
        "orgJdgmnCourtNm": "청주지방법원",
        "orgJdgmnAdjuDe": "2006. 7. 13",
        "orgJdgmnCaseNo": "2005구합1805"
    },
    "disposal": {
        "disposalform": "10",
        "disposalcontent": [
            "제1심 판결 중 피고 패소부분을 취소하고, 그 부분에 해당하는 원고의 청구를 기각한다.",
            "소외 5에게 지급한 급여 상당의 금액은 사외로 유출되었으나 그 귀속자가 불문명한 경우에 해당하므로, 피고가 위 금액을 원고 회사의 대표자인 소외 3에게 인정상여처분하고 이에 따라 원고 회사에게 소득금액변동통지를 한 것은 적법하고, 따라서 이 부분에 관한 원고 회사의 주장은 이유 없다. 원고의 항소를 기각한다.",
            "소송총비용은 원고가 부담한다."
        ]
    },
    "mentionedItems": {
        "rqestObjet": [
            "피고가 2003. 8. 5. 원고에 대하여 한 1998 사업연도 법인세 80,896,940원 부과처분 중 72,614,590원을 초과하는 부분, 1999 사업연도 법인세 25,538,740원 부과처분 중 18,056,700원을 초과하는 부분 및 2000사업연도 법인세 582,286,270원 부과처분 중 571,541,800원을 초과하는 부분을 각 취소한다.",
            "피고가 2003. 8. 11. 원고에 대하여 소득자를 소외 3 (주민등록번호 : 생략, 주소 : 0000 지번 생략)으로 하여 한 1995 사업연도 상여소득금액 2,629,970,763원, 1996 사업연도 상여소득금액 2,661,467,745원 중 14,450,310원을 초과하는 부분, 1997 사업연도 상여소득금액 5,120,724,216원 중 17,145,340원을 초과하는 부분, 1998 사업연도 상여소득금액 81,603,400원, 1999 사업연도 상여소득금액 39,859,300원, 2000 사업연도 상여소득금액 193,528,269원, 2001 사업연도 상여소득금액 56,823,314원의 소득금액변동통지를 취소한다.",
            "제1심 판결 중 원고 패소부분을 취소한다.",
            "피고가 2003. 8. 5. 원고에 대하여 한 1998 사업연도 법인세 80,896,940원 부과처분 중 72,614,590원을 초과하는 부분, 1999 사업연도 법인세 28,538,740원 부과처분 중 18,056,700원을 초과하는 부분 및 2000 사업연도 법인세 582,286,270원 부과처분 중 571,541,800원을 초과하는 부분을 각 취소한다.",
            "피고가 2003. 8. 11. 원고에 대하여 소득자를 소외 3 (주민등록번호 : 생략, 주소 : 0000 지번 생략)으로 하여 한 1998 사업연도 상여소득금액 81,603,400원, 1999 사업연도 상여소득금액 39,859,300원, 2000 사업연도 상여소득금액 193,528,269원, 2001 사업연도 상여소득금액 56,823,314원의 소득금액변동통지를 취소한다.",
            "제1심 판결 중 피고 패소부분을 취소하고, 그 부분에 해당하는 원고의 청구를 기각한다."
        ]
    },
    "assrs": {
        "acusrAssrs": [
            "소외 5는 상당 기간 원고 회사의 해외영업을 보조하고 그 대가로 원고 회사로부터 급여 명목의 금원을 지급받아 왔는바, 원고 회사가 소외 5에게 지급한 위 급여는 법인세법 제19조 소정의 사업과 관련하여 지출한 비용으로 수익과 직접적인 관련이 있는 적법한 손금임에도 이를 가공의 경비로 보아 법인세를 부과한 피고의 이 사건 부과처분은 위법하다.",
            "원고 회사의 1995 사업연도부터 1996 사업연도까지의 대표이사인 소외 1과 1997 사업연도부터 2001 사업연도까지의 대표이사인 소외 2는 당시 원고 회사의 대주주로서 실제로 원고 회사를 경영하였다.",
            "위 매입세금계산서상의 매입액 및 소외 5에 대한 급여의 손금불산입에 따라 사외 유출로 인정된 소득은 이들에게 귀속된 것으로 보아 이들에 대한 상여로 소득처분하여야 함에도, 소외 3을 원고 회사의 대표자로 보고 위 사외 유출 소득을 소외 3에게 귀속되는 것으로 인정상여처분을 한 이 사건 소득금액변동통지는 위법한 처분이다.",
            "과세관청이 법인세법 소정의 소득금액을 지급한 것으로 의제하는 소득처분과는 별도로 소득세법의 규정에 의하여 대표이사 등에 대한 원천징수 소득세를 법인으로부터 징수하려면 대표이사 등에 대한 소득의 현실적 귀속 및 소득의 종류를 주장 · 입증하여야 한다.",
            "법인으로부터 사외 유출된 소득의 귀속자가 분명하게 밝혀지지 아니한 경우 그것이 대표이사에게 현실적으로 귀속되었다고 추정할 수 없는바, 피고가 소외 3에게 인정상여처분한 소득금액에 대하여 그 귀속을 입증하지 못한 이상 원고 회사로서는 그 소득에 대한 원천징수의무를 부담하지 않음에도 그 원천세액의 납부를 명한 이 사건 소득금액변동통지는 위법하다.",
            "이 사건 소득금액변동통지에 따른 원고 회사의 원천징수의무는 그 원천납세의무인 소외 3의 소득세 납세의무를 전제로 하는 것으로서 위 소득세 납세의무가 부과제척기간의 도과로 소멸하면 원고 회사의 원천징수의무도 당연히 존재하지 않는다. ",
            "그런데 피고는 1995, 1996, 1997 각 사업연도의 사외 유출된 소득금액을 귀속불분명 소득으로 보아 소외 3에게 인정상여처분을 하고 이에 따라 이 사건 소득금액변동통지를 하였다.",
            "소외 3의 상여로 인한 종합소득세의 부과제척기간의 기산일은 각 1996. 6. 1., 1997. 6. 1., 1998. 6. 1.이고, 국세기본법 제26조의2 제1항 제3호 에 따라 위 종합소득세의 부과제척기간은 5년이므로, 2003. 8. 11. 한 이 사건 소득금액변동통지는 원천납세의무인 종합소득세가 부과제척기간의 도과로 소멸한 이후에 이루어진 것으로서 위법하다.",
            "원고 회사가 소외 5에게 지급한 105,870,200원의 급여는 소외 5에게 귀속된 것이 명백하고, 국세심판원이 부외경비로 인정하여 손금에 산입한 125,775,190원도 소외 3에게 귀속되지 않았음이 명백하므로, 이 사건 소득금액변동통지상의 소득금액 중 위 급여와 경비는 공제되어야 한다."
        ],
        "dedatAssrs": [
            "피고는 소득금액변동통지는 항고소송의 대상인 독립된 행정처분이 아니라고 주장한다."
        ]
    },
    "facts": {
        "bsisFacts": [
            "원고 회사는 반도체 클린룸 내부공사업, 반도체 제조 장비의 제작 · 수출 · 수입업 등을 영위하기 위하여 1987. 6. 23. 소외 3과 그의 처남인 소외 1 등이 설립한 회사로, 법인등기부상 1987. 6. 23.부터 1996. 12. 31.까지는 소외 1이, 1997. 1. 1.부터 2005. 9. 1.까지는 소외 3의 동생인 소외 2가 대표이사로 재임하였다.",
            "원고 회사는 1995 사업연도부터 2001 사업연도까지 사이에 소외 4 주식회사 외 26개 업체로부터 합계 10,331,942,292원 상당의 매입세금계산서를 취득하여, 당해 과세기간에 법인세를 신고하면서 위 매입액을 손금 산입하였다. ",
            "또한 원고 회사는 소외 5에게 급여로 1996 사업연도 14,450,310원, 1997 사업연도 17,145,340원, 1998 사업연도 15,768,400원, 1999 사업연도 18,699,300원, 2000 사업연도 20,134,050원, 2001 사업연도 19,372,800원 합계 105,870,200원을 지급한 것으로 회계처리를 하고, 당해 과세기간에 법인세를 신고하면서 위 급여액을 손금 산입하였다.",
            "대전지방국세청장은 2003. 3. 11.부터 같은 해 7. 18.까지 사이에 원고 회사의 1995 사업연도부터 2002 사업연도에 대한 세무조사를 실시하였는데, 위 매입세금계산서를 실물 거래 없이 교부된 가공의 세금계산서로, 소외 5에게 지급하였다는 급여를 가공의 경비로 판단하고, 그 결과를 관할 세무서인 피고에게 통보하였다.",
            "이에 피고는 2003. 8. 5. 원고 회사에 대하여 위 손금산입된 매입세금계산서의 매입액과 소외 5에 대한 급여를 손금불산입하여 산출한 1995 사업연도 법인세 1,619,686,930원, 1996 사업연도 법인세 1,288,094,000원, 1997 사업연도 법인세 1,926,709,900원을 부과하였다. ",
            "또한, 1998 사업연도 법인세 80,896,940원, 1999 사업연도 법인세 28,538,740원, 2000 사업연도 법인세 582,286,270원을 부과(이하 ‘이 사건 부과처분’이라고 한다)하였다.",
            "또한 피고는 위 손금산입된 금액이 모두 사외 유출되어 그 귀속이 불분명하다는 이유로 1995년분 2,629,970,763원, 1996년분 2,661,467,745원, 1997년분 5,120,724,216원, 1998년분 81,603,400원, 1999년분 39,859,300원, 2000년분 193,528,269원, 2001년분 56,823,314원 합계 10,783,977,007원을 소외 3에게 귀속되는 것으로 인정상여처분을 하였다.",
            "2003. 8. 11. 원고 회사에 대하여 위 인정상여처분에 따른 소득금액변동통지(이하 ‘이 사건 소득금액변동통지’라고 한다)를 하였다.",
            "원고 회사는 이 사건 부과처분 및 소득금액변동통지에 불복하여 2003. 11. 3. 국세심판원에 심판청구를 하였는데, 국세심판원은 2005. 5. 10. “1996 사업연도 17,112,030원, 1997 사업연도 64,317,400원, 1998 사업연도 11,112,260원, 1999 사업연도 33,233,500원 합계 125,775,190원이 부외경비(부외경비, 장부에 계상되지 않은 경비)로서 지출된 사실이 인정된다.",
            "소외 5에게 지급하였다는 급여 중 1996 사업연도 14,450,310원, 1997 사업연도 17,145,340원 합계 31,595,650원에 대해서는 법인세 부과제척기간의 경과로 법인세를 부과할 수 없게 되었다.",
            "위 31,595,650원과 125,775,190원을 손금산입하여 각 당해 사업연도 법인세의 과세표준과 세액을 경정하고, 위 31,595,650원을 인정상여처분에서 제외하여 소득금액변동통지금액을 경정한다”는 내용의 결정을 하였다."
        ]
    },
    "dcss": {
        "courtDcss": [
            "갑 제6호증, 갑 제10호증, 을 제7호증의 1 내지 5, 을 제8호증의 각 기재에 변론 전체의 취지를 종합하면, 소외 5(1973. 1. 13.생)는 원고 회사의 설립자인 소외 3의 아들로 000과 000과정을 마치고, 2001. 9. 1. 당시 미국 000사에 근무하고 있었다.",
            "소외 5의 1997년부터 2002년까지의 국내 체류기간은 653일, 미국체류기간은 1,304일인 사실, 2001. 6. 30. 당시 원고 회사의 내부조직도 및 직원비상연락망 등에는 소외 5가 직원으로 등재되어 있지 않았고, 그 이전에도 소외 5가 원고 회사의 직원으로 고용된 적이 없는 사실, 한편 소외 5는 1998년경 미국에서 개최된 관련 산업 전시회에서 원고 회사의 제품을 설명하고 통역 일을 한 사실을 인정할 수 있다.",
            "위 인정사실에 의하면, 소외 5가 원고 회사의 직원으로 근무하지 아니하였다는 점을 충분히 인정할 수 있으므로, 소외 5에게 지급한 금원의 손금산입을 주장하는 원고 회사로서는 소외 5가 상당한 기간에 걸쳐 원고 회사에 용역을 제공하고 그에 대한 대가로 금원을 지급하였음을 입증할 책임이 있다고 할 것이다.",
            "이에 부합하는 듯한 갑 제11호증의 기재는 이를 그대로 믿기 어렵고, 위 인정사실과 같이 소외 5가 미국에 거주하면서 원고 회사를 위하여 통역을 하는 등 원고 회사의 영업을 일부 도와준 면이 있다고 하더라도 이러한 사정만으로는 소외 5가 상당한 기간에 걸쳐 계속적으로 원고 회사에 용역을 제공하였다.",
            "원고 회사가 그에 대한 대가로 소외 5에게 금원을 지급하였다고 보기 어려우며 그밖에 이를 인정할 증거가 없으므로, 결국 소외 5에게 지급한 금원을 가공의 경비로 보아 이를 손금불산입한 이 사건 부과처분은 적법하다.",
            "이와 같은 인정상여제도의 취지에 비추어 보면 인정상여의 대상이 되는 법인의 대표자는 법인등기부상 대표자의 등재 여부와 관계없이 당해 법인을 실질적으로 운영하는 자를 의미하는 것으로 보아야 할 것이다.",
            "위와 같은 법리에 비추어 소외 3이 1995 사업연도부터 2001 사업연도까지 사이에 원고 회사를 실질적으로 운영한 대표자였는지에 관하여 살펴본다.",
            "갑 제12, 13호증, 갑 제19 내지 24호증, 갑 제34 내지 38호증, 갑 제40호증, 을 제8 내지 21호증, 을 제24호증, 을 제70 내지 147호증(각 가지번호 포함)의 각 기재 및 변론 전체의 취지를 종합한다.",
            "소외 3은 위 사업연도 기간 내에 작성된 급여지급대장, 부가가치신고서, 대체전표, 지출결의서, 매입세금계산서, 매출세금계산서 및 기안용지 등 원고 회사의 내부서류에 ‘사장’의 지위에서 최종적인 결재를 하였고, 소외 1과 소외 2는 소외 3을 보조하여 위 각 서류에 서명하였다.",
            "소외 6, 7, 8, 9, 10 등 원고 회사의 직원이었던 자들은 등기부상 대표이사와 상관없이 소외 3이 원고 회사를 실질적으로 운영한 것으로 알고 있을 뿐만 아니라 실제로도 소외 3으로부터 최종적인 결재를 받았다.",
            "소외 3은 소외 4 주식회사와 주종산업 등으로부터 허위세금계산서를 교부받아 비용을 과다 계상한 후 관할 세무서에 법인세 과세표준을 신고하는 방법으로 원고 회사의 1995 사업연도 및 1997 사업연도 법인세를 포탈한 범죄사실로 징역 2년 6월에 집행유예 3년 및 벌금 15억 원을 선고받았다(서울중앙지방법원 2003고합751호 , 서울고등법원 2003노2992호 , 대법원 2004도1557호 ).",
            "한편 소외 1은 1995. 3. 5., 1995. 3. 25., 1996. 3. 25., 1996. 3. 28. 및 1996. 12. 31. 각 개최된 원고 회사의 주주총회 내지 이사회 의사록에 총회 의장 내지 이사회 의장으로 서명·날인하였다.",
            "1995. 4. 29. 원고 회사와 000과의 사이에 작성된 외부감사계약서, 1995. 5. 4. 원고 회사와 소외 11 주식회사와의 사이에 체결된 PCS STP 설치공사계약과 관련하여 작성된 착공계, 준공계 및 대표자보안각서, 1996. 6. 18. 원고 회사와 소외 12 주식회사와의 사이에 작성된 자금지원계약서에 각 소외 1이 원고 회사의 대표이사로 기재되어 있다.",
            "소외 1은 위 자금지원계약에 따라 원고 회사가 부담하게 될 채무의 담보를 위하여 자신의 소유로 등기되어 있던 공장 부지를 담보로 제공하였는데, 위 공장 부지는 원고 회사로부터 명의신탁받은 재산인 사실을 인정할 수 있다.",
            "따라서 소외 3을 인정상여처분의 대상자로 보아 한 이 사건 소득금액변동통지는 적법하고, 원고 회사의 이 부분 주장은 이유 없다.",
            "그러나 1994. 12. 22. 법인세법의 개정으로 위와 같은 위헌요소가 배제되었고 따라서 과세관청은 법인세법령에 따라 익금에 산입한 금액 중 사외에 유출된 소득금액으로서 그 귀속이 불분명한 경우에는 대표자에게 귀속된 것으로 보아 인정상여처분을 하고 법인에 대하여 소득세 원천징수 의무를 부과할 수 있게 되었다.",
            "이 사건의 경우, 갑 제6호증, 을 제148호증의 1 내지 155호증의 45의 각 기재 및 변론 전체의 취지를 종합한다.",
            "원고 회사는 매입처에 거래대금을 계좌입금하고 당일 또는 수일 내 원고 회사의 임 · 직원 및 소외 3의 친 · 인척 명의의 차명 계좌로 위 거래대금을 다시 송금받거나, 매입처에 거래대금을 지급한 것처럼 전표처리하고 원고 회사의 계좌에서 출금된 금액을 위 차명계좌에 송금하는 등의 방법으로 가공의 매입세금계산서에 의하여 회사 자금이 사외에 유출된 사실을 인정할 수 있다.",
            "위와 같이 사외로 유출된 자금의 귀속자가 불분명하므로, 피고가 법인세법령에 따라 위 귀속불분명 소득금액이 원고 회사의 대표자인 소외 3에게 귀속된 것으로 보아 인정상여처분을 하고 이에 따라 이 사건 소득금액변동통지를 한 것에 대하여 어떠한 위법이 있다고 할 수 없다.",
            "따라서 원고 회사의 이 부분 주장은 이유 없다.",
            "먼저 이 사건 인정상여처분에 따른 소외 3의 소득세 납세의무의 성립시기 및 부과제척기간의 기산일에 관하여 본다.",
            "따라서 이 사건 인정상여처분에 따른 소외 3의 1995 귀속연도, 1996 귀속연도 및 1997 귀속연도 각 인정상여소득에 대한 종합소득세 납세의무는 각 당해 과세기간이 종료하는 때에 성립하고, 그 부과제척기간의 기산일은 소득세법 제70조 제1항 에 따라 종합소득세 신고기한 다음 날인 각 1996. 6. 1., 1997. 6. 1., 1998. 6. 1.이라 할 것이다.",
            "다음으로 소외 3의 소득세 납세의무의 부과제척기간에 관하여 살피건대, 국세기본법 제26조의2 제1항 제1호 에 의하면 납세자가 사기 기타 부정한 행위로서 국세를 포탈하거나 환급 · 공제받은 경우에는 당해 국세를 부과할 수 있는 날부터 10년간 국세를 부과할 수 있다고 규정하고 있다.",
            "여기서 ‘사기 기타 부정한 행위’란 조세의 부과와 징수를 불가능하게 하거나 현저히 곤란하게 하는 위계 기타 부정한 적극적 행위를 말하는 것으로서 다른 어떤 행위를 수반함이 없이 단순히 세법상의 신고를 하지 아니하거나 허위의 신고를 함에 그치는 것은 여기에 해당하지 않는다고 할 것이다( 대법원 2003. 2. 14. 선고 2001도3797 판결 참조).",
            "그런데 원고 회사는 실물거래 없이 거래처로부터 가공의 매입세금계산서를 수취하여 법인세 신고시 그 매입액을 손금에 산입함으로써 법인세를 포탈하였는바, 이는 과세관청의 조세 부과와 징수를 불가능하게 하거나 현저히 곤란하게 하는 적극적 행위로서 국세기본법 제26조의2 제1항 제1호 소정의 사기 기타 부정한 행위에 해당한다.",
            "그러므로 소외 3의 1995년 귀속분 소득세, 1996년 귀속분 소득세 및 1997년 귀속분 소득세의 부과제척기간 10년이 도과하기 전에 이루어진 이 사건 소득금액변동통지는 적법하다고 할 것이므로, 원고 회사의 이 부분 주장은 이유 없다.",
            "먼저 소외 5가 원고 회사의 직원으로 근무하지 아니한 점 및 소외 5가 상당한 기간에 걸쳐 계속적으로 원고 회사에 용역을 제공하고 피고가 그에 대한 대가로 소외 5에게 금원을 지급하였음을 인정할 증거가 없는 점은 앞서 본 바와 같다.",
            "소외 5에게 지급한 급여 상당의 금액은 사외로 유출되었으나 그 귀속자가 불분명한 경우에 해당하므로, 피고가 위 금액을 원고 회사의 대표자인 소외 3에게 인정상여처분하고 이에 따라 원고 회사에게 소득금액변동통지를 한 것은 적법하고, 따라서 이 부분에 관한 원고 회사의 주장은 이유 없다.",
            "또한 과세관청이 법인세 과세표준 신고시에 경비로 신고되지 않은 금액을 특별히 법인의 경비로 인정하여 법인의 소득금액 계산에서 공제하여 주었다 하더라도, 사외 유출되어 대표자 등에게 귀속되는 소득금액에서 법인의 부담으로 지출된 경비를 당연히 공제해야 하는 것은 아니다( 대법원 1999. 5. 25. 선고 97누19151 판결 참조).",
            "국세심판원이 부외경비로 인정한 125,775,190원을 이 사건 소득금액변동통지상의 소득금액에서 공제하여야 한다는 원고 회사의 주장은 이유 없다."
        ]
    },
    "close": {
        "cnclsns": [
            "제1심 판결 중 피고 패소부분을 취소하고, 그 부분에 해당하는 원고의 청구를 기각한다.",
            "원고의 항소를 기각한다.",
            "소송총비용은 원고가 부담한다. "
        ]
    }
}