{
    "info": {
        "caseField": "3",
        "detailField": "4",
        "trailField": "1",
        "caseNm": "권리범위확인(상)",
        "courtNm": "특허법원",
        "judmnAdjuDe": "2007. 04. 25.",
        "caseNo": "2006허10227",
        "relateLaword": [
            "상표법 제51조"
        ],
        "qotatPrcdnt": [
            "대법원 2001. 4. 24. 선고 2000후2149 판결(공2001상, 1272)",
            "대법원 2004. 8. 16. 선고 2002후1140 판결(공2004하,1552)",
            "대법원 2006. 4. 14. 선고 2004후2246 판결",
            "대법원 2000. 3. 23. 선고 97후2323 판결(공2000상, 1061)",
            "대법원 2006. 4. 27. 선고 2004후3454 판결(공2006상,967"
        ]
    },
    "concerned": {
        "acusr": "1",
        "dedat": "3"
    },
    "org": {
        "orgJdgmnCourtNm": "",
        "orgJdgmnAdjuDe": "",
        "orgJdgmnCaseNo": ""
    },
    "disposal": {
        "disposalform": "10",
        "disposalcontent": [
            "원고의 청구를 기각한다.",
            "소송비용은 원고의 부담으로 한다."
        ]
    },
    "mentionedItems": {
        "rqestObjet": [
            "특허심판원이 2006. 11. 1. 2006당1290호 사건에 관하여 한 심결을 취소한다."
        ]
    },
    "assrs": {
        "acusrAssrs": [],
        "dedatAssrs": []
    },
    "facts": {
        "bsisFacts": [
            "피고들은 자신들이 사용하고 있는 아래 다.항 기재의 확인대상상표가 사용상품과의 관계에 있어서 성질표시표장에 해당하여 상표법 제51조 제1항 제2호 에 의하여 원고의 아래 나.항 기재 이 사건 등록상표의 권리범위에 속하지 않는다는 이유로 소극적 권리범위확인심판을 청구하였는바, 특허심판원은 같은 이유로 피고들의 청구를 인용하는 청구취지 기재의 이 사건 심결을 하였다."
        ]
    },
    "dcss": {
        "courtDcss": [
            "상표법 제51조 제1항 제2호 가 등록상표의 지정상품과 동일 또는 유사한 상품의 보통명칭,산지,품질,원재료,효능,용도,수량,형상(포장의 형상을 포함한다)·가격 또는 생산방법·가공방법·사용방법 및 시기를 보통으로 사용하는 방법으로 표시하는 상표에 관하여는 상표권의 효력이 미치지 아니한다고 규정하고 있다.",
            "취지는, 본래 그와 같은 성질표시의 상표는 통상 상품의 유통과정에서 필요한 표시여서 누구라도 이를 사용할 필요가 있고 그 사용을 원하기 때문에 이를 특정인에게 독점배타적으로 사용하게 할 수 없다는 공익상의 요청과 그러한 상표는 타인의 동종 상품과의 관계에서 식별이 어렵다는 점에 이유가 있는 것이다( 대법원 2004. 8. 16. 선고 2002후1140 판결 참조).",
            "어느 상표가 이에 해당하는지 여부는 그 상표가 지니고 있는 관념·지정상품과의 관계 및 거래 사회의 실정 등에 비추어 객관적으로 판단하여야 할 것이다.",
            "그 상표가 상품의 품질·효능·용도 등을 표시하는 것이라고 하기 위해서는 당해 상표가 뜻하는 의미가 지정상품의 품질·효능·용도 등으로서 현실로 사용되고 있는 경우라든가 또는 그 상품의 품질·효능·용도 등으로 사용되는 것으로 일반 수요자나 거래자가 인식하고 있는 경우이어야 할 것이다( 대법원 2006. 4. 27. 선고 2004후3454 판결 참조).",
            "따라서 외국어로 된 표장은 원칙적으로 일반 수요자나 거래자가 직관적으로 그 의미를 인식할 수 있는 경우이어야 하나, 그 단어가 갖고 있는 객관적인 의미가 상품의 품질·효능·용도 등을 나타내는 것이고 실제 그와 같은 의미대로 상품의 품질·효능·용도 등으로 사용되고 있다.",
            "비록 그 단어 자체는 일반 수요자들이 쉽게 접할 수 없어 사전 등을 찾아보고서야 알 수 있는 것으로 보이더라도 이러한 표장은 성질표시표장에 해당한다고 보아야 할 것이다( 대법원 1984. 5. 9. 선고 83후22 판결 , 1989. 8. 8. 선고 89후513 판결 , 2003. 5. 13. 선고 2002후192 판결 등 참조).",
            "확인대상상표는 도형화되지 아니한 영문자 UV 와 Cool 이 띄어쓰기로 나란히 표시되어 있을 뿐이다.",
            "그 중 'UV' 는, '자외선, 자외선의' 등의 의미를 가진 영어 단어 'ultraviolet' 의 약어로 국어사전이나 영어사전에 등재되어 있다.",
            "식품의약품안전청이 2002. 7.경 발행한 '자외선과 자외선차단 화장품에 관한 교육홍보자료' 나 '000 테크센터에서 발행한 자외선 안정제(UV stabilizers)에 대한 자료' 및 각종 인터넷검색자료에서 자외선지수예보나 자외선 차단기능을 가진 화장품, 약품, 의류 등과 관련된 상품 소개 등에서 자외선 관련 용어로 사용되고 있다.",
            "다수의 공개특허공보 등에서도 UV(자외선) 차단기능을 갖는 1회용 안면마스크, 폴리에스터 수지, 직물 등에 관한 기술이나 디자인이 소개되고 있고, 인터넷 쇼핑몰 등에도 UV 차단기능이 있는 마스크, 모자, 의류 등이 광고 내지 판매되고 있으며, 원고측에 의하여서도 UV 차단기능이 있는 섬유 소재(0)로 된 의류에 관한 광고 및 판매가 이루어지고 있다.",
            "위와 같이 'UV' 가 현실에서 본래의 의미대로 자외선 관련 용어로 사용되고 있다면(거래계에서 '자외선' 은 곧 '자외선 차단' 을 의미한다), 위 표장이 그 지정상품으로서 원고측에 의하여서도 자외선 차단기능이 있는 섬유 소재로 광고되고 있는 'ATB - 100 원사로 직조된 합성섬유직물' 에 사용될 때 거래자나 수요자들에 의하여 '자외선 차단기능이 있는 합성섬유직물' 이라는 사용상품의 품질·효능·용도 등으로 인식될 수 있다고 보인다.",
            "한편, 'Cool' 은 우리나라 중학교 기본어휘 1,000 단어에 속하여 있는 쉬운 단어로서 일반 수요자들에게 '서늘(시원)한, (의복 따위가) 시원스러운, 냉정한, 훌륭한' 의 의미로 그 사용상품인 'ATB - 100 원사로 직조된 합성섬유직물' 의 품질·효능·용도 등을 나타내는 부분으로 쉽게 인식될 수 있다고 보인다.",
            "따라서 확인대상상표는 전체적으로 사용상품과 관련하여 '자외선을 차단하는 시원한 기능이 있는 합성섬유직물' 정도로 거래자나 수요자에게 인식되어 사용상품의 품질·효능·용도 등을 보통으로 사용하는 방법으로 표시하는 성질표시상표에 해당하므로, 이 사건 등록상표의 상표권의 효력은 이에 미치지 아니한다."
        ]
    },
    "close": {
        "cnclsns": [
            "원고의 청구를 기각한다.",
            "소송비용은 원고의 부담으로 한다. "
        ]
    }
}