{
    "info": {
        "caseField": "3",
        "detailField": "5",
        "trailField": "2",
        "caseNm": "경정거부처분취소",
        "courtNm": "서울고등법원",
        "judmnAdjuDe": "2007. 08. 10.",
        "caseNo": "2006누31640",
        "relateLaword": [
            "행정소송법 제8조",
            "민사소송법 제420조",
            "소득세법 제16조",
            "예금자보호법 제2조",
            "소득세법 시행령 제109조",
            "조세특례제한법 제88조의2",
            "조세특례제한법 시행령 제82조의2",
            "교육공무원법 제2조",
            "사립학교법 제2조 ",
            "구 소득세법(1967. 11. 29. 법률 제1966호로 개정된 것) 제4조",
            "국세기본법 제14조",
            "구 소득세법 제16조",
            "국립대학병원설치법",
            "서울대학교병원설치법",
            "서울대학교치과병원설치법",
            "신탁업법 제10조",
            "대한교원공제회법 제7조",
            "소득세법 제52조",
            "소득세법 시행령 제26조"
        ],
        "qotatPrcdnt": [
            "대법원 1972. 5. 23. 선고 72누77 판결"
        ]
    },
    "concerned": {
        "acusr": "2",
        "dedat": "3"
    },
    "org": {
        "orgJdgmnCourtNm": "서울행정법원",
        "orgJdgmnAdjuDe": "2006. 10. 31",
        "orgJdgmnCaseNo": "2006구합12630"
    },
    "disposal": {
        "disposalform": "10",
        "disposalcontent": [
            "제1심 판결 중 소각하 부분에 대한 원고의 항소를 기각한다.",
            "제1심 판결 중 원고의 청구를 기각한 부분을 취소한다.",
            "피고가 별지 이자소득세 고지 내역 기재 각 고지처분일에 원고에 대하여 한 같은 내역 기재 각 이자소득세의 징수처분을 모두 취소한다.",
            "피고가 2005. 5. 9. 원고에 대하여 한 2000 사업연도 법인세 금 349,338,240원, 2001 사업연도 법인세 금 146,964,890원, 2002 사업연도 법인세 금 80,592,030원, 2003 사업연도 법인세 금 20,345,290원의 부과처분을 모두 취소한다.",
            "소각하 부분에 대한 항소비용은 원고가 부담하고, 나머지 청구에 관한 소송총비용은 피고가 부담한다.",
            "부담금 및 부가금의 법적 실질이 예금 및 이자로 변경되는 것은 아니므로, 실질과세원칙이라는 이름하에 부담금 및 부가금을 예금 및 이자로 보아 과세하여야 한다는 피고의 주장은 이유 없다.",
            "원고의 회원들이 납부하는 부담금은 대한교원공제회법 제7조 제2항 및 정관 제6조에 따라 납부되는 것이어서 이를 금전의 대여에 해당하는 소비대차계약 등이라고 볼 수 없으므로, 이 사건 부가금이 소득세법 제16조 제1항 제12호의 비영업대금의 이익에 해당한다는 피고의 주장 역시 이유 없다. ",
            "따라서 이 사건 부가금을 소득세법 제16조 제1항 제3호의 예금의 이자로 보고 한 이 사건 징수·부과처분은 모두 위법하다."
        ]
    },
    "mentionedItems": {
        "rqestObjet": [
            "제1심 판결을 취소한다.",
            "피고가 2003. 2. 4. 원고에 대하여 한, 원고의 2002. 12. 31.자 2000년 귀속 이자소득세 금 79,405,456,720원, 2001년 귀속 이자소득세 금 48,024,026,500원, 2002년 1월 귀속 이자소득세 금 3,283,367,350원에 관한 경정청구에 대한 거부처분을 모두 취소한다.",
            "2005. 3. 4. 원고에 대하여 한, 원고의 2004. 12. 30.자 2002년 2월부터 같은 해 12월 귀속 이자소득세 금 33,402,191,360원에 관한 경정청구에 대한 거부처분을 모두 취소한다.",
            "피고가 별지 이자소득세 고지 내역 기재 각 고지처분일에 원고에 대하여 한 같은 내역 기재 각 이자소득세의 징수처분을 모두 취소한다.",
            "피고가 2005. 5. 9. 원고에 대하여 한 2000 사업연도 법인세 금 349,338,240원, 2001 사업연도 법인세 금146,964,890원, 2002 사업연도 법인세 금 80,592,030원, 2003 사업연도 법인세 금 20,345,290원의 부과처분을 모두 취소한다."
        ]
    },
    "assrs": {
        "acusrAssrs": [
            "소득세법 제16조 제1항 제3호는 예금의 이자를 이자소득세 과세대상으로 규정하고 있고, 위 규정의 예금은 예금자보호법 제2조 제2호의 예금과 같은 것이므로, 본질적으로 금융기관이 불특정다수인으로부터 채무를 부담함으로써 조달한 금전에 한하여 인정되는바, 원고는 금융기관에 해당하지 않고, 부담금의 납입대상인 회원도 전 , 현직 교육공무원 등으로 제한 되어 있다.",
            "회원들이 원고에게 납입하는 부담금은 원고의 채무가 아니라 자본금에 해당하는 점 등을 종합하면, 회원들이 납입하는 부담금은 구 소득세법 제16조 제1항 제3호 소정의 예금에 해당하지 않는다. ",
            "따라서 이 사건 징수처분의 대상이 된 부가금(원고가 2000. 1.부터 2003. 12.까지 회원들에게 지급한 목돈급여 및 종합복지급여의 부가금, 이하 '이 사건 부가금'이라 한다) 역시 예금의 이자에 해당하지 아니하므로, 이 사건 징수 , 부과처분은 위법하다.",
            "원고 공제회의 초과반환금은 원래 비과세 대상으로 인식되고 있다가, 1994. 12. 22. 법률 제4803호 및 1994. 12. 31. 대통령령 제14467호로 소득세법 및 같은 법 시행령이 개정되었다.",
            "소득세법 제16조 제1항 제11호, 같은 법 시행령 제26조 제2항이 신설되면서 비로소 공제회의 초과반환금 중에서도 근로자의 퇴직이나 탈퇴로 인한 초과반환금만이 과세 대상으로 전환된 것이고, 재정경제부(종전 재무부)의 1994. 9. 27.자 세제개혁안 등에도 공제회의 초과반환금이 위 법률 제4803호 개정 전에는 과세 대상이 아님이 명시되어 있는 사정 등을 고려한다.",
            "소득세법 및 같은 법 시행령에 의해 비로소 과세의 대상이 된 초과반환금 외의 부가금에 대하여는 비과세 관행이 성립되어 있다 할 것이므로, 피고가 이 사건 징수 , 부과처분을 한 것은 신의성실의 원칙에 반한다."
        ],
        "dedatAssrs": [
            "소득세법 제16조 제1항 제3호에 규정된 예금은 소득세법상의 고유한 개념으로, 소득세법 개정 이후 제정된 예금자보호법에서의 예금 개념을 차용할 수 없다. ",
            "가사, 소득세법 제16조 제1항 제3호의 예금이 금융기관이 불특정다수인으로부터 채무를 부담함으로써 조달하는 경우에 한하여 인정되는 것이라고 하더라도, 실질과세의 원칙상 예금의 해당 여부는 형식이 아니라 실질내용에 따라 판단되어야 할 것이다.",
            "원고는 회원들을 상대로 여신업이나 대출업을 행하고 있을 뿐만 아니라, 그와 같은 사업을 영위하기 위하여 사업자 등록상 금융업을 사업의 종류로 명시하고 있으며, 나아가 조세특례제한법 제88조의2, 같은 법 시행령 제82조의2 및 소득세법 제52조, 같은 법 시행령 제109조는 원고를 금융기관으로 규정하고 있다.",
            "가입대상이 되는 전 , 현직 교육공무원 등이 60만 명에 이르는 이상 이를 불특정다수인이 아니라고 할 수 없다.",
            "원고가 회원으로부터 납입받은 부담금을 자본금으로 계상하였더라도, 그 부담금의 운용으로 인한 수익 발생 여부와 상관없이 시중은행 정기예금 기본금리를 기준으로 일정율의 금원을 부가금으로 지급하는 등으로 운용한 이상 이를 통상의 자본금으로 볼 수 없다.",
            "이 사건 부가금은 소득세법 제16조 제1항 제3호의 예금의 이자에 해당하고, 이 사건 징수 , 부과처분은 적법하다.",
            "만약 이 사건 부가금이 소득세법 제16조 제1항 제3호의 예금의 이자에 해당하지 않는다면, 같은 항 제12호의 비영업대금의 이익에 해당한다고 할 것인데, 비영업대금의 이익에 대한 세율은 25%로 예금의 이자에 대한 세율 15%보다 높으므로, 이 사건 부가금에 대하여 15%의 원천징수세율을 적용한 이 사건 징수 , 부과처분은 결과적으로 위법하지 않다."
        ]
    },
    "facts": {
        "bsisFacts": [
            "원고의 회원 가입자격과 자격취득 등에 관한 원고 정관의 규정은 다음과 같다."
        ]
    },
    "dcss": {
        "courtDcss": [
            "조세법의 내용은 일의적으로 명확하게 규정될 것이 요구되고, 과세요건은 문언에 따라 엄격하게 해석되어야 하며 법의 흠결을 유추해석으로 메우거나 행정편의적인 확장해석을 하는 것은 허용되지 아니한다(엄격해석의 원칙).",
            "소득세법 제16조 제1항은 이자의 개념을 정의하지 않은 채 “이자소득은 당해연도에 발생한 다음 각호의 소득으로 한다.”고 규정하고 있으므로, 어떠한 소득이 과세의 대상이 되는 이자소득인지 여부는 그 소득이 통상적인 이자의 개념에 포함되는지 여부에 의해서 결정될 것이 아니다.",
            "각호에서 정한 구체적인 소득의 내용에 부합하는지 여부에 따라 결정되어야 할 것이다(2001. 12. 31. 법률 제6557호로 신설된 같은 항 제13호는 금전의 사용에 따른 대가의 성격이 있는 것을 과세의 대상이 되는 이자소득으로 규정하고 있으나, 이는 제1호 내지 제12호에 해당하지 않는 이자소득에 대한 포괄적 규정이다).",
            "그러므로 어떤 소득이 소득세법 제16조 제1항 제3호에서 규정한 예금의 이자에 해당하기 위해서는 그 소득이 이자의 성격을 가지고 있는 것 외에 예금에 대한 이자여야 한다.",
            "이 사건에 관하여 보면, 이 사건 부가금이 소득세법 제16조 제1항 제3호의 과세대상인 예금의 이자가 되기 위해서는, 원고의 회원들이 납입한 부담금이 예금이 되어야 하고, 이 사건 부가금이 그 이자가 되어야 한다. 그런데 소득세법은 예금에 관해서도 아무런 정의를 하지 않고 있다.",
            "무엇이 예금인지에 대한 해석이 필요하게 되는바, 다음과 같은 점에서 원고의 회원들이 납입한 부담금은 소득세법 제16조 제1항 제3호의 예금이라고 할 수 없다.",
            "소득세법 제16조 제1항 제3호의 전신인 구 소득세법(1967. 11. 29. 법률 제1966호로 개정된 것) 제4조 제1항 제2호 (마)목 역시 예금 및 부금의 이자를 이자소득세의 과세대상으로 규정하고 있었는바, 위 조항의 예금 및 부금의 이자는 은행 기타 공공금융기관의 예금 및 부금의 이자를 말하는 것으로 해석되고 있었다( 대법원 1972. 5. 23. 선고 72누77 판결 참조). ",
            "또한, 소득세법상의 예금을 정의함에 있어 예금에 관한 정의규정을 두고 있는 유일한 법률인 예금자보호법 제2조 제2호 가목(예금 등을 금융기관이 예금 , 적금 , 부금 등에 의하여 불특정다수인으로부터 채무를 부담함으로써 조달한 금전과 신탁업법 제10조 제3항의 규정에 의하여 원본이 보전되는 금전신탁 등을 통하여 조달한 금전으로 정의하고 있다)을 참작하지 않을 수 없는 것이다.",
            "예금자보호법이 종전에 없던 예금이라는 새로운 개념을 창설한 것이 아니고 기존의 예금 개념을 정리하여 이를 정의하였다고 보이는 이상, 피고의 주장은 받아들일 수 없다.",
            "결국 소득세법 제16조 제1항 제3호의 예금은 예금자보호법의 예금과 동일한 개념으로 보아야 할 것이다.",
            "그런데 원고는 1971. 1. 22. 법률 제2296호로 제정된 대한교원공제회법(2004. 1. 20. 법률 제7070호로 명칭이 한국교직원공제회법으로 변경되었다.이하 같다)에 의해 전 , 현직 교육공무원 등에 대한 효율적인 공제제도를 확립함으로써 이들의 생활안정과 복리를 증진할 목적이다.",
            "설립된 특수법인으로 예금자보호법상의 금융기관에 해당하지 않는다(사업자등록상 금융업을 사업의 종류로 명시하고 있다고 하여 원고를 금융기관으로 볼 수 있는 것은 아니고, 조세특례제한법 제88조의2, 같은 법 시행령 제82조의2 및 현행 소득세법 제52조, 같은 법 시행령 제109조는 원고를 금융기관으로 인정하고 있는 내용이 아니다).",
            "부담금의 납입대상인 회원의 범위도 전 , 현직 교육공무원 등으로 제한되어 있으며, 회원들이 납입하는 부담금은 원고의 부채가 아니라 자본금에 편입되고 있으므로, 결국 원고의 회원들이 납입하는 부담금은 이를 예금이라고 보기 어렵다.",
            "갑 제12, 13호증의 각 기재에 변론 전체의 취지를 종합하면, 정부는 1994년 각종 공제회로부터 받은 소득을 비과세에서 과세로 전환한다.는 내용의 세제개혁안을 마련하였다.",
            "이에 따라 1994. 12. 22. 법률 제4803호로 개정된 소득세법 제16조 제1항 제11호로 대통령령이 정하는 직장공제회초과반환금이 신설되어, 1999. 1. 1. 이후 가입자부터 위 법률조항이 적용됨으로써 비로소 공제회의 회원이 공제회에 납입한 금원을 초과하여 반환받은 금원(부가금)도 이자소득세의 과세대상이 되었다.",
            "원고가 회원들에게 지급하는 장기저축급여에 대한 부가금뿐만 아니라, 목돈급여, 퇴직생활급여, 종합복지급여에 대한 부가금 역시 공제회에 납입한 금원을 초과하여 반환받은 금원에 포함되므로, 결국 직장공제회 초과반환금의 일반적 의미에는 원칙적으로 목돈급여, 퇴직생활급여, 종합복지급여에 대한 부가금도 모두 포함된다고 할 것이다.",
            "그러나 소득세법 시행령 제26조 제2항은 소득세법 제16조 제1항 제11호의 초과반환금을 근로자가 퇴직이나 탈퇴로 인하여 그 규약에 따라 직장공제회로부터 받는 반환금에서 납입공제료를 차감한 금액으로 정의하여 그 과세대상을 근로자의 퇴직이나 탈퇴로 인한 초과반환금으로 한정한다.",
            "지급원인을 달리하는 목돈급여, 퇴직생활급여, 종합복지급여에 대한 부가금은 소득세법 제16조 제1항 제11호의 적용대상에서 제외하고 있다.",
            "이와 같이 원고와 같은 공제회가 그 회원들에게 반환하는 초과반환금을 과세대상으로 하기 위하여 소득세법 제16조 제1항 제11호를 신설하면서, 한편으로는 시행령으로 그 중 일부만을 과세대상 소득으로 한정한 것은, 시행령에서 과세대상 소득으로 규정하지 않은 소득에 대해서는 그 소득이 공제회의 초과반환금에 해당하더라도 이에 대해서는 과세하지 않겠다는 취지라고 할 것이다.",
            "시행령에서 과세대상 소득으로 규정하지 않은 소득에 대해서는 별도로 소득세법 제16조 제1항 제3호 예금의 이자에 대한 과세규정을 적용하여 과세를 할 수 있다고 해석한다.",
            "이는 소득세법이 초과반환금에 대한 과세규정을 신설하면서 그 적용대상을 제한하는 시행령을 제정한 취지에 반한다(모든 초과반환금을 이자소득세 과세대상으로 하고자 했다면 소득세법 제16조 제1항 제11호 신설시 그 적용대상을 제한하는 시행령을 제정하지 않았을 것이고, 굳이 초과반환금을 내용별로 구분하여 일부는 제11호로, 나머지는 제3호로 과세하고자 하는 목적에서 시행령을 제정한 것으로 보이지도 않는다).",
            "결국, 소득세법 제16조 제1항 제11호는 원고와 같은 공제회가 회원들에게 반환하는 금원에 대한 이자소득세에 관한 일반 규정으로, 회원들이 납입한 부담금 및 그 반환금과 관련된 소득의 이자소득세 과세 문제는 제11호의 적용 문제로 해결되어야 한다.",
            "일부 반환금에 대해서 제3호를 적용하는 것은 허용될 수 없다고 할 것이다(마찬가지 이유로, 포괄규정인 제13호 역시 제1호 내지 제12호에서 규율하지 않은 소득에 대해서만 적용되어야 할 것이므로, 제11호의 적용이 배제되는 일부 반환금에 대해서 제13호를 적용할 수도 없다고 할 것이다).",
            "국세기본법 제14조 제1, 2항에서 규정하고 있는 실질과세원칙은 거래성격이나 소득의 귀속을 단순한 명의나 형식이 아닌 법적 실질에 따라 판단하겠다는 것이고, 이와 달리 경제적으로 관찰하여 동일한 경제적 효과에 도달한 경우 이를 조세법적으로 동일하게 평가하여 과세의 대상으로 삼겠다는 의미는 아니라고 할 것이다.",
            "이 사건에 관하여 보건대, 이 사건 부가금은 경제적 효과 측면에서는 회원들이 일정한 금원을 부담금으로 원고에게 납입한 후 그 부담금에 대하여 반환받는 일정율 이상의 금원이라는 점에서 예금에 대한 이자와 사실상 동일한 효과가 있다고 할 것이다.",
            "그렇다고 하더라도 부담금 및 부가금의 법적 실질이 예금 및 이자로 변경되는 것은 아니므로, 실질과세원칙이라는 이름하에 부담금 및 부가금을 예금 및 이자로 보아 과세하여야 한다는 피고의 주장은 이유 없다.",
            "소득세법 제16조 제1항 제12호의 비영업대금의 이익이란 금전의 대여를 영업으로 하지 않는 자가 일시적 우발적으로 금전을 대여함에 따라 지급받는 이자 또는 수수료를 의미한다고 할 것이므로, 위 규정이 적용되기 위해서는 금전의 대여라는 소비대차계약(준소비대차계약, 소비임치계약 포함)이 필요하다고 할 것이다.",
            "원고의 회원들이 납부하는 부담금은 대한교원공제회법 제7조 제2항 및 정관 제6조에 따라 납부되는 것이어서 이를 금전의 대여에 해당하는 소비대차계약 등이라고 볼 수 없으므로, 이 사건 부가금이 소득세법 제16조 제1항 제12호의 비영업대금의 이익에 해당한다는 피고의 주장 역시 이유 없다.",
            "따라서 이 사건 부가금을 소득세법 제16조 제1항 제3호의 예금의 이자로 보고 한 이 사건 징수, 부과처분은 모두 위법하다."
        ]
    },
    "close": {
        "cnclsns": [
            "제1심 판결 중 소각하 부분에 대한 원고의 항소를 기각한다.",
            "제1심 판결 중 원고의 청구를 기각한 부분을 취소한다.",
            "피고가 별지 이자소득세 고지 내역 기재 각 고지처분일에 원고에 대하여 한 같은 내역 기재 각 이자소득세의 징수처분을 모두 취소한다.",
            "피고가 2005. 5. 9. 원고에 대하여 한 2000 사업연도 법인세 금 349,338,240원, 2001 사업연도 법인세 금146,964,890원, 2002 사업연도 법인세 금 80,592,030원, 2003 사업연도 법인세 금 20,345,290원의 부과처분을 모두 취소한다.",
            "소각하 부분에 대한 항소비용은 원고가 부담하고, 나머지 청구에 관한 소송총비용은 피고가 부담한다."
        ]
    }
}