{
    "info": {
        "caseField": "3",
        "detailField": "5",
        "trailField": "1",
        "caseNm": "요양불승인처분취소",
        "courtNm": "서울행법",
        "judmnAdjuDe": "2007. 11. 16.",
        "caseNo": "2006구단12237",
        "relateLaword": [
            "구 산업재해보상보험법(2007. 4. 11. 법률 제8373호로 전문 개정되기 전의 것) 제5조(현행 제6조)",
            "구 산업재해보상보험법(2007. 4. 11. 법률 제8373호로 전문 개정되기 전의 것) 제4조(현행 제5조)",
            "석유 및 석유대체연료사업법 제29조"
        ],
        "qotatPrcdnt": []
    },
    "concerned": {
        "acusr": "1",
        "dedat": "3"
    },
    "org": {
        "orgJdgmnCourtNm": "",
        "orgJdgmnAdjuDe": "",
        "orgJdgmnCaseNo": ""
    },
    "disposal": {
        "disposalform": "10",
        "disposalcontent": [
            "원고의 청구를 기각한다.",
            "소송비용은 원고의 부담으로 한다.",
            "소외 망인은 사업주인  소외 2를 도와  석유 및 석유대체연료사업법 제29조(유사 석유제품의 제조 등의 금지)에 의하여 그 제조 등이 금지된 유사 석유제품을 제작하다가 이 사건 재해가 발생한 것이라고 할 것이고 나아가  소외 망인은 위  소외 2가 제조 등이 금지된 유사 석유제품을 만든다는 사실을 인식하였다고 보이는바, 이러한 경우  소외 망인이 종사한위 사업을 국가가 정책적으로 보호해줄 의무가 있는 산재법상의 사업이라 할 수는 없다고 할 것이다. ",
            "따라서 이러한 견지에서 한 피고의 이 사건 처분은 아무런 위법이 없다고 할 것이다."
        ]
    },
    "mentionedItems": {
        "rqestObjet": [
            "피고가 2006. 9. 21.  소외 망인에게 한 요양불승인처분을 취소한다."
        ]
    },
    "assrs": {
        "acusrAssrs": [
            "산업재해보상보험법은 근로자를 사용하는 모든 사업 또는 사업장에 적용되며 불법 사업장에는 그 적용을 제한한다는 아무런 규정도 없을 뿐만 아니라, 소외 망인이 근무한 사업장은 유사 석유제품을 제조한 것이 아니라 솔벤트를 구입하여 이를 플라스틱통에 나누어 담아 지방이나 인근의 세탁소 등을 상대로 판매하는 사업을 해왔을 뿐이다.",
            "가사 소외 망인이 근무한 사업장이 불법적인 유사 석유제품을 제조하는 곳이라고 하더라도 소외 망인은 이 사건 사업장에서 근무한 기간이 불과 4일에 불과하여 이 사건 사업장이 불법적인 유사 석유제품을 만드는 곳이라는 점을 인식하지 못하였다.",
            "이 사건 사업장에서 발생한 재해로 인한 이 사건 상병은 업무상 재해에 해당함에도 이 사건 사업장을 산업재해보상보험법상 적용제외 사업으로 보아 요양을 불승인한 이 사건 처분은 위법하여 취소되어야 한다."
        ],
        "dedatAssrs": []
    },
    "facts": {
        "bsisFacts": [
            "원고의 아들인 소외 망인은 2006. 8. 23. 소외 2가 운영하는 0000 (지번 생략) 소재 유사 석유제품 제조 공장(이하 '이 사건 사업장' 이라 한다)에 입사하여 유사 석유제품을 만들다가 2006. 8. 26. 공장 내부에서 발생한 화재로 인하여 신체전반에 화염화상 59%(얼굴, 양상지, 양하지 등) (이하 '이 사건 상병' 이라 한다)의 상병을 입는 재해를 당하였다.",
            "소외 망인은 피고에게 2006. 8. 30. 이 사건 상병이 업무상 재해에 해당한다고 주장하며 요양신청을 하였다. ",
            "피고는 2006. 9. 20. 소외 망인에 대하여, 소외 망인의 재해발생 사업장은 석유 및 석유대체연료사업법 제29조 (유사 석유제품의 제조 등의 금지) 및 제44조 에 의한 중대한 불법행위 등으로 산업재해보상보험법에 의한 사업 또는 사업장으로 볼 수 없어 적용제외 사업에 해당된다는 이유로, 위 요양신청을 불승인하는 이 사건 처분을 하였다.",
            "한편, 소외 망인은 2006. 9. 16. 사망하여 아버지인 원고가 산업재해보상보험법상 보험급여수급권자의 지위를 승계하였다.",
            "이 사건 사업장의 사업주인 소외 2는 자신이 아닌 소외 3 명의로 2006. 5. 10. 이 사건 사업장을 임차하여 그 무렵부터 석유 및 석유대체연료사업법 제29조 에 의하여 그 제조 등이 금지되는 성분 미상의 유사 석유제품으로 추정되는 인화성 물질을 제조·판매하는 사업을 수행하여 왔었는데, 사업자 등록은 내지 않았고 주로 밤이나 새벽에 작업을 하였다.",
            "소외 망인은 고향인 0000 (지번 생략)에서 아버지의 농사일을 돕고 있다가 2006. 8. 20.경 예비군 훈련장에서 우연히 고향선배를 만나 인천에 있는 공장에서 급하게 사람을 구하고 있다는 얘기를 들었다. ",
            "예비군 훈련을 마치고 당일 날 저녁 인천 소재 이 사건 사업장에 도착하여 사업주인 소외 2로부터 한 달에 250만 원의 월급을 받기로 하고 2006. 8. 23.부터 위 소외 2를 도와 성분 미상의 유사 석유제품으로 추정되는 인화성 물질을 제조하는 일을 하였다.",
            "그런데 사업주인 소외 2가 2006. 8. 26. 06:20～30경 사업장 내부에 적재되어 있던 4.5t 차량에 적재되어 있던 솔벤트(1,000ℓ)를 20ℓ 용기에 분배작업을 하던 중 환풍기의 전원을 켜는 순간 스파크가 발생하면서 펑하는 폭발음과 함께 화염이 발생하였고, 이로 인하여 사업장 내부에서 작업 중이던 소외 망인이 이 사건 상병을 입게 되었다(동료근로자인 소외 4도 화상을 입었다)."
        ]
    },
    "dcss": {
        "courtDcss": [
            "살피건대, 산업재해보상보험법(이하 '산재법' 이라 한다) 제5조 에 의하면, 근로자를 사용하는 모든 사업에 원칙적으로 적용하되 다만 위험률, 규모, 사업장소 등을 참고하여 적용을 받지 아니하는 사업을 정하도록 되어 있다.",
            "여기서 '사업' 이라 함은 일정한 장소에서 유기적인 조직하에 업으로서 계속적으로 행하는 것을 말한다.",
            "업으로서 계속적으로 행하는 한 그 사업이 1회적이거나 사업기간이 일시적이라 하더라도 산재법의 적용대상이라 할 것이다.",
            "그러나, 각종 법규 등으로 그 사업을 위한 행위가 금지되어 있고 그 금지규정을 위반하여 형사적인 처벌이 따르게 되는 경우까지 국가가 정책적으로 보호해줄 의무가 있는 산재법상의 사업이라 할 수는 없다고 할 것이다. ",
            "나아가 산재법 시행규칙 제32조 제3호 에 의하면, 업무상 재해로 인정되려면 근로자의 고의·자해행위나 범죄행위 또는 그것이 원인이 되어 발생한 사상이 아닐 것이어야 한다.",
            "또한 석유 및 석유대체연료사업법 제29조 에 의하면, 누구든지 유사 석유제품을 제조·수입·판매 또는 사용하여서는 아니 되며 이를 위반한 경우 5년 이하의 징역 또는 2억 원 이하의 벌금에 처하는 것으로 규정되어 있다.",
            "위 인정 사실에 의하면, 소외 망인은 사업주인 소외 2를 도와 석유 및 석유대체연료사업법 제29조 (유사 석유제품의 제조 등의 금지)에 의하여 그 제조 등이 금지된 유사 석유제품을 제작하다가 이 사건 재해가 발생한 것이라고 할 것이다.",
            "나아가 소외 망인은 위 소외 2가 제조 등이 금지된 유사 석유제품을 만든다는 사실을 인식하였다고 보인다.",
            "이러한 경우 소외 망인이 종사한 위 사업을 국가가 정책적으로 보호해줄 의무가 있는 산재법상의 사업이라 할 수는 없다고 할 것이다. 따라서 이러한 견지에서 한 피고의 이 사건 처분은 아무런 위법이 없다고 할 것이다."
        ]
    },
    "close": {
        "cnclsns": [
            "그렇다면 이 사건 처분의 취소를 구하는 원고의 청구는 받아들일 수 없으므로 이를 기각한다."
        ]
    }
}