{
    "info": {
        "caseField": "3",
        "detailField": "5",
        "trailField": "1",
        "caseNm": "부가가치세부과처분취소",
        "courtNm": "서울행법",
        "judmnAdjuDe": "2007. 07. 24.",
        "caseNo": "2007구합4247",
        "relateLaword": [
            "국세기본법 제14조",
            "국세기본법 제15조",
            "국세기본법 제45조의2",
            "국세기본법 제51조",
            "부가가치세법 제21조",
            "민법 제742조",
            "민법 제746조"
        ],
        "qotatPrcdnt": [
            "대법원 1995. 2. 28. 선고 94다31419 판결",
            "대법원 1997. 3. 20. 선고 95누18383 전원합의체 판결",
            "수원지방법원(2006노459)"
        ]
    },
    "concerned": {
        "acusr": "1",
        "dedat": "3"
    },
    "org": {
        "orgJdgmnCourtNm": "",
        "orgJdgmnAdjuDe": "",
        "orgJdgmnCaseNo": ""
    },
    "disposal": {
        "disposalform": "10",
        "disposalcontent": [
            "피고가 2006. 8. 10. 원고에 대하여 한 별지 경정청구금액란 기재 각 부가가치세의 감액경정청구거부처분을 취소한다.",
            "소송비용은 피고가 부담한다."
        ]
    },
    "mentionedItems": {
        "rqestObjet": [
            "피고가 2006. 8. 10. 원고에 대하여 한 별지 경정청구금액란 기재 각 부가가치세의 감액경정청구거부처분을 취소한다.",
            "소송비용은 피고가 부담한다."
        ]
    },
    "assrs": {
        "acusrAssrs": [
            "이 사건 각 부가가치세는 가공세금계산서인 이 사건 각 세금계산서의 매출에 기초한 세액으로서 원인 없이 납부한 것이므로 피고는 국세기본법 제51조 제1항 등에 의하여 이를 원고에게 환급하여야 할 것임에도 가공세금계산서에 의하여 신고·납부한 부가가치세는 환급대상이 아니라는 국세청 예규에 근거하여 원고의 감액경정을 거부하는 이 사건 거부처분을 한 것은 조세법률주의에 위배되어 위법하다."
        ],
        "dedatAssrs": [
            "피고는 원고의 법인세 신고내용 등에 따르면, 2003 사업연도부터 2005 사업연도의 경우 이 사건 각 세금계산서를 포함한 매출에 상응하는 금액의 실제 매출이 발생한 것으로 나타나고 이 사건 각 세금계산서가 이 사건 각 부가가치세 신고분 매출에서 차지하는 비중이 65%인 것으로 나타나 세금계산서에 상응하는 실제 매출이 발생하였다.",
            "실지거래처가 아닌 소외 1 주식회사에게 이 사건 각 세금계산서를 발행해 준 것으로 판단된다고 주장한다.",
            "피고는 원고의 이 사건 각 부가가치세 신고·납부행위는 민법 제742조 의 비채변제 또는 민법 제746조 의 불법원인급여에 해당하여 그 환급을 구할 수 없다고 주장한다.",
            "피고는 원고가 실제거래 없이 이 사건 각 세금계산서를 발행하고 이에 기초하여 이 사건 부가가치세를 납부한 후 납부한 부가가치세를 오납액으로 환급을 구하는 행위는 납세의무자가 지켜야 할 신의·성실의무에 반하는 것으로서 허용될 수 없다고 주장한다."
        ]
    },
    "facts": {
        "bsisFacts": [
            "원고는000 (지번 생략)에 본점을 두고 건설업 등을 영위하고 있는 회사로서 2003년부터 2005년까지 사이에 소외 1 주식회사에게 별지 세금계산서 발행 내역 기재와 같이 16회에 걸쳐 공급가액 합계 금 5,500,000,000원 상당의 매출세금계산서 16매(이하 '이 사건 각 세금계산서' 라 한다)를 허위로 발행하여 주었다.",
            "피고에게 2003년 제2기부터 2005년 제2기 사이에 이 사건 각 세금계산서상의 매출액을 포함하여 합계 금 720,586,330원{334,838,966원(2003년 2기) + 280,842,737원(2004년 1기) + 98,313,936원(2005년 1기) + 6,590,696원(2005년 2기)} 상당의 부가가치세를 신고·납부하였다.",
            "수원지방검찰청 성남지청은 소외 1 주식회사에 대한 조세포탈혐의를 수사하는 과정에서 이 사건 각 세금계산서가 실물거래 없이 발행된 가공세금계산서인 사실을 확인하였다.",
            "소외 1 주식회사에 대하여 세금계산서상의 금액을 필요경비에 불산입하고 그 매입세액을 불공제하도록 관할 세무서에 통보함과 아울러 원고의 대표이사인 소외 2에 대하여는 소외 1 주식회사로부터 8억 원의 대가를 받고 이 사건 각 세금계산서를 허위로 발행하였다는 공소사실로 조세범처벌법 위반죄로 기소하였고, 위 소외 2는 수원지방법원(2006노459) 에서 최종적으로 징역형이 확정되었다.",
            "원고는 이 사건 각 세금계산서가 실물거래 없이 발행된 허위의 세금계산서임을 이유로 2006. 1. 4. 및 같은 해 4. 18. 피고에게 원고가 이미 신고·납부한 부가가치세 중 이 사건 각 세금계산서의 매출에 기초한 별지 경정청구금액란 기재 각 부가가치세 부분(이하 '이 사건 각 부가가치세' 라 한다)의 환급을 구하는 감액경정청구를 하였다.",
            "피고는 2006. 7. 10.부터 같은 해 8. 4.까지 이 사건 각 부가가치세에 대한 경정조사를 실시한 다음, 가공세금계산서에 의하여 신고·납부한 부가가치세는 환급대상이 아니라는 국세청 예규를 근거로 같은 해 8. 10. 종전에 원고가 신고·납부한 금액대로 부가가치세를 인정하였다.",
            "피고는 매출처별 세금계산서 합계표 불성실 가산세 합계금 80,000,000원에 대한 과세예고통지를 하였다(이하 원고의 감액경정청구를 받아들이지 아니하고 종전 신고 금액대로 인정한 부분을 '이 사건 거부처분' 이라 한다).",
            "원고는 이에 불복하여 2006. 10. 31. 국세심판원에 심판청구를 하였으나 같은 해 12. 29. 기각되었다."
        ]
    },
    "dcss": {
        "courtDcss": [
            "국세기본법 제14조 제2항 은 세법 중 과세표준의 계산에 관한 규정은 소득,수익,재산,행위 또는 거래의 명칭이나 형식에 불구하고 그 실질내용에 따라 적용한다고 규정하고 있다.",
            "같은 법 제45조의2 제1항 제1호 는 과세표준신고서를 법정신고기한 내에 제출한 자는 과세표준신고서에 기재된 과세표준 및 세액이 세법에 의하여 신고하여야 할 과세표준 및 세액을 초과하는 때에는 법정신고기한경과 후 3년 이내에 최초신고 및 수정신고한 국세의 과세표준 및 세액의 결정 또는 경정을 관할세무서장에게 청구할 수 있다고 규정하고 있다.",
            "부가가치세법 제21조 제1항 은 사업장 관할 세무서장,사업장 관할지방국세청장 또는 국세청장은 사업자가 확정신고의 내용에 오류 또는 탈루가 있는 때에는 그 과세기간에 대한 부가가치세의 과세표준과 납부세액 또는 환급세액을 조사에 의하여 결정 또는 경정하도록 규정되어 있다.",
            "원고는 소외 1 주식회사의 부탁으로 실제거래 없이 이 사건 각 세금계산서를 발행하고 그 세금계산서에 기재된 매출액을 기초로 하여 이 사건 각 부가가치세를 신고·납부하였던 것인바, 이와 같은 가공거래의 경우에는 부가가치세의 부과대상인 재화 또는 용역의 공급이 없어 부가가치세의 부과대상이 아니라고 할 것이다.",
            "피고의 위와 같은 주장만으로 이 사건 각 세금계산서에 상응하는 실제 매출이 있었다고 인정하기 어렵고 달리 이를 인정할 증거가 없으므로 피고의 이 점에 관한 주장은 이유 없다.",
            "납세의무자와 과세관청 사이의 조세법률관계에서 발생한 부당이득에 대하여서는 민법상의 비채변제의 규정이 적용되지 아니하고( 대법원 1995. 2. 28. 선고 94다31419 판결 참조), 원고가 허위의 세금계산서에 터잡아 부가가치세를 신고·납부한 행위를 민법 제746조 가 규정하고 있는 불법의 원인으로 인하여 재산을 급여한 때 에 해당한다고 보기도 어려우므로 피고의 이 점에 관한 주장도 이유 없다.",
            "조세소송에서의 신의성실의 원칙의 적용은 조세법률주의에 의하여 합법성의 원칙이 강하게 작용하는 조세 실체법과 관련하여서는 사적자치의 원칙이 지배하는 사법에서보다는 제약을 받으며 합법성을 희생하여서라도 구체적 신뢰보호의 필요성이 인정되는 경우에 한하여 비로소 적용된다고 할 것이다.",
            "납세의무자가 과세관청에 대하여 자기의 과거의 언동에 반하는 행위를 하였을 경우에는 세법상 조세감면 등 혜택의 박탈, 신고불성실,기장불성실·자료불제출가산세 등 가산세에 의한 제재, 각종 세법상의 벌칙 등 불이익처분을 받게 될 것이다.",
            "과세관청은 실지조사권을 가지고 있는 등 세법상 우월한 지위에서 조세과징권을 행사하고 있고, 과세처분의 적법성에 대한 입증책임은 원칙적으로 과세관청에 있는 점 등을 고려한다면, 납세의무자에 대한 신의성실의 원칙의 적용은 극히 제한적으로 인정하여야 하고 이를 확대해석하여서는 안 된다고 할 것이다( 대법원 1997. 3. 20. 선고 95누18383 전원합의체 판결 등 참조).",
            "앞서 본 바와 같이 원고가 이 사건 각 세금계산서를 허위로 발행하고 세금계산서상의 매출액에 근거하여 이 사건 각 부가가치세를 신고·납부하였다가 그 후 그 세금계산서의 허위발행 사실이 밝혀졌다.",
            "이 사건 각 세금계산서를 원고로부터 발행,교부받은 소외 1 주식회사가 그에 따른 매입세액 공제 및 손금처리 등을 받지 못하게 되자 이 사건 각 부가가치세에 대하여 감액경정 및 환급을 청구하고, 그 경정거부처분에 대하여 취소를 구하고 있다.",
            "이와 같은 원고의 행위는 명백히 자기의 과거의 언동에 반하는 행위라고 할 수 있으나, 반면 허위의 세금계산서를 발행하는 행위에 대하여는 별도로 조세범처벌법 등에서 이를 처벌하는 규정을 두고 있고, 허위의 세금계산서를 발행,교부받은 자가 그에 기초하여 매입세액 등의 공제를 받는 경우 신고불성실 등에 따른 가산세의 제재 등 세법상 불이익 처분을 받게 된다.",
            "광범위한 실지조사권을 가지고 조세과징권을 행사하는 과세관청인 피고는 납세의무자인 원고에 비하여 세법상 우월한 지위에 있고 만약 납세의무자가 매출을 누락하여 부가가치세를 과소신고·납부하였다는 의심이 드는 경우에는 실지조사권을 행사하여 매출누락을 적발하여 납세의무자에게 부가가치세를 증액경정하고 가산세 등을 부과하였다.",
            "이 사건 각 세금계산서를 교부받은 소외 1 주식회사가 결국 이 사건 각 세금계산서에 기한 매입세액 공제 등을 받지 못하였고 이에 따라 아무런 조세포탈도 발생하지 않은 점 등에 비추어 본다.",
            "과거의 언동에 반하는 원고의 이 사건 청구가 국세기본법 제15조 에서 정한 신의성실의 원칙에 위반될 정도로 심한 배신행위를 하였다고 할 수 없고, 과세관청이 이 사건 각 세금계산서에 따른 이 사건 각 부가가치세 신고·납부를 그대로 믿었다고 하더라도 이를 보호받을 가치가 있는 신뢰라고 할 수도 없다.",
            "피고의 이 점에 관한 주장도 이유 없다.",
            "원고가 재화나 용역의 공급 없이 허위 매출세금계산서의 매출을 근거로 이 사건 각 부가가치세를 신고·납부한 것은 국세기본법 제45조의2 제1항 제1호 , 제2호 에 정한 경정청구사유에 해당하므로, 원고의 부가가치세경정청구를 거부한 이 사건 거부처분은 위법하다."
        ]
    },
    "close": {
        "cnclsns": [
            "피고가 2006. 8. 10. 원고에 대하여 한 별지 경정청구금액란 기재 각 부가가치세의 감액경정청구거부처분을 취소한다.",
            "소송비용은 피고가 부담한다. "
        ]
    }
}