{
    "info": {
        "caseField": "3",
        "detailField": "5",
        "trailField": "2",
        "caseNm": "법인세부과처분취소",
        "courtNm": "서울고등법원",
        "judmnAdjuDe": "2008. 05. 28.",
        "caseNo": "2007누29934",
        "relateLaword": [
            "행정소송법 제8조",
            "민사소송법 제420조",
            "2007. 12. 31. 법률 제8827호로 개정된 조세특례제한법 제2조 "
        ],
        "qotatPrcdnt": []
    },
    "concerned": {
        "acusr": "1",
        "dedat": "3"
    },
    "org": {
        "orgJdgmnCourtNm": "서울행정법원",
        "orgJdgmnAdjuDe": "2007. 10. 16. ",
        "orgJdgmnCaseNo": "2007구합12156"
    },
    "disposal": {
        "disposalform": "10",
        "disposalcontent": [
            "새로이 규정된  조세특례제한법 제2조 제3항 단서는  부칙 제1조에 의하여 2008. 1. 1.부터 시행하도록 되어 있을 뿐, 그 이전의 특별세액 감면대상 제외 기업에 대한 유예기간 인정에 관하여 이를 소급하여 적용할 수 있다고 볼 아무런 근거가 없으므로, 원고의 주장은 주장은 이유 없다. 따라서 원고의 항소를 기각한다.",
            "항소비용은 원고가 부담한다."
        ]
    },
    "mentionedItems": {
        "rqestObjet": [
            "제1심 판결을 취소한다.",
            "피고가 2006. 1. 2. 원고에 대하여 한 2003 사업연도 법인세 82,781,800원의 부과처분을 취소한다."
        ]
    },
    "assrs": {
        "acusrAssrs": [
            "원고는, 2007. 12. 31. 법률 제8827호로 개정된 조세특례제한법 제2조 제3항은 '한국표준산업분류가 변경되어 이 법에 따른 조세특례를 적용받지 못하게 되는 업종은 한국표준산업분류가 변경된 과세연도와 그 다음 과세연도까지는 변경 전의 한국표준산업분류에 따른 업종에 따라 조세특례를 적용한다'.는 단서를 새로이 규정하였다.",
            "이는 조세특례제한법상의 특별세액 감면대상이 되었던 중소기업이 감면대상에서 제외되는 경우 갑자기 증가되는 조세부담을 일정 기간 완화해 주려는 취지인바, 이 사건의 원고도 원래는 조세특례제한법상의 특별세액 감면대상이었는데 조세특례제한법이 한국표준산업분류에 의하여 업종 분류를 하도록 함으로써 그 대상에서 제외되었다.",
            "위 단서 규정의 취지에 따라, 원고를 특별세액 감면대상에서 제외하는 것을 일정 기간 유예해 주어야 한다고 주장한다."
        ],
        "dedatAssrs": []
    },
    "facts": {
        "bsisFacts": [
            "원고가 당심에서 새로이 하는 주장에 대하여 아래와 같이 추가로 판단하는 외에는 제1심 판결 이유의 1.항, 2.항 기재와 같으므로, 행정소송법 제8조 제2항, 민사소송법 제420조에 의하여 이를 그대로 인용한다."
        ]
    },
    "dcss": {
        "courtDcss": [
            "그러나, 위와 같이 새로이 규정된 조세특례제한법 제2조 제3항 단서는 부칙 제1조에 의하여 2008. 1. 1.부터 시행하도록 되어 있을 뿐, 그 이전의 특별세액 감면대상 제외 기업에 대한 유예기간 인정에 관하여 이를 소급하여 적용할 수 있다고 볼 아무런 근거가 없으므로, 원고의 위 주장은 이유 없다."
        ]
    },
    "close": {
        "cnclsns": [
            "원고의 항소를 기각한다.",
            "항소비용은 원고가 부담한다."
        ]
    }
}