{
    "info": {
        "caseField": "3",
        "detailField": "5",
        "trailField": "1",
        "caseNm": "영업허가취소처분및과태료부과처분취소",
        "courtNm": "청주지법",
        "judmnAdjuDe": "2008. 05. 01.",
        "caseNo": "2007구합431",
        "relateLaword": [
            "구 폐기물관리법(2007. 4. 11. 법률 제8371호로 개정되기 전의 것) 제63조 ",
            "비송사건절차법 제247조",
            "비송사건절차법 제248조",
            "비송사건절차법 제249조",
            "구 폐기물관리법 제28조 ",
            "구 폐기물관리법 제43조의2",
            "폐기물관리법 제68조",
            "폐기물관리법 제40조"
        ],
        "qotatPrcdnt": []
    },
    "concerned": {
        "acusr": "2",
        "dedat": "3"
    },
    "org": {
        "orgJdgmnCourtNm": "",
        "orgJdgmnAdjuDe": "",
        "orgJdgmnCaseNo": ""
    },
    "disposal": {
        "disposalform": "10",
        "disposalcontent": [
            "이 사건 소 중 과태료부과처분취소청구 부분을 각하한다.",
            "피고가 2007. 3. 20. 원고에 대하여 한 영업허가취소처분을 취소한다.",
            "소송비용은 피고가 부담한다."
        ]
    },
    "mentionedItems": {
        "rqestObjet": [
            "주문 제2항 및 피고가 2007. 3. 20. 원고에 대하여 한 과태료부과처분을 취소한다."
        ]
    },
    "assrs": {
        "acusrAssrs": [
            "이 사건 조합은 원고가 월 공제수수료를 체납하였다는 이유로 원고를 제명하였으나, 위 제명조치는 조합 정관에 정한 절차를 준수하지 않아 효력이 없다.",
            "피고는 원고가 이 사건 조합에서 제명되었음을 전제로 원고에게 이행보증조치를 명하였고, 이를 이행하지 않았다는 이유로 이 사건 처분을 내린 것이므로 이는 위법하여 취소되어야 한다."
        ],
        "dedatAssrs": [
            "원고가 이 사건 조합에서 제명됨에 따라 원고는 구 폐기물관리법 제42조의2 제1항 제1호 규정에 의한 분담금 납부의 조치를 취할 수 없게 되었다.",
            "원고는 같은 항 제2 , 3호 규정에 따라 폐기물의 처리를 보증하는 보험에 가입하거나 폐기물처리이행보증금을 예치하여야 한다.",
            "원고는 이 중 어느 조치도 취하지 아니하여 피고가 관련 규정에 따라 적법한 절차를 거쳐 원고의 영업허가를 취소한 것이므로 이 사건 처분은 적법하다."
        ]
    },
    "facts": {
        "bsisFacts": [
            "원고는 폐기물 소각을 전문으로 하는 폐기물중간처리업체로서 피고로부터 폐기물중간처리업 허가를 얻은 후 산업폐기물 수집운반업 등을 영위하는 법인이다.",
            "원고는 사업장에서 발생하는 방치폐기물에 대한 처리의 이행을 보증하기 위하여 폐기물관리법 제43조의2 제1항 제1호 규정에 따라 소외 조합(이하 '이 사건 공제조합' 이라 한다)에 금 17,024,000원의 분담금을 예치하였다.",
            "이 사건 조합은 원고가 월 공제수수료를 체납하였다는 이유로 2007. 1. 10. 피고에게 원고를 제명하였다는 통지를 하였고, 2008. 2. 21. 이사회를 통하여 원고에 대한 제명을 의결하였다.",
            "피고는 이 사건 조합으로부터 원고가 제명되었다는 통지를 받은 후 원고에게 폐기물관리법 제43조의2 규정에 의한 방치폐기물 처리의 이행을 보증할 수 있는 조치를 취하라는 명령을 발하였고, 원고가 이를 이행하지 아니하자 피고는 이를 이유로 2007. 3. 20. 원고의 영업허가를 취소하는 처분(이하 '이 사건 처분' 이라 한다)과 원고에게 1,000만 원의 과태료를 부과하는 처분을 하였다."
        ]
    },
    "dcss": {
        "courtDcss": [
            "원고는 위 과태료 부과처분이 위법하다며 그 취소를 구하나, 구 폐기물관리법(2007. 4. 11. 법률 제8371호로 개정되기 전의 것) 제63조 는 과태료처분에 불복이 있는 자는 그 처분의 고지를 받은 날로부터 30일 이내에 처분권자에게 이의를 제기할 수 있다고 규정하고 있다.",
            "같은 조 제6항 은 과태료처분을 받은 자가 제5항 의 규정에 의하여 이의를 제기한 때에는 처분권자는 지체 없이 관할법원에 그 사실을 통보하여야 하며, 그 통보를 받은 관할법원은 비송사건절차법에 의한 과태료의 재판을 한다고 규정하고 있으며, 비송사건절차법은 제247조 이하에서 과태료 재판의 절차 등에 관하여 규정하고 있다. ",
            "행정상 제재수단의 하나인 폐기물관리법상 과태료부과처분은 위 폐기물관리법 및 비송사건절차법에 정한 준사법적절차에 의하도록 규정되어 있으므로, 이러한 과태료부과처분은 행정소송의 대상이 되는 처분이라고 볼 수 없다.",
            "이 사건 소 중 과태료부과처분의 취소를 구하는 부분은 행정소송의 대상이 되지 아니하여 부적법하므로 이를 각하한다.",
            "피고의 이 사건 처분은 원고가 이 사건 조합에서 제명된 것을 전제로 내려진 것이므로 먼저 원고가 이 사건 조합에서 적법하게 제명되었는지 여부에 관하여 본다.",
            "이 사건 조합의 정관규정에 의하면 조합원에 대한 제명은 반드시 이사회의 결의를 통하여 이루어지도록 규정하고 있는바, 원고의 제명을 안건으로 하는 이사회가 이 사건 조합이 피고에게 원고에 대한 제명을 통지한 후로 약 1년이 지난 2008. 2. 21. 이루어졌음은 앞서 본 바와 같다.",
            "이 사건 조합의 정관 제33조 제2항이 이사회 결의사항 중 경미한 사항은 이사회의 의결을 거쳐 이사장에게 그 처리를 위임할 수 있도록 규정하고 있기는 하나, 조합원의 제명에 관한 사항을 이사회결의를 통하여 이사장에게 위임하였다는 점을 입증할 아무런 자료가 없고, 가사 그러한 위임을 하였다. 하더라도 조합원의 제명에 관한 사항을 이사장에게 위임할 수 있는 경미한 사항이라고 볼 수도 없다.",
            "위 이사회의 의결이 있기 전까지는 원고가 이 사건 조합에서 제명되었다고 할 수 없으므로, 이 사건 처분 당시 원고는 이 사건 조합의 조합원 자격을 유지하고 있었다고 보아야 한다.",
            "원고가 이 사건 조합의 조합원 자격을 유지하고 있었던 이상 원고는 폐기물의 처리를 보증하는 보험에 가입하거나 폐기물처리이행보증금을 예치할 의무가 없는바, 원고를 제명하였다는 이 사건 조합의 통보만을 바탕으로 원고가 이 사건 조합의 조합원이 아님을 전제로 이루어진 이 사건 처분은 위법하여 취소되어야 한다."
        ]
    },
    "close": {
        "cnclsns": [
            "원고의 이 사건 청구는 이유 있으므로 이를 인용한다."
        ]
    }
}