{
    "info": {
        "caseField": "3",
        "detailField": "5",
        "trailField": "2",
        "caseNm": "요양급여비용환수처분취소",
        "courtNm": "서울고등법원",
        "judmnAdjuDe": "2008. 01. 30.",
        "caseNo": "2007누22704",
        "relateLaword": [
            "구 의료법 제32조의2",
            "국민건강보험법 제52조",
            "구 의료법 제71조",
            "구 의료법 제50조",
            "구 의료법 제53조의3",
            "구 의료법 제69조",
            "국민건강보험법 제39조",
            "의료법 제32조의2"
        ],
        "qotatPrcdnt": []
    },
    "concerned": {
        "acusr": "1",
        "dedat": "3"
    },
    "org": {
        "orgJdgmnCourtNm": "서울행정법원",
        "orgJdgmnAdjuDe": "2007. 8. 16. ",
        "orgJdgmnCaseNo": "2007구합18383"
    },
    "disposal": {
        "disposalform": "10",
        "disposalcontent": [
            "원고의 항소를 기각한다.",
            "항소비용은 원고가 부담한다."
        ]
    },
    "mentionedItems": {
        "rqestObjet": [
            "제1심 판결을 취소한다. 피고가 2007. 2. 13. 원고에 대하여 한 요양급여비용환수처분을 취소한다."
        ]
    },
    "assrs": {
        "acusrAssrs": [
            "국민건강보험법 제52조 제1항 에서 말하는 사위 기타 부당한 방법 이란 요양급여를 전혀 실시하지 않았거나 실시하였더라도 건강보험 요양급여비용에 관한 법령에서 정한 기준을 위반,초과하여 해당 부분의 요양급여비용을 지급받을 수 없음에도 허위의 자료를 제출하거나 사실을 은폐하는 등 부정한 방법으로 보험급여비용을 청구하여 지급받는 경우를 말하는 것이다.",
            "단지 신고 및 검사의무를 이행하지 않은 요양급여장비를 설치, 운영하여 요양급여를 행한 것은 구 의료법 제71조 제1항 등에 의한 과태료 기타 행정적 제재의 대상일 뿐 요양급여비용 환수처분의 요건인 사위 기타 부당한 방법으로 보험급여비용을 받은 때에 해당하지 않는다.",
            "이 사건 요양급여장비는 요양급여에 필요한 안전성을 갖춘 요양급여의 대상이 되는 장비로서, 원고가 이 사건 요양급여장비에 대한 신고 및 검사의무를 이행하지 못한 것은 변경된 관계법령을 숙지하지 못한 과실로 인한 것일 뿐이다.",
            "보험재정의 손실까지는 초래한 것은 아님에도 불구하고, 원고에게 정당한 의료행위의 대가까지 전부 사실상 몰수하는 효과를 가지는 환수처분을 하는 것은 이중처벌로서 과잉금지원칙 및 비례원칙에 위배된다."
        ],
        "dedatAssrs": []
    },
    "facts": {
        "bsisFacts": [
            "원고는 국민건강보험법상의 요양급여를 행하는 의료기관인바, 진단용 방사선발생장치인 골밀도 검사기기(이하 '이 사건 요양급여장비' 라 한다)를 1999. 1. 19.부터 설치, 운영하였다.",
            "2002. 11. 20. 구 의료법(2007. 4. 11. 법률 제8366호로 전문개정되기 전의 것, 이하 같다) 제32조의 2 의 규정에 따라 요양급여장비의적정기준(보건복지부 고시 제2002-71호, 이하 '적정기준' 이라 한다)이 제정·고시되었음에도 적정기준에 규정된 신고 및 검사의무를 이행하지 아니하였다.",
            "2005. 5. 16. 이 사건 요양급여장비의 검사를 받은 다음 같은 달 19. 제주시장에게 이 사건 요양급여장비의 설치 및 사용신고를 하였다.",
            "피고는 적정기준이 제정·고시된 2002. 11. 20.부터 관할 시장인 제주시장에게 신고를 마치기 전날인 2005. 5. 18까지의 기간 동안 원고가 이 사건 요양급여장비를 사용하여 요양급여를 행하였다.",
            "피고로부터 지급받은 요양급여비용에 관하여 사위 기타 부당한 방법으로 보험급여비용을 받은 경우에 해당한다는 이유로 2007. 2. 13. 국민건강보험법 제52조 제1항 에 의거 2,818,420원의 환수처분(이하 '이 사건 처분' 이라 한다)을 하였다."
        ]
    },
    "dcss": {
        "courtDcss": [
            "구 의료법 제32조의2 , 제50조 , 제53조의3 , 제69조 , 제71조 제1항 제1호 , 제2호 , 진단용방사선발생장치의안전관리에관한규칙 제3조 제1항 , 제4조 제1항 , 의료관계행정처분규칙 등의 규정에 의하면, 의료기관의 개설자가 진단용 방사선발생장치를 설치, 운영하는 경우 관할 시장·군수·구청장에게 신고를 하고 검사와 측정을 받아야 할 의무가 있다.",
            "위와 같은 신고, 검사, 측정의무를 위반한 경우 위반자는 300만 원 이하의 과태료에 처하고, 관할 행정청은 일정한 기간을 정하여 진단용 방사선발생장치의 전부 또는 일부의 사용을 제한,금지하거나 위반된 사항의 시정을 명할 수 있다.",
            "위 시정명령을 위반한 자는 300만 원 이하의 벌금에 처하도록 되어 있는바, 이는 의료법 및 그 관련 법령에 따른 형벌 또는 행정적 제재이고, 의료기관이 신고 및 검사, 측정의무를 이행하지 아니한 의료장비를 사용하여 요양급여를 실시하고 요양급여비용을 지급받은 경우 환수처분의 요건에 해당하는지 여부는 국민건강보험법 및 그 관련 법령에 따라 별도로 판단되어야 하는 문제이다.",
            "국민건강보험법 제52조 제1항 에서 말하는 사위 기타 부당한 방법 이란 반드시 허위의 자료를 제출하거나 사실을 적극적으로 은폐할 것을 요하는 것은 아니다.",
            "관련 법령에 의하여 요양급여비용으로 지급받을 수 없는 비용임에도 불구하고 이를 청구하여 지급받는 행위를 모두 포함한다고 할 것이므로, 신고 및 검사, 측정의무를 이행하지 않은 요양급여장비를 사용하여 실시한 요양급여비용의 청구가 법령상 인정되는지 여부에 관하여 살핀다.",
            "국민건강보험법 제39조 제2항 의 위임에 따라 요양급여의 방법, 절차, 범위, 상한 등 기준을 정한 국민건강보험요양급여의기준에관한규칙 제5조 제1항 , 제2항 은 요양기관은 가입자 등의 요양급여에 필요한 적정한 인력·시설 및 장비를 유지하여야 한다.",
            "이 경우 보건복지부장관은 인력·시설 및 장비의 적정기준을 정하여 고시할 수 있도록 규정하고, 이에 따라 보건복지부장관이 2002. 11. 20. 제정·고시한 적정기준은, 요양기관이 진단용 방사선발생장치를 사용할 경우 의료법 제32조의2 제1항 및 진단용방사선발생장치의안전관리에관한규칙 제3조 에 의하여 시장·군수·구청장에게 신고한 장비를 사용하여야 한다.",
            "의료법 제32조의2 제2항 및 진단용방사선발생장치의안전관리에관한규칙 제4조 에 의한 검사를 받지 아니하거나 검사결과 부적합판정을 받은 장비를 사용하여서는 아니된다( 제3조 제2항 ).",
            "요양급여시 사용하는 장비 중 국민건강보험법시행규칙 제12조 제3항 및 제4항 의 규정에 의하여 건강보험심사평가원에 그 현황을 통보하는 장비(이 사건 요양급여장비도 여기에 포함된다)에 대하여는 허가,신고 또는 검사 등에 관한 사실을 확인할 수 있는 자료를 건강보험심사평가원에 제출하도록( 제4조 ) 규정하고 있다.",
            "이와 같이 요양급여비용의 기준에 관한 법령에서 미신고, 미검사 진단용 방사선발생장치의 사용을 금지하고, 의료기관의 신고, 검사 등에 관한 자료제출의무까지 부과하고 있는 점, 요양급여장비가 검사결과 부적합 판정을 받을 가능성을 배제할 수 없는 한 사전에 법령상의 신고, 검사를 마친 경우와 사후에 법령상의 신고, 검사를 마치는 경우를 동일시 할 수는 없는 점 등에 비추어 본다.",
            "이 사건 요양급여장비가 법령상의 신고, 검사를 마치지 않은 채 의료장비로 사용되는 경우 그 의료행위는 위법한 것이므로 그 진찰,검사료는 요양급여비용으로서 청구할 수 없는 것이고, 사후에 위 요양급여장비를 검사하여 적합 판정을 받았다고 하여 그 이전에 행한 의료행위가 소급하여 적법하게 되는 것은 아니라고 할 것이다.",
            "따라서, 신고 및 검사, 측정의무를 이행하지 아니한 상태의 이 사건 요양급여장비를 사용하여 의료행위를 한 데 대하여 원고가 요양급여비용을 청구하여 지급받은 것은 사위 기타 부당한 방법으로 요양급여비용을 받은 때에 해당한다고 할 것이므로, 그 비용의 환수를 명한 이 사건 처분은 적법하다.",
            "앞에서 본 바와 같이 1 원고는 사전에 법령상의 신고, 검사를 받지 않은 채 이 사건 요양급여장비를 환자들의 진단에 사용하였고, 결과적으로 이 사건 요양급여장비에 대한 검사결과 적합 판정을 받았으나 만약 부적합 판정을 받은 불량품이었다면 그로 인하여 적절한 진단을 받지 못한 환자들의 건강 및 생명에 심대한 영향을 미칠 수도 있었다.",
            "2 법령상의 신고, 검사를 받지 않은 이 사건 요양급여장비를 이용한 진단이 앞서 본 바와 같이 위법한 것으로서 그에 실제로 소요된 비용이 있더라도 이를 요양급여비용으로 청구할 수 없는 것인 이상, 원고가 이 사건 요양급여장비에 대하여 관할 시장인 제주시장에게 신고를 마치기 전날까지 이 사건 요양급여장비의 진단료로 지급받은 금액 전부를 부당금액으로 삼았다고 하여 이를 부당하다고 볼 수 없는 점 등에 비추어 본다.",
            "이 사건 처분으로 인하여 달성하려고 하는 건강보험제도의 발전과 국민건강 증진 도모라는 공익이 이 사건 처분으로 침해되는 원고의 사익에 비하여 월등하게 크다고 할 것이어서 이 사건 처분이 과잉금지원칙 및 비례원칙에 위배된다 할 수 없으므로, 이 사건 처분은 적법하다 할 것이다."
        ]
    },
    "close": {
        "cnclsns": [
            "원고의 항소를 기각한다.",
            "항소비용은 원고가 부담한다. "
        ]
    }
}