{
    "info": {
        "caseField": "3",
        "detailField": "5",
        "trailField": "2",
        "caseNm": "양도소득세부과처분취소",
        "courtNm": "서울고법",
        "judmnAdjuDe": "2008. 02. 12.",
        "caseNo": "2007누19630",
        "relateLaword": [
            "구 소득세법(2005. 12. 31. 법률 제7837호로 개정되기 전의 것) 제95조",
            "구 소득세법(2005. 12. 31. 법률 제7837호로 개정되기 전의 것) 제89조",
            " 구 지방세법(2005. 1. 5. 법률제7332호로 개정되기 전의 것) 제112조",
            "구 지방세법 시행령(2005. 1. 5. 대통령령 제18669호로 개정되기 전의 것) 제84조"
        ],
        "qotatPrcdnt": [
            "대법원 2005. 4. 28. 선고 2004두14960 판결 ",
            "대법원 1994. 11. 11. 선고 94누8280 판결 등",
            "대법원 1994. 11. 11. 선고 94누 8297 판결 등",
            " 대법원 1988. 4. 12. 선고 87누932 판결",
            "대법원 1997. 5. 30. 선고 97누4364 판결 "
        ]
    },
    "concerned": {
        "acusr": "1",
        "dedat": "3"
    },
    "org": {
        "orgJdgmnCourtNm": "서울행법",
        "orgJdgmnAdjuDe": " 2007. 6. 28.",
        "orgJdgmnCaseNo": "2006구단5703"
    },
    "disposal": {
        "disposalform": "10",
        "disposalcontent": [
            "제1심판결을 취소한다",
            "피고가 2005. 5. 31. 원고에 대하여 한 2004년 귀속 양도소득세 107,754,590원의 부과처분을 취소한다",
            "소송총비용은 피고가 부담한다"
        ]
    },
    "mentionedItems": {
        "rqestObjet": [
            "제1심판결을 취소한다",
            "피고가 2005. 5. 31. 원고에 대하여 한 2004년 귀속 양도소득세 107,754,590원의 부과처분을 취소한다",
            "소송총비용은 피고가 부담한다"
        ]
    },
    "assrs": {
        "acusrAssrs": [
            "이 사건 계쟁주택은 원고의 아버지 소외 1에 의해 별장으로 사용할 목적으로 지어져 별장으로 이용되어 오다가, 1992년 소외 1이 사망한 후에는 원고의 어머니 소외 2가 가끔씩 들러 휴식을 취하는 등의 방법으로 계속하여 별장 용도로 이용되어 온 것이다.",
            "이는 소득세법령상 1가구 1주택의 양도에 따른 소득세 비과세 여부를 결정함에 있어서 '주택' 이라고 할 수 없는 별장에 해당함에도 불구하고, 피고가 이를 주택으로 보아 한 이 사건 처분은 위법하다."
        ],
        "dedatAssrs": []
    },
    "facts": {
        "bsisFacts": [
            "원고는 0000 (주소, 명칭 및 동호수 생략) 아파트(이하 '이 사건 아파트' 라 한다)를 1983. 6. 23.경 취득하여 2년 이상 거주하면서 보유하다가 2004. 10. 29.경 800,000,000원에 매도하였다.",
            "원고는 이 사건 아파트를 양도한 후 그 양도소득세를 신고·납부함에 있어, 원고에게 이 사건 아파트 외에 다른 주택이 없음을 전제로 하여 위 양도가 구 소득세법(2005. 12. 31. 법률 제7837호로 개정되기 전의 것, 이하 같다) 제95조 제3항 , 제89조 제3호 소정의 고가주택인 '1세대 1주택' 의 양도에 해당한다는 이유로 같은 법 시행령 제160조 제1항 에 따라 양도차익을 142,532,526원으로 산정하였다.",
            "그에 따른 양도소득세로 20,986,377원을 신고하고, 그 중 20,986,360원을 납부하였다.",
            "한편, 원고는 1974. 11. 1.경 그 명의로 0000 (지번 생략) 임야 104,510㎡(이하 '이 사건 임야' 라 한다)를 매수하고, 1976. 7. 14.경 위 지상에 지하 8.25㎡, 1층 69.33㎡의 주택 1동(이하 '이 사건 계쟁주택' 이라 한다)과 축사 3동 및 부속사 1동을 신축하여 이 사건 아파트 양도 당시까지 보유해 오고 있었다.",
            "이 사건 계쟁주택은 원고의 아버지 소외 1이 1976. 7. 14.경 축사, 부속사와 함께 주거용 건물로 신축한 것으로서, 창고로 사용되는 부속사는 계쟁주택 출입문으로부터 20m가 채 되지 않는 곳에 위치해 있고, 그 옆에 축사 1동이 위치해 있으며, 계쟁주택 출입문과 축사는 서로 마주보도록 되어 있다. ",
            "나머지 축사 2동은 계쟁주택과 상당한 거리를 두고 있다. 이 사건 계쟁주택은 방 2개, 거실, 욕실, 보일러실 등으로 구성되어 있다.",
            "이 사건 임야는 포장도로에 접해 있고, 포장도로에서 이 사건 계쟁주택까지 진입로가 개설되어 있는데, 진입로 입구에는 0이라는 문구가 새겨진 석재물이 있다.",
            "그 주변에 1974. 11. 15. 주님의 은혜로 이 곳 잡종지를 입수하여 방치하여 오던 중 나의 후계를 위하여 1984. 3.부터 자작시설하고 수목미화시설개척에 노력을 경주하였다. 는 문구가 기재된 철제 구조물이 세워져 있다. 위 임야 인근의 토지는 산지를 제외하면 대부분 화훼 등 농작물의 재배에 이용되고 있고, 특별히 휴양을 위한 시설이나 위락시설은 없다.",
            "소외 1은 이 사건 계쟁주택을 건립한 후 계쟁주택 주변에 연못을 조성하고, 여러 그루의 관상수와 화초를 심고, 임야 곳곳에 정자를 설치하여 휴양을 겸할 수 있는 장소로 꾸미는 한편, 관리인을 고용하여 위 3동의 축사에서 곰 등을 사육하고, 임야 곳곳에서 농작물을 재배하도록 하면서 때때로 위 0에 들러 휴식을 취하거나 곰 사육, 농작물 재배 등의 작업을 직접 하기도 하였다.",
            "2003. 10.경부터 위 0의 관리인 역할을 맡아 온 소외 3은 이 사건 계쟁주택으로부터 50m 가량 떨어져 있는 비닐하우스 안에서 기거하면서 이 사건 임야에서 화훼와 채소를 재배하였다. ",
            "이 사건 계쟁주택에는 가정용 전기계량기와 농사용 전기계량기가 따로 설치되어 전력이 공급되고 있는데, 소외 3은 농사용 전기계량기에서 전기선을 끌어내어 자신의 비닐하우스 주거시설과 화훼 및 채소 재배시설에 필요한 전기를 공급받고 있었다. ",
            "그런데 소외 3은 이 사건 처분 당시 계쟁주택에 대하여 부과되는 가정용 전기요금과 농사용 전기요금 모두를 자신이 부담하여 왔다.",
            "원고와 관련된 0000 소재 회사에서 운전기사로 근무하던 소외 4는 이 사건 처분 당시, 소외 2가 위 0에 들리고자 할 때 자동차로 소외 2를 태워다 주는 일을 담당하고 있었다.",
            "원고의 승낙을 받아 주말을 이용하여 계쟁주택 주변의 땅에서 채소를 가꾸기도 하면서 계쟁주택에서 음식을 만들어 먹기도 하였다. ",
            "실제로 이 사건 계쟁주택에서 지속적으로 거주한 일은 없다( 소외 4는 이 사건 처분 당시 위와 같이 계쟁주택에 전입신고를 하여 두고 있었고, 현장조사를 나온 피고 담당공무원에게 자신의 처와 함께 있는 자리에서 자신이 그 곳에 거주하고 있다고 진술하기는 하였다.",
            "그 후 소외 4가 계쟁주택에 전입신고를 하여 둔 것은 0000 등 0000이 개발될 때 아파트를 분양받는데 유리할 것이라는 생각에서 그런 것이고, 실제로는 0000에 출퇴근하기 쉽도록 0000에 있는 장모의 집에서 거주하였다.",
            "피고의 담당공무원에게 이 사건 계쟁주택에 살고 있다고 대답한 것은 계쟁주택에 주민등록이 되어 있기에 주민등록지와 주소지가 같아야 한다는 생각에 자세히 말하기 싫어서 그런 것 이라는 취지의 확인서를 제출하고 있다.",
            "피고의 담당공무원이 현장 조사를 할 때 계쟁주택의 외부와 주변의 상황을 살피고 소외 4에게 몇 가지 사항을 물어보는 방식으로 조사하였을 뿐 주택 내부를 살펴 사람이 지속적으로 생활하는 흔적을 구체적으로 조사하지는 아니하다.",
            "위에서 본 바와 같이 이 사건 처분 당시 이 사건 계쟁주택에 대하여 부과되는 전기요금을 모두 소외 3이 부담하여 온 점 등을 종합하여 보면, 피고 담당공무원의 현장조사시에 한 진술과는 달리 소외 4는 이 사건 계쟁주택에 상시적으로 거주하였다고 보기는 어렵다).",
            "원고는 이 사건 계쟁주택 및 임야에 대하여 별장에 상응한 취득세나 재산세 및 종합토지세를 납부한 적이 없다.",
            "이 사건 처분 무렵인 2004. 4.경부터 2005. 4.까지 계쟁주택의 가정용 전기요금이 2개월을 제외하고는 매월 10,000원 이상이고 많은 달에는 30,000여 원에 이르렀다. ",
            "한편으로, 소외 4는 2004. 5. 10.부터 2005. 10. 18.까지 이 사건 계쟁주택에 전입신고를 하여 두고 있었고, 2005. 5.경 용산세무서 소속 담당공무원이 현장 조사를 위해 계쟁주택을 방문하였을 당시 그곳에서 거주하고 있다고 답변하기도 하였다."
        ]
    },
    "dcss": {
        "courtDcss": [
            "소득세법상 주택이란 실제 용도가 사실상 주거에 제공되는 건물인가에 의하여 판단하여야 한다.",
            "일시적으로 주거가 아닌 다른 용도로 사용되고 있다고 하더라도 그 구조,기능이나 시설 등이 본래 주거용으로서 주거용에 적합한 상태에 있고 주거기능이 그대로 유지·관리되고 있어 언제든지 본인이나 제3자가 주택으로 사용할 수 있는 건물의 경우에는 이를 주택으로 보아야 할 것이다( 대법원 2005. 4. 28. 선고 2004두14960 판결 참조).",
            "앞서 본 바와 같이 원고나 소외 1, 소외 2가 이 사건 계쟁주택에서 상주한 일이 없었다거나 소외 1이 이 사건 계쟁주택을 건립한 후 계쟁주택 주변에 연못을 조성하는 등 이를 휴양을 겸할 수 있는 장소로 꾸민 일이 있었다는 사정만으로 이 사건 계쟁주택의 주거로서의 기능이 상실되었다고 보기 어렵다.",
            "이 사건 계쟁주택이 방 2개, 거실, 욕실, 보일러실 등으로 구성되어 있고, 소외 3의 자녀들이 이 사건 아파트 양도 당시까지 계쟁주택 일부를 공부방 등으로 이용하기도 하고, 컴퓨터를 사용할 경우 그 방을 이용하여 온 점 등을 고려해 본다.",
            "이 사건 아파트의 양도 당시 이 사건 계쟁주택은 그 구조,기능이나 시설 등이 본래 주거용으로서 주거용에 적합한 상태에 있고 주거기능이 그대로 유지·관리되고 있어 언제든지 원고나 제3자가 주택으로 사용할 수 있는 상태에 있었다 할 것이므로 이는 소득세법상 주택으로 봄이 상당하다.",
            "그런데, 소득세법령이 1세대 1주택의 양도로 인한 소득을 비과세 대상으로 규정하면서 1세대 1주택 해당 여부를 정함에 있어 상시 주거용으로 사용하지 않는 별장이 주택에 해당하는지 여부에 대하여는 아무런 규정을 하지 않고 있다.",
            "구 지방세법 제112조 제2항 제1호 의 별장에 해당한다는 이유만으로 곧바로 소득세법상 1세대 1주택의 양도로 인한 소득에 대한 비과세 여부를 결정하는 데 있어서 주택에 해당하지 않는다고 할 수는 없을 것이다.",
            "이 사건에서 피고가 별장의 경우에는 1세대 1주택 의 주택에 해당하지 않는다는 점에 관하여 명백하게 다투고 있지 아니할 뿐만 아니라, 앞서 본 바와 같이 피고가 1997. 6. 25. 지방세법의 규정에 의하여 별장으로 과세되는 건축물은 주택으로 보지 아니한다 는 내용의 예규를 만들어 시행하여 왔다.",
            "또한 변론 전체의 취지를 종합하여 인정되는 다음과 같은 사정, 즉 피고가 위 예규 외에도 1996. 5. 14.자 재일46014-1195호 등 여러 건에서 소득세법상 1세대 1주택으로 양도소득세를 비과세하는 요건을 판단함에 있어서 별장은 주택으로 보지 아니한다 는 내용의 예규를 만들어 시행하여 왔다.",
            "1997. 11. 25.자 국심97서2125호 , 2005. 3. 14.자 국심2004서3923호 등의 국세심판청구 사건에서 위 예규 내용과 같은 취지의 심판을 하여 온 점(위 각 국세심판에서 과세관청은 별장의 경우 1세대 1주택으로 양도소득세를 비과세하는 요건을 판단함에 있어서 주택으로 보지 아니한다는 전제 아래, 각 사건의 주택들이 별장에 해당하는지 여부에 관하여 다투었을 뿐이다) 등을 종합하여 본다.",
            "이 사건 처분 당시 소득세법상 1세대 1주택으로 양도소득세를 비과세하는 요건을 판단함에 있어서 별장은 주택으로 보지 아니한다는 피고의 비과세 관행이 형성되어 있다고 볼 여지가 충분하다 할 것이므로, 결국 이 사건의 주된 쟁점은 이 사건 계쟁주택이 상시 주거용으로 사용되는 건물인지 여부라고 할 것이다.",
            "그러므로 살피건대, 구 지방세법 제112조 제2항 제1호 는 주거용 건축물로서 상시 주거용으로 사용하지 아니하고 휴양,피서,위락 등의 용도로 사용하는 건축물과 그 부속 토지(농어촌주택과 그 부속 토지 제외) 를 별장으로 규정하고 있다.",
            "어떤 건축물이 여기서 말하는 별장용 건축물에 해당하기 위하여는 그 건축물의 사실상의 현황에 의하여 별장용으로 사용하고 있으면 족하다고 할 것이다( 대법원 1994. 11. 11. 선고 94누8280, 8297 판결 등 참조).",
            "원고의 아버지인 소외 1이 이 사건 계쟁주택을 건립한 후 계쟁주택 주변에 연못을 조성하고, 여러 그루의 관상수와 화초를 심고, 임야 곳곳에 정자를 설치하여 휴양을 겸할 수 있는 장소로 꾸미는 한편, 때때로 그곳에서 휴식을 취하였다.",
            "소외 1이 사망한 후 원고의 어머니인 소외 2가 가끔 위 0 에 들러 이 사건 계쟁주택에서 묵어가곤 하였던 사실( 소외 2가 계쟁주택에서 묵어가기도 한 것이 휴양 등의 목적 외에 상시적인 거주 등 다른 목적이 있었다고 보기 어렵다), 원고, 소외 1, 소외 2는 모두 이 사건 계쟁주택에서 상주한 일이 없었던 사실은 앞서 본 바와 같다.",
            "이에 따르면 원고는 이 사건 계쟁주택을 상시 주거용으로 사용하지 아니하고 휴양·피서·위락 등의 용도로 사용하였다고 볼 것이고, 비록 원고가 이 사건 계쟁주택에 대해 별장에 상응한 취득세나 재산세를 납부하지 아니하였다고 하더라도, 그러한 사정만으로 계쟁주택이 별장에 해당하지 않는다고 할 수는 없을 것이다.",
            "한편, 주거용 건축물이 상시 주거용이 아닌 별장용으로 사용되고 있는지 여부를 판정하는 기준으로 삼을 사용주체는 반드시 그 건축물의 소유자임을 요하는 것은 아니며 건축물의 임차인이라도 무방하다고 할 것이다( 대법원 1988. 4. 12. 선고 87누932 판결 , 1997. 5. 30. 선고 97누4364 판결 등 참조).",
            "위에서 본 바와 같이 이 사건 아파트의 양도 당시 농장 관리인인 소외 3이 원고의 승낙을 받고서 이 사건 계쟁주택의 욕실을 사용하기도 하고 그 자녀들이 공부를 하거나 인터넷을 이용하기 위하여 일부 방을 사용하는 등 계쟁주택의 일부를 사용하기도 하였다.",
            "이는 원고를 대신하여 이 사건 계쟁주택을 비롯한 위 금토농장의 관리를 맡게 된 소외 3이 농장을 관리하는 과정에서 계쟁주택을 부분적으로 이용하는 것에 불과한 것으로 보이는 점, 이 사건 처분 무렵인 2004. 4.경부터 2005. 4.까지 계쟁주택의 가정용 전기요금이 거의 매월 10,000원 이상 30,000여 원에 이르렀다.",
            "이는 소외 3의 자녀들이 계쟁주택에서 인터넷에 접속하거나 공부를 하기도 하는 과정에서 사용하는 전기의 요금으로 볼 여지가 충분한 점 등을 고려해 보면, 소외 3과 관련한 위와 같은 사정들만으로 소외 3이 계쟁주택을 상시적으로 사용하였다고 보기는 어렵다.",
            "따라서 앞서 본 여러 사정을 종합하면, 이 사건 아파트의 양도 당시 이 사건 계쟁주택은 결국, 상시적으로 사용하는 주택이 아닌 별장에 해당한다고 할 것이므로, 이 사건 아파트의 양도가 1세대 1주택의 양도에 해당하지 아니한다고 보고서 한 피고의 이 사건 처분은 위법하다."
        ]
    },
    "close": {
        "cnclsns": [
            "제1심판결을 취소한다.",
            "피고가 2005. 5. 31. 원고에 대하여 한 2004년 귀속 양도소득세 107,754,590원의 부과처분을 취소한다.",
            "소송총비용은 피고가 부담한다. "
        ]
    }
}