{
    "info": {
        "caseField": "3",
        "detailField": "5",
        "trailField": "1",
        "caseNm": "행위허가(리모델링)신청서반려처분취소",
        "courtNm": "부산지법",
        "judmnAdjuDe": "2007. 11. 29.",
        "caseNo": "2007구합1607",
        "relateLaword": [
            "집합건물의 소유 및 관리에 관한 법률 제15조"
        ],
        "qotatPrcdnt": []
    },
    "concerned": {
        "acusr": "2",
        "dedat": "3"
    },
    "org": {
        "orgJdgmnCourtNm": "",
        "orgJdgmnAdjuDe": "",
        "orgJdgmnCaseNo": ""
    },
    "disposal": {
        "disposalform": "10",
        "disposalcontent": [
            "원고의 청구를 기각한다.",
            "소송비용은 보조참가로 인한 비용을 포함하여 모두 원고가 부담한다.",
            "비록 이 사건 보완요구 및 이 사건 처분에 근거법령을 잘못 기재한 하자가 있다 하더라도 이 사건 처분을 위법하다고까지는 할 수 없다."
        ]
    },
    "mentionedItems": {
        "rqestObjet": [
            "피고가 2007. 3. 15. 원고에 대하여 한 행위허가(리모델링)신청 반려처분을 취소한다."
        ]
    },
    "assrs": {
        "acusrAssrs": [
            "원고는, 이 사건 처분은 다음과 같은 사유로 위법하다고 주장한다.",
            "민원사무처리에 관한 법률 제13조 는 민원서류에 흠이 있는 경우에는 민원인에게 지체 없이 보완을 요구하여야 한다고 규정하고, 그 시행규칙 제5조 는 민원서류의 보완요구는 8근무시간 이내에 하여야 한다고 규정하고 있다.",
            "피고는 원고로부터 이 사건 행위허가신청서를 접수한 2006. 12. 1.부터 8근무시간이 훨씬 경과한 2007. 2. 15.에서야 처음으로 이 사건 보완요구를 하였다.",
            "이 사건 보완요구는 위법하고, 따라서 이를 이행하지 아니하였다는 이유로 한 이 사건 처분도 위법하다.",
            "이 사건 리모델링을 함에 있어서는 다음과 같은 이유로 주택단지 전체 구분소유자의 2/3 이상의 동의가 필요하지 아니하다.",
            "리모델링 관련 주택법령은 동별 리모델링주택조합이 당해 동을 리모델링함에 있어서 전체 구분소유자의 동의를 얻어야 한다는 규정을 두고 있지 아니하고 있다.",
            "동별 리모델링을 함에 있어 주택단지 전체 구분소유자의 공유에 속하는 토지를 당해 동의 건축면적에 편입시키더라도, 관련 주택법령이 리모델링의 경우 주거전용면적의 3/10 이내에서 증축할 수 있고 리모델링으로 인하여 각 세대의 전유부분의 면적이 증감하는 경우에도 대지사용권은 변하지 아니하는 것으로 규정하고 있어, 주택단지 전체 구분소유자의 권리관계에는 아무런 영향을 미치지 아니한다.",
            "피고가 근거법령으로 든 주택법 시행령 제47조 제1항 [별표 3] 제3호는 파손,철거행위의 경우 위해방지 등을 위한 필요성이 있는 경우 전체 입주자 2/3 이상의 동의를 얻어야 하는 것으로 규정하고 있는데, 이 사건 조경시설 및 인도의 경우 이를 철거하더라도 어떠한 위해도 발생할 가능성이 없다."
        ],
        "dedatAssrs": [
            "피고는, 이 사건 처분은 관계 법령 및 위 처분사유에 비추어 적법한 것이라고 주장한다."
        ]
    },
    "facts": {
        "bsisFacts": [
            "0000 소재 00000는 전체 33개동으로 구성되어 있는 하나의 주택단지이고, 원고는 그 중 0000 건물의 리모델링을 위하여 2005. 4. 8. 피고로부터 설립인가를 받은 주택법상의 동별 리모델링주택조합이다.",
            "원고는 2006. 12. 1. 피고에게 00000 전체 구분소유자의 공유이고 공용부분인, 0000에 접하여 있는 조경시설 및 인도 일부분을 철거하여 그 부지 176. 669㎡를 0000 건물의 부지에 편입시켜 0000의 건축면적을 657.87㎡에서 834.5390㎡로, 연면적을 8,104.20㎡에서 10,414.9642㎡로 각 증축하는 내용의 리모델링 행위허가신청(이하 '이 사건 신청' 이라고 한다)을 하였다.",
            "피고는, 원고가 신청한 리모델링은 00000 전체 구분소유자의 공유에 속하는 부대시설에 대한 파손·철거행위가 수반되는 것이어서 주택법 시행령 제47조 제1항 [별표 3] 제3호의 규정에 따라 00000 전체 구분소유자 3분의 2 이상의 동의가 있어야 한다는 이유로 다음과 같은 요구를 하였다.",
            "피고는 원고에게 2007. 2. 15.과 2007. 3. 2. 2회에 걸쳐 전체 구분소유자 3분의 2 이상의 동의서를 제출하라는 내용의 보완요구(이하 '이 사건 보완요구' 라고 한다)를 하였다.",
            "원고가 위 보완요구에 응하지 아니하자 이를 이유로 2007. 3. 15. 민원사무처리에 관한 법률 시행령 제15조 의 규정에 따라 원고의 이 사건 신청을 반려한다는 내용의 통지(이하 '이 사건 처분' 이라고 한다)를 하였다."
        ]
    },
    "dcss": {
        "courtDcss": [
            "같은 법 시행규칙 제5조 제1항 은 영 제14조 의 보완의 요구는 민원서류를 접수한 때부터 8근무시간 이내에 하여야 하고, 다만 현지조사 등 정당한 사유로 8근무시간이 경과한 후 보완을 하여야 할 사항이 발견된 경우에는 즉시 보완을 요구하여야 한다고 규정하고 있다.",
            "민원사무처리에 관한 법률의 입법 목적(민원사무처리에 관한 기본적인 사항을 규정하여 민원사무의 공정한 처리와 민원행정제도의 합리적 개선을 도모함으로써 국민의 권익을 보호함)과 위에서 본 각 규정의 내용에 비추어 본다.",
            "민원사무처리에 관한 법률 시행규칙 제5조 제1항은 훈시규정으로 보는 것이 상당하므로 피고가 위 규정을 위반하여 보완요구를 하였다. 하더라도 이 사건 처분이 위법하게 되는 것은 아니라고 할 것이다.",
            "피고가 이 사건 보완요구의 근거로 든 주택법 시행령 제47조 제1항 [별표 3] 제3호는 부대시설 및 입주자 공유인 복리시설의 파손,철거행위에 대한 허가기준으로 위해의 방지 등을 위하여 시장 등이 부득이하다고 인정하는 경우로서 전체 입주자의 3분의 2 이상의 동의를 얻은 때 라고 규정하고 있다.",
            "이 사건 리모델링에 관하여 위 [별표 3] 제3호의 규정이 적용되는지 여부에 관하여 살펴 본다. ",
            "시행령 제47조 제1항 은 법 제42조 제2항 각 호 의 행위에 대한 허가 또는 신고기준으로 [별표 3]을 규정하고 있는바, 위 각 규정에 의하면 리모델링주택조합은 주택법 제42조 제2항 각 호 소정의 행위 중 리모델링의 주체만 될 수 있고 나머지 행위의 주체는 될 수 없다.",
            "[별표 3]의 각 호 중 리모델링에 관한 규정인 제7호만이 리모델링주택조합에 적용되고, 다른 행위에 관한 규정인 제1호 내지 제6호 는 리모델링주택조합에 적용될 수 없다고 할 것이고, 따라서 피고가 리모델링주택조합인 원고에 대하여 [별표 3] 제3호를 적용하여 전체 입주자 2/3 이상의 동의서를 제출하라는 내용의 보완요구를 한 것은 잘못이라 할 것이다.",
            "주택법 시행규칙 제20조 제4항 제1호 (가)목 , 제3항 제5호 (가)목 , 건축법 시행규칙 제6조 제1항 제1호 의 각 규정을 종합하면, 리모델링주택조합이 리모델링 행위허가신청을 함에 있어서는 허가신청서에 건축할 대지의 범위와 그 대지의 소유 또는 그 사용에 관한 권리를 증명하는 서류를 첨부하도록 되어 있다.",
            "원고가 리모델링을 통하여 0000의 건축면적에 편입시키고자 하는 조경시설과 인도부분 176. 669㎡는 0000 구분소유자들만의 공유가 아니라 00000 전체 구분소유자들의 공유다.",
            "원고로서는 이 사건 신청을 함에 있어 위 조경시설 및 인도부분에 관한 소유 또는 그 사용에 관한 권리를 증명하는 서류를 첨부하여야 할 것이고, 주택법 및 그 시행령에서 리모델링의 경우 주거전용면적의 3/10 이내에서 증축할 수 있고, 리모델링에 의하여 전유부분의 면적이 증감하는 경우에도 대지사용권은 변하지 아니하는 것으로 규정하고 있다 하더라도 이를 달리 볼 것은 아니다. ",
            "집합건물의 소유 및 관리에 관한 법률 제15조 는 공용부분의 변경에 관한 사항은 구분소유자 및 의결권의 각 3/4 이상의 다수에 의한 집회결의로써 결정하도록 규정하고 있고, 00000전체 구분소유자의 공유로서 공용부분인 위 조경시설과 인도부분 176. 669㎡를 0000의 건축면적에 편입시켜 0000 구분소유자들의 독점적,배타적 점유하에 두는 것은 공유물의 변경에 관한 사항이다.",
            "원고가 위 조경시설과 인도부분을 0000의 건축면적에 편입시키기 위하여서는 집합건물의 소유 및 관리에 관한 법률 제15조 의 규정에 따라 00000전체 구분소유자 및 의결권의 각 3/4 이상의 다수에 의한 집회의 동의결의가 필요하다고 할 것이다.",
            "원고로서는 이 사건 신청을 함에 있어 그 동의결의서를 위 조경시설과 인도부분의 사용에 관한 권리를 증명하는 서류로 제출하여야 할 것인데, 원고가 이 사건 신청을 할 때뿐만 아니라 이 사건 처분이 있기까지 위와 같은 서류를 제출하지 아니한 사실은 당사자 사이에 다툼이 없으므로, 원고의 이 사건 신청은 주택법 시행규칙 제20조 제4항 소정의 서류를 첨부하지 아니한 것이어서 부적법하다고 할 것이다.",
            "피고가 이 사건 처분 및 그 전제가 된 이 사건 보완요구를 함에 있어 관련 법령의 해석을 잘못하여 원고에게 집합건물의 소유 및 관리에 관한 법률 제15조 의 규정에 의한 집회결의서의 제출을 요구하지 아니하고 주택법 시행령 제47조 제1항 [별표 3] 제3호의 규정에 의한 동의서의 제출을 요구한 것으로 인하여 이 사건 처분이 위법하게 되는지 여부에 관하여 살핀다.",
            "갑 제10호증, 제12호증, 제16호증, 제19호증 내지 제24호증, 을 제6호증의 각 기재에 변론의 전취지를 종합하면 2004. 4.경 설립된 0000 리모델링주택조합 추진위원회는 같은 해 7.경 피고에게 00000 전체 구분소유자의 공유로서 공용부분인 위 조경시설과 인도부분을 0000의 건축면적에 편입시키는 내용의 건축계획심의(적용완화요청)를 신청하였다.",
            "피고는 고문변호사, 부산광역시, 건설교통부 등에 대한 질의회신를 거쳐 2005. 8. 23.과 2006. 6. 27. 2회에 걸쳐 원고에게 위 조경시설과 인도부분을 0000의 건축면적에 편입시키는 것은 공용부분의 변경에 해당하여 집합건물의 소유 및 관리에 관한 법률 제15조 의 규정에 따라 전체 구분소유자 및 의결권의 각 3/4 이상의 다수에 의한 집회결의로 결정하여야 한다 는 취지의 회신을 하였다.",
            "피고는 원고에게 위와 같은 견해를 여러 번 전하였으나 원고가 피고와 다른 견해하에서 위와 같은 집회결의를 거치지 아니한 채 이 사건 신청을 하자 최종적으로 건설교통부의 견해에 따라 주택법 시행령 제47조 제1항 [별표 3] 제3호를 근거규정으로 하여 이 사건 보완요구 및 이 사건 처분을 하게 되었다.",
            "00000전체 33개동 중 0000을 제외한 나머지 32개동의 구분소유자들은 원고의 리모델링사업과는 별도로 재건축사업을 추진하고 있어 원고가 위 조경시설과 인도부분을 0000의 건축면적에 편입시키는 것을 반대하고 있는 사실을 인정할 수 있다.",
            "피고가 이 사건 처분의 주된 근거로 삼은 것은 00000전체 구분소유자의 공유로서 공용부분에 해당하는 위 조경시설과 인도부분을 0000의 건축면적에 편입시켜 0000 구분소유자들의 독점적·배타적 점유하에 두기 위하여서는 나머지 32개동 구분소유자들의 동의가 필요하다는 점이라 할 것이다.",
            "피고가 원고에게 요구한 주택법 시행령 제47조 제1항 [별표 3] 제3호 소정의 동의요건(전체 구분소유자의 2/3 동의)이 집합건물의 소유 및 관리에 관한 법률 제15조 소정의 동의요건(전체 구분소유자 및 의결권의 각 3/4 이상의 다수에 의한 집회의 동의결의)보다 엄격한 것으로는 보이지 아니하다.",
            "00000나머지 32개동 구분소유자들이 원고와 별도로 재건축을 추진하고 있는 상황이어서 피고가 원고에게 집합건물의 소유 및 관리에 관한 법률 제15조 소정의 동의요건을 갖출 것을 요구하였다고 하더라도 원고가 이를 충족하는 것이 사실상 불가능했던 것으로 보일 뿐만 아니라 지금도 원고가 위와 같은 동의요건을 충족하는 것이 불가능한 것으로 보이는 점 등을 종합한다.",
            "이 사건 보완요구 및 이 사건 처분에 근거법령을 잘못 기재한 하자가 있다 하더라도 이 사건 처분을 위법하다고까지는 할 수 없다.",
            "원고의 이 부분 주장도 이유 없다. ",
            "민원사무처리에 관한 법률 제13조 제1항은 행정기관의 장은 접수한 민원서류에 흠이 있는 경우에는 보완에 필요한 상당한 기간을 정하여 지체 없이 민원인에게 보완을 요구하여야 한다고 규정하고 있고, 같은 조 제3항은 제1항의 규정에 의한 민원서류의 보완절차 및 방법 등에 관하여 필요한 사항은 대통령령으로 정한다고 규정하고 있다.",
            "같은 법 시행령 제14조 제1항은 법 제13조제1항에 따라 민원인에게 민원서류의 보완을 요구하는 경우에는 문서·구술·전화·모사전송 또는 인터넷 등으로 하되, 민원인이특별히 요청한 때에는 문서로 하여야 한다고 규정하고 있다.",
            "주택법 제42조 제2항 은 입주자,사용자 또는 관리주체가 그 각 호 소정 행위의 행위주체인 경우를, 같은 조 제3항 은 리모델링주택조합이 리모델링의 행위주체인 경우를 각 규정하고 있다."
        ]
    },
    "close": {
        "cnclsns": [
            "원고의 청구를 기각한다. ",
            "소송비용은 보조참가로 인한 비용을 포함하여 모두 원고가 부담한다. "
        ]
    }
}