{
    "info": {
        "caseField": "3",
        "detailField": "5",
        "trailField": "1",
        "caseNm": "입주계약해지등처분취소",
        "courtNm": "서울행법",
        "judmnAdjuDe": "2008. 01. 30.",
        "caseNo": "2007구합29680",
        "relateLaword": [
            "산업집적활성화 및 공장설립에 관한 법률 제42조",
            "산업집적활성화 및 공장설립에 관한 법률 제43조",
            "행정소송법 제2조",
            "행정소송법 제19조",
            "산업집적활성화 및 공장설립에 관한 법률 제30조",
            "산업집적활성화 및 공장설립에 관한 법률 제42조",
            "산업집적활성화 및 공장설립에 관한 법률 시행령 제54조",
            "행정소송법 제27조"
        ],
        "qotatPrcdnt": [
            "대법원 2001. 9. 28. 선고2000두8684 판결",
            "대법원 1995. 11. 16. 선고 95누8850 전원합의체 판결 ",
            "서울남부지방법원 2007고약1649호"
        ]
    },
    "concerned": {
        "acusr": "2",
        "dedat": "3"
    },
    "org": {
        "orgJdgmnCourtNm": "",
        "orgJdgmnAdjuDe": "",
        "orgJdgmnCaseNo": ""
    },
    "disposal": {
        "disposalform": "10",
        "disposalcontent": [
            "이 사건 소 중 즉시 사업중지, 3개월 내 잔무처리명령 및 6개월 내 공장용지 등 양도명령의 취소를 구하는 부분을 각하한다.",
            "피고가 2007. 7. 12. 원고에 대하여 한 원고와 피고 사이에 2004. 9. 7. 00000 아파트형공장의 지원시설 8,369.41㎡(판매시설 5,849.08㎡, 소매점 975.86㎡, 일반음식점 1,544.47㎡)에 관하여 체결된 입주계약을 해지한 처분 중 소매점(975.86㎡), 일반음식점(1,544.47㎡)에 관한 입주계약을 해지한 부분을 취소한다.",
            "원고의 나머지 청구를 기각한다.",
            "소송비용 중 80%는 원고가, 나머지 20%는 피고가 각 부담한다."
        ]
    },
    "mentionedItems": {
        "rqestObjet": [
            "피고가 2007. 7. 12. 원고에 대하여 한 별지 목록 기재 입주계약 중 지원시설 8,369.41㎡에 관한 해지처분, 즉시 사업중지 및 3개월 내 잔무처리명령 및 6개월 내 공장용지 등 양도명령을 모두 취소한다."
        ]
    },
    "assrs": {
        "acusrAssrs": [
            "원고는 이 사건 처분은 입주계약의 해지에 관한 산집법 제42조 제1항 에 해지사유로 규정되지 아니한 산집법 제28조의7 규정의 위반을 해지사유로 삼은 것으로서 처음부터 위법하다.",
            "산집법 제38조 제2항 은 입주계약 변경에 관한 것으로서 입주업체의 회사명, 대표자 성명, 업종, 부지면적, 건축면적 등 일정한 입주계약 사항이 변경되면 피고와 사이에 변경계약을 체결하여야 한다는 취지일 뿐인데, 피고와 입주계약을 체결한 자가 아파트형공장의 판매시설에서 어느 공장에서 생산한 제품을 판매하느냐와 무관하게 ‘판매업’이라는 업종에 있어서 아무런 변경이 없다.",
            "원고가 타 공장 생산제품을 판매하기 시작하였다고 하여 위 법조항에 따른 변경계약을 체결할 의무가 없으므로, 피고가 또 다른 해지사유로 삼은 산집법 제38조 제2항 위반 역시 인정되지 아니하다(한편, 피고가 이 사건 소송에서 새롭게 추가한 처분사유인 산집법 제42조 제6호 는 처분사유의 추가 또는 변경에 해당하여 허용될 수 없다).",
            "산집법 시행령 제36조의4 제2항 제1호 에 대한 합리적인 해석에 의하면 위 시행령 조항은 생산주체를 제한하고 있을 뿐이다.",
            "생산장소에 대하여는 아무런 제한을 두고 있지 않으므로 이 사건 공장에서 봉제·가공된 제품이 아니더라도 위 공장에 입주한 업체가 기획,디자인 등 생산의 주요한 절차를 담당한 이상 당해 아파트형공장에 입주한 자가 생산한 제품 에 해당하여 원고는 아파트형공장의 입주자의 의무를 위반한 것이 아니다.",
            "피고의 해석대로 위와 같은 의류의 판매가 현행법을 위반한 것이라고 하더라도 이 사건 처분 당시 원고는 피고의 시정명령에 대하여 시정조치를 완료하였다.",
            "이 사건 공장의 지원시설은 1층 101호, 2층 202호, 3층 302호 로 층별로 구별되어 있으므로 피고가 모든 입주업체의 산집법 위반사실을 입증하지 못 하는 이상, 위 지원시설 전부에 대하여 입주계약을 해지하는 것은 법적인 근거가 없다.",
            "근거법의 목적이나 비례의 원칙 등에 위반하여 재량권을 일탈·남용한 것이므로, 원고의 입주자 의무위반이나 시정명령 불응을 해지사유로 한 피고의 입주계약의 해지는 위법·부당하여 취소되어야 할 것이라고 주장한다.",
            "원고는 제품기획에서 양산에 이르는 의료제조공정에서 기획·디자인 절차에 비해 봉제·가공절차의 비중이나 비용이 지극히 낮다는 점, 의류제조업계의 현실상 가공·봉제 등의 공정은 인건비가 저렴한 중국 등지에서 수행하는 것이 통상적인 것이라는 점 등을 고려해 본다.",
            "위 시행령 조항은 비록 가공,봉제 등의 공정은 다른 곳에서 이루어졌다고 하더라도 당해 아파트형공장에 입주한 자가 기획, 디자인 등 생산의 주요한 절차를 담당하는 등 주된 생산주체가 되어 생산한 것으로 인정되는 제품 이라고 합목적으로 해석하여야 한다고 주장한다.",
            "원고는 이 사건 처분 중 판매시설 전부에 관한 입주계약을 해지한 부분에 대하여, 판매시설 중 일부에서만 이 사건 공장에 입주한 자가 생산하지 아니한 제품을 판매하였고 모든 판매시설에서 이를 판매하였다는 사실이 입증되지 못하고 있음에도 불구하고, 그 전부에 관하여 입주계약을 해지하는 것은 근거법의 입법 목적이나 비례의 원칙 등에 위반하여 재량권을 일탈·남용한 것이라고 주장한다."
        ],
        "dedatAssrs": [
            "원고가 입주계약에 대한 피고의 위 해지통보와 즉시 사업중지, 3개월 내 잔무처리명령 및 6개월 내 공장용지 등 양도명령을 행정처분으로 보아 그 취소를 구하는 이 사건 소를 제기함에 대하여, 피고는 위 해지통보는 대등한 당사자의 지위에서 사법상의 계약을 해지하는 통지일 뿐, 행정처분이라 할 수 없다.",
            "즉시 사업중지, 3개월 내 잔무처리명령 및 6개월 내 공장용지 등 양도명령을 아예 한 바가 없고 즉시 사업중지와 잔무처리 및 공장용지 등 양도의무는 피고가 입주계약을 해지한 결과 산집법 제42조 제2항 및 제43조 에 의하여 당연히 발생하는 법률적 효과에 불과할 뿐이므로, 결국 위 모두는 행정소송의 대상이 될 수 없으므로 이 사건 소는 부적법하다고 주장한다.",
            "피고가 이 사건 처분의 근거가 된 법령 및 사유를 들어 위 처분이 적법하다고 주장한다."
        ]
    },
    "facts": {
        "bsisFacts": [
            "원고는 의류생산 판매업, 부동산임대업 등을 영위하기 위해 설립된 회사 법인이다.",
            "피고는 산업집적활성화 및 공장설립에 관한 법률(이하 '산집법' 이라고 한다) 제45조의3 제1항 에 의해 산업단지의 개발 및 관리와 기업체의 산업활동지원을 위하여 설립된 법인이다.",
            "피고는 산집법 제30조 제2항 제3호 에 의해 국가산업단지인 서울디지털산업단지(이하 '이 사건 단지' 라고 한다)의 관리권자인 산업자원부장관으로부터 관리업무를 위탁받았다.",
            "피고는 2007. 6. 27. 산집법 제42조 제5항에 따라 원고가 이 사건 공장에서 생산되지 아니한 제품을 판매함으로써 산집법 제28조의7 및 제38조 제2항 을 위반하였다.",
            "피고의 시정촉구에도 응하지 아니하여 입주계약을 해지하고자 하오니 원고의 의견을 제출해 달라’는 취지의 통보를 한 다음, 2007. 7. 12. 산집법 제42조 제1항 에 따라 이 사건 공장에 대한 입주계약 중 지원시설 8,369.41㎡에 관한 부분을 해지한다 는 취지의 해지통보를 하였다.",
            "원고는 2003. 1. 30. 피고와 사이에 비주거용건물임대업을 영위할 목적으로 이 사건 대지와 공장에 관하여 이 사건 1입주계약을 체결하여 위 대지 지상에 위 공장을 신축한 다음, 2004. 8. 16.경 금천구청으로부터 위 공장의 사용승인을 받았다.",
            "원고는 위와 같이 이 사건 2입주계약을 체결한 후 이 사건 공장의 지원시설 중 지상 1, 2층에 판매업을 영위하기 위한 시설(이하 '판매시설' 이라고 한다)로서 50여 개의 의류매장을 설치하여 수수료 위탁판매형식으로 이를 직접 운영하고 있다.",
            "지상 3층에서는 제2종 근린생활시설인 일반음식점(이하 '일반음식점' 이라고 한다)을 운영하고 있으며, 지상 1, 2층에 15여 개의 제1종 근린생활시설인 소매점(이하 '소매점' 이라고 한다, 단 그 시설의 면적은 산집법 시행령 제36조의4 제2항 제3호 , 건축법 시행령 별표 1 제3호 소정의 1,000㎡ 범위 내인 993.46㎡이다)을 설치하여 운영하고 있다.",
            "원고가 위 요청에 응하지 아니하자, 피고는 2005. 6. 29. 위 사항에 대하여 2005. 7. 15.까지 제출할 것을 다시 요청함과 동시에, 위 기간까지 이를 제출하지 아니할 경우 산집법 위반으로 관계 기관에 법적 조치를 취하겠다고 통지하였고, 이에 원고는 피고에게 관련 자료의 일부를 제출하였다.",
            "원고에 대한 산집법 고발사건의 검찰수사 당시 담당검사가 원고가 운영하는 판매시설 전반(마리오 Ⅰ, Ⅱ, Ⅲ)에 관하여 재조사를 벌일 것을 요청하자, 이에 피고는 2006. 12. 5.부터 같은 달 15.까지 현장실태조사를 실시하려고 하였다.",
            "원고 직원의 물리적 저지로 이를 실시할 수 없었고, 대신 원고는 같은 달 14.경 “이 사건 공장에서 타사 제품(중국 및 기타 지역 제조)을 판매한 사실이 있음을 시인한다”는 취지의 원고 대표 이사 명의의 공문을 피고에게 제출하였다.",
            "원고는 2007. 2. 1. 이미 타사제품을 판매하고 있는 판매시설에 대한 시정조치는 원고의 의지만으로 해결되는 것이 아니라는 이유로 피고에게 위 시정기한을 연장해줄 것을 요청하였다.",
            "피고는 이를 거부하고 같은 달 9. 원고에게 시정조치 여부 확인요청을 하여 원고로부터 같은 달 15. 방문해 줄 것을 요청받아 같은 날 현장실태조사를 실시하였으나, 의류제품에서 생산자 표시마크가 제거되어 있는 관계로 그 제품이 이 사건 공장에서 생산된 제품인지 여부를 확인할 수 없었다.",
            "피고는 2007. 3. 30. 재차 원고에게 관련 증빙자료를 요청하였으나, 원고는 2007. 4. 19. 피고에게 판매장 입점업체 및 브랜드별 배치평면도 등 일부자료만을 제출하였다.",
            "위 자료만으로는 시정조치 여부의 확인이 불가능하여 피고는 2007. 5. 10. 이 사건 공장의 지원시설 내 판매시설에 대한 현장실태조사를 다시 실시하려고 하였으나, 원고 직원들의 물리적 저지로 이를 실시할 수 없게 되었다.",
            "2007. 6. 18. 원고측에서 신원을 알지 못하는 피고 직원들로 하여금 위 지원시설 내 판매시설에서 의류제품 4점을 구입하게 하여 생산자 표시마크에 표시된 생산지를 확인한 결과, 중국에서 생산된 제품임을 밝혀내었다.",
            "원고는 2007. 1. 24. 서울남부지방법원 2007고약1649호 로 산집법 위반죄로 약식기소되어 2007. 2. 8. 벌금 5,000,000원의 약식명령을 발령받았고, 이에 대해 원고가 정식재판을 청구하여 현재 위 사건은 정식재판절차에 계속중이다.",
            "원고는 산집법 시행령 제36조의4 제2항 제1호 부분이 헌법상 평등권과 직업선택의 자유를 침해한다는 이유로 헌법소원심판청구를 제기하여 헌법재판소 2007헌마409호 로 심판에 회부되어 있다.",
            "산집법 시행령(2003. 6. 30. 대통령령 18039호로 개정되기 전의 것) 제36조의4 제2항 제1호 는 아파트형공장의 지원시설 중의 하나로 ‘판매업을 영위하기 위한 시설’을 규정하고 있었고, 이에 대해 산업자원부는 2002. 12. 6. 위 시행령 조항의 판매시설은 당해 아파트형공장에서 생산되는 제품으로 한정하여야 한다 는 취지로 유권해석을 내린바 있다.",
            "위 시행령 조항 중 위 부분이 2003. 6. 30. 대통령령 제18039호로 판매업(당해 아파트형공장에 입주한 자가 생산한 제품을 판매하는 경우에 한한다)을 영위하기 위한 시설 로 개정되었다."
        ]
    },
    "dcss": {
        "courtDcss": [
            "즉시 사업중지, 3개월 내 잔무처리명령 및 6개월 내 공장용지 등 양도명령 부분에 관하여 살핀다.",
            "피고가 위 해지통보와 함께 원고에게 즉시 사업중지, 3개월 내 잔무처리 및 6개월 내 공장용지 등 양도의무를 통보하였다고 하더라도 산집법 제42조 제2항 및 제43조 는 관리기관이 입주계약을 해지한 경우 발생하는 법률적 효과로서 계약해지 상대방의 즉시 사업중지와 잔무처리 및 공장용지 등 양도의무를 규정하고 있는 것뿐이다.",
            "이 사건 소 중 즉시 사업중지, 3개월 내 잔무처리명령 및 6개월 내 공장용지 등 양도명령의 취소를 구하는 부분은 부적법하다.",
            "위 해지통보 부분에 관하여 살피건대, 항고소송의 대상이 되는 행정처분은 행정청이 행하는 구체적 사실에 관한 법집행으로서의 공권력의 행사 또는 그 거부와 그 밖에 이에 준하는 행정작용을 말하는데( 행정소송법 제2조 제1항 제1호 ), 위 해지통보가 행정청이 법에서 인정한 고권적인 지위에서 한 공법상의 행위로서, 상대방과 대등한 지위에서 하는 공법상 계약이나 사법상의 계약의 해지와 구분되는지가 문제된다.",
            "입주계약을 체결하지 않고 제조업 또는 그 외의 사업을 영위하는 자 또는 계약해지 후에도 사업을 계속 영위하는 자에 대하여는 3년 이하의 징역 또는 15,000,000원 이하의 벌금에 처하도록 규정하고 있다( 법 제52조 제7 , 10호 ).",
            "입주계약사항이 일부 변경되었음에도 변경계약을 체결하지 아니하고 제조업 또는 그 외의 사업을 영위하는 자에 대하여는 15,000,000원 이하의 벌금에 처하도록 규정하고 있고( 법 제53조 제4호 ), 계약해지 후 소정의 기간 내에 산업용지 또는 공장 등을 양도하지 아니한 자에 대하여는 5,000,000원 이하의 과태료에 처하도록 규정하고 있다.",
            "위와 같은 법 규정에 의하여 인정되는 산집법의 공익적인 목적과 내용, 특히 피고와 입주계약을 체결하면 공장설립승인을 얻은 것으로 봄에 따라 입주계약이 사실상 공장설립승인과 다름없는 점, 입주계약의 내용이 관련 법령 및 당해 산업단지의 관리기본계획에 적합하여야 한다.",
            "입주계약이나 변경계약 없이 제조업이나 그 밖의 사업을 영위하거나 계약해지 후 사업을 계속하거나 소정의 기간 내에 공장 등을 양도하지 아니하는 경우에는 형사적인 처벌 또는 과태료를 받게 됨으로써 입주계약체결의무나 입주계약의 해지로 인한 즉시 사업중지, 공장 등의 양도의무가 강제된다.",
            "위 지원시설에 관한 입주관계를 해소하는 것을 목적으로 삼는 이 사건 처분의 대상이 되는 계약 역시 이 사건 2입주계약이라고 하겠다.",
            "이 사건 소에서 피고는 이 사건 처분의 사유로서 산집법 제42조 제1항 제6호 를 추가하고 있으므로 이러한 처분사유의 추가, 변경이 허용될 수 있는지 살펴보기로 한다.",
            "위와 같이 추가된 처분사유의 취지는 피고가 제38조 의 규정에 의한 입주계약을 위반함으로써 산집법 제42조 제1항 제6호 에 해당한다 는 것이다.",
            "원고가 당초 이 사건 공장의 지원시설 내 판매시설에서 위 공장에 입주한 업체가 생산한 제품만을 판매하기로 입주계약을 체결하였음에도 이러한 입주계약에 위반하여 임의로 입주기업체가 위 공장에서 생산하지 아니한 제품(중국산 의류, 입주기업체가 생산하지 않는 가방, 벨트, 가방 등)을 판매하였다. 는 사실관계를 전제로 하는 것이다.",
            "위 각 처분사유의 사실관계는 그 기초가 되는 사회적 사실관계가 기본적인 점에서 동일하다고 할 수 있다.",
            "피고의 위와 같은 처분사유 추가는 허용된다고 할 것이므로, 아래에서 위 각 처분사유가 존재하는지 여부를 살피기로 한다.",
            "앞서 본 바와 같이 이 사건 공장의 판매시설에서 판매한 것이 적발된 중국산 의류가 OEM 방식에 의해 생산된 것이라는 원고의 입증이 부족할 뿐만 아니다.",
            "원고의 주장을 그대로 받아들인다고 하더라도, 당해 아파트형공장에 입주한 자가 생산한 제품 이라는 위 시행령 조항의 문언의 의미는 ‘당해 아파트형공장에 입주한 자가 위 공장의 제조시설을 이용하여 생산한 제품’이라고 해석하는 것이 문리해석상 자연스러울 뿐만 아니다.",
            "위 시행령 조항의 개정경과에도 부합하므로 원고의 이러한 주장은 이유 없다.",
            "위 시행령 조항에 대한 타당한 해석에 입각하여, 위 인정 사실에 의할 때, 원고는 이 사건 공장의 지원시설 내 판매시설에서 당해 아파트형공장에 입주한 자가 생산하지 아니한 제품 을 판매하였다고 볼 수 있다(즉, 쟁점사실이 인정된다).",
            "쟁점사실의 인정을 전제로 하여 산집법 제42조 제1항 제4호 의 해지사유가 존재하는지를 살펴본다.",
            "원고가 이러한 사업내용을 변경하여 이 사건 공장에 입주한 자가 생산하지 아니한 제품을 판매하기 위해서는 위 법 및 시행규칙 조항에 따라 피고와 사이에 변경계약을 체결하였어야 할 것임에도 불구하고 이를 체결하지 아니한 채 쟁점사실과 같이 사업내용을 변경하여 영업한 것은 입주계약의 해지사유인 산집법 제42조 제1항 제4호 에 해당한다고 봄이 상당하다.",
            "원고의 이 부분 주장도 이유 없다.",
            "이 사건 공장의 지원시설로서 설치되는 제1종 근린생활시설인 소매점의 경우 바닥면적의 합계가 1,000㎡ 미만의 범위 내에서 설치되는 한 당해 아파트형공장에서 생산되지 아니하는 제품을 판매하는 것이 허용되고 일반음식점의 경우에는 조리,가공한 음식을 판매할 뿐, 의류제품을 판매하지 아니하고 있다.",
            "원고는 피고와 사이에 이 사건 공장의 지원시설 건축면적 8,369.41㎡에 관하여 판매시설 5,849.08㎡, 소매점 975.86㎡, 일반음식점 1,544.47㎡로 용도 구분하여 이 사건 2입주계약을 체결하였다.",
            "이 사건 공장의 지원시설 중 지상 1, 2층에 판매시설인 의류매장과 제1종 근린생활시설인 소매점을 설치하여 이를 각 운영하고 있고, 지상 3층에는 제2종 근린생활시설인 일반음식점을 설치하여 운영하고 있는 사실을 인정할 수 있다.",
            "위 각 해지사유는 원고가 이 사건 2입주계약에 위반하여 또는 변경계약을 체결하지 아니하고 이 사건 공장의 지원시설 내 판매시설에서 위 공장에 입주한 자가 생산하지 아니한 제품을 판매하였다는 것으로서 위 지원시설 중 판매시설에만 해당하는 사유인데 반한다.",
            "이 사건 처분은 이 사건 2입주계약 전부를 처분대상으로 삼는 것으로서, 위 각 해지사유가 해당하는 위 지원시설 중 판매시설에 관한 입주계약은 물론, 애당초 이 사건 공장에서 생산되지 아니한 제품을 판매하는 것이 허용되는 소매점과 의류제품은 일체 판매하지 아니하고 있는 일반음식점에 관한 입주계약까지 해지한 것이 된다.",
            "이 사건 처분 중 소매점과 일반음식점에 관한 입주계약을 해지하는 부분은 그 처분사유가 존재하지 아니하는 것으로서(이 사건 처분은 비록 하나의 입주계약에 대한 것이기는 하나, 당초 입주계약을 체결함에 있어서 당사자의 의사는 계약목적물을 판매시설, 소매점, 일반음식점으로 가분하여 특정하였다고 보인다.",
            "위 각 부분에 대하여 처분사유의 존재 여부를 따로 살피는 것이 가능하고, 이에 따라 위 각 부분에 대하여 각기 다른 판단이나 처분을 하는 것이 가능하다) 위법하다.",
            "이 사건 처분 중 판매시설에 관한 입주계약을 해지한 부분은 적법하고, 소매점과 일반음식점에 관한 입주계약을 해지한 부분은 위법하다고 할 수 있는데, 외형상 하나의 행정처분이라고 하더라도 가분성이 있거나 그 처분대상의 일부가 특정될 수 있다면 그 일부만의 취소가 가능하다 할 것이다( 대법원 1995. 11. 16. 선고 95누8850 전원합의체 판결 참조).",
            "이 사건 처분 중 소매점과 일반음식점에 관한 입주계약을 해지한 부분만을 취소하기로 한다."
        ]
    },
    "close": {
        "cnclsns": [
            "이 사건 소 중 즉시 사업중지, 3개월 내 잔무처리명령 및 6개월 내 공장용지 등 양도명령의 취소를 구하는 부분을 각하한다.",
            "피고가 2007. 7. 12. 원고에 대하여 한 원고와 피고 사이에 2004. 9. 7. 서울 금천구 가산동 60-52 소재 마리오 투(II)아파트형공장의 지원시설 8,369.41㎡(판매시설 5,849.08㎡, 소매점 975.86㎡, 일반음식점 1,544.47㎡)에 관하여 체결된입주계약을 해지한 처분 중 소매점(975.86㎡), 일반음식점(1,544.47㎡)에 관한 입주계약을 해지한 부분을 취소한다.",
            "원고의 나머지 청구를 기각한다.",
            "소송비용 중 80%는 원고가, 나머지 20%는 피고가 각 부담한다."
        ]
    }
}