{
    "info": {
        "caseField": "3",
        "detailField": "5",
        "trailField": "2",
        "caseNm": "부가가치세부과처분취소",
        "courtNm": "부산고등법원",
        "judmnAdjuDe": "2008. 03. 21.",
        "caseNo": "2007누4094",
        "relateLaword": [
            "부가가치세법 제17조",
            "부가가치세법 시행령 제54조"
        ],
        "qotatPrcdnt": [
            "대법원 2004. 11. 18. 선고 2002두5771 전원합의체 판결"
        ]
    },
    "concerned": {
        "acusr": "1",
        "dedat": "3"
    },
    "org": {
        "orgJdgmnCourtNm": "창원지방법원",
        "orgJdgmnAdjuDe": "2007. 9. 20.",
        "orgJdgmnCaseNo": "2006구합2679"
    },
    "disposal": {
        "disposalform": "10",
        "disposalcontent": [
            "제1심판결을 취소한다.",
            "위 조항이 규정하는 바와 같이 재화의공급시기 이전에 세금계산서를 교부받은 경우에 해당하지도 아니할뿐더러, 재화에 대한 대가를 지급함과 동시에 그에 대한 세금계산서를 교부받은 경우에 해당한다고 볼 수도 없다. 따라서, 원고의 주장은 받아들일 수 없고, 위 부동산의 매입세액을 매출세액에서 공제하지 아니한 이 사건 처분은 적법하다. 원고의 청구를 기각한다.",
            "소송총비용은 원고가 부담한다."
        ]
    },
    "mentionedItems": {
        "rqestObjet": [
            "청구취지 피고가 2006. 3. 14. 원고에 대하여 한 2005년 1기분 부가가치세 90,599,010원의 부과처분을 취소한다.",
            "항소취지 제1심판결을 취소한다.",
            "위 조항이 규정하는 바와 같이 재화의공급시기 이전에 세금계산서를 교부받은 경우에 해당하지도 아니할뿐더러, 재화에 대한 대가를 지급함과 동시에 그에 대한 세금계산서를 교부받은 경우에 해당한다고 볼 수도 없다. 따라서, 원고의 주장은 받아들일 수 없고, 위 부동산의 매입세액을 매출세액에서 공제하지 아니한 이 사건 처분은 적법하다. 원고의 청구를 기각한다.",
            "소송총비용은 원고가 부담한다."
        ]
    },
    "assrs": {
        "acusrAssrs": [
            "부가가치세법 시행령 제54조 제3호에 의하면, 관계증빙서류 등에 의하여 실제거래사실이 확인되는 경우에는 당해 거래일자를 발행일자로 하여 세금계산서를 교부하는 경우에는 재화 또는 용역의 공급일이 속하는 달의 다음달 10일까지 세금계산서를 교부할 수 있는 것으로 규정하고 있다.",
            "위 교부특례조항에 따라 세금계산서를 수수하고 부가가치세를 성실히 신고하여 공급자나 공급받는 자에게 부당한 이득을 주지 아니하고, 납세자 간의 상호검증기능이라는 부가가치세제의 효율적 집행에 장애를 가져오지 아니한다면, 위 교부특례 조항은 사실상의 거래시기가 속하는 과세기간이 경과한 경우에도 적용된다고 보아야 한다.",
            "뿐만 아니라, 원고는 2005. 7. 9. 사업자등록을 신청함으로써 신규로 사업을 개시하였으므로 원고에 대한 부가가치세 과세기간은 법 제3조 제2항에 따라 사업개시일인 2005. 7. 9. 이후부터 2005. 12. 31.까지이고, 한편 세금계산서를 교부한 때를 재화의 공급시기로 규정한 법 제9조 제3항에 따라 위 부동산의 공급시기는 이 사건 세금계산서가 교부된 때인 2005. 7. 9. 이후다.",
            "결국 원고는 이 사건 세금계산서를 위 부동산의 공급시기가 속하는 과세기간 내에 교부받은 것이지, 그 과세기간 이후에 교부받은 것으로 볼 수도 없다.",
            "따라서, 이 사건 세금계산서의 작성연월일이 실제 공급시기와 다르다는 이유로 매입세액의 공제를 부인한 이 사건 처분은 위법하다."
        ],
        "dedatAssrs": []
    },
    "facts": {
        "bsisFacts": [
            "원고는 2005. 6.경 소외 주식회사로부터 0000 (상세 지번 생략) 소재 지하 2층 지상 12층 규모의 상가건물(메가플렉스) 중 8층 801, 1호와 801, 2호(이하 '위 부동산'이라 한다)를 1,015,738,000원에 분양받았다.",
            "2005. 6. 21. 위 부동산에 관하여 원고 앞으로 2005. 6. 8.자 매매를 원인으로 한 소유권이전등기를 마쳤다다만 원고가 제출한 매매계약서(갑1호증)는 계약일자가 2005. 6. 21., 매매대금 중 건물부분의 공급가액이 719,038,000원으로 기재되어 있고, 2005. 6. 21. 계약금 4억 6,000만 원을 지급한 것으로 기재되어 있다.",
            "원고 주장에 따르면 2005. 6. 30. 잔금 555,738,000원을 지급하였다는 것이다.",
            "원고와 소외 주식회사 사이에 작성되어 창원시장의 검인을 받은 검인계약서(을6호증)에는 건물부분의 공급가액이 789,742,000원, 계약일자가 2005. 6. 9.으로 기재되어 있고, 계약금(304,721,000원), 중도금(203,147,600원)과 잔금(507,869,000원)을 계약 당일 및 2005. 6. 15.과 2005. 6. 20.에 각 지급하는 것으로 기재되어 있다.",
            "두 계약서의 일부 내용에 차이가 있기는 하나, 뒤에서 보는 바와 같이 원고가 위 부동산에 관하여 그 공급시기가 속한 과세기간이 경과한 이후에 세금계산서를 교부받아 매입세액의 공제를 신청한 이상, 어느 계약서에 의하든지 매입세액의 공제가 허용될 수 없다는 결론을 달리하지는 아니한다.",
            "원고는 2005. 7. 9. 위 부동산을 사업장으로 부동산임대업 사업자등록을 신청하여 같은 날 사업자등록증을 교부받았다.",
            "그 무렵 소외 주식회사로부터 거래일자가 2005. 6. 21.로 된 건물분 세금계산서 1장(공급가액 325,632,000원을 교부받았다.",
            "부가가치세 32,563,000원)과 토지분 세금계산서 1장(공급가액 101,805,000원)을, 거래일자가 2005. 6. 30.로 된 건물분 세금계산서 1장(공급가액 393,405,000원, 부가가치세 39,341,000원)과 토지분 세금계산서 1장(공급가액 122,992,000원)을 각 교부받았다(이하 위 건물분 세금계산서 2장을 '이 사건 세금계산서'라 한다).",
            "원고는 2005. 7. 25. 2005년 제1기 부가가치세 확정신고를 하면서 이 사건 세금계산서에 기재된 부가가치세 합계 71,904,000원 (32,563,000원 + 39,341,000원)을 공제되는 매입세액으로 신고하여, 2005. 8.경 위 금액을 환급받았다.",
            "피고는 2006. 3. 14. 이 사건 세금계산서가 위 부동산의 공급시기가 속한 과세기간 이후에 작성일자를 소급하여 작성된 것이었다.",
            "부가가치세법 제17조 제2항 제1호의2 본문의 '필요적 기재사실의 일부가 사실과 다른 세금계산서'에 해당하여 매입세액을 공제받을 수 없다는 이유로 그 공제를 부인하면서 기왕에 공제받은 부가가치세 71,904,000원에 가산세 18,695,010원을 더한 90,599,010원을 원고에게 부과하는 처분(이하 '이 사건 처분'이라고 한다)을 하였다."
        ]
    },
    "dcss": {
        "courtDcss": [
            "법 제17조 제2항 제1호의2 본문의 해석상 매입세액의 공제가 부인되는 \"세금계산서의 필요적 기재사항의 일부인 '작성연월일'이 사실과 다르게 기재된 경우\"라 함은 세금계산서의 실제작성일이 거래사실과 다른 경우를 의미한다.",
            "그러한 경우에도 시행령 제60조 제2항 제2호에 의하여 그 세금계산서의 나머지 기재대로 거래사실이 확인된다면 위 거래사실에 대한 매입세액은 공제되어야 한다.",
            "이는 어디까지나 세금계산서의 실제작성일이 속하는 과세기간과 사실상의 거래시기가 속하는 과세기간이 동일한 경우(이러한 경우이면 세금계산서 상의 '작성연월일'이 실제작성일로 기재되든, 사실상의 거래시기 또는 어느 특정시기로 소급하여 기재되든 묻지 아니한다)에 한한다고 보아야 할 것이다.",
            "그 이유는, 세금계산서가 부가가치세액을 정하기 위한 증빙서류로서 그것을 거래시기에 발행, 교부하게 하는 것은 그 증빙서류의 진실을 담보하기 위한 것이기도 하지만, 나아가 전단계 세액공제법을 채택하고 있는 현행 부가가치세법 체계에서 세금계산서 제도는 당사자 간의 거래를 노출시킴으로써 부가가치세뿐 아니라 소득세와 법인세의 세원포착을 용이하게 하는 납세자 간 상호검증의 기능을 갖고 있다.",
            "세액의 산정 및 상호검증이 과세기간별로 행하여지는 부가가치세의 특성상 위와 같은 상호검증 기능이 제대로 작동하기 위해서는 세금계산서의 작성 및 교부가 그 거래시기가 속하는 과세기간 내에 정상적으로 이루어지는 것이 필수적이기 때문이다.",
            "따라서, 과세기간이 경과한 후에 작성한 세금계산서는 작성일자를 공급시기로 소급하여 작성하였다. 하더라도 부가가치세법 제17조 제2항 제1호의2 본문 소정의 '필요적 기재사항의 일부가 사실과 다르게 기재된' 세금계산서에 해당하므로 이 경우의 매입세액은 매출세액에서 공제되어서는 아니 된다 할 것이다( 대법원 2004. 11. 18. 선고 2002두5771 전원합의체 판결 등 참조).",
            "위와 같은 법리를 전제로 이 사건에서 보건대, 위 부동산의 공급시기는 그 소유권이전등기가 경료된 2005. 6. 21.이고, 원고는 그 공급시기가 속한 과세기간이 경과한 이후인 2005. 7. 9.이 지나서야 작성일자를 2005. 6. 21.과 2005. 6. 30.로 소급하여 작성한 이 사건 세금계산서를 교부받아 매입세액의 공제를 신청하였음은 앞서 본 바와 같다.",
            "이 경우의 매입세액은 매출세액에서 공제되어서는 아니 되고, 원고가 시행령 제54조에서 정한 세금계산서의 교부특례에 따라 이 사건 세금계산서를 교부받았다 하더라도 달리 볼 수 없다 할 것이다.",
            "법 제9조 제3항은 재화의 공급시기가 도래하기 전에 재화에 대한 대가의 전부 또는 일부를 받고 이와 동시에 그 받은 대가에 대하여 세금계산서를 교부하는 경우 그 교부하는 때를 당해 재화의 공급시기로 보는 것으로 규정하고 있는데, 원고 주장에 따르더라도 원고는 위 부동산에 관한 소유권이전등기를 경료받고 난 다음에 잔금을 지급하였다.",
            "다시 그 이후에 비로소 작성일자를 계약금 및 잔금의 지급일자로 소급하여 기재한 이 사건 세금계산서를 교부받았다는 것이므로, 위 조항이 규정하는 바와 같이 재화의 공급시기 이전에 세금계산서를 교부받은 경우에 해당하지도 아니할 뿐더러, 재화에 대한 대가를 지급함과 동시에 그에 대한 세금계산서를 교부받은 경우에 해당한다고 볼 수도 없다.",
            "따라서, 원고의 주장은 받아들일 수 없고, 위 부동산의 매입세액을 매출세액에서 공제하지 아니한 이 사건 처분은 적법하다."
        ]
    },
    "close": {
        "cnclsns": [
            "제1심 판결을 취소한다.",
            "원고의 청구를 기각한다.",
            "소송총비용은 원고가 부담한다."
        ]
    }
}