{
    "info": {
        "caseField": "3",
        "detailField": "5",
        "trailField": "2",
        "caseNm": "담배제조업허가신청거부처분취소",
        "courtNm": "서울고법",
        "judmnAdjuDe": "2008. 01. 09.",
        "caseNo": "2007누13397",
        "relateLaword": [
            "헌법 제15조",
            "헌법 제37조",
            "담배사업법 제11조",
            "담배사업법 시행령 제4조 "
        ],
        "qotatPrcdnt": [
            "헌법재판소 1996. 12. 26. 선고 96헌가18 결정"
        ]
    },
    "concerned": {
        "acusr": "2",
        "dedat": "3"
    },
    "org": {
        "orgJdgmnCourtNm": "서울행법 ",
        "orgJdgmnAdjuDe": "2007. 5. 2. ",
        "orgJdgmnCaseNo": "2006구합27014 "
    },
    "disposal": {
        "disposalform": "10",
        "disposalcontent": [
            "제1심판결을 취소한다.",
            "원고의 청구를 기각한다.",
            "소송총비용은 원고가 부담한다."
        ]
    },
    "mentionedItems": {
        "rqestObjet": [
            "피고가 2005. 6. 28. 원고에 대하여 한 담배제조업허가신청 거부처분을 취소한다.",
            "제1심판결을 취소한다. ",
            "원고의 청구를 기각한다."
        ]
    },
    "assrs": {
        "acusrAssrs": [
            "피고가 이 사건 처분의 근거로 내세우는 담배사업법 시행령 제4조 제1항 제1호 (이하 '이 사건 시행령 조항' 이라고 한다)의 '300억 원 이상의 자본금' 기준은, 1 그 기준이 지나치게 높아 새로이 담배제조업을 하고자 하는 자에게 일종의 진입장벽으로 작용한다는 점에서 헌법 제15조 에서 규정하고 있는 직업선택의 자유를 침해할 우려가 있다.",
            "2 자본금이 300억 원 미만인 중소기업의 담배제조업을 아무런 합리적 근거도 없이 제한한다는 점에서 헌법 제11조 에서 규정하고 있는 평등의 원칙에 위반되며, 3 나아가 중소기업의 경제활동을 본질적으로 침해함으로써 중소기업 보호,육성에 관한 헌법 제123조 에 반하므로 이 사건 시행령 조항은 위헌적인 법령이다.",
            "4 나아가 자본금을 지나치게 높게 규정하여 중소 민간기업의 시장진입을 애초부터 불가능하게 함으로써 담배제조시장에 독점권을 폐지하고 자유로운 경쟁체제를 도입하고자 하는 담배사업법의 취지에 반하여 수권 법률인 담배사업법의 내용상 한계를 일탈하였으므로 무효인 규정이라고 할 것이고, 따라서 위와 같은 위헌, 위법적인 법령에 근거한 이 사건 처분은 당연히 취소되어야 한다."
        ],
        "dedatAssrs": []
    },
    "facts": {
        "bsisFacts": [
            "원고는 2001. 8. 17. 담배 및 담배관련제품 제조판매업을 목적으로 설립된 법인으로서 2005. 6. 1. 피고에게 담배제조업허가신청을 하였다.",
            "담배 흡연이 국민 건강에 미치는 악영향으로 인하여 세계 각국에서 담배의 제조, 판매, 유통, 소비에 대하여 다른 사업들보다 훨씬 더 엄격하게 통제하는 법률 및 제도가 광범위하게 도입,시행되고 있고, 이로 인하여 담배사업은 다른 사업과는 구분된 정책적 특성을 가지고 있다.",
            "이를 우리나라에 적용할 경우 우리나라 연간 궐련담배 소비규모인 1,050억 본의 10.4% 내지 12.9%에 해당하는 연간 담배 109억 개비 또는 138억 개비 정도의 생산시설 규모가 필요하다고 결론내리고, 허가기준으로 연간 100억 개비 이상의 생산시설과 자본금 500억 원 이상을 제시하였다.",
            "국내 담배시장은 소비시장이 연간 7～8조 원 정도로서 그 규모가 세계 10위권 내에 들어갈 만큼 비교적 큰 시장이고, 국내 전체 성인흡연율은 약 37%로서 세계적으로 높은 편이다.",
            "프랑스에서는 1995년경 담배전매회사가 민영화된 뒤 누구든지 담배제조를 할 수 있고, 시설 및 자본금 규모 등에 의한 진입규제는 없다. ",
            "위 나라들의 경우, 조세목적으로 세무당국의 허가 또는 제조설비를 운영할 수 있는 전문기술 등을 요구하는 규제가 있거나 광고 제한, 청소년의 흡연으로부터의 보호규정을 통하여 간접적으로 담배제조업의 신규진입을 억제하고 있고, 담배제조업에 있어서 시설 및 자본금 규모에 의한 진입규제는 없다.",
            "일본의 담배제조업은 000(000)가 독점하도록 법제화되어 있다.",
            "터키는 1991. 5.경 그 동안의 제조독점을 폐지하고 현지 생산을 허용하였는데, 그 허가기준으로 완전한 신규의 통합 생산설비를 갖출 것을 요구하였고, 담배제조자의 연간 판매량이 20억 개비에 미달할 경우 별도의 판매독점업체를 통해서만 유통할 수 있도록 규제하고 있다.",
            "피고는 2004. 11.경 담배제조업 허가기준 완화와 관련된 민원을 제기 받은 국무총리실의 요청에 따라 원고에게 기업평가서의 제출을 요청하였고, 한국산업개발연구원은 피고에게 정책결정에 필요한 기초자료를 제공하기 위하여 원고로부터 제출받은 준비사항을 기초로 하여 원고에 대한 기업평가를 하였다.",
            "나 원고의 경우, 담배사업법 시행령에 의한 허가기준 중 시설기준과 기술인력, 담배제조기술의 연구개발 및 품질관리기준 등을 충족하였으나, 자본금은 109억 원 정도로 예상되어(무상증자가 실시되었을 경우) 허가기준인 자본금 300억 원을 충족시키지 못하고 있다.",
            "1 000은 2004. 10. 7.경 원고의 요청에 따라 원고의 자산, 부채에 대한 실사 및 현재가치할인방법에 의한 기업가치 평가업무를 수행하였다.",
            "000 행정대학원은 재정경제부로부터 담배제조업 허가요건의 완화 여부 및 그 적정수준의 결정을 위한 연구요청을 받고 2004. 12. 14.경 연구보고서를 작성하였는데, 현행 담배제조업 허가요건 현황 및 문제점을 분석하고, 국민 보건에 대한 신규진입의 영향과 담배기업 진입의 사회경제적인 비용,편익분석 및 미국을 비롯한 다른 나라의 사례분석 등을 실시하였다.",
            "국민보건 및 건강증진 차원에서 담배제조업 허가요건을 고려한다면 우리나라도 미국의 보증금제도나 MSA와 같은 제도를 통해 비용을 미리 징수하는 방안을 장기적인 정책대안으로 고려할 필요가 있다.",
            "가 미국 등 강력한 흡연규제 정책을 시행하고 있는 나라들의 경우 흡연율이 크게 감소한 반면, 흡연규제의 강도가 낮거나 규제정책이 미비한 개발도상국 등의 경우에는 흡연율이 지속적으로 증가하고 있다.",
            "라 담배에 대한 높은 조세의 부담, 이로 인한 영세업체의 수익성 완화와 파산의 위험성 및 담배제조업자에 대한 소송으로 인한 보상비용의 증가 가능성 등을 고려할 때 생산시설 외에도 자본금에 대한 규제기준의 도입이 필요한데, 연간 100억 개비 이상의 생산시설을 위한 설비투자비용을 고려할 경우 최소 자기 자본금 규모는 500억 원 정도가 필요하다.",
            "산업연구원 산업경쟁력실 기업·제도팀장인 소외 1은 피고의 의뢰에 따라 2007. 3.경 담배제조업을 중심으로 규제산업의 진입요건을 분석하여 보고하였다.",
            "가 담배산업에 대한 규제의 수준과 방법은 각국의 경제사회적 여건과 정책적 판단 기준에 따라 상이하나, 담배 및 담배산업의 규제 압력은 공통적으로 증대하고 있고, 세계 각국의 담배산업 정책은 경쟁촉진에 따른 효율성 향상보다는 담배소비로 인한 외부불경제의 축소 측면이 상대적으로 강조되고 있다.",
            "주세법 제6조 (주류제조면허)는 주류를 제조하고자 하는 자는 제4조 의 규정에 의한 주류의 종류별로 주류제조장마다 대통령령이 정하는 시설기준 기타 요건을 갖추어 관할 세무서장의 면허를 받아야 한다고 규정하고 있으므로, 시설기준 이외에 별도로 자본금을 면허의 요건으로 하고 있지 않다.",
            "증권거래법 제28조 (허가), 제32조 (허가의 요건), 같은 법 시행령 제14조 (증권회사의 자본금)에는 증권회사의 허가요건으로서 인적, 물적 설비를 갖출 것을 요구하고 있고 최저자본금을 증권회사가 영위하는 영업의 종류에 따라 20억～500억 원으로 정하고 있다.",
            "보험업법 제6조 (허가의 요건 등), 제9조 (자본금 또는 기금)에는 보험회사의 허가요건으로서 인적, 물적 설비를 갖출 것을 요구하고 있고, 최저자본금을 300억 원으로 정하고 있다.",
            "다만, 신원을 확인받아 번호를 부여받고 세무서에 일정금액을 담보로 제공하여야 하는 제한이 따른다."
        ]
    },
    "dcss": {
        "courtDcss": [
            "담배의 흡연은 소비자의 건강을 해침은 물론, 제3자에게 피해를 줄 뿐만 아니라 사회의 생산성을 저해하고 국가의 의료비용을 증대시켜 국민경제에도 악영향을 미치며 사회적 비용을 증가시킨다.",
            "따라서 국민보건이라는 공익을 위하여, 그리고 국가의 재정확보를 위한 조세보전을 목적으로 이에 대한 규제를 할 필요가 있다.",
            "세계 각국에서도 특히 국민보건의 측면에서 담배소비량을 억제하기 위하여 담배제조 및 판매 자체에 대한 규제부터 시작하여 광고 및 협찬활동의 규제, 청소년 흡연에 대한 규제 강화, 건강 경고문구 표시 등 각 나라마다 국민의 흡연습관 및 흡연율, 사회,경제,문화적인 여러 요소를 고려하여 다양한 규제정책을 시행하고 있다. ",
            "현행의 담배사업법도 기존 독점제를 폐지하고 허가제를 채택하면서도 담배가 국민건강에 미치는 영향이 크고 국가의 재정에도 직접 영향을 미치므로, 다른 상품과는 달리 담배의 제조 및 판매에 대하여 폭넓게 국가의 규제를 받도록 하고 있다.",
            "이와 같은 담배산업의 특성상 입법자는 담배에 대하여 국민보건과 세수확보를 위한 규제에 있어서 일반 상품과는 달리 광범위한 입법형성의 자유를 가지고, 입법자로부터 위임받아 담배산업에 관한 구체적인 규제정책을 결정하는 행정청도 위와 같은 입법 목적을 실현하기 위한 정책을 결정함에 있어 폭넓은 재량을 가진다 할 것이다.",
            "따라서 행정청이 선택한 규제방법이 담배산업의 규율에 관한 입법 목적을 달성하는 데 합리적인 수단이라고 인정될 경우 이는 행정청의 적법한 재량의 범위 내의 행위로서 정당하다 할 것이고, 그 과정에서 국민의 기본권이 제한되는 결과가 초래된다 할지라도 곧바로 행정청이 선택한 정책결정이 헌법이나 법률에 위반된 것이라고 보기는 어렵다.",
            "헌법 제15조 가 규정하는 직업선택의 자유는 자신이 원하는 직업을 자유로이 선택하고 이에 종사하는 등 직업에 관한 종합적이고 포괄적인 자유를 말하고, 직업결정의 자유, 직업수행의 자유, 영업의 자유, 기업의 자유 등을 포함하고 있어 이러한 영업 및 기업의 자유를 근거로 원칙적으로 누구나가 자유롭게 경쟁에 참여할 수 있다.",
            "경쟁의 자유는 기본권의 주체가 직업의 자유를 실제로 행사하는 데에서 나오는 결과이므로 당연히 직업의 자유에 의하여 보장되고 다른 기업과의 경쟁에서 국가의 간섭이나 방해를 받지 않고 기업 활동을 할 수 있는 자유를 의미한다.",
            "직업선택의 자유는 헌법 제37조 제2항 에 의하여 법률로써 제한할 수 있으나 그와 같이 제한하는 경우에도 그 제한이 공익상의 충분한 이유로 정당화되고, 입법자가 선택한 수단이 의도하는 입법 목적을 달성하기에 적정해야 한다.",
            "입법 목적을 달성하기 위하여 똑같이 효율적인 수단 중에서 기본권을 되도록 적게 침해하는 수단을 사용하여야 하고, 침해의 정도와 공익의 비중을 전반적으로 비교·형량하여 양자 사이에 적정한 비례관계가 이루어져야 한다( 헌법재판소 1996. 12. 26. 선고 96헌가18 결정 참조).",
            "이 사건의 경우 담배사업에 관하여 허가제를 시행하면서 직업선택의 자유 그 자체를 제한하고 있으므로 직업수행의 자유를 제한하는 경우에 비하여 그 침해가 공익상의 충분한 이유로 정당화되고 보다 엄격한 비례의 원칙이 적용되어야 할 것이다.",
            "한편 독점에서 허가제로 이행하는 과정에서 이 사건 시행령 조항은 자유로운 담배사업활동이 사회공공에 대하여 가져올 폐해를 방지하기 위한 소극적인 조치에 머무르지 않고 국민보건의 증진에 적합한 담배산업구조의 형성이라는 사회정책 내지 경제정책상의 적극적인 목적을 달성하기 위한 조치의 성격도 함께 갖고 있다는 점에서 목적과 수단의 연관성이 그 위헌, 위법성을 판단함에 있어서 충분히 고려되어야 할 것이다.",
            "국가가 어떠한 목적을 달성함에 있어서는 어떠한 조치나 수단 하나만으로서 가능하다고 판단할 경우도 있고 다른 여러 가지의 조치나 수단을 병과하여야 가능하다고 판단하는 경우도 있을 수 있으므로 목적달성에 필요한 유일의 수단선택을 요건으로 하는 것이라고 할 수는 없다. ",
            "그러나 그렇다고 하더라도 기본권을 제한하는 방법은 최소한 그 목적의 달성을 위하여 효과적이고 적절하여야 한다( 헌법재판소 2002. 4. 25. 선고 2001헌마614 결정 참조).",
            "2 러시아 등 담배소비가 급격히 증가한 나라들에 대한 실증적 분석결과에 의하면, 담배제조업체의 난립과 국민 담배소비량의 증가 사이에 유의미한 관련이 있음을 나타내고 있으므로 적은 수의 담배사업체가 유지되는 담배산업구조를 형성하기 위해서는 시장진입 자체를 어렵게 할 필요가 있다.",
            "3 담배시장의 신규진입에 따라 사회가 부담해야 할 비용이 그로 인한 이익을 훨씬 상회하는 점 등을 종합하면, 자본금 기준을 설정하여 진입 당시부터 규제를 하는 방법이 그 목적 달성에 필요,적절한 수단이 된다고 보인다.",
            "그렇다면 이 사건 시행령 조항이 비례의 원칙을 위배하여 직업선택의 자유의 본질적인 내용을 침해한 것이라 볼 수 없다.",
            "헌법 제11조 제1항 은 모든 국민은 법 앞에서 평등하다고 규정하여 평등권을 보장하고 있는데 이는 일체의 차별적 대우를 부정하는 절대적 평등을 의미하는 것이 아니라 법을 입법하고 적용함에 있어서 불합리한 차별대우를 하여서는 아니 된다는 것이므로 그 차별이 합리적인 근거를 갖는 것이라면 허용되는 것이다( 헌법재판소 1997. 3. 27. 선고 93헌마159 결정 참조).",
            "이러한 평등의 원칙은 입법자에게 본질적으로 같은 것을 자의적으로 다르게, 본질적으로 다른 것을 자의적으로 같게 취급하는 것을 금하고 있다.",
            "앞서 인정한 사실관계에 의하면, 담배제조의 독점을 해소하여 신규진입을 통한 경쟁여건을 조성하기 위하여 담배사업법이 독점에서 허가제로 개정되었다.",
            "이는 무분별한 시장 진입을 허용하겠다는 것이 아니라 담배산업의 건전한 발전을 도모하는 데 근본목적이 있는 것으로서 국민보건의 측면에서 필요한 적절한 규제를 배제하는 것은 아니고 그에 따라 담배사업법 제11조 제2항 에서 허가기준 중 하나로 자본금을 명시하고 있다.",
            "이 사건 시행령 조항은 담배사업법의 위임에 따라 필요한 객관적인 물적 기준을 제시한 것으로서 증권업이나 보험업, 은행업 등에 있어서도 그 사업의 특성에 비추어 필요한 자본금의 규모를 정하고 있고 그 규모도 300억 원에서 1,000억 원에 이르고 있다.",
            "한편 앞서 직업선택의 자유에서 살펴본 것처럼 자본금 300억 원이라는 기준이 그 입법 목적을 달성하는 데 지나치게 과중하거나 부적절한 것이라고 보기 어렵고 국가경제가 성장함에 따라 실질적인 부담정도는 유동적인 점 등을 종합하면, 이 사건 시행령 조항이 합리적 근거가 없는 차별에 해당하여 평등권을 침해하였다고 볼 수 없다.",
            "그러나 이는 국가가 지향하여야 할 경제에 관한 원리를 제시한 것으로서, 위와 같은 헌법 규정이 국가경제정책의 합헌성을 판단하는 데 직접 적용되는 헌법규범적 성격을 갖는 규정이라는 점에 대해서는 학설상 이론이 있을 뿐 아니라, 국민의 기본권에 대한 제한에서와 마찬가지로 국가안전 및 공공복리 등 다른 공익상의 요청이 있을 경우 합리적인 범위 내에서 제한 또는 수정될 수 있다고 봄이 상당하다.",
            "이 사건 시행령 조항은 자본금 300억 원에 미치지 못하는 기업의 담배사업 진입을 제한함으로써 직업선택의 자유를 제한하고 중소기업의 활동을 제한하는 측면이 있다.",
            "헌법 제36조 제3항 에서 국가는 보건에 관하여 모든 국민을 보호할 의무를 규정하고 있고, 앞서 본 바와 같이 이러한 제한은 담배산업에 있어서 군소업체의 난립을 방지하여 담배소비를 억제 또는 감소시키고 국민건강을 보호하기 위한 데 주된 목적이 있고, 이러한 목적을 달성하는 데 적절한 수단이라 할 것이다.",
            "나아가 담배산업에 대한 정책은 시장경쟁촉진과 소비자 선택의 확대라는 정책목표를 가졌을 때와 국민보건 증진을 위한 흡연율 억제라는 정책목표를 가졌을 때 다른 내용의 규제방법을 택하게 될 것인데 이는 결국 입법자와 그로부터 위임받은 행정청의 정책판단에 맡겨진 문제로서 정책결정자가 그 방향 중 국민 보건을 중시하는 정책을 선택한 것이라 할 것이다.",
            "결국 이 사건 시행령 조항은 헌법 제123조 제3항 을 포함한 우리 헌법의 경제질서조항에 위반되지 아니한다고 할 것이다.",
            "그렇다면 이 사건 시행령 조항은 헌법상 직업선택의 자유의 본질적 내용을 침해하거나 평등의 원칙 및 국가의 중소기업보호,육성의무를 위반하지 아니하였을 뿐만 아니다.",
            "수권법률인 담배사업법 제11조 의 내재적인 한계의 범위 내에 있어 유효하다 할 것이므로, 이 사건 시행령 조항에 근거한 이 사건 처분은 적법하다."
        ]
    },
    "close": {
        "cnclsns": [
            "제1심판결을 취소한다.",
            "원고의 청구를 기각한다.",
            "소송총비용은 원고가 부담한다. "
        ]
    }
}