{
    "info": {
        "caseField": "3",
        "detailField": "5",
        "trailField": "2",
        "caseNm": "토지수용이의재결처분취소등",
        "courtNm": "광주고등법원",
        "judmnAdjuDe": "2007. 12. 14.",
        "caseNo": "2007누80",
        "relateLaword": [
            "구 공익사업을 위한 토지 등의 취득 및 보상에 관한 법률(2004. 12. 31. 법률 제7304호로 개정되기 전의 것) 제70조"
        ],
        "qotatPrcdnt": [
            "대법원 1989. 6. 13. 선고 88누8852 판결"
        ]
    },
    "concerned": {
        "acusr": "1",
        "dedat": "3"
    },
    "org": {
        "orgJdgmnCourtNm": "전주지방법원 ",
        "orgJdgmnAdjuDe": "2006. 12. 21.",
        "orgJdgmnCaseNo": "2004구합1015 "
    },
    "disposal": {
        "disposalform": "10",
        "disposalcontent": [
            "제1심판결 중 피고 패소부분을 취소한다.",
            "위 취소부분에 해당하는 원고의 청구를 기각한다.",
            "원고의 항소를 기각한다.",
            "소송총비용은 원고가 부담한다."
        ]
    },
    "mentionedItems": {
        "rqestObjet": [
            "제1심판결을 다음과 같이 변경한다.",
            "피고는 원고에게 741,735,150원 및이에 대하여 2004. 6. 20.부터 2007. 12. 14.까지는 연 5%, 2007. 12. 15.부터 다 갚는 날까지는 연 20%의 각 비율에 의한 돈을 지급한다(원고는 당심에서 청구취지를 감축하였다).",
            "제1심판결 중 피고 패소부분을 취소한다.",
            "위 취소부분에 해당하는 원고의 청구를 기각한다."
        ]
    },
    "assrs": {
        "acusrAssrs": [
            "이 사건 사업시행으로 인하여 이 사건 수용대상토지가 수용된 이후 남게 되는 0000 전 448㎡, 같은 0000 전 345㎡, 0000 전 479㎡(이하 '이 사건 잔여지'라고만 한다)에서 종래의 토지사용목적인 여관신축을 할 수 없게 되었고, 이 사건 수용재결 이전에 잔여지 매수청구를 하였으므로, 피고는 원고에게 이 사건 잔여지 매수청구로 인한 보상금 48,336,000원(= 1,272㎡ × 38,000원)을 지급하여야 한다.",
            "원고는 이 사건 수용대상토지 및 잔여지에 여관신축을 하기 위하여 부지를 조성하였는데, 암발파 및 운반비용으로 366,020,000원, 진입로 개설비용으로 36,223,000원, 옹벽공사비용으로 93,346,000원, 가차선공사비용으로 77,022,000원, 토목설계비용으로 27,500,000원, 건축설계비용으로 85,448,000원, 토지형질변경비용으로 7,538,150원을 각 지출하였으므로, 피고는 위 비용을 보상하여야 한다."
        ],
        "dedatAssrs": [
            "원고가 이 사건 수용재결 전에 이 사건 잔여지 매수청구권을 행사하지 아니하여 그 권리가 소멸하였을 뿐만 아니라, 잔여지 매수청구권의 행사를 원인으로 한 소송은 000가 필수적 피고가 되어야 한다.",
            "원고가 주장하는 부지조성비용 등은 토지 자체에 화체되는 것이므로 대상토지에 대한 보상금 이외에 추가로 지출된 비용 전액을 보상금으로 지급할 수는 없으며, 원고가 주장하는 비용들이 실제로 지출되었다는 증거도 부족하다."
        ]
    },
    "facts": {
        "bsisFacts": [
            "사업승인 및 고시 - 도로사업 (0000, 0000간 고속도로건설공사, 0000 3차) - 2001. 7. 20. 건설교통부고시 제2001, 181호 - 사업시행자 : 피고이다.",
            "000의 2003. 10. 21.자 수용재결(이하 '이 사건 수용재결'이라고만 한다) - 수용대상토지 : 원고 소유의 0000 전 149㎡, 0000 전 6㎡(이하 '이 사건 수용대상토지'라고만 한다) - 수용시기 : 2003. 12. 9. - 손실보상금 : 원고에 대하여 5,277,750원(= 155㎡ × 34,050원)이다.",
            "000의 2004. 5. 20.자 이의재결(이하 '이 사건 이의재결'이라고만 한다) - 재결내용 : 손실보상금을 5,890,000원(= 155㎡ × 38,000원)으로 증액하였다."
        ]
    },
    "dcss": {
        "courtDcss": [
            "토지의 수용은 사업시행자의 의사표시만으로 성립되는 것이 아니고 사업시행자의 청구에 의하여 000가 수용재결을 함으로써 성립되는 것이며, 잔여지 수용청구는 사업시행상 필요가 있어서 하는 것이 아니고 토지소유자가 수용으로 인하여 잔여토지를 종래의 목적에 사용하는 것이 현저히 곤란하게 된 경우 그 손실보상책의 일환으로 토지소유자에게 부여된 권리이다.",
            "그 청구는 수용할 토지의 범위와 그 보상액을 결정할 수 있는 000에 대하여 토지수용의 보상가액을 다투는 방법에 의하여 행사할 수 있다( 대법원 1989. 6. 13. 선고 88누8852 판결).",
            "이 사건에서 보건대, 원고가 000와 피고를 공동피고로 하여 이 사건 소를 제기하였다가 제1심 2차 변론준비기일에 000에 대한 소를 취하하였고, 이에 대하여 000가 위 소취하에 동의한 것으로 간주된 사실은 기록상 명백한바, 000가 아닌 사업시행자인 피고를 상대로 한 원고의 이 부분 청구는 나머지 부분에 관하여 나아가 판단할 필요 없이 이유 없다.",
            "한편, 갑 제6호증의 2, 제7호증의 1의 각 기재에 의하면, 원고가 2002. 3. 11. 사업시행자인 피고에게 이 사건 수용대상토지의 고속도로 편입과 관련하여 진정서를 제출하면서 이 사건 잔여지만으로는 여관을 신축할 수 없으므로 이를 매수하여 달라고 요구하였다.",
            "이에 대하여 피고가 2002. 3. 29. 원고에게 관할 행정기관인 완주군청과 건축허가 관련 법률 및 도로법에 의한 접도구역관리와의 연계여부 등 법률효과 협의 후 보상 여부를 결정할 예정이라는 취지로 민원회신한 사실은 인정된다.",
            "위 인정사실만으로는 피고가 000의 잔여지 매수에 관한 업무를 위임받았다거나 대행하였다고 인정하기에 부족할 뿐만 아니라, 피고와 000 사이의 업무위임 또는 대행 약정만으로 피고에게 000를 위한 소송수행권이 부여될 수도 없으므로, 원고의 이 부분 청구는 어느 모로 보나 이유가 없다.",
            "구 공익사업을 위한 토지 등의 취득 및 보상에 관한 법률(2004. 12. 31. 법률 제7304호로 개정되기 전의 것) 제70조 제2항은, 토지에 대한 보상액은 가격시점에 있어서의 현실적인 이용상황과 일반적인 이용방법에 의한 객관적 상황을 고려하여 산정하되, 일시적인 이용상황과 토지소유자 또는 관계인이 갖는 주관적 가치 및 특별한 용도에 사용할 것을 전제로 한 경우 등은 이를 고려하지 아니한다고 규정하고 있다.",
            "위 법 시행규칙(2004. 11. 29. 건설교통부령 제411호로 개정되기 전의 것) 제57조는, 공익사업의 시행으로 인하여 건축물의 건축을 위한 건축허가 등 관계법령에 의한 절차를 진행 중이던 사업 등이 폐지, 변경 또는 중지되는 경우 그 사업 등에 소요된 법정수수료 그 밖의 비용 등의 손실에 대하여는 이를 보상하여야 한다고 규정하고 있다.",
            "이 사건에서 보건대, 앞서 본 바와 같이 원고의 이 사건 잔여지 매수청구 주장이 받아들여지지 않는 이상 원고의 이 부분 청구도 이 사건 수용대상토지 부분에 한하여 그 당부를 판단하여야 할 것인데, 원고가 주장하는 비용 중 이 사건 수용대상토지 부분에 해당하는 금액에 관한 주장, 입증이 없다.",
            "원고가 이 사건 수용대상토지에 대한 토지보상금 외에 추가로 보상을 구하고 있는 암발파 및 운반비용, 진입로 개설비용, 옹벽공사비용, 가차선공사비용, 토목설계비용, 토지형질변경비용은 이 사건 수용대상토지의 존재가치를 증가시키는 비용으로서 이 사건 수용대상토지에 화체되어 일체로서 평가될 뿐 별도의 보상대상이 되는 것은 아니라고 할 것이다.",
            "건축설계비용은 그 지출 사실을 인정할 아무런 증거가 없으므로, 원고의 이 부분 청구 역시 이유 없다."
        ]
    },
    "close": {
        "cnclsns": [
            "제1심판결 중 피고 패소부분을 취소한다.",
            "위 취소부분에 해당하는 원고의 청구를 기각한다. ",
            "원고의 항소를 기각한다. ",
            "소송총비용은 원고가 부담한다."
        ]
    }
}