{
    "info": {
        "caseField": "3",
        "detailField": "5",
        "trailField": "2",
        "caseNm": "법인세등 부과 처분취소",
        "courtNm": "서울고등법원",
        "judmnAdjuDe": "2008. 10. 30.",
        "caseNo": "2008누8422",
        "relateLaword": [
            "구 법인세법 시행령 제68조",
            "구 법인세법 제41조",
            "구 법인세법 제13조",
            "구 법인세법 제14조",
            "구 법인세법 제15조",
            "구 법인세법 제19조",
            "구 법인세법 시행령 제11조",
            "구 법인세법 시행령 제19조",
            "구 법인세법 시행령 제72조",
            "국세기본법제22조의 2",
            "구 증권거래세법 제7조",
            "구 증권거래세법 제5조",
            "구 증권거래세법 시행령 제2조",
            "구 증권거래세법 제2조",
            "구 증권거래세법 시행령 제4조"
        ],
        "qotatPrcdnt": [
            "대법원 2007. 7. 26. 선고 2005두16581 판결"
        ]
    },
    "concerned": {
        "acusr": "2",
        "dedat": "3"
    },
    "org": {
        "orgJdgmnCourtNm": "수원지방법원",
        "orgJdgmnAdjuDe": "2008. 1. 16.",
        "orgJdgmnCaseNo": "2007구합994"
    },
    "disposal": {
        "disposalform": "10",
        "disposalcontent": [
            "원고는 위 라)항의 방법에 따라 산정한 증권거래세를 신고,납부하였는바, 그 신고,납부가 정당하다고 할 것이서 이를 초과한 이 사건 증권거래세 처분은 위법하므로 전부 취소되어야 한다. 피고의 항소를 기각한다.",
            "항소비용은 피고가 부담한다."
        ]
    },
    "mentionedItems": {
        "rqestObjet": [
            "청구취지 피고가 2004. 11. 19. 원고에게 한 2000사업연도 법인세 10,014,889,474원, 농어촌특별세1,034,043,343원, 증권거래세 488,839,307원의 각 부과처분을 각 취소한다.",
            "항소취지 제1심 판결을 취소한다. 원고의 청구를 기각한다."
        ]
    },
    "assrs": {
        "acusrAssrs": [
            "이 사건 법인세 및 농어촌특별세 처분에 관하여 아래와 같은 점에 비추어 볼 때, 소외 1에 대한 원고의 000 주식의 양도가액은 양도일인 2000. 10. 5. 당시의 00주식의 시가를 기준으로 산정하여야 함에도, 이와 달리 2000. 7. 25. 당시의 시가를 기준으로 한 이 사건 법인세 처분 및 농특세 처분은 위법하다.",
            "구 법인세법 시행령(2000. 12. 29. 대통령령 제17033호로 개정되기 전의 것. 이하 구 법인세법 시행령이라 한다) 제68조 제1항 제3호에 의하면, 법인의 자산의 양도시기는 대금청산일이므로, 소외 1에 대한 에스케이텔레콤 주식의 양도가액은 그 대금 청산일인 2000. 10. 5.을 기준으로 산정하여야 한다.",
            "구 법인세법(2000. 12. 29. 법률 제6293호로 개정되기 전의 것, 이하 구 법인세법이라 한다) 제41조에 의하면, 이 사건과 같은 주식 상호간의 교환거래의 경우 양도하는 주식의 양도가액은 취득하는 주식의 취득 당시의 시가로 계산하여야 한다.",
            "원고와 소외 1은 000 주식과 이 사건 000 주식을 교환함에 있어 000 주식의 가격을 1주당 390,000원으로 정한 사실이 없을 뿐만 아니라, 가사 원고와 소외 1 사이에 각 교환할 주식의 가격을 정하였다. ",
            "그렇다고 하더라도, 구법인세법령의 규정이 자산 상호간의 교환거래에 있어서는 취득하는 자산의 가치를 임의로 평가할 수 없도록 한 취지에 비추어 볼 때, 원고와 소외 1 사이에 합의에 의하여 정한 가격을 기초로 000 주식의 양도가액을 산정할 수는 없다.",
            "따라서, 소외 1에 대한 000 주식의 양도가액은 원칙적으로 원고가 소외 1로부터 양수한 000 주식 중 000 주식에 대응되는 부분의 객관적 가치(시가)에 의하여 계산되어야 하나, 000 주식은 경영권 프리미엄이 포함되어 있는 등의 사정으로 그 객관적 가치를 산정하는 것이 어려우므로, 000 주식과 등가관계에 있는 000 주식의 시가를 그 양도가액으로 볼 수 있다.",
            "원고가 소외 1로부터 취득한 000 주식의 시가를 피고의 예비적 주장과 같이 32,845원으로 본다면 원고가 소외 1을 제외한 양도인들에게 양도한 000의 양도가액도 위 000 주식의 시가를 기준으로 산정하여야 되고, 그리하면 원고가 부담할 2000사업연도 법인세 및 농어촌특별세의 정당한 세액이 원고가 신고·납부한 세액보다 적으므로 이 사건 법인세 및 농어촌특별세 처분은 취소되어야 한다.",
            "원고의 000 주식의 양도가액은 알 수 없는 경우에 해당하고, 그 양도일은 2000. 7. 26. 및 2000. 10. 5. 이므로 각 그 직전 거래일의 증권거래소 종가에서 가격제한폭인 15% 해당금액을 차감한 금액이 증권거래세 과세표준인데, 이와 달리 위 주식의 2000. 7. 25.자 증권거래소 종가를 1주당 양도가액으로 하여 산정한 이 사건 증권거래세 처분은 위법하다."
        ],
        "dedatAssrs": [
            "원고와 양도인들 사이의 주식거래계약에서 당사자들은 원고가 양도하는 000 주식의 양도가액을 1주당 390,000원으로 정하였으므로, 이를 전제로 한 당초처분은 적법하다(이 사건 각 처분은 당초처분 범위 내이므로 적법하다는 취지로 보인다).",
            "가사, 주식거래 당사자들이 000 주식의 1주당 양도가액을 390,000원으로 합의한 바 없더라도, 원고로부터 000 주식의 양도대가를 전액 현금으로 지급받은 000의 000 주식의 1주당 양도가액인 32,845원을 기준으로 평가한 000 주식의 가액을 원고의 000 주식 양도가액으로 보아 법인세 및 농어촌특별세를 산정하여야 한다.",
            "피고는, 원고가 신고·납부한 세액이 정당한 세액을 초과한다고 하더라도 2002. 12. 18. 법률 제6782호로 신설된 국세기본법 제22조의 2 제1항은 '세법의 규정에 의하여 당초 확정된 세액을 증가시키는 경정은 당초 확정된 세액에 관한 이 법 또는 세법에서 규정한 권리·의무에 영향을 미치지 아니한다' 고 규정하고 있다. ",
            "그러는 이상 이 사건 법인세 및 농어촌특별세 처분 전에 이미 확정된 원고가 신고·납부한 법인세 및 농어촌특별세에 관한 하자는 더 이상 다툴 수 없으므로 이 사건 법인세 및 농어촌특별세 처분은 유지되어야 한다고 주장한다."
        ]
    },
    "facts": {
        "bsisFacts": [
            "소외 1(대법원판결의 소외인)과 국내외 8개 법인(000 그룹에 속하는 000 3개사와 000 그룹에 속하는 000 2개사 및 000에 속하는 000, 0000, 000 3개사를 말한다, 소외 1과 위 8개 법인을 합하여 ‘양도인들’이라 한다. 이하 국내법인을 표시할 때에는 주식회사를 생략한다)은 코스닥 등록업체인 000(이하 ‘000’이라고 한다)발행주식 중 약 47.85%인 74,993,052주를 보유한다. ",
            "그리고 000에 대한 경영권을 행사해 오고 있었다.",
            "원고와 양도인들은 2000. 3.경 원고가 양도인들 소유의 000 주식을 일괄 양수하는 협상을 시작하여, 2000. 6. 6. 거래조건협상이 타결되었고, 2000. 6. 15.에는 주식구매계약이, 2000. 7. 25.에는 부속계약이 각 체결되었는데 그 내용은 다음과 같다.",
            "2000. 7. 26. 소외 1을 제외한 양도인들은 일괄적으로 원고에게 각 소유의 000 주식을 양도하고 그 양도대금을 지급받았으나, 소외 1은 000 주식의 단기보유로 인한 양도소득세 중과세를 피하기 위하여 2000. 10. 5. 000 주식을 양도하고, 그 양도대금을 지급받았다.",
            "000 주식의 1주당 증권거래소 종가는 2000. 7. 25.에는 346,000원, 2000. 7. 26.에는 339,000원, 2000. 10. 4.에는 258,000원, 2000. 10. 5.에는 266,000원이었다.",
            "원고는 위 000 주식 거래와 관련하여 2000사업연도 법인세 및 농어촌특별세와 증권거래세를 신고·납부하였는데, 법인세와 농어촌특별세는 소외 1 이외의 양도인들에게 양도한 에스케이텔레콤 주식의 양도가액을 2000. 7. 25.자 증권거래소 종가인 1주당 346,000원으로 산정하였다.",
            "소외 1에게 양도한 에스케이텔레콤 주식의 양도가액을 2000. 10. 4.자 증권거래소 종가인 1주당 258,000원으로 하여 산출한 과세표준에 따른 세액을, 증권거래세는 위 각 일자의 증권거래소의 에스케이텔레콤 주식종가에서 각 15%를 차감한 금액을 1주당 양도가액으로 하여 계산한 과세표준에 따른 세액을 각 산정하였다.",
            "서울지방국세청장은 세무조사 과정에서 원고와 양도인들이 위와 같이 주식교환거래를 함에 있어 에스케이텔레콤 주식의 1주당가액을 390,000원으로 정하여 거래한 것으로 보고, 1주당 390,000원으로 하여 산정되는 에스케이텔레콤 주식의 가액을 양도가액으로 하여 법인세 및 증권거래세의 각 과세표준과 세액을 산정하도록 피고에게 통보하였다.",
            "피고는 위 통보에 따라 2004. 11. 19. 원고에게 000 주식의 양도에 관하여 2000사업연도 법인세 56,287,035,870원, 농어촌특별세 4,719,782,250원 및 증권거래세 2000. 7월분 1,029,292,695원, 2000. 10월분 171,904,340원을 경정·부과하였다(이하, 위 각 부과처분을 ' 당초 처분' 이라고 한다).",
            "원고는 당초 처분에 불복하여 2005. 2. 4. 국세심판원에 심판청구를 하였고, 국세심판원은 2006. 11. 2.경 위 심판청구를 일부인용하는 결정을 하였는데, 그 취지는 아래와 같다.",
            "피고는 위 심판결정에 따라 2006. 11. 16. 당초 처분에 의하여 부과된 세액 중 법인세 46,272,146,399원, 농어촌특별세 3,689,294,865원, 증권거래세 2000. 7.분 675,362,425원, 2000. 10.분 110,055,481원 등을 각 감액경정하였다가 농어촌특별세에 관하여 3,555,949원을 다시 추징하였다.",
            "피고는 그 후 2006. 12. 12. 증권거래세 2000. 7.분에 관하여 78,611,28원을 증액경정하였다가 2006. 12. 28. 그 중 5,551,111원을 재감액경정하였다(결국 2000. 7.분 증권거래세는 602,302,252원이 감액경정되었다).",
            "차례의 위와 같은 처분을 거쳐 당초 처분 중 청구취지 기재 각 세액 부분이 잔존하게 되었다(당초 처분 중 감액되고 남은 청구취지 기재 각 세액의 부과처분을 각 세목별로 이 사건 법인세 처분, 이 사건 농어촌특별세 처분, 이 사건 증권거래세 처분’이라 한다).",
            "2000. 6. 6. 원고와 000 주식의 양도대가로 현금 30%와 000 주식 70%를 지급받는 조건을 선택한 양도자 사이에서는 000 주식을 1주당 40,000원, 000 주식의 가격을 390,000원으로 하여 주식교환비율을 1 : 9.75로 하고, 원고와 000주식의 양도대가로 현금 20%와 약속어음 80%를 지급받는 조건을 선택한 양도자 사이에서는 000 주식을 1주당 37,000원으로 하기로 합의하였다.",
            "2000. 6. 8. 소외 1과 000 그룹 측이 000 그룹과 000 그룹으로부터 경영권에 대한 보상명목으로 300억 원에 해당하는 000 주식을 1주당 390,000원으로 계산하여 76,923주를 넘겨받기로 하였다.",
            "2000. 7. 25.자 부속계약 체결시 000 주식을 1주당 390,000원으로 계산하여 양도자들이 부담할 손해배상액 중 31,500,300,000원을 내국인 주주에게 지급할 000 주식 80,770주를 차감하기로 하였다.",
            "2000. 6. 15. 계약시 양도인측 요구에 의하여 계약서 본문의 000 주식의 평가금액부분, 계약서 부록 중 000 주식의 양도대가의 총 현금평가금액을 삭제하였다. 000. 7. 25. 부속계약서에도 교환하는 000 주식 수와 000 주식수만 기재되어 있고 그 평가금액이 기재되어 있지 않다."
        ]
    },
    "dcss": {
        "courtDcss": [
            "법인이 보유하던 주식을 교환의 방식으로 양도하는 경우에는 다음과 같은 이유로 매매의 방식으로 양도하는 경우와는 법인세 과세표준을 달리한다고 보아야 한다.",
            "구 법인세법 제13조, 제14조 제1항, 제15조 제1항, 제3항, 제19조, 제41조 및 구 법인세법 시행령 제11조 제2호, 제19조 제2호, 제72조 제1항 제5호를 종합하면, 법인세의 과세표준은 당해 사업연도의 익금총액에서 손금총액을 공제한 금액인 당해사업연도의 소득이고, 법인의 순자산을 증가시키는 거래로 인하여 발생하는 수익은 익금이 되고 당해 자산의 양도 당시의 장부가액은 손금이 되는 것이다.",
            "자산을 매매로 양도하는 경우에는 양도자산의 양도가액이 익금이 되어 그 금액에서 손금인 양도자산의 양도 당시 장부가액을 공제한 금액이 과세표준이 된다고 할 것이다.",
            "자산을 교환을 통해 양도하는 경우에는 교환거래로 인하여 발생하는 수익인 익금은 양도자산의 양도가액이 아니라 교환으로 인하여 취득하는 자산의 취득 당시의 시가(객관적가치)라고 할 것이어서 교환으로 인하여 취득한 자산의 취득 당시 시가에서 양도자산의 양도 당시 장부가액을 공제한 금액이 법인세 과세표준이 된다고 보아야 한다.",
            "2000. 7. 25.자 부속계약이 원고와 양도인들 사이의 최종적인 계약인데, 위 부속계약은 양도인별로 계약조건이 다르므로 계약조건에 따라 양도인별 계약의 성격도 달라진다고 보아야 한다.",
            "그 중 000 주식의 양도대가로 현금(원화 및 달러화) 및 약속어음만을 지급받는 000와 원고 사이의 계약은 000 주식(경영권 프리미엄 포함)의 매매계약이라 할 것이다. ",
            "하지만, 현금 및 약속어음 외에 000 주식도 지급받는 나머지 양도인들과 원고 사이의 계약은 원고가 000 주식(경영권 프리미엄 포함)을 양수하는 대가로 그 양도인들에게 금전을 지급하는 외에 000 주식의 소유권을 이전하여 주는 내용이므로 원고가 금전의 보충지급을 약정한 교환계약으로 보아야 한다.",
            "따라서 원고가 000를 제외한 양도인들로부터 000 주식을 취득하는 대가로 지급한 000 주식의 양도가액은 그 대가로 취득한 000 주식의 취득 당시의 시가(경영권 프리미엄 포함)라고 할 것이다.",
            "구 법인세법 시행령 제68조 제1항 제3호에 따라, 법인이 주식을 양도하는 경우 양도대금이 청산된 날을 양도일로 보아야 할 것인바, 000 및 소외 1을 제외한 양도인들과 원고는 2000. 7. 26.에, 소외 1과 원고는 2000. 10. 5.에 각 000 주식 및 000 주식을 현실적으로 교환하였으므로 원고의 000 주식의 양도일 및 000 주식의 취득일은 2000. 7. 26.과 2000. 10. 5.이다.",
            "원고의 000 주식 양도와 관련한 법인세 및 농어촌특별세의 과세표준은 원고가 000를 제외한 양도인들에게000 주식을 양도하고 그 대가로 취득한 000 주식의 취득 당시의 시가를 기초로 산정하여야 한다.",
            "000 주식은 코스닥 시장에 등록된 주식이기는 하나 원고가 취득한 000 주식은 경영권 프리미엄이 포함된 것이므로 코스닥 시장의 거래가격을 그 시가로 볼 수는 없는바, 법인세법 시행령상 시가 라 함은 일반적이고 정상적인 거래에 의하여 형성된 객관적 교환가치를 의미하는 것으로, 증권거래소에 상장되지 않은 비상장주식이라도 위와 같은 객관적인 교환가치가 적정하게 반영된 정상적인 거래의 실례가 있으면 그 거래가격을 시가로 봄이 상당하다.",
            "원고가 취득한 한솔엠닷컴 주식의 시가도 위와 같은 방법으로 평가함이 타당하다고 할 것이다.",
            "원고는 2000. 7. 25.자 부속계약에 따라 같은 달 26. 000로부터 000 주식 4,159,686주를 1주당 32,845원으로 계산한 금액으로 매수하였다.",
            "위 가격은 경영권 프리미엄이 포함된 가격이고, 000 018 PCS가입자 수 등 자산실사 결과에 따라 산정된 가격인 점을 고려하면, 원고가 000로부터 매수한 000 주식의 1주당 가액인 32,845원은 경영권 프리미엄이 포함된 000 주식의 객관적인 교환가치가 적정하게 반영된 정상적인 거래가격이라 할 것이다.",
            "원고가 2000. 7. 26. 취득한 한솔엠닷컴 주식의 경영권 프리미엄이 포함된 시가는 1주당 32,845원으로 봄이 상당하다.",
            "또 원고는 000로부터 000 주식을 매수한 2000. 7. 26.로부터 2개월 가량 경과한 2000. 10. 5. 소외 1로부터 000 주식을 취득하였는데 그 사이에 경영권 프리미엄이 포함된 000 주식의 객관적 교환가치가 변동될 만한 특별한 사정이 있다고 보이지 아니하므로 2000. 10. 5. 당시의 000 주식의 경영권 프리미엄이 포함된 시가 역시 1주당 32,845원으로 봄이 상당하다.",
            "따라서 000 주식의 1주당 시가인 32,845원에 의하여 계산되는 양도인들의 000 주식 총 양도금액에서 현금(원화, 달러화, 약속어음금)결제분을 차감한 금액(별지2 참조)이 원고가 양도한 000 주식의 대가로 취득한 000 주식의 취득가액이므로 이 금액을 기준으로 하여 원고의 법인세 및 농어촌특별세 과세표준을 계산하여야 한다.",
            "원고의 정당한 2000사업연도 법인세액을 계산하면 별지3 기재와 같이 25,168,518,459원이 된다(원고가 신고·납부할 때 계산한 법인세액은 35,098,264,111원이고, 이 사건 법인세 처분에 의하여 피고가 최종적으로 계산한 법인세액은 45,113,153,585원이다).",
            "원고가 신고·납부한 2000사업연도 법인세 및 농어촌특별세는 정당한 세액을 초과하는데, 원고가 신고·납부한 세액이 정당한 세액에 미달한다고 보아 이루어진 이 사건 법인세 및 농어촌특별세 처분은 위법하므로 전부 취소되어야 한다(농어촌특별세는 법인세에 대한 부가세이므로 이 사건 법인세 처분이 위법한 이상 농어촌특별세의 과세표준 및 세액을 별도로 계산하지 않아도 이 사건 농어촌특별세 처분이 위법한 것은 자명하다). ",
            "과세처분 취소소송에 있어 심판범위는과세관청의 처분에 의하여 인정된 과세표준 및 세액의 객관적 존부이고 이는 증액경정처분을 다투는 경우에도 마찬가지라고 볼 것이고, 조세는 금전 급부를 원인으로 하고 세액은 하나의 과세단위에 관하여 불가분적으로 계산되는 것이므로 하나의 과세단위에 대한 세액계산에 관한 한 당초처분과 증액경정처분은 일체가 된다고 보아야 한다.",
            "위 규정은 당초처분과 증액경정처분 중 어느 처분에 불복이 있든지 간에 세액계산은 앞서와 같이 총액주의적 관점에서 하되 경정처분만 다투는 경우에는 정당한 세액이 확정된 당초처분에서 부과된 세액보다 적도라도 불가변력과 불가쟁력에 의하여 경정처분만을 취소할 수 있다는 취지라고 할 것인데, 원고는 증액경정처분인 이 사건 법인세 및 농어촌특별세 처분의 취소를 구하고 있으므로 피고의 주장은 이유 없다.",
            "000 주식 양도인들과 원고 사이의 계약 체결과정에서 단계별로 000 주식의 양도가액, 대금지급방법, 대금지급비율, 현금 대신 지급할 000 주식수 등을 조정하여 오다가 2000. 7. 25. 최종적으로 이를 확정하는 과정에서 000 주식과 000 주식의 교환기준을 정하기 위하여 000 주식 1주당 가격을 390,000원으로 산정한 것일 뿐 000 주식의 1주당 가액을 390,000원으로 구체적으로 약정한 것으로 볼 수 없다.",
            "또한 원고와 양도인들(000 제외) 사이에 000 주식의 2000. 7. 25.자 증권거래소 종가를 1주당 양도가액으로 정하기로 약정하였음을 인정할 아무런 증거도 없다.",
            "그러므로 원고의 000 주식의 양도는 그 양도가액을 알 수 없는 경우에 해당하는바, 그에 대한 정당한 증권거래세 과세표준은 구 증권거래세법 제7조 3호 단서, 구 증권거래세법 시행령 제4조 제1호에 따라 양도일 직전 거래일인 2000. 7. 25. 및 2000. 10. 4.의 000 주식의 증권거래소 종가에서 15%를 차감한 금액에 양도주식 수를 곱한 금액이다.",
            "원고는 위 라)항의 방법에 따라 산정한 증권거래세를 신고·납부하였는바, 그 신고·납부가 정당하다고 할 것이서 이를 초과한 이 사건 증권거래세 처분은 위법하므로 전부 취소되어야 한다."
        ]
    },
    "close": {
        "cnclsns": [
            "피고의 항소를 기각한다.",
            "항소비용은 피고가 부담한다."
        ]
    }
}