{
    "info": {
        "caseField": "3",
        "detailField": "5",
        "trailField": "2",
        "caseNm": "채무부존재확인",
        "courtNm": "서울고등법원",
        "judmnAdjuDe": "2009. 05. 13.",
        "caseNo": "2008누38027",
        "relateLaword": [
            "민사소송법 제420조",
            "행정소송법 제8조 "
        ],
        "qotatPrcdnt": []
    },
    "concerned": {
        "acusr": "1",
        "dedat": "2"
    },
    "org": {
        "orgJdgmnCourtNm": "서울행정법원",
        "orgJdgmnAdjuDe": "2008. 11. 19",
        "orgJdgmnCaseNo": "2008구합9249"
    },
    "disposal": {
        "disposalform": "10",
        "disposalcontent": [
            "피고의 항소를 기각한다."
        ]
    },
    "mentionedItems": {
        "rqestObjet": [
            "피고가 원고에 대하여 2007. 2. 6. 한 1,186,110원의 요양급여비용환수처분, 2007. 4. 13. 한 3,222,310원의 요양급여비용환수처분 중 결정번호  (생략 1)의 14,380원을 제외한 3,207,930원의 요양급여비용환수처분, 2008. 8. 11. 한 고지번호(생략 2)의 기타징수금 납부독촉고지 중 순번 1, 3번 해당 부분은 모두 무효임을 확인한다.",
            "2008. 9. 8. 한 고지번호  (생략 3)의 기타징수금 납부독촉고지중 순번 1, 3번 해당 부분, 고지번호  (생략 4)의 기타징수금 납부독촉고지 중 순번 1번 해당 부분 및 순번 3번 중 원금1,626,710원 해당 부분은 모두 무효임을 확인한다."
        ]
    },
    "assrs": {
        "acusrAssrs": [],
        "dedatAssrs": []
    },
    "facts": {
        "bsisFacts": [
            "이 법원이 이 판결에서 설시할 이유는, 제1심 판결문 제4면 제4, 5, 6행을 고쳐쓴다.",
            "“원고는 질병군으로 입원진료를 받은 수진자들의 경우요양급여비용에 포함하여 청구하여야 하는 약제비에 대하여 이를 별도로 원외처방전을 발행하여 약국에서 약제비를 청구하게하였는데, 이는 국민건강보험법 제52조 제1항이 규정한 ‘사위 기타 부당한 방법으로 보험급여비용을 받은 경우’에 해당되어부당이득으로 징수되어야 하므로, 피고의 이 사건 환수처분 및 이 사건 징수처분은 적법하다.”로 고쳐 쓴다. ",
            "이 외에는 제1심 판결이유와 같으므로 행정소송법 제8조 제2항, 민사소송법 제420조 본문에 기하여 이를 그대로 인용한다."
        ]
    },
    "dcss": {
        "courtDcss": [
            "그렇다면, 원고의 청구는 이유 있어 이를 인용할 것인바, 제1심 판결은 이와 결론을 같이하여 정당하므로 피고의 항소는 이유 없어이를 기각하기로 하여 주문과 같이 판결한다."
        ]
    },
    "close": {
        "cnclsns": [
            "피고의 항소를 기각한다.",
            "소비용은 피고가 부담한다."
        ]
    }
}