{
    "info": {
        "caseField": "3",
        "detailField": "5",
        "trailField": "1",
        "caseNm": "분양권거부처분취소",
        "courtNm": "서울행법",
        "judmnAdjuDe": "2009. 01. 09.",
        "caseNo": "2008구합32850",
        "relateLaword": [
            "도시 및 주거환경정비법 제19조",
            "도시 및 주거환경정비법 제48조",
            "도시 및 주거환경정비법 시행령 제52조 "
        ],
        "qotatPrcdnt": []
    },
    "concerned": {
        "acusr": "1",
        "dedat": "1"
    },
    "org": {
        "orgJdgmnCourtNm": "",
        "orgJdgmnAdjuDe": "",
        "orgJdgmnCaseNo": ""
    },
    "disposal": {
        "disposalform": "10",
        "disposalcontent": [
            "피고가 2008. 5. 16. 서울특별시 마포구청장으로부터 인가받은 관리처분계획 중 원고들을 공동분양대상자로 결정한 부분을 취소한다.",
            "소송비용은 피고가 부담한다."
        ]
    },
    "mentionedItems": {
        "rqestObjet": [
            "피고가 2008. 5. 16. 서울특별시 마포구청장으로부터 인가받은 관리처분계획 중 원고들을 공동분양대상자로 결정한 부분을 취소한다.",
            "소송비용은 피고가 부담한다."
        ]
    },
    "assrs": {
        "acusrAssrs": [
            "원고들은, 이 사건 건물이 이 사건 조례 부칙 제7조에서 정한 사실상의 다가구주택에 해당하므로, 원고들은 각자 단독분양대상자에 해당한다고 주장한다."
        ],
        "dedatAssrs": [
            "이에 대하여 피고는, 원고들이 이 사건 건물의 공유자이고 이 사건 건물의 건축허가는 1990. 4. 23.이어서 이 사건 조례 부칙 제7조에서 정한 사실상의 다가구주택에도 해당하지 아니하므로 원고들을 공동분양대상자로 본 이 사건 처분은 적법하다고 주장한다."
        ]
    },
    "facts": {
        "bsisFacts": [
            "피고는 도시 및 주거환경정비법(이하 '도정법'이라 한다)에 따라 정비구역으로 지정된 서울 마포구 (이하 생략)(이하 '이 사건 정비구역'이라 한다)에 대하여 주택재개발사업(이하 '이 사건 사업'이라 한다)을 하기 위하여 ",
            "서울특별시 마포구청장으로부터, 2006. 9. 1. 조합설립인가를 받은 정비사업조합이다. 그리고 원고들과 소외 1, 소외 2 등은 이 사건 정비구역 내에 위치한 서울 마포구 (이하 생략) 건물(이하 '이 사건 건물'이라 한다)의 공유지분권자이다.",
            "또 원고 1은 위 (이하 생략) 지분 소유자(나머지 지분은 국가 소유), 원고 2는 위 (이하 생략)의 소유자, 원고 3은 위 (이하 생략)의 소유자이다.",
            "원고들은 이 사건 건물을 사실상 각 구분소유하면서 주택으로 이용하고 있다는 이유로 피고에게 개별적으로 공동주택을 배정하여 줄 것을 신청하였다.",
            "그러나 피고는 원고들과 소외 1, 소외 2 등이 이 사건 건물의 공유자라 하여 서울특별시 도시 및 주거환경 정비조례(2008. 9. 30. 조례 제4686호로 개정되기 전의 것, 이하 '이 사건 조례'라 한다) 제24조 제2항 제3호를 적용하여 이들을 공동분양대상자로 하는 관리처분계획을 수립하여(이하 '이 사건 관리처분계획'이라 하고, ",
            "이 사건 관리처분계획에서 원고들의 단독 분양신청을 거부하고 원고들을 공동분양대상자로 결정한 부분을 '이 사건 처분'이라 한다), 2008. 5. 16. 서울특별시 마포구청장으로부터 인가를 받았다."
        ]
    },
    "dcss": {
        "courtDcss": [
            "갑 8, 10호증의 각 1, 2의 각 기재에 의하면, 이 사건 건물은 원고들 외 1인이 1990. 4. 10. 근린생활시설(지층, 1, 2층) 및 주택(3, 4층)으로 건축허가를 신청하여 1990. 4. 23. 마포구청장으로부터 건축허가를 받은 건물이다.",
            "이 사건 건물은 설계 및 건축 당시부터 주택 부분인 3, 4층이 각 2가구씩의 개별 주택으로 구성되어 원고들이 각 지분 비율에 따라 주택 각 1채씩 및 이 사건 건물의 나머지 부분을 사실상 구분소유하고 있는 사실을 인정할 수 있다.",
            "도정법령의 위임을 받아 주택재개발정비사업으로 건축되는 공동주택의 분양대상자에 대하여 정하고 있는 이 사건 조례는 \"하나의 주택 또는 한 필지의 토지를 수인이 소유하고 있는 경우 수인의 분양신청자를 1인의 분양대상자로 본다(제24조 제1항 제1호, 제2항 제3호 본문).",
            "다만 1997. 1. 15. 이전에 가구별로 지분 또는 구분소유등기를 필한 다가구주택(1990. 4. 21. 다가구주택제도 도입 이전에 단독주택으로 건축허가를 받아 지분 또는 ",
            "구분등기를 필한 사실상의 다가구주택을 포함한다)은 제24조 제2항 제3호의 규정에 불구하고, 다가구주택으로 건축허가 받은 가구수에 한하여 가구별 각각 1인을 분양대상자로 한다{부칙(2003. 12. 30.) 제7조}\"라고 규정하고 있다.",
            "따라서 주택의 공유자들이 공동분양대상자가 아닌 각각 1인의 분양대상자로 인정받기 위하여는 ",
            "1997. 1. 15. 이전에 가구별로 지분 또는 구분소유등기를 필한 다가구주택이거나 1990. 4. 21. 다가구주택제도 도입 이전에 단독주택으로 건축허가를 받아 지분 또는 구분등기를 필한 사실상의 다가구주택이어야 함이 원칙이다.",
            "그러나 아래에서 보는 바와 같은 여러 사정을 종합하면, 적어도 이 사건 건물과 같이 다가구주택제도 도입 이전에 건축허가 신청을 하여 가구별로 지분등기를 필한 주택의 경우에는 ",
            "이 사건 조례 부칙 제7조에서 정한 사실상의 다가구주택으로 보아 가구별로 각각 1인을 분양대상자로 보는 것이 이 사건 조례 부칙 제7조의 합리적이고도 형평에 부합하는 해석이라고 할 것이다.",
            "원래 다가구주택제도는 1990. 4. 21. 당시 건설부의 지침에 따라 도입된 것으로, 건축법 시행령이 1999. 4. 30. 대통령령 제16234호로 개정되어 별표 1 용도별 건축물의 종류 제1항 다호에 단독주택 중 하나로 다가구주택을 규정하기 전까지는 관계 법령에 다가구주택에 관한 규정이 없어 ",
            "일반 주민이 위 건설부의 지침만으로 단독주택과 다가구주택을 명확히 구별하여 건축허가를 신청하기 어려웠을 것으로 보인다.",
            "특히, 이 사건 건물은 다가구주택제도에 관한 당시 건설부의 지침이 있기 이전인 1990. 4. 10. 건축허가 신청이 있었던 관계로 ",
            "당시 원고들은 다가구주택이라는 건축허가의 내용을 전혀 예상할 수 없었고, 마포구청장이 이 사건 건물에 관한 건축허가 신청을 신속히 처리하였다면 1990. 4. 21. 이전에도 건축허가가 가능하였을 것으로 보여, ",
            "이러한 경우까지 1990. 4. 21. 이전에 단독주택으로 건축허가를 받은 것이 아니라고 하여 이 사건 조례 부칙 제7조에서 정한 사실상 다가구주택에 포함되지 않는다고 보는 것은 형평에 맞지 않는 결과가 됨이 분명하다.",
            "이 사건 조례 부칙 제7조의 입법 취지는, 사실상의 다가구주택의 각 가구가 다세대주택 등의 공동주택과 같이 구분소유되어 거래되는 현실을 반영하고자 1997. 1. 15.이라는 일정한 시점을 기준으로 설계 및 ",
            "건축 단계에서부터 실제로 공동주택 등과 같이 독립된 주거생활을 영위할 수 있는 구조를 갖추고 있고, 그에 상응한 지분등기 등을 통하여 독립적으로 거래되는 경우에 공동주택 등과 같이 취급하여 주택을 분양하겠다는 것임이 분명하다.",
            "그런데 이러한 입법 취지를 고려하면 1997. 1. 15. 이전에 다가구주택으로 건축허가를 받지 않았다고 하더라도 설계 및 건축 당시부터 여러 세대가 각각 독립적으로 거주할 수 있는 구조와 기능을 갖추고 있고 ",
            "이에 따른 지분등기가 되어 있는 주택의 경우 당시 건설부 지침에 따라 다가구주택으로 건축허가를 받지 않았다고 하더라도 다가구주택으로 건축허가를 받은 경우와 달리 취급할 특별한 이유를 찾을 수도 없다.",
            "따라서 이 사건 건물이 이 사건 조례 부칙 제7조에서 정한 1997. 1. 15. 이전에 가구별로 지분 또는 구분소유등기를 필한 사실상의 다가구주택에 해당되지 않는다는 이유로 원고들을 공동주택의 공동분양대상자로 정한 이 사건 처분은 위법하다.",
            "{뿐만 아니라 이 사건 조례 제24조 제1항 제3호에 의하면 분양신청자가 소유하고 있는 권리가액이 분양용 최소규모의 공동주택 1가구의 추산액 이상인 자를 단독분양대상자로 정하고 있는데, 원고들은 각 이 사건 정비구역 내 토지를 단독 소유하고 있고( 원고1은 국가와 공동소유하고 있어 이 사건 조례를 적용함에 있어서는 단독 소유라고 볼 수 있음), ",
            "각자의 권리추산액이 분양용 최소규모 공동주택 1가구의 추산액 이상인 것으로 보여 위 조항에 의해서도 원고들은 각 단독분양대상자가 될 수 있을 것으로 보인다.}"
        ]
    },
    "close": {
        "cnclsns": [
            "피고가 2008. 5. 16. 서울특별시 마포구청장으로부터 인가받은 관리처분계획 중 원고들을 공동분양대상자로 결정한 부분을 취소한다.",
            "소송비용은 피고가 부담한다."
        ]
    }
}