{
    "info": {
        "caseField": "3",
        "detailField": "5",
        "trailField": "1",
        "caseNm": "건축불허가처분취소",
        "courtNm": "창원지법",
        "judmnAdjuDe": "2009. 07. 02.",
        "caseNo": "2008구합3065",
        "relateLaword": [
            "건축법 제11조",
            "국토의 계획 및 이용에 관한 법률 제56조",
            "국토의 계획 및 이용에 관한 법률 제58조 ",
            "국토의 계획 및 이용에관한 법률 시행령 제51조",
            "국토의 계획 및 이용에관한 법률 시행령 제56조",
            "행정소송법 제27조"
        ],
        "qotatPrcdnt": [
            "창원지방법원 2006. 2. 9. 선고 2005구합676 판결",
            "부산고등법원2006. 12. 15. 선고 2006누1609 판결",
            "대법원 2007. 10. 11. 선고 2007두1316 판결",
            "대법원 2005. 7. 14. 선고 2004두6181 판결 ",
            "대법원 2003. 4. 25. 선고 2002두3201 판결 ",
            "대법원 2004. 10. 15. 선고 2003두6573 판결",
            "대법원 1996. 1. 26. 선고 95누5479 판결",
            "대법원 2005. 1. 14. 선고 2002두7234 판결"
        ]
    },
    "concerned": {
        "acusr": "2",
        "dedat": "1"
    },
    "org": {
        "orgJdgmnCourtNm": "",
        "orgJdgmnAdjuDe": "",
        "orgJdgmnCaseNo": ""
    },
    "disposal": {
        "disposalform": "10",
        "disposalcontent": [
            "피고가 2008. 11. 12. 원고에 대하여 한 0000 지상 롯데마트 창원중앙점 신축공사에 관한 건축불허가처분을 취소한다.",
            "소송비용은 피고가 부담한다."
        ]
    },
    "mentionedItems": {
        "rqestObjet": [
            "피고가 2008. 11. 12. 원고에 대하여 한 0000 지상 롯데마트 창원중앙점 신축공사에 관한 건축불허가처분을 취소한다.",
            "소송비용은 피고가 부담한다."
        ]
    },
    "assrs": {
        "acusrAssrs": [
            "원고는 다음의 사정을 들어 이 사건 처분은 법적 근거가 없거나 재량권을 일탈·남용한 것으로서 위법하다고 주장하며 그 취소를 구한다.",
            "이 사건 지하횡단보도의 설치에 별다른 장애사항이 없으므로, 교통영향평가의 조건부 사항의 이행이 가능하다. ",
            "1 이 사건 지하횡단보도의 설치가 예정된 부지는 도로로 개설되어 사용되는 시유지로서 용지확보계획 등 이 사건 지하횡단보도의 구체적인 설치조건은 원고가 일방적으로 정할 수 없고 피고와의 협의를 통해 정할 사항인데, 원고는 피고에게 이 사건 지하횡단보도의 설치에 관한 사업계획서를 제출하는 등 지속적으로 그 협의를 요청하였음에도, 이 사건 처분에 이르기까지 피고로부터 용지확보계획서 제출요구 또는 보완요구를 받은 바 없었다.",
            "2 0000의 장래 도시관리계획, 도시계획사업은 확정적으로 실행되는 것도 아니고, 이 사건 지하횡단보도는 0000의 장래 도시계획 및 도시교통정비중기계획 등에 저촉되지 않게 설치될 수 있으며, 000에서도 같은 이유로 이 사건 지하횡단보도의 설치를 조건으로 교통영향심의를 조건부 가결하였다.",
            "이 사건 지하횡단보도는 지하공공보도시설 규칙상 지하공공보도시설에서 제외되므로 도시관리계획의 입안 대상인 도시계획시설이 아니고, 피고 역시 도시계획시설이 아니라는 견해를 표명한 바 있는 등 그 설치를 위한 도시관리계획 입안제안은 요구되지 않는다.",
            "가사 이 사건 지하횡단보도의 설치에 도시관리계획 입안제안이 필요하다 하더라도, 피고가 원고에게 입안제안서 제출요구 또는 보완요구를 하지 않고 곧바로 이 사건 처분을 하는 것은 위법,부당하다.",
            "이 사건 건축물의 신축을 위한 교통영향평가는 이마트의 영업 중임을 고려하여 이루어진 것인데, 교통영향평가의 협의내용의 이행을 관리·감독하여야 할 피고 스스로 광장의 차선, 분리대 변경 및 이마트 사이도로 일방통행 지정 등으로 교통상황의 변화를 야기한 다음 이를 들어 이 사건 처분을 하는 것은 위법·부당하다.",
            "기존 보도 및 시설녹지의 일부 후퇴는 건축행위에 통상 수반되는 행위이고, 관리상의 분쟁 우려는 법령상의 허가기준이 아니며, 경고나 훼손 우려에 관한 합리적,구체적,객관적인 사유가 없다.",
            "이 사건 건축물의 설치로 인한 교통유발계수의 문제는 교통영향평가에서 이 사건 지하횡단보도 설치를 조건으로 별다른 문제가 없다고 검토되었다.",
            "대형할인점 입점시 도시의 균형발전 저해 우려, 영세상인 보호, 시민 다수의 의견은 법령상의 허가기준이 아니고, 그 사유가 추상적이다."
        ],
        "dedatAssrs": [
            "이에 대하여 피고는 다음과 같은 사정을 들어 이 사건 처분은 적법하다고 주장한다.",
            "이 사건 지하횡단보도의 설치가 불가능하므로, 교통영향평가의 조건이 이행될 수가 없다. ",
            "① 이 사건 지하횡단보도는 국토의 계획 및 이용에 관한 법률(2009. 2. 6. 법률 제9442호로 개정되기 전의 것, 이하 국토계획법 이라 한다) 소정의 기반시설이므로 이 사건 건축물의 건축(개발행위)을 하려는 원고로서는 국토계획법 제57조 제1항에 의하여 피고에게 이 사건 지하횡단보도의 설치계획서 또는 그에 필요한 용지확보계획을 제출하여야 함에도 이러한 절차를 거치지 않았다. ",
            "그리고, 이 사건 신청에 첨부된 토목설계도를 이 사건 지하횡단보도의 설치계획서 또는 용지확보계획서로 볼 수도 없으며, 피고는 이에 대하여 원고에게 제출요구 또는 보완요구할 의무가 없다. ② 이 사건 지하보도의 설치는 피고가 현재 추진 중인 도시관리계획 및 창원시 도시교통정비중기계획의 내용에 저촉되므로, 아직 확정되지 않은 도시계획을 내세워 이 사건 처분을 하더라도 재량권을 일탈·남용한 것으로 볼 수 없다.",
            "이 사건 지하횡단보도는 지하공공보도시설 규칙 소정의 지하공공보도시설로서 그 설치에는 도시관리계획결정이 필요하므로, 원고로서는 국토계획법 제26조 제1항에 의하여 피고에게 이 사건 지하횡단보도 설치에 관한 도시관리계획의 입안을 제안하여야 함에도 이러한 절차를 거치지 않았다.",
            "000로 인해 유발된 교통여건의 변화에 대응하기 위한 광장 차선, 분리대 변경, 이 사건 부지와 000와의 사이도로의 일방통행 지정과 같은 이 사건 처분 당시의 제반 여건을 고려하면, 이 사건 건축물의 신축은 주변 토지이용실태와 조화를 이루지 못하고 주변 교통소통에도 지장을 초래한다.",
            "그러므로, 국토계획법 제58조 제1항 제4호, 국토계획법 시행령(2009. 5. 13. 대통령령 제21488호로 개정되기 전의 것) 제56조 제1항 [별표 1의2]의 개발행위 허가기준에 위배되어 허용될 수 없다.",
            "기존 보도 및 시설녹지의 후퇴는 도시관리계획 내용의 변화를 가져오고, 향후 점유,관리의 잘못으로 인한 손해배상 등의 관리상 분쟁 발생이 예상되며, 도시관리계획에 지장을 초래하고, 주변 환경 또는 경관과 조화를 이루는 것이 아닌데다가, 주변 미관 훼손, 녹지축 절단 등을 야기하므로, 위 관계 규정의 개발행위 허가기준에 위배된다.",
            "교통유발계수가 높은 이 사건 건축물이 들어서면 좁은 지역에 교통량이 집중되어 주변의 교통소통에 지장을 초래하는 등 주변토지의 이용실태와 조화를 이루지 못하므로, 위 관계 규정의 개발행위 허가기준에 위배된다.",
            "이 사건 처분으로 달성되는 재래시장의 보호를 통한 도시의 균형발전, 영세상인 보호 등의 공공의 이익이 이 사건 처분으로 입게 될 원고의 불이익보다 크다."
        ]
    },
    "facts": {
        "bsisFacts": [
            "원고는 0000(이하 '이 사건 부지' 라 한다) 지상에 지상 7층 지하 2층 연면적 55,336.43㎡ 규모의 000 (이하 '이 사건 건축물' 이라 한다)을 신축하기 위하여 교통영향평가 등의 절차를 거친 후 2008. 10. 27. 피고에게 이 사건 건축물에 관한 구조안전확인서, 건축계획서, 배치도, 평면도, 단면도 등의 설계도서 및 지하보도 000-백화점 설치공사 토목설계도 등을 첨부한",
            "건축허가신청서를 제출(이하 '이 사건 신청' 이라 한다)하였다.",
            "이에 대하여 피고는 2008. 11. 12. 원고에게 다음과 같은 사유를 들어 이 사건 신청을 불허가하였다(이하 '이 사건 처'분 이라한다).",
            "교통영향평가상의 조건부 사항인 '사업지 남측 중앙로에 지하횡단보도(장애자 등 교통약자 시설 포함, 이하 '이 사건 지하횡단보도' 라 한다)를 개설하고 개설조건 등은 0000와 협의할 것' 의 사항 이행 불가 [처분사유 (1)[ . 지하횡단보도 개설을 위하여 당해 개발행위(건축물의 건축)에 따른 기반시설의 설치 또는 그에 필요한 용지확보계획서를 제출하여야 하고 용지확보계획이 적정하여야 하나, 용지확보계획서 미제출. ",
            "상기 조건부사항(지하횡단보도 개설)이 도시관리계획의 내용에 배치되지 아니하여야 하나, 동 지점의 지하횡단보도 개설은 0000 장래 도시관리계획과 배치됨. 동 지점의 지하황단보도 개설이 도시계획사업의 시행에 지장이 없어야 하나, 동 지점의 지하횡단보도 개설은 0000 장래 도시계획사업에의 지장이 초래됨.",
            "0000 도시교통정비중기계획상 교통영향평가상의 지하횡단보도 개설 지점에 지하차도가 계획되어있고, 현재 광장 지하 남북방향 및 동서방향의 지하차도 타당성 용역시행 중에 있으므로, 동 지점의 지하횡단보도 개설은 0000 도시교통정비중기계획과 부합되지 않음.",
            "지하횡단보도는 지하공공보도시설의 결정 및 설치기준에 관한 규칙(이하 '지하공공보도시설 규칙' 이라 한다)에 의한 지하공공보도시설에 해당되고, 이는 도시기반시설로서 도시관리계획 입안의 제안 등의 절차를 거쳐 도시관리계획으로 결정되어야 하나, 입안제안서 미제출[처분사유 (2)].",
            "광장의 차선, 분리대 변경 등으로 대지주변 여건이 교통영향평가 당시의 주변 여건과 상이하고, 이마트와의 사이도로 또한 일방통행 지정 시행으로 광장변으로의 진입이 불가함 [처분사유 (3]) .",
            "기존 보도 및 시설녹지의 후퇴시 관리상의 분쟁 및 광장라인 등 경관훼손이 발생하므로 보도 및 녹지부분의 후퇴가 불가함 [처분사유 (4)] .",
            "타 용도에 비하여 시설물의 교통유발계수가 가장 큰 용도의 건축물은 부적합함 [처분사유 (5)] .",
            "대형할인점 입점시 창원시의 재래시장 보호 등 균형발전을 통한 공통번영의 추구 저해와 적정한 기능배분 저해로 도시의 지속 가능하고 균형잇는 발전의 침해가 우려됨 [처분사유 (6)] .",
            "영세 상인보호, 시민 다수의 의견, 시민의 대표인 시의회의 이 사건 건축물 건립 반대 결의안 채택 등 공공의 이익에도 부합하지 않음 [처분사유 (7)[ .",
            "원고는 이 사건 건축심의 신청이 최초 반려된 2004. 8.경 이래 2005. 5.경까지 수회에 걸쳐 피고와 이 사건 지하횡단보도의 설치를 위한 협의를 요청해 왔고, 특히 2005. 2.경 이 사건 지하횡단보도의 설치에 관한 구체적인 사업계획서를 제출하여 피고에게 검토를 촉구하는 등 그 설치를 제안하였으며, 이 사건 신청 당시에도 건축허가신청서에 지하보도 000-백화점 설치공사 토목설계도 를 첨부하여 제출하였다.",
            "위 사업계획서에는 사업개요, 주변 현황 및 사업의 목적, 사업 효과, 공사방법, 공사기간, 지하매설물에 대한 안전대책, 시공계획서, 공사유의사항 및 대책수립방안, 원상회복 방법 등의 사항이 구체적으로 기재되어 있다.",
            "원고는 이 사건 건축물의 건축을 기대하고 2000년경 0000 중심상업지구인 이 사건 부지를 막대한 자금을 투자하여 구입한 다음 2001년경부터 이 사건 건축물 신축을 위한 교통영향평가 신청 등의 행정절차를 밟기 시작하였다."
        ]
    },
    "dcss": {
        "courtDcss": [
            "그런데, 건축허가권자는 건축허가신청이 건축법, 국토계획법 등 관계 법령에서 정하는 어떠한 제한에 배치되지 않는 이상 당연히 그 관계 법규에 따라 건축허가를 하여야 하고, 중대한 공익상의 필요가 없음에도 불구하고 요건을 갖춘 자에 대한 허가를 관계 법령에서 정하는 제한 사유 이외의 사유를 들어 거부할 수는 없다(대법원 2003. 4. 25. 선고 2002두3201 판결 등 참조).",
            "또한, 건축허가권자가 건축불허가처분을 하면서 든 불허가처분 사유가 그 보완이 가능한 경우, 보완을 요구하지 아니한 채 곧바로 건축허가신청을 거부한 것은 재량권의 범위를 벗어난 것이어서 위법하다(대법원 2004. 10. 15. 선고 2003두6573 판결 참조).",
            "건축하려는 건물의 규모보다 부대시설에 관한 사업계획서가 그다지 복잡한 것으로 예상되지 아니하는 경우 행정청으로서는 일응 위 미제출 사업계획서를 보완하도록 요청한 다음 허가 여부를 판단함이 상당하고, 위 보완요청이 없이 막바로 한 건축허가신청반려처분은 그 점에서 재량권을 남용,일탈하여 위법하다(대법원 1996. 1. 26. 선고 95누5479 판결 참조).",
            "한편, 교통영향평가 및 심의의 대상이 되는 사업 또는 시설에 대한 교통영향평가심의결과의 이행 또는 실현 가능 여부는 당해시설의 건축허가를 함에 있어서도 당연히 검토되어야 하고, 여기에서의 교통영향평가심의결과의 이행 또는 실현가능 여부는 당해 시설의 건축허가 여부를 결정할 당시를 기준으로 판단하여야 한다( 대법원 2005. 1. 14. 선고 2002두7234 판결 참조).",
            "비록 이 사건 건축물의 건축허가를 위하여 이 사건 신청 단계에서 이 사건 지하횡단보도 설치에 필요한 용지확보계획서가 제출되어야 한다 하더라도, 피고가 원고에게 이 사건 지하횡단보도에 관한 설치계획서 또는 용지확보계획서의 제출을 요구하지 아니한 채 곧바로 이 사건 신청을 불허가한 것은 재량권의 범위를 벗어난 것이어서 위법하다.",
            "관계 법령에 의하여 거기에 지하횡단보도 설치가 가능하다면, 그 용지확보나 구체적인 설치방법에 관하여는 이 사건 건축허가 단계에서는 물론 그 후로도 원고와 피고 등 관계 행정청과 사이에 충분한 협의나 행정절차를 통하여 그 해결책을 강구할 수 있을 것으로 보인다.",
            "그런데 위와 같은 사정하에서 피고는 그동안 원고에게 위 사업계획서 등을 협의, 보완하도록 한 바가 없음은 물론, 이와 별도로 이 사건 신청 후 이 사건 지하횡단보도의 설치계획서나 그 용지확보계획서를 제출하도록 요청한 바가 전혀 없었다.",
            "또한, 원고가 위 사업계획서 등을 이미 제출하고 있는 마당에 위 용지확보계획서 제출 자체는 쉽게 보완이 가능한 것으로 보인다. ",
            "더욱이, 이 사건 신청까지의 일련의 과정에 비추어, 이 사건 신청에 첨부된 토목설계도 등 건축허가신청서류만을 가지고는 이 사건 지하횡단보도의 설치 또는 그에 필요한 용지의 확보계획의 적정 여부를 결정하는 것은 적절하지 않은 것으로 보인다.",
            "피고 주장과 같이 이 사건 지하횡단보도의 설치에 필요한 용지확보계획서가 굳이 제출되어야만 이 사건 신청이 개발행위허가기준에 적합한지 판단할 수 있는 것이라면, 이러한 입장에 있는 피고로서는 의당 원고에게 위 계획서를 추가 제출토록 하여 이를 협의 검토한 다음 이 사건 신청의 허가 여부를 결정함이 마땅하다.",
            "피고 역시 경상남도지사로부터 통보받은 위 교통영향평가 협의내용에 대한 이의를 신청하지 않았다.",
            "이 사건 지하횡단보도 부지 부분에 대한 지하차도 설치 관련 사항은 기존 0000 교통정비중기계획과 다르지 않았다.",
            "그런데 뒤에서 보는 바와 같이 아직 확정되지 않은 장래의 도시계획을 내세워 이 사건 처분을 할 정도의 공익상 필요 등의 사정을 찾을 수 없다.",
            "따라서 피고의 이 부분 처분사유상의 사정만으로는 이 사건 지하횡단보도의 설치 이행이 불가하다고 할 수 없는 것인 만큼, 처분사유 (1)은 적법한 처분사유가 되지 못하므로, 이에 관한 원고의 주장은 이유 있고, 피고의 주장은 이유 없다.",
            "이 사건 지하횡단보도시설이 도시관리계획으로 결정되어야 하는 기반시설에 해당한다 하더라도, 위 (1)항의 법리에다가 위 다.항 인정 사실 및 이 사건 변론에서 알 수 있는 아래 1 내지 4의 사정을 대비해 보면, 그 도시관리계획 결정에 반드시 원고의 도시관리계획 입안제안이 요구되는 것은 아니므로, 피고가 이 사건 지하횡단보도에 관한 입안제안서 미제출을 들어 이 사건 신청을 불허가한 것은 재량의 범위를 벗어난 것이어서 위법하다.",
            "한편, 피고는 경상남도지사로부터 교통영향평가 협의내용의 조건인 이 사건 지하횡단보도의 설치에 관한 사항을 통보받고 이의를 제기한 바도 없어, 원고의 사업계획에 그 협의내용을 반영하도록 하고 원고의 협의내용 이행을 관리·감독할 지위에 있음(교통영향평가법 제20조 제4항, 제21조 제1항, 제26조 제1항, 제3항 참조)은 물론, 이에 관한 도시관리계획의 입안권자로서 그 스스로 입안 여부를 결정할 수 있는 위치에 있다.",
            "위와 같은 사정하에서 피고가 이 사건 건축허가 단계에서 이 사건 지하횡단보도에 관한 도시관리계획 및 그 입안 타당성 여부를 검토하기 위하여 원고의 입안제안서 제출이 필요한 입장이라면, 이 사건 신청 후라도 원고에게 입안제안서의 제출을 요청하면 될 터인데도, 이 사건 처분에 이르기까지 원고에게 위 도시관리계획 입안제안서 제출을 요청한 바가 전혀 없었다.",
            "국토계획법 제58조 제4호 규정에 의한 주변환경 및 경관과의 조화 여부는 국토계획법 시행령 제56조 제1항 [별표 1의2]의 기준을 종합하여 보더라도, 그 기준 내용에 비추어 이를 판단하는 행정청의 주관적, 행정편의적 입장에 따라 자의적으로 해석될 여지가 많은 부분으로서, 행정청으로서는 위 규정을 근거로 개발행위허가를 거부하기 위하여는 합리적이고 구체적, 객관적사유를 제시하여야 한다.",
            "그러한 사유 없이 단지 추상적으로 위 규정에만 근거하여 주변 환경 또는 경관과 조화를 이루지 않는다는 이유로 개발행위허가를 거부할 수는 없다.",
            "통상 Set-Back은 건물 신축에 있어 건물에 인접한 대지 부분에 새로이 도로가 생기는 결과 기존의 도로가 확장됨에 따른 것인 점, 이 사건 건축물의 신축으로 인한 기존 보도 및 시설녹지의 후퇴(이하 '이 사건 Set-Back' 이라 한다)는 교통영향평가에서 Set-Back의 구간, 폭, 위치 등의 구체적인 사항들이 심의·의결되어 그 협의내용이 원고 및 피고에게 통보되었다.",
            "이 사건 건축물 자체가 주변의 미관을 훼손하거나 주변 건축물과 조화를 이루지 못한다고 볼 수는 없는 점 등을 종합하여 보면, 이 부분 처분사유는 이 사건 Set-Back으로 인해 주변 환경 및 경관과 어떠한 부조화를 이루고 있는지에 관하여 구체성, 명확성을 띠고 있다고 보기 어렵다.",
            "거기에다가 처분사유 (3), (5)를 함께 고려하더라도, 피고 주장과 같이 이 사건 신청이 국토계획법 제58조 제1항, 국토계획법 시행령 제56조 제1항 [별표 1의 2]의 개발행위 허가기준에 저촉된다고 할 수 없으며, 이러한 처분사유상의 사정이나 이 사건 Set-Back으로 인한 향후 관리상의 분쟁 우려 등을 들어 이 사건 건축허가를 제한할 만한 중대한 공익상의 필요가 있다고 보아줄 수도 없다.",
            "따라서 피고의 이 부분 처분사유, 즉 처분사유(4)도 적법한 처분사유가 되지 못하므로, 이에 관한 원고의 주장은 이유 있고, 피고의 주장은 이유 없다.",
            "개발행위허가신청이 관계 법령의 제한 사유에 저촉되지 않는 한, 개발행위허가가 아무리 재량행위적 성격을 띠고 있다 하더라도 그 재량의 범위는 축소될 수밖에 없고, 특히 다른 중대한 공익적 필요가 없는 한, 그 개발행위가 행정청이 지향하는 도시행정 또는 도시계획의 일반적인 목적에 배치된다거나, 이로 인하여 시민들의 집단민원 발생이나 영세상인의 도산우려가 있는등 사유만으로는 개발행위허가를 제한할 수 없다.",
            "이 사건 건축허가가 이루어짐으로써 대형할인판매점이 들어설 경우 비록 0000의 일부 재래시장,중소상인들의 영업에 지장을 초래할 수도 있으나, 일반 0000시민의 입장에서는 상품 선택의 폭이 넓어지고, 인근 대형할인점 사이의 가격 및 서비스 경쟁을 통한 구매이익을 볼 수 있는 등 삶이 질이 향상되므로, 단지 재래시장 및 영세상인 보호라는 명분만으로는 이 사건 건축허가를 제한할 중대한 공익상의 필요가 있는 것으로 보기 부족하다.",
            "시민 다수의 의견, 시의회의 이 사건 건축물 건립 반대 결의안 등의 사유는 이 사건 건축물의 건축으로 어떤 구체적인 공익의 침해나 그 우려가 없는 한 이 자체만으로는 그 건축허가를 제한할 수 있는 공익상의 필요에 해당한다고 볼 수 없다.",
            "이 사건 건축물은 대형할인판매점으로서 기본적으로 주민들의 어떤 환경적 이익을 침해하거나 생활상의 불편을 주는 시설이 아니므로, 그 건축에 반대하는 여론이 일부 형성되어 있다는 사정만으로는 이 사건 건축을 제한할 수는 없다.",
            "그로부터 2009년 현재에 이르기까지 이 사건 부지를 전혀 활용하지 못하고 있는 점 등을 종합하여 보면, 이 부분 처분사유만으로는 이 사건 신청을 불허할 중대한 공익상 필요가 있다고 보기 어렵고, 달리 그렇게 보아줄 만한 충분한 사정이나 증거자료가 없다.",
            "따라서 피고의 이 부분 처분사유, 즉 처분사유 (6), (7) 역시 적법한 처분사유가 될 수 없음이 분명하므로, 이에 관한 원고의 주장은 이유 있고, 피고의 주장은 이유 없다."
        ]
    },
    "close": {
        "cnclsns": [
            "피고가 2008. 11. 12. 원고에 대하여 한 창원시 중앙동 92 지상 000 창원중앙점 신축공사에 관한 건축불허가처분을 취소한다.",
            "소송비용은 피고가 부담한다."
        ]
    }
}