{
    "info": {
        "caseField": "3",
        "detailField": "5",
        "trailField": "1",
        "caseNm": "양도소득세경정처분취소",
        "courtNm": "서울행정법원",
        "judmnAdjuDe": "2008. 11. 10.",
        "caseNo": "2008구단7062",
        "relateLaword": [
            "소득세법 제89조",
            "소득세법 시행령 제155조"
        ],
        "qotatPrcdnt": []
    },
    "concerned": {
        "acusr": "1",
        "dedat": "3"
    },
    "org": {
        "orgJdgmnCourtNm": "",
        "orgJdgmnAdjuDe": "",
        "orgJdgmnCaseNo": ""
    },
    "disposal": {
        "disposalform": "10",
        "disposalcontent": [
            "조합원입주권이 아닌 주택에 해당하는 이사건 아파트를 양도한 이 사건에는 적용될 수 없다. 그렇다면, 이 사건 아파트의 양도에 대하여 1세대 1주택의 비과세특례규정을 적용할 수 없다고 하여 한 피고의 이 사건 처분은적법하고 원고의 주장은 이유 없다. 원고의 청구를 기각한다.",
            "소송비용은 원고가 부담한다."
        ]
    },
    "mentionedItems": {
        "rqestObjet": [
            "피고가 2007. 6. 29. 원고에게 한 2006년도 귀속 양도소득세 75,206,210원에 대한 경정거부처분을 취소한다."
        ]
    },
    "assrs": {
        "acusrAssrs": [
            "2005. 5. 31. 대통령령 제18850호로 개정되기 전의 소득세법 시행령 제155조 제16항에서는 재건축아파트의 경우 '사업시행인가일' 현재 1세대 1주택에 해당하던 주택에 대한 분양권은 1세대 1주택으로 보아 양도소득세를 비과세한다고 규정하고 있었고 소외인이 취득한 아파트는 2005. 5. 17. 사업시행인가 되어 이 사건 분양권은 1세대 1주택으로 취급될 것이었다.",
            "그런데, 2005. 5. 31. 대통령령 제18850호로 소득세법 시행령이 제155조 제16항이 개정되어 재건축 아파트의 1세대 1주택 여부 판정 시점이 '관리처분계획의 인가일' 로 변경되었으나 위 개정 시행령 부칙 제4항에 의하여 재건축 조합원에 대한 1세대 1주택의 특례적용에 관하여는 개정 시행령 155조를 적용하지 아니하고 개정전 시행령 155조를 적용하도록 하고 있다.",
            "그러므로, 이 사건 분양권은 소득세법 제89조 제2항에서 규정한 주택으로 간주되는 조합원입주권에 해당하지 아니한다. 그렇다면, 1세대가 이 사건 주택을 보유하다가 양도한 것이어서 1세대 1주택의 비과세특례규정을 적용하여야 함에도 이와 달리 보고 한 피고의 이 사건 처분은 위법하다."
        ],
        "dedatAssrs": []
    },
    "facts": {
        "bsisFacts": [
            "원고는 1997. 1. 27. 봉천 7,1구역 재개발조합의 조합원으로서 아파트분양권을 취득하였고 그에 따라 재개발조합과 서울 관악구 ㅇㅇ동(지번 1 및 아파트 동호수 생략)에 대한 분양계약을 체결한 후 1999. 12. 18. 이 사건 아파트를 취득하여 거주하였다.",
            "원고의 처인 소외인은 2002. 9. 16. 0000 (지번 2 및 아파트 동호수 생략)을 취득하였는데, 위 아파트가 속한 주택단지에 대하여 재건축사업이 진행되어 2005. 5. 17. 사업시행계획이 인가되고 2006. 1. 25. 관리처분계획이 인가되어 재건축아파트분양권(이하, '이 사건 분양권' 이라고 한다)을 취득하였다.",
            "그러던 중 원고는 2006. 12. 11. 이 사건 아파트를 매매대금 5억 9,100만원에 양도한 후 2007. 1. 23. 피고에게 이 사건 아파트의 양도가액 및 취득가액을 실지거래가액인 5억 9,100만원 및 267,370,510원으로 하였다. ",
            "이 사건 분양권이 소득세법 제89조 제2항에서 주택으로 간주하는 조합원입주권에 해당하여 1세대 1주택의 비과세특례규정이 적용되지 않는 것으로 보고 양도소득세를 75,206,210원으로 산출하여 양도소득과세표준 예정신고를 한 후 이에 따른 양도소득세 75,206,210원을 자진납부하였다.",
            "그 후 원고는 1세대 1주택의 비과세특례규정을 적용받아야 한다고 주장하며 2007. 6. 12. 위와 같이 납부한 양도소득세 75,206,210원의 환급을 구하는 내용의 경정청구를 하였다.",
            "이에 대하여 피고는 이 사건 분양권이 소득세법 제89조 제2항에서 주택으로 간주하는 조합원입주권에 해당하여 1세대가 주택과 조합원입주권을 보유하다가 주택을 양도한 경우이므로 소득세법 제89조 제2항에 따라 1세대 1주택의 비과세특례규정이 적용되지 않는다는 이유로 2007. 6. 29. 경정을 거부하는 이 사건 처분을 하였다."
        ]
    },
    "dcss": {
        "courtDcss": [
            "소득세법에서는 일정한 요건을 구비한 1세대 1주택이 양도되는 경우에는 양도소득세를 비과세하는 특례규정을 두고 있다.",
            "그런데 종래에는 재개발 또는 재건축으로 인한 조합원입주권은 주택으로 취급되지 않았기 때문에 1세대가 보유한 주택의 수를 계산함에 있어 조합원입주권의 수는 고려되지 않았으나, 2005. 12. 31. 법률 제7837호로 소득세법 제89조 제2항(이하 '이 사건 조항' 이라고 한다)이 신설되고 2006. 1. 1.부터 시행됨으로써 조합원입주권도 주택으로 간주되게 되었다.",
            "그리하여 이 사건 조항에 따라 1세대가 주택과 조합원입주권을 겸하여 보유하다가 주택을 양도하는 경우에는 조합원입주권을 주택으로 보아 1세대 1주택의 비과세특례규정을 적용하지 않게 되었다.",
            "한편, 법률 제7837호 부칙 제12조 제1항에서는, 이 사건 조항은 2006년 1월 1일 이후 관리처분계획이 인가된 조합원입주권에 대하여 적용된다고 규정하고 있는데, 이는 이 사건 조항의 시행일 이전에 관리처분계획이 인가된 조합원입주권을 취득한 자에 대하여는 소급하여 이 사건 조항을 적용하지 않겠다는 취지로 해석된다.",
            "앞서 본 바와 같이 소외인이 아파트를 보유하고 있던 중 2006. 1. 25. 관리처분계획이 인가됨으로 인해 이 사건 분양권을 취득하였다.",
            "그렇다면, 이 사건 분양권은 2006. 1. 1. 이후에 관리처분계획이 인가된 것이므로 이 사건 조항에 따라 1세대 1주택의 특례규정을 적용함에 있어 주택으로 간주되게 되었다.",
            "따라서, 원고 등 1세대는 이 사건 아파트와 주택으로 간주되는 이 사건 분양권을 보유하다가 이 사건 아파트를 양도한 것이므로 1세대 1주택의 비과세특례규정이 적용될 수 없다.",
            "원고가 이 사건 주택의 양도에 대하여 적용해야 한다고 주장하는 2005. 5. 31. 대통령령 제18850호로 개정되기 전 또는 개정된 소득세법 시행령 제155조 제16항은, 주택을 보유하지 않은 1세대가 조합원입주권을 양도하는 경우 일정한 요건 하에 1세대 1주택의 비과세특례규정을 적용하여 양도소득세를 과세하지 않겠다는 규정이므로, 조합원입주권이 아닌 주택에 해당하는 이 사건 아파트를 양도한 이 사건에는 적용될 수 없다.",
            "그렇다면, 이 사건 아파트의 양도에 대하여 1세대 1주택의 비과세특례규정을 적용할 수 없다고 하여 한 피고의 이 사건 처분은 적법하고 원고의 주장은 이유 없다."
        ]
    },
    "close": {
        "cnclsns": [
            "그렇다면, 이 사건 처분의 취소를 구하는 원고의 주장은 받아들일 수 없어 기각한다. "
        ]
    }
}