{
    "info": {
        "caseField": "3",
        "detailField": "5",
        "trailField": "2",
        "caseNm": "집단에너지 사업허가처분 취소",
        "courtNm": "서울고등법원",
        "judmnAdjuDe": "2010. 08. 19.",
        "caseNo": "2008누32609,2008누32616(병합)",
        "relateLaword": [
            "환경,교통,재해등에관한영향평가법(2008. 3. 28. 법률 제9037호로 개정되기 전의 것) 제24조",
            "행정절차법 제46조 ",
            "집단에너지사업법 제5조",
            "집단에너지사업법(2010. 1. 18. 법률 제9933호로 개정되기 전의 것) 제9조",
            "집단에너지사업법 제16조",
            "집단에너지사업법 제15조",
            "집단에너지사업법 제55조",
            "환경,교통,재해등에관한영향평가법 제4조",
            "집단에너지사업법 시행령 제2조",
            "집단에너지사업법 제1조",
            "신에너지 및 재생에너지 개발,이용,보급 촉진법 제2조",
            "집단에너지사업법 제4조",
            "행정소송법 제22조",
            "행정소송법 제8조",
            "민사소송법 제235조",
            "행정소송법 제20조 "
        ],
        "qotatPrcdnt": [
            "대법원 1991. 6. 25.선고 91다1134 판결",
            "대법원 1995. 3. 28. 선고 94므1447 판결 ",
            "대법원 2010. 4. 29. 선고 2009두17797 판결\n",
            "대법원 2007. 6. 14. 선고 2004두619 판결",
            "대법원 1999. 11. 26. 선고 99두9407 판결"
        ]
    },
    "concerned": {
        "acusr": "2",
        "dedat": "3"
    },
    "org": {
        "orgJdgmnCourtNm": "서울행정법원 ",
        "orgJdgmnAdjuDe": "2008. 10. 22.",
        "orgJdgmnCaseNo": "2007구합39298, 2008구합16049(병합) "
    },
    "disposal": {
        "disposalform": "10",
        "disposalcontent": [
            "원고들이 당심에서 추가한 각 청구를 포함하여 제1심 판결 중 원고들에 대한 부분을 아래와 같이 변경한다.",
            "이 사건 소 중 피고가 한국지역난방공사에 대하여 2006. 1. 11. 한 집단에너지사업허가에 관한 원고들의 주위적 청구부분과 예비적 청구부분, 피고가 한국지역난방공사에 대하여 2008. 8. 19. 한 집단에너지사업변경허가에 관한 원고들의 예비적 청구부분을 모두 각하한다.",
            "피고가 한국지역난방공사에 대하여 한 2008. 8. 19.자 집단에너지사업변경허가에 관한 원고들의 주위적 청구를 모두 기각한다.",
            "소송총비용은 원고들이 부담한다."
        ]
    },
    "mentionedItems": {
        "rqestObjet": [
            "제1심 판결 중 원고들에 대한 부분을 취소한다.",
            "주위적으로, 피고가 한국지역난방공사에 대하여 2006. 1.11. 한 집단에너지사업허가와 2008. 8. 19. 한 집단에너지사업변경허가가 각 무효임을 확인한다.",
            "예비적으로, 피고가 한국지역난방공사에 대하여 2006. 1. 11. 한 집단에너지사업허가와 2008. 8. 19. 한 집단에너지사업 변경허가를 각 취소한다.",
            "(원고들은 당초 2006. 1. 11.자 집단에너지사업허가의 취소만을 구하였다가, 당심에 이르러 이를 예비적 청구의 하나로 하고 위 주위적 청구를 추가하는 한편, 2008. 8. 19.자 집단에너지사업변경허가의 취소를 다른 하나의 예비적 청구로 추가하였다)."
        ]
    },
    "assrs": {
        "acusrAssrs": [
            "원고들은 이 사건 각 변경허가에 아래와 같은 하자가 있다고 주장한다. 주위적 주장: 주위적으로는, 이러한 하자가 중대하고도 명백하여 이 사건 각 변경허가가 당연무효이고, 예비적으로는, 이 사건 각 변경허가가 위법하여 취소되어야 한다고 주장한다.",
            "000는 교하 택지개발사업 일부로 건설되므로 전체적으로 보면 환경영향평가의 대상이고, 그 발전용량이 당초 200MW로 계획되었다가 350MW로 증가되어 이 사건 당초 허가를 받은 후 다시 515MW로 증가되는 이 사건 제1차 변경허가를 받았는데, 발전용량이 위와 같이 증가할 때마다 환경오염물질 배출량이 30% 이상 증가하였음이 명백하다.",
            "환경·교통·재해등에관한영향평가법(2008. 3. 28. 법률 제9037호로 개정되기 전의 것) 제24조에 의하여 파주 열병합발전소의 발전용량증가가 변경협의의 대상임에도 불구하고, 피고는 이 사건 제1차 변경허가 당시 변경협의 절차를 밟지 아니하였다.",
            "파주 집단에너지사업은 행정적 차원에서 추진되는 일종의 계획으로서 많은 국민의 환경권과 생명·신체의 안전성을 중대하게 침해하여 생활에 큰 영향을 주는 사항일 뿐만 아니라 많은 국민의 이해가 상충하고 있어 널리 국민의 의견수렴이 필요한 사항임이 명백하여 행정절차법 제46조 제1항 소정의 행정예고 대상에 해당한다.",
            "파주 집단에너지사업의 허가권자인 피고로서는 이 사건 제1차 변경허가 전에 반드시 행정예고 절차를 거쳐야 할 뿐만 아니라, 집단에너지사업법 제5조 제2항은 피고가 집단에너지 공급대상지역을 지정한 후 협의한 사항을 변경하고자 할 때에 공급대상지역 지정의 주요내용을 공고하여 해당지역 주민 등 이해관계인 등의 의견을 듣도록 규정하고 있음에도, 피고가 행정절차법과 집단에너지사업법 소정의 인근 주민 등 이해관계인의 의견수렴 절차를 전혀 거치지 아니하였다.",
            "000는 용량이 당초에 비해 크게 증가하여 그 규모가 다른 발전소보다 월등히 더 커서, 연료로 천연가스(LNG)를 사용하더라도 연소과정에서 각종 분진(PM,10, 미세먼지), 이산화질소(NO₂) 및 이산화황(아황산가스, SO₂)이 배출되고 질소산화물(NOx)이 더 많이 배출되는 등 대기오염물질이 다량으로 배출될 것으로 예상된다.",
            "그럼에도 그 인근에 위치한 00000아파트로부터는 약 30m 정도, 초등학교로부터는 약 200m 정도밖에 거리가 떨어져 있지 아니하고, 대기오염물질에 의한 피해를 방지하기 위한 연돌의 높이가 지극히 낮아 유동특수현상(Building Down Draught, 연돌 주변 건물이나 지형물의 배후에서 발생하는 소용돌이에 매연물질이 말려들어가는 현상)에 의해 매연물질이 낙하할 것이며, 또한 폭발위험성이 상존하는 가스정압시설까지 갖추는 것으로 계획되어 있다.",
            "000가 가동될 경우 인근 주민들은 배출 오염물질에 의한 광학 스모그나 가스 폭발 위험에 노출되어 환경권을 침해받고 생명·신체의 안정성을 크게 위협받게 될 것이다.",
            "따라서 000는 그 자체로 공익을 중대하게 해치는 사업으로서 집단에너지사업법 제9조 제2항 제1호 소정의 ;사업의 개시가 공공의 이익에 이바지할 수 있을 것;이라는 요건을 충족하지 못하고 있다.",
            "또한, 000는 공급구역이 교하, 운정신도시, 탄현 주변으로서 약 55,000세대를 수요로 하고 있지만, 사실은 파주지역보다 연계공급 지역에 열을 공급하기 위하여 건설되는 것일 뿐 파주지역에 열을 공급하는 것은 부차적인 것에 불과하다.",
            "전기공급 용량도 공급구역의 수요 및 다른 열병합 시설의 경우에 비하여 지나치게 과다하다는 점 등을 종합하여 보면, 파주 집단에너지사업은 집단에너지사업법 제9조 제2항 제2호 소정의 '공급용량이 공급구역의 수용에 적합할 것'이라는 허가요건을 충족하지 못하고 있다.",
            "일반적으로 과거의 법률관계는 확인의 소의 대상이 될 수 없다. ",
            "다만 그것을 전제로 하여 수많은 법률관계가 발생하고 그에 관하여 일일이 개별적으로 확인을 구하는 번잡한 절차를 반복하는 것보다 과거의 법률관계 그 자체의 확인을 구하는 편이 관련된 분쟁을 일거에 해결하는 유효 적절한 수단일 수 있는 경우에 예외적으로 확인의 이익이 인정된다 할 것이다( 대법원 1991. 6. 25. 선고 91다1134 판결, 대법원 1995. 3. 28. 선고 94므1447 판결 등 참조).",
            "행정처분이 변경되면 그 처분은 효력을 상실하여 더 이상 존재하지 아니하는 것이며, 존재하지 아니한 행정처분을 대상으로 한 취소소송은 소의 이익이 없어 부적법하다 할 것이다. ",
            "원고들은, 환경영향평가법 제4조 제1항 제3호가 에너지개발사업을 환경영향평가 대상으로 규정하고 있고, 환경영향평가법 제4조 제3항이 \"환경영향평가대상사업의 구체적인 범위는 대통령령으로 정한다\"고 규정하고 있다.",
            "환경영향평가법 시행령 [별표 1] 제1호 다목 (4) (가)에서 \"집단에너지사업법 시행령 제2조의 규정에 의한 사업으로서 집단에너지시설로 설치되는 발전시설을 제외한다\"고 규정하여(이하 '이 사건 시행령 규정’이라 한다) 집단에너지시설로 설치되는 발전시설을 환경영향평가 대상에서 일률적으로 배제하고 있다.",
            "0000 000와 같은 대규모 열병합발전시설의 경우 인근 주민들이 환경권 및 생명, 신체의 안전성에서 중대한 침해를 받게 될 위험이 있음에도, 집단에너지사업법에 의한 발전시설이라는 이유만으로 전기발전용량을 고려하지 아니한 채 환경영향평가를 거칠 기회를 전혀 갖지 못하게 하는 것은 합리적인 이유가 없어 부당할 뿐만 아니라 합목적적이지 못하다.",
            "집단에너지사업을 환경영향평가대상사업에서 일률적으로 제외하고자 하는 경우에는 이를 법률에 규정하여야 할 뿐만 아니라 환경영향평가 절차를 간소화하거나 기준을 완화하는 대체수단을 고려하여야 할 것임에도, 이 사건 시행령규정은 아무런 근거 없이 발전시설 중 집단에너지시설을 환경영향평가의 대상에서 제외하고 있어 모법인 환경영향평가법의 위임범위를 벗어나 위헌, 위법으로 무효라는 취지로 주장한다."
        ],
        "dedatAssrs": []
    },
    "facts": {
        "bsisFacts": [
            "원고 1, 2는 2008. 3. 21. 파주시 교하읍 다율리 (지번 생략)(건물명 생략)(이하 00000아파트라 한다) (동호수 1 생략)의 소유권을 취득하였고, 원고 3(대법원판결의 피고)은 2008. 3. 31. 00000아파트(동호수 2 생략)의 소유권을 취득하였다.",
            "건설교통부장관(2008. 2. 29. 지금의 국토해양부장관으로 변경되었다)은 1997. 7.경 0000 일대를 파주 교하택지개발 예정지구(이하 OOO라 한다)로 지정하였고, 산업자원부장관(2008. 2. 29. 지금의 피고로 변경되었다)은 1999. 12.경 0000를 집단에너지공급대상지역으로 지정·공고하였다.",
            "위 공급지역에 설치할 집단에너지공급시설인 열병합발전설비에서 전기 200MW와 열 404Gcal/h를, 5기의 열전용보일러인 첨두부하보일러(HOB, 보일러 본체 및 부속설비로 구성되어 있고 연소열로써 지역난방수를 직접 가열하여 지역난방을 공급하는 설비)에서 열 515Gcal/h를 생산하는 열병합발전소(이하 0000에 들어설 열병합발전소를 통칭하여 '파주 열병합발전소'라 한다)를 예정하고 있었다.",
            "건설교통부장관은 2001. 1.경 파주 운정1지구 택지개발예정지구(이하 OOOO라 한다)를 지정하였고, 피고는 2003. 9.경 0000를 집단에너지공급대상지역으로 지정·공고하였다.",
            "2003. 12. 12. 000에 0000와 0000에 대하여 공급용량 '전기: 350MW, 열: 664Gcal/h(= CHP 252 + HOB 412)', 공급구역 '열: 0000, 0000(0000), 탄현 주변지역, 전기: 한전 역송', 시설 설치기간 2003. 11. ~ 2007. 11.로 한 집단에너지사업(이하 OOOO OOOO이라 한다)의 허가(이하 '이 사건 당초 허가'라 한다)를 하였다.",
            "건설교통부장관은 2003. 12.경 0000 택지개발예정지구(이하 OOO라 한다)를 지정하였고, 피고는 2005. 1.경 0000를 집단에너지공급대상지역으로 지정·공고하고 2005. 4. 4. 000에 열의 공급구역을 0000로 하되 파주 교하 열공급시설과 연계하여 열을 공급한다는 내용의 집단에너지사업을 허가하였다.",
            "피고는 2006. 1. 11. 0000에 대한 집단에너지사업허가를 0000와 0000에 대한 각 집단에너지사업허가에 통합하여 000에 최대열부하 '693Gcal/h(고양 연계 190Gcal/h, 은평 연계 70Gcal/h 포함)', 공급용량 '전기 515MW, 열 705Gcal/h(=CHP 396 + HOB 309)' 규모의 열병합발전소로 변경하는 것을 허가하였다(이하 '이 사건 제1차 변경허가'라 한다).",
            "피고는 2007. 8. 31. 000에 공급구역 '고양 삼송 택지개발지구', 공급요량 '전기 100MW, 열 133Gcal/h(설비용량)'로 한 집단에너지사업(이하 '삼송 집단에너지사업'이라 한다)을 허가하였다.",
            "008. 6. 24. 000가 파주 열병합발전소로부터 원거리에 위치한 은평뉴타운 연계공급분 전부 70Gcal/h와 고양 동부 일부지역(0000, 0000 등) 연계공급분 190Gcal/h 중 33Gcal/h를 삼송 열병합발전소에서 담당하도록 하기 위하여 파주 집단에너지사업과 삼송 집단에너지사업의 각 변경허가를 신청하하였다.",
            "2008. 8. 19. 한국지역난방공사에 삼송 집단에너지사업에 관하여는 최대열부하 122Gcal/h에서 299Gcal/h로, 열전용보일러 공급시설을 34Gcal/h 1기에서 68Gcal/h 3기로 변경하는 내용의 변경허가를 한다.",
            "한편, 파주 집단에너지사업에 관하여는 103Gcal/h 용량의 열전용보일러 1기의 설치장소를 삼송 열병합발전소로 이동하여 열전용보일러를 3기에서 2기로 변경하여 최대열부하를 693Gcal/h에서 590Gcal/h로 변경하는 허가(이하 '이 사건 제2차 변경허가'이라 한다)를 하였다.",
            "이 사건 제1차 변경허가에 대하여 파주 열병합발전소에서 열이 공급되는 연계지역으로 포함된 은평뉴타운지역과 삼송 등 고양동부 일부지역이 이 사건 제2차 변경허가에 의하여 제외됨에 따라 103Gcal/h 용량의 열전용보일러 1기의 설치장소가 삼송 열병합발전소로 이동되어 파주 열병합발전소의 열전용보일러가 3기에서 2기로, 최대열부하가 693Gcal/h에서 590Gcal/h로 변경되었다.",
            "집단에너지사업법(2010. 1. 18. 법률 제9933호로 개정되기 전의 것, 이하 같다) 제9조 제1항, 같은 법 시행규칙(2008. 12. 31. 지식경제부령 제50호로 개정되기 전의 것, 이하 같다) 제8조 제1항, 제2항이 열공급구역의 감소, 열발생설비의 설치장소 및 용량 변경 등에 대하여는 소정의 서류를 첨부하여 그 변경허가를 받도록 하고 있는 이유는 이하와 같다.",
            "그 변경된 열발생설비 설치장소 및 용량이 집단에너지사업법 등 관계 법령에 적합한지 여부를 당초 집단에너지사업허가 당시와 마찬가지로 다시 심사할 필요가 있기 때문이라 할 것이다.",
            "집단에너지사업법 제16조 제1항은 \"사업자는 그 허가받은 공급구역 안에 있는 사용자에게 정당한 사유 없이 집단에너지의 공급을 거부하여서는 아니된다\"라고 집단에너지 공급의무를 규정하고 있고, 집단에너지사업법 제15조 제1항 제4호는 사업자가 \"집단에너지 공급의무를 위반하여 정당한 사유 없이 집단에너지의 공급을 거부한 때에는 피고가 집단에너지사업의 허가 취소 등을 할 수 있다\"고 규정하고 있다.",
            "집단에너지사업법 제55조는 \"집단에너지사업법 제9조 제1항의 규정에 의한 변경허가를 받지 아니하고 사업을 영위한 자\"를 징역형 등에 처하도록 규정하고 있는바, 집단에너지사업허가는 공급구역의 규모와 열발생설비의 설치장소 및 용량 등 객관적 요소를 대상으로 하는 대물허가이다. ",
            "그러므로 공급구역의 규모와 열발생설비의 용량 등은 집단에너지사업허가의 대상을 이루는 요소가 되고, 당초 허가된 용량의 열발생설비를 설치하지 아니하거나 당초 허가된 장소에 설치하지 아니한 것은 허가조건을 위반한 것으로서, 사업허가의 취소 사유 등이 되거나 사업자의 형사처벌 사유가 된다.",
            "한국지역난방공사는 이 사건 제2차 변경허가 이후 피고 및 공급구역 안에 있는 집단에너지사용자 등과의 관계에 있어서 이 사건 제2차 변경허가의 내용에 따라 파주 집단에너지사업을 영위할 권리와 의무가 있고, 향후 파주 집단에너지사업의 구체적 영위에 따를 수많은 법률관계가 이 사건 제2차 변경허가를 전제로 하여 발생하고 형성될 것이다. ",
            "그러므로 이와 관련한 분쟁을 일거에 유효 적절하게 해결하는 데는 이 사건 제2차 변경허가를 대상으로 삼는 것이 충분하고도 필요하다 할 것이다."
        ]
    },
    "dcss": {
        "courtDcss": [
            "위 인정사실과 관계 법령에 의하여 알 수 있는 다음 각 사정을 위 법리에 비추어 살펴보면, 이 사건 제2차 변경허가는 파주 집단에너지사업허가에 관한 처분의 변경에 해당하고, 이로써 이 사건 제1차 변경허가는 더 이상 효력을 유지할 수 없게 되어 과거의 법률관계가 되었다 할 것이므로, 이 사건 소 중 이 사건 제1차 변경허가에 관한 주위적 및 예비적 청구부분은 모두 부적법하다.",
            "환경영향평가법 제4조 제1항 제3호는 환경영향평가를 실시하여야 하는 사업의 하나로 에너지개발사업을 규정하면서, 같은 조 제3항에서 ‘환경영향평가대상사업의 구체적인 범위는 대통령령으로 정한다.’고 규정하고 있다.",
            "환경영향평가법 시행령 별표 1 제1호 다목 (4) (가)는 \"집단에너지사업법 시행령 제2조의 규정에 의한 사업으로서 집단에너지시설로 설치되는 발전시설을 제외한다\"고 규정하여 발전시설 중 집단에너지시설을 환경영향평가 대상에서 일률적으로 배제하고 있으므로, 피고는 에너지개발사업의 일환으로 파주 집단에너지사업를 허가함에 있어서 환경영향평가를 실시할 의무가 있지 아니하다.",
            "따라서 피고가 0000 000 허가를 하기 전에 환경영향평가를 실시하여야 한다는 전제에서 한 원고의 이 부분 주장은 더 나아가 살필 것 없이 이유 없다.",
            "현재까지 이 사건 시행령 규정에 관하여 이를 위헌이거나 위법이라 하여 무효라고 선언한 대법원의 판결이 선고된 바가 없는 점.",
            "집단에너지발전시설은 그 사용연료, 규모 및 인근 주민에게 열과 전기를 공급하기 위한 기반시설로서 주거지역에 근접한 지역에 위치할 수밖에 없는 속성 등에 비추어 다른 종류의 발전소에 비하여 인근 환경에 미치는 영향이 적고 집단에너지발전시설의 확대를 국가정책으로 지원하는 차원에서 이를 환경영향평가 대상에서 배제할 필요성이 있다는 견해가 충분히 가능하다고 보인다.",
            "이 사건 당초 허가, 제1차 및 제2차 변경허가 당시 이 사건 시행령 규정이 헌법이나 모법에 위반되는 것인지 여부가 해석상 다툼의 여지가 없을 정도로 객관적으로 명백하여 이 사건 당초 허가 및 각 변경허가를 당연무효라고 볼 수는 없다 할 것이다.",
            "따라서 원고들의 이 부분 주장은 이유 없다.",
            "행정절차법 제46조 본문은 \"행정청은 국민생활에 매우 큰 영향을 주는 사항 등 각호에 해당하는 사항에 대한 정책·제도 및 계획을 수립·시행하거나 변경하고자 하는 때에는 이를 예고하여야 한다\"고 규정하여 행정예고의 대상을 정책, 제도 및 계획으로 들고있는바, 파주 열병합발전시설의 설치가 위와 같은 정책, 제도 및 계획에 해당한다고 볼 수 없다.",
            "이 규정 중 해당 지역 주민 등 이해관계인 등의 의견을 듣도록 한 부분은 집단에너지사업법이 2007. 5. 25. 법률 제8487호로 개정되면서 처음으로 도입된 규정으로서 파주 집단에너지사업공급대상 지역 지정·공고 당시, 이 사건 당초 허가 및 제1차 변경허가 당시 이와 같은 의견수렴절차가 법정되어 있지 아니하였다.",
            "이 사건 제2차 변경허가 당시 위 규정의 효력이 있었지만, 이 사건 제2차 변경허가는 이 사건 제1차 변경허가 내용 중 일부를 사실상 감축하여 변경하는 것으로서 파주지역의 주민 등 이해관계인에게 불리하도록 의견진술 기회를 박탈하였다고 보이지 아니하므로, 이 사건 제2차 변경허가 당시 해당지역 주민 등의 의견수렴 절차를 거치지 아니하였다는 하자가 인정된다고 하더라도, 그 하자가 중대하다거나 명백하다고 할 수 없다.",
            "따라서 원고들의 이 부분 주장도 이유 없다.",
            "이 사건 제2차 변경허가가 집단에너지사업법 제9조 제2항 제1호, 제2호가 규정한 집단에너지사업의 허가요건을 충족하지 못하고 있다거나, 이 사건 당초 허가, 제1차 및 제2차 변경허가로 설치될 파주 열병합발전시설에 의하여 원고들의 환경권이 크게 침해당하고 원고들의 생명·신체 안전성이 크게 위협당함으로써 공공의 이익에 반한다고 보이지 아니하므로, 이 사건 제2차 변경허가에 어떠한 하자가 있다거나 그 하자가 중대하고도 명백하다고 할 수 없다.",
            "원고들이 위 제1차 변경허가 취소를 구하는 예비적 청구부분의 소를 이 사건 제1차 변경허가일로부터 1년이 훨씬 경과한 2008. 4. 14. 제기하였음은 기록상 명백하므로, 위 제1차 변경허가 취소를 구하는 예비적 청구부분의 소는 행정소송법 제20조 제2항에서 규정하고 있는 제소기간을 도과하였다.",
            "원고들은 2008. 3.경 ○○아파트(동호수 1 생략) 또는 (동호수 2 생략)을 취득할 때에 비로소 이 사건 제1차 변경허가의 존재를 알았다 하더라도, 위 각 아파트의 전소유자들은 이 사건 제1차 변경허가에 대한 소송을 제기할 수 있는 충분한 기회가 있었고, 원고들은 이 사건 제1차 변경허가로 인하여 설치되는 열병합발전소의 문제점을 수인하고 전소유자들의 지위를 승계하였다. 할 것이다.",
            "처분일로부터 1년 이내에 이 사건 처분에 대한 소송을 제기하지 아니한 데 대하여 정당한 사유가 있었다고 볼 수 없으므로, 이 사건 소 중 이 사건 제1차 변경허가 취소를 구하는 예비적 청구부분은 제소기간을 도과하여 부적법하고, 따라서 이 사건 소 중 이 사건 제2차 변경허가 취소를 구하는 예비적청구부분도 제소기간을 도과하여 부적법하다 할 것이다."
        ]
    },
    "close": {
        "cnclsns": [
            "원고들이 당심에서 추가한 각 청구를 포함하여 제1심 판결 중 원고들에 대한 부분을 아래와 같이 변경한다.",
            "가. 이 사건 소 중 피고가 000에 대하여 2006. 1. 11. 한 집단에너지사업허가에 관한 원고들의 주위적 청구부분과 예비적 청구부분, 피고가 000에 대하여 2008. 8. 19. 한 집단에너지사업변경허가에 관한 원고들의 예비적 청구부분을 모두 각하한다",
            "나. 피고가 000에 대하여 한 2008. 8. 19.자 집단에너지사업변경허가에 관한 원고들의 주위적 청구를 모두 기각한다.",
            "소송총비용은 원고들이 부담한다."
        ]
    }
}