{
    "info": {
        "caseField": "3",
        "detailField": "5",
        "trailField": "2",
        "caseNm": "개발부담금부과처분취소",
        "courtNm": "서울고등법원",
        "judmnAdjuDe": "2008. 09. 23.",
        "caseNo": "2008누7795",
        "relateLaword": [
            "행정소송법 제8조",
            "민사소송법 제420조",
            "개발이익환수에 관한 법률 시행령 제11조",
            "구 개발이익환수에 관한 법률 시행령(2008. 2. 29. 대통령령 제20722호로 개정되기 전의 것)",
            "개발이익환수에 관한 법률 제12조",
            "구 개발이익환수에 관한 법률(2008. 2. 29. 법률 제8852호로 개정되기 전의 것)"
        ],
        "qotatPrcdnt": []
    },
    "concerned": {
        "acusr": "2",
        "dedat": "3"
    },
    "org": {
        "orgJdgmnCourtNm": "수원지방법원",
        "orgJdgmnAdjuDe": "2008. 1. 30",
        "orgJdgmnCaseNo": "2007구합3528"
    },
    "disposal": {
        "disposalform": "10",
        "disposalcontent": [
            "제1심 판결 중 피고 패소부분을 취소한다.",
            "위 취소부분에 해당하는 원고의 청구를 기각한다.",
            "원고의 부대항소를 기각한다.",
            "소송총비용은 원고가 부담한다.",
            "원고가 법인이 아닌 개인으로서 이 사건 토지를 양도하였다고 가정하여 산정한 양도소득세액 상당액을 이 사건 토지의 양도로 인한 소득에 대한 법인세액으로 볼 수도 없으며, 위와 같이 법인세 과세표준에 토지 매출액 외의 소득금액도 포함되어 있는 이상, 위 법인세 총액을 양도된 토지들의 매출액 비율로 안분하여 이 사건 토지의 양도로 인한 소득에 대한 법인세액을 산정할 수 있는 것도 아니다. ",
            "따라서 소외 1 주식회사가 신고한 법인세액은 어느 모로 보더라도 개발비용에 계상할 수 없으므로, 원고의 이 부분 주장 역시 이유 없다."
        ]
    },
    "mentionedItems": {
        "rqestObjet": [
            "피고가 2007. 2. 26. 원고에 대하여 한 개발부담금 117,223,090원의 부과처분을 취소한다.\n",
            "제1심 판결 중 피고 패소부분을 취소한다.",
            "위 취소부분에 해당하는 원고의 청구를 기각한다.",
            "원고의 부대항소를 기각한다.",
            "소송총비용은 원고가 부담한다.",
            "제1심 판결을 다음과 같이 변경한다. ",
            "청구취지 기재 개발부담금 부과처분을 취소한다."
        ]
    },
    "assrs": {
        "acusrAssrs": [],
        "dedatAssrs": []
    },
    "facts": {
        "bsisFacts": [
            "제1심 판결문의 기재와 같으므로, 행정소송법 제8조 제2항, 민사소송법 제420조 본문에 의하여 이를 인용한다.",
            "을 제12호증의 기재와 제1심의 수원세무서장, 소외 1 주식회사에 대한 각 사실조회 결과에 의하면, 소외 1 주식회사가2005년 귀속 법인세 2,105,833,151원을 신고한 사실은 인정되나, 한편, 위 증거들에 의하면, 위 법인세의 과세표준에는 이사건 토지의 매출액 이외에 다른 토지들의 매출액, 소득조정 익금산입액 등도 포함되어 있는 사실이 인정된다."
        ]
    },
    "dcss": {
        "courtDcss": [
            "법 제12조 및 법 시행령 제11조는 부과개시시점 후 개발부담금의 부과 전에 토지 또는 사업의 양도 등으로 인하여 발생한 소득에 대하여 양도소득세가 부과된 경우에는 당해 세액 중 부과개시시점부터 양도시점까지에 상당하는 세액을 일 단위로 안분하여 개발비용에 계상할 수 있도록 규정하고 있을 뿐, 법인세액을 개발비용에 계상할 수 있다고까지는 규정하지 않고 있다.",
            "또한 을 제12호증의 기재와 제1심의 수원세무서장, 소외 1 주식회사에 대한 각 사실조회 결과에 의하면, 소외 1 주식회사가 2005년 귀속 법인세 2,105,833,151원을 신고한 사실은 인정되나, 한편, 위 증거들에 의하면, 위 법인세의 과세표준에는 이 사건 토지의 매출액 이외에 다른 토지들의 매출액, 소득조정 익금산입액 등도 포함되어 있는 사실이 인정된다.",
            "위 법인세액중에서 이 사건 토지의 양도로 인하여 발생한 소득에 대한 세액을 가려낼 수 없고, 법인세와 양도소득세는 세액산정방법과 세율 등을 달리하기 때문에, 원고가 법인이 아닌 개인으로서 이 사건 토지를 양도하였다고 가정하여 산정한 양도소득세액 상당액을 이 사건 토지의 양도로 인한 소득에 대한 법인세액으로 볼 수도 없다.",
            "위와 같이 법인세 과세표준에 토지 매출액 외의 소득금액도 포함되어 있는 이상, 위 법인세 총액을 양도된 토지들의 매출액 비율로 안분하여 이 사건 토지의 양도로 인한 소득에 대한 법인세액을 산정할 수 있는 것도 아니다. 따라서 소외 1 주식회사가 신고한 법인세액은 어느 모로 보더라도 개발비용에 계상할 수 없으므로, 원고의 이 부분 주장 역시 이유없다."
        ]
    },
    "close": {
        "cnclsns": [
            "제1심 판결 중 피고 패소부분을 취소한다.",
            "위 취소부분에 해당하는 원고의 청구를 기각한다.",
            "원고의 부대항소를 기각한다.",
            "소송총비용은 원고가 부담한다."
        ]
    }
}