{
    "info": {
        "caseField": "3",
        "detailField": "5",
        "trailField": "1",
        "caseNm": "부가가치세부과처분등무효확인",
        "courtNm": "서울행법",
        "judmnAdjuDe": "2008. 11. 20.",
        "caseNo": "2008구합18083",
        "relateLaword": [
            "부가가치세법 제17조",
            "소득세법 제80조",
            "소득세법 시행령 제143조"
        ],
        "qotatPrcdnt": []
    },
    "concerned": {
        "acusr": "1",
        "dedat": "3"
    },
    "org": {
        "orgJdgmnCourtNm": "",
        "orgJdgmnAdjuDe": "",
        "orgJdgmnCaseNo": ""
    },
    "disposal": {
        "disposalform": "10",
        "disposalcontent": [
            "원고들이 스스로 사업자등록을 하지 않은 채 오픈마켓을 이용한 판매행위를 하면서 그 판매를 위해 사용되었거나 사용될 재화에 관한 세금계산서를 교부받지 않은 이상, 그에 관한매입세액을 공제하지 않은 이 사건 처분은 적법하다.",
            "원고 1은 이 사건 종합소득세의 과세표준을 계산함에 있어 필요한 장부를 비치,기장한 바 없고, 이 법정에서조차 위 장부 뿐 아니라 필요경비를 산정함에 필요한 어떠한 자료도 제출한바 없는 이상, 추계과세를 한 것은 적법하다. 원고들의 청구를 모두 기각한다.",
            "소송비용은 원고들이 부담한다."
        ]
    },
    "mentionedItems": {
        "rqestObjet": [
            "피고들이 원고들에게 별지 목록 기재와 같이 한 각 부가가치세 부과처분 및 피고 강서세무서장이 2007. 4. 2.  원고 1에대하여 한 2003년도 귀속 종합소득세 5,056,650원의 부과처분, 2004년도 귀속 종합소득세 19,494,700원의 부과처분, 2005년도 귀속 종합소득세 69,798,450원의 부과처분은 모두 무효임을 확인한다."
        ]
    },
    "assrs": {
        "acusrAssrs": [
            "서울지방국세청장은 000 및 000으로부터 원고들을 비롯한 판매자들의 정보를 수집함으로써 원고들의 자기정보통제권을 침해함은 물론, 세무조사에 있어서의 조력을 받을 권리, 세무조사의 사전통지와 연기신청 등 납세의무자로서의 권리를 침해하였으므로, 그에 근거한 이 사건 각 부과처분은 위법하여 무효이다.",
            "오픈마켓의 판매방식에 비추어 볼 때 재화의 최종적인 공급자이자 실질적인 사업자는 통신판매업자인 오픈마켓 운영자라 할 것임에도, 오픈마켓 사업자의 지시에 따라 상품을 배송하고 판매대금을 수수한 오픈마켓의 판매자들에 불과한 원고들을 부가가치세법상의 납세의무자로 전제한 이 사건 부가가치세 부과처분은 위법하여 무효이다.",
            "설사 판매자들이 부가가치세의 납세의무자라 하더라도, 피고는 부가가치세 과세표준 및 세액을 계산하는 과정에서 원고들의 매입세액을 공제하지 않았으므로 이 사건 부가가치세 부과처분은 위법하여 무효이다.",
            "종합소득세의 과세표준과 세액은 실지조사의 방법에 의하여 밝혀진 실액에 의하여 결정하여야 함에도, 피고는 원고 1에 대한 종합소득세 부과처분을 함에 있어 추계과세를 하였으므로 이 사건 종합소득세 부과처분은 위법하다."
        ],
        "dedatAssrs": []
    },
    "facts": {
        "bsisFacts": [
            "원고들은 사업자등록을 하지 않은 채, 오픈마켓(인터넷 사이트의 서비스를 통하여 판매자와 구매자 사이에 물품 매매 거래가 이루어질 수 있는 사이버 거래장소) 운영자인 주식회사 000(이하 'OOO'이라 한다), 주식회사 000(이하 'OOO'이라 한다)에 회원으로 등록하여 물품을 판매하는 자들이다.",
            "서울지방국세청장은 000과 000으로부터 원고들을 비롯하여 위 오픈마켓에 등록되어 있는 판매업자들에 대한 과세자료를 제출받아 피고들에게 통보하였고, 이에 피고들은 원고들이 오픈마켓을 통하여 판매한 매출액을 신고하지 않았다는 이유로 원고들에게 별지 목록 기재와 같이 각 부가가치세를 부과하였다(이하 '이 사건 부가가치세 부과처분 '이라 한다).",
            "그리고 피고 강서세무서장은 2007. 4. 2. 원고 1에 대하여 청구취지와 같이 2003년 내지 2005년 귀속 종합소득세를 부과하였다(이하 '이 사건 종합소득세 부과처분' 이라 한다).",
            "000의 정관의 주된 내용은 별지 정관 기재와 같다. 000의 정관에서도 위 000의 정관과 유사하게 규정하고 있다.",
            "오픈마켓 판매자들은 인터넷 포털사이트에 소호몰로 입점하는 경우와는 달리 매달 일정한 사용료를 지급하지 않고 자유롭게 회원으로 등록하여 자신의 물건을 판매하고 오픈마켓 운영자에게 판매 건당 수수료를 지급한다. 또한, 오픈마켓 운영자는 판매자와 구매자에게 물건의 매매가 이루어질 수 있는 사이버상의 거래장소와 시스템만을 제공하고 관리할 뿐, 회원간의 매매거래에 직접적으로 관여하거나 스스로 구매자에게 물건을 판매하거나 판매자로부터 물건을 구매하지 않는다.",
            "일부 오픈마켓 운영자는 구매자와 판매자가 전자상거래를 하는 경우에 구매자의 결제대금을 일정기간 보관했다가 판매자로부터 물품배송 및 서비스 제공을 받은 사실을 확인한 후 판매자에게 대금을 지급하는 서비스인 결제대금예치제도(escrow)를 실시하고 있는데, 000에서는 '매매보호서비스' 라는 이름으로 위 제도를 운영하고 있다.",
            "서울지방국세청장은 000과 000으로부터 오픈마켓 판매자들에 대한 자료를 제출받아 그 중 판매횟수가 적어 일시적으로 판매한 것으로 보이는 자들은 제외하고, 원고들과 같이 수 회에 걸쳐 판매행위를 한 자들에 대해서만 과세자료를 생성하여 각 세무서장에게 통보하였다.",
            "원고들은 사업자등록을 한 바 없고 자신들이 판매한 상품의 매입과 관련한 세금계산서를 수취하지 않았다. 이에 피고들은 원고들에 대한 부가가치세를 산정함에 있어 매입세액을 공제하지 않았다.",
            "피고 강서세무서장은 원고 1에 대한 종합소득세를 산정함에 있어 필요경비에 관한 자료가 없음을 이유로 수입금액에서 수입금액에 기준경비율심의회의 심의를 거쳐 결정된 전자상거래업(업종코드 525101)의 단순경비율(2004년 87.3%, 2005, 2006년 87.9%)을 곱한 금액을 공제한 금액을 그 소득금액으로 결정하는 방법으로 추계과세하였다.",
            "(원고는 피고가 추계과세의 방법으로 이 사건 종합소득세 부과처분을 함에 있어 전자상거래업의 단순경비율과 다른 경비율을 적용하였으므로 위법하다는 취지로 주장하나, 이는 계산상 착오에서 비롯된 것이므로 받아들이지 아니한다).",
            "피고들은 이 사건 부과처분을 하기 전 원고들에게 수입금액, 과세표준, 산출세액 등을 기재한 과세예고통지를 하였다."
        ]
    },
    "dcss": {
        "courtDcss": [
            "부가가치세법 제35조 및 소득세법 제170조에서는 소득세, 부가가치세에 관한 사무에 종사하는 공무원은 그 직무수행상 필요한 경우 납세의무자와 거래가 있는 자에 대하여 질문하거나 당해 장부,서류 기타 물건을 조사하거나 그 제출을 명할 수 있도록 규정하고 있다.",
            "서울지방국세청장은 위와 같은 질문·조사권에 근거하여 납세의무자인 원고들과 거래가 있는 000과 000으로부터 그 자료를 제출받은 것인 점, 세무조사에 있어서 조력을 받을 권리나 사전통지 등 국세기본법상 인정되는 납세자의 권리는 납세자가 특정된 상태를 전제로 하는 것이므로 납세자의 특정을 위하여 실시된 이 사건 자료제출요구에 있어서는 위 권리가 적용될 여지가 없다.",
            "피고는 위와 같이 제출된 자료를 근거로 이 사건 각 부과처분을 하기 전에 원고들에 대하여 수입금액, 과세표준, 산출세액 등에 대하여 과세예고통지를 한 점, 서울지방국세청장이 000 등으로부터 제출받은 자료는 원고들이 신고납부를 누락한 세금에 관한 자료로서 정보통신망이용촉진 등에 관한 법률 등에서 보호되는 개인정보라고 볼 수 없는 점 등을 종합하면, 이 부분에 관한 원고의 주장은 받아들이지 아니한다.",
            "부가가치세법상 납세의무자(사업자) 는 영리목적의 유무에 불구하고 사업상 독립적으로 재화 또는 용역을 공급하는 자(제2조 제1항)를 뜻하는바, 앞서 본 바와 같이 원고들은 오픈마켓 운영자들에게 고용되거나 위임을 받음이 없이 스스로 판매할 상품이나 그 가격을 결정하여 구매자와 매매계약을 체결하고 구매자에게 상품을 배송하는 등 계속,반복적으로 독립적인 판매행위를 하여 왔다.",
            "오픈마켓 운영자인 000과 000은 회원 각자의 자기결정에 의하여 회원 상호간에 물품매매거래가 이루어질 수 있도록 사이버 거래장소를 온라인으로 제공(경매서비스)할 뿐, 회원에게 물품을 판매하거나 회원으로부터 물품을 구매하지 않으며, 단지 회원 간 거래의 안전성 및 신뢰성을 증진시키는 도구만을 제공하고 그러한 시스템이용료로서 수수료만을 받는다.",
            "000과 000의 정관에서는 판매물품의 등록, 경매진행과정의 관리, 낙찰받은 구매자에 대한 거래이행, 물품배송, 청약철회 또는 반품 등의 사후처리를 판매자의 의무로 규정하면서, 오픈마켓 운영자인 자신들은 회원 상호간의 거래와 관련된 사항이나 반품, 물품하자로 인한 분쟁 등에 대하여 관여하지 않고 어떠한 책임도 부담하지 않는다고 명시하고 있다.",
            "비록 000에서 매매보호서비스라는 이름으로 결제대금예치제도를 실시하고 있으나, 이는 오픈마켓에서 발생하는 피해를 예방,구제하여 구매자를 보호하기 위한 제도에 불과하고 정상적으로 거래가 종료된 경우 수수료를 제외한 나머지 판매대금은 판매자에게 귀속된다.",
            "오픈마켓 운영자의 정관에서도 매매보호서비스를 통하여 판매자 또는 구매자를 대리,이행하거나 그 이행을 보조하는 것은 아니라고 명시하고 있는 점, 오픈마켓 운영자는 전자상거래 등에서의 소비자보호에 관한 법률상 통신판매업자가 아니라 통신판매중개업자에 해당한다.",
            "사업자가 재화 또는 용역을 공급하는 한 당해 사업자의 사업자등록 여부는 납세의무의 성립에 영향이 없고, 오픈마켓 운영자가 사업자 뿐 아니라 사업자등록을 하지 않은 개인도 자유롭게 회원으로 가입하여 물품을 판매할 수 있도록 허용하였다고 하여 원고들의 납세의무가 오픈마켓 운영자로 전가되는 것은 아닌 점 등을 종합하면, 원고들은 오픈마켓을 이용한 판매행위로 인한 매출액에 대하여 부가가치세의 납세의무자에 해당한다고 봄이 상당하다.",
            "부가가치세법 제17조에서는 사업자가 납부하여야 할 부가가치세액을 자기가 공급한 재화 또는 용역에 대한 매출세액에서 자기의 사업을 위하여 사용되었거나 사용될 재화 또는 용역의 공급에 대한 매입세액을 공제한 금액으로 규정하면서, 세금계산서를 교부받지 않거나 교부받은 세금계산서에 필요적 기재사항의 전부 또는 일부가 기재되지 않은 경우나 제5조 제1항의 규정에 의한 사업자등록을 하기 전의 매입세액은 공제하지 않도록 규정하고 있다.",
            "원고들이 스스로 사업자등록을 하지 않은 채 오픈마켓을 이용한 판매행위를 하면서 그 판매를 위해 사용되었거나 사용될 재화에 관한 세금계산서를 교부받지 않은 이상, 그에 관한 매입세액을 공제하지 않은 이 사건 처분은 적법하다.",
            "소득세법 제80조 제3항, 같은 법 시행령 제143조 제1항 제1호에 의하면, 종합소득세의 과세표준과 세액은 원칙적으로 실질조사의 방법에 의하여 결정하여야 하나, 과세표준을 계산함에 있어서 필요한 장부와 증빙서류가 없거나 중요한 부분이 미비 또는 허위인 경우에는 소득금액을 추계조사결정할 수 있도록 규정하고 있다.",
            "원고 1은 이 사건 종합소득세의 과세표준을 계산함에 있어 필요한 장부를 비치,기장한 바 없고, 이 법정에서조차 위 장부 뿐 아니라 필요경비를 산정함에 필요한 어떠한 자료도 제출한 바 없는 이상, 추계과세를 한 것은 적법하다."
        ]
    },
    "close": {
        "cnclsns": [
            "원고들의 청구를 모두 기각한다.",
            "소송비용은 원고들이 부담한다."
        ]
    }
}