{
    "info": {
        "caseField": "3",
        "detailField": "5",
        "trailField": "2",
        "caseNm": "법인세 등 부과처분취소",
        "courtNm": "서울고등법원",
        "judmnAdjuDe": "2010. 08. 19.",
        "caseNo": "2008누37680",
        "relateLaword": [
            "행정소송법 제18조",
            "행정소송법 제20조",
            "행정소송법 제8조",
            "민사소송법 제262조",
            "소득세법(2002. 12. 18. 법률 제6781호로 삭제되기 전의 것) 제2조 ",
            "행정소송법 제22조"
        ],
        "qotatPrcdnt": [
            "대법원 1998. 6. 9. 선고 96누17998 판결",
            "대법원 2000. 9. 26. 선고 99두1557 판결 ",
            "대법원 1999. 11. 26. 선고 99두9407 판결 ",
            "대법원 2002. 11. 13. 선고 2002두6392 판결",
            "대법원 1998. 3. 24. 선고 97누9895 판결",
            "대법원 2002. 11. 13. 선고 2002두6392 판결 ",
            "서울동부지방법원 2005고단429, 2005고정1060(병합)",
            "대법원 2005도8144호",
            "대법원 1999. 11. 26. 선고 98두10424 판결 "
        ]
    },
    "concerned": {
        "acusr": "2",
        "dedat": "3"
    },
    "org": {
        "orgJdgmnCourtNm": "서울행정법원",
        "orgJdgmnAdjuDe": "2008.11.12",
        "orgJdgmnCaseNo": "2007구합21426 "
    },
    "disposal": {
        "disposalform": "10",
        "disposalcontent": [
            "당심에서 변경된 청구를 포함하여 제1심 판결을 다음과 같이 변경한다",
            "피고가 2004. 10. 1. 원고에게 한 별지 1 제1목록의 고지세액란 기재 각 금액의 법인세 및 부가가치세의 부과처분 중같은 목록의 정당한 세액란 기재 각 해당 금액을 초과하는 부분을 모두 취소한다.",
            "피고가 2004. 10. 15. 원고에게 한 별지 1 제2목록의 소득금액변동통지금액란 기재 각 금액의 소득금액변동통지 중 같은 목록의 올바른 소득금액변동통지금액란 기재 각 해당 금액을 초과하는 부분을 모두 취소한다.",
            "원고의 나머지 주위적 청구 및 예비적 청구를 모두 기각한다.",
            "소송총비용 중 85%는 원고가, 나머지는 피고가 각 부담한다.",
            "이 사건 각 계좌의 입금액 중 입금인의 인적사항이 확인되지 않는 금액 254,572,752원 부분이 원고의 매출누락액임을 전제로 한 이 사건 부과처분은 위 254,572,752원 부분에 대한 과세기간별 법인세, 부가가치세 및 소득금액변동통지금액에 한하여 위법하고, 나머지 부분은 적법하다.\n",
            "나아가 위 254,572,752원 부분에 대한 과세기간별 법인세, 부가가치세 및 소득금액변동통지의 각 수액에 관하여 살피건대, 위254,572,752원 부분에 대한 과세기간별 법인세와 부가가치세 부과처분금액은 별지 1 제1목록 중 감액할 세액란 기재 각 해당 과세기간별 금액과 같고, 위 254,572,752원 부분에 대한 과세기간별 소득금액변동통지금액은 별지 1 제2목록 중 감액할금액란 기재 각 해당 과세기간별 금액과 같은 사실은 당사자 사이에 다툼이 없다."
        ]
    },
    "mentionedItems": {
        "rqestObjet": [
            "제1심 판결을 취소한다.",
            "피고가 원고에 대하여 2004. 10. 1. 한 별지 1 제1목록 고지세액란기재 각 금액의 법인세 및 부가가치세 부과처분 중 원고 주장의 정당한 세액란 기재 각 해당 금액을 초과하는 부분을 모두 취소하고, 피고가 원고에 대하여 2004. 10. 15. 한 별지 1 제2목록 소득금액변동통지금액란 기재 각 금액의 소득금액변동통지 중 원고 주장의 올바른 소득금액변동통지금액란 기재 각 해당 금액을 초과하는 부분을 모두 취소한다.",
            "피고가 원고에 대하여 2004. 10. 1. 한 별지 1 제1목록 고지세액란 기재 각 금액의 법인세 및 부가가치세 부과처분 중 원고 주장의 정당한 세액란기재 각 해당 금액을 초과하는 부분을 모두 취소하고, 2005. 5. 13. 한 2000년 귀속 근로소득세 97,603,810원, 2001년 귀속 근로소득세 42,006,120원, 2002년 귀속 근로소득세 27,613,150원, 2003년 귀속 근로소득세 28,104,250원, 2005. 6. 10. 한2000년 귀속 근로소득세 89,308,620원, 2001년 귀속 근로소득세 42,006,120원, 2002년 귀속 근로소득세 26,984,490원,2003년 귀속 근로소득세 28,104,250원의 각 부과처분을 모두 취소한다(원고는 제1심에서 법인세 및 부가가치세, 2005. 6. 10.자근로소득세 부과처분의 취소를 구하다가, 당심에 이르러 이를, 새로 추가한 2005. 5. 13.자 근로소득세 부과처분의 취소청구와 함께 예비적 청구로 하고, 제1심에서 구한 법인세 및 부가가치세 부과처분의 취소에 소득금액변동통지의 취소를 추가한 것을 주위적청구로 하는 것으로 청구취지를 변경하였다)."
        ]
    },
    "assrs": {
        "acusrAssrs": [
            "소외 1은 원고의 직원이나, 원고가 1999. 12. 28. 소외 3으로부터 000공업사 영업을 양수하면서 배제한 위 회사의 폐업시점의 재고자산이나 매출채권 중 현물로 회수한 제품을 개인적으로 보관하다가 처분하고 그 물품대금을 소외 1 명의의 은행계좌로 지급받았는데, 2000년에 원고 명의의 거래명세표를 작성하여 거래하다가 외상규모가 늘어나자 2001년부터 더 이상 거래명세표를 작성하지 않고 현금 및 약속어음만으로 거래했다.",
            "2002. 1. 21.부터 2003. 6. 30.까지 000라는 상호로 개인사업체를 운영하여 거래해 왔으므로, 그로 인한 매출액은 실질적으로 소외 1에게 귀속되어야 한다. 가사 그렇지 않더라도 거래 상대방이 원고가 아닌 소외 1 개인과 거래하였다고 소명한 부분까지 원고의 매출액으로 산정한 것은 부당하다.",
            "피고가 원고의 총수입금액을 결정하기 위한 실지조사 방법으로 원고 명의의 은행계좌가 아니라 소외 1, 4 명의의 이 사건 각 계좌에 입금된 금액을 조사하였고, 더욱이 위 각 계좌에 입금된 돈의 성격이 거래처와 개인적으로 이루어진 금전대차상의 채무변제이거나 개인 사이의 통상적인 돈거래일 가능성이 있다. ",
            "그럼에도, 이러한 사정을 전혀 고려하지 않은 채 원고의 자금이 일부 입금되었다는 사정만으로 이 사건 각 계좌의 입금액 전체를 원고의 매출수입으로 산정한 것은 부당하다.",
            "특히 이 사건 각 계좌 입금액 중 입금인의 인적사항이 밝혀지지 않아 그 돈의 성격을 전혀 알 수 없는 254,572,725원도 원고의 매출누락액으로 산정한 것은 단지 그 입금액이 원고의 매출누락액일 것이라는 막연한 짐작만으로 과세한 것으로서 근거과세원칙에 명백히 위배된다.",
            "원고가 2000. 1. 1.부터 2003. 12. 31.까지 이 사건 거래명세표와 이 사건 각 계좌를 통해 조세포탈한 금액은 이미 확정된 관련 형사판결에 의해 특정되었고, 그 형사판결의 사실인정을 배제할 만한 특별한 사정이 없으므로, 결국 원고의 매출누락액은 형사판결에서 인정된 금액을 초과할 수 없다.",
            "원고가 특허권자인 소외 2, 3으로부터 전용실시권을 부여받아 영업활동을 하고 있는 상황에서 그 특허권을 둘러싸고 독일 업체와 소외 2, 3 사이에 소송이 벌어지고 있어 향후에도 특허권 침해를 원인으로 미국 회사에 의해 제소될 위험성이 있다고 판단하여 그 위험성을 사전에 제거하고자 비용을 들여 위 특허를 미국에 출원하였고, 그 국제특허의 이익을 현실적으로 향유하여 왔으므로, 국제특허출원비용을 원고의 업무와 무관한 비용으로 볼 수 없다.",
            "원고의 현금보유액 변화 추이 등에 비추어 보면, 2000. 5. 31. 예금 인출된 3,300만 원은 소득세 납부에 사용되지 않았고, 그렇지않다 하더라도 곧바로 동액 상당의 돈이 대표자 또는 그 가족에 의해 원고에 입금되었음이 명백하므로, 위 3,300만 원은 사외 유출되지 않았다.",
            "그리고 문제의 종합소득세는 소외 3이 신고납세의무자이고, 소외 2는 그 배우자로서 연대납세의무만이 있으므로, 위 3,300만 원은 소외 3의 소득세 납부에 사용되어 소외 3에게 실질 귀속되었음이 밝혀졌고, 따라서 원고의 대표자인 소외 2에 대한 상여로 소득처분한 것은 위법하다. ",
            "또한, 위 3,330만 원은 예금 자산이 현금보유액으로 보유형태만 바뀌었고 원고의 자산이나 소득에 영향이 없으므로 익금에 산입할 금액이 없어 소득처분의 대상이 없다.",
            "3,300만 원은 세무신고 당시 손금산입된 사실이 없으므로, 위 돈이 손금산입된 것을 전제로 한 손금불산입은 위법하다.",
            "이에 대하여 원고는 소외 1이 2002. 1. 21.부터 2003. 6. 20.까지 원고와 별도로 000라는 상호의 사업체를 운영하였으므로 위 기간 동안 이 사건 제1계좌에 입금된 돈은 원고의 매출누락액에 해당하지 않는다고 주장한다.",
            "원고는 이 사건 형사판결의 확정된 범죄사실 중에서 ① 000섬유소외 10의 입금인정액 2002년 1기분 5,884,000원, 2002년 2기분 4,520,000원 중 이 사건 제1계좌에 실제 입금된 2,136,000원과의 차액 상당인 8,268,000원, ② 000섬유소외 11의 입금인정액 2001년 1기분 286,000원, 2003년 2기분 140,000원 중 위 286,000원,",
            "③ 00상사소외 8의 입금인정액 16,446,500원 중 2002년 1기분 4,575,000원, 2002년 2기분 1,070,000원 합계 5,645,000원, ④ 소외 12의 2002년 1기분 입금인정액 3,422,000원 중 이 사건 제1계좌에 실제 입금된 846,000원과의 차액 상당인 2,576,000원,",
            "⑤ 000 소외 13의 입금인정액 2003년 1기분 1,185,000원, 2003년 2기분 1,127,500원 중 2003년 2기분 입금액 1,127,500원 등은 각 세금계산서가 발행되었거나 이 사건 제1계좌에 입금된 적이 없어서 과세대상이 아니므로, 그 사실인정에 하자가 있다는 취지로 주장한다.",
            "다음으로 원고는, 00상사소외 14가 2001년부터 2003년까지 이 사건 제1계좌에 입금한 합계 16,374,000원에 대하여 이 사건 형사판결에서 조세포탈거래로 인정하고 피고가 매출누락액으로 산정하였으나 이는 전년도 이월 미수잔액이 나중에 입금된 것에 불과하므로 부당하다는 취지로 주장한다."
        ],
        "dedatAssrs": [
            "피고는, 원고가 이 사건 소 제기 당시 이 사건 소득금액변동통지의 취소를 청구하지 않다가 당심에 이르러 청구의 변경을 통해 이 사건 소득금액변동통지의 취소를 구하고 있으므로 이 사건 소 중 소득금액변동통지 취소청구부분은 제소기간 도과 후에 제기되었다.",
            "원고가 2005. 5. 13.자 근로소득세 징수처분과 2005. 6. 10.자 근로소득세 징수처분에 관하여 심판청구의 전심절차를 거치지 않았으므로, 이 사건 소 중 소득금액변동통지와 근로소득세 징수처분의 각 취소청구부분은 모두 부적법하다고 항변한다."
        ]
    },
    "facts": {
        "bsisFacts": [
            "원고는 1999. 12. 24. 편직기 부품 제조·판매업 및 부대사업 일체를 목적으로 설립된 법인으로서 원고의 대표이사 소외 2와 그의 배우자인 소외 3으로부터 특허권에 관한 전용실시권을 부여받았다.",
            "피고는 원고에 대하여 2004. 5. 24.부터 2004. 7. 5.까지 2000 사업연도부터 2003 사업연도까지의 법인세 통합조사를, 2004. 7. 6.부터 2004. 9.경까지 조세범 범칙조사(이하 위 각 조사를 일괄하여 '이 사건 조사'라 한다)를 실시하였다.",
            "피고는 원고에 대하여 2004. 5. 24.부터 2004. 7. 5.까지 2000 사업연도부터 2003 사업연도까지의 법인세 통합조사를, 2004. 7. 6.부터 2004. 9.경까지 조세범 범칙조사(이하 위 각 조사를 일괄하여 '이 사건 조사'라 한다)를 실시였다.",
            "한편, 2000 사업연도 경비에 계상된 국제특허출원비용 28,765,394원을 업무무관비용으로 보아 손금불산입을 하고, 2000. 5. 31. 원고 명의의 예금계좌에서 인출되어 원고 대표이사 소외 2의 종합소득세 납부에 사용된 3,300만 원에 대하여 손금불산입을 하는 등 위 과세대상금액을 과세기간별로 아래 표 기재와 같이 구분하였다.",
            "피고는 2004. 10. 1. 원고에게 부가가치세 및 법인세를 아래 표 기재와 같이 결정하여 고지하고, 2004. 10. 15. 위 매출누락액과 손금불산입한 비용(특허출원비용 및 소득세 대납비용)을 포함한 합계 1,455,428,767원을 원고의 대표이사 소외 2에 대한 인정상여로 소득처분한 소득금액변동통지를 하였다.",
            "원고는 위 법인세 및 부가가치세 부과처분과 소득금액변동통지에 대하여 불복하여 2005. 1. 3. 피고에게 이의신청을 하였으나 2005. 6. 8. 기각결정을 받았고, 2005. 9. 2. 국세심판원에 심판청구를 하였다.",
            "2007. 3. 22. 국세심판원으로부터 '소외 2에 대한 2000년 귀속 소득금액 680,479,744원의 소득금액변동통지처분은 그 소득금액 14,382,697원을 소외 2의 소득금액에서 제외하여 이를 경정하고 나머지 청구를 기각한다'는 결정을 받았다.",
            "한편 피고는 2005. 5. 13.과 2005. 6. 10. 원고에 대하여 2004. 10. 15.자 소득금액변동통지에 의하여 각 근로소득세 징수처분을 아래 표 기재와 같이 하였다가, 2007. 4. 2. 위 국세심판원 경정결정에 따라 소외 2에 대한 2000년 귀속 인정상여금액을 666,097,047원{=680,479,744원-14,382,697원(소외 3의 기타 소득으로서 국제특허출원비용의 1÷2 상당)}으로 정정하는 소득금액변동통지를 하였다. ",
            "그리고 그 무렵 원고의 2000년 귀속 근로소득세를 91,275,420원으로 경정하여 고지하였다.",
            "피고는 이 사건 소송 계속중인 2008. 9. 22. 원고의 2000년 거래내역 중 00상사에 대한 입력착오로 중복 계상되었던 122만원과 대성상사의 계좌입금액 325만 원의 합계 447만 원을 2000년 과세대상금액에서 제외하여 2000년 제1기 부가가치세를 53,599,710원으로 감액 경정하였다.",
            "그리고 2000년 제2기 부가가치세를 58,934,020원으로, 2000 사업연도 법인세를 301,341,640원으로, 2000년 귀속 근로소득세를 89,308,620원으로 감액 경정하였다.",
            "(이하 피고가 이 사건과 관련하여 위와 같은 감액결정과정을 거쳐 아래 표 기재와 같이 원고에 대하여 최종적으로 한 각 법인세와 부가가치세 부과처분 및 소득금액변동통지를 합하여 '이 사건 부과처분'이라 한다)",
            "원고의 주식은 설립 이래 줄곧 원고의 대표이사 소외 2가 35%, 소외 2의 처인 감사 소외 3이 15%, 소외 2의 아들들인 이사 소외 4, 1이 각 20%, 그 밖에 소외 5가 10%를 각 소유하고 있었다.",
            "피고는 이 사건 조사 과정에서 원고 제시의 2000년 거래명세표 885장외에 세금계산서가 발행되지 않은 원고 명의의 2000년 거래명세표 395장(공급대가 595,279,124원, 이하 '이 사건 거래명세표'라 한다)을 별도로 입수하였다.",
            "이 사건 거래명세표는 위 2000년 거래명세표 885장과 비교하여 그 형태, 결재양식, 인영 및 일련번호 부여방식 등이 동일할 뿐만 아니라 그 일련번호가 중복되지 않고, 원고의 대표이사, 전무 등 인장이 날인되어 있었으며, 이 사건 거래명세표상 거래처 141곳 대부분이 위 거래명세표 885장의 거래처에 포함되어 있었다.",
            "피고는 2004. 9. 10. 서울동부지방검찰청에 이 사건 거래명세표와 이 사건 각 계좌에 의한 매출누락을 조세포탈로 보고 원고를 고발하였다. 이에 서울동부지방검찰청 검사는 원고의 대표이사 소외 2에 대하여 소외 1의 조세포탈행위를 인식하지 못하였다는 이유로 무혐의처분을 하면서 원고와 소외 1을 조세범처벌법위반으로 기소하였다.",
            "피고는, 원고가 2000. 5. 31. 대표이사 소외 2의 배우자 소외 3의 종합소득세 확정신고 세액납부를 하면서 자산소득 합산과세로 인하여 대표이사 소외 2가 부담할 소득세 상당액 3,300만 원을 장부에 기장하지 않고 원고 계좌에서 인출하여 납부하였으므로 대표이사 상여로 소득처분하였다."
        ]
    },
    "dcss": {
        "courtDcss": [
            "조세소송에 있어서는 국세기본법 규정에 의하여 행정소송법 제18조 제2항, 제3항 및 제20조의 규정이 적용되지 아니한다.",
            "다만 2개 이상의 같은 목적의 행정처분이 단계적, 발전적 과정에서 이루어진 것으로서 서로 내용상 관련이 있다든지, 세무소송 계속 중에 그 대상인 과세처분을 과세관청이 변경하였는데 위법사유가 공통되게 되는 경우에 이하와 같이 판단한다. ",
            "선행처분에 대하여 적법한 전심절차를 거친 때와 같이, 국세청장과 국세심판원으로 하여금 기본적 사실관계와 법률문제에 대하여 다시 판단할 수 있는 기회를 부여하였을 뿐더러 납세의무자로 하여금 굳이 또 전심절차를 거치게 하는 것이 가혹하다고 보이는 등 정당한 사유가 있는 때에는 납세의무자가 전심절차를 거치지 아니하고도 과세처분의 취소를 청구하는 행정소송을 제기할 수 있다고 보아야 한다.",
            "그리고 행정소송법 제22조가 정하는 소의변경은 그 법조에 의하여 특별히 인정되는 것으로서 민사소송법상의 소의 변경을 배척하는 것이 아니므로, 행정소송의 원고는 행정소송법 제8조 제2항에 의하여 준용되는 민사소송법에 따라 청구의 기초에 변경이 없는 한도에서 청구의 취지 또는 원인을 변경할 수 있다(대법원 1999. 11. 26. 선고 99두9407 판결 참조).",
            "이 경우 변경된 소의 제소기간 준수 여부는 당초 변경되기 전의 소의 제기일을 기준으로 판단하여야 할 것이다.",
            "원고가 이 사건 소장으로 청구한 2005. 6. 10.자 근로소득세 징수처분의 취소청구부분은 위 제2항에서 살펴본 바와 같은 원고의 주장사실에 터 잡아 피고가 2004. 10. 15. 원고에게 한 소득금액변동통지가 위법하다는 것을 청구원인으로 하고 있어 그 청구의 기초에 동일성이 인정된다 할 것이다.",
            "국세심판원이 이 사건 소득금액변동통지에 대한 원고의 국세심판청구에 의하여 기본적 사실관계와 법률문제에 대하여 다시 판단할 수 있는 기회를 부여받은 이상 원고로 하여금 이 사건 각 근로소득세 징수처분에 관하여 굳이 또 전심절차를 거치게 하는 것은 원고에게 가혹하다고 보이므로, 원고는 이 사건 각 근로소득세 징수처분에 대한 전심절차를 거치지 않고 이 사건 2005. 6. 10.자 근로소득세 징수처분의 취소를 청구하는 행정소송을 제기할 수 있다 할 것이다.",
            "이 사건 소 중 2005. 6. 10.자 근로소득세 징수처분의 취소를 청구하는 부분이 적법한 제소기간 내에 제기된 이상 원고는 민사소송법 제262조 제1항에 의하여 이와 청구의 동일성이 인정되는 이 사건 소득금액변동통지의 취소를 추가적으로 청구하는 것으로 청구취지를 변경할 수 있을 뿐만 아니라 2005. 5. 13.자 근로소득세 징수처분의 취소까지 함께 청구하는 것으로 청구취지를 확대할 수 있다 할 것이므로, 피고의 위 항변은 모두 이유 없다.",
            "일반적으로 세금부과처분취소소송에 있어서 과세요건사실에 관한 입증책임은 과세권자에게 있다고 할 것이나, 구체적인 소송과정에서 경험칙에 비추어 과세요건사실이 추정되는 사실이 밝혀지면, 상대방이 문제로 된 당해 사실이 경험칙 적용의 대상적격이 되지 못하는 사정을 입증하지 않는 한, 당해 과세처분을 과세요건을 충족시키지 못한 위법한 처분이라고 단정할 수는 없다(대법원 2002. 11. 13. 선고 2002두6392 판결 참조).",
            "위 인정사실과 이에 의하여 알 수 있는 다음 각 사정 등을 위 법리에 비추어 살펴보면, 원고는 이 사건 거래명세표상 매출거래의 주체로서 해당 각 거래처에 물품을 공급하여 매출수입의 귀속자에 해당한다 할 것이므로, 원고의 이 부분 주장은 이유 없다.",
            "납세의무자의 신고내용에 오류 또는 탈루가 있어 이를 경정함에 있어서는 장부나 증빙에 의함이 원칙이라고 하겠으나, 다른 자료에 의하여 그 신고내용에 오류 또는 탈루가 있음이 인정되고 실지조사가 가능한 때에는 그 다른 자료에 의하여서도 이를 경정할 수 있는데, 실지조사는 그것이 실제의 수입을 포착하는 방법으로서 객관적이라고 할 수 있는 한 특별한 방법상의 제한은 없다 할 것이다.",
            "납세의무자의 금융기관계좌에 입금된 금액을 조사하는 방법으로 납세의무자의 총수입액을 결정한 것은 객관성이 있는 방법으로서 적법한 실지조사방법에 속한다(대법원 1998. 3. 24. 선고 97누9895 판결 등 참조).",
            "이 사건 각 계좌에 2000. 1. 1.경부터 2003. 12. 31.경까지 입금된 금액의 총액이 1,276,003,360원이었다.",
            "이 중 입금인의 인적사항이 확인되지 않는 254,572,752원을 제외한 나머지 1,021,430,608원(= 1,276, 003,360원 - 254,572,752원) 가운데 가족간 또는 거래처와 이루어진 금전대차관계로 확인되거나 이미 원고 명의로 세금계산서가 발행된 337,723,000원은 원고의 매출누락액으로 봄이 상당하다. ",
            "또한 2000년 입금액 중 이 사건 거래명세표에 의하여 매출누락으로 산정된 금액과 중복가능성이 있는 154,128,337원을 제외한 529,579,271원(= 1,021,430,608원 - 337,723,000원 - 154,128, 337원)은 원고의 매출누락액으로 봄이 상당하므로, 원고의 이 부분 주장은 이유 없다.",
            "소외 1은 위 기간 동안에도 원고의 운영에 실제로 관여하였고, 000에 관한 거래대금을 소외 1 명의의 회전농협 계좌로 수취하였다. ",
            "또한, 이 사건 제1계좌의 입금액 중 상당 부분이 원고의 매출누락액임은 앞서 살펴본 바와 같은 이상 이 사건 제1계좌의 입금액 중 입금인의 인적사항이 확인되는 부분 중에서 소외 1이 원고와 무관하게 000의 계산으로 거래하였음에도 그 거래대금을 위 회전농협 계좌가 아닌 이 사건 제1계좌로 수취할 사정이 있었다는 점에 관한 원고의 주장, 입증이 없으므로, 원고의 위 주장도 이유 없다.",
            "이 사건 각 계좌가 원고의 매출누락에 이용된 사정이 있기는 하지만, 위 인정사실 등을 통하여 알 수 있는 다음 각 사정에 비추어 보면, 이 사건 각 계좌가 원고의 계좌라고 단정하기 어렵고, 따라서 이 사건 각 계좌의 입금액 중 입금인의 상호·성명이 기재되어 있으나 그 인적사항이 확인되지 않는 254,572,725원은 원고의 매출누락액으로 보기 어려우므로, 이 사건 부과처분 중 위 254,572,725원에 관한 원고의 주장은 이유 있다.",
            "일반적으로 세금부과처분취소소송에 있어서 과세요건사실에 관한 입증책임은 과세권자에게 있다고 할 것이나, 구체적인 소송과정에서 경험칙에 비추어 과세요건사실이 추정되는 사실이 밝혀지면, 상대방이 문제로 된 당해 사실이 경험칙 적용의 대상적격이 되지 못하는 사정을 입증하지 않는 한, 당해 과세처분을 과세요건을 충족시키지 못한 위법한 처분이라고 단정할 수는 없다(대법원 2002. 11. 13. 선고 2002두6392 판결 참조).",
            "그 결과 선행 형사판결에서 확정된 부분 이외에 추가로 부과처분이 이루어진다고 하더라도 이를 위 형사판결의 확정사실에 반하는 것이라고 볼 수 없으므로, 원고의 이 부분 주장은 이유 없다.",
            "이 사건 형사판결의 사실인정이 객관적인 사실관계와 다소 배치되는 부분이 있다고 하더라도, 갑 제30호증, 을 제14호증의 1, 을 제17호증의 1, 2의 각 기재에 변론 전체의 취지를 종합하면, 원고가 이 사건 형사판결의 오류라고 주장하는 위 사항들은 세금계산서의 발행, 입금내역의 부존재 등으로 이미 이 사건 부과처분의 과세대상에서 제외된 사실을 인정할 수 있으므로, 원고의 이 부분 주장은 더 나아가 살펴 볼 필요 없이 이유 없다.",
            "앞서 본 바와 같이 위 계좌의 입금액 중 입금자의 인적사항이 확인되는 부분에 대하여 과세요건사실이 추정된다고 할 것이므로, 원고가 이에 반하여 전년도 이월잔액이 2001년부터 2003년까지 위 계좌에 입금된 내역을 구체적으로 입증하여야 할 것인바, 을 제27호증의 261,299의 각 기재만으로 이를 인정하기에 부족하고 달리 이를 인정할 만한 증거가 없으므로, 원고의 위 주장도 이유 없다.",
            "원고가 소외 2, 3 소유의 특허권을 전용 실시함에 있어 특허권자의 특허분쟁을 원활히 해결하고 추가 분쟁의 소지를 사전에 제거함으로써 결국 특허사용의 이득을 얻을 수 있었다 하더라도, 그러한 비용은 원고에게 전용 실시권을 부여한 특허권자가 부담하여야 할 것이다.",
            "원고가 2000. 1. 1.부터 2000. 12. 31.까지 특허관련 소송비용과 국제특허출원비용으로 지출한 합계 28,765,494원은 원고의 업무와 무관한 비용으로서 손금불산입되어야 할 것이고, 따라서 원고의 이 부분 주장은 이유 없다.",
            "원고가 2000. 5. 31. 원고 대표이사의 종합소득세 3,300만 원을 원고의 금융기관 계좌에서 인출한 돈으로 대납한 사실은 앞서 본 바와 같은바, 소외 2 또는 그 친인척이 원고에게 위 돈을 반환하였음을 인정할 만한 증거가 없다.",
            "소외 2는 그의 배우자인 소외 3과 사이에 자산소득에 관하여 합산과세납부를 하되, 다만 합산되는 자신의 소득 부분에 한하여 납세의무자라 할 것이므로, 문제의 종합소득세에 대하여 주된 소득자인 소외 3만이 납세의무를 부담한다는 전제에 선 원고의 이 부분 주장은 이유 없다.",
            "이는 원고가 위 3,300만 원을 장부상 기재 없이 부당하게 사외 유출한 것이므로 일반 부외 경비로서 원고에게 손금 3,300만 원(유보)으로 귀속시키는 동시에 이 금액이 대표이사의 종합소득세로 사용되었으므로 손금불산입 3,300만 원(상여)로 대표이사에게 귀속되도록 소득처분한 것으로서, 이것을 부당한 세무조정으로 볼만한 사정이 엿보이지 않으므로 원고의 이 부분 주장은 모두 이유 없다.",
            "이 사건 주위적 청구와 예비적 청구는 동일한 청구원인에 기초하고 있으면서 다만 주위적으로는 이 사건 소득금액변동통지의 취소를 구하고 예비적으로는 이 사건 각 근로소득세 징수처분의 취소를 구하는 것일 뿐이므로, 주위적 청구에 관한 원고의 주장사실은 이 사건 각 계좌의 입금액 중 입금인의 인적사항이 확인되지 않는 금액 254,572,752원 부분에 한하여 이유 있고, 나머지 부분은 모두 이유 없음은 앞서 살펴본 바와 같다.",
            "주위적 청구 중 인정되지 않는 부분에 관한 예비적 청구도 동일하게 이유없다 할 것이므로, 예비적 청구에 관한 원고의 주장도 모두 이유 없다.",
            "따라서 이 사건 각 계좌의 입금액 중 입금인의 인적사항이 확인되지 않는 금액 254,572,752원 부분이 원고의 매출누락액임을 전제로 한 이 사건 부과처분은 위 254,572,752원 부분에 대한 과세기간별 법인세, 부가가치세 및 소득금액변동통지금액에 한하여 위법하고, 나머지 부분은 적법하다.",
            "위 254,572,752원 부분에 대한 과세기간별 법인세와 부가가치세 부과처분금액은 별지 1 제1목록 중 감액할 세액란 기재 각 해당 과세기간별 금액과 같고, 위 254,572,752원 부분에 대한 과세기간별 소득금액변동통지금액은 별지 1 제2목록 중 감액할 금액란 기재 각 해당 과세기간별 금액과 같은 사실은 당사자 사이에 다툼이 없다."
        ]
    },
    "close": {
        "cnclsns": [
            "당심에서 변경된 청구를 포함하여 제1심 판결을 다음과 같이 변경한다.",
            "피고가 2004. 10. 1. 원고에게 한 별지 1 제1목록의 ‘고지세액’란 기재 각 금액의 법인세 및 부가가치세의 부과처분 중같은 목록의 ‘정당한 세액’란 기재 각 해당 금액을 초과하는 부분을 모두 취소한다.",
            "피고가 2004. 10. 15. 원고에게 한 별지 1 제2목록의 ‘소득금액변동통지금액’란 기재 각 금액의 소득금액변동통지 중 같은 목록의 ‘올바른 소득금액변동통지금액’란 기재 각 해당 금액을 초과하는 부분을 모두 취소한다.",
            "원고의 나머지 주위적 청구 및 예비적 청구를 모두 기각한다.",
            "소송총비용 중 85%는 원고가, 나머지는 피고가 각 부담한다."
        ]
    }
}