{
    "info": {
        "caseField": "3",
        "detailField": "5",
        "trailField": "2",
        "caseNm": "부가가치세 부과처분등 취소",
        "courtNm": "서울고등법원",
        "judmnAdjuDe": "2010. 05. 27.",
        "caseNo": "2009누25394",
        "relateLaword": [
            "부가가치세법 제17조 ",
            "부가가치세법 시행령 제60조",
            "유통산업발전법 제8조 ",
            "재래시장 및 상점가 육성을 위한 특별법 제2조",
            "재래시장 및 상점가 육성을 위한 특별법 제34조"
        ],
        "qotatPrcdnt": [
            "대법원 2006. 7. 28. 선고 2004두13844 판결",
            "대법원 2010. 1. 14. 선고 2007두20744 판결"
        ]
    },
    "concerned": {
        "acusr": "2",
        "dedat": "3"
    },
    "org": {
        "orgJdgmnCourtNm": "서울행정법원 ",
        "orgJdgmnAdjuDe": "2009. 7. 23. ",
        "orgJdgmnCaseNo": "2008구합47463 "
    },
    "disposal": {
        "disposalform": "10",
        "disposalcontent": [
            "제1심 판결을 다음과 같이 변경한다.",
            "피고가 2007. 9. 3. 원고에 대하여 한 2007년 제1기분 부가가치세 546,497,720원의 환급거부처분 중 248,408,052원을 초과하는 부분을 취소한다.",
            "원고의 나머지 청구를 기각한다.",
            "소송총비용 중 40%는 원고가, 60%는 피고가 각 부담한다."
        ]
    },
    "mentionedItems": {
        "rqestObjet": [
            "피고가 2007. 9. 3. 원고에 대하여 한 2007년 제1기분 부가가치세 546,497,720원의 환급거부처분을 취소한다.",
            "제1심 판결을 취소한다.",
            "원고의 청구를 기각한다."
        ]
    },
    "assrs": {
        "acusrAssrs": [
            "이 사건 정비사업 구역 부지의 약 85%를 소유하고 있는 동부청과의 지분을 취득하는 것이 토지 등 소유자의 동의요건을 충족시키는 데 필수적이었고, 동부청과의 복잡한 지분구조와 임대 및 전대차 관계 등으로 인하여 동부청과 인수를 위한 이 사건 컨설팅 계약은 위 정비사업의 추진에 불가피한 것이었다.",
            "이 사건 정비사업 부지의 균형발전촉진지구 편입에 관한 용역은 결과적으로 불필요하게 되었을 뿐 아니라 이 사건 제1,2 용역계약 대금은 이 사건 정비사업의 시행을 위하여 정비사업 전문관리업체에게 지출한 업무대행 용역비이므로 토지관련 매입세액에 해당되지 않는다"
        ],
        "dedatAssrs": []
    },
    "facts": {
        "bsisFacts": [
            "원고는 도심재개발사업 회사로서 0000 일대 000 이하 동부청과 라 하고 모든 회사의 명칭에서 주식회사 는 (주) 로 표시하거나 그 기재를 생략한다 소유 시장건물 부지 등 합계 16,991.30㎡(이하 '이 사건 정비사업 구역' 이라 한다) 지상에 00000(이하 '이 사건 건물' 이라 한다)을 신축,판매하는 내용의 시장정비사업 계획을 수립하였다(이하 '이 사건 정비사업' 이라 한다).",
            "원고는 이 사건 정비사업 구역 내 최대 지주인 동부청과의 인수에 필요한 자문을 제공받기 위하여 2006. 8. 7. 000와 기업인수자문 컨설팅계약을 체결하고(이하 '이 사건 컨설팅 계약' 이라 한다) 2007. 1. 5. 그 용역대금으로 25억 원을 지급하였다.",
            "또한 원고는 이 사건 정비사업 부지를 균형발전촉진지구로 편입하고, 이에 따른 기본계획수립 및 구역지정인가 업무추진을 위하여, 1. 2007. 1. 8. 000과 용역계약을 체결하고(이하 '이 사건 제1용역계약' 이라 한다) 2007. 1. 9. 용역대금 15억 원을 지급하였다.",
            "그리고 2. 2007. 1. 31. 000과 용역계약을 체결하고(이하 '이 사건 제2용역계약' 이라 한다) 2007. 2. 5. 용역대금 15억 원을 지급하였다.",
            "원고는 2007. 4. 25. 2007년 제1기 부가가치세를 신고함에 있어 이 사건 컨설팅 대금, 이 사건 제1,2 용역계약 대금에 대한 매입세액 합계 5억 5천만 원을 매입세액으로 공제하고 665,067,490원을 환급신청하였다.",
            "이에 피고는 2007. 9. 3. 원고에 대하여 아래와 같은 내용으로 부가가치세 경정·고지를 하였다(이하 '이 사건 처분' 이라 한다).",
            "000(약 67명의 주주가 820주 정도를 거의 균등하게 보유하고 있다)는 유통산업발전법 제8조 규정에 의하여 등록된 대규모점포로 재래시장 및 상점가 육성을 위한 특별법(이하 '재래시장법'이라 한다) 제2조에 정한 재래시장에 해당된다.",
            "시장정비사업 승인 대상인 재래시장은 주거복합건물 중 주거용으로 사용되는 부분의 면적이 연면적의 90% 미만이어야 하는데(서울특별시 도시계획조례 제32조 단서 및 별표3 제1호), 이 사건 정비사업 구역은 그에 해당하는 재래시장으로서 시장정비사업심의위원회의 심의를 거치면 주거복합건물 용적률의 적용을 받지 않을 수 있다.",
            "이 사건 정비사업 구역 부지의 75.6%를 소유하는 동부청과는 2003년경부터 자체적인 시장개발계획을 추진하다가 2005년경개별 주주의 주식을 매각하는 방식으로 시장개발을 하기로 방침을 정하였는데, 2006. 4.경부터 여러 개발시행업체로부터 사업부지 또는 지분의 매도 제의를 받았다.",
            "원고는 이 사건 컨설팅 계약에 의한 자문을 거쳐 000의 주식을 양수받은 다음 2006. 12. 29. 000와 사이에 사업승인 신청 전의 제반업무 및 소요 자금 조달, 사업과 관련된 인허가 업무 등 실질적인 업무 일체를 원고가 수행하되, 사업주체는 000와 공동 명의로 하기로 하는 내용의 공동사업약정을 체결하였다(재래시장법에 따른 이 사건 정비사업의 시행대표자는 OOO이다).",
            "000은 이 사건 제1용역계약의 이행을 위하여 2007. 3. 29. 소외 1과 사이에, 2007. 9. 4. 000와 사이에 용역하도급계약을 체결하였는데, 위 각 하도급계약의 업무범위와 실제 수행한 업무의 내용은 아래와 같다.",
            "000도 이 사건 제2용역계약의 이행을 위하여 2008. 4. 3. 000과 사이에, 2008. 4.경 000와 사이에 하도급계약을 각 체결하였는데, 위 각 하도급계약의 업무 범위와 실제 수행한 업무의 내용은 아래와 같다.",
            "2008. 3. 25. 청량리 균형발전촉진지구의 지정변경으로 이 사건 정비사업 구역 중 균형발전촉진지구로 지정되었던 0000 외 4필지 4,856㎡가 균형발전지구에서 제척되어 이 사건 정비구역 전체가 시장정비구역으로 편입되었다.",
            "당초 이 사건 제1, 2용역계약의 내용에는 이 사건 정비사업 구역에 대한 균형발전촉진지구 지정을 위한 내용이 포함되어 있었으나, 이 사건 정비사업 구역 내 토지 전체가 시장정비구역이 되면서 재래시장법에 의한 정비사업을 추진함에 따라 균형발전지구 편입 등 토지 용도변경과 관련된 용역수행은 제외되었다.",
            "그리고 균형발전촉진지구로 지정되지 않아도 시장정비사업만으로 이 사건 건물을 신축하는데 필요한 용적률(880.50%) 및 주상비율(주거비율 87%)은 충족된다."
        ]
    },
    "dcss": {
        "courtDcss": [
            "원고가 이 사건 정비사업을 수행하기 위해서는 여러 가지 방안들이(예컨대 OOO가 보유한 토지 등 부동산 자체를 양수하는 방안, OOO 주주들의 개별 동의를 이끌어 내는 방안, OOO의 주식을 인수하여 회사의 지배권을 확보하는 방안 등) 있다.",
            "그 가운데, 장차의 사업수행 과정에서 원고가 주도권을 가지는 것이 가능하고 나아가 정비사업 시행 이후 발생하는 개발이익 등 수익이 원고에게 가장 많이 귀속될 수 있도록 하는 방법은 회사인수 방식으로 추진하는 것이라는 판단 아래 그 인수할 기업(000)의 자산평가, 주주 교섭 등 인수를 위한 구체적 실무 추진방안에 대한 용역을 준 것에 지나지 아니한다.",
            "결국 피고가 이 사건 처분을 함에 있어, 이 사건 컨설팅 계약에 의한 용역비용은 이 사건 정비사업과 직접 관련이 없는 지출이라고 본 것은 정당하다.",
            "이 사건 제1,2용역계약대금은 위 규정에 정한 토지관련 매입세액에는 해당하지 않는다고 할 것이다.",
            "위 부가가치세법 시행령 제60조 제6항 제3호에서 매입세액 불공제 대상으로 정한 토지의 가치를 현실적으로 증가시켜 토지의 취득원가를 구성하는 비용에 관련된 매입세액 은 토지 소유자인 사업자가 당해 토지의 조성 등을 위하여 한 자본적 지출을 의미한다고 봄이 타당하다.",
            "그러므로, 당해 토지의 소유자 아닌 사업자가 토지의 조성 등을 위한 자본적 지출의 성격을 갖는 비용을 지출한 경우는 그에 해당하지 않는다고 할 것이다( 대법원 2010. 1. 14. 선고 2007두20744 판결 참조).",
            "이 사건의 경우 원고는 이 사건 정비사업부지의 소유자가 아니므로 위에서 본 법리에 비추어 보더라도 위 용역대금을 매입세액 불공제 대상인 토지관련 매입세액이라고 볼 수는 없다.",
            "따라서 피고가 이 사건 처분을 함에 있어 이 사건 제1,2용역계약대금을 매입세액 공제대상에서 제외한 것은 어느 모로 보나 위법이라고 할 것이다.",
            "피고가 원고에게 환급하여야 할 세액은 별지 세액계산표 기재와 같이 416,659,439원이 되므로, 이 사건 처분에서 피고가 환급을 거부한 546,497,720원 중 248,408,052원을 초과하는 부분은 위법하므로 취소되어야 할 것이다."
        ]
    },
    "close": {
        "cnclsns": [
            "피고가 2007. 9. 3. 원고에 대하여 한 2007년 제1기분 부가가치세 546,497,720원의 환급거부처분 중 248,408,052원을 초과하는 부분을 취소한다.",
            "원고의 나머지 청구를 기각한다.",
            "소송총비용 중 40%는 원고가, 60%는 피고가 각 부담한다."
        ]
    }
}