{
    "info": {
        "caseField": "3",
        "detailField": "5",
        "trailField": "2",
        "caseNm": "기반시설부담금부과처분취소",
        "courtNm": "서울고등법원",
        "judmnAdjuDe": "2009. 09. 16.",
        "caseNo": "2009누3585",
        "relateLaword": [
            "행정소송법 제8조",
            "민사소송법 제420조",
            "구 기반시설부담금에 관한 법률 시행령(2008. 1. 8. 대통령령 제20536호로 개정되기 전의 것) 제8조",
            "부동산가격공시 및 감정평가에 관한 법률 제11조",
            "건축법 제2조 ",
            "구 기반시설부담금에 관한 법률 제9조",
            "구 기반시설부담금에 관한 법률 제6조",
            "구 기반시설부담금에 관한 법률 제1조",
            "구 기반시설부담금에 관한 법률 제2조",
            "구 기반시설부담금에 관한 법률 시행령(2008. 1. 8. 대통령령 제20536호로 개정되기 전의 것) 제5조",
            "국토의 계획 및 이용에 관한 법률 제36조",
            "국토의 계획 및 이용에 관한 법률 제67조"
        ],
        "qotatPrcdnt": []
    },
    "concerned": {
        "acusr": "2",
        "dedat": "3"
    },
    "org": {
        "orgJdgmnCourtNm": "서울행정법원",
        "orgJdgmnAdjuDe": "2008. 12. 26",
        "orgJdgmnCaseNo": "2008구합6424"
    },
    "disposal": {
        "disposalform": "10",
        "disposalcontent": [
            "피고의 항소를 기각한다.",
            "항소비용은 피고가 부담한다."
        ]
    },
    "mentionedItems": {
        "rqestObjet": [
            "피고가 2007. 11. 21.자로 원고에 대하여 한 기반시설부담금 440,983,500원의 부과처분을 취소한다."
        ]
    },
    "assrs": {
        "acusrAssrs": [
            "법 제6조에서 부과대상을 기반시설의 설치를 유발한 건축행위로 규정하지 않고 재건축,재개발,증개축을 포함하는 건축연면적 200㎡를 초과하는 전국의 모든 건축행위로 획일적으로 정한 것은 합리적 이유 없이 기반시설의 설치필요성을 유발한 건축행위자와 그렇지 않은 자를 같게 취급하는 것이어서 평등원칙에 반하는 위헌적 규정이다.",
            "기반시설 부담금의 산정은 당해 건축행위가 유발시킨 정확한 기반시설의 필요량을 산정하여 기반시설 설치비용을 결정하고 이를 기반시설의 설치 유발정도에 맞게 당해 건축행위자에게 배분하는 것이 타당함에도 법 제9조 등에서 기반시설의 설치 필요성 유발 여부 및 유발 정도를 전혀 고려하지 않고 획일적으로 기반시설 표준시설비용과 기반시설에 대한 용지비용을 합산한 금액에 건축연면적과 부담률을 곱하여 산정하도록 정하였다.",
            "그리고, 건축행위자가 납부하거나 납부예정인 기반시설의 설치에 사용될 여지가 있는 재원과의 중복 여부를 전혀 고려하지 않는 것은 피해의 최소성 및 법익의 균형성 등 비례원칙에 반하는 위헌적인 규정이다.",
            "원고가 허가받은 증축은 건축연면적 약 1,500㎡가 줄어드는 것이어서 증축으로 인해 새로운 기반시설의 설치 필요성이 없는 것임에도 법 시행령 제5조를 형식적으로 적용하여 나온 이 사건 처분은 법의 본래 목적을 도외시하고 구체적 타당성을 고려하지 않은 위법한 처분이고, 적어도 철거부분과 신축부분의 세부용도에 있어 실질적인 차이가 없는 면적은 부과대상에서 제외되어야 하므로 이 부분에 관한 이 사건 처분은 위법하다."
        ],
        "dedatAssrs": [
            "법 시행령 제5조가 무효라고 하더라도 원고가 2007. 9. 21. 증축허가를 받을 때 기존의 자동차관련시설의 철거부분(연면적 합계 6,493㎡)으로 정해진 면적 가운데 일부를 철거하지 않고 그대로 사용하고 있다.",
            "그리고, 또한 위 철거부분에 포함된 주차장은 법 시행령 제7조 제1항 제2호에 의하여 기반시설부담금 부과대상이 아니어서 철거되는 건물면적 산정에서 제외되어야 하므로 이를 제외하면 실제로 기반시설부담금 산정의 대상이 되는 철거부분은 2,412,66㎡인데, 원고는 새로이 운동시설 및 근린생활시설 5,067.37㎡를 신축하였다.",
            "그러므로, 이 사건 건축행위로 인하여 기반시설 설치 등을 유발하는 건축연면적은 2,654.71㎡(5,067.37㎡ - 2,412,66㎡)가 증가하였다. 할 것이어서 이 사건 처분 중 위와 같이 건축연면적이 증가한 부분에 관한 기반시설부담금 부과부분은 적법하다."
        ]
    },
    "facts": {
        "bsisFacts": [
            "원고는 2007. 9.경 피고에게 원고 소유의 별지 증축내역 기재 1. 철거부분 (연면적 합계 6,493㎡, 주 용도 : 자동차관련시설)을 철거하고 같은 별지 기재 2. 신축부분 (연면적 5,067.37㎡, 주 용도 : 운동시설 및 근린생활시설)을 신축하는 내용의 증축허가를 신청하여 2007. 9. 21. 그 허가를 받았다",
            "피고는 위 증축허가와 관련하여 2007. 11. 21.자로 원고에게 구 기반시설부담금에 관한 법률(2008. 3. 28. 법률 제9051호로 폐지되기 전의 것으로서 2008. 2. 29. 법률 제8852호로 일부 개정되기 전의 것, 이하 법 이라 한다) 제6조 제3항, 제11조 제1항, 구 법 시행령 제5조 등의 관계규정에 의하였다.",
            "그리고 위 철거건물과 신축건물의 각 건축법 제2조 제2호가 정한 용도가 다르다는 이유를 들어 기반시설부담금 440,983,500원을 부과(이하 이 사건 처분 이라 한다)하였다."
        ]
    },
    "dcss": {
        "courtDcss": [
            "기반시설부담금은 건축물의 신축,증축으로 인하여 유발되는 기반시설(도로, 공원, 녹지, 수도, 하수도, 학교, 폐기물처리시설)을 설치하거나 그에 필요한 용지를 확보하기 위하여 부과,징수하는 조세외적인 법정부담금이다.",
            "법의 입법취지는 국토의 계획 및 이용에 관한 법률 제67조의 규정에 따라 건축물의 건축행위로 인하여 유발되는 기반시설의 설치,정비 또는 개량행위에 필요한 재원을 확보하고 토지의 합리적인 이용을 촉진함으로써 궁극적으로 국민의 삶의 질을 향상하게 하는 데 있다. ",
            "이러한 입법취지에 비추어 일정한 건축행위에 대하여 기반시설부담금을 부과하는 것은 그 목적의 정당성이 인정되고, 조세외적인 법정부담금인 기반시설부담금은 이러한 목적달성에 기여하는 적합한 방법이므로 그 수단의 적정성도 인정된다.",
            "나아가 법은 모든 건축행위에 대하여 일률적으로 기반시설부담금을 부과하는 것이 아니라 시,군,구별 도시 및 비도시지역의 평균 공시지가 적용으로 지가 차이를 반영하고, 지방자치단체의 장이 건물 규모, 당해 지역의 지가 수준, 지역 특성 등을 고려하여 100분의 25 범위 내에서 부담률을 가감할 수 있도록 하며, 용지비용 산정시 환산계수를 적용하여 용도지역에 따라 차등을 두었을 뿐만 아니라 건축물 용도별로 기반시설의 유발 정도를 반영한 유발계수를 도입한다.",
            "그리고, 납부의무자가 학교용지부담금 등 이중부과 성격의 부담금을 납부하는 경우에는 기반시설부담금에서 당해 부담금에 해당하는 금액을 공제토록 하는 등 다양한 제도적 보완책을 두고 있으므로, 최소침해성의 원칙에도 위반되지 않을 뿐만 아니라, 이 사건 처분으로 인해 재산권이 제한됨으로써 받게 되는 불이익이 법에 의하여 달성하려는 공익에 비하여 훨씬 크다고 할 수도 없다.",
            "따라서 기반시설부담금이 비례의 원칙에 반한다고 볼 수 없고, 또한 부과요건과 부과제외 대상을 규정하는 것은 광범위한 입법자의 입법재량에 속하는 점을 감안하면, 기반시설부담금이 평등의 원칙에 반한다고 볼 수도 없으므로, 원고의 이 부분 주장은 이유 없다.",
            "법 시행령 제5조는 법 제6조 제3항에서 대통령령이 정하는 동일 용도의 범위 라 함은 철거되는 기존 건축물의 건축법 제2조 제2항 각 호에 따른 용도와 신축 건축물의 건축법 제2조 제2항 각 호에 따른 용도가 서로 같은 경우를 말한다. 라고만 규정하고 있다.",
            "그럼으로써 건축법 제2조 제2항 각 호 소정의 용도별로 기반시설의 유발 정도를 살피지 아니하고 획일적으로 단지 기존 건축물의 건축법 제2조 제2항 각 호에 따른 용도와 신축 건축물의 같은 조항에 따른 용도가 다르기만 하면 기존 건축물의 연면적을 공제하지 아니한 채 신축 건축물의 연면적 전체를 기준으로 기반시설부담금을 부과하도록 규정하고 있다.",
            "이 사건에서와 같이 기존 건축물의 철거부분의 건축법 제2조 제2항에 따른 용도가 자동차관련시설로서 위 별표 2 에 의한 기반시설 유발계수가 1.0이다.",
            "그리고, 신축부분 5,067.37㎡ 중 대부분을 차지하는 4,337.185㎡ 부분은 같은 조항에 따른 용도가 운동시설로서 위 별표 2 에 의한 기반시설 유발계수가 1.0으로 동일하여 위 별표 2 가 정한 기준대로라면 기반시설 유발 정도에 변화가 없는데도 신축된 면적 전부에 대하여 기반시설부담금을 부과받게 되는 결과에 이른다.",
            "그러므로, 기존 건축물의 철거부분과 신축부분의 용도가 모두 자동차관련시설일 경우에 신축된 면적에서 철거된 면적을 제외한 나머지 면적에 대해서만 기반시설부담금을 부과받게 되는 것과 비교하여 볼 때 현저히 불평등하다.",
            "그리고, 그 밖에 법 시행령 제5조가 동일용도의 범위 내 를 그 규정과 같이 정할 합리적 근거를 찾을 수 없는 점 등에 비추어 보면, 법 시행령 제5조는 법 제6조 제3항의 위임 취지 및 법 제1조의 목적 등에도 명백히 반하는 것으로서 무효라고 봄이 상당하다.",
            "따라서 법 시행령 제5조는 이 사건에 적용될 수 없어 이 사건 처분은 그 근거가 없다고 할 것이므로 위법하다.",
            "피고의 주장대로 건축연면적이 2,654.71㎡가 증가하였다고 하더라도, 철거부분과 신축부분의 용도를 따져 보지도 아니한 채 이 사건 건축행위로 증가하게 되는 건축연면적을 산술적으로 추출하고 그 부분만을 부과대상으로 하여 기반시설부담금을 산정하는 것은 위에서 본 법 제6조 제3항의 규정내용과 취지에 부합하지 않는 산정방법으로서 타당하다고 보기 어렵다.",
            "뿐만 아니라, 당사자가 제출한 자료만으로는 건축연면적이 증가한 부분이 기반시설 유발계수가 상이한 운동시설(기반시설 유발계수가 1.0)과 근린생활시설(기반시설 유발계수는 제1근린생활시설이 1.9, 제2근린생활시설이 2.4) 중 어디에 해당하는지도 특정할 수 없어 정당한 기반시설부담금을 산정할 수도 없으므로 피고의 위 주장은 이유 없다."
        ]
    },
    "close": {
        "cnclsns": [
            "피고의 항소를 기각한다.",
            "항소비용은 피고가 부담한다."
        ]
    }
}