{
    "info": {
        "caseField": "3",
        "detailField": "5",
        "trailField": "1",
        "caseNm": "의사면허자격정지처분취소",
        "courtNm": "서울행법",
        "judmnAdjuDe": "2010. 02. 11.",
        "caseNo": "2009구합32833",
        "relateLaword": [
            "구 의료법 제66조",
            "구 의료법 제27조",
            "구 의료법 제91조",
            "구 의료법 제59조",
            "구 의료법 제64조",
            "구 의료법 제67조"
        ],
        "qotatPrcdnt": [
            "헌법재판소 결정(2008헌가16)",
            "대법원 2003. 9. 2. 선고 2002두5177 판결"
        ]
    },
    "concerned": {
        "acusr": "1",
        "dedat": "3"
    },
    "org": {
        "orgJdgmnCourtNm": "",
        "orgJdgmnAdjuDe": "",
        "orgJdgmnCaseNo": ""
    },
    "disposal": {
        "disposalform": "10",
        "disposalcontent": [
            "피고가 2009. 7. 10. 원고에 대하여 한 의사면허자격정지처분을 취소한다.",
            "소송비용은 피고가 부담한다."
        ]
    },
    "mentionedItems": {
        "rqestObjet": [
            "피고가 2009. 7. 10. 원고에 대하여 한 의사면허자격정지처분을 취소한다.",
            "소송비용은 피고가 부담한다."
        ]
    },
    "assrs": {
        "acusrAssrs": [
            "의료법 제91조 제2항에 따른 피의사실에 대하여 기소유예처분을 받았으나 의료법 제91조 제2항은 사용인의 행위에 대해 사용주를 처벌하는 근거 규정일 뿐이므로, 의료법 제91조 제2항에 해당된다고 하여 이것이 의료법 제66조 제1항 제8호가 정한 ‘이 법 또는 이 법에 따른 명령을 위반한 때’에 해당된다고 할 수 없다.",
            "더군다나 의료법 제91조 제2항의 양벌규정이 책임주의 원칙에 반하여 위헌이라는 헌법재판소 결정(2008헌가16)의 취지에 비추어보면, 원고는 의료법 제91조 제2항에 따른 형사처벌의 대상도 될 수 없다.",
            "따라서 이 사건 처분이 원고가 의료법 제91조 제2항에 따른 처벌대상임을 이유로 한 것이라면 이는 위법이다.",
            "소외 1에게 승인받은 교통편의제공대상자가 아닌 환자들까지 차량을 이용해 병원으로 데리고 오라고 지시한 바 없다. ",
            "의료법 제27조 제3항을 위반하여 환자유인행위를 한 것이 아니어서 의료법 제66조 제1항 제8호 사유에 해당되지 않는다."
        ],
        "dedatAssrs": [
            "\n                                    ·"
        ]
    },
    "facts": {
        "bsisFacts": [
            "원고는 의사면허를 취득한 후 2008. 4. 1.부터 0000 (이하 생략)에서 ㅇㅇㅇ의원(이하 '이 사건 의원' 이라 한다)을 운영하고 있다.",
            "이 사건 의원의 원무과 사무장 소외 1은 2009. 4. 1. 소외 2를, 같은 달 8. 소외 3을 교통편의제공차량으로 등록한 승용차를 이용해 이 사건 의원으로 데리고 와 원고가 진료하도록 하였는데, 소외 2, 3은 순천시로부터 사전승인받은 교통편의제공대상자에 포함되지 않는 사람들이었다.",
            "광주지방검찰청 순청지청 검사는 2009. 4. 22. 소외 1이 불특정 다수인에게 교통편의를 제공하는 등 환자를 유인하는 행위를 하여 구 의료법(2009. 1. 30. 법률 제9386호로 개정되기 전의 것, 이하 '의료법' 이라 한다) 제27조 제3항을 위반했다는 이유로 기소유예 처분을 하였다.",
            "또한 원고는 원고의 사용인인 소외 1이 위와 같은 의료법위반행위를 했다는 혐의에 대해 '피의사실이 인정되나 의원의 규모 및 교통편의 제공에 이용한 차량의 크기가 작고, 적발된 미승인 교통편의제공 대상이 각 관절염으로 고통을 받고 있는 71세, 75세의 노령자로 소외 1이 영리의 목적만을 가지고 이 사건 행위에 나아간 것은 아닌 것으로 보이는 등 정상에 참작할 만한 사정이 있다' 는 이유로 기소유예 처분을 하였다.",
            "전라남도지사는 2009. 5. 6. 피고에게 아래 의료법 위반내역이 기재된 행정처분 의뢰서를 보냈다."
        ]
    },
    "dcss": {
        "courtDcss": [
            "의료법 제91조 제2항에 따른 처벌대상이라는 것이 의료법 제66조 제1항 제8호 사유에 해당되지 않는다는 주장에 대한 판단 이 사건 처분 사유는 원고가 불특정다수인에게 교통 편의를 제공하는 등으로 환자를 유인하는 행위를 하여 의료법 제27조 제3항을 위반했고, 그것이 의료법 제66조 제1항 제8호에 해당한다는 것이다.",
            "원고가 의료법 제91조 제2항의 양벌규정에 따른 처벌대상이라는 것이 이 사건 처분 사유임을 전제로 한 원고의 주장은 이유 없다.",
            "식품위생법상의 식품접객영업허가와 같이 대물적 허가의 성격이 강한 경우에는 허가를 받은 영업자가 업소 종업원들의 행정법규위반행위로 인한 행정책임을 져야 하고 종업원의 법규위반행위를 알지 못하였다. 하여 달리 볼 것은 아니다.",
            "행정법규 위반에 대하여 가하는 제재조치는 행정목적의 달성을 위하여 행정법규 위반이라는 객관적 사실에 착안하여 가하는 제재이므로 위반자의의무 해태를 탓할 수 없는 정당한 사유가 있는 등의 특별한 사정이 없는 한 위반자에게 고의나 과실이 없다고 하더라도 부과될수 있다( 대법원 2003. 9. 2. 선고 2002두5177 판결 참조).",
            "그러나 대물적 허가의 성격이 강한 식품위생법상의 허가와 달리의료법상의 의사면허는 개인에 대한 것이며, 의료시설 자체에 관하여는 의료업 정지나 개설허가 취소처분( 의료법 제64조) 또는 과징금 부과처분( 의료법 제67조)과 같이 별도의 제재가 따로 규정되어 있다.",
            "의사면허 정지사유를 규정한 의료법 제66조 제1항 제8호의 '이 법 또는 이 법의 규정에 의한 명령에 위반한 때' 라 함은,의사 개인에게 그 위반행위에 대한 고의가 있거나 사용인의 의료법 위반행위에 대하여 의사 개인에게 책임을 돌릴 수 있는 사유가 있는 경우를 의미한다고 할 것이다.",
            "의료시설 운영과정 중 사용인에 의한 의료법 위반행위가 발생하였다는 사실만으로 바로해당 의료시설 운영자인 의사의 면허에 대한 행정적 제재를 할 수 있는 것은 아니라고 봄이 상당하다.",
            "이는 의료법 제27조 제3항이 위반행위의 주체를 의료인으로 한정하고 있지 않고, 행위 태양으로 환자유인행위 외에 이를 사주하는 행위를 별도로 규정하고 있는 점에 비추어 보더라도 그러하다.",
            "이 사건에서 문제가 된 교통편의제공행위는 고령의 환자 2인에 대하여 각 1회 이루어진 것인데, 앞서 본 이 사건의 경위에 비추어 보면, 이는 해당 업무를 담당한 지 한 달이 채 되지 않아 업무에 미숙한 상태이던 소외 1이 대상자의 인적사항 확인의무를 소홀히 하여 발생한 것이거나 혹은 소외 1이 고령인 환자들의 부탁을 거절하지 못한 결과 스스로의 판단으로 행한 것으로 보인다.",
            "원고가 이러한 행위를 소외 1에게 지시하였거나 알면서도 이를 묵인하였다고 인정하기에 부족하고 달리 이를 인정할 만한 증거가 없으며, 이에 대하여 원고가 감독상 과실이나 기타 부주의 등 책임 있는 사유가 있다고 보기도 어렵다.",
            "따라서 이 사건에 있어서 원고에 대하여 의료법 제66조 제1항 제8호의 면허정지 사유가 존재한다고 할 수 없다.",
            "원고의 나머지 주장에 관하여 나아가 살필 필요 없이, 원고에게 의료법 제66조 제1항 제8호의 사유가 발생하였음을 전제로 이루어진 이 사건 처분은 위법하다."
        ]
    },
    "close": {
        "cnclsns": [
            "원고의 청구는 이유 있으므로 이를 인용한다."
        ]
    }
}