{
    "info": {
        "caseField": "3",
        "detailField": "5",
        "trailField": "2",
        "caseNm": "법인세부과처분취소",
        "courtNm": "서울고등법원",
        "judmnAdjuDe": "2010. 12. 09.",
        "caseNo": "2009누39126",
        "relateLaword": [
            "법인세법 제122조",
            "구 국세기본법(2006. 12. 30. 법률 제8139호로 개정되기 전의 것) 제81조의3",
            "구 국제조세법(2002. 12. 18. 법률 제6779호로 개정되기 전의 것) 제5조 ",
            "구 국제조세법(2002. 12. 18. 법률 제6779호로 개정되기 전의 것) 제4조",
            "구 국제조세법(2002. 12. 18. 법률 제6779호로 개정되기 전의 것) 제2조",
            "구 국제조세법 시행령((2002.12.30. 대통령령 17832호로 개정되기 전의 것) 제5조",
            "국제조세법 시행령(2006. 8. 24. 신설된 것) 제6조 ",
            "법인세법 제14조 ",
            "법인세법 제40조 ",
            "법인세법 시행령 제68조",
            "국고금관리법 제47조 "
        ],
        "qotatPrcdnt": [
            "대법원 2006. 6. 2. 선고 2004두12070 판결",
            "대법원 2004. 10. 29. 선고 2003두12493 판결",
            "대법원 2005. 5. 13. 선고 2004두1520 판결 ",
            "대법원 2001. 10. 23.선고 99두3423 판결",
            "대법원 2006. 7. 13. 선고 2004두4239 판결",
            "대법원 2005. 1. 27. 선고 2004두2332 판결",
            "대법원 1992. 10.23. 선고 92누2936 등 판결 "
        ]
    },
    "concerned": {
        "acusr": "2",
        "dedat": "3"
    },
    "org": {
        "orgJdgmnCourtNm": "서울행정법원 ",
        "orgJdgmnAdjuDe": "2009. 11. 6.",
        "orgJdgmnCaseNo": "2007구합47176 "
    },
    "disposal": {
        "disposalform": "10",
        "disposalcontent": [
            "제1심 판결 중 2004 사업년도 법인세 부과처분 부분을 다음과 같이 변경한다.",
            "피고가 원고에 대하여 2007. 6. 1.자로 한 2004 사업년도 법인세 18,095,748,820원의 부과처분 중 2,646,546,595원을 초과하는 부분을 취소한다.",
            "원고의 나머지 청구를 기각한다.",
            "원고의 나머지 항소 및 피고의 항소를 모두 기각한다.",
            "소송총비용 중 15%는 원고가, 85%는 피고가 각 부담한다."
        ]
    },
    "mentionedItems": {
        "rqestObjet": [
            "피고가 원고에 대하여 한, 2005. 10. 14.자 2001 사업년도 법인세 2,135,350,470원 및2002 사업년도 법인세 641,266,130원의 부과처분과 2007. 6. 1.자 2004 사업년도 법인세 18,095,748,820원의 부과처분을 모두 취소한다.",
            "1심 판결 중 원고 패소부분을취소한다.",
            "피고가 원고에 대하여 한, 2005. 10. 14.자 2001 사업년도 법인세 2,135,350,470원 중 165,036,610원 부분 및 2002사업년도 법인세 641,266,130원의 부과처분 중 95,656,270원 부분과 2007. 6. 1.자 2004 사업년도 법인세 18,095,748,820원의 부과처분 중 6,806,141,510원 부분을 모두 취소한다. ",
            "제1심 판결 중 피고 패소부분을 취소하고, 그 취소부분에 해당하는 원고의 청구를 기각한다."
        ]
    },
    "assrs": {
        "acusrAssrs": [
            "이 사건 각 처분 중 2001 사업년도에 대한 법인세 부과처분은 제1차 세무조사와 같은 세목 및 과세기간에 대하여 한 중복 세무조사인 제2차 세무조사를 바탕으로 한 것으로 위법하다.",
            "이 사건 차입거래를 이 사건 증권의 발행(이하 '이 사건 증권거래' 라 한다)과 비교하면 채권의 위험도 및 담보력, 만기, 금리변동 여부, 실질이자율, 대주의 위험 수용 성향 등에서 서로 현저한 차이를 보이므로, 이를 국제조세법상의 정상가격을 산출하기 위한 비교대상거래로 삼을 수 없다.",
            "이 사건 부지의 매매대금은 최초 계약 이후 2차에 걸친 수정계약 과정을 거쳐 최종적으로 1,100억 원으로 결정되었으므로 그 양도로 인한 익금 산입액도 그 금액을 기준으로 산정하여야 한다.",
            "원고와 해밀은 2004 사업년도 법인세 신고기간 내로서 재무제표 확정일 이전인 2005. 1. 20.경 이 사건 부지의 매매대금 중 70억 원을 감액하기로 합의하였으므로, 그 금액만큼은 익금 산입에서 제외되어야 한다."
        ],
        "dedatAssrs": [
            "나름대로 합리적으로 최선의 노력을 다하여 이 사건 증권의 이자율에 대한 비교대상거래를 선정하고 정상이자율을 산정한 이상, 국외 특수관계자와의 거래에 의하여 결정된 이 사건 증권에 대한 이자율이 정상이자율의 범위 내에 들어 있어 경제적 합리성이 결여된 것으로 볼 수 없다는 점에 대해서는 그 입증의 필요가 원고에게 전환된 것으로 보아야 한다."
        ]
    },
    "facts": {
        "bsisFacts": [
            "원고는 2000. 8. 10. 내국법인인 정리금융공사와 버뮤다국에 설립된 외국법인인 000(OOO.OOO., 이하 'KP' 라 한다)가 각 50%씩 출자하여 역시 버뮤다국에 본점을 두고 설립한 회사로서, 부동산이나 부실채권을 인수·매각하는 것 등을 사업 목적으로 하는 유동화전문회사(SPC)인 외국법인이며 국내에 영업소를 두고 있다.",
            "원고는 정리금융공사가 000, 000, 000으로부터 매입하여 보유하고 있던 11,900여 명의 채무자에 대한 13,000여 건의 부실 대출채권(총 채권액 4,130여 억 원)을 회수가능성, 회수기간 등을 고려하여 실질가치를 평가한 후 2000. 12. 1. 이를 2,150억 1,300만 원에 매수한 다음, 2000. 12. 19. 그 취득가액의 86% 상당의 유동화증권을 발행하면서, 발행가액의 1 7은 주식형으로 발행하였다.",
            "그리고, 나머지 6 7에 해당하는 미화 154,832,519달러(당시 환율기준으로 한화 약 1,842억 원) 상당은 7년 만기, 연리 17%(이하 '이 사건 증권이자율' 이라 한다) 조건의 채권형으로 발행하였다(이하 위 채권형 유동화증권을 '이 사건 증권' 이라 한다).",
            "정리금융공사와 KP는 2000. 12. 19. 위 채권형 유동화증권을 각 50%씩 인수하였고, KP는 2001. 1. 19. 아일랜드 법인인 000(OOO.OOO, 이하 'LSIF' 라 한다)에 위와 같이 인수한 채권형 유동화증권(이하 'KP인수분' 이라 한다)을 매도하였다.",
            "LSIF는 KP로부터 이 사건 증권을 인수하기 위한 자금 중 약 70%는 은행에서 차입하여 조달하기로 하고, 위 증권매수 당일인 2001. 1. 19. 000(이하 '000'이라 한다)으로부터 미화 5,350만 달러를「LIBOR(London Inter-Bank Offered Rate, 런던 은행간 거래 금리) ＋ 3.5%」의 이자율로 차입하였다(이하 '이 사건 차입거래' 라 한다).",
            "원고는 LSIF에게 아래 표와 같이 이 사건 증권에 대한 이자를 지급하였다. (단위 : 백만 원)사업년도 20002001200220032004계 지급이자 590 13,560 5,1674,5843,91227,813",
            "원고는 2004. 3. 29.경 000(이하 'OOO' 이라 한다)에게 원고 소유의 0000 소재 000 부지(이하 '이 사건 부지' 라 한다)를 매도하였다.",
            "원고는 2005. 3. 31. 피고에 대하여 이 사건 부지의 양도가액을 1,030억 원으로 하여 2004 사업년도 법인세 과세표준을 신고하였다.",
            "서울지방국세청은 2003. 2. 4.부터 2003. 6. 13.까지 원고의 2000. 8. 15.부터 2001. 12. 31.까지의 사업년도에 대한 세무조사(이하 '제1차 세무조사' 라 한다)를 실시한 다음, 2003. 10. 22. 원고의 법인 소득계산 및 세무조정 신고가 적정하다는 취지의 조사 결과를 통지하였다.",
            "또한 서울지방국세청은 2005. 7. 7.부터 2005. 10. 31.까지 원고의 2002. 1. 1.부터 2004. 12. 31.까지의 사업년도에 대하여 법인제세 통합조사(이하 '제2차 세무조사' 라 한다)를 실시하였다.",
            "서울지방국세청장은 1 원고가 국외 특수관계자인 LSIF에 지급한 이 사건 증권에 대한 이자율이 국제조세조정에 관한 법률 (이하 '국제조세법' 이라 한다) 제5조에 규정한 정상이자율보다 높다고 보고 이 사건 차입거래를 비교대상거래로 선정하였다.",
            "그리고 이 사건 차입거래의 이자율을 증권발행 시점(2000. 12. 19.)을 기준으로 환산한 이자율 10.02%를 정상이자율로 산정한 후, 원고가 LSIF에 지급한 이자 중 위 정상이자율 10.02%를 초과하는 부분인 아래 표와 같은 금액을 손금불산입하였다.",
            "그리고, 2 원고가 해밀에 양도한 이 사건 부지의 매매대금이 1,030억 원이 아닌 1,210억 원이어서 원고가 그 차액인 180억 원을 신고누락하였다고 보아 그 금액을 세무조정한 다음, 2005. 10. 14. 피고에 대하여, 원고의 2001 사업년도부터 2004 사업년도에 대한 법인세가 약 104억 원 상당이라는 세무조사결과를 통지하였다.",
            "피고는 위 세무조사 결과를 기초로 2005. 10. 14. 원고에 대하여 2001 사업년도 법인세 2,135,350,470원, 2002 사업년도 법인세 641,266,130원, 2004 사업년도 법인세 784,209,600원의 각 부과처분을 하였다(2003년은 결손금 발생으로 고지세액 없음).",
            "또한 피고는 2006. 3. 2. 원고에 대하여, 이 사건 부지의 양도가액을 신고액보다 180억 원이 많은 1,210억 원이라고 보아 2004 사업년도의 익금으로 추가 산입하여 2004 사업년도 법인세 6,906,429,860원을 추가로 경정·고지하였다(이하 '제1차 경정처분' 이라 한다).",
            "그 후 피고는 서울지방국세청으로부터 이 사건 부지의 양도가액이 1,460억 6,500만 원이라는 조사결과를 통보받고 2004 사업년도의 익금으로 250억 6,500만 원(＝ 1,460억 6,500만 원－1,210억 원)을 다시 추가산입하여, 2007. 6. 1. 2004 사업년도 법인세 10,405,109,360원을 추가로 경정·고지하였다.",
            "[이와 같이 경정된 처분을 '제2차 경정처분' 이라 한다.] ",
            "[그리고, 피고가 원고에 대하여 한, 2005. 10. 14.자 2001 사업년도 법인세 2,135,350,470원 및 2002 사업년도 법인세 641,266,130원의 부과처분과 2007. 6. 1.자로 증액된 2004 사업년도 법인세 합계 18,095,748,820원(＝ 784,209,600원＋6,906,429,860원＋10,405,109,360원)의 부과처분을 합쳐 이하 '이 사건 각 처분' 이라 한다.]"
        ]
    },
    "dcss": {
        "courtDcss": [
            "세무조사라 함은 세무공무원이 세법에 규정되어 있는 질문검사권 내지 질문조사권을 행사하여 납세의무자 등에게 직무상의 필요에 따라 질문을 하고 또 관계서류·장부 기타 물건을 조사하거나 그 제출을 명하는 행위를 의미한다(법인세법 제122조, 소득세법 제170조 등 참조).",
            "구 국세기본법(2006. 12. 30. 법률 제8139호로 개정되기 전의 것, 이하 같다) 제81조의3, 제2항은 특별한 예외적 사유가 없는 한 중복조사를 할 수 없도록 하고 있다.",
            "그리고 이는 반복적인 세무조사에 의한 납세자의 영업의 자유 등 권익 침해와 과세관청의 자의적인 권한남용을 방지하고자 하는 것이므로, 위 규정에서 금지한 중복조사에 기한 조세 부과처분은 위법하다고 할 것이다(대법원 2006. 6. 2. 선고 2004두12070 판결 등 참조).",
            "서울지방국세청장이 제1차 세무조사와 제2차 세무조사에 착수하게 된 동기 및 계기가 다르고, 제2차 세무조사의 대상기간을 제1차 세무조사기간과 달리 2002. 1. 1.부터 2004. 12. 31.까지로 통지하였다고 하더라도, 위 제2차 세무조사는 2001 사업년도에 대하여는 실질적으로 중복조사를 한 경우에 해당한다고 봄이 상당하다.",
            "원고의 2001 사업년도에 대한 제2차 세무조사는 중복조사 금지 원칙의 예외 사유에 해당하여 적법하다.",
            "피고는 이 사건 차입 거래를 비교대상거래로 정한 다음 그 조건의 차이를 감안한 최소한의 조정조차도 전혀 하지 아니하고, 이 사건 차입 거래의 이자율을 시점만 조정하여 환산한 다음 이를 그대로 이 사건 증권거래에 적용될 정상이자율이라고 보았으니 이는 위 법령 규정에 위배된다.",
            "과세요건 사실 및 그 처분의 적법성에 대한 증명책임은 과세권자에게 있다고 할 것이므로, 이 사건의 경우 피고가 적용한 정상이자율이 국제조세법의 관계 규정에 따라 합리적으로 산정되었다.",
            "그리고 특히 이 사건 증권의 발행 거래와 그 비교대상거래인 이 사건 차입 거래의 각 이자율 결정에 중대한 영향을 미치는 요소의 차이를 합리적으로 조정하였다는 점은 피고가 증명하여야 한다(대법원 2004. 10. 29. 선고 2003두12493 판결, 대법원 2005. 5. 13. 선고 2004두1520 판결 등 참조).",
            "그리고 그것이 증명된 경우에 비로소 당해거래의 이전가격이 정상이자율과 차이가 있지만 비교가능성 있는 다른 독립사업자 간에 이루어진 신뢰할 만한 거래가격이 여러 개 존재하여야 한다.",
            "그리고 그에 의하여 산정된 정상가격의 범위 내에 당해 거래의 이전가격이 들어 있어 경제적 합리성이 결여된 것으로 볼 수 없다는 점 등에 대한 입증의 필요가 납세의무자인 원고에게 넘어간다(대법원 2001. 10. 23. 선고 99두3423 판결, 대법원 2006. 7. 13. 선고 2004두4239 판결 참조).",
            "이 사건의 경우에는 앞에서 본 바와 같이 피고가 산정한 이 사건 증권에 대한 정상이자율이 비교대상거래인 이 사건 차입거래와 차이가 나는 중요 조건에 대한 합리적인 조정을 거쳐서 산정된 것이라고 보기 어려운 이상, 위와 같은 입증 필요의 전환을 인정할 만한 전제조건이 충족되지 못하였다 할 것이다.",
            "따라서 이 사건 각 처분 중 이 사건 차입거래를 비교대상거래로 선정하고 그 환산 이자율 10.02%를 정상이자율로 하여 원고가 이 사건 증권에 대하여 지급한 이자 중 위 이자율을 초과한 부분을 손금불산입하여 계산한 이 사건 각 처분의 법인세 부분은 위법하다.",
            "따라서 이 사건 각 처분 중 정당한 세액은 별지 1 내지 3과 같이 2001 사업년도 법인세 165,036,610원, 2002 사업년도 법인세 95,656,270원, 2004 사업년도 법인세 2,646,546,595원이라 할 것이므로(국고금관리법 제47조 제1항에 따라 각 10원 미만 버림), 이 사건 각 처분 중 위 각 금액을 초과하는 부분은 모두 위법하다."
        ]
    },
    "close": {
        "cnclsns": [
            "피고가 원고에 대하여 2007. 6. 1.자로 한 2004 사업년도 법인세 18,095,748,820원의 부과처분 중 2,646,546,595원을 초과하는 부분을 취소한다.",
            "원고의 나머지 청구를 기각한다.",
            "원고의 나머지 항소 및 피고의 항소를 모두 기각한다.",
            "소송총비용 중 15%는 원고가, 85%는 피고가 각 부담한다."
        ]
    }
}