{
    "info": {
        "caseField": "3",
        "detailField": "5",
        "trailField": "2",
        "caseNm": "업무정지처분취소",
        "courtNm": "서울고등법원",
        "judmnAdjuDe": "2010. 04. 30.",
        "caseNo": "2009누26182",
        "relateLaword": [
            "행정소송법 제8조",
            "민사소송법 제420조"
        ],
        "qotatPrcdnt": []
    },
    "concerned": {
        "acusr": "1",
        "dedat": "3"
    },
    "org": {
        "orgJdgmnCourtNm": "서울행정법원",
        "orgJdgmnAdjuDe": "2009. 8. 13. ",
        "orgJdgmnCaseNo": "2009구합10192"
    },
    "disposal": {
        "disposalform": "10",
        "disposalcontent": [
            "원고의 항소를 기각한다.",
            "항소비용은 원고가 부담한다."
        ]
    },
    "mentionedItems": {
        "rqestObjet": [
            "제1심 판결을 취소한다.",
            "피고가 2009. 2. 20. 원고에 대하여 한 106일의 요양기관 업무정지처분을 취소한다."
        ]
    },
    "assrs": {
        "acusrAssrs": [
            "피고가 2009. 2. 20. 원고에 대하여 한 106일의 요양기관 업무정지처분을 취소하여야 한다."
        ],
        "dedatAssrs": [
            "다른 요양기관의 대표자인 소외인이 이 사건 의원에 방문하여 수진자를 진료하고 이에 대해 원고가 진료한 것처럼 요양급여비용을 청구한 것과 소외인이 이 사건 의원에서 원고 명의로 원외처방전을 발행하여 보험자 등이 약국약제비를 부담하게 한 것은 부당한 요양급여비용 청구에 해당한다."
        ]
    },
    "facts": {
        "bsisFacts": [
            "원고는 2000. 4.경부터 0000 (상세주소 1 생략)에서 국민건강보험법이 정한 요양기관인 원고 안과의원(이하 '이 사건 의원' 이라고 한다) 을 개설하여 운영하고 있는 안과 전문의이다.",
            "피고는 2007. 7. 20.부터 같은 달 25.까지 6일간 이 사건 의원의 국민건강보험 요양급여진료내역 6개월분(2006. 12. 1. ~ 2007. 5. 31.)에 대해 현지조사를 실시하였다.",
            "그 후, 다른 요양기관의 대표자인 소외인이 이 사건 의원에 방문하여 수진자를 진료하고 이에 대해 원고가 진료한 것처럼 요양급여비용을 청구한 것과 소외인이 이 사건 의원에서 원고 명의로 원외처방전을 발행하여 보험자 등이 약국약제비를 부담하게 한 것이 부당한 요양급여비용 청구라고 보았다.",
            "그리고 위 이유로 2009. 2. 20. 구 국민건강보험법(2008. 2. 29. 법률 제8852호로 개정되기 전의 것, 이하 국민건강보험법 이라 한다) 제85조 제1항 제1호, 같은 법 시행령 제61조 제1항 및 별표 5 제1호 (가)목에 의해 원고에게 106일의 요양기관 업무정지 처분(이하 '이 사건 처분' 이라 한다)을 했다."
        ]
    },
    "dcss": {
        "courtDcss": [
            "이 법원이 이 사건에 관하여 설시할 이유는 제1심 판결문 이유 기재와 같으므로, 행정소송법 제8조 제2항, 민사소송법 제420조 본문에 의하여 이를 그대로 인용한다."
        ]
    },
    "close": {
        "cnclsns": [
            "원고의 항소를 기각한다.",
            "항소비용은 원고가 부담한다"
        ]
    }
}