{
    "info": {
        "caseField": "3",
        "detailField": "5",
        "trailField": "1",
        "caseNm": "추가상병불승인처분취소",
        "courtNm": "서울행정법원",
        "judmnAdjuDe": "2010. 10. 19.",
        "caseNo": "2009구단13064",
        "relateLaword": [
            "산업재해보상보험법"
        ],
        "qotatPrcdnt": []
    },
    "concerned": {
        "acusr": "1",
        "dedat": "3"
    },
    "org": {
        "orgJdgmnCourtNm": "",
        "orgJdgmnAdjuDe": "",
        "orgJdgmnCaseNo": ""
    },
    "disposal": {
        "disposalform": "10",
        "disposalcontent": [
            "피고가 2008. 12. 26. 원고에 대하여 한 추가상병불승인처분을 취소한다.",
            "소송비용은 피고가 부담한다.",
            "원고의 이 사건 상병은 이 사건 재해와 상당인과관계 있는 업무상 재해에 해당한다고 할 수 있으므로, 피고가 이와 달리 보고 한 이 사건 처분은 위법하다."
        ]
    },
    "mentionedItems": {
        "rqestObjet": [
            "피고가 2008. 12. 26. 원고에 대하여 한 추가상병불승인처분을 취소한다.",
            "소송비용은 피고가 부담한다."
        ]
    },
    "assrs": {
        "acusrAssrs": [
            "원고는 이 사건 재해 당시 폭발음으로 고막이 손상되어 다른 사람들과 의사소통을 제대로 할 수 없는 상태였지만 그보다 더 중한 상병에 대하여 치료를 받아야 하는 긴박한 상황에서 고막 파열에 대한 치료를 받지 못하였다.",
            "이 사건 재해 내용 내지 그 당시의 원고의 증상 등에 비추어 보면, 이 사건 재해 당시의 폭발음에 의한 고막 파열로 인한 원고의 청력 손상이 세월이 경과하면서 이 사건 상병으로 진행하였다고 할 수 있다. 따라서 원고의 이 사건 상병은 이 사건 재해와 사이에 상당인과관계가 있다고 할 수 있으므로, 피고가 이와 달리 보고 한 이 사건 처분은 위법하다. "
        ],
        "dedatAssrs": []
    },
    "facts": {
        "bsisFacts": [
            "원고는 1970. 8. 14.경 소외 00건설 주식회사(이하 '소외 회사' 라 한다) 소속 발파공으로 근무하면서 화약발파작업을 하다가 오른 손바닥 위의 다이너마이트가 폭발하는 업무상 재해(이하 '이 사건 재해' 라 한다)를 당하여 '우측 전박부 절단상, 무안구증(좌안), 누소세관 폐쇄(우안), 전두부 함몰, 좌측 안면부 함몰반흔' 등으로 요양 내지 재요양을 하다가 2006. 11. 30.경 치료를 종결하고 장해등급 3급으로 결정받았다. ",
            "원고는 2007. 12. 26.경 피고로부터 다시 재요양승인을 받아 요양을 하는 과정에서 양측 감각신경성 난청 이하 이 사건 상병 이라 한다)으로 진단받고서, 2008. 12. 15.경 피고에게 이 사건 상병에 대하여 추가상병신청을 하였다.",
            "이에 피고는 2008. 12. 26.경 원고에게, 감각신경성 난청의 발병원인이 다양하고, 원고가 이 사건 재해 발생 후 약 38년이 경과한 후에 증상을 호소한 점 등을 고려할 때, 원고의 이 사건 상병과 이 사건 재해 내지 요양승인된 상병 사이에 상당인과관계를 인정할 수 없다는 이유로 위 추가상병신청을 불승인하는 이 사건 처분을 하였다.",
            "소외 회사 명의로 작성된 1994. 12. 9.자 사실확인서는, 이 사건 재해 당시 원고의 오른손에서 다이너마이트가 폭발하여 원고의 오른손이 잘리고 왼쪽 눈이 파열되었으며, 폭음으로 원고의 양쪽 귀의 고막이 터지고 이의 상하 12대가 파절되었으며, 얼굴과 가슴에 중상을 입었다는 내용을 담고 있다.",
            "원고는 이 사건 재해 이후 다른 사람의 말소리 등이 잘 들리지 않아 타인과 대화하는데 어려움을 겪었다.",
            "건강보험 요양급여 내역에는, 원고가 2008. 9. 25. 이명으로, 2008. 11. 7. 기타 급성 비화농성 중이염으로 각 치료를 받은 것으로 나타난다. ",
            "2008. 12. 15.자 소견서: 감각신경성 난청의 일반적인 발병원인은 특발성, 외상성, 약물유발성, 노인성 및 감염성 등이 있다. 환자 진술에 의하면 38년 전 폭발사고 후 발생하였다고 한다. ․2008. 12. 19.자 주치의 소견서: 양측 난청 주소로 2008. 11. 17. 내원하여 순음청력검사상 우측 66㏈, 좌측 68㏈ 소견이다. 뇌간유발반응 청력검사상 우측 50㏈, 좌측 60㏈에서 제5파형이 나타났다.",
            "양측 임피던스 고막검사상 양측 모두 A형으로 양측 감각신경성 난청 소견을 보인다. 재해자의 기 사고에 의해서도 양측 감각신경성 난청이 가능하지만, 다른 원인에 의해서도 발생 가능하므로 기승인상병 및 재해경위와 추가신청상병간의 인과관계를 증명할 수 없다."
        ]
    },
    "dcss": {
        "courtDcss": [
            "산업재해보상보험법상의 추가상병은 업무상의 재해로 요양 중인 근로자에게 그 업무상의 재해로 이미 발생한 부상이나 질병이 추가로 발견된 경우 또는 그 업무상의 재해로 발생한 부상이나 질병이 원인이 되어 새로이 발생한 질병을 말하므로, 추가상병과 업무상 재해 사이에 상당인과관계가 있어야 하고, 그 인과관계에 관하여는 이를 주장하는 측에서 입증하여야 한다.",
            "위 인정사실에 의하여 알 수 있는 여러 사정, 즉 원고는 업무상 재해인 이 사건 재해 당시 원고의 신체 일부에서 발생한 다이너마이트 폭발에 의한 소음으로 양측 고막이 파열되는 상병을 입었지만, 그 당시 우측 팔이 절단되고 좌안이 실명되는 등의 중한 상병을 입어 그 치료를 우선적으로 받아야 하는 상황에서 고막파열에 대한 치료를 받지 못한 것으로 보인다.",
            "비록 감각신경성 난청의 발병원인으로 급박한 큰소리 에의 노출 외에도 유전적 소인, 노화, 소음에 장기간 노출 등 여러 가지 원인이 있을 수 있고, 원고가 이 사건 재해 이후 2008. 9. 이전에 난청 등 청력문제로 치료를 받았음을 알 수 있는 자료가 없다. ",
            "그리고, 원고가 이 사건 재해로부터 약 38여 년이 지난 2008년경에 비로소 감각신경성 난청으로 진단을 받았다고 하더라도, 이 사건 재해 직후부터 원고에게 고막파열에 의한 청력장애가 지속된 것으로 보인다.",
            "이 사건 재해 내지 그 후유증으로 원고의 이 사건 상병이 발생하였거나 자연경과 이상으로 증상이 악화되었다고 추단할 수 있다. 따라서 원고의 이 사건 상병은 이 사건 재해와 상당인과관계 있는 업무상 재해에 해당한다고 할 수 있으므로, 피고가 이와 달리 보고 한 이 사건 처분은 위법하다. "
        ]
    },
    "close": {
        "cnclsns": [
            "피고가 2008. 12. 26. 원고에 대하여 한 추가상병불승인처분을 취소한다.",
            "소송비용은 피고가 부담한다."
        ]
    }
}