{
    "info": {
        "caseField": "3",
        "detailField": "5",
        "trailField": "2",
        "caseNm": "부산,진해경제자유구역명지지구개발사업실시계획승인취소",
        "courtNm": "서울고등법원",
        "judmnAdjuDe": "2010. 09. 09.",
        "caseNo": "2009누37458",
        "relateLaword": [
            "경제자유구역의 지정 및 운영에 관한 법률(2009. 1. 30. 법률 제9366호로 개정되기 전의 것) 제9조 ",
            "사립학교법 제28조",
            "사립학교법 시행령 제12조",
            "경제자유구역의 지정 및 운영에 관한 법률(2009. 1. 30. 법률 제9366호로 개정되기 전의 것) 제13조",
            "공익사업을 위한 토지 등의 취득 및 보상에 관한 법률 제2조"
        ],
        "qotatPrcdnt": [
            "대법원 2000. 10. 13. 선고 99두563 판결",
            "대법원 1994. 1. 25. 선고 93다42993 판결 ",
            "대법원 2007. 4. 12. 선고 2005두1893 판결"
        ]
    },
    "concerned": {
        "acusr": "2",
        "dedat": "3"
    },
    "org": {
        "orgJdgmnCourtNm": "서울행정법원",
        "orgJdgmnAdjuDe": "2009. 10. 29.",
        "orgJdgmnCaseNo": "2009구합12204"
    },
    "disposal": {
        "disposalform": "10",
        "disposalcontent": [
            "원고의 항소 및 당심에서 추가된 예비적 청구를 모두 기각한다.",
            "항소제기 이후의 소송비용은 원고가 부담한다."
        ]
    },
    "mentionedItems": {
        "rqestObjet": [
            "제1심 판결을 취소한다.",
            "주위적으로 피고가 2008. 12. 31. 지식경제부고시 제2008-230호로 한 부산,진해경제자유구역 명지지구개발사업 실시계획승인처분을 취소한다.",
            "예비적으로 피고가 2008. 12. 31. 지식경제부고시 제2008-230호로 한 부산,진해경제자유구역 명지지구개발사업 실시계획승인처분 중 0000 학교용지 14,291㎡에 관한 부분을 취소한다."
        ]
    },
    "assrs": {
        "acusrAssrs": [
            "경제자유구역의 지정 및 운영에 관한 법률(2009. 1. 30. 법률 제9366호로 개정되기 전의 것, 이하 '경제자유구역법' 이라 한다) 제9조 제1항은 개발사업시행자가 경제자유구역지정의 고시일로부터 2년 이내에 실시계획을 작성하여 승인을 받도록 규정하고 있고 이는 강행규정에 해당하는데, 이 사건 지구에 대한 실시계획의 승인이 고시일로부터 2년이 훨씬 경과한 이후에 이루어졌으므로 이 사건 처분은 당연무효이다.",
            "이 사건 체육장은 학교 교육에 직접 사용되는 학교법인 재산이므로 사립학교법 제28조 제2항, 사립학교법 시행령 제12조 제1항에 따라 수용 또는 사용의 대상이 될 수 없는 것이어서 이 사건 체육장을 이 사건 구역에 포함한 지정처분이 당연무효이므로 이 사건 처분도 무효이거나, 위와 같이 강행법규를 위반하여 이 사건 토지를 이 사건 구역에 편입한 채 수립된 이 사건 사업실시계획을 승인한 것은 당연무효이다.",
            "이 사건 체육장을 수용함으로써 얻는 공익상의 이익은 미미한 반면에 00중·고등학교와 학생들이 입게 될 피해가 막대하므로 이 사건 처분은 비례의 원칙에 반하여 위법하다."
        ],
        "dedatAssrs": [
            "이 사건 토지에 관하여 2003. 10. 30. 경제자유구역지정처분(이하 '구역지정처분' 이라 한다)이 있었으므로 구역지정처분에 대해 불가쟁력이 발생한 이상 이 사건 토지를 이 사건 구역에 포함한 것이 잘못이라는 이유로 이 사건 지구 실시계획승인처분의 취소를 구하는 이 사건 소는 제소기간을 도과한 것으로서 부적법하다."
        ]
    },
    "facts": {
        "bsisFacts": [
            "재정경제부장관은 2003. 10. 30. 재정경제부 고시 제2003-20호로 0000, 0000의 5개 지역(신항만 10.7㎢, 명지 10.9㎢, 지사 40.2㎢, 두동 20.6㎢, 웅동 21.7㎢) 16개 사업지구 총면적 104.1㎢를, 개발기간에 관하여 2020년까지 단계별로 추진(1-1단계 2006년까지, 1-2단계 2010년까지, 2단계 2020년까지)하는 내용의 부산,진해경제자유구역(이하 '이 사건 구역' 이라 한다)을 지정하였다.",
            "그 후 재정경제부장관은 2004. 9. 2. 재정경제부 고시 제2004-14호로 이 사건 구역 개발계획 중 총면적(104.5㎢), 개발사업의 기간,재원조달방법,시행방법, 토지이용계획,기반시설계획, 인구수용계획·주거시설조성계획 등을 변경하였다.",
            "그리고, 2008. 2. 28. 재정경제부고시 제2008-9호로 명지대교 건설계획 및 도시관리계획 결정사항 등을 반영하였다.",
            "그리고 이 사건 구역 중 명지지구 개발사업의 면적(4,684,000㎡에서 4,466,883㎡), 시행자(000 단독시행), 개발기간(2003. 10. 30.부터 2013. 12. 31.까지), 재원조달방법, 토지이용계획 및 주요기반시설계획, 인구수용계획 및 주거시설 조성계획, 외국인의 투자유치 및 정주를 위한 환경조성계획 등을 변경하는 내용으로 이 사건 구역 명지지구 개발계획 변경승인을 하였다.",
            "피고는 2008. 12. 31. 지식경제부 고시 제2008-230호로 개발계획 중 외국인의 투자유치 및 정주를 위한 환경조성계획과 면적(4,466,883㎡에서 4,482,827㎡)을 변경하고 아래와 같이 실시계획을 수립하는 내용의 이 사건 구역 명지지구 개발계획변경 및 실시계획을 승인, 고시하였다(그 중 실시계획승인 부분을 '이 사건 처분' 이라 한다).",
            "원고는 ㅇㅇ중·고등학교를 설치·운영하는 학교법인이다.",
            "그리고 이 사건 지구에는 원고 소유의 0000 학교용지 32,532㎡ 중 15,205㎡, 같은 동 (지번 2 생략) 도로 1,650㎡ 중 693㎡, 같은 동 (지번 3 생략) 학교용지 40㎡, 같은 동 (지번 4 생략) 답 1,369㎡, 같은 동 (지번 5 생략) 답 274㎡, 같은 동 (지번 6 생략) 답 423㎡, 같은 동 (지번 7 생략) 답 645㎡가 포함되어 있다.",
            "원고는 이 사건 토지 중 1 0000 학교용지 14,291㎡(이하 ‘이 사건 체육장’이라 한다)는 00고등학교 운동장으로, 3 같은 동 (지번 3 생략) 학교용지 40㎡는 주차장으로, 4 같은 동 (지번 4 생략) 답 1,369㎡, 같은 동 (지번 5 생략) 답 274㎡, 같은 동 (지번 6 생략) 답 423㎡, 같은 동 (지번 7 생략) 답 645㎡는 밭으로 각 사용하고 있다.",
            "이 사건 지구는 별지 명지지구 항공사진 중 굵은 선으로 표시한 부분이고, 00중·고등학교와 이 사건 체육장은 별지 명지지구 항공사진 중 원으로 표시한 부분이며, 그 중 00중·고등학교는 이 사건 지구 바로 밖에 위치하고 있는가 하면, 00중·,등학교와 이 사건 체육장의 토지형상은 별지 평면도와 같이 다소 부정형한 모습으로 인접해 있다."
        ]
    },
    "dcss": {
        "courtDcss": [
            "사립학교법 제28조 제2항, 같은 법 시행령 제12조 제1항에서 금지하는 처분행위에는 공용수용으로 인한 교지, 교사, 체육장 등 학교재산의 소유권이전은 포함되지 않는 것으로 봄이 상당하다( 2000. 10. 13. 선고 99두563 판결 참조)",
            "강제집행의 경우에는 학교법인이 그에 앞서 채무를 부담하는 등 일종의 원인행위가 있었고 이는 강제집행절차를 전체적으로 파악할 때 학교법인의 처분행위라고 볼 수도 있으나, 공용수용에 있어서는 이러한 학교법인의 채무부담 등의 원인행위가 전혀 없어 서로 상이하다.",
            "이 사건에 관하여 보건대, 경제자유구역법 제13조는 경제자유구역 개발사업의 시행을 위해 필요한 때에는 공익사업을 위한 토지 등의 취득 및 보상에 관한 법률 제2조에서 정하는 토지·물건 또는 권리를 수용할 수 있다고 규정하면서 위 법률을 준용할 것을 규정하였으므로, 이 사건 토지를 이 사건 구역에 포함한 것이 사립학교법 제28조 제2항, 사립학교법 시행령 제12조 제1항에 위반된다고 볼 수 없다.",
            "이 사건 토지는 이 사건 구역 산하 16개 사업지구의 일부이므로 그 토지이용계획은 이 사건 구역 전체의 사업계획 및 그 하부계획인 이 사건 사업의 내용에 따라 유기적,체계적으로 결정된 것이므로, 이 사건 사업계획에서 이 사건 토지에 단독주택용지를 조성할 예정이라는 사정만으로 학교교육에 필요한 이 사건 체육장 등을 수용하는 것이 공익상 필요가 없다고 보기도 어렵다.",
            "피고는 이 사건 토지의 위치와 형상, 토지이용계획의 효율성을 위한 단지정형화 가능성, 기반시설 설치, 재해방지대책, 우수처리계획 등을 종합적으로 고려하였다고 봄이 상당하다.",
            "결국 피고가 훈시규정인 실시계획 승인기한을 지키지 않았다거나 학교 교육 목적에 사용되는 이 사건 체육장을 수용하였다고 하여 이 사건 처분이 위법하다고 할 수 없고, 이 사건 사업으로 인한 공익상의 필요와 원고의 사익을 비교형량함에 있어서도 비례의 원칙에 어긋난 하자가 있다고 볼 수도 없다. ",
            "따라서 이와 다른 전제에 선 원고의 이 사건 주위적 청구와 당심에서 추가한 예비적 청구는 모두 이유 없다."
        ]
    },
    "close": {
        "cnclsns": [
            "원고의 항소 및 당심에서 추가된 예비적 청구를 모두 기각한다.",
            "항소제기 이후의 소송비용은 원고가 부담한다."
        ]
    }
}