{
    "info": {
        "caseField": "3",
        "detailField": "5",
        "trailField": "1",
        "caseNm": "유족급여및장의비부지급처분취소",
        "courtNm": "부산지방법원",
        "judmnAdjuDe": "2010. 11. 03.",
        "caseNo": "2009구단4603",
        "relateLaword": [
            "산업재해보상보험법 "
        ],
        "qotatPrcdnt": []
    },
    "concerned": {
        "acusr": "1",
        "dedat": "2"
    },
    "org": {
        "orgJdgmnCourtNm": "",
        "orgJdgmnAdjuDe": "",
        "orgJdgmnCaseNo": ""
    },
    "disposal": {
        "disposalform": "10",
        "disposalcontent": [
            "피고가 2009. 11. 3. 원고에 대하여 한 유족급여 부지급처분을 취소한다.",
            "망인의 경우 이 사건 사고로 인한 부상 때문에 하지 심부정맥혈전증과 폐혈전색전증이 발생하여 결국 사망에 이르게 되었음을 넉넉히 추단할 수 있으므로 망인의 사망과 업무 사이에는 상당인과관계가 인정된다고 할 것이고, 따라서 이와 견해를 달리한 이 사건 처분은 위법하다고 할 것이다.",
            "소송비용은 피고가 부담한다."
        ]
    },
    "mentionedItems": {
        "rqestObjet": [
            "피고가 2009. 11. 3. 원고에 대하여 한 유족급여 부지급처분을 취소한다."
        ]
    },
    "assrs": {
        "acusrAssrs": [
            "망인이 이 사건 사고로 인한 부상 때문에 사망한 것이므로 망인의 사망과 업무 사이에는 상당인과관계를 인정할 수 있음에도 이와 견해를 달리한 이 사건 처분은 위법하다."
        ],
        "dedatAssrs": [
            "망인이 이 사건 사고로 인한 부상 때문에, 사망한 것이 아니라 앞서 본 이유와 매일 장시간 동안 PC방에서 게임을 하는 등의 생활습관 때문에 사망한 것이므로 망인의 사망과 업무 사이에는 상당인과관계가 인정되지 않고, 따라서 이 사건 처분은 적법하다."
        ]
    },
    "facts": {
        "bsisFacts": [
            "망인은 2009. 6. 5.경 ㅁ조선 내 선박임가공업체인 소외회사에 입사한 이래 이 사건 사고발생 이전까지 족장설치 및 철거업무를 수행하였는데, 2009. 7. 18. 10:00경 위 조선소 내에서 족장철거 및 인양작업을 하다가 넘어지는 족장에 좌측 하퇴부를 부딪히는 이 사건 사고를 당하였다.",
            "망인은 이 사건 사고를 당한 직후 소외회사의 건강관리실에서 파스만 바른 뒤 정상적인 근무를 하였고 그 이후에도 통증이 계속되자 2009. 7. 20.경부터ㅁ정형외과의원과 ㅁ한의원에서 물리치료, 약물치료, 한방치료(침) 등을 받았으며 그럼에도 증세가 로전되지 아니하자 2009. 7. 26.경부터 ㅁ병원에서 입원치료를 받게 되었다.",
            "ㅁ병원에서는 2009. 7. 26. 자 방사선검사와 2009. 7. 27. 초음파검사를 통하여 망인의 부상을 타박상으로 진단하였고, 2009. 7. 26. 부터 2009. 8. 3.까지 7일 동안은 부목고정을 시술하였으며, 2009. 8. 5.자 혈액검사에서 약간의 염증소견이 관찰되자 그 무렵부터 항생제를 부여하고 있었다.",
            "망인은 2009. 8. 9. 21:00경 병원 밖으로 외출하여 용무를 마치고 돌아가나가 같은 날 21:34경 0입구에서 갑자기 쓰러지게 되었고, 그 즉시ㅁ병원을 경유하여 ㅁ병원으로 후송되었지만 2009. 8. 10. 13:40경 결국 사망하기에 이르렀다.",
            "망인은 사망 당시 신장 174cm, 체중 75kg인 32세 남짓의 남자로서, 평소 특별한 질병에 대한 진단을 받거나 치료를 받은 적이 없다."
        ]
    },
    "dcss": {
        "courtDcss": [
            "망인은 사망 당시 신장 174cm, 체중 75kg인 32세 남짓의 남자로서, 이 사건 사고 이전에는 특별한 질병에 대한 진단을 받거나 치료를 받은 적이 없이 건강하게 지내왔다.",
            "망인은 평소에는 물론 이 사건, 사고 이후 ㅁ병원에서 입원치료를 받으면서도 PC방에서 상당한 정도의 게임을 하였던 것으로 보이지만 그 정도가 이 사건 심부정맥혈전증을 유발할 정도는 아닌 것으로 보이고, 그 밖에 망인에게 이 사건 심부정맥혈전증을 유발할 다른 생활습관이나 원인을 찾기 어렵다.",
            "이 사건 폐혈전색전증의 원인인 된 혈전은 이 사건 사고로 인한 부상부위인 왼쪽 다리에서만 다량으로 발견되었을 뿐 오른쪽 다리에서는 전혀 발견되지 않았다.",
            "이 사건 사고와 관련하여 망인에게 진단된 부상 자체는 단수누한 타박상에 불과하였지만 일반의 차박상과는 달리 통증이 오랫동안 지속되었을 뿐만 아니라 부목고정을 할 정도의 이른바 잘 낫지 않는 타박상이었다.",
            "이 사건처럼 단순한 부상이 심부정맥혈전증과 폐혈전색전증을 유발시켜 사망이라는 치명적인 결과를 초래하는 사례가 비록 흔한 것은 아니지만 엄연히 존재하고 있다.",
            "이에 이 사건 부검의들이 부검감정서와 당원의 법의원장에 대한 각 사실조회결과에서 이 사건 폐혈전색전증의 원인이 된 심부정맥혈전증은 이 사건 사고로 인한 타박상의 치료과정에서 다리운동의 제한(부목고정으로 인한 제한과 외상으로 인한 제한을 모두 포함)으로 인하여 생기게 된 것이다.",
            "당원의 감정의도 이 사건 폐혈전색전증의 원인이 된 심부정맥혈전증은 이 사건 사고로 인한 타박상이 발생할 당시 같은 부위의 심부정맥에 어떠한 손상이나 염증이 발생함으로써 생기게 된 것이라고 밝히면서 이 사건 사고로 인한 부상이 이 사건 심부정맥혈전증(나아가 폐혈전색전증)을 유발시켰을 가능성이 가장 높다는 소견을 제시하고 있다.",
            "원고의 주치의들과 피고의 자문의 역시 이 사건 사고로 인한 부상이 이 사건 심부정맥혈전증 나아가 폐혈전색전증을 유발시켰다는 명확한 소견을 제시하고 있지는 못하면서도 그 가능성은 인정하고 있는 것으로 보인다.",
            "특히 피고의 업무상질병판정위원회의 소수의견은 앞서 본 다수의견과는 달리 망인의 사망과 업무 사이의 상당인과관계를 인정하였던 것으로 보인다.",
            "망인의 경우 이 사건 사고로 인한 부상 때문에 하지심부정맥혈전증과 폐혈전색전증이 발생하여 결국 사망에 이르게 되었음을 넉넉히 추단할 수 있으므로 망인의 사망과 업무 사이에는 상당인과관계가 인정된다고 할 것이고, 따라서 이와 견해를 달리한 이 사건 처분은 위법하다고 할 것이다."
        ]
    },
    "close": {
        "cnclsns": [
            "피고가 2009. 11. 3. 원고에 대하여 한 유족급여 부지급처분을 취소한다.",
            "소송비용은 피고가 부담한다."
        ]
    }
}