{
    "info": {
        "caseField": "3",
        "detailField": "5",
        "trailField": "2",
        "caseNm": "유족보상금부지급처분취소",
        "courtNm": "서울고등법원",
        "judmnAdjuDe": "2010. 04. 07.",
        "caseNo": "2009누12169",
        "relateLaword": [
            "공무원연금법"
        ],
        "qotatPrcdnt": [
            "대법원 2007. 4. 12. 선고 2006두4912 판결",
            "법원 2008. 2. 28. 선고 2006두17956 판결"
        ]
    },
    "concerned": {
        "acusr": "1",
        "dedat": "2"
    },
    "org": {
        "orgJdgmnCourtNm": "서울행정법원",
        "orgJdgmnAdjuDe": "2009. 4. 10.",
        "orgJdgmnCaseNo": "2008구합39196"
    },
    "disposal": {
        "disposalform": "10",
        "disposalcontent": [
            "제1심 판결을 취소한다.",
            "피고가 2008. 6. 13. 원고에 대하여 한 유족보상금 부지급처분을 취소한다.",
            "소송총비용은 피고가 부담한다."
        ]
    },
    "mentionedItems": {
        "rqestObjet": [
            "제1심 판결을 취소한다.\n",
            "피고가 2008. 6. 13. 원고에 대하여 한 유족보상금 부지급처분을 취소한다."
        ]
    },
    "assrs": {
        "acusrAssrs": [
            "00이 평소 소방공무원으로서 24시간씩 2교대의 격일제근무시스템 하에서 일정한 스트레스를 받으면서 근무하여 왔고, 특히 2008. 3. 28. ●●센터로 전보된 후에는 당번근무 때뿐만 아니라 비번일에도 소방차 운전을 위한 제1종 대형면허 취득, □□산 화재대응 매뉴얼(이하 이 사건 매뉴얼이라고 한다) 작성 등 과다한 공무를 수행하여 상당한 과로나 스트레스에 시달림으로써 뇌지주막하출혈이 발병하여 사망하였다.",
            "00의 공무상 과로나 스트레스와 뇌지주막하출혈로 인한 사망 사이에 인과관계가 있고, 따라서 이 사건 처분은 위법하다."
        ],
        "dedatAssrs": []
    },
    "facts": {
        "bsisFacts": [
            "00은 2004. 3. 2. 소방공무원으로 임용되어 ㅇㅇ소방석 소속 'ㅇㅇ센터'(이하 'ㅇㅇ센터' 라고 한다)에서 구급대원으로 근무하다가 2008. 3. 28.부터 ㅇㅇ소방석 소속 ㅇㅇ센터(이하 'ㅇㅇ센터' 라고 한다)로 전보되어 구급대원으로 근무하던 중, 2008. 4. 28. 23:20경 집 화장실에서 뇌동맥류 파열로 인한 뇌지주막하출혈로 쓰러져 2008. 5. 2. 뇌압상승, 뇌간기능부전, 중증 뇌지주막하출혈로 사망하였다.",
            "원고는 00의 어머니로서 2008. 5. 20. 피고에게 공무원연금법이 정한 유족보상금 지급을 청구하였으나, 피고는 2008. 6. 13. 원고에게 00이 공무상 질병으로 인하여 사망하였다고 볼 수 없다는 이유로 유족보상금 부지급처분(이하 '이 사건 처분' 이라고 한다)을 하였다.",
            "00은 평소 술은 마시지 않고 다소 흡연을 하였으나 2007. 건강검진 당시부터 담배를 줄여 간혹 피우는 정도였고(갑 제7호증에 따르면 2007. 7. 건강검진 문진 당시 00은 담배를 피우지 않는다고 적은 사실을 알 수 있다), 주기적으로 동호회를 통하여 등산, 축구 등을 하였으며, 소방공무원 임용 이후 건강상의 사유로 병가를 사용하거나 조퇴한 경우는 없었다.",
            "00은 혈압이 2004. 건강검진 당시 150/90㎜Hg(이하 단위는 생략한다), 2005. 건강검진 당시 140/90, 2006. 건강검진 당시 130/90으로서 각 고혈압이 의심되는 상태였으나, 2007. 건강검진 당시에는 110/70으로서 정상이었고, 위 각 건강검진 당시 혈압 외의 부분은 별다른 이상이 없었으며, 2007. 건강검진 당시 키 174cm, 체중 60kg이었다.",
            "00은 사망 무렵 동료에게 피곤한 기색을 보였고, 각종 업무 부하로 인한 스트레스를 토로하였으며, 산악구조 업무 시에는 육체적 고통을 호소하기도 하였다.",
            "00은 19ㅇㅇ. ㅇㅇ. ㅇㅇ.생으로 2004. 3. 2. 소방공무원으로 임용되어 2008. 3. 27.까지는 ㅇㅇ센터에서, 2008. 3. 28.부터 사망 무렵까지는 ●●센터에서 구급대원으로서 24시간씩 2교대(갑조와 을조로 나뉘어 09:00에서 다음날 09:00까지 근무한 후 다음 조에게 인계하는 형태)의 격일제 형태로 근무하였다.",
            "그런데 이와 같은 격일제 근무시스템에서는 1주당 근무시간이 84시간에 달할 뿐만 아니라, 구급요원이 구급 외 업무에도 참여하고 행정업무 등을 비번일에 해야 하는 경우가 많았으므로, ㅇㅇ소방석에서는 2008. 2. 29. 격무부서 근무체제 개선방안에 관한 의견을 제출하였다.",
            "ㅇㅇ도는 위와 같은 의견 등을 종합하여 격일제 근무시스템에서는 근무자의 사고위험이 많다고 실태를 진단한 다음, 2008. 4. 1.부터 3조 교대근무 시범실시를 거친 후, 2008. 6. 30. 119구급대 격무부서에 대하여 3조 교대근무를 추진하는 계획을 수립하였다.",
            "하루 8건 12시간 이상 구급활동이 많은 격무부서(A그룹)에 한하여 2008. 7. 1.부터 우선 3조 교대근무를 실시하되, 부족 인력은 멀티소방관(multi-firefighter)을 활용하기로 하였는데, 00이 2004. 3. 2.부터 2008. 3. 27.까지 근무하였던 ㅇㅇ센터는 격무부서인 A그룹에 속하였다.",
            "00은 ㅇㅇ센터의 3조 교대근무 시범운영을 위한 인사에 따라 2008. 3. 28.부터 ●●센터로 전보되었는데, 00이 사망한 2008. 4.에는 홀수날이 당번으로서 같은 달 1일부터 26일까지 당번근무 날에는 행정, 화재 및 구급 출동 등의 일반 소방업무를 하였다.",
            "비번인 짝수날 중 12, 14, 16, 18, 22, 24일에 미진한 소방업무, 현장확인이 필요한 소방용수시설 점검 및 지․수리 조사 등의 업무를 수행하였으며, 6, 10, 12, 16, 20, 22일에 구급 출동을 하였고, 26, 28일에는 이 사건 매뉴얼 작성을 위한 조사를 하였다. ",
            "●●센터는 □□산을 관할 구역으로 하고 있어서 등반사고가 잦은 봄철에는 업무가 증가하였는데, 2008. 4. 4. 시달된 등산목 안전지키기 운영계획에 따라, 토,일요일 및 공휴일에는 센터에 구급차를 배치하던 것을 등산객이 많은 □□산 등산로에 구급차를 근접․배치하는 것으로 근무형태를 변경하였다.",
            "또한, 2008. 2. 11. 숭례문 화재사고가 발생하자 소방방재청이 같은 날 긴급지시로 소방관서별로 문화재 등에 대한 화재대응 매뉴얼의 개발을 지시함에 따라, ●●센터에서는 2008. 4. 18.부터 2008. 5. 1.까지 센터의 소방공무원 2인 1조로 □□산에 있는 관내 문화재 및 대형화재 취약시설 중 하나씩을 담당하여 효과적이고 실질적으로 화재를 진압하기 위한 지침서인 이 사건 매뉴얼을 작성하기로 하였다.",
            "이를 위하여 ●●센터 소방공무원들은 비번일을 이용하여 2인 1조로 □□산을 등반하여 이 사건 매뉴얼 작성을 위한 작업을 하였고, 이 사건 매뉴얼은 예정대로 2005. 5. 1. 작성이 완료되어 2005. 5. 2. 보고되었다.",
            "00은 그 외에도 ㅇㅇ도의 소방관서 3교대 전환을 위한 멀티소방관 양성계획에 따른 제1종 대형 운전면허 취득대상자로 선정되어(ㅇㅇ소방석 관내에서는 8명이 대상자임) 예산지원을 받아, 2008. 4. 2.부터 2008. 4. 8.까지 비번일에 자동차운전전문학원에서 하루 2-3시간씩 수강한 후 2008. 4. 16. 제1종 대형 운전면허를 취득하여 그 증명서를 ●●센터에 제출하였다.",
            "00은 ●●센터에 근무하는 동안 2008. 3. 29. 1회, 2008. 4. 13. 3회(13:20-18:15 □□산 ㅇㅇ비 부근 거리 미상, 20:30-23:01 □□산 ㅇㅇ비 식당 위까지 약 14km, 23:30-01:45 □□산 ㅇㅇ봉 약 15km), 2008. 4. 21. 1회 합계 5회에 걸쳐 □□산으로 산악구급출동을 하였는데, 그 기간의 월 5회 출동 횟수는 평균적이라고 할 수 있다. ",
            "그러나, 그 중 2008. 4. 13. 하루 동안 3회의 출동업무는 구급대원이 □□산 매표소에서 사고지점까지 출동하여 병원이송까지 하는 업무의 성격과 신속한 현장 도착을 위하여 산악 등반을 빨리하여야 한다는 점에서 상당한 정도 체력소모를 필요로 하였다(이 같은 업무 특성으로 인하여 ●●센터에서는 남자 구급대원만 근무한다).",
            "00은 2008. 3. 28.부터 2008. 4. 28.까지 월 77회 출동을 하여 주당 약 18회 정도 출동하였는데, 아주대학교 산학 협력단이 소방방재청의 의뢰에 따라 조사하여 2008. 4. 발표한 소방공무원 외상 후 스트레스 실태분석 연구(갑 제13호증, 2007년 이후 조사된 것으로 보인다)의 조사 결과 이하와 같다.",
            "조사대상 소방공무원의 경우 주당 10번 미만 출동이 56.40%이고, 10-19번 출동이 22.80%인 점에 비추어 볼 때, 00의 위와 같은 출동 횟수는 누적비율 79.30%에 근접하여 업무가 과중한 상위 약 20% 정도에 드는것으로 분석된다.",
            "00은 2개월에 3일씩 실시하는 순번 휴무일인 2008. 4. 27.을 보내고 비번인 2008. 4. 28. 10:00부터 17:00까지 □□산에 이 사건 매뉴얼 작성을 위한 자료조사를 다녀온 뒤 동료와 저녁식사를 마치고 귀가하여 집에서 22:55경까지(갑 제6호증의 기재에 따르면 00이 작업한 파일은 2008. 4. 28. 22:55 최종 수정된 사실을 알 수 있다) 이 사건 매뉴얼 작성 작업을 하던 중, 같은 날 23:20경 화장실에서 쓰러졌다.",
            "00이 사망한 2008년 4월의 근무내역(비번일의 경우 근무일지와 소방검사서, 구급활동일지 등에 근무 여부가 기재되어 있다)은 아래 표와 같다.",
            "00의 수술을 담당한 의사는 사망의 원인을 뇌동맥류 파열에 의한 뇌지주막하출혈이라고 밝혔는데(을 제3호증), 00의 사인인 뇌지주막하출혈은 대부분 뇌동맥이 혹과 같이 올라오는 뇌동맥류의 파열에 기인하고, 뇌동맥류 파열은 배변 및 배뇨, 작업 등 갑작스런 혈압의 변화를 초래할 수 있는 상황에서 발생할 수 있다. ",
            "그리고 스트레스성 인자도 뇌동맥류 파열의 중요한 소인 인자라는 연구 결과(을 제6호증)가 있으나, 그 시기나 원인에 관하여 의학적으로 명확하게 밝혀진 바 없다.",
            "기존에 뇌동맥류가 있는 상태에서 과로나 심한 스트레스가 뇌동맥류의 파열을 초래할 가능성은 있고, 수면부족과 휴식부족도 당연히 과로나 스트레스로 작용한다는 것인 대체적인 의사들의 소견이나, 그 인과관계에 관하여 아직 의학적으로 명확하게 규명되어 있지는 않다.",
            "당심에서 00의 진료기록 등을 감정한 삼성서울병원의 신경외과 교수는, 00은 20대 젊은 남성으로서 평소 건강에 문제가 없었고 업무상 과로와 스트레스가 심한 상태였으므로, 기왕에 뇌동맥류가 있는 상태에서 과로한 업무에 따른 스트레스로 인하여 뇌동맥류가 파열되었을 가능성이 있다는 견해를 제시하고 있고, 00이 사망한 ㅇㅇ병원의 의사도 비슷한 소견을 보이고 있다",
            "2007. 7. 건강검진 당시 00에게서 뇌동맥류 파열을 일으킬만한 생활습관, 식습관 그 외 발병원인으로 작용할 만한 기존 질환은 발견되지 않았다."
        ]
    },
    "dcss": {
        "courtDcss": [
            "업무상 재해라고 함은 근로자의 업무수행 중 그 업무에 기인하여 발생한 질병을 의미하는 것이므로 업무와 질병 사이에 상당인과관계가 있어야 한다.",
            "이 경우 근로자의 업무와 질병 사이의 인과관계에 관하여는 이를 주장하는 측에서 입증하여야 하지만, 질병의 주된 발생 원인이 업무수행과 직접적인 관계가 없더라도 적어도 업무상의 과로나 스트레스가 질병의 주된 발생 원인에 겹쳐서 질병을 유발 또는 악화시켰다면 그 사이에 인과관계가 있다고 보아야 할 것이다.",
            "그리고, 그 인과관계는 반드시 의학적·자연과학적으로 명백히 입증되어야 하는 것은 아니며 제반 사정을 고려할 때 업무와 질병 사이에 상당인과관계가 있다고 추단되는 경우에도 입증이 되었다고 보아야 한다.",
            "그리고, 또한 평소에 정상적인 근무가 가능한 기초질병이나 기존질병이 직무의 과중 등이 원인이 되어 자연적인 진행속도 이상으로 급격하게 악화된 때에도 그 입증이 된 경우에 포함되는 것이며, 업무와 질병과의 인과관계의 유무는 보통평균인이 아니라 당해 근로자의 건강과 신체조건을 기준으로 판단하여야 한다(대법원 2007. 4. 12. 선고 2006두4912 판결 참조).",
            "00의 위와 같은 장기간의 교대근무로 인한 면역력 저하, 지속적인 과로와 스트레스로 인한 일시적인 뇌혈압 상승이 뇌동맥류 등 00의 기존 질환에 겹쳐서 뇌지주막하출혈을 유발하였다고 추단할 수 있다.",
            "설령, 망인이 화장실에서 배변 과정의 이른바 발살바 효과(Valsalva, 숨을 멈추고 아랫배에 힘을 주는 동작을 하게 되면 혈압의 상승에 따라 뇌동맥류 파열을 유발할 수 있다)로 인하여 뇌지주막하출혈이 발생한 것이라고 본다.",
            "그러나 그렇다고 하더라도 00의 위와 같은 과로와 업무상 스트레스가 뇌동맥류를 유발하였거나 그 진행을 자연경과 이상으로 악화시킨 상태에서 발살바 효과로 인한 혈압의 상승작용이 복합적으로 일어나 그로 인하여 뇌지주막하출혈이 발생된 것으로 볼 수 있다(대법원 2008. 2. 28. 선고 2006두17956 판결 참조).",
            "따라서 00은 공무상 과로나 업무상 스트레스로 인하여 사망하였으므로, 피고의 이 사건 처분은 위법하다."
        ]
    },
    "close": {
        "cnclsns": [
            "제1심 판결을 취소한다.",
            "피고가 2008. 6. 13. 원고에 대하여 한 유족보상금 부지급처분을 취소한다.",
            "소송총비용은 피고가 부담한다."
        ]
    }
}