{
    "info": {
        "caseField": "3",
        "detailField": "5",
        "trailField": "2",
        "caseNm": "사업시행승인처분취소",
        "courtNm": "서울고등법원 ",
        "judmnAdjuDe": "2009. 08. 25.",
        "caseNo": "2009누1558",
        "relateLaword": [
            "행정소송법 제8조",
            "민사소송법 제420조",
            "지원특별법 제8조",
            "지원특별법 제9조",
            "지원특별법 제11조",
            "지원특별법 시행령 제11조",
            "지원특별법 시행령 제12조",
            "지원특별법 제29조",
            "지원특별법 제31조",
            "공익사업을 위한 토지 등의 취득 및 보상에 관한 법률 제20조 ",
            "공익사업을 위한 토지 등의 취득 및 보상에 관한 법률 제22조 "
        ],
        "qotatPrcdnt": []
    },
    "concerned": {
        "acusr": "1",
        "dedat": "3"
    },
    "org": {
        "orgJdgmnCourtNm": "의정부지방법원",
        "orgJdgmnAdjuDe": "2008. 12. 9.",
        "orgJdgmnCaseNo": "2008구합2069"
    },
    "disposal": {
        "disposalform": "10",
        "disposalcontent": [
            "원고들의 항소를 모두 기각한다.",
            "항소비용은 보조참가로 인한 부분을 포함하여 전부 원고들이 부담한다.",
            "이 사건 처분과 같이 일부 인,허가 사항에 대하여 사전 협의가 이루어지지 아니한 경우까지 지원특별법이 규정한 사업인정 의제 효과가 당연히 부여된다고 보기는 어렵다."
        ]
    },
    "mentionedItems": {
        "rqestObjet": [
            "제1심판결을 취소한다.",
            "피고가 2008. 3. 25. 피고 보조참가인(이하  참가인 이라 한다)에 대하여 한 사업시행승인처분을 취소한다. "
        ]
    },
    "assrs": {
        "acusrAssrs": [],
        "dedatAssrs": []
    },
    "facts": {
        "bsisFacts": []
    },
    "dcss": {
        "courtDcss": [
            "이 사건 처분의 경우에도 적어도 피고가 이 사건 처분 단계에서 미리 도시관리계획결정의 의제를 위한 경기도지사와의 협의를 거쳤다면 일부 다른 인·허가를 위한 협의를 미리 하지 않았더라도 그러한 점만으로 이 사건 처분을 취소할만한 하자가 있다고 보기는 어렵다.",
            "지원특별법에 의한 사업시행승인은 사업승인권자가 신청서의 기재사항에 나타난 당해 사업장소의 현상과 위치 및 주위의 상황, 사업시행의 시기 및 주체의 적정성, 사업계획에 나타난 사업의 내용, 규모, 방법, 실현가능성, 사업효과 등을 검토하고 이를 종합적으로 고려하여 1. 사업시행자, 2. 사업의 내용, 3. 사업이 시행될 지역을 지정 또는 승인하는 처분이라 할 것이다.",
            "위와 같은 사업시행승인의 관점에서 피고가 승인한 이 사건 처분의 성격을 판단하건대, 피고 또한 위와 같은 관련 내용들을 모두 검토한 후 참가인에게 사업시행승인을 하였고, 그 구체적 내용을 고시하였음은 처분의 경위에서 본 바와 같다.",
            "그러므로, 결국 이 사건 처분은 피고가 지원특별법 제11조에 따라 내린 종국적 처분으로서 지원특별법 제11조가 예정하고 있는 사업시행승인에 해당한다고 할 것이고, 다만 뒤에서 보는 바와 같이 필요한 일부 인·허가에 관하여 관련 행정기관들과의 협의절차가 미리 완료되지 아니한 관계로 지원특별법 소정의 사업인정 의제 등의 일부 효과를 인정받지 못할 뿐이라고 해석하는 것이 타당하다.",
            "일반적으로 인·허가 의제를 받기 위한 관계 행정기관과의 협의를 하지 아니한 경우 이러한 협의절차가 법률에 규정된 절차이기는 하지만 외부에 공시되지 아니하는 행정기관의 내부절차에 해당되고, 인·허가의 상대방은 협의가 행하여졌는지 여부를 전혀 알 수 없는 경우도 있을 수 있어서 협의절차불이행을 이유로 하여 주된 인·허가를 무효로 한다면 인·허가의 상대방은 불의의 손실을 입을 수도 있다.",
            "그러므로, 협의절차를 제대로 이행하지 아니한 흠은 그 정도에 따라 취소사유는 될 수 있겠지만 당연무효사유는 되지 아니한다.",
            "사업인정 의제를 규정하고 있는 지원특별법 제31조 제5항은 제11조에 의한 사업시행승인이 있는 때에는 공익사업을 위한 토지 등의 취득 및 보상에 관한 법률 제20조 및 제22조의 규정에 의한 사업인정 및 사업인정의 고시가 있는 것으로 본다 고 규정하고 있다.",
            "그리고 사업인정이 의제되면 사업시행자에게는 토지수용권이 발생하고, 다수의 토지소유자들과 이해관계인에게는 토지보전의무와 수용권 행사에 대한 수인의무 등 그 재산권 행사를 제한하는 강력한 효력이 발생한다.",
            "이 사건 처분과 같이 일부 인·허가 사항에 대하여 사전 협의가 이루어지지 아니한 경우까지 지원특별법이 규정한 사업인정 의제 효과가 당연히 부여된다고 보기는 어렵다."
        ]
    },
    "close": {
        "cnclsns": [
            "원고들의 항소를 모두 기각한다.",
            "항소비용은 보조참가로 인한 부분을 포함하여 전부 원고들이 부담한다."
        ]
    }
}