{
    "info": {
        "caseField": "3",
        "detailField": "5",
        "trailField": "1",
        "caseNm": "의사면허 자격정지 처분 취소",
        "courtNm": "서울행정법원",
        "judmnAdjuDe": "2010. 04. 30.",
        "caseNo": "2009구합9260",
        "relateLaword": [
            "구 의료법 제53조",
            "구 의료법시행령 제32조",
            "의료법 제32조",
            "구 의료법 제66조",
            "의료법 제50조",
            "의료법 제53조",
            "의료기사 등에 관한 법률 제25조\n",
            "구 약사법 제26조",
            "구 약사법 제34조"
        ],
        "qotatPrcdnt": [
            "2010. 2. 10. 서울중앙지방법원 2008고합1091호"
        ]
    },
    "concerned": {
        "acusr": "1",
        "dedat": "3"
    },
    "org": {
        "orgJdgmnCourtNm": "",
        "orgJdgmnAdjuDe": "",
        "orgJdgmnCaseNo": ""
    },
    "disposal": {
        "disposalform": "10",
        "disposalcontent": [
            "피고가 2009. 3. 3. 원고에 대하여 한 의사면허자격정지 1월의 처분을 취소한다.",
            "소송비용은 피고가 부담한다."
        ]
    },
    "mentionedItems": {
        "rqestObjet": [
            "피고가 2009. 3. 3. 원고에 대하여 한 의사면허자격정지 1월의 처분을 취소한다."
        ]
    },
    "assrs": {
        "acusrAssrs": [
            "이 사건 처분은 아래와 같은 사유로 위법하므로 취소되어야 한다.",
            "원고가 지급받은 돈은 부정한 청탁의 대가가 아니라 위 연구용역계약에 따른 정당한 연구용역비이므로, 원고는 직무와 관련하여 부당하게 금품을 수수하지 않았다.",
            "피고는 위 각 계약에 따른 원고의 금품수수가 품위 손상 행위에 해당하는지에 관하여 의료법 제32조 제2항에 의하여 중앙의료심사조정위원회에 심의를 의뢰한 후 그 결정에 따라야 할 것임에도 이러한 절차를 준수하지 아니하고 독단적으로 이 사건 처분을 하였다.",
            "1, 2, 3차 PMS계약이 부정한 청탁의 대가를 지급하기 위한 수단인지 불분명한 점, 원고의 의사면허자격을 정지시킬 공익상 필요가 크지 않은 점, 원고가 수수한 금품을 개인이 사용한 것이 아닌 점, 원고의 명예·경제적 손실 등을 고려하면, 이 사건 처분은 원고에게 지나치게 가혹하다."
        ],
        "dedatAssrs": [
            "원고는 돈을 지급받은 행위에 관하여 배임수재 혐의로 수사기관의 수사를 받은 후 2008. 8. 7. 서울중앙지방검찰청 검사로부터 기소유예 처분을 받았으므로, 이 처분에 근거하여 이 사건 처분을 한 것은 타당하다."
        ]
    },
    "facts": {
        "bsisFacts": [
            "원고는 2002. 5.경부터 ㅇㅇㅇㅇㅇ병원 진단방사선과 의사로 근무하면서 위 병원 진단방사선과 과장 직책을 맡고 있다.",
            "원고는 ㅇㅇㅇㅇㅇ병원에서 사용하고 있는 의약품 '비지파크' 와 '옴니파크' 의 수입판매업체인 000(이하 'OOO' 라고 한다)의 임상시험수탁기관인 000(이하 'OOO' 라고 한다)와 사이에 '계절변화 요인이 유해사례 발현율에 미치는 영향을 확인하기 위한 관찰연구(Seasonal Variation Observational Study)' 를 목적으로 하였다.",
            "그리고 2005. 4. 1. 위 병원 진단방사선과 과장인 소외 4, 5와 공동으로, 2006. 9. 21. 위 소외 4, 5와 공동으로, 2007. 2. 12. 단독으로 각 시판후 조사(Post Marketing Surveillance, 이하 'PMS' 라 한다) 형식의 연구용역계약을 체결하였다(이하 순서대로 ‘1, 2, 3차 PMS계약’이라 한다).",
            "그리고, 연구용역비 명목으로 1차 PMS 계약에 대하여 32,500,000원, 2차 PMS계약에 대하여 15,000,000원, 3차 PMS계약에 대하여 2,500,000원을 각 지급받았다.",
            "피고는, 원고가 위 1, 2, 3차 PMS계약상 연구용역비 명목으로 돈을 지급받은 것은 실질적으로 ㅇㅇㅇㅇㅇ병원에서 조영제 '비지파크' , '옴니파크' 를 계속 사용하여 주고 그 사용량을 늘려달라는 취지의 묵시적인 청탁에 따른 금품수수에 해당한다.",
            "그리고, 이는 직무와 관련하여 부당하게 금품을 수수한 행위라는 이유로, 2009. 3. 3. 의료법(2007. 4. 11. 법률 제8366호로 개정되기 전의 것) 제53조 제1항 제1호, 제2항, 의료법 시행령 제32조 제1항 제5호, 의료관계 행정처분규칙 제4조 및 별표 1.다(1), 2.가(26)에 의하여, 원고에게 의사면허자격정지 1월의 처분을 하고, 이를 통지하였다.",
            "자발적 PMS(Post Marketing Surveillance)는 의약품의 시판 후에도 지속적으로 의약품의 안전성에 관한 정보를 수집하기 위해 제약회사가 의약품의 부작용을 수집하고 조사하는 자발적인 활동을 말한다.",
            "약사법(2007. 4. 11. 법률 제8365호로 개정되기 전의 것) 제26조의2, 제34조 제4항에 규정된 신약 등의 재심사 제도는 그 대상이 품목허가를 받은 의약품이라는 점, 심사가 강제된다는 점, 재심사 기간이 4년 내지 6년을 경과한 날로부터 3월로 제한된다는 점에서 위 자발적인 PMS와 구별된다.",
            "지이헬스케어는 의약품인 ‘옴니파크’와 ‘비지파크’를 수입·판매하는 업체인데, 1995. 1. 9. ‘옴니파크’에 관하여, 1998. 7. 1. ‘비지파크’에 관하여 각 CT, MRI 등을 촬영하는 환자에게 투여하는 조영제로 식품의약품안전청으로부터 의약품 품목허가를 받았고, 허가를 받으면서 위 약사법상의 재심사를 받아야 한다거나 의무적으로 PMS를 실시하여 부작용 사례를 수집·보고해야 하는 의약품으로 분류되지 않았다.",
            "○○○○○병원은 개원 이후 위 ‘옴니파크’, ‘비지파크’ 등을 조영제로 선택하여 환자에게 투여하여 왔고, 원고는 위 병원 진단방사선과 과장이자 의사로서 위 병원에서 사용할 조영제의 종류를 선택하거나 사용 중인 조영제의 계속 사용 여부, 사용량 증감 여부 등을 결정할 수 있는 선택권한이 있었다.",
            "000의 메디컬팀 이사인 소외 6은 2003. 1.경부터 지이헬스케어의 본사 글로벌 메디컬팀에 조영제의 부작용 발생원인을 문의해 보는 등 계절 변화에 따른 조영제의 부작용에 대한 의문을 갖게 되었고, 이에 ‘비지파크’와 ‘옴니파크’의 ‘계절별 부작용 모니터링(Seasonal Variation Study)’를 실시하기로 한 다음 2004. 5. 28. 그에 관한 연구목적, 계획, 방법, 결과 보고 등을 정리하여 기안 후 결재를 받았다.",
            "000는 2004. 7. 8. 드림씨아이에스와 정식으로 관찰연구 업무 위·수탁계약을 체결하여 PMS 참여 연구자와의 계약관리 관찰연구 실시계획서 및 관찰연구 조사표(CRF) 작성, 연구비 지급, 데이테베이스 제작, 데이터 검증 및 확정, 분석 프로그래밍 통계분석, 결과보고서 작성 및 검증 등의 업무를 위탁하였다.",
            "000는 2004. 7.경 세부적인 연구계획과 증례보고서, 관찰연구계약서 양식 등을 마련하여 관찰연구 실시계획서를 상세하게 작성하였는데, 그 주된 내용은 아래와 같다(이하 ‘이 사건 관찰연구’라 한다).",
            "000는 조사증례수를 고려하여 조사 대상자 수를 계절별로 안배하는 방식으로 조사의뢰 예정 증례수 운영에 관한 계획표를 작성한 후, 이를 병원 담당부서에 공지하여 조사기관을 추천받았고, 이러한 절차를 거쳐 추천된 희망 조사기관에 대한 정보를 취합한 후 이를 조사의뢰예정 증례수 운영계획표와 함께 000에 송부하였다.",
            "000는 조사기관 신청접수 목록 기재 조사기관 중 조사기관 선정 제외사유(동일 연구자에게 연간 3회 이상 의뢰하는 경우, 동일 연구자에게 총 조사대상자가 600예를 초과하는 경우, 동일 연구자에게 이전 년차의 조사예정기관과 동일한 조사기간으로 의뢰하는 경우)에 해당하는 조사기관을 배제시키고, 그 나머지 조사기관을 대상으로 컴퓨터에 의한 무작위 추첨방식의 조사순위 생성프로그램을 구동하여 조사순위표를 작성하여 000에 통보하였다.",
            "000는 위 조사기관 선정 및 검증과정을 통하여 2005년 3월의 조사기관 및 연구자로 ○○○○○병원 소속 원고 등을 선정하였고, 000 담당직원은 직접 원고 등을 찾아가 이 사건 관찰연구 참여 수락의사를 확인한 후 연구자용 관찰연구 설명서, 조사계획서, 조사표 등을 제공하고 조사방법·자료작성요령 등을 설명하면서 아래와 같은 내용으로 1차 PMS계약을 체결하였다.",
            "원고는 2006. 9. 21. 위 (9)항과 같은 절차를 거쳐 2차 PMS계약(조사기간 : 2006. 9. 21. ~ 2007. 1. 31., 계약증례수 : 300례 외에는 1차 PMS계약과 동일함)을, 2007. 2. 12. 같은 절차를 거쳐 3차 PMS계약(조사기간 : 2007. 2. 12. ~ 2007. 3. 31., 계약증례수 : 100례 외에는 1차 PMS계약과 동일함)을 각 체결하였다.",
            "원고는 1, 2, 3차 PMS계약상 조사기간이 경과한 후 증례수에 따른 조사표를 전부 작성하여 지이헬스케어에 모두 전달하였고, 그 중 1차 PMS계약에 따른 연구용역수행 중 부작용 사례 2건을 발견하여 조사표에 기재하기도 하였다.",
            "원고는 위와 같이 돈을 지급받은 행위에 관하여 배임수재 혐의로 수사기관의 수사를 받은 후 2008. 8. 7. 서울중앙지방검찰청 검사로부터 기소유예 처분을 받았고, 피고는 위 기소유예 처분에 근거하여 이 사건 처분을 하였다."
        ]
    },
    "dcss": {
        "courtDcss": [
            "일반적으로, 의약품 수입업자는 약사법 등 관계규정에 따라 수입품목 허가를 받은 의약품에 대한 재심사, 재평가를 받아야 하고, 허가를 받거나 신고한 품목의 안전성·유효성과 관련된 새로운 자료를 입수하거나 정보사항 등을 알게 된 때에는 ‘의약품 등 안전성 정보관리 규정’에서 정하는 바에 따라 이를 보고하고 필요한 대책을 강구해야 할 의무가 있다.",
            "그리고, 수입한 의약품이 회수대상 의약품 등의 의심이 있는 경우에는 지체 없이 당해 의약품에 대한 위해성을 평가해야 하며, 위해성 평가등급에 따라 지정된 시일 이내에 해당 의약품에 대하여 즉시 판매 중지 등의 필요한 조치를 취하고, 회수대상의약품을 회수하거나 반품 받아 이를 폐기하거나 그 밖의 위해를 방지할 수 있는 조치를 취할 의무를 부담하는 등 의약품 제조업자와 동일한 의무와 책임을 부담하고 있다.",
            "그러므로, 의약품 수입·판매업체는 자발적 PMS를 실시할 필요성이 있을 경우 식품의약품안전청장의 승인을 받지 아니하고 이를 시행할 수 있다.",
            "또한 위 인정사실에 의하면, 이 사건 관찰연구는 그 연구의 목적이 조영제의 일반적인 부작용에 대한 조사가 아닌 계절적 변화에 따른 조영제의 부작용을 조사하기 위한 것으로 특정되어 있고, PMS를 위해 임상실험 전문대행 기관인 드림씨아이에스와의 업무 위·수탁 계약을 체결하고, 드림씨아이에스와 업무 분장을 통해 위 연구의 성과를 내고자 노력하였다. ",
            "조사표의 내용도 계절변화에 따른 부작용을 조사하기 위해 적절한 항목으로 구성되어 있고, 조사표를 대부분 수거하여 이를 검토하면서, Query Report를 통해 증례보고서의 오류를 수정하는 절차를 거치기도 하였으며, 조사 대상 병원의 선정과 증례수의 결정도 공정하고 객관적으로 이루어진 것으로 보인다.",
            "이러한 연구결과에 대해 식품의약품안전청과 본사에 보고하는 등의 절차를 모두 거친 것임을 알 수 있다.",
            "위와 같은 사정과 함께 원고가 그 계약에 정해진 대로 연구결과를 조사표에 기재하여 모두 건네준 점, 피고가 원고의 PMS와 관련한 금품수수가 직무와 관련한 부당한 것임을 인정하여 이 사건 처분을 한 것은 수사기관의 수사와 그 결과에 대한 검사의 기소유예 처분을 근거로 한 것이다.",
            "그런데, 1, 2, 3차 PMS계약과 동일한 계약을 체결하고 돈을 받은 의사들에 대하여 ‘위 계약에 따라 지급받은 돈이 위 조영제의 신규납품이나 계속적인 사용을 해달라는 청탁의 대가로 받은 것이라 할 증거가 없다’는 이유로 무죄판결이 선고된 점 등에 비추어 보면, 원고가 1, 2, 3차 PMS계약에 따라 지급받은 돈을 직무와 관련하여 수수한 부당한 금품이라고 단정하기 어렵다 할 것이다.",
            "따라서, 원고가 직무와 관련하여 부당한 금품을 수수하였음을 전제로 한 이 사건 처분은 위법하므로, 원고의 이 부분 주장은 이유 있다."
        ]
    },
    "close": {
        "cnclsns": [
            "원고의 나머지 주장에 관하여 살펴 볼 필요 없이 이 사건 처분의 취소를 구하는 원고의 이 사건 청구는 이유 있으므로 인용한다."
        ]
    }
}