{
    "info": {
        "caseField": "3",
        "detailField": "5",
        "trailField": "1",
        "caseNm": "법인세징수처분취소",
        "courtNm": "서울행정법원",
        "judmnAdjuDe": "2010. 05. 27.",
        "caseNo": "2009구합16442",
        "relateLaword": [
            "헌법 제6조 ",
            "헌법 제38조 ",
            "헌법 제59조 ",
            "헌법 제11조 ",
            "국세기본법 제14조"
        ],
        "qotatPrcdnt": [
            "헌법재판소 1989. 7. 21. 선고 89헌마38 결정"
        ]
    },
    "concerned": {
        "acusr": "2",
        "dedat": "3"
    },
    "org": {
        "orgJdgmnCourtNm": "",
        "orgJdgmnAdjuDe": "",
        "orgJdgmnCaseNo": ""
    },
    "disposal": {
        "disposalform": "10",
        "disposalcontent": [
            "원고의 청구를 기각한다.",
            "소송비용은 원고가 부담한다.",
            "이 사건 각 징수처분이 원천징수의무자인 원고에게 부여된 권능의 범위와 한계를 초과하여 비례성의 원칙을 위반하였다고 볼 수 없고, 원고가 000으로부터 이 사건 배당소득에 대하여 원천징수하지 않은 것에 정당한 이유가 있다고 할 수도 없다."
        ]
    },
    "mentionedItems": {
        "rqestObjet": [
            "원고가 피고에 대하여 한 2008. 3. 19.자 2003 사업연도 귀속 법인세(원천분) 459,903,500원, 2008. 3. 20.자2003 사업연도 귀속 법인세(원천분) 166,649,980원의 각 징수처분을 각 취소한다."
        ]
    },
    "assrs": {
        "acusrAssrs": [
            "피고가 실질과세원칙을 적용하여 이 사건 외국법인이 이 사건 배당금의 수익적 소유자가 아니라 배후의 투자자들이 진정한 수익적 소유자라는 전제하에 이 사건 쟁점조세협약의 적용을 부인함에 대하여, 원고는 아래와 같은 이유로 이 사건 처분이 위법하다.",
            "000 역시 배후에 있는 개별 투자자(partner)들의 투자수단에 지나지 않는 등 이 사건 외국법인과 조직적 특성이 다르지 않으므로 도관회사로 보아야 하고, 따라서 개별 투자자들을 이 사건 배당금 소득의 실질적 귀속자로 보아야 한다."
        ],
        "dedatAssrs": [
            "위 000 등의 등록기준지에 따라 아래와 같이 쟁점 배당금에 13.64%~25%의 원천징수세율을 적용하여, 2008. 3. 19. 2003 사업연도 귀속 법인세(원천분) 459,903,500원을, 2008. 3. 20. 2003 사업연도 귀속 법인세(원천분) 166,649,980원 등 총 626,553,480원(가산세 포함)을 각 징수처분한다(이하 '이 사건 각 처분'이라 한다)."
        ]
    },
    "facts": {
        "bsisFacts": [
            "원고는 영화관의 설립 및 운영, 영화 상영·수출입·배급 등 영화 관련사업을 영위하는 법인(이하 '원고 법인'이라 한다)이다.",
            "케이만 군도에 소재하는 000(45% 출자, 이하 'OOO'이라 한다), 미국 소재000(22% 출자, 이하 'OOO'라 한다), 영국 소재 000(33% 출자, 이하 'OOO'이라 한다)는 공동 투자형식으로 2002. 7. 3. 네덜란드 법인 000(이하 이 사건 '외국법인'이라 한다)를 설립하였다.",
            "이 사건 외국법인은 2002. 9. 호주법인인 000를 통하여 국내법인인 원고 법인의 주식을 매입한후 2004. 12. 15. 국내 기관투자자에 기업공개에 의한 구주매각방식을 통하여 49,097,975,000원에 매각한(이하, 위 일련의주식 매입, 매각 과정을 '이 사건 주식거래'라 한다.)",
            "그 후 대한민국과 네덜란드왕국간의 소득에 대한 조세의 이중과세회피와 탈세방지를 위한 협약(이하 '쟁점 조세조약'이라 한다)상 주식양도소득에 대한 비과세규정을 들어 주식양도차익을 납부하지 않았다.",
            "원고 법인은 이 사건 외국법인에게 아래와 같이 다섯 번에 걸쳐 배당금(이하 '이 사건 배당금'이라 한다)을 지급하였고, 쟁점 조세조약 제10조에 따라 위 배당금 지급액에 10%의 세율(주민세 포함)을 적용한 금액을 원천징수하여 피고에게 납부하였다.",
            "이 사건 외국법인의 법인등기부상 사업장 소재지인 OOO, OOO, OOO에는 관계사인 OOO가 소재하고 있고, 이 사건 외국법인의 전화번호에는 관계사 소속직원인 소외 3의 비서 소외 4의 전화번호(전화번호 생략)가 기재되어 있다.",
            "이 사건 외국법인의 이사는 소외 5, 소외 6, 소외 7 등 3인으로 구성되어 있으나, 이중 대표이사인 소외 5는 홍콩 소재 투자자문사인 OOO 소속으로 아시아 지역 투자를 총괄하는 Managing Director이고, 소외 6은 원고 법인에 OOO과 공동으로 투자한 영국 소재 OOO의 소속직원이며, 소외 7은 관계사인 OOO 소속 직원이다.",
            "이들 3인은 명의상 이사로 등재되어 있을 뿐 이 사건 외국법인의 다른 투자활동에 관여한 바 없고, 이외 다른 상시 근무직원은 없다.",
            "이 사건 외국법인의 재무제표에 의하면, 대차대조표상 총자산은 101,999, 000,000원으로 전액이 이 사건 주식투자와 관련된투자자산으로 구성되어 있고, 손익계산서상 대부분의 수입은 OOO 관련 이자 및 배당수익으로 구성되어 있으며,그 이외에 직원 급여, 임차료, 기타 사업용자산 내역은 발견되지 않는다.",
            "이 사건 외국법인은 회사 존속기간 동안 네덜란드 정부에 법인세를 납부한 사실이 없다.",
            "OOO의 투자자문사인 홍콩 000(이하 'OOO'라 한다)는 이 사건 외국법인이 설립되기 훨씬이전인 2002. 1.부터 원고 법인 투자를 위한 투자예비보고서를 작성하고 기업실사를 진행해왔는데 같은 해 7. 경 무렵 회계분야, 조세분야, 법률분야 등 총 6개 분야에 있어 원고 법인에 대한 기업실사를 마쳤다.",
            "OOO는 2002. 7.경 투자평가보고서(Investment Evaluation, 을 21호증) 및 최종투자보고서(Final InvestmentRecommendation, 을 6호증)를 작성하여 OOO의 투자심의위원회에 보고하였다.",
            "위 각 보고서에따르면 1. 총 투자금액과 관련하여, 원고 법인에 대한 총 투자금액을 미화 86,000,000달러로 예상하면서 그 중 OOO의 투자 부분을 미화 41,000,000달러로 정하고 있고, 2. 투자 예정일과 관련하여, 계약체결일을 2002. 8.로, 투자완료일을 2002. 9.로 정하고 있다.",
            "3. 거래 구조와 관련하여, OOO과 OOO의 지분비율을 64:35로 하여 명목상회사인 룩셈부르크(Luxco) 회사(000를 지칭하는 것임)를 설립할 것이고, 위 룩셈부르크 회사는 원고 법인 주식의 50%를 소유할 목적으로 네덜란드 법인(000)을 설립할 것임을 명시하고 있다.",
            "OOO 소속 직원인 소외 1은 이 사건 외국법인으로부터 위임장을 받아 대리인 자격으로 주식매매 계약서에 서명을 하고, 출금권한이 있는 서명권자로서 이 사건 배당금 및 주식매각대금의 송금요청을 하는 등 이 사건 주식 매매 과정 전반을 담당하고,이 사건 주식 매수 후인 2002. 10. 17. 임시 주주총회에 참석하여 의결권을 행사하기도 하였다.",
            "000는 2002. 10.경 홍콩 및 한국에 이 사건 외국법인 명의의 계좌를 개설한 후 OOO로부터 투자자금을 송금받아 이를 주식양도인인 호주법인 OOO에게 지급하였고, 이에 따른 원천세 상당액은 별도로 이 사건외국법인 명의의 한국계좌로 송금처리하였다.",
            "원고 법인의 직원 소외 8이 OOO의 director인 소외 9에게 발송한 2004. 5. 13.자 이메일(을 23호증의 1)에 따르면, 주식 상장전 동의사항으로써 원고 법인에 대한 이 사건 외국법인의 투자종료 후 2년간, OOO과 OOO에의한 펀드는 원고 법인의 사전동의없이 한국에서 영화사업과 관련된 주식을 소유하지 못한다는 내용이 제시되어 있다.",
            "원고 법인의 이사회회의록(을 25호증)에 따르면, 소외 1, 소외 2 등이 원고 법인의 이사 자격으로 이 사건 배당소득 결의에 참여한 것으로 되어 있는데, 소외 1은 투자자문사인 OOO의 직원, 소외 2은 OOO의 office manager 이다.",
            "OOO과 OOO이 공동투자하여 룩셈부르크에 설립한 OOO의 정관(을 24호증)에 의하면, (6.5.3.항)에서 OOO과 OOO가 회사의 주주이다라는 점을 규정하고 있고, (7.1.항)에서 이사회 구성과 관련하여 000가 주주인 한, 적어도 4명의 지명자 리스트를 제출하여야 한다.",
            "주주총회는 이 리스트에서 적어도 3명의 이사를 선임하여야 하고, OOO이 주주인 한, 적어도 2명의 지명자 리스트를 제출하여야 하고, 주주총회는 이 리스트에서 적어도 1명의이사를 선임하여야 한다고 규정하고 있다. "
        ]
    },
    "dcss": {
        "courtDcss": [
            "쟁점 조세조약 제10조가 그 적용요건으로서 수익적 소유자 요건을 요하는 것으로 해석할 수 없고, 설령 이러한 요건이 적용된다고 하더라도 이 사건 외국법인은 네덜란드 법령에 따라 적법하게 설립, 운영되어 온 법인으로서 이 사건 주식거래의 당사자이자, 이 사건 배당금의 수취인이므로 단순히 위 법인이 주식의 보유나 투자를 위하여 설립되었다.",
            "그로 인하여 발생한 배당이익을배후 투자자들에게 지급하였다는 이유만으로 이 사건 외국법인을 수익적 소유자가 아닌 도관회사에 불과하다고 볼 수는 없다.",
            "피고는 이 사건 외국법인을 도관회사에 불과하다고 보고 그 배후 투자자인 OOO를 수익적 소유자로확정하여 과세하였으나, OOO 역시 그 소재지에 어떠한 인적, 물적 시설도 갖추지 않은 법인격 없는 조합(partnership)으로서 배후에 있는 실제 투자자(partner)들의 투자수단에 지나지 않는다.",
            "이 역시 도관회사로 보아 실제 투자자들의 거주지국과 체결한 조세조약에 따라 원고 법인의 원천징수 의무를 확정하여야 할 것인데, 피고는 실제 투자자를 밝혀내기 어렵다는 이유로 우리나라와 조세조약이 체결되어 있지 않아 보다 높은 세율의 징수가 가능한 OOO를 수익적소유자로 보아 과세하였다.",
            "원천징수의 본질은 국가의 징세상 편의와 능률을 제고하려는 제도인데, 이러한 목적을 위하여 원고에게 최초 거래 시점에서 소득의 실질적인 귀속자를 파악하여 원천징수의무를 이행하라는 과중한 의무를 부담시키는 것은 구체적인 행정목적을 달성함에있어 목적실현과 수단 사이에 합리적인 비례관계가 존재해야 한다는 헌법상의 비례의 원칙에 반한다.",
            "같은 이유로 원고가 이 사건 외국법인에게 이 사건 배당소득을 지급하면서 쟁점 조세조약에 따른 원천징수세율을 적용하여 원천징수한 것은 정당한 이유가 있다 할 것이어서 가산세 부과는 위법하다.",
            "헌법상 조세평등주의의 이념은 법률에 준하는 효력을 가지는 조세조약의 해석에 있어서도 예외일 수 없으므로, 실질과세원칙의 적용이 조세조약 엄격해석의 원칙에 위배된다고 할 수 없다.",
            "쟁점 조세조약 제10조 제1호는 일방국의 거주자인 법인이 타방국의 거주자에게 지급하는 배당은 동타방국에서 과세될 수 있다고, 제2호는 그러나 그러한 배당은 동배당을 지급하는 법인이 거주자로 되어 있는 국에서 동국의 법에 따라 과세될 수 있다.",
            "그러나 그렇게 부과되는 조세는 다음을 초과할 수 없다, (가) 배당수취인이 자본금의 전부 또는 일부가 지분으로 나누어지고 배당을 지불하는 법인의 자본금의 최소한 25%를 직접 소유하는 법인인 경우에는 총배당액의 10%, (나) 기타의 경우에는 총배당액의 15%라고 각 규정하고 있다.",
            "실질과세원칙의 적용이 조세조약 엄격해석의 원칙에 위배된다고 할 수 없고, 조세조약의 개별 조항은우리나라 세법 전체의 체계에 따라 합목적적으로 해석되어야 한다.",
            "네덜란드의 거주자라 하더라도 실질적인 재화나 용역이 제공됨이 없이 회사의 주식이나 지분의 소유만으로 소득을 얻게 되는 배당소득에 관하여는 실질적인 주주나 지분권자가 외형적으로 일방 체약국의 거주자의 지위를 취득함으로써 조세조약을 남용하여(treaty shopping) 조세를 회피할 가능성이 상당하므로 이러한 조세회피를 방지하여야 할 필요성이 있다.",
            "쟁점 조세조약은 대한민국과 네덜란드 정부 간의 소득에 대한 조세의 이중과세 회피와 탈세 방지를 위하여 체결된 것임을 조약의 문언상 명백히 하고 있으므로, 위 조약의 목적은 국제적 이중과세를 방지함으로써 상호교류와 투자를 촉진하는 것에만 한정된다고 할 수 없다.",
            "따라서 위 쟁점 조세조약 제10조에서 규정하고 있는 배당수취인이라 함은 배당소득을 형식적으로 수취할 뿐 아니라 이에 대한 실질적인 귀속주체로서의 관계까지 요구된다고 해석함이 상당하다.",
            "원고 법인에 대한 투자의사결정 및 투자과정 진행은 000의 관계사인 000 및 000가 담당하였고, 이 사건 외국법인은 이들에 의한 투자준비가완료된 직후 설립되었으며, 그 후 원고 법인의 지분을 매각하여 매각대금을 최종 수취한 후 곧바로 청산되었다.",
            "곧바로 청산된 점, 2. 이 사건 외국법인의 사업장 소재지, 전화번호는 모두 OOO의 관계사이 사건 외국법인의 이사 3명은 모두 OOO 혹은 000의 소속직원이고 이 사건 외국법인의 다른 투자활동에 관여한 바 없으며, 이외 상시 근무직원은 존재하지 않았다.",
            "이 사건 외국법인의 자산은 이 사건 주식투자와 관련된 자산이 전부이고, 이 사건 배당금 이외에는 손익이 전혀 없으며, 그 이외에 판매관리비도 발생한 바 없다.",
            "바 없는 점 5. 이 사건 주식거래자금의 출처는 OOO 혹은 OOO이고 이 사건 배당금 역시 이 사건 외국법인 명의의 계좌를 거치기는 하였으나 결국 위 법인들로 최종 귀속되었다.",
            "네덜란드는 다수의 외국계 사모투자펀드들이 한국에 투자하기 직전에 한국의 과세권 행사를 완화하기 위하여 도관회사의 설립지로 이용하고 있는 곳이었다.",
            "이 사건 외국법인은 정상적인 목적으로 네덜란드에서 설립되어 영업활동을 하고 있는 법인이 아니라 000 등이원고 법인에 대한 투자와 관련하여 소득 발생지국의 조세징수를 회피하기 위하여 만들어진 하나의 도관회사에 불과하고 이 사건 배당금 등 위 투자와 관련한 이익의 실질적인 귀속주체는 그 거래자금을 실질적으로 공급한 OOO등이라고 할것이다.",
            "OOO은 미국, 영국 등지의 투자자들로부터 자금을 모집하여 하나의 펀드로 만든 다음 투자수단으로서의 지주회사를 설립하여 이를 통하여 투자대상기업인 원고 법인의 주식을취득, 보유 및 처분할 경제적 필요에 따라 이 사건 외국법인을 설립하고, 다시 이를 통하여 이 사건 주식을 취득하여 보유하다가 양도하는 등의 고유한 사업활동을 해왔다.",
            "OOO은 이 사건 주식거래에 있어 거래자금의 실질적인 공급처로서의 역할을 하였을 뿐 아니라 주식 양도소득 및 배당소득의 최종 귀속처였던 점 등에 비추어 보면 단지 OOO이 법인격 없는 조합(partnership) 형태를 취하면서 등록지만 케이만 아일랜드로 하였을 뿐 제3국에서 주로 활동하고 있었다.",
            "케이만 아일랜드에 법인세를 납부하지 않는다는 등의 사정만으로 OOO의 법인격을 부인하고 그 배후에 있는 최종 투자자들을 이 사건 배당금의 실질적 귀속주체로 볼 것은 아니라 할 것이다.",
            "원천징수방식의 조세에 있어서는 원천징수의무자에게 원천징수 대상에 해당하는지 여부를 조사할 의무가 있고, 위 인정사실에 의하여 알 수 있는 다음과 같은 사정, 원고 법인은 2002년경 6개 부문에 있어 기업평가를 위한 실사를 받았는데, 그 실사 주체는 OOO의 투자자문사인 OOO이다.",
            "이 사건 주식매매계약서의 서명자는 OOO 소속 직원인 소외 1인데, 위사람은 이 사건 외국법인으로부터 개별 위임장을 받았을 뿐 이 사건 외국법인과 관련이 없는 사람이다.",
            "원고 법인의 직원과 OOO의 director 사이에 오고간 이메일 내역에 의하면, 원고 법인에 대한 투자 주체를 OOO과 OOO로 명시하고 있다.",
            "이 사건 배당금의 배당소득결의에 참가한 소외 1, 소외 2 등은 OOO 내지 OOO의 직원이고, 이 사건 외국법인의 이사들은 참여하지 않았다.",
            "이 사건 외국법인에 100% 출자한 것으로 되어 있는 룩셈부르크 소재OOO의 정관에 의하면, OOO과 OOO를 회사의 주주로 규정하고 있다.",
            "원고는 이 사건 외국법인은 쟁점 조세조약을 이용하여 한국 내에서의 조세를 회피할 목적으로 설립한 도관회사로, 실질적인 업무는 OOO 및 그 관계사가 수행하였으며, 이 사건 배당소득 및 주식 양도소득의 귀속자도 OOO을 비롯한 배후 투자자들임을 잘 알고 있었다고 보인다.",
            "이 사건 각 징수처분이 원천징수의무자인 원고에게 부여된 권능의 범위와한계를 초과하여 비례성의 원칙을 위반하였다고 볼 수 없고, 원고가 OOO등으로부터 이 사건 배당소득에 대하여원천징수하지 않은 것에 정당한 이유가 있다고 할 수도 없다.",
            "따라서, 이 사건 각 처분은 적법하고, 원고의 주장은 이유 없다."
        ]
    },
    "close": {
        "cnclsns": [
            "1. 원고의 청구를 기각한다. 2. 소송비용은 원고가 부담한다."
        ]
    }
}