{
    "info": {
        "caseField": "3",
        "detailField": "5",
        "trailField": "1",
        "caseNm": "조합설립 무효 확인",
        "courtNm": "서울행정법원",
        "judmnAdjuDe": "2010. 08. 12.",
        "caseNo": "2009구합44515",
        "relateLaword": [
            "구 도시 및 주거환경정비법 제15조",
            "구 도시 및 주거환경정비법 제4조",
            "구 도시 및 주거환경정비법 제16조",
            "구 도시 및 주거환경정비법 제2조",
            "구 도시 및 주거환경정비법 제39조",
            "구 도시 및 주거환경정비법 제19조"
        ],
        "qotatPrcdnt": []
    },
    "concerned": {
        "acusr": "1",
        "dedat": "3"
    },
    "org": {
        "orgJdgmnCourtNm": "",
        "orgJdgmnAdjuDe": "",
        "orgJdgmnCaseNo": ""
    },
    "disposal": {
        "disposalform": "10",
        "disposalcontent": [
            "이 사건 소를 모두 각하한다.",
            "소송비용은 피고보조참가로 인한 부분을 포함하여 모두 원고들이 부담한다."
        ]
    },
    "mentionedItems": {
        "rqestObjet": [
            "피고가 2008. 9. 4. 피고보조참가인에 대하여 한 조합설립인가처분은 무효임을 확인한다.",
            "피고가 2008. 9. 4. 피고보조참가인에 대하여 한 조합설립인가처분은 이를 취소한다."
        ]
    },
    "assrs": {
        "acusrAssrs": [
            "원고들은 이 사건 인가처분에는 아래와 같은 하자 있어 위법하다고 할 것인데, 그 하자가 중대·명백하여 무효라거나(주위적청구), 이 사건 인가처분은 취소되어야 한다(예비적 청구)고 주장한다.",
            "정비구역지정요건의 결여 : 이 사건 정비구역지정처분은 노후·불량건축물의 수 등 정비구역지정 요건을 충족하지 못하였다.",
            "이 사건 추진위원회에 대한 설립승인무효 : 이 사건 추진위원회에 대한 설립승인은 정비구역지정·고시 전에 이루어진 것으로 무효라 할 것이어서, 권한이 없는 이 사건 추진위원회가 징구한 동의서에 기초한 이 사건 인가처분은 위법하다.",
            "이 사건 동의서상의 기재만으로는 신축건축물의 설계개요, 조합원이 부담하게 될 개략적인 비용, 사업완료후 소유권의 귀속에 관한 사항을 알 수 없는바, 이러한 동의서에 기초한 조합설립동의는 무효이고, 이에 기초한 이 사건 인가처분 역시 위법하다.",
            "구 도시정비법 제16조 제3항에서는 주택단지가 아닌 지역 안의 토지 또는 건축물 소유자의 4분의 3 이상의 동의를 얻어야 한다고 규정하고 있음에도 불구하고, 피고는 토지 및 건축물을 소유하고 있는 사람들만을 기준으로 하여 동의율 충족 여부를 판단하였으므로, 이 사건 인가처분은 위법하다.",
            "이 사건 인가처분이 이 사건 변경인가처분에 흡수되었다고 하더라도 참가인 조합이 이 사건 인가처분에 기초하여 원고들을 상대로 매도청구소송을 제기하는 등 재건축사업의 시행을 위한 후속절차를 진행하고 있으므로 이 사건 인가처분의 무효확인을 구할 법률상 이익이 있다."
        ],
        "dedatAssrs": [
            "이 사건 인가처분은 2009. 12. 23.자 변경인가처분 및 이 사건 변경인가처분에 흡수되었거나 이 사건 변경인 가처분으로 인하여 그 하자가 치유되었으므로, 이 사건 인가처분의 무효확인 및 그 취소를 구하는 원고의 이 사건 소는 법률상 이익이 없으므로 부적법하다고 주장한다."
        ]
    },
    "facts": {
        "bsisFacts": [
            "서울특별시장은 2006. 3. 23. 서울특별시 고시 제2006, 95호로 0000 (지번 1 생략) 일대 7.0ha(약 70,000㎡)를 정비예정구역으로 지정하는 것을 포함하는 서울특별시 도시, 주거환경정비기본계획(주택재건축사업부문)을 수립·고시하였다.",
            "0000 (지번 2 생략) 일대 68,230.5㎡(이하 '이 사건 사업구역'이라 한다)에 관한 주택재건축사업을 위한 조합설립을 목적으로 하여 2007. 7. 13. 피고로부터 설립승인을 받은 000(이하 '이 사건 추진위원회'라 한다)는 이 사건 사업구역 안에 있는 토지 등 소유자 349명으로부터 아래와 같은 내용의 주택재건축정비사업조합설립동의서(이하 '이 사건 동의서'라 한다)를 징구하였다.",
            "이 사건 동의서는 구 도시 및 주거환경정비법(2009. 2. 6. 법률 제9444호로 개정되기 전의 것, 이하 '구 도시정비법'이라 한다) 제15조 제2항, 서울특별시 도시 및 주거환경정비조례(2008. 9. 30. 서울특별시조례 제4684호로 개정되기 전의 것, 이하 이 사건 조례라 한다) 제14조 제1항 제5호에 따른 것이다. ",
            "또한, 건설교통부 고시 제165호로 고시된 정비사업조합설립추진위원회 운영규정의 붙임 운영규정안 제34조 및 별지3, 1 주택재건축정비사업조합설립동의서에 따른 것이다.",
            "서울특별시장은 2007. 9. 20. 구 도시정비법 제4조 제2항, 제3항에 따라 이 사건 사업구역을 정비구역으로 지정·고시(서울특별시 고시 제2007, 326호)하였다.",
            "이 사건 추진위원회는 2008. 1. 30. 피고보조참가인(이하 '참가인'이라고만 한다)의 설립을 위한 창립총회를 개최하였다.",
            "참가인은 2008. 8. 14. 피고에게 참가인의 설립인가신청을 하였고, 피고는 2008. 9. 4. 아래 표 기재와 같이 이 사건 사업구역 안에 있는 주택 및 토지 소유자 457명 중 349명이 동의하여 동의율이 76.37%에 이르러 동의요건을 충족하였다고 보아 참가인의 설립을 인가하였다(이하 '이 사건 인가처분'이라 한다).",
            "동의사항토지소유자 : 2인동의율76.37%(349/457)건축물소유자 : 2인(토지등소유자수)주택 및 토지 소유자 : 457인부대복리시설 및 토지소유자 22인합계 : 483인",
            "원고들이 이 사건 동의서만으로는 신축건축물의 설계개요, 조합원이 부담하게 될 비용 등을 알 수 없어, 이 사건 동의서에 기초한 참가인 조합의 설립은 무효라고 주장하면서 2009. 3. 10. 이송전 법원인 서울북부지방법원 참가인 조합 설립의 무효확인을 구하는 소( 위 법원 2009가합2037)를 제기하였다.",
            "이 사건 동의서의 유효여부에 대한 다툼이 일자, 참가인은 2009. 3.경부터 위 라.항 기재와 같이 참가인의 설립에 동의한 토지 등 소유자 349명을 포함하여 이 사건 사업구역 안에 있는 토지 등 소유자들로부터 다음과 같은 내용의 동의서(이하 이 사건 보완동의서라 한다)를 다시 징구하였다."
        ]
    },
    "dcss": {
        "courtDcss": [
            "구 도시정비법 제16조 제2항, 제3항의 규정 내용에 따르면, 주택재건축정비사업조합의 설립인가와 관련하여 주택재건축사업의 대상이 된 정비구역이 주택단지만으로 구성되어 있는 경우에는 구 도시정비법 제16조 제2항에서 정한 동의요건만 갖추면 된다.",
            "하지만 정비구역 안에 주택단지뿐만 아니라 주택단지가 아닌 지역이 포함되어 있는 경우에는 정비구역 중 주택단지가 아닌 지역에 대해서 구 도시정비법 제16조 제3항에서 정한 동의요건을 추가로 갖추어야 한다.",
            "한편 정비구역이 주택단지가 아닌 지역으로만 구성되어 있는 경우에는 주택재건축정비사업조합의 설립인가와 관련한 동의요건이 무엇인지에 대해서 법에서는 별도의 규정을 두고 있지 않다.",
            "그러나 위와 같은 위 법조항의 규정 내용에다가 정비구역에 주택단지가 아닌 지역이 일부 포함된 경우 주택단지가 아닌 지역에 대하여서 구 도시정비법 제16조 제3항에서 정한 동의요건이 요구되는 이상 정비구역이 주택단지가 아닌 지역만으로 구성될 경우 주택단지가 아닌 지역에 대하여 구 도시정비법 제16조 제3항에서 정한 동의요건이 요구되지 않는다고 해석하는 것은 불합리하다.",
            "이러한 점을 보태어 보면, 정비구역이 주택단지가 아닌 지역으로만 구성되어 있는 경우 주택재건축정비사업조합의 설립인가를 받기 위해서 구 도시정비법 제16조 제3항에서 정한 동의요건을 갖추어야 한다고 봄이 상당하다.",
            "그런데, 이 사건 사업구역에는 주택단지는 전혀 포함되어 있지 않고 단독주택만 건축되어 있다는 점은 당사자 사이에 다툼이 없으므로, 참가인 조합의 설립인가와 관련해서는 구 도시정비법 제16조 제3항에 따라 토지 또는 건축물의 소유자의 4분의 3 이상 및 토지면적의 3분의 2 이상의 토지소유자가 참가인 조합의 설립에 동의한다는 요건이 갖추어져야 한다.",
            "그리고, 구 도시정비법은 '토지 또는 건축물의 소유자'를 '토지등소유자'와 구별하여 사용하고 있고( 구 도시정비법 제2조 제9호, 제16조 제1항, 제3항, 제39조), 토지 또는 건축물만을 소유한 자는 비록 주택재건축사업에 있어서 조합원이 될 수 없으나(구 도시정비법 제19조 제1항, 제2조 제9호), 그 소유의 토지 또는 건축물은 매도청구의 대상이 되는 것이다.",
            "주택재건축사업조합의 설립에 중대한 이해관계가 있다는 점과 규정자체의 의미 등을 종합해 고려해 보면, 위 규정에서' 토지 또는 건축물 소유자'의 의미는 토지와 건축물을 모두 소유한 자 뿐만 아니라 토지 또는 건축물만을 소유한 자를 모두 포함하는 것으로 봄이 상당하다.",
            "이 사건 인가처분서상 이 사건 정비구역 안에 있는 토지 또는 건축물의 소유자 수는 483명이 되고 그 중 동의자 수는 349명인 사실은 앞서 본 바와 같은 바, 이 사건 인가처분 당시 토지 또는 건축물 소유자의 동의율은 72.25%(= 349÷483×100)로 동의요건인 75%(=3÷4×100)에 미치지 못한다.",
            "따라서 이 사건 인가처분은 설립인가에 필요한 구 도시정비법 소정의 동의요건을 갖추지 못함에도 불구하고 이루어진 것으로서 위법하다할 것이고, 이와 같은 인가처분의 하자는 구 도시정비법 제16조 제3항의 규정에 정면으로 위반되어 그 하자가 중대할뿐만 아니라 객관적으로 명백하다고 할 것이므로, 이 사건 인가처분은 무효라 할 것이다.",
            "그러나, 참가인 조합은 이 사건 인가처분 이후 당초 참가인 조합의 설립에 동의한 349명의 토지 등 소유자로부터 이 사건 보완동의서를 다시 징구하였을 뿐만 아니라 이 사건 변경인가처분시까지 75명(424~349)으로부터 이 사건 보완동의서를 추가로 징구하였다.",
            "이 사건 보완동의서상에 기재된 총 사업비는 352,049,000,000원으로 이 사건 동의서상에 기재된 총 사업비 208,736,216,475원보다 무려 143,312,783,525원이나 증가(증가율 약 68.65%)한 점은 앞서 본 바와 같은바, 재건축조합의 설립에 대하여 동의할지 여부를 판단함에 있어 가장 본질적인 부분이라고 할 수 있는 사업비가 이와 같이 변경되었다. ",
            "그렇다면 이 사건 보완동의서에 기초한 참가인 조합 설립에 대한 동의는 종전과는 다른 새로운 재건축조합설립동의로 보아야 할 것이고, 따라서 피고가 참가인 조합에 대하여 한 이 사건 변경인가처분은 이 사건 인가처분을 그대로 둔 채 이 사건 인가처분 당시 동의율 산정의 기준이 된 동의자수를 초과하는 부분에 대하여만 변경인가를 한 것이 아니다.",
            "이 사건 인가처분을 대체하여 참가인 조합에게 도시정비법상의 재건축사업을 시행할 수 있는 행정주체로서의 지위를 새롭게 부여한 것으로 봄이 상당하다.",
            "따라서, 이 사건 인가처분이 위법한 행정행위로서 무효임이 확인되거나 취소된다고 하더라도 이 사건 변경인가처분이 당연무효라거나 취소되지 아니하는 이상 이를 기초로 참가인 조합은 사업시행자로서의 지위를 여전히 보유한다고 할 것이므로 이 사건 인가처분의 무효확인 내지 취소를 구할 법률상 이익이 없다고 할 것이다.",
            "일반적으로 과거의 법률관계는 확인의 소의 대상이 될 수 없으나, 행정처분과 같은 행정관계에서 보듯이 그것을 전제로 하여 수많은 법률관계가 발생하고 그에 관하여 일일이 개별적으로 확인을 구하는 번잡한 절차를 반복하는 것보다 과거의 법률관계 그 자체의 확인을 구하는 편이 관련된 분쟁을 일거에 해결하는 유효·적절한 수단일 수 있는 경우에는 예외적으로 확인의 이익이 인정되기도 한다.",
            "그런데, 참가인 조합이 이 사건 인가처분을 받은 이후 이를 기초로 사업시행계획을 수립하였다거나 원고들을 상대로 매도청구소송을 제기하는 등 재건축사업을 위한 후속절차를 진행하였음을 인정할 만한 아무런 증거가 없고, 장차 참가인 조합이 이 사건 변경인가처분에 따라 후속절차를 진행할 것임이 분명한 이 사건에 있어서, 이 사건 인가처분의 무효확인을 구하는 것이 원고들과 참가인 조합 사이의 분쟁을 일거에 해결하는 유효·적절한 수단이 된다고 보기도 어렵다.",
            "따라서 원고들의 위 주장은 받아들일 수 없다."
        ]
    },
    "close": {
        "cnclsns": [
            "이 사건 소를 모두 각하한다.",
            "소송비용은 피고보조참가로 인한 부분을 포함하여 모두 원고들이 부담한다."
        ]
    }
}