{
    "info": {
        "caseField": "3",
        "detailField": "5",
        "trailField": "2",
        "caseNm": "법인세경정청구 거부처분 취소",
        "courtNm": "서울고등법원",
        "judmnAdjuDe": "2010. 07. 08.",
        "caseNo": "2009누30228",
        "relateLaword": [
            "법인세법(2005. 12. 31. 법률 제7838호로 개정되기 전의 것) 제17조 ",
            "법인세법 시행령(2003. 12. 30. 대통령령 제18174호로 개정되고, 2006. 2. 9. 대통령령 제19328호로 개정되기 전의 것) 제15조",
            "국세기본법 제18조",
            "법인세법(2005. 12. 31. 법률 제7838호로 개정되기 전의 것) 제15조 ",
            "상법 제459조",
            "조세특례제한법(2003. 12. 30. 법률 제7003호로 개정되고, 2005. 12. 31. 법률 제7839호로 개정되기 전의 것) 제44조 ",
            "법인세법 제14조 ",
            "법인세법 제13조 ",
            "법인세법 제18조 ",
            "법인세법 제72조",
            "조세특례제한법 시행령(2003. 12. 30.대통령령 제18176호로 개정되고, 2007. 2. 28. 대통령령 제19888호로 개정되기 전의 것) 제41조",
            "법인세법 제43조 ",
            "법인세법 제52조",
            "법인세법 시행령 제15조",
            "법인세법 시행령 제10조",
            "헌법 제38조",
            "헌법 제59조",
            "헌법 제75조"
        ],
        "qotatPrcdnt": [
            "대법원 2000. 3. 16. 선고 98두11731 전원합의체 판결",
            "대법원1995. 1. 24. 선고 93다37342 전원합의체 판결 ",
            "대법원 2009. 6. 11. 선고 2008두13637 판결"
        ]
    },
    "concerned": {
        "acusr": "2",
        "dedat": "3"
    },
    "org": {
        "orgJdgmnCourtNm": "서울행정법원 ",
        "orgJdgmnAdjuDe": "2009. 8. 28. ",
        "orgJdgmnCaseNo": "2009구합9000 "
    },
    "disposal": {
        "disposalform": "10",
        "disposalcontent": [
            "제1심 판결을 취소한다.",
            "피고가 2008. 5. 30. 원고에 대하여 한 2005 내지 2007 사업연도 각 법인세의 경정청구 거부처분을 모두 취소한다.",
            "소송총비용은 피고가 부담한다."
        ]
    },
    "mentionedItems": {
        "rqestObjet": [
            "제1심 판결을 취소한다.",
            "피고가 2008. 5. 30. 원고에 대하여 한 2005 내지 2007 사업연도 각 법인세의 경정청구 거부처분을 모두 취소한다."
        ]
    },
    "assrs": {
        "acusrAssrs": [
            "피고는 법인세법 시행령 제15조 제1항 후문이 유효함을 전제로 이 사건 거부처분을 하였으므로, 피고의 이 사건 거부처분은 위법하다.",
            "피고의 이 사건 거부처분은 신의성실의 원칙 또는 국세기본법 제18조 제3항에 위배되어 위법하다.",
            "채권금융기관이 보유하고 있는 전환사채는 원고에 대한 원리금청구권을 상실하여 사채로서의 성질을 상실하고 이미 자본으로서의 성격으로 전환되어 채무면제이익이 발생하지 않는다.",
            "또한 법인세법 시행령 제15조 제1항 후단에서 구체적인 채무면제이익을 산정함에 있어 당해 주식의 시가 를 기준으로 주식발행액면초과액을 산정하는 것은 그 기준시점에 따라 주식의 가액 및 주식발행액면초과액이 변동되기 때문에 부당하다고 할 것이므로, 이와 다른 전제에서 한 피고의 이 사건 거부처분은 위법하다.",
            "피고의 이 사건 처분은 과세형평의 원칙 및 실질과세의 원칙에 반하여 위법하다."
        ],
        "dedatAssrs": [
            "이 사건 쟁점금액은 법인세법 시행령(2003. 12. 30. 대통령령 제18174호로 개정되고, 2006. 2. 9. 대통령령 제19328호로 개정되기 전의 것, 이하 ‘법인세법 시행령’이라고 한다) 제15조 제1항 후문에 비추어 익금산입 대상인 채무면제이익에 해당됨이 명백하다."
        ]
    },
    "facts": {
        "bsisFacts": [
            "원고는 양회 제조 및 판매업 등을 목적으로 설립된 회사로서, 2001년경 기업구조조정촉진법에 의한 부실징후기업으로 지정되었다.",
            "그 후 2003. 8. 5. 채권금융기관과 사이에 원고 회사의 채무를 2005년 말까지 액면가액(1주당 5,000원)으로 출자전환하는 내용이 포함된 경영정상화 약정을 체결한 다음, 위 약정에 따라 2005. 2. 4.부터 2005. 11. 30.까지 사이에 아래 표와 같이 그 채무의 출자전환(이하 '이 사건 출자전환' 이라고 한다)을 완료하였다.",
            "원고 회사는 2005 내지 2007 사업연도 각 법인세의 세무조정을 하면서 이 사건 출자전환 과정에서 2005. 11. 23.부터 2005. 11. 30.까지 사이에 발행된 주식의 발행가액과 시가와의 차액(이하 '이 사건 쟁점금액' 이라고 한다)을 채무면제이익으로 보아 익금산입하고 이를 결손금과 상계 처리하였다.",
            "그러나, 피고는 2008. 5. 30. 원고 회사에 대하여 이 사건 쟁점금액은 법인세법 시행령(2003. 12. 30. 대통령령 제18174호로 개정되고, 2006. 2. 9. 대통령령 제19328호로 개정되기 전의 것, 이하 '법인세법 시행령' 이라고 한다) 제15조 제1항 후문에 비추어 익금산입 대상인 채무면제이익에 해당됨이 명백하다 는 이유로 원고 회사의 위 경정청구를 거부하였다(이하 '이 사건 거부처분' 이라고 한다).",
            "그러나, 피고는 2008. 5. 30. 원고 회사에 대하여 이 사건 쟁점금액은 법인세법 시행령(2003. 12. 30. 대통령령 제18174호로 개정되고, 2006. 2. 9. 대통령령 제19328호로 개정되기 전의 것, 이하 '법인세법 시행령' 이라고 한다) 제15조 제1항 후문에 비추어 익금산입 대상인 채무면제이익에 해당됨이 명백하다 는 이유로 원고 회사의 위 경정청구를 거부하였다(이하 '이 사건 거부처분' 이라고 한다).",
            "원고 회사는 이에 불복하여 2008. 6. 24. 조세심판원에 심판청구를 하였으나, 조세심판원은 2008. 12. 11. 원고 회사의 심판청구를 기각하는 결정을 하였다."
        ]
    },
    "dcss": {
        "courtDcss": [
            "조세법률주의 원칙은 과세요건 등은 국민의 대표기관인 국회가 제정한 법률로써 규정하여야 하고, 그 법률의 집행에 있어서도 이를 엄격하게 해석·적용하여야 하며, 행정편의적인 확장해석이나 유추적용은 허용되지 않음을 의미한다.",
            "법률의 위임이 없이 명령 또는 규칙 등의 행정입법으로 과세요건 등에 관한 사항을 규정하거나 법률에 규정된 내용을 함부로 유추, 확장하는 내용의 해석규정을 마련하는 것은 조세법률주의 원칙에 위배된다( 대법원 2000. 3. 16. 선고 98두11731 전원합의체 판결 등 참조).",
            "법률의 시행령이나 시행규칙의 내용이 모법의 입법 취지 및 관련 조항 전체를 유기적.체계적으로 살펴 보아 모법의 해석상 가능한 것을 명시한 것에 지나지 아니하거나 모법 조항의 취지에 근거하여 이를 구체화하기 위한 것인 때에는 모법의 규율 범위를 벗어난 것으로 볼 수 없으므로, 모법에 이에 관하여 직접 위임하는 규정을 두지 않았다고 하더라도 이를 무효라고 볼 수는 없다( 대법원 2009. 6. 11. 선고 2008두13637 판결 참조).",
            "채무의 출자전환으로 주식을 발행하는 경우로서 당해 주식의 시가가 액면가액 이상이고 발행가액 이하에 해당하는 모든 경우에 있어서 익금 불산입의 대상인 주식발행액면초과액을 시가에서 액면가액을 차감한 금액으로 제한하고 있는 법인세법 시행령 제15조 제1항 후문과는 익금 불산입의 요건이나 적용범위에서 현저한 차이가 있어 조세특례제한법 제44조 제2항이 법인세법 시행령 제15조 제1항 후문을 포함하고 있다고 볼 수 없다.",
            "법인세법 시행령 제15조 제1항 후문은 법률의 위임 없이 위임입법의 한계를 벗어나 법인세법 제17조 제1호에 규정된 익금 불산입의 대상인 주식액면초과발행액의 범위를 함부로 제한하는 것으로서 무효라고 할 것이다.",
            "따라서, 법인세법 시행령 제15조 제1항 후문은 법률의 위임 없이 위임입법의 한계를 벗어난 것으로서 무효라고 할 것이므로, 이에 근거한 이 사건 거부처분은 원고의 나머지 주장에 대하여 더 나아가 살펴 볼 필요 없이 위법하다."
        ]
    },
    "close": {
        "cnclsns": [
            "제1심 판결을 취소한다.",
            "피고가 2008. 5. 30. 원고에 대하여 한 2005 내지 2007 사업연도 각 법인세의 경정청구 거부처분을 모두 취소한다.",
            "소송총비용은 피고가 부담한다."
        ]
    }
}