{
    "info": {
        "caseField": "3",
        "detailField": "5",
        "trailField": "2",
        "caseNm": "법인세 등 부과처분 취소,주민세 부과처분 취소",
        "courtNm": "서울고등법원",
        "judmnAdjuDe": "2010. 08. 25.",
        "caseNo": "2009누20924,2009누20931(병합),2009누20948(병합),2009누20955(병합)",
        "relateLaword": [
            "행정소송법 제8조",
            "민사소송법 제420조"
        ],
        "qotatPrcdnt": []
    },
    "concerned": {
        "acusr": "2",
        "dedat": "3"
    },
    "org": {
        "orgJdgmnCourtNm": "서울행정법원",
        "orgJdgmnAdjuDe": "2009.5.29",
        "orgJdgmnCaseNo": " 2007구합43419, 16882(병합), 16899(병합), 16905(병합)"
    },
    "disposal": {
        "disposalform": "10",
        "disposalcontent": [
            "피고들의 항소를 모두 기각한다.",
            "항소비용은 피고들의 부담으로 한다.",
            "이 법원이 이 사건에 관하여 설시할 이유는, 제1심 판결 이유의 기재와 같으므로  행정소송법 제8조 제2항,  민사소송법 제420조에의하여 이를 그대로 인용한다."
        ]
    },
    "mentionedItems": {
        "rqestObjet": [
            "피고 종로세무서장이 2006. 3. 1. 원고들에 대하여 한 별지 법인세 부과처분 내역표의 각 고지세액란 기재 법인세 부과처분과 피고 서울특별시 종로구청장이 2006. 4. 28. 원고 000, 000, 000에 대하여 한 별지 주민세 부과처분 내역표의 각 신고세액란 기재 주민세 부과처분을 모두 취소한다.",
            "제1심 판결을 취소하고, 원고들의 피고들에 대한 청구를 모두 기각한다."
        ]
    },
    "assrs": {
        "acusrAssrs": [
            "."
        ],
        "dedatAssrs": []
    },
    "facts": {
        "bsisFacts": []
    },
    "dcss": {
        "courtDcss": [
            "이 법원이 이 사건에 관하여 설시할 이유는, 제1심 판결 이유의 기재와 같으므로 행정소송법 제8조 제2항, 민사소송법 제420조에 의하여 이를 그대로 인용한다."
        ]
    },
    "close": {
        "cnclsns": [
            "피고들의 항소를 모두 기각한다.",
            "항소비용은 피고들의 부담으로 한다."
        ]
    }
}