{
    "info": {
        "caseField": "3",
        "detailField": "5",
        "trailField": "1",
        "caseNm": "양도 소득세 부과 처분 취소",
        "courtNm": "수원지방법원",
        "judmnAdjuDe": "2010. 04. 01.",
        "caseNo": "2009구합6828",
        "relateLaword": [
            "소득세법 제88조",
            "구 소득세법 제4조",
            "국세기본법 제45조의 2",
            "소득세법 제105조"
        ],
        "qotatPrcdnt": [
            "대법원 1996. 6. 28. 선고 96다3982 판결",
            "대법원 1993. 1. 15. 선고 92누8361 판결",
            "대법원1997. 3. 20. 선고 95누18383 전원합의체 판결",
            "대법원 2000. 6. 13. 선고 98두5811 판결",
            "대법원 2000. 10. 27. 선고98두13492 판결"
        ]
    },
    "concerned": {
        "acusr": "1",
        "dedat": "3"
    },
    "org": {
        "orgJdgmnCourtNm": "",
        "orgJdgmnAdjuDe": "",
        "orgJdgmnCaseNo": ""
    },
    "disposal": {
        "disposalform": "10",
        "disposalcontent": [
            "피고가 2009. 1. 10. 원고에 대하여 한 2005년도 귀속 양도소득세 686,832,460원의 부과처분을 취소한다.",
            "소송비용은 피고가 부담한다."
        ]
    },
    "mentionedItems": {
        "rqestObjet": [
            "피고가 2009. 1. 10. 원고에 대하여 한 2005년도 귀속 양도소득세 686,832,460원의 부과처분을 취소한다.",
            "소송비용은 피고가 부담한다."
        ]
    },
    "assrs": {
        "acusrAssrs": [
            "이 사건 매매계약 및 각 전매계약이 토지거래허가를 받지 아니하여 모두 무효인 이상 이 사건 각 전매계약에 따른 매매대금이 원고에게 지급되었다고 하여 이로써 양도소득세 부과대상인 자산의 양도가 발생하였다거나 자산의 양도로 인한 소득이 있었다고 할 수는 없으므로, 원고에게 양도소득세를 부과한 이 사건 처분은 위법하다."
        ],
        "dedatAssrs": [
            "최종매수인들이 이 사건 각 전매계약의 무효를 주장하면서 매매대금의 반환을 구하고 있다는 등의 사정에 관한 주장·입증이 없는 이상, 이 사건 각 전매계약으로 인한 원고의 양도소득에 대하여 양도소득세를 과세한 이 사건 처분은 적법하다."
        ]
    },
    "facts": {
        "bsisFacts": [
            "원고는 2005. 4. 18.경 망 소외 1(2005. 8. 16. 사망)과 사이에 토지거래허가구역 내에 위치한 망 소외 1 소유의 0000, 0000, 0000, 0000, 0000(이하 '이 사건 각 토지' 라 한다)에 관하여 매매계약을 체결하였다.",
            "그리고 대금 2,080,800,000원 중 계약금 200,000,000원은 계약 당일, 잔금 1,880,800,000원은 2005. 5. 15. 각 지급하되, 매수인을 소외 3(원고의 딸) 외 7인 으로 하는 내용의 매매계약(이하 '이 사건 매매계약' 이라 한다)을 체결하였다.",
            "그 후 원고는 소외 2, 4, 5, 6, 7, 8, 9(이하 이들을 통칭하여 '최종매수인들' 이라 한다)와 사이에 아래와 같이 매매대금 합계 2,741,000,000원에 이 사건 각 토지에 관한 각 전매계약(이하 '이 사건 각 전매계약' 이라 한다)을 체결하였다.",
            "그리고, 최종매수인들과 망 소외 1을 직접 당사자로 하는 토지거래허가를 받아 아래와 같이 이 사건 각 토지에 관하여 최종매수인들 명의의 각 소유권이전등기(이하 이 사건 각 소유권이전등기 라 한다)를 마쳐 주었다.",
            "피고는 2009. 1. 10. 원고가 이 사건 각 토지를 최종매수인들에게 전매한 것이 자산이 사실상 유상으로 이전된 양도로서 양도소득세 과세대상에 해당한다는 이유로 원고에게 양도차익 660,200,000원(=이 사건 각 전매계약에 의한 전매대금의 합계 2,741,000,000원-이 사건 매매계약에 의한 매매대금 2,080,800,000원)에 해당하는 2005년도 귀속 양도소득세 686,832,460원을 부과하는 처분을 하였다."
        ]
    },
    "dcss": {
        "courtDcss": [
            "토지거래허가구역 내의 토지가 거래허가를 받거나 소유권이전등기를 경료할 의사 없이 중간생략등기의 합의 아래 전매차익을 얻을 목적으로 소유자 갑으로부터 부동산중개업자인 을, 병을 거쳐 정에게 전전매매한 경우, 그 각각의 매매계약은 모두 확정적으로 무효로서 유효화될 여지가 없다. ",
            "설사 최종 매수인이 자신과 최초 매도인을 매매당사자로 하는 토지거래허가를 받아 최종 매수인 앞으로 소유권이전등기를 경료하더라도 그러한 소유권이전등기는 적법한 토지거래허가 없이 경료된 등기로서 무효이다( 대법원 1996. 6. 28. 선고 96다3982 판결 참조).",
            "구 소득세법(1993. 6. 11. 법률 제4561호로 개정되기 전의 것) 제4조 제3항에 의하면 양도소득에 있어 자산의 양도라 함은 자산이 유상으로 사실상 이전되는 것을 말한다고 규정하고 있다.",
            "그러나 경제적인 측면에서만 양도소득을 파악하여 이득의 지배관리나 향수를 하고 있는 지위에 있는 것만으로 양도소득이 있다고 판단하여서는 안 된다( 대법원 1993. 1. 15. 선고 92누8361 판결, 대법원 1997. 3. 20. 선고 95누18383 전원합의체 판결, 대법원 2000. 6. 13. 선고 98두5811 판결, 대법원 2000. 10. 27. 선고 98두13492 판결 등 참조).",
            "이 사건에 관하여 보건대, 이 사건 매매계약 및 각 전매계약은 중간생략등기의 합의 아래 전매차익을 얻을 목적으로 체결된 것으로 처음부터 토지거래허가를 배제하거나 잠탈하는 내용의 계약이라고 할 것이어서 모두 확정적으로 무효이고, 최종매수인들 명의의 이 사건 각 소유권이전등기 또한 무효라고 볼 수 밖에 없다.",
            "이와 같이 이 사건 각 전매계약 및 이 사건 각 소유권이전등기가 모두 무효인 이상 가사 이 사건 각 전매계약에 따른 전매대금이 모두 원고에게 지급되었다고 하더라도 이 사건 각 전매계약에 따른 양도를 양도소득세 부과대상인 자산의 양도에 해당한다거나 원고에게 양도소득세 과세대상으로 삼을 수 있는 양도소득이 발생하였다고 볼 수 없으므로, 원고에게 양도소득세를 부과한 이 사건 처분은 위법하다."
        ]
    },
    "close": {
        "cnclsns": [
            "피고가 2009. 1. 10. 원고에 대하여 한 2005년도 귀속 양도소득세 686,832,460원의 부과처분을 취소한다.",
            "소송비용은 피고가 부담한다."
        ]
    }
}