{
    "info": {
        "caseField": "3",
        "detailField": "5",
        "trailField": "2",
        "caseNm": "여객자동차운송사업계획변경인가처분취소",
        "courtNm": "부산고등법원",
        "judmnAdjuDe": "2009. 11. 18.",
        "caseNo": "2009누4074",
        "relateLaword": [
            "행정소송법 제8조",
            "민사소송법 제420조",
            "운수사업법 제78조"
        ],
        "qotatPrcdnt": []
    },
    "concerned": {
        "acusr": "2",
        "dedat": "3"
    },
    "org": {
        "orgJdgmnCourtNm": "창원지방법원 ",
        "orgJdgmnAdjuDe": "2009. 6. 11.",
        "orgJdgmnCaseNo": "2008구합2772 "
    },
    "disposal": {
        "disposalform": "10",
        "disposalcontent": [
            "피고의 원고들에 대한 항소를 모두 기각한다.",
            "항소비용 중 원고들과 피고 사이에 생긴 부분은 피고가, 보조참가로 인한 부분은 피고보조참가인이 각 부담한다.",
            "이 법원이 이 사건에 관하여 설시할 이유는 아래와 같이 제1심 판결문 해당 부분의 설시를 변경,삭제하거나 추가하는 이외에는 제1심 판결 이유 부분 기재와 같으므로,  행정소송법 제8조 제2항,  민사소송법 제420조 본문에 의하여 이를 그대로 인용한다."
        ]
    },
    "mentionedItems": {
        "rqestObjet": [
            "피고가 2008. 10. 9. 피고보조참가인에 대하여 한 여객자동차 운송사업계획변경 인가처분을 취소한다.",
            "제1심 판결을 취소하고, 원고들의 청구를 모두 기각한다."
        ]
    },
    "assrs": {
        "acusrAssrs": [
            "피고가 2008. 10. 9. 피고보조참가인에 대하여 한 여객자동차 운송사업계획변경 인가처분을 취소하여야 한다."
        ],
        "dedatAssrs": [
            "운수사업법 시행규칙 제7조 제1항은 관할관청은 지역주민의 편의 또는 지역여건상 특히 필요하다고 인정되는 경우에는 농어촌버스운송사업자의 신청이나 직권에 의하여 당해 행정구역의 경계로부터 30킬로미터를 초과하지 아니하는 범위 안에서 당해 행정구역 밖의 지역까지 노선을 연장하여 운행하게 할 수 있다. 고 규정하고 있다.",
            "그리고, 같은 조 제2항은 관할 도지사는 지역주민의 편의 또는 지역여건상 특히 필요하다고 인정되는 경우에는 제1항의 규정에 불구하고 2 이상의 시,군 지역을 하나의 운행계통에 따라 운행하게 할 수 있다. 고 규정하고 있는데, 이 사건 처분은 모두 함안군의 경계로부터 30킬로미터 이내의 농어촌버스운송사업에 대한 것이다.",
            "그리고, 또 경상남도지사가 2007. 12. 18. 0000, 0000, 0000 등지를 다니던 참가인의 일반시외버스 운행을 그 노선 그대로 농어촌버스로의 전환을 인가하는 여객자동차 운송사업계획변경 인가처분을 이미 한 바 있으므로, 비록 이 사건 농어촌버스 운송사업계획변경이 2 이상의 시,군 지역에 걸치는 경우라 하더라도, 위 제7조 제1, 2항에 의하여 피고가 다시 관계 시장·군수와 미리 협의하여야 할 필요는 없다."
        ]
    },
    "facts": {
        "bsisFacts": [
            "함안군에 있던 시외버스 운송사업자인 소외 주식회사가 장기파업 등으로 인해 2005. 7.경 시외버스 운행을 중단하자, 피고는 위 사태를 해결하기 위해 마산시장에게 협조를 요청하였다.",
            "이에 마산,창원시내버스협의회 소속인 원고들은 2005. 7. 11. 피고와의 사이에, 마산시 합성동으로부터 함안군 가야읍까지 운행하는 00 노선과 0000으로부터 0000까지 운행하는 ㅁㅁ 노선을 신설운행하되, 피고가 위 두 노선의 운송원가(1일 대당 426,000원)의 60%를 보전해 주기로 하는 내용의 협약을 체결하였다.",
            "마산시장은 2005. 7. 15. 원고들 중 마산지역 시내버스회사인 원고 5 유한회사, 원고 6 주식회사, 원고 4 주식회사, 원고 7 주식회사, 원고 2 주식회사(이하 '마산 시내버스회사' 라 한다)에게 위 두 노선을 신설운행하고, 개선명령의 시행기간을 2005. 7. 18.부터 시외버스 정상운행시까지로 하는 개선명령을 하였다.",
            "그 후 마산시장은 2006. 10. 8. 마산 시내버스회사에게 2006. 10. 9.부터 2007. 10. 8.까지 기존의 00 좌석버스의 운행을 폐지하고, 00 좌석버스의 운행은 종전과 동일하게 유지한다. ",
            "또한, 0000에서 0000까지 운행하는 00번 일반버스를 신설운행하고, 기존의 마산시 00번, 00번 시내버스의 운행구간을 0000에 있는 00000까지 연장하며, 개선명령의 시행기간을 2006. 10. 9.부터 2007. 10. 8.까지로 하는 개선명령을 하였다.",
            "그리고, 기존의 마산시 00번, 00번 시내버스의 운행구간을 0000에 있는 00000까지 연장하며, 개선명령의 시행기간을 2006. 10. 9.부터 2007. 10. 8.까지로 하는 개선명령을 하였다.",
            "위 개선명령에 따라 마산 시내버스가 0000와 0000 사이에 운행되었다.",
            "한편, 경상남도지사는 0000 주민들의 교통문제를 해결하기 위하여 0000, 0000지역의 시외버스 운행업체 선정을 위한 협의회를 개최하여 피고보조참가인을 운행업체로 선정한 다음, 참가인에게 2007. 6. 1. 소외 주식회사의 종전 노선을 추가로 운행하도록 하는 내용 및 2007. 8. 20. 일반시외버스 10대를 늘려주고 일반시외버스운행계통 중 3곳의 기점을 0000으로 변경하는 내용의 각 여객자동차 운송사업계획변경 인가처분을 하였다.",
            "또한, 경상남도지사는 2007. 12. 18. 참가인에게 0000, 0000 등 0000 연접지역 인구급증, 생활권역 확대, 수년간의 0000민의 대중교통이용의 불편, 마산 시내버스회사가 0000으로부터 적자보전금을 받으며 0000내로 연장운행하고 있는 점 등을 감안하여 0000, 0000, 0000 등지를 다니던 참가인의 일반시외버스 운행을 농어촌버스로의 전환을 인가하는 내용의 여객자동차 운송사업계획변경 인가처분을 하였다.",
            "이에 피고는 참가인에게 2008. 1. 10. 농어촌버스운송사업 면허처분을 하였고, 2008. 2. 25. 기존의 0000,0000시내버스 정류소 사용신고 및 농어촌버스운송사업 개시 신고에 대한 각 수리처분을 하였다.",
            "마산시장은 위 가(4)항 개선명령의 기간이 도과하여 2007. 10. 10. 피고에게 0000-0000간 사내버스 운행관련 협약서(안)를 송부하는 등의 조치를 하였으나 피고와의 사이에 협의가 원만하게 이루어지지 않자, 2007. 10. 19. 피고에게 0000 주민들의 교통편의 제공을 위하여 현재 운행중인 시내버스 운행계통 개선명령은 불가피하므로 새로운 행정협약서 체결시까지 운행기간을 연장한다 는 취지의 통보를 하였다.",
            "피고는 2007. 10. 22. 마산시장에게 협약 갱신을 위한 협약서(안)를 송부하였고, 그 후 5개월이 지나는 동안 협약 갱신 없이 마산 시내버스의 운행이 계속되자, 2008. 4. 1. 마산시장에게 0000와 피고와의 운행협약이 2007. 10. 8. 만료되었음에도 별다른 근거 없이 마산 시내버스의 임의운행이 계속되고 있는바, 조속히 피고와 현 시점에 맞는 협약을 체결할 것을 바란다 는 취지의 통보를 하였다.",
            "이에 마산시장은 2008. 4. 8. 피고에게 일단 기존에 운행중인 형태로 협약을 체결한 다음 차후 협의를 거쳐 협약의 내용을 보완하자 는 취지의 통보를 하였고, 피고는 2008. 4. 28. 마산시장에게 협약서(안)에 적자보전금 및 노선의 합리적 조절, 환승부담조항 삭제, 협약기간 조정 등과 같은 피고의 요구사항을 반영해 달라 는 취지의 통보를 하였다.",
            "그러자 마산시장은 2008. 5. 20. 피고에게 피고와의 새로운 행정협약 체결이 지연됨으로 인하여, 마산 시내버스회사에 행정협약 체결시까지 기존 운행계통대로 운행하도록 개선명령 기간을 연장하였다. 는 취지의 시내버스 개선명령기간 연장에 관한 통보를 하였다.",
            "피고는 2008. 5. 21. 마산시장에게 개선명령기간은 1년 이내로 하여야 하므로 마산시장의 위 다(4)항의 개선명령 연장은 문제가 있다 는 취지의 통보를 하였고, 마산시장은 2008. 5. 22. 피고에게 협약서(안)를 송부하니 회신바라며, 피고가 미리 협의되지 않은 사항을 포함시키는 등 협약체결을 지연할 경우 2008. 6. 1.부터 마산 시내버스의 0000 운행을 전면 중단하겠다 는 취지의 통보를 하였다.",
            "피고는 다시 2008. 5. 26. 마산시장에게 마산시장은 피고의 2007. 10. 22.자 협약서(안) 송부 등에도 불구하고 협약체결을 지연해 오다가 도리어 피고의 협약체결 지연을 들어 마산 시내버스의 0000 운행중단을 통보하는 것은 부당하다 는 취지의 통보를 하였다.",
            "그리고, 마산시장은 2008. 5. 30. 피고에게 경남버스조합 마창진지역 시내버스 협의회로부터 0000-0000간 운행노선인 ㅇㅇ번, ㅁㅁ번, ㅁㅁ번, ㅁㅁ 노선을 단축 내지 폐지해 달라는 개선명령 건의가 있으니 이에 관한 피고의 의견회신을 바란다 는 취지의 통보를 하였다.",
            "그 후 2008. 6. 9.부터 2008. 8. 20.까지 사이에 피고와 마산시장 사이에 행정협약 체결지연 및 마산 시내버스의 0000 운행중단에 대한 책임소재 공방이 계속되었다.",
            "피고는 그 무렵 참가인으로부터 농어촌버스의 0000-0000 노선 연장운행에 관한 사업계획변경 인가신청이 있자, 마산시장의 2008. 10. 2.자 시내버스 운행중단 개선명령에 대한 교통대책의 일환으로 기존 운행계통을 이용하던 승객의 교통편의의 도모를 위하여 운행계통의 신설 등이 필요하다고 보았다.",
            "그리고 2009. 10. 9. 참가인에게 상용차의 면허대수를 27대에서 35대로 늘려주고 4개 노선의 운행계통을 신설운행하도록 하는 내용의 여객자동차 운송사업계획변경 인가처분(이하 이 사건 처분 이라 한다)을 하였다.",
            "한편, 경상남도 행정심판위원회는 2009. 2. 25. 이 사건 처분이 여객자동차 운수사업법 시행규칙 제5조 제3항에서 정한 교통대책에 해당하고, 이 사건 처분으로 보호되는 공익이 더 크다는 이유로, 원고들의 심판청구를 기각하는 재결을 하였다."
        ]
    },
    "dcss": {
        "courtDcss": [
            "이 법원이 이 사건에 관하여 설시할 이유는 아래와 같이 제1심 판결문 해당 부분의 설시를 변경,삭제하거나 추가하는 이외에는 제1심 판결 이유 부분 기재와 같으므로, 행정소송법 제8조 제2항, 민사소송법 제420조 본문에 의하여 이를 그대로 인용한다.",
            "비록 법령상 직접적인 근거는 없으나 운수사업법 제78조 제1항, 같은 법 시행규칙 제5조의 사업계획변경 등이 둘 이상의 시,도에 걸칠 경우 관계 시·도지사가 협의하여야 하고, 협의가 성립되지 아니하면 국토해양부장관에게 조정을 신청하여야 한다 는 규정은 재위임을 받은 시장·군수의 경우에도 준용되는 것으로 봄이 상당하다.",
            "따라서 사업계획변경이 둘 이상의 시,군에 걸칠 경우 관계 시장·군수가 협의하여야 하고, 협의가 성립되지 아니하면 국토해양부장관이나 시·도지사에게 조정을 신청하여야 한다 고 본다. ",
            "왜냐하면, 만약 그렇게 보지 않는다면, 사업계획변경이 둘 이상의 시,군에 걸치는 경우여서 관계 시장·군수 사이에 실제로 협의의 필요성이 있는 경우임에도 불구하고 당해 시장·군수가 시내버스의 사업계획변경을 인가하는 권한이 자신에게 재위임되어 있다는 이유로 다른 관계 시장·군수와 아무런 협의 없이 일방적으로 사업계획변경을 인가할 수 있게 되는 불합리한 결과를 초래하게 된다.",
            "그리고, 나아가 시장·군수에게 사업계획변경인가권이 재위임되어 있음에도 협의,조정신청의 권한은 여전히 시·도지사에게 있다는 것이 되어 변경인가권자도 아닌 자가 도대체 누구와 변경인가에 관한 사항을 협의하여야 한다는 것인지 알 수 없는 결과를 빚게 되며, 나아가 관계 시,군이 같은 시,도에 속해 있는 경우에는 협의상대가 될 시,도 자체가 존재하지 않는 결과로 되기 때문이다. ",
            "따라서 법령상 관계 시장·군수 사이의 협의, 조정에 관한 명문 규정이 없으므로 피고와 마산시장 사이에 협의절차를 거칠 필요가 없다는 피고의 주장은 받아들일 수 없다.",
            "살피건대, 위 제7조 제1항은 그 해석상 이미 적법하게 존재하는 기존 노선 및 운행계통을 연장하는 경우에 적용되는 규정으로 보아야 하므로 앞서 본 바와 같이 4개 노선의 운행계통을 신설운행하도록 한 이 사건 처분에는 적용이 없다.",
            "그리고, 가사 이와는 달리 신설노선에도 적용되는 것으로 본다 하더라도, 피고가 주장하는 사유만으로는 앞서 본 바와 같이 0000 외곽지점까지가 아니라 0000시내 중심지역까지 관통하여 노선을 연장한 이 사건 처분이 0000 지역주민의 편의 또는 지역여건상 특히 필요하였다고 인정하기에 부족하다.",
            "한편 참가인이 경상남도지사로부터 이미 농어촌버스 운송사업계획변경 인가처분을 받은 바 있다 하더라도 차후 그 인가받은 운행계통과 관련된 운송사업계획변경이 둘 이상의 시,군에 걸치게 되는 경우에는 경상남도지사가 아닌 피고로서는 여전히 관계 시장·군수와 협의하여야 할 의무를 부담하는 것이므로, 피고의 위 주장은 모두 받아들이지 아니한다."
        ]
    },
    "close": {
        "cnclsns": [
            "피고의 원고들에 대한 항소를 모두 기각한다. ",
            "항소비용 중 원고들과 피고 사이에 생긴 부분은 피고가, 보조참가로 인한 부분은 피고보조참가인이 각 부담한다."
        ]
    }
}