{
    "info": {
        "caseField": "3",
        "detailField": "5",
        "trailField": "2",
        "caseNm": "영업정지처분취소",
        "courtNm": "서울고등법원",
        "judmnAdjuDe": "2010. 09. 29.",
        "caseNo": "2009누25325",
        "relateLaword": [],
        "qotatPrcdnt": []
    },
    "concerned": {
        "acusr": "2",
        "dedat": "1"
    },
    "org": {
        "orgJdgmnCourtNm": "서울행정법원",
        "orgJdgmnAdjuDe": "2009. 7. 23.",
        "orgJdgmnCaseNo": "2009구합3248 "
    },
    "disposal": {
        "disposalform": "10",
        "disposalcontent": [
            "피고의 항소를 기각한다.",
            "항소비용은 피고가 부담한다."
        ]
    },
    "mentionedItems": {
        "rqestObjet": [
            "피고가 2009. 1. 22.(처분일로 기재한 2009. 1. 23.은 2009. 1. 22.을 잘못 적은 것이다) 원고에게 한 14일 영업정지처분을 취소한다.",
            "제1심 판결을 취소한다.",
            "원고의 청구를 기각한다."
        ]
    },
    "assrs": {
        "acusrAssrs": [],
        "dedatAssrs": []
    },
    "facts": {
        "bsisFacts": [
            "원고는 0000에서 초·중등학생을 대상으로 영어를 교육하는 000(이하 '이 사건 학원' 이라고 한다)을 운영하고 있다.",
            "피고는 2007. 8. 28. 원고를 포함한 학원 및 000, 000 운영자들로 구성된 강남교육청 학원운영협의회장에게 수강료 등을 일률적으로 전년 대비 8% 인상하겠다는 내용(이하 위와 같이 인상된 돈을 '종전 결정액' 이라고 한다)을 알렸다. ",
            "위 협의회장은 2007. 11. 5. 피고에게 종전 결정액을 추가 인상해 줄 것을 요청하였다.",
            "피고는 2007. 12. 20. 서울특별시 강남교육청 학원수강료 조정위원회를 열어 원고를 포함한 246개 학원에 대한 수강료 인상 여부를 심의하여 종전 결정액에서 4.9%를 일괄 인상하기로 결정하였다.",
            "그리고, 2007. 12. 28. 이 사건 학원에 위와 같은 내용을 담은 학원수강료 개별조정명령(이하 이 사건 조정명령 이라고 한다)을 통보하였다. ",
            "피고는 2008. 2. 28. 실시한 학원 특별조사에서 원고가 이 사건 조정명령에서 정한 수강료를 100% 초과한 수강료를 받은 사실을 적발하였다.",
            "원고는 2008. 10. 9. 피고에게 이 사건 조정명령에 따라 조정된 수강료를 100% 초과하는 수강료를 받겠다는 수강료통보서(이하 '이 사건 통보서' 라고 한다)를 보내왔다.",
            "피고는 이 사건 통보서 내용을 검토한 후 2008. 10. 17. 원고에게, 현재 개발·시범운영중인 '적정수강료 산출 시스템' 에 의한 수강료 과다 여부에 대한 검토가 완료될 때까지 이 사건 조정명령에 따른 수강료 기준을 준수해 줄 것을 요청하였다. ",
            "피고는 2008. 11. 13. 특별조사를 실시하여 원고가 이 사건 통보서 내용에 따라 수강료를 게시하고(을 제6호증), 게시된 수강료를 받은 사실을 확인하였다.",
            "피고는 2009. 1. 22. 원고에게, 학원의 설립·운영 및 과외교습에 관한 법률(이하 '학원법' 이라고 한다) 제17조 및 서울특별시 학원의 설립·운영 및 과외교습에 관한 조례(이하 '이 사건 조례' 라고 한다) 제10조에 따라, 위반사항을 '수강료 초과징수 2차(100% 이상) : 40점' 으로 한 14일 영업정지처분(갑 제3호증, 이하 '이 사건 처분' 이라고 한다)을 하였다."
        ]
    },
    "dcss": {
        "courtDcss": []
    },
    "close": {
        "cnclsns": []
    }
}