{
    "info": {
        "caseField": "3",
        "detailField": "5",
        "trailField": "1",
        "caseNm": "문화재지정해제신청거부처분취소",
        "courtNm": "서울행법",
        "judmnAdjuDe": "2010. 03. 17.",
        "caseNo": "2009구합19755",
        "relateLaword": [
            "문화재보호법 제13조",
            "행정소송법 제2조",
            "행정소송법 제27조"
        ],
        "qotatPrcdnt": [
            "대법원 2004. 4. 27. 선고 2003두8821 판결"
        ]
    },
    "concerned": {
        "acusr": "1",
        "dedat": "3"
    },
    "org": {
        "orgJdgmnCourtNm": "",
        "orgJdgmnAdjuDe": "",
        "orgJdgmnCaseNo": ""
    },
    "disposal": {
        "disposalform": "10",
        "disposalcontent": [
            "원고의 청구를 기각한다.",
            "소송비용은 원고가 부담한다.",
            "이 사건 토지 내에 있는 상석 등을 박물관으로 옮겨 보존할 수 있음에도 피고가 이를 이행하지 아니하고 있다고 하더라도 그 판단이 객관적으로 합리적이 아니라거나 타당하지 아니하다고 볼 수 없는 점 등을 종합하면, 이 사건 회신에 어떠한 재량권의 일탈 또는 남용의 위법이 있다고 할 수 없다."
        ]
    },
    "mentionedItems": {
        "rqestObjet": [
            "피고가 2009. 2. 25. 원고에 대하여 한 문화재지정해제신청거부처분을 취소한다."
        ]
    },
    "assrs": {
        "acusrAssrs": [
            "원고는 이 사건 문화재 내의 0000 임야 31,491㎡(이하 '이 사건 토지'라고 한다) 중 7/32의 지분권자인데, 2009. 2. 19. 피고에게 이 사건 토지에는 유물이 거의 존재하지 아니하고, 존재하는 유물도 그 진위가 불분명하여 문화재로서의 보존가치가 없다는 이유로 위 토지에 대한 문화재지정해제신청을 하였다.",
            "이 사건 토지에는 유물이 거의 존재하지 아니하고 존재하는 유물도 승극철 부부의 묘인지 그 진위가 분명하지 아니하여 문화재로서의 보존가치가 없을 뿐만 아니라, 가사 이와 달리 보더라도 유물은 위 토지 중 극히 일부분에만 존재하므로 위 토지 전체에대하여 문화재지정해제신청을 거부한 이 사건 회신은 과잉금지원칙에 반한다."
        ],
        "dedatAssrs": [
            "피고는 2009. 2. 25. 원고에 대하여, 문화재지정해제는 문화재로서 가치를 상실하거나 그 밖에 특별한 사유가 있을 경우에만 가능한데, 이 사건 토지는 그 경우에 해당하지 아니한다라는 이유로 원고의 위 신청을 거부하는 내용의 회신(이하 '이 사건 회신'이라고 한다)을 하였다."
        ]
    },
    "facts": {
        "bsisFacts": [
            "피고는 2002. 3. 9. 0000 일원 335,556㎡(다만, 2002. 10. 10. 265,978㎡로 변경지정 되었다) 초안산조선시대분묘군을 조선시대 전시기의 여러 계층의 분묘가 집중적으로 분포되어 있어 조선시대 장묘문화연구에 귀중한 자료가 된다고 판단하였다.",
            "특히 내시의 분묘가 많을 뿐만 아니라 연대(1694년)가 명기된 00의 묘가 있어내시생활사 연구의 기초자료를 제공하고 있다라는 이유로 문화재보호법(이하 '법'이라고 한다) 제7조, 제10조, 제16조에따라 국가지정문화재(사적) 제440호(이하 '이 사건 문화재'라고 한다)로 지정하고 노원구와 도봉구를 관리단체로 지정하는한편, 그 취지를 문화재청 고시 제2002-14호로 관보에 고시하였다.",
            "사단법인 한국미술사연구소는 2000. 4. 26.부터 2000. 12. 31.까지 노원구의 조사 의뢰를 받아 이 사건 문화재가 위치한 초안산 일대에 대한 지표조사를 실시하였는데, 그 결과 초안산 일대에 묘, 상석, 향로석 등 합계 2,410점의 유물이 존재한다는 사실을 발견하였다.",
            "문화재위원인 소외 1, 2, 3은 2002. 1. 7. 현지조사를 실시한 후 초안산 일대에 내시의 묘역과 조선시대 씨족 묘가 군집되어있을 뿐만 아니라 17세기 초부터 내시를 지냈던 00의 손자인 00의 묘와 비석이 존재하고 있으므로 이를 문화재로지정하여 보존할 가치가 있다는 의견을 피력하였고, 2002. 2. 22. 문화재위원회 심의결과 초안산 일대를 사적으로 지정하기로 의결하였다.",
            "그 후 피고는 2002. 3. 9. 0000 일원 335,556㎡ 초안산조선시대분묘군을 국가지정문화재(사적) 제440호로 지정하였고, 이 사건 문화재에는 현재 분묘 701기, 상석 284개, 박석 176개, 향로석 93개, 석비 80개, 비대석 100개, 망주석 27개, 문인석 74개, 동자석 10개, 장대석 73개, 기타 석물 20개 등 도합 1,638점의 유물이분포되어 있다.",
            "이 사건 토지에는 분묘 6기, 상석 3개, 박석 1개, 향로석 1개, 비 2개, 비대석 2개, 망주석 2개, 문인석 1개, 장대석 1개 도합19점의 유물이 분포되어 있고, 특히 조선시대 내시 승극철 부부의 묘로 추정되는 분묘(이하 '이 사건 분묘'라고 한다)가 위치하고 있다.",
            "이 사건 분묘는 초안산 동남쪽 능선의 봉우리 정상 부근에서 서쪽에 위치하고, 쌍분의 묘와 상석, 묘비로 구성되어 있는데 묘의지름은 320cm, 높이는 118cm이고, 활개는 훼손되어 흔적이 없으나 계절은 일부 남아 있으며 묘 전방의 묘비는 화강암 재질로 비대와 비신이 분리형으로 세워졌는데, 당초 비신은 비대에서 빠져 나와 상석 위에 쓰러진 채놓여 있었다.",
            "비대석은 방형으로 문양은 없고, 비신은 가로 16.5cm, 세로 130.21cm로 반월형으로 제작되어 있으며 전면에 '숭정기원후갑술삼월일립, 후면에 통훈대부행내시부상세승공극철양위지묘(通訓大夫行內侍府尙洗承公克哲兩位之墓)'라고 선명하게 새겨져 있고, 묘비 전면에는 혼유석과 상석이 놓여 있다.",
            "00은 그 생몰연대는 불분명하나, 조선시대 선조 때 호성공신 3등 연양군에 봉군되어 승록대부의 품계를 받은 00의 3대손으로 이 사건 분묘의 묘비 기재에 의하면, 내시부 정6품 상세직에 있었고 통훈대부라는 정3품의 품계를 받았던 인물이다.",
            "00을 선조로 한 내시가계(소위 연양군파)는 역대를 거쳐 가장 번성했던 내시가계로 이들의 선산은 0000(현재 0000 일대)에 있었는데, 1637년경과 1685년경 00의 묘와 그의 양자인 00의 묘가 0000로 이장되었으나 00의 묘가 이장되었다는 기록은 존재하지 아니한다.",
            "이 사건 문화재에는 700여 기 이상의 고분과 수백 개의 석물들이 분포되어 있어 장차 야외박물관으로서 활용가치가 있을 뿐만 아니라, 고분의 편년, 유래, 성격 등을 알 수 있는 비석들도 상당수 남아 있어 주목을 끌고 있다.",
            "특히 서민에서부터 양반에 이르기까지 공동묘지군을 이루고 있는 예는 이 사건 문화재를 제외하고는 거의 없다.",
            "16세기부터 20세기 초경에 이르는 다양한 제작연대의 석비들은 조선시대 석비형식과 그 특징을 연구하는 데 귀중한 자료가 되고 있으며, 이 일대에 흩어져 있는 문관석과 동자상 등은 시기별로 다양하게 분포되어 있어 조선시대 석인상 연구에 상당히 기여할 것으로 보이고, 이 사건 토지에는 현존하는 가장 오래된 내시 묘로 추정되는 이 사건 분묘가 존재하고 있다."
        ]
    },
    "dcss": {
        "courtDcss": [
            "원고의 문화재지정해제신청을 거부한 피고의 이 사건 회신이 항고소송의 대상이 되는 행정처분이 된다고 하기 위하여는 원고에게 그 신청에 따른 행정행위를 하여 줄 것을 요구할 수 있는 법규상·조리상 신청권이 있어야 할 것인데, 이 사건에 있어서는아래에서 보는 바와 같이 원고에게 문화재지정해제를 요구할 수 있는 법규상·조리상 신청권이 있다고 봄이 상당하다.",
            "문화재로 지정된 물건, 토지 등의 소유자로서는 문화재의 지정해제를 요구할 수 있는 법규상 또는 조리상 신청권이 있다고 할 것이고, 이러한 신청에 대한 거부행위는 항고소송의 대상이 되는 행정처분에 해당한다고 할 것이다.",
            "행정청이 법 제13조 제1항의 규정에 의하여 당해 문화재가 국가지정문화재로서의 가치를 상실하거나 그 밖에 특별한사유가 있는지를 판단하여 문화재지정을 해제하거나 해제하지 아니하는 것은 당해 행정청의 재량에 속하는 것이다.",
            "행정청은 문화재지정해제신청이 된 문화재의 역사적 의의와 현상, 주변의 문화적 상황, 신청인의 재산권에 미치는 영향 등을 고려하여 역사적으로 보존되어 온 문화재의 현상이 파괴되어 다시는 회복할 수 없게 되거나 관련한 역사문화자료가 멸실되는 것을 방지하고 그 원형을 보존하기 위한 공익상의 필요에 비하여 그로 인한 개인의 재산권 침해 등의 불이익이 훨씬 크다고 여겨지는 경우가아닌 한 문화재지정을 해제하지 아니할 수 있다고 할 것이다.",
            "행정청이 이와 같은 목표를 추구하기 위하여 문화재보호법 등 관련 법령이 정하는 바에 따라 내린 전문적·기술적 판단은 그 판단이 객관적으로 합리적이 아니라거나 타당하지 아니하다고 볼만한 다른 특별한 사정이 없다면 최대한 존중되어야 할 것이다.",
            "이 사건 문화재에는 분묘 701기 등 도합 1,638점의 유물이 분포되어 있고, 이 사건 토지에는 분묘 6기 등 도합 19점의 유물이 분포되어 있으므로 위 토지에 유물이 거의 존재하지 아니하는 것으로 볼 수 없다.",
            "이 사건 토지에 존재하고 있는 이 사건 분묘는 발견 당시 상태 등에 비추어 조선시대 내시 00의 묘로 추정되고 있고,위와 같은 추정이 명백히 잘못된 것으로 보이지 아니할 뿐만 아니라 이 사건 문화재 내의 분묘 중 유일하게 그 설치시기가 명시되어 있는 등 그 역사적 가치가 크다.",
            "이 사건 문화재가 제대로 관리되고 있지 아니한 상황은 피고가 위 문화재의 보존·관리에 진력하여야 할 사유는 될지언정 위문화재를 더 이상 보존할 필요가 없다는 사유가 될 수 없다.",
            "이 사건 토지 내에 유물이 존재하는 부분과 존재하지 아니하는 부분이 명확하게 구별되지 아니할 뿐만 아니라 위 토지를 이 사건 문화재와 별도로 취급하여 문화재지정을 해제할 경우위 문화재의 경관이 전체적으로 훼손되고, 아직 발견되지 아니한 유물이 멸실될 우려가 있는 등 중대한 공익상 위해가 예상된다.",
            "원고로서는 이 사건 토지에 대한 재산권 행사가 전면적으로 금지되는 것은 아니고 일정한 경우 행정청의 허가를 얻어 위토지를 사용·수익할 수 있으며, 이것이 헌법상 재산권 행사의 공공복리 적합의무를 넘어 원고에게 수인한도를 초과하는 불이익을 주는 것으로 보이지는 아니한다.",
            "법 제3조는 문화재의 보존,관리 및 활용은 원형 유지를 기본 원칙으로 한다고 규정하고 있으므로 이 사건 토지 내에 있는 상석 등을 박물관으로 옮겨 보존할 수 있음에도 피고가 이를 이행하지 아니하고 있다고 하더라도 그 판단이 객관적으로 합리적이 아니라거나 타당하지 아니하다고 볼 수 없다.",
            "이러한 점 등을 종합하면, 이 사건 회신에 어떠한 재량권의 일탈 또는 남용의 위법이 있다고 할 수 없다."
        ]
    },
    "close": {
        "cnclsns": [
            "원고의 청구를 기각한다. ",
            "소송비용은 원고가 부담한다. "
        ]
    }
}