{
    "info": {
        "caseField": "3",
        "detailField": "5",
        "trailField": "1",
        "caseNm": "법인세등 부과처분 취소",
        "courtNm": "서울행정법원",
        "judmnAdjuDe": "2010. 06. 30.",
        "caseNo": "2009구합13290",
        "relateLaword": [
            "구 국제조세조정에 관한 법률(2006. 12. 30. 법률 제8139호로 개정되기 전의 것) 제2조 ",
            "법인세법 제51조의2",
            "구 국제조세조정에 관한 법률 제5조 ",
            "구 국제조세조정에 관한 법률 제9조 ",
            "구 국제조세조정에 관한 법률 시행령(2004. 12. 31. 대통령령 제18628호로 개정되기 전의 것) 제5조",
            "구 국제조세조정에 관한 법률 시행령 제4조",
            "2006. 8. 24. 신설된 국제조세법 시행령 제6조",
            "구 국제조세조정에 관한 법률 제11조 ",
            "구 국제조세조정에 관한 법률 시행령 제19조",
            "법인세법 시행령 제86조의2",
            "상법 제458조",
            "국세기본법 제45조",
            "국세기본법 제45조의2",
            "자산유동화법 제30조",
            "법인세법 시행령 제106조"
        ],
        "qotatPrcdnt": [
            "대법원 2000. 2. 25. 선고 98두1826 판결",
            "대법원 2004. 10. 15. 선고2003두5235 판결 ",
            "대법원 2001. 10. 23.선고 99두3423 판결",
            "대법원 2004. 4. 9. 선고 2002두9254 판결"
        ]
    },
    "concerned": {
        "acusr": "2",
        "dedat": "3"
    },
    "org": {
        "orgJdgmnCourtNm": "",
        "orgJdgmnAdjuDe": "",
        "orgJdgmnCaseNo": ""
    },
    "disposal": {
        "disposalform": "10",
        "disposalcontent": [
            "피고 역삼세무서장이 2008. 2. 3. 원고들에 대하여 한 별지 1 기재 법인세 부과처분과 피고 서울지방국세청장이 2008. 5.6. 원고들에 대하여 한 별지 2 기재 소득금액변동통지처분을 모두 취소한다.",
            "소송비용은 피고들이 부담한다."
        ]
    },
    "mentionedItems": {
        "rqestObjet": [
            "피고 역삼세무서장이 2008. 2. 3. 원고들에 대하여 한 별지 1 기재 법인세 부과처분과 피고 서울지방국세청장이 2008. 5.6. 원고들에 대하여 한 별지 2 기재 소득금액변동통지처분을 모두 취소한다.",
            "소송비용은 피고들이 부담한다."
        ]
    },
    "assrs": {
        "acusrAssrs": [
            "2004. 12. 31. 이전 사업연도에 적용되는 구 국제조세조정에 관한 법률 시행령(2004. 12. 31. 대통령령 제18628호로 개정되기 전의 것, 이하, 구 국제조세법 시행령이라고 한다) 제5조는 비교가능 제3자 가격방법에 따라 정상가격을 산정함에 있어 국제거래(즉, 특수관계가 있는 자간의 국제거래와 특수관계가 없는 자간의 국제거래)만을 비교대상거래로 한정하고 있다.",
            "피고 역삼세무서장이 이 사건 유동화사채의 정상이자율을 산정함에 있어 비교대상조차 될 수 없는 국내 유동화전문회사 발행의 유동화증권 이자율을 비교대상거래로 삼은 것은 위법이다.",
            "가사 국내거래를 비교대상거래로 선정할 수 있다고 하더라도 이 사건 유동화사채와 비교대상 유동화증권 간에는 정상이자율 산정에 영향을 미치는 기초자산의 담보 여부 및 담보비율, 후순위 채권금액의 비중, 공·사모 발행방식, 만기, 발행통화 등의 본질적인 차이가 존재하고 위 차이에 대한 합리적인 조정은 거의 불가능하다고 할 것이므로 적절한 비교대상이 선정되었다고 볼 수 없다.",
            "따라서 이와 다른 전제에서 피고 역삼세무서장이 산정한 정상이자율 또한 합리적이라고 볼 수 없다.",
            "법인세법 제51조의2 제1항 소정의 배당은 배당결의를 의미하는 것이고 유동화전문회사의 경우 배당가능이익의 90% 이상만 배당하면 소득공제를 받을 수 있으며 배당가능이익을 초과하여 배당하는 것도 가능하여 소득공제를 받을 수 있는 배당금은 반드시 배당가능이익을 그 재원으로 하여야 하는 것이 아니므로, 이 사건 용역비에 대한 추가 배당결의 이후에 이루어진 이 사건 수정신고 및 소득공제신청은 적법함에도 이를 부인한 것은 위법하다."
        ],
        "dedatAssrs": [
            "피고 역삼세무서장은 과세관청이 일응 합리적으로 수긍할 수 있을 정도로 정상이자율의 적법성을 입증하였으므로 당해 거래가격이 보다 합리적인 산출방법에 의하여 산출된 정상가격의 범위 내에 있다는 점에 관한 입증책임은 원고들에게 있다고 주장한다."
        ]
    },
    "facts": {
        "bsisFacts": [
            "원고 000(이하, '원고 1'이라고만 한다)와 원고 000(이하, '원고 2'라고만 한다)는 2002. 11. 23. 룩셈부르크 법인인 000(이하, 'OOO'라고 한다)이100% 출자하여 자산유동화에 관한 법률(이하, '자산유동화법'이라고 한다)에 따라 설립한 내국법인들이다.",
            "원고 000(이하, '원고 3'이라고만 한다)는 2003. 4. 11., 원고 000(이하, '원고 4'라고만 한다)는 2003. 6. 9., 원고 000(이하, '원고 5'라고만 한다)는 2004. 6. 24. 룩셈부르크 법인인 000(이하, 'OOO'라고 한다)이 100% 출자하여 자산유동화법에 따라 설립한 내국법인들이다.",
            "000(미국계 대형 사모펀드로 1991.경 설립되었고, 외환위기 무렵 국내에 대규모 자금을 투자하였다.)는 국내 부실채권의 투자와 관련하여 000(이하, 'OOO'라고 한다)와 000(이하,'OOO'라고 한다)를 설립, 운영하였다.",
            "OOO는 OOO가 한국에 투자하는 부실채권의 물색 및 투자결정을, OOO는OOO가 설립한 유동화전문회사의 자산관리 및 수탁업무수행을 각 주된 사업으로 수행하였다.",
            "원고들, 룩셈부르크 법인인 OOO와 OOO, 아일랜드 법인인 000(이하, 'OOO'라고 한다)는 모두 OOO에 의하여 설립되어 그 지배력 하에 있는 법인들로서 원고들은 OOO와 사이에 구 국제조세조정에 관한법률(2006. 12. 30. 법률 제8139호로 개정되기 전의 것, 이하, 국제조세법이라고 한다) 제2조 제1항 제9호, 제8호 소정의 특수관계에 있다.",
            "원고 1은 2002. 12. 17. 000 로부터 액면 미화 149,167,402불 및 한화 92,509,075,787원 상당의 무담보부 채권(사적화의채권 및 기타 채권과 그에 수반되거나 관련되는 모든 권리)을 대금 미화 39,931,789.54불 및 한화 29,603,473,067원에 매수하였고, 같은 날 위 채권을 기초자산으로 하여, 발행가액 중 한화 39억 4,100만 원 상당은 주식형 증권으로 발행하였다.",
            "발행가액 중 미화 41,600,000불 상당은 만기 3년, 이자율 Libor(3개월) + 2.5% 조건의 선순위 유동화사채로, 발행가액 중 미화 19,491,480.40불 상당은 만기 7년, 연리 18% 조건의 후순위 유동화사채로 각 발행하였는데, 위 주식형 증권은 LSH가 인수하였고, 선순위 유동화사채는 OOO이, 후순위 유동화사채는 OOO.OOO를 거쳐 최종적으로 LSIF가 각 인수하였다.",
            "원고 2는 2002. 12. 17. 000 로부터 액면 미화 52,697,599불 상당의 무담보부 채권(사적화의채권및 기타 채권과 그에 수반되거나 관련되는 모든 권리)을 대금 미화 14,107,036.40불에 매수하였다.",
            "그리고, 같은 날 위 채권을 기초자산으로 하여, 발행가액 중 한화 8억 5,800만 원 상당은 주식형 증권으로, 발행가액 중 미화 9,158,000불 상당은 만기3년, 이자율 Libor(3개월) + 2.5% 조건의 선순위 유동화사채로 발행하였다.",
            "발행가액 중 미화 4,241,582.28불 상당은 만기 7년, 연리 18% 조건의 후순위 유동화사채로 각 발행하였는데, 위 주식형 증권은 LSH가 인수하였고, 선순위 유동화사채는 주식회사 신한은행이, 후순위 유동화사채는000.000를 거쳐 최종적으로 LSIF가 각 인수하였다.",
            "원고 3은 2003. 4. 30. 000, 000 및 000로부터 액면 한화 1,840,021,496,349원 상당의 무담보부 채권(카드채권)을 대금 한화 319,271,923,734원에 매수하였고, 같은 날 위 채권을 기초자산으로 하여, 발행가액 중 한화 184억 6,800만 원 상당은 주식형 증권으로, 발행가액 중 한화 1,900억 원 상당은 만기 4년, 이자율 91일물 CD유통수익률 + 2.5% 조건의 선순위 유동화사채로 발행하였다.",
            "발행가액 중 미화 89,719,776,31불 상당은 만기 7년, 연리 17% 조건의 후순위 유동화사채로 각 발행하였는데, 위 주식형 증권은 LSCI가 인수하였고, 선순위 유동화사채는 000이, 후순위 유동화사채는 LSIF가 각 인수하였다.",
            "원고 4는 2003. 4. 26. OOO사로부터 액면 한화 12,441,182,041원 및 미화 6,517,209.34불 상당의 법정관리채권 및 화의채권을 대금 한화 5,100,607,638원 및 미화 4,152,548.04불에 매수하였다. ",
            "그리고, 2003. 6. 25. 위 채권을 기초자산으로 하여, 발행가액 중 한화 14억 3,000만 원 상당은 주식형 증권으로, 발행가액 중 미화 7,257,443.69불 상당은 만기 7년, 연리 17% 조건의 유동화사채로 각 발행하였는데, 위 주식형 증권은 LSCI가 인수하였고, 유동화사채는 LSIF가 인수하였다.",
            "원고 5는 2004. 7. 12. 스타리스 주식회사로부터 액면 한화 30,056,321,487원 및 미화 1,908,570.33불 상당의 정리채권과 유동화증권을 대금 한화 24,810,400,000원 및 미화 1,895,799.61불에 매수하였다. ",
            "그리고, 같은 날 위 채권을 기초자산으로 하여, 발행가액 중 한화 38억 5,700만 원 상당은 주식형 증권으로, 발행가액 중 미화 20,067,163.76불 상당은 만기 3년, 연리 12% 조건의 유동화사채로 각 발행하였다.",
            "위 주식형 증권은 LSCI가 인수하였고, 유동화사채는 LSIF가 인수하였다(이하, 원고들이 발행하여 LSIF가 인수한 유동화사채를 통틀어 '이 사건 유동화사채' 라고 한다).",
            "HAK는 2004. 말경 LSAK의 대표이사인 소외인의 요구로 영국 법인인000에게 금융투자관련 컨설팅 용역비를 지급한 후 위 용역비는 원고 1, 2를 비롯한 유동화전문회사의 자산취득을 위하여 필수적으로 소요되는 투자비용에 해당한다고 판단하고 2004. 12. 30. 원고 1로부터 129,953,700원을, 원고 2로부터 28,878,600원을 각 지급받았다.",
            "위 원고들은 HAK에 지급한 위 각 컨설팅 용역비(이하, 이 사건 용역비 라고 한다)를 2004. 사업연도의 손금에 산입하여 법정신고 기한 내에 법인세 과세표준신고서를 제출하였다.",
            "그런데 사실 소외인은 OOO과 아무런 컨설팅 용역계약을 체결하지 아니하였음에도 OOO의 자금을 횡령하기 위하여 위와 같이 컨설팅 용역비를 지급받은 것이었다. ",
            "그리고, 2005. 4. 12.부터 시작된 000 에 대한 세무조사 과정에서 이와 같은 의혹이 불거지자 2005. 7.경 OOO과의 컨설팅 용역계약이 취소되었다고 하면서 HAK에게 컨설팅 용역비 전액을 반환하였으며, 이에 따라 원고 1, 2는 2005. 7. 19.과 2005. 7. 28. HAK로부터 이 사건 용역비 전액을 반환받았다.",
            "이후 원고 1, 2는 이 사건 용역비를 손금불산입하고 기타소득으로 소득처분하는 내용의 세무조정을 하였다.",
            "한편, 2005. 9. 30. 임시사원총회를 개최하여 위 용역비에서 1,000원씩을 차감한 금액(원고 1은 129,952,700원, 원고 2는 28,877,600원)을 배당결의한 다음, 추가 배당금액을 법인세법 제51조의2에 따라 소득공제하기로 하고 2005. 10. 18. 피고 역삼세무서장에게 각 과세표준 1,000원씩을 증액한 법인세과세표준 수정신고(이하, '이 사건 수정신고' 라고 한다)를 하였다.",
            "피고 서울지방국세청장은 2007. 8. 22.부터 2007. 12. 3.까지 세무조사를 한 다음 피고 역삼세무서장에게, 원고들이 국외특수관계자인 LSIF에게 지급한 이 사건 유동화사채의 이자가 국제조세법 제5조에 따라 산출한 정상가격보다 높다고 보고 그 정상이자율을 초과하여 지급한 이자 부분을 이전소득금액으로 보아 각 익금산입하였다.",
            "이 사건 용역비를 손금불산입하는 것으로 세무조정한 다음 원고 1, 2의 추가 배당결의에 따른 소득공제를 불인정하여 원고들의 2002~2006 사업연도의 법인세액을 경정하도록 통보하였고, 이에 피고 역삼세무서장은 2008. 2. 3. 원고들에 대하여 별지 1 기재와 같은 법인세 부과처분(이하, '이 사건 부과처분' 이라고 한다)을 하였다."
        ]
    },
    "dcss": {
        "courtDcss": [
            "피고 역삼세무서장은 위 원고들이 발행한 유동화사채의 정상이자율을 산정함에 있어서 국제조세법 제5조 제1항 제1호의 비교가능 제3자 가격방법(거주자와 국외특수관계자간의 국제거래에 있어서 당해 거래와 유사한 거래상황에서 특수관계가 없는 독립된 사업자간의 거래가격을 정상가격으로 보는 방법)을 선택하고, 그 비교대상으로 국내의 15개 유동화전문회사가 특수관계가 없는 자에게 공모방식으로 발행한 유동화증권을 선정하였다.",
            "그렇다면 피고 역삼세무서장은 이 사건 부과처분 중 구 국제조세법 시행령 제5조 제1항 제1호 등이 적용되던 2005. 1. 1. 이전의 과세연도에 해당하는 부분에 있어서, 당시 위 규정에 의하여 비교대상거래가 국제거래로 한정되어 있었음에도 정상가격을 산출하기 위한 비교대상거래를 국내거래 로 확대함으로써, 국제조세법 제5조 제2항 및 구 국제조세법 시행령 제5조 제1항을 위반하였다고 할 것이다.",
            "구 국제조세법 시행령 제6조 제2항은 국제조세법 제5조의 규정에 의하여 정상가격을 산출하는 경우 당해 거래와 특수관계가 없는 자 간의 거래 사이에서 수행된 기능, 부담한 위험 또는 거래조건 등의 차이로 인하여 적용하는 가격·이윤 또는 거래순이익에 차이가 발생하는 때에는 그 가격·이윤 또는 거래순이익의 차이를 합리적으로 조정하여야 한다고 규정하고 있다.",
            "과세처분의 적법성에 대한 입증책임은 과세관청이 부담하므로, 비교되는 상황간의 차이가 이전가격에 중대한 영향을 미치는 경우 국외의 특수관계자와의 이전가격이 국제조세법에 따라 산정한 정상가격과 차이가 있음을 전제로 과세처분을 하기 위해서는, 과세관청인 피고 역삼세무서장이 자신이 산정한 정상가격이 국제조세법 관련규정에 따라 그 차이를 합리적으로 조정하여 산정된 것임을 증명할 책임이 있다고 할 것이다.",
            "이 사건의 경우, 위 원고들 발행의 유동화사채와 비교대상 국내 유동화증권의 비교상황(발행형식, 만기, 신용보강 유무, 지급통화, 발행시기, 기초자산, 선순위 채권의 비율 등)의 차이는 정상이자율의 산정에 중대한 영향을 미치는데, 아래와 같이 그 본질적인 차이가 지나치게 커서 합리적인 조정이 곤란하거나 거의 불가능해 보인다.",
            "피고 역삼세무서장이 정상이자율을 산정함에 있어서 앞서 본 바와 같이 그 차이를 일부 조정하였다고 하더라도 그러한 조정이 이러한 상황차이를 제거할 수 있는 합리적인 조정이었다고 보기 어렵다.",
            "유동화증권과 일반 회사채의 차이를 고려할 때 한국증권업협회 등이 고시한 공모사채 수익률과 사모사채 수익률의 차이를 가산한 것만으로 발행형식의 차이가 합리적으로 조정되었다고 보기 어려울 뿐만 아니라, A, 등급 이하의 경우 일률적으로 A, 등급과 동일한 수익률 차이를 적용함으로써 신용등급에 따른 이자율 차이가 반영되지 아니하였다.",
            "채권의 담보가치비율이 높으면 그만큼 채무불이행의 가능성이 적어지므로 이자율이 낮아지게 되는바, 원고 4, 5 발행의 유동화사채는 법정관리채권 및 화의채권으로 그 회수가능성이 매우 낮은 고위험거래에 해당하는 반면, 비교대상 국내 유동화증권은 평균 담보비율이 96.14.%에 이르므로 채무불이행 위험이 줄어들어 상대적으로 저위험거래에 해당한다.",
            "선순위 및 후순위 발행에 따른 내부 신용보강(후순위 채권자가 상당 부분 투자 위험을 흡수하여 상대적으로 선순위 채권자가 투자 위험을 회피하게 되는 것)도 경제적 의미에서의 담보로 보아야 할 것인데, 원고 4, 5 발행의 유동화사채는 단일 순위로 발행된 반면, 비교대상 국내 유동화증권은 선·후순위로 발행되었다는 중요한 차이가 있다.",
            "피고 역삼세무서장이 주장하는 소위 가중평균이자율 (선·후순위 발행비율을 불문하고 유동화증권 발행으로 수취한 자금을 사용함에 따라 연간 지불해야 하는 비용인 이자의 총금액이 유동화증권 발행금액 총액에서 차지하는 비율)을 적용하더라도 이와 같은 차이가 충분히 조정되리라고 기대하기 어렵다.",
            "원고 3의 경우 선·후순위로 유동화사채를 발행하였으나 비교대상 국내 유동화증권은 단일순위로 발행되었으므로 위 ㈐항과 정반대의 문제가 발생하고, 또한 피고 역삼세무서장은 원고 3 발행의 전체 유동화사채 금액의 연도별 평균잔액에 정상이자율을 적용하여 이전소득금액을 산정하였는바, LSIF가 원고 3 발행의 유동화사채 전부가 아닌 후순위 유동화사채만 인수하였다는 점에서 이러한 이전소득금액 산정은 부당하다. ",
            "만기가 길어질수록 경제적 상황 변동에 따른 불확실성이 커져 위험프리미엄이 높아지고 위험프리미엄이 높아지는 정도는 채권의 신용도에 따라 달라지는 것이 일반적임에도, 피고 역삼세무서장은 BB 등급 이하의 경우 등급별 구분 없이 획일적으로 일정한 이자율을 가산하였을 뿐만 아니라, 원고 4, 5의 경우 약정 만기가 7년인데 이를 5년으로 단축하여 조정하거나 원고 3의 경우 만기에 따른 차이 조정을 하지 아니할 합리적인 근거도 없다.",
            "국외의 특수관계자와의 이전가격이, 과세관청이 납세의무자에게 국제조세법 제11조 제2항에 의하여 같은 법 시행령 제19조 제1항 소정의 자료 및 증빙서류의 제출을 요구하는 등의 최선의 노력으로 확보한 자료에 기하여 합리적으로 산정한 정상가격과 차이를 보이는 경우에는, 비교가능성 있는 독립된 사업자 간의 거래가격이 신뢰할 만한 수치로서 여러 개 존재하여 정상가격의 범위를 구성할 수 있다.",
            "당해 국외 특수관계자와의 이전가격이 그 정상가격의 범위 내에 들어 있어 경제적 합리성이 결여된 것으로 볼 수 없다는 점에 관하여 그 입증의 필요가 납세의무자에게 돌아간다고 할 것이나 앞에서 본 바와 같이 피고 역삼세무서장이 비교대상 국내 유동화증권의 이자율을 기초로 이 사건 유동화사채에 대한 정상이자율을 산정한 것이 합리적이라고 보기 어려우므로, 신뢰할만한 정상가격의 범위 등에 관한 입증의 필요가 원고들에게 돌아간다고 보기 어렵다.",
            "원고 1, 2는 세무조사과정에서 이 사건 용역비가 착오로 잘못 지급되었음을 발견하고 위 용역비를 반환받는 한편, LASK의 대표이사이던 소외인이 위 용역비 상당을 횡령하였음을 알게 되어 이에 대한 회계처리와 세무조정을 다시 하고 임시사원총회에서 추가 배당결의를 하였다.",
            "당초 비용과 손금으로 처리하였던 위 용역비 상당액만큼 배당가능이익 및 2004 사업연도 소득이 증가되었다고 할 것이고, 위 원고들은 증가된 이익 내지 소득 중 1,000원을 제외한 금액에 대하여 각 추가배당을 결의하고 배당금 소득공제를 신청하였으므로 위 각 추가 배당결의는 조세회피목적의 유무와는 상관없이 법인세법 제51조의2 소정의 배당에 해당한다고 할 것이다.",
            "법인세법 제51조의2 제1항, 같은 법 시행령 제86조의2 제1항, 제2항 및 자산유동화법 제30조 제3항 등의 관계규정을 종합하여보면, 유동화전문회사는 배당가능이익을 초과하여서도 유효한 배당을 할 수 있고, 다만 그 배당금이 당해 사업연도 소득을 초과하는 경우에는 소득 범위 내에서만 배당소득공제를 받을 수 있다고 할 것이다.",
            "일반적으로 법인을 기망하여 법인의 자산을 횡령한 경우 법인이 그 횡령행위를 추인하거나 손해배상청구권을 포기하지 않는 이상 횡령액 상당이 사외유출된 것으로 소득처분할 수는 없다고 할 것이다( 대법원 2004. 4. 9. 선고 2002두9254 판결 참조).",
            "비록 원고 1, 2가 이 사건 용역비에 대하여 손금불산입하면서 사내유보로 소득처분하지 아니하고 기타소득(사외유출)으로 소득처분하였다고 하더라도, 위 원고들이 소외인의 사용자인 LSAK에게 이 사건 용역비에 대한 손해배상청구권 등의 권리를 가지고 있었고 이를 포기하거나 위 횡령행위를 추인하지 아니하였다.",
            "나아가 2005. 7. 19.과 2005. 7. 28. HAK로부터 위 용역비 상당의 금원을 회수하였으므로, 위 용역비의 손금불산입으로 인한 소득의 증가분은 위 원고들에게 유보되어 있다고 할 것이다.",
            "따라서 그 유보된 소득에 대한 위 원고들의 배당소득공제신청은 적법하다고 할 것이다( 법인세법 시행령 제106조 제4항은 2003. 12. 30. 대통령령 제18174호로 개정되면서 삭제되었을 뿐만 아니라, 위 조항은 가공경비 등을 직접 지출한 법인의 자발적인 수정신고를 유도하기 위한 규정이므로, LSAK의 대표이사였던 소외인의 횡령행위로 인하여 이 사건 용역비를 지출한 원고 1, 2에게 적용될 것은 아니다).",
            "이 사건 부과처분 중 이전소득금액 관련 부분은 위 가.항에서 본 바와 같은 이유로 위법하다고 할 것인바, 이 사건 소득금액변동통지처분의 근거가 된 원처분이 모두 위법하므로 이를 바탕으로 이전소득금액을 배당으로 소득처분하여 한 위 소득금액변동통지처분도 위법하다고 할 것이다."
        ]
    },
    "close": {
        "cnclsns": [
            "1. 피고 역삼세무서장이 2008. 2. 3. 원고들에 대하여 한 별지 1 기재 법인세 부과처분과 피고 서울지방국세청장이 2008. 5. 6. 원고들에 대하여 한 별지 2 기재 소득금액변동통지처분을 모두 취소한다. 2. 소송비용은 피고들이 부담한다. "
        ]
    }
}