{
    "info": {
        "caseField": "3",
        "detailField": "5",
        "trailField": "2",
        "caseNm": "건축허가신청반려처분취소",
        "courtNm": "서울고등법원",
        "judmnAdjuDe": "2010. 02. 03.",
        "caseNo": "2009누241",
        "relateLaword": [
            "국토법 제63조 제1항 제3호",
            "행정소송법 제8조 제2항,  민사소송법 제420조",
            "구 국토의 계획 및 이용에 관한 법률(2008. 2. 29. 법률 제8852호로 개정되기 전의 것) 제56조, 제63조",
            "구 국토의 계획 및 이용에 관한 법률 시행령(2008. 2. 29. 대통령령 제20722호로 개정되기 전의 것) 제60조, 제8조"
        ],
        "qotatPrcdnt": [
            "대법원 2009. 9. 24. 선고 2009두8946 판결 등 참조"
        ]
    },
    "concerned": {
        "acusr": "1",
        "dedat": "3"
    },
    "org": {
        "orgJdgmnCourtNm": "서울행정법원",
        "orgJdgmnAdjuDe": "2008. 12. 12.",
        "orgJdgmnCaseNo": "2008구합27131"
    },
    "disposal": {
        "disposalform": "10",
        "disposalcontent": [
            "제1심 판결을 취소한다.",
            "피고가 2008. 5. 15. 원고에 대하여 한 도시계획위원회 심의결과 통보를 취소한다.",
            "소송총비용은 피고가 부담한다."
        ]
    },
    "mentionedItems": {
        "rqestObjet": [
            "제1심 판결을 취소한다.",
            "피고가 2008. 5. 15. 원고에 대하여 한 도시계획위원회 심의결과 통보를 취소한다.",
            "소송총비용은 피고가 부담한다."
        ]
    },
    "assrs": {
        "acusrAssrs": [
            "이 사건 토지가 소재한 0000 일대를 개발행위허가 제한구역으로 지정한 이 사건 고시는 위 구 국토의 계획 및 이용에 관한 법률 제63조 제1항 제3호에 위배되어 위법하므로, 이 사건 고시에 의거하여 원고의 이 사건 신청을 도시계획위원회에 심의상정한 결과 건물신축이 되면 뉴타운식 광역개발이 이루어질 경우에 개발요건인 노후도 산정에 영향이 있다는 이유로 한 이 사건 처분도 위법하다."
        ],
        "dedatAssrs": [
            "이 사건 고시를 한 후에 이 사건 고시에 따른 개발행위허가 제한지역에 이 사건 토지가 위치함을 이유로, 위 법령의 각 조항과 이 사건 고시에 의거하여 000의 심의에 상정한 결과 건물신축이 되면 뉴타운식 광역개발이 이루어질 경우에 개발요건인 노후도 산정에 영향이 있으므로 원고의 이 사건 신청을 거부하였다.",
            "이 사건 토지가 위치한 0000 일대의 정비사업을 추진할 예정인바, 원고의 이 사건 신청은 서울특별시장이 수립하고 있는 위 도시·주거환경정비 기본계획에 배치될 가능성이 있다.",
            "피고는 이 사건 변론종결 후에 제출한 2010. 1. 28.자 참고서면에서, 서울특별시장이 수립하고 있는 도시·주거환경정비 기본계획(재개발·재건축 부문)과 연계하여 피고는 이 사건 토지가 위치한 0000일대의 정비사업을 추진할 예정인바, 원고의 이 사건 신청은 서울특별시장이 수립하고 있는 위 도시·주거환경정비 기본계획에 배치될 가능성이 있다는 취지로 주장한다."
        ]
    },
    "facts": {
        "bsisFacts": [
            "이 법원이 이 부분에서 설시할 이유는 제1심 판결문 제2면 제3, 4행의 “ 국토의 계획 및 이용에 관한 법률(이하 ‘국토법’이라 한다)제63조”를 “구 국토의 계획 및 이용에 관한 법률(2008. 2. 29. 법률 제8852호로 개정되기 전의 것) 제63조 제1항 제3호”로 고치는 외에는 제1심 판결의 해당 부분 이유 기재와 같으므로 행정소송법 제8조 제2항, 민사소송법 제420조 본문에 기하여 이를 그대로 인용한다.",
            "피고가 위 구 국토의 계획 및 이용에 관한 법률 제63조 제1항 제3호 및 제2항, 위 법 시행령 제60조에 근거하여 이 사건 고시를 하였다.",
            "그 후에 이 사건 고시에 따른 개발행위허가 제한지역에 이 사건 토지가 위치함을 이유로, 위 법령의 각 조항과 이 사건 고시에 의거하여 구로구 도시계획위원회의 심의에 상정한 결과 건물신축이 되면 뉴타운식 광역개발이 이루어질 경우에 개발요건인 노후도 산정에 영향이 있다는 이유로 원고의 이 사건 신청을 거부하는 이 사건 처분을 하였음은 위에서 본 바와 같거나 갑 제4, 6호증의 각 기재와 변론 전체의 취지에 의하여 이를 인정할 수 있다."
        ]
    },
    "dcss": {
        "courtDcss": [
            "그러나 위 법 제63조 제1항 제3호에 의하여 개발행위허가를 제한할 수 있는 지역이란 ‘도시기본계획 또는 도시관리계획을 수립하고 있는 지역’으로서 ‘당해 도시기본계획 또는 도시관리계획이 결정될 경우 용도지역·용도지구 또는 용도구역의 변경이 예상되고 그에 따라 개발행위허가의 기준이 크게 달라질 것으로 예상되는 지역’을 가리킨다.",
            "이 사건 고시에 따른 개발행위허가 제한지역에 관하여 도시기본계획 또는 도시관리계획이 수립되고 있는지, 또한 그러한 계획이 결정될 경우 용도지역·용도지구 또는 용도구역의 변경이 예상된다. ",
            "그리고 그에 따라 개발행위허가의 기준이 크게 달라질 것으로 예상되는지에 대하여 보건대, 이러한 점들을 인정할 아무런 증거가 없다(이 법원은 2009. 9. 2. 11:00에 열린 제3차 변론기일에 피고에게 이러한 점에 대한 석명을 구하였으나 피고는 이 사건 변론종결일까지 아무런 주장·입증도 하지 아니하였다.).",
            "이 사건 처분은 위 법 제63조 제1항 제3호 소정의 요건을 갖추지 못한 것으로서 위법하다.",
            "건축허가권자는 건축허가신청이 건축법 등 관계 법규에서 정하는 어떠한 제한에 배치되지 않는 이상 당연히 같은 법조에서 정하는 건축허가를 하여야 하고, 중대한 공익상의 필요가 없는데도 관계 법령에서 정하는 제한사유 이외의 사유를 들어 요건을 갖춘 자에 대한 허가를 거부할 수는 없다고 할 것이다.",
            "피고의 이 사건 처분 당시 시행되고 있던 위 구 국토의 계획 및 이용에 관한 법률 제63조가 도시기본계획 또는 도시관리계획을 수립하고 있는 지역으로서 당해 도시기본계획 또는 도시관리계획이 결정될 경우 용도지역·용도지구 또는 용도구역의 변경이 예상된다.",
            "그에 따라 개발행위허가의 기준이 크게 달라질 것으로 예상되는 지역으로서 도시관리계획상 특히 필요하다고 인정되는 지역에 대하여 개발행위를 제한하고자 하는 때에는 제한지역·제한사유·제한대상 및 제한기간을 미리 고시하도록 규정한 취지를 고려한다.",
            "따라서 원고의 이 사건 신청이 서울특별시장이 수립하고있는 도시·주거환경정비 기본계획에 배치될 가능성이 크다고 하여 바로 이를 반려할 중대한 공익상의 필요가 있다고 보기 어렵다(대법원 2009. 9. 24. 선고 2009두8946 판결 등 참조). ",
            "따라서 피고의 위 주장은 이유 없다."
        ]
    },
    "close": {
        "cnclsns": [
            "제1심 판결을 취소한다.",
            "피고가 2008. 5. 15. 원고에 대하여 한 도시계획위원회 심의결과 통보를 취소한다.",
            "소송총비용은 피고가 부담한다."
        ]
    }
}