{
    "info": {
        "caseField": "3",
        "detailField": "5",
        "trailField": "1",
        "caseNm": "법인세부과처분취소",
        "courtNm": "서울행정법원",
        "judmnAdjuDe": "2011. 02. 18.",
        "caseNo": "2009구합3538",
        "relateLaword": [
            "구 법인세법(2005. 12. 31. 법률 제7837호로 개정되기 전의 것) 제98조 ",
            "헌법 제6조",
            "헌법 제38조",
            "헌법은 제11조",
            "국세기본법 제14조",
            "법인세법 제4조",
            "법인세법 제2조"
        ],
        "qotatPrcdnt": [
            "헌법재판소 1989. 7. 21. 선고 89헌마38 전원재판부 결정",
            "대법원 2000. 7. 7. 선고 98두16095 판결",
            "대법원 1994. 4. 15. 선고 93누13162 판결 ",
            "대법원 1996. 1.23. 선고 95누13746 판결"
        ]
    },
    "concerned": {
        "acusr": "2",
        "dedat": "3"
    },
    "org": {
        "orgJdgmnCourtNm": "",
        "orgJdgmnAdjuDe": "",
        "orgJdgmnCaseNo": ""
    },
    "disposal": {
        "disposalform": "10",
        "disposalcontent": [
            "원고의 청구를 기각한다.",
            "소송비용은 원고가 부담한다.",
            "갑 제28호증, 을 제4, 7호증의 각 기재만으로 000 및 000 가 000와 같이 법인으로서의 실체가 없다고 인정하기에 부족하고, 달리 이를 인정할 증거가 없으므로, 이를 전제로 한 원고의 이부분 주장은 더 나아가 살필 필요 없이 이유 없다.",
            "이 사건 처분이 신뢰보호원칙에 반한다고 볼 수 없으므로, 원고의 이 부분 주장도 이유 없다."
        ]
    },
    "mentionedItems": {
        "rqestObjet": [
            "피고가 2007. 5. 1. 원고에 대하여 한 2005 사업연도 귀속 법인세 1,307,603,450원의 부과처분을 취소한다."
        ]
    },
    "assrs": {
        "acusrAssrs": [
            "000는 이 사건 주식을 원고에게 양도한 자로서 벨기에 거주자임이 명백하므로, 한·벨 조세조약에 따라 이 사건 주식양도소득에 대하여 한국 과세당국에 과세권이 없다고 할 것임에도, 국내법상의 법원리에 불과한 실질과세원칙을 적용하여 000의 실체를 부인하고 납세의무자가 아니라 원천징수의무자에 불과한 원고에게 그 이면의 이 사건 주식양도소득의 실질적 귀속자를 파악하여 원천징수의무를 부담하도록 하였다.",
            "이것은 헌법에 의해 국내 세법에 우선하는 효력을 가지는 한, 벨 조세조약의 양도자 내지 거주자 판단을 일방적으로 부인하는 것으로서 조세법률주의와 조세조약 엄격해석의 원칙에 반하고, 지나치게 원천징수의무자의 부담을 확대하는 것으로서 비례원칙에도 반한다.",
            "000는 조세회피 목적으로 설립된 도관회사가 아니라 000의 주식 보유라는 정당한 사업목적을 가진 투자지주회사, 이른바 SPC(Special Purpose Company)로서 주주총회나 이사회를 적법하게 개최하여 중요 의사결정을 하여 왔다.",
            "별도 재무제표를 작성하여 상위 모회사들과 독립적으로 회계를 운영하여 오는 등 법적 실체가 있는 법인이어서, 이 사건 주식양도소득의 귀속자는 000라고 할 것이므로, 이러한 000의 법인격을 부인하고 000 아시아와 000를 이 사건 주식양도소득의 실질적 귀속자로 볼 수 없다.",
            "가사 000가 도관회사에 불과하다 하더라도, 000 아시아는 세법상 소득이 귀속되지 않는 파트너쉽에 불과하고, 민법상 조합규정이 적용되는 투자조합에 유사하여 그 자체로 국내법에 의하더라도 법인격이 없어 이 사건 주식양도소득의 실질적 귀속자라 볼 수 없다.",
            "나아가 000 아시아는 000와 마찬가지로 케이만 군도에 직원이나 사무실을 가지고 있지 않는 등 그 법적 실체조차 없어, 결국 000 아시아의 종국적 투자자들이 그 실질적 귀속자라 할 것이다.",
            "이 사건 주식양도소득에 대한 000 아시아의 종국적 투자자들의 국적 및 지분비율은 홍콩 1.18%, 일본 1.72%, 싱가포르 2.96%, 아랍에미리트연합 8.88%, 영국 27.29%, 미국 17.17%로서, 이들 중 한국과 거주지국과의 조세조약이 체결된 일본, 아랍에미리트연합, 영국, 미국의 지분은 그 조세조약에 따라 비과세의 적용을 받는다.",
            "반면, 나머지 홍콩과 싱가포르의 투자지분 합계 4.14%는 그러한 조세조약이 체결되지 아니하여 비과세의 적용을 받지 않는다.",
            "000 역시 000(000) 계열사들을 위하여 투자 보유 및 대출을 위한 특수목적법인으로서 홍콩에 사무실이나 직원을 두고 있지 않은 점, 000의 운영은 전적으로 그 모회사인 000이 담당하고 있고 000의 이사나 직원 모두 000의 직원인 점 등을 종합하면 000 또한 000 아시아와 마찬가지로 이 사건 주식 양도소득의 실질적 귀속자로 볼 수 없다.",
            "000의 종국적 투자자들이 그 실질적 귀속자라 할 것인데, 000의 지분은 모두 000이 보유하고 있으나, 000은 미국법인으로서 한국과 미국 사이의 조세조약에 따른 주식양도소득 비과세의 적용을 받는다.",
            "따라서, 이 사건 처분에 따른 법인세액 중 000 아시아의 홍콩, 싱가폴 지분비율을 초과하는 부분은 비과세 대상에 대하여 징수한 것이어서 위법하다.",
            "원고가 부담하는 원천징수의무는 징수절차상의 협력의무에 불과하여 납세의무자에 대하여 사실관계 확인을 위한 조사 권한이 전혀 부여되지 않았기에, 원고는 000로부터 주식을 양수한 다음 이 사건 주식 양도소득에 대한 원천징수의무가 있는지 확인하기 위해 피고에게 이를 위한 비과세, 면제 신청서를 제출하여 피고로부터 이 사건 주식 양도소득은 과세대상이 아니라는 확인을 받고 이를 신뢰하여 원천징수를 하지 않았다.",
            "피고는 2002.경 000가 000에 지급한 배당소득에 대하여 000를 한, 벨 조세조약 제10조가 정하는 배당소득의 수익적 소유자로 인정하기도 하였던 점 등의 사정을 종합하면, 이 사건 처분은 신뢰보호원칙에 반하는 것이다.",
            "000아시아 및 000 역시 000와 마찬가지로 법인으로서의 실체가 없어 이 사건 주식양도소득에 대한 실질적 귀속자는 000 아시아와 000가 아니라 000 아시아의 최종투자자들과 000이고 이들이 대부분 조세조약에 따라 비과세대상에 해당한다."
        ],
        "dedatAssrs": [
            "피고는 벨기에 법인인 000와 위 법인의 88.75% 지분을 갖고 있는 룩셈부르크 법인인 000이 한, 벨 조세조약 등을 이용하여 대한민국 내에서의 조세를 회피할 목적으로 설립한 000(000)에 불과하다고 판단하였다.",
            "따라서 주식 양도소득의 실질적인 귀속자(beneficial owner)는 000 아시아(케이만군도 소재 법인, 000의 66.7% 지분 보유) 및 000의 주주들인 000(미합중국 소재 법인, 000의 20% 지분보유), 000(미합중국 소재 법인, 000의 20% 지분보유), 000(홍콩 소재 법인, 000의 60% 지분보유, 이하 000라 한다)에 각 귀속되었다고 보았다.",
            "한국과 조세조약이 체결되지 않은 국가(케이만군도, 홍콩)의 거주자인 000 아시아 및 000에 귀속된 이 사건 주식양도소득에 대하여 국내 세법상 원천징수세율 10%를 적용하여 2007. 5. 1. 원고에게 이 사건 주식양도소득에 관하여 2005 사업연도 법인(원천)세 1,307,603,450원을 징수하는 처분을 하였다(이하 이 사건 처분이라 한다)."
        ]
    },
    "facts": {
        "bsisFacts": [
            "펀드를 운용함에 있어 투자자금 및 투자자산의 효율적인 관리, 운용을 위하여 000와 같은 투자지주회사의 필요성을 부인할 수 없고, 투자지주회사를 통한 투자에 있어서 실질적인 자금의 출처, 투자 및 자산관리 행위의 실제 담당자, 투자 수익의 종국적인 귀속을 문제삼아 함부로 거래관계를 재구성할 수는 없다.",
            "투자대상국인 우리나라나 000 아시아 투자자들의 실제 거주지국과는 무관한 벨기에 등에 여러 단계의 투자지주회사를 설립하여 투자지배구조를 복잡하게 하는 것은 위와 같은 투자의 효율적인 관리, 운용을 위한 것이라기보다는 000 아시아가 설정 당시부터 주도면밀하게 계획한 조세회피 방안에 따른 것이어서 그 필요성에도 불구하고 위와 같은 투자지주회사들을 조세회피를 위하여 사용된 명목상의 회사라고 볼 수밖에 없다.",
            "또한 000는 각 사원들이 회사의 채권자들에 대하여 각자가 000(000)의 설립을 위하여 출자한 금액을 한도로 하여 유한책임만을 지면서 동시 000(000)에서는 인정되지 않는, 000의 사원과 동일한 정도의 경영에 대한 적극적 참여를 보장해주는 사업체로서 법인이다. ",
            "하지만 세제상으로는 법인이 아닌 Partnership으로 분류되고, 미국의 경우 Partnership에 대하여 그 자체에 세금이 부과되지 않고 그 Partner에게 그들의 지분에 해당하는 배당에 대한 소득세만이 부과된다.",
            "케이만군도 소재 000 아시아와 미합중국 소재 000는 각 66.7%와 33.3%의 비율로 공동 출자하여 룩셈부르크 법인인 000을 설립하였고, 다시 000과 000의 경영진이 각 88.75%와 11.25%의 비율로 공동 출자하여 1999. 12. 10. 벨기에 법인인 000를 설립하였으며, 000 인수시 투자자금은 000 아시아, 000, 000 경영진이 제공하였다.",
            "000 아시아의 투자운용사인 000 (이하 'OOO' 라 한다)의 소외 4가 000 인수계약과 관련한 각종보고서 및 계약서에 서명하는 등 000 아시아가 000 인수계약의 당사자로 참여하여 투자조건 등을 결정하였다.",
            "000 는 1999. 11.경 000의 공장을 방문하는 등 실사작업을 거치고 1999. 12. 8. 000 경영진에게 MBO 플랜을 제시하면서 이에 따라 벨기에 또는 룩셈부르크에 New Co를 설립할 것이라는 계획을 설명하였으며, 그 직후인 1999. 12. 10. 000가 설립되었고, 원고에게 000의 주식 전량을 매각한 직후인 2005. 8. 1. 이후 곧바로 청산절차가 개시되었다.",
            "000가 000의 주식을 취득한 후에도 000의 경영진은 그 영업활동과 관련한 보고를 000에 한 것이 아니라 000 국내지점의 직원인 소외 1과 000 직원인 소외 4에게 하였고, 소외 1이 000의 국내 시장상황, 경영진 현황, 000의 투자현황 및 재무상황 등을 000 직원인 소외 4, 6 등에게 분기마다 보고하였다.",
            "000 매각대금 배분은 000 아시아와 000가 각각 66.7%와 33.3%로 000 국내지점의 직원인 소외 1이 작성한 000 매각에 따른 분배금 배부계획(DMF Returns-Fund Ⅰ)상의 금액과 거의 차이가 없으며, 000 매각에 따른 분배금은 000 명의 계좌로 수령한 직후인 2005. 8. 8. 000 아시아 등에 송금되었고, 그 사실 자체를 EXIT라고 표현하고 있으며, 이 과정에서 000의 주주인 000가 수취하는 분배금은 없었다.",
            "000의 이사는 소외 2, 3, 4, 5 등 7인으로 구성되어 있으나 소외 2 및 소외 4는 000 소속 직원으로 일본 및 아시아지역 투자를 담당하는 자이며, 소외 3 및 소외 5 등은 000 Capital Partners(000) 000(이하 'OOO' 라 한다)의 직원이다.",
            "000의 주소지에는 000의 사무실이 있을 뿐, 000는 독립적인 사업장이 없고, 000의 000(000) 조회자료에 등재된 전화번호는 000 의 직원의 전화번호이다.",
            "000는 자산의 대부분이 000의 주식이고, 인건비 및 사업운영에 필수적인 사업비용도 거의 지출하지 않았다. ",
            "000 역시 독립적인 사업장이 없고, 주소지 소재 건물의 우편물 BOX 중 하나에 000의 법인명을 비롯한 약 30여개의 법인명이 표기되어 있을 뿐이었으며, 이사진 역시 000 소속 직원인 소외 4 외 4인으로 단순히 회사로서 최소한의 형식적인 구성요건 만을 갖추고 있다.",
            "000의 설립부터 청산까지 총자산중 거의 대부분이 000 투자 관련 000의 주식 및 배당 수취금으로 구성되어 있고, 필수적인 건물 및 비품 등의 유형자산은 전혀 찾아볼 수 없다.",
            "000 아시아는 장래 대한민국 내 투자수익으로 인한 양도소득세 등 조세를 비과세받거나 감면받고 그 이익을 극대화하기 위하여 각국의 조세제도, 조세조약 등을 연구, 분석하여, 투자지주회사투자목적회사(SPC), 이하 같다로 벨기에에 000를, 룩셈부르크에 000을 각 설립하였는데, 벨기에는 한, 벨 조세조약에 따라 주식 양도소득에 대하여 대한민국에서의 원천세가 면제된다.",
            "그리고 벨기에는 자본이득에 대한 소득세가 면제되고, 룩셈부르크도 일정 규모 이상의 원천소득에 대하여는 소득세가 면제되고, 케이만군도는 역외투자회사의 국외원천소득에 대하여 소득세 및 원천세를 면제하고 있으며, 룩셈부르크, 케이만군도는 법인세, 개인소득세에 대한 원천과세가 전혀 없거나 과세시에도 저율의 세금이 적용되는 등 세제상의 특혜를 제공하는 대표적인 조세피난처로 인식되는 곳이다."
        ]
    },
    "dcss": {
        "courtDcss": [
            "실질과세의 원칙은 국가 간의 조세조약의 규정을 해석함에 있어서 문언 자체의 의미를 유추, 확장하거나 문언에 반하는 것이 아닌 한 그 해석의 기준으로 삼을 수 있는 것이다.",
            "과세관청인 피고로서는 이 사건 주식양도소득의 귀속에 대하여 그 실질적 행위자 및 소득의 귀속자를 한, 벨 조세조약상의 벨기에 거주자인 000로 인정하여 그 과세를 결정할 것인지, 아니면 한, 벨 조세조약의 적용범위 외에 있는 000 아시아 등으로 인정하여 국내법에 따라 소득세를 부과할것인지 여부를 실질과세원칙에 따라 판단할 수 있다고 할 것이다.",
            "여기에 원천징수방식의 조세에 있어서는 일응 국내 세법에 따른 원천징수 대상이 된다면 비과세, 면세요건에 대한 조사의무 또는 입증책임이 있다고 보이는 점, 을 제29, 31호증의 각 기재에 의하면 이하와 같다.",
            "원고가 속해 있는 기업집단인 동원그룹에서 000를 인수하기 위한 실사과정에서 작성된 M＆A 보고서와 실사보고서 등에는 2000년 000 펀드가 페이퍼회사인 000를 통하여 지분 100% 인수, 000 지분구조는 000 펀드 91.8%, 000경영진 8.2%라고 기재되어 있는 사실을 인정할 수 있다.",
            "이러한 인정사실에서 000가 이 사건 주식양도소득의 실질적 귀속자가 아님을 알았거나 알 수 있었다고 보이는 점 등을 종합하여 보면 납세의무자가 아닌 원천징수의무자에 불과한 원고로 하여금 실질과세원칙에 따라 이 사건 주식양도소득의 실질적 귀속자를 파악하여 원천징수의무를 부담하도록 하게 하는 것이 지나치게 원천징수의무자의 부담을 확대하는 것으로서 비례원칙에 반한다고 볼 수 없다.",
            "그러므로 이와 다른 전제에 선 원고의 이 부분 주장은 이유 없다.",
            "우리 법인세법은 제2조 제1항에서 내국법인 및 국내원천소득이 있는 외국법인은 법인세법에 의하여 그 소득에 대한 법인세를 납부할 의무가 있다고 규정하고, 제1조 제3호에서 외국법인을 외국에 본점 또는 주사무소를 둔 법인으로만 정의하고 있을 뿐 법인의 의미에 대하여 따로 정의하고 있지는 않다.",
            "그런데 000 아시아는 조세피난처인 케이만군도에 유한 파트너쉽(LP, Limited Partnership) 형태로 설립되었는데 이는 국내법상으로는 존재하지 않는 법적인 단체이고 케이만군도에 적용되는 법에는 우리의 법인과 동일한 개념이 존재하지도 않으므로, 우리 법인세법 또는 케이만군도에 적용되는 법에 의하여 유한 파트너쉽인 000 아시아가 법인세법상의 외국법인인지 여부가 바로 도출되지는 않는다.",
            "외국 단체가 우리 법인세법상 외국법인에 해당하는지를 판단하는 방법으로 외국 단체의 사법적 성질을 따져서 판단하는 방법과 외국 단체의 그 나라에서의 세법상 취급을 따져서 판단하는 방법이 있을 수 있는바, 외국 단체에 대한 과세에 있어서 과세권 배분의 단계에서는 조세조약이 적용되지만, 구체적인 납세의무의 성립은 국내의 개별 세법에 의하여 결정되는 것이다.",
            "외국 단체의 그 나라에서의 세법상의 취급을 세무 당국이 일일이 확인할 것을 요구하기도 어려우며, 동일한 단체에 대하여 외국에서의 세법상 취급이 다르다는 이유로 국내 세법의 적용에 있어서도 달리 취급하여야 한다고 볼 수도 없으므로, 외국의 단체가 법인세법상 외국법인에 해당하는지 여부는 그 단체의 사법적 성질을 살펴 그것이 국내법의 어느 단체에 가장 가까운 것인가를 따져보아 국내 세법을 적용하는 것이 타당하다.",
            "000 아시아는 펀드 운영의 전문성을 보유하고 펀드의 일상업무를 집행하며 무한책임을 지는 무한책임사원(GeneralPartner)과, 펀드 운영에 적극적으로 관여하지 않는 소극적 투자자로서 투자한도 내에서만 책임을 지는 유한책임사원(LimitedPartner)으로 구성되어 있고, 고유한 투자목적을 가지고 자금을 운용하면서 구성원인 사원들과는 별개의 재산을 보유하고 고유의 사업활동을 하는 영리 목적의 단체이다.",
            "구성원의 개인성이 강하게 드러나는 인적 결합체라기보다는 구성원의 개인성과는 별개로 권리, 의무의 주체가 될 수 있는 독자적 존재로서의 성격을 가지고 있으므로, 합유를 전제로 모든 조합원이 무한책임을 지는 우리 민법상의 조합과는 본질적으로 다른 법적 성격을 갖고 있고, 비록 유한책임사원의 지분 양도와 관련하여 다소 차이가 있다고는 하나 그 기본적인 구조가 우리 상법상의 합자회사와 유사하다고 판단된다.",
            "따라서 우리 법상 합자회사와 가장 유사한 원고는 우리 법인세법상 외국법인으로 보아 법인세 과세대상이 된다고 봄이 타당하다.",
            "조세소송에 있어서 비과세요건, 면세요건에 대한 입증책임은 납세자 측에게 있으므로, 유한 파트너쉽에 대하여도 법인세를 부과할 수 있다고 하더라도, 000아시아 및 000 역시 000와 마찬가지로 법인으로서의 실체가 없어 이 사건 주식양도소득에 대한 실질적 귀속자는 000 아시아와 000가 아니라 000 아시아의 최종투자자들과 000이고 이들이 대부분 조세조약에 따라 비과세대상에 해당한다는 주장사실은 원고가 이를 적극적으로 입증하여야 한다.",
            "그런데, 위 (2)의 (나)항에서 인정한 사실에 비추어 갑 제28호증, 을 제4, 7호증의 각 기재만으로 000 아시아 및 000가 000와 같이 법인으로서의 실체가 없다고 인정하기에 부족하고, 달리 이를 인정할 증거가 없으므로, 이를 전제로 한 원고의 이 부분 주장은 더 나아가 살필 필요 없이 이유 없다.",
            "앞서 본 바와 같이 원고도 000가 이 사건 주식양도소득의 실질적 귀속자가 아님을 알았거나 알 수 있었다고 보인다.",
            "피고가 원고에 대하여 이 사건 주식양도소득이 한, 벨 조세조약에 따라 비과세, 면제 대상에 해당함을 확인하여 준 사실은 앞서 본 바와 같으나, 한편 갑 제1호증의 기재에 의하면, 그 비과세, 면제 확인서 상에는 세무서장은 이 확인서에 불구하고 위 신청서 내용이 사실과 다른 경우에는 관계 법률에 따라 경정 또는 결정할 수 있습니다라고 기재되어 있는 사실이 인정된다.",
            "위 확인은 단지 000의 거주지국이 한, 벨 조세조약이 적용되는 벨기에라는 이유에 의한 것일 뿐이고, 그러한 확인이 조세회피를 목적으로 설립된 형식적인 회사에 대해서까지 한, 벨 조세조약을 적용할 것이라는 취지의 견해를 표명한 것이라고 볼 수 없다.",
            "가사 원고 주장과 같이 피고가 2002.경 000가 000에 지급한 배당소득에 대하여 000를 한, 벨 조세조약 제10조가 정하는 배당소득의 수익적 소유자로 인정하였다. 하더라도, 실질을 밝히지 못한 그 전의 조사 내용과 과세처분도 그 이후의 조사에서 다르게 밝혀졌다면 제척기간 내에는 그 밝혀진 진실에 따라 이를 경정하는 것이 가능한 것이어서, 원고 주장과 같은 사정 또한 과세관청의 공적 견해의 표명이라고 볼 수 없다.",
            "제반 사정을 종합하여 보면, 이 사건 처분이 신뢰보호원칙에 반한다고 볼 수 없으므로, 원고의 이 부분 주장도 이유 없다. ",
            "펀드를 운용함에 있어 투자자금 및 투자자산의 효율적인 관리, 운용을 위하여 000와 같은 투자지주회사의 필요성을 부인할 수 없고, 투자지주회사를 통한 투자에 있어서 실질적인 자금의 출처, 투자 및 자산관리 행위의 실제 담당자, 투자 수익의 종국적인 귀속을 문제삼아 함부로 거래관계를 재구성할 수는 없다.",
            "하지만, 투자대상국인 우리나라나 000 아시아 투자자들의 실제 거주지국과는 무관한 벨기에 등에 여러 단계의 투자지주회사를 설립하여 투자지배구조를 복잡하게 하는 것은 위와 같은 투자의 효율적인 관리, 운용을 위한 것이라기보다는 000 아시아가 설정 당시부터 주도면밀하게 계획한 조세회피 방안에 따른 것이어서 그 필요성에도 불구하고 위와 같은 투자지주회사들을 조세회피를 위하여 사용된 명목상의 회사라고 볼 수밖에 없다.",
            "또한 000는 각 사원들이 회사의 채권자들에 대하여 각자가 000(000)의 설립을 위하여 출자한 금액을 한도로 하여 유한책임만을 지면서 동시에 000(000)에서는 인정되지 않는, 000의 사원과 동일한 정도의 경영에 대한 적극적 참여를 보장해주는 사업체로서 법인이다. ",
            "하지만 세제상으로는 법인이 아닌 Partnership으로 분류되고, 미국의 경우 Partnership에 대하여 그 자체에 세금이 부과되지 않고 그 Partner에게 그들의 지분에 해당하는 배당에 대한 소득세만이 부과된다.",
            "000 아시아는 펀드 운영의 전문성을 보유하고 펀드의 일상업무를 집행하며 무한책임을 지는 무한책임사원(General Partner)과, 펀드 운영에 적극적으로 관여하지 않는 소극적 투자자로서 투자한도 내에서만 책임을 지는 유한책임사원(Limited Partner)으로 구성되어 있고, 고유한 투자목적을 가지고 자금을 운용하면서 구성원인 사원들과는 별개의 재산을 보유하고 고유의 사업활동을 하는 영리 목적의 단체이다.",
            "구성원의 개인성이 강하게 드러나는 인적 결합체라기보다는 구성원의 개인성과는 별개로 권리, 의무의 주체가 될 수 있는 독자적 존재로서의 성격을 가지고 있으므로, 합유를 전제로 모든 조합원이 무한책임을 지는 우리 민법상의 조합과는 본질적으로 다른 법적 성격을 갖고 있고, 비록 유한책임사원의 지분 양도와 관련하여 다소 차이가 있다고는 하나 그 기본적인 구조가 우리 상법상의 합자회사와 유사하다고 판단된다.",
            "따라서 우리 법상 합자회사와 가장 유사한 원고는 우리 법인세법상 외국법인으로 보아 법인세 과세대상이 된다고 봄이 타당하다."
        ]
    },
    "close": {
        "cnclsns": [
            "우리나라와 벨기에 등 거주지국 사이의 조세조약에 의하여 조세가 비과세되어야 한다는 원고의 주장은 이유 없고, 오히려 앞서 본 바와 같이 실질과세원칙에 따라 이 사건 주식양도소득의 실질적 귀속자는 000 아시아 및 000의 주주인 000, 000, 000라 할 것인데, 000 아시아의 거주지인 케이만군도 및 000의 거주지인 홍콩과 우리나라는 조세조약이 체결되어 있지 아니하므로 000 아시아 및 000에 대해서는 국내법에 따라 과세권을 행사할 수 있다.",
            "따라서, 피고가 이 사건 주식양도소득에 대하여 국내법에 따라 이 사건 처분을 한 것은 적법하고, 그것이 비례의 원칙이나 신뢰보호원칙에 반한다고 볼 수 없으므로, 원고의 청구는 이유 없어 이를 기각한다."
        ]
    }
}