{
    "info": {
        "caseField": "3",
        "detailField": "5",
        "trailField": "2",
        "caseNm": "법인세 부과처분 취소",
        "courtNm": "대구고등법원",
        "judmnAdjuDe": "2010. 08. 13.",
        "caseNo": "2009누2291",
        "relateLaword": [
            "법인세법 제28조",
            "법인세법 시행령 제53조",
            "법인세법 제52조",
            "법인세법 시행령 제88조",
            "상법 제341조",
            "국세기본법 제81조의3",
            "국세기본법 시행령 제63조의2",
            "국세기본법 제81조의4"
        ],
        "qotatPrcdnt": [
            "대법원 2004. 2. 13. 선고 2002두11479 판결 ",
            "대법원 2002. 9. 4. 선고 2001두7268 판결",
            "대법원 2006. 6. 2. 선고 2004두12070 판결"
        ]
    },
    "concerned": {
        "acusr": "2",
        "dedat": "3"
    },
    "org": {
        "orgJdgmnCourtNm": "대구지방법원 ",
        "orgJdgmnAdjuDe": "2009. 10. 28.",
        "orgJdgmnCaseNo": "2008구합1810"
    },
    "disposal": {
        "disposalform": "10",
        "disposalcontent": [
            "원고 및 피고의 항소를 모두 기각한다.",
            "항소비용은 각자 부담한다.",
            "피고고가 원고가 이 사건 교환사채를 취득한 것에 대하여 원고가 특수관계자인 대성산업에 업무와 관련 없이 자금을 대여한 것으로 보아 이 사건 처분을 한 것은 적법하고, 이와 다른 원고의 이 부분 주장은 이유가 없다."
        ]
    },
    "mentionedItems": {
        "rqestObjet": [
            "피고가 원고에 대하여, 2006. 8. 16.자로 한 2001사업연도 법인세 1,742,751,460원, 2002사업연도 법인세 1,599,566,420원, 2003사업연도 법인세 765,349,120원, 2006. 6. 1.자로 한 2004사업연도 법인세257,216,860원의 각 부과처분을 취소한다.",
            "제1심 판결 중 원고 패소부분을 취소한다. ",
            "피고가 원고에 대하여, 2006. 8. 16.자로 한 2002사업연도 법인세 1,599,566,420원, 2003사업연도 법인세 765,349,120원, 2006. 6. 1.자로 한 2004사업연도 법인세 257,216,860원의 각 부과처분을 취소한다. ",
            "제1심 판결 중 피고 패소부분을 취소하고, 위 취소부분에 해당하는 원고의 청구를 기각한다."
        ]
    },
    "assrs": {
        "acusrAssrs": [
            "이 사건 교환사채의 취득은 주식의 매매로서 이 사건 교환사채 취득시 주고받은 금전 거래는 금전의 소비임치에 해당하고 이를 두고 법인의 업무와 관련 없는 자금의 대여로 볼 수 없으므로, 이를 전제로 한 이 사건 처분은 위법하다.",
            "2002년 대구지방국세청에서 실시한 조사는 원고의 1999사업연도에 대한 법인제세 통합조사를 한 것으로서 이 사건 교환사채 취득에 관하여 원고에 대한 세무조사를 실시하지 아니하였다.",
            "대구지방국세청은 2002. 4.부터 같은 해 5.까지 원고의 1999사업연도에 대한 법인세 세무조사를 하면서 2001사업연도의 이사건 교환사채의 취득에 대하여도 조사를 하였고, 2002. 9. 14. 국세청 감사관실에서 북대구세무서 감사시에도 위 쟁점이 다시 검토되었으나 정당한 것으로 인정되었다.",
            "그런데, 그 후 2005.경 서울지방국세청에서 00그룹에 대한 주식변동조사를 하면서이 사건 교환사채의 취득에 대하여 다시 조사를 하고 이 사건 처분을 하였는바, 이는 동일 쟁점에 대한 중복조사이므로 이러한위법한 중복조사에 기초하여 이루어진 이 사건 처분은 위법하다."
        ],
        "dedatAssrs": [
            "원고가 특수관계법인인 000이 발행한 이 사건 교환사채를 매입한 것은 원고의 사주인 소외 4가 원고의 경영권 확보를 위하여 업무와 관련 없이 변칙적으로 자금을 지원한 것이고, 부당행위계산부인 대상이 되므로, 이를 전제로 한 이 사건 처분은 적법하다.",
            "2002년 대구지방국세청에서 실시한 조사는 원고의 1999사업연도에 대한 법인제세 통합조사를 한 것으로서 이 사건 교환사채 취득에 관하여 원고에 대한 세무조사를 실시하지 아니하였다.",
            "그리고, 이 사건 쟁점에 대하여 2003년 서울지방국세청에서 000(이하 'OOO' 라고 한다)에 대하여 법인세를 부과하여 완납한 점, 2004. 7.경 00그룹의 2002년도분 주식이동조사를 하면서 특수관계자 사이에 이루어진 이 사건 교환사채 인수자료를 인터넷관련 사이트에서 획득하여 조세탈루 혐의에 대하여 서면검토가 이루어졌다.",
            "그리고 서울지방국세청장의 주식이동조사 결과 원고에 대하여 2001사업연도 내지 2004사업연도에 걸쳐 법인세가 부과된 점 등으로 볼 때, 이는 중복조사의 예외적 허용사항인 조세탈루의 혐의를 인정할 만한 명백한 자료가 있는 경우 및 2이상의 사업연도와 관련하여 잘못이 있는 경우에 해당한다고 할 것이므로, 이 사건 처분은 중복조사금지원칙에 위반한 처분이 아니다."
        ]
    },
    "facts": {
        "bsisFacts": [
            "서울지방국세청장은 2005. 10. 27.부터 2006. 3. 17.까지 000(이하 'OOO' 이라고 한다)에 대한 주식변동조사를 실시하였다.",
            "그 결과, 원고가 특수관계법인인 000이 보유한 원고의 주식 1,800,000주(이하 이 사건 주식 이라고 한다)를 취득하기 위하여 2001. 6. 7. 000이 발행한 교환사채(발행가액 540억 원, 주당 30,000원, 교환주식 이 사건 주식, 이하 '이 사건 교환사채' 라고 한다)를 연 단리 8%의 이자율로 인수한 것은 특수관계자에게 업무와 관련 없이 자금을 대여한 것이라고 보았다.",
            "그리고, 인수자금 관련 차입금의 지급이자 9,488,351,596원을 손금부인함과 동시에 특수관계자에게 금전을 대여하면서 인정이자율보다 부당하게 낮은 이자율로 대여하여 조세의 부담을 부당히 감소시킨 것으로 보아 인정이자 1,852,183,562원을 익금산입하고 피고에게 과세자료로 통보하였다.",
            "피고는 위 과세자료 통보에 따라 원고에게, 2006. 6. 1.자로 2001사업연도 법인세 2,155,235,480원, 2002사업연도 법인세 1,679,447,360원, 2003사업연도 법인세 799,170,180원, 2004사업연도 법인세 257,216,860원을 각 경정·고지하였다.",
            "피고는 2006. 8. 16.자로 다른 사유에 의해 2001사업연도 법인세 160,907,025원, 2002사업연도 법인세 1,018,877,280원, 2003사업연도 법인세 1,236,830,869원을 각 증액경정·고지하였다.",
            "그리고 2006. 8. 31.자로 손금부인하였던 이 사건 교환사채 인수자금 관련 차입금의 지급이자액을 일부 감액하여 2001사업연도 법인세 412,484,010원, 2002사업연도 법인세 79,880,930원, 2003사업연도 법인세 33,821,050원을 각 감액경정·고지하였다.",
            "위와 같이 증액되었다가 감액되고 남은 2001, 2002, 2003사업연도 각 법인세 중 원고가 다투는 2001사업연도 법인세 1,742,751,460원, 2002사업연도 법인세 1,599,566,420원, 2003사업연도 법인세 765,349,120원 및 2004사업연도 법인세 257,216,860원의 각 부과처분을 이 사건 처분 이라고 한다.",
            "원고는 이에 불복하여 2006. 9. 11. 조세심판원에 심판청구를 하였으나, 조세심판원은 2008. 4. 25. 심판청구를 기각하였다.",
            "000의 창업자인 소외 1이 사망하자 000은 2001. 5. 29. 이사회를 통해 000 계열은 소외 1의 장남인 소외 2가, 000 계열은 차남인 소외 3이, 원고 계열은 삼남인 소외 4가 각각 맡기로 합의하고, 000과 관련된 경영권 분쟁을 종식시키기로 하였다.",
            "위 합의시 체결한 주식교환거래원칙에 의하면, 소외 2는 원고의 주식을 주당 30,000원에 소외 4 또는 소외 4가 관할하는 법인에 매각하여야 하는 것으로 되어 있다.",
            "000은 2001. 6. 7. 한국증권거래소 주권 상장법인인 원고에게 원고의 보통주 180만주(전체발행주식수의 62.9%)와 1:1로 교환할 수 있는 권리가 부여된 액면가 540억 원(주당 교환가액 30,000원×180만주)인 이 사건 교환사채(당시 한국증권거래소 종가는 주당 17,700원)를 다음과 같은 내용으로 발행하였고, 원고는 이를 취득하였다.",
            "원고는 2001. 6. 26.경 무기명식 이권부 무보증사채(발행금액: 5백억 원, 이자율: 6%, 기간: 3년)를 공모형식으로 발행하여 운영자금을 조달하였다.",
            "원고는 2002. 12. 28. 원고와 특수관계자인 000 및 000에 이 사건 교환사채 중 77만주(취득금액 231억 원)를 240억 원에, 2003. 3. 10. 우리사주조합에 10만주(취득금액 30억 원)를 31억 원에, 2004. 6. 2. 본드원 주식회사 등에 93만주(취득금액 279억 원)를 279억 원에 각 양도하였고, 위 양수인들은 이 사건 교환사채를 주식 (주당 31,122원)으로 전환하였다.",
            "000의 주식 1,840,816주를 보유하고 있던 000은 2001. 6. 7. 000의 보통주를 주당 교환가격 25,000원(당일 종가 16,600원)으로 하여 교환사채를 발행하고, 000는 위 교환사채를 전액 취득하였는데, 서울도시가스는 2003. 11.경 실시된 서울지방국세청의 세무조사시 위 거래에 대하여 특수관계법인에 대한 업무무관 대여금이라는 이유로 법인세를 경정·고지받고 이를 전액 납부하였다.",
            "대구지방국세청은 2002. 4. 3.부터 2002. 5. 15.까지 사이에 원고에 대하여 원고의 1999사업연도에 대한 법인제세 통합조사(이하 ‘제1차 세무조사’라고 한다)를 실시하면서 2001사업연도의 이 사건 교환사채 취득거래도 조사하였는데, 이 사건 교환사채의 취득에 관하여는 별다른 문제점을 지적한 바 없이 2002. 5. 21. 2001사업연도에 대한 법인세 과세표준금액 및 세액경정결의가 이루어졌다.",
            "2002. 9. 2. 대구지방국세청 감사관실의 북대구세무서 감사시 원고에게 이 사건 교환사채 취득과 관련한 계약서 사본과 취득경위 및 취득목적 등을 소명하도록 요구한 바 있었다. ",
            "그리고, 서울지방국세청장은 2005. 10. 27.부터 2006. 3. 17.까지 사이에 000에 대한 주식변동조사를 하면서 원고에 대하여 원고의 2001사업연도 내지 2004사업연도에 대한 세무조사(이하 '제2차 세무조사'라고 한다)를 실시하고 이 사건 교환사채 취득거래에 관하여 조사하였다."
        ]
    },
    "dcss": {
        "courtDcss": [
            "위 규정상의 지급이자 손금불산입의 대상기준인 업무와 관련 없이 지급한 가지급금 에는 순수한 의미의 대여금은 물론 채권의 성질상 대여금에 준하는 것도 포함되고, 특수관계에 있는 자로부터 적정한 이자율에 따른 이자를 받으면서 가지급금을 제공한 경우도 포함되며, 이때 가지급금의 업무관련성 여부는 당해 법인의 목적사업이나 영업내용 등을 기준으로 객관적으로 판단하여야 한다( 대법원 2004. 2. 13. 선고 2002두11479 판결 등 참조).",
            "부당행위계산이라 함은 납세자가 정상적인 경제인의 합리적 거래형식에 의하지 아니하고 우회행위, 다단계행위 그 밖의 이상한 거래형식을 취함으로써 통상의 합리적인 거래형식을 취할 때 생기는 조세의 부담을 경감 내지 배제시키는 행위계산을 말한다.",
            "그리고 법인세법 제52조에서 부당행위계산 부인 규정을 둔 취지는 법인과 특수관계에 있는 자와의 거래가 법인세법시행령 제88조 제1항 각 호에 정한 제반 거래형태를 빙자하여 남용함으로써 경제적 합리성을 무시하였다고 인정되어 조세법적인 측면에서 부당한 것으로 보일 때 과세권자가 객관적으로 타당하다고 인정되는 소득이 있었던 것으로 의제하여 과세함으로써 과세의 공평을 기하고 조세회피행위를 방지하고자 하는 것이다.",
            "그리고 경제적 합리성의 유무에 대한 판단은 제반 사정을 구체적으로 고려하여 그 거래행위가 건전한 사회통념이나 상관행에 비추어 경제적 합리성을 결한 비정상적인 것인지의 여부에 따라 판단하여야 한다( 대법원 2002. 9. 4. 선고 2001두7268 판결 등 참조).",
            "원고가 특수관계법인인 대성산업이 발행한 이 사건 교환사채를 매입한 것은 경제적인 합리성을 일탈하여 특수관계자에게 업무와 관련 없이 자금을 지원한 것으로서 원고의 사주인 소외 4가 원고의 경영권을 승계하도록 하기 위한 변칙거래라고 할 것이다.",
            "따라서, 피고가 원고가 이 사건 교환사채를 취득한 것에 대하여 원고가 특수관계자인 대성산업에 업무와 관련 없이 자금을 대여한 것으로 보아 이 사건 처분을 한 것은 적법하다.",
            "국세기본법 제81조의3 제2항 및 같은 법 시행령 제63조의2 각호에 규정된 예외적인 사유에 해당하는 경우가 아니면 중복세무조사는 허용되지 않는다 할 것이다. ",
            "다만, 자료상혐의자료, 위장가공자료, 범칙조사 파생자료 중 세무조사에 의하지 아니하고 단순사실 확인만으로 처리할 수 있는 업무, 세무조사 과정에서 실시하는 납세자의 거래처 또는 거래상대방에 대한 사실여부 확인, 민원처리 등을 위한 현지출장·확인이나 탈세제보자료, 과세자료 등의 처리를 위한 일회성 확인업무 등의 현지확인은 중복세무조사금지원칙에 따라 금지되어야 하는 조사에 해당되지는 않는다.",
            "대구지방국세청장의 제1차 세무조사와 서울지방국세청장의 제2차 세무조사가 세무조사에 착수하게 된 동기 내지는 계기가 다르다 해도 그 세무조사의 세목과 기간이 중첩되는 ‘2001사업연도’에 대한 제2차 세무조사는 중복세무조사에 해당한다.",
            "이 사건에 관하여 살피건대, 서울지방국세청장이 원고에 대하여 조사대상기간인 2001사업연도 내지 2004사업연도 에 대한 제2차 세무조사를 하면서 이 사건 교환사채 취득이 업무무관 대여금에 해당한다는 점을 발견하였다고 하더라도, 이로 인한 지급이자 손금불산입 및 인정이자 익금산입으로 인한 세무조정이 각 사업연도별로 분리될 수 있다.",
            "그런 이상, 제1차 세무조사의 대상기간인 2001사업연도 의 기간에 대하여 중복하여 세무조사를 할 수는 없는 것이므로 제2차 세무조사는 위 조항이 정한 예외사유에 해당하지 않는다.",
            "서울지방국세청에서 000에 대하여 법인세를 부과하여 전액 납부한 점 및 을 제13호증의 1 내지 3의 각 기재만으로는 제2차 세무조사가 조세탈루의 혐의를 인정할 만한 명백한 자료가 있는 경우 라고 인정하기에 부족하고 달리 이를 인정할 증거도 없으므로 제2차 세무조사는 위 조항이 정한 예외사유에도 해당하지 않는다.",
            "중복조사금지원칙은 납세자의 영업의 자유 및 프라이버시 침해 방지 및 자의적인 세무조사에 대한 사전적 통제를 통하여 납세자의 권리를 절차적인 측면에서 보장함을 목적으로 하고 있는 점에 비추어, 중복조사금지원칙에 위배한 세무조사에 기초하여 이루어진 과세처분은 위법하다고 할 것이다( 대법원 2006. 6. 2. 선고 2004두12070 판결 취지 참조).",
            "따라서 제2차 세무조사가 국세기본법 제81조의4 제2항 및 같은 법 시행령 제63조의2의 규정에서 금지하고 있는 중복세무조사에 해당한다는 원고의 주장은 제2차 세무조사 중 제1차 세무조사의 세목과 기간이 중첩되는 2001사업연도 부분의 범위 내에서 이유 있다."
        ]
    },
    "close": {
        "cnclsns": [
            "원고 및 피고의 항소를 모두 기각한다.",
            "항소비용은 각자 부담한다."
        ]
    }
}