{
    "info": {
        "caseField": "3",
        "detailField": "5",
        "trailField": "2",
        "caseNm": "법인세 등 부과처분취소",
        "courtNm": "서울고등법원",
        "judmnAdjuDe": "2010. 07. 08.",
        "caseNo": "2009누32217",
        "relateLaword": [
            "행정소송법 제8조",
            "민사소송법 제420조 "
        ],
        "qotatPrcdnt": [
            "서울남부지방법원 2005타채9503, 9504호"
        ]
    },
    "concerned": {
        "acusr": "2",
        "dedat": "3"
    },
    "org": {
        "orgJdgmnCourtNm": "서울행정법원 ",
        "orgJdgmnAdjuDe": "2009. 9. 10. ",
        "orgJdgmnCaseNo": "2008구합47647"
    },
    "disposal": {
        "disposalform": "10",
        "disposalcontent": [
            "원고의 항소를 기각한다.",
            "항소비용은 원고가 부담한다.",
            "이 사건 어음공증에 의한 집행은 매매대금 중 이 사건 상가로 대물변제하기로 한 약정의 불이행에 따른 것으로 인정될 뿐이고, 계약금 18억 5천만 원의 충당 약정이 실효된 것을 전제로 이를 지급받기 위한 것이라거나 미지급 매매잔금5천만 원이 위 채권압류 추심명령을 통하여 변제되었다는 원고의 주장은 이를 인정할 아무런 증거가 없다."
        ]
    },
    "mentionedItems": {
        "rqestObjet": [
            "제1심 판결을 취소한다.",
            "피고가 2006. 8. 13. 원고에 대하여 한 2004 사업년도 법인세 1,562,380,900원의 부과처분을 취소한다."
        ]
    },
    "assrs": {
        "acusrAssrs": [
            "원고는 위 압류된 재산을 더 이상 임의로 처분할 수 없게 됨으로써 그로 인한 자산의 감소는 현실적인 집행 여부에 상관없이 손비에 해당한다고 할 것이니, 이 사건 부과처분 중 위 13억 원 상당을 손금불산입한 데 따른 부분은 위법하다."
        ],
        "dedatAssrs": [
            "원고가 000부터 지급받은 계약금 18억 5천만 원과 잔금 5천만 원을 합한 19억 원을 손금불산입한 것은 정당하다."
        ]
    },
    "facts": {
        "bsisFacts": [
            "서울지방국세청장은 2006. 1. 18.부터 2006. 5. 26.까지 원고에 대한 세무조사를 실시하여 다음과 같이 1 토지원가 과다계상분 4,858,861,430원 손금불산입, 2 분양수입 신고누락분 130,000,000원 및 분양수입 지연계상분에 대한 가지급금 인정이자 61,049,269원 익금산입, 3 반환받은 지급수수료 130,000,000원 손금불산입 등을 확인하였다.",
            "그리고, 원고의 2002, 2003, 2004 사업연도의 수입금액 및 대응원가를 분양률 및 공사 진행률로 재계산한 사항, 가공자산계상 사항, 잡손실 과다계상 사항, 기타 익금누락 및 비용 과다계상 사항 등을 각 사업연도 소득금액 계산 시 익금 및 손금에 산입하도록 하는 등의 과세자료를 피고에게 통보하였다.",
            "그리고, 피고는 이러한 통보에 따라 아래와 같이 원고의 2002, 2003, 2004 사업연도의 법인세 과세표준 및 세액을 경정하여 2006. 8. 13. 원고에게 2004 사업연도 법인세 1,927,838,310원을 결정·고지하였다(2002, 2003 사업연도는 고지세액 없음).",
            "원고는 이에 불복하여 2006. 11. 8. 국세심판원에 심판청구를 하였고, 국세심판원은 2008. 8. 29. 피고가 2002 사업연도 가공자산(토지원가 과다계상분)으로 손금불산입한 금액 중 100,000,000원(당초 소외 1 등에 대한 미지급금을 2,000,000,000원으로 보아 이를 손금불산입하였다.",
            "그러나 실제 미지급한 것으로 확인된 금액은 1,900,000,000원이라고 판단하여 그 차액인 100,000,000원을 토지원가로 추가 손금산입), 2003 사업연도에 잡손실 과다계상으로 손금불산입한 금액 중 860,000,l000원을 각각 익금에서 제외하여 2002, 2003, 2004 사업연도의 과세표준 및 세액을 경정하고, 나머지 청구는 기각한다고 결정하였다.",
            "피고는 국세심판원의 결정에 따라 아래와 같이 원고의 2002, 2003, 2004 사업연도까지의 법인세 과세표준 및 세액을 경정하여 2008. 10. 20. 원고에게 2004 사업연도 법인세를 1,562,380,900원으로 365,457,412원 감액하여 고지하였다(이하 위와 같이 감액되고 남은 세액에 대한 2004 사업연도 법인세 부과처분을 이 사건 부과처분 이라 한다)."
        ]
    },
    "dcss": {
        "courtDcss": [
            "제1심 판결의 이유는 타당하므로 행정소송법 제8조 제2항, 민사소송법 제420조 본문에 의하여 이 판결의 이유로 인용한다. 다만, 원고가 항소심에서 추가로 주장한 사항에 대한 판단을 아래 2항에서 부기한다.",
            "이 사건 어음공증에 의한 집행은 매매대금 중 이 사건 상가로 대물변제하기로 한 약정의 불이행에 따른 것으로 인정될 뿐이고, 계약금 18억 5천만 원의 충당 약정이 실효된 것을 전제로 이를 지급받기 위한 것이라거나 미지급 매매잔금 5천만 원이 위 채권압류 추심명령을 통하여 변제되었다는 원고의 주장은 이를 인정할 아무런 증거가 없다.",
            "그러므로 피고가 이 사건 처분을 하면서 위 18억 5천만 원과 잔금 5천만 원을 합한 19억 원을 손금불산입한 것은 정당하다."
        ]
    },
    "close": {
        "cnclsns": [
            "원고의 항소를 기각한다.",
            "항소비용은 원고가 부담한다."
        ]
    }
}