{
    "info": {
        "caseField": "3",
        "detailField": "5",
        "trailField": "2",
        "caseNm": "보상금 증액",
        "courtNm": "서울고등법원",
        "judmnAdjuDe": "2010. 04. 22.",
        "caseNo": "2009누31801",
        "relateLaword": [
            "공익사업을 위한 토지 등의 취득 및 보상에 관한 법률 시행령 제14조",
            "공익사업을 위한 토지 등의 취득 및 보상에 관한 법률 제30조"
        ],
        "qotatPrcdnt": [
            "대법원 1997. 10. 24. 선고 97다31175 판결",
            "대법원 1995. 9. 15. 선고 93누20627 판결",
            "대법원 1993. 7. 13. 선고 93누2902 판결"
        ]
    },
    "concerned": {
        "acusr": "1",
        "dedat": "2"
    },
    "org": {
        "orgJdgmnCourtNm": "수원지방법원",
        "orgJdgmnAdjuDe": "2009. 9. 16. ",
        "orgJdgmnCaseNo": "2008구합9936"
    },
    "disposal": {
        "disposalform": "2",
        "disposalcontent": [
            "당심에서 변경된 원고의 청구를 포함하여 제1심 판결을 다음과 같이 변경한다.",
            "피고들은 각자 원고들에게 별지 보상금 목록  항소심 청구금액 란 기재 각 해당 금원 및 위 각 금원 중 같은 목록  보상금 차액 란 기재 각 해당 금원에 대하여 2008. 10. 22.부터 2009. 9. 16.까지는 연 5%, 그 다음날부터 다 갚는 날까지는 연 20%의각 비율로 계산한 금원을 각 지급한다.",
            "소송총비용 중 50%는 원고들이, 나머지 50%는 피고들이 부담한다.",
            "제1항의 금원지급부분은 가집행할 수 있다"
        ]
    },
    "mentionedItems": {
        "rqestObjet": [
            "피고들은 각자 원고들에게 별지 보상금 목록  항소심 청구금액 란 기재 각 해당 금원 및 위 각 금원 중 같은 목록  보상금 차액 란 기재 각 해당 금원에 대하여 2008. 10. 22.부터 2009. 9. 16.까지는 연 5%, 그 다음날부터 다 갚는 날까지는 연 20%의각 비율로 계산한 금원을 각 지급한다.",
            "제1심 판결을 청구취지 기재와 같이 변경한다(원고들은 제1심 판결에서 패소한 부분에 대해서는 항소를 하지 않고, 항소를 하면서 청구를 일부 감축, 일부 확장하였는바, 청구를 확장한 범위 내에서 부대항소를 한 것으로 본다). ",
            "제1심 판결 중 피고들 패소부분을 취소하고, 그 부분에 해당하는 원고들의 청구를 모두 기각한다."
        ]
    },
    "assrs": {
        "acusrAssrs": [
            "재결감정인은 이 사건 지장물의 대지와 건물을 따로 평가하지 않은 잘못이 있으며, 그 평가액도 과소하다.",
            "피고들은 원고들에게 공익사업법 제30조 제3항에 따른 지연가산금을 지급하여야 한다."
        ],
        "dedatAssrs": [
            "이 사건 소 중 재결보상금에 대한 지연가산금 청구부분의 소는 제소기간을 지키지 못하였으므로 부적법하다."
        ]
    },
    "facts": {
        "bsisFacts": [
            "사업승인 및 고시",
            "경제자유구역 개발사업(0000 000 22차〉)",
            "2006. 12. 5. 재정경제부 고시 제2006-53호",
            "사업시행자 : 피고들",
            "000회의 2008. 8. 28.자 수용재결",
            "수용·이전대상 : 별지 지장물 목록 기재와 같다).",
            "수용개시일 : 2008. 10. 21.",
            " - 손실보상금 : 별지 보상금 목록 '수용재결금액' 란 기재와 같다. ",
            "감정평가법인 : 000, 000(이하 원고 7, 13, 22를 제외한 나머지 원고들에 대하여 '재결감정인' 이라 한다)",
            "000의 원고 7, 13, 22(이하 '원고 7 등' 이라 한다)에 대한 2009. 2. 26.자 이의재결",
            "원고 7 등이 이의신청을 하자 그들에 대한 손실보상금을 별지 보상금 목록 '이의재결금액 '란 기재와 같이 증액",
            "감정평가법인 : 000, 000(이하 원고 7 등에 대하여 '재결감정인' 이라 한다)"
        ]
    },
    "dcss": {
        "courtDcss": [
            "지연가산금은 수용보상금에 대한 법정 지연손해금의 성격을 갖는 것이므로 이에 대한 불복은 수용보상금에 대한 불복절차에 의함이 상당할 뿐 아니라 공익사업을 위한 토지 등의 취득 및 보상에 관한 법률(이하 '공익사업법' 이라 한다) 시행령 제14조는 지연가산금을 수용보상금과 함께 수용재결로 정하도록 규정하고 있으므로, 지연가산금에 대한 불복은 수용보상금의 증액에 관한 소에 의하여야 한다( 대법원 1997. 10. 24. 선고 97다31175 판결 참조).",
            "특별한 사정이 없는 한, 이의신청의 효력은 수용재결 전체에 미치며, 토지수용에 관한 행정소송에 있어서는 이의재결의 고유한 위법사유뿐만 아니라 이의신청사유로 삼지 아니한 수용재결의 하자도 주장할 수 있으므로( 대법원 1995. 9. 15. 선고 93누20627 판결 등 참조), 원고 7 등이 수용재결에 대한 이의신청 당시 지연가산금 부분에 대해 다투지 않았더라도, 보상금의 증감을 구하는 이 사건 소로써 지연가산금을 청구할 수 있다.",
            "을 제3, 8호증(가지번호 포함)의 각 기재와 제1심 법원의 감정인 소외 1(대법원판결의 소외인)에 대한 감정촉탁결과(사실조회결과 포함, 이하 '법원감정' 이라 한다)에 변론 전체의 취지를 종합하면, 재결감정인과 법원감정인은 이 사건 지장물을 평가하였다.",
            "그런데 제반 가격형성요인과 동일수급권 내 유사물건의 정상적인 거래가격 등을 참작함과 아울러 집합건물의 경우 일반적으로 토지와 건물이 함께 거래되는 관행을 고려하여 공익사업법 시행규칙 제20조 제1항 단서에 따라 집합건물인 이 사건 지장물을 대지와 건물로 나누어 평가하지 않고 일괄평가한 사실을 인정할 수 있는바, 이에 의하면 재결감정인과 법원감정인의 평가방법에 어떠한 위법사유가 있다고 할 수 없다.",
            "법원감정에 따르면, 이 사건 지장물에 대한 정당한 보상금은 별지 보상금 목록 법원감정금액 란 기재와 같으므로, 피고들은 각자 원고들에게 정당한 보상금과 재결보상금의 차액인 같은 목록 보상금 차액 란 기재 해당 금원과 이에 대한 지연손해금을 각 지급할 의무가 있다.",
            "피고들은 원고들에게 공익사업법 제30조 제3항에 따라 수용재결보상금에 대하여 위 협의기간 만료일로부터 60일이 경과한 날인 2007. 11. 7.부터 수용재결신청일인 2008. 1. 29.까지 소송촉진 등에 관한 특례법이 정한 연 20%의 비율로 계산한 지연가산금(금액은 별지 보상금 목록 '지연가산금 계산결과' 란 기재와 같다)을 각 지급할 의무가 있다.",
            "원고들이 사업인정고시가 있은 뒤 협의가 성립되지 아니하여 피고들에게 재결신청을 청구한 이상, 설령 피고들이 협의기간을 임의로 연장하였더라도, 피고들로서는 재결신청 청구일 이후로서 당초의 협의기간 만료일인 2007. 9. 7.부터 60일 이내에 재결을 신청하여야 하고, 그렇지 못한 경우 위 60일이 경과한 날부터의 지연가산금을 지급할 의무가 있다.",
            "피고들은 각자 원고들에게 별지 보상금 목록 '항소심 청구금액' 란 기재 해당 금원(같은 목록 '보상금 차액' 란 기재 해당 금원과 '지연가산금 계산결과' 란 기재 해당 금원의 합계)을 지급할 의무가 있다.",
            "그리고 그 중 같은 목록 '보상금 차액' 란 기재 해당 금원에 대하여 수용개시일 다음날인 2008. 10. 22.부터 피고들이 그 이행의무의 존부와 범위에 관하여 항쟁함이 상당하다고 인정되는 제1심 판결 선고일인 2009. 9. 16.까지는 민법이 정한 연 5%, 그 다음 날부터 다 갚는 날까지는 소송촉진 등에 관한 특례법이 정한 연 20%의 각 비율로 계산한 지연손해금을 각 지급할 의무가 있다."
        ]
    },
    "close": {
        "cnclsns": [
            "당심에서 변경된 원고의 청구를 포함하여 제1심 판결을 다음과 같이 변경한다.",
            "피고들은 각자 원고들에게 별지 보상금 목록 '항소심 청구금액' 란 기재 각 해당 금원 및 위 각 금원 중 같은 목록 '보상금 차액' 란 기재 각 해당 금원에 대하여 2008. 10. 22.부터 2009. 9. 16.까지는 연 5%, 그 다음날부터 다 갚는 날까지는 연 20%의 각 비율로 계산한 금원을 각 지급하라.",
            "소송총비용 중 50%는 원고들이, 나머지 50%는 피고들이 부담한다.",
            "제1항의 금원지급부분은 가집행할 수 있다."
        ]
    }
}