{
    "info": {
        "caseField": "3",
        "detailField": "5",
        "trailField": "2",
        "caseNm": "법인세부과처분취소",
        "courtNm": "서울고법",
        "judmnAdjuDe": "2010. 04. 08.",
        "caseNo": "2009누29532",
        "relateLaword": [
            "구 법인세법 제25조",
            "구 법인세법 제24조"
        ],
        "qotatPrcdnt": [
            "대법원 2004. 4. 9. 선고 2003두7804 판결",
            "대법원 2008. 7. 10. 선고 2007두26650 판결",
            "대법원2009. 6. 23. 선고 2008두7779 판결",
            "대법원 1992. 7. 14. 선고 91누11285 판결"
        ]
    },
    "concerned": {
        "acusr": "2",
        "dedat": "3"
    },
    "org": {
        "orgJdgmnCourtNm": "서울행법",
        "orgJdgmnAdjuDe": "2009. 8. 27. ",
        "orgJdgmnCaseNo": "2009구합2580"
    },
    "disposal": {
        "disposalform": "10",
        "disposalcontent": [
            "피고가 2007. 1. 10. 원고에 대하여 한 2005사업연도 귀속 법인세 672,752,600원의 부과처분 중 78,865,814원을 초과하는 부분을 취소한다.",
            "원고의 나머지 청구를 기각한다.",
            "소송총비용 중 10%는 원고가, 90%는 피고가 각 부담한다."
        ]
    },
    "mentionedItems": {
        "rqestObjet": [
            "제1심판결을 취소한다.",
            "피고가 2007. 1. 10. 원고에 대하여 한 2005사업연도 귀속 법인세 672,752,600원의 부과처분 중 51,163,140원을 초과하는 부분을 취소한다."
        ]
    },
    "assrs": {
        "acusrAssrs": [
            "000에게 위 20억 9천만 원에 대한 권리를 인정한 것은 정당한 사유가 있는 것이고, 그것이 채권포기에 해당한다고 하더라도 이를 세법상 접대비로 볼 수는 없는 것이므로, 이 사건 처분은 위법하다."
        ],
        "dedatAssrs": [
            "원고가 포기한 채권액 20억 9천만 원은 전액 법인세법상 접대비에 해당하므로 같은 전제에서 한 이 사건 처분은 정당하다."
        ]
    },
    "facts": {
        "bsisFacts": [
            "원고 1998. 12. 19. 유리제품 거래처인 통000(주)(이하 '통OOO' )와 대물변제약정(형식상 매매계약서를 작성, 이하 '이 사건 대물변제약정' ).",
            "원고의 통000에 대한 1998년도 매출채권 잔액 80억 원 내지 90억 원 중 39억 원으로 상계처리.",
            "토지 및 건물계정 : 합계4,089,213,960원(=이 사건 대지 1,017,712,319원, 이 사건 건물 381,704,400원, 이 사건 농지 2,689,797,241원)을 계상.",
            "000 의 2004. 12. 21. 수용 재결(이하 '이 사건 수용' ).",
            "이 사건 대물변제약정 당시 이 사건 농지 평가액 2,772,536,830원과 그에 대한 수용보상금 4,856,454,400원(이하 '이 사건 농지 보상금')의 차액 2,083,917,570원의 귀속에 관하여 분쟁이 발생.",
            "원고는 이 사건 농지 소유권을 주장, 통000는 담보가등기를 주장.",
            "이 사건 가등기 및 보상금 귀속에 관한 분쟁으로 이 사건 농지보상금은 2004. 12. 28. 소유자 불확지 공탁됨.",
            "통000가 이 사건 농지보상금 4,856,454,400원을 수령하여 그 중2,856,454,400원(=이사건대물변제약정당시평가액2,772,536,830원 + 부대비용83,917,570원)을 원고에게 지급하고 나머지 20억 원은 통000에게 귀속하되, 그중 10억 원은 즉시 원고에 대한 물품대금 채무변제에 사용.",
            "피고의 2007. 1. 10. 과세처분(이하 이 사건 처분 ).",
            "불복 : 2008. 10. 23. 원고의 심판청구 기각."
        ]
    },
    "dcss": {
        "courtDcss": [
            "접대비는 원활한 기업활동과 기업의 신장을 도모하기 위하여 필요한 경비로서 기업체의 영업규모와 비례관계에 있으므로 이를 엄격하게 해석하여야 할 것인바, 법인이 사업을 위하여 지출한 비용 가운데 상대방이 사업과 관련이 있고, 지출의 목적이 접대 등의 행위에 의하여 사업관계자들과의 사이에 친목을 두텁게 하여 거래관계의 원활한 진행을 도모하는 데 있는 것이라면, 그 비용은 위 법인세법에 규정한 접대비에 해당한다고 할 것이다.",
            "그러나 그렇지 않은 경우에는 이를 섣불리 접대비로 단정하여서는 아니된다( 대법원 2008. 7. 10. 선고 2007두26650 판결, 대법원 2009. 6. 23. 선고 2008두7779 판결 등 참조).",
            "따라서 이 사건에서 쟁점이 되는 채권의 포기 또는 000에 대한 권리의 인정이, 위와 같은 기준에서 볼 때 업무와 관련한 친목 도모 또는 원활한 거래관계의 지속을 위한 접대 등의 차원에서 이루어진 것이라면 법인세법상의 접대비에 해당한다고 할 것이지만, 그 포기에 이른 경위와 금액 등 제반사정에 비추어 객관적으로 정당한 사유가 있고 포기 내용이 상당하다고 인정되는 경우에는 쉽게 접대비로 인정할 것은 아니라고 할 것이다.",
            "앞에서 인정한 이 사건 분배약정에 이른 경위 등에 나타난 다음과 같은 여러 사정과 법인세법상 접대비에 관한 위 법리를 기초로 할 때, 이 사건 농지보상금 중 20억 원은 원고가 000와의 원활한 거래관계 지속 등을 위하여 자신의 권리를 임의로 포기한 것으로 보기는 어렵고, 달리 그와 같이 인정할 만한 다른 증거도 없다.",
            "오히려 위 인정과 같은 내용으로 이 사건 분배약정을 체결하고 이 사건 농지 보상금 중 20억 원 상당의 권리를 000에 귀속시키는 합의를 한 데에는 객관적으로 정당성을 인정할 만한 충분한 사정이 있고, 그 합의 금액도 상당한 정도를 넘지 아니한다고 할 것이므로 이를 접대비로 인정하기는 어렵다고 보인다.",
            "구 법인세법 제24조 제1항은 그 조항에서 규정한 지정기부금 외의 기부금은 당해 사업연도의 소득금액계산에 있어서 이를 손금에 산입하지 아니한다고 규정하고 있다. 그러나 위 기부금 은 타인에게 사업과 직접 관계없이 무상으로 지출하는 재산 증여의 가액을 말한다( 대법원 1992. 7. 14. 선고 91누11285 판결 등 참조).",
            "앞에서 인정한 사실을 종합해 보면, 원고가 이 사건 분배약정을 통하여 이 사건 농지에 대한 보상금 중 20억 원에 대하여 동신유리에게 권리를 인정한 것은 원고의 이 사건 농지에 대한 가등기권리자 및 근저당권자로서의 권리실현과 외상매출채권의 회수 등 업무와의 직접 관련성이 있는 것으로 인정될 뿐 아니라, 그 권리인정에 정당한 사유도 있다.",
            "피고가 이 사건 처분을 함에 있어 이 사건 승소금 9천만 원을 손금불산입한 부분은 적법하다.",
            "결국 피고가 이 사건 처분을 함에 있어 이 사건 화해비용 중 이 사건 농지 보상금 20억 원을 손금불산입한 것은 위법하고, 이 사건 승소금 9천만 원을 손금불산입한 것은 적법하다고 할 것이니, 이를 반영하여 원고에 대한 2005년도분의 정당한 법인세액을 산정하면, 별지 2 기재와 같이 78,865,814원이 된다."
        ]
    },
    "close": {
        "cnclsns": [
            "피고가 2007. 1. 10. 원고에 대하여 한 2005사업연도 귀속 법인세 672,752,600원의 부과처분 중 78,865,814원을 초과하는 부분을 취소한다.",
            "원고의 나머지 청구를 기각한다.",
            "소송총비용 중 10%는 원고가, 90%는 피고가 각 부담한다."
        ]
    }
}