{
    "info": {
        "caseField": "3",
        "detailField": "5",
        "trailField": "2",
        "caseNm": "시정명령 및 과징금 납부명령 취소",
        "courtNm": "서울고등법원",
        "judmnAdjuDe": "2010. 11. 24.",
        "caseNo": "2009누35186",
        "relateLaword": [
            "구 표시,광고의 공정화에 관한 법률 제2조",
            "구 표시,광고의 공정화에 관한 법률 제3조",
            "구 표시,광고의 공정화에 관한 법률 제7조",
            "표시,광고의 공정화에 관한 법률 시행령 제3조",
            "표시,광고의 공정화에 관한 법률 제3조"
        ],
        "qotatPrcdnt": [
            "대법원 2010. 7. 22. 선고 2007다59066 판결",
            "대법원 2003. 6. 27. 선고 2002두6965 판결"
        ]
    },
    "concerned": {
        "acusr": "2",
        "dedat": "3"
    },
    "org": {
        "orgJdgmnCourtNm": "",
        "orgJdgmnAdjuDe": "",
        "orgJdgmnCaseNo": ""
    },
    "disposal": {
        "disposalform": "10",
        "disposalcontent": [
            "피고가 2009. 10. 16. 의결 제2009-214호로 한 별지 1 목록 시정명령 및 과징금납부명령 중 원고 000, 000, 000에 대한 제1의 가항, 제2의 가항 기재 각 시정명령과 제3항 기재 과징금납부명령 및 원고들에 대한 제1의 나항, 제2의 나항 기재 각 시정명령을 취소한다.",
            "원고 000의 나머지 청구를 기각한다.",
            "소송비용 중 원고 000, 000, 000와 피고 사이에 생긴 부분은 피고의 부담으로 하고, 원고 000와 피고 사이에 생긴 부분은 그 1/2은 위 원고의, 나머지는 피고의 각 부담으로 한다."
        ]
    },
    "mentionedItems": {
        "rqestObjet": [
            " 피고가 2009. 10. 16. 의결 제2009ㅡ214호로 한 별지 1 목록 기재 각 시정명령 및 과징금납부명령을 취소한다."
        ]
    },
    "assrs": {
        "acusrAssrs": [
            "이 사건 광고는 그룹 인터넷 홈페이지에 게재된 것으로 이에 대한 운영·관리 및 비용부담의 주체는 원고 보람상조프라임이므로, 원고 보람상조프라임을 제외한 나머지 원고들은 이 사건 광고행위의 주체가 아니다.",
            "설령 원고들이 광고주체라 하더라도, 원고들은 소비자들에게 상조보증의 범위 및 보험약관 준수 여부를 오인하도록 광고한 사실이 없고, 객관적으로 보더라도 소비자들 입장에서 상조보증의 범위 및 보험약관 준수 여부를 오인할 아무런 합리적 이유가 없으므로, 이 사건 광고는 법에서 정한 허위·과장 광고가 아니다."
        ],
        "dedatAssrs": [
            "원고들의 광고는 허위·과장광고에 해당한다."
        ]
    },
    "facts": {
        "bsisFacts": [
            "원고 보람상조개발 주식회사, 보람상조라이프 주식회사, 보람상조프라임 주식회사 및 보람상조리더스 주식회사(이하 각각 ‘보람상조개발’, ‘보람상조라이프’, ‘보람상조프라임’, ‘보람상조리더스’라 한다)는 상조서비스업을 영위하는 자로서 표시·광고의 공정화에 관한 법률(2009. 7. 31. 법률 제9785호로 개정되기 전의 것, 이하 ‘법’이라 한다) 제2조 제3호의 규정에 의한 사업자이다.",
            "원고들은 2007. 6. 1.부터 2009. 4. 2.까지 동일한 인터넷 홈페이지{(인터넷 주소 1 생략), 이하 ‘그룹 홈페이지’라 한다}를 통하여 〈그림 1〉과 같이 회사의 존폐와 관계없이 회원들에게 상조서비스의 이행이 보장되는 것으로 광고(이하 ‘이 사건 광고’라 한다)하였다.",
            "그리고, 원고 보람상조프라임은 이와는 별도로 자신의 홈페이지(인터넷 주소 2 생략)를 통해서 〈그림 2〉와 같이 회사가 부득이 폐업을 하더라도 회원은 한국상조보증을 통해 계약서와 약관에 명시된 상품과 동일한 내용을 제공받는 것으로 광고(이하 ‘원고 보람상조프라임 광고’라 한다)하였다.",
            "이에 피고는, 원고들이 (1) 자신들의 회사가 폐업하더라도 행사보장제도 또는 상조보증회사들을 통하여 회원들에게 상조서비스의 이행이 보장되는 것처럼 광고하고, (2) 마치 피고가 승인한 표준약관을 그대로 사용하거나 표준약관보다 더 불리한 내용을 담고 있지 아니한 약관을 사용하고 있는 것처럼 “공정거래위원회 표준약관 준수” 또는 “상조표준약관준수”라고 표현하였다.",
            "그럼으로써, 법 제3조 제1항 제1호가 규정한 허위·과장광고를 하였다는 이유로, 2009. 10. 16. 의결 제2009-212호로 원고들에 대하여 별지 1 목록 기재의 시정명령 및 과징금납부명령(이하 ‘이 사건 처분’이라 한다)을 하였다."
        ]
    },
    "dcss": {
        "courtDcss": [
            "원고들은 그룹 홈페이지를 통하여 공동으로 이 사건 광고를 행한 것으로 봄이 상당한바, 원고들은 전부 이 사건 광고행위의 실질적인 주체에 해당된다고 할 것이므로 원고들의 광고주체에 대한 주장은 받아들일 수 없다.",
            "법 제3조 제1항 제1호에서 말하는 허위·과장의 광고는 사실과 다르게 광고하거나 사실을 지나치게 부풀려 광고하여 소비자를 속이거나 소비자로 하여금 잘못 알게 할 우려가 있는 광고행위로서 공정한 거래질서를 저해할 우려가 있는 광고를 말한다.",
            "그리고, 광고가 소비자를 속이거나 소비자로 하여금 잘못 알게 할 우려가 있는지는 보통의 주의력을 가진 일반 소비자가 당해 광고를 받아들이는 전체적·궁극적 인상을 기준으로 하여 객관적으로 판단되어야 한다(대법원 2010. 7. 22. 선고 2007다59066 판결, 대법원 2003. 6. 27. 선고 2002두6965 판결 등 참조).",
            "이 사건 처분 중 원고 보람상조프라임을 제외한 나머지 원고들에 대한 상조보증제도를 통한 상조서비스 이행보장 관련 광고행위로 인한 시정명령 및 과징금납부명령은 피고가 그 기초가 되는 이 사건 광고에 대한 사실인정에 오류가 있어 이 사건 처분의 결론에 영향을 미쳤으므로 위법하다 할 것이다. ",
            "그리고, 원고 보람상조프라임 광고는 회원들이 납부한 금액의 일부분에 대해서만 상보보증회사들이 지급을 보증하고 있는데 불과한 상조서비스에 대하여 일반 소비자에게 전체적으로 위 원고가 폐업하더라도 전부 이행보증이 된다는 인상을 줌으로써 상조상품에 가입하려는 소비자를 속이거나 소비자로 하여금 잘못 알게 할 우려가 있고, 공정한 거래질서를 저해할 우려가 있는 허위·과장 광고라고 봄이 타당하다. ",
            "따라서 원고들의 이 부분 주장은 원고 보람상조프라임 부분을 제외한 부분에 한하여 이유 있다.",
            "원고들의 위 약관조항들이 표준약관의 제정목적을 본질적으로 침해하여 소비자들에게 더 불리하다고 볼 수 없다고 봄이 상당한바, 원고들이 표준약관보다 더 불리한 내용을 담고 있는 약관을 사용하고 있음을 전제로 하는 이 사건 처분 중 별지 1 목록 제1의 나항 기재 부분은 위법하다 할 것이므로, 그 취소를 구하는 원고들의 주장은 이유 있다."
        ]
    },
    "close": {
        "cnclsns": [
            "피고가 2009. 10. 16. 의결 제2009-214호로 한 별지 1 목록 시정명령 및 과징금납부명령 중 원고 보람상조개발 주식회사, 보람상조라이프 주식회사, 보람상조리더스 주식회사에 대한 제1의 가항, 제2의 가항 기재 각 시정명령과 제3항 기재 과징금납부명령 및 원고들에 대한 제1의 나항, 제2의 나항 기재 각 시정명령을 취소한다.",
            "원고 보람상조프라임 주식회사의 나머지 청구를 기각한다.",
            "소송비용 중 원고 보람상조개발 주식회사, 보람상조라이프 주식회사, 보람상조리더스 주식회사와 피고 사이에 생긴 부분은 피고의 부담으로 하고, 원고 보람상조프라임 주식회사와 피고 사이에 생긴 부분은 그 1/2은 위 원고의, 나머지는 피고의 각 부담으로 한다."
        ]
    }
}