{
    "info": {
        "caseField": "3",
        "detailField": "5",
        "trailField": "1",
        "caseNm": "보상금증액",
        "courtNm": "수원지방법원",
        "judmnAdjuDe": "2010. 05. 20.",
        "caseNo": "2009구합6514",
        "relateLaword": [],
        "qotatPrcdnt": [
            "대법원 1985. 6. 11. 선고 84누700 판결",
            "대법원 2006. 5. 25. 선고 2003두4669 판결 "
        ]
    },
    "concerned": {
        "acusr": "1",
        "dedat": "3"
    },
    "org": {
        "orgJdgmnCourtNm": "",
        "orgJdgmnAdjuDe": "",
        "orgJdgmnCaseNo": ""
    },
    "disposal": {
        "disposalform": "10",
        "disposalcontent": [
            "피고는 원고에게 5,910,850원 및 이에 대한 2010. 4. 30.부터 2010. 5. 20.까지 연 5%, 그 다음날부터 다 갚는 날까지연 20%의 각 비율에 의한 금원을 지급하라.",
            "피고의 나머지 청구를 기각한다.",
            "소송비용 중 97%는 원고가, 나머지는 피고가 각 부담한다.",
            "제1항은 가집행할 수 있다."
        ]
    },
    "mentionedItems": {
        "rqestObjet": [
            "피고는 원고에게 189,196,050원 및 이에 대하여 이 사건 청구취지 확장신청서 부본 송달일 다음 날부터 다 갚는 날까지연 20%의 비율에 의한 금원을 지급하라."
        ]
    },
    "assrs": {
        "acusrAssrs": [
            "이 사건 토지에 대한 정당한 보상금은 현실적 이용상황에 따른 적정한 가격으로 이루어져야 하는바, 각 이 법원의 감정인 소외 1에 대한 감정촉탁결과 및 보완감정결과의 평가액으로서 주위적으로 '공장용지' 로 평가한 438,477,600원, 제1 예비적으로 '창고용지' 로 평가한 361,001,500원(위 차액 111,719,950원), 제2 예비적으로 '답' 으로 평가한 255,192,400원(위 차액 5,910,850원)이 되어야 한다.",
            "수익적 행정행위인 개발행위허가취소는 장래효를 가지므로 이 사건 토지를 불법형질변경토지로 볼 수 없고 공장용지로 평가되어야 한다."
        ],
        "dedatAssrs": [
            "원고가 허가를 받거나 신고를 하고 형질변경을 하여야 하는 토지를 허가를 받지 아니하거나 신고를 하지 아니하고 형질변경을 하였으므로 불법형질변경토지에 해당한다."
        ]
    },
    "facts": {
        "bsisFacts": [
            "사업인정 및 고시 ",
            "택지개발사업(양주신도시 옥정지구 <5차> )",
            "2007. 3. 30. 건설교통부 고시 제2007-100호",
            "사업시행자 : 피고",
            "000의 2008. 12. 18.자 수용재결",
            "수용개시일 : 2009. 2. 10.",
            "수용대상 : 0000 공장용지 977㎡(이하 이 사건 토지 )",
            "손실보상금 : 245,959,750원",
            "감정평가법인 : (주)하나감정평가법인, (주)경일감정평가법인",
            "000의 2009. 5. 21.자 이의재결",
            "손실보상금 : 249,281,550원",
            "감정평가법인 : 000, 000(이하 그 감정결과를 '재결감정' 이라고 한다)"
        ]
    },
    "dcss": {
        "courtDcss": [
            "공익사업을 위한 토지 등의 취득 및 보상에 관한 법률 시행규칙 제24조는 국토의 계획 및 이용에 관한 법률 등 관계 법령에 의하여 허가를 받거나 신고를 하고 형질변경을 하여야 하는 토지를 허가를 받지 아니하거나 신고를 하지 아니하고 형질변경한 토지(이하 '불법형질변경토지' 라 한다)에 대하여는 토지가 형질변경될 당시의 이용상황을 상정하여 평가한다.",
            "원고가 소외 2 명의를 빌리는 사위의 방법으로 이 사건 토지에 관한 개발행위허가를 받아 그 허가가 취소되었으므로, 원고 주장 사유만으로는 허가를 받은 자이자 행위자인 원고에게 정당한 보상금 산정의 근거 규정인 위 규칙 제24조를 적용하는 것을 배제할 수 없다.",
            "그리고, 결국 이 사건 토지는 허가를 받지 아니하고 형질변경한 토지라고 할 것이어서, 재결감정에서 이 사건 토지에 대하여 토지가 형질변경될 당시의 이용상황인 답으로 보아 손실보상금을 산정한 것에 위법사유가 있다고 볼 수 없다.",
            "행정행위의 취소는 원칙적으로 소급효가 있고, 사위의 방법으로 허가 등을 받은 경우에는 그 취소에 관하여 행정행위에 관한 신뢰원칙을 원용할 수 없다( 대법원 1985. 6. 11. 선고 84누700 판결, 대법원 2006. 5. 25. 선고 2003두4669 판결 등 참조).",
            "원고는 적어도 소외 2 명의로 이 사건 토지에 대한 개발행위허가를 받기 전에 원고 명의로 창고 부지 조성을 위한 개발행위허가를 받았다.",
            "그러므로, 이 사건 토지에 대한 형질변경될 당시의 이용상황은 창고 부지로 보아야 한다고 주장하나, 앞서 든 증거에 의하면, 개발행위 자체는 개발목적을 근린생활(제조업소) 부지 조성으로 변경허가를 받은 무렵인 2004. 10. 이후에야 이루어진 것으로 보이므로, 위와 같은 개발행위허가를 받았다는 사실만으로 실제 이용상황이 창고 부지였다고 볼 수 없다.",
            "법원감정에 의하면, 이 사건 토지(답)에 대한 정당한 보상금은 형질변경될 당시의 이용상황을 상정한 255,192,400원이므로 피고는 원고에게 정당한 보상금과 이의재결 손실보상금과의 차액 5,910,850원을 지급할 의무가 있다. ",
            "그리고 이에 대하여 원고가 구하는 바에 따라 이 사건 청구취지 확장신청서 부본 송달일 다음날인 2010. 4. 30.부터 피고가 이행의무의 존부 및 범위에 관하여 항쟁함이 상당한 이 사건 판결선고일인 2010. 5. 20.까지 민법에서 정한 연 5%, 그 다음날부터 다 갚는 날까지 소송촉진 등에 관한 특례법에서 정한 연 20%의 각 비율에 의한 지연손해금을 지급할 의무가 있다."
        ]
    },
    "close": {
        "cnclsns": [
            "그렇다면 원고의 이 사건 청구는 위 인정 범위 내에서 이유 있어 이를 인용하고, 나머지 청구는 이유 없어 이를 기각한다."
        ]
    }
}