{
    "info": {
        "caseField": "3",
        "detailField": "5",
        "trailField": "1",
        "caseNm": "취득세등 부과처분 취소",
        "courtNm": "수원지방법원",
        "judmnAdjuDe": "2010. 06. 17.",
        "caseNo": "2009구합11035",
        "relateLaword": [
            "구 지방세법(2007. 12. 31. 법률 제8835호로 일부개정되기 전의 것) 제288조",
            "국토의 계획 및 이용에 관한 법률 제58조",
            "국토의 계획 및 이용에 관한 법률 시행령 제55조"
        ],
        "qotatPrcdnt": [
            "대법원 1996. 3. 12. 선고 95누18314 판결",
            "대법원 1998. 7. 10. 선고 98두7626 판결"
        ]
    },
    "concerned": {
        "acusr": "2",
        "dedat": "3"
    },
    "org": {
        "orgJdgmnCourtNm": "",
        "orgJdgmnAdjuDe": "",
        "orgJdgmnCaseNo": ""
    },
    "disposal": {
        "disposalform": "10",
        "disposalcontent": [
            "피고가 2009. 2. 9. 원고에 대하여 한 취득세 4,775,880원, 농어촌특별세 477,580원, 등록세 3,581,910원, 지방교육세 656,860원의 부과처분을 취소한다.",
            "소송비용은 피고가 부담한다."
        ]
    },
    "mentionedItems": {
        "rqestObjet": [
            "피고가 2009. 2. 9. 원고에 대하여 한 취득세 4,775,880원, 농어촌특별세 477,580원, 등록세 3,581,910원, 지방교육세 656,860원의 부과처분을 취소한다.",
            "소송비용은 피고가 부담한다."
        ]
    },
    "assrs": {
        "acusrAssrs": [
            "미술관 건축을 위하여 이 사건 토지를 증여받은 후 000에 미술관 건축에 따른 인허가 검토 및 용역을 의뢰한 결과 개발행위허가 요건에 부적합하다는 통보를 받고 이 사건 토지를 증여한 000에 미술관 건축이 가능한부지로 교환하여 줄 것을 요청하는 등 이 사건 토지를 고유업무에 사용하기 위하여 진지한 노력을 기울였다.",
            "원고가 이 사건토지를 취득일로부터 1년 이내에 고유업무에 직접 사용하지 못한 것에는 정당한 이유가 있다고 할 것이므로, 이 사건 처분은 위법하다."
        ],
        "dedatAssrs": [
            "원고가 000으로부터 이 사건 토지를 증여받으면서 0000 (지번 생략) 임야 중 사용할 수 있는 부분을 특별하게 명시한 것이 아니라 지분으로 취득한 만큼 사전에 조금만 주의를 기울였다면 건축허가가 가능한 부분을 증여받을수 있었다.",
            "이를 소홀히 하여 건축허가가 불가능한 이 사건 토지를 증여받은 것이고, 추후 000과 사이에 이사건 토지와 미술관 건축이 가능한 토지와의 교환에 대한 원활한 조정이 이루어졌다거나, 유보 기간 내에 건축허가를 신청한 사실도 없는 점 등에 비추어보면, 원고가 이 사건 토지의 취득일로부터 1년 이내에 이 사건 토지를 그 고유업무에 직접 사용하지 않은 것에 정당한 사유가 있다고 볼 수 없다."
        ]
    },
    "facts": {
        "bsisFacts": [
            "원고는 이 사건 토지를 증여받은 후 2008. 6. 12. 000에 미술관 건립에 따른 건축인허가 검토 용역을 의뢰하였고, 2008. 6. 25. 000에 토목공사인허가 검토 용역을 의뢰하였다.",
            "000는 2008. 7. 14. 원고에게 토목인허가 등의 문제가 없다면 이 사건 토지에 미술관 건축인허가는 가능하다는 답변을 하였다.",
            "000는 2008. 8. 6. 원고에게, 이 사건 토지는 도시지역 내 지역이므로 용인시 도시계획조례상 부지경사도가 17.5도 이하가 되어야 하나 평균 경사도가 약 22~23도 이상이고, 이 사건 토지와 연접한 기허가를 득하여 개발된 면적이 10,000㎡ 이상이어서 국토의 계획 및 이용에 관한 법률 제58조 및 동법 시행령 제55조에 의거 개발행위가불가능하다는 답변을 하였다.",
            "원고는 2008. 8. 11.과 2008. 8. 22. 두차례에 걸쳐 000에게 이 사건 토지는 공법상의 제한으로 인하여미술관 건축이 불가능하므로 인허가가 가능한 토지로 교환하여 줄 것을 요청하였고, 000은 2008. 9. 15. 세무상의 문제점 및 인허가 가능성 등을 종합적으로 검토하여 추후 토지 교환에 대하여 답변하겠다는 내용의 통보를 하였다."
        ]
    },
    "dcss": {
        "courtDcss": [
            "원고가 미술관 건축이라는 고유업무에 사용하기 위하여 이 사건 토지를 증여받을 당시 이미 이 사건 토지에는 미술관 건축을 할 수 없는 법령상의 장애사유가 존재하고 있었고, 원고는 이를 모르는 상태에서 이 사건 토지를 증여받았다.",
            "원고는 000에 토목공사 인허가검토 용역을 의뢰한 결과 비로소 이사건 토지상에 미술관 건축이 불가능하다는 것을 알게 되었는바, 관련 전문가의 검토 결과 드러난 이러한 장애사유를 원고가조금만 주의를 기울였더라면 쉽게 알 수 있었던 것이라고 보기는 어렵다.",
            "피고도 당초 이 사건 토지상에 미술관 건축이 가능한 것으로 보고 이 사건 토지를 미술관 건립을 위하여 취득,등기하는 부동산으로 보아 취득세 등을 면제하였다.",
            "원고가 애초 0000 (지번 생략) 임야의 특정 부분을 명시한 것이 아니라 지분으로 이 사건 증여계약을 체결하였다는사정만으로, 원고가 조금만 주의를 기울였다면 000으로부터 건축허가가 가능한 부지를 증여받을 수 있었다고 단정하기 어렵고, 오히려 위와 같이 지분으로 계약을 체결함으로써 그 건축가능 여부에 대한 판단이 더 어려웠을 것으로 보인다.",
            "원고는 이 사건 토지를 증여받은후 000와 000에 건축 및 토목관련 인허가검토 용역을 의뢰하였고, 000의미술관 건립이 불가능하다는 통보 후에는 000에 이 사건 토지를 인허가가 가능한 부지로 교환하여 줄 것을 요청하였다.",
            "이 사건 토지에 미술관을 건축하기 위한 나름의 진지한 노력을 하였다고 보이는 점 등에 비추어보면, 원고가 이 사건토지를 그 취득일로부터 1년 이내에 고유업무에 사용하지 못한 것에는 정당한 사유가 있다고 할 것이다.",
            "피고가 구 지방세법 제288조 제2항 단서 소정의 그 취득일부터 1년 내에 정당한 사유없이 그 고유업무에 직접 사용하지 아니하는 경우에 해당함을 전제로 하여, 이 사건 토지에 관하여 취득세 등을 부과한 이 사건 처분은 위법하므로, 취소되어야 한다."
        ]
    },
    "close": {
        "cnclsns": [
            "1. 피고가 2009. 2. 9. 원고에 대하여 한 취득세 4,775,880원, 농어촌특별세 477,580원, 등록세 3,581,910원, 지방교육세 656,860원의 부과처분을 취소한다. 2. 소송비용은 피고가 부담한다"
        ]
    }
}