{
    "info": {
        "caseField": "3",
        "detailField": "5",
        "trailField": "2",
        "caseNm": "관리처분계획취소",
        "courtNm": "서울고등법원",
        "judmnAdjuDe": "2009. 06. 03.",
        "caseNo": "2009누7150",
        "relateLaword": [
            "행정소송법 제8조",
            "민사소송법 제420조"
        ],
        "qotatPrcdnt": []
    },
    "concerned": {
        "acusr": "1",
        "dedat": "2"
    },
    "org": {
        "orgJdgmnCourtNm": "서울행정법원",
        "orgJdgmnAdjuDe": "2009. 2. 17.",
        "orgJdgmnCaseNo": "2008구합42765"
    },
    "disposal": {
        "disposalform": "10",
        "disposalcontent": [
            "피고의 원고들에 대한 항소를 모두 기각한다.",
            "항소비용은 피고가 부담한다."
        ]
    },
    "mentionedItems": {
        "rqestObjet": [
            "피고가 2008. 7. 22. 서울특별시 성동구청장으로부터 인가받은 관리처분계획 중 원고들을 공동분양대상자로 정한 부분을 취소한다(소장상의 2008. 7. 31.은 오기로 보인다)",
            "제1심 판결을 취소한다.",
            "원고들의 청구를 모두 기각한다."
        ]
    },
    "assrs": {
        "acusrAssrs": [
            "."
        ],
        "dedatAssrs": []
    },
    "facts": {
        "bsisFacts": [
            "이 법원이 이 사건에 관하여 설시할 이유는, 제1심 판결 이유 중 제7쪽 10행부터 13행까지의 괄호부분을 삭제하고, 원고의 주장에 대한 다음과 같은 판단을 추가하는 외에는 제1심 판결의 이유 부분 기재와 같으므로, 행정소송법 제8조 제2항, 민사소송법 제420조 본문에 의하여 이를 인용한다."
        ]
    },
    "dcss": {
        "courtDcss": [
            "피고가 2008. 7. 22. 서울특별시 0000장으로부터 인가받은 관리처분계획 중 원고들을 공동분양대상자로 정한 부분을 인정한다."
        ]
    },
    "close": {
        "cnclsns": [
            "피고의 원고들에 대한 항소를 모두 기각한다. ",
            "항소비용은 피고가 부담한다."
        ]
    }
}