{
    "info": {
        "caseField": "3",
        "detailField": "5",
        "trailField": "2",
        "caseNm": "주택재개발정비사업조합 설립 무효확인청구",
        "courtNm": "부산고등법원",
        "judmnAdjuDe": "2010. 06. 25.",
        "caseNo": "2009누6742",
        "relateLaword": [
            "구 도시 및 주거환경정비법 제13조",
            "구 도시 및 주거환경정비법 시행규칙 제6조",
            "구 도시 및 주거환경정비법 제4조",
            "구 도시 및 주거환경정비법 제16조",
            "구 도시 및 주거환경정비법 시행령 제26조"
        ],
        "qotatPrcdnt": [
            "대법원 2006. 6. 30. 선고 2005두14363 판결"
        ]
    },
    "concerned": {
        "acusr": "1",
        "dedat": "3"
    },
    "org": {
        "orgJdgmnCourtNm": "부산지방법원 동부지원",
        "orgJdgmnAdjuDe": "2009. 7. 16.",
        "orgJdgmnCaseNo": "2008가합5591"
    },
    "disposal": {
        "disposalform": "10",
        "disposalcontent": [
            "피고가 2008. 9. 17. 용호2구역주택재개발정비사업조합 설립추진위원회에 대하여 한 주택재개발정비사업조합 설립인가처분은 무효임을 확인한다.",
            "변경된 청구로 인한 소송비용 중 원고(선정당사자) 및 그 보조참가인과 피고 사이에 생긴 부분은 피고가, 원고(선정당사자) 및 그 보조참가인과 피고 보조참가인 사이에 생긴 부분은 피고 보조참가인이 각 부담한다."
        ]
    },
    "mentionedItems": {
        "rqestObjet": [
            "피고가 2008. 9. 17. 용호2구역주택재개발정비사업조합 설립추진위원회에 대하여 한 주택재개발정비사업조합 설립인가처분은 무효임을 확인한다.",
            "변경된 청구로 인한 소송비용 중 원고(선정당사자) 및 그 보조참가인과 피고 사이에 생긴 부분은 피고가, 원고(선정당사자) 및 그 보조참가인과 피고 보조참가인 사이에 생긴 부분은 피고 보조참가인이 각 부담한다."
        ]
    },
    "assrs": {
        "acusrAssrs": [
            "이 사건 동의서는 법정사항이 누락된 상태에서 받은 것으로서 무효이다.",
            "설령 그렇지 않고 토지등소유자들이 조합창립총회에서 공란을 보충할 수 있는 권한을 수여하였다고 하더라도, 그와 같은 보충권수여에 동의한 사람은 252명에 불과하여(동의율 53.5%) 구 도시정비법 제16조 제1항에서 정한 조합설립을 위한 토지등소유자의 3 4(75%)에 미치지 못한다.",
            "따라서 이 사건 동의서의 내용에 법정사항이 누락되어 있어 적법한 동의로 볼 수 없거나 구 도시정비법 제16조 제1항에서 정한 동의율을 충족하지 못하였음에도 이러한 사정을 알고 있는 피고가 이를 적법, 유효한 동의로 보고 한 이 사건 처분에는 중대하고 명백한 하자가 있어 무효이다."
        ],
        "dedatAssrs": [
            "토지등소유자들이 이 사건 동의서에서 명시적으로 이 사건 추진위원회에 조합창립총회에서 결의되는 내용에 따른 내용을 기재할 수 있는 보충권을 수여하였고, 이에 따라 이 사건 추진위원회가 이 사건 동의서의 공란을 보충하였으므로, 위와 같은 하자는 치유되었다.",
            "이 사건 조합설립인가 신청시에 첨부된 동의서에는 '건설되는 건축물의 설계의 개요' , '건축물의 철거 및 신축에 소요되는 비용의 개략적인 금액 '란이 모두 보충되어 있었고, 동의율도 구 도시정비법 제16조 제1항에서 정한 3 4 이상임이 확인되어 이 사건 조합설립인가를 하였으므로, 이 사건 처분에 어떠한 하자도 없다."
        ]
    },
    "facts": {
        "bsisFacts": [
            "부산광역시장은 2005. 9. 21. 부산광역시 고시 제2005-267호로 2005년 부산광역시 도시,주거환경정비기본계획을 고시하면서 0000 일원 35,400㎡(이하 '이 사건 예정구역' 이라 한다)를 주택재개발예정구역으로 지정한 다음, 2006. 5. 10. 그 구역의 면적을 51,000㎡로 변경하고 이를 부산광역시 고시 제2006-172호로 고시하였다.",
            "000 (이하 '이 사건 추진위원회' 라 한다)는 이 사건 예정구역으로 지정된 정비구역의 주택재개발사업시행을 위한 조합설립을 목적으로 구성되었다.",
            "그리고, 대표자인 소외 1은 이 사건 예정구역 내 토지나 건축물 소유자 또는 그 지상권자(이하 '토지등소유자' 라 한다) 352명(토지소유자 66명, 건축물 소유자 13명, 주택 및 토지소유자 273명) 중 205명의 동의(동의율 58.2%)를 얻어 2005. 11. 24. 피고에게 추진위원회 승인을 신청하였다.",
            "이에 피고는 2006. 1. 26. 구 도시 및 주거환경정비법(2009. 2. 6. 법률 제9444호로 개정되기 전의 것) 제13조 제2항, 같은 법 시행규칙(2007. 12. 13. 건설교통부령 제594호로 개정되기 전의 것) 제6조의 규정에 따라 이 사건 추진위원회를 승인하였다.",
            "그 후 부산광역시장은 2008. 5. 21. 부산광역시 고시 제2008-180호로 구 도시정비법(2008. 3. 28. 법률 제9047호로 개정되기 전의 것) 제4조 제2항, 제3항에 따라 0000 일원 51,305㎡(이하 '이 사건 정비사업구역' 이라 한다)를 용호2주택재개발정비구역으로 지정고시하였다.",
            "이 사건 추진위원회는 2008. 6. 28. 조합의 설립을 목적으로 하는 창립총회를 거쳐 소외 2를 조합장으로 선출하였고, 소외 2는 같은 해 7. 22. 피고에게 이 사건 정비사업구역 내 토지 등 소유자로부터 제출받은 조합설립 동의서(이하 '이 사건 동의서' 라 한다)를 첨부하여 용호2구역 주택재개발정비사업조합(이하 '이 사건 조합' 이라 한다) 설립인가신청을 하였다.",
            "피고는 2008. 9. 17. 이 사건 정비사업구역 내 토지등소유자 471명 중 360명이 동의(동의율 76.4%)하였으므로, 구 도시 및 주거환경정비법(2009. 1. 30. 법률 제9401호로 개정되기 전의 것, 이하 '구 도시정비법' 이라 한다) 제16조 제1항에서 정한 ‘토지 등소유자 3 4 이상의 동의’ 요건을 갖추었다고 보아 조합설립을 인가하였다(이하 '이 사건 처분' 이라 한다).",
            "원고들은 이 사건 정비사업구역 내의 0000 대 182㎡, 같은 동 (지번 3 생략) 대 121㎡ 등을 소유하고 있는 토지등소유자이다."
        ]
    },
    "dcss": {
        "courtDcss": [
            "동의서에 기재하여야 하는 사업계획의 개요는 적어도 정비구역 내의 토지등소유자가 당해 정비사업에 대한 동의 여부를 판단함에 지장이 없을 정도이어야 할 것이다.",
            "따라서 동의서에 기재되는 건설되는 건축물의 설계의 개요 는 대지면적, 건축 연면적, 건물 전체의 용도·규모 등을 명기하여 건축비용의 개략적인 산정이 가능한 정도의 것이어야 하며, 건축물의 철거 및 신축에 소요되는 비용의 개략적인 금액 은 동의 당시의 견적액으로서 토지등소유자의 동의 여부 판단에 지장이 없는 범위 내에서 어느 정도 개산액의 기재는 있어야 한다.",
            "그리고 그와 같은 신축 건축물의 설계개요, 건축물 철거 및 신축비용의 개산액에 관한 사항은 그 나머지 기재사항과 함께 토지등소유자가 동의 여부를 판단함에 있어서 기초가 되는 사항으로서 동의서의 본질적인 내용을 이룬다 할 것이므로, 동의서의 기재 정도가 앞서 본 바와 같은 정도에 이르지 않거나 기재사항이 누락되어 있다면 그 동의서는 효력을 인정할 수 없다고 보아야 한다.",
            "토지등소유자들이 재개발추진위원회 또는 재개발조합에게 동의서의 공란을 조합설립총회에서 확정되는 내용대로 일괄기재할 것을 위임한 것은 효력이 없다.",
            "다만, 창립총회에 출석하여 일괄기재에 찬성한 토지등 소유자의 경우에는 그와 같은 보충권한을 이 사건 추진위원회에 부여한 것으로 볼 수 있다. ",
            "그리고, 앞서 본 바와 같이 252명이 위 안건에 찬성하였으므로 이 사건 추진위원회가 이들 252명의 동의서에 한 보충행위를 적법한 것으로 본다고 하더라도 적법한 동의자로 볼 수 있는 토지등소유자의 최대수는 조합설립총회의 결의에 찬성한 252명으로 동의율이 53.3%(252명 471명)에 불과하므로 조합설립에 필요한 적법한 동의를 얻은 것이라고 할 수 없다.",
            "행정처분을 당연무효라고 하기 위하여는 처분에 위법사유가 있다는 것만으로는 부족하고 그 하자가 법규의 중요한 부분을 위반한 중대한 것으로서 객관적으로 명백한 것이어야 하며, 하자가 중대하고 명백한 것인지 여부를 판별함에 있어서는 그 법규의 목적, 의미, 기능 등을 목적론적으로 고찰함과 동시에 구체적 사안 자체의 특수성에 관하여도 합리적으로 고찰하여야 한다( 대법원 2006. 6. 30. 선고 2005두14363 판결 등 참조).",
            "제반 사정에 비추어 보면, 효력이 없는 이 사건 동의서를 적법 유효하다고 보고 한 이 사건 조합설립인가처분에는 중대하고 명백한 하자가 있다고 봄이 상당하다.",
            "따라서 피고가 이 사건 추진위원회에 대하여 조합설립인가를 한 이 사건 처분은 무효이다."
        ]
    },
    "close": {
        "cnclsns": [
            "피고가 2008. 9. 17. 000 에 대하여 한 주택재개발정비사업조합 설립인가처분은 무효임을 확인한다.",
            "변경된 청구로 인한 소송비용 중 원고(선정당사자) 및 그 보조참가인과 피고 사이에 생긴 부분은 피고가, 원고(선정당사자) 및 그 보조참가인과 피고 보조참가인 사이에 생긴 부분은 피고 보조참가인이 각 부담한다."
        ]
    }
}