{
    "info": {
        "caseField": "3",
        "detailField": "5",
        "trailField": "2",
        "caseNm": "조합설립인가 처분 무효 확인",
        "courtNm": "서울고등법원",
        "judmnAdjuDe": "2010. 10. 14.",
        "caseNo": "2009누37205",
        "relateLaword": [
            "구 도시 및 주거환경정비법 제4조 ",
            "구 도시 및 주거환경정비법 제16조 ",
            "도시 및 주거환경정비법 제16조",
            "도시 및 주거환경정비법 제39조",
            "도시 및 주거환경정비법 제2조",
            "도시 및 주거환경정비법 제18조",
            "집합건물의 소유 및 관리에 관한 법률 제48조",
            "구 도시 및 주거환경정비법 제2조",
            "구 도시 및 주거환경정비법 제39조",
            "구 도시 및 주거환경정비법 제19조",
            "구 도시 및 주거환경정비법 시행령 제28조",
            "도시 및 주거환경정비법 제17조",
            "도시 및 주거환경정비법 제66조",
            "국유재산법 제9조",
            "국유재산법 제43조\n",
            "도시 및 주거환경정비법 제4조"
        ],
        "qotatPrcdnt": [
            "대법원 2009. 9. 24. 선고 2008다60568 판결",
            "대법원 2008. 2. 29. 선고 2006다56572 판결",
            "대법원 2002. 7. 9. 선고 2001두10684 판결"
        ]
    },
    "concerned": {
        "acusr": "1",
        "dedat": "3"
    },
    "org": {
        "orgJdgmnCourtNm": "서울행정법원",
        "orgJdgmnAdjuDe": "2009. 11. 5.",
        "orgJdgmnCaseNo": "2009구합12150 "
    },
    "disposal": {
        "disposalform": "10",
        "disposalcontent": [
            "피고의 항소를 기각한다.",
            "항소비용 중 원고와 피고 사이에 생긴 부분은 피고가, 보조참가로 인한 부분은 피고보조참가인이 각 부담한다."
        ]
    },
    "mentionedItems": {
        "rqestObjet": [
            " 피고가 2007. 8. 1. 피고보조참가인(이하  참가인 조합 이라 한다)에 대하여 한 조합설립인가처분이 무효임을 확인한다.",
            "제1심 판결을 취소하고, 원고의 청구를 기각한다."
        ]
    },
    "assrs": {
        "acusrAssrs": [
            "피고는 이 사건 인가처분을 함에 있어 위법하게 동의율 충족 여부를 심사함으로써 구 도시정비법 제16조 제3항에서 정한 토지 또는 건축물 소유자의 4/5 이상 및 토지 면적의 2/3 이상의 토지 소유자의 동의라는 요건을 모두 충족하지 못하였음에도 이 사건 인가처분을 하였고 그러한 하자는 중대·명백하므로, 이 사건 인가처분은 무효이다."
        ],
        "dedatAssrs": [
            "기본행위의 무효확인 등을 구하는 것은 별론으로 하고 기본행위의 하자를 내세워 바로 그에 대한 이 사건 인가처분의 무효확인을 소구할 법률상 이익이 없다.",
            "참가인 조합은 이 사건 인가처분 이후에 이 사건 사업구역 내 토지 및 건축물 소유자들로부터 추가로 조합설립에 관한 동의를 얻은 후 변경인가를 신청하였고, 피고는 참가인 조합의 조합설립 동의율이 관계 법령이 정하는 기준을 충족한다고 보아 순차로 제1, 2차 변경인가처분을 하였는바, 이 사건 인가처분은 제1, 2차 변경인가처분에 의하여 이미 변경·소멸되었다고 할 것이다.",
            "그리고, 이 사건 소 제기 이전에 이미 적법한 요건을 갖춘 새로운 변경인가처분이 내려져 참가인 조합이 유효하게 설립되었으므로, 원고는 더 이상 과거의 법률관계의 확인에 해당하는 이 사건 인가처분의 효력을 다툴 법률상 이익이 없다."
        ]
    },
    "facts": {
        "bsisFacts": [
            "서울특별시장은 2005. 10. 23. 구 도시 및 주거환경정비법(2007. 12. 21. 법률 제8785호로 개정되기 전의 것, 이하 ‘구 도시정비법’이라 한다) 제4조 제2항, 제3항에 의하여 서울 강서구 공항동 (지번 1 생략) 외 218필지 합계 31,924.10㎡를 주택재건축정비구역으로 지정·고시하였다.",
            "2005. 11. 3. 승인된 000는 2007. 7.경 위 주택재건축정비구역을 사업구역(이하 '이 사건 사업구역' 이라 한다)으로 하여 그 안에 위치한 토지 및 건물 소유자(242명), 토지 소유자(41명), 건물 소유자(4명) 중 203명의 동의(토지 및 건물 소유자 197명, 토지 소유자 6명)를 얻어 피고에게 조합설립인가신청을 하였다.",
            "이에 대하여 피고는 2007. 8. 1. 이 사건 사업구역이 주택단지가 아닌 지역으로서 다음과 같이 구 도시정비법 제16조 제3항에서 정한 토지 또는 건축물 소유자의 4/5 이상 및 토지 면적의 2/3 이상의 토지 소유자의 동의요건을 갖추었다고 보아, 구 도시정비법 제16조에 의하여 참가인 조합의 설립을 인가하였고(이하 '이 사건 인가처분' 이라 한다), 2007. 10. 26. 이 사건 정비사업에 대한 사업시행인가가 이루어졌다.",
            "(가) 토지소유자는 총 283명으로 그 중 203명이 동의하고, 건축물소유자는 총 246명으로 그 중 197명이 동의하였는바, 토지소유자의 동의율은 71.73%(203 ÷ 283 × 100)로 80%에 미달하나 건축물 소유자의 동의율이 80.08%(197 ÷ 246 × 100)로 80%를 넘으므로, 토지 또는 건축물 소유자의 4/5 이상이 동의하였다고 본다.",
            "(나) 이 사건 사업구역 내 토지면적은 총 31,924.10㎡인데 그 중 동의대상 토지면적에 해당하지 아니하는 국·공유지를 제외하면 30,754.30㎡로서 그 중 20,845.85㎡의 토지면적의 토지소유자가 동의를 하여 토지면적의 동의율이 67.78%(20,845.85 ÷ 30,754.30 × 100)가 되는바, 이로써 토지면적의 2/3 이상 토지소유자가 동의하였다고 본다.",
            "이후 참가인 조합은 피고에게 토지 또는 건축물 소유자의 동의율 변경 등을 이유로 조합설립 변경인가를 신청하였고, 피고는 아래과 같이 조합설립 변경인가처분을 한 후{편의상 동의율 변경 이외의 사유(조합장 변경, 조합원 변경, 조합정관 변경 등)에 기한 조합설립변경인가처분은 별도로 살피지 아니한다}, 2008. 1. 23. 관리처분계획인가가 이루어져 고시되었다.",
            "(1) 참가인 조합은 이 사건 사업구역 내 토지 및 주택소유자 31명으로부터 추가로 조합설립동의서를 받아 조합설립변경인가를 신청하였고, 피고는 2007. 12. 24. 조합설립 동의율을 91.56%(228 ÷ 249 × 100)라고 보고 참가인 조합의 설립변경인가를 하였다(이하 제1차 변경인가처분 이라 한다).",
            "(2) 참가인 조합은 이 사건 사업구역 내 토지 및 주택소유자 1명으로부터 추가로 조합설립동의서를 받아 조합설립변경인가를 신청하였고, 피고는 2008. 8. 27. 조합설립 동의율을 91.96%(229 ÷ 249 × 100)라고 보고 참가인 조합의 설립변경인가를 하였다(이하 '제2차 변경인가처분' 이라 한다).",
            "원고는 이 사건 사업구역 안에 있는 토지들의 소유자인데, 참가인 조합은 2007. 11. 23. 원고를 상대로 서울남부지방법원 2007가합23297호, 2007가합23341호로 매도청구의 소를 제기하였다."
        ]
    },
    "dcss": {
        "courtDcss": [
            "행정청이 도시정비법 등 관련 법령에 근거하여 행하는 조합설립인가처분은 단순히 사인들의 조합설립행위에 대한 보충행위로서의 성질을 갖는 것에 그치는 것이 아니라 법령상 요건을 갖출 경우 도시정비법상 주택재건축사업을 시행할 수 있는 권한을 갖는 행정주체(공법인)로서의 지위를 부여하는 일종의 설권적 처분의 성격을 갖는다.",
            "그리고 그와 같이 보는 이상 조합설립결의 등 조합설립행위의 적법여부는 조합설립인가처분이라는 행정처분을 하는 데 필요한 요건 중 하나에 불과하여( 대법원 2009. 9. 24. 선고 2008다60568 판결 참조), 조합설립행위의 하자를 이유로 하여서도 조합설립인가처분의 무효나 취소를 구할 법률상 이익이 있다.",
            "당초의 설립인가처분 이후에 변경인가처분이 이루어지기 전까지 종전의 설립인가처분에 기하여 당해 조합이 유효하게 성립되었음을 전제로 어떠한 권리를 행사한 경우에, 종전의 설립인가처분의 효력 여부에 따라 그 조합이 위와 같은 권리를 행사할 당시 적법한 행정주체의 지위에 있었는지 여부가 달라지게 되므로, 그 상대방으로서는 위 변경인가처분이 이루어진 이후에도 여전히 종전의 설립인가처분의 효력을 다툴 소의 이익이 있다고 봄이 상당하다.",
            "이 사건 사업구역에는 주택단지는 전혀 포함되어 있지 않고 단독주택만 건축되어 있을 뿐이므로, 참가인 조합이 설립인가를 받기 위해서는 구 도시정비법 제16조 제3항이 규정하는 토지 또는 건축물의 소유자의 4/5 이상 및 토지 면적의 2/3 이상의 토지소유자가 참가인 조합의 설립에 동의한다”라는 요건을 갖추어야 할 것이다.",
            "이 사건 인가처분시 1인이 하나 또는 다수의 부동산을 단독소유하면서 다른 사람과 부동산을 공유하는 등의 경우에 그 소유형태가 서로 달라 토지 또는 건축물의 소유자를 산정함에 있어 별개로 취급하여야 한다는 취지의 원고의 위 주장은 모두 이유 없다.",
            "앞서 본 바와 같이 위 0000 토지 및 그 지상건물들에 대한 토지 또는 건축물 소유자 수는 앞서 살펴 본 주택단지가 아닌 지역으로만 구성된 주택재건축 사업구역에 있어서의 토지 또는 건축물 소유자 수의 산정기준에 의하여 정당하게 산정되었다.",
            "결국 위와 같은 재산정 결과, 이 사건 인가처분 당시 이 사건 사업구역 내 토지 또는 건축물의 소유자 수는 토지 및 건축물의 소유자 242명, 토지 소유자 41명, 건축물 소유자 1명(3명 감소) 합계 284명이고 그 중 동의자 수는 토지 및 건축물의 소유자 198명(1명 증가), 토지 소유자 7명(1명 증가) 합계 205명이다.",
            "따라서, 이 사건 인가처분 당시 토지 또는 건축물 소유자의 동의율은 72.18%(205 ÷ 284 × 100)로 구 도시정비법 제16조 제3항이 정하는 동의요건인 4/5에 여전히 미치지 못하였다고 할 것이다.",
            "앞서 본 바와 같이, 이 사건 인가처분은 조합의 설립인가에 필요한 도시정비법 소정의 동의요건을 충족하지 못한 것으로서 위법하다 할 것이고, 그 동의율이 구 도시정비법 제16조 제3항이 규정하는 법정동의율보다 현저하게 낮은 이상, 위와 같은 이 사건 인가처분의 하자는 중대할 뿐만 아니라 객관적으로 명백하다고 할 것이므로, 이 사건 인가처분은 무효라고 봄이 상당하다.",
            "따라서 이 사건 인가처분은 원고의 나머지 주장에 대하여 나아가 살펴볼 필요 없이 그 하자가 중대하고 명백하여 무효라고 할 것이고, 원고는 이 사건 사업구역 내의 토지 소유자로서 그 확인을 구할 이익도 있다 할 것이다."
        ]
    },
    "close": {
        "cnclsns": [
            "피고의 항소를 기각한다.",
            "항소비용 중 원고와 피고 사이에 생긴 부분은 피고가, 보조참가로 인한 부분은 피고보조참가인이 각 부담한다."
        ]
    }
}