{
    "info": {
        "caseField": "3",
        "detailField": "5",
        "trailField": "2",
        "caseNm": "요양불승인처분취소",
        "courtNm": "서울고등법원",
        "judmnAdjuDe": "2010. 06. 23.",
        "caseNo": "2009누16611",
        "relateLaword": [],
        "qotatPrcdnt": [
            "대법원 2004. 4. 23. 선고 2004두121 판결",
            "대법원 2004. 11. 25. 선고 2002두12298 판결",
            "대법원 2005. 9. 29. 선고 2005두4458 판결",
            "대법원 2008. 3. 27. 선고 2006두2022 판결",
            "대법원 2008. 4. 24. 선고 2006두15660 판결",
            "대법원 2010. 4. 19. 선고 2010두184 판결",
            "대법원 2009. 5. 28. 선고 2007두2784 판결",
            "대법원 2010. 4. 29. 선고 2010두184 판결"
        ]
    },
    "concerned": {
        "acusr": "1",
        "dedat": "2"
    },
    "org": {
        "orgJdgmnCourtNm": "서울행정법원",
        "orgJdgmnAdjuDe": " 2009. 5. 19.",
        "orgJdgmnCaseNo": "2008구단13586"
    },
    "disposal": {
        "disposalform": "10",
        "disposalcontent": [
            "제1심 판결을 취소한다.",
            "피고가 2007. 9. 17. 원고에게 한 요양불승인처분을 취소한다.",
            "소송총비용은 피고가 부담한다."
        ]
    },
    "mentionedItems": {
        "rqestObjet": [
            "제1심 판결을 취소한다. ",
            "피고가 2007. 9. 17. 원고에게 한 요양불승인처분을 취소한다."
        ]
    },
    "assrs": {
        "acusrAssrs": [
            "위 오토바이는 ㅁㅁ의 작업반장 또는 팀장인 00가 위 공사현장의 일용노무자인 00과 원고에게 출·퇴근용으로 사용하라고 하면서 제공한 것이고, 원고가 위오토바이를 타고 퇴근하다가 이 사건 사고가 발생하였으므로, 이 사건 사고는 ㅁㅁ의지배·,관리 아래에 있다고 볼 수 있는 퇴근 중에 발생한 업무상 재해에 해당한다. ",
            "따라서 이 사건 처분은 위법하다."
        ],
        "dedatAssrs": []
    },
    "facts": {
        "bsisFacts": [
            "원고는 2006. 10. 10.경부터 ㅁㅁ이 ㅇㅇ 주식회사로부터 하도급받은 ㅁㅁ 주공2공구 아파트건설 공사현장(이하 '이 사건 공사현장' 이라고 한다)에서 일용직 목수로근무하였다.",
            "원고는 2006. 10. 25. 19:25경 위 공사현장에서 약 4~5km 떨어져 있는 숙소로 퇴근하던 중 같은 일용직 근로자인 00이 운전하던 오토바이를 타고 가다가 위 오토바이가 원고의 숙소 인근 도로에서 넘어지는 사고로 '우하지 경비골 간부골절' 의 상해를입었다(이하 '이 사건 사고' 라고 한다).",
            "원고는 2007. 7. 11. 피고에게 이 사건 사고는 통근 중 재해로서 업무상 재해에해당된다고 주장하면서 요양신청을 하였고, 이에 대하여 피고는 2007. 9. 17. 이 사건사고는 업무상 재해에 해당되지 않는다는 이유로 원고의 요양을 불승인하는 이 사건처분을 하였다.",
            "이 사건 공사현장에는 00의 현장소장인 신기채가 근무하면서 업무를 총괄하였고, 00는 00이 하도급받은 공사 중 화장실 보온작업을 하면서 위 화장실 보온작업과 관련하여 00의 작업반장 또는 팀장의 역할을 하였다. ",
            "원고는 2006. 10. 10.경부터 00를 통해서 이 사건 공사현장에서 일하게 되었고, 위 공사현장에서 현장소장의 지시를 받아 00와 함께 작업을 하였다.",
            "00은 00에게 00가 관리한 팀의 근로자에 대한 일당을 지급하였고, 00는 소개비 등의 명목으로 1일 1인당 5천 원 정도를 공제한 금액을 각 근로자에게 지급하였다.",
            "00는 이 사건 공사현장에서 일하는 화장실 보온작업 관련 근로자를 위하여 위 공사현장에서 약 4~5km 떨어져 있는 곳에 숙소를 마련하였고, 위 숙소에는 원고가 먼저 들어온 후, 나중에 00, 00이 함께 사용하게 되었는데, 위 숙소비용은 00가 부담하였다. ",
            "원고는 위 공사현장에서 일하는 동안 위 공사현장과 숙소 사이를 걸어서 출.퇴근하였다.",
            "원고는 오전 7:00부터 오후 18:00까지 위 공사현장에서 작업을 한 후 이 사건 공사현장에 있는 식당에서 다른 근로자들과 함께 저녁 식사를 하고서 숙소로 퇴근하였다.",
            "00은 2009. 10. 24.까지 근무하기로 되어 있었으나, 00의 부탁에 따라 2009. 10. 26.까지 근무하였다. ",
            "이 사건 공사현장 부근은 아파트 공사 건설을 위한 대규모 공사가 한창이었는데(을 제10호증), 이 사건 공사현장에 근무하는 근로자 중에는 외국인이 많았고 외국인 근로자들은 대부분 원고의 숙소 부근에 위치한 숙소에서 살았다.",
            "이 사건 공사현장에서 숙소로 가는 길은 비포장 상태였고(을 제4호증), 외국인 근로자의 경우 대중교통을 이용하기가 쉽지 않았으므로, 인근 숙소에 있는 근로자들은 대부분 자전거, 오토바이 등을 이용하여 공사현장까지 출.퇴근하였다.",
            "00은 이 사건 공사현장에서 근무하는 외국인 근로자가 대부분 작업반장 또는 팀장이 제공한 숙소에서 지낸다는 사실을 알고 있었다.",
            "00는 2006. 10. 24. 김포에 가서 위 오토바이(00와 같이 근무하였던 중국 국적의 일용노무자가 사용하다가 방치한 무등록 오토바이)를 직접 가지고 온 다음, 2006. 10. 25. 00에게 원고, 00 등의 출․퇴근용으로 이용하라고 하면서 기름이 넣어져 있는 상태로 위 오토바이를 건네주었다.",
            "원고는 2006. 10. 25. 평소와 마찬가지로 오후 6시경 일을 마치고서 위 공사현장 내 식당에서 00, 00, 00 등과 식사를 하였다.",
            "원고, 00 및 00은 식사 후, 원고는 이 사건 공사현장의 북쪽 출입문으로 나가 기다리고, 00과 00은 위 오토바이를 타고 이 사건 공사현장 중 차량 통행이 가능한 동쪽 출입문을 돌아 원고를 태워 숙소를 가기로 한 다음, 00이 차례로 00과 원고를 태우고 숙소로 가던 중 이 사건 사고가 발생하였다.",
            "피고는 원고가 임의동승하였다는 취지로 주장하나, 앞서 본 바와 같이 원고가 00, 00과 같이 식사를 하였고, 을 제12호증의 기재에 따르면, 원고가 이 사건 공사현장에서 가장 먼저 근무하기 시작하였고, 근무일수도 가장 많은 사실이 인정된다.",
            "00은 이 사건 사고 다음날 다른 현장으로 떠나게 되어 있었으므로, 저녁 식사를 함께 한 원고, 00, 00 중 원고를 제외한 나머지 00, 00만이 위 오토바이를 타기로 하였다고 보기 어렵다."
        ]
    },
    "dcss": {
        "courtDcss": [
            "사업주가 제공한 교통수단을 근로자가 이용하거나 또는 사업주가 이에 준하는 교통수단을 이용하도록 하는 경우를 비롯하여, 외형상으로는 출·퇴근의 방법과 그 경로의 선택이 근로자에게 맡겨진 것으로 보이나 출'퇴근 도중에 업무를 행하였다거나 통상적인 출'퇴근시간 이전 혹은 이후에 업무와 관련한 긴급한 사무처리나 그밖에 업무의 특성이나 근무지의 특수성 등으로 출·퇴근의 방법 등에 선택의 여지가 없어 실제로는 그것이 근로자에게 유보된 것이라고 볼 수 없다. ",
            "사회통념상 아주 긴밀한 정도로 업무와 밀접,불가분의 관계에 있다고 판단되는 경우에는, 그러한 출·퇴근 중에 발생한 재해와 업무 사이에는 직접적이고도 밀접한 내적 관련성이 존재하여 그 재해는 사업주의 지배·관리 아래 업무상의 사유로 발생한 것이라고 볼 수 있다(대법원 2010. 4. 19. 선고 2010두184 판결 참조).",
            "또한, 출·퇴근을 위해 대중교통수단이나 통근버스를 이용하는 것이 사실상 불가능하거나 현저한 육체적 노고와 일상생활의 부담을 감수해야 하는 상황이어서, 자신의오토바이를 운전하여 출·퇴근하는 경우에도 근로자에게 출·퇴근의 방법에 선택의 여지가 없다고 보아야 한다(대법원 2009. 5. 28. 선고 2007두2784 판결 참조).",
            "위에서 인정한 사실을 위 법리에 비추어 인정되는 아래 사정에 따르면, 이 사건 사고 당시 퇴근 방법과 경로의 선택이 사실상 근로자에게 유보되었다고 볼 수 없어, 사업주인 ㅁㅁ의 객관적 지배·관리 아래 있었거나, 이 사건 사고는 사업주가 제공한 교통수단을 근로자가 이용하거나 또는 사업주가 이에 준하는 교통수단을 이용하도록 한 상황에서 발생한 것이라고 판단된다.",
            "따라서 원고의 퇴근 과정에서 발생한 이 사건 사고는 업무상 재해에 해당한다."
        ]
    },
    "close": {
        "cnclsns": [
            "제1심 판결을 취소한다.",
            "피고가 2007. 9. 17. 원고에게 한 요양불승인처분을 취소한다.",
            "소송총비용은 피고가 부담한다."
        ]
    }
}