{
    "info": {
        "caseField": "3",
        "detailField": "5",
        "trailField": "2",
        "caseNm": "법인세등부과처분취소",
        "courtNm": "서울고등법원",
        "judmnAdjuDe": "2011. 05. 12.",
        "caseNo": "2009누40034",
        "relateLaword": [
            "행정소송법 제8조",
            "민사소송법 제420조 ",
            "법인세법(2007. 12. 31. 법률 제8831호로 개정되기 전의 것) 제67조",
            "법인세법(2007. 12. 31. 법률 제8831호로 개정되기 전의 것) 제60조",
            "법인세법(2007. 12. 31. 법률 제8831호로 개정되기 전의 것) 제66조",
            "소득세법(2006. 12. 30. 법률 제8144호로 개정되기 전의 것) 제128조",
            "소득세법 시행령(2008. 2. 22. 대통령령 제20618호로 개정되기 전의 것) 제192조",
            "국세징수법 제86조",
            "국세기본법 제2조",
            "국세징수법(2011. 4. 4. 법률 제10527호로 개정되기 전의 것) 제9조 "
        ],
        "qotatPrcdnt": [
            "대법원 2006. 4. 20. 선고 2002두1878전원합의체 판결",
            "대법원 2006. 7. 27. 선고 2004두9944 판결"
        ]
    },
    "concerned": {
        "acusr": "2",
        "dedat": "3"
    },
    "org": {
        "orgJdgmnCourtNm": "서울행정법원",
        "orgJdgmnAdjuDe": "2009. 11. 12.",
        "orgJdgmnCaseNo": "2008구합24972"
    },
    "disposal": {
        "disposalform": "10",
        "disposalcontent": [
            "원고의 피고들에 대한 항소를 모두 기각한다.",
            "항소비용은 원고가 부담한다."
        ]
    },
    "mentionedItems": {
        "rqestObjet": [
            "제1심 판결을 취소한다.",
            "피고 영등포세무서장이 2006. 2. 1. 원고에 대하여 한 별지 1 기재 법인세 합계 372,520,140원 및 부가가치세 합계 60,843,100원의 각 부과처분, 2003년 귀속 원천세 1,811,269,040원의 징수처분 및 피고 서울지방국세청장이 2006. 2. 2. 원고에 대하여 한 2001년 귀속 335,422,455원 및 2002년 귀속 54,779,758원의 각 소득금액변동통지처분을 모두 취소한다."
        ]
    },
    "assrs": {
        "acusrAssrs": [
            "이 사건 파트너쉽(5개) 중 4개 파트너쉽은 위 빌딩운용 및 처분으로 인한 이 사건 배당소득 지급 이전에 이미 다른 펀드에게 000에 대한 투자지분을 양도하였기 때문에 위 4개 파트너쉽에게 이 사건 배당소득이 실질적으로 귀속될 여지가 없었고, 따라서 이 사건 제1처분은 위법하다.",
            "피고 서울지방국세청장은 이 사건 용역비용을 손금불산입 하면서 원고가 000에게 지급한 재무자문 용역비 115,000,000원 및 000에게 지급한 법률수수료 272,202,213원 합계 390,202,213원이 사외유출된 것으로 보았다.",
            "그리고, 이 사건 파트너쉽에 대한 인정배당으로 소득처분하면서 소득금액변동통지서에 소득자를 000 외 4개 펀드 라고만 기재하여 그 소득자를 특정하지 아니하였으므로, 이 사건 제2처분 중 위 소득금액변동통지 처분은 위법하다."
        ],
        "dedatAssrs": [
            "사실상 수익자들인 이 사건 파트너쉽의 거주지국과의 조세조약 및 국내법의 세율을 적용한 것은 타당하다."
        ]
    },
    "facts": {
        "bsisFacts": [
            "미국 법인인 000은 한국에 있는 부동산에 투자할 목적으로 공동으로 출자하여 2001. 3. 8. 말레이시아 라부안에 000(OOO., 이하 'OOO' 라 한다)를 설립하였다.",
            "000와 내국인 00 및 00은 공동으로 2001. 3. 10. 원고를 설립하였는데, 원고는 2001. 3. 30. ㅇㅇ증권빌딩을 매입하여 임대업을 영위하다가, 2003. 1. 6. 호주 멕쿼리사가 설립한 000(000) 제1차 유동화전문회사에게 위 00증권빌딩을 720억 원에 매각하고, 빌딩운용 및 처분으로 인한 수익배당금 159억 원(이하 '이 사건 배당소득' 이라 한다)을 000에게 지급하였다.",
            "원고는 2001년부터 2003년까지 각 사업연도 중에, 00증권빌딩 취득 및 매각과 관련하여, 1. 2001. 4.부터 00애셋에이치앤엠 유한회사(이하 'OO애셋' 이라 한다)에 게 지급한 합계 321,567,000원의 용역대가, 2. 2001. 4.경 00 및 000에게 지급한 합계 115,000,000원의 재무자문 용역비를 각 해당 사업연도의 법인세 소득금액 계산상 손금에 산입하였다.",
            "그리고 3. 2001. 4.경부터 2002. 3.경까지 사이에 법률회사인 000(OOO)에게 지급한 합계 275,202,213원의 법률수수료 등 총 826,767,766원(이하 이 사건 용역비용 이라 한다)을 각 해당 사업연도의 법인세 소득금액 계산상 손금에 산입하고, 각 과세기간의 부가가치세 납부세액 계산상 매입세액으로 공제하여 법인세 및 부가가치세를 각 신고·납부하였다.",
            "원고는, 000가 원고의 지분 79%를 보유하고 있어서 대한민국과 말레이시아 정 부 간의 소득에 대한 조세의 이중과세회피와 탈세방지를 위한 협약 (1982. 4. 20. 쿠알 라룸프르에서 서명, 1983. 1. 2. 발효된 것) 제10조 제2항 가목에 따른 수익적 소유자에 해당한다는 이유로, 이 사건 배당소득에 대하여 한 , 말 조세조약에서 규정하고 있는 제한세울 10%를 적용하여 원천세를 징수 , 납부하였다.",
            "피고 서울지방국세청장은 원고에 대한 법인세 정기조사와 외국주주에 대한 주식 변동조사를 실시하였다.",
            "그리고, 그 결과, 1. 이 사건 용역비용은 원고의 엽무와 관련이 없는 비용이고, 2. 000는 000가 합리적인 사업목적 없이 한국 내 투자이익에 대한 조세목적상 투자경로로 활용하기 위하여 말레이시아에 설립한 도관회사(conduit company)로서 원고에 대한 실질적 지배 , 관리권이 없다.",
            "그러므로, 사실상 수익자들인 이 사건 파트너쉽의 거주지국과의 조세조약 및 국내법의 세율(주민세 포함, 미국 11%, 케 이만 아일랜드 27.5%)을 적용하여야 한다는 내용의 과세자료를 피고 영등포세무서장에게 통보하였다.",
            "피고 영등포세무서장은 위 과세자료통보 결과에 따라, 2006. 2. 1. 원고에게 별지 1 기재 법인세 합계 372,520,140원, 부가가치세 합계 60,843,100원 및 2003년 귀속 배당소득원천세 1,811,269,040원을 각 경정고지하였다.",
            "그리고, 피고 서울지방국세청장은 2006. 2. 2. 원고에게 이 사건 용역비용을 손금불산입하였다.",
            "그러면서, 원고가 000에게 지급한 재무자문 용역비 115,000,000원 및 000에게 지급한 법률수수료 275,202,213원의 합계 390,202,213원을 000의 주주들인 이 사건 파트너쉽에 대한 인정배당으로 소득처분하는 내용의 소득금액변동통지(2001년 귀속 335,422,455원, 2002년 귀속 54,779,758원)를 하였다."
        ]
    },
    "dcss": {
        "courtDcss": [
            "을 제33호증의 1, 2의 각 기재에 변론 전체의 취지를 종합하면, 이 사건 파트너쉽 중 4개 파트너쉽이 000에 대한 투자지분을 별지 2 원천징수세액표 의 변동후 투자펀드 란 중 양도일자 란 기재 각 양도일에 양수인 란 기재 양수인들(이 사건 파트너쉽 양수인)에게 양도한 사실은 인정된다.",
            "그러나, 위 인정사실 및 거시증거에 의하면, 피고 영등포세무서장은 위 투자지분의 양도양수를 토대로 이 사건 파트너쉽 양수인이 사 실상 수익자들이라고 보아 별지 2 원천징수세액표 기재와 같이 2003년 귀속 배당소득원천징수세액을 산정하여 이 사건 제1처분을 한 사실을 인정할 수 있으므로, 이와 다른 전제 하에 있는 원고의 위 주장은 이유 없다.",
            "법인세법(2007. 12. 31. 법률 제8831호로 개정되기 전의 것) 제67조는 제60조의 규정에 의하여 각 사업연도의 소득에 대한 법인세의 과세표준을 선고하거나 제66조 또 는 제69조의 규정에 의하여 법인세의 과세표준을 결정 또는 경정함에 있어서 익금에 산입한 금액은 그 귀속자에 따라 상여,배당,기타사외유출,사내유보 등 대통령령으로 정하는 바에 따라 처분한다 고 규정하고 있다.",
            "그리고, 소득세법(2006. 12. 30. 법률 제8144호로 개정되기 전의 것) 제128조는 제1항에서 원천징수의무자는 원천징수한 소득세를 그 영수일이 속하는 달의 다음달 10일까지 대통령령이 정하는 바에 의하여 원천징수 관할 세무서,한국은행 또는 체신관서에 납부하여야 한다 고, 제2항에서 원천징수의무자는 법인세법 제67조의 규정에 의하여 처분된 상여, 배당 및 기타소득에 대하여는 제1항 본문의 규정에 따라 납부하여야 한다 고 각 규정하고 있다.",
            "그리고, 소득세법 시행령(2008. 2. 22. 대통령령 제20618호로 개정되기 전의 것) 제192조는 제1항에서 법인세법에 의하여 세무서장 또는 지방국세청장이 법인소득금액을 결정 또는 경정함에 있어서 처분되는 배당,상여 및 기타소득은 법인소득금액을 결정 또는 경정하는 세무서장 또는 지방국세청장이 그 결정일 또는 경정일부터 15일내에 재정경제부령이 정하는 소득금액변동 통지서에 의하여 당해 법인에게 통지하여야 한다. ",
            "다만, 당해 법인의 소재지가 분명하지 아니하거나 그 통지서를 송달할 수 없는 경우 또는 당해 법인이 국세징수법 제86조 제1항 제1호,제2호 및 제4호의 규정에 해당하는 경우에는 당해 주주 및 당해 상여나 기타소득의 처분을 받은 거주자에게 통지하여야 한다 고, 제2항에서 제1항의 경우에 당해 배당, 상여 및 기타소득은 그 통지서를 받은 날에 지급하거나 회수한 것으로 본다 고 각 규정하고 있다.",
            "위와 같은 규정에 의한 소득처분은 과세관청이 사외유출된 금액이 언제, 누구에게 실제로 지급(귀속)되었는지를 객관적인 사실로 입증하지 않은 채로 법인세법 관련 규정이 정하는 방법에 따라 사외유출된 금액의 귀속자와 소득의 종류 등을 확정하는 것이다.",
            "그러므로, 과세관청의 소득처분과 그에 따른 소득금액변동통지가 있는 경우 원천징수의무자인 법인은 소득금액변동통지서를 받은 날에 그 통지서에 기재된 소득의 귀속자에게 당해 소득금액을 지급한 것으로 의제되어 그 때 원천징수하는 소득세의 납세의무가 성립함과 동시에 확정된다.",
            "그리고, 원천징수의무자인 법인으로서는 소득금액변동통지서에 기재된 소득처분의 내용에 따라 원천징수세액을 그 다음달 10일까지 관할 세무서장 등에 게 납부하여야 할 의무를 부담하게 된다(대법원 2006. 4. 20. 선고 2002두1878 전원합의체 판결 등 참조).",
            "또한, 원천징수하는 소득세는 특별한 절차가 필요 없이 성립과 동시에 확정되는 자동확정방식이어서 과세요건이 발생하였을 때 소득자 및 원천징수의무자는 결정되는 것이다.",
            "그리고, 과세관청이 사외유출된 금액에 대해 소득처분을 한 경우 당해 소득금액의 지급자로서 원천징수의무자인 법인에 대하여는 소득금액변동통지서가 당해 법인에게 송달된 날에 그 원천징수의무가 성립하는 것과는 달리, 그 소득의 귀속자에 대하여는 법인에 대한 소득금액변동통지가 송달되었는지 여부와 상관없이 소득처분이 있게 되면 소득세법 규정에 따라 소득세의 과세대상이 된다.",
            "그리고 소득의 귀속자의 소득세 납세의무는 국세기본법 제21조가 정하는 바에 따라 당해 소득이 귀속된 과세기간이 종료하는 때에 성립한다(대법원 2006. 7. 27. 선고 2004두9944 판결).",
            "국세기본법 제2조 제10호는 납세자라 함은 납세의무자와 세법에 따라 국세를 징수하여 납부할 의무를 지는 자를 말한다 고 규정하고 있고, 국세징수법(2011. 4. 4. 법률 제10527호로 개정되기 전의 것) 제9조 제1항은 세무서장 또는 시장·군수가 국세를 징수하고자 할 때에는 납세자에게 그 국세의 과세연도,세목,세액 및 그 산출근거, 납부기한과 납부장소를 명시한 고지서를 발부하여야 한다 고 규정하고 있다.",
            "위와 같은 규정 및 법리에 비추어 보면, 원천징수의무자인 법인에 대한 소득금액 변동통지는 사외유출된 소득의 귀속자 및 소득의 종류, 그에 따른 원천징수세액 등을 충분히 알 수 있을 정도로 기재되어 있다면 그 소득금액변동통지 처분이 위법하다고 볼 수 없다.",
            "이 사건에서 보건대, 위 거시증거에 의하면, 피고 서울지방국세청장은 이 사건 용역비용을 손금불산입하고 이 사건 파트너쉽에 대한 인정배당으로 소득처분하면서 2006. 2. 2. 원고에게 2001년 귀속분 및 2002년 귀속분 소득금액변동통지를 하였다.",
            "그런데, 각소득금액변동통지서에는 소득종류 란에 각 배당 으로, 사업연도 란에 2001.06 및 2002.03 으로, 귀속연도 란에 2001년 및 2002년 으로, 소득금액 란에 335,422,455 및 54,779,758 로 기재되어 있다.",
            "그리고, 소득자의 성명 란에 각 000 외 4개 펀드 로, 주소 란에 각 0000 로 기재되어 있는 사실(위 해당연도에는 이 사건 파트너쉽이 5개 펀드로 구성되어 있었음은 앞서 본 바와 같다)을 인정할 수 있다.",
            "이에 의하면, 위 각 소득금액변동통지는 이 사건 용역비용을 손금불산입 하고 이 사건 파트너쉽에 대한 인정배당으로 소득처분함에 따른 2001년 귀속분 및 2002년 귀속분 원천징수세액에 관한 소득금액변동통지로서, 사외유출된소득의 귀속자 및 소득의 종류, 그에 따른 원천징수세액 등을 충분히 알 수 있을 정도로 기재되어 있는 것으로 볼 수 있다 할 것이므로 위 각 소득금액변동통지 처분이 위법하다고 할 수 없고, 따라서 원고의 위 주장은 이유 없다."
        ]
    },
    "close": {
        "cnclsns": [
            "원고의 피고들에 대한 항소를 모두 기각한다. ",
            "항소비용은 원고가 부담한다."
        ]
    }
}