{
    "info": {
        "caseField": "3",
        "detailField": "5",
        "trailField": "2",
        "caseNm": "과징금부과처분취소",
        "courtNm": "대전고등법원",
        "judmnAdjuDe": "2010. 01. 14.",
        "caseNo": "2009누1806",
        "relateLaword": [
            "식품위생법 제31조",
            "구 식품위생법 제1조"
        ],
        "qotatPrcdnt": [
            "대법원 2003. 9. 2. 선고 2002두5177 판결"
        ]
    },
    "concerned": {
        "acusr": "2",
        "dedat": "3"
    },
    "org": {
        "orgJdgmnCourtNm": "대전지방법원",
        "orgJdgmnAdjuDe": "2009. 7. 8. ",
        "orgJdgmnCaseNo": "2009구합685"
    },
    "disposal": {
        "disposalform": "10",
        "disposalcontent": [
            "원고의 항소를 기각한다.",
            "항소비용은 원고가 부담한다."
        ]
    },
    "mentionedItems": {
        "rqestObjet": [
            "제1심 판결을 취소한다.",
            "피고가 2009. 2. 13. 원고에 대하여 한 영업정지에 갈음한 과징금 부과처분을 취소한다.(원고는 당심에서 처분일자를 정정하였다)"
        ]
    },
    "assrs": {
        "acusrAssrs": [],
        "dedatAssrs": []
    },
    "facts": {
        "bsisFacts": []
    },
    "dcss": {
        "courtDcss": [
            "특히 원료의 유통기한은 생산일지에 반드시 기재하여야 하는 사항도 아니다.",
            "따라서 생산일지에 원료의 유통기한을 사실과 다르게 기재하였다고 하더라도 위와 같은 의무위반이 있다고 할 수 없다. ",
            "그렇지 않다고 하더라도 이 사건에서와 같이 원고 직원의 단순한 부주의로 유통기한을 오기한 경우까지 위와 같은 의무위반이 있다고 할 수 없다. ",
            "그럼에도 불구하고 피고가 원고의 위 의무위반을 이유로 이 사건 처분을 한 것은 위법하다.",
            "위와 같은 준수사항을 규정한 취지는 생산 및 작업기록을 작성하고 보관하게 함으로써 식품으로 인하여 생기는 위생상의 위해를 방지하고 식품영양의 질적 향상을 도모하며 식품에 관한 올바른 정보를 제공하여 국민보건의 증진에 이바지하기 위한 것이다.",
            "그런데, 만일 사실과 다른 생산일지 등 서류를 작성·보관하여도 무방하다면 위와 같은 준수사항을 규정한 취지가 몰각될 우려가 있는 점, 식품위생법 제31조 제1항은 위와 같은 준수사항을 보건복지부령으로 정하도록 위임하고 있는데, 식품위생법 시행규칙 제53조 [별표 15] 도 보건복지부령에 규정되어 있다.",
            "또 갑 제8호증, 을 제11호증, 을 제12호증의 2, 3, 을 제13호증의 각 기재와 원료수불부에 원료의 유통기한이 기재되었다고 하더라도 생산일지에 원료의 유통기한을 기재하도록 함으로써 생산 작업자가 제조공정에 투입할 때 이를 다시 한 번 확인하도록 주의를 환기시키는 한편 그러한 확인을 제대로 하였는지를 사후에 관리·감독할 수 있는 자료로서의 기능이 있다.",
            "그리고, 원료수불부와 상호 정확성을 체크하는 기능이 있는 점(갑 제11호증의 일부 기재), 어떠한 사항을 기재하지 않는 것보다 사실과 다른 기재를 하는 것의 위험성이 더 클 수도 있는 점 등에 비추어 보면, 원고의 내부 규정에 원료의 유통기한을 생산일지에 기재하도록 되어 있음에도 불구하고 이를 사실과 다르게 기재하는 것은 위 준수사항을 위반한 행위에 해당한다.",
            "행정법규 위반에 대하여 가하는 제재조치는 행정목적의 달성을 위하여 행정법규 위반이라는 객관적 사실에 착안하여 가하는 제재이므로 위반자의 의무 해태를 탓할 수 없는 정당한 사유가 있는 등의 특별한 사정이 없는 한 위반자에게 고의나 과실이 없다고 하더라도 부과될 수 있다( 대법원 2003. 9. 2. 선고 2002두5177 판결 등 참조).",
            "그러므로 갑 제3호증의 기재에 비추어 보면, 갑 제11호증의 일부 기재만으로는 위와 같은 특별한 사정이 있다고 보기 어렵다."
        ]
    },
    "close": {
        "cnclsns": [
            "원고의 항소를 기각한다.",
            "항소비용은 원고가 부담한다."
        ]
    }
}