{
    "info": {
        "caseField": "3",
        "detailField": "5",
        "trailField": "2",
        "caseNm": "법인세 부과처분 취소",
        "courtNm": "대구고등법원",
        "judmnAdjuDe": "2010. 06. 11.",
        "caseNo": "2009누2123",
        "relateLaword": [
            "행정소송법 제18조",
            "행정소송법 제20조",
            "법인세법 제67조",
            "법인세법 시행령 제106조",
            "법인세법 제25조"
        ],
        "qotatPrcdnt": [
            "대법원 2001. 3. 27. 선고 99두8039 판결 ",
            "대법원 2002. 12. 6. 선고 2001두2560 판결",
            "대법원 2001. 4. 13. 선고 2001두434 판결 등",
            "대법원 2004. 4. 9. 선고 2003두7804 판결",
            "대법원 1992. 7. 14. 선고 92누3120 판결 ",
            "대법원 2002. 12. 6. 선고 2001두2560 판결 "
        ]
    },
    "concerned": {
        "acusr": "2",
        "dedat": "3"
    },
    "org": {
        "orgJdgmnCourtNm": "대구지방법원 ",
        "orgJdgmnAdjuDe": "2009. 9. 23.",
        "orgJdgmnCaseNo": "2008구합2073 "
    },
    "disposal": {
        "disposalform": "10",
        "disposalcontent": [
            "원고의 항소를 기각한다.",
            "항소비용은 원고가 부담한다.",
            "이 사건 소득금액변동통지 처분의 취소를 구하는 행정소송은 전심절차를 거치지 않고서도 제기할 수있다 할 것이므로 이에 반하는 피고의 본안전 항변은 이유 없다."
        ]
    },
    "mentionedItems": {
        "rqestObjet": [
            "제1심 판결을 취소한다.",
            "피고가 원고에 대하여 한, 2007. 7. 9.자 2003년 귀속 법인세 205,310,220원,2005년 귀속 법인세 485,660,450원, 2005년 제1기분 부가가치세 5,903,880원, 2005년 제2기분 부가가치세 8,139,590원의 각부과처분을, 2007. 7. 10.자 2003년 귀속 501,727,336원, 2005년 귀속 768,056,037원의 각 소득금액변동통지를 각 취소한다."
        ]
    },
    "assrs": {
        "acusrAssrs": [
            "원고가 인부들에게 지급한 정기 노임(매월 20일) 이외에 수시로 지급한 노임 234,407,110원 및 원고의 대표이사 소외 1이 직접 특별상여금으로 지급한 99,900,000원 등의 노무비와 인력개발회사를 통해 지급한 외주가공비는 원고가 실제로 지급한 인건비이므로 손금에 추가로 산입되어야 하고, 대표자에 대한 상여로 소득처분하면 안 된다.",
            "피고는 2003년 노무비 과다계상금액 501,727,336원과 2005년 노무비 과다계상금액 656,056,037원을 전액 상여처분하였으나, 2003년 또는 2005년 과다계상한 노무비 중에서 2004년 과소계상한 노무비 385,773,856원을 차감한 금액을 상여처분하는 것이 타당하다.",
            "원고가 000으로부터 자재를 매입한 가격과 000의 매입가격과의 차액은 판매관리비의 지출에 대응하는 것으로서 원고가 000을 통해 자재를 공급받지 않았다면 추가로 부담하였을 원고의 매입부대비용이고 원고의 000에 대한 매입가격은 정상적인 거래가격이므로 부당행위부인규정을 적용하여서는 안 되고 위 비용은 손금으로 산입되어야 한다.",
            "원사업자인 000(이하 'OOO' 이라고 한다)와 원고 사이에 체결된 건설공사하도급계약에 의하면 공상처리비를 원고가 부담하도록 되어 있어 원고가 원사업자에게 청구할 수 있는 채권이 아니므로, 원고가 공사현장에서 업무상 발생한 사고로 인하여 치료비 389,148,375원을 지급한 것은 위 계약에 따른 의무를 이행한 것일 뿐 채권을 포기한 것이라고 할 수 없기에 이를 접대비로 보아서는 안 되고 손금으로 산입하여야 한다.",
            "원고는 2005. 5. 18. 000(대표자 소외 2)에게 고철류를 46,000,000원에 매각하기로 계약하였으나 물량과 단가를 잘못 계산하여 대금이 과다하게 산정되었기에 고철대금을 원고가 선급금으로 지급한 9,200,000원으로 낮추기로 재계약하였다.",
            "그리고, 이에 000이 원고에게 지급하여야 할 외상매입금 내지는 미지급금과 같은 잔존 채무는 존재하지 아니하므로, 당초 대금과 재계약한 대금과의 차액인 36,800,000원을 매출누락으로 보아서는 안 되고, 원고가 위 고철을 46,000,000원에 매각한 것으로 인정한다 하더라도 아직 회수하지 아니한 36,800,000원은 미수금에 해당하므로 사내유보로 소득처분 하여야 할 것이지 대표자에 대한 상여로 소득처분 해서는 안 된다.",
            "피고는 고철매각대금 매출누락금액 112,000,000원을 사외유출된 것으로 보아 대표자 상여처분하였으나 위 돈 중 75,200,000원(OOO은 9,200,000원)이 전액 원고 명의의 법인계좌에 입금되었고 사외로 유출된 것이 아니므로, 이에 대한 확인도 없이 매출누락 사실만으로 대표자에게 상여처분한 것은 부당하다."
        ],
        "dedatAssrs": [
            "원고가 이 사건 법인세 등 부과처분 취소의 소를 제기하기 전에 조세심판원에 심판청구를 제기하여 청구 기각의 심판결정을 받기는 하였으나, 과다계상노무비 손금불산입과 고철매각대금 매출누락 익금산입에 대한 이 사건 상여처분에 대하여는 필요적 전치절차를 거치지 아니하였으므로, 이 사건 소 중 이 사건 상여처분의 취소를 구하는 부분은 부적법하다."
        ]
    },
    "facts": {
        "bsisFacts": [
            "피고는 2007. 5. 2.부터 같은 달 31.까지 원고에 대하여 2003사업연도 내지 2005사업연도 법인세 통합조사를 실시하여 다음과 같이 처분하였다.",
            "원고가 계상한 노무비 중 2003사업연도 501,727,336원, 2005사업연도 656,056,037원을 가공노무비로 보아 각 사업연도 법인의 소득에 손금불산입하고, 위 돈이 사외로 유출되어 귀속이 불분명하다고 보아 대표자에게 상여 처분하였으며, 2004사업연도 노무비 385,773,856원은 과소계상노무비로 보아 손금으로 인정하였다.",
            "원고와 특수관계자에 해당하는 000(이하 'OOO' 이라고 한다)로부터 매입한 자재를 시가보다 높은 가액으로 매입하였다고 보고 원고가 000으로부터 매입한 가격과 000의 매입가격과의 차액 586,895,764원을 시가초과액으로 간주한 다음 부당행위계산부인 규정을 적용하여 2005사업연도 법인의 소득에 익금으로 산입하고, 000에게 이익을 분여한 것으로 보아 기타사외유출로 처분하였다.",
            "2004사업연도 공상처리비 171,500,000원, 2005사업연도 공상처리비 217,648,375원을 지급의무가 없는 비용으로 보아 접대비 손금한도액을 초과한 위 389,148,375원 전액을 각 사업연도 법인의 소득에서 손금불산입하여 기타사외유출로 처분하였다.",
            "아파트 공사현장의 고철매각대금 112,000,000원(000 46,000,000원, 000 31,000,000원, 000 35,000,000원)을 매출누락한 사실을 확인하고 위 고철매각대금에 대하여 2005년 제1기분 부가가치세 과세표준 59,999,999원, 2005년 제2기분 부가가치세 과세표준 41,818,181원의 합계 101,818,180원을 증액 경정하였다.",
            "그리고, 공급대가 112,000,000원을 2005사업연도 법인의 소득에 익금산입하고, 대표자에게 상여 처분하였다.",
            "피고는 위와 같이 처리한 내역에 따라 원고에게 2007. 7. 9. 2005년 제1기분 부가가치세 5,903,880원, 2005년 제2기분 부가가치세 8,139,590원, 2003사업연도 법인세 205,310,220원, 2005사업연도 법인세 500,841,520원을 경정고지(이하 '이 사건 부과처분' 이라고 한다)하고, 2004사업연도 법인세 30,817,920원을 환급하였다.",
            "그리고 2007. 7. 10. 2003사업연도 501,727,336원, 2005사업연도 768,056,037원을 원고의 대표이사인 소외 1에게 상여로 처분(이하 '이 사건 상여처분' 이라고 한다)하여 원고에게 소득금액변동통지를 하였다(이하 이 사건 부과처분과 소득금액변동통지를 합하여 '이 사건 각 처분' 이라고 한다).",
            "원고는 이에 불복하여 2007. 10. 8. 조세심판원에 심판청구를 하였으나, 조세심판원은 2008. 6. 4. 원고의 심판청구를 기각하였다.",
            "피고는 이 사건 소송 계속 중 이 사건 부과처분과 관련하여 종업원 6인에게 지급한 퇴직금을 손금으로 인정하여 달라는 원고의 주장이 사실로 확인되자 이를 손금으로 인정하고, 2009. 1. 21. 당초 원고에게 부과된 2005사업연도 법인세 500,841,520원에서 15,181,070원을 감액한 485,660,450원으로 직권 경정하여 위 법인세 15,181,070원을 환급하고 그 사실을 원고에게 통지하였다."
        ]
    },
    "dcss": {
        "courtDcss": [
            "과세관청이 세무조사를 하는 과정에서 납세의무자로부터 일정한 부분의 거래가 가공거래임을 자인하는 내용의 확인서를 작성받았다면 그 확인서가 작성자의 의사에 반하여 강제로 작성되었거나 혹은 그 내용의 미비 등으로 인하여 구체적인 사실에 대한 입증자료로 삼기 어렵다는 등의 특별한 사정이 없는 한 그 확인서의 증거가치는 쉽게 부인할 수 없다( 대법원 2002. 12. 6. 선고 2001두2560 판결 등 참조).",
            "원고가 2003사업연도 내지 2005사업연도에 실제로 지출한 노무비 및 특별상여금에 관한 증빙자료로 제출한 갑 제11 내지 31호증의 각 기재는 이를 믿기 어렵고, 달리 원고 주장의 노무비 등이 실제로 지급되었음을 인정할 증거가 없으므로, 원고의 이 부분 주장은 이유가 없다.",
            "이 사건 상여처분과 관련하여 2003년 또는 2005년 과다계상한 노무비 중에서 2004년 과소계상한 노무비 385,773,856원을 차감한 금액으로 상여처분하여야 한다는 주장에 관하여 보건대, 법인이 매출액을 장부에 기재하지 아니하거나 가공의 비용을 장부에 계상한 경우 특별한 사정이 없는 한 그 매출누락액 또는 가공비용 상당의 법인의 수익은 사외로 유출된 것으로 보아야 한다.",
            "그리고 이 경우 그 전액이 사외로 유출된 것이 아니라고 볼 특별한 사정은 이를 주장하는 법인측에서 입증할 필요가 있고( 대법원 2001. 4. 13. 선고 2001두434 판결 등 참조), 가공경비가 사외로 유출되어 그 귀속이 불분명하다면 법인세법 제67조, 같은 법 시행령 제106조 제1항 제1호 단서에 의하여 법인의 대표자에게 귀속된 것으로 보아 상여로 소득처분한 것은 적법하다.",
            "위와 같이 사외유출금액의 소득처분은 각 사업연도별로 판단하여야 하고 이를 2003년도 또는 2005년도의 가공비용의 사외유출금액에 참작할 것은 아니다.",
            "그리고 2004년도에 과소계상한 노무비 385,773,856원이 있다고 하여 위 사실만으로 2003년 가공노무비로 인정된 501,727,336원 중 위 금액이 사외로 유출된 것이 아니라거나, 원고 대표이사가 원고의 수익을 사외유출시켜 자신에게 귀속시킨 돈 중 원고의 사업을 위하여 사용하였다고 인정하기 부족하고 달리 이를 인정할 증거가 없으므로, 원고의 이 부분 주장도 이유 없다.",
            "원고는 기존에 자재거래를 해오던 업체들과 직접 자재구매 및 자재임대거래를 하여 자재를 공급받을 수 있음에도 불구하고 특수관계자인 000을 통하여 자재거래를 하도록 함으로써 그 과정에서 000에게 이득을 준 것으로 보인다.",
            "그리고, 자기가 직접 구매하는 가격보다 더 비싼 비용을 지불한 원고의 행위를 정상적인 기업의 거래행위로 보기 어려운 점, 원고가 직접 거래처로부터 정상적으로 매입할 수 있는 금액(즉, OOO의 매입처에 대한 매입금액)을 건전한 사회통념 및 상관행상 특수관계자 아닌 자간의 정상적인 거래에서 적용되거나 적용될 것으로 판단되는 가격(시가)으로 봄이 타당하다.",
            "그리고 자재거래가 이루어진 시기, 규모 및 금액 등에 비추어 보면, 원고가 000으로부터 매입한 자재가격과 보성건업의 매입처에 대한 매입가격과의 차액을 시가초과액으로 보고 부당행위계산부인규정을 적용한 것은 정당하다.",
            "또한, 위 차액만큼이 원고가 000을 통해 자재를 공급받지 않았다면 원고가 추가로 부담하였을 판매관리비에 해당한다는 원고의 주장은 갑 제42, 43호증의 각 기재만으로는 이를 인정하기에 부족하고, 달리 이를 인정할 증거가 없다.",
            "회사가 채권 이행의 법률상 장애사유나 파산,강제집행 등에 준하는 객관적으로 정당한 사유가 없음에도 거래처와 관계개선 및 지원 등의 목적으로 회사의 독자적 판단 아래 채권을 임의로 포기 또는 면제한 것으로 인정되는 경우에는 이를 접대성 경비로 봄이 상당하다( 대법원 2004. 4. 9. 선고 2003두7804 판결 등 참조).",
            "원고가 사고 피해자측에 사고보상비로 지급하고 공상처리비로 한 비용은 지급의무가 없는 비용을 약정에 의해 지급하고 000로부터 받아야 할 채권을 포기한 것에 해당하므로 피고가 이를 접대비로 본 것은 정당하다.",
            "원고가 000과 사이에 고철류 매각대금을 920만 원으로 낮추어 재계약하였다는 점에 부합하는 듯한 갑 제44호증의 기재 및 제1심 증인 소외 2의 증언은 이를 믿기 어렵고, 달리 이를 인정할 증거가 없으므로, 이를 전제로 한 위 3,680만 원이 매출누락이 아니라는 원고의 이 부분 주장도 이유가 없다.",
            "법인이 매출사실이 있음에도 불구하고 그 매출액을 장부에 기재하지 아니한 경우에는 특별한 사정이 없는 한 원료매입비 등 원가상당액을 포함한 매출누락액 전액이 사외로 유출된 것으로 보아야 한다.",
            "그리고, 이 경우 그 매출누락액이 사외로 유출된 것이 아니라고 볼 특별사정은 이를 주장하는 법인이 입증하여야 하는 것이며( 대법원 2002. 12. 6. 선고 2001두2560 판결 등 참조), 매출누락액이 사외유출되어 그 귀속이 불분명하다면 법인세법 제67조, 같은 법 시행령 제106조 제1항 제1호 단서에 의하여 법인의 대표자에게 귀속된 것으로 보아야 한다.",
            "원고의 고철매각대금 매출누락액 112,000,000원이 존재하고, 위 고철매각대금 매출누락액이 사외로 유출되지 않았다는 점과 대표자에게 귀속되지 않았다는 점을 입증하기에는 갑 제54호증의 1, 2, 갑 제55호증의 각 기재만으로는 부족하며, 달리 이를 인정할 증거가 없으므로, 피고가 위 매출누락액 112,000,000원을 대표자에게 상여처분한 것은 적법하다."
        ]
    },
    "close": {
        "cnclsns": [
            "제1심 판결은 정당하고, 원고의 항소는 이유 없으므로 기각한다."
        ]
    }
}