{
    "info": {
        "caseField": "3",
        "detailField": "5",
        "trailField": "2",
        "caseNm": "토지수용 보상금 지급",
        "courtNm": "서울고등법원",
        "judmnAdjuDe": "2010. 08. 19.",
        "caseNo": "2009누33982",
        "relateLaword": [
            "한국토지주택공사법 부칙 제8조",
            "공익사업을 위한 토지 등의 취득 및 보상에 관한 법률 제70조",
            "구 지적법 제26조",
            "구 지적법 제27조"
        ],
        "qotatPrcdnt": [
            "수원지방법원 2009. 9. 9. 선고 2008구합9639 판결",
            "서울고등법원 2010. 8. 19. 선고 2009누33982 판결"
        ]
    },
    "concerned": {
        "acusr": "1",
        "dedat": "2"
    },
    "org": {
        "orgJdgmnCourtNm": "수원지방법원 ",
        "orgJdgmnAdjuDe": "2009. 9. 9.",
        "orgJdgmnCaseNo": "2008구합9639"
    },
    "disposal": {
        "disposalform": "10",
        "disposalcontent": [
            "피고의 항소를 기각한다.",
            "항소비용은 피고가 부담한다."
        ]
    },
    "mentionedItems": {
        "rqestObjet": [
            "피고는 원고에게 191,959,650원 및 이에 대하여 2008. 2. 9.부터 2009. 9. 9.까지는 연5%, 그 다음날부터 다 갚는 날까지는 연 20%의 각 비율에 의한 금액을 지급한다.",
            "제1심 판결을 취소한다. ",
            "원고의 청구를 기각한다."
        ]
    },
    "assrs": {
        "acusrAssrs": [
            "이 사건 합병 전 토지는 수용재결일 전에 합병되어 1필지의 이 사건 토지로 되었고, 나아가 용도상 불가분의 관계에 있으므로 일단의 토지로 평가되어야 한다."
        ],
        "dedatAssrs": [
            "이 사건 합병 전 토지는 일단의 토지로 보기 어렵다. ",
            "게다가 이 사건 사업은 도시 및 주거환경정비법에 의한 정비사업으로서 구 지적법(2007. 5. 17. 법률 제8435호로 개정되기 전의 것, 이하 같다) 제1항, 제3항에 따라 사업의 착수 또는 변경신고가 된 토지에 대하여는 그 사업이 완료되는 때까지 사업시행자 이외의 자가 토지의 이동을 신청할 수 없다.",
            "그럼에도 불구하고, 원고는 2007. 5. 22. 위 지적법 조항을 위반하여 이 사건 합병 전 토지를 이 사건 토지로 합병하였으니 이는 위법행위이므로 합병된 이후의 토지를 기준으로 보상금이 산정되어서는 아니 된다."
        ]
    },
    "facts": {
        "bsisFacts": [
            "제1심 법원의 감정인 소외인에 대한 감정촉탁결과에 의하면 2007. 12. 20.을 가격시점으로 할 때, 이 사건 토지가 합병되기 전을 기준으로 한 보상액은 640,928,700원이고, 합병 후를 기준으로 한 보상액은 809,537,700원이다(이하 합병 후를 기준으로 보상액을 산정한 부분을 따로 '제1심 감정결과' 라고 한다).",
            "사업시행자 : 한국토지공사 피고는 2009. 10. 1. 한국토지주택공사법(2009. 5. 22. 법률 제9706호)에 의하여 설립되어 같은 법 부칙 제8조 제1항에 따라 한국토지공사의 재산과 채권·채무, 그 밖의 권리·의무를 포괄적으로 승계하였다. ",
            "중앙토지수용위원회의 2007. 12. 20.자 수용재결(이하 '이 사건 수용재결' 이라고 한다.)",
            "수용개시일 : 2008. 2. 7.",
            "수용대상토지 : 0000, 0000, 0000 답 4,793㎡(이하 '이 사건 토지' 라고 한다. 이 사건 토지는 당초 0000 답 1,755㎡와 0000 답 3,038㎡로 나누어져 있다가 2007. 5. 22. 원고의 신청에 따라 OOOO토지가 OOOO 토지로 합병되었다. 이하 합병되기 전의 위 토지들을 '이 사건 합병 전 토지' 라고 한다.)",
            "수용보상금 : 617,578,050원"
        ]
    },
    "dcss": {
        "courtDcss": [
            "이 사건의 경우, 원고가 사업인정 고시 이후인 2007. 5. 22. 이 사건 합병 전 토지를 이 사건 토지로 합병한 사실은 앞서 본 바와 같으므로, 그와 같은 토지의 합병 행위가 위 지적법 조항을 위반하였다고 볼 여지는 있다 할 것이다.",
            "그러나 설령 원고가 위 지적법에 위반하여 토지의 이동을 신청하였다고 하더라도, 그와 같은 사정만으로 이 사건 토지의 가격을 합병 전 상태를 기준으로 평가하여야 한다고 새길 만한 아무런 법적 근거가 없으므로, 결국 이 사건 토지는 보상금 산정의 원칙에 따라 수용재결일 당시의 현황에 따라 합병된 상태를 기준으로 평가되어야 할 것이다.",
            "앞서 본 바와 같이 이 사건 토지는 합병된 상태로 평가되어야 하고, 을 6호증의 1, 2의 각 기재, 제1심 감정결과에 변론 전체의 취지를 더해 보면, 위 감정결과나 이 사건 수용재결의 감정결과 모두 비교표준지의 선정과 지역요인 등에 관하여 견해를 같이하면서 개별요인의 비교에 있어서만 그 격차율을 다소 달리 산출하여 시가를 평가한 사실을 인정할 수 있다.",
            "그리고, 여기에 비교표준지 선정이나 품등비교 등에 관하여 어떠한 위법사유가 있다고 보이지 않으므로 이 법원은 이 사건 토지의 현황을 보다 구체적이고 적절하게 반영한 것으로 보이는 제1심 감정결과를 채택하여 보상금을 산정하기로 한다.",
            "따라서 피고는 원고에게 제1심 감정결과에 따른 정당한 손실보상금액과 이 사건 수용재결에서 정한 손실보상금액의 차액인 191,959,650원 및 이에 대하여 원고가 구하는 대로 2008. 2. 9.부터 제1심 판결 선고일인 2009. 9. 9.까지는 민법이 정한 연 5%, 그 다음날부터 다 갚는 날까지는 소송촉진 등에 관한 특례법이 정한 연 20%의 각 비율에 의한 지연손해금을 지급할 의무가 있다."
        ]
    },
    "close": {
        "cnclsns": [
            "피고의 항소를 기각한다.",
            "항소비용은 피고가 부담한다."
        ]
    }
}