{
    "info": {
        "caseField": "3",
        "detailField": "5",
        "trailField": "2",
        "caseNm": "보험 급여 징수금 부과 처분취소",
        "courtNm": "서울고등법원",
        "judmnAdjuDe": "2009. 09. 08.",
        "caseNo": "2009누3547",
        "relateLaword": [
            "행정소송법 제8조",
            "민사소송법 제420조",
            "산업재해보상보험의 보험료징수 등에 관한 법률 제14조",
            "산업재해보상보험의 보험료징수 등에 관한 법률 시행령 제13조",
            "산업재해보상보험의 보험료징수 등에 관한 법률 제9조",
            "산업재해보상보험의 보험료징수 등에 관한 법률 시행령 제4조",
            "산업재해보상보험의 보험료징수 등에 관한 법률 시행령 제7조"
        ],
        "qotatPrcdnt": [
            "대법원 2008. 5. 8. 선고 2007두10488 판결 "
        ]
    },
    "concerned": {
        "acusr": "1",
        "dedat": "3"
    },
    "org": {
        "orgJdgmnCourtNm": "서울행정법원",
        "orgJdgmnAdjuDe": "2009. 1. 8.",
        "orgJdgmnCaseNo": "2008구합32386 "
    },
    "disposal": {
        "disposalform": "10",
        "disposalcontent": [
            "피고의 항소를 기각한다.",
            "항소비용은 피고가 부담한다."
        ]
    },
    "mentionedItems": {
        "rqestObjet": [
            "피고가 2008. 7. 7. 원고에 대하여 한 합계 71,781,780원의 보험급여액 징수처분을 취소한다.",
            "제1심 판결을 취소한다. ",
            "원고의 청구를 기각한다."
        ]
    },
    "assrs": {
        "acusrAssrs": [
            "이 사건 처분은 이 사건에 적용할 수 없거나 위헌·무효인 법령을 적용하였으므로 위법하여 취소되어야 한다."
        ],
        "dedatAssrs": [
            "이 사건 사업을 건설업으로 보아 고용보험 및 산업재해보상보험의 보험료징수 등에 관한 법률(이하 '법'이라 한다) 제9조 제1항에 따라 원고를 소외인의 사업주로 판단하고 이 사건 재해가 산재보험가입신고를 게을리한 기간 중에 발생하였음을 이유로 보험급여액 징수처분을 한 것은 타당하다."
        ]
    },
    "facts": {
        "bsisFacts": [
            "원고는 2004. 5. 6. 상호를 0 , 업태를 제조,서비스 , 종목을 가로등조각가, 철구조물, 석재 로 하여 사업자등록을 마친 후 조각물 등 조형물을 제작,설치하여 왔다.",
            "원고는 000가 공모한 000 랜드마크 경관조성 환경조형물 설치사업(이하 '이 사건 사업' 이라 한다) 에 당선되어 2008. 2. 25. 000와 계약금액 2,420,000,000원에 원고가 설계,제작한 조형물(이하 '이 사건 조형물'이라 한다)을 000 여객터미널 전방 녹지대(이하 '이 사건 현장' 이라 한다)에 설치하기로 하는 내용의 도급계약을 체결하였다.",
            "그리고, 같은 해 3. 18. 000와 계약금액 230,010,000원에 이 사건 조형물의 일부를 제작,설치하는 내용의 하도급계약을 체결하였다.",
            "이 사건 조형물은 돔 형태의 구조체(직선 길이 11.3m) 위에 비행선 형태의 구조체(직선 길이 30m, 전반부 지름 4.35m, 후반부 지름 6.15m)를 얹은 형태이다. ",
            "000가 H형강 구조체에 원형앵글을 조립한 돔 형태와 비행선 형태의 골조(이하 '이 사건 골조' 라 한다)를 제작하여 이 사건 현장에 이를 설치하면, 원고는 이 사건 골조에 LED와 전기태양광모듈 등 각종 장치를 설치하고 방청액, 우레탄 페인트를 도장한 후 전체적으로 스테인리스 조각을 부착하여 이 사건 사업을 완성한다.",
            "한편, 000는 0000 소재 P.C 공장에서 이 사건 골조를 제작하였는데, 소속 근로자 소외인은 2008. 5. 6. 10:40경 지상 3.9m 높이에서 이 사건 골조에 볼트 조임 작업을 수행하다가 추락하여 같은 달 10. 17:45경 사망하였다(이하 '이 사건 재해' 라 한다).",
            "원고는 이 사건 재해 발생 후인 2008. 5. 30. 피고에게 산업재해보상보험(이하 '산재보험'이라 한다) 성립신고서를 제출하였다.",
            "피고는 이 사건 재해에 대해 소외인의 유족에게 유족보상일시금, 휴업급여, 이종요양비 합계 143,563,560원을 지급하였다. ",
            "피고는 2008. 7. 7. 이 사건 사업을 건설업으로 보아 고용보험 및 산업재해보상보험의 보험료징수 등에 관한 법률 제9조 제1항에 따라 원고를 소외인의 사업주로 판단하고 이 사건 재해가 산재보험가입신고를 게을리한 기간 중에 발생하였다는 이유로 법 제26조 제1항 제1호, 법 시행령 제34조 제1항에 따라 71,781,780원(위 143,563,560원×50%)의 보험급여액 징수처분(이하 '이 사건 처분' 이라 한다)을 하였다."
        ]
    },
    "dcss": {
        "courtDcss": [
            "이 법원이 이 사건에 관하여 설시할 이유는, 제1심 판결 이유 중 1. 인정근거 항에 갑 제11호증의 1 내지 8, 갑 제12호증의 1 내지 8, 갑 제13호증의 1 내지 4, 을 제5 내지 10호증(가지번호 포함)의 각 기재 를 추가하고, 제6쪽 제4행 다음에 아래와 같이 일부 내용을 추가하는 외에는 제1심 판결 이유의 각 해당 부분 기재와 같으므로, 행정소송법 제8조 제2항, 민사소송법 제420조에 의하여 이를 인용한다.",
            "산업재해보상보험가입자의 사업종류가 노동부장관이 정한 산업재해보상보험료율표의 사업종류예시표 중 어느 사업에 해당하는지의 여부를 결정함에 있어서는 그 가입자의 사업목적과 사업장의 등록업종 뿐만 아니라 실제의 사업내용과 근로자의 작업형태를 두루 참작하여야 한다( 대법원 2008. 5. 8. 선고 2007두10488 판결 참조).",
            "그러나, 산업재해보상보험료율표는 법 제14조 제3항 및 법 시행령 제13조의 규정에 의한 산재보험료율을 적용함에 있어 그 적용을 받는 사업의 종류와 내용을 명확히 하는 것을 목적으로 하는 것이다.",
            "따라서, 도급사업에 있어 사업주의제 규정을 일괄적용하는 건설업에 관한 근거규정인 법 제9조 제1항, 법 시행령 제4조, 제7조 제1항을 해석함에 있어 반드시 산재보험료율을 적용하기 위한 산업재해보상보험료율표의 사업종류를 따를 필요는 없는 점, 사업종류예시표 총칙 제3조 제1항 제2호는 사업종류에 대한 결정기준으로서 예시표에 누락되거나 명백하지 않은 경우에는 통계청장이 고시하는 한국표준산업분류상의 사업내용을 고려할 수 있다고 규정하고 있다.",
            "그러므로 산업재해보상보험료율표와 한국표준산업분류표가 내용에 있어 서로 배치된다고 볼 수 없는 점, 사업종류예시표의 건설업 사업세목에는 4004 기타 건설공사 로서 조경용 인공호수, 외부 환경조성공사, 조경용 시설물 설치공사, 정원조성공사, 녹지조성공사 등의 조경공사 를 예시로 들고 있다.",
            "그러므로 이 사건 사업이 조경용 시설물 설치공사 에 포함된다고 볼 여지도 있으나, 사업종류예시표의 21816 기타 금속제품 제조업 또는 금속가공업 중 금속조각품을 제조하는 사업 에 해당한다고도 볼 수 있어, 산업재해보상보험료율표에 의하더라도 이 사건 사업을 건설업에 해당한다고 단정할 수 없는 점 등을 고려할 때, 이 사건 사업의 종류를 한국표준산업분류표에 따라 판단한다 하더라도 그것이 위법하다고 할 것은 아니다."
        ]
    },
    "close": {
        "cnclsns": [
            "피고의 항소를 기각한다. ",
            "항소비용은 피고가 부담한다."
        ]
    }
}