{
    "info": {
        "caseField": "3",
        "detailField": "5",
        "trailField": "2",
        "caseNm": "증여세 부과처분 취소",
        "courtNm": "서울고등법원",
        "judmnAdjuDe": "2010. 05. 19.",
        "caseNo": "2009누35407",
        "relateLaword": [
            "행정소송법 제8조",
            "민사소송법 제420조"
        ],
        "qotatPrcdnt": []
    },
    "concerned": {
        "acusr": "1",
        "dedat": "3"
    },
    "org": {
        "orgJdgmnCourtNm": "서울행정법원 ",
        "orgJdgmnAdjuDe": "2009. 10. 8. ",
        "orgJdgmnCaseNo": "2009구합13153 "
    },
    "disposal": {
        "disposalform": "10",
        "disposalcontent": [
            "원고들의 항소를 모두 기각한다.",
            "항소비용은 원고들이 부담한다."
        ]
    },
    "mentionedItems": {
        "rqestObjet": [
            "제1심 판결을 취소한다.",
            "피고가 2008. 5. 1. 원고 1, 원고 2에 대하여 한 각 증여세 110,271,010원 및 가산세 24,328,430원의 부과처분과, 원고 3에 대하여 한 증여세 110,267,770원 및 가산세 30,144,300원의 부과처분을 모두 취소한다."
        ]
    },
    "assrs": {
        "acusrAssrs": [
            "피고가 2008. 5. 1. 1. 원고 1, 원고 2에 대하여 한 각 증여세 110,271,010원 및 가산세 24,328,430원의 부과처분과 2. 원고 3에 대하여 한 증여세 110,267,770원 및 가산세 30,144,300원의 부과처분을 모두 취소하여야 한다."
        ],
        "dedatAssrs": [
            "이 사건 제1부동산은 제2부동산 증여일 전 10년 이내에 증여받은 재산으로서 합산배제증여재산에 해당하지 않는다."
        ]
    },
    "facts": {
        "bsisFacts": [
            "0000 (지번 1 생략) 답 2,327㎡(이하 '제1부동산' 이라고 한다)는 원고들의 모 소외인의 소유이었는데, 2005. 4. 29. 원고들에게 증여를 원인으로 한 소유권이전등기(각 공유지분 : 1/3)가 마쳐졌다.",
            "원고들은 피고에 대하여 2005. 7. 11. 제1부동산의 증여세로 각 58,342,020원을 신고하고, 같은 달 25. 위 증여세를 납부하였다. 이에 대하여 피고는 2005. 10. 17. 원고 1, 2의, 2005. 11. 14. 원고 3의 위 증여세 신고를 시인하는 결정을 하였다.",
            "소외인과 원고들은 2005. 10. 6. 증여의 목적물이 제1부동산이 아니라 그 지상의 건물이었음에도 착오로 제1부동산에 관하여 소유권이전등기가 이루어졌다는 이유로 제1부동산에 대한 증여계약을 해제하고, 2005. 10. 18. 신청착오를 이유로 위 소유권이전등기의 말소등기를 마쳤다.",
            "원고들은 2006. 5. 1. 소외인으로부터 0000 (지번 2 생략) 대 22.4㎡와 같은 동 (지번 3 생략) 대 336.5㎡ 및 위 양 지상의 철근콘크리트조 슬래브 5층 건물(이하 위 각 부동산을 통틀어 제2부동산 이라고 한다)에 관한 부담부증여계약을 체결하고, 같은 달 3. 위 증여를 원인으로 한 소유권이전등기(각 공유지분 : 1/3)를 마쳤다.",
            "원고들은 2006. 7. 11. 제2부동산에 관한 증여세로 각 2,913,912원을 신고·납부하였는데, 이는 제1부동산에 관한 증여가 부존재함을 전제로 하여, 제1부동산의 증여가액을 합산하지 않은 채 제2부동산의 가액만을 기준으로 산출한 세액에서 원고들이 이미 제1부동산의 증여세로 납부한 58,342,020원을 공제한 것이다.",
            "이에 대하여 피고는 2008. 5. 1. 제1부동산에 관한 증여의 존재를 전제로 하여, 제1부동산이 제2부동산 증여일 전 10년 이내에 증여받은 재산으로서 합산배제증여재산에 해당하지 않는다는 이유로, 구 상속세 및 증여세법(2008. 12. 26. 법률 제9269호로 개정되기 전의 것, 이하 법 이라고만 한다) 제47조 제2항에 따라 제2부동산의 가액에 제1부동산의 가액을 합산하여 세액을 산출하였다.",
            "그런 후 원고들이 제1부동산의 증여세로 이미 납부한 58,342,020원을 공제하고 가산세를 가산하여 원고들에게 청구취지와 같은 증여세 부과처분(이하 '이 사건 처분' 이라고 한다)을 하였다."
        ]
    },
    "dcss": {
        "courtDcss": [
            "이 법원이 이 사건에 관하여 설시할 이유는 원고들의 주장사실을 인정하기에 부족한 증거로 갑 제7호증의 1 내지 6의 각 기재를 추가하는 외에는 제1심 판결 이유의 기재와 같으므로, 행정소송법 제8조 제2항, 민사소송법 제420조에 의하여 이를 그대로 인용한다."
        ]
    },
    "close": {
        "cnclsns": [
            "원고들의 항소를 모두 기각한다. ",
            "항소비용은 원고들이 부담한다."
        ]
    }
}