{
    "info": {
        "caseField": "3",
        "detailField": "5",
        "trailField": "2",
        "caseNm": "지방세부과처분취소",
        "courtNm": "대구고법",
        "judmnAdjuDe": "2010. 06. 25.",
        "caseNo": "2009누2475",
        "relateLaword": [
            "구 지방세법(2009. 12. 30. 법률 제9889호로 개정되기 전의 것) 제243조",
            "구 지방세법 시행령(2009. 12.15. 대통령령 제21887호로 개정되기 전의 것) 제204조",
            "구 건설산업기본법(2007. 5. 17. 법률 제8477호로 개정되기 전의 것) 제29조"
        ],
        "qotatPrcdnt": [
            "대법원 2009. 5. 14. 선고 2007두17083 판결"
        ]
    },
    "concerned": {
        "acusr": "1",
        "dedat": "3"
    },
    "org": {
        "orgJdgmnCourtNm": "대구지법 ",
        "orgJdgmnAdjuDe": "2009. 11. 18. ",
        "orgJdgmnCaseNo": "2009구합319"
    },
    "disposal": {
        "disposalform": "10",
        "disposalcontent": [
            "피고의 항소를 기각한다.",
            "항소비용은 피고가 부담한다.",
            "원고가 이 사건 시공참여자들 및 이 사건 근로자들과 고용관계를 맺고 그들에게 보수를 지급하는 등 그들의 사용자 지위에 있었다는 사실을 인정하기에 부족하고, 달리 이를 인정할 증거가 없다."
        ]
    },
    "mentionedItems": {
        "rqestObjet": [
            "피고가 2008. 3. 14. 원고에 대하여 한 별지 세액표 기재 각 종업원할 사업소세 부과처분을 모두 취소한다.",
            "제1심판결을 취소한다.",
            "원고의 청구를 기각한다."
        ]
    },
    "assrs": {
        "acusrAssrs": [
            "이 사건 시공참여자들이 고용한 근로자들(이하 이 사건 근로자들 이라고 한다)은 시공참여자들의 종업원일 뿐 원고의 종업원이라고 할 수 없음에도 이들을 원고의 종업원이라고 보고 한 이 사건 처분은 위법하다."
        ],
        "dedatAssrs": []
    },
    "facts": {
        "bsisFacts": [
            "원고는 소외 1 주식회사로부터 0000 신축공사 중 철근콘크리트공사(이하 이 사건 공사 라고 하고, 이 사건 공사 현장을 이 사건 사업장 라고 한다)를 하도급받아 2005. 9. 12.부터 2007. 12. 30.까지 이 사건 공사를 진행하였다.",
            "원고는 2005. 11. 11. 및 2006. 4. 19. 구 건설산업기본법(2007. 5. 17. 법률 제8477호로 개정되기 전의 것, 이하 같다) 제29조 제4항 단서 규정에 따른 시공참여자인 소외 2, 3과 사이에 각 범위(소외 2; 콘크리트공사, 소외 3; 철근조립공사)를 나누어 공사기간 내에 그 공사를 완성하기로 하는 시공참여계약을 각 체결하였고, 이 사건 시공참여자들은 일용근로자들을 고용하여 이 사건 공사를 진행하였다.",
            "피고는 이 사건 사업장은 사업소세 과세대상이 되는 인적·물적 설비를 갖춘 사업장에 해당되고 원고가 고용한 근로자와 이 사건 시공참여자들이 고용한 근로자들을 모두 원고의 종업원이라고 판단하여 이 사건 사업장의 종업원수가 50인을 초과한다고 본 후, 2008. 3. 14. 원고에게 이 사건 사업장에 대한 종업원할 사업소세를 별지 세액 표 기재와 같이 각 부과하였다(이하 위 각 부과처분을 통틀어 이 사건 처분 이라고 한다).",
            "원고는 2008. 6. 2. 조세심판원에 이 사건 처분의 취소를 구하는 심판청구를 하였으나, 조세심판원은 2008. 10. 30. 원고의 청구를 기각하였다."
        ]
    },
    "dcss": {
        "courtDcss": [
            "지방세법 제243조 제6호 소정의 종업원 은 사업주 등과 체결한 계약의 명칭이나 형식 등을 불문하고 그 실질에 있어 당해 사업소에 근무하면서 근로를 제공하여 사업에 종사하면서 당해 사업소로부터 급여를 지급받은 사람을 말한다( 대법원 2009. 5. 14. 선고 2007두17083 판결 등 참조).",
            "그러므로 구 건설산업기본법에 의한 시공참여자 및 그 소속 근로자가 지방세법 제243조 제6호, 지방세법 시행령 제204조 제1항 및 제2항에 따른 전문건설업자의 종업원에 해당하는지 여부는 시공참여자와의 약정의 성격 및 내용, 실제 업무의 내용 및 업무수행과정에 있어서 전문건설업자의 구체적이고 개별적인 지휘 및 감독을 받는지 여부를 종합적으로 판단하여야 한다.",
            "그리고 전문건설업자에 의하여 근무시간 및 장소가 정해지는지 여부, 공사의 재료와 설비를 공급하는 자가 누구인지 여부, 공사대금이 근로 자체의 대상적 성격이 있는지 여부, 전문건설업자가 근로소득세를 원천징수하는지 여부 등 전문건설업자와 시공참여자 및 그 소속 근로자 사이에 실질적인 사용·종속관계가 존재하는지 여부를 종합적으로 판단하여야 한다.",
            "위 (2)의 (가)항에서 인정된 사실만으로는 원고가 이 사건 시공참여자들 및 이 사건 근로자들과 고용관계를 맺고 그들에게 보수를 지급하는 등 그들의 사용자 지위에 있었다는 사실을 인정하기에 부족하고, 달리 이를 인정할 증거가 없다.",
            "따라서 이 사건 근로자들이 원고의 종업원임을 전제로 한 이 사건 처분은 위법하다."
        ]
    },
    "close": {
        "cnclsns": [
            "원고의 청구를 인용한 제1심판결은 정당하고, 피고의 항소는 이유 없으므로 기각한다."
        ]
    }
}