{
    "info": {
        "caseField": "3",
        "detailField": "5",
        "trailField": "2",
        "caseNm": "종합소득세부과처분취소",
        "courtNm": "서울고법",
        "judmnAdjuDe": "2010. 04. 13.",
        "caseNo": "2009누25691",
        "relateLaword": [
            "이자제한법 제2조",
            "이자제한법 제3조",
            "구 소득세법 제16조",
            "구 소득세법 시행령 제45조",
            " 구 소득세법 시행령 제51조"
        ],
        "qotatPrcdnt": [
            "대법원 1993. 11. 23. 선고 93다23549 판결",
            "대법원 2005. 10. 28. 선고 2005두5437 판결"
        ]
    },
    "concerned": {
        "acusr": "1",
        "dedat": "3"
    },
    "org": {
        "orgJdgmnCourtNm": "의정부지법",
        "orgJdgmnAdjuDe": "2009. 7. 21. ",
        "orgJdgmnCaseNo": "2008구합4263"
    },
    "disposal": {
        "disposalform": "10",
        "disposalcontent": [
            "제1심판결을 취소한다.",
            "이 사건 이자소득이 발생하지 않았다는 취지인 원고의 주장은 받아들이기 어렵고, 피고의 이 사건 종합소득세 부과처분은 적법하므로, 원고의 청구를 기각한다.",
            "소송총비용은 원고가 부담한다."
        ]
    },
    "mentionedItems": {
        "rqestObjet": [
            "청구취지 피고가 2007. 9. 15. 원고에 대하여 한 2004년 귀속 종합소득세 105,409,900원의 부과처분을 취소한다.",
            "항소취지 제1심판결을 취소한다.",
            "원고의 청구를 기각한다.",
            "소송총비용은 원고가 부담한다."
        ]
    },
    "assrs": {
        "acusrAssrs": [
            "원고는 이 사건 선이자를 원금과 함께 만기에 받기로 하였는데, 소외 2가 원금 중 765,000,000원만을 변제하고 나머지 원금과선이자는 변제하지 아니하였다.",
            "그러므로 원고가 받지 못한 선이자에 대해 소득세를 부과한 이 사건 처분은 위법하다.",
            "현실적으로 돈이 지급되지 않았는데 이자수입을 거둔 것으로 보는 것은 부당하다"
        ],
        "dedatAssrs": []
    },
    "facts": {
        "bsisFacts": [
            "원고는 2004. 12. 13. 평소 알고 지내던 소외 1의 중개로 소외 2에게 1,500,000,000원을 대여하기로 하고, 이 대여금 중 3개월분 선이자 135,000,000원을 공제한 나머지 1,350,000,000원을 소외 2에게 지급하였다. ",
            "원고는 2004. 12. 23. 다시 소외 2에게 450,000,000원을 대여하면서 5개월분 선이자 67,500,000원을 공제한 나머지 382,500,000원을 지급하였다(이하, 원고가 소외 2에게 대여한 총 1,950,000,000원을 '이 사건 대여금' 이라 한다).",
            "피고는 위 선이자 합계 202,500,000원(이하 '이 사건 선이자' 라 한다)을 원고의 2004년 총수입금액에 산입하여 원고의 2004년 종합소득세액을 474,975,357원으로 경정하였다.",
            "그리고, 원고가 위 선이자 상당액에 대한 소득세액을 신고·납부하지 아니하였다는 이유로 위 세액에 신고 및 납부 불성실 가산세 32,551,910원을 부가하여 총 납부세액을 507,527,267원으로 결정한 다음, 2007. 9. 18. 원고에게 이미 납부한 2004년 종합소득세 402,117,360원과 위 결정세액 간의 차액인 105,409,800원을 추가로 납부할 것을 고지하였다(이하 '이 사건 처분' 이라 한다)."
        ]
    },
    "dcss": {
        "courtDcss": [
            "금전을 대여하면서 일정 기간의 선이자를 공제하고 나머지 원금을 교부한 경우에, 선이자로 공제되어 현실로 금전의 수수가 없는 부분에 관하여도 차주는 현실로 금전의 수수가 있었던 것과 동일한 경제상의 이익을 얻는 것이므로, 소비대차의 성립에 관하여 요물성을 인정하지 않는 우리 민법에서는 위 공제한 금액에 관하여도 소비대차계약이 성립된 것으로 보아야 한다.",
            "따라서 현실로 수수한 금전이 대여원금이 되는 것이 아니라, 그 금전에 공제된 선이자 상당액 중 법률에 의하여 허용되는 범위 내의 이자를 가산한 금액이 대여원금에 해당하며( 대법원 1993. 11. 23. 선고 93다23459 판결 등 참조), 법률에 의하여 허용되는 범위 내에서 공제되는 선이자는 대여원금에 관한 이자가 지급된 것으로 봄이 상당하다.",
            "이 사건 선이자는 소외 2가 원고에게 실제로 금전으로 지급하지는 않았지만 원고는 이 사건 대여금을 각 지급하면서 이 사건 선이자 만큼을 각 공제함으로써 이자를 변제받은 것과 똑같은 경제상 이익을 얻었으므로, 원고는 2004년도에 이 사건 선이자 상당의 금액을 수입하였다고 보아야 한다.",
            "원고가 자신의 이익을 위하여 선이자 약정을 함으로써 즉시 경제적 이득을 얻은 이상, 이에 따르는 조세의 부담 또한 그 당시를 기준으로 져야 함이 상당하다.",
            "채권의 일부 회수가 있는 경우 그 회수 당시를 기준으로 나머지 채권의 회수가 불가능함이 객관적으로 명백하게 된 경우에는 위 규정에 따라 그 회수 금원이 원금에 미달하는 한 당해 과세연도에는 과세요건을 충족시키는 이자소득의 실현이 없는 것으로 보아야 할 것이다.",
            "그러나 회수불능사유가 발생하기 이전에 이미 구체적으로 실현된 이자소득의 납세의무에 대하여는 어떠한 영향을 미칠 수 없다고 할 것이다(대법원 2005. 10. 28. 선고 2005두5437 판결 등 참조).",
            "이 사건에서 소외 2의 부도로 인하여 대여금 채권의 회수불능사유가 발생한 것은 2005년경이므로, 그 이전 사업연도인 2004년도에 원고가 이미 이자소득을 수령한 것으로 보는 이상 비록 그 이후의 사업연도에 채권원리금을 회수할 가능성이 없게 되었다고 하더라도 여전히 이자소득세의 과세대상이 된다고 보아야 한다.",
            "따라서 이 사건 이자소득이 발생하지 않았다는 취지인 원고의 주장은 받아들이기 어렵고, 피고의 이 사건 종합소득세 부과처분은 적법하다."
        ]
    },
    "close": {
        "cnclsns": [
            "제1심판결을 취소한다.",
            "원고의 청구를 기각한다.",
            "소송총비용은 원고가 부담한다."
        ]
    }
}