{
    "info": {
        "caseField": "3",
        "detailField": "5",
        "trailField": "1",
        "caseNm": "증여세부과처분취소",
        "courtNm": "서울행정법원",
        "judmnAdjuDe": "2010. 07. 02.",
        "caseNo": "2009구합48012",
        "relateLaword": [
            "구 상속세 및 증여세법(2007. 12. 31. 법률 제8828호로 개정되기 전의 것) 제41조의2"
        ],
        "qotatPrcdnt": [
            "대법원 2006. 9. 22. 선고 2004두11220 판결",
            "대법원 2007. 2. 8. 선고 2005두10200 판결"
        ]
    },
    "concerned": {
        "acusr": "1",
        "dedat": "3"
    },
    "org": {
        "orgJdgmnCourtNm": "",
        "orgJdgmnAdjuDe": "",
        "orgJdgmnCaseNo": ""
    },
    "disposal": {
        "disposalform": "10",
        "disposalcontent": [
            "원고의 청구를 모두 기각한다.",
            "소송비용은 원고가 부담한다.",
            "원고의 위 주장에 부합하는 듯한 증인 소외 1 의 증언은 믿기 어렵고, 한편 위 인정사실만으로 이 사건 각 주식의 명의신탁이 원고의 의사와는 관계 없이 소외 1 의 일방적인 행위로 이루어졌다고 인정하기 부족하며, 달리 이를 인정할 증거가 없다.",
            "소외 1 은 종합소득세 신고시 2004년 귀속은 금융소득이 합산과세되었으나 2005년 귀속은 합산되지 않았고, 이로 인하여 2005년 귀속 종합소득세는 다음 표 기재와 같이 4,656,000원 상당을 회피한 사실을 인정할 수 있고, 이에 더하여 2006년 이후에도 종합소득세를 회피할 가능성이 있었던 점을 더하여 보면, 소외 1 과 원고에게 조세회피할 목적이 없었다고 보기 힘들다.",
            "소외 1 이 2005년에 소유한 주식을 매도하여 그 매도대금으로 2006년도에 원고 명의로 새로운 주식을 매수하여 명의개서한 것은 새로운 주식에 대한 명의신탁이라고 할 것인바 이에 대한 증여세 부과를 이중과세라거나 비례의 원칙, 과잉금지의 원칙에 반하여 위법하다고는 볼 수 없으므로, 원고의 위 주장 역시 이유 없다.\n"
        ]
    },
    "mentionedItems": {
        "rqestObjet": [
            "피고가 2007. 9. 6. 원고에게 한 2005. 12. 31. 증여분 증여세 231,044,790원, 2006. 3. 31. 증여분 증여세 44,446,100원, 2006.12. 31. 증여분 증여세 233,947,050원의 가산세 과세처분을 각 취소한다.",
            "피고가 2007. 9. 6. 원고에게 한 2007. 3. 31. 증여분 증여세 106,706,990원에 대한 과세처분 및 2008. 6. 11. 위 각 증여세에 대한 29,111,580원, 6,489,210원, 29,477,290원, 13,445,440원의 가산세 과세처분을 각 취소한다."
        ]
    },
    "assrs": {
        "acusrAssrs": [
            "소외 1 은 손해배상책임의 추궁에 따른 재산보전을 하기 위한 목적으로 원고 모르게 위 각 증권계좌를 개설한 것인 바, 원고가 소외 1 에게 본인 명의의 증권계좌 사용을 승낙한 사실이 없으므로, 소외 1 이 원고에게 이 사건 각 주식을 명의신탁을 하였음을 전제로 한 이 사건 각 처분은 위법하다.",
            "설령 위 증권계좌들이 명의신탁에 해당하는 경우라도 위 증권계좌들은 재산보전과 주식투자를 위하여 개설된 것이고, 조세회피 목적이 있었던 것이 아니므로, 이 사건 각 처분은 위법하다.",
            "나아가 소외 1 이 이 사건 각 주식을 명의신탁하고, 조세 회피의 목적이 있었다고 인정된다고 할지라도 2005년도와 2006년도는 주식의 종목과 수량이 변경되었을 뿐이다.",
            "실질적인 재산적 가치는 거의 변경이 없음에도 불구하고 형식적으로 기존의 주식과 별개의 독립된 재산에 해당한다는 이유로 2차례에 걸쳐 과세처분을 한 것은 이중과세이거나 비례의 원칙 또는 과잉금지의 원칙에 위반되어 위법하다."
        ],
        "dedatAssrs": []
    },
    "facts": {
        "bsisFacts": [
            "서울지방국세청장은 원고에 대한 취득자금 출처조사를 실시한 결과, 원고의 부(부) 소외 1 이 000(이하 'OOO'), 000(변경후 상호 000, 이하 'OOO') 등 2개 증권사에 원고 명의의 차명 증권위탁계좌를 개설하여 2005. 12. 31., 2006. 3. 31., 2006. 12. 31. 2007. 3. 31. 당시 위 차명증권위탁계좌를 통하여 보유한 000 외 44개 종목의 상장주식을 소외 1 이 원고에게 명의신탁한 것으로 보았다.",
            "이 사건 각 주식의 평가액을 증여세과세가액으로 보아 명의자인 원고에게 과세할 것을 피고에게 통보하였다. ",
            "피고는 구 상속세 및 증여세법(2007. 12. 31. 법률 제8828호로 개정되기 전의 것, 이하 '구 상증법') 제41조의2 규정에 기하여 원고가 소외 1 로부터 이 사건 각 주식을 증여받은 것으로 의제하여, 다음 표 기재와 같이 위 각 증권위탁계좌의 보유주식에 관하여 12월말 결산법인과 3월말 결산법인에 따른 명의개서일의 위 증여의제 재산가액을 계산하였다.",
            "2006년도 보유 주식에 대하여는 2005년과 다른 새로운 주식과 증가한 주식에 대하여서만 증여의제대상에 포함한 후, 2007. 9. 6. 원고에게 2005. 12. 31. 증여분 증여세 231,044,790원, 2006. 3. 31. 증여분 증여세 44,446,100원, 2006. 12. 31. 증여분 증여세 233,947,050원, 2007. 3. 31. 증여분 증여세 106,706,990원에 대한 과세처분하였다.",
            "그리고, 2008. 6. 11. 위 각 증여세에 대한 29,111,580원, 6,489,210원, 29,477,290원, 13,445,440원의 각 가산세를 부과하는 이 사건 각 처분을 하였다.",
            "원고는 위 각 증여세 처분에 불복하여 2007. 11. 17. 조세심판원에 심판청구를 하였으나, 2009. 8. 14. 기각결정을 받았다."
        ]
    },
    "dcss": {
        "courtDcss": [
            "갑 제2, 8, 9, 17, 18호증의 기재, 증인 소외 2 의 증언과 변론 전체의 취지에 의하면, 소외 1 은 2005. 1. 27. 원고의 대리인으로서 계좌개설신청서를 작성한 후, OOO직원에게 자신의 주민등록증과 주민등록등본을 제시하여 원고 명의의 증권계좌를 개설한 사실을 인정할 수 있다.",
            "소외 1 은 2005. 1. 28. 원고 명의로 계좌개설확인서를 작성한 후, OOO 직원 소외 2 에게 원고의 주민등록증을 제시하여 원고 명의의 증권계좌를 개설한 사실을 인정할 수 있다.",
            "OOO의 위 계좌개설확인서상 이메일란에 소외 1 의 생일과 영문 이니셜을 사용한 (이메일주소 생략) 가 기재된 사실을 인정할 수 있다.",
            "OOO의 위 계좌개설신청서와 000의 위 계좌개설확인서상의 전화번호 (휴대전화번호) 는 소외 1 이 사용하는 전화번호인 사실을 인정할 수 있다.",
            "그러나 원고의 위 주장에 부합하는 듯한 증인 소외 1 의 증언은 믿기 어렵고, 한편 위 인정사실만으로 이 사건 각 주식의 명의신탁이 원고의 의사와는 관계 없이 소외 1 의 일방적인 행위로 이루어졌다고 인정하기 부족하며, 달리 이를 인정할 증거가 없다.",
            "오히려 위에서 든 증거 및 을 제3 내지 11호증의 기재 및 변론 전체의 취지에 의하여 인정되는 다음과 같은 사정에 비추어 보면, 소외 1 은 원고 사이에 명의신탁 합의 또는 의사소통을 하여 이 사건 각 주식을 원고 앞으로 명의개서하였다고 봄이 상당하다.",
            "OOO의 위 계좌개설신청서에는 전자거래이용 신청란 중 BESTez이용자번호란에 (이용자번호 생략) 을 사용하였는데, 이는 원고 이름의 영문이니셜과 일치한다. ",
            "또한 OOO의 증권계좌 개설시에는 원고의 주민등록증이 제시되었다. ",
            "원고는 OOO에 2002. 12. 18. 및 2004. 6. 10.에 각 간접투자를 위한 위탁계좌를 개설하여 각 2006 2. 8., 2007. 3. 27.까지 거래를 하였으며, 2007. 5.경에도 유가증권잔고가 존재하였다.",
            "OOO 증권계좌의 기타 우편물 통보지로 자택이 선택되었고, OOO의 거래내역(잔고현황) 통보지로 자택이 선택된 점, 원고와 소외 1 은 1995. 7. 7.부터 2006. 11. 29.경까지 같은 주소지에 주민등록이되어 있었다.",
            "OOO 및 OOO에서 송달하는 거래내역 통보서 등과 위 증권계좌에 있었던 총 44개의 상장주식의 주주총회소집 안내문, 배당금 통지 안내문 등이 위 주소지로 송달된 점, 원고와 소외 1 은 주민등록 기간 동안 같은 주소지에서 생계를 함께 한 것으로 보이는 점 등에 비추어 보면, 원고는 위 거래내역 통보서와 안내문 등을 송달받았을 것으로 봄이 상당하다.",
            "원고는 2005년 귀속 종합소득세 신고시 OOO, OOO, OOO에서 발생된 이자와 배당소득을 종합소득으로 신고하였다.",
            "원고는 2006. 9. 19., 2006. 9. 20., 2006. 11. 8. 3회에 걸쳐 원고의 모 소외 3 을 통하여 연말정산한 근로소득자용 및 종합소득세 소득금액 증명을 발급받았고, 또한 위 신청서에 원고의 주민등록증 또는 운전면허증 사본이 첨부되어 있다.",
            "소외 1 이 원고 명의의 증권계좌를 사용하여 주식을 명의신탁하였다면, 소외 1 은 원고와의 관계에서 대내적으로 소유자로서 위 증권계좌의 주식을 관리하는 것이므로, 증권계좌개설신청서에 소외 1 의 이메일과 전화번호를 기재하였다는 사실만으로 원고가 자신의 명의를 사용하는 것을 몰랐다고 단정하기 부족하다.",
            "조세회피의 목적이 없었다는 점을 조세회피의 목적이 아닌 다른 목적이 있었음을 증명하는 등의 방법으로 입증할 수 있으나, 입증책임을 부담하는 명의자로서는 명의신탁에 있어 조세회피 목적이 없었다고 인정될 정도로 조세회피와 상관없는 뚜렷한 목적이 있었다.",
            "명의신탁 당시에나 장래에 있어 회피될 조세가 없었다는 점을 객관적이고 납득할 만한 증거자료에 의하여 통상인이라면 의심을 가지지 않을 정도로 입증하여야 한다( 대법원 2006. 9. 22. 선고 2004두11220 판결 등 참조).",
            "갑 제3, 5, 6, 7, 10, 11, 12호증의 기재에 의하면, 소외 1 은 1996. 3. 13.경부터 2002. 8. 8.까지 주식회사ㅇㅇㅇㅇ 의 등기이사로, 1999. 3.경부터 2002. 8. 8.까지 위 회사의 대표이사로 근무한 사실, ㅇㅇㅇㅇ 의 소액주주 소외 4 외 359명은 2000. 10. 24. 서울중앙지방법원에 2000가합78858호 로 소외 1 등을 상대로 ㅇㅇㅇㅇ 의 분식회계 등을 주장하면서 손해배상청구소송을 제기하였다.",
            "소액주주 소외 5 외 5명은 2000. 11. 17. 소외 1 등을 상대로 같은 법원에 2000가합85856호 로(이 사건은 위 2000가합78858호 에 병합되었다), 소액주주 소외 6 외 4명은 2000. 10. 24. 같은 법원 2000가합78841호 로 손해배상청구소송을 각 제기하였다.",
            "위 법원은 2005. 1. 13. 2000가합78858호, 85856호(병합) 사건에 관하여 소외 1 은 다른 피고들과 연대하여 2,884,356,000원을 지급하라는 판결을 선고하였고, 2005. 1. 24. 소외 1 에게 위 판결문을 송달하였다.",
            "소액주주 소외 4 등은 법무법인 000를 통하여 소외 1 과 손해배상금에 관하여 합의한 후 2005. 5. 24. 서울고등법원 2005나22673호 사건 위 2000가합78858호, 85856호(병합) 사건의 항소심 사건 을 취하한 사실을 인정할 수 있다.",
            "그러나 위 인정사실 및 갑 제4, 19 내지 22호증만으로는 소외 1 과 원고가 조세회피할 목적이 없었다고 인정하기 부족하고 달리 이를 인정할 증거가 없다. ",
            "오히려 갑 제1, 11, 14호증의 기재에 의하면, 소외 1 은 2005. 5. 9. 기준시가 11,786,000원 상당의 부동산 2,450㎡를 취득하였다.",
            "소외 1 은 2005. 10. 13. 000에 본인 명의의 계좌를 개설하고, 2006년도에 위 계좌를 비롯한 OOO, OOO, OOO을 통하여 배당소득을 취득한 사실, 소외 1 은 OOO 계좌를 비롯한 000, 000 계좌 등을 통하여 원고와 사이에 고액의 입출금 거래를 한 점 등에 비추어 보면 소외 1 이 자신의 재산보전이나 주식투자를 할 목적이었다고 단정하기 어렵다.",
            "나아가 소외 1 은 종합소득세 신고시 2004년 귀속은 금융소득이 합산과세되었으나 2005년 귀속은 합산되지 않았고, 이로 인하여 2005년 귀속 종합소득세는 다음 표 기재와 같이 4,656,000원 상당을 회피한 사실을 인정할 수 있다.",
            "이에 더하여 2006년 이후에도 종합소득세를 회피할 가능성이 있었던 점을 더하여 보면, 소외 1 과 원고에게 조세회피할 목적이 없었다고 보기 힘들다.",
            "피고가 2006년도 증여의제한 대상은 2005년도와 대비하여 새로운 주식과 증가한 주식에 대하여서만 증여의 제대상에 포함하여 증여의제 재산가액을 계산한 사실은 앞에서 본 바와 같다.",
            "살피건대, 구 상증법 제45조의2 제1항 의 증여의제 규정은 권리의 이전이나 행사에 등기 등을 요하는 독립된 재산별로, 그것이 실질소유자와 명의자를 달리하는 경우 그 형식적 행위사실을 과세요건으로 하여 증여세를 과세하는 규정으로서, 위 규정에 의하여 증여받은 것으로 의제되는 재산은 명의신탁 주식 매수대금이 아닌 명의신탁 주식 자체이다.",
            "소외 1 이 2005년에 소유한 주식을 매도하여 그 매도대금으로 2006년도에 원고 명의로 새로운 주식을 매수하여 명의개서한 것은 새로운 주식에 대한 명의신탁이라고 할 것인바, 이에 대한 증여세 부과를 이중과세라거나 비례의 원칙, 과잉금지의 원칙에 반하여 위법하다고는 볼 수 없으므로, 원고의 위 주장 역시 이유 없다."
        ]
    },
    "close": {
        "cnclsns": [
            "그렇다면, 원고의 청구는 모두 이유 없으므로 기각하기로 한다."
        ]
    }
}