{
    "info": {
        "caseField": "3",
        "detailField": "5",
        "trailField": "2",
        "caseNm": "금지시설해제불가처분취소",
        "courtNm": "대전고등법원",
        "judmnAdjuDe": "2009. 09. 10.",
        "caseNo": "2009누353",
        "relateLaword": [
            "학교보건법 제6조 ",
            "액화석유가스의 안전관리 및 사업법"
        ],
        "qotatPrcdnt": [
            "대법원 1996. 10. 29. 선고 96누8253 판결"
        ]
    },
    "concerned": {
        "acusr": "1",
        "dedat": "1"
    },
    "org": {
        "orgJdgmnCourtNm": "청주지방법원",
        "orgJdgmnAdjuDe": "2008. 12. 31.",
        "orgJdgmnCaseNo": "2008구합1431"
    },
    "disposal": {
        "disposalform": "10",
        "disposalcontent": [
            "제1심 판결을 취소한다.",
            "피고가 2008. 8. 21. 원고에 대하여 한 학교환경위생정화구역 내 금지시설해제 거부처분을 취소한다.",
            "소송총비용은 피고가 부담한다."
        ]
    },
    "mentionedItems": {
        "rqestObjet": [
            "제1심 판결을 취소한다.",
            "피고가 2008. 8. 21. 원고에 대하여 한 학교환경위생정화구역 내 금지시설해제 거부처분을 취소한다.",
            "소송총비용은 피고가 부담한다."
        ]
    },
    "assrs": {
        "acusrAssrs": [
            "이 사건 처분은 재량을 일탈·남용한 위법한 처분이다."
        ],
        "dedatAssrs": [
            "이 사건 신청지는 000와 인접하여 있고, 이 사건 신청지와 000 학교경계선 사이의 거리가 114m밖에 되지 않아 이 사건 충전소가 설치될 경우 가스폭발 등의 안전사고, 소음 등으로 인해 000 학생들의 학습과 학교보건위생에 나쁜 영향을 미치게 되는 점에 비추어 볼 때 원고의 학교환경위생정화구역 내 금지시설해제신청을 거부한 이 사건 처분은 적법하다."
        ]
    },
    "facts": {
        "bsisFacts": [
            "원고는 000(이하 'OOO'라 한다) 인근인 0000, 0000, 0000, 0000(이하 '이 사건 신청지' 라 한다) 지상에 부지면적 1,451㎡, 건축연면적 109㎡ 규모의 건물을 신축하여 저장용량 20톤 규모의 액화석유가스 충전소(이하 '이 사건 충전소' 라 한다)를 운영하기로 하였다.",
            "원고는 2008. 8. 7. 피고에게 이 사건 충전소에 관하여 학교환경위생정화구역 내 금지시설해제신청을 하였다.",
            "이에 2008. 8. 20. 개최된 학교환경위생정화위원회는 재적위원 15명 중 9명이 참석한 상태에서 심의한 결과 참석위원 전원이 위 해제에 부동의하여 이 사건 충전소를 금지한다는 의결을 하였고, 피고는 같은 달 21. 원고에게 학교보건법 제6조 제1항 단서의 규정에 의하여 학교환경위생정화위원회의 심의를 거쳐 학교환경위생정화구역 내 금지행위 및 시설을 금지함 이라는 통보를 하였다(이하 이 사건 처분 이라고 한다)."
        ]
    },
    "dcss": {
        "courtDcss": [
            "학교보건법 제6조 제1항 단서의 규정에 의하여 교육감 또는 교육감이 위임하는 자가 학교환경위생정화구역 안에서의 금지행위 및 시설의 해제신청에 대하여 그 행위 및 시설이 학습과 학교보건에 나쁜 영향을 주지 않는 것인지의 여부를 결정하여 그 금지행위 및 시설을 해제하거나 계속하여 금지(해제거부)하는 조치는 교육감 또는 교육감이 위임하는 자의 재량행위에 속하는 것이다.",
            "이 사건 처분은 그에 의하여 달성하려는 공익 목적에 비하여 그로 인한 원고의 사유재산권 등에 대한 침해가 커서 결과적으로 이익형량에 있어 정당성과 객관성이 결여되었을 뿐 아니라 이 사건 충전소를 이용할 소비자의 편의라는 공익적 요소가 전혀 고려되지 아니하였다고 봄이 상당하다.",
            "따라서, 이 사건 충전소를 설치할 경우 그 인근에 있는 죽향초교의 학습과 학교보건위생에 나쁜 영향을 준다는 이유로 원고의 학교환경위생정화구역 내 금지시설해제신청을 거부한 피고의 이 사건 처분은 재량권을 일탈·남용한 것으로서, 원고의 나머지 주장에 대하여 더 나아가 살펴볼 필요 없이 위법하다."
        ]
    },
    "close": {
        "cnclsns": [
            "제1심 판결을 취소한다.",
            "피고가 2008. 8. 21. 원고에 대하여 한 학교환경위생정화구역 내 금지시설해제 거부처분을 취소한다.",
            "소송총비용은 피고가 부담한다."
        ]
    }
}