{
    "info": {
        "caseField": "3",
        "detailField": "5",
        "trailField": "2",
        "caseNm": "부가가치세 부과처분 취소",
        "courtNm": "서울고등법원",
        "judmnAdjuDe": "2010. 08. 19.",
        "caseNo": "2009누34473",
        "relateLaword": [
            "행정소송법 제8조",
            "민사소송법 제420조",
            "국세기본법 시행령 제63조의9",
            "국세기본법 제81조의12",
            "국세징수법 제14조",
            "부가가치세법 제23조",
            "부가가치세법 시행령 제70조의2",
            "부가가치세법 시행령 제68조"
        ],
        "qotatPrcdnt": []
    },
    "concerned": {
        "acusr": "1",
        "dedat": "3"
    },
    "org": {
        "orgJdgmnCourtNm": "인천지방법원 ",
        "orgJdgmnAdjuDe": "2009. 10. 8. ",
        "orgJdgmnCaseNo": "2009구합748 "
    },
    "disposal": {
        "disposalform": "10",
        "disposalcontent": [
            "피고의 항소를 기각한다.",
            "항소비용은 피고가 부담한다.",
            "제1심 판결의 이유는 타당하므로  행정소송법 제8조 제2항,  민사소송법 제420조 본문에 의하여 이 판결의 이유로 인용한다.",
            "피고의 위 주장 자체에 의하더라도 원고가 한 영세율에 의한 조기환급신고는 2005년 이후의 부가가치세에 관한 것으로서과세전 적부심사청구의 적용이 문제되는 이 사건 과세처분과는 관련이 없다 할 것이므로, 피고의 위 주장은 더 나아가 살필 필요 없이 이유 없다."
        ]
    },
    "mentionedItems": {
        "rqestObjet": [
            "피고가 원고에 대하여 한 별지 처분목록 기재 각 부가가치세 부과처분에 대하여, 주위적으로 위각 부과처분이 무효임을 확인하고, 예비적으로 위 각 부과처분을 취소한다.",
            "제1심 판결 중 피고 패소 부분을 취소하고,그 부분에 해당하는 원고의 청구를 기각한다."
        ]
    },
    "assrs": {
        "acusrAssrs": [
            "피고의 각 부가가치세 부과처분은 무효이므로 취소되어야 한다."
        ],
        "dedatAssrs": [
            "피고가 별지 처분목록 순번 2, 3 기재 부과처분(이하 ‘이 사건 과세처분’이라 한다)을 한 것은 적부심청구에 대한 결정이 있을 때까지 과세처분을 유보하도록 정한 국세기본법 시행령 제63조의9 제4항에 위배되지 않는다",
            "과세처분 일자를 기준으로 부과 제척기간까지의 기간이 3개월 미만인 경우에는 적부심청구에 대한 결정 전이라도 과세처분을 할 수 있다.",
            "이 사건 과세처분은 국세기본법 제81조의12 제2항 제1호에서 정한 세법에 규정하는 수시부과의 사유가 있는 경우 에 해당하고, 따라서 국세기본법 시행령 제63조의9 제4항 단서, 국세기본법 제81조의12 제2항 제1호에 의하여 적부심청구에 대한 결정 전이라도 과세처분을 할 수 있는 경우에 해당한다."
        ]
    },
    "facts": {
        "bsisFacts": [
            "원고는 1993. 4. 30.경부터0000에서 0000이라는 상호로 부가가치세 면세사업인 축산업(양돈업)을 영위하던 중 1998. 4. 6. 폐기물중간처리업 허가를 받아 축산업과 생활폐기물수집중간처리업 등을 겸업하게 되었고, 2005. 4. 6. 비료관리법에 의한 비료생산업 등록을 한 후 2005. 4. 21. 과세사업인 비료제조업을 추가하여 과세·면세 겸업을 이유로 과세사업자로 사업자등록을 하였다.",
            "원고는 위와 같이 과세사업자로 사업자등록을 하기 전까지의 과세기간(2001년 제1기부터 2005년 제1기까지)에 퇴비(비료, 이하 '이 사건 퇴비' 라고 한다)를 제조·판매한 매출부분을 면세대상으로 보아 부가가치세를 신고하지 아니하였다.",
            "이에 대하여 피고는 이 사건 퇴비의 제조·판매는 부가가치세 과세대상인 재화의 공급에 해당한다고 보아 2006. 6. 7. 원고에 대하여 과세예고통지를 한 후 아래 표 기재와 같이 부가가치세를 결정·고지하였다.",
            "원고는 2007. 12. 31. 조세심판원에 이 사건 처분에 대한 심판청구를 하였으나 조세심판원은 2008. 11. 24. 위 청구를 기각하는 결정을 하였다."
        ]
    },
    "dcss": {
        "courtDcss": [
            "국세기본법 제81조의12 제2항 제3호, 같은 법 시행령 제63조의9 제4항에 의하면, 적부심청구서를 제출받은 세무서장 등은 그 청구부분에 대하여 결정이 있을 때까지 원칙적으로 과세표준 및 세액의 결정이나 경정결정을 유보하여야 하도록 되어 있는바, 위와 같은 규정에도 불구하고 그에 대한 결정 이전에 과세처분을 하면 적부심청구가 실효된다고 새길 아무런 법적 근거가 없다.",
            "피고의 이 사건 과세처분이 관계 법령에 의하여 구성된 과세전 적부심사위원회의 심사를 거쳐 청구가 이유 없다고 인정되는 경우에 하도록 되어 있는 불채택 결정이라고 보기는 어렵고, 달리 그와 같이 새길 아무런 법적 근거도 없다.",
            "국세기본법 제81조의12 제2항 제3호는 과세전 적부심사청구가 적용되지 않는 경우로서 과세예고통지를 하는 날부터 국세부과제척기간의 만료일까지의 기간이 3월 이하인 경우 를 규정하고 있다. ",
            "그리고 원고가 피고로부터 과세예고통지를 받은 2006. 6. 7.부터 이 사건 과세처분의 부과제척기간 만료일인 2007. 1. 25. 및 2007. 7. 25.까지의 기간이 3월을 초과함은 역수상 분명하므로, 원고의 위 주장은 위 조문의 문언에 반하는 독자적 견해에 불과하여 받아들일 수 없다. ",
            "이 사건의 경우 국세징수법 제14조가 정한 국세의 체납으로 체납처분을 받을 때 에 해당되어 납기전 징수의 사유가 발생하였다고 보기는 어렵다.",
            "그러나 피고의 위 주장 자체에 의하더라도 원고가 한 영세율에 의한 조기환급신고는 2005년 이후의 부가가치세에 관한 것으로서 과세전 적부심사청구의 적용이 문제되는 이 사건 과세처분과는 관련이 없다 할 것이므로, 피고의 위 주장은 더 나아가 살필 필요 없이 이유 없다."
        ]
    },
    "close": {
        "cnclsns": [
            "피고의 항소를 기각한다.",
            "항소비용은 피고가 부담한다."
        ]
    }
}