{
    "info": {
        "caseField": "3",
        "detailField": "5",
        "trailField": "2",
        "caseNm": "증여세부과처분취소",
        "courtNm": "서울고법",
        "judmnAdjuDe": "2011. 05. 09.",
        "caseNo": "2009누6263",
        "relateLaword": [
            "국세기본법 제18조",
            "국세기본법 제39조",
            "상법 제37조 ",
            "구 상속세 및 증여세법(2003. 12. 30. 법률 제7010호로개정되기 전의 것) 제35조",
            "구 상속세 및 증여세법 시행령(2000. 12. 29. 대통령령 제17039호로 개정되기 전의 것) 제13조 ",
            "구 상속세 및 증여세법 시행령(2000. 12. 29. 대통령령 제17039호로 개정되기 전의 것) 제19조 ",
            "구 상속세 및 증여세법 시행령(2000. 12. 29. 대통령령 제17039호로 개정되기 전의 것) 제26조",
            "구 법인세법 시행령(2009. 2. 4. 대통령령 제21302호로 개정되기 전의 것) 제43조",
            "구 법인세법 시행령(2009. 2. 4. 대통령령 제21302호로 개정되기 전의 것) 제106조"
        ],
        "qotatPrcdnt": [
            "대법원 1983. 12. 27. 선고 83누213 판결",
            "대법원 2002. 7. 26. 선고 2000두4378 판결",
            "대법원2000. 2. 11. 선고 99두2505 판결",
            "대법원 2006. 9. 22. 선고 2004두4727 판결",
            "대법원 2010. 10. 28. 선고 2010두11108 판결"
        ]
    },
    "concerned": {
        "acusr": "1",
        "dedat": "3"
    },
    "org": {
        "orgJdgmnCourtNm": "서울행법",
        "orgJdgmnAdjuDe": "2009. 1. 9.",
        "orgJdgmnCaseNo": "2007구합32747"
    },
    "disposal": {
        "disposalform": "10",
        "disposalcontent": [
            "제1심판결을 취소한다.",
            "피고가 2006. 5. 8. 원고에 대하여 한 2001년 귀속 증여세 합계 5,665,184,000원의 부과처분을 취소한다.",
            "소송총비용은 피고가 부담한다."
        ]
    },
    "mentionedItems": {
        "rqestObjet": [
            "제1심판결을 취소한다.",
            "피고가 2006. 5. 8. 원고에 대하여 한 2001년 귀속 증여세 합계 5,665,184,000원의 부과처분을 취소한다.",
            "소송총비용은 피고가 부담한다."
        ]
    },
    "assrs": {
        "acusrAssrs": [
            "원고는 이 사건 주식 양수 당시 소외 1 등과 특수관계자의 관계에 있었다고 볼 수 없다. 즉 특수관계자에 포함되는 출자에 의하여 지배하고 있는 법인의 임원 은 조세법률주의에서 파생되는 엄격해석의 원칙상 등기된 이사 및 감사에 한정되는데, 원고는 이 사건 주식 양수 당시 등기된 임원이 아니었고, 설령 사실상의 임원 도 법인의 임원에 포함된다고 하더라도 원고는 그 당시 이 사건 회사의 관리사장으로서 직무에 종사한 사실이 없다.",
            "이 사건 주식의 매매가격 10억 원은 소외 1 등과 원고가 자유로운 의사에 따라 결정한 금액으로서 2000. 12. 당시 이 사건 주식의 객관적 교환가치를 적정하게 반영하고 있는 금액이므로, 이를 이 사건 주식의 시가 로 보아야 한다. 따라서 원고가 이 사건 주식을 시가보다 저렴한 가격으로 매수하였다고 볼 수 없다.",
            "또한 거래 당사자 사이에 부 의 무상이전에 대한 인식 내지 의욕이 존재하지 않는 경우에는 저가양수 증여의제에 관한 법 제35조 제1항 제1호를 적용할 수 없다고 할 것인데, 이 사건 주식 매매 당시 원고와 소외 1 등 사이에는 위와 같은 인식 내지 의욕이 없었고, 그러한 경우에도 증여세를 부과하는 것은 헌법에 위반된다.",
            "피고는 이 사건 처분을 함에 있어서 2001. 1. 30.을 평가기준일로 하여 이 사건 주식의 순자산가치를 1주당 116,857원으로, 순손익가치를 0원으로 계산한 후 경영권 프리미엄을 포함하여 이 사건 주식의 1주당 가액을 151,914원으로 평가하였다.",
            "그런데, 이 사건 주식의 평가기준일은 이 사건 주식의 매매당시인 2000. 12. 6. 또는 적어도 2000. 12. 말이 되어야 하고, 1주당 순자산가치 116,857원도 지나치게 과대평가된 것이다."
        ],
        "dedatAssrs": [
            "이 사건 주식의 양도자와 양수자를 구 상속세 및 증여세법 시행령 제26조 제4항 제1호 소정의 특수관계자로 보아, 이 사건 주식의 시가를 보충적 평가방법에 의하여 평가한 후 원고에게 이 사건 주식에 대한 증여세를 부과·고지한 것은 적법하다."
        ]
    },
    "facts": {
        "bsisFacts": [
            "000( 주소 생략, 이하 '이 사건 회사' 라 한다)의 총 발행주식 80,000주(이하 '이 사건 주식' 이라 한다)는 2000. 12. 6.경 소외 1이 25,000주(31.25%), 소외 2가 25,000주(31.25%), 소외 3이 30,000주(37.50%)씩을 각 보유하고 있었다.",
            "원고는 2000. 12. 6. 이 사건 회사의 주주인 소외 1, 2, 3(이하 소외 1 등 이라 한다)으로부터 이 사건 주식을 대금 10억 원에 양수하여 2001. 1. 30. 자신 명의로 15,700주, 처인 소외 4 명의로 25,000주, 2001. 2. 19. 소외 5 명의로 39,300주씩 각 명의개서를 하였고, 2001. 2. 21. 이 사건 회사의 대표이사로 법인등기부에 등재되었다.",
            "피고는 위와 같은 양도·양수 사실을 확인하고, 이 사건 주식의 양도자와 양수자를 구 상속세 및 증여세법 시행령(2000. 12. 29. 대통령령 제17039호로 개정되기 전의 것, 이하 법 시행령 이라 한다) 제26조 제4항 제1호 소정의 특수관계자로 보아, 이 사건 주식의 시가를 보충적 평가방법에 의하여 12,153,120,000원으로 평가하였다.",
            "그 후 위 시가에서 위 취득대금 10억 원을 차감한 11,153,120,000원을 구 상속세 및 증여세법(2003. 12. 30. 법률 제7010호로 개정되기 전의 것, 이하 법 이라 한다) 제35조 제1항 제1호에 따라 증여의제하여, 2006. 5. 8. 원고에게 이 사건 주식에 대한 증여세 합계 5,665,184,000원을 부과·고지하였다(이하 '이 사건 처분' 이라 한다).",
            "원고는 이에 불복하여 2006. 6. 26. 국세심판원에 심판청구를 하였으나, 국세심판원은 2007. 5. 28. 원고의 위 심판청구를 기각하였다."
        ]
    },
    "dcss": {
        "courtDcss": [
            "상법 제37조 제1항에 의하면, 상업등기가 법인의 등기할 사항에 관하여 대항요건으로 규정되어 있기는 하나, 위 법 시행령 또는 법 시행규칙에 규정된 법인의 임원 또는 임원 의 의미는 조세법률주의 및 그에 따른 엄격해석의 원칙상 법률이 인정하고, 법인등기부를 통하여 공시되어 외부에서 객관적으로 인식할 수 있는 법률상 임원으로 해석하는 것이 자연스럽다.",
            "법인세법상 손금불산입 규정과 법상의 증여의제 규정은 그 적용 영역을 달리한다 할 것이고, 법인세법상 이익처분의 대상인 임원에 해당한다고 하여 반드시 증여 의제에 기한 증여세를 부과함에 있어서 특수관계자인 법인의 임원에 사실상 임원이 포함되는 것으로 보아야 할 논리필연적인 이유가 있다고 보기 어려운 이상 위에서 본 엄격해석의 원칙을 버리고 위 법인세법 시행령 규정의 유추적용을 통한 해석이 반드시 요구된다고 보기 어렵다.",
            "그리고 오히려 뒤에서 보는 바와 같이 임원의 개념에 사실상 임원도 포함되는 경우에는 명시적으로 규정하고 있을 뿐만 아니라, 위 법인세법 시행령도 위와 같이 명시적으로 규정하고 있음(기타 이에 준하는 직무에 종사하는 자)에 비추어 사실상 임원도 임원에 포함시키고자 한다면 법 시행령이나 법 시행규칙에서 마찬가지로 명시적으로 규정하였어야 마땅한 것으로 해석되어 피고의 위 주장을 받아들이기 어렵다.",
            "법인등기부상 대표자로 등재되어 있지 아니하고 괄호 안의 주주 등인 임원으로서의 요건도 갖추지 못한 경우에는 설령 그 자가 법인의 경영을 사실상 지배하고 있다고 하더라도 위 규정에서 말하는 대표자에 해당한다고 할 수 없다( 대법원 2010. 10. 28. 선고 2010두11108 판결 참조).",
            "법 시행령 제19조 제2항 제2호 소정의 특수관계자에 해당하는 임원은 법인등기부상 등재된 법률상 임원만을 의미하고, 사실상 임원으로 활동한 자는 포함되지 않는다고 해석하여야 한다.",
            "따라서 원고가 이 사건 주식 매매 당시 이 사건 회사의 법인등기부상 임원으로 등재되어 있지 않은 이상, 원고는 양도인인 소외 1 등과 사이에 특수관계에 있지 않으므로, 특수관계에 있음을 전제로 한 이 사건 처분은 원고의 나머지 주장에 관하여 나아가 살필 필요 없이 위법하다."
        ]
    },
    "close": {
        "cnclsns": [
            "제1심판결을 취소한다.",
            "피고가 2006. 5. 8. 원고에 대하여 한 2001년 귀속 증여세 합계 5,665,184,000원의 부과처분을 취소한다.",
            "소송총비용은 피고가 부담한다."
        ]
    }
}